gene,n_variants,hcc1395_gene_effect,in_basal_top50_MOFA+,in_basal_top50_R,in_basal_top50_R+D,in_basal_top50_R+P,in_basal_top50_R+P+D,in_basal_top50_R-all,mean_effect_basal_lines,common_essential
HSPE1,2,-3.1348602124330145,False,False,False,False,False,False,-3.402198010552877,True
POLR2B,1,-2.5849300201058862,False,False,False,False,False,False,-2.3411063276710102,True
HSPA9,1,-2.2697968697719566,False,False,False,False,False,False,-2.4426817605088758,True
HSPD1,2,-2.1457749304583684,False,False,False,False,False,False,-1.8175631286653369,True
UBE2I,1,-2.090783052871781,False,False,False,False,False,False,-1.9393095012520771,True
RBM39,1,-1.931475386857161,False,False,False,False,False,False,-2.211493869074062,True
NUP88,1,-1.8904144116530417,False,False,False,False,False,False,-1.5592239361582685,True
TRAPPC8,1,-1.8472036383820556,False,False,False,False,False,False,,
TUBGCP6,1,-1.6131100886081775,False,False,False,False,False,False,-1.0634403625749267,True
NUS1,1,-1.5769173605691316,False,False,False,False,False,False,,
SBNO1,1,-1.522493061883495,False,False,False,False,False,False,-1.3796887726201044,True
TACC3,1,-1.521943397470483,False,False,False,False,False,False,-0.5377247070794631,False
RPS5,1,-1.495532340210452,False,False,False,False,False,False,-1.7656356895247012,True
ATP6V0B,1,-1.470780469091174,False,False,False,False,False,False,,
TUBGCP5,1,-1.453923316396638,False,False,False,False,False,False,-1.1875376027451532,True
MAP3K7,1,-1.4472515147138234,False,False,False,False,False,False,-0.2262949149900181,False
BIRC5,1,-1.4246520540443126,False,False,False,False,False,False,-1.6819767640467005,True
TYMS,1,-1.4192590493354489,False,False,False,False,False,False,-0.9978983603734212,False
SRRM2,1,-1.3628824532398536,False,False,False,False,False,False,-0.5783321325329821,True
ACTL6A,1,-1.328407367387296,False,False,False,False,False,False,-1.5426305612445683,True
NRF1,1,-1.3268142574213628,False,False,False,False,False,False,-1.2458179963995684,True
SSU72,1,-1.2668144120252018,False,False,False,False,False,False,-1.4335010173738625,True
PABPC1,1,-1.2100115925550907,False,False,False,False,False,False,-0.8836870966442283,True
THOC5,1,-1.204969737680077,False,False,False,False,False,False,-1.30816959756316,True
EIF2B5,3,-1.1915188358389934,False,False,False,False,False,False,-1.152448576756574,True
NUP155,1,-1.1809346905194622,False,False,False,False,False,False,-1.1925894010633749,True
POLR3E,1,-1.1655567490633414,False,False,False,False,False,False,-0.9919266515378627,True
NSL1,1,-1.1603769599647216,False,False,False,False,False,False,-1.249112540479998,True
MCM3AP,1,-1.1511806418949453,False,False,False,False,False,False,-1.3766185152040775,True
INTS8,1,-1.1448912511602594,False,False,False,False,False,False,-1.1595140524115315,True
SETD1A,1,-1.1323293177339266,False,False,False,False,False,False,-0.8816946964824,True
CDCA3,1,-1.1097561324852805,False,False,False,False,False,True,-0.3748196209890541,False
ARGLU1,1,-1.10463728419905,False,False,False,False,False,False,-0.6472324676019066,True
MED22,1,-1.1009549282922475,False,False,False,False,False,False,-1.3518815091101812,True
DYNC1H1,1,-1.095903997579864,False,False,False,False,False,False,-1.593238755739283,True
CENPE,1,-1.0661982342197966,False,False,False,False,False,False,-0.9971928530826484,True
ANAPC2,1,-1.0343115300886134,False,False,False,False,False,False,-1.2206495656916077,True
TRAIP,1,-0.9876216837133668,False,False,False,False,False,False,,
BRF1,1,-0.9631577601499002,False,False,False,False,False,False,-1.2513117553832496,True
NUP107,2,-0.9394435271282068,False,False,False,False,False,False,-1.048766118720864,True
EP400,1,-0.9369761397752778,False,False,False,False,False,False,-0.9518954481573192,True
NLE1,1,-0.9202681149384364,False,False,False,False,False,False,-0.9622740376576446,True
IPO13,1,-0.8857966114083478,False,False,False,False,False,False,-1.1427159627017078,True
VPS13D,1,-0.8804039731475883,False,False,False,False,False,False,-0.7101959186120891,True
MFN2,1,-0.8426385157839413,False,False,False,False,False,False,-0.727743233697901,True
TRRAP,1,-0.8353179447623402,False,False,False,False,False,False,-1.212631816846064,True
WNK1,1,-0.7866264734819552,False,False,False,False,False,False,-0.7074141290095183,True
DNAJA3,1,-0.7041493855074836,False,False,False,False,False,False,-0.8664952019931373,True
CNOT2,1,-0.6992679939864594,False,False,False,False,False,False,-0.45813229250956,False
NELFB,1,-0.6536704711976877,False,False,False,False,False,False,,
IREB2,1,-0.6317078877655101,False,False,False,False,False,False,-0.3362341936165173,False
RGP1,1,-0.6299745080858367,False,False,False,False,False,False,-0.456264370294285,False
NAA25,1,-0.6250992527849941,False,False,False,False,False,False,-0.6950708238005274,True
BCL2L1,1,-0.589639500801386,False,False,False,False,False,False,-1.3249360224214537,True
LSM11,1,-0.5809073303338448,False,False,False,False,False,False,,
RIC1,1,-0.5725344075562723,False,False,False,False,False,False,,
DDX52,1,-0.5666833743596654,False,False,False,False,False,False,-0.6363420551366258,True
UBQLN4,1,-0.5571051699402265,False,False,False,False,False,False,-0.6118741530072269,True
MBLAC1,1,-0.5371567814366933,False,False,False,False,False,False,-0.2428039940985655,False
SOX9,1,-0.5341288629314316,False,False,False,False,False,False,-0.3104056144523225,False
TXNDC12,1,-0.5183922421579463,False,False,False,False,True,False,-0.2566953628635129,False
STX4,1,-0.5150611978725479,False,False,False,False,False,False,-0.543048098840286,False
ZNF492,1,-0.4936330412114447,False,False,False,False,False,False,,
UQCR11,1,-0.4900292057081894,False,False,False,False,False,False,-0.3258327042020758,False
VPS54,1,-0.4871021318102571,False,False,False,False,False,False,-0.4321465569614551,False
AATK,1,-0.4850345602407884,False,False,False,False,False,False,,
TMEM183A,1,-0.479989318183345,False,False,False,False,False,False,,
MAP10,1,-0.4754065713993365,False,False,False,False,False,False,,
ADAR,1,-0.4689759119420323,False,False,False,False,False,False,-0.6477894051306458,False
PTK2,1,-0.4650495339983834,False,False,False,False,False,False,-0.5891840217359944,False
CLPX,2,-0.4507499169564954,False,False,False,False,False,False,-0.2942316764911044,False
RPIA,1,-0.4389283264483531,False,False,False,False,False,False,-0.3821156132566402,False
APEH,1,-0.4295107375396639,False,False,False,False,False,False,-0.1817509430199967,False
POLDIP3,1,-0.4246389465191861,False,False,False,False,False,False,0.0555279301332195,False
NSMCE2,1,-0.423987067441617,False,False,False,False,False,False,-0.3850847989924564,False
KIF18B,1,-0.4226156708329227,False,False,False,False,False,False,-0.525155643833837,False
RANBP3,1,-0.4199256965612525,False,False,False,False,False,False,-0.3561646197882817,False
RNF212B,2,-0.4197158400859971,False,False,False,False,False,False,,
AKIRIN1,1,-0.4195272349210883,False,False,False,False,False,False,,
CAMSAP2,1,-0.4137754061151716,False,False,False,False,False,False,,
ACO2,1,-0.4121509891611553,False,False,False,False,False,False,-1.031365936581293,True
PAICS,1,-0.4058607705489436,False,False,False,False,False,False,-0.6407167588407441,False
PPRC1,1,-0.4020428541568344,False,False,False,False,False,False,,
RFT1,1,-0.3985556383745784,False,False,False,False,False,False,-0.4991266621515754,True
MYBBP1A,1,-0.3888153302436512,False,False,False,False,False,False,-0.5199210026183876,True
BAZ1B,1,-0.38061271487496,False,False,False,False,False,False,-0.3248693741411582,False
RHOT1,1,-0.3740602254956256,False,False,False,False,False,False,-0.1865878842456045,False
HM13,1,-0.3725409446376584,False,False,False,False,False,False,-0.1980928139203562,False
FGFR1,1,-0.3723038751973299,False,False,False,False,False,False,-0.2328708217648374,False
KHDC3L,1,-0.3552527965215173,False,False,False,False,False,False,,
PPP4R2,1,-0.3431803162603213,False,False,False,False,False,False,-0.7501694082130709,True
TEKT4,1,-0.3390004838712388,False,False,False,False,False,False,,
NXT1,1,-0.3347845884792297,False,False,False,False,False,False,-0.431256487070188,False
MOGAT3,1,-0.3347555397095118,False,False,False,False,False,False,,
FAM177A1,1,-0.3315624521244134,False,False,False,False,False,False,-0.1669937728991537,False
ZBTB3,1,-0.3300321671266852,False,False,False,False,False,False,,
MXRA7,1,-0.3243182209840225,False,False,False,False,False,False,-0.2710294337518072,False
LTB4R,1,-0.3232149355791201,False,False,False,False,False,False,,
TRMT6,1,-0.3190933741461477,False,False,False,False,False,False,-0.2807715921545731,False
NEMF,1,-0.3185472683566352,False,False,False,False,False,False,,
DAND5,1,-0.3165826156879748,False,False,False,False,False,False,,
REEP2,2,-0.3155633528852753,False,False,False,False,False,False,,
EGLN1,1,-0.3082543771657033,False,False,False,False,False,False,-0.0717723458525965,False
RYR1,1,-0.3081325897957356,False,False,False,False,False,False,,
ST3GAL1,2,-0.3025232940789293,False,False,False,False,False,False,-0.2794535588898487,False
STX12,1,-0.3024193822810226,False,False,False,False,False,False,-0.0787995620825642,False
YPEL4,1,-0.2960874817479376,False,False,False,False,False,False,,
TRPM7,1,-0.2944557865943341,False,False,False,False,False,False,-0.696097737632475,True
NCKAP1,1,-0.2936024663156608,False,False,False,False,False,False,-0.4733643230668847,False
LTB4R2,1,-0.2828844609442401,False,False,False,False,False,False,,
RTEL1,1,-0.2793250307704663,False,False,False,False,False,False,-0.6304128437753854,True
USP34,1,-0.2759705912239278,False,False,False,False,False,False,-0.1826280118187548,False
NOSIP,1,-0.2746453221635782,False,False,False,False,False,False,-0.1769116505514132,False
DVL1,1,-0.2718150336033841,False,False,False,False,False,False,-0.234188019029096,False
TPI1,1,-0.2688618943989035,False,False,False,False,False,False,-0.6763279442687834,True
TMEM18,1,-0.267935000734364,False,False,False,False,False,False,,
TESK1,1,-0.2664477860688943,False,False,False,False,False,False,-0.1597897112214685,False
RBM12,1,-0.2652146293547879,False,False,False,False,False,False,-0.3029728572746312,False
SZRD1,1,-0.2628754911317335,False,False,False,False,False,False,,
EDRF1,1,-0.2623291420978041,False,False,False,False,False,False,,
POU2F1,1,-0.2620565121568811,False,False,False,False,False,False,-0.2981942867965,False
CREBBP,2,-0.2617992416060425,False,False,False,False,False,False,-0.0720450051360949,False
LGALS2,1,-0.260815495271109,False,False,False,False,False,False,-0.0100205454310257,False
ASAP3,1,-0.2566235861311423,False,False,False,False,False,False,-0.1183883582925227,False
VPS13C,1,-0.2561816146587565,False,False,False,False,False,False,-0.1241319394853573,False
ZFC3H1,1,-0.2533372426313825,False,False,False,False,False,False,-0.5419530289011015,True
FAM136A,1,-0.2523842640361922,False,False,False,False,False,False,,
CCNL2,1,-0.2523342885644524,False,False,False,False,False,False,-0.128105632184828,False
ALG5,1,-0.250995391169573,False,False,False,False,False,False,-0.2648995995126989,False
TOR4A,2,-0.2501830981013452,False,False,False,False,False,False,,
PRKAR2A,1,-0.2496562384466137,False,False,False,False,False,False,-0.2319757657854449,False
DUSP12,1,-0.2493592723469224,False,False,False,False,False,False,-0.2115084247144508,False
TAS1R2,1,-0.2476404033682265,False,False,False,False,False,False,,
NPR1,2,-0.2475536703726283,False,False,False,False,False,False,,
SCRIB,1,-0.2472576249359583,False,False,False,False,False,False,-0.1257148266914967,False
SMARCD1,1,-0.2466784185598053,False,False,False,False,False,False,-0.3156216111163758,False
EFCAB2,1,-0.2434508848775947,False,False,False,False,False,False,,
MAP7D1,2,-0.2429932348013597,False,False,False,False,False,False,-0.0488631106808996,False
ARPC2,1,-0.2395619460149043,False,False,False,False,False,False,-0.5075290571871679,True
FOXH1,1,-0.2391483708597335,False,False,False,False,False,False,,
SLC16A1,1,-0.2387960376575087,False,False,False,False,False,False,-0.292291690217842,False
ARHGEF28,1,-0.2363771991952468,False,False,False,False,False,False,,
CRLS1,1,-0.2350284287779036,False,False,False,False,False,False,,
BAIAP2,1,-0.2311643664653462,False,False,False,False,False,False,-0.0451125337661122,False
SHE,1,-0.2307877507691217,False,False,False,False,False,False,,
SCYL3,1,-0.230209906160263,False,False,False,False,False,False,-0.1483869592917887,False
SPARCL1,1,-0.23013392461655,False,False,False,False,False,False,-0.0134750990169491,False
BRCA2,1,-0.2293656455611872,False,False,False,False,False,False,,
ERLEC1,1,-0.2275463149603463,False,False,False,False,False,False,-0.0627897016226351,False
FGF19,1,-0.2258852440785206,False,False,False,False,False,False,,
CHST8,1,-0.2248953066829664,False,False,False,False,False,False,,
C8orf76,2,-0.2223279563232279,False,False,False,False,False,False,,
KRBA2,1,-0.2219059050600574,False,False,False,False,False,False,,
DRICH1,1,-0.2213720930855184,False,False,False,False,False,False,,
TMEM104,1,-0.2209391311753687,False,False,False,False,False,False,,
CCNT1,1,-0.2198933640870941,False,False,False,False,False,False,-0.234025695952604,False
EFNA3,1,-0.2195291358510281,False,False,False,False,False,False,,
IGLL1,1,-0.2186845064900867,False,False,False,False,False,False,-0.1985895850302495,False
ATP2B4,1,-0.2182425649752392,False,False,False,False,False,False,-0.1810467290139827,False
ATP1A4,1,-0.21760717435234,False,False,False,False,False,False,,
SLC35E1,1,-0.2165177970004122,False,False,False,False,False,False,-0.0728230921961406,False
NAT9,1,-0.2152852242094329,False,False,False,False,False,False,,
PAG1,1,-0.2146528225352648,False,False,False,False,False,False,-0.1577278225876795,False
GGA1,1,-0.2133790132650376,False,False,False,False,False,False,-0.0851357571338723,False
NDUFS8,1,-0.2089561850468895,False,False,False,False,False,False,-0.3848662880612161,False
SURF1,1,-0.2089451405222311,False,False,False,False,False,False,-0.0782980509748752,False
TLN2,1,-0.207969893642923,False,False,False,False,False,False,-0.0990204946110064,False
TEAD1,1,-0.2070279499853887,False,False,False,False,False,False,-0.1244125067072277,False
PFKFB2,1,-0.2035793181279521,False,False,False,False,False,False,-0.0926752874894237,False
MYO18A,1,-0.2033526814414621,False,False,False,False,False,False,-0.2907337768237905,False
RP1,1,-0.2033405815793277,False,False,False,False,False,False,,
MYO1H,1,-0.2032144234203705,False,False,False,False,False,False,,
SUSD4,1,-0.2031498712853417,False,False,False,False,False,False,,
RRAGA,1,-0.2021447689172858,False,False,False,False,False,False,-0.3811629839540805,False
NOX5,1,-0.2015310729647019,False,False,False,False,False,False,,
MAPKAPK5,1,-0.2014424408539996,False,False,False,False,False,False,,
CCDC40,1,-0.2008083887411388,False,False,False,False,False,False,,
PCYT2,1,-0.1996883043768826,False,False,False,False,False,False,-0.1224148136469625,False
OR9Q2,2,-0.1994090416064321,False,False,False,False,False,False,,
DCLK3,1,-0.198692148004666,False,False,False,False,False,False,,
POTEM,1,-0.1986313502058972,False,False,False,False,False,False,,
ADHFE1,1,-0.196937570071506,False,False,False,False,False,False,-0.1560822582298725,False
KIF2B,1,-0.1938873721257021,False,False,False,False,False,False,,
HIP1,1,-0.1924921189030045,False,False,False,False,False,False,-0.1152654244081988,False
NIF3L1,1,-0.1924127709126134,False,False,False,False,False,False,-0.1103582307903727,False
STAB1,2,-0.1921343381500244,False,False,False,False,False,False,-0.1456833601604354,False
PRDX5,1,-0.1907757721212745,False,False,False,False,False,False,-0.1181130732435242,False
MTRR,1,-0.1905938777150251,False,False,False,False,False,False,-0.1069492923364421,False
RSU1,1,-0.1898000626864514,False,False,False,False,False,False,-0.0715882448494189,False
PACS2,1,-0.1881598132067615,False,False,False,False,False,False,-0.0514067147077741,False
CCDC88B,1,-0.1880880171872076,False,False,False,False,False,False,-0.2597378789547004,False
POFUT1,1,-0.1865196649541427,False,False,False,False,False,False,-0.1531395078168077,False
TRPM4,1,-0.1864342806246627,False,False,False,False,False,False,-0.1467272112907414,False
LRRFIP2,1,-0.1852877159949393,False,False,False,False,False,False,0.0726856020435269,False
ING3,1,-0.1844389820496538,False,False,False,False,False,False,-0.3435278291461905,False
SCARF2,2,-0.1830098931570556,False,False,False,False,False,False,-0.0344643373183563,False
FOXJ3,1,-0.1821636036678231,False,False,False,False,False,False,-0.0615284904873805,False
C1orf162,1,-0.1797546406809139,False,False,False,False,False,False,,
STKLD1,1,-0.1790679959602323,False,False,False,False,False,False,,
DNAJC13,1,-0.1783111903436826,False,False,False,False,False,False,-0.0429666447622924,False
CEP85L,1,-0.176857465745535,False,False,False,False,False,False,,
PTP4A1,1,-0.1766802728537927,False,False,False,False,False,False,-0.121664418444264,False
FNDC3B,1,-0.1763550306320035,False,False,False,False,False,False,-0.105335090254022,False
SLC6A7,1,-0.1754606315967157,False,False,False,False,False,False,,
RNF149,1,-0.1742234462114817,False,False,False,False,False,False,-0.074708778495796,False
C1QB,1,-0.1738584208955285,False,False,False,False,False,False,0.0374477593058323,False
EHBP1L1,1,-0.1737806978910808,False,False,False,False,False,False,-0.1514812972674966,False
SDK2,1,-0.173164836920843,False,False,False,False,False,False,,
DLX1,1,-0.1730670720224278,False,False,False,False,False,False,,
SLMAP,2,-0.1725960240200735,False,False,False,False,False,False,-0.1262311941673294,False
GNA11,1,-0.1707541439278975,False,False,False,False,False,False,-0.1048127480107307,False
DHX32,1,-0.1704683475668145,False,False,False,False,False,False,-0.0557110197772866,False
WDR41,1,-0.1702439956952864,False,False,False,False,False,False,-0.0765661481843064,False
ASPG,1,-0.1696227566138505,False,False,False,False,False,False,,
MYZAP,1,-0.1687798067124705,False,False,False,False,False,False,,
SLC7A10,1,-0.1686170057956618,False,False,False,False,False,False,,
VWA3A,1,-0.1673281673438442,False,False,False,False,False,False,,
LRP4,1,-0.1670311844922291,False,False,False,False,False,False,,
ADAM11,1,-0.1665265103307896,False,False,False,False,False,False,,
MAU2,1,-0.1657602264436759,False,False,False,False,False,False,,
CCDC180,1,-0.1651326091215023,False,False,False,False,False,False,,
AMZ2,1,-0.1646678108209255,False,False,False,False,False,False,0.0324765522576022,False
THAP9,1,-0.1610970873099355,False,False,False,False,False,False,,
SPPL3,1,-0.1608742381343143,False,False,False,False,False,False,,
ACOXL,1,-0.1590485134408835,False,False,False,False,False,False,,
TATDN3,1,-0.1571995209314787,False,False,False,False,False,False,-0.0496318119179291,False
RAB5C,1,-0.1560925315454486,False,False,False,False,False,False,-0.196778793674467,False
WNT11,1,-0.1558191336969896,False,False,False,False,False,False,,
TRAF7,1,-0.1526665812970449,False,False,False,False,False,False,-0.1986033822733078,False
RAPGEF1,1,-0.15237892944107,False,False,False,False,False,False,-0.1871950260715544,False
P2RY2,1,-0.1515365830473491,False,False,False,False,False,False,,
PODXL,1,-0.1511313514166035,False,False,False,False,False,False,-0.1401512470335749,False
CAMK2B,1,-0.1509307660726057,False,False,False,False,False,False,,
PHF13,1,-0.1503685793266115,False,False,False,False,False,False,,
ZSCAN32,1,-0.1500125038604534,False,False,False,False,False,False,,
PCDHA1,1,-0.1497378553229532,False,False,False,False,False,False,,
AIF1L,1,-0.1488136700551466,False,False,False,False,False,False,-0.0630335882246359,False
RPGRIP1,1,-0.1454249868798627,False,False,False,False,False,False,,
CHRNB2,1,-0.1436319197070571,False,False,False,False,False,False,,
SLC19A3,1,-0.1428138761388023,False,False,False,False,False,False,,
RHEBL1,1,-0.1417074677789739,False,False,False,False,False,False,,
SNCAIP,2,-0.1411418533712086,False,False,False,False,False,False,,
LAMA3,1,-0.1406727513770702,False,False,False,False,False,False,-0.0721668475016883,False
TM9SF1,1,-0.1397637996351124,False,False,False,False,False,False,-0.0788575639910267,False
UGT2B11,1,-0.1397183463644732,False,False,False,False,False,False,,
ADA,1,-0.1394093728483572,False,False,False,False,False,False,-0.041543627890113,False
PSME4,1,-0.1385342835592986,True,False,True,True,True,True,-0.0711028960952278,False
PPIL3,1,-0.1374170774820339,False,False,False,False,False,False,-0.0726543026239119,False
HSPA4,1,-0.1365740515615923,False,False,False,False,False,False,-0.1271742042099742,False
IBA57,1,-0.1361187419118209,False,False,False,False,False,False,,
MPL,1,-0.1359476000583077,False,False,False,False,False,False,,
SERPINA1,1,-0.1354679999219059,False,False,False,False,False,False,-0.0431938387020632,False
CHCHD5,1,-0.1352967011234912,False,False,False,False,False,False,-0.1567091374459577,False
RFX2,1,-0.1349048777089635,False,False,False,False,False,False,,
UCHL5,1,-0.1347889314712471,False,False,False,False,False,False,-0.1341764123230436,False
DIS3L2,1,-0.1344224260424616,False,False,False,False,False,False,-0.0345450068504352,False
TSNAX,1,-0.1342407233490856,False,False,False,False,False,False,-0.0112492436850535,False
HPCA,1,-0.1339965455778179,False,False,False,False,False,False,,
ATG16L2,1,-0.1333154044403016,False,False,False,False,False,False,,
LNP1,1,-0.1321194741809902,False,False,False,False,False,False,,
SLC22A10,1,-0.1313195263039359,False,False,False,False,False,False,,
DEFB121,1,-0.1291717086909668,False,False,False,False,False,False,,
TRPC1,1,-0.1289154760516888,False,False,False,False,False,False,,
MYO15A,2,-0.1288989565413069,False,False,False,False,False,False,-0.2181998412430429,False
PCDHB16,1,-0.1285080157070898,False,False,False,False,False,False,,
C21orf58,1,-0.1279707617089543,False,False,False,False,False,False,,
SLC39A4,1,-0.1275530694413789,False,False,False,False,False,False,,
RAB11FIP3,1,-0.1267319178988474,False,False,False,False,False,False,-0.0730034429339075,False
MALL,1,-0.1258762359953969,False,False,False,False,False,False,,
CYP2U1,1,-0.1256607294066811,False,False,False,False,False,False,,
PRSS35,1,-0.1255327994983092,False,False,False,False,False,False,,
TSC22D4,3,-0.1252831745765185,False,False,False,False,False,False,-0.03087204853511,False
STX2,1,-0.1252654881724742,False,False,False,False,False,False,,
PLEKHO1,1,-0.1246119246925017,False,False,False,False,False,False,-0.0067933564203502,False
SLC35G6,1,-0.1234436941091636,False,False,False,False,False,False,,
PLCG1,2,-0.1201377953105183,False,False,False,False,False,False,0.0189413508708039,False
STAT2,1,-0.1201269687757618,False,False,False,False,False,False,-0.0944895923583989,False
RASL11B,1,-0.1190928259330053,False,False,False,False,False,False,,
XDH,1,-0.1176781025539095,False,False,False,False,False,False,-0.041417711364976,False
ALG6,1,-0.1176611608992243,False,False,False,False,False,False,-0.1928694351926117,False
ITGB6,1,-0.1166066903522795,False,False,False,False,False,False,-0.0667948896941582,False
PPIP5K2,1,-0.1163947171585539,False,False,False,False,False,False,-0.1308013504989832,False
CIC,1,-0.1159157917571963,False,False,False,False,False,False,0.038195567844046,False
APH1B,1,-0.115833793026014,False,False,False,False,False,False,,
DRC1,1,-0.1155416673322511,False,False,False,False,False,False,,
MIA2,1,-0.1152477971659708,False,False,False,False,False,False,,
KIFC2,1,-0.1149647287970879,False,False,False,False,False,False,,
DBNL,1,-0.1147792149425089,False,False,False,False,False,False,-0.0377435929147948,False
CLOCK,1,-0.113891464911476,False,False,False,False,False,False,-0.0333838878156478,False
OR5M11,1,-0.1135243744097902,False,False,False,False,False,False,,
CERCAM,1,-0.1130112962432712,False,False,False,False,False,False,-0.1311120917586237,False
OR2M4,1,-0.1124607005761454,False,False,False,False,False,False,,
SPR,1,-0.1116399222757757,False,False,False,False,False,False,-0.0477770344668777,False
CPEB3,1,-0.1093152743323889,False,False,False,False,False,False,,
ABHD12B,1,-0.1085280897392034,False,False,False,False,False,False,,
PLXNA2,1,-0.1080458718062154,False,False,False,False,False,False,,
CC2D2A,1,-0.107844067013011,False,False,False,False,False,False,,
MCFD2,1,-0.1076713486221082,False,False,False,False,False,False,-0.0405401428203476,False
DYSF,1,-0.1073509639628503,False,False,False,False,False,False,-0.0551852877735379,False
GRIN2C,1,-0.1070854918231934,False,False,False,False,False,False,,
CDH23,1,-0.1061936447316587,False,False,False,False,False,False,,
ST6GALNAC2,1,-0.105622120097171,False,False,False,False,False,False,,
SLFN13,1,-0.1041288598570514,False,False,False,False,False,False,,
DNAH2,1,-0.1036567622612273,False,False,False,False,False,False,,
SPPL2C,1,-0.103338286680117,False,False,False,False,False,False,,
CHD7,1,-0.1025135387879649,False,False,False,False,False,False,-0.0349880012640974,False
PKD1L1,1,-0.1015015055619118,False,False,False,False,False,False,,
AMN1,1,-0.1014203371350988,False,False,False,False,False,False,,
CLCN2,1,-0.1013327601485657,False,False,False,False,False,False,,
BICD1,1,-0.1007114828183962,False,False,False,False,False,False,-0.1207457434599127,False
ZSWIM8,1,-0.1006965827859534,False,False,False,False,False,False,,
CSPP1,1,-0.1006534359175899,False,False,False,False,False,False,-0.0217525768280073,False
NPC1,1,-0.1005735688592582,False,False,False,False,False,False,-0.0912014750646885,False
SHC3,1,-0.0996861454589412,False,False,False,False,False,False,,
ZBTB10,1,-0.0996674568828459,False,False,False,False,False,False,-0.057714408387266,False
MYO5C,1,-0.0984699814815372,False,False,False,False,False,False,-0.1100618421421903,False
NPHS1,1,-0.0983834013677307,False,False,False,False,False,False,,
PPP1R16A,1,-0.0981373353246121,False,False,False,False,False,False,-0.0199757523196182,False
ABCA2,1,-0.0978504574260317,False,False,False,False,False,False,0.0347573312434323,False
GOLGB1,1,-0.0976627703146308,False,False,False,False,False,False,-0.0463876090899222,False
HDLBP,1,-0.0975151141488632,False,False,False,False,False,False,-0.0479673831503823,False
CD72,1,-0.0972380089574419,False,False,False,False,False,False,,
DNAH9,1,-0.0969467511599141,False,False,False,False,False,False,,
FRG2C,1,-0.0965614001063193,False,False,False,False,False,False,,
PUM2,1,-0.0962752430936204,False,False,False,False,False,False,-0.1632159997604647,False
CYBRD1,1,-0.0960994808955762,False,False,False,False,False,False,-0.023819717627044,False
STRN,1,-0.0950227783224788,False,False,False,False,False,False,-0.0444386842333335,False
AKR1D1,1,-0.0948273885794308,False,False,False,False,False,False,,
DNM3,1,-0.0941923749106856,False,False,False,False,False,False,,
NUFIP2,1,-0.0936389143460206,False,False,False,False,False,False,-0.2256947998873282,False
RORC,1,-0.0935715342357814,False,False,False,False,False,False,,
CSMD2,1,-0.0924366453086677,False,False,False,False,False,False,,
DYRK2,1,-0.0912318281071569,False,False,False,False,False,False,,
POU2F3,1,-0.09102074419635,False,False,False,False,False,False,,
CELSR2,2,-0.0896715981290402,False,False,False,False,False,False,-0.2147063896778174,False
TRPM5,1,-0.0894096216724552,False,False,False,False,False,False,-0.0658319803636204,False
GNG7,1,-0.0890032337357072,False,False,False,False,False,False,0.0404434330297262,False
ATN1,1,-0.0883247373787419,False,False,False,False,False,False,-0.0996484098246481,False
RAVER2,1,-0.0881997553636555,False,False,False,False,False,False,-0.0765213847256634,False
ADPRHL1,1,-0.0877971941453679,False,False,False,False,False,False,,
DCP1B,1,-0.0870016188617506,False,False,False,False,False,False,-0.0073359904495785,False
TIFAB,1,-0.086932986772925,False,False,False,False,False,False,,
SLC22A11,1,-0.0868337357572387,False,False,False,False,False,False,,
KCND3,1,-0.0864250454526454,False,False,False,False,False,False,,
OAS3,1,-0.0859436045538555,False,False,False,False,False,False,-0.0738465665558961,False
ABHD2,1,-0.0859060883842316,False,False,False,False,False,False,,
KREMEN1,1,-0.0843580854319071,False,False,False,False,False,False,,
SLC25A30,1,-0.0841984048603319,False,False,False,False,False,False,,
PARP15,1,-0.0833072503990858,False,False,False,False,False,False,,
SLC22A12,1,-0.082681691741481,False,False,False,False,False,False,,
MS4A8,1,-0.0804121310507541,False,False,False,False,False,False,,
TRHDE,1,-0.0800354828503518,False,False,False,False,False,False,,
PDE3B,1,-0.0792066576758975,False,False,False,False,False,False,,
FSHR,1,-0.0789507334709547,False,False,False,False,False,False,,
PBXIP1,1,-0.0785028019796113,False,False,False,False,False,False,-0.0868194056933925,False
CCP110,2,-0.0783969886942745,False,False,False,False,False,False,,
LBR,1,-0.0773040184032179,False,False,False,False,False,False,-0.0085655633069832,False
SQSTM1,1,-0.0763920879296011,False,False,False,False,False,False,-0.0275319386619526,False
UQCC1,1,-0.0761651985558901,False,False,False,False,False,False,,
TSPAN4,1,-0.0758421530019254,False,False,False,False,False,False,,
ZBTB4,1,-0.0757930417669393,False,False,False,False,False,False,0.0290371230288452,False
PDE4A,1,-0.0750950417981546,False,False,False,False,False,False,-0.1231590061934342,False
C1orf115,1,-0.0741760368611776,False,False,False,False,False,False,,
CACNA1B,2,-0.0734928279062054,False,False,False,False,False,False,,
SETD7,1,-0.072578065682798,False,False,False,False,False,False,-0.0370480840539417,False
CCL18,1,-0.0724639024471371,False,False,False,False,False,False,-0.0503774458600095,False
MAT1A,1,-0.0719169328024345,False,False,False,False,False,False,-0.0371080926966547,False
TRIOBP,1,-0.0718127651330218,False,False,False,False,False,False,0.0162688415759034,False
LRRC74A,1,-0.0718036350716853,False,False,False,False,False,False,,
ATP2B2,1,-0.0715014659987107,False,False,False,False,False,False,,
NR4A3,1,-0.0712897813793824,False,False,False,False,False,False,,
AGBL4,1,-0.0706567219150914,False,False,False,False,False,False,,
SLC26A3,1,-0.0705221329268368,False,False,False,False,False,False,,
TAMM41,1,-0.0691742529691847,False,False,False,False,False,False,,
OPN3,1,-0.0685191604212581,False,False,False,False,False,False,,
NRG3,1,-0.0680968326690581,False,False,False,False,False,False,,
DLX4,1,-0.0673921192166827,False,False,False,False,False,False,,
AOAH,1,-0.0673386534664264,False,False,False,False,False,False,0.024387682680347,False
MAN1B1,1,-0.066670174292487,False,False,False,False,False,False,-0.0231242988850685,False
SDK1,1,-0.066367921364414,False,False,False,False,False,False,,
MMP17,1,-0.0662853038718397,False,False,False,False,False,False,,
LPCAT3,1,-0.0649129838327113,False,False,False,False,False,False,-0.0342649072047265,False
MTX3,1,-0.0646651495019323,False,False,False,False,False,False,-0.088189593858186,False
UROC1,1,-0.0625795189853323,False,False,False,False,False,False,,
ACTR3,1,-0.062253808350152,False,False,False,False,False,False,-0.5100915534517569,True
G6PC2,1,-0.062052398712336,False,False,False,False,False,False,,
AFF1,1,-0.0614313605928694,False,False,False,False,False,False,0.059672849013137,False
TMTC3,1,-0.0611625260155326,False,False,False,False,False,False,0.0067952819724045,False
FAP,1,-0.0608685701092398,False,False,False,False,False,False,-0.0229209594456689,False
CHL1,1,-0.0598318897291102,False,False,False,False,False,False,0.1085855353878812,False
AMER2,1,-0.0598003650930895,False,False,False,False,False,False,,
SAR1B,1,-0.059342786208311,False,False,False,False,False,False,-0.0398751129909001,False
COL6A1,1,-0.0588969366303005,False,False,False,False,False,False,0.0563670173064981,False
BAZ2B,1,-0.0576857030049391,False,False,False,False,False,False,-0.0150328923751454,False
GSN,1,-0.0572093163233356,False,False,False,False,False,False,0.0182408354923817,False
SERPINA3,1,-0.0570836939968764,False,False,False,False,False,False,0.0139805378482629,False
COL7A1,1,-0.0570497875480961,False,False,False,False,False,False,-0.0795874493409151,False
LRRC49,1,-0.0553829706202491,False,False,False,False,False,False,,
SLC13A5,1,-0.0549844862322272,False,False,False,False,False,False,,
DISC1,1,-0.0549560078331818,False,False,False,False,False,False,,
TRPC7,1,-0.0548845824760924,False,False,False,False,False,False,,
KLF7,1,-0.0544268081614774,False,False,False,False,False,False,,
HTR2A,1,-0.0540139947773358,False,False,False,False,False,False,,
TTN,1,-0.0539117636459725,False,False,False,False,False,False,-0.1071618601757953,False
IL17RC,1,-0.053519338758635,False,False,False,False,False,False,,
SLC39A13,1,-0.0532515985642529,False,False,False,False,False,False,,
ZNF264,1,-0.0529930119447219,False,False,False,False,False,False,0.0466346945291844,False
MCCC1,1,-0.0527169004890481,False,False,False,False,False,False,-0.0250718306371166,False
XIRP1,1,-0.0520520426647166,False,False,False,False,False,False,-0.0073329043767996,False
CROCC,1,-0.0519427878412246,False,False,False,False,False,False,-0.1424397115981783,False
ZNF268,1,-0.05058408642647,False,False,False,False,False,False,0.0247647249830663,False
OR6T1,1,-0.0503899559990986,False,False,False,False,False,False,,
COL28A1,1,-0.0503153666961608,False,False,False,False,False,False,,
TFAP2E,1,-0.0500018698388217,False,False,False,False,False,False,,
SMOX,1,-0.0495731443440565,False,False,False,False,False,False,,
ERC2,1,-0.0488953489128787,False,False,False,False,False,False,-0.1218812477916297,False
MICU1,1,-0.0485925337531926,False,False,False,False,False,False,,
GTF2IRD1,2,-0.047221841551872,False,False,False,False,False,False,-0.0569216035871411,False
HIVEP3,1,-0.0471768748075138,False,False,False,False,False,False,,
ERI2,1,-0.047119455663611,False,False,False,False,False,False,,
PRDM4,1,-0.047069134699748,False,False,False,False,False,False,,
TCF12,1,-0.0470300959600041,False,False,False,False,False,False,-0.0289261775469021,False
SH2D3A,1,-0.0465249888033475,False,False,False,False,False,False,-0.0190202846625229,False
BEND7,1,-0.0461231900364907,False,False,False,False,False,False,,
RGL1,1,-0.0458842559872111,False,False,False,False,False,False,,
ITGA8,1,-0.0450922935557801,False,False,False,False,False,False,,
ZNF141,1,-0.0448353645440733,False,False,False,False,False,False,,
PCDHGA2,1,-0.044638460379105,False,False,False,False,False,False,,
RAB36,1,-0.0427352254570597,False,False,False,False,False,False,,
TRIM55,1,-0.0423180254051922,False,False,False,False,False,False,,
MICAL1,1,-0.0421343619366697,False,False,False,False,False,False,-0.0115071170911215,False
ZNF490,1,-0.0420768256053923,False,False,False,False,False,False,,
TRIB1,1,-0.0415210170750341,False,False,False,False,False,False,,
APLP2,1,-0.0410223149694716,False,False,False,False,False,False,0.0314451965938825,False
GALK2,1,-0.040585700715641,False,False,False,False,False,False,-0.1398673911659806,False
SLC16A3,1,-0.0402060277723413,False,False,False,False,False,False,-0.0619036337869693,False
EPHB2,1,-0.0401870083131044,False,False,False,False,False,False,0.0395863024260885,False
TEAD2,1,-0.0397744917890331,False,False,False,False,False,False,,
NAV2,1,-0.0396510256663507,False,False,False,False,False,False,-0.0309162310110243,False
KCNJ10,1,-0.0394742710955206,False,False,False,False,False,False,,
ZFP30,1,-0.0392142385542146,False,False,False,False,False,False,,
SPEG,1,-0.038468032470401,False,False,False,False,False,False,-0.0011320447453142,False
LPO,1,-0.0378344118771659,False,False,False,False,False,False,,
NDST1,1,-0.0370626667240794,False,False,False,False,False,False,,
IMPDH1,1,-0.0366307179774981,False,False,False,False,False,False,-0.1548175938709944,False
KIF5A,1,-0.0363399109896857,False,False,False,False,False,False,-0.102219287239036,False
ZYG11A,1,-0.0363205259030924,False,False,False,False,False,False,,
ZNF519,1,-0.0360674847914342,False,False,False,False,False,False,,
ELFN2,1,-0.0356869956827261,False,False,False,False,False,False,,
CRACR2A,1,-0.0351947832817701,False,False,False,False,False,False,,
DBN1,1,-0.0334793077230779,False,False,False,False,False,False,-0.0764520837993486,False
DHCR24,1,-0.0334467395857363,False,False,False,False,False,False,-0.0276496454210504,False
TBXAS1,1,-0.0330085254994919,False,False,False,False,False,False,-0.0929778639827239,False
GJA5,1,-0.032434878460411,False,False,False,False,False,False,,
ZNF225,1,-0.0323030759172739,False,False,False,False,False,False,,
ZNF790,1,-0.0322591608414209,False,False,False,False,False,False,,
SH3BGRL2,1,-0.0320444483822697,False,False,False,False,False,False,-0.0231225310188737,False
ENTPD8,1,-0.0318784478896726,False,False,False,False,False,False,,
ADAMTS9,1,-0.0310886936330398,False,False,False,False,False,False,,
CEP112,1,-0.0307010114947916,False,False,False,False,False,False,,
FABP7,1,-0.030368776861193,False,False,False,False,False,False,0.0863603144268142,False
ZNF548,1,-0.0293886826964399,False,False,False,False,False,False,,
PRKAR2B,1,-0.0292073928368816,False,False,False,False,False,False,0.055457363248641,False
PAPPA2,1,-0.0291884520366106,False,False,False,False,False,False,,
DCN,1,-0.0291848507977699,False,False,False,False,False,False,0.004888082433454,False
MAML1,1,-0.0290704647650577,False,False,False,False,False,False,-0.0697254593752431,False
LIFR,1,-0.0286356027498439,False,False,False,False,False,False,,
SLC4A8,1,-0.0283981081913833,False,False,False,False,False,False,,
CC2D1A,1,-0.0283578993564681,False,False,False,False,False,False,0.0024962264525505,False
LILRA5,1,-0.0281700123110443,False,False,False,False,False,False,,
SEC24D,1,-0.0277536116130514,False,False,False,False,False,False,0.0408620880414509,False
TRPV4,1,-0.0277508971256946,False,False,False,False,False,False,,
MYO18B,1,-0.0277291482617281,False,False,False,False,False,False,0.0274413594248838,False
LMAN2L,1,-0.0275296111376623,False,False,False,False,False,False,-0.0194622095419616,False
ANKRD28,1,-0.0268919170243131,False,False,False,False,False,False,-0.0194840522049718,False
GRB14,1,-0.0265123850751861,False,False,False,False,False,False,-0.0737786507230695,False
KIR2DL4,1,-0.0264865339368756,False,False,False,False,False,False,,
FAM163A,1,-0.026470994449286,False,False,False,False,False,False,,
BRD1,1,-0.0263841689254088,False,False,False,False,False,False,-0.0318543358591268,False
RMDN2,1,-0.0261663935707388,False,False,False,False,False,False,,
PDE2A,1,-0.0260949091801913,False,False,False,False,False,False,0.0178919957119513,False
KRT76,1,-0.0258173491325885,False,False,False,False,False,False,,
GNG11,1,-0.0256135010942288,False,False,False,False,False,False,-0.011181918811271,False
ACO1,1,-0.025147780171484,False,False,False,False,False,False,-0.0043970115293901,False
TLE3,1,-0.024830763214107,False,False,False,False,False,False,-0.0526125662819259,False
RASSF7,1,-0.0243901842206406,False,False,False,False,False,False,0.0342261627715367,False
PTH1R,1,-0.0243568825736344,False,False,False,False,False,False,,
BZW1,1,-0.0241309383828158,False,False,False,False,False,False,-0.0436182446244804,False
FMNL3,1,-0.0234283251143484,False,False,False,False,False,False,-0.0397670256445083,False
CALN1,1,-0.0229907212074692,False,False,False,False,False,False,,
ZNF429,1,-0.0227782305302822,False,False,False,False,False,False,,
MOGAT1,1,-0.0225886710289228,False,False,False,False,False,False,,
SCARA5,1,-0.0225495158687504,False,False,False,False,False,False,,
TRAT1,1,-0.0221190083881122,False,False,False,False,False,False,,
ZNF500,1,-0.0220539265820815,False,False,False,False,False,False,,
OR5AN1,1,-0.0217412070295497,False,False,False,False,False,False,,
TTPAL,1,-0.021564330982966,False,False,False,False,False,False,0.0524458988486021,False
SLC3A1,1,-0.0215122708358769,False,False,False,False,False,False,,
LETM1,1,-0.0214208290688023,False,False,False,False,False,False,-0.5902783917794691,True
NUAK1,1,-0.0204876998576177,False,False,False,False,False,False,,
PKHD1L1,1,-0.0203225410521436,False,False,False,False,False,False,,
PIH1D1,1,-0.0201959729769165,False,False,False,False,False,False,-0.072587794019034,False
FOXG1,1,-0.0197350426245763,False,False,False,False,False,False,,
CRAT,1,-0.0194831084059393,False,False,False,False,False,False,0.0216100928997197,False
SPO11,1,-0.0191261156190914,False,False,False,False,False,False,,
SYDE1,1,-0.0187970160258285,False,False,False,False,False,False,-0.0476412094695484,False
OR8K5,1,-0.0178964647845884,False,False,False,False,False,False,,
TUBB1,1,-0.0177431112215324,False,False,False,False,False,False,-0.0351151398340514,False
GRM3,1,-0.0172769368019513,False,False,False,False,False,False,,
SCP2,1,-0.0170650243417113,False,False,False,False,False,False,-0.0950255933158776,False
LAMC2,1,-0.0169631007351604,False,False,False,False,False,False,-0.1226404173094434,False
ANGPT1,1,-0.016849379895097,False,False,False,False,False,False,,
RGS3,1,-0.0164755816034236,False,False,False,False,False,False,-0.0525205866808309,False
TBX19,1,-0.0157916598485085,False,False,False,False,False,False,,
CRHR2,2,-0.0156047459493793,False,False,False,False,False,False,,
COL11A1,1,-0.0153444235186925,False,False,False,False,False,False,-0.1377131511259597,False
ITGA9,1,-0.0151239192735216,False,False,False,False,False,False,,
SLC2A11,1,-0.0148741160243933,False,False,False,False,False,False,,
ANO7,1,-0.0144416815964366,False,False,False,False,False,False,,
ENPP2,2,-0.0135474393362634,False,False,False,False,False,False,-0.066379676831022,False
TMEM25,1,-0.0135263414264448,False,False,False,False,False,False,,
ZNF79,1,-0.0134898486959727,False,False,False,False,False,False,,
ARFGEF1,1,-0.0132895190344325,False,False,False,False,False,False,-0.0373286297734752,False
PRSS3,2,-0.0130022231392999,False,False,False,False,False,False,0.0135870450504514,False
NADSYN1,1,-0.012889637140915,False,False,False,False,False,False,-0.016552706532349,False
GHR,1,-0.01212243944089,False,False,False,False,False,False,,
TBX1,1,-0.0111536654028372,False,False,False,False,False,False,,
SLCO4C1,1,-0.0109198468176189,False,False,False,False,False,False,,
PTHLH,1,-0.0091380889257182,False,False,False,False,False,False,,
ATP11B,1,-0.0088944863790485,False,False,False,False,False,False,-0.111258490929649,False
ELK4,1,-0.008399087559515,False,False,False,False,False,False,,
SLC41A1,1,-0.0080927624872901,False,False,False,False,False,False,,
TMEM62,1,-0.0078198531673502,False,False,False,False,False,False,,
EPHB1,1,-0.0072766018587356,False,False,False,False,False,False,,
NOS3,1,-0.0071393770896958,False,False,False,False,False,False,0.0418864702852171,False
LPIN1,1,-0.0062786467562295,False,False,False,False,False,False,0.0933779469148931,False
SPTA1,1,-0.006141555371688,False,False,False,False,False,False,-0.0817958911967109,False
KCNIP1,1,-0.0060857482173692,False,False,False,False,False,False,,
OSR2,1,-0.0060255654204038,False,False,False,False,False,False,,
SHISA7,1,-0.0055421036547894,False,False,False,False,False,False,,
LYST,1,-0.0053402952879471,False,False,False,False,False,False,-0.0551906191317519,False
BARHL2,1,-0.0053292805877912,False,False,False,False,False,False,,
CDK15,1,-0.0050907878972029,False,False,False,False,False,False,,
CBX6,1,-0.0036136141708426,False,False,False,False,False,False,0.0077843147136203,False
DAW1,1,-0.0035695576716737,False,False,False,False,False,False,,
GNG2,1,-0.0035317413528275,False,False,False,False,False,False,-0.0752734872634696,False
CLPTM1L,1,-0.0025560499293622,False,False,False,False,False,False,0.1565615030789342,False
TAOK2,1,-0.0025396465326305,False,False,False,False,False,False,-0.0017918026252068,False
GMEB2,1,-0.0023129096857649,False,False,False,False,False,False,0.0056447462086009,False
STAG3,1,-0.0017245683259899,False,False,False,False,False,False,,
AMZ1,1,-0.0014896320562555,False,False,False,False,False,False,,
SYT17,1,-0.0010638744600274,False,False,False,False,False,False,0.0321775879329049,False
WDFY4,1,9.38561877018504e-05,False,False,False,False,False,False,0.0210002959365437,False
CCDC66,1,0.0003553696859032,False,False,False,False,False,False,,
DOCK10,1,0.0005889210036422,False,False,False,False,False,False,0.1040652962840659,False
ERLIN1,1,0.0019930173397142,False,False,False,False,False,False,-0.071847400613182,False
TSGA13,1,0.0024274413267532,False,False,False,False,False,False,,
NCALD,1,0.0026450047156225,False,False,False,False,False,False,-0.0435602849397976,False
FARP1,1,0.0050511682296442,False,False,False,False,False,False,0.0075092095914108,False
BBS9,1,0.0059546119675355,False,False,False,False,False,False,-0.0280736621990824,False
ACTL7B,1,0.006116569407455,False,False,False,False,False,False,,
ST8SIA5,1,0.0064783508966588,False,False,False,False,False,False,,
PCDHGA1,2,0.0067477630386794,False,False,False,False,False,False,,
CORIN,1,0.006843750786727,False,False,False,False,False,False,,
KDM4D,1,0.0068561145881621,False,False,False,False,False,False,,
KRT15,1,0.0083839819236269,False,False,False,False,False,False,-0.0546120142368601,False
IKBKE,1,0.0092745661868731,False,False,False,False,False,False,0.0481212179836049,False
CRYBA2,1,0.0092831664058643,False,False,False,False,False,False,,
SLC35D1,1,0.0095847874969255,False,False,False,False,False,False,,
ZNF154,1,0.0100387120989647,False,False,False,False,False,False,,
AMMECR1L,1,0.0108327550811083,False,False,False,False,False,False,,
SLC5A10,1,0.0108597469679733,False,False,False,False,False,False,,
CCDC33,1,0.0110595490181634,False,False,False,False,False,False,,
PCDHGB1,1,0.0112589235903459,False,False,False,False,False,False,,
ANO5,1,0.0115177297441463,False,False,False,False,False,False,,
BOLA1,1,0.0117270467015127,False,False,False,False,False,False,-0.1055562037614702,False
HOOK1,2,0.0127065143047164,False,False,False,False,False,False,-0.084818060097353,False
MTMR11,1,0.0127760003469506,False,False,False,False,False,False,,
MGLL,1,0.0130654347418305,False,False,False,False,False,False,-0.0684717303696495,False
LYNX1,1,0.0130700424870981,False,False,False,False,False,False,,
TIAM2,1,0.0132286288682858,False,False,False,False,False,False,,
ILVBL,1,0.0138044181778514,False,False,False,False,False,False,,
TMEM176B,1,0.0139397722551639,False,False,False,False,False,False,,
ADAM30,1,0.0140195607962272,False,False,False,False,False,False,,
HELLS,1,0.0148797732609893,False,False,False,False,False,False,0.0389287971212485,False
LRBA,1,0.0148917813850945,False,False,False,False,False,False,0.0549992555678455,False
FREM1,1,0.0149405705623546,False,False,False,False,False,False,,
ELOVL6,1,0.0149410730282565,False,False,False,False,False,False,,
SIX4,1,0.0149734203309164,False,False,False,False,False,False,-0.0235947856505888,False
SLC34A2,2,0.0156288528103162,False,False,False,False,False,False,0.0604644967801678,False
ASB10,1,0.0157158810867177,False,False,False,False,False,False,,
CYTH4,1,0.0159032943053893,False,False,False,False,False,False,0.0060787911788093,False
ZKSCAN2,1,0.0160753922691575,False,False,False,False,False,False,,
ANO1,1,0.0163723132803791,False,False,False,False,False,False,-0.0566036123914901,False
NR5A2,1,0.0166521218195124,False,False,False,False,False,False,,
FAM217B,1,0.0166671870115334,False,False,False,False,False,False,,
SLC10A2,1,0.0167012662911725,False,False,False,False,False,False,,
FAH,1,0.0170464004799775,False,False,False,False,False,False,-0.0139047158626351,False
DCAF4L1,1,0.0172528555927116,False,False,False,False,False,False,,
RIN3,1,0.0179431482979757,False,False,False,False,False,False,0.0736822355768316,False
GABARAPL1,1,0.0183592775255653,False,False,False,False,False,False,0.0710094412169324,False
NSUN7,1,0.0185605386398852,False,False,False,False,False,False,,
NEFM,1,0.0189667339595824,False,False,False,False,False,False,0.0269128276347475,False
METAP1D,1,0.0203255305914855,False,False,False,False,False,False,,
PLIN1,1,0.020500478142981,False,False,False,False,False,False,0.0143840590176621,False
PRKCB,1,0.0205015233332488,False,False,False,False,False,False,0.0929742062329874,False
ATP10A,1,0.0205846267340794,False,False,False,False,False,False,,
CSF1R,1,0.0207998153559595,False,False,False,False,False,False,0.0444957878305861,False
CLIC3,1,0.0208968392360762,False,False,False,False,False,False,0.0392893740909613,False
SLC4A4,1,0.0215649308560252,False,False,False,False,False,False,,
FCRL5,1,0.0218044740566694,False,False,False,False,False,False,,
SHISA9,1,0.0218746818006425,False,False,False,False,False,False,,
NAT14,1,0.0227952606934333,False,False,False,False,False,False,0.1512471932222218,False
ZNF584,1,0.023482080179949,False,False,False,False,False,False,,
ZNF572,1,0.0245810069739141,False,False,False,False,False,False,,
HAS1,1,0.0247044542895667,False,False,False,False,False,False,,
SBF1,1,0.0247805173329902,False,False,False,False,False,False,0.0511496184081844,False
COL19A1,1,0.0262855464402769,False,False,False,False,False,False,,
CELF2,1,0.0263719348783777,False,False,False,False,False,False,-0.0572852373671851,False
IL15RA,1,0.0264927085217808,False,False,False,False,False,False,,
ONECUT3,1,0.0267095302685788,False,False,False,False,False,False,,
SSBP3,1,0.0269908556080648,False,False,False,False,False,False,-0.2706502935625687,False
SYT11,1,0.027322473894929,False,False,False,False,False,False,,
NAP1L1,1,0.0279116022375095,False,False,False,False,False,False,0.0024498854578418,False
AGRN,1,0.0279209344397717,False,False,False,False,False,False,-0.090094809073043,False
IL17D,1,0.0279563153095902,False,False,False,False,False,False,,
LANCL2,1,0.0284450646500405,False,False,False,False,False,False,0.0550996992982177,False
PPP2R5E,1,0.0287925295839743,False,False,False,False,False,False,-0.1025420864162915,False
RAPGEF4,1,0.0291668605256538,False,False,False,False,False,False,-0.0831471460239939,False
MSH6,1,0.0298546610735121,True,False,False,False,True,False,-0.0292018002178848,False
PPM1A,1,0.0307706232102293,False,False,False,False,False,False,0.0570795299862908,False
WDR17,1,0.030812223320451,False,False,False,False,False,False,,
PCDH15,1,0.0314302453621687,False,False,False,False,False,False,,
NFASC,1,0.0314544238993517,False,False,False,False,False,False,0.0737782469898234,False
PTBP3,1,0.0314577722075432,False,False,False,False,False,False,,
C1RL,1,0.0317328674202826,False,False,False,False,False,False,0.0668536699234293,False
TRIO,1,0.0325704123362586,False,False,False,False,False,False,-0.0434549617212108,False
BCAT1,1,0.0329462456047986,False,False,False,False,False,False,-0.0161307595050625,False
APBB1,4,0.0330366276793399,False,False,False,False,False,False,0.0022529923523019,False
ZFAND2B,1,0.0340367528348855,False,False,False,False,False,False,0.0870793030307521,False
ATPAF1,1,0.034251045758404,False,False,False,False,False,False,0.0273323836483265,False
SCN10A,2,0.0346974615468681,False,False,False,False,False,False,,
PDE5A,1,0.0358245594695056,False,False,False,False,False,False,0.045713749315369,False
ATP6V0A4,1,0.0372550838954212,False,False,False,False,False,False,-0.0774743851840803,False
HERC2,1,0.0375047166260207,False,False,False,False,False,False,-0.122978350304419,False
TP63,1,0.0375847304800665,False,False,False,False,False,False,,
IFIT5,1,0.0378626502982447,False,False,False,False,False,False,-0.0081062801914364,False
HP1BP3,1,0.0379098128976255,False,False,False,False,False,False,0.0182577766578679,False
TP53INP1,1,0.0383154579198786,False,False,False,False,False,False,,
CREBL2,2,0.0384184416670259,False,False,False,False,False,False,,
ACSM3,1,0.0385668068938676,False,False,False,False,False,False,0.03761333387344,False
TNRC18,1,0.0386857969573592,False,False,False,False,False,False,-0.0029464529398602,False
FAM83G,1,0.0398267914895929,False,False,False,False,False,False,,
PCDH10,1,0.0407936660802012,False,False,False,False,False,False,,
SYNE1,1,0.0415502743366612,False,False,False,False,False,False,-0.019610589063768,False
PTPN13,1,0.0420646455420299,False,False,False,False,False,False,0.0419631984202502,False
SYN3,1,0.0423274595421849,False,False,False,False,False,False,,
GLIS3,2,0.0428745504846822,False,False,False,False,False,False,,
NLRP9,1,0.0429056744396126,False,False,False,False,False,False,,
AOX1,1,0.0444322709084288,False,False,False,False,False,False,-0.0247076795623585,False
TPBG,1,0.0450592275399883,False,False,False,False,False,False,0.053508115577319,False
TNIK,1,0.0452654044136381,False,False,False,False,False,False,-0.0175967493717637,False
GPM6A,1,0.0459867219961196,False,False,False,False,False,False,,
DNMT3A,1,0.0461287203854012,True,False,False,False,False,False,0.1057879118355063,False
TRIM67,2,0.0466949469276222,False,False,False,False,False,False,,
ADNP2,2,0.0471282244596052,False,False,False,False,False,False,-0.0285757263698234,False
TGM3,1,0.0474833754356828,False,False,False,False,False,False,,
MPG,1,0.047605827313754,False,False,False,False,False,False,0.0690654294790089,False
EML5,1,0.0479709104630607,False,False,False,False,False,False,,
RASGEF1C,1,0.04840565571152,False,False,False,False,False,False,,
PIK3C2B,1,0.0484449456979539,False,False,False,False,False,False,0.0482918174384613,False
ADARB2,1,0.0491235379445862,False,False,False,False,False,False,,
SERPINA9,2,0.0493149294303987,False,False,False,False,False,False,,
RLBP1,1,0.0493708049413462,False,False,False,False,False,False,,
SETBP1,1,0.0493814774847427,False,False,False,False,False,False,,
TMEM86B,2,0.0495308609294153,False,False,False,False,False,False,,
SLC40A1,1,0.0495829885630755,False,False,False,False,False,False,,
BPIFA3,1,0.0497136089033129,False,False,False,False,False,False,,
RHPN2,1,0.0504594238749173,False,False,False,False,False,False,0.0184087623047144,False
MCMDC2,1,0.05069758051743,False,False,False,False,False,False,,
DAB2IP,1,0.0508103819634326,False,False,False,False,False,False,0.1051062631609598,False
TC2N,1,0.0519221140536819,False,False,False,False,False,False,0.0253317631864718,False
ARID1B,1,0.0520205236970623,False,False,False,False,False,False,-0.0072023224486663,False
PPFIA2,1,0.0521276531602637,False,False,False,False,False,False,,
ACTL6B,1,0.0526950956378051,False,False,False,False,False,False,,
PPP2R1B,1,0.0528052199909176,False,False,False,False,False,False,0.0809821609970981,False
MOXD1,1,0.0529988464794174,False,False,False,False,False,False,0.020955605306981,False
CREB5,1,0.0531192385487158,False,False,False,False,False,False,,
COL17A1,1,0.0534721942237528,False,False,False,False,False,False,-0.0226964293021975,False
BSPRY,1,0.0541019734968596,False,False,False,False,False,False,0.026493735787765,False
RASSF2,1,0.0551279871626026,False,False,False,False,False,False,0.0089341441895912,False
GNPDA2,1,0.055615335890598,False,False,False,False,False,False,0.0147324071163944,False
MMEL1,1,0.0560054173849797,False,False,False,False,False,False,,
SRD5A1,1,0.056186538762902,False,False,False,False,False,False,,
PARP12,1,0.0574409804730737,False,False,False,False,False,False,0.040630548383588,False
CPNE1,1,0.0583955676688207,False,False,False,False,False,False,-0.0395457520415262,False
SIX2,2,0.0588390274620668,False,False,False,False,False,False,,
AFAP1,1,0.0588800389958956,False,False,False,False,False,False,0.112193035214938,False
FAN1,1,0.0590942562363391,False,False,False,False,False,False,,
DUSP2,1,0.0598124584345111,False,False,False,False,False,False,,
OTOA,1,0.0602262529569015,False,False,False,False,False,False,,
EPAS1,1,0.0603616279790757,False,False,False,False,False,False,,
AMPD2,1,0.0604633424622585,False,False,False,False,False,False,-0.0539767222493078,False
ZNF470,1,0.0606132142039979,False,False,False,False,False,False,,
CCDC30,1,0.0613527632126511,False,False,False,False,False,False,,
PKDREJ,2,0.0623475867877432,False,False,False,False,False,False,,
TIFA,2,0.0635469432436448,False,False,False,False,False,False,0.1073847096002062,False
NUB1,1,0.0640984655063251,False,False,False,False,False,False,0.1110924252189805,False
ADAM10,1,0.0645959569687736,False,False,False,False,False,False,-0.0360174014997791,False
FSD1L,1,0.0648503951534013,False,False,False,False,False,False,0.0262206771409904,False
SOX15,1,0.0650179364878617,False,False,False,False,False,False,,
TP53,1,0.0650432089755223,False,False,False,False,False,False,0.155146811232152,False
IGSF22,1,0.0654534856729,False,False,False,False,False,False,,
DCHS2,2,0.0659227473465826,False,False,False,False,False,False,0.0301275020255546,False
RXRG,1,0.0661556051604125,False,False,False,False,False,False,,
GPR68,1,0.0665855559665873,False,False,False,False,False,False,,
MTNR1B,1,0.0672514277444525,False,False,False,False,False,False,,
EMCN,1,0.0682448795369627,False,False,False,False,False,False,,
MOBP,1,0.0693687126276465,False,False,False,False,False,False,,
CFHR5,1,0.069576783628249,False,False,False,False,False,False,0.1163236769863389,False
CA14,1,0.070186965528995,False,False,False,False,False,False,,
FRMD4A,1,0.0705235897431504,False,False,False,False,False,False,0.0457532039850685,False
PHF19,1,0.0706944936068658,False,False,False,False,False,False,,
AHRR,1,0.0709345290585557,False,False,False,False,False,False,,
CAMK2A,1,0.0714476625303326,False,False,False,False,False,False,,
P4HTM,1,0.0714510070287108,False,False,False,False,False,False,-0.0588539992222289,False
ZNF713,1,0.0714968573531282,False,False,False,False,False,False,,
BEST1,1,0.0716379902718239,False,False,False,False,False,False,,
INPP5F,1,0.0718172510579436,False,False,False,False,False,False,0.0183159692169512,False
PML,1,0.0718832784155461,False,False,False,False,False,False,-0.0091323673695391,False
SMARCAL1,1,0.0728264529156452,False,False,False,False,False,False,0.0833173151720267,False
RALGPS1,2,0.0733026912692721,False,False,False,False,False,False,,
ZNF879,1,0.073372979506594,False,False,False,False,False,False,,
NOVA1,2,0.0734494739702473,False,False,False,False,False,False,0.0493262738808292,False
ABL2,2,0.0743119893125085,False,False,False,False,False,False,0.0562187969662062,False
MUC7,2,0.0747829053463847,False,False,False,False,False,False,,
FAM53B,1,0.0747995605173434,False,False,False,False,False,False,0.0426551507686855,False
SH3RF1,1,0.0750694971181625,False,False,False,False,False,False,0.0561843474074083,False
DGKI,1,0.075708007705334,False,False,False,False,False,False,,
PTPRB,1,0.0765988118059601,False,False,False,False,False,False,,
SEMA5B,1,0.0769047661967099,False,False,False,False,False,False,,
PLEKHG1,1,0.0770247051342204,False,False,False,False,False,False,0.051316982245231,False
MACF1,1,0.0770510643341932,False,False,False,False,False,False,-0.1075664785446428,False
SLC37A1,1,0.0770876337629364,False,False,False,False,False,False,,
ADAMTSL3,1,0.0786631059974924,False,False,False,False,False,False,,
LEPR,1,0.0787452044804585,False,False,False,False,False,False,,
CCSER2,1,0.0792311667030303,False,False,False,False,False,False,,
TRPC3,1,0.0796660372783198,False,False,False,False,False,False,,
CHD6,1,0.0798893407377474,False,False,False,False,False,False,0.023654217653768,False
PCDHGA3,1,0.0801416907863983,False,False,False,False,False,False,,
MDFIC,1,0.080304298825714,False,False,False,False,False,False,,
FCGR3B,1,0.0808761195133169,False,False,False,False,False,False,0.1144396051361126,False
PTPRN2,1,0.0811252778964351,False,False,False,False,False,False,,
ZC3H7B,1,0.0817914767899483,False,False,False,False,False,False,-0.0062528746901291,False
TRAPPC3L,1,0.0827261033135172,False,False,False,False,False,False,,
MUC16,2,0.0827610066559024,False,False,False,False,False,False,0.0083344225171589,False
SLC30A2,1,0.0828283414552456,False,False,False,False,False,False,,
SUMF1,1,0.0837028430790666,False,False,False,False,False,False,0.0611860672693097,False
WFIKKN1,1,0.0837094433146491,False,False,False,False,False,False,,
ZNF250,1,0.0840240483986135,False,False,False,False,False,False,-0.0207194014462508,False
NACC2,1,0.0840406020954981,False,False,False,False,False,False,,
MNX1,1,0.0840706121291427,False,False,False,False,False,False,,
EBF1,1,0.0841894487302289,False,False,False,False,False,False,,
ELAVL4,1,0.0859795628524719,False,False,False,False,False,False,,
SATB2,1,0.0866132010215173,False,False,False,False,False,False,,
PRDM11,1,0.0885159115087278,False,False,False,False,False,False,,
AKAP6,2,0.0887931926881174,False,False,False,False,False,False,,
ITGAD,1,0.0888280775804158,False,False,False,False,False,False,,
SEMA3D,1,0.0897657362128583,False,False,False,False,False,False,,
NDFIP1,1,0.0897825194486466,False,False,False,False,False,False,,
ATF2,1,0.091244614082545,False,False,False,False,False,False,0.1232235366156191,False
ANKRD16,1,0.0914539664677242,False,False,False,False,False,False,0.1162747626198067,False
CUX1,1,0.0924883711805137,False,False,False,False,False,False,0.1139646944003874,False
LRP6,1,0.0926257710493384,False,False,False,False,False,False,,
FKTN,2,0.092758724872736,False,False,False,False,False,False,,
ANKRD13A,1,0.0937259602879972,False,False,False,False,False,False,0.0248699152237732,False
TMEFF2,1,0.0942293383053616,False,False,False,False,False,False,,
KCNQ3,1,0.0948016102099528,False,False,False,False,False,False,,
OOSP2,1,0.0959969258185794,False,False,False,False,False,False,,
ADAMTS13,1,0.096703952116251,False,False,False,False,False,False,,
HIVEP2,1,0.0967232221960523,False,False,False,False,False,False,0.0531429652440577,False
SLC8A3,1,0.0971947469293821,False,False,False,False,False,False,,
GPC5,1,0.097735223260544,False,False,False,False,False,False,,
CEP44,1,0.0985771538147216,False,False,False,False,False,False,,
STAT1,1,0.0986240176299081,False,False,False,False,False,False,0.0120489754868826,False
SCRN1,1,0.0993355591074792,False,False,False,False,False,False,0.024367282610257,False
FAM118B,1,0.0995541197246203,False,False,False,False,False,False,,
PTPRK,1,0.0996140135197536,False,False,False,False,False,False,0.0209883546373331,False
TRIM3,1,0.1008329152987805,False,False,False,False,False,False,0.1757333743042429,False
MCF2L2,2,0.1011261051771058,False,False,False,False,False,False,,
SEMA7A,1,0.1022211751065171,False,False,False,False,False,False,0.0919724878443526,False
RSPO2,1,0.1022900087900353,False,False,False,False,False,False,,
ENPEP,1,0.1023118744471203,False,False,False,False,False,False,-0.0606046376550043,False
MMD2,1,0.1027638496336289,False,False,False,False,False,False,,
UTRN,1,0.1028329160442186,False,False,False,False,False,False,-0.0052542372899165,False
ZNF202,1,0.1029054596274613,False,False,False,False,False,False,,
CLCA2,1,0.1035463177772574,False,False,False,False,False,False,0.0334622058674631,False
DGKG,1,0.1042419114671168,False,False,False,False,False,False,,
ARHGAP32,1,0.1042969616951299,False,False,False,False,False,False,0.0455426917852731,False
IQCA1,1,0.1048966784879526,False,False,False,False,False,False,,
PLXND1,1,0.1056034455687955,False,False,False,False,False,False,0.0071142467946903,False
VASH1,1,0.1058044156509285,False,False,False,False,False,False,0.023975329454275,False
PCLO,2,0.1063628050909798,False,False,False,False,False,False,,
PELI3,1,0.1069478119994397,False,False,False,False,False,False,,
IL7R,1,0.1075961314119283,False,False,False,False,False,False,,
FAM83A,2,0.1084660380004571,False,False,False,False,False,False,,
NPR3,1,0.1085501882957573,False,False,False,False,False,False,,
GSTCD,1,0.1086800536375047,False,False,False,False,False,False,0.1388935212565757,False
PLCL1,1,0.1094699834963143,False,False,False,False,False,False,0.0424696202877271,False
AGAP1,2,0.1112916974890251,False,False,False,False,False,False,0.0533289655276583,False
AMIGO1,1,0.1120928305372062,False,False,False,False,False,False,,
DUSP19,1,0.1124554546708863,False,False,False,False,False,False,,
CYP2J2,1,0.1124957702438651,False,False,False,False,False,False,0.0579566345226472,False
ACSS2,1,0.1130812018050441,False,False,False,False,False,False,0.0679691634985592,False
AQP8,1,0.1142598765332637,False,False,False,False,False,False,,
OTOF,1,0.1142930055507115,False,False,False,False,False,False,,
KLRC4,1,0.1148595007015832,False,False,False,False,False,False,,
SCN9A,1,0.115126468901123,False,False,False,False,False,False,,
ROCK2,1,0.1175328925656956,False,False,False,False,False,False,0.0903776421276642,False
HOXA4,1,0.1177315608710081,False,False,False,False,False,False,,
ABCC5,1,0.1180965446964055,False,False,False,False,False,False,,
PURB,1,0.1196853491281165,False,False,False,False,False,False,0.0366202437754162,False
TMOD2,1,0.1210300886600285,False,False,False,False,False,False,-0.038076606010195,False
SLCO1A2,1,0.1212904624497065,False,False,False,False,False,False,,
IGF2,1,0.1213074557858294,False,False,False,False,False,False,0.0325559718351047,False
ITPKB,1,0.1224298396266463,False,False,False,False,False,False,-0.0131519950416735,False
SYT3,1,0.1227033398003114,False,False,False,False,False,False,,
DNASE1L3,2,0.1232618043034659,False,False,False,False,False,False,,
MYH4,1,0.1234389463990063,False,False,False,False,False,False,0.0318411657312066,False
SPATS2,2,0.1245625129098269,False,False,False,False,False,False,0.0718076069063751,False
NDUFS6,1,0.1253295247764786,False,False,False,False,False,False,-0.0152216591275607,False
NOTCH2,1,0.1263296151845274,False,False,False,False,False,False,-0.0468756135729823,False
CACNA2D4,1,0.1270169171069386,False,False,False,False,False,False,,
CTDSP1,1,0.1271411811640131,False,False,False,False,False,False,,
DMRT1,1,0.1285803970940395,False,False,False,False,False,False,,
FMOD,1,0.1295117498667632,False,False,False,False,False,False,0.1468449721866805,False
TOB2,1,0.1303114100858421,False,False,False,False,False,False,,
DDAH1,1,0.1303370791063885,False,False,False,False,False,False,0.0656275586857852,False
RPRD1A,1,0.1311567712191461,False,False,False,False,False,False,-0.0360452709702335,False
SFMBT2,1,0.1330595612058546,False,False,False,False,False,False,,
PCDHA2,1,0.1333364040393656,False,False,False,False,False,False,,
MC4R,1,0.1338990046060558,False,False,False,False,False,False,,
LFNG,1,0.1363669822024988,False,False,False,False,False,False,0.0841794365244995,False
MTMR10,1,0.1364398528273367,False,False,False,False,False,False,0.0365934244862382,False
JAK2,1,0.136489872742747,False,False,False,False,False,False,0.1185464609442613,False
BDKRB2,1,0.1370657451251342,False,False,False,False,False,False,,
MLPH,1,0.1374059527350415,False,False,False,False,False,False,0.1262196752484672,False
CCDC136,1,0.1381988293322709,False,False,False,False,False,False,,
ALDH1A1,1,0.1388558510055704,False,False,False,False,False,False,0.1875102914768002,False
DOCK4,1,0.1391106556970961,False,False,False,False,False,False,0.0863755797346262,False
SNCA,1,0.1428181448490503,False,False,False,False,False,False,0.1234596173531393,False
FGB,1,0.1439220418476443,False,False,False,False,False,False,0.1407191184244827,False
PRRG4,1,0.1440504348783985,False,False,False,False,False,False,,
SS18,1,0.1464209260637697,False,False,False,False,False,False,0.0826272529149562,False
PLD2,1,0.1466456484133108,False,False,False,False,False,False,0.1439249235958934,False
TNRC6A,1,0.149329289354098,False,False,False,False,False,False,-0.0385527121597825,False
ABCA3,1,0.1504315809274971,False,False,False,False,False,False,0.1244616193971549,False
SYNJ2,1,0.1505980164329483,False,False,False,False,False,False,0.018309789636547,False
TMIGD3,1,0.1512895055723649,False,False,False,False,False,False,,
TRPC4,1,0.1526333545556194,False,False,False,False,False,False,,
ITLN1,2,0.1534692878799789,False,False,False,False,False,False,,
HDAC11,1,0.1551676937349833,False,False,False,False,False,False,0.0462439008674471,False
MPDZ,1,0.15597060406541,False,False,False,False,False,False,0.1370895142722744,False
MYH1,1,0.1566174705426009,False,False,False,False,False,False,,
ENOSF1,1,0.1572299437368616,False,False,False,False,False,False,0.1958604357356132,False
ANKEF1,1,0.1587453313862614,False,False,False,False,False,False,,
ZNF697,1,0.1594512799854935,False,False,False,False,False,False,,
ALAD,2,0.1602138466055219,False,False,False,False,False,False,-0.0438720891480658,False
HDAC7,1,0.1602518254831278,False,False,False,False,False,False,-0.1376754105265861,False
MASP1,2,0.1610735613240145,False,False,False,False,False,False,0.0885530136817449,False
ATP8A2,1,0.1648495035023013,False,False,False,False,False,False,,
OXTR,1,0.1654570103161227,False,False,False,False,False,False,,
MTCL1,1,0.1669449589650223,False,False,False,False,False,False,,
DUSP16,1,0.167630094348976,False,False,False,False,False,False,0.0327560075823147,False
VPS13A,1,0.1699176492950753,False,False,False,False,False,False,0.0651326591487324,False
GABRA2,1,0.1715248930546405,False,False,False,False,False,False,,
KNTC1,1,0.1721560526058607,False,False,False,False,False,False,-0.1115143686670727,False
AGPAT5,1,0.1723986525113785,False,False,False,False,False,False,0.0781507492133532,False
ABLIM1,1,0.1730561240594848,False,False,False,False,False,False,0.0455920849540759,False
CRX,1,0.1744649123092333,False,False,False,False,False,False,,
AK5,1,0.1746594443117402,False,False,False,False,False,False,0.0767452222048304,False
FNBP1L,1,0.1758344095932082,False,False,False,False,False,False,0.0073522197707773,False
PLXNB2,1,0.1763809548381916,False,False,False,False,False,False,0.0717990475830462,False
TMEM106B,2,0.1780656730006198,False,False,False,False,False,False,0.0246038481935996,False
DEAF1,1,0.1793240474181142,False,False,False,False,False,False,0.1508540734650325,False
TOX2,1,0.1801469623148227,False,False,False,False,False,False,,
C1QTNF2,1,0.1810578729317065,False,False,False,False,False,False,,
FRMD1,1,0.1811209544906731,False,False,False,False,False,False,,
TRIQK,1,0.1813073797221384,False,False,False,False,False,False,,
KIR3DL1,1,0.1836667171898505,False,False,False,False,False,False,,
ST8SIA2,1,0.1855882280676644,False,False,False,False,False,False,,
ALDH1A3,1,0.189854516876357,False,False,False,False,False,False,0.131252572339949,False
ZNF518B,2,0.1950818241820348,False,False,False,False,False,False,,
LYSMD2,1,0.1968067251860169,False,False,False,False,False,False,0.136915297780429,False
OBSCN,1,0.1993461550882843,False,False,False,False,False,False,,
NTNG1,1,0.2008392294279794,False,False,False,False,False,False,,
GSG1L,1,0.2018678449164037,False,False,False,False,False,False,,
KCNMB1,1,0.2020524548298762,False,False,False,False,False,False,,
DUOX1,1,0.2043195359710903,False,False,False,False,False,False,,
ZNF25,1,0.204899661960219,False,False,False,False,False,False,,
USP22,1,0.2055999211333229,False,False,False,False,False,False,0.0891836412917865,False
C2CD5,1,0.2069241035072419,False,False,False,False,False,False,,
SLC6A5,1,0.2079135230340804,False,False,False,False,False,False,,
FIZ1,1,0.2138983298178164,False,False,False,False,False,False,0.111593835359127,False
CHML,1,0.2149765413749705,False,False,False,False,False,False,0.0736925247238684,False
ANKRD36,1,0.2184178104852506,False,False,False,False,False,False,,
USP29,1,0.220773892046533,False,False,False,False,False,False,,
C8A,1,0.223426497385169,False,False,False,False,False,False,0.1199346855836825,False
MCTP2,1,0.2235586440289087,False,False,False,False,False,False,,
MORN3,1,0.2362081176310725,False,False,False,False,False,False,,
CAMK1G,1,0.2378463761978504,False,False,False,False,False,False,,
EVC,1,0.2430998102407687,False,False,False,False,False,False,,
USP25,1,0.2448460020656473,False,False,False,False,False,False,0.0821067325830443,False
RASGRF1,1,0.2463726744024201,False,False,False,False,False,False,,
TFPI,1,0.2512898681110023,False,False,False,False,False,False,0.1775019716441646,False
QSER1,1,0.2566504289157235,False,False,False,False,False,False,0.2437521622586092,False
ATP8B4,1,0.2596160786477118,False,False,False,False,False,False,,
EYA1,1,0.2601689808155782,False,False,False,False,False,False,,
TMEM100,1,0.2618722969444524,False,False,False,False,False,False,,
CCDC68,1,0.2683139696013688,False,False,False,False,False,False,,
PPIG,1,0.2696888124994291,False,False,False,False,False,False,0.047207812161679,False
PRDM9,1,0.2950508073632553,False,False,False,False,False,False,,
C6orf118,1,0.30568909574706,False,False,False,False,False,False,,
CPS1,1,0.3135573441312677,False,False,False,False,False,False,0.1676385562138644,False
PANX2,1,0.3260237826844366,False,False,False,False,False,False,,
PLXNA4,1,0.3533016789968073,False,False,False,False,False,False,,
KCNE4,1,0.3795308238505482,False,False,False,False,False,False,,
CASP2,1,0.5600169332057665,False,False,False,False,False,False,0.3034659577962265,False
SPATA31D1,1,0.5881225099877332,False,False,False,False,False,False,,
ALMS1P,1,,False,False,False,False,False,False,,
ALS2CR12,1,,False,False,False,False,False,False,,
BAGE2,1,,False,False,False,False,False,False,,
BAGE3,1,,False,False,False,False,False,False,,
BAGE4,1,,False,False,False,False,False,False,,
BAGE5,1,,False,False,False,False,False,False,,
BZRAP1,1,,False,False,False,False,False,False,,
C10orf54,1,,False,False,False,False,False,False,,
C11orf63,1,,False,False,False,False,False,False,,
C11orf84,1,,False,False,False,False,False,False,,
C12orf4,1,,False,False,False,False,False,False,,
C14orf132,1,,False,False,False,False,False,False,,
C15orf26,1,,False,False,False,False,False,False,,
C15orf54,1,,False,False,False,False,False,False,,
C18orf25,1,,False,False,False,False,False,False,,
C19orf54,1,,False,False,False,False,False,False,,
C1orf168,1,,False,False,False,False,False,False,,
C1orf64,1,,False,False,False,False,False,False,,
C21orf2,1,,False,False,False,False,False,False,,
C2orf57,1,,False,False,False,False,False,False,,
C7orf60,1,,False,False,False,False,False,False,,
C8orf37,1,,False,False,False,False,False,False,,
C9orf69,1,,False,False,False,False,False,False,,
CASC5,1,,False,False,False,False,False,False,,
CCDC173,2,,False,False,False,False,False,False,,
CCDC57,1,,False,False,False,False,False,False,,
CELF2-AS1,1,,False,False,False,False,False,False,,
COL6A5,1,,False,False,False,False,False,False,,
CPSF3L,1,,False,False,False,False,False,False,,
DNAH17,1,,False,False,False,False,False,False,,
DNAH17-AS1,1,,False,False,False,False,False,False,,
DNM1P46,1,,False,False,False,False,False,False,,
DPP6,1,,False,False,False,False,False,False,,
FAM134B,1,,False,False,False,False,False,False,,
FAM134C,1,,False,False,False,False,False,False,,
FAM179A,1,,False,False,False,False,False,False,,
FAM213B,1,,False,False,False,False,False,False,,
FAM26E,1,,False,False,False,False,False,False,,
FAM69A,1,,False,False,False,False,False,False,,
FER1L5,1,,False,False,False,False,False,False,,
FGFR1OP,1,,False,False,False,False,False,False,,
FRG2EP,1,,False,False,False,False,False,False,,
FYB,1,,False,False,False,False,False,False,,
GAREML,1,,False,False,False,False,False,False,,
GCN1L1,1,,False,False,False,False,False,False,,
GCOM1,1,,False,False,False,False,False,False,,
GPR75-ASB3,1,,False,False,False,False,False,False,,
HHLA1,1,,False,False,False,False,False,False,,
HMCN2,1,,False,False,False,False,False,False,,
HSP90AB4P,1,,False,False,False,False,False,False,,
HSPE1-MOB4,2,,False,False,False,False,False,False,,
IGF2-AS,1,,False,False,False,False,False,False,,
INS-IGF2,1,,False,False,False,False,False,False,,
ITGA9-AS1,1,,False,False,False,False,False,False,,
KDELC2,1,,False,False,False,False,False,False,,
KIAA0196,1,,False,False,False,False,False,False,,
KIAA0226,1,,False,False,False,False,False,False,,
KIAA0922,1,,False,False,False,False,False,False,,
KIAA2026,1,,False,False,False,False,False,False,,
KLHL23,1,,False,False,False,False,False,False,,
KLRC4-KLRK1,1,,False,False,False,False,False,False,,
LCE1C,1,,False,False,False,False,False,False,,
LINC00176,1,,False,False,False,False,False,False,,
LINS,2,,False,False,False,False,False,False,,
LL22NC03-75H12.2,1,,False,False,False,False,False,False,,
LOC100129924,1,,False,False,False,False,False,False,,
LOC100133077,1,,False,False,False,False,False,False,,
LOC100499484-C9ORF174,1,,False,False,False,False,False,False,,
LOC100508046,1,,False,False,False,False,False,False,,
LOC101927178,1,,False,False,False,False,False,False,,
LOC101928069,1,,False,False,False,False,False,False,,
LOC101929162,1,,False,False,False,False,False,False,,
LOC101929452,1,,False,False,False,False,False,False,,
LOC101929680,1,,False,False,False,False,False,False,,
LOC102724663,1,,False,False,False,False,False,False,,
LOC145783,1,,False,False,False,False,False,False,,
LOC284454,1,,False,False,False,False,False,False,,
LOC391003,1,,False,False,False,False,False,False,,
LOC442028,1,,False,False,False,False,False,False,,
LOC642943,2,,False,False,False,False,False,False,,
LOC645513,1,,False,False,False,False,False,False,,
LRRC16B,1,,False,False,False,False,False,False,,
MAPKAPK5-AS1,1,,False,False,False,False,False,False,,
MAPT-AS1,1,,False,False,False,False,False,False,,
MARCH3,1,,False,False,False,False,False,False,,
MIR1268A,1,,False,False,False,False,False,False,,
MIR3134,1,,False,False,False,False,False,False,,
MIR548H4,1,,False,False,False,False,False,False,,
MIR548N,1,,False,False,False,False,False,False,,
MIR762HG,1,,False,False,False,False,False,False,,
MLXIP,1,,False,False,False,False,False,False,,
MYHAS,2,,False,False,False,False,False,False,,
MYO15B,1,,False,False,False,False,False,False,,
NM_000022,1,,False,False,False,False,False,False,,
NM_000031,2,,False,False,False,False,False,False,,
NM_000059,1,,False,False,False,False,False,False,,
NM_000081,1,,False,False,False,False,False,False,,
NM_000094,1,,False,False,False,False,False,False,,
NM_000111,1,,False,False,False,False,False,False,,
NM_000137,1,,False,False,False,False,False,False,,
NM_000145,1,,False,False,False,False,False,False,,
NM_000163,1,,False,False,False,False,False,False,,
NM_000177,1,,False,False,False,False,False,False,,
NM_000179,1,,False,False,False,False,False,False,,
NM_000227,1,,False,False,False,False,False,False,,
NM_000271,1,,False,False,False,False,False,False,,
NM_000295,1,,False,False,False,False,False,False,,
NM_000316,1,,False,False,False,False,False,False,,
NM_000326,1,,False,False,False,False,False,False,,
NM_000341,1,,False,False,False,False,False,False,,
NM_000345,1,,False,False,False,False,False,False,,
NM_000346,1,,False,False,False,False,False,False,,
NM_000365,1,,False,False,False,False,False,False,,
NM_000379,1,,False,False,False,False,False,False,,
NM_000429,1,,False,False,False,False,False,False,,
NM_000452,1,,False,False,False,False,False,False,,
NM_000491,1,,False,False,False,False,False,False,,
NM_000494,1,,False,False,False,False,False,False,,
NM_000503,1,,False,False,False,False,False,False,,
NM_000540,1,,False,False,False,False,False,False,,
NM_000546,1,,False,False,False,False,False,False,,
NM_000554,1,,False,False,False,False,False,False,,
NM_000562,1,,False,False,False,False,False,False,,
NM_000570,1,,False,False,False,False,False,False,,
NM_000603,1,,False,False,False,False,False,False,,
NM_000621,1,,False,False,False,False,False,False,,
NM_000623,1,,False,False,False,False,False,False,,
NM_000635,1,,False,False,False,False,False,False,,
NM_000689,1,,False,False,False,False,False,False,,
NM_000693,1,,False,False,False,False,False,False,,
NM_000718,2,,False,False,False,False,False,False,,
NM_000748,1,,False,False,False,False,False,False,,
NM_000755,1,,False,False,False,False,False,False,,
NM_000775,1,,False,False,False,False,False,False,,
NM_000807,1,,False,False,False,False,False,False,,
NM_000835,1,,False,False,False,False,False,False,,
NM_000840,1,,False,False,False,False,False,False,,
NM_000883,1,,False,False,False,False,False,False,,
NM_000888,1,,False,False,False,False,False,False,,
NM_000906,2,,False,False,False,False,False,False,,
NM_000908,1,,False,False,False,False,False,False,,
NM_000916,1,,False,False,False,False,False,False,,
NM_000922,1,,False,False,False,False,False,False,,
NM_000938,1,,False,False,False,False,False,False,,
NM_001001331,1,,False,False,False,False,False,False,,
NM_001001396,1,,False,False,False,False,False,False,,
NM_001001415,1,,False,False,False,False,False,False,,
NM_001001556,1,,False,False,False,False,False,False,,
NM_001001560,1,,False,False,False,False,False,False,,
NM_001001666,1,,False,False,False,False,False,False,,
NM_001001668,1,,False,False,False,False,False,False,,
NM_001001670,1,,False,False,False,False,False,False,,
NM_001001891,1,,False,False,False,False,False,False,,
NM_001002235,1,,False,False,False,False,False,False,,
NM_001002236,1,,False,False,False,False,False,False,,
NM_001002877,1,,False,False,False,False,False,False,,
NM_001002878,1,,False,False,False,False,False,False,,
NM_001002879,1,,False,False,False,False,False,False,,
NM_001003398,1,,False,False,False,False,False,False,,
NM_001003407,1,,False,False,False,False,False,False,,
NM_001003408,1,,False,False,False,False,False,False,,
NM_001003794,1,,False,False,False,False,False,False,,
NM_001004058,1,,False,False,False,False,False,False,,
NM_001004303,1,,False,False,False,False,False,False,,
NM_001004339,1,,False,False,False,False,False,False,,
NM_001004342,2,,False,False,False,False,False,False,,
NM_001004434,1,,False,False,False,False,False,False,,
NM_001004729,1,,False,False,False,False,False,False,,
NM_001005187,1,,False,False,False,False,False,False,,
NM_001005245,1,,False,False,False,False,False,False,,
NM_001005283,2,,False,False,False,False,False,False,,
NM_001005388,1,,False,False,False,False,False,False,,
NM_001005739,1,,False,False,False,False,False,False,,
NM_001006605,1,,False,False,False,False,False,False,,
NM_001007026,1,,False,False,False,False,False,False,,
NM_001007098,1,,False,False,False,False,False,False,,
NM_001007139,1,,False,False,False,False,False,False,,
NM_001007559,1,,False,False,False,False,False,False,,
NM_001008239,1,,False,False,False,False,False,False,,
NM_001008528,1,,False,False,False,False,False,False,,
NM_001008529,1,,False,False,False,False,False,False,,
NM_001009,1,,False,False,False,False,False,False,,
NM_001009941,1,,False,False,False,False,False,False,,
NM_001009943,1,,False,False,False,False,False,False,,
NM_001009955,1,,False,False,False,False,False,False,,
NM_001010846,1,,False,False,False,False,False,False,,
NM_001010848,1,,False,False,False,False,False,False,,
NM_001010867,1,,False,False,False,False,False,False,,
NM_001010875,1,,False,False,False,False,False,False,,
NM_001010891,1,,False,False,False,False,False,False,,
NM_001010927,1,,False,False,False,False,False,False,,
NM_001011666,1,,False,False,False,False,False,False,,
NM_001012270,1,,False,False,False,False,False,False,,
NM_001012271,1,,False,False,False,False,False,False,,
NM_001012506,1,,False,False,False,False,False,False,,
NM_001012957,1,,False,False,False,False,False,False,,
NM_001012981,1,,False,False,False,False,False,False,,
NM_001014436,1,,False,False,False,False,False,False,,
NM_001014445,1,,False,False,False,False,False,False,,
NM_001014842,1,,False,False,False,False,False,False,,
NM_001015052,1,,False,False,False,False,False,False,,
NM_001015054,1,,False,False,False,False,False,False,,
NM_001017361,1,,False,False,False,False,False,False,,
NM_001017440,1,,False,False,False,False,False,False,,
NM_001017969,1,,False,False,False,False,False,False,,
NM_001018037,1,,False,False,False,False,False,False,,
NM_001018038,1,,False,False,False,False,False,False,,
NM_001018039,1,,False,False,False,False,False,False,,
NM_001018053,1,,False,False,False,False,False,False,,
NM_001018090,1,,False,False,False,False,False,False,,
NM_001018091,1,,False,False,False,False,False,False,,
NM_001018100,1,,False,False,False,False,False,False,,
NM_001018111,1,,False,False,False,False,False,False,,
NM_001023587,1,,False,False,False,False,False,False,,
NM_001024938,1,,False,False,False,False,False,False,,
NM_001024939,1,,False,False,False,False,False,False,,
NM_001024948,1,,False,False,False,False,False,False,,
NM_001025076,1,,False,False,False,False,False,False,,
NM_001025077,1,,False,False,False,False,False,False,,
NM_001025107,1,,False,False,False,False,False,False,,
NM_001025234,1,,False,False,False,False,False,False,,
NM_001025235,1,,False,False,False,False,False,False,,
NM_001025236,1,,False,False,False,False,False,False,,
NM_001025237,1,,False,False,False,False,False,False,,
NM_001025238,1,,False,False,False,False,False,False,,
NM_001025239,1,,False,False,False,False,False,False,,
NM_001029880,1,,False,False,False,False,False,False,,
NM_001029884,1,,False,False,False,False,False,False,,
NM_001029955,1,,False,False,False,False,False,False,,
NM_001031702,1,,False,False,False,False,False,False,,
NM_001031720,1,,False,False,False,False,False,False,,
NM_001033113,1,,False,False,False,False,False,False,,
NM_001033503,1,,False,False,False,False,False,False,,
NM_001033566,1,,False,False,False,False,False,False,,
NM_001033567,1,,False,False,False,False,False,False,,
NM_001033568,1,,False,False,False,False,False,False,,
NM_001033569,1,,False,False,False,False,False,False,,
NM_001033570,1,,False,False,False,False,False,False,,
NM_001033571,1,,False,False,False,False,False,False,,
NM_001033572,1,,False,False,False,False,False,False,,
NM_001033574,1,,False,False,False,False,False,False,,
NM_001033604,1,,False,False,False,False,False,False,,
NM_001033605,1,,False,False,False,False,False,False,,
NM_001034838,1,,False,False,False,False,False,False,,
NM_001034850,1,,False,False,False,False,False,False,,
NM_001037131,2,,False,False,False,False,False,False,,
NM_001037175,1,,False,False,False,False,False,False,,
NM_001037763,1,,False,False,False,False,False,False,,
NM_001038493,1,,False,False,False,False,False,False,,
NM_001039141,1,,False,False,False,False,False,False,,
NM_001039199,1,,False,False,False,False,False,False,,
NM_001039350,1,,False,False,False,False,False,False,,
NM_001039457,1,,False,False,False,False,False,False,,
NM_001039570,1,,False,False,False,False,False,False,,
NM_001039752,1,,False,False,False,False,False,False,,
NM_001039960,1,,False,False,False,False,False,False,,
NM_001039999,1,,False,False,False,False,False,False,,
NM_001040092,2,,False,False,False,False,False,False,,
NM_001040110,1,,False,False,False,False,False,False,,
NM_001040157,1,,False,False,False,False,False,False,,
NM_001040616,2,,False,False,False,False,False,False,,
NM_001040624,1,,False,False,False,False,False,False,,
NM_001040625,1,,False,False,False,False,False,False,,
NM_001040626,1,,False,False,False,False,False,False,,
NM_001040627,1,,False,False,False,False,False,False,,
NM_001040628,1,,False,False,False,False,False,False,,
NM_001040629,1,,False,False,False,False,False,False,,
NM_001040630,1,,False,False,False,False,False,False,,
NM_001042376,1,,False,False,False,False,False,False,,
NM_001042413,2,,False,False,False,False,False,False,,
NM_001042422,1,,False,False,False,False,False,False,,
NM_001042423,1,,False,False,False,False,False,False,,
NM_001042439,1,,False,False,False,False,False,False,,
NM_001042450,1,,False,False,False,False,False,False,,
NM_001042467,1,,False,False,False,False,False,False,,
NM_001042475,1,,False,False,False,False,False,False,,
NM_001042518,2,,False,False,False,False,False,False,,
NM_001042546,1,,False,False,False,False,False,False,,
NM_001042549,1,,False,False,False,False,False,False,,
NM_001042552,1,,False,False,False,False,False,False,,
NM_001042553,1,,False,False,False,False,False,False,,
NM_001042723,1,,False,False,False,False,False,False,,
NM_001045480,1,,False,False,False,False,False,False,,
NM_001047,1,,False,False,False,False,False,False,,
NM_001061,1,,False,False,False,False,False,False,,
NM_001071,1,,False,False,False,False,False,False,,
NM_001073,1,,False,False,False,False,False,False,,
NM_001076552,1,,False,False,False,False,False,False,,
NM_001076786,1,,False,False,False,False,False,False,,
NM_001077238,1,,False,False,False,False,False,False,,
NM_001079519,1,,False,False,False,False,False,False,,
NM_001079524,1,,False,False,False,False,False,False,,
NM_001079525,1,,False,False,False,False,False,False,,
NM_001079653,1,,False,False,False,False,False,False,,
NM_001079802,2,,False,False,False,False,False,False,,
NM_001079846,2,,False,False,False,False,False,False,,
NM_001080395,1,,False,False,False,False,False,False,,
NM_001080464,1,,False,False,False,False,False,False,,
NM_001080470,1,,False,False,False,False,False,False,,
NM_001080479,1,,False,False,False,False,False,False,,
NM_001080488,1,,False,False,False,False,False,False,,
NM_001080495,1,,False,False,False,False,False,False,,
NM_001080496,1,,False,False,False,False,False,False,,
NM_001080522,1,,False,False,False,False,False,False,,
NM_001080744,1,,False,False,False,False,False,False,,
NM_001080745,1,,False,False,False,False,False,False,,
NM_001080770,1,,False,False,False,False,False,False,,
NM_001080772,1,,False,False,False,False,False,False,,
NM_001080850,1,,False,False,False,False,False,False,,
NM_001081686,1,,False,False,False,False,False,False,,
NM_001081976,1,,False,False,False,False,False,False,,
NM_001083,1,,False,False,False,False,False,False,,
NM_001083591,1,,False,False,False,False,False,False,,
NM_001085,1,,False,False,False,False,False,False,,
NM_001085384,1,,False,False,False,False,False,False,,
NM_001085447,2,,False,False,False,False,False,False,,
NM_001085451,1,,False,False,False,False,False,False,,
NM_001089,1,,False,False,False,False,False,False,,
NM_001098,1,,False,False,False,False,False,False,,
NM_001098416,1,,False,False,False,False,False,False,,
NM_001098484,1,,False,False,False,False,False,False,,
NM_001098510,1,,False,False,False,False,False,False,,
NM_001098623,1,,False,False,False,False,False,False,,
NM_001098796,1,,False,False,False,False,False,False,,
NM_001098797,1,,False,False,False,False,False,False,,
NM_001098798,1,,False,False,False,False,False,False,,
NM_001099221,1,,False,False,False,False,False,False,,
NM_001099289,1,,False,False,False,False,False,False,,
NM_001099409,1,,False,False,False,False,False,False,,
NM_001099640,1,,False,False,False,False,False,False,,
NM_001099850,1,,False,False,False,False,False,False,,
NM_001099851,1,,False,False,False,False,False,False,,
NM_001100397,1,,False,False,False,False,False,False,,
NM_001100600,1,,False,False,False,False,False,False,,
NM_001100626,1,,False,False,False,False,False,False,,
NM_001100912,1,,False,False,False,False,False,False,,
NM_001101311,1,,False,False,False,False,False,False,,
NM_001101312,1,,False,False,False,False,False,False,,
NM_001101314,1,,False,False,False,False,False,False,,
NM_001101421,1,,False,False,False,False,False,False,,
NM_001102605,1,,False,False,False,False,False,False,,
NM_001102610,1,,False,False,False,False,False,False,,
NM_001102614,1,,False,False,False,False,False,False,,
NM_001105192,1,,False,False,False,False,False,False,,
NM_001105538,1,,False,False,False,False,False,False,,
NM_001105539,1,,False,False,False,False,False,False,,
NM_001105541,1,,False,False,False,False,False,False,,
NM_001109689,1,,False,False,False,False,False,False,,
NM_001109754,1,,False,False,False,False,False,False,,
NM_001109763,1,,False,False,False,False,False,False,,
NM_001110,1,,False,False,False,False,False,False,,
NM_001111,1,,False,False,False,False,False,False,,
NM_001111018,1,,False,False,False,False,False,False,,
NM_001111019,1,,False,False,False,False,False,False,,
NM_001111307,1,,False,False,False,False,False,False,,
NM_001111308,1,,False,False,False,False,False,False,,
NM_001111309,1,,False,False,False,False,False,False,,
NM_001113226,1,,False,False,False,False,False,False,,
NM_001113228,1,,False,False,False,False,False,False,,
NM_001113402,1,,False,False,False,False,False,False,,
NM_001113523,1,,False,False,False,False,False,False,,
NM_001114175,1,,False,False,False,False,False,False,,
NM_001114600,1,,False,False,False,False,False,False,,
NM_001114978,1,,False,False,False,False,False,False,,
NM_001114979,1,,False,False,False,False,False,False,,
NM_001122633,1,,False,False,False,False,False,False,,
NM_001122634,1,,False,False,False,False,False,False,,
NM_001122679,1,,False,False,False,False,False,False,,
NM_001122841,1,,False,False,False,False,False,False,,
NM_001122956,1,,False,False,False,False,False,False,,
NM_001124759,1,,False,False,False,False,False,False,,
NM_001126112,1,,False,False,False,False,False,False,,
NM_001126113,1,,False,False,False,False,False,False,,
NM_001126114,1,,False,False,False,False,False,False,,
NM_001126115,1,,False,False,False,False,False,False,,
NM_001126116,1,,False,False,False,False,False,False,,
NM_001126117,1,,False,False,False,False,False,False,,
NM_001126118,1,,False,False,False,False,False,False,,
NM_001126123,1,,False,False,False,False,False,False,,
NM_001127207,1,,False,False,False,False,False,False,,
NM_001127380,1,,False,False,False,False,False,False,,
NM_001127383,1,,False,False,False,False,False,False,,
NM_001127391,1,,False,False,False,False,False,False,,
NM_001127397,1,,False,False,False,False,False,False,,
NM_001127398,1,,False,False,False,False,False,False,,
NM_001127660,1,,False,False,False,False,False,False,,
NM_001127662,1,,False,False,False,False,False,False,,
NM_001127663,1,,False,False,False,False,False,False,,
NM_001127664,1,,False,False,False,False,False,False,,
NM_001127665,1,,False,False,False,False,False,False,,
NM_001127666,1,,False,False,False,False,False,False,,
NM_001127667,1,,False,False,False,False,False,False,,
NM_001127671,1,,False,False,False,False,False,False,,
NM_001127700,1,,False,False,False,False,False,False,,
NM_001127701,1,,False,False,False,False,False,False,,
NM_001127702,1,,False,False,False,False,False,False,,
NM_001127703,1,,False,False,False,False,False,False,,
NM_001127704,1,,False,False,False,False,False,False,,
NM_001127705,1,,False,False,False,False,False,False,,
NM_001127706,1,,False,False,False,False,False,False,,
NM_001127707,1,,False,False,False,False,False,False,,
NM_001127714,1,,False,False,False,False,False,False,,
NM_001127717,1,,False,False,False,False,False,False,,
NM_001127718,1,,False,False,False,False,False,False,,
NM_001127895,1,,False,False,False,False,False,False,,
NM_001127896,1,,False,False,False,False,False,False,,
NM_001128223,1,,False,False,False,False,False,False,,
NM_001128225,1,,False,False,False,False,False,False,,
NM_001128310,1,,False,False,False,False,False,False,,
NM_001128595,1,,False,False,False,False,False,False,,
NM_001128596,1,,False,False,False,False,False,False,,
NM_001130417,1,,False,False,False,False,False,False,,
NM_001130455,1,,False,False,False,False,False,False,,
NM_001130698,1,,False,False,False,False,False,False,,
NM_001130721,1,,False,False,False,False,False,False,,
NM_001130863,2,,False,False,False,False,False,False,,
NM_001130913,1,,False,False,False,False,False,False,,
NM_001130966,1,,False,False,False,False,False,False,,
NM_001130976,1,,False,False,False,False,False,False,,
NM_001130977,1,,False,False,False,False,False,False,,
NM_001130978,1,,False,False,False,False,False,False,,
NM_001130979,1,,False,False,False,False,False,False,,
NM_001130980,1,,False,False,False,False,False,False,,
NM_001130981,1,,False,False,False,False,False,False,,
NM_001130982,1,,False,False,False,False,False,False,,
NM_001130983,1,,False,False,False,False,False,False,,
NM_001130984,1,,False,False,False,False,False,False,,
NM_001130985,1,,False,False,False,False,False,False,,
NM_001130986,1,,False,False,False,False,False,False,,
NM_001130987,1,,False,False,False,False,False,False,,
NM_001131007,1,,False,False,False,False,False,False,,
NM_001134232,2,,False,False,False,False,False,False,,
NM_001134369,1,,False,False,False,False,False,False,,
NM_001134445,1,,False,False,False,False,False,False,,
NM_001134647,1,,False,False,False,False,False,False,,
NM_001134742,1,,False,False,False,False,False,False,,
NM_001135095,1,,False,False,False,False,False,False,,
NM_001135110,1,,False,False,False,False,False,False,,
NM_001135648,1,,False,False,False,False,False,False,,
NM_001135733,1,,False,False,False,False,False,False,,
NM_001135774,1,,False,False,False,False,False,False,,
NM_001135920,1,,False,False,False,False,False,False,,
NM_001135955,1,,False,False,False,False,False,False,,
NM_001135956,1,,False,False,False,False,False,False,,
NM_001135957,1,,False,False,False,False,False,False,,
NM_001135958,1,,False,False,False,False,False,False,,
NM_001136000,2,,False,False,False,False,False,False,,
NM_001136039,1,,False,False,False,False,False,False,,
NM_001136041,1,,False,False,False,False,False,False,,
NM_001136116,1,,False,False,False,False,False,False,,
NM_001136127,1,,False,False,False,False,False,False,,
NM_001136275,1,,False,False,False,False,False,False,,
NM_001139443,1,,False,False,False,False,False,False,,
NM_001139444,1,,False,False,False,False,False,False,,
NM_001141947,1,,False,False,False,False,False,False,,
NM_001142272,1,,False,False,False,False,False,False,,
NM_001142276,1,,False,False,False,False,False,False,,
NM_001142277,1,,False,False,False,False,False,False,,
NM_001142278,1,,False,False,False,False,False,False,,
NM_001142292,1,,False,False,False,False,False,False,,
NM_001142298,1,,False,False,False,False,False,False,,
NM_001142299,1,,False,False,False,False,False,False,,
NM_001142314,1,,False,False,False,False,False,False,,
NM_001142355,1,,False,False,False,False,False,False,,
NM_001142364,1,,False,False,False,False,False,False,,
NM_001142459,1,,False,False,False,False,False,False,,
NM_001142460,1,,False,False,False,False,False,False,,
NM_001142462,1,,False,False,False,False,False,False,,
NM_001142552,2,,False,False,False,False,False,False,,
NM_001142576,1,,False,False,False,False,False,False,,
NM_001142649,1,,False,False,False,False,False,False,,
NM_001142685,1,,False,False,False,False,False,False,,
NM_001142771,1,,False,False,False,False,False,False,,
NM_001142772,1,,False,False,False,False,False,False,,
NM_001142807,1,,False,False,False,False,False,False,,
NM_001142885,1,,False,False,False,False,False,False,,
NM_001143778,1,,False,False,False,False,False,False,,
NM_001143829,1,,False,False,False,False,False,False,,
NM_001143838,1,,False,False,False,False,False,False,,
NM_001143839,1,,False,False,False,False,False,False,,
NM_001143917,1,,False,False,False,False,False,False,,
NM_001143919,1,,False,False,False,False,False,False,,
NM_001143943,1,,False,False,False,False,False,False,,
NM_001143993,1,,False,False,False,False,False,False,,
NM_001143994,1,,False,False,False,False,False,False,,
NM_001144034,1,,False,False,False,False,False,False,,
NM_001144035,1,,False,False,False,False,False,False,,
NM_001144036,1,,False,False,False,False,False,False,,
NM_001144037,1,,False,False,False,False,False,False,,
NM_001144038,1,,False,False,False,False,False,False,,
NM_001144774,1,,False,False,False,False,False,False,,
NM_001144775,1,,False,False,False,False,False,False,,
NM_001144776,1,,False,False,False,False,False,False,,
NM_001144777,1,,False,False,False,False,False,False,,
NM_001144888,1,,False,False,False,False,False,False,,
NM_001144952,1,,False,False,False,False,False,False,,
NM_001144958,1,,False,False,False,False,False,False,,
NM_001145006,2,,False,False,False,False,False,False,,
NM_001145007,2,,False,False,False,False,False,False,,
NM_001145026,1,,False,False,False,False,False,False,,
NM_001145095,1,,False,False,False,False,False,False,,
NM_001145176,1,,False,False,False,False,False,False,,
NM_001145204,1,,False,False,False,False,False,False,,
NM_001145205,1,,False,False,False,False,False,False,,
NM_001145311,1,,False,False,False,False,False,False,,
NM_001145313,1,,False,False,False,False,False,False,,
NM_001145314,1,,False,False,False,False,False,False,,
NM_001145442,1,,False,False,False,False,False,False,,
NM_001145513,1,,False,False,False,False,False,False,,
NM_001145514,1,,False,False,False,False,False,False,,
NM_001145515,1,,False,False,False,False,False,False,,
NM_001145642,1,,False,False,False,False,False,False,,
NM_001145646,1,,False,False,False,False,False,False,,
NM_001145648,1,,False,False,False,False,False,False,,
NM_001145862,1,,False,False,False,False,False,False,,
NM_001146,1,,False,False,False,False,False,False,,
NM_001146029,1,,False,False,False,False,False,False,,
NM_001146030,1,,False,False,False,False,False,False,,
NM_001146054,1,,False,False,False,False,False,False,,
NM_001146055,1,,False,False,False,False,False,False,,
NM_001146169,1,,False,False,False,False,False,False,,
NM_001146170,1,,False,False,False,False,False,False,,
NM_001146171,1,,False,False,False,False,False,False,,
NM_001146209,1,,False,False,False,False,False,False,,
NM_001159,1,,False,False,False,False,False,False,,
NM_001159287,1,,False,False,False,False,False,False,,
NM_001159291,1,,False,False,False,False,False,False,,
NM_001159643,1,,False,False,False,False,False,False,,
NM_001159644,1,,False,False,False,False,False,False,,
NM_001159694,1,,False,False,False,False,False,False,,
NM_001160102,1,,False,False,False,False,False,False,,
NM_001160109,1,,False,False,False,False,False,False,,
NM_001160110,1,,False,False,False,False,False,False,,
NM_001160111,1,,False,False,False,False,False,False,,
NM_001160300,1,,False,False,False,False,False,False,,
NM_001160328,1,,False,False,False,False,False,False,,
NM_001160329,1,,False,False,False,False,False,False,,
NM_001160331,1,,False,False,False,False,False,False,,
NM_001160332,1,,False,False,False,False,False,False,,
NM_001161560,1,,False,False,False,False,False,False,,
NM_001161561,1,,False,False,False,False,False,False,,
NM_001161562,1,,False,False,False,False,False,False,,
NM_001161563,1,,False,False,False,False,False,False,,
NM_001161564,1,,False,False,False,False,False,False,,
NM_001161565,1,,False,False,False,False,False,False,,
NM_001161566,1,,False,False,False,False,False,False,,
NM_001161683,1,,False,False,False,False,False,False,,
NM_001163788,1,,False,False,False,False,False,False,,
NM_001163790,1,,False,False,False,False,False,False,,
NM_001164,4,,False,False,False,False,False,False,,
NM_001164165,1,,False,False,False,False,False,False,,
NM_001164315,1,,False,False,False,False,False,False,,
NM_001164473,1,,False,False,False,False,False,False,,
NM_001164537,1,,False,False,False,False,False,False,,
NM_001164540,1,,False,False,False,False,False,False,,
NM_001164674,1,,False,False,False,False,False,False,,
NM_001164675,1,,False,False,False,False,False,False,,
NM_001164692,1,,False,False,False,False,False,False,,
NM_001165255,1,,False,False,False,False,False,False,,
NM_001165881,1,,False,False,False,False,False,False,,
NM_001165882,1,,False,False,False,False,False,False,,
NM_001165883,1,,False,False,False,False,False,False,,
NM_001165884,1,,False,False,False,False,False,False,,
NM_001165885,1,,False,False,False,False,False,False,,
NM_001165886,1,,False,False,False,False,False,False,,
NM_001165887,1,,False,False,False,False,False,False,,
NM_001165947,1,,False,False,False,False,False,False,,
NM_001165972,1,,False,False,False,False,False,False,,
NM_001165973,1,,False,False,False,False,False,False,,
NM_001165974,1,,False,False,False,False,False,False,,
NM_001166253,1,,False,False,False,False,False,False,,
NM_001166254,1,,False,False,False,False,False,False,,
NM_001166345,1,,False,False,False,False,False,False,,
NM_001166355,1,,False,False,False,False,False,False,,
NM_001166496,1,,False,False,False,False,False,False,,
NM_001166693,1,,False,False,False,False,False,False,,
NM_001167576,1,,False,False,False,False,False,False,,
NM_001167577,1,,False,False,False,False,False,False,,
NM_001167741,1,,False,False,False,False,False,False,,
NM_001167856,1,,False,False,False,False,False,False,,
NM_001168,1,,False,False,False,False,False,False,,
NM_001168236,2,,False,False,False,False,False,False,,
NM_001168237,2,,False,False,False,False,False,False,,
NM_001168238,2,,False,False,False,False,False,False,,
NM_001168239,2,,False,False,False,False,False,False,,
NM_001168241,1,,False,False,False,False,False,False,,
NM_001169,1,,False,False,False,False,False,False,,
NM_001170423,1,,False,False,False,False,False,False,,
NM_001170791,1,,False,False,False,False,False,False,,
NM_001170792,1,,False,False,False,False,False,False,,
NM_001170793,1,,False,False,False,False,False,False,,
NM_001171087,1,,False,False,False,False,False,False,,
NM_001171088,1,,False,False,False,False,False,False,,
NM_001171089,1,,False,False,False,False,False,False,,
NM_001171506,1,,False,False,False,False,False,False,,
NM_001171507,1,,False,False,False,False,False,False,,
NM_001171508,1,,False,False,False,False,False,False,,
NM_001171509,1,,False,False,False,False,False,False,,
NM_001171510,1,,False,False,False,False,False,False,,
NM_001171511,1,,False,False,False,False,False,False,,
NM_001171795,1,,False,False,False,False,False,False,,
NM_001171796,1,,False,False,False,False,False,False,,
NM_001171797,1,,False,False,False,False,False,False,,
NM_001171798,1,,False,False,False,False,False,False,,
NM_001171799,1,,False,False,False,False,False,False,,
NM_001171832,1,,False,False,False,False,False,False,,
NM_001172509,1,,False,False,False,False,False,False,,
NM_001172517,1,,False,False,False,False,False,False,,
NM_001172687,1,,False,False,False,False,False,False,,
NM_001172688,1,,False,False,False,False,False,False,,
NM_001172773,1,,False,False,False,False,False,False,,
NM_001174063,1,,False,False,False,False,False,False,,
NM_001174064,1,,False,False,False,False,False,False,,
NM_001174065,1,,False,False,False,False,False,False,,
NM_001174066,1,,False,False,False,False,False,False,,
NM_001174067,1,,False,False,False,False,False,False,,
NM_001177428,1,,False,False,False,False,False,False,,
NM_001177431,1,,False,False,False,False,False,False,,
NM_001177433,1,,False,False,False,False,False,False,,
NM_001177506,1,,False,False,False,False,False,False,,
NM_001177507,1,,False,False,False,False,False,False,,
NM_001177562,1,,False,False,False,False,False,False,,
NM_001177563,1,,False,False,False,False,False,False,,
NM_001177676,1,,False,False,False,False,False,False,,
NM_001177693,1,,False,False,False,False,False,False,,
NM_001177998,2,,False,False,False,False,False,False,,
NM_001177999,2,,False,False,False,False,False,False,,
NM_001178035,1,,False,False,False,False,False,False,,
NM_001178088,1,,False,False,False,False,False,False,,
NM_001178091,1,,False,False,False,False,False,False,,
NM_001178092,1,,False,False,False,False,False,False,,
NM_001178093,1,,False,False,False,False,False,False,,
NM_001178094,1,,False,False,False,False,False,False,,
NM_001178137,1,,False,False,False,False,False,False,,
NM_001184741,1,,False,False,False,False,False,False,,
NM_001184744,1,,False,False,False,False,False,False,,
NM_001184779,1,,False,False,False,False,False,False,,
NM_001184780,1,,False,False,False,False,False,False,,
NM_001184917,1,,False,False,False,False,False,False,,
NM_001184977,1,,False,False,False,False,False,False,,
NM_001184985,1,,False,False,False,False,False,False,,
NM_001185095,1,,False,False,False,False,False,False,,
NM_001185096,1,,False,False,False,False,False,False,,
NM_001190709,1,,False,False,False,False,False,False,,
NM_001190826,1,,False,False,False,False,False,False,,
NM_001190827,1,,False,False,False,False,False,False,,
NM_001190906,1,,False,False,False,False,False,False,,
NM_001190907,1,,False,False,False,False,False,False,,
NM_001191,1,,False,False,False,False,False,False,,
NM_001191033,1,,False,False,False,False,False,False,,
NM_001191035,1,,False,False,False,False,False,False,,
NM_001191036,1,,False,False,False,False,False,False,,
NM_001193321,1,,False,False,False,False,False,False,,
NM_001193322,1,,False,False,False,False,False,False,,
NM_001193495,1,,False,False,False,False,False,False,,
NM_001193599,1,,False,False,False,False,False,False,,
NM_001193600,1,,False,False,False,False,False,False,,
NM_001193617,1,,False,False,False,False,False,False,,
NM_001195098,1,,False,False,False,False,False,False,,
NM_001195099,1,,False,False,False,False,False,False,,
NM_001195227,1,,False,False,False,False,False,False,,
NM_001195388,1,,False,False,False,False,False,False,,
NM_001195518,1,,False,False,False,False,False,False,,
NM_001195519,1,,False,False,False,False,False,False,,
NM_001195736,1,,False,False,False,False,False,False,,
NM_001195737,1,,False,False,False,False,False,False,,
NM_001195738,1,,False,False,False,False,False,False,,
NM_001195740,1,,False,False,False,False,False,False,,
NM_001195741,1,,False,False,False,False,False,False,,
NM_001197097,2,,False,False,False,False,False,False,,
NM_001197098,2,,False,False,False,False,False,False,,
NM_001198621,1,,False,False,False,False,False,False,,
NM_001198783,1,,False,False,False,False,False,False,,
NM_001198786,1,,False,False,False,False,False,False,,
NM_001198838,1,,False,False,False,False,False,False,,
NM_001198840,1,,False,False,False,False,False,False,,
NM_001198850,1,,False,False,False,False,False,False,,
NM_001198851,1,,False,False,False,False,False,False,,
NM_001198852,1,,False,False,False,False,False,False,,
NM_001198863,1,,False,False,False,False,False,False,,
NM_001198963,2,,False,False,False,False,False,False,,
NM_001199017,1,,False,False,False,False,False,False,,
NM_001199018,1,,False,False,False,False,False,False,,
NM_001199022,2,,False,False,False,False,False,False,,
NM_001199140,1,,False,False,False,False,False,False,,
NM_001199165,1,,False,False,False,False,False,False,,
NM_001199207,2,,False,False,False,False,False,False,,
NM_001199261,1,,False,False,False,False,False,False,,
NM_001199262,1,,False,False,False,False,False,False,,
NM_001199263,1,,False,False,False,False,False,False,,
NM_001199282,1,,False,False,False,False,False,False,,
NM_001199290,1,,False,False,False,False,False,False,,
NM_001199302,1,,False,False,False,False,False,False,,
NM_001199303,1,,False,False,False,False,False,False,,
NM_001199649,1,,False,False,False,False,False,False,,
NM_001199744,1,,False,False,False,False,False,False,,
NM_001199805,1,,False,False,False,False,False,False,,
NM_001199859,1,,False,False,False,False,False,False,,
NM_001200001,1,,False,False,False,False,False,False,,
NM_001201372,1,,False,False,False,False,False,False,,
NM_001202438,1,,False,False,False,False,False,False,,
NM_001202475,2,,False,False,False,False,False,False,,
NM_001202481,2,,False,False,False,False,False,False,,
NM_001202482,1,,False,False,False,False,False,False,,
NM_001202483,1,,False,False,False,False,False,False,,
NM_001202485,2,,False,False,False,False,False,False,,
NM_001202543,1,,False,False,False,False,False,False,,
NM_001202544,1,,False,False,False,False,False,False,,
NM_001202545,1,,False,False,False,False,False,False,,
NM_001202546,1,,False,False,False,False,False,False,,
NM_001203263,1,,False,False,False,False,False,False,,
NM_001203264,1,,False,False,False,False,False,False,,
NM_001203265,1,,False,False,False,False,False,False,,
NM_001204375,1,,False,False,False,False,False,False,,
NM_001204376,1,,False,False,False,False,False,False,,
NM_001204824,1,,False,False,False,False,False,False,,
NM_001206557,1,,False,False,False,False,False,False,,
NM_001206673,1,,False,False,False,False,False,False,,
NM_001206878,1,,False,False,False,False,False,False,,
NM_001206950,1,,False,False,False,False,False,False,,
NM_001206951,1,,False,False,False,False,False,False,,
NM_001206952,1,,False,False,False,False,False,False,,
NM_001206971,1,,False,False,False,False,False,False,,
NM_001206972,1,,False,False,False,False,False,False,,
NM_001207067,1,,False,False,False,False,False,False,,
NM_001207068,1,,False,False,False,False,False,False,,
NM_001207069,1,,False,False,False,False,False,False,,
NM_001220,1,,False,False,False,False,False,False,,
NM_001220473,1,,False,False,False,False,False,False,,
NM_001220474,1,,False,False,False,False,False,False,,
NM_001220475,1,,False,False,False,False,False,False,,
NM_001220476,1,,False,False,False,False,False,False,,
NM_001220477,1,,False,False,False,False,False,False,,
NM_001220478,1,,False,False,False,False,False,False,,
NM_001220479,1,,False,False,False,False,False,False,,
NM_001220480,1,,False,False,False,False,False,False,,
NM_001224,1,,False,False,False,False,False,False,,
NM_001240,1,,False,False,False,False,False,False,,
NM_001242393,1,,False,False,False,False,False,False,,
NM_001242399,1,,False,False,False,False,False,False,,
NM_001242400,1,,False,False,False,False,False,False,,
NM_001242401,1,,False,False,False,False,False,False,,
NM_001242402,1,,False,False,False,False,False,False,,
NM_001242403,1,,False,False,False,False,False,False,,
NM_001242404,1,,False,False,False,False,False,False,,
NM_001242405,1,,False,False,False,False,False,False,,
NM_001242406,1,,False,False,False,False,False,False,,
NM_001242412,1,,False,False,False,False,False,False,,
NM_001242460,1,,False,False,False,False,False,False,,
NM_001242462,1,,False,False,False,False,False,False,,
NM_001242487,1,,False,False,False,False,False,False,,
NM_001242488,1,,False,False,False,False,False,False,,
NM_001242599,1,,False,False,False,False,False,False,,
NM_001242600,1,,False,False,False,False,False,False,,
NM_001242750,1,,False,False,False,False,False,False,,
NM_001242786,1,,False,False,False,False,False,False,,
NM_001242787,1,,False,False,False,False,False,False,,
NM_001242800,1,,False,False,False,False,False,False,,
NM_001242801,1,,False,False,False,False,False,False,,
NM_001242802,1,,False,False,False,False,False,False,,
NM_001242935,2,,False,False,False,False,False,False,,
NM_001243093,1,,False,False,False,False,False,False,,
NM_001243108,1,,False,False,False,False,False,False,,
NM_001243121,1,,False,False,False,False,False,False,,
NM_001243127,1,,False,False,False,False,False,False,,
NM_001243135,1,,False,False,False,False,False,False,,
NM_001243136,1,,False,False,False,False,False,False,,
NM_001243194,1,,False,False,False,False,False,False,,
NM_001243198,1,,False,False,False,False,False,False,,
NM_001243299,1,,False,False,False,False,False,False,,
NM_001243342,1,,False,False,False,False,False,False,,
NM_001243351,1,,False,False,False,False,False,False,,
NM_001243539,1,,False,False,False,False,False,False,,
NM_001243728,1,,False,False,False,False,False,False,,
NM_001243773,1,,False,False,False,False,False,False,,
NM_001243774,1,,False,False,False,False,False,False,,
NM_001243784,1,,False,False,False,False,False,False,,
NM_001243812,2,,False,False,False,False,False,False,,
NM_001243900,1,,False,False,False,False,False,False,,
NM_001244364,1,,False,False,False,False,False,False,,
NM_001244580,1,,False,False,False,False,False,False,,
NM_001244682,1,,False,False,False,False,False,False,,
NM_001244753,1,,False,False,False,False,False,False,,
NM_001244896,1,,False,False,False,False,False,False,,
NM_001244897,1,,False,False,False,False,False,False,,
NM_001244898,1,,False,False,False,False,False,False,,
NM_001244963,1,,False,False,False,False,False,False,,
NM_001248006,1,,False,False,False,False,False,False,,
NM_001248007,1,,False,False,False,False,False,False,,
NM_001251845,1,,False,False,False,False,False,False,,
NM_001252039,1,,False,False,False,False,False,False,,
NM_001252043,1,,False,False,False,False,False,False,,
NM_001252269,1,,False,False,False,False,False,False,,
NM_001252270,1,,False,False,False,False,False,False,,
NM_001252271,1,,False,False,False,False,False,False,,
NM_001252273,1,,False,False,False,False,False,False,,
NM_001252507,1,,False,False,False,False,False,False,,
NM_001253387,1,,False,False,False,False,False,False,,
NM_001253388,1,,False,False,False,False,False,False,,
NM_001256090,1,,False,False,False,False,False,False,,
NM_001256091,1,,False,False,False,False,False,False,,
NM_001256092,1,,False,False,False,False,False,False,,
NM_001256093,1,,False,False,False,False,False,False,,
NM_001256346,1,,False,False,False,False,False,False,,
NM_001256347,1,,False,False,False,False,False,False,,
NM_001256348,1,,False,False,False,False,False,False,,
NM_001256418,1,,False,False,False,False,False,False,,
NM_001256433,1,,False,False,False,False,False,False,,
NM_001256434,1,,False,False,False,False,False,False,,
NM_001256435,1,,False,False,False,False,False,False,,
NM_001256456,1,,False,False,False,False,False,False,,
NM_001256460,1,,False,False,False,False,False,False,,
NM_001256462,1,,False,False,False,False,False,False,,
NM_001256463,1,,False,False,False,False,False,False,,
NM_001256486,1,,False,False,False,False,False,False,,
NM_001256487,1,,False,False,False,False,False,False,,
NM_001256488,1,,False,False,False,False,False,False,,
NM_001256526,1,,False,False,False,False,False,False,,
NM_001256560,2,,False,False,False,False,False,False,,
NM_001256570,1,,False,False,False,False,False,False,,
NM_001256585,1,,False,False,False,False,False,False,,
NM_001256658,1,,False,False,False,False,False,False,,
NM_001256659,1,,False,False,False,False,False,False,,
NM_001256660,1,,False,False,False,False,False,False,,
NM_001256661,1,,False,False,False,False,False,False,,
NM_001256662,1,,False,False,False,False,False,False,,
NM_001256695,1,,False,False,False,False,False,False,,
NM_001256765,1,,False,False,False,False,False,False,,
NM_001256850,1,,False,False,False,False,False,False,,
NM_001256909,1,,False,False,False,False,False,False,,
NM_001257281,1,,False,False,False,False,False,False,,
NM_001257319,2,,False,False,False,False,False,False,,
NM_001257320,2,,False,False,False,False,False,False,,
NM_001257321,2,,False,False,False,False,False,False,,
NM_001257323,2,,False,False,False,False,False,False,,
NM_001257325,2,,False,False,False,False,False,False,,
NM_001257326,2,,False,False,False,False,False,False,,
NM_001257360,1,,False,False,False,False,False,False,,
NM_001257363,1,,False,False,False,False,False,False,,
NM_001258029,1,,False,False,False,False,False,False,,
NM_001258030,1,,False,False,False,False,False,False,,
NM_001258033,1,,False,False,False,False,False,False,,
NM_001258034,1,,False,False,False,False,False,False,,
NM_001258035,1,,False,False,False,False,False,False,,
NM_001258036,1,,False,False,False,False,False,False,,
NM_001258401,1,,False,False,False,False,False,False,,
NM_001261406,1,,False,False,False,False,False,False,,
NM_001261407,1,,False,False,False,False,False,False,,
NM_001261427,1,,False,False,False,False,False,False,,
NM_001261428,1,,False,False,False,False,False,False,,
NM_001261435,1,,False,False,False,False,False,False,,
NM_001261436,1,,False,False,False,False,False,False,,
NM_001261447,1,,False,False,False,False,False,False,,
NM_001261448,1,,False,False,False,False,False,False,,
NM_001261835,1,,False,False,False,False,False,False,,
NM_001261839,1,,False,False,False,False,False,False,,
NM_001264573,1,,False,False,False,False,False,False,,
NM_001265577,1,,False,False,False,False,False,False,,
NM_001267550,1,,False,False,False,False,False,False,,
NM_001270375,1,,False,False,False,False,False,False,,
NM_001270584,1,,False,False,False,False,False,False,,
NM_001270585,1,,False,False,False,False,False,False,,
NM_001270648,1,,False,False,False,False,False,False,,
NM_001270649,1,,False,False,False,False,False,False,,
NM_001270691,1,,False,False,False,False,False,False,,
NM_001270880,1,,False,False,False,False,False,False,,
NM_001270881,1,,False,False,False,False,False,False,,
NM_001270942,1,,False,False,False,False,False,False,,
NM_001270943,1,,False,False,False,False,False,False,,
NM_001270944,1,,False,False,False,False,False,False,,
NM_001270960,1,,False,False,False,False,False,False,,
NM_001270998,1,,False,False,False,False,False,False,,
NM_001270999,1,,False,False,False,False,False,False,,
NM_001271035,1,,False,False,False,False,False,False,,
NM_001271036,1,,False,False,False,False,False,False,,
NM_001271037,1,,False,False,False,False,False,False,,
NM_001271223,1,,False,False,False,False,False,False,,
NM_001271440,1,,False,False,False,False,False,False,,
NM_001271441,1,,False,False,False,False,False,False,,
NM_001271442,1,,False,False,False,False,False,False,,
NM_001271634,1,,False,False,False,False,False,False,,
NM_001271803,2,,False,False,False,False,False,False,,
NM_001271869,1,,False,False,False,False,False,False,,
NM_001272095,1,,False,False,False,False,False,False,,
NM_001272096,1,,False,False,False,False,False,False,,
NM_001276277,1,,False,False,False,False,False,False,,
NM_001276326,1,,False,False,False,False,False,False,,
NM_001276327,1,,False,False,False,False,False,False,,
NM_001276331,1,,False,False,False,False,False,False,,
NM_001276695,1,,False,False,False,False,False,False,,
NM_001276696,1,,False,False,False,False,False,False,,
NM_001276697,1,,False,False,False,False,False,False,,
NM_001276698,1,,False,False,False,False,False,False,,
NM_001276699,1,,False,False,False,False,False,False,,
NM_001276760,1,,False,False,False,False,False,False,,
NM_001276761,1,,False,False,False,False,False,False,,
NM_001277140,1,,False,False,False,False,False,False,,
NM_001277145,1,,False,False,False,False,False,False,,
NM_001277842,1,,False,False,False,False,False,False,,
NM_001278298,1,,False,False,False,False,False,False,,
NM_001278312,1,,False,False,False,False,False,False,,
NM_001278322,1,,False,False,False,False,False,False,,
NM_001278352,1,,False,False,False,False,False,False,,
NM_001278411,1,,False,False,False,False,False,False,,
NM_001278412,1,,False,False,False,False,False,False,,
NM_001278553,1,,False,False,False,False,False,False,,
NM_001278585,1,,False,False,False,False,False,False,,
NM_001278657,1,,False,False,False,False,False,False,,
NM_001278690,1,,False,False,False,False,False,False,,
NM_001280787,1,,False,False,False,False,False,False,,
NM_001281467,1,,False,False,False,False,False,False,,
NM_001281471,1,,False,False,False,False,False,False,,
NM_001281473,1,,False,False,False,False,False,False,,
NM_001281474,1,,False,False,False,False,False,False,,
NM_001281492,1,,False,False,False,False,False,False,,
NM_001281493,1,,False,False,False,False,False,False,,
NM_001281494,1,,False,False,False,False,False,False,,
NM_001281956,1,,False,False,False,False,False,False,,
NM_001282179,1,,False,False,False,False,False,False,,
NM_001282180,1,,False,False,False,False,False,False,,
NM_001282181,1,,False,False,False,False,False,False,,
NM_001282182,1,,False,False,False,False,False,False,,
NM_001282203,1,,False,False,False,False,False,False,,
NM_001282204,1,,False,False,False,False,False,False,,
NM_001282322,2,,False,False,False,False,False,False,,
NM_001282353,1,,False,False,False,False,False,False,,
NM_001282354,1,,False,False,False,False,False,False,,
NM_001282355,1,,False,False,False,False,False,False,,
NM_001282388,1,,False,False,False,False,False,False,,
NM_001282389,1,,False,False,False,False,False,False,,
NM_001282390,1,,False,False,False,False,False,False,,
NM_001282394,1,,False,False,False,False,False,False,,
NM_001282417,1,,False,False,False,False,False,False,,
NM_001282463,1,,False,False,False,False,False,False,,
NM_001282464,1,,False,False,False,False,False,False,,
NM_001282536,1,,False,False,False,False,False,False,,
NM_001282691,1,,False,False,False,False,False,False,,
NM_001282716,1,,False,False,False,False,False,False,,
NM_001282717,1,,False,False,False,False,False,False,,
NM_001282718,1,,False,False,False,False,False,False,,
NM_001282752,1,,False,False,False,False,False,False,,
NM_001282790,1,,False,False,False,False,False,False,,
NM_001282791,1,,False,False,False,False,False,False,,
NM_001282863,1,,False,False,False,False,False,False,,
NM_001282864,1,,False,False,False,False,False,False,,
NM_001282899,1,,False,False,False,False,False,False,,
NM_001282900,1,,False,False,False,False,False,False,,
NM_001282923,1,,False,False,False,False,False,False,,
NM_001282979,1,,False,False,False,False,False,False,,
NM_001282980,1,,False,False,False,False,False,False,,
NM_001282981,1,,False,False,False,False,False,False,,
NM_001282982,1,,False,False,False,False,False,False,,
NM_001282985,1,,False,False,False,False,False,False,,
NM_001283009,1,,False,False,False,False,False,False,,
NM_001283010,1,,False,False,False,False,False,False,,
NM_001283041,1,,False,False,False,False,False,False,,
NM_001283042,1,,False,False,False,False,False,False,,
NM_001284240,1,,False,False,False,False,False,False,,
NM_001284242,1,,False,False,False,False,False,False,,
NM_001284243,1,,False,False,False,False,False,False,,
NM_001284275,2,,False,False,False,False,False,False,,
NM_001284276,2,,False,False,False,False,False,False,,
NM_001284313,1,,False,False,False,False,False,False,,
NM_001284315,1,,False,False,False,False,False,False,,
NM_001284355,1,,False,False,False,False,False,False,,
NM_001284357,1,,False,False,False,False,False,False,,
NM_001284401,1,,False,False,False,False,False,False,,
NM_001284509,1,,False,False,False,False,False,False,,
NM_001284510,1,,False,False,False,False,False,False,,
NM_001284527,1,,False,False,False,False,False,False,,
NM_001284528,1,,False,False,False,False,False,False,,
NM_001284529,1,,False,False,False,False,False,False,,
NM_001285900,1,,False,False,False,False,False,False,,
NM_001286173,1,,False,False,False,False,False,False,,
NM_001286174,1,,False,False,False,False,False,False,,
NM_001286175,1,,False,False,False,False,False,False,,
NM_001286176,1,,False,False,False,False,False,False,,
NM_001286177,1,,False,False,False,False,False,False,,
NM_001286365,2,,False,False,False,False,False,False,,
NM_001286366,2,,False,False,False,False,False,False,,
NM_001286462,1,,False,False,False,False,False,False,,
NM_001286463,1,,False,False,False,False,False,False,,
NM_001286476,1,,False,False,False,False,False,False,,
NM_001286477,1,,False,False,False,False,False,False,,
NM_001286516,1,,False,False,False,False,False,False,,
NM_001286559,1,,False,False,False,False,False,False,,
NM_001286613,1,,False,False,False,False,False,False,,
NM_001286696,1,,False,False,False,False,False,False,,
NM_001286697,1,,False,False,False,False,False,False,,
NM_001286698,1,,False,False,False,False,False,False,,
NM_001286734,1,,False,False,False,False,False,False,,
NM_001286760,1,,False,False,False,False,False,False,,
NM_001286806,1,,False,False,False,False,False,False,,
NM_001286807,1,,False,False,False,False,False,False,,
NM_001286827,1,,False,False,False,False,False,False,,
NM_001286839,1,,False,False,False,False,False,False,,
NM_001286840,1,,False,False,False,False,False,False,,
NM_001286841,1,,False,False,False,False,False,False,,
NM_001286842,1,,False,False,False,False,False,False,,
NM_001287147,1,,False,False,False,False,False,False,,
NM_001287191,1,,False,False,False,False,False,False,,
NM_001287192,1,,False,False,False,False,False,False,,
NM_001287489,1,,False,False,False,False,False,False,,
NM_001288574,1,,False,False,False,False,False,False,,
NM_001288575,1,,False,False,False,False,False,False,,
NM_001288587,2,,False,False,False,False,False,False,,
NM_001288705,1,,False,False,False,False,False,False,,
NM_001288727,1,,False,False,False,False,False,False,,
NM_001288728,1,,False,False,False,False,False,False,,
NM_001288754,1,,False,False,False,False,False,False,,
NM_001288755,1,,False,False,False,False,False,False,,
NM_001288758,1,,False,False,False,False,False,False,,
NM_001289006,1,,False,False,False,False,False,False,,
NM_001289022,1,,False,False,False,False,False,False,,
NM_001289030,1,,False,False,False,False,False,False,,
NM_001289031,1,,False,False,False,False,False,False,,
NM_001289054,1,,False,False,False,False,False,False,,
NM_001289056,1,,False,False,False,False,False,False,,
NM_001289067,1,,False,False,False,False,False,False,,
NM_001289068,1,,False,False,False,False,False,False,,
NM_001289069,1,,False,False,False,False,False,False,,
NM_001289070,1,,False,False,False,False,False,False,,
NM_001289071,1,,False,False,False,False,False,False,,
NM_001289072,1,,False,False,False,False,False,False,,
NM_001289073,1,,False,False,False,False,False,False,,
NM_001289074,1,,False,False,False,False,False,False,,
NM_001289075,1,,False,False,False,False,False,False,,
NM_001289134,1,,False,False,False,False,False,False,,
NM_001289139,1,,False,False,False,False,False,False,,
NM_001289975,1,,False,False,False,False,False,False,,
NM_001289993,1,,False,False,False,False,False,False,,
NM_001290208,1,,False,False,False,False,False,False,,
NM_001290209,1,,False,False,False,False,False,False,,
NM_001290210,1,,False,False,False,False,False,False,,
NM_001290252,1,,False,False,False,False,False,False,,
NM_001290253,1,,False,False,False,False,False,False,,
NM_001290263,1,,False,False,False,False,False,False,,
NM_001290327,1,,False,False,False,False,False,False,,
NM_001290360,1,,False,False,False,False,False,False,,
NM_001291339,1,,False,False,False,False,False,False,,
NM_001291476,1,,False,False,False,False,False,False,,
NM_001291494,1,,False,False,False,False,False,False,,
NM_001291807,1,,False,False,False,False,False,False,,
NM_001291815,1,,False,False,False,False,False,False,,
NM_001291976,1,,False,False,False,False,False,False,,
NM_001291977,1,,False,False,False,False,False,False,,
NM_001291981,1,,False,False,False,False,False,False,,
NM_001291984,1,,False,False,False,False,False,False,,
NM_001293083,1,,False,False,False,False,False,False,,
NM_001293163,1,,False,False,False,False,False,False,,
NM_001293164,1,,False,False,False,False,False,False,,
NM_001293170,1,,False,False,False,False,False,False,,
NM_001293273,1,,False,False,False,False,False,False,,
NM_001293285,2,,False,False,False,False,False,False,,
NM_001293286,2,,False,False,False,False,False,False,,
NM_001293306,2,,False,False,False,False,False,False,,
NM_001293307,2,,False,False,False,False,False,False,,
NM_001293634,1,,False,False,False,False,False,False,,
NM_001293815,1,,False,False,False,False,False,False,,
NM_001294333,1,,False,False,False,False,False,False,,
NM_001294348,1,,False,False,False,False,False,False,,
NM_001297436,1,,False,False,False,False,False,False,,
NM_001297602,1,,False,False,False,False,False,False,,
NM_001297603,1,,False,False,False,False,False,False,,
NM_001297604,1,,False,False,False,False,False,False,,
NM_001297640,1,,False,False,False,False,False,False,,
NM_001297642,1,,False,False,False,False,False,False,,
NM_001297643,1,,False,False,False,False,False,False,,
NM_001297669,1,,False,False,False,False,False,False,,
NM_001297670,1,,False,False,False,False,False,False,,
NM_001297671,1,,False,False,False,False,False,False,,
NM_001297672,1,,False,False,False,False,False,False,,
NM_001297707,1,,False,False,False,False,False,False,,
NM_001297708,1,,False,False,False,False,False,False,,
NM_001297736,1,,False,False,False,False,False,False,,
NM_001297737,1,,False,False,False,False,False,False,,
NM_001297739,1,,False,False,False,False,False,False,,
NM_001300786,1,,False,False,False,False,False,False,,
NM_001300787,1,,False,False,False,False,False,False,,
NM_001300834,1,,False,False,False,False,False,False,,
NM_001300835,1,,False,False,False,False,False,False,,
NM_001300865,1,,False,False,False,False,False,False,,
NM_001300889,2,,False,False,False,False,False,False,,
NM_001300910,1,,False,False,False,False,False,False,,
NM_001301063,1,,False,False,False,False,False,False,,
NM_001301110,1,,False,False,False,False,False,False,,
NM_001301212,1,,False,False,False,False,False,False,,
NM_001301365,1,,False,False,False,False,False,False,,
NM_001301732,1,,False,False,False,False,False,False,,
NM_001301779,1,,False,False,False,False,False,False,,
NM_001301780,1,,False,False,False,False,False,False,,
NM_001301819,1,,False,False,False,False,False,False,,
NM_001302680,1,,False,False,False,False,False,False,,
NM_001302797,1,,False,False,False,False,False,False,,
NM_001302891,1,,False,False,False,False,False,False,,
NM_001303043,3,,False,False,False,False,False,False,,
NM_001303126,1,,False,False,False,False,False,False,,
NM_001303268,1,,False,False,False,False,False,False,,
NM_001303269,1,,False,False,False,False,False,False,,
NM_001303411,1,,False,False,False,False,False,False,,
NM_001303412,1,,False,False,False,False,False,False,,
NM_001303413,1,,False,False,False,False,False,False,,
NM_001303422,1,,False,False,False,False,False,False,,
NM_001303450,1,,False,False,False,False,False,False,,
NM_001303472,1,,False,False,False,False,False,False,,
NM_001303494,1,,False,False,False,False,False,False,,
NM_001304275,1,,False,False,False,False,False,False,,
NM_001304342,1,,False,False,False,False,False,False,,
NM_001304353,1,,False,False,False,False,False,False,,
NM_001304420,2,,False,False,False,False,False,False,,
NM_001304421,2,,False,False,False,False,False,False,,
NM_001304422,2,,False,False,False,False,False,False,,
NM_001304423,2,,False,False,False,False,False,False,,
NM_001304521,1,,False,False,False,False,False,False,,
NM_001304722,1,,False,False,False,False,False,False,,
NM_001304723,1,,False,False,False,False,False,False,,
NM_001304724,1,,False,False,False,False,False,False,,
NM_001304808,1,,False,False,False,False,False,False,,
NM_001304809,1,,False,False,False,False,False,False,,
NM_001304811,1,,False,False,False,False,False,False,,
NM_001304815,1,,False,False,False,False,False,False,,
NM_001304947,1,,False,False,False,False,False,False,,
NM_001304968,1,,False,False,False,False,False,False,,
NM_001305077,1,,False,False,False,False,False,False,,
NM_001305078,1,,False,False,False,False,False,False,,
NM_001305079,1,,False,False,False,False,False,False,,
NM_001305080,1,,False,False,False,False,False,False,,
NM_001305081,1,,False,False,False,False,False,False,,
NM_001305082,1,,False,False,False,False,False,False,,
NM_001305083,1,,False,False,False,False,False,False,,
NM_001305084,1,,False,False,False,False,False,False,,
NM_001305085,1,,False,False,False,False,False,False,,
NM_001305086,1,,False,False,False,False,False,False,,
NM_001305087,1,,False,False,False,False,False,False,,
NM_001305088,1,,False,False,False,False,False,False,,
NM_001305134,1,,False,False,False,False,False,False,,
NM_001305145,1,,False,False,False,False,False,False,,
NM_001305275,1,,False,False,False,False,False,False,,
NM_001306090,1,,False,False,False,False,False,False,,
NM_001306092,1,,False,False,False,False,False,False,,
NM_001306199,1,,False,False,False,False,False,False,,
NM_001306200,1,,False,False,False,False,False,False,,
NM_001307924,1,,False,False,False,False,False,False,,
NM_001307931,1,,False,False,False,False,False,False,,
NM_001307985,1,,False,False,False,False,False,False,,
NM_001307986,1,,False,False,False,False,False,False,,
NM_001307987,1,,False,False,False,False,False,False,,
NM_001308100,2,,False,False,False,False,False,False,,
NM_001308105,1,,False,False,False,False,False,False,,
NM_001308106,1,,False,False,False,False,False,False,,
NM_001308107,2,,False,False,False,False,False,False,,
NM_001308108,1,,False,False,False,False,False,False,,
NM_001308109,2,,False,False,False,False,False,False,,
NM_001308157,1,,False,False,False,False,False,False,,
NM_001308170,1,,False,False,False,False,False,False,,
NM_001308201,1,,False,False,False,False,False,False,,
NM_001308267,1,,False,False,False,False,False,False,,
NM_001308268,1,,False,False,False,False,False,False,,
NM_001308320,1,,False,False,False,False,False,False,,
NM_001310,2,,False,False,False,False,False,False,,
NM_001346,1,,False,False,False,False,False,False,,
NM_001372,1,,False,False,False,False,False,False,,
NM_001376,1,,False,False,False,False,False,False,,
NM_001408,2,,False,False,False,False,False,False,,
NM_001430,1,,False,False,False,False,False,False,,
NM_001446,1,,False,False,False,False,False,False,,
NM_001523,1,,False,False,False,False,False,False,,
NM_001543,1,,False,False,False,False,False,False,,
NM_001606,1,,False,False,False,False,False,False,,
NM_001637,1,,False,False,False,False,False,False,,
NM_001640,1,,False,False,False,False,False,False,,
NM_001642,1,,False,False,False,False,False,False,,
NM_001683,1,,False,False,False,False,False,False,,
NM_001684,1,,False,False,False,False,False,False,,
NM_001714,1,,False,False,False,False,False,False,,
NM_001782,1,,False,False,False,False,False,False,,
NM_001813,1,,False,False,False,False,False,False,,
NM_001821,1,,False,False,False,False,False,False,,
NM_001848,1,,False,False,False,False,False,False,,
NM_001854,1,,False,False,False,False,False,False,,
NM_001858,1,,False,False,False,False,False,False,,
NM_001875,1,,False,False,False,False,False,False,,
NM_001879,2,,False,False,False,False,False,False,,
NM_001880,1,,False,False,False,False,False,False,,
NM_001883,1,,False,False,False,False,False,False,,
NM_001913,1,,False,False,False,False,False,False,,
NM_001920,1,,False,False,False,False,False,False,,
NM_001934,1,,False,False,False,False,False,False,,
NM_001936,1,,False,False,False,False,False,False,,
NM_001940,1,,False,False,False,False,False,False,,
NM_001973,1,,False,False,False,False,False,False,,
NM_001977,1,,False,False,False,False,False,False,,
NM_001980,1,,False,False,False,False,False,False,,
NM_002023,1,,False,False,False,False,False,False,,
NM_002044,1,,False,False,False,False,False,False,,
NM_002067,1,,False,False,False,False,False,False,,
NM_002141,1,,False,False,False,False,False,False,,
NM_002143,1,,False,False,False,False,False,False,,
NM_002154,1,,False,False,False,False,False,False,,
NM_002156,2,,False,False,False,False,False,False,,
NM_002157,2,,False,False,False,False,False,False,,
NM_002185,1,,False,False,False,False,False,False,,
NM_002189,1,,False,False,False,False,False,False,,
NM_002197,1,,False,False,False,False,False,False,,
NM_002207,1,,False,False,False,False,False,False,,
NM_002221,1,,False,False,False,False,False,False,,
NM_002241,1,,False,False,False,False,False,False,,
NM_002255,1,,False,False,False,False,False,False,,
NM_002275,1,,False,False,False,False,False,False,,
NM_002296,1,,False,False,False,False,False,False,,
NM_002303,1,,False,False,False,False,False,False,,
NM_002310,1,,False,False,False,False,False,False,,
NM_002313,1,,False,False,False,False,False,False,,
NM_002334,1,,False,False,False,False,False,False,,
NM_002336,1,,False,False,False,False,False,False,,
NM_002390,1,,False,False,False,False,False,False,,
NM_002434,1,,False,False,False,False,False,False,,
NM_002454,1,,False,False,False,False,False,False,,
NM_002496,1,,False,False,False,False,False,False,,
NM_002515,2,,False,False,False,False,False,False,,
NM_002532,1,,False,False,False,False,False,False,,
NM_002564,1,,False,False,False,False,False,False,,
NM_002568,1,,False,False,False,False,False,False,,
NM_002599,1,,False,False,False,False,False,False,,
NM_002646,1,,False,False,False,False,False,False,,
NM_002660,2,,False,False,False,False,False,False,,
NM_002663,1,,False,False,False,False,False,False,,
NM_002666,1,,False,False,False,False,False,False,,
NM_002697,1,,False,False,False,False,False,False,,
NM_002716,1,,False,False,False,False,False,False,,
NM_002736,1,,False,False,False,False,False,False,,
NM_002738,1,,False,False,False,False,False,False,,
NM_002820,1,,False,False,False,False,False,False,,
NM_002837,1,,False,False,False,False,False,False,,
NM_002844,1,,False,False,False,False,False,False,,
NM_002847,1,,False,False,False,False,False,False,,
NM_002855,1,,False,False,False,False,False,False,,
NM_002861,1,,False,False,False,False,False,False,,
NM_002891,1,,False,False,False,False,False,False,,
NM_002972,1,,False,False,False,False,False,False,,
NM_002977,1,,False,False,False,False,False,False,,
NM_002979,1,,False,False,False,False,False,False,,
NM_002988,1,,False,False,False,False,False,False,,
NM_003033,2,,False,False,False,False,False,False,,
NM_003051,1,,False,False,False,False,False,False,,
NM_003076,1,,False,False,False,False,False,False,,
NM_003124,1,,False,False,False,False,False,False,,
NM_003126,1,,False,False,False,False,False,False,,
NM_003162,1,,False,False,False,False,False,False,,
NM_003172,1,,False,False,False,False,False,False,,
NM_003188,1,,False,False,False,False,False,False,,
NM_003205,1,,False,False,False,False,False,False,,
NM_003245,1,,False,False,False,False,False,False,,
NM_003271,1,,False,False,False,False,False,False,,
NM_003304,1,,False,False,False,False,False,False,,
NM_003305,1,,False,False,False,False,False,False,,
NM_003306,1,,False,False,False,False,False,False,,
NM_003319,1,,False,False,False,False,False,False,,
NM_003345,1,,False,False,False,False,False,False,,
NM_003415,1,,False,False,False,False,False,False,,
NM_003417,1,,False,False,False,False,False,False,,
NM_003441,1,,False,False,False,False,False,False,,
NM_003455,1,,False,False,False,False,False,False,,
NM_003463,1,,False,False,False,False,False,False,,
NM_003475,1,,False,False,False,False,False,False,,
NM_003485,1,,False,False,False,False,False,False,,
NM_003490,1,,False,False,False,False,False,False,,
NM_003494,1,,False,False,False,False,False,False,,
NM_003496,1,,False,False,False,False,False,False,,
NM_003583,1,,False,False,False,False,False,False,,
NM_003598,1,,False,False,False,False,False,False,,
NM_003612,1,,False,False,False,False,False,False,,
NM_003624,1,,False,False,False,False,False,False,,
NM_003625,1,,False,False,False,False,False,False,,
NM_003638,1,,False,False,False,False,False,False,,
NM_003668,1,,False,False,False,False,False,False,,
NM_003678,1,,False,False,False,False,False,False,,
NM_003709,1,,False,False,False,False,False,False,,
NM_003722,1,,False,False,False,False,False,False,,
NM_003759,1,,False,False,False,False,False,False,,
NM_003822,1,,False,False,False,False,False,False,,
NM_003829,1,,False,False,False,False,False,False,,
NM_003881,1,,False,False,False,False,False,False,,
NM_003898,1,,False,False,False,False,False,False,,
NM_003900,1,,False,False,False,False,False,False,,
NM_003906,1,,False,False,False,False,False,False,,
NM_003907,3,,False,False,False,False,False,False,,
NM_003915,1,,False,False,False,False,False,False,,
NM_003923,1,,False,False,False,False,False,False,,
NM_004037,1,,False,False,False,False,False,False,,
NM_004047,1,,False,False,False,False,False,False,,
NM_004126,1,,False,False,False,False,False,False,,
NM_004134,1,,False,False,False,False,False,False,,
NM_004136,1,,False,False,False,False,False,False,,
NM_004137,1,,False,False,False,False,False,False,,
NM_004157,1,,False,False,False,False,False,False,,
NM_004183,1,,False,False,False,False,False,False,,
NM_004207,1,,False,False,False,False,False,False,,
NM_004211,1,,False,False,False,False,False,False,,
NM_004252,1,,False,False,False,False,False,False,,
NM_004274,2,,False,False,False,False,False,False,,
NM_004298,1,,False,False,False,False,False,False,,
NM_004301,1,,False,False,False,False,False,False,,
NM_004366,1,,False,False,False,False,False,False,,
NM_004380,2,,False,False,False,False,False,False,,
NM_004395,1,,False,False,False,False,False,False,,
NM_004418,1,,False,False,False,False,False,False,,
NM_004421,1,,False,False,False,False,False,False,,
NM_004441,1,,False,False,False,False,False,False,,
NM_004442,1,,False,False,False,False,False,False,,
NM_004460,1,,False,False,False,False,False,False,,
NM_004466,1,,False,False,False,False,False,False,,
NM_004487,1,,False,False,False,False,False,False,,
NM_004490,1,,False,False,False,False,False,False,,
NM_004519,1,,False,False,False,False,False,False,,
NM_004537,1,,False,False,False,False,False,False,,
NM_004553,1,,False,False,False,False,False,False,,
NM_004583,1,,False,False,False,False,False,False,,
NM_004604,1,,False,False,False,False,False,False,,
NM_004626,1,,False,False,False,False,False,False,,
NM_004646,1,,False,False,False,False,False,False,,
NM_004667,1,,False,False,False,False,False,False,,
NM_004669,1,,False,False,False,False,False,False,,
NM_004684,1,,False,False,False,False,False,False,,
NM_004713,1,,False,False,False,False,False,False,,
NM_004717,1,,False,False,False,False,False,False,,
NM_004758,1,,False,False,False,False,False,False,,
NM_004783,1,,False,False,False,False,False,False,,
NM_004792,1,,False,False,False,False,False,False,,
NM_004802,1,,False,False,False,False,False,False,,
NM_004850,1,,False,False,False,False,False,False,,
NM_004898,1,,False,False,False,False,False,False,,
NM_004902,1,,False,False,False,False,False,False,,
NM_004904,1,,False,False,False,False,False,False,,
NM_004914,1,,False,False,False,False,False,False,,
NM_004920,1,,False,False,False,False,False,False,,
NM_004928,1,,False,False,False,False,False,False,,
NM_004944,2,,False,False,False,False,False,False,,
NM_004952,1,,False,False,False,False,False,False,,
NM_004972,1,,False,False,False,False,False,False,,
NM_004980,1,,False,False,False,False,False,False,,
NM_004984,1,,False,False,False,False,False,False,,
NM_005011,1,,False,False,False,False,False,False,,
NM_005060,1,,False,False,False,False,False,False,,
NM_005078,1,,False,False,False,False,False,False,,
NM_005117,1,,False,False,False,False,False,False,,
NM_005141,1,,False,False,False,False,False,False,,
NM_005147,1,,False,False,False,False,False,False,,
NM_005149,1,,False,False,False,False,False,False,,
NM_005156,1,,False,False,False,False,False,False,,
NM_005158,2,,False,False,False,False,False,False,,
NM_005211,1,,False,False,False,False,False,False,,
NM_005249,1,,False,False,False,False,False,False,,
NM_005266,1,,False,False,False,False,False,False,,
NM_005277,1,,False,False,False,False,False,False,,
NM_005312,1,,False,False,False,False,False,False,,
NM_005336,1,,False,False,False,False,False,False,,
NM_005338,1,,False,False,False,False,False,False,,
NM_005353,1,,False,False,False,False,False,False,,
NM_005373,1,,False,False,False,False,False,False,,
NM_005382,1,,False,False,False,False,False,False,,
NM_005397,1,,False,False,False,False,False,False,,
NM_005419,1,,False,False,False,False,False,False,,
NM_005434,1,,False,False,False,False,False,False,,
NM_005444,1,,False,False,False,False,False,False,,
NM_005460,2,,False,False,False,False,False,False,,
NM_005490,1,,False,False,False,False,False,False,,
NM_005504,1,,False,False,False,False,False,False,,
NM_005515,1,,False,False,False,False,False,False,,
NM_005562,1,,False,False,False,False,False,False,,
NM_005607,1,,False,False,False,False,False,False,,
NM_005622,1,,False,False,False,False,False,False,,
NM_005637,1,,False,False,False,False,False,False,,
NM_005685,2,,False,False,False,False,False,False,,
NM_005688,1,,False,False,False,False,False,False,,
NM_005721,1,,False,False,False,False,False,False,,
NM_005731,1,,False,False,False,False,False,False,,
NM_005766,1,,False,False,False,False,False,False,,
NM_005768,1,,False,False,False,False,False,False,,
NM_005876,1,,False,False,False,False,False,False,,
NM_005879,1,,False,False,False,False,False,False,,
NM_005912,1,,False,False,False,False,False,False,,
NM_005935,1,,False,False,False,False,False,False,,
NM_005959,1,,False,False,False,False,False,False,,
NM_005963,1,,False,False,False,False,False,False,,
NM_005989,1,,False,False,False,False,False,False,,
NM_005992,1,,False,False,False,False,False,False,,
NM_005999,1,,False,False,False,False,False,False,,
NM_006011,1,,False,False,False,False,False,False,,
NM_006047,1,,False,False,False,False,False,False,,
NM_006071,2,,False,False,False,False,False,False,,
NM_006077,1,,False,False,False,False,False,False,,
NM_006151,1,,False,False,False,False,False,False,,
NM_006187,1,,False,False,False,False,False,False,,
NM_006209,2,,False,False,False,False,False,False,,
NM_006212,1,,False,False,False,False,False,False,,
NM_006226,1,,False,False,False,False,False,False,,
NM_006246,1,,False,False,False,False,False,False,,
NM_006264,1,,False,False,False,False,False,False,,
NM_006269,1,,False,False,False,False,False,False,,
NM_006285,1,,False,False,False,False,False,False,,
NM_006287,1,,False,False,False,False,False,False,,
NM_006309,1,,False,False,False,False,False,False,,
NM_006340,1,,False,False,False,False,False,False,,
NM_006342,1,,False,False,False,False,False,False,,
NM_006405,1,,False,False,False,False,False,False,,
NM_006421,1,,False,False,False,False,False,False,,
NM_006424,2,,False,False,False,False,False,False,,
NM_006452,1,,False,False,False,False,False,False,,
NM_006456,1,,False,False,False,False,False,False,,
NM_006458,1,,False,False,False,False,False,False,,
NM_006459,1,,False,False,False,False,False,False,,
NM_006482,1,,False,False,False,False,False,False,,
NM_006489,2,,False,False,False,False,False,False,,
NM_006498,1,,False,False,False,False,False,False,,
NM_006514,2,,False,False,False,False,False,False,,
NM_006536,1,,False,False,False,False,False,False,,
NM_006561,1,,False,False,False,False,False,False,,
NM_006570,1,,False,False,False,False,False,False,,
NM_006587,1,,False,False,False,False,False,False,,
NM_006614,1,,False,False,False,False,False,False,,
NM_006648,1,,False,False,False,False,False,False,,
NM_006660,2,,False,False,False,False,False,False,,
NM_006670,1,,False,False,False,False,False,False,,
NM_006686,1,,False,False,False,False,False,False,,
NM_006720,1,,False,False,False,False,False,False,,
NM_006726,1,,False,False,False,False,False,False,,
NM_006731,2,,False,False,False,False,False,False,,
NM_006734,1,,False,False,False,False,False,False,,
NM_006830,1,,False,False,False,False,False,False,,
NM_006836,1,,False,False,False,False,False,False,,
NM_006844,1,,False,False,False,False,False,False,,
NM_006917,1,,False,False,False,False,False,False,,
NM_006942,1,,False,False,False,False,False,False,,
NM_006981,1,,False,False,False,False,False,False,,
NM_007010,1,,False,False,False,False,False,False,,
NM_007011,1,,False,False,False,False,False,False,,
NM_007023,1,,False,False,False,False,False,False,,
NM_007045,1,,False,False,False,False,False,False,,
NM_007118,1,,False,False,False,False,False,False,,
NM_007124,1,,False,False,False,False,False,False,,
NM_007135,1,,False,False,False,False,False,False,,
NM_007159,2,,False,False,False,False,False,False,,
NM_007240,1,,False,False,False,False,False,False,,
NM_007283,1,,False,False,False,False,False,False,,
NM_007308,1,,False,False,False,False,False,False,,
NM_007314,2,,False,False,False,False,False,False,,
NM_007315,1,,False,False,False,False,False,False,,
NM_007320,1,,False,False,False,False,False,False,,
NM_007322,1,,False,False,False,False,False,False,,
NM_007343,2,,False,False,False,False,False,False,,
NM_012090,1,,False,False,False,False,False,False,,
NM_012093,1,,False,False,False,False,False,False,,
NM_012094,1,,False,False,False,False,False,False,,
NM_012113,1,,False,False,False,False,False,False,,
NM_012137,1,,False,False,False,False,False,False,,
NM_012309,1,,False,False,False,False,False,False,,
NM_012318,1,,False,False,False,False,False,False,,
NM_012384,1,,False,False,False,False,False,False,,
NM_012401,1,,False,False,False,False,False,False,,
NM_012406,1,,False,False,False,False,False,False,,
NM_012420,1,,False,False,False,False,False,False,,
NM_012425,1,,False,False,False,False,False,False,,
NM_012444,1,,False,False,False,False,False,False,,
NM_012447,1,,False,False,False,False,False,False,,
NM_012454,1,,False,False,False,False,False,False,,
NM_013248,1,,False,False,False,False,False,False,,
NM_013289,1,,False,False,False,False,False,False,,
NM_013305,1,,False,False,False,False,False,False,,
NM_013338,1,,False,False,False,False,False,False,,
NM_013339,1,,False,False,False,False,False,False,,
NM_013362,1,,False,False,False,False,False,False,,
NM_013365,1,,False,False,False,False,False,False,,
NM_013366,1,,False,False,False,False,False,False,,
NM_013381,1,,False,False,False,False,False,False,,
NM_013385,1,,False,False,False,False,False,False,,
NM_013396,1,,False,False,False,False,False,False,,
NM_013431,1,,False,False,False,False,False,False,,
NM_013436,1,,False,False,False,False,False,False,,
NM_013450,1,,False,False,False,False,False,False,,
NM_014002,1,,False,False,False,False,False,False,,
NM_014020,1,,False,False,False,False,False,False,,
NM_014063,1,,False,False,False,False,False,False,,
NM_014140,1,,False,False,False,False,False,False,,
NM_014188,1,,False,False,False,False,False,False,,
NM_014228,1,,False,False,False,False,False,False,,
NM_014292,1,,False,False,False,False,False,False,,
NM_014322,1,,False,False,False,False,False,False,,
NM_014352,1,,False,False,False,False,False,False,,
NM_014451,1,,False,False,False,False,False,False,,
NM_014494,1,,False,False,False,False,False,False,,
NM_014510,2,,False,False,False,False,False,False,,
NM_014515,1,,False,False,False,False,False,False,,
NM_014520,1,,False,False,False,False,False,False,,
NM_014548,1,,False,False,False,False,False,False,,
NM_014555,1,,False,False,False,False,False,False,,
NM_014577,1,,False,False,False,False,False,False,,
NM_014585,1,,False,False,False,False,False,False,,
NM_014614,1,,False,False,False,False,False,False,,
NM_014616,1,,False,False,False,False,False,False,,
NM_014636,2,,False,False,False,False,False,False,,
NM_014652,1,,False,False,False,False,False,False,,
NM_014661,1,,False,False,False,False,False,False,,
NM_014670,1,,False,False,False,False,False,False,,
NM_014675,1,,False,False,False,False,False,False,,
NM_014687,1,,False,False,False,False,False,False,,
NM_014689,1,,False,False,False,False,False,False,,
NM_014700,1,,False,False,False,False,False,False,,
NM_014705,1,,False,False,False,False,False,False,,
NM_014708,1,,False,False,False,False,False,False,,
NM_014709,1,,False,False,False,False,False,False,,
NM_014711,2,,False,False,False,False,False,False,,
NM_014712,1,,False,False,False,False,False,False,,
NM_014715,1,,False,False,False,False,False,False,,
NM_014737,1,,False,False,False,False,False,False,,
NM_014757,1,,False,False,False,False,False,False,,
NM_014762,1,,False,False,False,False,False,False,,
NM_014766,1,,False,False,False,False,False,False,,
NM_014802,1,,False,False,False,False,False,False,,
NM_014820,1,,False,False,False,False,False,False,,
NM_014822,1,,False,False,False,False,False,False,,
NM_014823,1,,False,False,False,False,False,False,,
NM_014840,1,,False,False,False,False,False,False,,
NM_014846,1,,False,False,False,False,False,False,,
NM_014874,1,,False,False,False,False,False,False,,
NM_014898,1,,False,False,False,False,False,False,,
NM_014909,1,,False,False,False,False,False,False,,
NM_014912,1,,False,False,False,False,False,False,,
NM_014913,2,,False,False,False,False,False,False,,
NM_014914,2,,False,False,False,False,False,False,,
NM_014917,1,,False,False,False,False,False,False,,
NM_014937,1,,False,False,False,False,False,False,,
NM_014938,1,,False,False,False,False,False,False,,
NM_014939,1,,False,False,False,False,False,False,,
NM_014947,1,,False,False,False,False,False,False,,
NM_014967,1,,False,False,False,False,False,False,,
NM_015028,1,,False,False,False,False,False,False,,
NM_015037,1,,False,False,False,False,False,False,,
NM_015059,1,,False,False,False,False,False,False,,
NM_015062,1,,False,False,False,False,False,False,,
NM_015078,2,,False,False,False,False,False,False,,
NM_015090,1,,False,False,False,False,False,False,,
NM_015103,1,,False,False,False,False,False,False,,
NM_015136,2,,False,False,False,False,False,False,,
NM_015139,1,,False,False,False,False,False,False,,
NM_015149,1,,False,False,False,False,False,False,,
NM_015186,1,,False,False,False,False,False,False,,
NM_015196,1,,False,False,False,False,False,False,,
NM_015199,1,,False,False,False,False,False,False,,
NM_015210,1,,False,False,False,False,False,False,,
NM_015216,1,,False,False,False,False,False,False,,
NM_015265,1,,False,False,False,False,False,False,,
NM_015268,1,,False,False,False,False,False,False,,
NM_015276,1,,False,False,False,False,False,False,,
NM_015317,1,,False,False,False,False,False,False,,
NM_015329,1,,False,False,False,False,False,False,,
NM_015352,1,,False,False,False,False,False,False,,
NM_015356,1,,False,False,False,False,False,False,,
NM_015378,1,,False,False,False,False,False,False,,
NM_015401,1,,False,False,False,False,False,False,,
NM_015409,1,,False,False,False,False,False,False,,
NM_015456,1,,False,False,False,False,False,False,,
NM_015471,1,,False,False,False,False,False,False,,
NM_015529,1,,False,False,False,False,False,False,,
NM_015559,1,,False,False,False,False,False,False,,
NM_015569,1,,False,False,False,False,False,False,,
NM_015576,1,,False,False,False,False,False,False,,
NM_015608,1,,False,False,False,False,False,False,,
NM_015651,1,,False,False,False,False,False,False,,
NM_015654,1,,False,False,False,False,False,False,,
NM_015701,1,,False,False,False,False,False,False,,
NM_015840,1,,False,False,False,False,False,False,,
NM_015841,1,,False,False,False,False,False,False,,
NM_015848,1,,False,False,False,False,False,False,,
NM_015850,1,,False,False,False,False,False,False,,
NM_015888,2,,False,False,False,False,False,False,,
NM_015913,1,,False,False,False,False,False,False,,
NM_015939,1,,False,False,False,False,False,False,,
NM_015953,1,,False,False,False,False,False,False,,
NM_015981,1,,False,False,False,False,False,False,,
NM_015984,1,,False,False,False,False,False,False,,
NM_016074,1,,False,False,False,False,False,False,,
NM_016103,1,,False,False,False,False,False,False,,
NM_016118,1,,False,False,False,False,False,False,,
NM_016151,1,,False,False,False,False,False,False,,
NM_016155,1,,False,False,False,False,False,False,,
NM_016174,1,,False,False,False,False,False,False,,
NM_016179,1,,False,False,False,False,False,False,,
NM_016188,1,,False,False,False,False,False,False,,
NM_016192,1,,False,False,False,False,False,False,,
NM_016219,1,,False,False,False,False,False,False,,
NM_016239,2,,False,False,False,False,False,False,,
NM_016242,1,,False,False,False,False,False,False,,
NM_016272,1,,False,False,False,False,False,False,,
NM_016274,1,,False,False,False,False,False,False,,
NM_016287,1,,False,False,False,False,False,False,,
NM_016328,2,,False,False,False,False,False,False,,
NM_016333,1,,False,False,False,False,False,False,,
NM_016388,1,,False,False,False,False,False,False,,
NM_016434,1,,False,False,False,False,False,False,,
NM_016449,1,,False,False,False,False,False,False,,
NM_016516,1,,False,False,False,False,False,False,,
NM_016524,1,,False,False,False,False,False,False,,
NM_016529,1,,False,False,False,False,False,False,,
NM_016546,1,,False,False,False,False,False,False,,
NM_016606,2,,False,False,False,False,False,False,,
NM_016627,1,,False,False,False,False,False,False,,
NM_016848,1,,False,False,False,False,False,False,,
NM_016932,2,,False,False,False,False,False,False,,
NM_017420,1,,False,False,False,False,False,False,,
NM_017434,1,,False,False,False,False,False,False,,
NM_017449,1,,False,False,False,False,False,False,,
NM_017451,1,,False,False,False,False,False,False,,
NM_017504,1,,False,False,False,False,False,False,,
NM_017512,1,,False,False,False,False,False,False,,
NM_017519,1,,False,False,False,False,False,False,,
NM_017533,1,,False,False,False,False,False,False,,
NM_017590,1,,False,False,False,False,False,False,,
NM_017625,2,,False,False,False,False,False,False,,
NM_017636,1,,False,False,False,False,False,False,,
NM_017639,1,,False,False,False,False,False,False,,
NM_017672,1,,False,False,False,False,False,False,,
NM_017684,1,,False,False,False,False,False,False,,
NM_017688,1,,False,False,False,False,False,False,,
NM_017691,1,,False,False,False,False,False,False,,
NM_017707,1,,False,False,False,False,False,False,,
NM_017721,1,,False,False,False,False,False,False,,
NM_017723,2,,False,False,False,False,False,False,,
NM_017724,1,,False,False,False,False,False,False,,
NM_017728,1,,False,False,False,False,False,False,,
NM_017737,1,,False,False,False,False,False,False,,
NM_017762,1,,False,False,False,False,False,False,,
NM_017767,1,,False,False,False,False,False,False,,
NM_017780,1,,False,False,False,False,False,False,,
NM_017790,1,,False,False,False,False,False,False,,
NM_017810,1,,False,False,False,False,False,False,,
NM_017864,1,,False,False,False,False,False,False,,
NM_017871,1,,False,False,False,False,False,False,,
NM_017916,1,,False,False,False,False,False,False,,
NM_017950,1,,False,False,False,False,False,False,,
NM_017982,1,,False,False,False,False,False,False,,
NM_018011,1,,False,False,False,False,False,False,,
NM_018027,1,,False,False,False,False,False,False,,
NM_018039,1,,False,False,False,False,False,False,,
NM_018043,1,,False,False,False,False,False,False,,
NM_018063,1,,False,False,False,False,False,False,,
NM_018067,2,,False,False,False,False,False,False,,
NM_018070,1,,False,False,False,False,False,False,,
NM_018096,1,,False,False,False,False,False,False,,
NM_018119,1,,False,False,False,False,False,False,,
NM_018156,1,,False,False,False,False,False,False,,
NM_018161,1,,False,False,False,False,False,False,,
NM_018170,1,,False,False,False,False,False,False,,
NM_018180,1,,False,False,False,False,False,False,,
NM_018183,1,,False,False,False,False,False,False,,
NM_018211,1,,False,False,False,False,False,False,,
NM_018244,1,,False,False,False,False,False,False,,
NM_018268,1,,False,False,False,False,False,False,,
NM_018286,1,,False,False,False,False,False,False,,
NM_018307,1,,False,False,False,False,False,False,,
NM_018349,1,,False,False,False,False,False,False,,
NM_018361,1,,False,False,False,False,False,False,,
NM_018374,2,,False,False,False,False,False,False,,
NM_018440,1,,False,False,False,False,False,False,,
NM_018484,1,,False,False,False,False,False,False,,
NM_018662,1,,False,False,False,False,False,False,,
NM_018677,1,,False,False,False,False,False,False,,
NM_018697,1,,False,False,False,False,False,False,,
NM_018702,1,,False,False,False,False,False,False,,
NM_018711,1,,False,False,False,False,False,False,,
NM_018728,1,,False,False,False,False,False,False,,
NM_018891,1,,False,False,False,False,False,False,,
NM_018900,1,,False,False,False,False,False,False,,
NM_018905,1,,False,False,False,False,False,False,,
NM_018912,2,,False,False,False,False,False,False,,
NM_018915,1,,False,False,False,False,False,False,,
NM_018916,1,,False,False,False,False,False,False,,
NM_018922,1,,False,False,False,False,False,False,,
NM_018964,1,,False,False,False,False,False,False,,
NM_018979,1,,False,False,False,False,False,False,,
NM_018999,1,,False,False,False,False,False,False,,
NM_019000,1,,False,False,False,False,False,False,,
NM_019046,1,,False,False,False,False,False,False,,
NM_019071,1,,False,False,False,False,False,False,,
NM_019090,1,,False,False,False,False,False,False,,
NM_019095,1,,False,False,False,False,False,False,,
NM_019839,1,,False,False,False,False,False,False,,
NM_019849,1,,False,False,False,False,False,False,,
NM_020063,1,,False,False,False,False,False,False,,
NM_020070,1,,False,False,False,False,False,False,,
NM_020131,1,,False,False,False,False,False,False,,
NM_020166,1,,False,False,False,False,False,False,,
NM_020227,1,,False,False,False,False,False,False,,
NM_020318,1,,False,False,False,False,False,False,,
NM_020366,1,,False,False,False,False,False,False,,
NM_020374,1,,False,False,False,False,False,False,,
NM_020378,1,,False,False,False,False,False,False,,
NM_020389,1,,False,False,False,False,False,False,,
NM_020401,2,,False,False,False,False,False,False,,
NM_020423,1,,False,False,False,False,False,False,,
NM_020439,1,,False,False,False,False,False,False,,
NM_020461,1,,False,False,False,False,False,False,,
NM_020524,1,,False,False,False,False,False,False,,
NM_020632,1,,False,False,False,False,False,False,,
NM_020683,1,,False,False,False,False,False,False,,
NM_020703,1,,False,False,False,False,False,False,,
NM_020714,1,,False,False,False,False,False,False,,
NM_020731,1,,False,False,False,False,False,False,,
NM_020732,1,,False,False,False,False,False,False,,
NM_020772,1,,False,False,False,False,False,False,,
NM_020821,1,,False,False,False,False,False,False,,
NM_020829,1,,False,False,False,False,False,False,,
NM_020855,1,,False,False,False,False,False,False,,
NM_020870,1,,False,False,False,False,False,False,,
NM_020877,1,,False,False,False,False,False,False,,
NM_020893,1,,False,False,False,False,False,False,,
NM_020899,1,,False,False,False,False,False,False,,
NM_020903,1,,False,False,False,False,False,False,,
NM_020908,1,,False,False,False,False,False,False,,
NM_020911,1,,False,False,False,False,False,False,,
NM_020945,1,,False,False,False,False,False,False,,
NM_020957,1,,False,False,False,False,False,False,,
NM_020979,1,,False,False,False,False,False,False,,
NM_021003,1,,False,False,False,False,False,False,,
NM_021008,1,,False,False,False,False,False,False,,
NM_021061,1,,False,False,False,False,False,False,,
NM_021094,1,,False,False,False,False,False,False,,
NM_021176,1,,False,False,False,False,False,False,,
NM_021198,1,,False,False,False,False,False,False,,
NM_021250,1,,False,False,False,False,False,False,,
NM_021625,1,,False,False,False,False,False,False,,
NM_021646,1,,False,False,False,False,False,False,,
NM_021794,1,,False,False,False,False,False,False,,
NM_021824,1,,False,False,False,False,False,False,,
NM_021951,1,,False,False,False,False,False,False,,
NM_021952,1,,False,False,False,False,False,False,,
NM_021961,1,,False,False,False,False,False,False,,
NM_022051,1,,False,False,False,False,False,False,,
NM_022068,1,,False,False,False,False,False,False,,
NM_022096,1,,False,False,False,False,False,False,,
NM_022106,1,,False,False,False,False,False,False,,
NM_022124,1,,False,False,False,False,False,False,,
NM_022153,1,,False,False,False,False,False,False,,
NM_022467,1,,False,False,False,False,False,False,,
NM_022552,1,,False,False,False,False,False,False,,
NM_022742,1,,False,False,False,False,False,False,,
NM_022745,1,,False,False,False,False,False,False,,
NM_022750,1,,False,False,False,False,False,False,,
NM_022763,1,,False,False,False,False,False,False,,
NM_022765,1,,False,False,False,False,False,False,,
NM_023071,2,,False,False,False,False,False,False,,
NM_023105,1,,False,False,False,False,False,False,,
NM_023106,1,,False,False,False,False,False,False,,
NM_023110,1,,False,False,False,False,False,False,,
NM_023929,1,,False,False,False,False,False,False,,
NM_023940,1,,False,False,False,False,False,False,,
NM_023946,1,,False,False,False,False,False,False,,
NM_024007,1,,False,False,False,False,False,False,,
NM_024010,1,,False,False,False,False,False,False,,
NM_024081,1,,False,False,False,False,False,False,,
NM_024090,1,,False,False,False,False,False,False,,
NM_024101,1,,False,False,False,False,False,False,,
NM_024331,1,,False,False,False,False,False,False,,
NM_024408,1,,False,False,False,False,False,False,,
NM_024418,1,,False,False,False,False,False,False,,
NM_024490,1,,False,False,False,False,False,False,,
NM_024503,1,,False,False,False,False,False,False,,
NM_024505,1,,False,False,False,False,False,False,,
NM_024556,1,,False,False,False,False,False,False,,
NM_024595,1,,False,False,False,False,False,False,,
NM_024672,1,,False,False,False,False,False,False,,
NM_024677,1,,False,False,False,False,False,False,,
NM_024690,2,,False,False,False,False,False,False,,
NM_024709,1,,False,False,False,False,False,False,,
NM_024726,1,,False,False,False,False,False,False,,
NM_024751,1,,False,False,False,False,False,False,,
NM_024763,1,,False,False,False,False,False,False,,
NM_024784,1,,False,False,False,False,False,False,,
NM_024790,1,,False,False,False,False,False,False,,
NM_024806,1,,False,False,False,False,False,False,,
NM_024827,1,,False,False,False,False,False,False,,
NM_024832,1,,False,False,False,False,False,False,,
NM_024837,1,,False,False,False,False,False,False,,
NM_024843,1,,False,False,False,False,False,False,,
NM_024881,1,,False,False,False,False,False,False,,
NM_024919,1,,False,False,False,False,False,False,,
NM_024953,1,,False,False,False,False,False,False,,
NM_024956,1,,False,False,False,False,False,False,,
NM_025055,1,,False,False,False,False,False,False,,
NM_025179,1,,False,False,False,False,False,False,,
NM_025195,1,,False,False,False,False,False,False,,
NM_025214,1,,False,False,False,False,False,False,,
NM_025243,1,,False,False,False,False,False,False,,
NM_030571,1,,False,False,False,False,False,False,,
NM_030640,1,,False,False,False,False,False,False,,
NM_030648,1,,False,False,False,False,False,False,,
NM_030754,1,,False,False,False,False,False,False,,
NM_030773,1,,False,False,False,False,False,False,,
NM_030782,1,,False,False,False,False,False,False,,
NM_030787,1,,False,False,False,False,False,False,,
NM_030789,1,,False,False,False,False,False,False,,
NM_030805,1,,False,False,False,False,False,False,,
NM_030807,1,,False,False,False,False,False,False,,
NM_030935,3,,False,False,False,False,False,False,,
NM_030937,1,,False,False,False,False,False,False,,
NM_030984,1,,False,False,False,False,False,False,,
NM_031281,1,,False,False,False,False,False,False,,
NM_031299,1,,False,False,False,False,False,False,,
NM_031301,1,,False,False,False,False,False,False,,
NM_031411,1,,False,False,False,False,False,False,,
NM_031412,1,,False,False,False,False,False,False,,
NM_031426,1,,False,False,False,False,False,False,,
NM_031445,1,,False,False,False,False,False,False,,
NM_031454,1,,False,False,False,False,False,False,,
NM_031457,1,,False,False,False,False,False,False,,
NM_031468,1,,False,False,False,False,False,False,,
NM_031469,1,,False,False,False,False,False,False,,
NM_031495,1,,False,False,False,False,False,False,,
NM_031496,1,,False,False,False,False,False,False,,
NM_031908,1,,False,False,False,False,False,False,,
NM_031993,1,,False,False,False,False,False,False,,
NM_032041,1,,False,False,False,False,False,False,,
NM_032045,1,,False,False,False,False,False,False,,
NM_032095,1,,False,False,False,False,False,False,,
NM_032221,1,,False,False,False,False,False,False,,
NM_032251,1,,False,False,False,False,False,False,,
NM_032271,1,,False,False,False,False,False,False,,
NM_032298,1,,False,False,False,False,False,False,,
NM_032309,1,,False,False,False,False,False,False,,
NM_032311,1,,False,False,False,False,False,False,,
NM_032328,1,,False,False,False,False,False,False,,
NM_032408,1,,False,False,False,False,False,False,,
NM_032472,1,,False,False,False,False,False,False,,
NM_032513,1,,False,False,False,False,False,False,,
NM_032552,1,,False,False,False,False,False,False,,
NM_032559,1,,False,False,False,False,False,False,,
NM_032608,1,,False,False,False,False,False,False,,
NM_032680,1,,False,False,False,False,False,False,,
NM_032732,1,,False,False,False,False,False,False,,
NM_032780,1,,False,False,False,False,False,False,,
NM_032785,1,,False,False,False,False,False,False,,
NM_032822,1,,False,False,False,False,False,False,,
NM_032836,1,,False,False,False,False,False,False,,
NM_032847,2,,False,False,False,False,False,False,,
NM_032883,1,,False,False,False,False,False,False,,
NM_032899,1,,False,False,False,False,False,False,,
NM_032902,1,,False,False,False,False,False,False,,
NM_032957,1,,False,False,False,False,False,False,,
NM_032961,1,,False,False,False,False,False,False,,
NM_032982,1,,False,False,False,False,False,False,,
NM_032983,1,,False,False,False,False,False,False,,
NM_033025,1,,False,False,False,False,False,False,,
NM_033026,2,,False,False,False,False,False,False,,
NM_033058,1,,False,False,False,False,False,False,,
NM_033071,1,,False,False,False,False,False,False,,
NM_033103,1,,False,False,False,False,False,False,,
NM_033121,1,,False,False,False,False,False,False,,
NM_033224,1,,False,False,False,False,False,False,,
NM_033238,1,,False,False,False,False,False,False,,
NM_033262,1,,False,False,False,False,False,False,,
NM_033278,1,,False,False,False,False,False,False,,
NM_033285,1,,False,False,False,False,False,False,,
NM_033305,1,,False,False,False,False,False,False,,
NM_033388,1,,False,False,False,False,False,False,,
NM_033403,1,,False,False,False,False,False,False,,
NM_033430,1,,False,False,False,False,False,False,,
NM_033437,1,,False,False,False,False,False,False,,
NM_033467,1,,False,False,False,False,False,False,,
NM_052839,1,,False,False,False,False,False,False,,
NM_052843,1,,False,False,False,False,False,False,,
NM_052847,1,,False,False,False,False,False,False,,
NM_052859,1,,False,False,False,False,False,False,,
NM_052864,2,,False,False,False,False,False,False,,
NM_052896,1,,False,False,False,False,False,False,,
NM_052903,1,,False,False,False,False,False,False,,
NM_052906,1,,False,False,False,False,False,False,,
NM_052933,1,,False,False,False,False,False,False,,
NM_053001,1,,False,False,False,False,False,False,,
NM_053042,2,,False,False,False,False,False,False,,
NM_053064,1,,False,False,False,False,False,False,,
NM_053284,1,,False,False,False,False,False,False,,
NM_054024,1,,False,False,False,False,False,False,,
NM_057093,1,,False,False,False,False,False,False,,
NM_057094,1,,False,False,False,False,False,False,,
NM_058165,1,,False,False,False,False,False,False,,
NM_058180,1,,False,False,False,False,False,False,,
NM_058240,1,,False,False,False,False,False,False,,
NM_078471,1,,False,False,False,False,False,False,,
NM_080629,1,,False,False,False,False,False,False,,
NM_080630,1,,False,False,False,False,False,False,,
NM_080646,1,,False,False,False,False,False,False,,
NM_080647,1,,False,False,False,False,False,False,,
NM_080663,1,,False,False,False,False,False,False,,
NM_080671,1,,False,False,False,False,False,False,,
NM_080683,1,,False,False,False,False,False,False,,
NM_080684,1,,False,False,False,False,False,False,,
NM_080685,1,,False,False,False,False,False,False,,
NM_080871,1,,False,False,False,False,False,False,,
NM_080876,1,,False,False,False,False,False,False,,
NM_080881,1,,False,False,False,False,False,False,,
NM_130797,1,,False,False,False,False,False,False,,
NM_130840,1,,False,False,False,False,False,False,,
NM_130841,1,,False,False,False,False,False,False,,
NM_130842,1,,False,False,False,False,False,False,,
NM_130843,1,,False,False,False,False,False,False,,
NM_130849,1,,False,False,False,False,False,False,,
NM_130906,1,,False,False,False,False,False,False,,
NM_133266,1,,False,False,False,False,False,False,,
NM_133378,1,,False,False,False,False,False,False,,
NM_133432,1,,False,False,False,False,False,False,,
NM_133437,1,,False,False,False,False,False,False,,
NM_133463,1,,False,False,False,False,False,False,,
NM_133503,1,,False,False,False,False,False,False,,
NM_133504,1,,False,False,False,False,False,False,,
NM_133505,1,,False,False,False,False,False,False,,
NM_133506,1,,False,False,False,False,False,False,,
NM_133507,1,,False,False,False,False,False,False,,
NM_133633,1,,False,False,False,False,False,False,,
NM_133640,1,,False,False,False,False,False,False,,
NM_134431,1,,False,False,False,False,False,False,,
NM_134433,1,,False,False,False,False,False,False,,
NM_138281,1,,False,False,False,False,False,False,,
NM_138284,1,,False,False,False,False,False,False,,
NM_138295,1,,False,False,False,False,False,False,,
NM_138335,1,,False,False,False,False,False,False,,
NM_138360,1,,False,False,False,False,False,False,,
NM_138391,1,,False,False,False,False,False,False,,
NM_138430,1,,False,False,False,False,False,False,,
NM_138459,1,,False,False,False,False,False,False,,
NM_138471,1,,False,False,False,False,False,False,,
NM_138578,1,,False,False,False,False,False,False,,
NM_138709,1,,False,False,False,False,False,False,,
NM_138802,1,,False,False,False,False,False,False,,
NM_138807,1,,False,False,False,False,False,False,,
NM_139015,1,,False,False,False,False,False,False,,
NM_139025,1,,False,False,False,False,False,False,,
NM_139026,1,,False,False,False,False,False,False,,
NM_139027,1,,False,False,False,False,False,False,,
NM_139071,1,,False,False,False,False,False,False,,
NM_139078,1,,False,False,False,False,False,False,,
NM_139156,1,,False,False,False,False,False,False,,
NM_139158,1,,False,False,False,False,False,False,,
NM_139163,1,,False,False,False,False,False,False,,
NM_139207,1,,False,False,False,False,False,False,,
NM_139266,1,,False,False,False,False,False,False,,
NM_139279,1,,False,False,False,False,False,False,,
NM_144488,1,,False,False,False,False,False,False,,
NM_144508,1,,False,False,False,False,False,False,,
NM_144563,1,,False,False,False,False,False,False,,
NM_144585,1,,False,False,False,False,False,False,,
NM_144593,1,,False,False,False,False,False,False,,
NM_144639,1,,False,False,False,False,False,False,,
NM_144650,1,,False,False,False,False,False,False,,
NM_144653,1,,False,False,False,False,False,False,,
NM_144672,1,,False,False,False,False,False,False,,
NM_144675,1,,False,False,False,False,False,False,,
NM_144682,1,,False,False,False,False,False,False,,
NM_144699,1,,False,False,False,False,False,False,,
NM_144705,1,,False,False,False,False,False,False,,
NM_144711,1,,False,False,False,False,False,False,,
NM_144713,1,,False,False,False,False,False,False,,
NM_144966,1,,False,False,False,False,False,False,,
NM_144980,1,,False,False,False,False,False,False,,
NM_144982,1,,False,False,False,False,False,False,,
NM_145008,1,,False,False,False,False,False,False,,
NM_145011,1,,False,False,False,False,False,False,,
NM_145036,1,,False,False,False,False,False,False,,
NM_145038,1,,False,False,False,False,False,False,,
NM_145055,1,,False,False,False,False,False,False,,
NM_145065,1,,False,False,False,False,False,False,,
NM_145117,1,,False,False,False,False,False,False,,
NM_145287,1,,False,False,False,False,False,False,,
NM_145331,1,,False,False,False,False,False,False,,
NM_145332,1,,False,False,False,False,False,False,,
NM_145333,1,,False,False,False,False,False,False,,
NM_145689,4,,False,False,False,False,False,False,,
NM_145693,1,,False,False,False,False,False,False,,
NM_145716,1,,False,False,False,False,False,False,,
NM_145754,1,,False,False,False,False,False,False,,
NM_147204,1,,False,False,False,False,False,False,,
NM_152232,1,,False,False,False,False,False,False,,
NM_152264,1,,False,False,False,False,False,False,,
NM_152280,1,,False,False,False,False,False,False,,
NM_152291,2,,False,False,False,False,False,False,,
NM_152332,1,,False,False,False,False,False,False,,
NM_152334,1,,False,False,False,False,False,False,,
NM_152351,1,,False,False,False,False,False,False,,
NM_152371,1,,False,False,False,False,False,False,,
NM_152383,1,,False,False,False,False,False,False,,
NM_152412,1,,False,False,False,False,False,False,,
NM_152451,1,,False,False,False,False,False,False,,
NM_152556,1,,False,False,False,False,False,False,,
NM_152614,1,,False,False,False,False,False,False,,
NM_152629,2,,False,False,False,False,False,False,,
NM_152640,1,,False,False,False,False,False,False,,
NM_152654,1,,False,False,False,False,False,False,,
NM_152704,1,,False,False,False,False,False,False,,
NM_152724,1,,False,False,False,False,False,False,,
NM_152744,1,,False,False,False,False,False,False,,
NM_152751,1,,False,False,False,False,False,False,,
NM_152754,1,,False,False,False,False,False,False,,
NM_152833,1,,False,False,False,False,False,False,,
NM_152834,1,,False,False,False,False,False,False,,
NM_152838,1,,False,False,False,False,False,False,,
NM_152855,1,,False,False,False,False,False,False,,
NM_152862,1,,False,False,False,False,False,False,,
NM_152909,1,,False,False,False,False,False,False,,
NM_152924,1,,False,False,False,False,False,False,,
NM_152925,1,,False,False,False,False,False,False,,
NM_152926,1,,False,False,False,False,False,False,,
NM_152927,1,,False,False,False,False,False,False,,
NM_152928,1,,False,False,False,False,False,False,,
NM_152943,1,,False,False,False,False,False,False,,
NM_152988,1,,False,False,False,False,False,False,,
NM_153264,1,,False,False,False,False,False,False,,
NM_153334,2,,False,False,False,False,False,False,,
NM_153362,1,,False,False,False,False,False,False,,
NM_153378,1,,False,False,False,False,False,False,,
NM_153460,1,,False,False,False,False,False,False,,
NM_153461,1,,False,False,False,False,False,False,,
NM_153485,1,,False,False,False,False,False,False,,
NM_153705,1,,False,False,False,False,False,False,,
NM_153710,1,,False,False,False,False,False,False,,
NM_153711,1,,False,False,False,False,False,False,,
NM_153717,1,,False,False,False,False,False,False,,
NM_153759,1,,False,False,False,False,False,False,,
NM_153812,1,,False,False,False,False,False,False,,
NM_153815,1,,False,False,False,False,False,False,,
NM_153831,1,,False,False,False,False,False,False,,
NM_170589,1,,False,False,False,False,False,False,,
NM_170664,1,,False,False,False,False,False,False,,
NM_170710,1,,False,False,False,False,False,False,,
NM_170774,1,,False,False,False,False,False,False,,
NM_171825,1,,False,False,False,False,False,False,,
NM_172078,1,,False,False,False,False,False,False,,
NM_172079,1,,False,False,False,False,False,False,,
NM_172080,1,,False,False,False,False,False,False,,
NM_172081,1,,False,False,False,False,False,False,,
NM_172082,1,,False,False,False,False,False,False,,
NM_172083,1,,False,False,False,False,False,False,,
NM_172084,1,,False,False,False,False,False,False,,
NM_172198,1,,False,False,False,False,False,False,,
NM_172200,1,,False,False,False,False,False,False,,
NM_172236,1,,False,False,False,False,False,False,,
NM_172364,1,,False,False,False,False,False,False,,
NM_173199,1,,False,False,False,False,False,False,,
NM_173200,1,,False,False,False,False,False,False,,
NM_173344,2,,False,False,False,False,False,False,,
NM_173491,1,,False,False,False,False,False,False,,
NM_173509,1,,False,False,False,False,False,False,,
NM_173518,1,,False,False,False,False,False,False,,
NM_173528,1,,False,False,False,False,False,False,,
NM_173548,1,,False,False,False,False,False,False,,
NM_173588,1,,False,False,False,False,False,False,,
NM_173607,1,,False,False,False,False,False,False,,
NM_173615,1,,False,False,False,False,False,False,,
NM_173628,1,,False,False,False,False,False,False,,
NM_173647,1,,False,False,False,False,False,False,,
NM_173685,1,,False,False,False,False,False,False,,
NM_173801,1,,False,False,False,False,False,False,,
NM_173804,2,,False,False,False,False,False,False,,
NM_173833,1,,False,False,False,False,False,False,,
NM_173854,1,,False,False,False,False,False,False,,
NM_173855,1,,False,False,False,False,False,False,,
NM_174858,1,,False,False,False,False,False,False,,
NM_174896,1,,False,False,False,False,False,False,,
NM_174907,1,,False,False,False,False,False,False,,
NM_175062,1,,False,False,False,False,False,False,,
NM_175629,1,,False,False,False,False,False,False,,
NM_175736,1,,False,False,False,False,False,False,,
NM_175739,2,,False,False,False,False,False,False,,
NM_175839,1,,False,False,False,False,False,False,,
NM_175840,1,,False,False,False,False,False,False,,
NM_175841,1,,False,False,False,False,False,False,,
NM_175842,1,,False,False,False,False,False,False,,
NM_175882,1,,False,False,False,False,False,False,,
NM_175940,1,,False,False,False,False,False,False,,
NM_176071,1,,False,False,False,False,False,False,,
NM_176072,1,,False,False,False,False,False,False,,
NM_176820,1,,False,False,False,False,False,False,,
NM_177424,1,,False,False,False,False,False,False,,
NM_177457,1,,False,False,False,False,False,False,,
NM_177476,1,,False,False,False,False,False,False,,
NM_177477,1,,False,False,False,False,False,False,,
NM_177531,1,,False,False,False,False,False,False,,
NM_177550,1,,False,False,False,False,False,False,,
NM_177938,1,,False,False,False,False,False,False,,
NM_177939,1,,False,False,False,False,False,False,,
NM_177951,1,,False,False,False,False,False,False,,
NM_177952,1,,False,False,False,False,False,False,,
NM_177965,1,,False,False,False,False,False,False,,
NM_177989,1,,False,False,False,False,False,False,,
NM_178042,1,,False,False,False,False,False,False,,
NM_178120,1,,False,False,False,False,False,False,,
NM_178126,1,,False,False,False,False,False,False,,
NM_178136,1,,False,False,False,False,False,False,,
NM_178176,1,,False,False,False,False,False,False,,
NM_178351,1,,False,False,False,False,False,False,,
NM_178450,1,,False,False,False,False,False,False,,
NM_178466,1,,False,False,False,False,False,False,,
NM_178548,1,,False,False,False,False,False,False,,
NM_178565,1,,False,False,False,False,False,False,,
NM_178580,1,,False,False,False,False,False,False,,
NM_178581,1,,False,False,False,False,False,False,,
NM_178582,1,,False,False,False,False,False,False,,
NM_178821,1,,False,False,False,False,False,False,,
NM_178840,1,,False,False,False,False,False,False,,
NM_180991,1,,False,False,False,False,False,False,,
NM_181093,1,,False,False,False,False,False,False,,
NM_181265,1,,False,False,False,False,False,False,,
NM_181446,1,,False,False,False,False,False,False,,
NM_181491,1,,False,False,False,False,False,False,,
NM_181500,1,,False,False,False,False,False,False,,
NM_181552,1,,False,False,False,False,False,False,,
NM_181651,1,,False,False,False,False,False,False,,
NM_181652,1,,False,False,False,False,False,False,,
NM_181699,1,,False,False,False,False,False,False,,
NM_181700,1,,False,False,False,False,False,False,,
NM_181703,1,,False,False,False,False,False,False,,
NM_181704,1,,False,False,False,False,False,False,,
NM_181783,1,,False,False,False,False,False,False,,
NM_181814,1,,False,False,False,False,False,False,,
NM_181873,1,,False,False,False,False,False,False,,
NM_181985,1,,False,False,False,False,False,False,,
NM_182481,1,,False,False,False,False,False,False,,
NM_182482,1,,False,False,False,False,False,False,,
NM_182484,1,,False,False,False,False,False,False,,
NM_182504,1,,False,False,False,False,False,False,,
NM_182633,1,,False,False,False,False,False,False,,
NM_182642,1,,False,False,False,False,False,False,,
NM_182706,1,,False,False,False,False,False,False,,
NM_182708,1,,False,False,False,False,False,False,,
NM_182760,1,,False,False,False,False,False,False,,
NM_182811,2,,False,False,False,False,False,False,,
NM_182895,2,,False,False,False,False,False,False,,
NM_182898,1,,False,False,False,False,False,False,,
NM_182899,1,,False,False,False,False,False,False,,
NM_182920,1,,False,False,False,False,False,False,,
NM_182932,1,,False,False,False,False,False,False,,
NM_182935,1,,False,False,False,False,False,False,,
NM_182936,1,,False,False,False,False,False,False,,
NM_182961,1,,False,False,False,False,False,False,,
NM_182964,1,,False,False,False,False,False,False,,
NM_183002,1,,False,False,False,False,False,False,,
NM_183075,1,,False,False,False,False,False,False,,
NM_183243,1,,False,False,False,False,False,False,,
NM_183387,1,,False,False,False,False,False,False,,
NM_184085,1,,False,False,False,False,False,False,,
NM_184086,1,,False,False,False,False,False,False,,
NM_184087,1,,False,False,False,False,False,False,,
NM_184234,1,,False,False,False,False,False,False,,
NM_194248,1,,False,False,False,False,False,False,,
NM_194259,1,,False,False,False,False,False,False,,
NM_194260,1,,False,False,False,False,False,False,,
NM_194261,1,,False,False,False,False,False,False,,
NM_194287,1,,False,False,False,False,False,False,,
NM_194293,1,,False,False,False,False,False,False,,
NM_194322,1,,False,False,False,False,False,False,,
NM_194323,1,,False,False,False,False,False,False,,
NM_194356,1,,False,False,False,False,False,False,,
NM_194429,1,,False,False,False,False,False,False,,
NM_194442,1,,False,False,False,False,False,False,,
NM_198082,1,,False,False,False,False,False,False,,
NM_198129,1,,False,False,False,False,False,False,,
NM_198252,1,,False,False,False,False,False,False,,
NM_198265,1,,False,False,False,False,False,False,,
NM_198267,1,,False,False,False,False,False,False,,
NM_198332,1,,False,False,False,False,False,False,,
NM_198403,1,,False,False,False,False,False,False,,
NM_198428,1,,False,False,False,False,False,False,,
NM_198476,1,,False,False,False,False,False,False,,
NM_198530,1,,False,False,False,False,False,False,,
NM_198576,1,,False,False,False,False,False,False,,
NM_198585,1,,False,False,False,False,False,False,,
NM_198595,1,,False,False,False,False,False,False,,
NM_198679,1,,False,False,False,False,False,False,,
NM_198798,1,,False,False,False,False,False,False,,
NM_198900,1,,False,False,False,False,False,False,,
NM_198964,1,,False,False,False,False,False,False,,
NM_198965,1,,False,False,False,False,False,False,,
NM_198966,1,,False,False,False,False,False,False,,
NM_199072,1,,False,False,False,False,False,False,,
NM_199138,1,,False,False,False,False,False,False,,
NM_199162,1,,False,False,False,False,False,False,,
NM_199227,1,,False,False,False,False,False,False,,
NM_199280,1,,False,False,False,False,False,False,,
NM_199440,2,,False,False,False,False,False,False,,
NM_199487,1,,False,False,False,False,False,False,,
NM_201434,1,,False,False,False,False,False,False,,
NM_201591,1,,False,False,False,False,False,False,,
NM_201592,1,,False,False,False,False,False,False,,
NM_202758,1,,False,False,False,False,False,False,,
NM_203285,1,,False,False,False,False,False,False,,
NM_203318,1,,False,False,False,False,False,False,,
NM_203346,1,,False,False,False,False,False,False,,
NM_203397,1,,False,False,False,False,False,False,,
NM_203459,1,,False,False,False,False,False,False,,
NM_205842,1,,False,False,False,False,False,False,,
NM_205860,1,,False,False,False,False,False,False,,
NM_206894,1,,False,False,False,False,False,False,,
NM_206921,1,,False,False,False,False,False,False,,
NM_207006,2,,False,False,False,False,False,False,,
NM_207036,1,,False,False,False,False,False,False,,
NM_207037,1,,False,False,False,False,False,False,,
NM_207038,1,,False,False,False,False,False,False,,
NM_207445,1,,False,False,False,False,False,False,,
NM_207517,1,,False,False,False,False,False,False,,
NM_212533,1,,False,False,False,False,False,False,,
NM_212535,1,,False,False,False,False,False,False,,
NM_213599,1,,False,False,False,False,False,False,,
NM_213655,1,,False,False,False,False,False,False,,
NRG3-AS1,1,,False,False,False,False,False,False,,
NR_003090,1,,False,False,False,False,False,False,,
NR_003260,1,,False,False,False,False,False,False,,
NR_003512,1,,False,False,False,False,False,False,,
NR_003587,1,,False,False,False,False,False,False,,
NR_003683,1,,False,False,False,False,False,False,,
NR_015404,1,,False,False,False,False,False,False,,
NR_015419,1,,False,False,False,False,False,False,,
NR_022012,1,,False,False,False,False,False,False,,
NR_024460,1,,False,False,False,False,False,False,,
NR_024514,1,,False,False,False,False,False,False,,
NR_024515,1,,False,False,False,False,False,False,,
NR_024516,1,,False,False,False,False,False,False,,
NR_024518,1,,False,False,False,False,False,False,,
NR_024519,1,,False,False,False,False,False,False,,
NR_024520,1,,False,False,False,False,False,False,,
NR_024521,1,,False,False,False,False,False,False,,
NR_024559,1,,False,False,False,False,False,False,,
NR_026587,1,,False,False,False,False,False,False,,
NR_026697,1,,False,False,False,False,False,False,,
NR_027647,1,,False,False,False,False,False,False,,
NR_027686,1,,False,False,False,False,False,False,,
NR_027687,1,,False,False,False,False,False,False,,
NR_027691,1,,False,False,False,False,False,False,,
NR_028043,1,,False,False,False,False,False,False,,
NR_028044,1,,False,False,False,False,False,False,,
NR_028393,2,,False,False,False,False,False,False,,
NR_028394,1,,False,False,False,False,False,False,,
NR_028395,1,,False,False,False,False,False,False,,
NR_028396,1,,False,False,False,False,False,False,,
NR_028397,1,,False,False,False,False,False,False,,
NR_028398,1,,False,False,False,False,False,False,,
NR_028399,1,,False,False,False,False,False,False,,
NR_028400,1,,False,False,False,False,False,False,,
NR_028511,1,,False,False,False,False,False,False,,
NR_029394,1,,False,False,False,False,False,False,,
NR_030691,1,,False,False,False,False,False,False,,
NR_031666,1,,False,False,False,False,False,False,,
NR_031672,1,,False,False,False,False,False,False,,
NR_031680,1,,False,False,False,False,False,False,,
NR_033354,1,,False,False,False,False,False,False,,
NR_033671,1,,False,False,False,False,False,False,,
NR_033672,1,,False,False,False,False,False,False,,
NR_033701,1,,False,False,False,False,False,False,,
NR_033824,1,,False,False,False,False,False,False,,
NR_036085,1,,False,False,False,False,False,False,,
NR_036515,1,,False,False,False,False,False,False,,
NR_036527,1,,False,False,False,False,False,False,,
NR_036528,1,,False,False,False,False,False,False,,
NR_036529,1,,False,False,False,False,False,False,,
NR_036637,1,,False,False,False,False,False,False,,
NR_036638,1,,False,False,False,False,False,False,,
NR_037163,1,,False,False,False,False,False,False,,
NR_037188,1,,False,False,False,False,False,False,,
NR_037597,1,,False,False,False,False,False,False,,
NR_037599,1,,False,False,False,False,False,False,,
NR_037607,1,,False,False,False,False,False,False,,
NR_037615,1,,False,False,False,False,False,False,,
NR_037630,1,,False,False,False,False,False,False,,
NR_037807,1,,False,False,False,False,False,False,,
NR_037882,1,,False,False,False,False,False,False,,
NR_037925,1,,False,False,False,False,False,False,,
NR_038271,1,,False,False,False,False,False,False,,
NR_038272,1,,False,False,False,False,False,False,,
NR_038357,1,,False,False,False,False,False,False,,
NR_040027,1,,False,False,False,False,False,False,,
NR_040028,1,,False,False,False,False,False,False,,
NR_040710,1,,False,False,False,False,False,False,,
NR_040722,1,,False,False,False,False,False,False,,
NR_040723,1,,False,False,False,False,False,False,,
NR_040724,1,,False,False,False,False,False,False,,
NR_045555,2,,False,False,False,False,False,False,,
NR_045720,1,,False,False,False,False,False,False,,
NR_045721,1,,False,False,False,False,False,False,,
NR_045768,1,,False,False,False,False,False,False,,
NR_045769,1,,False,False,False,False,False,False,,
NR_045770,1,,False,False,False,False,False,False,,
NR_045771,1,,False,False,False,False,False,False,,
NR_045772,1,,False,False,False,False,False,False,,
NR_045773,1,,False,False,False,False,False,False,,
NR_045774,1,,False,False,False,False,False,False,,
NR_046079,1,,False,False,False,False,False,False,,
NR_046362,1,,False,False,False,False,False,False,,
NR_046405,1,,False,False,False,False,False,False,,
NR_046406,1,,False,False,False,False,False,False,,
NR_046476,1,,False,False,False,False,False,False,,
NR_046477,1,,False,False,False,False,False,False,,
NR_047512,4,,False,False,False,False,False,False,,
NR_047581,1,,False,False,False,False,False,False,,
NR_048571,1,,False,False,False,False,False,False,,
NR_072989,1,,False,False,False,False,False,False,,
NR_073043,1,,False,False,False,False,False,False,,
NR_073094,1,,False,False,False,False,False,False,,
NR_073095,1,,False,False,False,False,False,False,,
NR_073108,1,,False,False,False,False,False,False,,
NR_073390,1,,False,False,False,False,False,False,,
NR_073415,1,,False,False,False,False,False,False,,
NR_073444,1,,False,False,False,False,False,False,,
NR_073445,1,,False,False,False,False,False,False,,
NR_073448,2,,False,False,False,False,False,False,,
NR_073449,2,,False,False,False,False,False,False,,
NR_073500,1,,False,False,False,False,False,False,,
NR_073501,1,,False,False,False,False,False,False,,
NR_073502,1,,False,False,False,False,False,False,,
NR_073503,1,,False,False,False,False,False,False,,
NR_073596,1,,False,False,False,False,False,False,,
NR_073597,1,,False,False,False,False,False,False,,
NR_073598,1,,False,False,False,False,False,False,,
NR_102318,1,,False,False,False,False,False,False,,
NR_102401,1,,False,False,False,False,False,False,,
NR_102712,1,,False,False,False,False,False,False,,
NR_103504,1,,False,False,False,False,False,False,,
NR_103505,1,,False,False,False,False,False,False,,
NR_103506,1,,False,False,False,False,False,False,,
NR_103522,1,,False,False,False,False,False,False,,
NR_103523,1,,False,False,False,False,False,False,,
NR_103735,1,,False,False,False,False,False,False,,
NR_103757,1,,False,False,False,False,False,False,,
NR_103820,1,,False,False,False,False,False,False,,
NR_103997,1,,False,False,False,False,False,False,,
NR_104019,1,,False,False,False,False,False,False,,
NR_104104,1,,False,False,False,False,False,False,,
NR_104122,1,,False,False,False,False,False,False,,
NR_104247,1,,False,False,False,False,False,False,,
NR_104248,1,,False,False,False,False,False,False,,
NR_104314,1,,False,False,False,False,False,False,,
NR_104367,1,,False,False,False,False,False,False,,
NR_104368,1,,False,False,False,False,False,False,,
NR_104369,1,,False,False,False,False,False,False,,
NR_104370,1,,False,False,False,False,False,False,,
NR_104371,1,,False,False,False,False,False,False,,
NR_104601,1,,False,False,False,False,False,False,,
NR_109967,1,,False,False,False,False,False,False,,
NR_109969,1,,False,False,False,False,False,False,,
NR_110083,1,,False,False,False,False,False,False,,
NR_110252,1,,False,False,False,False,False,False,,
NR_110260,1,,False,False,False,False,False,False,,
NR_110312,1,,False,False,False,False,False,False,,
NR_110415,1,,False,False,False,False,False,False,,
NR_110505,1,,False,False,False,False,False,False,,
NR_110512,1,,False,False,False,False,False,False,,
NR_110531,1,,False,False,False,False,False,False,,
NR_110532,1,,False,False,False,False,False,False,,
NR_110620,1,,False,False,False,False,False,False,,
NR_110766,1,,False,False,False,False,False,False,,
NR_110857,1,,False,False,False,False,False,False,,
NR_110858,1,,False,False,False,False,False,False,,
NR_110859,1,,False,False,False,False,False,False,,
NR_110940,1,,False,False,False,False,False,False,,
NR_110941,1,,False,False,False,False,False,False,,
NR_110942,1,,False,False,False,False,False,False,,
NR_110974,1,,False,False,False,False,False,False,,
NR_110975,1,,False,False,False,False,False,False,,
NR_111003,2,,False,False,False,False,False,False,,
NR_120474,1,,False,False,False,False,False,False,,
NR_120485,1,,False,False,False,False,False,False,,
NR_120491,1,,False,False,False,False,False,False,,
NR_120586,1,,False,False,False,False,False,False,,
NR_120639,1,,False,False,False,False,False,False,,
NR_120640,1,,False,False,False,False,False,False,,
NR_120663,2,,False,False,False,False,False,False,,
NR_120666,1,,False,False,False,False,False,False,,
NR_121583,1,,False,False,False,False,False,False,,
NR_123727,1,,False,False,False,False,False,False,,
NR_125367,2,,False,False,False,False,False,False,,
NR_126062,1,,False,False,False,False,False,False,,
NR_130117,1,,False,False,False,False,False,False,,
NR_130118,3,,False,False,False,False,False,False,,
NR_130119,3,,False,False,False,False,False,False,,
NR_130123,1,,False,False,False,False,False,False,,
NR_130926,1,,False,False,False,False,False,False,,
NR_130927,1,,False,False,False,False,False,False,,
NR_130928,1,,False,False,False,False,False,False,,
NR_130953,1,,False,False,False,False,False,False,,
NR_130954,1,,False,False,False,False,False,False,,
NR_131339,1,,False,False,False,False,False,False,,
NR_131761,1,,False,False,False,False,False,False,,
NR_131762,2,,False,False,False,False,False,False,,
PDCD6IPP2,1,,False,False,False,False,False,False,,
PHOSPHO2-KLHL23,1,,False,False,False,False,False,False,,
PIEZO2,1,,False,False,False,False,False,False,,
PRAMEF16,1,,False,False,False,False,False,False,,
PRAMEF17,1,,False,False,False,False,False,False,,
PTPRQ,1,,False,False,False,False,False,False,,
PVRL1,1,,False,False,False,False,False,False,,
RMDN2-AS1,1,,False,False,False,False,False,False,,
RQCD1,1,,False,False,False,False,False,False,,
RTEL1-TNFRSF6B,1,,False,False,False,False,False,False,,
SAA2,1,,False,False,False,False,False,False,,
SAA2-SAA4,1,,False,False,False,False,False,False,,
SELO,1,,False,False,False,False,False,False,,
SH2B2,1,,False,False,False,False,False,False,,
SH3RF3,1,,False,False,False,False,False,False,,
SHANK2,1,,False,False,False,False,False,False,,
SLC9A3R1,1,,False,False,False,False,False,False,,
SNAP25-AS1,1,,False,False,False,False,False,False,,
SPPL2B,1,,False,False,False,False,False,False,,
SVOP,1,,False,False,False,False,False,False,,
TAAR3,1,,False,False,False,False,False,False,,
TARSL2,1,,False,False,False,False,False,False,,
TENM2,1,,False,False,False,False,False,False,,
TOMM70A,1,,False,False,False,False,False,False,,
TSNAX-DISC1,2,,False,False,False,False,False,False,,
TTN-AS1,1,,False,False,False,False,False,False,,
WBSCR28,1,,False,False,False,False,False,False,,
WDR78,1,,False,False,False,False,False,False,,
WISP2,1,,False,False,False,False,False,False,,
WNK2,1,,False,False,False,False,False,False,,
ZNF717,1,,False,False,False,False,False,False,,
ZNF720,1,,False,False,False,False,False,False,,
ZNF790-AS1,1,,False,False,False,False,False,False,,
ZSWIM8-AS1,1,,False,False,False,False,False,False,,
