arm,subtype,overlap,perm
R,basal,0,0
R,her2,1,0
R,luminal,1,0
R+P,basal,0,0
R+P,her2,1,0
R+P,luminal,0,0
R+D,basal,0,0
R+D,her2,0,0
R+D,luminal,0,0
R+P+D,basal,0,0
R+P+D,her2,0,0
R+P+D,luminal,0,0
MOFA+,basal,4,0
MOFA+,her2,0,0
MOFA+,luminal,1,0
R,basal,0,1
R,her2,0,1
R,luminal,3,1
R+P,basal,3,1
R+P,her2,1,1
R+P,luminal,3,1
R+D,basal,2,1
R+D,her2,0,1
R+D,luminal,1,1
R+P+D,basal,1,1
R+P+D,her2,1,1
R+P+D,luminal,2,1
MOFA+,basal,1,1
MOFA+,her2,0,1
MOFA+,luminal,1,1
R,basal,0,2
R,her2,0,2
R,luminal,0,2
R+P,basal,1,2
R+P,her2,0,2
R+P,luminal,0,2
R+D,basal,1,2
R+D,her2,3,2
R+D,luminal,0,2
R+P+D,basal,2,2
R+P+D,her2,2,2
R+P+D,luminal,0,2
MOFA+,basal,0,2
MOFA+,her2,3,2
MOFA+,luminal,4,2
R,basal,3,3
R,her2,1,3
R,luminal,1,3
R+P,basal,0,3
R+P,her2,0,3
R+P,luminal,0,3
R+D,basal,3,3
R+D,her2,2,3
R+D,luminal,1,3
R+P+D,basal,1,3
R+P+D,her2,2,3
R+P+D,luminal,0,3
MOFA+,basal,1,3
MOFA+,her2,0,3
MOFA+,luminal,0,3
R,basal,0,4
R,her2,2,4
R,luminal,0,4
R+P,basal,1,4
R+P,her2,0,4
R+P,luminal,0,4
R+D,basal,1,4
R+D,her2,0,4
R+D,luminal,1,4
R+P+D,basal,1,4
R+P+D,her2,0,4
R+P+D,luminal,0,4
MOFA+,basal,0,4
MOFA+,her2,0,4
MOFA+,luminal,1,4
R,basal,0,5
R,her2,2,5
R,luminal,1,5
R+P,basal,2,5
R+P,her2,1,5
R+P,luminal,10,5
R+D,basal,2,5
R+D,her2,1,5
R+D,luminal,6,5
R+P+D,basal,3,5
R+P+D,her2,1,5
R+P+D,luminal,3,5
MOFA+,basal,4,5
MOFA+,her2,0,5
MOFA+,luminal,26,5
R,basal,0,6
R,her2,1,6
R,luminal,1,6
R+P,basal,0,6
R+P,her2,4,6
R+P,luminal,1,6
R+D,basal,1,6
R+D,her2,1,6
R+D,luminal,0,6
R+P+D,basal,0,6
R+P+D,her2,1,6
R+P+D,luminal,0,6
MOFA+,basal,2,6
MOFA+,her2,0,6
MOFA+,luminal,1,6
R,basal,2,7
R,her2,0,7
R,luminal,0,7
R+P,basal,2,7
R+P,her2,0,7
R+P,luminal,1,7
R+D,basal,2,7
R+D,her2,3,7
R+D,luminal,3,7
R+P+D,basal,2,7
R+P+D,her2,2,7
R+P+D,luminal,2,7
MOFA+,basal,2,7
MOFA+,her2,0,7
MOFA+,luminal,1,7
R,basal,0,8
R,her2,1,8
R,luminal,0,8
R+P,basal,1,8
R+P,her2,0,8
R+P,luminal,0,8
R+D,basal,0,8
R+D,her2,0,8
R+D,luminal,0,8
R+P+D,basal,0,8
R+P+D,her2,0,8
R+P+D,luminal,0,8
MOFA+,basal,1,8
MOFA+,her2,0,8
MOFA+,luminal,0,8
R,basal,0,9
R,her2,1,9
R,luminal,0,9
R+P,basal,0,9
R+P,her2,1,9
R+P,luminal,0,9
R+D,basal,0,9
R+D,her2,0,9
R+D,luminal,0,9
R+P+D,basal,1,9
R+P+D,her2,1,9
R+P+D,luminal,0,9
MOFA+,basal,2,9
MOFA+,her2,0,9
MOFA+,luminal,1,9
R,basal,0,10
R,her2,1,10
R,luminal,0,10
R+P,basal,0,10
R+P,her2,2,10
R+P,luminal,0,10
R+D,basal,0,10
R+D,her2,3,10
R+D,luminal,0,10
R+P+D,basal,0,10
R+P+D,her2,5,10
R+P+D,luminal,0,10
MOFA+,basal,0,10
MOFA+,her2,1,10
MOFA+,luminal,3,10
R,basal,2,11
R,her2,2,11
R,luminal,2,11
R+P,basal,3,11
R+P,her2,0,11
R+P,luminal,3,11
R+D,basal,7,11
R+D,her2,4,11
R+D,luminal,1,11
R+P+D,basal,7,11
R+P+D,her2,2,11
R+P+D,luminal,4,11
MOFA+,basal,4,11
MOFA+,her2,1,11
MOFA+,luminal,3,11
R,basal,1,12
R,her2,1,12
R,luminal,0,12
R+P,basal,1,12
R+P,her2,2,12
R+P,luminal,3,12
R+D,basal,1,12
R+D,her2,5,12
R+D,luminal,1,12
R+P+D,basal,1,12
R+P+D,her2,4,12
R+P+D,luminal,2,12
MOFA+,basal,0,12
MOFA+,her2,2,12
MOFA+,luminal,4,12
R,basal,0,13
R,her2,1,13
R,luminal,1,13
R+P,basal,0,13
R+P,her2,0,13
R+P,luminal,0,13
R+D,basal,0,13
R+D,her2,3,13
R+D,luminal,0,13
R+P+D,basal,0,13
R+P+D,her2,2,13
R+P+D,luminal,0,13
MOFA+,basal,3,13
MOFA+,her2,0,13
MOFA+,luminal,3,13
R,basal,0,14
R,her2,0,14
R,luminal,0,14
R+P,basal,0,14
R+P,her2,0,14
R+P,luminal,0,14
R+D,basal,0,14
R+D,her2,0,14
R+D,luminal,0,14
R+P+D,basal,0,14
R+P+D,her2,2,14
R+P+D,luminal,0,14
MOFA+,basal,0,14
MOFA+,her2,1,14
MOFA+,luminal,0,14
R,basal,0,15
R,her2,5,15
R,luminal,2,15
R+P,basal,2,15
R+P,her2,6,15
R+P,luminal,5,15
R+D,basal,2,15
R+D,her2,1,15
R+D,luminal,7,15
R+P+D,basal,4,15
R+P+D,her2,3,15
R+P+D,luminal,6,15
MOFA+,basal,3,15
MOFA+,her2,7,15
MOFA+,luminal,3,15
R,basal,3,16
R,her2,1,16
R,luminal,0,16
R+P,basal,0,16
R+P,her2,1,16
R+P,luminal,0,16
R+D,basal,0,16
R+D,her2,1,16
R+D,luminal,2,16
R+P+D,basal,1,16
R+P+D,her2,5,16
R+P+D,luminal,0,16
MOFA+,basal,2,16
MOFA+,her2,2,16
MOFA+,luminal,3,16
R,basal,0,17
R,her2,2,17
R,luminal,0,17
R+P,basal,1,17
R+P,her2,1,17
R+P,luminal,0,17
R+D,basal,1,17
R+D,her2,1,17
R+D,luminal,0,17
R+P+D,basal,1,17
R+P+D,her2,2,17
R+P+D,luminal,0,17
MOFA+,basal,2,17
MOFA+,her2,0,17
MOFA+,luminal,0,17
R,basal,1,18
R,her2,0,18
R,luminal,0,18
R+P,basal,0,18
R+P,her2,0,18
R+P,luminal,0,18
R+D,basal,0,18
R+D,her2,0,18
R+D,luminal,0,18
R+P+D,basal,0,18
R+P+D,her2,1,18
R+P+D,luminal,0,18
MOFA+,basal,0,18
MOFA+,her2,0,18
MOFA+,luminal,0,18
R,basal,1,19
R,her2,2,19
R,luminal,1,19
R+P,basal,1,19
R+P,her2,2,19
R+P,luminal,1,19
R+D,basal,3,19
R+D,her2,3,19
R+D,luminal,0,19
R+P+D,basal,3,19
R+P+D,her2,4,19
R+P+D,luminal,0,19
MOFA+,basal,1,19
MOFA+,her2,1,19
MOFA+,luminal,0,19
R,basal,0,20
R,her2,0,20
R,luminal,0,20
R+P,basal,0,20
R+P,her2,0,20
R+P,luminal,0,20
R+D,basal,0,20
R+D,her2,0,20
R+D,luminal,0,20
R+P+D,basal,0,20
R+P+D,her2,0,20
R+P+D,luminal,0,20
MOFA+,basal,0,20
MOFA+,her2,2,20
MOFA+,luminal,0,20
R,basal,0,21
R,her2,0,21
R,luminal,3,21
R+P,basal,0,21
R+P,her2,0,21
R+P,luminal,4,21
R+D,basal,1,21
R+D,her2,1,21
R+D,luminal,7,21
R+P+D,basal,1,21
R+P+D,her2,0,21
R+P+D,luminal,6,21
MOFA+,basal,0,21
MOFA+,her2,0,21
MOFA+,luminal,0,21
R,basal,0,22
R,her2,2,22
R,luminal,0,22
R+P,basal,1,22
R+P,her2,1,22
R+P,luminal,0,22
R+D,basal,0,22
R+D,her2,0,22
R+D,luminal,0,22
R+P+D,basal,0,22
R+P+D,her2,0,22
R+P+D,luminal,0,22
MOFA+,basal,1,22
MOFA+,her2,1,22
MOFA+,luminal,3,22
R,basal,2,23
R,her2,0,23
R,luminal,0,23
R+P,basal,0,23
R+P,her2,1,23
R+P,luminal,0,23
R+D,basal,1,23
R+D,her2,0,23
R+D,luminal,0,23
R+P+D,basal,1,23
R+P+D,her2,0,23
R+P+D,luminal,0,23
MOFA+,basal,3,23
MOFA+,her2,3,23
MOFA+,luminal,1,23
R,basal,0,24
R,her2,1,24
R,luminal,3,24
R+P,basal,0,24
R+P,her2,0,24
R+P,luminal,3,24
R+D,basal,1,24
R+D,her2,0,24
R+D,luminal,1,24
R+P+D,basal,0,24
R+P+D,her2,0,24
R+P+D,luminal,2,24
MOFA+,basal,2,24
MOFA+,her2,0,24
MOFA+,luminal,0,24
R,basal,2,25
R,her2,1,25
R,luminal,4,25
R+P,basal,0,25
R+P,her2,1,25
R+P,luminal,6,25
R+D,basal,0,25
R+D,her2,0,25
R+D,luminal,0,25
R+P+D,basal,1,25
R+P+D,her2,0,25
R+P+D,luminal,2,25
MOFA+,basal,2,25
MOFA+,her2,0,25
MOFA+,luminal,0,25
R,basal,1,26
R,her2,1,26
R,luminal,1,26
R+P,basal,6,26
R+P,her2,2,26
R+P,luminal,3,26
R+D,basal,5,26
R+D,her2,0,26
R+D,luminal,5,26
R+P+D,basal,8,26
R+P+D,her2,2,26
R+P+D,luminal,2,26
MOFA+,basal,0,26
MOFA+,her2,1,26
MOFA+,luminal,1,26
R,basal,1,27
R,her2,0,27
R,luminal,1,27
R+P,basal,0,27
R+P,her2,0,27
R+P,luminal,0,27
R+D,basal,1,27
R+D,her2,0,27
R+D,luminal,0,27
R+P+D,basal,0,27
R+P+D,her2,1,27
R+P+D,luminal,0,27
MOFA+,basal,0,27
MOFA+,her2,3,27
MOFA+,luminal,1,27
R,basal,0,28
R,her2,1,28
R,luminal,1,28
R+P,basal,0,28
R+P,her2,0,28
R+P,luminal,6,28
R+D,basal,0,28
R+D,her2,1,28
R+D,luminal,4,28
R+P+D,basal,1,28
R+P+D,her2,0,28
R+P+D,luminal,2,28
MOFA+,basal,2,28
MOFA+,her2,0,28
MOFA+,luminal,26,28
R,basal,1,29
R,her2,1,29
R,luminal,1,29
R+P,basal,0,29
R+P,her2,1,29
R+P,luminal,1,29
R+D,basal,0,29
R+D,her2,1,29
R+D,luminal,0,29
R+P+D,basal,1,29
R+P+D,her2,1,29
R+P+D,luminal,0,29
MOFA+,basal,1,29
MOFA+,her2,0,29
MOFA+,luminal,1,29
R,basal,1,30
R,her2,0,30
R,luminal,0,30
R+P,basal,0,30
R+P,her2,2,30
R+P,luminal,1,30
R+D,basal,1,30
R+D,her2,0,30
R+D,luminal,4,30
R+P+D,basal,0,30
R+P+D,her2,0,30
R+P+D,luminal,4,30
MOFA+,basal,0,30
MOFA+,her2,1,30
MOFA+,luminal,1,30
R,basal,1,31
R,her2,3,31
R,luminal,0,31
R+P,basal,1,31
R+P,her2,3,31
R+P,luminal,0,31
R+D,basal,0,31
R+D,her2,1,31
R+D,luminal,0,31
R+P+D,basal,0,31
R+P+D,her2,4,31
R+P+D,luminal,0,31
MOFA+,basal,0,31
MOFA+,her2,2,31
MOFA+,luminal,0,31
R,basal,1,32
R,her2,0,32
R,luminal,1,32
R+P,basal,2,32
R+P,her2,2,32
R+P,luminal,3,32
R+D,basal,1,32
R+D,her2,7,32
R+D,luminal,1,32
R+P+D,basal,0,32
R+P+D,her2,7,32
R+P+D,luminal,1,32
MOFA+,basal,0,32
MOFA+,her2,2,32
MOFA+,luminal,3,32
R,basal,2,33
R,her2,0,33
R,luminal,0,33
R+P,basal,1,33
R+P,her2,0,33
R+P,luminal,0,33
R+D,basal,3,33
R+D,her2,1,33
R+D,luminal,0,33
R+P+D,basal,3,33
R+P+D,her2,1,33
R+P+D,luminal,1,33
MOFA+,basal,2,33
MOFA+,her2,2,33
MOFA+,luminal,1,33
R,basal,1,34
R,her2,2,34
R,luminal,0,34
R+P,basal,1,34
R+P,her2,1,34
R+P,luminal,0,34
R+D,basal,0,34
R+D,her2,1,34
R+D,luminal,0,34
R+P+D,basal,0,34
R+P+D,her2,0,34
R+P+D,luminal,0,34
MOFA+,basal,1,34
MOFA+,her2,2,34
MOFA+,luminal,0,34
R,basal,1,35
R,her2,1,35
R,luminal,1,35
R+P,basal,0,35
R+P,her2,1,35
R+P,luminal,1,35
R+D,basal,0,35
R+D,her2,2,35
R+D,luminal,0,35
R+P+D,basal,0,35
R+P+D,her2,3,35
R+P+D,luminal,1,35
MOFA+,basal,1,35
MOFA+,her2,0,35
MOFA+,luminal,0,35
R,basal,0,36
R,her2,0,36
R,luminal,2,36
R+P,basal,0,36
R+P,her2,0,36
R+P,luminal,0,36
R+D,basal,1,36
R+D,her2,0,36
R+D,luminal,0,36
R+P+D,basal,0,36
R+P+D,her2,1,36
R+P+D,luminal,1,36
MOFA+,basal,1,36
MOFA+,her2,0,36
MOFA+,luminal,0,36
R,basal,3,37
R,her2,1,37
R,luminal,3,37
R+P,basal,1,37
R+P,her2,3,37
R+P,luminal,1,37
R+D,basal,2,37
R+D,her2,3,37
R+D,luminal,4,37
R+P+D,basal,6,37
R+P+D,her2,0,37
R+P+D,luminal,3,37
MOFA+,basal,17,37
MOFA+,her2,3,37
MOFA+,luminal,4,37
R,basal,1,38
R,her2,1,38
R,luminal,0,38
R+P,basal,0,38
R+P,her2,1,38
R+P,luminal,0,38
R+D,basal,0,38
R+D,her2,1,38
R+D,luminal,0,38
R+P+D,basal,0,38
R+P+D,her2,0,38
R+P+D,luminal,0,38
MOFA+,basal,1,38
MOFA+,her2,0,38
MOFA+,luminal,0,38
R,basal,2,39
R,her2,0,39
R,luminal,1,39
R+P,basal,2,39
R+P,her2,1,39
R+P,luminal,2,39
R+D,basal,6,39
R+D,her2,1,39
R+D,luminal,2,39
R+P+D,basal,6,39
R+P+D,her2,0,39
R+P+D,luminal,4,39
MOFA+,basal,4,39
MOFA+,her2,0,39
MOFA+,luminal,0,39
R,basal,1,40
R,her2,0,40
R,luminal,2,40
R+P,basal,0,40
R+P,her2,1,40
R+P,luminal,2,40
R+D,basal,0,40
R+D,her2,1,40
R+D,luminal,0,40
R+P+D,basal,0,40
R+P+D,her2,1,40
R+P+D,luminal,0,40
MOFA+,basal,1,40
MOFA+,her2,1,40
MOFA+,luminal,0,40
R,basal,1,41
R,her2,2,41
R,luminal,6,41
R+P,basal,0,41
R+P,her2,4,41
R+P,luminal,4,41
R+D,basal,0,41
R+D,her2,1,41
R+D,luminal,1,41
R+P+D,basal,2,41
R+P+D,her2,4,41
R+P+D,luminal,2,41
MOFA+,basal,1,41
MOFA+,her2,7,41
MOFA+,luminal,1,41
R,basal,1,42
R,her2,1,42
R,luminal,0,42
R+P,basal,1,42
R+P,her2,2,42
R+P,luminal,0,42
R+D,basal,0,42
R+D,her2,2,42
R+D,luminal,0,42
R+P+D,basal,1,42
R+P+D,her2,6,42
R+P+D,luminal,0,42
MOFA+,basal,4,42
MOFA+,her2,1,42
MOFA+,luminal,1,42
R,basal,0,43
R,her2,1,43
R,luminal,0,43
R+P,basal,0,43
R+P,her2,0,43
R+P,luminal,0,43
R+D,basal,0,43
R+D,her2,0,43
R+D,luminal,0,43
R+P+D,basal,2,43
R+P+D,her2,1,43
R+P+D,luminal,0,43
MOFA+,basal,1,43
MOFA+,her2,0,43
MOFA+,luminal,1,43
R,basal,0,44
R,her2,0,44
R,luminal,1,44
R+P,basal,0,44
R+P,her2,1,44
R+P,luminal,0,44
R+D,basal,1,44
R+D,her2,1,44
R+D,luminal,0,44
R+P+D,basal,0,44
R+P+D,her2,1,44
R+P+D,luminal,0,44
MOFA+,basal,0,44
MOFA+,her2,1,44
MOFA+,luminal,1,44
R,basal,0,45
R,her2,0,45
R,luminal,0,45
R+P,basal,3,45
R+P,her2,0,45
R+P,luminal,0,45
R+D,basal,0,45
R+D,her2,1,45
R+D,luminal,3,45
R+P+D,basal,0,45
R+P+D,her2,1,45
R+P+D,luminal,3,45
MOFA+,basal,2,45
MOFA+,her2,2,45
MOFA+,luminal,1,45
R,basal,1,46
R,her2,0,46
R,luminal,0,46
R+P,basal,0,46
R+P,her2,0,46
R+P,luminal,0,46
R+D,basal,0,46
R+D,her2,2,46
R+D,luminal,3,46
R+P+D,basal,0,46
R+P+D,her2,0,46
R+P+D,luminal,4,46
MOFA+,basal,1,46
MOFA+,her2,0,46
MOFA+,luminal,1,46
R,basal,0,47
R,her2,0,47
R,luminal,2,47
R+P,basal,0,47
R+P,her2,0,47
R+P,luminal,1,47
R+D,basal,0,47
R+D,her2,0,47
R+D,luminal,2,47
R+P+D,basal,0,47
R+P+D,her2,0,47
R+P+D,luminal,3,47
MOFA+,basal,2,47
MOFA+,her2,0,47
MOFA+,luminal,1,47
R,basal,1,48
R,her2,5,48
R,luminal,4,48
R+P,basal,0,48
R+P,her2,4,48
R+P,luminal,3,48
R+D,basal,1,48
R+D,her2,0,48
R+D,luminal,3,48
R+P+D,basal,1,48
R+P+D,her2,1,48
R+P+D,luminal,3,48
MOFA+,basal,1,48
MOFA+,her2,7,48
MOFA+,luminal,1,48
R,basal,3,49
R,her2,0,49
R,luminal,2,49
R+P,basal,3,49
R+P,her2,1,49
R+P,luminal,2,49
R+D,basal,1,49
R+D,her2,2,49
R+D,luminal,2,49
R+P+D,basal,3,49
R+P+D,her2,2,49
R+P+D,luminal,2,49
MOFA+,basal,1,49
MOFA+,her2,0,49
MOFA+,luminal,26,49
R,basal,4,50
R,her2,4,50
R,luminal,4,50
R+P,basal,7,50
R+P,her2,0,50
R+P,luminal,4,50
R+D,basal,4,50
R+D,her2,4,50
R+D,luminal,6,50
R+P+D,basal,7,50
R+P+D,her2,3,50
R+P+D,luminal,5,50
MOFA+,basal,17,50
MOFA+,her2,0,50
MOFA+,luminal,26,50
R,basal,1,51
R,her2,1,51
R,luminal,0,51
R+P,basal,3,51
R+P,her2,0,51
R+P,luminal,0,51
R+D,basal,3,51
R+D,her2,6,51
R+D,luminal,0,51
R+P+D,basal,3,51
R+P+D,her2,2,51
R+P+D,luminal,1,51
MOFA+,basal,1,51
MOFA+,her2,0,51
MOFA+,luminal,0,51
R,basal,0,52
R,her2,2,52
R,luminal,5,52
R+P,basal,0,52
R+P,her2,3,52
R+P,luminal,5,52
R+D,basal,0,52
R+D,her2,0,52
R+D,luminal,0,52
R+P+D,basal,0,52
R+P+D,her2,1,52
R+P+D,luminal,1,52
MOFA+,basal,4,52
MOFA+,her2,0,52
MOFA+,luminal,1,52
R,basal,0,53
R,her2,3,53
R,luminal,0,53
R+P,basal,0,53
R+P,her2,2,53
R+P,luminal,1,53
R+D,basal,1,53
R+D,her2,1,53
R+D,luminal,0,53
R+P+D,basal,0,53
R+P+D,her2,2,53
R+P+D,luminal,0,53
MOFA+,basal,2,53
MOFA+,her2,0,53
MOFA+,luminal,1,53
R,basal,0,54
R,her2,1,54
R,luminal,0,54
R+P,basal,0,54
R+P,her2,3,54
R+P,luminal,0,54
R+D,basal,0,54
R+D,her2,0,54
R+D,luminal,0,54
R+P+D,basal,0,54
R+P+D,her2,1,54
R+P+D,luminal,0,54
MOFA+,basal,0,54
MOFA+,her2,2,54
MOFA+,luminal,0,54
R,basal,2,55
R,her2,1,55
R,luminal,1,55
R+P,basal,2,55
R+P,her2,2,55
R+P,luminal,0,55
R+D,basal,2,55
R+D,her2,0,55
R+D,luminal,0,55
R+P+D,basal,1,55
R+P+D,her2,0,55
R+P+D,luminal,1,55
MOFA+,basal,0,55
MOFA+,her2,0,55
MOFA+,luminal,0,55
R,basal,1,56
R,her2,2,56
R,luminal,0,56
R+P,basal,0,56
R+P,her2,1,56
R+P,luminal,0,56
R+D,basal,1,56
R+D,her2,1,56
R+D,luminal,0,56
R+P+D,basal,0,56
R+P+D,her2,4,56
R+P+D,luminal,0,56
MOFA+,basal,0,56
MOFA+,her2,7,56
MOFA+,luminal,1,56
R,basal,2,57
R,her2,2,57
R,luminal,0,57
R+P,basal,3,57
R+P,her2,4,57
R+P,luminal,1,57
R+D,basal,1,57
R+D,her2,1,57
R+D,luminal,0,57
R+P+D,basal,0,57
R+P+D,her2,4,57
R+P+D,luminal,0,57
MOFA+,basal,1,57
MOFA+,her2,2,57
MOFA+,luminal,3,57
R,basal,0,58
R,her2,1,58
R,luminal,0,58
R+P,basal,0,58
R+P,her2,0,58
R+P,luminal,0,58
R+D,basal,0,58
R+D,her2,5,58
R+D,luminal,0,58
R+P+D,basal,0,58
R+P+D,her2,2,58
R+P+D,luminal,0,58
MOFA+,basal,1,58
MOFA+,her2,2,58
MOFA+,luminal,1,58
R,basal,2,59
R,her2,1,59
R,luminal,2,59
R+P,basal,4,59
R+P,her2,0,59
R+P,luminal,2,59
R+D,basal,5,59
R+D,her2,2,59
R+D,luminal,2,59
R+P+D,basal,5,59
R+P+D,her2,0,59
R+P+D,luminal,2,59
MOFA+,basal,1,59
MOFA+,her2,2,59
MOFA+,luminal,1,59
R,basal,0,60
R,her2,1,60
R,luminal,0,60
R+P,basal,1,60
R+P,her2,1,60
R+P,luminal,0,60
R+D,basal,3,60
R+D,her2,1,60
R+D,luminal,3,60
R+P+D,basal,3,60
R+P+D,her2,1,60
R+P+D,luminal,1,60
MOFA+,basal,0,60
MOFA+,her2,0,60
MOFA+,luminal,1,60
R,basal,3,61
R,her2,0,61
R,luminal,3,61
R+P,basal,7,61
R+P,her2,0,61
R+P,luminal,3,61
R+D,basal,2,61
R+D,her2,0,61
R+D,luminal,3,61
R+P+D,basal,4,61
R+P+D,her2,0,61
R+P+D,luminal,5,61
MOFA+,basal,17,61
MOFA+,her2,1,61
MOFA+,luminal,26,61
R,basal,2,62
R,her2,0,62
R,luminal,0,62
R+P,basal,2,62
R+P,her2,0,62
R+P,luminal,4,62
R+D,basal,3,62
R+D,her2,1,62
R+D,luminal,4,62
R+P+D,basal,2,62
R+P+D,her2,0,62
R+P+D,luminal,2,62
MOFA+,basal,3,62
MOFA+,her2,0,62
MOFA+,luminal,3,62
R,basal,0,63
R,her2,1,63
R,luminal,2,63
R+P,basal,6,63
R+P,her2,0,63
R+P,luminal,3,63
R+D,basal,0,63
R+D,her2,2,63
R+D,luminal,2,63
R+P+D,basal,2,63
R+P+D,her2,0,63
R+P+D,luminal,5,63
MOFA+,basal,17,63
MOFA+,her2,3,63
MOFA+,luminal,1,63
R,basal,2,64
R,her2,2,64
R,luminal,3,64
R+P,basal,5,64
R+P,her2,3,64
R+P,luminal,6,64
R+D,basal,10,64
R+D,her2,3,64
R+D,luminal,3,64
R+P+D,basal,9,64
R+P+D,her2,3,64
R+P+D,luminal,4,64
MOFA+,basal,17,64
MOFA+,her2,0,64
MOFA+,luminal,1,64
R,basal,0,65
R,her2,0,65
R,luminal,2,65
R+P,basal,2,65
R+P,her2,7,65
R+P,luminal,3,65
R+D,basal,1,65
R+D,her2,3,65
R+D,luminal,6,65
R+P+D,basal,0,65
R+P+D,her2,5,65
R+P+D,luminal,5,65
MOFA+,basal,0,65
MOFA+,her2,0,65
MOFA+,luminal,1,65
R,basal,0,66
R,her2,1,66
R,luminal,1,66
R+P,basal,0,66
R+P,her2,0,66
R+P,luminal,1,66
R+D,basal,0,66
R+D,her2,0,66
R+D,luminal,0,66
R+P+D,basal,1,66
R+P+D,her2,0,66
R+P+D,luminal,0,66
MOFA+,basal,2,66
MOFA+,her2,3,66
MOFA+,luminal,3,66
R,basal,0,67
R,her2,0,67
R,luminal,0,67
R+P,basal,2,67
R+P,her2,0,67
R+P,luminal,0,67
R+D,basal,2,67
R+D,her2,2,67
R+D,luminal,0,67
R+P+D,basal,0,67
R+P+D,her2,1,67
R+P+D,luminal,0,67
MOFA+,basal,1,67
MOFA+,her2,3,67
MOFA+,luminal,0,67
R,basal,4,68
R,her2,1,68
R,luminal,3,68
R+P,basal,3,68
R+P,her2,2,68
R+P,luminal,5,68
R+D,basal,3,68
R+D,her2,2,68
R+D,luminal,5,68
R+P+D,basal,2,68
R+P+D,her2,1,68
R+P+D,luminal,4,68
MOFA+,basal,0,68
MOFA+,her2,3,68
MOFA+,luminal,0,68
R,basal,0,69
R,her2,0,69
R,luminal,0,69
R+P,basal,1,69
R+P,her2,0,69
R+P,luminal,0,69
R+D,basal,0,69
R+D,her2,0,69
R+D,luminal,0,69
R+P+D,basal,1,69
R+P+D,her2,0,69
R+P+D,luminal,0,69
MOFA+,basal,2,69
MOFA+,her2,0,69
MOFA+,luminal,0,69
R,basal,0,70
R,her2,5,70
R,luminal,1,70
R+P,basal,0,70
R+P,her2,5,70
R+P,luminal,0,70
R+D,basal,0,70
R+D,her2,1,70
R+D,luminal,1,70
R+P+D,basal,0,70
R+P+D,her2,3,70
R+P+D,luminal,2,70
MOFA+,basal,0,70
MOFA+,her2,0,70
MOFA+,luminal,4,70
R,basal,3,71
R,her2,0,71
R,luminal,0,71
R+P,basal,3,71
R+P,her2,0,71
R+P,luminal,0,71
R+D,basal,1,71
R+D,her2,1,71
R+D,luminal,0,71
R+P+D,basal,2,71
R+P+D,her2,1,71
R+P+D,luminal,0,71
MOFA+,basal,0,71
MOFA+,her2,0,71
MOFA+,luminal,0,71
R,basal,0,72
R,her2,0,72
R,luminal,0,72
R+P,basal,1,72
R+P,her2,0,72
R+P,luminal,1,72
R+D,basal,0,72
R+D,her2,0,72
R+D,luminal,1,72
R+P+D,basal,0,72
R+P+D,her2,0,72
R+P+D,luminal,0,72
MOFA+,basal,0,72
MOFA+,her2,0,72
MOFA+,luminal,0,72
R,basal,2,73
R,her2,0,73
R,luminal,0,73
R+P,basal,0,73
R+P,her2,0,73
R+P,luminal,1,73
R+D,basal,0,73
R+D,her2,1,73
R+D,luminal,0,73
R+P+D,basal,0,73
R+P+D,her2,1,73
R+P+D,luminal,0,73
MOFA+,basal,2,73
MOFA+,her2,0,73
MOFA+,luminal,1,73
R,basal,0,74
R,her2,2,74
R,luminal,0,74
R+P,basal,2,74
R+P,her2,2,74
R+P,luminal,1,74
R+D,basal,2,74
R+D,her2,3,74
R+D,luminal,0,74
R+P+D,basal,4,74
R+P+D,her2,6,74
R+P+D,luminal,0,74
MOFA+,basal,4,74
MOFA+,her2,3,74
MOFA+,luminal,3,74
R,basal,0,75
R,her2,1,75
R,luminal,0,75
R+P,basal,0,75
R+P,her2,3,75
R+P,luminal,0,75
R+D,basal,1,75
R+D,her2,0,75
R+D,luminal,0,75
R+P+D,basal,0,75
R+P+D,her2,2,75
R+P+D,luminal,0,75
MOFA+,basal,4,75
MOFA+,her2,7,75
MOFA+,luminal,1,75
R,basal,2,76
R,her2,1,76
R,luminal,2,76
R+P,basal,1,76
R+P,her2,2,76
R+P,luminal,4,76
R+D,basal,0,76
R+D,her2,1,76
R+D,luminal,4,76
R+P+D,basal,1,76
R+P+D,her2,0,76
R+P+D,luminal,5,76
MOFA+,basal,0,76
MOFA+,her2,1,76
MOFA+,luminal,3,76
R,basal,0,77
R,her2,1,77
R,luminal,0,77
R+P,basal,0,77
R+P,her2,0,77
R+P,luminal,1,77
R+D,basal,1,77
R+D,her2,1,77
R+D,luminal,0,77
R+P+D,basal,0,77
R+P+D,her2,3,77
R+P+D,luminal,0,77
MOFA+,basal,1,77
MOFA+,her2,0,77
MOFA+,luminal,0,77
R,basal,0,78
R,her2,3,78
R,luminal,0,78
R+P,basal,0,78
R+P,her2,1,78
R+P,luminal,0,78
R+D,basal,0,78
R+D,her2,0,78
R+D,luminal,1,78
R+P+D,basal,0,78
R+P+D,her2,0,78
R+P+D,luminal,0,78
MOFA+,basal,0,78
MOFA+,her2,1,78
MOFA+,luminal,1,78
R,basal,1,79
R,her2,1,79
R,luminal,2,79
R+P,basal,0,79
R+P,her2,1,79
R+P,luminal,5,79
R+D,basal,0,79
R+D,her2,0,79
R+D,luminal,5,79
R+P+D,basal,1,79
R+P+D,her2,4,79
R+P+D,luminal,5,79
MOFA+,basal,4,79
MOFA+,her2,0,79
MOFA+,luminal,1,79
R,basal,1,80
R,her2,2,80
R,luminal,7,80
R+P,basal,0,80
R+P,her2,3,80
R+P,luminal,6,80
R+D,basal,1,80
R+D,her2,3,80
R+D,luminal,3,80
R+P+D,basal,1,80
R+P+D,her2,1,80
R+P+D,luminal,4,80
MOFA+,basal,1,80
MOFA+,her2,1,80
MOFA+,luminal,0,80
R,basal,3,81
R,her2,2,81
R,luminal,0,81
R+P,basal,1,81
R+P,her2,1,81
R+P,luminal,4,81
R+D,basal,0,81
R+D,her2,0,81
R+D,luminal,0,81
R+P+D,basal,3,81
R+P+D,her2,0,81
R+P+D,luminal,0,81
MOFA+,basal,2,81
MOFA+,her2,1,81
MOFA+,luminal,0,81
R,basal,1,82
R,her2,1,82
R,luminal,0,82
R+P,basal,4,82
R+P,her2,0,82
R+P,luminal,1,82
R+D,basal,2,82
R+D,her2,0,82
R+D,luminal,0,82
R+P+D,basal,3,82
R+P+D,her2,0,82
R+P+D,luminal,0,82
MOFA+,basal,17,82
MOFA+,her2,0,82
MOFA+,luminal,0,82
R,basal,0,83
R,her2,4,83
R,luminal,0,83
R+P,basal,0,83
R+P,her2,6,83
R+P,luminal,0,83
R+D,basal,0,83
R+D,her2,2,83
R+D,luminal,0,83
R+P+D,basal,0,83
R+P+D,her2,0,83
R+P+D,luminal,0,83
MOFA+,basal,0,83
MOFA+,her2,7,83
MOFA+,luminal,1,83
R,basal,1,84
R,her2,1,84
R,luminal,2,84
R+P,basal,1,84
R+P,her2,1,84
R+P,luminal,1,84
R+D,basal,3,84
R+D,her2,0,84
R+D,luminal,0,84
R+P+D,basal,4,84
R+P+D,her2,1,84
R+P+D,luminal,0,84
MOFA+,basal,4,84
MOFA+,her2,0,84
MOFA+,luminal,1,84
R,basal,3,85
R,her2,0,85
R,luminal,0,85
R+P,basal,2,85
R+P,her2,2,85
R+P,luminal,6,85
R+D,basal,0,85
R+D,her2,3,85
R+D,luminal,2,85
R+P+D,basal,3,85
R+P+D,her2,4,85
R+P+D,luminal,5,85
MOFA+,basal,2,85
MOFA+,her2,0,85
MOFA+,luminal,1,85
R,basal,0,86
R,her2,1,86
R,luminal,0,86
R+P,basal,0,86
R+P,her2,0,86
R+P,luminal,1,86
R+D,basal,1,86
R+D,her2,3,86
R+D,luminal,1,86
R+P+D,basal,1,86
R+P+D,her2,2,86
R+P+D,luminal,1,86
MOFA+,basal,0,86
MOFA+,her2,0,86
MOFA+,luminal,1,86
R,basal,0,87
R,her2,0,87
R,luminal,0,87
R+P,basal,0,87
R+P,her2,0,87
R+P,luminal,0,87
R+D,basal,1,87
R+D,her2,1,87
R+D,luminal,0,87
R+P+D,basal,0,87
R+P+D,her2,0,87
R+P+D,luminal,0,87
MOFA+,basal,0,87
MOFA+,her2,2,87
MOFA+,luminal,1,87
R,basal,2,88
R,her2,1,88
R,luminal,0,88
R+P,basal,1,88
R+P,her2,2,88
R+P,luminal,0,88
R+D,basal,2,88
R+D,her2,0,88
R+D,luminal,0,88
R+P+D,basal,1,88
R+P+D,her2,0,88
R+P+D,luminal,0,88
MOFA+,basal,0,88
MOFA+,her2,0,88
MOFA+,luminal,0,88
R,basal,1,89
R,her2,0,89
R,luminal,0,89
R+P,basal,0,89
R+P,her2,0,89
R+P,luminal,0,89
R+D,basal,0,89
R+D,her2,0,89
R+D,luminal,0,89
R+P+D,basal,0,89
R+P+D,her2,0,89
R+P+D,luminal,0,89
MOFA+,basal,2,89
MOFA+,her2,0,89
MOFA+,luminal,0,89
R,basal,1,90
R,her2,2,90
R,luminal,1,90
R+P,basal,1,90
R+P,her2,2,90
R+P,luminal,1,90
R+D,basal,0,90
R+D,her2,1,90
R+D,luminal,0,90
R+P+D,basal,0,90
R+P+D,her2,1,90
R+P+D,luminal,0,90
MOFA+,basal,3,90
MOFA+,her2,7,90
MOFA+,luminal,3,90
R,basal,0,91
R,her2,2,91
R,luminal,0,91
R+P,basal,1,91
R+P,her2,3,91
R+P,luminal,0,91
R+D,basal,1,91
R+D,her2,2,91
R+D,luminal,0,91
R+P+D,basal,3,91
R+P+D,her2,4,91
R+P+D,luminal,1,91
MOFA+,basal,1,91
MOFA+,her2,1,91
MOFA+,luminal,4,91
R,basal,1,92
R,her2,1,92
R,luminal,2,92
R+P,basal,0,92
R+P,her2,3,92
R+P,luminal,2,92
R+D,basal,2,92
R+D,her2,5,92
R+D,luminal,2,92
R+P+D,basal,4,92
R+P+D,her2,3,92
R+P+D,luminal,1,92
MOFA+,basal,1,92
MOFA+,her2,1,92
MOFA+,luminal,0,92
R,basal,2,93
R,her2,0,93
R,luminal,1,93
R+P,basal,0,93
R+P,her2,0,93
R+P,luminal,2,93
R+D,basal,1,93
R+D,her2,4,93
R+D,luminal,0,93
R+P+D,basal,0,93
R+P+D,her2,0,93
R+P+D,luminal,0,93
MOFA+,basal,1,93
MOFA+,her2,0,93
MOFA+,luminal,0,93
R,basal,4,94
R,her2,0,94
R,luminal,2,94
R+P,basal,1,94
R+P,her2,0,94
R+P,luminal,3,94
R+D,basal,1,94
R+D,her2,1,94
R+D,luminal,4,94
R+P+D,basal,2,94
R+P+D,her2,0,94
R+P+D,luminal,5,94
MOFA+,basal,1,94
MOFA+,her2,0,94
MOFA+,luminal,26,94
R,basal,1,95
R,her2,0,95
R,luminal,0,95
R+P,basal,0,95
R+P,her2,1,95
R+P,luminal,0,95
R+D,basal,0,95
R+D,her2,2,95
R+D,luminal,0,95
R+P+D,basal,0,95
R+P+D,her2,2,95
R+P+D,luminal,0,95
MOFA+,basal,0,95
MOFA+,her2,0,95
MOFA+,luminal,1,95
R,basal,1,96
R,her2,0,96
R,luminal,1,96
R+P,basal,2,96
R+P,her2,0,96
R+P,luminal,0,96
R+D,basal,0,96
R+D,her2,0,96
R+D,luminal,1,96
R+P+D,basal,0,96
R+P+D,her2,0,96
R+P+D,luminal,1,96
MOFA+,basal,1,96
MOFA+,her2,1,96
MOFA+,luminal,0,96
R,basal,2,97
R,her2,0,97
R,luminal,0,97
R+P,basal,0,97
R+P,her2,0,97
R+P,luminal,0,97
R+D,basal,0,97
R+D,her2,0,97
R+D,luminal,0,97
R+P+D,basal,0,97
R+P+D,her2,0,97
R+P+D,luminal,0,97
MOFA+,basal,0,97
MOFA+,her2,0,97
MOFA+,luminal,0,97
R,basal,0,98
R,her2,0,98
R,luminal,0,98
R+P,basal,0,98
R+P,her2,0,98
R+P,luminal,0,98
R+D,basal,0,98
R+D,her2,1,98
R+D,luminal,0,98
R+P+D,basal,0,98
R+P+D,her2,1,98
R+P+D,luminal,0,98
MOFA+,basal,1,98
MOFA+,her2,0,98
MOFA+,luminal,0,98
R,basal,2,99
R,her2,3,99
R,luminal,0,99
R+P,basal,0,99
R+P,her2,0,99
R+P,luminal,0,99
R+D,basal,1,99
R+D,her2,5,99
R+D,luminal,0,99
R+P+D,basal,2,99
R+P+D,her2,2,99
R+P+D,luminal,0,99
MOFA+,basal,1,99
MOFA+,her2,0,99
MOFA+,luminal,0,99
R,basal,0,100
R,her2,0,100
R,luminal,0,100
R+P,basal,0,100
R+P,her2,0,100
R+P,luminal,0,100
R+D,basal,0,100
R+D,her2,0,100
R+D,luminal,0,100
R+P+D,basal,0,100
R+P+D,her2,2,100
R+P+D,luminal,0,100
MOFA+,basal,0,100
MOFA+,her2,3,100
MOFA+,luminal,0,100
R,basal,1,101
R,her2,0,101
R,luminal,1,101
R+P,basal,1,101
R+P,her2,1,101
R+P,luminal,4,101
R+D,basal,1,101
R+D,her2,0,101
R+D,luminal,2,101
R+P+D,basal,1,101
R+P+D,her2,0,101
R+P+D,luminal,5,101
MOFA+,basal,0,101
MOFA+,her2,2,101
MOFA+,luminal,26,101
R,basal,2,102
R,her2,1,102
R,luminal,0,102
R+P,basal,0,102
R+P,her2,0,102
R+P,luminal,0,102
R+D,basal,1,102
R+D,her2,2,102
R+D,luminal,0,102
R+P+D,basal,1,102
R+P+D,her2,3,102
R+P+D,luminal,0,102
MOFA+,basal,2,102
MOFA+,her2,0,102
MOFA+,luminal,1,102
R,basal,1,103
R,her2,1,103
R,luminal,0,103
R+P,basal,0,103
R+P,her2,0,103
R+P,luminal,0,103
R+D,basal,1,103
R+D,her2,3,103
R+D,luminal,0,103
R+P+D,basal,0,103
R+P+D,her2,3,103
R+P+D,luminal,0,103
MOFA+,basal,1,103
MOFA+,her2,2,103
MOFA+,luminal,0,103
R,basal,1,104
R,her2,0,104
R,luminal,0,104
R+P,basal,1,104
R+P,her2,0,104
R+P,luminal,0,104
R+D,basal,0,104
R+D,her2,3,104
R+D,luminal,0,104
R+P+D,basal,0,104
R+P+D,her2,2,104
R+P+D,luminal,0,104
MOFA+,basal,0,104
MOFA+,her2,3,104
MOFA+,luminal,0,104
R,basal,1,105
R,her2,1,105
R,luminal,1,105
R+P,basal,0,105
R+P,her2,0,105
R+P,luminal,0,105
R+D,basal,1,105
R+D,her2,1,105
R+D,luminal,1,105
R+P+D,basal,0,105
R+P+D,her2,1,105
R+P+D,luminal,0,105
MOFA+,basal,0,105
MOFA+,her2,0,105
MOFA+,luminal,0,105
R,basal,3,106
R,her2,2,106
R,luminal,0,106
R+P,basal,3,106
R+P,her2,2,106
R+P,luminal,1,106
R+D,basal,0,106
R+D,her2,1,106
R+D,luminal,0,106
R+P+D,basal,1,106
R+P+D,her2,2,106
R+P+D,luminal,0,106
MOFA+,basal,1,106
MOFA+,her2,0,106
MOFA+,luminal,0,106
R,basal,1,107
R,her2,2,107
R,luminal,0,107
R+P,basal,0,107
R+P,her2,0,107
R+P,luminal,0,107
R+D,basal,0,107
R+D,her2,0,107
R+D,luminal,0,107
R+P+D,basal,0,107
R+P+D,her2,1,107
R+P+D,luminal,0,107
MOFA+,basal,4,107
MOFA+,her2,0,107
MOFA+,luminal,0,107
R,basal,3,108
R,her2,1,108
R,luminal,7,108
R+P,basal,0,108
R+P,her2,3,108
R+P,luminal,13,108
R+D,basal,7,108
R+D,her2,1,108
R+D,luminal,1,108
R+P+D,basal,7,108
R+P+D,her2,3,108
R+P+D,luminal,2,108
MOFA+,basal,0,108
MOFA+,her2,3,108
MOFA+,luminal,1,108
R,basal,1,109
R,her2,1,109
R,luminal,0,109
R+P,basal,0,109
R+P,her2,1,109
R+P,luminal,0,109
R+D,basal,0,109
R+D,her2,1,109
R+D,luminal,0,109
R+P+D,basal,0,109
R+P+D,her2,0,109
R+P+D,luminal,0,109
MOFA+,basal,2,109
MOFA+,her2,2,109
MOFA+,luminal,0,109
R,basal,2,110
R,her2,0,110
R,luminal,1,110
R+P,basal,0,110
R+P,her2,0,110
R+P,luminal,0,110
R+D,basal,1,110
R+D,her2,1,110
R+D,luminal,1,110
R+P+D,basal,3,110
R+P+D,her2,1,110
R+P+D,luminal,0,110
MOFA+,basal,0,110
MOFA+,her2,2,110
MOFA+,luminal,0,110
R,basal,0,111
R,her2,0,111
R,luminal,0,111
R+P,basal,0,111
R+P,her2,1,111
R+P,luminal,0,111
R+D,basal,0,111
R+D,her2,0,111
R+D,luminal,0,111
R+P+D,basal,0,111
R+P+D,her2,1,111
R+P+D,luminal,0,111
MOFA+,basal,1,111
MOFA+,her2,1,111
MOFA+,luminal,1,111
R,basal,0,112
R,her2,0,112
R,luminal,0,112
R+P,basal,0,112
R+P,her2,0,112
R+P,luminal,0,112
R+D,basal,0,112
R+D,her2,0,112
R+D,luminal,0,112
R+P+D,basal,0,112
R+P+D,her2,0,112
R+P+D,luminal,0,112
MOFA+,basal,0,112
MOFA+,her2,0,112
MOFA+,luminal,3,112
R,basal,0,113
R,her2,2,113
R,luminal,0,113
R+P,basal,0,113
R+P,her2,4,113
R+P,luminal,1,113
R+D,basal,0,113
R+D,her2,0,113
R+D,luminal,0,113
R+P+D,basal,0,113
R+P+D,her2,2,113
R+P+D,luminal,0,113
MOFA+,basal,0,113
MOFA+,her2,3,113
MOFA+,luminal,0,113
R,basal,1,114
R,her2,0,114
R,luminal,0,114
R+P,basal,0,114
R+P,her2,0,114
R+P,luminal,2,114
R+D,basal,1,114
R+D,her2,1,114
R+D,luminal,0,114
R+P+D,basal,2,114
R+P+D,her2,0,114
R+P+D,luminal,1,114
MOFA+,basal,4,114
MOFA+,her2,0,114
MOFA+,luminal,0,114
R,basal,2,115
R,her2,0,115
R,luminal,3,115
R+P,basal,1,115
R+P,her2,0,115
R+P,luminal,4,115
R+D,basal,2,115
R+D,her2,1,115
R+D,luminal,1,115
R+P+D,basal,2,115
R+P+D,her2,2,115
R+P+D,luminal,4,115
MOFA+,basal,1,115
MOFA+,her2,0,115
MOFA+,luminal,0,115
R,basal,2,116
R,her2,1,116
R,luminal,0,116
R+P,basal,2,116
R+P,her2,0,116
R+P,luminal,0,116
R+D,basal,1,116
R+D,her2,0,116
R+D,luminal,0,116
R+P+D,basal,0,116
R+P+D,her2,0,116
R+P+D,luminal,0,116
MOFA+,basal,3,116
MOFA+,her2,0,116
MOFA+,luminal,0,116
R,basal,0,117
R,her2,0,117
R,luminal,2,117
R+P,basal,0,117
R+P,her2,0,117
R+P,luminal,3,117
R+D,basal,1,117
R+D,her2,0,117
R+D,luminal,0,117
R+P+D,basal,0,117
R+P+D,her2,0,117
R+P+D,luminal,1,117
MOFA+,basal,1,117
MOFA+,her2,1,117
MOFA+,luminal,0,117
R,basal,0,118
R,her2,0,118
R,luminal,0,118
R+P,basal,0,118
R+P,her2,1,118
R+P,luminal,0,118
R+D,basal,1,118
R+D,her2,1,118
R+D,luminal,0,118
R+P+D,basal,2,118
R+P+D,her2,0,118
R+P+D,luminal,0,118
MOFA+,basal,1,118
MOFA+,her2,0,118
MOFA+,luminal,0,118
R,basal,1,119
R,her2,2,119
R,luminal,1,119
R+P,basal,1,119
R+P,her2,2,119
R+P,luminal,0,119
R+D,basal,1,119
R+D,her2,2,119
R+D,luminal,1,119
R+P+D,basal,0,119
R+P+D,her2,5,119
R+P+D,luminal,0,119
MOFA+,basal,1,119
MOFA+,her2,7,119
MOFA+,luminal,0,119
R,basal,1,120
R,her2,1,120
R,luminal,0,120
R+P,basal,0,120
R+P,her2,1,120
R+P,luminal,0,120
R+D,basal,1,120
R+D,her2,4,120
R+D,luminal,0,120
R+P+D,basal,0,120
R+P+D,her2,5,120
R+P+D,luminal,0,120
MOFA+,basal,0,120
MOFA+,her2,2,120
MOFA+,luminal,0,120
R,basal,0,121
R,her2,0,121
R,luminal,0,121
R+P,basal,0,121
R+P,her2,0,121
R+P,luminal,0,121
R+D,basal,0,121
R+D,her2,0,121
R+D,luminal,0,121
R+P+D,basal,1,121
R+P+D,her2,0,121
R+P+D,luminal,0,121
MOFA+,basal,0,121
MOFA+,her2,1,121
MOFA+,luminal,1,121
R,basal,1,122
R,her2,2,122
R,luminal,1,122
R+P,basal,0,122
R+P,her2,0,122
R+P,luminal,0,122
R+D,basal,1,122
R+D,her2,0,122
R+D,luminal,5,122
R+P+D,basal,2,122
R+P+D,her2,0,122
R+P+D,luminal,4,122
MOFA+,basal,2,122
MOFA+,her2,1,122
MOFA+,luminal,0,122
R,basal,1,123
R,her2,0,123
R,luminal,0,123
R+P,basal,0,123
R+P,her2,1,123
R+P,luminal,0,123
R+D,basal,0,123
R+D,her2,0,123
R+D,luminal,0,123
R+P+D,basal,0,123
R+P+D,her2,0,123
R+P+D,luminal,0,123
MOFA+,basal,0,123
MOFA+,her2,3,123
MOFA+,luminal,0,123
R,basal,6,124
R,her2,2,124
R,luminal,4,124
R+P,basal,7,124
R+P,her2,1,124
R+P,luminal,5,124
R+D,basal,0,124
R+D,her2,4,124
R+D,luminal,3,124
R+P+D,basal,7,124
R+P+D,her2,1,124
R+P+D,luminal,2,124
MOFA+,basal,17,124
MOFA+,her2,0,124
MOFA+,luminal,26,124
R,basal,0,125
R,her2,1,125
R,luminal,0,125
R+P,basal,1,125
R+P,her2,0,125
R+P,luminal,0,125
R+D,basal,0,125
R+D,her2,1,125
R+D,luminal,3,125
R+P+D,basal,0,125
R+P+D,her2,0,125
R+P+D,luminal,2,125
MOFA+,basal,4,125
MOFA+,her2,0,125
MOFA+,luminal,1,125
R,basal,0,126
R,her2,2,126
R,luminal,0,126
R+P,basal,0,126
R+P,her2,4,126
R+P,luminal,2,126
R+D,basal,4,126
R+D,her2,0,126
R+D,luminal,1,126
R+P+D,basal,2,126
R+P+D,her2,1,126
R+P+D,luminal,2,126
MOFA+,basal,0,126
MOFA+,her2,7,126
MOFA+,luminal,3,126
R,basal,5,127
R,her2,0,127
R,luminal,0,127
R+P,basal,6,127
R+P,her2,0,127
R+P,luminal,1,127
R+D,basal,8,127
R+D,her2,0,127
R+D,luminal,0,127
R+P+D,basal,8,127
R+P+D,her2,0,127
R+P+D,luminal,0,127
MOFA+,basal,1,127
MOFA+,her2,1,127
MOFA+,luminal,0,127
R,basal,1,128
R,her2,0,128
R,luminal,0,128
R+P,basal,0,128
R+P,her2,0,128
R+P,luminal,0,128
R+D,basal,0,128
R+D,her2,0,128
R+D,luminal,3,128
R+P+D,basal,0,128
R+P+D,her2,0,128
R+P+D,luminal,0,128
MOFA+,basal,1,128
MOFA+,her2,2,128
MOFA+,luminal,1,128
R,basal,2,129
R,her2,0,129
R,luminal,1,129
R+P,basal,0,129
R+P,her2,0,129
R+P,luminal,1,129
R+D,basal,1,129
R+D,her2,0,129
R+D,luminal,1,129
R+P+D,basal,0,129
R+P+D,her2,1,129
R+P+D,luminal,0,129
MOFA+,basal,0,129
MOFA+,her2,2,129
MOFA+,luminal,4,129
R,basal,1,130
R,her2,1,130
R,luminal,0,130
R+P,basal,0,130
R+P,her2,2,130
R+P,luminal,0,130
R+D,basal,1,130
R+D,her2,2,130
R+D,luminal,0,130
R+P+D,basal,0,130
R+P+D,her2,4,130
R+P+D,luminal,0,130
MOFA+,basal,0,130
MOFA+,her2,0,130
MOFA+,luminal,1,130
R,basal,1,131
R,her2,1,131
R,luminal,1,131
R+P,basal,1,131
R+P,her2,2,131
R+P,luminal,1,131
R+D,basal,3,131
R+D,her2,0,131
R+D,luminal,1,131
R+P+D,basal,5,131
R+P+D,her2,2,131
R+P+D,luminal,4,131
MOFA+,basal,2,131
MOFA+,her2,0,131
MOFA+,luminal,1,131
R,basal,0,132
R,her2,2,132
R,luminal,0,132
R+P,basal,0,132
R+P,her2,2,132
R+P,luminal,1,132
R+D,basal,0,132
R+D,her2,1,132
R+D,luminal,0,132
R+P+D,basal,1,132
R+P+D,her2,2,132
R+P+D,luminal,0,132
MOFA+,basal,4,132
MOFA+,her2,0,132
MOFA+,luminal,3,132
R,basal,2,133
R,her2,2,133
R,luminal,4,133
R+P,basal,0,133
R+P,her2,1,133
R+P,luminal,3,133
R+D,basal,1,133
R+D,her2,1,133
R+D,luminal,2,133
R+P+D,basal,0,133
R+P+D,her2,1,133
R+P+D,luminal,2,133
MOFA+,basal,3,133
MOFA+,her2,0,133
MOFA+,luminal,3,133
R,basal,0,134
R,her2,0,134
R,luminal,0,134
R+P,basal,1,134
R+P,her2,0,134
R+P,luminal,0,134
R+D,basal,0,134
R+D,her2,0,134
R+D,luminal,1,134
R+P+D,basal,0,134
R+P+D,her2,1,134
R+P+D,luminal,0,134
MOFA+,basal,0,134
MOFA+,her2,1,134
MOFA+,luminal,1,134
R,basal,2,135
R,her2,2,135
R,luminal,0,135
R+P,basal,2,135
R+P,her2,0,135
R+P,luminal,1,135
R+D,basal,2,135
R+D,her2,3,135
R+D,luminal,2,135
R+P+D,basal,1,135
R+P+D,her2,4,135
R+P+D,luminal,3,135
MOFA+,basal,0,135
MOFA+,her2,2,135
MOFA+,luminal,1,135
R,basal,1,136
R,her2,0,136
R,luminal,0,136
R+P,basal,1,136
R+P,her2,0,136
R+P,luminal,1,136
R+D,basal,3,136
R+D,her2,2,136
R+D,luminal,2,136
R+P+D,basal,1,136
R+P+D,her2,1,136
R+P+D,luminal,2,136
MOFA+,basal,3,136
MOFA+,her2,1,136
MOFA+,luminal,3,136
R,basal,0,137
R,her2,0,137
R,luminal,1,137
R+P,basal,1,137
R+P,her2,0,137
R+P,luminal,0,137
R+D,basal,5,137
R+D,her2,0,137
R+D,luminal,2,137
R+P+D,basal,5,137
R+P+D,her2,0,137
R+P+D,luminal,1,137
MOFA+,basal,1,137
MOFA+,her2,1,137
MOFA+,luminal,0,137
R,basal,3,138
R,her2,2,138
R,luminal,6,138
R+P,basal,6,138
R+P,her2,0,138
R+P,luminal,5,138
R+D,basal,5,138
R+D,her2,1,138
R+D,luminal,3,138
R+P+D,basal,9,138
R+P+D,her2,0,138
R+P+D,luminal,5,138
MOFA+,basal,17,138
MOFA+,her2,1,138
MOFA+,luminal,26,138
R,basal,0,139
R,her2,1,139
R,luminal,1,139
R+P,basal,0,139
R+P,her2,5,139
R+P,luminal,1,139
R+D,basal,0,139
R+D,her2,2,139
R+D,luminal,0,139
R+P+D,basal,0,139
R+P+D,her2,2,139
R+P+D,luminal,1,139
MOFA+,basal,4,139
MOFA+,her2,7,139
MOFA+,luminal,3,139
R,basal,1,140
R,her2,2,140
R,luminal,1,140
R+P,basal,0,140
R+P,her2,0,140
R+P,luminal,1,140
R+D,basal,2,140
R+D,her2,3,140
R+D,luminal,2,140
R+P+D,basal,3,140
R+P+D,her2,2,140
R+P+D,luminal,4,140
MOFA+,basal,0,140
MOFA+,her2,0,140
MOFA+,luminal,1,140
R,basal,1,141
R,her2,1,141
R,luminal,0,141
R+P,basal,0,141
R+P,her2,1,141
R+P,luminal,0,141
R+D,basal,1,141
R+D,her2,0,141
R+D,luminal,0,141
R+P+D,basal,1,141
R+P+D,her2,1,141
R+P+D,luminal,0,141
MOFA+,basal,2,141
MOFA+,her2,0,141
MOFA+,luminal,0,141
R,basal,0,142
R,her2,2,142
R,luminal,1,142
R+P,basal,2,142
R+P,her2,2,142
R+P,luminal,1,142
R+D,basal,8,142
R+D,her2,0,142
R+D,luminal,0,142
R+P+D,basal,3,142
R+P+D,her2,2,142
R+P+D,luminal,0,142
MOFA+,basal,0,142
MOFA+,her2,7,142
MOFA+,luminal,0,142
R,basal,1,143
R,her2,1,143
R,luminal,2,143
R+P,basal,8,143
R+P,her2,3,143
R+P,luminal,2,143
R+D,basal,3,143
R+D,her2,3,143
R+D,luminal,2,143
R+P+D,basal,4,143
R+P+D,her2,2,143
R+P+D,luminal,4,143
MOFA+,basal,17,143
MOFA+,her2,3,143
MOFA+,luminal,1,143
R,basal,3,144
R,her2,0,144
R,luminal,6,144
R+P,basal,5,144
R+P,her2,1,144
R+P,luminal,10,144
R+D,basal,2,144
R+D,her2,1,144
R+D,luminal,6,144
R+P+D,basal,1,144
R+P+D,her2,2,144
R+P+D,luminal,8,144
MOFA+,basal,17,144
MOFA+,her2,3,144
MOFA+,luminal,26,144
R,basal,1,145
R,her2,0,145
R,luminal,0,145
R+P,basal,4,145
R+P,her2,0,145
R+P,luminal,1,145
R+D,basal,3,145
R+D,her2,1,145
R+D,luminal,1,145
R+P+D,basal,4,145
R+P+D,her2,1,145
R+P+D,luminal,0,145
MOFA+,basal,17,145
MOFA+,her2,1,145
MOFA+,luminal,1,145
R,basal,0,146
R,her2,0,146
R,luminal,0,146
R+P,basal,0,146
R+P,her2,0,146
R+P,luminal,1,146
R+D,basal,2,146
R+D,her2,0,146
R+D,luminal,0,146
R+P+D,basal,1,146
R+P+D,her2,0,146
R+P+D,luminal,0,146
MOFA+,basal,0,146
MOFA+,her2,0,146
MOFA+,luminal,1,146
R,basal,0,147
R,her2,0,147
R,luminal,0,147
R+P,basal,0,147
R+P,her2,1,147
R+P,luminal,0,147
R+D,basal,0,147
R+D,her2,2,147
R+D,luminal,0,147
R+P+D,basal,0,147
R+P+D,her2,2,147
R+P+D,luminal,0,147
MOFA+,basal,0,147
MOFA+,her2,0,147
MOFA+,luminal,0,147
R,basal,2,148
R,her2,0,148
R,luminal,0,148
R+P,basal,0,148
R+P,her2,0,148
R+P,luminal,0,148
R+D,basal,2,148
R+D,her2,0,148
R+D,luminal,0,148
R+P+D,basal,1,148
R+P+D,her2,0,148
R+P+D,luminal,0,148
MOFA+,basal,2,148
MOFA+,her2,0,148
MOFA+,luminal,0,148
R,basal,2,149
R,her2,1,149
R,luminal,0,149
R+P,basal,1,149
R+P,her2,1,149
R+P,luminal,1,149
R+D,basal,1,149
R+D,her2,2,149
R+D,luminal,2,149
R+P+D,basal,2,149
R+P+D,her2,2,149
R+P+D,luminal,1,149
MOFA+,basal,2,149
MOFA+,her2,2,149
MOFA+,luminal,1,149
R,basal,2,150
R,her2,0,150
R,luminal,0,150
R+P,basal,0,150
R+P,her2,0,150
R+P,luminal,0,150
R+D,basal,2,150
R+D,her2,0,150
R+D,luminal,1,150
R+P+D,basal,1,150
R+P+D,her2,0,150
R+P+D,luminal,2,150
MOFA+,basal,1,150
MOFA+,her2,1,150
MOFA+,luminal,0,150
R,basal,2,151
R,her2,2,151
R,luminal,0,151
R+P,basal,0,151
R+P,her2,0,151
R+P,luminal,0,151
R+D,basal,0,151
R+D,her2,1,151
R+D,luminal,0,151
R+P+D,basal,0,151
R+P+D,her2,2,151
R+P+D,luminal,0,151
MOFA+,basal,1,151
MOFA+,her2,2,151
MOFA+,luminal,0,151
R,basal,0,152
R,her2,0,152
R,luminal,0,152
R+P,basal,0,152
R+P,her2,1,152
R+P,luminal,0,152
R+D,basal,0,152
R+D,her2,3,152
R+D,luminal,0,152
R+P+D,basal,0,152
R+P+D,her2,3,152
R+P+D,luminal,1,152
MOFA+,basal,1,152
MOFA+,her2,1,152
MOFA+,luminal,0,152
R,basal,3,153
R,her2,2,153
R,luminal,3,153
R+P,basal,1,153
R+P,her2,1,153
R+P,luminal,3,153
R+D,basal,3,153
R+D,her2,2,153
R+D,luminal,1,153
R+P+D,basal,3,153
R+P+D,her2,2,153
R+P+D,luminal,2,153
MOFA+,basal,0,153
MOFA+,her2,0,153
MOFA+,luminal,1,153
R,basal,0,154
R,her2,0,154
R,luminal,0,154
R+P,basal,0,154
R+P,her2,0,154
R+P,luminal,0,154
R+D,basal,0,154
R+D,her2,0,154
R+D,luminal,0,154
R+P+D,basal,1,154
R+P+D,her2,0,154
R+P+D,luminal,0,154
MOFA+,basal,1,154
MOFA+,her2,0,154
MOFA+,luminal,0,154
R,basal,2,155
R,her2,0,155
R,luminal,2,155
R+P,basal,1,155
R+P,her2,0,155
R+P,luminal,3,155
R+D,basal,0,155
R+D,her2,1,155
R+D,luminal,3,155
R+P+D,basal,1,155
R+P+D,her2,1,155
R+P+D,luminal,3,155
MOFA+,basal,0,155
MOFA+,her2,2,155
MOFA+,luminal,1,155
R,basal,2,156
R,her2,1,156
R,luminal,7,156
R+P,basal,4,156
R+P,her2,1,156
R+P,luminal,9,156
R+D,basal,5,156
R+D,her2,0,156
R+D,luminal,2,156
R+P+D,basal,7,156
R+P+D,her2,0,156
R+P+D,luminal,3,156
MOFA+,basal,4,156
MOFA+,her2,0,156
MOFA+,luminal,1,156
R,basal,1,157
R,her2,1,157
R,luminal,1,157
R+P,basal,1,157
R+P,her2,0,157
R+P,luminal,4,157
R+D,basal,0,157
R+D,her2,5,157
R+D,luminal,0,157
R+P+D,basal,0,157
R+P+D,her2,4,157
R+P+D,luminal,1,157
MOFA+,basal,4,157
MOFA+,her2,0,157
MOFA+,luminal,3,157
R,basal,0,158
R,her2,1,158
R,luminal,0,158
R+P,basal,0,158
R+P,her2,1,158
R+P,luminal,0,158
R+D,basal,1,158
R+D,her2,3,158
R+D,luminal,2,158
R+P+D,basal,0,158
R+P+D,her2,3,158
R+P+D,luminal,0,158
MOFA+,basal,0,158
MOFA+,her2,0,158
MOFA+,luminal,0,158
R,basal,1,159
R,her2,1,159
R,luminal,0,159
R+P,basal,0,159
R+P,her2,3,159
R+P,luminal,0,159
R+D,basal,0,159
R+D,her2,5,159
R+D,luminal,0,159
R+P+D,basal,0,159
R+P+D,her2,5,159
R+P+D,luminal,0,159
MOFA+,basal,0,159
MOFA+,her2,0,159
MOFA+,luminal,0,159
R,basal,1,160
R,her2,0,160
R,luminal,0,160
R+P,basal,0,160
R+P,her2,1,160
R+P,luminal,0,160
R+D,basal,1,160
R+D,her2,2,160
R+D,luminal,0,160
R+P+D,basal,1,160
R+P+D,her2,3,160
R+P+D,luminal,0,160
MOFA+,basal,2,160
MOFA+,her2,1,160
MOFA+,luminal,1,160
R,basal,4,161
R,her2,1,161
R,luminal,3,161
R+P,basal,3,161
R+P,her2,1,161
R+P,luminal,1,161
R+D,basal,4,161
R+D,her2,0,161
R+D,luminal,1,161
R+P+D,basal,4,161
R+P+D,her2,1,161
R+P+D,luminal,1,161
MOFA+,basal,0,161
MOFA+,her2,0,161
MOFA+,luminal,1,161
R,basal,0,162
R,her2,2,162
R,luminal,0,162
R+P,basal,1,162
R+P,her2,1,162
R+P,luminal,0,162
R+D,basal,5,162
R+D,her2,0,162
R+D,luminal,0,162
R+P+D,basal,4,162
R+P+D,her2,1,162
R+P+D,luminal,1,162
MOFA+,basal,0,162
MOFA+,her2,3,162
MOFA+,luminal,1,162
R,basal,1,163
R,her2,0,163
R,luminal,0,163
R+P,basal,3,163
R+P,her2,1,163
R+P,luminal,0,163
R+D,basal,4,163
R+D,her2,1,163
R+D,luminal,1,163
R+P+D,basal,2,163
R+P+D,her2,1,163
R+P+D,luminal,1,163
MOFA+,basal,0,163
MOFA+,her2,2,163
MOFA+,luminal,1,163
R,basal,0,164
R,her2,0,164
R,luminal,0,164
R+P,basal,0,164
R+P,her2,0,164
R+P,luminal,0,164
R+D,basal,0,164
R+D,her2,2,164
R+D,luminal,0,164
R+P+D,basal,0,164
R+P+D,her2,0,164
R+P+D,luminal,0,164
MOFA+,basal,1,164
MOFA+,her2,0,164
MOFA+,luminal,4,164
R,basal,3,165
R,her2,0,165
R,luminal,0,165
R+P,basal,2,165
R+P,her2,1,165
R+P,luminal,0,165
R+D,basal,1,165
R+D,her2,0,165
R+D,luminal,1,165
R+P+D,basal,0,165
R+P+D,her2,2,165
R+P+D,luminal,2,165
MOFA+,basal,0,165
MOFA+,her2,1,165
MOFA+,luminal,1,165
R,basal,1,166
R,her2,0,166
R,luminal,0,166
R+P,basal,0,166
R+P,her2,0,166
R+P,luminal,0,166
R+D,basal,1,166
R+D,her2,0,166
R+D,luminal,1,166
R+P+D,basal,0,166
R+P+D,her2,0,166
R+P+D,luminal,0,166
MOFA+,basal,0,166
MOFA+,her2,1,166
MOFA+,luminal,3,166
R,basal,1,167
R,her2,0,167
R,luminal,3,167
R+P,basal,5,167
R+P,her2,3,167
R+P,luminal,7,167
R+D,basal,3,167
R+D,her2,0,167
R+D,luminal,3,167
R+P+D,basal,3,167
R+P+D,her2,2,167
R+P+D,luminal,6,167
MOFA+,basal,1,167
MOFA+,her2,2,167
MOFA+,luminal,0,167
R,basal,0,168
R,her2,0,168
R,luminal,1,168
R+P,basal,0,168
R+P,her2,1,168
R+P,luminal,0,168
R+D,basal,0,168
R+D,her2,0,168
R+D,luminal,1,168
R+P+D,basal,0,168
R+P+D,her2,2,168
R+P+D,luminal,0,168
MOFA+,basal,2,168
MOFA+,her2,0,168
MOFA+,luminal,1,168
R,basal,0,169
R,her2,0,169
R,luminal,0,169
R+P,basal,0,169
R+P,her2,0,169
R+P,luminal,0,169
R+D,basal,0,169
R+D,her2,2,169
R+D,luminal,0,169
R+P+D,basal,0,169
R+P+D,her2,4,169
R+P+D,luminal,0,169
MOFA+,basal,1,169
MOFA+,her2,2,169
MOFA+,luminal,0,169
R,basal,1,170
R,her2,0,170
R,luminal,0,170
R+P,basal,1,170
R+P,her2,0,170
R+P,luminal,0,170
R+D,basal,6,170
R+D,her2,1,170
R+D,luminal,0,170
R+P+D,basal,6,170
R+P+D,her2,1,170
R+P+D,luminal,1,170
MOFA+,basal,0,170
MOFA+,her2,0,170
MOFA+,luminal,4,170
R,basal,2,171
R,her2,1,171
R,luminal,0,171
R+P,basal,2,171
R+P,her2,1,171
R+P,luminal,3,171
R+D,basal,1,171
R+D,her2,1,171
R+D,luminal,3,171
R+P+D,basal,0,171
R+P+D,her2,1,171
R+P+D,luminal,2,171
MOFA+,basal,2,171
MOFA+,her2,2,171
MOFA+,luminal,0,171
R,basal,0,172
R,her2,1,172
R,luminal,5,172
R+P,basal,0,172
R+P,her2,1,172
R+P,luminal,6,172
R+D,basal,3,172
R+D,her2,2,172
R+D,luminal,6,172
R+P+D,basal,4,172
R+P+D,her2,3,172
R+P+D,luminal,4,172
MOFA+,basal,0,172
MOFA+,her2,0,172
MOFA+,luminal,1,172
R,basal,0,173
R,her2,1,173
R,luminal,0,173
R+P,basal,0,173
R+P,her2,1,173
R+P,luminal,0,173
R+D,basal,0,173
R+D,her2,2,173
R+D,luminal,0,173
R+P+D,basal,0,173
R+P+D,her2,1,173
R+P+D,luminal,0,173
MOFA+,basal,0,173
MOFA+,her2,0,173
MOFA+,luminal,0,173
R,basal,2,174
R,her2,3,174
R,luminal,9,174
R+P,basal,2,174
R+P,her2,1,174
R+P,luminal,4,174
R+D,basal,5,174
R+D,her2,0,174
R+D,luminal,4,174
R+P+D,basal,5,174
R+P+D,her2,0,174
R+P+D,luminal,1,174
MOFA+,basal,2,174
MOFA+,her2,1,174
MOFA+,luminal,0,174
R,basal,1,175
R,her2,0,175
R,luminal,1,175
R+P,basal,1,175
R+P,her2,0,175
R+P,luminal,2,175
R+D,basal,0,175
R+D,her2,0,175
R+D,luminal,3,175
R+P+D,basal,0,175
R+P+D,her2,0,175
R+P+D,luminal,1,175
MOFA+,basal,4,175
MOFA+,her2,3,175
MOFA+,luminal,1,175
R,basal,4,176
R,her2,2,176
R,luminal,2,176
R+P,basal,2,176
R+P,her2,2,176
R+P,luminal,1,176
R+D,basal,2,176
R+D,her2,3,176
R+D,luminal,1,176
R+P+D,basal,2,176
R+P+D,her2,5,176
R+P+D,luminal,2,176
MOFA+,basal,0,176
MOFA+,her2,1,176
MOFA+,luminal,1,176
R,basal,4,177
R,her2,0,177
R,luminal,4,177
R+P,basal,5,177
R+P,her2,0,177
R+P,luminal,4,177
R+D,basal,7,177
R+D,her2,1,177
R+D,luminal,4,177
R+P+D,basal,8,177
R+P+D,her2,3,177
R+P+D,luminal,3,177
MOFA+,basal,1,177
MOFA+,her2,2,177
MOFA+,luminal,26,177
R,basal,5,178
R,her2,1,178
R,luminal,2,178
R+P,basal,3,178
R+P,her2,1,178
R+P,luminal,1,178
R+D,basal,1,178
R+D,her2,2,178
R+D,luminal,1,178
R+P+D,basal,2,178
R+P+D,her2,1,178
R+P+D,luminal,2,178
MOFA+,basal,1,178
MOFA+,her2,0,178
MOFA+,luminal,0,178
R,basal,1,179
R,her2,6,179
R,luminal,1,179
R+P,basal,0,179
R+P,her2,9,179
R+P,luminal,2,179
R+D,basal,0,179
R+D,her2,2,179
R+D,luminal,3,179
R+P+D,basal,1,179
R+P+D,her2,3,179
R+P+D,luminal,2,179
MOFA+,basal,0,179
MOFA+,her2,7,179
MOFA+,luminal,1,179
R,basal,0,180
R,her2,3,180
R,luminal,3,180
R+P,basal,0,180
R+P,her2,6,180
R+P,luminal,5,180
R+D,basal,5,180
R+D,her2,2,180
R+D,luminal,1,180
R+P+D,basal,2,180
R+P+D,her2,4,180
R+P+D,luminal,1,180
MOFA+,basal,4,180
MOFA+,her2,7,180
MOFA+,luminal,1,180
R,basal,2,181
R,her2,0,181
R,luminal,0,181
R+P,basal,2,181
R+P,her2,2,181
R+P,luminal,0,181
R+D,basal,0,181
R+D,her2,0,181
R+D,luminal,1,181
R+P+D,basal,0,181
R+P+D,her2,2,181
R+P+D,luminal,2,181
MOFA+,basal,2,181
MOFA+,her2,0,181
MOFA+,luminal,0,181
R,basal,0,182
R,her2,0,182
R,luminal,0,182
R+P,basal,0,182
R+P,her2,1,182
R+P,luminal,0,182
R+D,basal,0,182
R+D,her2,0,182
R+D,luminal,0,182
R+P+D,basal,0,182
R+P+D,her2,2,182
R+P+D,luminal,0,182
MOFA+,basal,0,182
MOFA+,her2,2,182
MOFA+,luminal,3,182
R,basal,2,183
R,her2,0,183
R,luminal,0,183
R+P,basal,0,183
R+P,her2,0,183
R+P,luminal,0,183
R+D,basal,0,183
R+D,her2,1,183
R+D,luminal,0,183
R+P+D,basal,0,183
R+P+D,her2,1,183
R+P+D,luminal,0,183
MOFA+,basal,3,183
MOFA+,her2,2,183
MOFA+,luminal,1,183
R,basal,1,184
R,her2,1,184
R,luminal,3,184
R+P,basal,1,184
R+P,her2,1,184
R+P,luminal,3,184
R+D,basal,1,184
R+D,her2,0,184
R+D,luminal,6,184
R+P+D,basal,2,184
R+P+D,her2,1,184
R+P+D,luminal,5,184
MOFA+,basal,0,184
MOFA+,her2,0,184
MOFA+,luminal,26,184
R,basal,0,185
R,her2,1,185
R,luminal,0,185
R+P,basal,0,185
R+P,her2,2,185
R+P,luminal,0,185
R+D,basal,0,185
R+D,her2,1,185
R+D,luminal,0,185
R+P+D,basal,0,185
R+P+D,her2,1,185
R+P+D,luminal,0,185
MOFA+,basal,0,185
MOFA+,her2,0,185
MOFA+,luminal,0,185
R,basal,0,186
R,her2,2,186
R,luminal,0,186
R+P,basal,0,186
R+P,her2,0,186
R+P,luminal,0,186
R+D,basal,0,186
R+D,her2,1,186
R+D,luminal,0,186
R+P+D,basal,0,186
R+P+D,her2,2,186
R+P+D,luminal,0,186
MOFA+,basal,0,186
MOFA+,her2,0,186
MOFA+,luminal,4,186
R,basal,1,187
R,her2,0,187
R,luminal,0,187
R+P,basal,0,187
R+P,her2,0,187
R+P,luminal,0,187
R+D,basal,0,187
R+D,her2,1,187
R+D,luminal,0,187
R+P+D,basal,0,187
R+P+D,her2,1,187
R+P+D,luminal,0,187
MOFA+,basal,1,187
MOFA+,her2,1,187
MOFA+,luminal,1,187
R,basal,1,188
R,her2,0,188
R,luminal,0,188
R+P,basal,1,188
R+P,her2,1,188
R+P,luminal,0,188
R+D,basal,2,188
R+D,her2,0,188
R+D,luminal,0,188
R+P+D,basal,0,188
R+P+D,her2,0,188
R+P+D,luminal,0,188
MOFA+,basal,4,188
MOFA+,her2,3,188
MOFA+,luminal,0,188
R,basal,1,189
R,her2,1,189
R,luminal,7,189
R+P,basal,5,189
R+P,her2,2,189
R+P,luminal,9,189
R+D,basal,7,189
R+D,her2,0,189
R+D,luminal,8,189
R+P+D,basal,8,189
R+P+D,her2,0,189
R+P+D,luminal,5,189
MOFA+,basal,4,189
MOFA+,her2,0,189
MOFA+,luminal,3,189
R,basal,1,190
R,her2,1,190
R,luminal,6,190
R+P,basal,3,190
R+P,her2,0,190
R+P,luminal,5,190
R+D,basal,5,190
R+D,her2,3,190
R+D,luminal,8,190
R+P+D,basal,4,190
R+P+D,her2,2,190
R+P+D,luminal,7,190
MOFA+,basal,4,190
MOFA+,her2,2,190
MOFA+,luminal,1,190
R,basal,0,191
R,her2,2,191
R,luminal,0,191
R+P,basal,0,191
R+P,her2,2,191
R+P,luminal,0,191
R+D,basal,2,191
R+D,her2,4,191
R+D,luminal,0,191
R+P+D,basal,0,191
R+P+D,her2,2,191
R+P+D,luminal,0,191
MOFA+,basal,4,191
MOFA+,her2,3,191
MOFA+,luminal,0,191
R,basal,0,192
R,her2,0,192
R,luminal,0,192
R+P,basal,1,192
R+P,her2,1,192
R+P,luminal,1,192
R+D,basal,0,192
R+D,her2,0,192
R+D,luminal,1,192
R+P+D,basal,0,192
R+P+D,her2,1,192
R+P+D,luminal,0,192
MOFA+,basal,1,192
MOFA+,her2,0,192
MOFA+,luminal,0,192
R,basal,1,193
R,her2,0,193
R,luminal,1,193
R+P,basal,1,193
R+P,her2,0,193
R+P,luminal,4,193
R+D,basal,0,193
R+D,her2,0,193
R+D,luminal,1,193
R+P+D,basal,0,193
R+P+D,her2,0,193
R+P+D,luminal,3,193
MOFA+,basal,4,193
MOFA+,her2,0,193
MOFA+,luminal,1,193
R,basal,1,194
R,her2,1,194
R,luminal,2,194
R+P,basal,0,194
R+P,her2,1,194
R+P,luminal,2,194
R+D,basal,0,194
R+D,her2,0,194
R+D,luminal,0,194
R+P+D,basal,0,194
R+P+D,her2,0,194
R+P+D,luminal,2,194
MOFA+,basal,3,194
MOFA+,her2,0,194
MOFA+,luminal,0,194
R,basal,0,195
R,her2,1,195
R,luminal,1,195
R+P,basal,0,195
R+P,her2,0,195
R+P,luminal,0,195
R+D,basal,2,195
R+D,her2,5,195
R+D,luminal,0,195
R+P+D,basal,1,195
R+P+D,her2,5,195
R+P+D,luminal,0,195
MOFA+,basal,0,195
MOFA+,her2,1,195
MOFA+,luminal,1,195
R,basal,2,196
R,her2,0,196
R,luminal,3,196
R+P,basal,4,196
R+P,her2,0,196
R+P,luminal,4,196
R+D,basal,3,196
R+D,her2,0,196
R+D,luminal,9,196
R+P+D,basal,9,196
R+P+D,her2,0,196
R+P+D,luminal,12,196
MOFA+,basal,2,196
MOFA+,her2,0,196
MOFA+,luminal,1,196
R,basal,0,197
R,her2,0,197
R,luminal,0,197
R+P,basal,1,197
R+P,her2,0,197
R+P,luminal,0,197
R+D,basal,0,197
R+D,her2,0,197
R+D,luminal,4,197
R+P+D,basal,1,197
R+P+D,her2,1,197
R+P+D,luminal,2,197
MOFA+,basal,2,197
MOFA+,her2,1,197
MOFA+,luminal,0,197
R,basal,2,198
R,her2,1,198
R,luminal,0,198
R+P,basal,0,198
R+P,her2,0,198
R+P,luminal,0,198
R+D,basal,0,198
R+D,her2,0,198
R+D,luminal,0,198
R+P+D,basal,1,198
R+P+D,her2,1,198
R+P+D,luminal,0,198
MOFA+,basal,2,198
MOFA+,her2,0,198
MOFA+,luminal,1,198
R,basal,2,199
R,her2,0,199
R,luminal,1,199
R+P,basal,1,199
R+P,her2,0,199
R+P,luminal,1,199
R+D,basal,2,199
R+D,her2,7,199
R+D,luminal,0,199
R+P+D,basal,2,199
R+P+D,her2,1,199
R+P+D,luminal,0,199
MOFA+,basal,1,199
MOFA+,her2,1,199
MOFA+,luminal,0,199
R,basal,2,200
R,her2,0,200
R,luminal,1,200
R+P,basal,2,200
R+P,her2,0,200
R+P,luminal,1,200
R+D,basal,5,200
R+D,her2,2,200
R+D,luminal,0,200
R+P+D,basal,2,200
R+P+D,her2,1,200
R+P+D,luminal,0,200
MOFA+,basal,17,200
MOFA+,her2,0,200
MOFA+,luminal,0,200
R,basal,1,201
R,her2,1,201
R,luminal,0,201
R+P,basal,0,201
R+P,her2,0,201
R+P,luminal,0,201
R+D,basal,1,201
R+D,her2,2,201
R+D,luminal,1,201
R+P+D,basal,0,201
R+P+D,her2,2,201
R+P+D,luminal,1,201
MOFA+,basal,1,201
MOFA+,her2,0,201
MOFA+,luminal,1,201
R,basal,0,202
R,her2,2,202
R,luminal,0,202
R+P,basal,0,202
R+P,her2,0,202
R+P,luminal,0,202
R+D,basal,0,202
R+D,her2,0,202
R+D,luminal,0,202
R+P+D,basal,0,202
R+P+D,her2,0,202
R+P+D,luminal,0,202
MOFA+,basal,0,202
MOFA+,her2,1,202
MOFA+,luminal,1,202
R,basal,0,203
R,her2,2,203
R,luminal,0,203
R+P,basal,0,203
R+P,her2,0,203
R+P,luminal,0,203
R+D,basal,0,203
R+D,her2,1,203
R+D,luminal,0,203
R+P+D,basal,0,203
R+P+D,her2,0,203
R+P+D,luminal,0,203
MOFA+,basal,1,203
MOFA+,her2,0,203
MOFA+,luminal,3,203
R,basal,1,204
R,her2,0,204
R,luminal,0,204
R+P,basal,1,204
R+P,her2,0,204
R+P,luminal,0,204
R+D,basal,6,204
R+D,her2,0,204
R+D,luminal,1,204
R+P+D,basal,2,204
R+P+D,her2,0,204
R+P+D,luminal,1,204
MOFA+,basal,0,204
MOFA+,her2,0,204
MOFA+,luminal,3,204
R,basal,0,205
R,her2,1,205
R,luminal,3,205
R+P,basal,2,205
R+P,her2,0,205
R+P,luminal,2,205
R+D,basal,1,205
R+D,her2,1,205
R+D,luminal,4,205
R+P+D,basal,1,205
R+P+D,her2,0,205
R+P+D,luminal,5,205
MOFA+,basal,0,205
MOFA+,her2,0,205
MOFA+,luminal,1,205
R,basal,0,206
R,her2,3,206
R,luminal,0,206
R+P,basal,0,206
R+P,her2,6,206
R+P,luminal,0,206
R+D,basal,0,206
R+D,her2,5,206
R+D,luminal,0,206
R+P+D,basal,0,206
R+P+D,her2,8,206
R+P+D,luminal,0,206
MOFA+,basal,0,206
MOFA+,her2,7,206
MOFA+,luminal,0,206
R,basal,0,207
R,her2,2,207
R,luminal,2,207
R+P,basal,2,207
R+P,her2,1,207
R+P,luminal,3,207
R+D,basal,3,207
R+D,her2,1,207
R+D,luminal,0,207
R+P+D,basal,1,207
R+P+D,her2,2,207
R+P+D,luminal,3,207
MOFA+,basal,0,207
MOFA+,her2,2,207
MOFA+,luminal,1,207
R,basal,0,208
R,her2,2,208
R,luminal,0,208
R+P,basal,1,208
R+P,her2,2,208
R+P,luminal,0,208
R+D,basal,0,208
R+D,her2,1,208
R+D,luminal,0,208
R+P+D,basal,0,208
R+P+D,her2,2,208
R+P+D,luminal,0,208
MOFA+,basal,2,208
MOFA+,her2,0,208
MOFA+,luminal,1,208
R,basal,2,209
R,her2,1,209
R,luminal,0,209
R+P,basal,0,209
R+P,her2,3,209
R+P,luminal,0,209
R+D,basal,1,209
R+D,her2,0,209
R+D,luminal,2,209
R+P+D,basal,0,209
R+P+D,her2,0,209
R+P+D,luminal,1,209
MOFA+,basal,0,209
MOFA+,her2,1,209
MOFA+,luminal,1,209
R,basal,1,210
R,her2,0,210
R,luminal,0,210
R+P,basal,0,210
R+P,her2,0,210
R+P,luminal,0,210
R+D,basal,1,210
R+D,her2,0,210
R+D,luminal,0,210
R+P+D,basal,0,210
R+P+D,her2,1,210
R+P+D,luminal,0,210
MOFA+,basal,4,210
MOFA+,her2,0,210
MOFA+,luminal,0,210
R,basal,1,211
R,her2,0,211
R,luminal,0,211
R+P,basal,0,211
R+P,her2,0,211
R+P,luminal,0,211
R+D,basal,0,211
R+D,her2,0,211
R+D,luminal,0,211
R+P+D,basal,0,211
R+P+D,her2,0,211
R+P+D,luminal,0,211
MOFA+,basal,1,211
MOFA+,her2,0,211
MOFA+,luminal,3,211
R,basal,1,212
R,her2,0,212
R,luminal,3,212
R+P,basal,1,212
R+P,her2,0,212
R+P,luminal,4,212
R+D,basal,1,212
R+D,her2,1,212
R+D,luminal,8,212
R+P+D,basal,0,212
R+P+D,her2,1,212
R+P+D,luminal,4,212
MOFA+,basal,4,212
MOFA+,her2,0,212
MOFA+,luminal,1,212
R,basal,1,213
R,her2,2,213
R,luminal,3,213
R+P,basal,2,213
R+P,her2,2,213
R+P,luminal,3,213
R+D,basal,1,213
R+D,her2,0,213
R+D,luminal,5,213
R+P+D,basal,1,213
R+P+D,her2,1,213
R+P+D,luminal,5,213
MOFA+,basal,1,213
MOFA+,her2,3,213
MOFA+,luminal,0,213
R,basal,2,214
R,her2,0,214
R,luminal,3,214
R+P,basal,7,214
R+P,her2,0,214
R+P,luminal,3,214
R+D,basal,1,214
R+D,her2,3,214
R+D,luminal,1,214
R+P+D,basal,1,214
R+P+D,her2,0,214
R+P+D,luminal,3,214
MOFA+,basal,2,214
MOFA+,her2,0,214
MOFA+,luminal,0,214
R,basal,5,215
R,her2,2,215
R,luminal,3,215
R+P,basal,6,215
R+P,her2,0,215
R+P,luminal,2,215
R+D,basal,3,215
R+D,her2,2,215
R+D,luminal,5,215
R+P+D,basal,2,215
R+P+D,her2,2,215
R+P+D,luminal,4,215
MOFA+,basal,0,215
MOFA+,her2,2,215
MOFA+,luminal,26,215
R,basal,1,216
R,her2,1,216
R,luminal,0,216
R+P,basal,2,216
R+P,her2,1,216
R+P,luminal,0,216
R+D,basal,1,216
R+D,her2,2,216
R+D,luminal,0,216
R+P+D,basal,1,216
R+P+D,her2,4,216
R+P+D,luminal,0,216
MOFA+,basal,0,216
MOFA+,her2,3,216
MOFA+,luminal,0,216
R,basal,0,217
R,her2,1,217
R,luminal,1,217
R+P,basal,1,217
R+P,her2,1,217
R+P,luminal,2,217
R+D,basal,1,217
R+D,her2,2,217
R+D,luminal,0,217
R+P+D,basal,0,217
R+P+D,her2,2,217
R+P+D,luminal,1,217
MOFA+,basal,0,217
MOFA+,her2,0,217
MOFA+,luminal,0,217
R,basal,1,218
R,her2,1,218
R,luminal,0,218
R+P,basal,1,218
R+P,her2,1,218
R+P,luminal,0,218
R+D,basal,2,218
R+D,her2,0,218
R+D,luminal,0,218
R+P+D,basal,2,218
R+P+D,her2,0,218
R+P+D,luminal,0,218
MOFA+,basal,2,218
MOFA+,her2,0,218
MOFA+,luminal,1,218
R,basal,2,219
R,her2,0,219
R,luminal,1,219
R+P,basal,1,219
R+P,her2,0,219
R+P,luminal,0,219
R+D,basal,1,219
R+D,her2,0,219
R+D,luminal,0,219
R+P+D,basal,0,219
R+P+D,her2,0,219
R+P+D,luminal,0,219
MOFA+,basal,1,219
MOFA+,her2,1,219
MOFA+,luminal,0,219
R,basal,1,220
R,her2,3,220
R,luminal,0,220
R+P,basal,0,220
R+P,her2,4,220
R+P,luminal,0,220
R+D,basal,2,220
R+D,her2,1,220
R+D,luminal,0,220
R+P+D,basal,3,220
R+P+D,her2,2,220
R+P+D,luminal,0,220
MOFA+,basal,1,220
MOFA+,her2,7,220
MOFA+,luminal,1,220
R,basal,1,221
R,her2,0,221
R,luminal,1,221
R+P,basal,1,221
R+P,her2,0,221
R+P,luminal,3,221
R+D,basal,0,221
R+D,her2,1,221
R+D,luminal,9,221
R+P+D,basal,3,221
R+P+D,her2,0,221
R+P+D,luminal,8,221
MOFA+,basal,0,221
MOFA+,her2,1,221
MOFA+,luminal,3,221
R,basal,0,222
R,her2,1,222
R,luminal,4,222
R+P,basal,0,222
R+P,her2,0,222
R+P,luminal,0,222
R+D,basal,0,222
R+D,her2,3,222
R+D,luminal,0,222
R+P+D,basal,1,222
R+P+D,her2,1,222
R+P+D,luminal,3,222
MOFA+,basal,0,222
MOFA+,her2,0,222
MOFA+,luminal,1,222
R,basal,0,223
R,her2,1,223
R,luminal,0,223
R+P,basal,0,223
R+P,her2,0,223
R+P,luminal,0,223
R+D,basal,0,223
R+D,her2,1,223
R+D,luminal,0,223
R+P+D,basal,0,223
R+P+D,her2,0,223
R+P+D,luminal,0,223
MOFA+,basal,0,223
MOFA+,her2,0,223
MOFA+,luminal,0,223
R,basal,2,224
R,her2,0,224
R,luminal,0,224
R+P,basal,0,224
R+P,her2,0,224
R+P,luminal,0,224
R+D,basal,1,224
R+D,her2,2,224
R+D,luminal,1,224
R+P+D,basal,1,224
R+P+D,her2,1,224
R+P+D,luminal,0,224
MOFA+,basal,2,224
MOFA+,her2,0,224
MOFA+,luminal,0,224
R,basal,2,225
R,her2,1,225
R,luminal,3,225
R+P,basal,5,225
R+P,her2,0,225
R+P,luminal,3,225
R+D,basal,5,225
R+D,her2,1,225
R+D,luminal,1,225
R+P+D,basal,10,225
R+P+D,her2,1,225
R+P+D,luminal,1,225
MOFA+,basal,2,225
MOFA+,her2,3,225
MOFA+,luminal,1,225
R,basal,1,226
R,her2,1,226
R,luminal,0,226
R+P,basal,1,226
R+P,her2,0,226
R+P,luminal,0,226
R+D,basal,0,226
R+D,her2,0,226
R+D,luminal,1,226
R+P+D,basal,0,226
R+P+D,her2,1,226
R+P+D,luminal,0,226
MOFA+,basal,4,226
MOFA+,her2,0,226
MOFA+,luminal,1,226
R,basal,0,227
R,her2,0,227
R,luminal,1,227
R+P,basal,0,227
R+P,her2,0,227
R+P,luminal,1,227
R+D,basal,0,227
R+D,her2,0,227
R+D,luminal,0,227
R+P+D,basal,0,227
R+P+D,her2,0,227
R+P+D,luminal,1,227
MOFA+,basal,0,227
MOFA+,her2,0,227
MOFA+,luminal,1,227
R,basal,0,228
R,her2,0,228
R,luminal,0,228
R+P,basal,0,228
R+P,her2,0,228
R+P,luminal,0,228
R+D,basal,1,228
R+D,her2,0,228
R+D,luminal,1,228
R+P+D,basal,1,228
R+P+D,her2,0,228
R+P+D,luminal,1,228
MOFA+,basal,0,228
MOFA+,her2,0,228
MOFA+,luminal,0,228
R,basal,0,229
R,her2,3,229
R,luminal,0,229
R+P,basal,0,229
R+P,her2,3,229
R+P,luminal,0,229
R+D,basal,0,229
R+D,her2,4,229
R+D,luminal,0,229
R+P+D,basal,0,229
R+P+D,her2,3,229
R+P+D,luminal,0,229
MOFA+,basal,1,229
MOFA+,her2,0,229
MOFA+,luminal,0,229
R,basal,2,230
R,her2,0,230
R,luminal,0,230
R+P,basal,3,230
R+P,her2,0,230
R+P,luminal,1,230
R+D,basal,0,230
R+D,her2,0,230
R+D,luminal,1,230
R+P+D,basal,4,230
R+P+D,her2,0,230
R+P+D,luminal,1,230
MOFA+,basal,1,230
MOFA+,her2,2,230
MOFA+,luminal,0,230
R,basal,2,231
R,her2,3,231
R,luminal,5,231
R+P,basal,2,231
R+P,her2,4,231
R+P,luminal,6,231
R+D,basal,4,231
R+D,her2,8,231
R+D,luminal,2,231
R+P+D,basal,4,231
R+P+D,her2,8,231
R+P+D,luminal,2,231
MOFA+,basal,0,231
MOFA+,her2,7,231
MOFA+,luminal,1,231
R,basal,5,232
R,her2,0,232
R,luminal,3,232
R+P,basal,5,232
R+P,her2,0,232
R+P,luminal,0,232
R+D,basal,7,232
R+D,her2,3,232
R+D,luminal,0,232
R+P+D,basal,8,232
R+P+D,her2,1,232
R+P+D,luminal,0,232
MOFA+,basal,2,232
MOFA+,her2,3,232
MOFA+,luminal,1,232
R,basal,1,233
R,her2,0,233
R,luminal,1,233
R+P,basal,2,233
R+P,her2,1,233
R+P,luminal,0,233
R+D,basal,0,233
R+D,her2,0,233
R+D,luminal,0,233
R+P+D,basal,1,233
R+P+D,her2,0,233
R+P+D,luminal,0,233
MOFA+,basal,1,233
MOFA+,her2,0,233
MOFA+,luminal,0,233
R,basal,4,234
R,her2,0,234
R,luminal,1,234
R+P,basal,7,234
R+P,her2,0,234
R+P,luminal,3,234
R+D,basal,8,234
R+D,her2,0,234
R+D,luminal,1,234
R+P+D,basal,8,234
R+P+D,her2,0,234
R+P+D,luminal,1,234
MOFA+,basal,1,234
MOFA+,her2,0,234
MOFA+,luminal,0,234
R,basal,0,235
R,her2,1,235
R,luminal,0,235
R+P,basal,0,235
R+P,her2,2,235
R+P,luminal,0,235
R+D,basal,0,235
R+D,her2,1,235
R+D,luminal,0,235
R+P+D,basal,0,235
R+P+D,her2,3,235
R+P+D,luminal,0,235
MOFA+,basal,0,235
MOFA+,her2,1,235
MOFA+,luminal,0,235
R,basal,1,236
R,her2,0,236
R,luminal,1,236
R+P,basal,0,236
R+P,her2,0,236
R+P,luminal,1,236
R+D,basal,0,236
R+D,her2,0,236
R+D,luminal,0,236
R+P+D,basal,0,236
R+P+D,her2,0,236
R+P+D,luminal,0,236
MOFA+,basal,0,236
MOFA+,her2,3,236
MOFA+,luminal,0,236
R,basal,1,237
R,her2,0,237
R,luminal,2,237
R+P,basal,3,237
R+P,her2,0,237
R+P,luminal,2,237
R+D,basal,5,237
R+D,her2,0,237
R+D,luminal,1,237
R+P+D,basal,6,237
R+P+D,her2,1,237
R+P+D,luminal,0,237
MOFA+,basal,0,237
MOFA+,her2,0,237
MOFA+,luminal,1,237
R,basal,2,238
R,her2,0,238
R,luminal,6,238
R+P,basal,4,238
R+P,her2,0,238
R+P,luminal,10,238
R+D,basal,1,238
R+D,her2,0,238
R+D,luminal,0,238
R+P+D,basal,0,238
R+P+D,her2,0,238
R+P+D,luminal,0,238
MOFA+,basal,4,238
MOFA+,her2,3,238
MOFA+,luminal,0,238
R,basal,6,239
R,her2,1,239
R,luminal,17,239
R+P,basal,5,239
R+P,her2,0,239
R+P,luminal,17,239
R+D,basal,6,239
R+D,her2,0,239
R+D,luminal,1,239
R+P+D,basal,6,239
R+P+D,her2,0,239
R+P+D,luminal,2,239
MOFA+,basal,0,239
MOFA+,her2,0,239
MOFA+,luminal,26,239
R,basal,0,240
R,her2,0,240
R,luminal,0,240
R+P,basal,0,240
R+P,her2,0,240
R+P,luminal,0,240
R+D,basal,1,240
R+D,her2,1,240
R+D,luminal,0,240
R+P+D,basal,0,240
R+P+D,her2,0,240
R+P+D,luminal,0,240
MOFA+,basal,0,240
MOFA+,her2,1,240
MOFA+,luminal,3,240
R,basal,0,241
R,her2,0,241
R,luminal,0,241
R+P,basal,0,241
R+P,her2,0,241
R+P,luminal,0,241
R+D,basal,0,241
R+D,her2,0,241
R+D,luminal,1,241
R+P+D,basal,0,241
R+P+D,her2,0,241
R+P+D,luminal,1,241
MOFA+,basal,0,241
MOFA+,her2,0,241
MOFA+,luminal,1,241
R,basal,1,242
R,her2,1,242
R,luminal,0,242
R+P,basal,1,242
R+P,her2,0,242
R+P,luminal,0,242
R+D,basal,3,242
R+D,her2,8,242
R+D,luminal,0,242
R+P+D,basal,3,242
R+P+D,her2,2,242
R+P+D,luminal,0,242
MOFA+,basal,0,242
MOFA+,her2,0,242
MOFA+,luminal,0,242
R,basal,1,243
R,her2,0,243
R,luminal,0,243
R+P,basal,0,243
R+P,her2,1,243
R+P,luminal,0,243
R+D,basal,0,243
R+D,her2,2,243
R+D,luminal,1,243
R+P+D,basal,1,243
R+P+D,her2,2,243
R+P+D,luminal,0,243
MOFA+,basal,0,243
MOFA+,her2,2,243
MOFA+,luminal,1,243
R,basal,0,244
R,her2,3,244
R,luminal,0,244
R+P,basal,0,244
R+P,her2,2,244
R+P,luminal,1,244
R+D,basal,1,244
R+D,her2,4,244
R+D,luminal,0,244
R+P+D,basal,1,244
R+P+D,her2,2,244
R+P+D,luminal,0,244
MOFA+,basal,0,244
MOFA+,her2,7,244
MOFA+,luminal,1,244
R,basal,0,245
R,her2,0,245
R,luminal,1,245
R+P,basal,1,245
R+P,her2,0,245
R+P,luminal,1,245
R+D,basal,0,245
R+D,her2,1,245
R+D,luminal,1,245
R+P+D,basal,1,245
R+P+D,her2,1,245
R+P+D,luminal,0,245
MOFA+,basal,1,245
MOFA+,her2,1,245
MOFA+,luminal,0,245
R,basal,1,246
R,her2,0,246
R,luminal,0,246
R+P,basal,0,246
R+P,her2,2,246
R+P,luminal,0,246
R+D,basal,1,246
R+D,her2,0,246
R+D,luminal,0,246
R+P+D,basal,0,246
R+P+D,her2,0,246
R+P+D,luminal,0,246
MOFA+,basal,0,246
MOFA+,her2,2,246
MOFA+,luminal,1,246
R,basal,0,247
R,her2,0,247
R,luminal,0,247
R+P,basal,1,247
R+P,her2,0,247
R+P,luminal,0,247
R+D,basal,1,247
R+D,her2,1,247
R+D,luminal,0,247
R+P+D,basal,0,247
R+P+D,her2,0,247
R+P+D,luminal,2,247
MOFA+,basal,4,247
MOFA+,her2,1,247
MOFA+,luminal,4,247
R,basal,1,248
R,her2,2,248
R,luminal,0,248
R+P,basal,0,248
R+P,her2,2,248
R+P,luminal,2,248
R+D,basal,0,248
R+D,her2,1,248
R+D,luminal,5,248
R+P+D,basal,0,248
R+P+D,her2,1,248
R+P+D,luminal,4,248
MOFA+,basal,3,248
MOFA+,her2,0,248
MOFA+,luminal,3,248
R,basal,2,249
R,her2,1,249
R,luminal,0,249
R+P,basal,0,249
R+P,her2,1,249
R+P,luminal,0,249
R+D,basal,0,249
R+D,her2,1,249
R+D,luminal,0,249
R+P+D,basal,1,249
R+P+D,her2,3,249
R+P+D,luminal,0,249
MOFA+,basal,2,249
MOFA+,her2,1,249
MOFA+,luminal,1,249
R,basal,1,250
R,her2,1,250
R,luminal,0,250
R+P,basal,0,250
R+P,her2,0,250
R+P,luminal,0,250
R+D,basal,2,250
R+D,her2,2,250
R+D,luminal,0,250
R+P+D,basal,0,250
R+P+D,her2,2,250
R+P+D,luminal,0,250
MOFA+,basal,0,250
MOFA+,her2,1,250
MOFA+,luminal,0,250
R,basal,0,251
R,her2,0,251
R,luminal,0,251
R+P,basal,0,251
R+P,her2,0,251
R+P,luminal,3,251
R+D,basal,2,251
R+D,her2,0,251
R+D,luminal,5,251
R+P+D,basal,1,251
R+P+D,her2,0,251
R+P+D,luminal,4,251
MOFA+,basal,0,251
MOFA+,her2,0,251
MOFA+,luminal,1,251
R,basal,2,252
R,her2,0,252
R,luminal,8,252
R+P,basal,2,252
R+P,her2,0,252
R+P,luminal,10,252
R+D,basal,1,252
R+D,her2,1,252
R+D,luminal,2,252
R+P+D,basal,3,252
R+P+D,her2,0,252
R+P+D,luminal,1,252
MOFA+,basal,1,252
MOFA+,her2,1,252
MOFA+,luminal,3,252
R,basal,0,253
R,her2,2,253
R,luminal,0,253
R+P,basal,0,253
R+P,her2,3,253
R+P,luminal,0,253
R+D,basal,0,253
R+D,her2,0,253
R+D,luminal,0,253
R+P+D,basal,1,253
R+P+D,her2,0,253
R+P+D,luminal,0,253
MOFA+,basal,2,253
MOFA+,her2,7,253
MOFA+,luminal,0,253
R,basal,1,254
R,her2,0,254
R,luminal,0,254
R+P,basal,2,254
R+P,her2,3,254
R+P,luminal,2,254
R+D,basal,0,254
R+D,her2,6,254
R+D,luminal,1,254
R+P+D,basal,0,254
R+P+D,her2,3,254
R+P+D,luminal,0,254
MOFA+,basal,0,254
MOFA+,her2,0,254
MOFA+,luminal,1,254
R,basal,1,255
R,her2,1,255
R,luminal,3,255
R+P,basal,1,255
R+P,her2,3,255
R+P,luminal,6,255
R+D,basal,1,255
R+D,her2,2,255
R+D,luminal,2,255
R+P+D,basal,2,255
R+P+D,her2,4,255
R+P+D,luminal,5,255
MOFA+,basal,0,255
MOFA+,her2,0,255
MOFA+,luminal,1,255
R,basal,0,256
R,her2,1,256
R,luminal,0,256
R+P,basal,0,256
R+P,her2,2,256
R+P,luminal,2,256
R+D,basal,3,256
R+D,her2,0,256
R+D,luminal,0,256
R+P+D,basal,2,256
R+P+D,her2,0,256
R+P+D,luminal,0,256
MOFA+,basal,0,256
MOFA+,her2,7,256
MOFA+,luminal,1,256
R,basal,1,257
R,her2,1,257
R,luminal,0,257
R+P,basal,0,257
R+P,her2,1,257
R+P,luminal,0,257
R+D,basal,0,257
R+D,her2,1,257
R+D,luminal,0,257
R+P+D,basal,0,257
R+P+D,her2,1,257
R+P+D,luminal,0,257
MOFA+,basal,4,257
MOFA+,her2,1,257
MOFA+,luminal,3,257
R,basal,0,258
R,her2,2,258
R,luminal,0,258
R+P,basal,0,258
R+P,her2,2,258
R+P,luminal,1,258
R+D,basal,0,258
R+D,her2,2,258
R+D,luminal,0,258
R+P+D,basal,0,258
R+P+D,her2,4,258
R+P+D,luminal,0,258
MOFA+,basal,1,258
MOFA+,her2,0,258
MOFA+,luminal,0,258
R,basal,3,259
R,her2,2,259
R,luminal,0,259
R+P,basal,1,259
R+P,her2,3,259
R+P,luminal,1,259
R+D,basal,1,259
R+D,her2,3,259
R+D,luminal,0,259
R+P+D,basal,0,259
R+P+D,her2,3,259
R+P+D,luminal,0,259
MOFA+,basal,1,259
MOFA+,her2,3,259
MOFA+,luminal,1,259
R,basal,0,260
R,her2,2,260
R,luminal,0,260
R+P,basal,0,260
R+P,her2,4,260
R+P,luminal,0,260
R+D,basal,0,260
R+D,her2,3,260
R+D,luminal,3,260
R+P+D,basal,0,260
R+P+D,her2,4,260
R+P+D,luminal,1,260
MOFA+,basal,2,260
MOFA+,her2,3,260
MOFA+,luminal,1,260
R,basal,1,261
R,her2,1,261
R,luminal,2,261
R+P,basal,2,261
R+P,her2,1,261
R+P,luminal,4,261
R+D,basal,1,261
R+D,her2,6,261
R+D,luminal,1,261
R+P+D,basal,2,261
R+P+D,her2,2,261
R+P+D,luminal,2,261
MOFA+,basal,0,261
MOFA+,her2,0,261
MOFA+,luminal,3,261
R,basal,0,262
R,her2,0,262
R,luminal,0,262
R+P,basal,0,262
R+P,her2,1,262
R+P,luminal,0,262
R+D,basal,0,262
R+D,her2,1,262
R+D,luminal,0,262
R+P+D,basal,0,262
R+P+D,her2,2,262
R+P+D,luminal,0,262
MOFA+,basal,4,262
MOFA+,her2,1,262
MOFA+,luminal,0,262
R,basal,0,263
R,her2,0,263
R,luminal,0,263
R+P,basal,3,263
R+P,her2,1,263
R+P,luminal,3,263
R+D,basal,0,263
R+D,her2,1,263
R+D,luminal,2,263
R+P+D,basal,1,263
R+P+D,her2,2,263
R+P+D,luminal,2,263
MOFA+,basal,4,263
MOFA+,her2,0,263
MOFA+,luminal,0,263
R,basal,1,264
R,her2,5,264
R,luminal,2,264
R+P,basal,2,264
R+P,her2,4,264
R+P,luminal,3,264
R+D,basal,1,264
R+D,her2,0,264
R+D,luminal,2,264
R+P+D,basal,2,264
R+P+D,her2,0,264
R+P+D,luminal,1,264
MOFA+,basal,1,264
MOFA+,her2,7,264
MOFA+,luminal,3,264
R,basal,0,265
R,her2,1,265
R,luminal,0,265
R+P,basal,0,265
R+P,her2,2,265
R+P,luminal,0,265
R+D,basal,1,265
R+D,her2,7,265
R+D,luminal,2,265
R+P+D,basal,0,265
R+P+D,her2,5,265
R+P+D,luminal,2,265
MOFA+,basal,2,265
MOFA+,her2,0,265
MOFA+,luminal,1,265
R,basal,0,266
R,her2,0,266
R,luminal,0,266
R+P,basal,0,266
R+P,her2,0,266
R+P,luminal,0,266
R+D,basal,0,266
R+D,her2,1,266
R+D,luminal,0,266
R+P+D,basal,1,266
R+P+D,her2,0,266
R+P+D,luminal,0,266
MOFA+,basal,0,266
MOFA+,her2,0,266
MOFA+,luminal,0,266
R,basal,1,267
R,her2,0,267
R,luminal,0,267
R+P,basal,0,267
R+P,her2,0,267
R+P,luminal,0,267
R+D,basal,1,267
R+D,her2,4,267
R+D,luminal,0,267
R+P+D,basal,0,267
R+P+D,her2,1,267
R+P+D,luminal,0,267
MOFA+,basal,1,267
MOFA+,her2,2,267
MOFA+,luminal,0,267
R,basal,5,268
R,her2,0,268
R,luminal,0,268
R+P,basal,10,268
R+P,her2,0,268
R+P,luminal,0,268
R+D,basal,8,268
R+D,her2,0,268
R+D,luminal,1,268
R+P+D,basal,6,268
R+P+D,her2,1,268
R+P+D,luminal,2,268
MOFA+,basal,2,268
MOFA+,her2,2,268
MOFA+,luminal,3,268
R,basal,0,269
R,her2,5,269
R,luminal,1,269
R+P,basal,0,269
R+P,her2,3,269
R+P,luminal,0,269
R+D,basal,0,269
R+D,her2,4,269
R+D,luminal,1,269
R+P+D,basal,0,269
R+P+D,her2,5,269
R+P+D,luminal,2,269
MOFA+,basal,0,269
MOFA+,her2,0,269
MOFA+,luminal,4,269
R,basal,3,270
R,her2,1,270
R,luminal,3,270
R+P,basal,5,270
R+P,her2,0,270
R+P,luminal,2,270
R+D,basal,1,270
R+D,her2,0,270
R+D,luminal,1,270
R+P+D,basal,0,270
R+P+D,her2,0,270
R+P+D,luminal,1,270
MOFA+,basal,3,270
MOFA+,her2,1,270
MOFA+,luminal,0,270
R,basal,0,271
R,her2,1,271
R,luminal,0,271
R+P,basal,0,271
R+P,her2,1,271
R+P,luminal,0,271
R+D,basal,0,271
R+D,her2,4,271
R+D,luminal,0,271
R+P+D,basal,0,271
R+P+D,her2,1,271
R+P+D,luminal,0,271
MOFA+,basal,1,271
MOFA+,her2,1,271
MOFA+,luminal,0,271
R,basal,1,272
R,her2,0,272
R,luminal,1,272
R+P,basal,3,272
R+P,her2,0,272
R+P,luminal,2,272
R+D,basal,1,272
R+D,her2,0,272
R+D,luminal,3,272
R+P+D,basal,1,272
R+P+D,her2,0,272
R+P+D,luminal,3,272
MOFA+,basal,1,272
MOFA+,her2,1,272
MOFA+,luminal,0,272
R,basal,1,273
R,her2,1,273
R,luminal,0,273
R+P,basal,2,273
R+P,her2,0,273
R+P,luminal,1,273
R+D,basal,4,273
R+D,her2,0,273
R+D,luminal,3,273
R+P+D,basal,5,273
R+P+D,her2,0,273
R+P+D,luminal,1,273
MOFA+,basal,0,273
MOFA+,her2,0,273
MOFA+,luminal,1,273
R,basal,3,274
R,her2,2,274
R,luminal,0,274
R+P,basal,1,274
R+P,her2,3,274
R+P,luminal,0,274
R+D,basal,0,274
R+D,her2,1,274
R+D,luminal,1,274
R+P+D,basal,0,274
R+P+D,her2,2,274
R+P+D,luminal,0,274
MOFA+,basal,3,274
MOFA+,her2,0,274
MOFA+,luminal,0,274
R,basal,2,275
R,her2,0,275
R,luminal,0,275
R+P,basal,0,275
R+P,her2,2,275
R+P,luminal,0,275
R+D,basal,2,275
R+D,her2,5,275
R+D,luminal,0,275
R+P+D,basal,1,275
R+P+D,her2,6,275
R+P+D,luminal,1,275
MOFA+,basal,2,275
MOFA+,her2,1,275
MOFA+,luminal,0,275
R,basal,0,276
R,her2,1,276
R,luminal,1,276
R+P,basal,0,276
R+P,her2,1,276
R+P,luminal,0,276
R+D,basal,0,276
R+D,her2,1,276
R+D,luminal,3,276
R+P+D,basal,0,276
R+P+D,her2,1,276
R+P+D,luminal,4,276
MOFA+,basal,1,276
MOFA+,her2,0,276
MOFA+,luminal,0,276
R,basal,2,277
R,her2,2,277
R,luminal,0,277
R+P,basal,1,277
R+P,her2,0,277
R+P,luminal,0,277
R+D,basal,0,277
R+D,her2,0,277
R+D,luminal,0,277
R+P+D,basal,1,277
R+P+D,her2,0,277
R+P+D,luminal,0,277
MOFA+,basal,0,277
MOFA+,her2,0,277
MOFA+,luminal,1,277
R,basal,1,278
R,her2,0,278
R,luminal,1,278
R+P,basal,0,278
R+P,her2,0,278
R+P,luminal,0,278
R+D,basal,4,278
R+D,her2,2,278
R+D,luminal,0,278
R+P+D,basal,4,278
R+P+D,her2,2,278
R+P+D,luminal,0,278
MOFA+,basal,0,278
MOFA+,her2,1,278
MOFA+,luminal,0,278
R,basal,0,279
R,her2,2,279
R,luminal,0,279
R+P,basal,0,279
R+P,her2,0,279
R+P,luminal,0,279
R+D,basal,0,279
R+D,her2,1,279
R+D,luminal,0,279
R+P+D,basal,0,279
R+P+D,her2,1,279
R+P+D,luminal,0,279
MOFA+,basal,0,279
MOFA+,her2,0,279
MOFA+,luminal,0,279
R,basal,1,280
R,her2,1,280
R,luminal,1,280
R+P,basal,0,280
R+P,her2,0,280
R+P,luminal,0,280
R+D,basal,0,280
R+D,her2,1,280
R+D,luminal,0,280
R+P+D,basal,0,280
R+P+D,her2,3,280
R+P+D,luminal,0,280
MOFA+,basal,1,280
MOFA+,her2,3,280
MOFA+,luminal,0,280
R,basal,1,281
R,her2,1,281
R,luminal,0,281
R+P,basal,0,281
R+P,her2,0,281
R+P,luminal,0,281
R+D,basal,0,281
R+D,her2,1,281
R+D,luminal,0,281
R+P+D,basal,0,281
R+P+D,her2,1,281
R+P+D,luminal,0,281
MOFA+,basal,0,281
MOFA+,her2,1,281
MOFA+,luminal,0,281
R,basal,1,282
R,her2,4,282
R,luminal,0,282
R+P,basal,0,282
R+P,her2,4,282
R+P,luminal,0,282
R+D,basal,0,282
R+D,her2,7,282
R+D,luminal,0,282
R+P+D,basal,0,282
R+P+D,her2,10,282
R+P+D,luminal,0,282
MOFA+,basal,2,282
MOFA+,her2,1,282
MOFA+,luminal,0,282
R,basal,1,283
R,her2,1,283
R,luminal,1,283
R+P,basal,6,283
R+P,her2,4,283
R+P,luminal,1,283
R+D,basal,2,283
R+D,her2,2,283
R+D,luminal,0,283
R+P+D,basal,0,283
R+P+D,her2,5,283
R+P+D,luminal,2,283
MOFA+,basal,0,283
MOFA+,her2,0,283
MOFA+,luminal,1,283
R,basal,3,284
R,her2,0,284
R,luminal,0,284
R+P,basal,1,284
R+P,her2,0,284
R+P,luminal,0,284
R+D,basal,3,284
R+D,her2,1,284
R+D,luminal,0,284
R+P+D,basal,2,284
R+P+D,her2,0,284
R+P+D,luminal,0,284
MOFA+,basal,1,284
MOFA+,her2,0,284
MOFA+,luminal,0,284
R,basal,2,285
R,her2,0,285
R,luminal,2,285
R+P,basal,6,285
R+P,her2,0,285
R+P,luminal,3,285
R+D,basal,0,285
R+D,her2,0,285
R+D,luminal,2,285
R+P+D,basal,3,285
R+P+D,her2,0,285
R+P+D,luminal,3,285
MOFA+,basal,0,285
MOFA+,her2,0,285
MOFA+,luminal,0,285
R,basal,0,286
R,her2,0,286
R,luminal,0,286
R+P,basal,0,286
R+P,her2,0,286
R+P,luminal,0,286
R+D,basal,0,286
R+D,her2,2,286
R+D,luminal,0,286
R+P+D,basal,0,286
R+P+D,her2,3,286
R+P+D,luminal,0,286
MOFA+,basal,0,286
MOFA+,her2,3,286
MOFA+,luminal,0,286
R,basal,0,287
R,her2,1,287
R,luminal,0,287
R+P,basal,1,287
R+P,her2,2,287
R+P,luminal,0,287
R+D,basal,0,287
R+D,her2,3,287
R+D,luminal,0,287
R+P+D,basal,1,287
R+P+D,her2,4,287
R+P+D,luminal,2,287
MOFA+,basal,1,287
MOFA+,her2,2,287
MOFA+,luminal,4,287
R,basal,1,288
R,her2,0,288
R,luminal,0,288
R+P,basal,0,288
R+P,her2,0,288
R+P,luminal,1,288
R+D,basal,0,288
R+D,her2,1,288
R+D,luminal,2,288
R+P+D,basal,0,288
R+P+D,her2,0,288
R+P+D,luminal,1,288
MOFA+,basal,1,288
MOFA+,her2,1,288
MOFA+,luminal,0,288
R,basal,0,289
R,her2,3,289
R,luminal,1,289
R+P,basal,0,289
R+P,her2,2,289
R+P,luminal,5,289
R+D,basal,0,289
R+D,her2,0,289
R+D,luminal,0,289
R+P+D,basal,1,289
R+P+D,her2,2,289
R+P+D,luminal,1,289
MOFA+,basal,1,289
MOFA+,her2,0,289
MOFA+,luminal,0,289
R,basal,1,290
R,her2,0,290
R,luminal,0,290
R+P,basal,0,290
R+P,her2,2,290
R+P,luminal,0,290
R+D,basal,1,290
R+D,her2,2,290
R+D,luminal,4,290
R+P+D,basal,2,290
R+P+D,her2,1,290
R+P+D,luminal,1,290
MOFA+,basal,0,290
MOFA+,her2,0,290
MOFA+,luminal,1,290
R,basal,0,291
R,her2,2,291
R,luminal,0,291
R+P,basal,1,291
R+P,her2,1,291
R+P,luminal,0,291
R+D,basal,2,291
R+D,her2,2,291
R+D,luminal,4,291
R+P+D,basal,3,291
R+P+D,her2,0,291
R+P+D,luminal,3,291
MOFA+,basal,0,291
MOFA+,her2,0,291
MOFA+,luminal,1,291
R,basal,1,292
R,her2,3,292
R,luminal,0,292
R+P,basal,0,292
R+P,her2,3,292
R+P,luminal,1,292
R+D,basal,2,292
R+D,her2,4,292
R+D,luminal,3,292
R+P+D,basal,0,292
R+P+D,her2,5,292
R+P+D,luminal,2,292
MOFA+,basal,1,292
MOFA+,her2,2,292
MOFA+,luminal,1,292
R,basal,0,293
R,her2,1,293
R,luminal,1,293
R+P,basal,0,293
R+P,her2,0,293
R+P,luminal,0,293
R+D,basal,1,293
R+D,her2,3,293
R+D,luminal,0,293
R+P+D,basal,0,293
R+P+D,her2,0,293
R+P+D,luminal,0,293
MOFA+,basal,0,293
MOFA+,her2,3,293
MOFA+,luminal,4,293
R,basal,1,294
R,her2,2,294
R,luminal,0,294
R+P,basal,0,294
R+P,her2,0,294
R+P,luminal,0,294
R+D,basal,1,294
R+D,her2,6,294
R+D,luminal,2,294
R+P+D,basal,0,294
R+P+D,her2,5,294
R+P+D,luminal,0,294
MOFA+,basal,0,294
MOFA+,her2,0,294
MOFA+,luminal,0,294
R,basal,1,295
R,her2,1,295
R,luminal,0,295
R+P,basal,0,295
R+P,her2,0,295
R+P,luminal,0,295
R+D,basal,0,295
R+D,her2,0,295
R+D,luminal,1,295
R+P+D,basal,0,295
R+P+D,her2,0,295
R+P+D,luminal,1,295
MOFA+,basal,4,295
MOFA+,her2,0,295
MOFA+,luminal,3,295
R,basal,0,296
R,her2,0,296
R,luminal,0,296
R+P,basal,1,296
R+P,her2,1,296
R+P,luminal,0,296
R+D,basal,1,296
R+D,her2,0,296
R+D,luminal,0,296
R+P+D,basal,3,296
R+P+D,her2,0,296
R+P+D,luminal,0,296
MOFA+,basal,0,296
MOFA+,her2,0,296
MOFA+,luminal,1,296
R,basal,1,297
R,her2,0,297
R,luminal,0,297
R+P,basal,0,297
R+P,her2,2,297
R+P,luminal,0,297
R+D,basal,1,297
R+D,her2,1,297
R+D,luminal,3,297
R+P+D,basal,2,297
R+P+D,her2,2,297
R+P+D,luminal,0,297
MOFA+,basal,0,297
MOFA+,her2,7,297
MOFA+,luminal,0,297
R,basal,1,298
R,her2,2,298
R,luminal,6,298
R+P,basal,3,298
R+P,her2,2,298
R+P,luminal,8,298
R+D,basal,2,298
R+D,her2,0,298
R+D,luminal,6,298
R+P+D,basal,2,298
R+P+D,her2,1,298
R+P+D,luminal,5,298
MOFA+,basal,1,298
MOFA+,her2,0,298
MOFA+,luminal,1,298
R,basal,3,299
R,her2,1,299
R,luminal,0,299
R+P,basal,1,299
R+P,her2,1,299
R+P,luminal,0,299
R+D,basal,1,299
R+D,her2,2,299
R+D,luminal,0,299
R+P+D,basal,2,299
R+P+D,her2,2,299
R+P+D,luminal,0,299
MOFA+,basal,0,299
MOFA+,her2,0,299
MOFA+,luminal,1,299
R,basal,0,300
R,her2,1,300
R,luminal,0,300
R+P,basal,0,300
R+P,her2,0,300
R+P,luminal,0,300
R+D,basal,0,300
R+D,her2,6,300
R+D,luminal,1,300
R+P+D,basal,0,300
R+P+D,her2,2,300
R+P+D,luminal,0,300
MOFA+,basal,2,300
MOFA+,her2,0,300
MOFA+,luminal,0,300
R,basal,1,301
R,her2,0,301
R,luminal,2,301
R+P,basal,0,301
R+P,her2,2,301
R+P,luminal,2,301
R+D,basal,0,301
R+D,her2,2,301
R+D,luminal,0,301
R+P+D,basal,0,301
R+P+D,her2,6,301
R+P+D,luminal,1,301
MOFA+,basal,1,301
MOFA+,her2,0,301
MOFA+,luminal,0,301
R,basal,1,302
R,her2,1,302
R,luminal,0,302
R+P,basal,0,302
R+P,her2,0,302
R+P,luminal,0,302
R+D,basal,0,302
R+D,her2,0,302
R+D,luminal,1,302
R+P+D,basal,1,302
R+P+D,her2,0,302
R+P+D,luminal,2,302
MOFA+,basal,2,302
MOFA+,her2,0,302
MOFA+,luminal,1,302
R,basal,1,303
R,her2,2,303
R,luminal,0,303
R+P,basal,0,303
R+P,her2,4,303
R+P,luminal,3,303
R+D,basal,2,303
R+D,her2,4,303
R+D,luminal,4,303
R+P+D,basal,1,303
R+P+D,her2,4,303
R+P+D,luminal,2,303
MOFA+,basal,3,303
MOFA+,her2,0,303
MOFA+,luminal,1,303
R,basal,1,304
R,her2,2,304
R,luminal,1,304
R+P,basal,0,304
R+P,her2,1,304
R+P,luminal,4,304
R+D,basal,1,304
R+D,her2,1,304
R+D,luminal,4,304
R+P+D,basal,0,304
R+P+D,her2,1,304
R+P+D,luminal,5,304
MOFA+,basal,0,304
MOFA+,her2,7,304
MOFA+,luminal,1,304
R,basal,1,305
R,her2,1,305
R,luminal,3,305
R+P,basal,4,305
R+P,her2,2,305
R+P,luminal,1,305
R+D,basal,1,305
R+D,her2,2,305
R+D,luminal,1,305
R+P+D,basal,3,305
R+P+D,her2,2,305
R+P+D,luminal,1,305
MOFA+,basal,1,305
MOFA+,her2,0,305
MOFA+,luminal,0,305
R,basal,2,306
R,her2,0,306
R,luminal,0,306
R+P,basal,5,306
R+P,her2,1,306
R+P,luminal,1,306
R+D,basal,1,306
R+D,her2,0,306
R+D,luminal,0,306
R+P+D,basal,2,306
R+P+D,her2,0,306
R+P+D,luminal,2,306
MOFA+,basal,4,306
MOFA+,her2,0,306
MOFA+,luminal,3,306
R,basal,0,307
R,her2,1,307
R,luminal,0,307
R+P,basal,0,307
R+P,her2,0,307
R+P,luminal,0,307
R+D,basal,0,307
R+D,her2,1,307
R+D,luminal,0,307
R+P+D,basal,0,307
R+P+D,her2,0,307
R+P+D,luminal,0,307
MOFA+,basal,1,307
MOFA+,her2,3,307
MOFA+,luminal,0,307
R,basal,0,308
R,her2,0,308
R,luminal,0,308
R+P,basal,0,308
R+P,her2,0,308
R+P,luminal,0,308
R+D,basal,0,308
R+D,her2,0,308
R+D,luminal,0,308
R+P+D,basal,0,308
R+P+D,her2,1,308
R+P+D,luminal,0,308
MOFA+,basal,0,308
MOFA+,her2,0,308
MOFA+,luminal,0,308
R,basal,1,309
R,her2,2,309
R,luminal,3,309
R+P,basal,1,309
R+P,her2,2,309
R+P,luminal,3,309
R+D,basal,2,309
R+D,her2,3,309
R+D,luminal,1,309
R+P+D,basal,1,309
R+P+D,her2,1,309
R+P+D,luminal,2,309
MOFA+,basal,4,309
MOFA+,her2,1,309
MOFA+,luminal,26,309
R,basal,1,310
R,her2,0,310
R,luminal,1,310
R+P,basal,2,310
R+P,her2,1,310
R+P,luminal,1,310
R+D,basal,1,310
R+D,her2,2,310
R+D,luminal,3,310
R+P+D,basal,0,310
R+P+D,her2,2,310
R+P+D,luminal,3,310
MOFA+,basal,0,310
MOFA+,her2,1,310
MOFA+,luminal,0,310
R,basal,0,311
R,her2,0,311
R,luminal,0,311
R+P,basal,0,311
R+P,her2,0,311
R+P,luminal,0,311
R+D,basal,0,311
R+D,her2,0,311
R+D,luminal,0,311
R+P+D,basal,0,311
R+P+D,her2,0,311
R+P+D,luminal,0,311
MOFA+,basal,1,311
MOFA+,her2,3,311
MOFA+,luminal,1,311
R,basal,2,312
R,her2,4,312
R,luminal,0,312
R+P,basal,1,312
R+P,her2,2,312
R+P,luminal,0,312
R+D,basal,2,312
R+D,her2,7,312
R+D,luminal,0,312
R+P+D,basal,2,312
R+P+D,her2,5,312
R+P+D,luminal,0,312
MOFA+,basal,3,312
MOFA+,her2,3,312
MOFA+,luminal,3,312
R,basal,4,313
R,her2,2,313
R,luminal,7,313
R+P,basal,10,313
R+P,her2,1,313
R+P,luminal,8,313
R+D,basal,4,313
R+D,her2,3,313
R+D,luminal,8,313
R+P+D,basal,7,313
R+P+D,her2,1,313
R+P+D,luminal,7,313
MOFA+,basal,17,313
MOFA+,her2,0,313
MOFA+,luminal,26,313
R,basal,0,314
R,her2,0,314
R,luminal,2,314
R+P,basal,2,314
R+P,her2,0,314
R+P,luminal,2,314
R+D,basal,0,314
R+D,her2,0,314
R+D,luminal,6,314
R+P+D,basal,1,314
R+P+D,her2,0,314
R+P+D,luminal,4,314
MOFA+,basal,4,314
MOFA+,her2,0,314
MOFA+,luminal,1,314
R,basal,1,315
R,her2,1,315
R,luminal,0,315
R+P,basal,1,315
R+P,her2,1,315
R+P,luminal,1,315
R+D,basal,2,315
R+D,her2,1,315
R+D,luminal,2,315
R+P+D,basal,0,315
R+P+D,her2,0,315
R+P+D,luminal,0,315
MOFA+,basal,0,315
MOFA+,her2,2,315
MOFA+,luminal,0,315
R,basal,0,316
R,her2,1,316
R,luminal,1,316
R+P,basal,0,316
R+P,her2,4,316
R+P,luminal,1,316
R+D,basal,1,316
R+D,her2,4,316
R+D,luminal,0,316
R+P+D,basal,0,316
R+P+D,her2,6,316
R+P+D,luminal,0,316
MOFA+,basal,0,316
MOFA+,her2,2,316
MOFA+,luminal,1,316
R,basal,1,317
R,her2,3,317
R,luminal,0,317
R+P,basal,0,317
R+P,her2,3,317
R+P,luminal,0,317
R+D,basal,0,317
R+D,her2,4,317
R+D,luminal,1,317
R+P+D,basal,0,317
R+P+D,her2,3,317
R+P+D,luminal,1,317
MOFA+,basal,1,317
MOFA+,her2,0,317
MOFA+,luminal,0,317
R,basal,1,318
R,her2,1,318
R,luminal,0,318
R+P,basal,1,318
R+P,her2,2,318
R+P,luminal,0,318
R+D,basal,1,318
R+D,her2,0,318
R+D,luminal,0,318
R+P+D,basal,1,318
R+P+D,her2,1,318
R+P+D,luminal,2,318
MOFA+,basal,0,318
MOFA+,her2,0,318
MOFA+,luminal,0,318
R,basal,2,319
R,her2,3,319
R,luminal,11,319
R+P,basal,4,319
R+P,her2,5,319
R+P,luminal,13,319
R+D,basal,2,319
R+D,her2,4,319
R+D,luminal,6,319
R+P+D,basal,6,319
R+P+D,her2,0,319
R+P+D,luminal,8,319
MOFA+,basal,0,319
MOFA+,her2,0,319
MOFA+,luminal,26,319
R,basal,4,320
R,her2,1,320
R,luminal,0,320
R+P,basal,0,320
R+P,her2,2,320
R+P,luminal,1,320
R+D,basal,0,320
R+D,her2,1,320
R+D,luminal,0,320
R+P+D,basal,0,320
R+P+D,her2,2,320
R+P+D,luminal,0,320
MOFA+,basal,0,320
MOFA+,her2,3,320
MOFA+,luminal,0,320
R,basal,0,321
R,her2,1,321
R,luminal,0,321
R+P,basal,0,321
R+P,her2,0,321
R+P,luminal,0,321
R+D,basal,0,321
R+D,her2,0,321
R+D,luminal,1,321
R+P+D,basal,0,321
R+P+D,her2,0,321
R+P+D,luminal,1,321
MOFA+,basal,1,321
MOFA+,her2,0,321
MOFA+,luminal,1,321
R,basal,0,322
R,her2,0,322
R,luminal,0,322
R+P,basal,1,322
R+P,her2,0,322
R+P,luminal,0,322
R+D,basal,2,322
R+D,her2,1,322
R+D,luminal,1,322
R+P+D,basal,1,322
R+P+D,her2,0,322
R+P+D,luminal,1,322
MOFA+,basal,0,322
MOFA+,her2,1,322
MOFA+,luminal,1,322
R,basal,2,323
R,her2,1,323
R,luminal,0,323
R+P,basal,0,323
R+P,her2,1,323
R+P,luminal,0,323
R+D,basal,2,323
R+D,her2,1,323
R+D,luminal,0,323
R+P+D,basal,3,323
R+P+D,her2,2,323
R+P+D,luminal,0,323
MOFA+,basal,0,323
MOFA+,her2,2,323
MOFA+,luminal,0,323
R,basal,0,324
R,her2,0,324
R,luminal,0,324
R+P,basal,1,324
R+P,her2,1,324
R+P,luminal,0,324
R+D,basal,0,324
R+D,her2,1,324
R+D,luminal,0,324
R+P+D,basal,1,324
R+P+D,her2,1,324
R+P+D,luminal,0,324
MOFA+,basal,0,324
MOFA+,her2,0,324
MOFA+,luminal,1,324
R,basal,1,325
R,her2,1,325
R,luminal,0,325
R+P,basal,0,325
R+P,her2,0,325
R+P,luminal,0,325
R+D,basal,0,325
R+D,her2,1,325
R+D,luminal,0,325
R+P+D,basal,0,325
R+P+D,her2,1,325
R+P+D,luminal,0,325
MOFA+,basal,0,325
MOFA+,her2,0,325
MOFA+,luminal,0,325
R,basal,1,326
R,her2,1,326
R,luminal,0,326
R+P,basal,0,326
R+P,her2,1,326
R+P,luminal,0,326
R+D,basal,0,326
R+D,her2,2,326
R+D,luminal,0,326
R+P+D,basal,0,326
R+P+D,her2,1,326
R+P+D,luminal,0,326
MOFA+,basal,0,326
MOFA+,her2,0,326
MOFA+,luminal,1,326
R,basal,0,327
R,her2,5,327
R,luminal,1,327
R+P,basal,3,327
R+P,her2,3,327
R+P,luminal,1,327
R+D,basal,0,327
R+D,her2,5,327
R+D,luminal,0,327
R+P+D,basal,1,327
R+P+D,her2,6,327
R+P+D,luminal,4,327
MOFA+,basal,4,327
MOFA+,her2,0,327
MOFA+,luminal,1,327
R,basal,1,328
R,her2,2,328
R,luminal,0,328
R+P,basal,0,328
R+P,her2,3,328
R+P,luminal,0,328
R+D,basal,4,328
R+D,her2,3,328
R+D,luminal,1,328
R+P+D,basal,2,328
R+P+D,her2,3,328
R+P+D,luminal,2,328
MOFA+,basal,1,328
MOFA+,her2,1,328
MOFA+,luminal,0,328
R,basal,2,329
R,her2,1,329
R,luminal,0,329
R+P,basal,0,329
R+P,her2,1,329
R+P,luminal,1,329
R+D,basal,7,329
R+D,her2,1,329
R+D,luminal,1,329
R+P+D,basal,6,329
R+P+D,her2,1,329
R+P+D,luminal,1,329
MOFA+,basal,0,329
MOFA+,her2,0,329
MOFA+,luminal,0,329
R,basal,2,330
R,her2,2,330
R,luminal,0,330
R+P,basal,1,330
R+P,her2,2,330
R+P,luminal,0,330
R+D,basal,0,330
R+D,her2,1,330
R+D,luminal,0,330
R+P+D,basal,1,330
R+P+D,her2,1,330
R+P+D,luminal,0,330
MOFA+,basal,1,330
MOFA+,her2,7,330
MOFA+,luminal,1,330
R,basal,2,331
R,her2,0,331
R,luminal,6,331
R+P,basal,1,331
R+P,her2,1,331
R+P,luminal,4,331
R+D,basal,0,331
R+D,her2,2,331
R+D,luminal,3,331
R+P+D,basal,1,331
R+P+D,her2,1,331
R+P+D,luminal,4,331
MOFA+,basal,2,331
MOFA+,her2,0,331
MOFA+,luminal,0,331
R,basal,1,332
R,her2,0,332
R,luminal,0,332
R+P,basal,0,332
R+P,her2,1,332
R+P,luminal,0,332
R+D,basal,0,332
R+D,her2,3,332
R+D,luminal,0,332
R+P+D,basal,1,332
R+P+D,her2,2,332
R+P+D,luminal,0,332
MOFA+,basal,1,332
MOFA+,her2,1,332
MOFA+,luminal,0,332
R,basal,0,333
R,her2,0,333
R,luminal,0,333
R+P,basal,0,333
R+P,her2,0,333
R+P,luminal,0,333
R+D,basal,0,333
R+D,her2,1,333
R+D,luminal,0,333
R+P+D,basal,0,333
R+P+D,her2,0,333
R+P+D,luminal,0,333
MOFA+,basal,0,333
MOFA+,her2,0,333
MOFA+,luminal,1,333
R,basal,2,334
R,her2,0,334
R,luminal,12,334
R+P,basal,8,334
R+P,her2,1,334
R+P,luminal,17,334
R+D,basal,3,334
R+D,her2,2,334
R+D,luminal,10,334
R+P+D,basal,7,334
R+P+D,her2,0,334
R+P+D,luminal,7,334
MOFA+,basal,17,334
MOFA+,her2,0,334
MOFA+,luminal,1,334
R,basal,3,335
R,her2,0,335
R,luminal,2,335
R+P,basal,5,335
R+P,her2,1,335
R+P,luminal,2,335
R+D,basal,6,335
R+D,her2,1,335
R+D,luminal,2,335
R+P+D,basal,4,335
R+P+D,her2,1,335
R+P+D,luminal,2,335
MOFA+,basal,17,335
MOFA+,her2,0,335
MOFA+,luminal,4,335
R,basal,0,336
R,her2,1,336
R,luminal,3,336
R+P,basal,1,336
R+P,her2,0,336
R+P,luminal,3,336
R+D,basal,2,336
R+D,her2,0,336
R+D,luminal,0,336
R+P+D,basal,2,336
R+P+D,her2,1,336
R+P+D,luminal,0,336
MOFA+,basal,2,336
MOFA+,her2,3,336
MOFA+,luminal,0,336
R,basal,0,337
R,her2,1,337
R,luminal,0,337
R+P,basal,0,337
R+P,her2,0,337
R+P,luminal,0,337
R+D,basal,0,337
R+D,her2,5,337
R+D,luminal,0,337
R+P+D,basal,0,337
R+P+D,her2,5,337
R+P+D,luminal,0,337
MOFA+,basal,0,337
MOFA+,her2,3,337
MOFA+,luminal,0,337
R,basal,3,338
R,her2,1,338
R,luminal,1,338
R+P,basal,1,338
R+P,her2,1,338
R+P,luminal,2,338
R+D,basal,4,338
R+D,her2,0,338
R+D,luminal,0,338
R+P+D,basal,2,338
R+P+D,her2,0,338
R+P+D,luminal,0,338
MOFA+,basal,2,338
MOFA+,her2,1,338
MOFA+,luminal,1,338
R,basal,0,339
R,her2,0,339
R,luminal,0,339
R+P,basal,0,339
R+P,her2,1,339
R+P,luminal,0,339
R+D,basal,0,339
R+D,her2,0,339
R+D,luminal,0,339
R+P+D,basal,0,339
R+P+D,her2,0,339
R+P+D,luminal,0,339
MOFA+,basal,1,339
MOFA+,her2,0,339
MOFA+,luminal,0,339
R,basal,0,340
R,her2,1,340
R,luminal,0,340
R+P,basal,0,340
R+P,her2,0,340
R+P,luminal,0,340
R+D,basal,0,340
R+D,her2,3,340
R+D,luminal,0,340
R+P+D,basal,0,340
R+P+D,her2,2,340
R+P+D,luminal,0,340
MOFA+,basal,0,340
MOFA+,her2,0,340
MOFA+,luminal,0,340
R,basal,1,341
R,her2,1,341
R,luminal,0,341
R+P,basal,1,341
R+P,her2,0,341
R+P,luminal,0,341
R+D,basal,1,341
R+D,her2,0,341
R+D,luminal,0,341
R+P+D,basal,2,341
R+P+D,her2,1,341
R+P+D,luminal,0,341
MOFA+,basal,1,341
MOFA+,her2,0,341
MOFA+,luminal,0,341
R,basal,2,342
R,her2,0,342
R,luminal,7,342
R+P,basal,1,342
R+P,her2,1,342
R+P,luminal,8,342
R+D,basal,1,342
R+D,her2,1,342
R+D,luminal,3,342
R+P+D,basal,2,342
R+P+D,her2,1,342
R+P+D,luminal,4,342
MOFA+,basal,2,342
MOFA+,her2,1,342
MOFA+,luminal,1,342
R,basal,1,343
R,her2,1,343
R,luminal,0,343
R+P,basal,0,343
R+P,her2,0,343
R+P,luminal,0,343
R+D,basal,1,343
R+D,her2,2,343
R+D,luminal,0,343
R+P+D,basal,4,343
R+P+D,her2,2,343
R+P+D,luminal,0,343
MOFA+,basal,0,343
MOFA+,her2,1,343
MOFA+,luminal,0,343
R,basal,1,344
R,her2,2,344
R,luminal,1,344
R+P,basal,1,344
R+P,her2,3,344
R+P,luminal,2,344
R+D,basal,0,344
R+D,her2,2,344
R+D,luminal,0,344
R+P+D,basal,0,344
R+P+D,her2,3,344
R+P+D,luminal,1,344
MOFA+,basal,0,344
MOFA+,her2,2,344
MOFA+,luminal,0,344
R,basal,1,345
R,her2,1,345
R,luminal,1,345
R+P,basal,1,345
R+P,her2,1,345
R+P,luminal,2,345
R+D,basal,0,345
R+D,her2,2,345
R+D,luminal,1,345
R+P+D,basal,0,345
R+P+D,her2,1,345
R+P+D,luminal,1,345
MOFA+,basal,3,345
MOFA+,her2,0,345
MOFA+,luminal,0,345
R,basal,1,346
R,her2,2,346
R,luminal,0,346
R+P,basal,1,346
R+P,her2,0,346
R+P,luminal,0,346
R+D,basal,0,346
R+D,her2,2,346
R+D,luminal,1,346
R+P+D,basal,0,346
R+P+D,her2,0,346
R+P+D,luminal,1,346
MOFA+,basal,3,346
MOFA+,her2,0,346
MOFA+,luminal,3,346
R,basal,0,347
R,her2,1,347
R,luminal,1,347
R+P,basal,2,347
R+P,her2,0,347
R+P,luminal,0,347
R+D,basal,0,347
R+D,her2,1,347
R+D,luminal,1,347
R+P+D,basal,0,347
R+P+D,her2,1,347
R+P+D,luminal,2,347
MOFA+,basal,0,347
MOFA+,her2,1,347
MOFA+,luminal,4,347
R,basal,3,348
R,her2,3,348
R,luminal,2,348
R+P,basal,4,348
R+P,her2,1,348
R+P,luminal,2,348
R+D,basal,7,348
R+D,her2,1,348
R+D,luminal,1,348
R+P+D,basal,6,348
R+P+D,her2,1,348
R+P+D,luminal,1,348
MOFA+,basal,17,348
MOFA+,her2,0,348
MOFA+,luminal,0,348
R,basal,1,349
R,her2,2,349
R,luminal,0,349
R+P,basal,0,349
R+P,her2,1,349
R+P,luminal,0,349
R+D,basal,1,349
R+D,her2,3,349
R+D,luminal,0,349
R+P+D,basal,1,349
R+P+D,her2,1,349
R+P+D,luminal,0,349
MOFA+,basal,0,349
MOFA+,her2,0,349
MOFA+,luminal,1,349
R,basal,2,350
R,her2,0,350
R,luminal,2,350
R+P,basal,0,350
R+P,her2,0,350
R+P,luminal,1,350
R+D,basal,1,350
R+D,her2,2,350
R+D,luminal,0,350
R+P+D,basal,2,350
R+P+D,her2,2,350
R+P+D,luminal,0,350
MOFA+,basal,2,350
MOFA+,her2,3,350
MOFA+,luminal,1,350
R,basal,0,351
R,her2,0,351
R,luminal,4,351
R+P,basal,0,351
R+P,her2,1,351
R+P,luminal,4,351
R+D,basal,0,351
R+D,her2,0,351
R+D,luminal,3,351
R+P+D,basal,1,351
R+P+D,her2,0,351
R+P+D,luminal,6,351
MOFA+,basal,2,351
MOFA+,her2,1,351
MOFA+,luminal,0,351
R,basal,0,352
R,her2,1,352
R,luminal,0,352
R+P,basal,0,352
R+P,her2,1,352
R+P,luminal,0,352
R+D,basal,1,352
R+D,her2,3,352
R+D,luminal,0,352
R+P+D,basal,0,352
R+P+D,her2,1,352
R+P+D,luminal,0,352
MOFA+,basal,0,352
MOFA+,her2,7,352
MOFA+,luminal,1,352
R,basal,0,353
R,her2,2,353
R,luminal,7,353
R+P,basal,1,353
R+P,her2,1,353
R+P,luminal,3,353
R+D,basal,1,353
R+D,her2,0,353
R+D,luminal,0,353
R+P+D,basal,3,353
R+P+D,her2,1,353
R+P+D,luminal,1,353
MOFA+,basal,0,353
MOFA+,her2,1,353
MOFA+,luminal,0,353
R,basal,0,354
R,her2,0,354
R,luminal,1,354
R+P,basal,0,354
R+P,her2,0,354
R+P,luminal,4,354
R+D,basal,0,354
R+D,her2,0,354
R+D,luminal,1,354
R+P+D,basal,1,354
R+P+D,her2,0,354
R+P+D,luminal,3,354
MOFA+,basal,1,354
MOFA+,her2,0,354
MOFA+,luminal,0,354
R,basal,0,355
R,her2,0,355
R,luminal,0,355
R+P,basal,0,355
R+P,her2,1,355
R+P,luminal,0,355
R+D,basal,0,355
R+D,her2,0,355
R+D,luminal,0,355
R+P+D,basal,0,355
R+P+D,her2,1,355
R+P+D,luminal,1,355
MOFA+,basal,0,355
MOFA+,her2,1,355
MOFA+,luminal,4,355
R,basal,0,356
R,her2,0,356
R,luminal,0,356
R+P,basal,0,356
R+P,her2,2,356
R+P,luminal,0,356
R+D,basal,0,356
R+D,her2,2,356
R+D,luminal,0,356
R+P+D,basal,0,356
R+P+D,her2,3,356
R+P+D,luminal,0,356
MOFA+,basal,1,356
MOFA+,her2,3,356
MOFA+,luminal,1,356
R,basal,0,357
R,her2,2,357
R,luminal,4,357
R+P,basal,2,357
R+P,her2,3,357
R+P,luminal,5,357
R+D,basal,0,357
R+D,her2,0,357
R+D,luminal,2,357
R+P+D,basal,0,357
R+P+D,her2,2,357
R+P+D,luminal,2,357
MOFA+,basal,0,357
MOFA+,her2,0,357
MOFA+,luminal,1,357
R,basal,0,358
R,her2,0,358
R,luminal,0,358
R+P,basal,0,358
R+P,her2,0,358
R+P,luminal,0,358
R+D,basal,0,358
R+D,her2,2,358
R+D,luminal,0,358
R+P+D,basal,0,358
R+P+D,her2,2,358
R+P+D,luminal,0,358
MOFA+,basal,0,358
MOFA+,her2,0,358
MOFA+,luminal,4,358
R,basal,6,359
R,her2,3,359
R,luminal,3,359
R+P,basal,7,359
R+P,her2,1,359
R+P,luminal,2,359
R+D,basal,1,359
R+D,her2,3,359
R+D,luminal,4,359
R+P+D,basal,6,359
R+P+D,her2,1,359
R+P+D,luminal,1,359
MOFA+,basal,0,359
MOFA+,her2,0,359
MOFA+,luminal,0,359
R,basal,4,360
R,her2,2,360
R,luminal,9,360
R+P,basal,5,360
R+P,her2,0,360
R+P,luminal,7,360
R+D,basal,0,360
R+D,her2,3,360
R+D,luminal,10,360
R+P+D,basal,3,360
R+P+D,her2,3,360
R+P+D,luminal,10,360
MOFA+,basal,17,360
MOFA+,her2,0,360
MOFA+,luminal,26,360
R,basal,1,361
R,her2,0,361
R,luminal,0,361
R+P,basal,2,361
R+P,her2,1,361
R+P,luminal,0,361
R+D,basal,5,361
R+D,her2,5,361
R+D,luminal,2,361
R+P+D,basal,5,361
R+P+D,her2,5,361
R+P+D,luminal,0,361
MOFA+,basal,4,361
MOFA+,her2,0,361
MOFA+,luminal,3,361
R,basal,1,362
R,her2,0,362
R,luminal,0,362
R+P,basal,0,362
R+P,her2,0,362
R+P,luminal,0,362
R+D,basal,0,362
R+D,her2,0,362
R+D,luminal,1,362
R+P+D,basal,1,362
R+P+D,her2,0,362
R+P+D,luminal,1,362
MOFA+,basal,2,362
MOFA+,her2,1,362
MOFA+,luminal,0,362
R,basal,2,363
R,her2,3,363
R,luminal,9,363
R+P,basal,2,363
R+P,her2,5,363
R+P,luminal,9,363
R+D,basal,1,363
R+D,her2,4,363
R+D,luminal,1,363
R+P+D,basal,2,363
R+P+D,her2,4,363
R+P+D,luminal,4,363
MOFA+,basal,0,363
MOFA+,her2,7,363
MOFA+,luminal,26,363
R,basal,1,364
R,her2,0,364
R,luminal,5,364
R+P,basal,0,364
R+P,her2,1,364
R+P,luminal,6,364
R+D,basal,0,364
R+D,her2,1,364
R+D,luminal,0,364
R+P+D,basal,0,364
R+P+D,her2,1,364
R+P+D,luminal,1,364
MOFA+,basal,0,364
MOFA+,her2,1,364
MOFA+,luminal,0,364
R,basal,0,365
R,her2,2,365
R,luminal,0,365
R+P,basal,0,365
R+P,her2,2,365
R+P,luminal,0,365
R+D,basal,0,365
R+D,her2,7,365
R+D,luminal,0,365
R+P+D,basal,0,365
R+P+D,her2,9,365
R+P+D,luminal,0,365
MOFA+,basal,0,365
MOFA+,her2,0,365
MOFA+,luminal,0,365
R,basal,0,366
R,her2,1,366
R,luminal,0,366
R+P,basal,0,366
R+P,her2,0,366
R+P,luminal,0,366
R+D,basal,2,366
R+D,her2,0,366
R+D,luminal,0,366
R+P+D,basal,0,366
R+P+D,her2,0,366
R+P+D,luminal,0,366
MOFA+,basal,0,366
MOFA+,her2,0,366
MOFA+,luminal,1,366
R,basal,0,367
R,her2,0,367
R,luminal,0,367
R+P,basal,0,367
R+P,her2,0,367
R+P,luminal,0,367
R+D,basal,0,367
R+D,her2,4,367
R+D,luminal,0,367
R+P+D,basal,1,367
R+P+D,her2,4,367
R+P+D,luminal,0,367
MOFA+,basal,0,367
MOFA+,her2,0,367
MOFA+,luminal,1,367
R,basal,0,368
R,her2,1,368
R,luminal,0,368
R+P,basal,0,368
R+P,her2,1,368
R+P,luminal,0,368
R+D,basal,0,368
R+D,her2,2,368
R+D,luminal,0,368
R+P+D,basal,0,368
R+P+D,her2,2,368
R+P+D,luminal,0,368
MOFA+,basal,0,368
MOFA+,her2,0,368
MOFA+,luminal,0,368
R,basal,0,369
R,her2,1,369
R,luminal,0,369
R+P,basal,0,369
R+P,her2,1,369
R+P,luminal,2,369
R+D,basal,0,369
R+D,her2,1,369
R+D,luminal,1,369
R+P+D,basal,2,369
R+P+D,her2,2,369
R+P+D,luminal,1,369
MOFA+,basal,1,369
MOFA+,her2,0,369
MOFA+,luminal,1,369
R,basal,2,370
R,her2,0,370
R,luminal,0,370
R+P,basal,2,370
R+P,her2,0,370
R+P,luminal,0,370
R+D,basal,2,370
R+D,her2,0,370
R+D,luminal,3,370
R+P+D,basal,4,370
R+P+D,her2,1,370
R+P+D,luminal,2,370
MOFA+,basal,17,370
MOFA+,her2,0,370
MOFA+,luminal,3,370
R,basal,1,371
R,her2,0,371
R,luminal,0,371
R+P,basal,0,371
R+P,her2,0,371
R+P,luminal,0,371
R+D,basal,0,371
R+D,her2,2,371
R+D,luminal,0,371
R+P+D,basal,0,371
R+P+D,her2,4,371
R+P+D,luminal,0,371
MOFA+,basal,0,371
MOFA+,her2,0,371
MOFA+,luminal,0,371
R,basal,0,372
R,her2,1,372
R,luminal,4,372
R+P,basal,0,372
R+P,her2,3,372
R+P,luminal,9,372
R+D,basal,0,372
R+D,her2,0,372
R+D,luminal,1,372
R+P+D,basal,1,372
R+P+D,her2,0,372
R+P+D,luminal,0,372
MOFA+,basal,1,372
MOFA+,her2,2,372
MOFA+,luminal,0,372
R,basal,2,373
R,her2,2,373
R,luminal,0,373
R+P,basal,0,373
R+P,her2,6,373
R+P,luminal,1,373
R+D,basal,4,373
R+D,her2,1,373
R+D,luminal,0,373
R+P+D,basal,1,373
R+P+D,her2,4,373
R+P+D,luminal,0,373
MOFA+,basal,1,373
MOFA+,her2,2,373
MOFA+,luminal,3,373
R,basal,1,374
R,her2,1,374
R,luminal,3,374
R+P,basal,0,374
R+P,her2,3,374
R+P,luminal,2,374
R+D,basal,0,374
R+D,her2,1,374
R+D,luminal,1,374
R+P+D,basal,2,374
R+P+D,her2,2,374
R+P+D,luminal,1,374
MOFA+,basal,0,374
MOFA+,her2,2,374
MOFA+,luminal,0,374
R,basal,4,375
R,her2,2,375
R,luminal,0,375
R+P,basal,4,375
R+P,her2,1,375
R+P,luminal,0,375
R+D,basal,5,375
R+D,her2,2,375
R+D,luminal,0,375
R+P+D,basal,2,375
R+P+D,her2,3,375
R+P+D,luminal,1,375
MOFA+,basal,0,375
MOFA+,her2,0,375
MOFA+,luminal,0,375
R,basal,0,376
R,her2,0,376
R,luminal,0,376
R+P,basal,0,376
R+P,her2,0,376
R+P,luminal,0,376
R+D,basal,0,376
R+D,her2,1,376
R+D,luminal,0,376
R+P+D,basal,0,376
R+P+D,her2,1,376
R+P+D,luminal,0,376
MOFA+,basal,1,376
MOFA+,her2,1,376
MOFA+,luminal,0,376
R,basal,1,377
R,her2,0,377
R,luminal,0,377
R+P,basal,0,377
R+P,her2,0,377
R+P,luminal,0,377
R+D,basal,1,377
R+D,her2,0,377
R+D,luminal,0,377
R+P+D,basal,5,377
R+P+D,her2,1,377
R+P+D,luminal,0,377
MOFA+,basal,1,377
MOFA+,her2,1,377
MOFA+,luminal,0,377
R,basal,3,378
R,her2,3,378
R,luminal,7,378
R+P,basal,2,378
R+P,her2,4,378
R+P,luminal,11,378
R+D,basal,1,378
R+D,her2,1,378
R+D,luminal,13,378
R+P+D,basal,5,378
R+P+D,her2,2,378
R+P+D,luminal,12,378
MOFA+,basal,2,378
MOFA+,her2,7,378
MOFA+,luminal,26,378
R,basal,0,379
R,her2,1,379
R,luminal,0,379
R+P,basal,0,379
R+P,her2,0,379
R+P,luminal,0,379
R+D,basal,0,379
R+D,her2,2,379
R+D,luminal,0,379
R+P+D,basal,0,379
R+P+D,her2,2,379
R+P+D,luminal,0,379
MOFA+,basal,0,379
MOFA+,her2,1,379
MOFA+,luminal,0,379
R,basal,1,380
R,her2,1,380
R,luminal,0,380
R+P,basal,0,380
R+P,her2,0,380
R+P,luminal,0,380
R+D,basal,1,380
R+D,her2,0,380
R+D,luminal,0,380
R+P+D,basal,0,380
R+P+D,her2,0,380
R+P+D,luminal,1,380
MOFA+,basal,0,380
MOFA+,her2,3,380
MOFA+,luminal,3,380
R,basal,1,381
R,her2,3,381
R,luminal,1,381
R+P,basal,1,381
R+P,her2,3,381
R+P,luminal,1,381
R+D,basal,0,381
R+D,her2,2,381
R+D,luminal,0,381
R+P+D,basal,0,381
R+P+D,her2,2,381
R+P+D,luminal,0,381
MOFA+,basal,1,381
MOFA+,her2,0,381
MOFA+,luminal,0,381
R,basal,1,382
R,her2,0,382
R,luminal,1,382
R+P,basal,1,382
R+P,her2,1,382
R+P,luminal,2,382
R+D,basal,0,382
R+D,her2,5,382
R+D,luminal,1,382
R+P+D,basal,0,382
R+P+D,her2,2,382
R+P+D,luminal,2,382
MOFA+,basal,0,382
MOFA+,her2,3,382
MOFA+,luminal,0,382
R,basal,2,383
R,her2,2,383
R,luminal,0,383
R+P,basal,0,383
R+P,her2,0,383
R+P,luminal,0,383
R+D,basal,1,383
R+D,her2,0,383
R+D,luminal,0,383
R+P+D,basal,0,383
R+P+D,her2,1,383
R+P+D,luminal,0,383
MOFA+,basal,0,383
MOFA+,her2,0,383
MOFA+,luminal,1,383
R,basal,0,384
R,her2,3,384
R,luminal,0,384
R+P,basal,1,384
R+P,her2,2,384
R+P,luminal,1,384
R+D,basal,5,384
R+D,her2,2,384
R+D,luminal,6,384
R+P+D,basal,5,384
R+P+D,her2,3,384
R+P+D,luminal,4,384
MOFA+,basal,0,384
MOFA+,her2,0,384
MOFA+,luminal,1,384
R,basal,0,385
R,her2,2,385
R,luminal,0,385
R+P,basal,0,385
R+P,her2,2,385
R+P,luminal,0,385
R+D,basal,0,385
R+D,her2,1,385
R+D,luminal,0,385
R+P+D,basal,0,385
R+P+D,her2,3,385
R+P+D,luminal,0,385
MOFA+,basal,0,385
MOFA+,her2,2,385
MOFA+,luminal,0,385
R,basal,0,386
R,her2,0,386
R,luminal,3,386
R+P,basal,1,386
R+P,her2,1,386
R+P,luminal,4,386
R+D,basal,0,386
R+D,her2,0,386
R+D,luminal,4,386
R+P+D,basal,0,386
R+P+D,her2,0,386
R+P+D,luminal,6,386
MOFA+,basal,4,386
MOFA+,her2,0,386
MOFA+,luminal,3,386
R,basal,1,387
R,her2,1,387
R,luminal,1,387
R+P,basal,1,387
R+P,her2,1,387
R+P,luminal,0,387
R+D,basal,1,387
R+D,her2,1,387
R+D,luminal,0,387
R+P+D,basal,0,387
R+P+D,her2,2,387
R+P+D,luminal,0,387
MOFA+,basal,0,387
MOFA+,her2,0,387
MOFA+,luminal,0,387
R,basal,2,388
R,her2,0,388
R,luminal,3,388
R+P,basal,1,388
R+P,her2,0,388
R+P,luminal,6,388
R+D,basal,4,388
R+D,her2,2,388
R+D,luminal,5,388
R+P+D,basal,2,388
R+P+D,her2,1,388
R+P+D,luminal,8,388
MOFA+,basal,0,388
MOFA+,her2,1,388
MOFA+,luminal,1,388
R,basal,0,389
R,her2,0,389
R,luminal,0,389
R+P,basal,0,389
R+P,her2,0,389
R+P,luminal,0,389
R+D,basal,0,389
R+D,her2,0,389
R+D,luminal,0,389
R+P+D,basal,0,389
R+P+D,her2,1,389
R+P+D,luminal,1,389
MOFA+,basal,2,389
MOFA+,her2,0,389
MOFA+,luminal,0,389
R,basal,0,390
R,her2,2,390
R,luminal,0,390
R+P,basal,0,390
R+P,her2,0,390
R+P,luminal,0,390
R+D,basal,0,390
R+D,her2,0,390
R+D,luminal,0,390
R+P+D,basal,0,390
R+P+D,her2,1,390
R+P+D,luminal,0,390
MOFA+,basal,0,390
MOFA+,her2,1,390
MOFA+,luminal,0,390
R,basal,1,391
R,her2,0,391
R,luminal,0,391
R+P,basal,2,391
R+P,her2,2,391
R+P,luminal,8,391
R+D,basal,6,391
R+D,her2,2,391
R+D,luminal,3,391
R+P+D,basal,2,391
R+P+D,her2,2,391
R+P+D,luminal,1,391
MOFA+,basal,4,391
MOFA+,her2,0,391
MOFA+,luminal,0,391
R,basal,0,392
R,her2,2,392
R,luminal,0,392
R+P,basal,0,392
R+P,her2,0,392
R+P,luminal,0,392
R+D,basal,0,392
R+D,her2,0,392
R+D,luminal,0,392
R+P+D,basal,2,392
R+P+D,her2,1,392
R+P+D,luminal,0,392
MOFA+,basal,0,392
MOFA+,her2,0,392
MOFA+,luminal,0,392
R,basal,1,393
R,her2,2,393
R,luminal,0,393
R+P,basal,0,393
R+P,her2,3,393
R+P,luminal,0,393
R+D,basal,1,393
R+D,her2,4,393
R+D,luminal,0,393
R+P+D,basal,2,393
R+P+D,her2,6,393
R+P+D,luminal,1,393
MOFA+,basal,2,393
MOFA+,her2,0,393
MOFA+,luminal,1,393
R,basal,1,394
R,her2,3,394
R,luminal,1,394
R+P,basal,1,394
R+P,her2,2,394
R+P,luminal,0,394
R+D,basal,2,394
R+D,her2,0,394
R+D,luminal,3,394
R+P+D,basal,1,394
R+P+D,her2,1,394
R+P+D,luminal,0,394
MOFA+,basal,4,394
MOFA+,her2,7,394
MOFA+,luminal,1,394
R,basal,1,395
R,her2,1,395
R,luminal,15,395
R+P,basal,1,395
R+P,her2,0,395
R+P,luminal,15,395
R+D,basal,0,395
R+D,her2,1,395
R+D,luminal,4,395
R+P+D,basal,0,395
R+P+D,her2,0,395
R+P+D,luminal,6,395
MOFA+,basal,4,395
MOFA+,her2,0,395
MOFA+,luminal,26,395
R,basal,1,396
R,her2,0,396
R,luminal,0,396
R+P,basal,0,396
R+P,her2,1,396
R+P,luminal,0,396
R+D,basal,2,396
R+D,her2,0,396
R+D,luminal,2,396
R+P+D,basal,0,396
R+P+D,her2,1,396
R+P+D,luminal,1,396
MOFA+,basal,2,396
MOFA+,her2,0,396
MOFA+,luminal,0,396
R,basal,3,397
R,her2,3,397
R,luminal,0,397
R+P,basal,5,397
R+P,her2,1,397
R+P,luminal,1,397
R+D,basal,6,397
R+D,her2,1,397
R+D,luminal,1,397
R+P+D,basal,1,397
R+P+D,her2,4,397
R+P+D,luminal,1,397
MOFA+,basal,1,397
MOFA+,her2,1,397
MOFA+,luminal,3,397
R,basal,0,398
R,her2,2,398
R,luminal,0,398
R+P,basal,0,398
R+P,her2,2,398
R+P,luminal,0,398
R+D,basal,0,398
R+D,her2,0,398
R+D,luminal,0,398
R+P+D,basal,0,398
R+P+D,her2,3,398
R+P+D,luminal,0,398
MOFA+,basal,2,398
MOFA+,her2,2,398
MOFA+,luminal,0,398
R,basal,0,399
R,her2,0,399
R,luminal,0,399
R+P,basal,0,399
R+P,her2,1,399
R+P,luminal,0,399
R+D,basal,1,399
R+D,her2,1,399
R+D,luminal,0,399
R+P+D,basal,0,399
R+P+D,her2,2,399
R+P+D,luminal,0,399
MOFA+,basal,4,399
MOFA+,her2,3,399
MOFA+,luminal,3,399
R,basal,1,400
R,her2,2,400
R,luminal,0,400
R+P,basal,4,400
R+P,her2,0,400
R+P,luminal,0,400
R+D,basal,4,400
R+D,her2,0,400
R+D,luminal,2,400
R+P+D,basal,2,400
R+P+D,her2,0,400
R+P+D,luminal,2,400
MOFA+,basal,4,400
MOFA+,her2,2,400
MOFA+,luminal,3,400
R,basal,0,401
R,her2,2,401
R,luminal,2,401
R+P,basal,0,401
R+P,her2,0,401
R+P,luminal,5,401
R+D,basal,0,401
R+D,her2,1,401
R+D,luminal,5,401
R+P+D,basal,1,401
R+P+D,her2,1,401
R+P+D,luminal,3,401
MOFA+,basal,3,401
MOFA+,her2,0,401
MOFA+,luminal,0,401
R,basal,2,402
R,her2,1,402
R,luminal,1,402
R+P,basal,0,402
R+P,her2,1,402
R+P,luminal,1,402
R+D,basal,2,402
R+D,her2,0,402
R+D,luminal,1,402
R+P+D,basal,1,402
R+P+D,her2,1,402
R+P+D,luminal,1,402
MOFA+,basal,1,402
MOFA+,her2,1,402
MOFA+,luminal,0,402
R,basal,0,403
R,her2,0,403
R,luminal,2,403
R+P,basal,0,403
R+P,her2,1,403
R+P,luminal,0,403
R+D,basal,0,403
R+D,her2,9,403
R+D,luminal,1,403
R+P+D,basal,0,403
R+P+D,her2,7,403
R+P+D,luminal,0,403
MOFA+,basal,2,403
MOFA+,her2,0,403
MOFA+,luminal,0,403
R,basal,4,404
R,her2,6,404
R,luminal,2,404
R+P,basal,4,404
R+P,her2,6,404
R+P,luminal,4,404
R+D,basal,2,404
R+D,her2,0,404
R+D,luminal,0,404
R+P+D,basal,3,404
R+P+D,her2,2,404
R+P+D,luminal,4,404
MOFA+,basal,2,404
MOFA+,her2,7,404
MOFA+,luminal,1,404
R,basal,1,405
R,her2,0,405
R,luminal,0,405
R+P,basal,1,405
R+P,her2,2,405
R+P,luminal,0,405
R+D,basal,1,405
R+D,her2,1,405
R+D,luminal,2,405
R+P+D,basal,2,405
R+P+D,her2,1,405
R+P+D,luminal,1,405
MOFA+,basal,0,405
MOFA+,her2,1,405
MOFA+,luminal,0,405
R,basal,0,406
R,her2,0,406
R,luminal,1,406
R+P,basal,0,406
R+P,her2,0,406
R+P,luminal,0,406
R+D,basal,0,406
R+D,her2,0,406
R+D,luminal,1,406
R+P+D,basal,0,406
R+P+D,her2,0,406
R+P+D,luminal,1,406
MOFA+,basal,1,406
MOFA+,her2,0,406
MOFA+,luminal,0,406
R,basal,0,407
R,her2,6,407
R,luminal,0,407
R+P,basal,0,407
R+P,her2,9,407
R+P,luminal,0,407
R+D,basal,0,407
R+D,her2,3,407
R+D,luminal,0,407
R+P+D,basal,0,407
R+P+D,her2,5,407
R+P+D,luminal,0,407
MOFA+,basal,1,407
MOFA+,her2,0,407
MOFA+,luminal,4,407
R,basal,5,408
R,her2,1,408
R,luminal,0,408
R+P,basal,2,408
R+P,her2,0,408
R+P,luminal,0,408
R+D,basal,2,408
R+D,her2,1,408
R+D,luminal,0,408
R+P+D,basal,7,408
R+P+D,her2,0,408
R+P+D,luminal,1,408
MOFA+,basal,1,408
MOFA+,her2,0,408
MOFA+,luminal,0,408
R,basal,3,409
R,her2,1,409
R,luminal,0,409
R+P,basal,0,409
R+P,her2,1,409
R+P,luminal,0,409
R+D,basal,1,409
R+D,her2,2,409
R+D,luminal,0,409
R+P+D,basal,2,409
R+P+D,her2,4,409
R+P+D,luminal,0,409
MOFA+,basal,0,409
MOFA+,her2,0,409
MOFA+,luminal,0,409
R,basal,2,410
R,her2,1,410
R,luminal,3,410
R+P,basal,2,410
R+P,her2,2,410
R+P,luminal,6,410
R+D,basal,2,410
R+D,her2,1,410
R+D,luminal,0,410
R+P+D,basal,3,410
R+P+D,her2,0,410
R+P+D,luminal,0,410
MOFA+,basal,0,410
MOFA+,her2,7,410
MOFA+,luminal,0,410
R,basal,0,411
R,her2,2,411
R,luminal,0,411
R+P,basal,0,411
R+P,her2,3,411
R+P,luminal,0,411
R+D,basal,0,411
R+D,her2,0,411
R+D,luminal,1,411
R+P+D,basal,0,411
R+P+D,her2,1,411
R+P+D,luminal,2,411
MOFA+,basal,0,411
MOFA+,her2,0,411
MOFA+,luminal,0,411
R,basal,3,412
R,her2,1,412
R,luminal,2,412
R+P,basal,2,412
R+P,her2,3,412
R+P,luminal,4,412
R+D,basal,1,412
R+D,her2,0,412
R+D,luminal,2,412
R+P+D,basal,5,412
R+P+D,her2,0,412
R+P+D,luminal,4,412
MOFA+,basal,4,412
MOFA+,her2,0,412
MOFA+,luminal,1,412
R,basal,0,413
R,her2,1,413
R,luminal,0,413
R+P,basal,0,413
R+P,her2,1,413
R+P,luminal,0,413
R+D,basal,0,413
R+D,her2,4,413
R+D,luminal,0,413
R+P+D,basal,0,413
R+P+D,her2,2,413
R+P+D,luminal,0,413
MOFA+,basal,0,413
MOFA+,her2,3,413
MOFA+,luminal,4,413
R,basal,2,414
R,her2,2,414
R,luminal,3,414
R+P,basal,2,414
R+P,her2,0,414
R+P,luminal,4,414
R+D,basal,5,414
R+D,her2,0,414
R+D,luminal,3,414
R+P+D,basal,4,414
R+P+D,her2,0,414
R+P+D,luminal,3,414
MOFA+,basal,1,414
MOFA+,her2,0,414
MOFA+,luminal,1,414
R,basal,1,415
R,her2,1,415
R,luminal,0,415
R+P,basal,1,415
R+P,her2,1,415
R+P,luminal,0,415
R+D,basal,0,415
R+D,her2,1,415
R+D,luminal,0,415
R+P+D,basal,1,415
R+P+D,her2,2,415
R+P+D,luminal,0,415
MOFA+,basal,0,415
MOFA+,her2,2,415
MOFA+,luminal,1,415
R,basal,1,416
R,her2,0,416
R,luminal,0,416
R+P,basal,2,416
R+P,her2,1,416
R+P,luminal,0,416
R+D,basal,1,416
R+D,her2,2,416
R+D,luminal,2,416
R+P+D,basal,4,416
R+P+D,her2,2,416
R+P+D,luminal,0,416
MOFA+,basal,1,416
MOFA+,her2,2,416
MOFA+,luminal,1,416
R,basal,2,417
R,her2,0,417
R,luminal,0,417
R+P,basal,1,417
R+P,her2,0,417
R+P,luminal,0,417
R+D,basal,1,417
R+D,her2,0,417
R+D,luminal,0,417
R+P+D,basal,1,417
R+P+D,her2,0,417
R+P+D,luminal,0,417
MOFA+,basal,1,417
MOFA+,her2,0,417
MOFA+,luminal,0,417
R,basal,2,418
R,her2,0,418
R,luminal,0,418
R+P,basal,0,418
R+P,her2,1,418
R+P,luminal,0,418
R+D,basal,0,418
R+D,her2,0,418
R+D,luminal,0,418
R+P+D,basal,0,418
R+P+D,her2,0,418
R+P+D,luminal,0,418
MOFA+,basal,1,418
MOFA+,her2,0,418
MOFA+,luminal,0,418
R,basal,4,419
R,her2,3,419
R,luminal,0,419
R+P,basal,0,419
R+P,her2,2,419
R+P,luminal,0,419
R+D,basal,0,419
R+D,her2,4,419
R+D,luminal,1,419
R+P+D,basal,0,419
R+P+D,her2,4,419
R+P+D,luminal,0,419
MOFA+,basal,2,419
MOFA+,her2,0,419
MOFA+,luminal,0,419
R,basal,2,420
R,her2,0,420
R,luminal,0,420
R+P,basal,2,420
R+P,her2,0,420
R+P,luminal,3,420
R+D,basal,1,420
R+D,her2,3,420
R+D,luminal,2,420
R+P+D,basal,1,420
R+P+D,her2,3,420
R+P+D,luminal,2,420
MOFA+,basal,0,420
MOFA+,her2,1,420
MOFA+,luminal,4,420
R,basal,0,421
R,her2,2,421
R,luminal,2,421
R+P,basal,0,421
R+P,her2,1,421
R+P,luminal,5,421
R+D,basal,3,421
R+D,her2,2,421
R+D,luminal,6,421
R+P+D,basal,4,421
R+P+D,her2,2,421
R+P+D,luminal,8,421
MOFA+,basal,1,421
MOFA+,her2,0,421
MOFA+,luminal,1,421
R,basal,0,422
R,her2,1,422
R,luminal,2,422
R+P,basal,0,422
R+P,her2,0,422
R+P,luminal,3,422
R+D,basal,2,422
R+D,her2,0,422
R+D,luminal,1,422
R+P+D,basal,3,422
R+P+D,her2,2,422
R+P+D,luminal,2,422
MOFA+,basal,0,422
MOFA+,her2,0,422
MOFA+,luminal,1,422
R,basal,0,423
R,her2,0,423
R,luminal,0,423
R+P,basal,0,423
R+P,her2,1,423
R+P,luminal,0,423
R+D,basal,2,423
R+D,her2,1,423
R+D,luminal,1,423
R+P+D,basal,1,423
R+P+D,her2,1,423
R+P+D,luminal,0,423
MOFA+,basal,0,423
MOFA+,her2,0,423
MOFA+,luminal,1,423
R,basal,0,424
R,her2,1,424
R,luminal,2,424
R+P,basal,1,424
R+P,her2,1,424
R+P,luminal,2,424
R+D,basal,0,424
R+D,her2,1,424
R+D,luminal,0,424
R+P+D,basal,0,424
R+P+D,her2,3,424
R+P+D,luminal,1,424
MOFA+,basal,2,424
MOFA+,her2,1,424
MOFA+,luminal,0,424
R,basal,1,425
R,her2,0,425
R,luminal,4,425
R+P,basal,0,425
R+P,her2,1,425
R+P,luminal,6,425
R+D,basal,5,425
R+D,her2,1,425
R+D,luminal,1,425
R+P+D,basal,4,425
R+P+D,her2,3,425
R+P+D,luminal,0,425
MOFA+,basal,1,425
MOFA+,her2,1,425
MOFA+,luminal,0,425
R,basal,0,426
R,her2,1,426
R,luminal,1,426
R+P,basal,0,426
R+P,her2,4,426
R+P,luminal,5,426
R+D,basal,1,426
R+D,her2,0,426
R+D,luminal,4,426
R+P+D,basal,0,426
R+P+D,her2,1,426
R+P+D,luminal,3,426
MOFA+,basal,0,426
MOFA+,her2,0,426
MOFA+,luminal,4,426
R,basal,0,427
R,her2,0,427
R,luminal,1,427
R+P,basal,0,427
R+P,her2,0,427
R+P,luminal,0,427
R+D,basal,0,427
R+D,her2,0,427
R+D,luminal,0,427
R+P+D,basal,2,427
R+P+D,her2,1,427
R+P+D,luminal,0,427
MOFA+,basal,0,427
MOFA+,her2,0,427
MOFA+,luminal,3,427
R,basal,2,428
R,her2,0,428
R,luminal,0,428
R+P,basal,1,428
R+P,her2,1,428
R+P,luminal,2,428
R+D,basal,2,428
R+D,her2,0,428
R+D,luminal,1,428
R+P+D,basal,3,428
R+P+D,her2,0,428
R+P+D,luminal,0,428
MOFA+,basal,2,428
MOFA+,her2,0,428
MOFA+,luminal,0,428
R,basal,0,429
R,her2,1,429
R,luminal,0,429
R+P,basal,0,429
R+P,her2,1,429
R+P,luminal,0,429
R+D,basal,0,429
R+D,her2,0,429
R+D,luminal,0,429
R+P+D,basal,0,429
R+P+D,her2,0,429
R+P+D,luminal,0,429
MOFA+,basal,1,429
MOFA+,her2,0,429
MOFA+,luminal,0,429
R,basal,0,430
R,her2,0,430
R,luminal,0,430
R+P,basal,0,430
R+P,her2,0,430
R+P,luminal,0,430
R+D,basal,0,430
R+D,her2,0,430
R+D,luminal,0,430
R+P+D,basal,0,430
R+P+D,her2,0,430
R+P+D,luminal,0,430
MOFA+,basal,1,430
MOFA+,her2,0,430
MOFA+,luminal,0,430
R,basal,3,431
R,her2,0,431
R,luminal,8,431
R+P,basal,5,431
R+P,her2,0,431
R+P,luminal,7,431
R+D,basal,3,431
R+D,her2,0,431
R+D,luminal,5,431
R+P+D,basal,4,431
R+P+D,her2,0,431
R+P+D,luminal,3,431
MOFA+,basal,17,431
MOFA+,her2,0,431
MOFA+,luminal,0,431
R,basal,0,432
R,her2,0,432
R,luminal,0,432
R+P,basal,0,432
R+P,her2,0,432
R+P,luminal,0,432
R+D,basal,1,432
R+D,her2,0,432
R+D,luminal,0,432
R+P+D,basal,1,432
R+P+D,her2,1,432
R+P+D,luminal,0,432
MOFA+,basal,2,432
MOFA+,her2,1,432
MOFA+,luminal,3,432
R,basal,0,433
R,her2,6,433
R,luminal,0,433
R+P,basal,0,433
R+P,her2,4,433
R+P,luminal,1,433
R+D,basal,0,433
R+D,her2,3,433
R+D,luminal,0,433
R+P+D,basal,0,433
R+P+D,her2,3,433
R+P+D,luminal,0,433
MOFA+,basal,2,433
MOFA+,her2,3,433
MOFA+,luminal,0,433
R,basal,3,434
R,her2,2,434
R,luminal,5,434
R+P,basal,0,434
R+P,her2,1,434
R+P,luminal,6,434
R+D,basal,2,434
R+D,her2,1,434
R+D,luminal,2,434
R+P+D,basal,1,434
R+P+D,her2,0,434
R+P+D,luminal,1,434
MOFA+,basal,1,434
MOFA+,her2,1,434
MOFA+,luminal,4,434
R,basal,1,435
R,her2,0,435
R,luminal,0,435
R+P,basal,0,435
R+P,her2,0,435
R+P,luminal,1,435
R+D,basal,0,435
R+D,her2,1,435
R+D,luminal,1,435
R+P+D,basal,2,435
R+P+D,her2,3,435
R+P+D,luminal,3,435
MOFA+,basal,0,435
MOFA+,her2,0,435
MOFA+,luminal,3,435
R,basal,0,436
R,her2,0,436
R,luminal,1,436
R+P,basal,0,436
R+P,her2,1,436
R+P,luminal,0,436
R+D,basal,4,436
R+D,her2,2,436
R+D,luminal,0,436
R+P+D,basal,3,436
R+P+D,her2,4,436
R+P+D,luminal,1,436
MOFA+,basal,0,436
MOFA+,her2,1,436
MOFA+,luminal,0,436
R,basal,1,437
R,her2,4,437
R,luminal,0,437
R+P,basal,1,437
R+P,her2,5,437
R+P,luminal,0,437
R+D,basal,0,437
R+D,her2,2,437
R+D,luminal,1,437
R+P+D,basal,0,437
R+P+D,her2,4,437
R+P+D,luminal,0,437
MOFA+,basal,1,437
MOFA+,her2,7,437
MOFA+,luminal,4,437
R,basal,3,438
R,her2,1,438
R,luminal,2,438
R+P,basal,0,438
R+P,her2,1,438
R+P,luminal,5,438
R+D,basal,2,438
R+D,her2,0,438
R+D,luminal,4,438
R+P+D,basal,2,438
R+P+D,her2,0,438
R+P+D,luminal,2,438
MOFA+,basal,2,438
MOFA+,her2,3,438
MOFA+,luminal,1,438
R,basal,1,439
R,her2,2,439
R,luminal,0,439
R+P,basal,0,439
R+P,her2,1,439
R+P,luminal,0,439
R+D,basal,0,439
R+D,her2,0,439
R+D,luminal,1,439
R+P+D,basal,2,439
R+P+D,her2,0,439
R+P+D,luminal,2,439
MOFA+,basal,2,439
MOFA+,her2,0,439
MOFA+,luminal,0,439
R,basal,0,440
R,her2,3,440
R,luminal,0,440
R+P,basal,0,440
R+P,her2,2,440
R+P,luminal,0,440
R+D,basal,0,440
R+D,her2,1,440
R+D,luminal,0,440
R+P+D,basal,0,440
R+P+D,her2,2,440
R+P+D,luminal,0,440
MOFA+,basal,0,440
MOFA+,her2,3,440
MOFA+,luminal,0,440
R,basal,1,441
R,her2,4,441
R,luminal,0,441
R+P,basal,0,441
R+P,her2,5,441
R+P,luminal,0,441
R+D,basal,0,441
R+D,her2,4,441
R+D,luminal,0,441
R+P+D,basal,0,441
R+P+D,her2,4,441
R+P+D,luminal,0,441
MOFA+,basal,1,441
MOFA+,her2,3,441
MOFA+,luminal,3,441
R,basal,1,442
R,her2,4,442
R,luminal,0,442
R+P,basal,0,442
R+P,her2,3,442
R+P,luminal,0,442
R+D,basal,0,442
R+D,her2,5,442
R+D,luminal,0,442
R+P+D,basal,0,442
R+P+D,her2,4,442
R+P+D,luminal,0,442
MOFA+,basal,0,442
MOFA+,her2,0,442
MOFA+,luminal,1,442
R,basal,2,443
R,her2,1,443
R,luminal,1,443
R+P,basal,4,443
R+P,her2,1,443
R+P,luminal,3,443
R+D,basal,4,443
R+D,her2,1,443
R+D,luminal,1,443
R+P+D,basal,5,443
R+P+D,her2,2,443
R+P+D,luminal,2,443
MOFA+,basal,2,443
MOFA+,her2,0,443
MOFA+,luminal,1,443
R,basal,4,444
R,her2,3,444
R,luminal,0,444
R+P,basal,0,444
R+P,her2,3,444
R+P,luminal,0,444
R+D,basal,8,444
R+D,her2,4,444
R+D,luminal,0,444
R+P+D,basal,3,444
R+P+D,her2,3,444
R+P+D,luminal,0,444
MOFA+,basal,0,444
MOFA+,her2,0,444
MOFA+,luminal,0,444
R,basal,0,445
R,her2,0,445
R,luminal,0,445
R+P,basal,0,445
R+P,her2,0,445
R+P,luminal,1,445
R+D,basal,0,445
R+D,her2,0,445
R+D,luminal,0,445
R+P+D,basal,0,445
R+P+D,her2,0,445
R+P+D,luminal,1,445
MOFA+,basal,4,445
MOFA+,her2,0,445
MOFA+,luminal,3,445
R,basal,2,446
R,her2,2,446
R,luminal,3,446
R+P,basal,1,446
R+P,her2,3,446
R+P,luminal,2,446
R+D,basal,2,446
R+D,her2,1,446
R+D,luminal,6,446
R+P+D,basal,0,446
R+P+D,her2,2,446
R+P+D,luminal,4,446
MOFA+,basal,0,446
MOFA+,her2,0,446
MOFA+,luminal,1,446
R,basal,1,447
R,her2,0,447
R,luminal,1,447
R+P,basal,1,447
R+P,her2,0,447
R+P,luminal,1,447
R+D,basal,2,447
R+D,her2,1,447
R+D,luminal,0,447
R+P+D,basal,1,447
R+P+D,her2,0,447
R+P+D,luminal,0,447
MOFA+,basal,2,447
MOFA+,her2,0,447
MOFA+,luminal,0,447
R,basal,0,448
R,her2,1,448
R,luminal,0,448
R+P,basal,0,448
R+P,her2,1,448
R+P,luminal,0,448
R+D,basal,1,448
R+D,her2,1,448
R+D,luminal,0,448
R+P+D,basal,0,448
R+P+D,her2,3,448
R+P+D,luminal,0,448
MOFA+,basal,1,448
MOFA+,her2,1,448
MOFA+,luminal,0,448
R,basal,2,449
R,her2,0,449
R,luminal,2,449
R+P,basal,1,449
R+P,her2,1,449
R+P,luminal,5,449
R+D,basal,3,449
R+D,her2,0,449
R+D,luminal,2,449
R+P+D,basal,2,449
R+P+D,her2,0,449
R+P+D,luminal,6,449
MOFA+,basal,1,449
MOFA+,her2,2,449
MOFA+,luminal,26,449
R,basal,0,450
R,her2,0,450
R,luminal,2,450
R+P,basal,2,450
R+P,her2,3,450
R+P,luminal,2,450
R+D,basal,2,450
R+D,her2,1,450
R+D,luminal,0,450
R+P+D,basal,3,450
R+P+D,her2,2,450
R+P+D,luminal,2,450
MOFA+,basal,0,450
MOFA+,her2,2,450
MOFA+,luminal,1,450
R,basal,0,451
R,her2,3,451
R,luminal,0,451
R+P,basal,0,451
R+P,her2,2,451
R+P,luminal,0,451
R+D,basal,0,451
R+D,her2,3,451
R+D,luminal,5,451
R+P+D,basal,0,451
R+P+D,her2,3,451
R+P+D,luminal,3,451
MOFA+,basal,0,451
MOFA+,her2,0,451
MOFA+,luminal,0,451
R,basal,2,452
R,her2,1,452
R,luminal,1,452
R+P,basal,0,452
R+P,her2,2,452
R+P,luminal,1,452
R+D,basal,1,452
R+D,her2,3,452
R+D,luminal,5,452
R+P+D,basal,0,452
R+P+D,her2,3,452
R+P+D,luminal,4,452
MOFA+,basal,0,452
MOFA+,her2,0,452
MOFA+,luminal,1,452
R,basal,2,453
R,her2,1,453
R,luminal,1,453
R+P,basal,0,453
R+P,her2,0,453
R+P,luminal,0,453
R+D,basal,0,453
R+D,her2,0,453
R+D,luminal,3,453
R+P+D,basal,1,453
R+P+D,her2,0,453
R+P+D,luminal,0,453
MOFA+,basal,0,453
MOFA+,her2,0,453
MOFA+,luminal,0,453
R,basal,0,454
R,her2,1,454
R,luminal,0,454
R+P,basal,0,454
R+P,her2,1,454
R+P,luminal,1,454
R+D,basal,1,454
R+D,her2,1,454
R+D,luminal,1,454
R+P+D,basal,0,454
R+P+D,her2,1,454
R+P+D,luminal,2,454
MOFA+,basal,4,454
MOFA+,her2,0,454
MOFA+,luminal,3,454
R,basal,1,455
R,her2,0,455
R,luminal,0,455
R+P,basal,0,455
R+P,her2,0,455
R+P,luminal,0,455
R+D,basal,2,455
R+D,her2,1,455
R+D,luminal,0,455
R+P+D,basal,0,455
R+P+D,her2,0,455
R+P+D,luminal,0,455
MOFA+,basal,0,455
MOFA+,her2,0,455
MOFA+,luminal,1,455
R,basal,1,456
R,her2,2,456
R,luminal,0,456
R+P,basal,0,456
R+P,her2,0,456
R+P,luminal,0,456
R+D,basal,0,456
R+D,her2,9,456
R+D,luminal,0,456
R+P+D,basal,0,456
R+P+D,her2,6,456
R+P+D,luminal,0,456
MOFA+,basal,2,456
MOFA+,her2,1,456
MOFA+,luminal,0,456
R,basal,0,457
R,her2,0,457
R,luminal,0,457
R+P,basal,0,457
R+P,her2,2,457
R+P,luminal,0,457
R+D,basal,0,457
R+D,her2,0,457
R+D,luminal,0,457
R+P+D,basal,0,457
R+P+D,her2,1,457
R+P+D,luminal,0,457
MOFA+,basal,0,457
MOFA+,her2,0,457
MOFA+,luminal,1,457
R,basal,1,458
R,her2,0,458
R,luminal,1,458
R+P,basal,0,458
R+P,her2,2,458
R+P,luminal,1,458
R+D,basal,1,458
R+D,her2,0,458
R+D,luminal,1,458
R+P+D,basal,0,458
R+P+D,her2,0,458
R+P+D,luminal,1,458
MOFA+,basal,0,458
MOFA+,her2,2,458
MOFA+,luminal,1,458
R,basal,0,459
R,her2,1,459
R,luminal,0,459
R+P,basal,0,459
R+P,her2,1,459
R+P,luminal,0,459
R+D,basal,0,459
R+D,her2,0,459
R+D,luminal,0,459
R+P+D,basal,0,459
R+P+D,her2,0,459
R+P+D,luminal,0,459
MOFA+,basal,0,459
MOFA+,her2,3,459
MOFA+,luminal,0,459
R,basal,3,460
R,her2,1,460
R,luminal,5,460
R+P,basal,3,460
R+P,her2,2,460
R+P,luminal,9,460
R+D,basal,1,460
R+D,her2,2,460
R+D,luminal,2,460
R+P+D,basal,2,460
R+P+D,her2,2,460
R+P+D,luminal,4,460
MOFA+,basal,4,460
MOFA+,her2,0,460
MOFA+,luminal,1,460
R,basal,0,461
R,her2,0,461
R,luminal,1,461
R+P,basal,1,461
R+P,her2,2,461
R+P,luminal,2,461
R+D,basal,1,461
R+D,her2,0,461
R+D,luminal,1,461
R+P+D,basal,0,461
R+P+D,her2,0,461
R+P+D,luminal,0,461
MOFA+,basal,1,461
MOFA+,her2,3,461
MOFA+,luminal,0,461
R,basal,1,462
R,her2,0,462
R,luminal,2,462
R+P,basal,1,462
R+P,her2,1,462
R+P,luminal,2,462
R+D,basal,3,462
R+D,her2,1,462
R+D,luminal,8,462
R+P+D,basal,2,462
R+P+D,her2,1,462
R+P+D,luminal,8,462
MOFA+,basal,17,462
MOFA+,her2,1,462
MOFA+,luminal,3,462
R,basal,0,463
R,her2,2,463
R,luminal,0,463
R+P,basal,0,463
R+P,her2,0,463
R+P,luminal,0,463
R+D,basal,3,463
R+D,her2,0,463
R+D,luminal,0,463
R+P+D,basal,4,463
R+P+D,her2,0,463
R+P+D,luminal,0,463
MOFA+,basal,4,463
MOFA+,her2,0,463
MOFA+,luminal,3,463
R,basal,0,464
R,her2,0,464
R,luminal,0,464
R+P,basal,1,464
R+P,her2,4,464
R+P,luminal,0,464
R+D,basal,2,464
R+D,her2,2,464
R+D,luminal,0,464
R+P+D,basal,1,464
R+P+D,her2,1,464
R+P+D,luminal,0,464
MOFA+,basal,0,464
MOFA+,her2,0,464
MOFA+,luminal,1,464
R,basal,0,465
R,her2,0,465
R,luminal,3,465
R+P,basal,0,465
R+P,her2,0,465
R+P,luminal,2,465
R+D,basal,0,465
R+D,her2,1,465
R+D,luminal,7,465
R+P+D,basal,0,465
R+P+D,her2,1,465
R+P+D,luminal,5,465
MOFA+,basal,3,465
MOFA+,her2,0,465
MOFA+,luminal,3,465
R,basal,0,466
R,her2,2,466
R,luminal,0,466
R+P,basal,0,466
R+P,her2,0,466
R+P,luminal,0,466
R+D,basal,0,466
R+D,her2,4,466
R+D,luminal,0,466
R+P+D,basal,0,466
R+P+D,her2,3,466
R+P+D,luminal,0,466
MOFA+,basal,0,466
MOFA+,her2,0,466
MOFA+,luminal,4,466
R,basal,0,467
R,her2,0,467
R,luminal,0,467
R+P,basal,0,467
R+P,her2,1,467
R+P,luminal,0,467
R+D,basal,1,467
R+D,her2,2,467
R+D,luminal,1,467
R+P+D,basal,0,467
R+P+D,her2,1,467
R+P+D,luminal,2,467
MOFA+,basal,1,467
MOFA+,her2,2,467
MOFA+,luminal,1,467
R,basal,0,468
R,her2,0,468
R,luminal,0,468
R+P,basal,0,468
R+P,her2,0,468
R+P,luminal,1,468
R+D,basal,0,468
R+D,her2,1,468
R+D,luminal,0,468
R+P+D,basal,0,468
R+P+D,her2,1,468
R+P+D,luminal,0,468
MOFA+,basal,4,468
MOFA+,her2,0,468
MOFA+,luminal,0,468
R,basal,0,469
R,her2,3,469
R,luminal,0,469
R+P,basal,0,469
R+P,her2,6,469
R+P,luminal,0,469
R+D,basal,0,469
R+D,her2,1,469
R+D,luminal,1,469
R+P+D,basal,4,469
R+P+D,her2,2,469
R+P+D,luminal,0,469
MOFA+,basal,1,469
MOFA+,her2,3,469
MOFA+,luminal,1,469
R,basal,0,470
R,her2,2,470
R,luminal,2,470
R+P,basal,2,470
R+P,her2,6,470
R+P,luminal,2,470
R+D,basal,0,470
R+D,her2,1,470
R+D,luminal,2,470
R+P+D,basal,2,470
R+P+D,her2,3,470
R+P+D,luminal,2,470
MOFA+,basal,1,470
MOFA+,her2,0,470
MOFA+,luminal,0,470
R,basal,2,471
R,her2,0,471
R,luminal,0,471
R+P,basal,0,471
R+P,her2,0,471
R+P,luminal,2,471
R+D,basal,4,471
R+D,her2,2,471
R+D,luminal,2,471
R+P+D,basal,7,471
R+P+D,her2,1,471
R+P+D,luminal,3,471
MOFA+,basal,0,471
MOFA+,her2,0,471
MOFA+,luminal,0,471
R,basal,1,472
R,her2,3,472
R,luminal,2,472
R+P,basal,4,472
R+P,her2,2,472
R+P,luminal,7,472
R+D,basal,1,472
R+D,her2,5,472
R+D,luminal,2,472
R+P+D,basal,4,472
R+P+D,her2,4,472
R+P+D,luminal,2,472
MOFA+,basal,17,472
MOFA+,her2,2,472
MOFA+,luminal,26,472
R,basal,1,473
R,her2,1,473
R,luminal,0,473
R+P,basal,0,473
R+P,her2,1,473
R+P,luminal,0,473
R+D,basal,0,473
R+D,her2,2,473
R+D,luminal,0,473
R+P+D,basal,0,473
R+P+D,her2,3,473
R+P+D,luminal,0,473
MOFA+,basal,2,473
MOFA+,her2,0,473
MOFA+,luminal,0,473
R,basal,0,474
R,her2,0,474
R,luminal,0,474
R+P,basal,0,474
R+P,her2,2,474
R+P,luminal,0,474
R+D,basal,1,474
R+D,her2,2,474
R+D,luminal,0,474
R+P+D,basal,2,474
R+P+D,her2,2,474
R+P+D,luminal,0,474
MOFA+,basal,0,474
MOFA+,her2,1,474
MOFA+,luminal,1,474
R,basal,1,475
R,her2,0,475
R,luminal,0,475
R+P,basal,0,475
R+P,her2,0,475
R+P,luminal,0,475
R+D,basal,1,475
R+D,her2,0,475
R+D,luminal,0,475
R+P+D,basal,0,475
R+P+D,her2,3,475
R+P+D,luminal,0,475
MOFA+,basal,1,475
MOFA+,her2,3,475
MOFA+,luminal,0,475
R,basal,0,476
R,her2,0,476
R,luminal,0,476
R+P,basal,0,476
R+P,her2,0,476
R+P,luminal,0,476
R+D,basal,0,476
R+D,her2,0,476
R+D,luminal,0,476
R+P+D,basal,1,476
R+P+D,her2,0,476
R+P+D,luminal,0,476
MOFA+,basal,0,476
MOFA+,her2,0,476
MOFA+,luminal,0,476
R,basal,3,477
R,her2,3,477
R,luminal,0,477
R+P,basal,8,477
R+P,her2,2,477
R+P,luminal,0,477
R+D,basal,1,477
R+D,her2,0,477
R+D,luminal,3,477
R+P+D,basal,7,477
R+P+D,her2,0,477
R+P+D,luminal,5,477
MOFA+,basal,1,477
MOFA+,her2,0,477
MOFA+,luminal,1,477
R,basal,1,478
R,her2,1,478
R,luminal,0,478
R+P,basal,0,478
R+P,her2,0,478
R+P,luminal,0,478
R+D,basal,1,478
R+D,her2,1,478
R+D,luminal,0,478
R+P+D,basal,1,478
R+P+D,her2,2,478
R+P+D,luminal,0,478
MOFA+,basal,0,478
MOFA+,her2,0,478
MOFA+,luminal,0,478
R,basal,2,479
R,her2,2,479
R,luminal,2,479
R+P,basal,3,479
R+P,her2,2,479
R+P,luminal,3,479
R+D,basal,1,479
R+D,her2,5,479
R+D,luminal,1,479
R+P+D,basal,3,479
R+P+D,her2,5,479
R+P+D,luminal,0,479
MOFA+,basal,1,479
MOFA+,her2,0,479
MOFA+,luminal,1,479
R,basal,1,480
R,her2,2,480
R,luminal,0,480
R+P,basal,1,480
R+P,her2,0,480
R+P,luminal,0,480
R+D,basal,0,480
R+D,her2,0,480
R+D,luminal,0,480
R+P+D,basal,1,480
R+P+D,her2,1,480
R+P+D,luminal,0,480
MOFA+,basal,1,480
MOFA+,her2,0,480
MOFA+,luminal,0,480
R,basal,5,481
R,her2,0,481
R,luminal,1,481
R+P,basal,2,481
R+P,her2,0,481
R+P,luminal,0,481
R+D,basal,9,481
R+D,her2,0,481
R+D,luminal,1,481
R+P+D,basal,4,481
R+P+D,her2,0,481
R+P+D,luminal,0,481
MOFA+,basal,0,481
MOFA+,her2,0,481
MOFA+,luminal,1,481
R,basal,1,482
R,her2,1,482
R,luminal,0,482
R+P,basal,0,482
R+P,her2,0,482
R+P,luminal,1,482
R+D,basal,0,482
R+D,her2,3,482
R+D,luminal,1,482
R+P+D,basal,0,482
R+P+D,her2,3,482
R+P+D,luminal,0,482
MOFA+,basal,2,482
MOFA+,her2,0,482
MOFA+,luminal,0,482
R,basal,0,483
R,her2,0,483
R,luminal,0,483
R+P,basal,0,483
R+P,her2,1,483
R+P,luminal,0,483
R+D,basal,0,483
R+D,her2,0,483
R+D,luminal,0,483
R+P+D,basal,0,483
R+P+D,her2,0,483
R+P+D,luminal,0,483
MOFA+,basal,4,483
MOFA+,her2,1,483
MOFA+,luminal,0,483
R,basal,0,484
R,her2,0,484
R,luminal,0,484
R+P,basal,0,484
R+P,her2,0,484
R+P,luminal,0,484
R+D,basal,1,484
R+D,her2,3,484
R+D,luminal,1,484
R+P+D,basal,0,484
R+P+D,her2,3,484
R+P+D,luminal,1,484
MOFA+,basal,4,484
MOFA+,her2,0,484
MOFA+,luminal,1,484
R,basal,3,485
R,her2,1,485
R,luminal,2,485
R+P,basal,4,485
R+P,her2,0,485
R+P,luminal,0,485
R+D,basal,3,485
R+D,her2,1,485
R+D,luminal,1,485
R+P+D,basal,9,485
R+P+D,her2,1,485
R+P+D,luminal,2,485
MOFA+,basal,17,485
MOFA+,her2,0,485
MOFA+,luminal,0,485
R,basal,3,486
R,her2,2,486
R,luminal,1,486
R+P,basal,1,486
R+P,her2,1,486
R+P,luminal,1,486
R+D,basal,3,486
R+D,her2,2,486
R+D,luminal,1,486
R+P+D,basal,3,486
R+P+D,her2,3,486
R+P+D,luminal,0,486
MOFA+,basal,2,486
MOFA+,her2,0,486
MOFA+,luminal,1,486
R,basal,0,487
R,her2,1,487
R,luminal,0,487
R+P,basal,0,487
R+P,her2,0,487
R+P,luminal,0,487
R+D,basal,0,487
R+D,her2,0,487
R+D,luminal,0,487
R+P+D,basal,0,487
R+P+D,her2,0,487
R+P+D,luminal,0,487
MOFA+,basal,0,487
MOFA+,her2,3,487
MOFA+,luminal,0,487
R,basal,0,488
R,her2,2,488
R,luminal,3,488
R+P,basal,1,488
R+P,her2,1,488
R+P,luminal,1,488
R+D,basal,0,488
R+D,her2,3,488
R+D,luminal,2,488
R+P+D,basal,1,488
R+P+D,her2,4,488
R+P+D,luminal,1,488
MOFA+,basal,0,488
MOFA+,her2,0,488
MOFA+,luminal,0,488
R,basal,1,489
R,her2,0,489
R,luminal,3,489
R+P,basal,3,489
R+P,her2,0,489
R+P,luminal,2,489
R+D,basal,3,489
R+D,her2,0,489
R+D,luminal,4,489
R+P+D,basal,4,489
R+P+D,her2,0,489
R+P+D,luminal,3,489
MOFA+,basal,2,489
MOFA+,her2,0,489
MOFA+,luminal,26,489
R,basal,1,490
R,her2,1,490
R,luminal,0,490
R+P,basal,2,490
R+P,her2,1,490
R+P,luminal,0,490
R+D,basal,2,490
R+D,her2,1,490
R+D,luminal,0,490
R+P+D,basal,0,490
R+P+D,her2,1,490
R+P+D,luminal,0,490
MOFA+,basal,2,490
MOFA+,her2,0,490
MOFA+,luminal,0,490
R,basal,0,491
R,her2,2,491
R,luminal,13,491
R+P,basal,7,491
R+P,her2,0,491
R+P,luminal,11,491
R+D,basal,4,491
R+D,her2,1,491
R+D,luminal,8,491
R+P+D,basal,7,491
R+P+D,her2,1,491
R+P+D,luminal,8,491
MOFA+,basal,17,491
MOFA+,her2,0,491
MOFA+,luminal,26,491
R,basal,1,492
R,her2,0,492
R,luminal,5,492
R+P,basal,1,492
R+P,her2,0,492
R+P,luminal,5,492
R+D,basal,1,492
R+D,her2,1,492
R+D,luminal,5,492
R+P+D,basal,5,492
R+P+D,her2,1,492
R+P+D,luminal,3,492
MOFA+,basal,0,492
MOFA+,her2,0,492
MOFA+,luminal,26,492
R,basal,1,493
R,her2,2,493
R,luminal,0,493
R+P,basal,0,493
R+P,her2,4,493
R+P,luminal,0,493
R+D,basal,4,493
R+D,her2,2,493
R+D,luminal,0,493
R+P+D,basal,0,493
R+P+D,her2,2,493
R+P+D,luminal,0,493
MOFA+,basal,1,493
MOFA+,her2,3,493
MOFA+,luminal,0,493
R,basal,0,494
R,her2,1,494
R,luminal,0,494
R+P,basal,0,494
R+P,her2,0,494
R+P,luminal,1,494
R+D,basal,1,494
R+D,her2,7,494
R+D,luminal,0,494
R+P+D,basal,2,494
R+P+D,her2,1,494
R+P+D,luminal,2,494
MOFA+,basal,4,494
MOFA+,her2,0,494
MOFA+,luminal,1,494
R,basal,0,495
R,her2,0,495
R,luminal,0,495
R+P,basal,0,495
R+P,her2,0,495
R+P,luminal,0,495
R+D,basal,0,495
R+D,her2,4,495
R+D,luminal,0,495
R+P+D,basal,1,495
R+P+D,her2,1,495
R+P+D,luminal,0,495
MOFA+,basal,3,495
MOFA+,her2,3,495
MOFA+,luminal,3,495
R,basal,1,496
R,her2,1,496
R,luminal,0,496
R+P,basal,0,496
R+P,her2,1,496
R+P,luminal,0,496
R+D,basal,3,496
R+D,her2,4,496
R+D,luminal,0,496
R+P+D,basal,2,496
R+P+D,her2,4,496
R+P+D,luminal,0,496
MOFA+,basal,4,496
MOFA+,her2,2,496
MOFA+,luminal,0,496
R,basal,0,497
R,her2,1,497
R,luminal,1,497
R+P,basal,0,497
R+P,her2,0,497
R+P,luminal,0,497
R+D,basal,1,497
R+D,her2,0,497
R+D,luminal,0,497
R+P+D,basal,0,497
R+P+D,her2,0,497
R+P+D,luminal,0,497
MOFA+,basal,2,497
MOFA+,her2,0,497
MOFA+,luminal,0,497
R,basal,0,498
R,her2,1,498
R,luminal,0,498
R+P,basal,0,498
R+P,her2,0,498
R+P,luminal,0,498
R+D,basal,3,498
R+D,her2,2,498
R+D,luminal,0,498
R+P+D,basal,0,498
R+P+D,her2,2,498
R+P+D,luminal,0,498
MOFA+,basal,1,498
MOFA+,her2,3,498
MOFA+,luminal,0,498
R,basal,2,499
R,her2,2,499
R,luminal,2,499
R+P,basal,2,499
R+P,her2,3,499
R+P,luminal,0,499
R+D,basal,0,499
R+D,her2,0,499
R+D,luminal,2,499
R+P+D,basal,0,499
R+P+D,her2,2,499
R+P+D,luminal,3,499
MOFA+,basal,3,499
MOFA+,her2,0,499
MOFA+,luminal,3,499
R,basal,2,500
R,her2,2,500
R,luminal,0,500
R+P,basal,2,500
R+P,her2,1,500
R+P,luminal,0,500
R+D,basal,2,500
R+D,her2,1,500
R+D,luminal,1,500
R+P+D,basal,4,500
R+P+D,her2,0,500
R+P+D,luminal,1,500
MOFA+,basal,1,500
MOFA+,her2,0,500
MOFA+,luminal,1,500
R,basal,1,501
R,her2,1,501
R,luminal,1,501
R+P,basal,0,501
R+P,her2,5,501
R+P,luminal,0,501
R+D,basal,0,501
R+D,her2,3,501
R+D,luminal,1,501
R+P+D,basal,1,501
R+P+D,her2,2,501
R+P+D,luminal,2,501
MOFA+,basal,0,501
MOFA+,her2,1,501
MOFA+,luminal,0,501
R,basal,2,502
R,her2,1,502
R,luminal,2,502
R+P,basal,5,502
R+P,her2,1,502
R+P,luminal,4,502
R+D,basal,10,502
R+D,her2,1,502
R+D,luminal,1,502
R+P+D,basal,10,502
R+P+D,her2,1,502
R+P+D,luminal,5,502
MOFA+,basal,4,502
MOFA+,her2,1,502
MOFA+,luminal,26,502
R,basal,2,503
R,her2,1,503
R,luminal,2,503
R+P,basal,2,503
R+P,her2,1,503
R+P,luminal,3,503
R+D,basal,3,503
R+D,her2,0,503
R+D,luminal,2,503
R+P+D,basal,6,503
R+P+D,her2,2,503
R+P+D,luminal,1,503
MOFA+,basal,0,503
MOFA+,her2,1,503
MOFA+,luminal,0,503
R,basal,0,504
R,her2,1,504
R,luminal,0,504
R+P,basal,0,504
R+P,her2,0,504
R+P,luminal,1,504
R+D,basal,0,504
R+D,her2,0,504
R+D,luminal,1,504
R+P+D,basal,0,504
R+P+D,her2,1,504
R+P+D,luminal,0,504
MOFA+,basal,1,504
MOFA+,her2,0,504
MOFA+,luminal,1,504
R,basal,1,505
R,her2,4,505
R,luminal,0,505
R+P,basal,0,505
R+P,her2,7,505
R+P,luminal,0,505
R+D,basal,0,505
R+D,her2,2,505
R+D,luminal,1,505
R+P+D,basal,0,505
R+P+D,her2,1,505
R+P+D,luminal,0,505
MOFA+,basal,1,505
MOFA+,her2,7,505
MOFA+,luminal,0,505
R,basal,1,506
R,her2,3,506
R,luminal,0,506
R+P,basal,4,506
R+P,her2,3,506
R+P,luminal,0,506
R+D,basal,4,506
R+D,her2,7,506
R+D,luminal,0,506
R+P+D,basal,4,506
R+P+D,her2,9,506
R+P+D,luminal,1,506
MOFA+,basal,0,506
MOFA+,her2,1,506
MOFA+,luminal,0,506
R,basal,0,507
R,her2,6,507
R,luminal,1,507
R+P,basal,0,507
R+P,her2,4,507
R+P,luminal,0,507
R+D,basal,0,507
R+D,her2,1,507
R+D,luminal,2,507
R+P+D,basal,0,507
R+P+D,her2,4,507
R+P+D,luminal,3,507
MOFA+,basal,1,507
MOFA+,her2,0,507
MOFA+,luminal,0,507
R,basal,3,508
R,her2,1,508
R,luminal,0,508
R+P,basal,1,508
R+P,her2,0,508
R+P,luminal,0,508
R+D,basal,0,508
R+D,her2,1,508
R+D,luminal,0,508
R+P+D,basal,2,508
R+P+D,her2,2,508
R+P+D,luminal,0,508
MOFA+,basal,1,508
MOFA+,her2,0,508
MOFA+,luminal,0,508
R,basal,1,509
R,her2,1,509
R,luminal,0,509
R+P,basal,0,509
R+P,her2,0,509
R+P,luminal,0,509
R+D,basal,2,509
R+D,her2,2,509
R+D,luminal,0,509
R+P+D,basal,0,509
R+P+D,her2,3,509
R+P+D,luminal,0,509
MOFA+,basal,0,509
MOFA+,her2,1,509
MOFA+,luminal,0,509
R,basal,0,510
R,her2,4,510
R,luminal,1,510
R+P,basal,0,510
R+P,her2,2,510
R+P,luminal,1,510
R+D,basal,0,510
R+D,her2,1,510
R+D,luminal,0,510
R+P+D,basal,0,510
R+P+D,her2,0,510
R+P+D,luminal,0,510
MOFA+,basal,0,510
MOFA+,her2,2,510
MOFA+,luminal,0,510
R,basal,2,511
R,her2,1,511
R,luminal,1,511
R+P,basal,2,511
R+P,her2,0,511
R+P,luminal,0,511
R+D,basal,0,511
R+D,her2,1,511
R+D,luminal,0,511
R+P+D,basal,1,511
R+P+D,her2,1,511
R+P+D,luminal,0,511
MOFA+,basal,1,511
MOFA+,her2,0,511
MOFA+,luminal,1,511
R,basal,0,512
R,her2,3,512
R,luminal,0,512
R+P,basal,0,512
R+P,her2,3,512
R+P,luminal,2,512
R+D,basal,0,512
R+D,her2,1,512
R+D,luminal,0,512
R+P+D,basal,0,512
R+P+D,her2,4,512
R+P+D,luminal,0,512
MOFA+,basal,2,512
MOFA+,her2,0,512
MOFA+,luminal,1,512
R,basal,1,513
R,her2,0,513
R,luminal,0,513
R+P,basal,2,513
R+P,her2,0,513
R+P,luminal,0,513
R+D,basal,0,513
R+D,her2,0,513
R+D,luminal,0,513
R+P+D,basal,0,513
R+P+D,her2,0,513
R+P+D,luminal,1,513
MOFA+,basal,2,513
MOFA+,her2,0,513
MOFA+,luminal,0,513
R,basal,3,514
R,her2,1,514
R,luminal,1,514
R+P,basal,1,514
R+P,her2,3,514
R+P,luminal,0,514
R+D,basal,5,514
R+D,her2,0,514
R+D,luminal,0,514
R+P+D,basal,4,514
R+P+D,her2,2,514
R+P+D,luminal,0,514
MOFA+,basal,0,514
MOFA+,her2,0,514
MOFA+,luminal,1,514
R,basal,1,515
R,her2,1,515
R,luminal,0,515
R+P,basal,0,515
R+P,her2,2,515
R+P,luminal,0,515
R+D,basal,0,515
R+D,her2,0,515
R+D,luminal,0,515
R+P+D,basal,0,515
R+P+D,her2,0,515
R+P+D,luminal,0,515
MOFA+,basal,0,515
MOFA+,her2,1,515
MOFA+,luminal,0,515
R,basal,2,516
R,her2,0,516
R,luminal,12,516
R+P,basal,0,516
R+P,her2,0,516
R+P,luminal,12,516
R+D,basal,0,516
R+D,her2,0,516
R+D,luminal,1,516
R+P+D,basal,1,516
R+P+D,her2,0,516
R+P+D,luminal,0,516
MOFA+,basal,3,516
MOFA+,her2,1,516
MOFA+,luminal,26,516
R,basal,2,517
R,her2,1,517
R,luminal,0,517
R+P,basal,0,517
R+P,her2,1,517
R+P,luminal,0,517
R+D,basal,1,517
R+D,her2,5,517
R+D,luminal,0,517
R+P+D,basal,2,517
R+P+D,her2,3,517
R+P+D,luminal,2,517
MOFA+,basal,1,517
MOFA+,her2,2,517
MOFA+,luminal,0,517
R,basal,3,518
R,her2,0,518
R,luminal,2,518
R+P,basal,2,518
R+P,her2,0,518
R+P,luminal,3,518
R+D,basal,12,518
R+D,her2,3,518
R+D,luminal,3,518
R+P+D,basal,6,518
R+P+D,her2,0,518
R+P+D,luminal,5,518
MOFA+,basal,2,518
MOFA+,her2,0,518
MOFA+,luminal,26,518
R,basal,0,519
R,her2,0,519
R,luminal,1,519
R+P,basal,1,519
R+P,her2,1,519
R+P,luminal,0,519
R+D,basal,7,519
R+D,her2,1,519
R+D,luminal,0,519
R+P+D,basal,1,519
R+P+D,her2,4,519
R+P+D,luminal,1,519
MOFA+,basal,4,519
MOFA+,her2,1,519
MOFA+,luminal,1,519
R,basal,0,520
R,her2,0,520
R,luminal,0,520
R+P,basal,1,520
R+P,her2,0,520
R+P,luminal,0,520
R+D,basal,0,520
R+D,her2,1,520
R+D,luminal,0,520
R+P+D,basal,0,520
R+P+D,her2,0,520
R+P+D,luminal,0,520
MOFA+,basal,1,520
MOFA+,her2,0,520
MOFA+,luminal,0,520
R,basal,1,521
R,her2,0,521
R,luminal,0,521
R+P,basal,0,521
R+P,her2,1,521
R+P,luminal,1,521
R+D,basal,0,521
R+D,her2,0,521
R+D,luminal,0,521
R+P+D,basal,1,521
R+P+D,her2,1,521
R+P+D,luminal,0,521
MOFA+,basal,0,521
MOFA+,her2,0,521
MOFA+,luminal,3,521
R,basal,0,522
R,her2,0,522
R,luminal,0,522
R+P,basal,0,522
R+P,her2,0,522
R+P,luminal,0,522
R+D,basal,0,522
R+D,her2,4,522
R+D,luminal,0,522
R+P+D,basal,0,522
R+P+D,her2,4,522
R+P+D,luminal,0,522
MOFA+,basal,4,522
MOFA+,her2,1,522
MOFA+,luminal,3,522
R,basal,0,523
R,her2,1,523
R,luminal,3,523
R+P,basal,0,523
R+P,her2,0,523
R+P,luminal,7,523
R+D,basal,1,523
R+D,her2,4,523
R+D,luminal,9,523
R+P+D,basal,0,523
R+P+D,her2,1,523
R+P+D,luminal,9,523
MOFA+,basal,0,523
MOFA+,her2,7,523
MOFA+,luminal,1,523
R,basal,0,524
R,her2,0,524
R,luminal,0,524
R+P,basal,0,524
R+P,her2,1,524
R+P,luminal,0,524
R+D,basal,0,524
R+D,her2,0,524
R+D,luminal,0,524
R+P+D,basal,0,524
R+P+D,her2,0,524
R+P+D,luminal,0,524
MOFA+,basal,1,524
MOFA+,her2,1,524
MOFA+,luminal,0,524
R,basal,1,525
R,her2,1,525
R,luminal,0,525
R+P,basal,0,525
R+P,her2,0,525
R+P,luminal,0,525
R+D,basal,2,525
R+D,her2,0,525
R+D,luminal,0,525
R+P+D,basal,2,525
R+P+D,her2,1,525
R+P+D,luminal,0,525
MOFA+,basal,2,525
MOFA+,her2,0,525
MOFA+,luminal,1,525
R,basal,0,526
R,her2,1,526
R,luminal,0,526
R+P,basal,2,526
R+P,her2,0,526
R+P,luminal,0,526
R+D,basal,2,526
R+D,her2,0,526
R+D,luminal,0,526
R+P+D,basal,1,526
R+P+D,her2,1,526
R+P+D,luminal,0,526
MOFA+,basal,1,526
MOFA+,her2,0,526
MOFA+,luminal,1,526
R,basal,0,527
R,her2,0,527
R,luminal,0,527
R+P,basal,0,527
R+P,her2,1,527
R+P,luminal,0,527
R+D,basal,0,527
R+D,her2,1,527
R+D,luminal,0,527
R+P+D,basal,0,527
R+P+D,her2,1,527
R+P+D,luminal,0,527
MOFA+,basal,0,527
MOFA+,her2,2,527
MOFA+,luminal,1,527
R,basal,0,528
R,her2,0,528
R,luminal,0,528
R+P,basal,0,528
R+P,her2,1,528
R+P,luminal,0,528
R+D,basal,2,528
R+D,her2,1,528
R+D,luminal,0,528
R+P+D,basal,0,528
R+P+D,her2,0,528
R+P+D,luminal,0,528
MOFA+,basal,0,528
MOFA+,her2,0,528
MOFA+,luminal,1,528
R,basal,0,529
R,her2,0,529
R,luminal,0,529
R+P,basal,0,529
R+P,her2,1,529
R+P,luminal,0,529
R+D,basal,1,529
R+D,her2,6,529
R+D,luminal,2,529
R+P+D,basal,1,529
R+P+D,her2,3,529
R+P+D,luminal,1,529
MOFA+,basal,1,529
MOFA+,her2,1,529
MOFA+,luminal,1,529
R,basal,1,530
R,her2,0,530
R,luminal,0,530
R+P,basal,2,530
R+P,her2,0,530
R+P,luminal,0,530
R+D,basal,0,530
R+D,her2,0,530
R+D,luminal,0,530
R+P+D,basal,2,530
R+P+D,her2,2,530
R+P+D,luminal,1,530
MOFA+,basal,0,530
MOFA+,her2,1,530
MOFA+,luminal,1,530
R,basal,0,531
R,her2,1,531
R,luminal,2,531
R+P,basal,1,531
R+P,her2,1,531
R+P,luminal,2,531
R+D,basal,1,531
R+D,her2,1,531
R+D,luminal,2,531
R+P+D,basal,2,531
R+P+D,her2,1,531
R+P+D,luminal,2,531
MOFA+,basal,4,531
MOFA+,her2,0,531
MOFA+,luminal,1,531
R,basal,1,532
R,her2,4,532
R,luminal,1,532
R+P,basal,0,532
R+P,her2,0,532
R+P,luminal,4,532
R+D,basal,1,532
R+D,her2,5,532
R+D,luminal,0,532
R+P+D,basal,0,532
R+P+D,her2,5,532
R+P+D,luminal,1,532
MOFA+,basal,0,532
MOFA+,her2,3,532
MOFA+,luminal,0,532
R,basal,0,533
R,her2,2,533
R,luminal,0,533
R+P,basal,0,533
R+P,her2,1,533
R+P,luminal,0,533
R+D,basal,0,533
R+D,her2,1,533
R+D,luminal,2,533
R+P+D,basal,0,533
R+P+D,her2,1,533
R+P+D,luminal,0,533
MOFA+,basal,2,533
MOFA+,her2,0,533
MOFA+,luminal,3,533
R,basal,2,534
R,her2,0,534
R,luminal,5,534
R+P,basal,8,534
R+P,her2,1,534
R+P,luminal,4,534
R+D,basal,5,534
R+D,her2,1,534
R+D,luminal,1,534
R+P+D,basal,8,534
R+P+D,her2,2,534
R+P+D,luminal,4,534
MOFA+,basal,17,534
MOFA+,her2,0,534
MOFA+,luminal,0,534
R,basal,5,535
R,her2,3,535
R,luminal,0,535
R+P,basal,3,535
R+P,her2,3,535
R+P,luminal,1,535
R+D,basal,4,535
R+D,her2,2,535
R+D,luminal,4,535
R+P+D,basal,2,535
R+P+D,her2,3,535
R+P+D,luminal,3,535
MOFA+,basal,17,535
MOFA+,her2,7,535
MOFA+,luminal,1,535
R,basal,0,536
R,her2,0,536
R,luminal,2,536
R+P,basal,0,536
R+P,her2,1,536
R+P,luminal,1,536
R+D,basal,4,536
R+D,her2,3,536
R+D,luminal,0,536
R+P+D,basal,1,536
R+P+D,her2,0,536
R+P+D,luminal,1,536
MOFA+,basal,0,536
MOFA+,her2,0,536
MOFA+,luminal,1,536
R,basal,2,537
R,her2,1,537
R,luminal,0,537
R+P,basal,0,537
R+P,her2,2,537
R+P,luminal,0,537
R+D,basal,2,537
R+D,her2,0,537
R+D,luminal,0,537
R+P+D,basal,1,537
R+P+D,her2,1,537
R+P+D,luminal,0,537
MOFA+,basal,0,537
MOFA+,her2,0,537
MOFA+,luminal,0,537
R,basal,0,538
R,her2,0,538
R,luminal,0,538
R+P,basal,0,538
R+P,her2,2,538
R+P,luminal,0,538
R+D,basal,0,538
R+D,her2,2,538
R+D,luminal,0,538
R+P+D,basal,1,538
R+P+D,her2,5,538
R+P+D,luminal,1,538
MOFA+,basal,0,538
MOFA+,her2,2,538
MOFA+,luminal,1,538
R,basal,1,539
R,her2,2,539
R,luminal,0,539
R+P,basal,1,539
R+P,her2,4,539
R+P,luminal,2,539
R+D,basal,0,539
R+D,her2,3,539
R+D,luminal,2,539
R+P+D,basal,0,539
R+P+D,her2,2,539
R+P+D,luminal,3,539
MOFA+,basal,1,539
MOFA+,her2,2,539
MOFA+,luminal,1,539
R,basal,1,540
R,her2,0,540
R,luminal,0,540
R+P,basal,0,540
R+P,her2,3,540
R+P,luminal,0,540
R+D,basal,0,540
R+D,her2,0,540
R+D,luminal,0,540
R+P+D,basal,0,540
R+P+D,her2,2,540
R+P+D,luminal,0,540
MOFA+,basal,2,540
MOFA+,her2,2,540
MOFA+,luminal,0,540
R,basal,1,541
R,her2,2,541
R,luminal,1,541
R+P,basal,1,541
R+P,her2,1,541
R+P,luminal,3,541
R+D,basal,1,541
R+D,her2,0,541
R+D,luminal,0,541
R+P+D,basal,1,541
R+P+D,her2,0,541
R+P+D,luminal,0,541
MOFA+,basal,1,541
MOFA+,her2,0,541
MOFA+,luminal,0,541
R,basal,1,542
R,her2,0,542
R,luminal,1,542
R+P,basal,3,542
R+P,her2,0,542
R+P,luminal,0,542
R+D,basal,1,542
R+D,her2,0,542
R+D,luminal,0,542
R+P+D,basal,1,542
R+P+D,her2,0,542
R+P+D,luminal,0,542
MOFA+,basal,1,542
MOFA+,her2,0,542
MOFA+,luminal,0,542
R,basal,0,543
R,her2,0,543
R,luminal,1,543
R+P,basal,0,543
R+P,her2,0,543
R+P,luminal,0,543
R+D,basal,0,543
R+D,her2,0,543
R+D,luminal,1,543
R+P+D,basal,1,543
R+P+D,her2,1,543
R+P+D,luminal,0,543
MOFA+,basal,2,543
MOFA+,her2,0,543
MOFA+,luminal,0,543
R,basal,1,544
R,her2,1,544
R,luminal,0,544
R+P,basal,0,544
R+P,her2,0,544
R+P,luminal,0,544
R+D,basal,1,544
R+D,her2,0,544
R+D,luminal,0,544
R+P+D,basal,0,544
R+P+D,her2,1,544
R+P+D,luminal,0,544
MOFA+,basal,1,544
MOFA+,her2,0,544
MOFA+,luminal,3,544
R,basal,4,545
R,her2,2,545
R,luminal,2,545
R+P,basal,3,545
R+P,her2,1,545
R+P,luminal,0,545
R+D,basal,2,545
R+D,her2,3,545
R+D,luminal,2,545
R+P+D,basal,4,545
R+P+D,her2,3,545
R+P+D,luminal,1,545
MOFA+,basal,3,545
MOFA+,her2,1,545
MOFA+,luminal,3,545
R,basal,0,546
R,her2,1,546
R,luminal,0,546
R+P,basal,0,546
R+P,her2,1,546
R+P,luminal,0,546
R+D,basal,0,546
R+D,her2,2,546
R+D,luminal,0,546
R+P+D,basal,0,546
R+P+D,her2,5,546
R+P+D,luminal,0,546
MOFA+,basal,1,546
MOFA+,her2,1,546
MOFA+,luminal,0,546
R,basal,0,547
R,her2,0,547
R,luminal,0,547
R+P,basal,0,547
R+P,her2,0,547
R+P,luminal,0,547
R+D,basal,0,547
R+D,her2,0,547
R+D,luminal,0,547
R+P+D,basal,0,547
R+P+D,her2,1,547
R+P+D,luminal,0,547
MOFA+,basal,0,547
MOFA+,her2,3,547
MOFA+,luminal,4,547
R,basal,1,548
R,her2,0,548
R,luminal,0,548
R+P,basal,0,548
R+P,her2,0,548
R+P,luminal,1,548
R+D,basal,1,548
R+D,her2,0,548
R+D,luminal,3,548
R+P+D,basal,0,548
R+P+D,her2,0,548
R+P+D,luminal,4,548
MOFA+,basal,0,548
MOFA+,her2,0,548
MOFA+,luminal,1,548
R,basal,0,549
R,her2,4,549
R,luminal,0,549
R+P,basal,1,549
R+P,her2,2,549
R+P,luminal,0,549
R+D,basal,0,549
R+D,her2,7,549
R+D,luminal,0,549
R+P+D,basal,0,549
R+P+D,her2,5,549
R+P+D,luminal,0,549
MOFA+,basal,1,549
MOFA+,her2,0,549
MOFA+,luminal,1,549
R,basal,2,550
R,her2,2,550
R,luminal,0,550
R+P,basal,0,550
R+P,her2,1,550
R+P,luminal,0,550
R+D,basal,1,550
R+D,her2,0,550
R+D,luminal,0,550
R+P+D,basal,0,550
R+P+D,her2,1,550
R+P+D,luminal,0,550
MOFA+,basal,2,550
MOFA+,her2,0,550
MOFA+,luminal,0,550
R,basal,1,551
R,her2,2,551
R,luminal,0,551
R+P,basal,1,551
R+P,her2,2,551
R+P,luminal,0,551
R+D,basal,1,551
R+D,her2,0,551
R+D,luminal,1,551
R+P+D,basal,0,551
R+P+D,her2,0,551
R+P+D,luminal,3,551
MOFA+,basal,2,551
MOFA+,her2,0,551
MOFA+,luminal,0,551
R,basal,0,552
R,her2,0,552
R,luminal,1,552
R+P,basal,0,552
R+P,her2,0,552
R+P,luminal,2,552
R+D,basal,0,552
R+D,her2,0,552
R+D,luminal,0,552
R+P+D,basal,0,552
R+P+D,her2,0,552
R+P+D,luminal,0,552
MOFA+,basal,0,552
MOFA+,her2,0,552
MOFA+,luminal,0,552
R,basal,1,553
R,her2,2,553
R,luminal,0,553
R+P,basal,2,553
R+P,her2,5,553
R+P,luminal,1,553
R+D,basal,0,553
R+D,her2,2,553
R+D,luminal,1,553
R+P+D,basal,2,553
R+P+D,her2,8,553
R+P+D,luminal,2,553
MOFA+,basal,0,553
MOFA+,her2,2,553
MOFA+,luminal,3,553
R,basal,1,554
R,her2,1,554
R,luminal,0,554
R+P,basal,0,554
R+P,her2,0,554
R+P,luminal,1,554
R+D,basal,1,554
R+D,her2,1,554
R+D,luminal,4,554
R+P+D,basal,0,554
R+P+D,her2,2,554
R+P+D,luminal,3,554
MOFA+,basal,4,554
MOFA+,her2,0,554
MOFA+,luminal,0,554
R,basal,0,555
R,her2,0,555
R,luminal,2,555
R+P,basal,0,555
R+P,her2,1,555
R+P,luminal,3,555
R+D,basal,2,555
R+D,her2,0,555
R+D,luminal,0,555
R+P+D,basal,0,555
R+P+D,her2,0,555
R+P+D,luminal,1,555
MOFA+,basal,4,555
MOFA+,her2,0,555
MOFA+,luminal,1,555
R,basal,3,556
R,her2,1,556
R,luminal,1,556
R+P,basal,2,556
R+P,her2,0,556
R+P,luminal,0,556
R+D,basal,1,556
R+D,her2,1,556
R+D,luminal,1,556
R+P+D,basal,0,556
R+P+D,her2,1,556
R+P+D,luminal,1,556
MOFA+,basal,1,556
MOFA+,her2,3,556
MOFA+,luminal,26,556
R,basal,0,557
R,her2,0,557
R,luminal,0,557
R+P,basal,0,557
R+P,her2,2,557
R+P,luminal,0,557
R+D,basal,0,557
R+D,her2,2,557
R+D,luminal,2,557
R+P+D,basal,0,557
R+P+D,her2,0,557
R+P+D,luminal,0,557
MOFA+,basal,0,557
MOFA+,her2,1,557
MOFA+,luminal,0,557
R,basal,1,558
R,her2,0,558
R,luminal,6,558
R+P,basal,3,558
R+P,her2,1,558
R+P,luminal,2,558
R+D,basal,3,558
R+D,her2,0,558
R+D,luminal,4,558
R+P+D,basal,4,558
R+P+D,her2,0,558
R+P+D,luminal,4,558
MOFA+,basal,0,558
MOFA+,her2,0,558
MOFA+,luminal,0,558
R,basal,0,559
R,her2,1,559
R,luminal,0,559
R+P,basal,0,559
R+P,her2,1,559
R+P,luminal,0,559
R+D,basal,0,559
R+D,her2,0,559
R+D,luminal,0,559
R+P+D,basal,0,559
R+P+D,her2,0,559
R+P+D,luminal,1,559
MOFA+,basal,0,559
MOFA+,her2,1,559
MOFA+,luminal,1,559
R,basal,1,560
R,her2,0,560
R,luminal,0,560
R+P,basal,0,560
R+P,her2,1,560
R+P,luminal,2,560
R+D,basal,1,560
R+D,her2,0,560
R+D,luminal,4,560
R+P+D,basal,0,560
R+P+D,her2,0,560
R+P+D,luminal,6,560
MOFA+,basal,0,560
MOFA+,her2,2,560
MOFA+,luminal,1,560
R,basal,1,561
R,her2,4,561
R,luminal,1,561
R+P,basal,0,561
R+P,her2,4,561
R+P,luminal,1,561
R+D,basal,0,561
R+D,her2,2,561
R+D,luminal,1,561
R+P+D,basal,1,561
R+P+D,her2,4,561
R+P+D,luminal,2,561
MOFA+,basal,2,561
MOFA+,her2,1,561
MOFA+,luminal,0,561
R,basal,3,562
R,her2,2,562
R,luminal,4,562
R+P,basal,0,562
R+P,her2,2,562
R+P,luminal,5,562
R+D,basal,0,562
R+D,her2,3,562
R+D,luminal,2,562
R+P+D,basal,1,562
R+P+D,her2,4,562
R+P+D,luminal,4,562
MOFA+,basal,1,562
MOFA+,her2,3,562
MOFA+,luminal,0,562
R,basal,1,563
R,her2,0,563
R,luminal,4,563
R+P,basal,2,563
R+P,her2,0,563
R+P,luminal,2,563
R+D,basal,0,563
R+D,her2,0,563
R+D,luminal,4,563
R+P+D,basal,0,563
R+P+D,her2,0,563
R+P+D,luminal,2,563
MOFA+,basal,1,563
MOFA+,her2,0,563
MOFA+,luminal,0,563
R,basal,0,564
R,her2,1,564
R,luminal,3,564
R+P,basal,1,564
R+P,her2,0,564
R+P,luminal,6,564
R+D,basal,4,564
R+D,her2,0,564
R+D,luminal,1,564
R+P+D,basal,1,564
R+P+D,her2,1,564
R+P+D,luminal,4,564
MOFA+,basal,1,564
MOFA+,her2,1,564
MOFA+,luminal,1,564
R,basal,0,565
R,her2,0,565
R,luminal,0,565
R+P,basal,1,565
R+P,her2,1,565
R+P,luminal,0,565
R+D,basal,2,565
R+D,her2,0,565
R+D,luminal,0,565
R+P+D,basal,1,565
R+P+D,her2,0,565
R+P+D,luminal,0,565
MOFA+,basal,1,565
MOFA+,her2,0,565
MOFA+,luminal,0,565
R,basal,1,566
R,her2,2,566
R,luminal,0,566
R+P,basal,0,566
R+P,her2,0,566
R+P,luminal,1,566
R+D,basal,0,566
R+D,her2,0,566
R+D,luminal,1,566
R+P+D,basal,0,566
R+P+D,her2,0,566
R+P+D,luminal,2,566
MOFA+,basal,0,566
MOFA+,her2,1,566
MOFA+,luminal,0,566
R,basal,0,567
R,her2,1,567
R,luminal,0,567
R+P,basal,0,567
R+P,her2,1,567
R+P,luminal,2,567
R+D,basal,0,567
R+D,her2,0,567
R+D,luminal,2,567
R+P+D,basal,1,567
R+P+D,her2,0,567
R+P+D,luminal,4,567
MOFA+,basal,0,567
MOFA+,her2,1,567
MOFA+,luminal,1,567
R,basal,2,568
R,her2,2,568
R,luminal,4,568
R+P,basal,4,568
R+P,her2,1,568
R+P,luminal,12,568
R+D,basal,3,568
R+D,her2,1,568
R+D,luminal,1,568
R+P+D,basal,4,568
R+P+D,her2,1,568
R+P+D,luminal,1,568
MOFA+,basal,0,568
MOFA+,her2,0,568
MOFA+,luminal,1,568
R,basal,2,569
R,her2,2,569
R,luminal,1,569
R+P,basal,1,569
R+P,her2,2,569
R+P,luminal,2,569
R+D,basal,1,569
R+D,her2,5,569
R+D,luminal,2,569
R+P+D,basal,1,569
R+P+D,her2,3,569
R+P+D,luminal,1,569
MOFA+,basal,1,569
MOFA+,her2,0,569
MOFA+,luminal,0,569
R,basal,6,570
R,her2,0,570
R,luminal,3,570
R+P,basal,5,570
R+P,her2,2,570
R+P,luminal,6,570
R+D,basal,9,570
R+D,her2,0,570
R+D,luminal,3,570
R+P+D,basal,6,570
R+P+D,her2,0,570
R+P+D,luminal,5,570
MOFA+,basal,17,570
MOFA+,her2,0,570
MOFA+,luminal,26,570
R,basal,0,571
R,her2,2,571
R,luminal,0,571
R+P,basal,0,571
R+P,her2,0,571
R+P,luminal,0,571
R+D,basal,0,571
R+D,her2,2,571
R+D,luminal,0,571
R+P+D,basal,0,571
R+P+D,her2,1,571
R+P+D,luminal,0,571
MOFA+,basal,1,571
MOFA+,her2,0,571
MOFA+,luminal,0,571
R,basal,0,572
R,her2,1,572
R,luminal,0,572
R+P,basal,0,572
R+P,her2,4,572
R+P,luminal,1,572
R+D,basal,0,572
R+D,her2,0,572
R+D,luminal,3,572
R+P+D,basal,1,572
R+P+D,her2,0,572
R+P+D,luminal,3,572
MOFA+,basal,4,572
MOFA+,her2,2,572
MOFA+,luminal,1,572
R,basal,1,573
R,her2,0,573
R,luminal,0,573
R+P,basal,0,573
R+P,her2,0,573
R+P,luminal,0,573
R+D,basal,0,573
R+D,her2,1,573
R+D,luminal,2,573
R+P+D,basal,0,573
R+P+D,her2,0,573
R+P+D,luminal,3,573
MOFA+,basal,2,573
MOFA+,her2,0,573
MOFA+,luminal,0,573
R,basal,1,574
R,her2,1,574
R,luminal,0,574
R+P,basal,0,574
R+P,her2,0,574
R+P,luminal,0,574
R+D,basal,0,574
R+D,her2,1,574
R+D,luminal,0,574
R+P+D,basal,0,574
R+P+D,her2,2,574
R+P+D,luminal,0,574
MOFA+,basal,0,574
MOFA+,her2,0,574
MOFA+,luminal,4,574
R,basal,0,575
R,her2,2,575
R,luminal,0,575
R+P,basal,0,575
R+P,her2,0,575
R+P,luminal,0,575
R+D,basal,0,575
R+D,her2,0,575
R+D,luminal,0,575
R+P+D,basal,0,575
R+P+D,her2,2,575
R+P+D,luminal,0,575
MOFA+,basal,2,575
MOFA+,her2,0,575
MOFA+,luminal,0,575
R,basal,0,576
R,her2,1,576
R,luminal,0,576
R+P,basal,1,576
R+P,her2,2,576
R+P,luminal,0,576
R+D,basal,0,576
R+D,her2,3,576
R+D,luminal,0,576
R+P+D,basal,0,576
R+P+D,her2,5,576
R+P+D,luminal,0,576
MOFA+,basal,1,576
MOFA+,her2,0,576
MOFA+,luminal,0,576
R,basal,0,577
R,her2,0,577
R,luminal,2,577
R+P,basal,0,577
R+P,her2,0,577
R+P,luminal,6,577
R+D,basal,1,577
R+D,her2,0,577
R+D,luminal,1,577
R+P+D,basal,1,577
R+P+D,her2,1,577
R+P+D,luminal,1,577
MOFA+,basal,0,577
MOFA+,her2,1,577
MOFA+,luminal,1,577
R,basal,2,578
R,her2,1,578
R,luminal,1,578
R+P,basal,1,578
R+P,her2,0,578
R+P,luminal,1,578
R+D,basal,3,578
R+D,her2,1,578
R+D,luminal,2,578
R+P+D,basal,0,578
R+P+D,her2,3,578
R+P+D,luminal,2,578
MOFA+,basal,0,578
MOFA+,her2,0,578
MOFA+,luminal,1,578
R,basal,0,579
R,her2,0,579
R,luminal,0,579
R+P,basal,0,579
R+P,her2,0,579
R+P,luminal,0,579
R+D,basal,0,579
R+D,her2,2,579
R+D,luminal,0,579
R+P+D,basal,0,579
R+P+D,her2,1,579
R+P+D,luminal,0,579
MOFA+,basal,0,579
MOFA+,her2,1,579
MOFA+,luminal,1,579
R,basal,0,580
R,her2,1,580
R,luminal,0,580
R+P,basal,0,580
R+P,her2,0,580
R+P,luminal,0,580
R+D,basal,0,580
R+D,her2,3,580
R+D,luminal,0,580
R+P+D,basal,0,580
R+P+D,her2,2,580
R+P+D,luminal,0,580
MOFA+,basal,1,580
MOFA+,her2,1,580
MOFA+,luminal,1,580
R,basal,1,581
R,her2,1,581
R,luminal,3,581
R+P,basal,1,581
R+P,her2,0,581
R+P,luminal,4,581
R+D,basal,0,581
R+D,her2,2,581
R+D,luminal,7,581
R+P+D,basal,0,581
R+P+D,her2,1,581
R+P+D,luminal,7,581
MOFA+,basal,2,581
MOFA+,her2,2,581
MOFA+,luminal,1,581
R,basal,0,582
R,her2,0,582
R,luminal,3,582
R+P,basal,1,582
R+P,her2,0,582
R+P,luminal,0,582
R+D,basal,5,582
R+D,her2,0,582
R+D,luminal,0,582
R+P+D,basal,0,582
R+P+D,her2,0,582
R+P+D,luminal,1,582
MOFA+,basal,0,582
MOFA+,her2,1,582
MOFA+,luminal,0,582
R,basal,0,583
R,her2,2,583
R,luminal,0,583
R+P,basal,1,583
R+P,her2,2,583
R+P,luminal,1,583
R+D,basal,1,583
R+D,her2,1,583
R+D,luminal,0,583
R+P+D,basal,2,583
R+P+D,her2,0,583
R+P+D,luminal,0,583
MOFA+,basal,1,583
MOFA+,her2,0,583
MOFA+,luminal,0,583
R,basal,0,584
R,her2,2,584
R,luminal,1,584
R+P,basal,0,584
R+P,her2,1,584
R+P,luminal,0,584
R+D,basal,0,584
R+D,her2,0,584
R+D,luminal,1,584
R+P+D,basal,0,584
R+P+D,her2,0,584
R+P+D,luminal,1,584
MOFA+,basal,4,584
MOFA+,her2,0,584
MOFA+,luminal,1,584
R,basal,0,585
R,her2,1,585
R,luminal,1,585
R+P,basal,0,585
R+P,her2,3,585
R+P,luminal,0,585
R+D,basal,0,585
R+D,her2,3,585
R+D,luminal,0,585
R+P+D,basal,0,585
R+P+D,her2,4,585
R+P+D,luminal,0,585
MOFA+,basal,1,585
MOFA+,her2,0,585
MOFA+,luminal,0,585
R,basal,1,586
R,her2,5,586
R,luminal,1,586
R+P,basal,1,586
R+P,her2,1,586
R+P,luminal,2,586
R+D,basal,1,586
R+D,her2,1,586
R+D,luminal,5,586
R+P+D,basal,1,586
R+P+D,her2,3,586
R+P+D,luminal,4,586
MOFA+,basal,4,586
MOFA+,her2,0,586
MOFA+,luminal,26,586
R,basal,3,587
R,her2,0,587
R,luminal,1,587
R+P,basal,0,587
R+P,her2,0,587
R+P,luminal,0,587
R+D,basal,2,587
R+D,her2,1,587
R+D,luminal,1,587
R+P+D,basal,3,587
R+P+D,her2,2,587
R+P+D,luminal,0,587
MOFA+,basal,0,587
MOFA+,her2,1,587
MOFA+,luminal,0,587
R,basal,4,588
R,her2,5,588
R,luminal,0,588
R+P,basal,7,588
R+P,her2,4,588
R+P,luminal,1,588
R+D,basal,0,588
R+D,her2,7,588
R+D,luminal,6,588
R+P+D,basal,0,588
R+P+D,her2,6,588
R+P+D,luminal,3,588
MOFA+,basal,2,588
MOFA+,her2,0,588
MOFA+,luminal,1,588
R,basal,5,589
R,her2,1,589
R,luminal,5,589
R+P,basal,3,589
R+P,her2,2,589
R+P,luminal,6,589
R+D,basal,4,589
R+D,her2,0,589
R+D,luminal,7,589
R+P+D,basal,5,589
R+P+D,her2,0,589
R+P+D,luminal,13,589
MOFA+,basal,0,589
MOFA+,her2,1,589
MOFA+,luminal,26,589
R,basal,0,590
R,her2,1,590
R,luminal,1,590
R+P,basal,0,590
R+P,her2,1,590
R+P,luminal,2,590
R+D,basal,0,590
R+D,her2,0,590
R+D,luminal,0,590
R+P+D,basal,0,590
R+P+D,her2,2,590
R+P+D,luminal,1,590
MOFA+,basal,0,590
MOFA+,her2,0,590
MOFA+,luminal,1,590
R,basal,0,591
R,her2,1,591
R,luminal,0,591
R+P,basal,0,591
R+P,her2,3,591
R+P,luminal,1,591
R+D,basal,0,591
R+D,her2,1,591
R+D,luminal,5,591
R+P+D,basal,0,591
R+P+D,her2,1,591
R+P+D,luminal,3,591
MOFA+,basal,0,591
MOFA+,her2,2,591
MOFA+,luminal,1,591
R,basal,0,592
R,her2,4,592
R,luminal,1,592
R+P,basal,0,592
R+P,her2,9,592
R+P,luminal,0,592
R+D,basal,0,592
R+D,her2,6,592
R+D,luminal,0,592
R+P+D,basal,0,592
R+P+D,her2,10,592
R+P+D,luminal,0,592
MOFA+,basal,1,592
MOFA+,her2,7,592
MOFA+,luminal,0,592
R,basal,0,593
R,her2,3,593
R,luminal,0,593
R+P,basal,0,593
R+P,her2,2,593
R+P,luminal,1,593
R+D,basal,0,593
R+D,her2,2,593
R+D,luminal,0,593
R+P+D,basal,0,593
R+P+D,her2,1,593
R+P+D,luminal,0,593
MOFA+,basal,3,593
MOFA+,her2,7,593
MOFA+,luminal,1,593
R,basal,1,594
R,her2,5,594
R,luminal,1,594
R+P,basal,2,594
R+P,her2,2,594
R+P,luminal,3,594
R+D,basal,2,594
R+D,her2,5,594
R+D,luminal,2,594
R+P+D,basal,2,594
R+P+D,her2,4,594
R+P+D,luminal,3,594
MOFA+,basal,1,594
MOFA+,her2,1,594
MOFA+,luminal,1,594
R,basal,1,595
R,her2,0,595
R,luminal,4,595
R+P,basal,1,595
R+P,her2,0,595
R+P,luminal,5,595
R+D,basal,1,595
R+D,her2,0,595
R+D,luminal,5,595
R+P+D,basal,1,595
R+P+D,her2,0,595
R+P+D,luminal,2,595
MOFA+,basal,2,595
MOFA+,her2,1,595
MOFA+,luminal,0,595
R,basal,2,596
R,her2,3,596
R,luminal,1,596
R+P,basal,3,596
R+P,her2,3,596
R+P,luminal,1,596
R+D,basal,1,596
R+D,her2,0,596
R+D,luminal,2,596
R+P+D,basal,2,596
R+P+D,her2,2,596
R+P+D,luminal,4,596
MOFA+,basal,1,596
MOFA+,her2,0,596
MOFA+,luminal,1,596
R,basal,0,597
R,her2,1,597
R,luminal,0,597
R+P,basal,0,597
R+P,her2,1,597
R+P,luminal,0,597
R+D,basal,0,597
R+D,her2,1,597
R+D,luminal,1,597
R+P+D,basal,0,597
R+P+D,her2,2,597
R+P+D,luminal,3,597
MOFA+,basal,1,597
MOFA+,her2,0,597
MOFA+,luminal,0,597
R,basal,0,598
R,her2,0,598
R,luminal,0,598
R+P,basal,0,598
R+P,her2,1,598
R+P,luminal,0,598
R+D,basal,0,598
R+D,her2,0,598
R+D,luminal,0,598
R+P+D,basal,0,598
R+P+D,her2,0,598
R+P+D,luminal,0,598
MOFA+,basal,1,598
MOFA+,her2,0,598
MOFA+,luminal,0,598
R,basal,1,599
R,her2,2,599
R,luminal,2,599
R+P,basal,1,599
R+P,her2,3,599
R+P,luminal,3,599
R+D,basal,1,599
R+D,her2,1,599
R+D,luminal,1,599
R+P+D,basal,1,599
R+P+D,her2,2,599
R+P+D,luminal,2,599
MOFA+,basal,0,599
MOFA+,her2,7,599
MOFA+,luminal,0,599
R,basal,0,600
R,her2,3,600
R,luminal,0,600
R+P,basal,0,600
R+P,her2,4,600
R+P,luminal,0,600
R+D,basal,0,600
R+D,her2,2,600
R+D,luminal,0,600
R+P+D,basal,0,600
R+P+D,her2,6,600
R+P+D,luminal,0,600
MOFA+,basal,1,600
MOFA+,her2,7,600
MOFA+,luminal,0,600
R,basal,1,601
R,her2,0,601
R,luminal,0,601
R+P,basal,2,601
R+P,her2,1,601
R+P,luminal,0,601
R+D,basal,0,601
R+D,her2,1,601
R+D,luminal,2,601
R+P+D,basal,1,601
R+P+D,her2,1,601
R+P+D,luminal,2,601
MOFA+,basal,0,601
MOFA+,her2,0,601
MOFA+,luminal,0,601
R,basal,1,602
R,her2,0,602
R,luminal,0,602
R+P,basal,0,602
R+P,her2,0,602
R+P,luminal,0,602
R+D,basal,0,602
R+D,her2,0,602
R+D,luminal,0,602
R+P+D,basal,0,602
R+P+D,her2,0,602
R+P+D,luminal,0,602
MOFA+,basal,0,602
MOFA+,her2,0,602
MOFA+,luminal,0,602
R,basal,0,603
R,her2,0,603
R,luminal,0,603
R+P,basal,1,603
R+P,her2,1,603
R+P,luminal,1,603
R+D,basal,2,603
R+D,her2,1,603
R+D,luminal,0,603
R+P+D,basal,0,603
R+P+D,her2,0,603
R+P+D,luminal,1,603
MOFA+,basal,1,603
MOFA+,her2,0,603
MOFA+,luminal,0,603
R,basal,1,604
R,her2,1,604
R,luminal,0,604
R+P,basal,0,604
R+P,her2,0,604
R+P,luminal,0,604
R+D,basal,0,604
R+D,her2,0,604
R+D,luminal,0,604
R+P+D,basal,1,604
R+P+D,her2,0,604
R+P+D,luminal,0,604
MOFA+,basal,2,604
MOFA+,her2,0,604
MOFA+,luminal,1,604
R,basal,2,605
R,her2,0,605
R,luminal,4,605
R+P,basal,6,605
R+P,her2,1,605
R+P,luminal,4,605
R+D,basal,4,605
R+D,her2,0,605
R+D,luminal,4,605
R+P+D,basal,5,605
R+P+D,her2,1,605
R+P+D,luminal,4,605
MOFA+,basal,1,605
MOFA+,her2,7,605
MOFA+,luminal,1,605
R,basal,0,606
R,her2,0,606
R,luminal,0,606
R+P,basal,3,606
R+P,her2,0,606
R+P,luminal,1,606
R+D,basal,0,606
R+D,her2,0,606
R+D,luminal,0,606
R+P+D,basal,0,606
R+P+D,her2,0,606
R+P+D,luminal,0,606
MOFA+,basal,4,606
MOFA+,her2,3,606
MOFA+,luminal,3,606
R,basal,0,607
R,her2,1,607
R,luminal,0,607
R+P,basal,0,607
R+P,her2,2,607
R+P,luminal,0,607
R+D,basal,0,607
R+D,her2,3,607
R+D,luminal,0,607
R+P+D,basal,0,607
R+P+D,her2,4,607
R+P+D,luminal,1,607
MOFA+,basal,0,607
MOFA+,her2,2,607
MOFA+,luminal,0,607
R,basal,1,608
R,her2,0,608
R,luminal,0,608
R+P,basal,0,608
R+P,her2,0,608
R+P,luminal,0,608
R+D,basal,2,608
R+D,her2,0,608
R+D,luminal,0,608
R+P+D,basal,2,608
R+P+D,her2,0,608
R+P+D,luminal,0,608
MOFA+,basal,0,608
MOFA+,her2,3,608
MOFA+,luminal,3,608
R,basal,0,609
R,her2,0,609
R,luminal,0,609
R+P,basal,0,609
R+P,her2,2,609
R+P,luminal,0,609
R+D,basal,0,609
R+D,her2,6,609
R+D,luminal,0,609
R+P+D,basal,0,609
R+P+D,her2,3,609
R+P+D,luminal,0,609
MOFA+,basal,1,609
MOFA+,her2,0,609
MOFA+,luminal,0,609
R,basal,4,610
R,her2,0,610
R,luminal,0,610
R+P,basal,4,610
R+P,her2,1,610
R+P,luminal,1,610
R+D,basal,4,610
R+D,her2,0,610
R+D,luminal,1,610
R+P+D,basal,6,610
R+P+D,her2,2,610
R+P+D,luminal,2,610
MOFA+,basal,2,610
MOFA+,her2,3,610
MOFA+,luminal,1,610
R,basal,0,611
R,her2,1,611
R,luminal,0,611
R+P,basal,0,611
R+P,her2,1,611
R+P,luminal,0,611
R+D,basal,0,611
R+D,her2,2,611
R+D,luminal,0,611
R+P+D,basal,0,611
R+P+D,her2,2,611
R+P+D,luminal,0,611
MOFA+,basal,1,611
MOFA+,her2,2,611
MOFA+,luminal,0,611
R,basal,1,612
R,her2,0,612
R,luminal,1,612
R+P,basal,1,612
R+P,her2,1,612
R+P,luminal,0,612
R+D,basal,2,612
R+D,her2,1,612
R+D,luminal,2,612
R+P+D,basal,1,612
R+P+D,her2,2,612
R+P+D,luminal,1,612
MOFA+,basal,0,612
MOFA+,her2,1,612
MOFA+,luminal,3,612
R,basal,0,613
R,her2,0,613
R,luminal,0,613
R+P,basal,0,613
R+P,her2,1,613
R+P,luminal,0,613
R+D,basal,1,613
R+D,her2,2,613
R+D,luminal,0,613
R+P+D,basal,0,613
R+P+D,her2,2,613
R+P+D,luminal,0,613
MOFA+,basal,4,613
MOFA+,her2,0,613
MOFA+,luminal,3,613
R,basal,0,614
R,her2,0,614
R,luminal,0,614
R+P,basal,0,614
R+P,her2,0,614
R+P,luminal,0,614
R+D,basal,0,614
R+D,her2,6,614
R+D,luminal,0,614
R+P+D,basal,0,614
R+P+D,her2,4,614
R+P+D,luminal,0,614
MOFA+,basal,0,614
MOFA+,her2,1,614
MOFA+,luminal,0,614
R,basal,2,615
R,her2,1,615
R,luminal,2,615
R+P,basal,1,615
R+P,her2,1,615
R+P,luminal,0,615
R+D,basal,1,615
R+D,her2,0,615
R+D,luminal,0,615
R+P+D,basal,2,615
R+P+D,her2,0,615
R+P+D,luminal,0,615
MOFA+,basal,0,615
MOFA+,her2,0,615
MOFA+,luminal,0,615
R,basal,0,616
R,her2,8,616
R,luminal,0,616
R+P,basal,1,616
R+P,her2,8,616
R+P,luminal,0,616
R+D,basal,0,616
R+D,her2,5,616
R+D,luminal,0,616
R+P+D,basal,1,616
R+P+D,her2,9,616
R+P+D,luminal,0,616
MOFA+,basal,1,616
MOFA+,her2,7,616
MOFA+,luminal,1,616
R,basal,0,617
R,her2,1,617
R,luminal,0,617
R+P,basal,0,617
R+P,her2,0,617
R+P,luminal,0,617
R+D,basal,0,617
R+D,her2,1,617
R+D,luminal,0,617
R+P+D,basal,0,617
R+P+D,her2,1,617
R+P+D,luminal,1,617
MOFA+,basal,4,617
MOFA+,her2,3,617
MOFA+,luminal,0,617
R,basal,0,618
R,her2,1,618
R,luminal,0,618
R+P,basal,0,618
R+P,her2,0,618
R+P,luminal,0,618
R+D,basal,0,618
R+D,her2,3,618
R+D,luminal,2,618
R+P+D,basal,2,618
R+P+D,her2,3,618
R+P+D,luminal,1,618
MOFA+,basal,1,618
MOFA+,her2,0,618
MOFA+,luminal,0,618
R,basal,7,619
R,her2,2,619
R,luminal,4,619
R+P,basal,10,619
R+P,her2,0,619
R+P,luminal,3,619
R+D,basal,5,619
R+D,her2,0,619
R+D,luminal,4,619
R+P+D,basal,7,619
R+P+D,her2,0,619
R+P+D,luminal,2,619
MOFA+,basal,17,619
MOFA+,her2,0,619
MOFA+,luminal,26,619
R,basal,0,620
R,her2,0,620
R,luminal,0,620
R+P,basal,0,620
R+P,her2,0,620
R+P,luminal,0,620
R+D,basal,0,620
R+D,her2,0,620
R+D,luminal,0,620
R+P+D,basal,0,620
R+P+D,her2,0,620
R+P+D,luminal,0,620
MOFA+,basal,0,620
MOFA+,her2,0,620
MOFA+,luminal,3,620
R,basal,0,621
R,her2,4,621
R,luminal,0,621
R+P,basal,0,621
R+P,her2,3,621
R+P,luminal,0,621
R+D,basal,0,621
R+D,her2,1,621
R+D,luminal,1,621
R+P+D,basal,0,621
R+P+D,her2,0,621
R+P+D,luminal,0,621
MOFA+,basal,4,621
MOFA+,her2,0,621
MOFA+,luminal,1,621
R,basal,1,622
R,her2,1,622
R,luminal,2,622
R+P,basal,0,622
R+P,her2,1,622
R+P,luminal,1,622
R+D,basal,1,622
R+D,her2,3,622
R+D,luminal,0,622
R+P+D,basal,2,622
R+P+D,her2,2,622
R+P+D,luminal,0,622
MOFA+,basal,4,622
MOFA+,her2,0,622
MOFA+,luminal,0,622
R,basal,1,623
R,her2,0,623
R,luminal,0,623
R+P,basal,0,623
R+P,her2,1,623
R+P,luminal,0,623
R+D,basal,0,623
R+D,her2,0,623
R+D,luminal,0,623
R+P+D,basal,0,623
R+P+D,her2,0,623
R+P+D,luminal,1,623
MOFA+,basal,0,623
MOFA+,her2,0,623
MOFA+,luminal,0,623
R,basal,1,624
R,her2,1,624
R,luminal,4,624
R+P,basal,2,624
R+P,her2,3,624
R+P,luminal,10,624
R+D,basal,4,624
R+D,her2,3,624
R+D,luminal,5,624
R+P+D,basal,1,624
R+P+D,her2,4,624
R+P+D,luminal,7,624
MOFA+,basal,0,624
MOFA+,her2,0,624
MOFA+,luminal,26,624
R,basal,0,625
R,her2,2,625
R,luminal,2,625
R+P,basal,0,625
R+P,her2,0,625
R+P,luminal,0,625
R+D,basal,0,625
R+D,her2,0,625
R+D,luminal,2,625
R+P+D,basal,0,625
R+P+D,her2,1,625
R+P+D,luminal,1,625
MOFA+,basal,2,625
MOFA+,her2,2,625
MOFA+,luminal,1,625
R,basal,0,626
R,her2,3,626
R,luminal,0,626
R+P,basal,0,626
R+P,her2,2,626
R+P,luminal,0,626
R+D,basal,0,626
R+D,her2,1,626
R+D,luminal,1,626
R+P+D,basal,0,626
R+P+D,her2,1,626
R+P+D,luminal,1,626
MOFA+,basal,1,626
MOFA+,her2,2,626
MOFA+,luminal,3,626
R,basal,0,627
R,her2,2,627
R,luminal,0,627
R+P,basal,0,627
R+P,her2,2,627
R+P,luminal,0,627
R+D,basal,3,627
R+D,her2,8,627
R+D,luminal,0,627
R+P+D,basal,0,627
R+P+D,her2,5,627
R+P+D,luminal,0,627
MOFA+,basal,0,627
MOFA+,her2,0,627
MOFA+,luminal,1,627
R,basal,0,628
R,her2,2,628
R,luminal,0,628
R+P,basal,0,628
R+P,her2,1,628
R+P,luminal,0,628
R+D,basal,0,628
R+D,her2,4,628
R+D,luminal,0,628
R+P+D,basal,0,628
R+P+D,her2,3,628
R+P+D,luminal,0,628
MOFA+,basal,0,628
MOFA+,her2,0,628
MOFA+,luminal,0,628
R,basal,1,629
R,her2,3,629
R,luminal,0,629
R+P,basal,0,629
R+P,her2,1,629
R+P,luminal,0,629
R+D,basal,0,629
R+D,her2,2,629
R+D,luminal,0,629
R+P+D,basal,0,629
R+P+D,her2,2,629
R+P+D,luminal,0,629
MOFA+,basal,0,629
MOFA+,her2,0,629
MOFA+,luminal,0,629
R,basal,2,630
R,her2,1,630
R,luminal,0,630
R+P,basal,4,630
R+P,her2,1,630
R+P,luminal,1,630
R+D,basal,1,630
R+D,her2,0,630
R+D,luminal,2,630
R+P+D,basal,1,630
R+P+D,her2,2,630
R+P+D,luminal,1,630
MOFA+,basal,0,630
MOFA+,her2,0,630
MOFA+,luminal,0,630
R,basal,3,631
R,her2,0,631
R,luminal,1,631
R+P,basal,4,631
R+P,her2,2,631
R+P,luminal,2,631
R+D,basal,6,631
R+D,her2,0,631
R+D,luminal,4,631
R+P+D,basal,5,631
R+P+D,her2,0,631
R+P+D,luminal,2,631
MOFA+,basal,17,631
MOFA+,her2,0,631
MOFA+,luminal,0,631
R,basal,0,632
R,her2,0,632
R,luminal,0,632
R+P,basal,1,632
R+P,her2,1,632
R+P,luminal,0,632
R+D,basal,0,632
R+D,her2,4,632
R+D,luminal,0,632
R+P+D,basal,2,632
R+P+D,her2,0,632
R+P+D,luminal,0,632
MOFA+,basal,1,632
MOFA+,her2,0,632
MOFA+,luminal,0,632
R,basal,0,633
R,her2,1,633
R,luminal,0,633
R+P,basal,1,633
R+P,her2,0,633
R+P,luminal,0,633
R+D,basal,0,633
R+D,her2,1,633
R+D,luminal,0,633
R+P+D,basal,0,633
R+P+D,her2,2,633
R+P+D,luminal,1,633
MOFA+,basal,1,633
MOFA+,her2,2,633
MOFA+,luminal,0,633
R,basal,0,634
R,her2,0,634
R,luminal,0,634
R+P,basal,0,634
R+P,her2,0,634
R+P,luminal,0,634
R+D,basal,0,634
R+D,her2,0,634
R+D,luminal,0,634
R+P+D,basal,1,634
R+P+D,her2,0,634
R+P+D,luminal,0,634
MOFA+,basal,2,634
MOFA+,her2,1,634
MOFA+,luminal,0,634
R,basal,2,635
R,her2,4,635
R,luminal,0,635
R+P,basal,0,635
R+P,her2,1,635
R+P,luminal,2,635
R+D,basal,0,635
R+D,her2,0,635
R+D,luminal,0,635
R+P+D,basal,0,635
R+P+D,her2,1,635
R+P+D,luminal,0,635
MOFA+,basal,1,635
MOFA+,her2,0,635
MOFA+,luminal,0,635
R,basal,0,636
R,her2,1,636
R,luminal,0,636
R+P,basal,0,636
R+P,her2,1,636
R+P,luminal,0,636
R+D,basal,1,636
R+D,her2,1,636
R+D,luminal,0,636
R+P+D,basal,1,636
R+P+D,her2,4,636
R+P+D,luminal,0,636
MOFA+,basal,0,636
MOFA+,her2,0,636
MOFA+,luminal,1,636
R,basal,5,637
R,her2,1,637
R,luminal,5,637
R+P,basal,7,637
R+P,her2,1,637
R+P,luminal,5,637
R+D,basal,10,637
R+D,her2,1,637
R+D,luminal,4,637
R+P+D,basal,7,637
R+P+D,her2,3,637
R+P+D,luminal,4,637
MOFA+,basal,2,637
MOFA+,her2,1,637
MOFA+,luminal,26,637
R,basal,0,638
R,her2,2,638
R,luminal,0,638
R+P,basal,0,638
R+P,her2,2,638
R+P,luminal,0,638
R+D,basal,3,638
R+D,her2,3,638
R+D,luminal,0,638
R+P+D,basal,1,638
R+P+D,her2,2,638
R+P+D,luminal,0,638
MOFA+,basal,4,638
MOFA+,her2,0,638
MOFA+,luminal,1,638
R,basal,0,639
R,her2,0,639
R,luminal,0,639
R+P,basal,0,639
R+P,her2,2,639
R+P,luminal,0,639
R+D,basal,0,639
R+D,her2,3,639
R+D,luminal,0,639
R+P+D,basal,0,639
R+P+D,her2,3,639
R+P+D,luminal,0,639
MOFA+,basal,0,639
MOFA+,her2,0,639
MOFA+,luminal,0,639
R,basal,0,640
R,her2,0,640
R,luminal,1,640
R+P,basal,1,640
R+P,her2,1,640
R+P,luminal,0,640
R+D,basal,0,640
R+D,her2,0,640
R+D,luminal,1,640
R+P+D,basal,0,640
R+P+D,her2,0,640
R+P+D,luminal,2,640
MOFA+,basal,0,640
MOFA+,her2,2,640
MOFA+,luminal,1,640
R,basal,0,641
R,her2,0,641
R,luminal,0,641
R+P,basal,0,641
R+P,her2,0,641
R+P,luminal,0,641
R+D,basal,0,641
R+D,her2,0,641
R+D,luminal,0,641
R+P+D,basal,0,641
R+P+D,her2,1,641
R+P+D,luminal,0,641
MOFA+,basal,0,641
MOFA+,her2,0,641
MOFA+,luminal,0,641
R,basal,2,642
R,her2,1,642
R,luminal,0,642
R+P,basal,1,642
R+P,her2,2,642
R+P,luminal,0,642
R+D,basal,2,642
R+D,her2,3,642
R+D,luminal,0,642
R+P+D,basal,2,642
R+P+D,her2,3,642
R+P+D,luminal,0,642
MOFA+,basal,1,642
MOFA+,her2,0,642
MOFA+,luminal,0,642
R,basal,1,643
R,her2,3,643
R,luminal,0,643
R+P,basal,0,643
R+P,her2,0,643
R+P,luminal,1,643
R+D,basal,0,643
R+D,her2,2,643
R+D,luminal,1,643
R+P+D,basal,1,643
R+P+D,her2,1,643
R+P+D,luminal,2,643
MOFA+,basal,2,643
MOFA+,her2,0,643
MOFA+,luminal,3,643
R,basal,1,644
R,her2,0,644
R,luminal,6,644
R+P,basal,3,644
R+P,her2,0,644
R+P,luminal,12,644
R+D,basal,2,644
R+D,her2,2,644
R+D,luminal,7,644
R+P+D,basal,3,644
R+P+D,her2,0,644
R+P+D,luminal,5,644
MOFA+,basal,17,644
MOFA+,her2,3,644
MOFA+,luminal,0,644
R,basal,1,645
R,her2,0,645
R,luminal,16,645
R+P,basal,4,645
R+P,her2,2,645
R+P,luminal,24,645
R+D,basal,4,645
R+D,her2,0,645
R+D,luminal,9,645
R+P+D,basal,6,645
R+P+D,her2,0,645
R+P+D,luminal,11,645
MOFA+,basal,1,645
MOFA+,her2,2,645
MOFA+,luminal,26,645
R,basal,1,646
R,her2,2,646
R,luminal,3,646
R+P,basal,1,646
R+P,her2,2,646
R+P,luminal,3,646
R+D,basal,3,646
R+D,her2,1,646
R+D,luminal,1,646
R+P+D,basal,2,646
R+P+D,her2,2,646
R+P+D,luminal,1,646
MOFA+,basal,4,646
MOFA+,her2,1,646
MOFA+,luminal,1,646
R,basal,1,647
R,her2,1,647
R,luminal,0,647
R+P,basal,1,647
R+P,her2,3,647
R+P,luminal,0,647
R+D,basal,1,647
R+D,her2,1,647
R+D,luminal,0,647
R+P+D,basal,0,647
R+P+D,her2,5,647
R+P+D,luminal,0,647
MOFA+,basal,1,647
MOFA+,her2,7,647
MOFA+,luminal,0,647
R,basal,1,648
R,her2,0,648
R,luminal,0,648
R+P,basal,0,648
R+P,her2,3,648
R+P,luminal,0,648
R+D,basal,1,648
R+D,her2,2,648
R+D,luminal,0,648
R+P+D,basal,0,648
R+P+D,her2,4,648
R+P+D,luminal,0,648
MOFA+,basal,4,648
MOFA+,her2,1,648
MOFA+,luminal,0,648
R,basal,0,649
R,her2,3,649
R,luminal,0,649
R+P,basal,0,649
R+P,her2,1,649
R+P,luminal,0,649
R+D,basal,2,649
R+D,her2,1,649
R+D,luminal,0,649
R+P+D,basal,0,649
R+P+D,her2,3,649
R+P+D,luminal,0,649
MOFA+,basal,1,649
MOFA+,her2,2,649
MOFA+,luminal,1,649
R,basal,0,650
R,her2,1,650
R,luminal,0,650
R+P,basal,0,650
R+P,her2,1,650
R+P,luminal,0,650
R+D,basal,1,650
R+D,her2,2,650
R+D,luminal,1,650
R+P+D,basal,0,650
R+P+D,her2,1,650
R+P+D,luminal,0,650
MOFA+,basal,1,650
MOFA+,her2,3,650
MOFA+,luminal,0,650
R,basal,0,651
R,her2,1,651
R,luminal,0,651
R+P,basal,1,651
R+P,her2,2,651
R+P,luminal,0,651
R+D,basal,0,651
R+D,her2,0,651
R+D,luminal,0,651
R+P+D,basal,0,651
R+P+D,her2,2,651
R+P+D,luminal,0,651
MOFA+,basal,1,651
MOFA+,her2,0,651
MOFA+,luminal,0,651
R,basal,0,652
R,her2,1,652
R,luminal,0,652
R+P,basal,0,652
R+P,her2,0,652
R+P,luminal,0,652
R+D,basal,0,652
R+D,her2,0,652
R+D,luminal,1,652
R+P+D,basal,0,652
R+P+D,her2,0,652
R+P+D,luminal,1,652
MOFA+,basal,0,652
MOFA+,her2,1,652
MOFA+,luminal,0,652
R,basal,1,653
R,her2,0,653
R,luminal,0,653
R+P,basal,2,653
R+P,her2,0,653
R+P,luminal,0,653
R+D,basal,6,653
R+D,her2,1,653
R+D,luminal,2,653
R+P+D,basal,0,653
R+P+D,her2,2,653
R+P+D,luminal,0,653
MOFA+,basal,0,653
MOFA+,her2,0,653
MOFA+,luminal,1,653
R,basal,2,654
R,her2,2,654
R,luminal,2,654
R+P,basal,0,654
R+P,her2,4,654
R+P,luminal,3,654
R+D,basal,0,654
R+D,her2,1,654
R+D,luminal,1,654
R+P+D,basal,0,654
R+P+D,her2,1,654
R+P+D,luminal,1,654
MOFA+,basal,3,654
MOFA+,her2,1,654
MOFA+,luminal,0,654
R,basal,0,655
R,her2,0,655
R,luminal,0,655
R+P,basal,0,655
R+P,her2,0,655
R+P,luminal,0,655
R+D,basal,0,655
R+D,her2,0,655
R+D,luminal,0,655
R+P+D,basal,0,655
R+P+D,her2,0,655
R+P+D,luminal,0,655
MOFA+,basal,0,655
MOFA+,her2,0,655
MOFA+,luminal,0,655
R,basal,0,656
R,her2,1,656
R,luminal,1,656
R+P,basal,0,656
R+P,her2,1,656
R+P,luminal,0,656
R+D,basal,0,656
R+D,her2,0,656
R+D,luminal,1,656
R+P+D,basal,0,656
R+P+D,her2,2,656
R+P+D,luminal,0,656
MOFA+,basal,0,656
MOFA+,her2,2,656
MOFA+,luminal,1,656
R,basal,2,657
R,her2,3,657
R,luminal,2,657
R+P,basal,0,657
R+P,her2,4,657
R+P,luminal,3,657
R+D,basal,1,657
R+D,her2,4,657
R+D,luminal,1,657
R+P+D,basal,2,657
R+P+D,her2,5,657
R+P+D,luminal,0,657
MOFA+,basal,0,657
MOFA+,her2,2,657
MOFA+,luminal,1,657
R,basal,0,658
R,her2,0,658
R,luminal,2,658
R+P,basal,2,658
R+P,her2,2,658
R+P,luminal,5,658
R+D,basal,3,658
R+D,her2,3,658
R+D,luminal,1,658
R+P+D,basal,6,658
R+P+D,her2,1,658
R+P+D,luminal,1,658
MOFA+,basal,1,658
MOFA+,her2,0,658
MOFA+,luminal,0,658
R,basal,2,659
R,her2,1,659
R,luminal,1,659
R+P,basal,1,659
R+P,her2,5,659
R+P,luminal,1,659
R+D,basal,2,659
R+D,her2,1,659
R+D,luminal,2,659
R+P+D,basal,2,659
R+P+D,her2,1,659
R+P+D,luminal,3,659
MOFA+,basal,1,659
MOFA+,her2,0,659
MOFA+,luminal,1,659
R,basal,1,660
R,her2,0,660
R,luminal,0,660
R+P,basal,2,660
R+P,her2,2,660
R+P,luminal,0,660
R+D,basal,1,660
R+D,her2,2,660
R+D,luminal,1,660
R+P+D,basal,3,660
R+P+D,her2,1,660
R+P+D,luminal,0,660
MOFA+,basal,0,660
MOFA+,her2,0,660
MOFA+,luminal,0,660
R,basal,3,661
R,her2,1,661
R,luminal,1,661
R+P,basal,0,661
R+P,her2,1,661
R+P,luminal,2,661
R+D,basal,0,661
R+D,her2,0,661
R+D,luminal,4,661
R+P+D,basal,1,661
R+P+D,her2,0,661
R+P+D,luminal,4,661
MOFA+,basal,1,661
MOFA+,her2,3,661
MOFA+,luminal,1,661
R,basal,0,662
R,her2,0,662
R,luminal,0,662
R+P,basal,0,662
R+P,her2,1,662
R+P,luminal,0,662
R+D,basal,0,662
R+D,her2,0,662
R+D,luminal,0,662
R+P+D,basal,0,662
R+P+D,her2,0,662
R+P+D,luminal,0,662
MOFA+,basal,2,662
MOFA+,her2,0,662
MOFA+,luminal,1,662
R,basal,2,663
R,her2,0,663
R,luminal,1,663
R+P,basal,2,663
R+P,her2,0,663
R+P,luminal,2,663
R+D,basal,0,663
R+D,her2,0,663
R+D,luminal,0,663
R+P+D,basal,0,663
R+P+D,her2,0,663
R+P+D,luminal,0,663
MOFA+,basal,1,663
MOFA+,her2,1,663
MOFA+,luminal,0,663
R,basal,0,664
R,her2,0,664
R,luminal,0,664
R+P,basal,0,664
R+P,her2,0,664
R+P,luminal,0,664
R+D,basal,0,664
R+D,her2,1,664
R+D,luminal,0,664
R+P+D,basal,0,664
R+P+D,her2,1,664
R+P+D,luminal,0,664
MOFA+,basal,0,664
MOFA+,her2,0,664
MOFA+,luminal,0,664
R,basal,0,665
R,her2,0,665
R,luminal,1,665
R+P,basal,2,665
R+P,her2,0,665
R+P,luminal,0,665
R+D,basal,2,665
R+D,her2,0,665
R+D,luminal,1,665
R+P+D,basal,3,665
R+P+D,her2,0,665
R+P+D,luminal,0,665
MOFA+,basal,1,665
MOFA+,her2,0,665
MOFA+,luminal,0,665
R,basal,3,666
R,her2,0,666
R,luminal,2,666
R+P,basal,6,666
R+P,her2,0,666
R+P,luminal,1,666
R+D,basal,8,666
R+D,her2,0,666
R+D,luminal,1,666
R+P+D,basal,7,666
R+P+D,her2,0,666
R+P+D,luminal,1,666
MOFA+,basal,17,666
MOFA+,her2,0,666
MOFA+,luminal,0,666
R,basal,0,667
R,her2,1,667
R,luminal,1,667
R+P,basal,0,667
R+P,her2,0,667
R+P,luminal,1,667
R+D,basal,2,667
R+D,her2,1,667
R+D,luminal,1,667
R+P+D,basal,0,667
R+P+D,her2,2,667
R+P+D,luminal,1,667
MOFA+,basal,0,667
MOFA+,her2,0,667
MOFA+,luminal,0,667
R,basal,1,668
R,her2,1,668
R,luminal,0,668
R+P,basal,1,668
R+P,her2,1,668
R+P,luminal,3,668
R+D,basal,1,668
R+D,her2,1,668
R+D,luminal,2,668
R+P+D,basal,1,668
R+P+D,her2,2,668
R+P+D,luminal,2,668
MOFA+,basal,4,668
MOFA+,her2,0,668
MOFA+,luminal,1,668
R,basal,0,669
R,her2,3,669
R,luminal,1,669
R+P,basal,0,669
R+P,her2,4,669
R+P,luminal,0,669
R+D,basal,0,669
R+D,her2,3,669
R+D,luminal,2,669
R+P+D,basal,0,669
R+P+D,her2,3,669
R+P+D,luminal,0,669
MOFA+,basal,0,669
MOFA+,her2,0,669
MOFA+,luminal,0,669
R,basal,1,670
R,her2,2,670
R,luminal,1,670
R+P,basal,0,670
R+P,her2,4,670
R+P,luminal,0,670
R+D,basal,0,670
R+D,her2,2,670
R+D,luminal,0,670
R+P+D,basal,2,670
R+P+D,her2,6,670
R+P+D,luminal,1,670
MOFA+,basal,2,670
MOFA+,her2,1,670
MOFA+,luminal,0,670
R,basal,0,671
R,her2,0,671
R,luminal,0,671
R+P,basal,0,671
R+P,her2,1,671
R+P,luminal,0,671
R+D,basal,1,671
R+D,her2,4,671
R+D,luminal,0,671
R+P+D,basal,0,671
R+P+D,her2,8,671
R+P+D,luminal,0,671
MOFA+,basal,0,671
MOFA+,her2,2,671
MOFA+,luminal,1,671
R,basal,0,672
R,her2,0,672
R,luminal,0,672
R+P,basal,0,672
R+P,her2,0,672
R+P,luminal,0,672
R+D,basal,0,672
R+D,her2,1,672
R+D,luminal,0,672
R+P+D,basal,0,672
R+P+D,her2,2,672
R+P+D,luminal,0,672
MOFA+,basal,0,672
MOFA+,her2,0,672
MOFA+,luminal,0,672
R,basal,1,673
R,her2,0,673
R,luminal,1,673
R+P,basal,2,673
R+P,her2,1,673
R+P,luminal,7,673
R+D,basal,1,673
R+D,her2,4,673
R+D,luminal,3,673
R+P+D,basal,0,673
R+P+D,her2,8,673
R+P+D,luminal,7,673
MOFA+,basal,0,673
MOFA+,her2,7,673
MOFA+,luminal,26,673
R,basal,0,674
R,her2,1,674
R,luminal,0,674
R+P,basal,0,674
R+P,her2,0,674
R+P,luminal,0,674
R+D,basal,0,674
R+D,her2,6,674
R+D,luminal,0,674
R+P+D,basal,0,674
R+P+D,her2,3,674
R+P+D,luminal,0,674
MOFA+,basal,0,674
MOFA+,her2,0,674
MOFA+,luminal,1,674
R,basal,0,675
R,her2,0,675
R,luminal,0,675
R+P,basal,0,675
R+P,her2,0,675
R+P,luminal,0,675
R+D,basal,0,675
R+D,her2,0,675
R+D,luminal,0,675
R+P+D,basal,1,675
R+P+D,her2,1,675
R+P+D,luminal,0,675
MOFA+,basal,0,675
MOFA+,her2,1,675
MOFA+,luminal,0,675
R,basal,2,676
R,her2,1,676
R,luminal,0,676
R+P,basal,2,676
R+P,her2,0,676
R+P,luminal,0,676
R+D,basal,6,676
R+D,her2,3,676
R+D,luminal,0,676
R+P+D,basal,6,676
R+P+D,her2,3,676
R+P+D,luminal,0,676
MOFA+,basal,1,676
MOFA+,her2,1,676
MOFA+,luminal,0,676
R,basal,4,677
R,her2,0,677
R,luminal,0,677
R+P,basal,7,677
R+P,her2,0,677
R+P,luminal,0,677
R+D,basal,1,677
R+D,her2,1,677
R+D,luminal,0,677
R+P+D,basal,3,677
R+P+D,her2,1,677
R+P+D,luminal,0,677
MOFA+,basal,0,677
MOFA+,her2,1,677
MOFA+,luminal,0,677
R,basal,2,678
R,her2,0,678
R,luminal,0,678
R+P,basal,1,678
R+P,her2,0,678
R+P,luminal,0,678
R+D,basal,1,678
R+D,her2,1,678
R+D,luminal,0,678
R+P+D,basal,0,678
R+P+D,her2,0,678
R+P+D,luminal,0,678
MOFA+,basal,1,678
MOFA+,her2,3,678
MOFA+,luminal,0,678
R,basal,2,679
R,her2,0,679
R,luminal,4,679
R+P,basal,2,679
R+P,her2,0,679
R+P,luminal,5,679
R+D,basal,3,679
R+D,her2,0,679
R+D,luminal,9,679
R+P+D,basal,4,679
R+P+D,her2,0,679
R+P+D,luminal,11,679
MOFA+,basal,3,679
MOFA+,her2,0,679
MOFA+,luminal,26,679
R,basal,0,680
R,her2,0,680
R,luminal,1,680
R+P,basal,0,680
R+P,her2,0,680
R+P,luminal,0,680
R+D,basal,1,680
R+D,her2,0,680
R+D,luminal,1,680
R+P+D,basal,1,680
R+P+D,her2,0,680
R+P+D,luminal,0,680
MOFA+,basal,0,680
MOFA+,her2,0,680
MOFA+,luminal,0,680
R,basal,2,681
R,her2,3,681
R,luminal,11,681
R+P,basal,7,681
R+P,her2,0,681
R+P,luminal,6,681
R+D,basal,5,681
R+D,her2,3,681
R+D,luminal,1,681
R+P+D,basal,6,681
R+P+D,her2,0,681
R+P+D,luminal,1,681
MOFA+,basal,17,681
MOFA+,her2,0,681
MOFA+,luminal,26,681
R,basal,0,682
R,her2,0,682
R,luminal,0,682
R+P,basal,0,682
R+P,her2,0,682
R+P,luminal,0,682
R+D,basal,0,682
R+D,her2,1,682
R+D,luminal,1,682
R+P+D,basal,0,682
R+P+D,her2,0,682
R+P+D,luminal,1,682
MOFA+,basal,2,682
MOFA+,her2,0,682
MOFA+,luminal,3,682
R,basal,1,683
R,her2,2,683
R,luminal,0,683
R+P,basal,0,683
R+P,her2,0,683
R+P,luminal,2,683
R+D,basal,4,683
R+D,her2,0,683
R+D,luminal,1,683
R+P+D,basal,4,683
R+P+D,her2,0,683
R+P+D,luminal,1,683
MOFA+,basal,0,683
MOFA+,her2,3,683
MOFA+,luminal,3,683
R,basal,0,684
R,her2,0,684
R,luminal,0,684
R+P,basal,0,684
R+P,her2,0,684
R+P,luminal,0,684
R+D,basal,0,684
R+D,her2,0,684
R+D,luminal,1,684
R+P+D,basal,0,684
R+P+D,her2,0,684
R+P+D,luminal,2,684
MOFA+,basal,2,684
MOFA+,her2,1,684
MOFA+,luminal,0,684
R,basal,4,685
R,her2,0,685
R,luminal,1,685
R+P,basal,3,685
R+P,her2,0,685
R+P,luminal,2,685
R+D,basal,7,685
R+D,her2,1,685
R+D,luminal,0,685
R+P+D,basal,2,685
R+P+D,her2,1,685
R+P+D,luminal,0,685
MOFA+,basal,1,685
MOFA+,her2,0,685
MOFA+,luminal,1,685
R,basal,0,686
R,her2,1,686
R,luminal,0,686
R+P,basal,0,686
R+P,her2,3,686
R+P,luminal,0,686
R+D,basal,0,686
R+D,her2,0,686
R+D,luminal,0,686
R+P+D,basal,0,686
R+P+D,her2,0,686
R+P+D,luminal,0,686
MOFA+,basal,1,686
MOFA+,her2,0,686
MOFA+,luminal,0,686
R,basal,6,687
R,her2,0,687
R,luminal,8,687
R+P,basal,6,687
R+P,her2,0,687
R+P,luminal,13,687
R+D,basal,7,687
R+D,her2,0,687
R+D,luminal,8,687
R+P+D,basal,8,687
R+P+D,her2,0,687
R+P+D,luminal,10,687
MOFA+,basal,1,687
MOFA+,her2,0,687
MOFA+,luminal,26,687
R,basal,1,688
R,her2,1,688
R,luminal,0,688
R+P,basal,0,688
R+P,her2,0,688
R+P,luminal,1,688
R+D,basal,0,688
R+D,her2,0,688
R+D,luminal,2,688
R+P+D,basal,0,688
R+P+D,her2,1,688
R+P+D,luminal,0,688
MOFA+,basal,0,688
MOFA+,her2,3,688
MOFA+,luminal,1,688
R,basal,0,689
R,her2,0,689
R,luminal,3,689
R+P,basal,1,689
R+P,her2,0,689
R+P,luminal,3,689
R+D,basal,1,689
R+D,her2,0,689
R+D,luminal,0,689
R+P+D,basal,1,689
R+P+D,her2,0,689
R+P+D,luminal,1,689
MOFA+,basal,0,689
MOFA+,her2,2,689
MOFA+,luminal,4,689
R,basal,0,690
R,her2,1,690
R,luminal,0,690
R+P,basal,1,690
R+P,her2,2,690
R+P,luminal,0,690
R+D,basal,2,690
R+D,her2,2,690
R+D,luminal,0,690
R+P+D,basal,1,690
R+P+D,her2,0,690
R+P+D,luminal,0,690
MOFA+,basal,0,690
MOFA+,her2,0,690
MOFA+,luminal,4,690
R,basal,0,691
R,her2,2,691
R,luminal,1,691
R+P,basal,0,691
R+P,her2,5,691
R+P,luminal,3,691
R+D,basal,2,691
R+D,her2,5,691
R+D,luminal,1,691
R+P+D,basal,2,691
R+P+D,her2,2,691
R+P+D,luminal,2,691
MOFA+,basal,2,691
MOFA+,her2,1,691
MOFA+,luminal,3,691
R,basal,0,692
R,her2,0,692
R,luminal,0,692
R+P,basal,0,692
R+P,her2,0,692
R+P,luminal,0,692
R+D,basal,0,692
R+D,her2,1,692
R+D,luminal,0,692
R+P+D,basal,0,692
R+P+D,her2,1,692
R+P+D,luminal,1,692
MOFA+,basal,2,692
MOFA+,her2,3,692
MOFA+,luminal,0,692
R,basal,0,693
R,her2,0,693
R,luminal,0,693
R+P,basal,0,693
R+P,her2,2,693
R+P,luminal,1,693
R+D,basal,0,693
R+D,her2,2,693
R+D,luminal,0,693
R+P+D,basal,1,693
R+P+D,her2,3,693
R+P+D,luminal,0,693
MOFA+,basal,4,693
MOFA+,her2,2,693
MOFA+,luminal,3,693
R,basal,1,694
R,her2,0,694
R,luminal,1,694
R+P,basal,2,694
R+P,her2,5,694
R+P,luminal,0,694
R+D,basal,0,694
R+D,her2,0,694
R+D,luminal,0,694
R+P+D,basal,0,694
R+P+D,her2,6,694
R+P+D,luminal,0,694
MOFA+,basal,1,694
MOFA+,her2,7,694
MOFA+,luminal,3,694
R,basal,0,695
R,her2,1,695
R,luminal,0,695
R+P,basal,0,695
R+P,her2,1,695
R+P,luminal,3,695
R+D,basal,0,695
R+D,her2,2,695
R+D,luminal,0,695
R+P+D,basal,0,695
R+P+D,her2,1,695
R+P+D,luminal,0,695
MOFA+,basal,0,695
MOFA+,her2,1,695
MOFA+,luminal,0,695
R,basal,1,696
R,her2,0,696
R,luminal,3,696
R+P,basal,3,696
R+P,her2,0,696
R+P,luminal,5,696
R+D,basal,3,696
R+D,her2,0,696
R+D,luminal,2,696
R+P+D,basal,2,696
R+P+D,her2,0,696
R+P+D,luminal,3,696
MOFA+,basal,4,696
MOFA+,her2,0,696
MOFA+,luminal,26,696
R,basal,0,697
R,her2,0,697
R,luminal,0,697
R+P,basal,0,697
R+P,her2,0,697
R+P,luminal,0,697
R+D,basal,0,697
R+D,her2,0,697
R+D,luminal,0,697
R+P+D,basal,0,697
R+P+D,her2,1,697
R+P+D,luminal,0,697
MOFA+,basal,1,697
MOFA+,her2,3,697
MOFA+,luminal,0,697
R,basal,0,698
R,her2,4,698
R,luminal,2,698
R+P,basal,0,698
R+P,her2,5,698
R+P,luminal,2,698
R+D,basal,1,698
R+D,her2,6,698
R+D,luminal,0,698
R+P+D,basal,2,698
R+P+D,her2,5,698
R+P+D,luminal,1,698
MOFA+,basal,2,698
MOFA+,her2,7,698
MOFA+,luminal,0,698
R,basal,0,699
R,her2,0,699
R,luminal,0,699
R+P,basal,0,699
R+P,her2,0,699
R+P,luminal,0,699
R+D,basal,0,699
R+D,her2,0,699
R+D,luminal,0,699
R+P+D,basal,0,699
R+P+D,her2,0,699
R+P+D,luminal,0,699
MOFA+,basal,0,699
MOFA+,her2,3,699
MOFA+,luminal,1,699
R,basal,0,700
R,her2,0,700
R,luminal,0,700
R+P,basal,0,700
R+P,her2,0,700
R+P,luminal,0,700
R+D,basal,0,700
R+D,her2,1,700
R+D,luminal,0,700
R+P+D,basal,0,700
R+P+D,her2,1,700
R+P+D,luminal,0,700
MOFA+,basal,0,700
MOFA+,her2,0,700
MOFA+,luminal,0,700
R,basal,0,701
R,her2,0,701
R,luminal,0,701
R+P,basal,0,701
R+P,her2,1,701
R+P,luminal,0,701
R+D,basal,0,701
R+D,her2,0,701
R+D,luminal,0,701
R+P+D,basal,0,701
R+P+D,her2,1,701
R+P+D,luminal,0,701
MOFA+,basal,0,701
MOFA+,her2,2,701
MOFA+,luminal,1,701
R,basal,0,702
R,her2,0,702
R,luminal,0,702
R+P,basal,0,702
R+P,her2,0,702
R+P,luminal,1,702
R+D,basal,0,702
R+D,her2,0,702
R+D,luminal,0,702
R+P+D,basal,0,702
R+P+D,her2,1,702
R+P+D,luminal,0,702
MOFA+,basal,0,702
MOFA+,her2,2,702
MOFA+,luminal,0,702
R,basal,3,703
R,her2,2,703
R,luminal,0,703
R+P,basal,3,703
R+P,her2,0,703
R+P,luminal,1,703
R+D,basal,2,703
R+D,her2,2,703
R+D,luminal,5,703
R+P+D,basal,4,703
R+P+D,her2,2,703
R+P+D,luminal,1,703
MOFA+,basal,0,703
MOFA+,her2,0,703
MOFA+,luminal,1,703
R,basal,1,704
R,her2,2,704
R,luminal,0,704
R+P,basal,1,704
R+P,her2,1,704
R+P,luminal,0,704
R+D,basal,0,704
R+D,her2,1,704
R+D,luminal,1,704
R+P+D,basal,0,704
R+P+D,her2,3,704
R+P+D,luminal,1,704
MOFA+,basal,0,704
MOFA+,her2,7,704
MOFA+,luminal,0,704
R,basal,1,705
R,her2,1,705
R,luminal,0,705
R+P,basal,3,705
R+P,her2,2,705
R+P,luminal,0,705
R+D,basal,4,705
R+D,her2,0,705
R+D,luminal,0,705
R+P+D,basal,3,705
R+P+D,her2,0,705
R+P+D,luminal,1,705
MOFA+,basal,0,705
MOFA+,her2,0,705
MOFA+,luminal,3,705
R,basal,1,706
R,her2,1,706
R,luminal,0,706
R+P,basal,2,706
R+P,her2,0,706
R+P,luminal,0,706
R+D,basal,1,706
R+D,her2,1,706
R+D,luminal,0,706
R+P+D,basal,1,706
R+P+D,her2,1,706
R+P+D,luminal,1,706
MOFA+,basal,4,706
MOFA+,her2,0,706
MOFA+,luminal,1,706
R,basal,0,707
R,her2,2,707
R,luminal,0,707
R+P,basal,0,707
R+P,her2,1,707
R+P,luminal,0,707
R+D,basal,2,707
R+D,her2,0,707
R+D,luminal,1,707
R+P+D,basal,0,707
R+P+D,her2,0,707
R+P+D,luminal,0,707
MOFA+,basal,2,707
MOFA+,her2,0,707
MOFA+,luminal,1,707
R,basal,0,708
R,her2,3,708
R,luminal,0,708
R+P,basal,0,708
R+P,her2,0,708
R+P,luminal,0,708
R+D,basal,0,708
R+D,her2,0,708
R+D,luminal,0,708
R+P+D,basal,0,708
R+P+D,her2,0,708
R+P+D,luminal,0,708
MOFA+,basal,0,708
MOFA+,her2,0,708
MOFA+,luminal,0,708
R,basal,1,709
R,her2,0,709
R,luminal,0,709
R+P,basal,0,709
R+P,her2,0,709
R+P,luminal,0,709
R+D,basal,0,709
R+D,her2,0,709
R+D,luminal,0,709
R+P+D,basal,0,709
R+P+D,her2,0,709
R+P+D,luminal,0,709
MOFA+,basal,0,709
MOFA+,her2,0,709
MOFA+,luminal,1,709
R,basal,1,710
R,her2,0,710
R,luminal,1,710
R+P,basal,0,710
R+P,her2,0,710
R+P,luminal,2,710
R+D,basal,2,710
R+D,her2,1,710
R+D,luminal,2,710
R+P+D,basal,2,710
R+P+D,her2,0,710
R+P+D,luminal,3,710
MOFA+,basal,2,710
MOFA+,her2,3,710
MOFA+,luminal,1,710
R,basal,0,711
R,her2,2,711
R,luminal,1,711
R+P,basal,0,711
R+P,her2,1,711
R+P,luminal,1,711
R+D,basal,0,711
R+D,her2,1,711
R+D,luminal,0,711
R+P+D,basal,0,711
R+P+D,her2,1,711
R+P+D,luminal,1,711
MOFA+,basal,4,711
MOFA+,her2,0,711
MOFA+,luminal,3,711
R,basal,1,712
R,her2,1,712
R,luminal,0,712
R+P,basal,2,712
R+P,her2,0,712
R+P,luminal,0,712
R+D,basal,2,712
R+D,her2,1,712
R+D,luminal,0,712
R+P+D,basal,3,712
R+P+D,her2,2,712
R+P+D,luminal,0,712
MOFA+,basal,1,712
MOFA+,her2,0,712
MOFA+,luminal,0,712
R,basal,1,713
R,her2,1,713
R,luminal,4,713
R+P,basal,1,713
R+P,her2,3,713
R+P,luminal,9,713
R+D,basal,0,713
R+D,her2,1,713
R+D,luminal,3,713
R+P+D,basal,2,713
R+P+D,her2,3,713
R+P+D,luminal,4,713
MOFA+,basal,4,713
MOFA+,her2,0,713
MOFA+,luminal,26,713
R,basal,1,714
R,her2,0,714
R,luminal,1,714
R+P,basal,1,714
R+P,her2,0,714
R+P,luminal,0,714
R+D,basal,1,714
R+D,her2,6,714
R+D,luminal,3,714
R+P+D,basal,3,714
R+P+D,her2,2,714
R+P+D,luminal,5,714
MOFA+,basal,0,714
MOFA+,her2,2,714
MOFA+,luminal,1,714
R,basal,0,715
R,her2,0,715
R,luminal,0,715
R+P,basal,0,715
R+P,her2,0,715
R+P,luminal,0,715
R+D,basal,0,715
R+D,her2,1,715
R+D,luminal,0,715
R+P+D,basal,0,715
R+P+D,her2,1,715
R+P+D,luminal,0,715
MOFA+,basal,4,715
MOFA+,her2,1,715
MOFA+,luminal,3,715
R,basal,1,716
R,her2,0,716
R,luminal,1,716
R+P,basal,0,716
R+P,her2,0,716
R+P,luminal,1,716
R+D,basal,0,716
R+D,her2,2,716
R+D,luminal,0,716
R+P+D,basal,0,716
R+P+D,her2,0,716
R+P+D,luminal,0,716
MOFA+,basal,0,716
MOFA+,her2,0,716
MOFA+,luminal,0,716
R,basal,0,717
R,her2,1,717
R,luminal,0,717
R+P,basal,1,717
R+P,her2,0,717
R+P,luminal,0,717
R+D,basal,0,717
R+D,her2,1,717
R+D,luminal,0,717
R+P+D,basal,2,717
R+P+D,her2,0,717
R+P+D,luminal,1,717
MOFA+,basal,2,717
MOFA+,her2,0,717
MOFA+,luminal,0,717
R,basal,1,718
R,her2,1,718
R,luminal,0,718
R+P,basal,1,718
R+P,her2,0,718
R+P,luminal,0,718
R+D,basal,0,718
R+D,her2,1,718
R+D,luminal,1,718
R+P+D,basal,0,718
R+P+D,her2,0,718
R+P+D,luminal,1,718
MOFA+,basal,1,718
MOFA+,her2,1,718
MOFA+,luminal,0,718
R,basal,0,719
R,her2,0,719
R,luminal,12,719
R+P,basal,0,719
R+P,her2,1,719
R+P,luminal,12,719
R+D,basal,1,719
R+D,her2,0,719
R+D,luminal,4,719
R+P+D,basal,0,719
R+P+D,her2,0,719
R+P+D,luminal,9,719
MOFA+,basal,0,719
MOFA+,her2,0,719
MOFA+,luminal,1,719
R,basal,0,720
R,her2,1,720
R,luminal,0,720
R+P,basal,0,720
R+P,her2,2,720
R+P,luminal,0,720
R+D,basal,0,720
R+D,her2,5,720
R+D,luminal,0,720
R+P+D,basal,0,720
R+P+D,her2,3,720
R+P+D,luminal,0,720
MOFA+,basal,0,720
MOFA+,her2,3,720
MOFA+,luminal,0,720
R,basal,1,721
R,her2,1,721
R,luminal,0,721
R+P,basal,3,721
R+P,her2,1,721
R+P,luminal,0,721
R+D,basal,4,721
R+D,her2,2,721
R+D,luminal,0,721
R+P+D,basal,4,721
R+P+D,her2,3,721
R+P+D,luminal,0,721
MOFA+,basal,1,721
MOFA+,her2,1,721
MOFA+,luminal,0,721
R,basal,0,722
R,her2,1,722
R,luminal,0,722
R+P,basal,0,722
R+P,her2,1,722
R+P,luminal,0,722
R+D,basal,0,722
R+D,her2,2,722
R+D,luminal,0,722
R+P+D,basal,1,722
R+P+D,her2,2,722
R+P+D,luminal,0,722
MOFA+,basal,2,722
MOFA+,her2,0,722
MOFA+,luminal,0,722
R,basal,1,723
R,her2,1,723
R,luminal,0,723
R+P,basal,0,723
R+P,her2,1,723
R+P,luminal,0,723
R+D,basal,0,723
R+D,her2,0,723
R+D,luminal,0,723
R+P+D,basal,1,723
R+P+D,her2,0,723
R+P+D,luminal,0,723
MOFA+,basal,1,723
MOFA+,her2,1,723
MOFA+,luminal,1,723
R,basal,2,724
R,her2,2,724
R,luminal,1,724
R+P,basal,0,724
R+P,her2,0,724
R+P,luminal,1,724
R+D,basal,1,724
R+D,her2,3,724
R+D,luminal,2,724
R+P+D,basal,3,724
R+P+D,her2,2,724
R+P+D,luminal,1,724
MOFA+,basal,2,724
MOFA+,her2,0,724
MOFA+,luminal,0,724
R,basal,0,725
R,her2,0,725
R,luminal,1,725
R+P,basal,3,725
R+P,her2,3,725
R+P,luminal,2,725
R+D,basal,1,725
R+D,her2,0,725
R+D,luminal,2,725
R+P+D,basal,2,725
R+P+D,her2,2,725
R+P+D,luminal,1,725
MOFA+,basal,0,725
MOFA+,her2,0,725
MOFA+,luminal,0,725
R,basal,1,726
R,her2,1,726
R,luminal,0,726
R+P,basal,2,726
R+P,her2,1,726
R+P,luminal,0,726
R+D,basal,6,726
R+D,her2,1,726
R+D,luminal,1,726
R+P+D,basal,4,726
R+P+D,her2,0,726
R+P+D,luminal,2,726
MOFA+,basal,0,726
MOFA+,her2,0,726
MOFA+,luminal,0,726
R,basal,0,727
R,her2,2,727
R,luminal,0,727
R+P,basal,0,727
R+P,her2,0,727
R+P,luminal,0,727
R+D,basal,0,727
R+D,her2,0,727
R+D,luminal,1,727
R+P+D,basal,0,727
R+P+D,her2,2,727
R+P+D,luminal,0,727
MOFA+,basal,0,727
MOFA+,her2,0,727
MOFA+,luminal,0,727
R,basal,1,728
R,her2,1,728
R,luminal,0,728
R+P,basal,1,728
R+P,her2,1,728
R+P,luminal,0,728
R+D,basal,0,728
R+D,her2,3,728
R+D,luminal,2,728
R+P+D,basal,1,728
R+P+D,her2,3,728
R+P+D,luminal,0,728
MOFA+,basal,0,728
MOFA+,her2,0,728
MOFA+,luminal,1,728
R,basal,1,729
R,her2,1,729
R,luminal,2,729
R+P,basal,1,729
R+P,her2,1,729
R+P,luminal,4,729
R+D,basal,2,729
R+D,her2,0,729
R+D,luminal,2,729
R+P+D,basal,2,729
R+P+D,her2,0,729
R+P+D,luminal,3,729
MOFA+,basal,0,729
MOFA+,her2,1,729
MOFA+,luminal,4,729
R,basal,0,730
R,her2,0,730
R,luminal,0,730
R+P,basal,1,730
R+P,her2,0,730
R+P,luminal,0,730
R+D,basal,3,730
R+D,her2,0,730
R+D,luminal,0,730
R+P+D,basal,0,730
R+P+D,her2,0,730
R+P+D,luminal,1,730
MOFA+,basal,2,730
MOFA+,her2,0,730
MOFA+,luminal,0,730
R,basal,0,731
R,her2,0,731
R,luminal,0,731
R+P,basal,0,731
R+P,her2,3,731
R+P,luminal,0,731
R+D,basal,0,731
R+D,her2,1,731
R+D,luminal,0,731
R+P+D,basal,0,731
R+P+D,her2,1,731
R+P+D,luminal,0,731
MOFA+,basal,0,731
MOFA+,her2,0,731
MOFA+,luminal,0,731
R,basal,1,732
R,her2,0,732
R,luminal,0,732
R+P,basal,0,732
R+P,her2,0,732
R+P,luminal,1,732
R+D,basal,0,732
R+D,her2,0,732
R+D,luminal,0,732
R+P+D,basal,1,732
R+P+D,her2,0,732
R+P+D,luminal,0,732
MOFA+,basal,1,732
MOFA+,her2,0,732
MOFA+,luminal,1,732
R,basal,3,733
R,her2,3,733
R,luminal,4,733
R+P,basal,1,733
R+P,her2,2,733
R+P,luminal,5,733
R+D,basal,0,733
R+D,her2,3,733
R+D,luminal,2,733
R+P+D,basal,1,733
R+P+D,her2,6,733
R+P+D,luminal,1,733
MOFA+,basal,2,733
MOFA+,her2,7,733
MOFA+,luminal,0,733
R,basal,1,734
R,her2,2,734
R,luminal,0,734
R+P,basal,0,734
R+P,her2,3,734
R+P,luminal,0,734
R+D,basal,0,734
R+D,her2,7,734
R+D,luminal,0,734
R+P+D,basal,0,734
R+P+D,her2,6,734
R+P+D,luminal,0,734
MOFA+,basal,2,734
MOFA+,her2,3,734
MOFA+,luminal,0,734
R,basal,0,735
R,her2,1,735
R,luminal,0,735
R+P,basal,0,735
R+P,her2,6,735
R+P,luminal,0,735
R+D,basal,0,735
R+D,her2,1,735
R+D,luminal,0,735
R+P+D,basal,0,735
R+P+D,her2,4,735
R+P+D,luminal,0,735
MOFA+,basal,0,735
MOFA+,her2,1,735
MOFA+,luminal,0,735
R,basal,1,736
R,her2,0,736
R,luminal,0,736
R+P,basal,0,736
R+P,her2,1,736
R+P,luminal,0,736
R+D,basal,0,736
R+D,her2,1,736
R+D,luminal,0,736
R+P+D,basal,0,736
R+P+D,her2,3,736
R+P+D,luminal,0,736
MOFA+,basal,1,736
MOFA+,her2,1,736
MOFA+,luminal,0,736
R,basal,5,737
R,her2,0,737
R,luminal,4,737
R+P,basal,6,737
R+P,her2,1,737
R+P,luminal,4,737
R+D,basal,6,737
R+D,her2,0,737
R+D,luminal,1,737
R+P+D,basal,9,737
R+P+D,her2,0,737
R+P+D,luminal,3,737
MOFA+,basal,17,737
MOFA+,her2,2,737
MOFA+,luminal,0,737
R,basal,1,738
R,her2,0,738
R,luminal,1,738
R+P,basal,0,738
R+P,her2,0,738
R+P,luminal,0,738
R+D,basal,1,738
R+D,her2,0,738
R+D,luminal,0,738
R+P+D,basal,0,738
R+P+D,her2,0,738
R+P+D,luminal,0,738
MOFA+,basal,2,738
MOFA+,her2,1,738
MOFA+,luminal,0,738
R,basal,2,739
R,her2,0,739
R,luminal,0,739
R+P,basal,1,739
R+P,her2,0,739
R+P,luminal,0,739
R+D,basal,1,739
R+D,her2,0,739
R+D,luminal,2,739
R+P+D,basal,0,739
R+P+D,her2,1,739
R+P+D,luminal,1,739
MOFA+,basal,0,739
MOFA+,her2,0,739
MOFA+,luminal,0,739
R,basal,0,740
R,her2,0,740
R,luminal,3,740
R+P,basal,1,740
R+P,her2,1,740
R+P,luminal,4,740
R+D,basal,1,740
R+D,her2,2,740
R+D,luminal,2,740
R+P+D,basal,0,740
R+P+D,her2,2,740
R+P+D,luminal,1,740
MOFA+,basal,2,740
MOFA+,her2,2,740
MOFA+,luminal,0,740
R,basal,0,741
R,her2,2,741
R,luminal,0,741
R+P,basal,0,741
R+P,her2,0,741
R+P,luminal,0,741
R+D,basal,3,741
R+D,her2,0,741
R+D,luminal,3,741
R+P+D,basal,3,741
R+P+D,her2,3,741
R+P+D,luminal,2,741
MOFA+,basal,0,741
MOFA+,her2,0,741
MOFA+,luminal,1,741
R,basal,2,742
R,her2,2,742
R,luminal,2,742
R+P,basal,1,742
R+P,her2,3,742
R+P,luminal,1,742
R+D,basal,2,742
R+D,her2,1,742
R+D,luminal,3,742
R+P+D,basal,0,742
R+P+D,her2,2,742
R+P+D,luminal,1,742
MOFA+,basal,0,742
MOFA+,her2,0,742
MOFA+,luminal,1,742
R,basal,1,743
R,her2,0,743
R,luminal,0,743
R+P,basal,1,743
R+P,her2,1,743
R+P,luminal,3,743
R+D,basal,0,743
R+D,her2,1,743
R+D,luminal,5,743
R+P+D,basal,0,743
R+P+D,her2,1,743
R+P+D,luminal,5,743
MOFA+,basal,1,743
MOFA+,her2,1,743
MOFA+,luminal,0,743
R,basal,0,744
R,her2,0,744
R,luminal,0,744
R+P,basal,2,744
R+P,her2,0,744
R+P,luminal,0,744
R+D,basal,1,744
R+D,her2,6,744
R+D,luminal,0,744
R+P+D,basal,1,744
R+P+D,her2,3,744
R+P+D,luminal,0,744
MOFA+,basal,1,744
MOFA+,her2,0,744
MOFA+,luminal,0,744
R,basal,1,745
R,her2,1,745
R,luminal,8,745
R+P,basal,2,745
R+P,her2,1,745
R+P,luminal,5,745
R+D,basal,1,745
R+D,her2,0,745
R+D,luminal,1,745
R+P+D,basal,2,745
R+P+D,her2,3,745
R+P+D,luminal,2,745
MOFA+,basal,1,745
MOFA+,her2,2,745
MOFA+,luminal,26,745
R,basal,0,746
R,her2,3,746
R,luminal,0,746
R+P,basal,1,746
R+P,her2,3,746
R+P,luminal,1,746
R+D,basal,0,746
R+D,her2,3,746
R+D,luminal,1,746
R+P+D,basal,1,746
R+P+D,her2,5,746
R+P+D,luminal,0,746
MOFA+,basal,0,746
MOFA+,her2,1,746
MOFA+,luminal,1,746
R,basal,1,747
R,her2,2,747
R,luminal,1,747
R+P,basal,2,747
R+P,her2,3,747
R+P,luminal,2,747
R+D,basal,4,747
R+D,her2,3,747
R+D,luminal,3,747
R+P+D,basal,5,747
R+P+D,her2,5,747
R+P+D,luminal,3,747
MOFA+,basal,2,747
MOFA+,her2,1,747
MOFA+,luminal,0,747
R,basal,0,748
R,her2,1,748
R,luminal,0,748
R+P,basal,0,748
R+P,her2,1,748
R+P,luminal,0,748
R+D,basal,0,748
R+D,her2,0,748
R+D,luminal,0,748
R+P+D,basal,1,748
R+P+D,her2,2,748
R+P+D,luminal,0,748
MOFA+,basal,1,748
MOFA+,her2,0,748
MOFA+,luminal,0,748
R,basal,0,749
R,her2,0,749
R,luminal,0,749
R+P,basal,0,749
R+P,her2,0,749
R+P,luminal,2,749
R+D,basal,0,749
R+D,her2,0,749
R+D,luminal,5,749
R+P+D,basal,1,749
R+P+D,her2,2,749
R+P+D,luminal,4,749
MOFA+,basal,0,749
MOFA+,her2,2,749
MOFA+,luminal,0,749
R,basal,0,750
R,her2,0,750
R,luminal,0,750
R+P,basal,1,750
R+P,her2,0,750
R+P,luminal,0,750
R+D,basal,1,750
R+D,her2,0,750
R+D,luminal,1,750
R+P+D,basal,3,750
R+P+D,her2,0,750
R+P+D,luminal,0,750
MOFA+,basal,4,750
MOFA+,her2,0,750
MOFA+,luminal,3,750
R,basal,0,751
R,her2,1,751
R,luminal,0,751
R+P,basal,1,751
R+P,her2,1,751
R+P,luminal,0,751
R+D,basal,2,751
R+D,her2,2,751
R+D,luminal,0,751
R+P+D,basal,3,751
R+P+D,her2,4,751
R+P+D,luminal,1,751
MOFA+,basal,4,751
MOFA+,her2,0,751
MOFA+,luminal,0,751
R,basal,0,752
R,her2,0,752
R,luminal,0,752
R+P,basal,0,752
R+P,her2,2,752
R+P,luminal,0,752
R+D,basal,1,752
R+D,her2,3,752
R+D,luminal,0,752
R+P+D,basal,0,752
R+P+D,her2,4,752
R+P+D,luminal,0,752
MOFA+,basal,1,752
MOFA+,her2,0,752
MOFA+,luminal,1,752
R,basal,2,753
R,her2,0,753
R,luminal,0,753
R+P,basal,1,753
R+P,her2,0,753
R+P,luminal,0,753
R+D,basal,1,753
R+D,her2,1,753
R+D,luminal,2,753
R+P+D,basal,3,753
R+P+D,her2,2,753
R+P+D,luminal,0,753
MOFA+,basal,2,753
MOFA+,her2,3,753
MOFA+,luminal,3,753
R,basal,1,754
R,her2,0,754
R,luminal,0,754
R+P,basal,0,754
R+P,her2,1,754
R+P,luminal,0,754
R+D,basal,2,754
R+D,her2,1,754
R+D,luminal,0,754
R+P+D,basal,1,754
R+P+D,her2,2,754
R+P+D,luminal,1,754
MOFA+,basal,2,754
MOFA+,her2,0,754
MOFA+,luminal,0,754
R,basal,0,755
R,her2,3,755
R,luminal,1,755
R+P,basal,0,755
R+P,her2,6,755
R+P,luminal,0,755
R+D,basal,0,755
R+D,her2,0,755
R+D,luminal,0,755
R+P+D,basal,0,755
R+P+D,her2,1,755
R+P+D,luminal,0,755
MOFA+,basal,1,755
MOFA+,her2,7,755
MOFA+,luminal,0,755
R,basal,2,756
R,her2,0,756
R,luminal,0,756
R+P,basal,0,756
R+P,her2,0,756
R+P,luminal,0,756
R+D,basal,1,756
R+D,her2,2,756
R+D,luminal,0,756
R+P+D,basal,1,756
R+P+D,her2,1,756
R+P+D,luminal,0,756
MOFA+,basal,1,756
MOFA+,her2,3,756
MOFA+,luminal,0,756
R,basal,0,757
R,her2,2,757
R,luminal,0,757
R+P,basal,0,757
R+P,her2,0,757
R+P,luminal,0,757
R+D,basal,0,757
R+D,her2,0,757
R+D,luminal,0,757
R+P+D,basal,0,757
R+P+D,her2,2,757
R+P+D,luminal,0,757
MOFA+,basal,1,757
MOFA+,her2,0,757
MOFA+,luminal,0,757
R,basal,1,758
R,her2,0,758
R,luminal,2,758
R+P,basal,1,758
R+P,her2,0,758
R+P,luminal,3,758
R+D,basal,0,758
R+D,her2,2,758
R+D,luminal,2,758
R+P+D,basal,1,758
R+P+D,her2,0,758
R+P+D,luminal,2,758
MOFA+,basal,2,758
MOFA+,her2,0,758
MOFA+,luminal,0,758
R,basal,0,759
R,her2,0,759
R,luminal,1,759
R+P,basal,0,759
R+P,her2,1,759
R+P,luminal,1,759
R+D,basal,1,759
R+D,her2,1,759
R+D,luminal,2,759
R+P+D,basal,2,759
R+P+D,her2,0,759
R+P+D,luminal,2,759
MOFA+,basal,0,759
MOFA+,her2,2,759
MOFA+,luminal,0,759
R,basal,0,760
R,her2,3,760
R,luminal,1,760
R+P,basal,0,760
R+P,her2,4,760
R+P,luminal,1,760
R+D,basal,0,760
R+D,her2,1,760
R+D,luminal,5,760
R+P+D,basal,0,760
R+P+D,her2,3,760
R+P+D,luminal,5,760
MOFA+,basal,1,760
MOFA+,her2,0,760
MOFA+,luminal,0,760
R,basal,1,761
R,her2,1,761
R,luminal,0,761
R+P,basal,0,761
R+P,her2,3,761
R+P,luminal,0,761
R+D,basal,0,761
R+D,her2,1,761
R+D,luminal,0,761
R+P+D,basal,0,761
R+P+D,her2,1,761
R+P+D,luminal,0,761
MOFA+,basal,1,761
MOFA+,her2,1,761
MOFA+,luminal,0,761
R,basal,1,762
R,her2,1,762
R,luminal,1,762
R+P,basal,0,762
R+P,her2,0,762
R+P,luminal,4,762
R+D,basal,2,762
R+D,her2,2,762
R+D,luminal,0,762
R+P+D,basal,1,762
R+P+D,her2,3,762
R+P+D,luminal,0,762
MOFA+,basal,0,762
MOFA+,her2,0,762
MOFA+,luminal,1,762
R,basal,0,763
R,her2,0,763
R,luminal,0,763
R+P,basal,0,763
R+P,her2,0,763
R+P,luminal,0,763
R+D,basal,0,763
R+D,her2,1,763
R+D,luminal,3,763
R+P+D,basal,0,763
R+P+D,her2,1,763
R+P+D,luminal,0,763
MOFA+,basal,1,763
MOFA+,her2,0,763
MOFA+,luminal,0,763
R,basal,0,764
R,her2,0,764
R,luminal,0,764
R+P,basal,0,764
R+P,her2,4,764
R+P,luminal,0,764
R+D,basal,0,764
R+D,her2,2,764
R+D,luminal,0,764
R+P+D,basal,0,764
R+P+D,her2,3,764
R+P+D,luminal,0,764
MOFA+,basal,1,764
MOFA+,her2,0,764
MOFA+,luminal,0,764
R,basal,1,765
R,her2,1,765
R,luminal,1,765
R+P,basal,1,765
R+P,her2,0,765
R+P,luminal,2,765
R+D,basal,4,765
R+D,her2,0,765
R+D,luminal,2,765
R+P+D,basal,5,765
R+P+D,her2,2,765
R+P+D,luminal,2,765
MOFA+,basal,2,765
MOFA+,her2,0,765
MOFA+,luminal,1,765
R,basal,2,766
R,her2,3,766
R,luminal,1,766
R+P,basal,2,766
R+P,her2,1,766
R+P,luminal,5,766
R+D,basal,1,766
R+D,her2,1,766
R+D,luminal,4,766
R+P+D,basal,1,766
R+P+D,her2,1,766
R+P+D,luminal,4,766
MOFA+,basal,0,766
MOFA+,her2,0,766
MOFA+,luminal,26,766
R,basal,2,767
R,her2,0,767
R,luminal,4,767
R+P,basal,5,767
R+P,her2,0,767
R+P,luminal,5,767
R+D,basal,2,767
R+D,her2,0,767
R+D,luminal,1,767
R+P+D,basal,2,767
R+P+D,her2,0,767
R+P+D,luminal,1,767
MOFA+,basal,1,767
MOFA+,her2,0,767
MOFA+,luminal,0,767
R,basal,0,768
R,her2,1,768
R,luminal,0,768
R+P,basal,1,768
R+P,her2,1,768
R+P,luminal,0,768
R+D,basal,1,768
R+D,her2,1,768
R+D,luminal,1,768
R+P+D,basal,0,768
R+P+D,her2,2,768
R+P+D,luminal,1,768
MOFA+,basal,1,768
MOFA+,her2,3,768
MOFA+,luminal,1,768
R,basal,4,769
R,her2,0,769
R,luminal,4,769
R+P,basal,3,769
R+P,her2,1,769
R+P,luminal,3,769
R+D,basal,3,769
R+D,her2,0,769
R+D,luminal,10,769
R+P+D,basal,5,769
R+P+D,her2,0,769
R+P+D,luminal,8,769
MOFA+,basal,1,769
MOFA+,her2,0,769
MOFA+,luminal,26,769
R,basal,0,770
R,her2,0,770
R,luminal,0,770
R+P,basal,0,770
R+P,her2,0,770
R+P,luminal,0,770
R+D,basal,2,770
R+D,her2,0,770
R+D,luminal,0,770
R+P+D,basal,3,770
R+P+D,her2,1,770
R+P+D,luminal,0,770
MOFA+,basal,4,770
MOFA+,her2,1,770
MOFA+,luminal,0,770
R,basal,0,771
R,her2,6,771
R,luminal,1,771
R+P,basal,0,771
R+P,her2,8,771
R+P,luminal,1,771
R+D,basal,2,771
R+D,her2,2,771
R+D,luminal,0,771
R+P+D,basal,0,771
R+P+D,her2,3,771
R+P+D,luminal,0,771
MOFA+,basal,1,771
MOFA+,her2,7,771
MOFA+,luminal,0,771
R,basal,0,772
R,her2,1,772
R,luminal,1,772
R+P,basal,0,772
R+P,her2,2,772
R+P,luminal,0,772
R+D,basal,0,772
R+D,her2,1,772
R+D,luminal,0,772
R+P+D,basal,0,772
R+P+D,her2,2,772
R+P+D,luminal,0,772
MOFA+,basal,0,772
MOFA+,her2,1,772
MOFA+,luminal,0,772
R,basal,0,773
R,her2,1,773
R,luminal,1,773
R+P,basal,0,773
R+P,her2,2,773
R+P,luminal,1,773
R+D,basal,0,773
R+D,her2,1,773
R+D,luminal,1,773
R+P+D,basal,0,773
R+P+D,her2,0,773
R+P+D,luminal,2,773
MOFA+,basal,1,773
MOFA+,her2,1,773
MOFA+,luminal,0,773
R,basal,0,774
R,her2,0,774
R,luminal,2,774
R+P,basal,0,774
R+P,her2,2,774
R+P,luminal,1,774
R+D,basal,2,774
R+D,her2,1,774
R+D,luminal,1,774
R+P+D,basal,2,774
R+P+D,her2,1,774
R+P+D,luminal,3,774
MOFA+,basal,3,774
MOFA+,her2,7,774
MOFA+,luminal,1,774
R,basal,2,775
R,her2,1,775
R,luminal,2,775
R+P,basal,1,775
R+P,her2,1,775
R+P,luminal,3,775
R+D,basal,4,775
R+D,her2,3,775
R+D,luminal,7,775
R+P+D,basal,3,775
R+P+D,her2,1,775
R+P+D,luminal,6,775
MOFA+,basal,4,775
MOFA+,her2,0,775
MOFA+,luminal,3,775
R,basal,0,776
R,her2,0,776
R,luminal,6,776
R+P,basal,1,776
R+P,her2,0,776
R+P,luminal,9,776
R+D,basal,6,776
R+D,her2,0,776
R+D,luminal,9,776
R+P+D,basal,5,776
R+P+D,her2,0,776
R+P+D,luminal,9,776
MOFA+,basal,4,776
MOFA+,her2,0,776
MOFA+,luminal,0,776
R,basal,4,777
R,her2,0,777
R,luminal,1,777
R+P,basal,8,777
R+P,her2,1,777
R+P,luminal,2,777
R+D,basal,5,777
R+D,her2,1,777
R+D,luminal,1,777
R+P+D,basal,6,777
R+P+D,her2,1,777
R+P+D,luminal,3,777
MOFA+,basal,17,777
MOFA+,her2,3,777
MOFA+,luminal,1,777
R,basal,0,778
R,her2,1,778
R,luminal,0,778
R+P,basal,0,778
R+P,her2,1,778
R+P,luminal,0,778
R+D,basal,0,778
R+D,her2,0,778
R+D,luminal,0,778
R+P+D,basal,0,778
R+P+D,her2,1,778
R+P+D,luminal,0,778
MOFA+,basal,0,778
MOFA+,her2,0,778
MOFA+,luminal,1,778
R,basal,0,779
R,her2,0,779
R,luminal,0,779
R+P,basal,3,779
R+P,her2,2,779
R+P,luminal,0,779
R+D,basal,2,779
R+D,her2,2,779
R+D,luminal,4,779
R+P+D,basal,8,779
R+P+D,her2,2,779
R+P+D,luminal,3,779
MOFA+,basal,17,779
MOFA+,her2,3,779
MOFA+,luminal,1,779
R,basal,1,780
R,her2,0,780
R,luminal,1,780
R+P,basal,0,780
R+P,her2,0,780
R+P,luminal,0,780
R+D,basal,2,780
R+D,her2,1,780
R+D,luminal,0,780
R+P+D,basal,2,780
R+P+D,her2,1,780
R+P+D,luminal,0,780
MOFA+,basal,2,780
MOFA+,her2,0,780
MOFA+,luminal,4,780
R,basal,2,781
R,her2,5,781
R,luminal,0,781
R+P,basal,1,781
R+P,her2,1,781
R+P,luminal,0,781
R+D,basal,1,781
R+D,her2,4,781
R+D,luminal,0,781
R+P+D,basal,0,781
R+P+D,her2,1,781
R+P+D,luminal,0,781
MOFA+,basal,4,781
MOFA+,her2,7,781
MOFA+,luminal,0,781
R,basal,1,782
R,her2,0,782
R,luminal,0,782
R+P,basal,0,782
R+P,her2,0,782
R+P,luminal,0,782
R+D,basal,1,782
R+D,her2,0,782
R+D,luminal,1,782
R+P+D,basal,2,782
R+P+D,her2,0,782
R+P+D,luminal,0,782
MOFA+,basal,0,782
MOFA+,her2,0,782
MOFA+,luminal,0,782
R,basal,1,783
R,her2,1,783
R,luminal,1,783
R+P,basal,0,783
R+P,her2,1,783
R+P,luminal,1,783
R+D,basal,0,783
R+D,her2,2,783
R+D,luminal,1,783
R+P+D,basal,1,783
R+P+D,her2,2,783
R+P+D,luminal,0,783
MOFA+,basal,0,783
MOFA+,her2,0,783
MOFA+,luminal,1,783
R,basal,8,784
R,her2,1,784
R,luminal,4,784
R+P,basal,7,784
R+P,her2,0,784
R+P,luminal,6,784
R+D,basal,12,784
R+D,her2,0,784
R+D,luminal,8,784
R+P+D,basal,10,784
R+P+D,her2,0,784
R+P+D,luminal,7,784
MOFA+,basal,3,784
MOFA+,her2,0,784
MOFA+,luminal,1,784
R,basal,2,785
R,her2,0,785
R,luminal,2,785
R+P,basal,0,785
R+P,her2,0,785
R+P,luminal,2,785
R+D,basal,0,785
R+D,her2,2,785
R+D,luminal,4,785
R+P+D,basal,3,785
R+P+D,her2,0,785
R+P+D,luminal,6,785
MOFA+,basal,2,785
MOFA+,her2,0,785
MOFA+,luminal,26,785
R,basal,0,786
R,her2,2,786
R,luminal,0,786
R+P,basal,0,786
R+P,her2,1,786
R+P,luminal,0,786
R+D,basal,0,786
R+D,her2,1,786
R+D,luminal,0,786
R+P+D,basal,0,786
R+P+D,her2,1,786
R+P+D,luminal,0,786
MOFA+,basal,0,786
MOFA+,her2,3,786
MOFA+,luminal,1,786
R,basal,1,787
R,her2,3,787
R,luminal,0,787
R+P,basal,0,787
R+P,her2,2,787
R+P,luminal,0,787
R+D,basal,1,787
R+D,her2,0,787
R+D,luminal,0,787
R+P+D,basal,0,787
R+P+D,her2,1,787
R+P+D,luminal,0,787
MOFA+,basal,1,787
MOFA+,her2,0,787
MOFA+,luminal,0,787
R,basal,0,788
R,her2,0,788
R,luminal,0,788
R+P,basal,0,788
R+P,her2,2,788
R+P,luminal,0,788
R+D,basal,1,788
R+D,her2,3,788
R+D,luminal,0,788
R+P+D,basal,0,788
R+P+D,her2,3,788
R+P+D,luminal,0,788
MOFA+,basal,1,788
MOFA+,her2,1,788
MOFA+,luminal,1,788
R,basal,0,789
R,her2,1,789
R,luminal,0,789
R+P,basal,0,789
R+P,her2,0,789
R+P,luminal,0,789
R+D,basal,1,789
R+D,her2,3,789
R+D,luminal,1,789
R+P+D,basal,0,789
R+P+D,her2,3,789
R+P+D,luminal,0,789
MOFA+,basal,3,789
MOFA+,her2,0,789
MOFA+,luminal,1,789
R,basal,0,790
R,her2,2,790
R,luminal,0,790
R+P,basal,0,790
R+P,her2,1,790
R+P,luminal,0,790
R+D,basal,0,790
R+D,her2,2,790
R+D,luminal,1,790
R+P+D,basal,0,790
R+P+D,her2,1,790
R+P+D,luminal,0,790
MOFA+,basal,1,790
MOFA+,her2,0,790
MOFA+,luminal,1,790
R,basal,2,791
R,her2,0,791
R,luminal,0,791
R+P,basal,1,791
R+P,her2,0,791
R+P,luminal,0,791
R+D,basal,0,791
R+D,her2,1,791
R+D,luminal,3,791
R+P+D,basal,0,791
R+P+D,her2,1,791
R+P+D,luminal,4,791
MOFA+,basal,1,791
MOFA+,her2,0,791
MOFA+,luminal,0,791
R,basal,1,792
R,her2,0,792
R,luminal,0,792
R+P,basal,0,792
R+P,her2,0,792
R+P,luminal,0,792
R+D,basal,2,792
R+D,her2,1,792
R+D,luminal,0,792
R+P+D,basal,0,792
R+P+D,her2,3,792
R+P+D,luminal,0,792
MOFA+,basal,0,792
MOFA+,her2,2,792
MOFA+,luminal,1,792
R,basal,0,793
R,her2,1,793
R,luminal,1,793
R+P,basal,0,793
R+P,her2,0,793
R+P,luminal,0,793
R+D,basal,0,793
R+D,her2,1,793
R+D,luminal,0,793
R+P+D,basal,0,793
R+P+D,her2,1,793
R+P+D,luminal,0,793
MOFA+,basal,2,793
MOFA+,her2,0,793
MOFA+,luminal,0,793
R,basal,2,794
R,her2,0,794
R,luminal,1,794
R+P,basal,4,794
R+P,her2,2,794
R+P,luminal,6,794
R+D,basal,0,794
R+D,her2,2,794
R+D,luminal,0,794
R+P+D,basal,1,794
R+P+D,her2,2,794
R+P+D,luminal,0,794
MOFA+,basal,1,794
MOFA+,her2,3,794
MOFA+,luminal,0,794
R,basal,1,795
R,her2,2,795
R,luminal,0,795
R+P,basal,0,795
R+P,her2,2,795
R+P,luminal,0,795
R+D,basal,1,795
R+D,her2,1,795
R+D,luminal,0,795
R+P+D,basal,3,795
R+P+D,her2,3,795
R+P+D,luminal,1,795
MOFA+,basal,4,795
MOFA+,her2,3,795
MOFA+,luminal,3,795
R,basal,1,796
R,her2,3,796
R,luminal,1,796
R+P,basal,1,796
R+P,her2,1,796
R+P,luminal,1,796
R+D,basal,0,796
R+D,her2,1,796
R+D,luminal,0,796
R+P+D,basal,0,796
R+P+D,her2,2,796
R+P+D,luminal,1,796
MOFA+,basal,1,796
MOFA+,her2,1,796
MOFA+,luminal,0,796
R,basal,1,797
R,her2,4,797
R,luminal,1,797
R+P,basal,2,797
R+P,her2,4,797
R+P,luminal,2,797
R+D,basal,1,797
R+D,her2,1,797
R+D,luminal,1,797
R+P+D,basal,1,797
R+P+D,her2,2,797
R+P+D,luminal,1,797
MOFA+,basal,0,797
MOFA+,her2,3,797
MOFA+,luminal,0,797
R,basal,1,798
R,her2,2,798
R,luminal,1,798
R+P,basal,3,798
R+P,her2,2,798
R+P,luminal,1,798
R+D,basal,1,798
R+D,her2,2,798
R+D,luminal,1,798
R+P+D,basal,0,798
R+P+D,her2,1,798
R+P+D,luminal,1,798
MOFA+,basal,0,798
MOFA+,her2,7,798
MOFA+,luminal,4,798
R,basal,1,799
R,her2,1,799
R,luminal,0,799
R+P,basal,0,799
R+P,her2,1,799
R+P,luminal,1,799
R+D,basal,1,799
R+D,her2,0,799
R+D,luminal,0,799
R+P+D,basal,0,799
R+P+D,her2,0,799
R+P+D,luminal,0,799
MOFA+,basal,1,799
MOFA+,her2,0,799
MOFA+,luminal,1,799
R,basal,1,800
R,her2,1,800
R,luminal,0,800
R+P,basal,0,800
R+P,her2,3,800
R+P,luminal,0,800
R+D,basal,3,800
R+D,her2,7,800
R+D,luminal,0,800
R+P+D,basal,2,800
R+P+D,her2,8,800
R+P+D,luminal,0,800
MOFA+,basal,1,800
MOFA+,her2,1,800
MOFA+,luminal,3,800
R,basal,0,801
R,her2,0,801
R,luminal,0,801
R+P,basal,0,801
R+P,her2,1,801
R+P,luminal,0,801
R+D,basal,0,801
R+D,her2,0,801
R+D,luminal,2,801
R+P+D,basal,2,801
R+P+D,her2,2,801
R+P+D,luminal,1,801
MOFA+,basal,0,801
MOFA+,her2,3,801
MOFA+,luminal,4,801
R,basal,0,802
R,her2,0,802
R,luminal,0,802
R+P,basal,0,802
R+P,her2,1,802
R+P,luminal,1,802
R+D,basal,0,802
R+D,her2,2,802
R+D,luminal,0,802
R+P+D,basal,0,802
R+P+D,her2,2,802
R+P+D,luminal,1,802
MOFA+,basal,1,802
MOFA+,her2,3,802
MOFA+,luminal,0,802
R,basal,9,803
R,her2,1,803
R,luminal,4,803
R+P,basal,7,803
R+P,her2,3,803
R+P,luminal,5,803
R+D,basal,4,803
R+D,her2,6,803
R+D,luminal,2,803
R+P+D,basal,7,803
R+P+D,her2,2,803
R+P+D,luminal,1,803
MOFA+,basal,17,803
MOFA+,her2,3,803
MOFA+,luminal,0,803
R,basal,5,804
R,her2,0,804
R,luminal,5,804
R+P,basal,8,804
R+P,her2,0,804
R+P,luminal,7,804
R+D,basal,6,804
R+D,her2,0,804
R+D,luminal,2,804
R+P+D,basal,5,804
R+P+D,her2,0,804
R+P+D,luminal,4,804
MOFA+,basal,17,804
MOFA+,her2,1,804
MOFA+,luminal,0,804
R,basal,0,805
R,her2,0,805
R,luminal,0,805
R+P,basal,0,805
R+P,her2,0,805
R+P,luminal,0,805
R+D,basal,0,805
R+D,her2,0,805
R+D,luminal,0,805
R+P+D,basal,1,805
R+P+D,her2,1,805
R+P+D,luminal,0,805
MOFA+,basal,0,805
MOFA+,her2,1,805
MOFA+,luminal,1,805
R,basal,1,806
R,her2,1,806
R,luminal,0,806
R+P,basal,0,806
R+P,her2,1,806
R+P,luminal,0,806
R+D,basal,0,806
R+D,her2,1,806
R+D,luminal,0,806
R+P+D,basal,0,806
R+P+D,her2,1,806
R+P+D,luminal,0,806
MOFA+,basal,0,806
MOFA+,her2,3,806
MOFA+,luminal,1,806
R,basal,1,807
R,her2,0,807
R,luminal,0,807
R+P,basal,0,807
R+P,her2,0,807
R+P,luminal,0,807
R+D,basal,1,807
R+D,her2,0,807
R+D,luminal,0,807
R+P+D,basal,2,807
R+P+D,her2,0,807
R+P+D,luminal,0,807
MOFA+,basal,0,807
MOFA+,her2,1,807
MOFA+,luminal,0,807
R,basal,1,808
R,her2,2,808
R,luminal,0,808
R+P,basal,1,808
R+P,her2,3,808
R+P,luminal,0,808
R+D,basal,4,808
R+D,her2,2,808
R+D,luminal,0,808
R+P+D,basal,3,808
R+P+D,her2,6,808
R+P+D,luminal,0,808
MOFA+,basal,4,808
MOFA+,her2,1,808
MOFA+,luminal,0,808
R,basal,1,809
R,her2,1,809
R,luminal,0,809
R+P,basal,1,809
R+P,her2,0,809
R+P,luminal,1,809
R+D,basal,0,809
R+D,her2,1,809
R+D,luminal,0,809
R+P+D,basal,0,809
R+P+D,her2,3,809
R+P+D,luminal,0,809
MOFA+,basal,1,809
MOFA+,her2,0,809
MOFA+,luminal,1,809
R,basal,1,810
R,her2,1,810
R,luminal,0,810
R+P,basal,1,810
R+P,her2,0,810
R+P,luminal,0,810
R+D,basal,0,810
R+D,her2,0,810
R+D,luminal,1,810
R+P+D,basal,0,810
R+P+D,her2,2,810
R+P+D,luminal,0,810
MOFA+,basal,1,810
MOFA+,her2,2,810
MOFA+,luminal,0,810
R,basal,1,811
R,her2,7,811
R,luminal,1,811
R+P,basal,0,811
R+P,her2,4,811
R+P,luminal,0,811
R+D,basal,0,811
R+D,her2,8,811
R+D,luminal,2,811
R+P+D,basal,0,811
R+P+D,her2,8,811
R+P+D,luminal,2,811
MOFA+,basal,0,811
MOFA+,her2,7,811
MOFA+,luminal,0,811
R,basal,2,812
R,her2,2,812
R,luminal,0,812
R+P,basal,0,812
R+P,her2,1,812
R+P,luminal,0,812
R+D,basal,4,812
R+D,her2,3,812
R+D,luminal,0,812
R+P+D,basal,3,812
R+P+D,her2,2,812
R+P+D,luminal,0,812
MOFA+,basal,0,812
MOFA+,her2,0,812
MOFA+,luminal,1,812
R,basal,1,813
R,her2,1,813
R,luminal,0,813
R+P,basal,0,813
R+P,her2,0,813
R+P,luminal,0,813
R+D,basal,0,813
R+D,her2,3,813
R+D,luminal,0,813
R+P+D,basal,0,813
R+P+D,her2,3,813
R+P+D,luminal,0,813
MOFA+,basal,3,813
MOFA+,her2,0,813
MOFA+,luminal,0,813
R,basal,0,814
R,her2,0,814
R,luminal,6,814
R+P,basal,1,814
R+P,her2,2,814
R+P,luminal,4,814
R+D,basal,0,814
R+D,her2,0,814
R+D,luminal,2,814
R+P+D,basal,0,814
R+P+D,her2,1,814
R+P+D,luminal,3,814
MOFA+,basal,0,814
MOFA+,her2,0,814
MOFA+,luminal,0,814
R,basal,1,815
R,her2,1,815
R,luminal,0,815
R+P,basal,0,815
R+P,her2,0,815
R+P,luminal,0,815
R+D,basal,0,815
R+D,her2,1,815
R+D,luminal,2,815
R+P+D,basal,0,815
R+P+D,her2,0,815
R+P+D,luminal,0,815
MOFA+,basal,1,815
MOFA+,her2,0,815
MOFA+,luminal,0,815
R,basal,0,816
R,her2,3,816
R,luminal,0,816
R+P,basal,0,816
R+P,her2,7,816
R+P,luminal,0,816
R+D,basal,0,816
R+D,her2,2,816
R+D,luminal,0,816
R+P+D,basal,0,816
R+P+D,her2,3,816
R+P+D,luminal,0,816
MOFA+,basal,0,816
MOFA+,her2,0,816
MOFA+,luminal,0,816
R,basal,6,817
R,her2,0,817
R,luminal,0,817
R+P,basal,1,817
R+P,her2,1,817
R+P,luminal,1,817
R+D,basal,3,817
R+D,her2,0,817
R+D,luminal,0,817
R+P+D,basal,2,817
R+P+D,her2,0,817
R+P+D,luminal,1,817
MOFA+,basal,2,817
MOFA+,her2,0,817
MOFA+,luminal,0,817
R,basal,3,818
R,her2,0,818
R,luminal,2,818
R+P,basal,2,818
R+P,her2,2,818
R+P,luminal,4,818
R+D,basal,2,818
R+D,her2,1,818
R+D,luminal,2,818
R+P+D,basal,2,818
R+P+D,her2,4,818
R+P+D,luminal,1,818
MOFA+,basal,1,818
MOFA+,her2,0,818
MOFA+,luminal,1,818
R,basal,3,819
R,her2,0,819
R,luminal,2,819
R+P,basal,4,819
R+P,her2,0,819
R+P,luminal,3,819
R+D,basal,2,819
R+D,her2,0,819
R+D,luminal,0,819
R+P+D,basal,2,819
R+P+D,her2,0,819
R+P+D,luminal,2,819
MOFA+,basal,1,819
MOFA+,her2,2,819
MOFA+,luminal,26,819
R,basal,4,820
R,her2,1,820
R,luminal,0,820
R+P,basal,3,820
R+P,her2,1,820
R+P,luminal,0,820
R+D,basal,4,820
R+D,her2,2,820
R+D,luminal,0,820
R+P+D,basal,6,820
R+P+D,her2,4,820
R+P+D,luminal,0,820
MOFA+,basal,1,820
MOFA+,her2,0,820
MOFA+,luminal,0,820
R,basal,3,821
R,her2,2,821
R,luminal,0,821
R+P,basal,7,821
R+P,her2,4,821
R+P,luminal,0,821
R+D,basal,1,821
R+D,her2,4,821
R+D,luminal,1,821
R+P+D,basal,2,821
R+P+D,her2,6,821
R+P+D,luminal,0,821
MOFA+,basal,0,821
MOFA+,her2,0,821
MOFA+,luminal,0,821
R,basal,0,822
R,her2,1,822
R,luminal,3,822
R+P,basal,0,822
R+P,her2,0,822
R+P,luminal,6,822
R+D,basal,1,822
R+D,her2,1,822
R+D,luminal,0,822
R+P+D,basal,3,822
R+P+D,her2,2,822
R+P+D,luminal,1,822
MOFA+,basal,0,822
MOFA+,her2,0,822
MOFA+,luminal,1,822
R,basal,0,823
R,her2,1,823
R,luminal,0,823
R+P,basal,0,823
R+P,her2,1,823
R+P,luminal,0,823
R+D,basal,0,823
R+D,her2,0,823
R+D,luminal,0,823
R+P+D,basal,1,823
R+P+D,her2,1,823
R+P+D,luminal,0,823
MOFA+,basal,1,823
MOFA+,her2,0,823
MOFA+,luminal,1,823
R,basal,4,824
R,her2,0,824
R,luminal,2,824
R+P,basal,5,824
R+P,her2,0,824
R+P,luminal,2,824
R+D,basal,3,824
R+D,her2,2,824
R+D,luminal,3,824
R+P+D,basal,5,824
R+P+D,her2,2,824
R+P+D,luminal,2,824
MOFA+,basal,3,824
MOFA+,her2,1,824
MOFA+,luminal,26,824
R,basal,0,825
R,her2,0,825
R,luminal,1,825
R+P,basal,1,825
R+P,her2,0,825
R+P,luminal,0,825
R+D,basal,0,825
R+D,her2,0,825
R+D,luminal,1,825
R+P+D,basal,0,825
R+P+D,her2,0,825
R+P+D,luminal,2,825
MOFA+,basal,0,825
MOFA+,her2,0,825
MOFA+,luminal,1,825
R,basal,0,826
R,her2,1,826
R,luminal,0,826
R+P,basal,0,826
R+P,her2,0,826
R+P,luminal,0,826
R+D,basal,0,826
R+D,her2,2,826
R+D,luminal,0,826
R+P+D,basal,0,826
R+P+D,her2,2,826
R+P+D,luminal,0,826
MOFA+,basal,4,826
MOFA+,her2,2,826
MOFA+,luminal,1,826
R,basal,3,827
R,her2,0,827
R,luminal,2,827
R+P,basal,9,827
R+P,her2,0,827
R+P,luminal,3,827
R+D,basal,6,827
R+D,her2,1,827
R+D,luminal,1,827
R+P+D,basal,9,827
R+P+D,her2,5,827
R+P+D,luminal,1,827
MOFA+,basal,17,827
MOFA+,her2,0,827
MOFA+,luminal,26,827
R,basal,2,828
R,her2,1,828
R,luminal,2,828
R+P,basal,1,828
R+P,her2,1,828
R+P,luminal,3,828
R+D,basal,0,828
R+D,her2,0,828
R+D,luminal,0,828
R+P+D,basal,0,828
R+P+D,her2,1,828
R+P+D,luminal,1,828
MOFA+,basal,0,828
MOFA+,her2,3,828
MOFA+,luminal,1,828
R,basal,3,829
R,her2,0,829
R,luminal,0,829
R+P,basal,2,829
R+P,her2,1,829
R+P,luminal,1,829
R+D,basal,0,829
R+D,her2,1,829
R+D,luminal,0,829
R+P+D,basal,0,829
R+P+D,her2,1,829
R+P+D,luminal,0,829
MOFA+,basal,0,829
MOFA+,her2,0,829
MOFA+,luminal,0,829
R,basal,1,830
R,her2,2,830
R,luminal,0,830
R+P,basal,2,830
R+P,her2,1,830
R+P,luminal,1,830
R+D,basal,1,830
R+D,her2,0,830
R+D,luminal,0,830
R+P+D,basal,3,830
R+P+D,her2,1,830
R+P+D,luminal,0,830
MOFA+,basal,1,830
MOFA+,her2,2,830
MOFA+,luminal,0,830
R,basal,2,831
R,her2,1,831
R,luminal,1,831
R+P,basal,3,831
R+P,her2,1,831
R+P,luminal,1,831
R+D,basal,4,831
R+D,her2,2,831
R+D,luminal,2,831
R+P+D,basal,3,831
R+P+D,her2,4,831
R+P+D,luminal,1,831
MOFA+,basal,1,831
MOFA+,her2,0,831
MOFA+,luminal,0,831
R,basal,0,832
R,her2,0,832
R,luminal,4,832
R+P,basal,3,832
R+P,her2,1,832
R+P,luminal,6,832
R+D,basal,0,832
R+D,her2,0,832
R+D,luminal,5,832
R+P+D,basal,1,832
R+P+D,her2,0,832
R+P+D,luminal,4,832
MOFA+,basal,4,832
MOFA+,her2,1,832
MOFA+,luminal,1,832
R,basal,2,833
R,her2,1,833
R,luminal,2,833
R+P,basal,1,833
R+P,her2,2,833
R+P,luminal,4,833
R+D,basal,1,833
R+D,her2,1,833
R+D,luminal,2,833
R+P+D,basal,1,833
R+P+D,her2,2,833
R+P+D,luminal,3,833
MOFA+,basal,0,833
MOFA+,her2,0,833
MOFA+,luminal,1,833
R,basal,0,834
R,her2,1,834
R,luminal,1,834
R+P,basal,1,834
R+P,her2,2,834
R+P,luminal,3,834
R+D,basal,0,834
R+D,her2,4,834
R+D,luminal,3,834
R+P+D,basal,2,834
R+P+D,her2,4,834
R+P+D,luminal,2,834
MOFA+,basal,0,834
MOFA+,her2,2,834
MOFA+,luminal,1,834
R,basal,2,835
R,her2,1,835
R,luminal,0,835
R+P,basal,2,835
R+P,her2,1,835
R+P,luminal,5,835
R+D,basal,0,835
R+D,her2,0,835
R+D,luminal,7,835
R+P+D,basal,5,835
R+P+D,her2,1,835
R+P+D,luminal,7,835
MOFA+,basal,17,835
MOFA+,her2,0,835
MOFA+,luminal,0,835
R,basal,0,836
R,her2,1,836
R,luminal,2,836
R+P,basal,1,836
R+P,her2,3,836
R+P,luminal,5,836
R+D,basal,0,836
R+D,her2,1,836
R+D,luminal,11,836
R+P+D,basal,1,836
R+P+D,her2,0,836
R+P+D,luminal,11,836
MOFA+,basal,0,836
MOFA+,her2,2,836
MOFA+,luminal,1,836
R,basal,0,837
R,her2,1,837
R,luminal,0,837
R+P,basal,0,837
R+P,her2,1,837
R+P,luminal,0,837
R+D,basal,1,837
R+D,her2,1,837
R+D,luminal,0,837
R+P+D,basal,0,837
R+P+D,her2,1,837
R+P+D,luminal,1,837
MOFA+,basal,4,837
MOFA+,her2,0,837
MOFA+,luminal,0,837
R,basal,0,838
R,her2,5,838
R,luminal,2,838
R+P,basal,1,838
R+P,her2,6,838
R+P,luminal,2,838
R+D,basal,3,838
R+D,her2,2,838
R+D,luminal,1,838
R+P+D,basal,3,838
R+P+D,her2,6,838
R+P+D,luminal,2,838
MOFA+,basal,4,838
MOFA+,her2,7,838
MOFA+,luminal,1,838
R,basal,1,839
R,her2,0,839
R,luminal,2,839
R+P,basal,0,839
R+P,her2,1,839
R+P,luminal,2,839
R+D,basal,2,839
R+D,her2,0,839
R+D,luminal,5,839
R+P+D,basal,2,839
R+P+D,her2,1,839
R+P+D,luminal,6,839
MOFA+,basal,4,839
MOFA+,her2,1,839
MOFA+,luminal,1,839
R,basal,1,840
R,her2,1,840
R,luminal,6,840
R+P,basal,3,840
R+P,her2,3,840
R+P,luminal,3,840
R+D,basal,2,840
R+D,her2,0,840
R+D,luminal,5,840
R+P+D,basal,2,840
R+P+D,her2,0,840
R+P+D,luminal,4,840
MOFA+,basal,0,840
MOFA+,her2,1,840
MOFA+,luminal,26,840
R,basal,0,841
R,her2,0,841
R,luminal,1,841
R+P,basal,4,841
R+P,her2,0,841
R+P,luminal,1,841
R+D,basal,1,841
R+D,her2,3,841
R+D,luminal,2,841
R+P+D,basal,2,841
R+P+D,her2,2,841
R+P+D,luminal,1,841
MOFA+,basal,1,841
MOFA+,her2,0,841
MOFA+,luminal,3,841
R,basal,2,842
R,her2,0,842
R,luminal,1,842
R+P,basal,1,842
R+P,her2,4,842
R+P,luminal,0,842
R+D,basal,4,842
R+D,her2,6,842
R+D,luminal,0,842
R+P+D,basal,4,842
R+P+D,her2,5,842
R+P+D,luminal,1,842
MOFA+,basal,0,842
MOFA+,her2,2,842
MOFA+,luminal,1,842
R,basal,0,843
R,her2,0,843
R,luminal,1,843
R+P,basal,1,843
R+P,her2,0,843
R+P,luminal,1,843
R+D,basal,0,843
R+D,her2,1,843
R+D,luminal,2,843
R+P+D,basal,0,843
R+P+D,her2,0,843
R+P+D,luminal,2,843
MOFA+,basal,2,843
MOFA+,her2,0,843
MOFA+,luminal,1,843
R,basal,0,844
R,her2,2,844
R,luminal,0,844
R+P,basal,1,844
R+P,her2,0,844
R+P,luminal,2,844
R+D,basal,1,844
R+D,her2,2,844
R+D,luminal,7,844
R+P+D,basal,2,844
R+P+D,her2,1,844
R+P+D,luminal,7,844
MOFA+,basal,0,844
MOFA+,her2,2,844
MOFA+,luminal,26,844
R,basal,1,845
R,her2,2,845
R,luminal,1,845
R+P,basal,2,845
R+P,her2,2,845
R+P,luminal,2,845
R+D,basal,2,845
R+D,her2,4,845
R+D,luminal,1,845
R+P+D,basal,2,845
R+P+D,her2,5,845
R+P+D,luminal,1,845
MOFA+,basal,2,845
MOFA+,her2,0,845
MOFA+,luminal,1,845
R,basal,1,846
R,her2,4,846
R,luminal,0,846
R+P,basal,0,846
R+P,her2,2,846
R+P,luminal,0,846
R+D,basal,1,846
R+D,her2,0,846
R+D,luminal,2,846
R+P+D,basal,0,846
R+P+D,her2,2,846
R+P+D,luminal,0,846
MOFA+,basal,0,846
MOFA+,her2,0,846
MOFA+,luminal,0,846
R,basal,2,847
R,her2,2,847
R,luminal,2,847
R+P,basal,1,847
R+P,her2,2,847
R+P,luminal,6,847
R+D,basal,2,847
R+D,her2,6,847
R+D,luminal,4,847
R+P+D,basal,3,847
R+P+D,her2,5,847
R+P+D,luminal,4,847
MOFA+,basal,2,847
MOFA+,her2,0,847
MOFA+,luminal,1,847
R,basal,0,848
R,her2,0,848
R,luminal,1,848
R+P,basal,0,848
R+P,her2,0,848
R+P,luminal,0,848
R+D,basal,1,848
R+D,her2,1,848
R+D,luminal,3,848
R+P+D,basal,2,848
R+P+D,her2,1,848
R+P+D,luminal,1,848
MOFA+,basal,0,848
MOFA+,her2,0,848
MOFA+,luminal,0,848
R,basal,0,849
R,her2,0,849
R,luminal,1,849
R+P,basal,0,849
R+P,her2,1,849
R+P,luminal,0,849
R+D,basal,1,849
R+D,her2,0,849
R+D,luminal,0,849
R+P+D,basal,0,849
R+P+D,her2,0,849
R+P+D,luminal,1,849
MOFA+,basal,4,849
MOFA+,her2,0,849
MOFA+,luminal,1,849
R,basal,0,850
R,her2,0,850
R,luminal,0,850
R+P,basal,1,850
R+P,her2,0,850
R+P,luminal,2,850
R+D,basal,1,850
R+D,her2,3,850
R+D,luminal,2,850
R+P+D,basal,2,850
R+P+D,her2,5,850
R+P+D,luminal,0,850
MOFA+,basal,0,850
MOFA+,her2,0,850
MOFA+,luminal,1,850
R,basal,0,851
R,her2,1,851
R,luminal,0,851
R+P,basal,1,851
R+P,her2,4,851
R+P,luminal,5,851
R+D,basal,1,851
R+D,her2,0,851
R+D,luminal,1,851
R+P+D,basal,3,851
R+P+D,her2,1,851
R+P+D,luminal,3,851
MOFA+,basal,1,851
MOFA+,her2,3,851
MOFA+,luminal,4,851
R,basal,3,852
R,her2,0,852
R,luminal,1,852
R+P,basal,1,852
R+P,her2,0,852
R+P,luminal,0,852
R+D,basal,1,852
R+D,her2,2,852
R+D,luminal,2,852
R+P+D,basal,0,852
R+P+D,her2,2,852
R+P+D,luminal,2,852
MOFA+,basal,0,852
MOFA+,her2,0,852
MOFA+,luminal,1,852
R,basal,1,853
R,her2,2,853
R,luminal,0,853
R+P,basal,2,853
R+P,her2,3,853
R+P,luminal,0,853
R+D,basal,0,853
R+D,her2,3,853
R+D,luminal,2,853
R+P+D,basal,2,853
R+P+D,her2,3,853
R+P+D,luminal,1,853
MOFA+,basal,1,853
MOFA+,her2,7,853
MOFA+,luminal,1,853
R,basal,1,854
R,her2,3,854
R,luminal,4,854
R+P,basal,4,854
R+P,her2,0,854
R+P,luminal,8,854
R+D,basal,6,854
R+D,her2,4,854
R+D,luminal,9,854
R+P+D,basal,5,854
R+P+D,her2,3,854
R+P+D,luminal,9,854
MOFA+,basal,17,854
MOFA+,her2,0,854
MOFA+,luminal,26,854
R,basal,0,855
R,her2,0,855
R,luminal,2,855
R+P,basal,0,855
R+P,her2,0,855
R+P,luminal,5,855
R+D,basal,0,855
R+D,her2,0,855
R+D,luminal,5,855
R+P+D,basal,0,855
R+P+D,her2,0,855
R+P+D,luminal,3,855
MOFA+,basal,4,855
MOFA+,her2,0,855
MOFA+,luminal,0,855
R,basal,1,856
R,her2,1,856
R,luminal,0,856
R+P,basal,4,856
R+P,her2,0,856
R+P,luminal,0,856
R+D,basal,1,856
R+D,her2,1,856
R+D,luminal,1,856
R+P+D,basal,3,856
R+P+D,her2,0,856
R+P+D,luminal,1,856
MOFA+,basal,1,856
MOFA+,her2,0,856
MOFA+,luminal,3,856
R,basal,1,857
R,her2,0,857
R,luminal,0,857
R+P,basal,0,857
R+P,her2,2,857
R+P,luminal,0,857
R+D,basal,2,857
R+D,her2,2,857
R+D,luminal,0,857
R+P+D,basal,0,857
R+P+D,her2,4,857
R+P+D,luminal,0,857
MOFA+,basal,1,857
MOFA+,her2,0,857
MOFA+,luminal,1,857
R,basal,2,858
R,her2,0,858
R,luminal,2,858
R+P,basal,2,858
R+P,her2,0,858
R+P,luminal,3,858
R+D,basal,0,858
R+D,her2,1,858
R+D,luminal,3,858
R+P+D,basal,1,858
R+P+D,her2,3,858
R+P+D,luminal,2,858
MOFA+,basal,17,858
MOFA+,her2,0,858
MOFA+,luminal,0,858
R,basal,0,859
R,her2,0,859
R,luminal,2,859
R+P,basal,1,859
R+P,her2,0,859
R+P,luminal,0,859
R+D,basal,1,859
R+D,her2,1,859
R+D,luminal,0,859
R+P+D,basal,0,859
R+P+D,her2,0,859
R+P+D,luminal,1,859
MOFA+,basal,1,859
MOFA+,her2,0,859
MOFA+,luminal,0,859
R,basal,1,860
R,her2,0,860
R,luminal,1,860
R+P,basal,1,860
R+P,her2,1,860
R+P,luminal,5,860
R+D,basal,0,860
R+D,her2,0,860
R+D,luminal,1,860
R+P+D,basal,0,860
R+P+D,her2,0,860
R+P+D,luminal,3,860
MOFA+,basal,0,860
MOFA+,her2,0,860
MOFA+,luminal,1,860
R,basal,2,861
R,her2,6,861
R,luminal,0,861
R+P,basal,0,861
R+P,her2,3,861
R+P,luminal,1,861
R+D,basal,3,861
R+D,her2,3,861
R+D,luminal,2,861
R+P+D,basal,3,861
R+P+D,her2,6,861
R+P+D,luminal,4,861
MOFA+,basal,2,861
MOFA+,her2,7,861
MOFA+,luminal,0,861
R,basal,0,862
R,her2,0,862
R,luminal,0,862
R+P,basal,0,862
R+P,her2,2,862
R+P,luminal,0,862
R+D,basal,0,862
R+D,her2,0,862
R+D,luminal,0,862
R+P+D,basal,0,862
R+P+D,her2,0,862
R+P+D,luminal,2,862
MOFA+,basal,4,862
MOFA+,her2,0,862
MOFA+,luminal,0,862
R,basal,0,863
R,her2,0,863
R,luminal,0,863
R+P,basal,0,863
R+P,her2,0,863
R+P,luminal,0,863
R+D,basal,0,863
R+D,her2,1,863
R+D,luminal,0,863
R+P+D,basal,0,863
R+P+D,her2,0,863
R+P+D,luminal,0,863
MOFA+,basal,0,863
MOFA+,her2,0,863
MOFA+,luminal,1,863
R,basal,0,864
R,her2,0,864
R,luminal,1,864
R+P,basal,0,864
R+P,her2,1,864
R+P,luminal,2,864
R+D,basal,2,864
R+D,her2,1,864
R+D,luminal,1,864
R+P+D,basal,1,864
R+P+D,her2,0,864
R+P+D,luminal,1,864
MOFA+,basal,0,864
MOFA+,her2,3,864
MOFA+,luminal,1,864
R,basal,0,865
R,her2,0,865
R,luminal,0,865
R+P,basal,0,865
R+P,her2,0,865
R+P,luminal,0,865
R+D,basal,0,865
R+D,her2,0,865
R+D,luminal,1,865
R+P+D,basal,0,865
R+P+D,her2,0,865
R+P+D,luminal,1,865
MOFA+,basal,1,865
MOFA+,her2,0,865
MOFA+,luminal,0,865
R,basal,0,866
R,her2,1,866
R,luminal,0,866
R+P,basal,0,866
R+P,her2,0,866
R+P,luminal,0,866
R+D,basal,0,866
R+D,her2,3,866
R+D,luminal,0,866
R+P+D,basal,0,866
R+P+D,her2,1,866
R+P+D,luminal,0,866
MOFA+,basal,0,866
MOFA+,her2,1,866
MOFA+,luminal,1,866
R,basal,1,867
R,her2,1,867
R,luminal,0,867
R+P,basal,0,867
R+P,her2,1,867
R+P,luminal,4,867
R+D,basal,0,867
R+D,her2,0,867
R+D,luminal,1,867
R+P+D,basal,0,867
R+P+D,her2,2,867
R+P+D,luminal,1,867
MOFA+,basal,1,867
MOFA+,her2,2,867
MOFA+,luminal,0,867
R,basal,4,868
R,her2,1,868
R,luminal,5,868
R+P,basal,8,868
R+P,her2,1,868
R+P,luminal,6,868
R+D,basal,4,868
R+D,her2,0,868
R+D,luminal,2,868
R+P+D,basal,9,868
R+P+D,her2,0,868
R+P+D,luminal,3,868
MOFA+,basal,17,868
MOFA+,her2,0,868
MOFA+,luminal,26,868
R,basal,2,869
R,her2,0,869
R,luminal,0,869
R+P,basal,4,869
R+P,her2,2,869
R+P,luminal,0,869
R+D,basal,3,869
R+D,her2,2,869
R+D,luminal,0,869
R+P+D,basal,5,869
R+P+D,her2,5,869
R+P+D,luminal,0,869
MOFA+,basal,1,869
MOFA+,her2,3,869
MOFA+,luminal,1,869
R,basal,0,870
R,her2,2,870
R,luminal,0,870
R+P,basal,0,870
R+P,her2,2,870
R+P,luminal,0,870
R+D,basal,0,870
R+D,her2,0,870
R+D,luminal,0,870
R+P+D,basal,0,870
R+P+D,her2,2,870
R+P+D,luminal,0,870
MOFA+,basal,1,870
MOFA+,her2,2,870
MOFA+,luminal,0,870
R,basal,1,871
R,her2,0,871
R,luminal,0,871
R+P,basal,2,871
R+P,her2,0,871
R+P,luminal,0,871
R+D,basal,3,871
R+D,her2,0,871
R+D,luminal,0,871
R+P+D,basal,2,871
R+P+D,her2,0,871
R+P+D,luminal,1,871
MOFA+,basal,1,871
MOFA+,her2,2,871
MOFA+,luminal,0,871
R,basal,1,872
R,her2,1,872
R,luminal,0,872
R+P,basal,1,872
R+P,her2,0,872
R+P,luminal,2,872
R+D,basal,2,872
R+D,her2,2,872
R+D,luminal,0,872
R+P+D,basal,2,872
R+P+D,her2,2,872
R+P+D,luminal,0,872
MOFA+,basal,4,872
MOFA+,her2,0,872
MOFA+,luminal,0,872
R,basal,2,873
R,her2,0,873
R,luminal,2,873
R+P,basal,3,873
R+P,her2,0,873
R+P,luminal,1,873
R+D,basal,0,873
R+D,her2,0,873
R+D,luminal,3,873
R+P+D,basal,0,873
R+P+D,her2,1,873
R+P+D,luminal,3,873
MOFA+,basal,0,873
MOFA+,her2,0,873
MOFA+,luminal,1,873
R,basal,1,874
R,her2,3,874
R,luminal,0,874
R+P,basal,1,874
R+P,her2,4,874
R+P,luminal,0,874
R+D,basal,3,874
R+D,her2,5,874
R+D,luminal,1,874
R+P+D,basal,6,874
R+P+D,her2,5,874
R+P+D,luminal,0,874
MOFA+,basal,3,874
MOFA+,her2,1,874
MOFA+,luminal,1,874
R,basal,1,875
R,her2,0,875
R,luminal,0,875
R+P,basal,0,875
R+P,her2,0,875
R+P,luminal,0,875
R+D,basal,4,875
R+D,her2,0,875
R+D,luminal,0,875
R+P+D,basal,1,875
R+P+D,her2,0,875
R+P+D,luminal,0,875
MOFA+,basal,2,875
MOFA+,her2,0,875
MOFA+,luminal,1,875
R,basal,1,876
R,her2,0,876
R,luminal,0,876
R+P,basal,2,876
R+P,her2,1,876
R+P,luminal,0,876
R+D,basal,1,876
R+D,her2,2,876
R+D,luminal,0,876
R+P+D,basal,1,876
R+P+D,her2,2,876
R+P+D,luminal,0,876
MOFA+,basal,0,876
MOFA+,her2,2,876
MOFA+,luminal,1,876
R,basal,3,877
R,her2,1,877
R,luminal,0,877
R+P,basal,1,877
R+P,her2,0,877
R+P,luminal,0,877
R+D,basal,0,877
R+D,her2,1,877
R+D,luminal,0,877
R+P+D,basal,1,877
R+P+D,her2,0,877
R+P+D,luminal,0,877
MOFA+,basal,1,877
MOFA+,her2,0,877
MOFA+,luminal,1,877
R,basal,0,878
R,her2,0,878
R,luminal,0,878
R+P,basal,0,878
R+P,her2,0,878
R+P,luminal,0,878
R+D,basal,0,878
R+D,her2,5,878
R+D,luminal,1,878
R+P+D,basal,0,878
R+P+D,her2,3,878
R+P+D,luminal,1,878
MOFA+,basal,1,878
MOFA+,her2,0,878
MOFA+,luminal,0,878
R,basal,2,879
R,her2,0,879
R,luminal,1,879
R+P,basal,4,879
R+P,her2,1,879
R+P,luminal,0,879
R+D,basal,4,879
R+D,her2,5,879
R+D,luminal,3,879
R+P+D,basal,4,879
R+P+D,her2,5,879
R+P+D,luminal,1,879
MOFA+,basal,0,879
MOFA+,her2,1,879
MOFA+,luminal,0,879
R,basal,0,880
R,her2,0,880
R,luminal,0,880
R+P,basal,2,880
R+P,her2,0,880
R+P,luminal,0,880
R+D,basal,0,880
R+D,her2,2,880
R+D,luminal,0,880
R+P+D,basal,1,880
R+P+D,her2,1,880
R+P+D,luminal,0,880
MOFA+,basal,4,880
MOFA+,her2,1,880
MOFA+,luminal,1,880
R,basal,1,881
R,her2,1,881
R,luminal,0,881
R+P,basal,0,881
R+P,her2,1,881
R+P,luminal,0,881
R+D,basal,1,881
R+D,her2,0,881
R+D,luminal,2,881
R+P+D,basal,0,881
R+P+D,her2,0,881
R+P+D,luminal,0,881
MOFA+,basal,0,881
MOFA+,her2,1,881
MOFA+,luminal,1,881
R,basal,0,882
R,her2,0,882
R,luminal,1,882
R+P,basal,0,882
R+P,her2,0,882
R+P,luminal,0,882
R+D,basal,0,882
R+D,her2,1,882
R+D,luminal,1,882
R+P+D,basal,0,882
R+P+D,her2,0,882
R+P+D,luminal,0,882
MOFA+,basal,0,882
MOFA+,her2,0,882
MOFA+,luminal,4,882
R,basal,0,883
R,her2,1,883
R,luminal,1,883
R+P,basal,2,883
R+P,her2,1,883
R+P,luminal,5,883
R+D,basal,1,883
R+D,her2,0,883
R+D,luminal,5,883
R+P+D,basal,1,883
R+P+D,her2,1,883
R+P+D,luminal,5,883
MOFA+,basal,0,883
MOFA+,her2,0,883
MOFA+,luminal,26,883
R,basal,0,884
R,her2,1,884
R,luminal,0,884
R+P,basal,0,884
R+P,her2,2,884
R+P,luminal,1,884
R+D,basal,0,884
R+D,her2,1,884
R+D,luminal,0,884
R+P+D,basal,0,884
R+P+D,her2,2,884
R+P+D,luminal,0,884
MOFA+,basal,4,884
MOFA+,her2,3,884
MOFA+,luminal,4,884
R,basal,3,885
R,her2,4,885
R,luminal,0,885
R+P,basal,3,885
R+P,her2,1,885
R+P,luminal,5,885
R+D,basal,5,885
R+D,her2,4,885
R+D,luminal,3,885
R+P+D,basal,2,885
R+P+D,her2,5,885
R+P+D,luminal,2,885
MOFA+,basal,17,885
MOFA+,her2,0,885
MOFA+,luminal,0,885
R,basal,2,886
R,her2,1,886
R,luminal,8,886
R+P,basal,3,886
R+P,her2,3,886
R+P,luminal,13,886
R+D,basal,3,886
R+D,her2,0,886
R+D,luminal,2,886
R+P+D,basal,9,886
R+P+D,her2,0,886
R+P+D,luminal,3,886
MOFA+,basal,2,886
MOFA+,her2,3,886
MOFA+,luminal,0,886
R,basal,0,887
R,her2,0,887
R,luminal,0,887
R+P,basal,2,887
R+P,her2,1,887
R+P,luminal,0,887
R+D,basal,3,887
R+D,her2,3,887
R+D,luminal,0,887
R+P+D,basal,0,887
R+P+D,her2,1,887
R+P+D,luminal,0,887
MOFA+,basal,0,887
MOFA+,her2,0,887
MOFA+,luminal,0,887
R,basal,0,888
R,her2,0,888
R,luminal,0,888
R+P,basal,0,888
R+P,her2,1,888
R+P,luminal,0,888
R+D,basal,1,888
R+D,her2,5,888
R+D,luminal,1,888
R+P+D,basal,1,888
R+P+D,her2,2,888
R+P+D,luminal,0,888
MOFA+,basal,0,888
MOFA+,her2,0,888
MOFA+,luminal,4,888
R,basal,0,889
R,her2,3,889
R,luminal,0,889
R+P,basal,0,889
R+P,her2,2,889
R+P,luminal,0,889
R+D,basal,0,889
R+D,her2,6,889
R+D,luminal,1,889
R+P+D,basal,0,889
R+P+D,her2,6,889
R+P+D,luminal,1,889
MOFA+,basal,0,889
MOFA+,her2,7,889
MOFA+,luminal,1,889
R,basal,2,890
R,her2,0,890
R,luminal,0,890
R+P,basal,0,890
R+P,her2,0,890
R+P,luminal,0,890
R+D,basal,1,890
R+D,her2,0,890
R+D,luminal,1,890
R+P+D,basal,0,890
R+P+D,her2,0,890
R+P+D,luminal,1,890
MOFA+,basal,1,890
MOFA+,her2,1,890
MOFA+,luminal,0,890
R,basal,0,891
R,her2,0,891
R,luminal,0,891
R+P,basal,1,891
R+P,her2,0,891
R+P,luminal,0,891
R+D,basal,0,891
R+D,her2,1,891
R+D,luminal,2,891
R+P+D,basal,0,891
R+P+D,her2,2,891
R+P+D,luminal,1,891
MOFA+,basal,0,891
MOFA+,her2,0,891
MOFA+,luminal,1,891
R,basal,0,892
R,her2,2,892
R,luminal,0,892
R+P,basal,1,892
R+P,her2,0,892
R+P,luminal,0,892
R+D,basal,2,892
R+D,her2,0,892
R+D,luminal,0,892
R+P+D,basal,1,892
R+P+D,her2,0,892
R+P+D,luminal,1,892
MOFA+,basal,0,892
MOFA+,her2,0,892
MOFA+,luminal,0,892
R,basal,2,893
R,her2,2,893
R,luminal,0,893
R+P,basal,0,893
R+P,her2,1,893
R+P,luminal,3,893
R+D,basal,2,893
R+D,her2,1,893
R+D,luminal,0,893
R+P+D,basal,2,893
R+P+D,her2,3,893
R+P+D,luminal,1,893
MOFA+,basal,0,893
MOFA+,her2,1,893
MOFA+,luminal,0,893
R,basal,1,894
R,her2,1,894
R,luminal,0,894
R+P,basal,0,894
R+P,her2,1,894
R+P,luminal,0,894
R+D,basal,0,894
R+D,her2,1,894
R+D,luminal,4,894
R+P+D,basal,0,894
R+P+D,her2,3,894
R+P+D,luminal,4,894
MOFA+,basal,0,894
MOFA+,her2,1,894
MOFA+,luminal,1,894
R,basal,0,895
R,her2,0,895
R,luminal,0,895
R+P,basal,0,895
R+P,her2,1,895
R+P,luminal,0,895
R+D,basal,0,895
R+D,her2,2,895
R+D,luminal,0,895
R+P+D,basal,0,895
R+P+D,her2,1,895
R+P+D,luminal,1,895
MOFA+,basal,1,895
MOFA+,her2,3,895
MOFA+,luminal,0,895
R,basal,0,896
R,her2,0,896
R,luminal,2,896
R+P,basal,0,896
R+P,her2,1,896
R+P,luminal,1,896
R+D,basal,0,896
R+D,her2,0,896
R+D,luminal,0,896
R+P+D,basal,0,896
R+P+D,her2,1,896
R+P+D,luminal,0,896
MOFA+,basal,0,896
MOFA+,her2,0,896
MOFA+,luminal,1,896
R,basal,0,897
R,her2,1,897
R,luminal,1,897
R+P,basal,2,897
R+P,her2,1,897
R+P,luminal,2,897
R+D,basal,1,897
R+D,her2,1,897
R+D,luminal,2,897
R+P+D,basal,3,897
R+P+D,her2,0,897
R+P+D,luminal,1,897
MOFA+,basal,1,897
MOFA+,her2,0,897
MOFA+,luminal,1,897
R,basal,0,898
R,her2,4,898
R,luminal,0,898
R+P,basal,0,898
R+P,her2,4,898
R+P,luminal,0,898
R+D,basal,2,898
R+D,her2,3,898
R+D,luminal,0,898
R+P+D,basal,2,898
R+P+D,her2,4,898
R+P+D,luminal,0,898
MOFA+,basal,1,898
MOFA+,her2,0,898
MOFA+,luminal,0,898
R,basal,1,899
R,her2,0,899
R,luminal,1,899
R+P,basal,2,899
R+P,her2,0,899
R+P,luminal,3,899
R+D,basal,7,899
R+D,her2,0,899
R+D,luminal,3,899
R+P+D,basal,4,899
R+P+D,her2,0,899
R+P+D,luminal,4,899
MOFA+,basal,0,899
MOFA+,her2,0,899
MOFA+,luminal,3,899
R,basal,1,900
R,her2,0,900
R,luminal,0,900
R+P,basal,0,900
R+P,her2,0,900
R+P,luminal,0,900
R+D,basal,1,900
R+D,her2,0,900
R+D,luminal,3,900
R+P+D,basal,0,900
R+P+D,her2,0,900
R+P+D,luminal,4,900
MOFA+,basal,0,900
MOFA+,her2,0,900
MOFA+,luminal,1,900
R,basal,0,901
R,her2,2,901
R,luminal,1,901
R+P,basal,0,901
R+P,her2,1,901
R+P,luminal,0,901
R+D,basal,0,901
R+D,her2,1,901
R+D,luminal,0,901
R+P+D,basal,1,901
R+P+D,her2,0,901
R+P+D,luminal,1,901
MOFA+,basal,0,901
MOFA+,her2,0,901
MOFA+,luminal,0,901
R,basal,1,902
R,her2,0,902
R,luminal,1,902
R+P,basal,0,902
R+P,her2,2,902
R+P,luminal,1,902
R+D,basal,2,902
R+D,her2,2,902
R+D,luminal,1,902
R+P+D,basal,2,902
R+P+D,her2,3,902
R+P+D,luminal,2,902
MOFA+,basal,0,902
MOFA+,her2,2,902
MOFA+,luminal,4,902
R,basal,1,903
R,her2,0,903
R,luminal,0,903
R+P,basal,0,903
R+P,her2,0,903
R+P,luminal,0,903
R+D,basal,7,903
R+D,her2,0,903
R+D,luminal,0,903
R+P+D,basal,0,903
R+P+D,her2,0,903
R+P+D,luminal,0,903
MOFA+,basal,2,903
MOFA+,her2,3,903
MOFA+,luminal,0,903
R,basal,1,904
R,her2,3,904
R,luminal,0,904
R+P,basal,0,904
R+P,her2,1,904
R+P,luminal,0,904
R+D,basal,1,904
R+D,her2,4,904
R+D,luminal,1,904
R+P+D,basal,2,904
R+P+D,her2,2,904
R+P+D,luminal,1,904
MOFA+,basal,0,904
MOFA+,her2,7,904
MOFA+,luminal,1,904
R,basal,1,905
R,her2,2,905
R,luminal,0,905
R+P,basal,0,905
R+P,her2,2,905
R+P,luminal,0,905
R+D,basal,1,905
R+D,her2,5,905
R+D,luminal,1,905
R+P+D,basal,1,905
R+P+D,her2,5,905
R+P+D,luminal,1,905
MOFA+,basal,0,905
MOFA+,her2,0,905
MOFA+,luminal,1,905
R,basal,0,906
R,her2,0,906
R,luminal,0,906
R+P,basal,0,906
R+P,her2,3,906
R+P,luminal,0,906
R+D,basal,0,906
R+D,her2,2,906
R+D,luminal,0,906
R+P+D,basal,0,906
R+P+D,her2,1,906
R+P+D,luminal,0,906
MOFA+,basal,0,906
MOFA+,her2,3,906
MOFA+,luminal,0,906
R,basal,3,907
R,her2,0,907
R,luminal,1,907
R+P,basal,4,907
R+P,her2,1,907
R+P,luminal,1,907
R+D,basal,5,907
R+D,her2,0,907
R+D,luminal,0,907
R+P+D,basal,4,907
R+P+D,her2,1,907
R+P+D,luminal,0,907
MOFA+,basal,3,907
MOFA+,her2,3,907
MOFA+,luminal,3,907
R,basal,0,908
R,her2,0,908
R,luminal,0,908
R+P,basal,0,908
R+P,her2,4,908
R+P,luminal,0,908
R+D,basal,2,908
R+D,her2,5,908
R+D,luminal,0,908
R+P+D,basal,0,908
R+P+D,her2,5,908
R+P+D,luminal,0,908
MOFA+,basal,0,908
MOFA+,her2,0,908
MOFA+,luminal,0,908
R,basal,2,909
R,her2,0,909
R,luminal,10,909
R+P,basal,3,909
R+P,her2,1,909
R+P,luminal,12,909
R+D,basal,4,909
R+D,her2,1,909
R+D,luminal,9,909
R+P+D,basal,5,909
R+P+D,her2,1,909
R+P+D,luminal,12,909
MOFA+,basal,17,909
MOFA+,her2,1,909
MOFA+,luminal,26,909
R,basal,0,910
R,her2,0,910
R,luminal,0,910
R+P,basal,0,910
R+P,her2,0,910
R+P,luminal,1,910
R+D,basal,0,910
R+D,her2,0,910
R+D,luminal,1,910
R+P+D,basal,1,910
R+P+D,her2,0,910
R+P+D,luminal,2,910
MOFA+,basal,0,910
MOFA+,her2,0,910
MOFA+,luminal,0,910
R,basal,0,911
R,her2,0,911
R,luminal,0,911
R+P,basal,0,911
R+P,her2,0,911
R+P,luminal,0,911
R+D,basal,0,911
R+D,her2,0,911
R+D,luminal,0,911
R+P+D,basal,1,911
R+P+D,her2,0,911
R+P+D,luminal,0,911
MOFA+,basal,0,911
MOFA+,her2,0,911
MOFA+,luminal,3,911
R,basal,0,912
R,her2,0,912
R,luminal,0,912
R+P,basal,0,912
R+P,her2,0,912
R+P,luminal,0,912
R+D,basal,1,912
R+D,her2,2,912
R+D,luminal,0,912
R+P+D,basal,0,912
R+P+D,her2,3,912
R+P+D,luminal,0,912
MOFA+,basal,1,912
MOFA+,her2,1,912
MOFA+,luminal,1,912
R,basal,0,913
R,her2,1,913
R,luminal,0,913
R+P,basal,0,913
R+P,her2,1,913
R+P,luminal,0,913
R+D,basal,0,913
R+D,her2,0,913
R+D,luminal,0,913
R+P+D,basal,0,913
R+P+D,her2,0,913
R+P+D,luminal,0,913
MOFA+,basal,0,913
MOFA+,her2,0,913
MOFA+,luminal,0,913
R,basal,2,914
R,her2,0,914
R,luminal,0,914
R+P,basal,0,914
R+P,her2,0,914
R+P,luminal,0,914
R+D,basal,1,914
R+D,her2,1,914
R+D,luminal,0,914
R+P+D,basal,0,914
R+P+D,her2,0,914
R+P+D,luminal,0,914
MOFA+,basal,0,914
MOFA+,her2,0,914
MOFA+,luminal,4,914
R,basal,1,915
R,her2,3,915
R,luminal,0,915
R+P,basal,2,915
R+P,her2,1,915
R+P,luminal,1,915
R+D,basal,1,915
R+D,her2,1,915
R+D,luminal,1,915
R+P+D,basal,4,915
R+P+D,her2,0,915
R+P+D,luminal,3,915
MOFA+,basal,0,915
MOFA+,her2,0,915
MOFA+,luminal,1,915
R,basal,0,916
R,her2,1,916
R,luminal,0,916
R+P,basal,0,916
R+P,her2,2,916
R+P,luminal,0,916
R+D,basal,0,916
R+D,her2,3,916
R+D,luminal,0,916
R+P+D,basal,0,916
R+P+D,her2,1,916
R+P+D,luminal,0,916
MOFA+,basal,0,916
MOFA+,her2,3,916
MOFA+,luminal,0,916
R,basal,0,917
R,her2,1,917
R,luminal,1,917
R+P,basal,0,917
R+P,her2,0,917
R+P,luminal,0,917
R+D,basal,0,917
R+D,her2,3,917
R+D,luminal,0,917
R+P+D,basal,0,917
R+P+D,her2,1,917
R+P+D,luminal,0,917
MOFA+,basal,1,917
MOFA+,her2,0,917
MOFA+,luminal,0,917
R,basal,0,918
R,her2,0,918
R,luminal,0,918
R+P,basal,0,918
R+P,her2,0,918
R+P,luminal,0,918
R+D,basal,0,918
R+D,her2,2,918
R+D,luminal,0,918
R+P+D,basal,0,918
R+P+D,her2,4,918
R+P+D,luminal,0,918
MOFA+,basal,3,918
MOFA+,her2,2,918
MOFA+,luminal,0,918
R,basal,1,919
R,her2,0,919
R,luminal,0,919
R+P,basal,0,919
R+P,her2,0,919
R+P,luminal,2,919
R+D,basal,1,919
R+D,her2,1,919
R+D,luminal,0,919
R+P+D,basal,0,919
R+P+D,her2,0,919
R+P+D,luminal,0,919
MOFA+,basal,4,919
MOFA+,her2,0,919
MOFA+,luminal,0,919
R,basal,1,920
R,her2,3,920
R,luminal,2,920
R+P,basal,0,920
R+P,her2,3,920
R+P,luminal,2,920
R+D,basal,0,920
R+D,her2,0,920
R+D,luminal,1,920
R+P+D,basal,3,920
R+P+D,her2,2,920
R+P+D,luminal,0,920
MOFA+,basal,0,920
MOFA+,her2,0,920
MOFA+,luminal,26,920
R,basal,0,921
R,her2,0,921
R,luminal,0,921
R+P,basal,0,921
R+P,her2,2,921
R+P,luminal,0,921
R+D,basal,0,921
R+D,her2,2,921
R+D,luminal,0,921
R+P+D,basal,0,921
R+P+D,her2,1,921
R+P+D,luminal,0,921
MOFA+,basal,0,921
MOFA+,her2,1,921
MOFA+,luminal,1,921
R,basal,4,922
R,her2,5,922
R,luminal,3,922
R+P,basal,0,922
R+P,her2,4,922
R+P,luminal,7,922
R+D,basal,1,922
R+D,her2,5,922
R+D,luminal,2,922
R+P+D,basal,2,922
R+P+D,her2,3,922
R+P+D,luminal,4,922
MOFA+,basal,0,922
MOFA+,her2,7,922
MOFA+,luminal,0,922
R,basal,1,923
R,her2,3,923
R,luminal,1,923
R+P,basal,2,923
R+P,her2,2,923
R+P,luminal,1,923
R+D,basal,1,923
R+D,her2,1,923
R+D,luminal,0,923
R+P+D,basal,1,923
R+P+D,her2,5,923
R+P+D,luminal,0,923
MOFA+,basal,0,923
MOFA+,her2,0,923
MOFA+,luminal,0,923
R,basal,1,924
R,her2,3,924
R,luminal,1,924
R+P,basal,0,924
R+P,her2,3,924
R+P,luminal,2,924
R+D,basal,1,924
R+D,her2,3,924
R+D,luminal,3,924
R+P+D,basal,2,924
R+P+D,her2,5,924
R+P+D,luminal,5,924
MOFA+,basal,4,924
MOFA+,her2,0,924
MOFA+,luminal,0,924
R,basal,0,925
R,her2,4,925
R,luminal,0,925
R+P,basal,0,925
R+P,her2,6,925
R+P,luminal,0,925
R+D,basal,0,925
R+D,her2,7,925
R+D,luminal,0,925
R+P+D,basal,0,925
R+P+D,her2,9,925
R+P+D,luminal,1,925
MOFA+,basal,2,925
MOFA+,her2,7,925
MOFA+,luminal,1,925
R,basal,3,926
R,her2,0,926
R,luminal,7,926
R+P,basal,8,926
R+P,her2,1,926
R+P,luminal,5,926
R+D,basal,11,926
R+D,her2,0,926
R+D,luminal,0,926
R+P+D,basal,10,926
R+P+D,her2,1,926
R+P+D,luminal,1,926
MOFA+,basal,17,926
MOFA+,her2,1,926
MOFA+,luminal,0,926
R,basal,3,927
R,her2,2,927
R,luminal,2,927
R+P,basal,3,927
R+P,her2,1,927
R+P,luminal,9,927
R+D,basal,1,927
R+D,her2,0,927
R+D,luminal,3,927
R+P+D,basal,4,927
R+P+D,her2,0,927
R+P+D,luminal,3,927
MOFA+,basal,2,927
MOFA+,her2,3,927
MOFA+,luminal,26,927
R,basal,0,928
R,her2,0,928
R,luminal,0,928
R+P,basal,0,928
R+P,her2,0,928
R+P,luminal,0,928
R+D,basal,0,928
R+D,her2,2,928
R+D,luminal,0,928
R+P+D,basal,0,928
R+P+D,her2,2,928
R+P+D,luminal,0,928
MOFA+,basal,0,928
MOFA+,her2,0,928
MOFA+,luminal,0,928
R,basal,0,929
R,her2,0,929
R,luminal,0,929
R+P,basal,1,929
R+P,her2,0,929
R+P,luminal,0,929
R+D,basal,2,929
R+D,her2,0,929
R+D,luminal,0,929
R+P+D,basal,2,929
R+P+D,her2,3,929
R+P+D,luminal,1,929
MOFA+,basal,0,929
MOFA+,her2,0,929
MOFA+,luminal,1,929
R,basal,0,930
R,her2,2,930
R,luminal,0,930
R+P,basal,0,930
R+P,her2,3,930
R+P,luminal,0,930
R+D,basal,1,930
R+D,her2,3,930
R+D,luminal,0,930
R+P+D,basal,0,930
R+P+D,her2,0,930
R+P+D,luminal,1,930
MOFA+,basal,2,930
MOFA+,her2,0,930
MOFA+,luminal,1,930
R,basal,0,931
R,her2,2,931
R,luminal,0,931
R+P,basal,0,931
R+P,her2,0,931
R+P,luminal,0,931
R+D,basal,0,931
R+D,her2,0,931
R+D,luminal,0,931
R+P+D,basal,0,931
R+P+D,her2,0,931
R+P+D,luminal,0,931
MOFA+,basal,0,931
MOFA+,her2,0,931
MOFA+,luminal,0,931
R,basal,2,932
R,her2,7,932
R,luminal,3,932
R+P,basal,1,932
R+P,her2,8,932
R+P,luminal,2,932
R+D,basal,3,932
R+D,her2,5,932
R+D,luminal,2,932
R+P+D,basal,1,932
R+P+D,her2,5,932
R+P+D,luminal,3,932
MOFA+,basal,1,932
MOFA+,her2,1,932
MOFA+,luminal,1,932
R,basal,2,933
R,her2,1,933
R,luminal,0,933
R+P,basal,0,933
R+P,her2,0,933
R+P,luminal,0,933
R+D,basal,2,933
R+D,her2,0,933
R+D,luminal,1,933
R+P+D,basal,0,933
R+P+D,her2,0,933
R+P+D,luminal,0,933
MOFA+,basal,0,933
MOFA+,her2,0,933
MOFA+,luminal,1,933
R,basal,0,934
R,her2,2,934
R,luminal,1,934
R+P,basal,0,934
R+P,her2,2,934
R+P,luminal,3,934
R+D,basal,0,934
R+D,her2,0,934
R+D,luminal,3,934
R+P+D,basal,0,934
R+P+D,her2,2,934
R+P+D,luminal,2,934
MOFA+,basal,1,934
MOFA+,her2,0,934
MOFA+,luminal,3,934
R,basal,2,935
R,her2,2,935
R,luminal,1,935
R+P,basal,1,935
R+P,her2,1,935
R+P,luminal,2,935
R+D,basal,2,935
R+D,her2,4,935
R+D,luminal,2,935
R+P+D,basal,3,935
R+P+D,her2,0,935
R+P+D,luminal,4,935
MOFA+,basal,1,935
MOFA+,her2,2,935
MOFA+,luminal,0,935
R,basal,0,936
R,her2,1,936
R,luminal,0,936
R+P,basal,0,936
R+P,her2,3,936
R+P,luminal,0,936
R+D,basal,0,936
R+D,her2,6,936
R+D,luminal,2,936
R+P+D,basal,0,936
R+P+D,her2,4,936
R+P+D,luminal,0,936
MOFA+,basal,4,936
MOFA+,her2,1,936
MOFA+,luminal,1,936
R,basal,0,937
R,her2,1,937
R,luminal,1,937
R+P,basal,1,937
R+P,her2,1,937
R+P,luminal,0,937
R+D,basal,2,937
R+D,her2,0,937
R+D,luminal,1,937
R+P+D,basal,2,937
R+P+D,her2,0,937
R+P+D,luminal,0,937
MOFA+,basal,1,937
MOFA+,her2,0,937
MOFA+,luminal,0,937
R,basal,1,938
R,her2,0,938
R,luminal,0,938
R+P,basal,0,938
R+P,her2,0,938
R+P,luminal,2,938
R+D,basal,0,938
R+D,her2,0,938
R+D,luminal,0,938
R+P+D,basal,0,938
R+P+D,her2,0,938
R+P+D,luminal,0,938
MOFA+,basal,1,938
MOFA+,her2,2,938
MOFA+,luminal,1,938
R,basal,0,939
R,her2,2,939
R,luminal,0,939
R+P,basal,0,939
R+P,her2,1,939
R+P,luminal,0,939
R+D,basal,0,939
R+D,her2,12,939
R+D,luminal,0,939
R+P+D,basal,0,939
R+P+D,her2,4,939
R+P+D,luminal,0,939
MOFA+,basal,0,939
MOFA+,her2,0,939
MOFA+,luminal,0,939
R,basal,1,940
R,her2,0,940
R,luminal,0,940
R+P,basal,0,940
R+P,her2,0,940
R+P,luminal,3,940
R+D,basal,0,940
R+D,her2,1,940
R+D,luminal,1,940
R+P+D,basal,1,940
R+P+D,her2,0,940
R+P+D,luminal,2,940
MOFA+,basal,0,940
MOFA+,her2,0,940
MOFA+,luminal,1,940
R,basal,0,941
R,her2,2,941
R,luminal,0,941
R+P,basal,0,941
R+P,her2,2,941
R+P,luminal,0,941
R+D,basal,0,941
R+D,her2,6,941
R+D,luminal,0,941
R+P+D,basal,0,941
R+P+D,her2,5,941
R+P+D,luminal,0,941
MOFA+,basal,4,941
MOFA+,her2,0,941
MOFA+,luminal,0,941
R,basal,2,942
R,her2,0,942
R,luminal,2,942
R+P,basal,5,942
R+P,her2,0,942
R+P,luminal,2,942
R+D,basal,3,942
R+D,her2,0,942
R+D,luminal,3,942
R+P+D,basal,3,942
R+P+D,her2,0,942
R+P+D,luminal,2,942
MOFA+,basal,1,942
MOFA+,her2,3,942
MOFA+,luminal,0,942
R,basal,0,943
R,her2,1,943
R,luminal,0,943
R+P,basal,0,943
R+P,her2,0,943
R+P,luminal,0,943
R+D,basal,0,943
R+D,her2,0,943
R+D,luminal,0,943
R+P+D,basal,0,943
R+P+D,her2,2,943
R+P+D,luminal,0,943
MOFA+,basal,0,943
MOFA+,her2,0,943
MOFA+,luminal,0,943
R,basal,0,944
R,her2,0,944
R,luminal,0,944
R+P,basal,2,944
R+P,her2,1,944
R+P,luminal,0,944
R+D,basal,0,944
R+D,her2,2,944
R+D,luminal,1,944
R+P+D,basal,0,944
R+P+D,her2,2,944
R+P+D,luminal,1,944
MOFA+,basal,1,944
MOFA+,her2,0,944
MOFA+,luminal,0,944
R,basal,2,945
R,her2,0,945
R,luminal,3,945
R+P,basal,2,945
R+P,her2,0,945
R+P,luminal,4,945
R+D,basal,1,945
R+D,her2,0,945
R+D,luminal,1,945
R+P+D,basal,3,945
R+P+D,her2,0,945
R+P+D,luminal,2,945
MOFA+,basal,4,945
MOFA+,her2,2,945
MOFA+,luminal,3,945
R,basal,2,946
R,her2,1,946
R,luminal,0,946
R+P,basal,0,946
R+P,her2,2,946
R+P,luminal,0,946
R+D,basal,1,946
R+D,her2,1,946
R+D,luminal,0,946
R+P+D,basal,0,946
R+P+D,her2,1,946
R+P+D,luminal,0,946
MOFA+,basal,3,946
MOFA+,her2,0,946
MOFA+,luminal,0,946
R,basal,2,947
R,her2,0,947
R,luminal,6,947
R+P,basal,3,947
R+P,her2,1,947
R+P,luminal,5,947
R+D,basal,1,947
R+D,her2,1,947
R+D,luminal,1,947
R+P+D,basal,0,947
R+P+D,her2,5,947
R+P+D,luminal,2,947
MOFA+,basal,1,947
MOFA+,her2,0,947
MOFA+,luminal,1,947
R,basal,2,948
R,her2,1,948
R,luminal,0,948
R+P,basal,0,948
R+P,her2,0,948
R+P,luminal,0,948
R+D,basal,5,948
R+D,her2,0,948
R+D,luminal,0,948
R+P+D,basal,6,948
R+P+D,her2,0,948
R+P+D,luminal,0,948
MOFA+,basal,0,948
MOFA+,her2,0,948
MOFA+,luminal,1,948
R,basal,1,949
R,her2,1,949
R,luminal,1,949
R+P,basal,0,949
R+P,her2,2,949
R+P,luminal,0,949
R+D,basal,0,949
R+D,her2,2,949
R+D,luminal,0,949
R+P+D,basal,0,949
R+P+D,her2,4,949
R+P+D,luminal,0,949
MOFA+,basal,0,949
MOFA+,her2,0,949
MOFA+,luminal,0,949
R,basal,1,950
R,her2,0,950
R,luminal,1,950
R+P,basal,2,950
R+P,her2,1,950
R+P,luminal,2,950
R+D,basal,7,950
R+D,her2,1,950
R+D,luminal,4,950
R+P+D,basal,4,950
R+P+D,her2,0,950
R+P+D,luminal,4,950
MOFA+,basal,4,950
MOFA+,her2,0,950
MOFA+,luminal,3,950
R,basal,1,951
R,her2,1,951
R,luminal,0,951
R+P,basal,0,951
R+P,her2,0,951
R+P,luminal,1,951
R+D,basal,0,951
R+D,her2,0,951
R+D,luminal,2,951
R+P+D,basal,0,951
R+P+D,her2,0,951
R+P+D,luminal,2,951
MOFA+,basal,0,951
MOFA+,her2,1,951
MOFA+,luminal,0,951
R,basal,1,952
R,her2,2,952
R,luminal,0,952
R+P,basal,0,952
R+P,her2,1,952
R+P,luminal,0,952
R+D,basal,1,952
R+D,her2,0,952
R+D,luminal,0,952
R+P+D,basal,1,952
R+P+D,her2,0,952
R+P+D,luminal,1,952
MOFA+,basal,0,952
MOFA+,her2,0,952
MOFA+,luminal,1,952
R,basal,0,953
R,her2,1,953
R,luminal,2,953
R+P,basal,0,953
R+P,her2,0,953
R+P,luminal,2,953
R+D,basal,0,953
R+D,her2,0,953
R+D,luminal,1,953
R+P+D,basal,1,953
R+P+D,her2,1,953
R+P+D,luminal,0,953
MOFA+,basal,1,953
MOFA+,her2,3,953
MOFA+,luminal,0,953
R,basal,0,954
R,her2,0,954
R,luminal,0,954
R+P,basal,1,954
R+P,her2,1,954
R+P,luminal,0,954
R+D,basal,0,954
R+D,her2,0,954
R+D,luminal,0,954
R+P+D,basal,1,954
R+P+D,her2,0,954
R+P+D,luminal,0,954
MOFA+,basal,0,954
MOFA+,her2,0,954
MOFA+,luminal,0,954
R,basal,0,955
R,her2,0,955
R,luminal,0,955
R+P,basal,1,955
R+P,her2,0,955
R+P,luminal,0,955
R+D,basal,4,955
R+D,her2,0,955
R+D,luminal,0,955
R+P+D,basal,4,955
R+P+D,her2,0,955
R+P+D,luminal,0,955
MOFA+,basal,4,955
MOFA+,her2,0,955
MOFA+,luminal,0,955
R,basal,0,956
R,her2,1,956
R,luminal,0,956
R+P,basal,0,956
R+P,her2,0,956
R+P,luminal,0,956
R+D,basal,0,956
R+D,her2,0,956
R+D,luminal,0,956
R+P+D,basal,0,956
R+P+D,her2,1,956
R+P+D,luminal,0,956
MOFA+,basal,0,956
MOFA+,her2,2,956
MOFA+,luminal,0,956
R,basal,0,957
R,her2,1,957
R,luminal,0,957
R+P,basal,0,957
R+P,her2,1,957
R+P,luminal,0,957
R+D,basal,0,957
R+D,her2,0,957
R+D,luminal,0,957
R+P+D,basal,1,957
R+P+D,her2,0,957
R+P+D,luminal,0,957
MOFA+,basal,1,957
MOFA+,her2,1,957
MOFA+,luminal,0,957
R,basal,0,958
R,her2,0,958
R,luminal,0,958
R+P,basal,1,958
R+P,her2,0,958
R+P,luminal,1,958
R+D,basal,1,958
R+D,her2,1,958
R+D,luminal,2,958
R+P+D,basal,1,958
R+P+D,her2,0,958
R+P+D,luminal,1,958
MOFA+,basal,0,958
MOFA+,her2,0,958
MOFA+,luminal,1,958
R,basal,0,959
R,her2,1,959
R,luminal,6,959
R+P,basal,0,959
R+P,her2,1,959
R+P,luminal,8,959
R+D,basal,0,959
R+D,her2,1,959
R+D,luminal,15,959
R+P+D,basal,0,959
R+P+D,her2,0,959
R+P+D,luminal,10,959
MOFA+,basal,0,959
MOFA+,her2,0,959
MOFA+,luminal,1,959
R,basal,0,960
R,her2,1,960
R,luminal,0,960
R+P,basal,3,960
R+P,her2,1,960
R+P,luminal,0,960
R+D,basal,2,960
R+D,her2,1,960
R+D,luminal,0,960
R+P+D,basal,5,960
R+P+D,her2,1,960
R+P+D,luminal,0,960
MOFA+,basal,4,960
MOFA+,her2,0,960
MOFA+,luminal,3,960
R,basal,4,961
R,her2,1,961
R,luminal,4,961
R+P,basal,3,961
R+P,her2,0,961
R+P,luminal,3,961
R+D,basal,4,961
R+D,her2,0,961
R+D,luminal,2,961
R+P+D,basal,3,961
R+P+D,her2,0,961
R+P+D,luminal,2,961
MOFA+,basal,0,961
MOFA+,her2,0,961
MOFA+,luminal,26,961
R,basal,0,962
R,her2,1,962
R,luminal,1,962
R+P,basal,0,962
R+P,her2,1,962
R+P,luminal,1,962
R+D,basal,2,962
R+D,her2,0,962
R+D,luminal,1,962
R+P+D,basal,2,962
R+P+D,her2,2,962
R+P+D,luminal,1,962
MOFA+,basal,0,962
MOFA+,her2,0,962
MOFA+,luminal,3,962
R,basal,0,963
R,her2,0,963
R,luminal,1,963
R+P,basal,0,963
R+P,her2,0,963
R+P,luminal,0,963
R+D,basal,0,963
R+D,her2,0,963
R+D,luminal,1,963
R+P+D,basal,0,963
R+P+D,her2,0,963
R+P+D,luminal,0,963
MOFA+,basal,3,963
MOFA+,her2,2,963
MOFA+,luminal,3,963
R,basal,0,964
R,her2,0,964
R,luminal,0,964
R+P,basal,0,964
R+P,her2,1,964
R+P,luminal,0,964
R+D,basal,0,964
R+D,her2,3,964
R+D,luminal,1,964
R+P+D,basal,0,964
R+P+D,her2,1,964
R+P+D,luminal,1,964
MOFA+,basal,0,964
MOFA+,her2,0,964
MOFA+,luminal,4,964
R,basal,1,965
R,her2,1,965
R,luminal,1,965
R+P,basal,2,965
R+P,her2,2,965
R+P,luminal,0,965
R+D,basal,0,965
R+D,her2,4,965
R+D,luminal,4,965
R+P+D,basal,0,965
R+P+D,her2,2,965
R+P+D,luminal,5,965
MOFA+,basal,2,965
MOFA+,her2,7,965
MOFA+,luminal,0,965
R,basal,2,966
R,her2,2,966
R,luminal,0,966
R+P,basal,2,966
R+P,her2,2,966
R+P,luminal,0,966
R+D,basal,0,966
R+D,her2,2,966
R+D,luminal,0,966
R+P+D,basal,1,966
R+P+D,her2,2,966
R+P+D,luminal,0,966
MOFA+,basal,0,966
MOFA+,her2,1,966
MOFA+,luminal,0,966
R,basal,1,967
R,her2,0,967
R,luminal,0,967
R+P,basal,0,967
R+P,her2,0,967
R+P,luminal,1,967
R+D,basal,0,967
R+D,her2,0,967
R+D,luminal,1,967
R+P+D,basal,0,967
R+P+D,her2,0,967
R+P+D,luminal,0,967
MOFA+,basal,4,967
MOFA+,her2,0,967
MOFA+,luminal,3,967
R,basal,0,968
R,her2,0,968
R,luminal,0,968
R+P,basal,1,968
R+P,her2,1,968
R+P,luminal,4,968
R+D,basal,0,968
R+D,her2,0,968
R+D,luminal,1,968
R+P+D,basal,1,968
R+P+D,her2,1,968
R+P+D,luminal,0,968
MOFA+,basal,4,968
MOFA+,her2,3,968
MOFA+,luminal,4,968
R,basal,2,969
R,her2,0,969
R,luminal,3,969
R+P,basal,0,969
R+P,her2,0,969
R+P,luminal,0,969
R+D,basal,1,969
R+D,her2,0,969
R+D,luminal,2,969
R+P+D,basal,1,969
R+P+D,her2,0,969
R+P+D,luminal,2,969
MOFA+,basal,3,969
MOFA+,her2,0,969
MOFA+,luminal,3,969
R,basal,0,970
R,her2,1,970
R,luminal,0,970
R+P,basal,0,970
R+P,her2,2,970
R+P,luminal,0,970
R+D,basal,0,970
R+D,her2,1,970
R+D,luminal,0,970
R+P+D,basal,0,970
R+P+D,her2,2,970
R+P+D,luminal,1,970
MOFA+,basal,0,970
MOFA+,her2,2,970
MOFA+,luminal,1,970
R,basal,4,971
R,her2,4,971
R,luminal,0,971
R+P,basal,2,971
R+P,her2,5,971
R+P,luminal,2,971
R+D,basal,5,971
R+D,her2,2,971
R+D,luminal,0,971
R+P+D,basal,4,971
R+P+D,her2,3,971
R+P+D,luminal,0,971
MOFA+,basal,17,971
MOFA+,her2,3,971
MOFA+,luminal,0,971
R,basal,1,972
R,her2,1,972
R,luminal,3,972
R+P,basal,0,972
R+P,her2,1,972
R+P,luminal,2,972
R+D,basal,0,972
R+D,her2,1,972
R+D,luminal,1,972
R+P+D,basal,1,972
R+P+D,her2,0,972
R+P+D,luminal,0,972
MOFA+,basal,1,972
MOFA+,her2,0,972
MOFA+,luminal,0,972
R,basal,0,973
R,her2,0,973
R,luminal,0,973
R+P,basal,0,973
R+P,her2,0,973
R+P,luminal,0,973
R+D,basal,1,973
R+D,her2,0,973
R+D,luminal,0,973
R+P+D,basal,1,973
R+P+D,her2,1,973
R+P+D,luminal,0,973
MOFA+,basal,2,973
MOFA+,her2,0,973
MOFA+,luminal,0,973
R,basal,0,974
R,her2,1,974
R,luminal,0,974
R+P,basal,1,974
R+P,her2,1,974
R+P,luminal,0,974
R+D,basal,1,974
R+D,her2,1,974
R+D,luminal,0,974
R+P+D,basal,4,974
R+P+D,her2,3,974
R+P+D,luminal,0,974
MOFA+,basal,0,974
MOFA+,her2,0,974
MOFA+,luminal,1,974
R,basal,1,975
R,her2,3,975
R,luminal,0,975
R+P,basal,1,975
R+P,her2,3,975
R+P,luminal,0,975
R+D,basal,0,975
R+D,her2,7,975
R+D,luminal,0,975
R+P+D,basal,0,975
R+P+D,her2,7,975
R+P+D,luminal,0,975
MOFA+,basal,1,975
MOFA+,her2,7,975
MOFA+,luminal,1,975
R,basal,0,976
R,her2,1,976
R,luminal,0,976
R+P,basal,1,976
R+P,her2,2,976
R+P,luminal,0,976
R+D,basal,0,976
R+D,her2,1,976
R+D,luminal,1,976
R+P+D,basal,0,976
R+P+D,her2,2,976
R+P+D,luminal,1,976
MOFA+,basal,2,976
MOFA+,her2,0,976
MOFA+,luminal,0,976
R,basal,0,977
R,her2,1,977
R,luminal,0,977
R+P,basal,0,977
R+P,her2,1,977
R+P,luminal,0,977
R+D,basal,0,977
R+D,her2,5,977
R+D,luminal,0,977
R+P+D,basal,0,977
R+P+D,her2,4,977
R+P+D,luminal,0,977
MOFA+,basal,4,977
MOFA+,her2,0,977
MOFA+,luminal,0,977
R,basal,0,978
R,her2,0,978
R,luminal,4,978
R+P,basal,0,978
R+P,her2,0,978
R+P,luminal,5,978
R+D,basal,4,978
R+D,her2,0,978
R+D,luminal,5,978
R+P+D,basal,0,978
R+P+D,her2,0,978
R+P+D,luminal,5,978
MOFA+,basal,0,978
MOFA+,her2,0,978
MOFA+,luminal,0,978
R,basal,1,979
R,her2,1,979
R,luminal,5,979
R+P,basal,1,979
R+P,her2,2,979
R+P,luminal,6,979
R+D,basal,1,979
R+D,her2,1,979
R+D,luminal,4,979
R+P+D,basal,2,979
R+P+D,her2,0,979
R+P+D,luminal,6,979
MOFA+,basal,0,979
MOFA+,her2,1,979
MOFA+,luminal,26,979
R,basal,0,980
R,her2,2,980
R,luminal,0,980
R+P,basal,2,980
R+P,her2,2,980
R+P,luminal,0,980
R+D,basal,1,980
R+D,her2,0,980
R+D,luminal,0,980
R+P+D,basal,1,980
R+P+D,her2,1,980
R+P+D,luminal,0,980
MOFA+,basal,0,980
MOFA+,her2,0,980
MOFA+,luminal,0,980
R,basal,2,981
R,her2,1,981
R,luminal,0,981
R+P,basal,1,981
R+P,her2,2,981
R+P,luminal,0,981
R+D,basal,1,981
R+D,her2,0,981
R+D,luminal,0,981
R+P+D,basal,0,981
R+P+D,her2,3,981
R+P+D,luminal,0,981
MOFA+,basal,1,981
MOFA+,her2,0,981
MOFA+,luminal,0,981
R,basal,0,982
R,her2,1,982
R,luminal,2,982
R+P,basal,0,982
R+P,her2,4,982
R+P,luminal,0,982
R+D,basal,0,982
R+D,her2,0,982
R+D,luminal,0,982
R+P+D,basal,0,982
R+P+D,her2,1,982
R+P+D,luminal,0,982
MOFA+,basal,4,982
MOFA+,her2,2,982
MOFA+,luminal,1,982
R,basal,0,983
R,her2,0,983
R,luminal,2,983
R+P,basal,0,983
R+P,her2,0,983
R+P,luminal,7,983
R+D,basal,2,983
R+D,her2,0,983
R+D,luminal,2,983
R+P+D,basal,2,983
R+P+D,her2,0,983
R+P+D,luminal,3,983
MOFA+,basal,4,983
MOFA+,her2,0,983
MOFA+,luminal,0,983
R,basal,0,984
R,her2,2,984
R,luminal,0,984
R+P,basal,1,984
R+P,her2,1,984
R+P,luminal,0,984
R+D,basal,0,984
R+D,her2,3,984
R+D,luminal,0,984
R+P+D,basal,0,984
R+P+D,her2,4,984
R+P+D,luminal,1,984
MOFA+,basal,2,984
MOFA+,her2,1,984
MOFA+,luminal,0,984
R,basal,1,985
R,her2,1,985
R,luminal,10,985
R+P,basal,1,985
R+P,her2,0,985
R+P,luminal,7,985
R+D,basal,0,985
R+D,her2,1,985
R+D,luminal,8,985
R+P+D,basal,1,985
R+P+D,her2,1,985
R+P+D,luminal,6,985
MOFA+,basal,2,985
MOFA+,her2,0,985
MOFA+,luminal,0,985
R,basal,2,986
R,her2,1,986
R,luminal,0,986
R+P,basal,1,986
R+P,her2,1,986
R+P,luminal,0,986
R+D,basal,1,986
R+D,her2,1,986
R+D,luminal,1,986
R+P+D,basal,1,986
R+P+D,her2,3,986
R+P+D,luminal,0,986
MOFA+,basal,1,986
MOFA+,her2,2,986
MOFA+,luminal,0,986
R,basal,0,987
R,her2,1,987
R,luminal,0,987
R+P,basal,0,987
R+P,her2,1,987
R+P,luminal,0,987
R+D,basal,3,987
R+D,her2,0,987
R+D,luminal,0,987
R+P+D,basal,0,987
R+P+D,her2,0,987
R+P+D,luminal,0,987
MOFA+,basal,4,987
MOFA+,her2,0,987
MOFA+,luminal,3,987
R,basal,1,988
R,her2,2,988
R,luminal,1,988
R+P,basal,0,988
R+P,her2,0,988
R+P,luminal,0,988
R+D,basal,1,988
R+D,her2,1,988
R+D,luminal,0,988
R+P+D,basal,0,988
R+P+D,her2,0,988
R+P+D,luminal,0,988
MOFA+,basal,4,988
MOFA+,her2,0,988
MOFA+,luminal,3,988
R,basal,0,989
R,her2,0,989
R,luminal,0,989
R+P,basal,0,989
R+P,her2,0,989
R+P,luminal,0,989
R+D,basal,0,989
R+D,her2,3,989
R+D,luminal,0,989
R+P+D,basal,0,989
R+P+D,her2,3,989
R+P+D,luminal,0,989
MOFA+,basal,2,989
MOFA+,her2,1,989
MOFA+,luminal,0,989
R,basal,1,990
R,her2,0,990
R,luminal,0,990
R+P,basal,1,990
R+P,her2,1,990
R+P,luminal,0,990
R+D,basal,0,990
R+D,her2,1,990
R+D,luminal,0,990
R+P+D,basal,0,990
R+P+D,her2,0,990
R+P+D,luminal,0,990
MOFA+,basal,0,990
MOFA+,her2,1,990
MOFA+,luminal,0,990
R,basal,0,991
R,her2,1,991
R,luminal,0,991
R+P,basal,0,991
R+P,her2,0,991
R+P,luminal,0,991
R+D,basal,2,991
R+D,her2,2,991
R+D,luminal,0,991
R+P+D,basal,2,991
R+P+D,her2,1,991
R+P+D,luminal,2,991
MOFA+,basal,4,991
MOFA+,her2,0,991
MOFA+,luminal,1,991
R,basal,1,992
R,her2,1,992
R,luminal,0,992
R+P,basal,0,992
R+P,her2,2,992
R+P,luminal,0,992
R+D,basal,0,992
R+D,her2,0,992
R+D,luminal,0,992
R+P+D,basal,3,992
R+P+D,her2,1,992
R+P+D,luminal,1,992
MOFA+,basal,2,992
MOFA+,her2,1,992
MOFA+,luminal,4,992
R,basal,0,993
R,her2,0,993
R,luminal,0,993
R+P,basal,0,993
R+P,her2,0,993
R+P,luminal,0,993
R+D,basal,0,993
R+D,her2,0,993
R+D,luminal,0,993
R+P+D,basal,0,993
R+P+D,her2,0,993
R+P+D,luminal,0,993
MOFA+,basal,1,993
MOFA+,her2,0,993
MOFA+,luminal,4,993
R,basal,0,994
R,her2,0,994
R,luminal,1,994
R+P,basal,0,994
R+P,her2,1,994
R+P,luminal,2,994
R+D,basal,0,994
R+D,her2,3,994
R+D,luminal,0,994
R+P+D,basal,4,994
R+P+D,her2,2,994
R+P+D,luminal,0,994
MOFA+,basal,3,994
MOFA+,her2,3,994
MOFA+,luminal,3,994
R,basal,4,995
R,her2,0,995
R,luminal,0,995
R+P,basal,3,995
R+P,her2,1,995
R+P,luminal,0,995
R+D,basal,5,995
R+D,her2,0,995
R+D,luminal,0,995
R+P+D,basal,4,995
R+P+D,her2,2,995
R+P+D,luminal,2,995
MOFA+,basal,17,995
MOFA+,her2,2,995
MOFA+,luminal,3,995
R,basal,0,996
R,her2,0,996
R,luminal,1,996
R+P,basal,0,996
R+P,her2,0,996
R+P,luminal,0,996
R+D,basal,0,996
R+D,her2,0,996
R+D,luminal,2,996
R+P+D,basal,0,996
R+P+D,her2,1,996
R+P+D,luminal,0,996
MOFA+,basal,4,996
MOFA+,her2,0,996
MOFA+,luminal,1,996
R,basal,0,997
R,her2,1,997
R,luminal,0,997
R+P,basal,0,997
R+P,her2,1,997
R+P,luminal,1,997
R+D,basal,1,997
R+D,her2,0,997
R+D,luminal,0,997
R+P+D,basal,0,997
R+P+D,her2,1,997
R+P+D,luminal,0,997
MOFA+,basal,0,997
MOFA+,her2,1,997
MOFA+,luminal,1,997
R,basal,2,998
R,her2,4,998
R,luminal,2,998
R+P,basal,2,998
R+P,her2,6,998
R+P,luminal,4,998
R+D,basal,2,998
R+D,her2,6,998
R+D,luminal,1,998
R+P+D,basal,2,998
R+P+D,her2,5,998
R+P+D,luminal,4,998
MOFA+,basal,2,998
MOFA+,her2,0,998
MOFA+,luminal,1,998
R,basal,1,999
R,her2,1,999
R,luminal,0,999
R+P,basal,0,999
R+P,her2,1,999
R+P,luminal,1,999
R+D,basal,2,999
R+D,her2,0,999
R+D,luminal,0,999
R+P+D,basal,2,999
R+P+D,her2,0,999
R+P+D,luminal,0,999
MOFA+,basal,0,999
MOFA+,her2,2,999
MOFA+,luminal,3,999
