gene,tumour_vs_normal_g,gate
A1BG,0.8835316260452571,True
A2M,-1.6253558199951685,False
A2ML1,0.015850973800512994,False
AAAS,0.3443473138711234,False
AACS,-0.3786721949735883,False
AAGAB,1.4661935253844816,True
AAK1,-0.49381711474585377,False
AAMP,0.5443231287431421,True
AARS2,0.3560939755114047,False
AARSD1,-0.03911940482669367,False
AASDHPPT,0.2241515287615902,False
AASS,-2.0642320742876588,False
AATF,0.8527156331299178,True
ABAT,0.31695292016914695,False
ABCA1,-1.2784268466396915,False
ABCA2,-0.2150682371889213,False
ABCA3,0.634054160438286,True
ABCB10,0.5778963397222583,True
ABCB6,-0.050660264634679174,False
ABCB7,-0.6859372432067689,False
ABCB8,1.4546517789107303,True
ABCC1,0.47209669535118287,False
ABCC10,0.37186401635920274,False
ABCC3,-0.2267635168611898,False
ABCC4,0.018685958443539537,False
ABCD1,0.48169555875425457,False
ABCD3,0.6050604881578107,True
ABCE1,0.4058675406649202,False
ABCF1,0.7642457153064509,True
ABCF3,1.0243212574148635,True
ABHD10,0.024028631551324252,False
ABHD11,1.4269579677199933,True
ABHD12,1.477519360762469,True
ABHD14B,-1.3167880983365041,False
ABHD3,0.8177004274943577,True
ABHD4,-0.258091659427569,False
ABHD5,-1.2316709063321083,False
ABHD6,-1.5114423549741214,False
ABI1,0.1738702303822721,False
ABI2,-0.5006022390328433,False
ABI3,-0.08385612648552038,False
ABI3BP,-1.5450735010309509,False
ABL1,-0.7877315362059569,False
ABL2,0.6917215206521976,True
ABLIM1,-1.9085353646718912,False
ABLIM2,-0.25934482852021046,False
ABLIM3,-1.2339510137286223,False
ABR,-0.6400296717008244,False
ABT1,0.3652005065217082,False
ABTB2,-0.042065524098775925,False
ACAA1,-0.26437327952962475,False
ACAA2,-1.5504768063005532,False
ACACA,-0.10905640812636262,False
ACACB,-2.5876878519361797,False
ACAD10,-0.15585770407645477,False
ACAD11,-1.8647125057578517,False
ACAD8,-0.9619067385005228,False
ACAD9,-0.10844778646364238,False
ACADM,-0.9845497102727754,False
ACADS,-1.5927064229515937,False
ACADSB,-0.29086608407010434,False
ACADVL,-1.6009752542261384,False
ACAN,1.5755282788615859,True
ACAP1,-0.03791443705668912,False
ACAP2,-0.37302477962410585,False
ACAP3,0.475903885205229,False
ACAT1,-1.025071650330944,False
ACAT2,0.7127824051241163,True
ACBD3,1.3451524848230894,True
ACBD5,0.3105995585892697,False
ACBD6,1.3898051176468043,True
ACBD7,0.2841367793860736,False
ACD,-0.1784260907379181,False
ACE,-0.44069397286320056,False
ACIN1,0.06634409684128109,False
ACLY,0.8036177504961667,True
ACO1,-2.0848714274735594,False
ACO2,-0.15615708190339755,False
ACOT11,0.27961281142112915,False
ACOT13,0.35332660073128913,False
ACOT2,-0.721357070041429,False
ACOT4,0.6312924281542401,True
ACOT7,1.4123717908345916,True
ACOT8,0.9947657887583133,True
ACOT9,-0.5246192214567031,False
ACOX1,-0.8841006623859484,False
ACOX2,-0.3573380119566871,False
ACOX3,0.042336673992561996,False
ACP1,1.1092151672114754,True
ACP2,0.8302642159345903,True
ACP5,0.651819005965524,True
ACP6,0.12789270729274482,False
ACSF2,-0.473161329431685,False
ACSF3,-0.3109282167685986,False
ACSL1,-1.950122549554221,False
ACSL3,0.29424298232516727,False
ACSL4,-1.4721429873273464,False
ACSL5,-1.1547585208225486,False
ACSM1,-0.42003666873020756,False
ACSM3,-1.1509194959129383,False
ACSS1,0.16680158737410253,False
ACSS2,-2.3907771424188837,False
ACSS3,-0.9498308330584494,False
ACTA1,0.27256273732946573,False
ACTA2,-1.6463562653055093,False
ACTB,0.5320479656280518,True
ACTBL2,-0.697620234110687,False
ACTG1,1.1588740531648225,True
ACTG2,-1.7284316935196073,False
ACTL6A,1.7377734665385958,True
ACTL8,0.9283945409834997,True
ACTN1,-0.6726124731694101,False
ACTN4,-0.02998578692944953,False
ACTR10,-0.4034784058619451,False
ACTR1A,0.2536413424280101,False
ACTR1B,-0.594366538967804,False
ACTR2,1.2771602029302451,True
ACTR3,1.191070415111988,True
ACTR3B,0.2453247443968965,False
ACTR5,0.6894592160602915,True
ACTR6,0.23305168259163206,False
ACTR8,-0.12274630025068894,False
ACVR1,-0.8943934572677098,False
ACY1,0.046835870699662725,False
ACYP1,0.3429533016872337,False
ACYP2,-1.070541019390954,False
ADA,0.2675432853096499,False
ADAM10,-0.16392042790979794,False
ADAM12,0.9593069827768416,True
ADAM15,0.7036665672338461,True
ADAM17,-0.10739653142958674,False
ADAM8,1.737154343327243,True
ADAM9,0.05832602959419095,False
ADAMDEC1,1.2920516212493902,True
ADAMTS12,0.33457880246307886,False
ADAMTS2,-0.1561758495726206,False
ADAMTS4,1.041982654148601,True
ADAMTS7,0.8710339069278044,True
ADAMTSL1,-0.9600267376828197,False
ADAMTSL2,1.3165202671084761,True
ADAMTSL4,-1.9289816924575456,False
ADAP1,0.5617757986453216,True
ADAP2,0.16168138275932786,False
ADAR,1.6340862904003342,True
ADARB1,-1.1240997603171834,False
ADAT1,-0.05056496827056934,False
ADAT2,-0.8748748368714635,False
ADAT3,0.5433324068811791,True
ADCK1,-0.04597204307464539,False
ADCK5,1.0817971918782867,True
ADCY6,-1.0378715520621755,False
ADCY9,0.13773509941134396,False
ADD1,-1.3180659266448271,False
ADD2,-0.6157563336906327,False
ADD3,-1.632341539051082,False
ADH1B,-1.9566005200506615,False
ADH5,-2.3139734348767504,False
ADHFE1,-1.9211514258693279,False
ADI1,-0.7245534179029209,False
ADIPOR1,1.7488762673393643,True
ADIPOR2,0.11267764804926692,False
ADK,0.05119825472462672,False
ADNP,1.1248007745325324,True
ADNP2,0.2908123196068426,False
ADO,0.1228508462790542,False
ADPGK,0.6306167032776838,True
ADPRH,-1.3397539853871574,False
ADRM1,1.050164879441939,True
ADSL,-0.06315928840444245,False
AEBP1,0.6801713052694383,True
AEBP2,-0.6689862722293289,False
AFAP1,-0.3087518480648799,False
AFAP1L1,-1.730439636984996,False
AFAP1L2,-1.0837711319060914,False
AFF1,-0.93474786486728,False
AFF3,-0.08056923580832873,False
AFF4,-0.07123711156097212,False
AFG3L2,0.38385228041126485,False
AFM,-0.4376654640368139,False
AFMID,0.15941582860764766,False
AFTPH,0.9278592858282909,True
AGA,0.31357510520669496,False
AGAP1,0.21752740086331065,False
AGAP2,0.017072614470515963,False
AGAP3,-0.13964390426273746,False
AGFG1,-0.5042247634829103,False
AGFG2,-0.8856538570593679,False
AGGF1,0.2995705406414892,False
AGK,0.4370370067261104,False
AGL,-0.035409919312413794,False
AGPAT1,0.1435245006933577,False
AGPAT2,-1.3554085565914369,False
AGPAT3,0.6030234644128187,True
AGPAT5,0.29917655260426185,False
AGPS,-0.274315243587254,False
AGR2,0.5757116547087642,True
AGR3,0.3626143920707303,False
AGRN,0.5852805194873129,True
AGT,0.24101659751258847,False
AGTPBP1,-0.6337722034135091,False
AGTRAP,0.9786299989347053,True
AHCTF1,0.8436884788569728,True
AHCY,1.2040587738920034,True
AHCYL1,-0.18053704651180857,False
AHCYL2,-0.0364343675535232,False
AHDC1,-0.8169852312236192,False
AHI1,-0.23044100448156504,False
AHNAK,-1.7316094749405175,False
AHNAK2,-0.23932550431992763,False
AHR,-0.8983048408746712,False
AHSA1,0.9040493965477477,True
AHSG,0.16062516422720532,False
AHSP,-0.5479832722975034,False
AIDA,0.0336324052770009,False
AIF1,-0.3662158014907715,False
AIF1L,-1.1197249523393846,False
AIFM1,1.2223911578778117,True
AIFM2,-1.786529153928944,False
AIMP1,0.3106696044684067,False
AIMP2,1.4181332799213635,True
AIP,0.10747638585502406,False
AK1,0.06176857714667858,False
AK2,0.28414567059809587,False
AK3,-1.7175314901412493,False
AK5,-1.5701074359232172,False
AKAP1,-0.8560276474267853,False
AKAP10,-0.5248743195851037,False
AKAP11,-0.8835851519532859,False
AKAP12,-2.1227812724294046,False
AKAP13,-0.9887385733271157,False
AKAP5,0.882019638483425,True
AKAP7,-1.4453150759967888,False
AKAP8,-0.010471585151882632,False
AKAP8L,0.6151439848501525,True
AKAP9,0.07915696229959503,False
AKIRIN2,-0.6946572392005166,False
AKNA,-0.5338963319322918,False
AKR1A1,0.839756410051551,True
AKR1B1,-0.8505907731508328,False
AKR1B10,-0.14626617199093217,False
AKR1C2,-1.9419457861583844,False
AKR1C3,-1.858764098224451,False
AKR7A2,0.21735074603658747,False
AKR7A3,0.6693970729781998,True
AKT1,0.8587041167511399,True
AKT1S1,0.8247270537635604,True
AKT2,-0.24745595795500575,False
AKT3,-1.107376649134477,False
AKTIP,-0.4503673607162214,False
ALAD,-1.2662537233268707,False
ALAS1,0.009493532809632815,False
ALB,-1.3810162030578643,False
ALCAM,0.3637676812868876,False
ALDH16A1,0.3800433147564381,False
ALDH18A1,1.9639548017829025,True
ALDH1A1,-2.205935036266761,False
ALDH1A2,-2.4193881446489214,False
ALDH1A3,-1.5702291445690857,False
ALDH1B1,0.8648460771198225,True
ALDH1L1,-2.6852463025643423,False
ALDH1L2,0.1097653228454229,False
ALDH2,-1.6553040757559019,False
ALDH3A2,-0.8781661354710535,False
ALDH4A1,-0.9804620677495074,False
ALDH5A1,-0.47092593247864883,False
ALDH6A1,-0.894617727452819,False
ALDH7A1,-0.8975515184984393,False
ALDH9A1,-0.5981191910999549,False
ALDOA,1.302199148902487,True
ALDOC,-1.6217292839181312,False
ALG1,1.632965780422705,True
ALG11,0.9394174893856065,True
ALG12,0.4470696858570405,False
ALG13,-0.30805594279447834,False
ALG2,0.2562225550250812,False
ALG5,0.07131644150962328,False
ALG6,1.0770507805597085,True
ALG9,-0.7779923291420149,False
ALKBH1,0.31875866912769324,False
ALKBH2,0.3624977155896975,False
ALKBH3,-0.5696326461319905,False
ALKBH4,0.5180463584303594,True
ALKBH5,-0.12459919644275713,False
ALKBH6,1.1018933458982987,True
ALKBH7,0.17276469422681098,False
ALKBH8,-0.5210818865459697,False
ALLC,-0.6407050108319877,False
ALMS1,0.50368504547171,True
ALOX15,-0.2929480150224742,False
ALOX15B,-0.45762963358229003,False
ALOX5,-0.27922725814964383,False
ALOX5AP,0.04856750780455193,False
ALPK1,-0.7324683722267539,False
ALPL,-1.6325300215937775,False
ALS2,-0.3171386849450812,False
AMACR,0.8766142869298659,True
AMBP,0.10780351039084456,False
AMBRA1,0.2643500820679742,False
AMDHD1,-0.2713367429086903,False
AMDHD2,0.653861607952329,True
AMFR,0.17339374950213127,False
AMIGO2,-1.0634933621701534,False
AMMECR1,1.058519387219203,True
AMOT,-0.7612125136002142,False
AMOTL1,-1.6659398303189552,False
AMOTL2,-2.0943268855990755,False
AMPD2,0.19410025140848408,False
AMPD3,0.21303389090068653,False
AMPH,-0.11631243362665128,False
AMT,-1.7474548273696981,False
AMZ2,0.7452623645110997,True
ANAPC1,-0.20100673971935978,False
ANAPC10,-0.4976329972463758,False
ANAPC11,1.2034292112026512,True
ANAPC13,0.14644872903230216,False
ANAPC16,-0.920943165779756,False
ANAPC2,0.11000058837919495,False
ANAPC4,-1.2505755013195199,False
ANAPC5,0.19794127281913843,False
ANAPC7,1.2588647157870525,True
ANG,-0.9611295429038494,False
ANGEL2,0.59796327767622,True
ANGPT2,-0.42895074729953103,False
ANGPTL2,-1.7445704190794216,False
ANGPTL4,-1.6086597135346314,False
ANK1,-0.1277239788859195,False
ANK2,-1.9512406645313343,False
ANK3,0.09731612141979183,False
ANKFY1,-1.0090669722191326,False
ANKHD1,-0.046493220513083536,False
ANKIB1,0.5222477569883998,True
ANKLE2,0.08502241768117441,False
ANKMY2,-1.3579162676391985,False
ANKRD10,-0.2090937294086441,False
ANKRD11,-0.8390759975827334,False
ANKRD12,-0.6346369876421499,False
ANKRD13A,-0.8410272982223831,False
ANKRD13D,0.9169007224682825,True
ANKRD16,0.3750867972407716,False
ANKRD17,-0.06000532706242706,False
ANKRD22,1.3406623564350473,True
ANKRD26,0.13968863606519952,False
ANKRD27,0.07266040323916659,False
ANKRD28,-0.00610876849549667,False
ANKRD30A,-0.2111231966523014,False
ANKRD35,-1.686816490670438,False
ANKRD39,0.8533399842477192,True
ANKRD40,-1.0639396390551419,False
ANKRD44,-0.33555734144888216,False
ANKRD49,-0.24315602154623273,False
ANKRD50,0.5560330698962536,True
ANKRD52,0.4003356316609195,False
ANKRD54,0.7411076329137076,True
ANKS1A,-0.8302784048519316,False
ANKS3,0.29429971576665837,False
ANKZF1,-0.18689167419217922,False
ANLN,2.8208466362841045,True
ANO1,-0.724227518347267,False
ANO10,-0.21131366764659368,False
ANO6,-2.031018874109765,False
ANP32A,0.7992476525326768,True
ANP32B,0.27421401945626145,False
ANP32E,0.5097140493012466,True
ANPEP,-1.1072746734352084,False
ANTXR1,-0.035007748973136535,False
ANTXR2,-1.9465092318769608,False
ANXA1,-2.425520859324165,False
ANXA11,-0.8230204500008232,False
ANXA2,-0.33973980253154373,False
ANXA3,-1.265590031768586,False
ANXA4,0.009700089338642484,False
ANXA5,-0.9920797923891908,False
ANXA6,-0.689701721647405,False
ANXA7,0.03557030280748021,False
ANXA8L1,-0.051554620134173765,False
ANXA9,0.863348382451292,True
AOAH,-0.17669176575208778,False
AOC3,-2.7606506628922025,False
AOX1,-1.7747395945506814,False
AP1AR,0.7876661771387864,True
AP1B1,0.5224177511800621,True
AP1G1,0.08319010096128499,False
AP1G2,0.8635106738504386,True
AP1M1,-0.14911321005873707,False
AP1M2,1.8943058244461688,True
AP1S1,1.8493942246646988,True
AP1S2,-0.5996660427861186,False
AP1S3,1.3269370632085715,True
AP2A1,0.7836150821200577,True
AP2A2,-0.3967153861243629,False
AP2B1,0.50536137379144,True
AP2M1,0.8428960321499113,True
AP2S1,1.385319612435336,True
AP3B1,0.4283558362045484,False
AP3B2,-0.4592489343346873,False
AP3D1,0.7697067113541898,True
AP3M1,0.19645895074808417,False
AP3M2,0.5202912864198577,True
AP3S1,0.13401187327889075,False
AP3S2,-0.19237447542424482,False
AP4B1,-0.2815543442111693,False
AP4E1,-0.12342153990434272,False
AP4M1,1.084210301911201,True
AP4S1,-0.5848287810807323,False
APAF1,0.039147131798327295,False
APBA1,-1.5812443176050708,False
APBA2,0.21838899270751744,False
APBA3,0.4837048537312305,False
APBB1,-1.0395314064434378,False
APBB1IP,-1.2239145927946045,False
APBB2,-0.22445421587992323,False
APC,-0.6600313049849444,False
APCS,0.12354573522240811,False
APEH,0.9294804491909192,True
APEX1,0.5059809170005685,True
APEX2,1.5496564332575302,True
API5,0.22149847990244562,False
APIP,-0.2724109828771975,False
APLF,-1.0233806546751858,False
APLP2,-0.5701367291537247,False
APOA1,0.490145155750495,False
APOA2,0.24588714949624862,False
APOA4,-0.00047886151543356076,False
APOB,-3.1166059583994903,False
APOBEC3B,1.2234393047772245,True
APOBEC3C,-1.2085010478234042,False
APOBEC3F,-0.25666665850827336,False
APOBEC3G,-0.3144070889218067,False
APOC1,0.8435049735500779,True
APOC3,0.1808732918422799,False
APOC4,0.5190092650730462,True
APOD,-1.5012091609553526,False
APOE,0.23011984113423076,False
APOF,0.2202689239204645,False
APOH,-0.14551527881983303,False
APOL1,0.2046525139072164,False
APOL2,0.31493660656898337,False
APOL3,-0.9673866129661706,False
APOM,-0.7402360341249036,False
APOO,1.6599961785972348,True
APOOL,-0.10120893690262343,False
APP,-0.5750092435224402,False
APPBP2,-0.10202210804218599,False
APPL1,-0.24254262792941866,False
APPL2,-0.923357913787408,False
APRT,0.5402029480579973,True
APTX,0.9518042706115005,True
AQP1,-2.3902097451882827,False
AQR,0.12251175622990508,False
AR,-0.1875169626462523,False
ARAF,0.07261442973588232,False
ARAP1,-0.4559928391301251,False
ARAP2,-0.1974372768878568,False
ARAP3,-1.9783653963138321,False
ARCN1,0.19785824720753284,False
ARF1,1.9700818508833884,True
ARF3,1.3940148365722331,True
ARF4,1.241537544275207,True
ARF5,0.9542958569098989,True
ARF6,0.958489702148537,True
ARFGAP1,1.3997815742724402,True
ARFGAP2,0.13110681036412178,False
ARFGAP3,-0.24739870490158275,False
ARFGEF1,0.9937415998282445,True
ARFGEF2,0.38020355528889965,False
ARFIP1,0.17050467684053364,False
ARFIP2,0.8161479250907019,True
ARFRP1,0.24184845845094333,False
ARG1,-0.7146422297569505,False
ARGLU1,-1.3114892498639332,False
ARHGAP1,0.3357542995531724,False
ARHGAP10,-1.7374833821806446,False
ARHGAP12,-0.6526776522354489,False
ARHGAP15,-0.22027997336258695,False
ARHGAP17,-0.5452381786138591,False
ARHGAP18,-0.1545400227110084,False
ARHGAP21,-1.2942472183494256,False
ARHGAP22,0.19829595677873585,False
ARHGAP24,-1.7231728629859357,False
ARHGAP25,-0.8817945401172259,False
ARHGAP26,-1.4234367215151909,False
ARHGAP27,-0.28764679906491564,False
ARHGAP29,-0.8553036477806624,False
ARHGAP30,0.059822739285459045,False
ARHGAP31,-1.5296219150668475,False
ARHGAP32,0.694659014350042,True
ARHGAP39,1.9333940739812001,True
ARHGAP4,-0.020585676648784138,False
ARHGAP5,-0.9507591064349531,False
ARHGAP6,-1.5691073925743149,False
ARHGAP8,1.064758167066242,True
ARHGAP9,-0.023119504105907393,False
ARHGDIA,0.9649329101969334,True
ARHGDIB,0.40001550911068345,False
ARHGEF1,0.2692794659862328,False
ARHGEF10,-1.6218922910177107,False
ARHGEF10L,-0.49862941673494693,False
ARHGEF11,0.7342001232022741,True
ARHGEF12,-0.4793108444554766,False
ARHGEF16,1.1417354393825174,True
ARHGEF17,-0.7708434577769588,False
ARHGEF18,0.7466943601798222,True
ARHGEF2,0.06321000196940456,False
ARHGEF3,-0.074451445763928,False
ARHGEF35,-0.10408890832772721,False
ARHGEF37,-1.125734892755683,False
ARHGEF38,0.02909082075699572,False
ARHGEF5,-0.3024377257397171,False
ARHGEF6,-1.492788621751829,False
ARHGEF7,-1.3335296476866714,False
ARID1A,0.5711194145625447,True
ARID1B,-0.6683965594645577,False
ARID2,0.4482495886720449,False
ARID3A,1.054565560021393,True
ARID4A,-1.2247214181867607,False
ARID4B,0.5907892031506309,True
ARID5A,-1.4359495626913916,False
ARID5B,-2.0262115538471424,False
ARIH1,-0.4580043264157876,False
ARIH2,-0.9701486134119357,False
ARL1,0.6375070326101444,True
ARL15,-0.9226846209189227,False
ARL2,-0.8291660475869661,False
ARL2BP,-0.6104211104271738,False
ARL3,0.6696424204623997,True
ARL5A,0.07566931407847984,False
ARL5B,0.27447250571218795,False
ARL6,-0.13476703208045804,False
ARL6IP1,1.8191821353423998,True
ARL6IP5,-0.8945609797627875,False
ARL6IP6,0.20837277575920185,False
ARL8A,1.199125695768094,True
ARL8B,0.652664760306509,True
ARMC1,0.6790389389801718,True
ARMC10,0.7080904061045871,True
ARMC5,0.388675557745034,False
ARMC6,0.9985852375760528,True
ARMC7,0.9371761425602873,True
ARMC8,-0.4473917523424582,False
ARMC9,1.2869350728153395,True
ARMCX1,-0.7846925481762165,False
ARMCX2,-0.1077301436812892,False
ARMCX3,-0.29585800078482477,False
ARMCX5,-0.31258682607214544,False
ARNT,-0.6058380515170246,False
ARNT2,1.0258173836887006,True
ARPC1A,0.47705418447137055,False
ARPC1B,1.1382947915808619,True
ARPC2,0.4938439494741767,False
ARPC3,1.388365810674395,True
ARPC4,1.0049038585847911,True
ARPC5,0.9991265008037556,True
ARPC5L,1.5225587823493807,True
ARPP19,-0.21062149077971318,False
ARRB1,-1.273216098532817,False
ARRB2,0.1052785841821314,False
ARRDC1,1.3043673097884596,True
ARSA,0.12801575756819694,False
ARSB,0.6102660271232065,True
ARSD,0.18403246186966193,False
ARV1,1.080889356089284,True
ARVCF,-0.28669242094147823,False
AS3MT,-0.1513441144413439,False
ASAH1,-0.18986085297615637,False
ASAP1,0.24903181873257033,False
ASAP2,-0.12292924133635716,False
ASAP3,-0.2696891766791465,False
ASB1,-2.018847525459926,False
ASB13,0.7801731992368196,True
ASB6,0.3472030732746618,False
ASB7,0.10890997801284298,False
ASB9,-0.6133955337543989,False
ASCC1,0.6049901338914081,True
ASCC2,0.08252983426366967,False
ASCC3,0.3876881367907689,False
ASF1A,0.19773494852108028,False
ASF1B,3.076501829133832,True
ASGR2,-0.09919273901267175,False
ASH1L,-0.19235325114709986,False
ASH2L,0.19974396379830014,False
ASL,0.4438592207830858,False
ASNS,0.7025630170952167,True
ASNSD1,-0.6956739723367904,False
ASPA,-2.668897141570325,False
ASPH,-0.918185985081102,False
ASPM,2.982314875569735,True
ASPSCR1,1.1734880620591532,True
ASRGL1,-0.15295656417378892,False
ASS1,-0.7810583797293849,False
ASTE1,-0.5864644691339153,False
ATAD1,-0.293304185844996,False
ATAD2,1.9397900678219298,True
ATAD2B,0.5577233901964488,True
ATAD3A,0.7901194558120452,True
ATAD3B,0.20420503166695006,False
ATE1,-0.4252438155775324,False
ATF1,-0.3112028955885691,False
ATF2,-0.3436241809572482,False
ATF7,-1.5423828700169193,False
ATF7IP,-0.08942651458054117,False
ATG12,0.07192375290299,False
ATG16L1,0.7217855176568201,True
ATG2A,-0.1164173026066547,False
ATG2B,-0.8916803912698241,False
ATG3,0.5717974929361749,True
ATG4A,0.36385479502013224,False
ATG4B,0.21040503688540052,False
ATG4C,-0.7776602643375606,False
ATG5,-0.0846785022966264,False
ATG7,0.26079057087091884,False
ATG9A,-0.5277240590302562,False
ATIC,1.8872895187420016,True
ATL1,-1.0774145326737414,False
ATL2,-0.7554423725306777,False
ATL3,0.16260318914963034,False
ATM,-0.8835572342779202,False
ATN1,-0.7847088148046618,False
ATOX1,1.1342668471005788,True
ATP11A,-0.5712979225873586,False
ATP11B,-0.7527012318013131,False
ATP11C,-0.7182874951588698,False
ATP13A1,1.646942063696962,True
ATP13A2,1.0840657078616278,True
ATP13A3,0.5510522872834662,True
ATP1A1,0.10286925247987586,False
ATP1B1,0.27751964699487397,False
ATP1B3,0.3127760634443811,False
ATP2A2,0.39248441032640646,False
ATP2A3,0.6973510235787931,True
ATP2B1,-0.7971703787501114,False
ATP2B4,-1.2161661307791458,False
ATP2C1,0.33257963083404235,False
ATP6AP1,1.9547919849247914,True
ATP6AP2,0.8136851484648424,True
ATP6V0A1,-0.46725544313664635,False
ATP6V0A2,0.00032999747272593295,False
ATP6V0A4,-0.22774680114460688,False
ATP6V0D1,0.19675827102272053,False
ATP6V1A,0.9018920144511474,True
ATP6V1B1,-0.36229145424222237,False
ATP6V1B2,0.13807898018555625,False
ATP6V1C1,0.5892636025060386,True
ATP6V1D,0.5947807894113101,True
ATP6V1E1,-0.009900259041242622,False
ATP6V1F,1.0889868054225023,True
ATP6V1G1,1.252123272243256,True
ATP6V1G2,0.1401070421001922,False
ATP6V1H,0.6275889073097105,True
ATP7A,-0.3700007284872263,False
ATP8B1,0.7834512553079396,True
ATP9A,-0.5003987366126094,False
ATP9B,-0.7743198217723761,False
ATPAF1,-0.381085706092117,False
ATPAF2,0.3793357409633797,False
ATR,-0.09591994149515866,False
ATRIP,0.80280837023182,True
ATRN,-0.32994448850969327,False
ATRX,-0.5466659450918048,False
ATXN1,-0.06338764915270605,False
ATXN10,0.4405453668913448,False
ATXN1L,-1.4922909762845942,False
ATXN2,0.09869579824133481,False
ATXN2L,1.2879299689111239,True
ATXN3,-0.9681268479729482,False
ATXN7,-0.7344621798828098,False
ATXN7L3,0.9723951630009386,True
ATXN7L3B,0.205429274966488,False
AUH,-1.2680253389171454,False
AUP1,1.066426660805977,True
AURKA,2.6274936193338454,True
AURKB,2.3922587663547232,True
AUTS2,-0.15681547560711048,False
AVEN,-0.22992390030325974,False
AVL9,0.7269531506780592,True
AXIN1,1.2896933364766976,True
AXL,-0.9242153818278046,False
AZGP1,-0.20576413013003467,False
AZI2,-1.0766032785885522,False
AZU1,0.08531356397679044,False
B2M,0.061288833256014655,False
B3GALT6,0.6071655777894135,True
B3GAT3,1.0115967697711077,True
B3GNT2,-0.06666416400237725,False
B4GALT1,0.7209477924359398,True
B4GALT3,1.7348548589630584,True
B4GALT4,0.8845414610404523,True
B4GALT7,0.659336341600493,True
B9D1,0.2984571707528362,False
BACH1,-0.47123162277784797,False
BAD,0.33731542314263946,False
BAG1,0.18997050555138484,False
BAG2,-0.03928843636582498,False
BAG3,0.03842680318770507,False
BAG4,0.017993647851071656,False
BAG5,-0.8821748464393158,False
BAHD1,0.18776851938912295,False
BAIAP2,0.9752829122481499,True
BAIAP2L1,1.191253208564273,True
BAK1,1.4100238386741777,True
BANF1,1.1773470280814042,True
BANK1,-1.0817983382894087,False
BANP,0.42284089995836943,False
BAP1,-0.05416754589930751,False
BARD1,1.1281208230166555,True
BASP1,0.963546911705854,True
BAX,1.5993387388555378,True
BAZ1A,1.0268167643866044,True
BAZ1B,0.7919764511606135,True
BAZ2A,-0.009475091582075032,False
BAZ2B,-1.040488097979369,False
BBC3,1.0104799580405348,True
BBOX1,-1.453457171170512,False
BBS1,-0.25595336733292917,False
BBS2,-1.4625636153104322,False
BBS4,0.035405226505562555,False
BBS7,-1.0441133526952378,False
BBS9,-0.7681039823110466,False
BBX,-0.646839351376816,False
BCAM,0.10080027209506123,False
BCAP29,-0.49012713265122454,False
BCAP31,0.32112499299944974,False
BCAR1,0.2424065048535231,False
BCAR3,-0.36658638069548805,False
BCAS1,0.5580276146478971,True
BCAS2,0.12266859742046723,False
BCAS3,-0.32559269025247595,False
BCAS4,0.8622825741240586,True
BCAT1,0.4162972830486121,False
BCAT2,0.723873978700944,True
BCCIP,0.9185955654886593,True
BCHE,-1.4911098056681726,False
BCKDHA,0.03253742936138715,False
BCKDHB,-1.0354159544197297,False
BCKDK,0.8742542899212861,True
BCL10,-0.10420220133170373,False
BCL11B,-0.25896690810741374,False
BCL2,-0.5157599561321451,False
BCL2L1,0.772009995108786,True
BCL2L11,0.5011482750178001,True
BCL2L13,-0.6429166129443646,False
BCL2L14,-0.13901269591894364,False
BCL3,1.2690508277463652,True
BCL6,-1.690949997752046,False
BCL7A,0.012799146882666045,False
BCL7B,-0.13389353964696427,False
BCL7C,0.536504458063679,True
BCL9,1.838741238741856,True
BCL9L,-0.20092675170855528,False
BCLAF1,-0.21418325674603844,False
BCOR,0.640397995725513,True
BCORL1,-0.15965068583491013,False
BCR,-0.3724388125600188,False
BCS1L,0.1637289142418428,False
BDH1,0.6743973989056512,True
BDH2,-1.4633656760596774,False
BECN1,0.0511184901433635,False
BEND3,0.7398134493320603,True
BET1,-0.06619080776563341,False
BET1L,0.08059408031825706,False
BGN,2.20390207865444,True
BHLHE40,0.3918500101648619,False
BICC1,-0.900665947984267,False
BICD1,-0.12020590806346607,False
BICD2,-0.7200769169776863,False
BID,0.312132720879437,False
BIN1,-1.6064401599748417,False
BIN2,0.09078566415771695,False
BIN3,-0.7503167166859923,False
BIRC2,-0.5540983463575503,False
BIRC3,-0.25802959221664445,False
BIRC5,2.6078695046549445,True
BIRC6,-0.11950418317105149,False
BLM,1.8382200938294126,True
BLMH,0.3190910071445327,False
BLNK,0.9692107870785935,True
BLOC1S1,0.05963865452260281,False
BLOC1S2,0.7043861431901668,True
BLOC1S3,1.5765795868322938,True
BLVRA,0.4213476748545055,False
BLVRB,0.23004169722251266,False
BLZF1,0.8199135823592837,True
BMF,0.9738727795251768,True
BMP1,0.3429962346679658,False
BMP2K,-0.4559074613282122,False
BMPR1B,0.7280175960775968,True
BMS1,0.15613610918280488,False
BNIP1,0.6136766067572375,True
BNIP2,-1.5305536643256517,False
BNIP3,-0.2637238236539651,False
BNIP3L,-1.1418091020278982,False
BNIPL,0.45432905734838674,False
BOD1,-0.059158200955448735,False
BOK,-1.2051284414535874,False
BOLA1,0.8531885947098243,True
BOLA3,0.86324187842473,True
BOP1,0.9463042883174501,True
BPGM,0.5858005695282933,True
BPHL,0.01600875001103629,False
BPI,-0.5989975176605624,False
BPNT1,1.499509042584819,True
BPTF,-0.012550794001225257,False
BRAF,-0.05496244289124986,False
BRAP,-0.13541000370923043,False
BRCA1,0.9261185477682587,True
BRCC3,1.1477904171745676,True
BRD1,-0.4717705805978992,False
BRD2,0.2717312712182152,False
BRD3,0.4423697398147408,False
BRD4,0.5489697756568194,True
BRD7,-0.2189041090919627,False
BRD8,-0.03537225326315978,False
BRD9,-0.023066385732512004,False
BRF1,0.5031262841980367,True
BRIP1,1.770707612665796,True
BRIX1,1.0303002032621433,True
BRMS1,1.2088432110334553,True
BRMS1L,-0.8463829464308822,False
BRPF1,0.033687300370752536,False
BRPF3,0.3426491681567028,False
BRWD1,0.28661657373703175,False
BRWD3,0.5298471228619402,True
BSCL2,1.060402922271907,True
BSDC1,-0.20207822109270362,False
BSG,0.7665410629654186,True
BSPRY,1.150020434775425,True
BST1,-1.2879978010367676,False
BST2,0.5117597901949289,True
BTAF1,-1.0023461439209247,False
BTBD1,-0.06949602870197578,False
BTBD10,0.5668512284696848,True
BTBD2,-0.20886762481687715,False
BTBD9,0.2050805763933005,False
BTD,-0.7749528599074215,False
BTF3,-0.35409772812791035,False
BTF3L4,0.6802434607055358,True
BTG1,-0.9538328528159653,False
BTK,0.22888423519379714,False
BTN3A1,-0.637390419313832,False
BTN3A3,-0.5295586890468773,False
BUB1B,2.971743127148037,True
BUB3,1.7273684913012644,True
BUD13,-0.6228770225543883,False
BUD31,0.9285251395365143,True
BYSL,1.206298033896037,True
BZW1,0.9357473057448216,True
BZW2,1.2421931450968702,True
C11orf52,0.13799377168589283,False
C11orf58,0.050801893813925234,False
C11orf68,-0.3425299053688465,False
C12orf43,-0.5379531327092234,False
C12orf57,0.034918656804889925,False
C12orf75,-0.06252905410875381,False
C14orf119,0.7221779596188076,True
C15orf40,-0.9781958978226569,False
C17orf75,0.6812525451549207,True
C18orf32,0.860838661697493,True
C19orf12,-1.8108932222098162,False
C19orf25,0.6181154199171023,True
C19orf33,0.5033881017256863,True
C19orf47,0.5302091238047888,True
C19orf53,0.8578809885847887,True
C1D,0.08411525625222965,False
C1QA,-0.31944738682554313,False
C1QB,-0.11330495293829103,False
C1QBP,0.6538963942677793,True
C1QC,0.027713791769540905,False
C1QTNF3,0.3940507196545816,False
C1RL,-0.9594909026867313,False
C1S,-0.8441390291162153,False
C1orf116,-0.15407413786670118,False
C1orf122,0.9740054252591137,True
C1orf174,0.2746577973037009,False
C1orf198,-0.25560612603445304,False
C1orf21,-0.41678949526166476,False
C1orf226,-0.317926608309847,False
C1orf35,1.2900657566237883,True
C1orf50,-0.13739234858582228,False
C1orf52,-0.7512328064993605,False
C2,0.38724558485067767,False
C2CD2,-1.735975076934058,False
C2CD2L,1.0721039131359194,True
C2CD3,0.46681133126943436,False
C2orf68,-0.13964875605332464,False
C2orf69,0.43728492484508175,False
C2orf76,0.0035046812267952865,False
C3,-1.152428992247729,False
C3orf38,0.6309101285420823,True
C4BPA,-1.889248650512476,False
C4BPB,-0.6680061210098142,False
C4orf33,-0.07834137041742634,False
C5,-0.7339774308058645,False
C5AR1,0.10848368862620865,False
C5orf22,0.9820823104381221,True
C5orf24,-0.18289541357190633,False
C6,-1.3710166757616844,False
C6orf132,0.7529037615224566,True
C6orf47,0.5101073144454831,True
C6orf89,-0.9329224354668089,False
C7,-1.2978666902306384,False
C7orf25,0.47966641733995835,False
C8A,0.07751266002090303,False
C8B,-0.4473733725646699,False
C8G,0.26652118641048234,False
C8orf33,0.5456973001969306,True
C9,-0.2507538817242859,False
C9orf40,-0.546525116575975,False
C9orf72,-1.0971773556229052,False
C9orf78,0.16987721945268958,False
CA1,-0.3795467633951143,False
CA12,0.5012310388341757,True
CA13,-0.6153168714951878,False
CA2,-0.036638550449747155,False
CA3,-2.338202531467044,False
CA5B,-0.9395019657039696,False
CA8,-0.33119252574329383,False
CAB39,-0.32243205027644267,False
CAB39L,-1.4878227598711935,False
CABIN1,0.4914434934744209,False
CABLES1,-0.5155498923154185,False
CACHD1,-2.281203512919575,False
CACNA2D1,-1.2563368260982828,False
CACNA2D2,0.25645043539926565,False
CACNB3,1.6038271223802059,True
CACYBP,1.5703943436166499,True
CAD,0.5167147344301419,True
CADM1,-0.0026256935880182293,False
CADM4,0.609258171763548,True
CADPS2,-0.21004429525787777,False
CALB2,-1.3637523793309214,False
CALCOCO1,-2.126736807820896,False
CALCOCO2,-0.49740903644089607,False
CALCRL,-0.6888378193467166,False
CALD1,-1.0827485937519934,False
CALM2,0.7130168840618,True
CALML3,-0.7835741192783332,False
CALML5,0.07146440740212164,False
CALR,1.4824194062795315,True
CALU,0.9090825098385691,True
CAMK1,-1.8381767027173588,False
CAMK1D,0.22592838068804347,False
CAMK2D,-0.8576690406675999,False
CAMK2G,-0.6760103841137729,False
CAMK4,0.588989654374368,True
CAMKK1,-0.2847249639724379,False
CAMKK2,-0.6418290859892091,False
CAMLG,-0.45643704146448866,False
CAMP,1.2062125908835493,True
CAMSAP1,-0.1567326022847,False
CAND1,0.8107343446615585,True
CAND2,-0.7570660197081054,False
CANT1,1.5053127348248867,True
CANX,0.6020654731827987,True
CAP1,0.624387338964751,True
CAP2,-0.28664958745527963,False
CAPG,1.094904800441254,True
CAPN1,0.7199797534953085,True
CAPN13,0.8021061718497473,True
CAPN2,-0.1750195990093655,False
CAPN5,-1.0506094621418995,False
CAPN7,-0.49420128216842724,False
CAPNS1,0.20234317457760537,False
CAPRIN1,1.0343560283009976,True
CAPS,1.1559386889959238,True
CAPZA1,1.6392011196875456,True
CAPZA2,-0.6223231896069163,False
CAPZB,0.7447199793153365,True
CARD10,-0.7801001808007936,False
CARD11,0.3431182661694401,False
CARD14,0.8379571645446589,True
CARD16,-0.5691709386434867,False
CARD6,-1.6349466829497004,False
CARD8,-1.2484376033846682,False
CARD9,-0.1514804322039026,False
CARHSP1,0.27268940540644243,False
CARM1,1.1198086608966686,True
CARS2,0.2702931933512722,False
CARTPT,0.06814198407461453,False
CASC3,-0.18766012598373277,False
CASK,0.3741822022372651,False
CASKIN2,-0.8764614377102014,False
CASP1,-0.9575597883111798,False
CASP10,-1.124393481263409,False
CASP14,0.5886899465751606,True
CASP2,0.998333292113755,True
CASP3,1.4723440810101782,True
CASP4,-0.7531215860652759,False
CASP6,1.1682463046862444,True
CASP7,0.09982125059098382,False
CASP8,0.2044929070001596,False
CASP9,-0.22239144513891476,False
CAST,-0.9519639233217331,False
CASZ1,0.6655944389608079,True
CAT,-2.6275535613177388,False
CATSPERG,0.09342629028877461,False
CAV1,-3.2742542782170965,False
CBFA2T2,0.2182004968258627,False
CBFB,0.5915497274067828,True
CBL,-0.8972389745682452,False
CBLB,-0.40152797614300284,False
CBLL1,0.2903693268392497,False
CBR1,-0.311226566836331,False
CBR3,-0.2959520496122603,False
CBR4,-0.14397341879129874,False
CBS,0.524481714476037,True
CBX1,1.0598162426461806,True
CBX2,0.9914863737714386,True
CBX3,1.9869125481030574,True
CBX4,1.7398717144091251,True
CBX5,0.29215037643071856,False
CBX6,-0.8312874288816647,False
CBX7,-2.242290137567133,False
CBX8,1.4890932694068408,True
CC2D1A,0.11665956574489128,False
CC2D1B,-0.039192694309680885,False
CCAR1,1.6021132261700275,True
CCDC102A,-0.8325367184325333,False
CCDC112,0.7750882448602223,True
CCDC117,0.7042047668113034,True
CCDC12,0.14609972157923976,False
CCDC120,0.9595800825430966,True
CCDC124,0.5742290907676952,True
CCDC125,0.6329843183333239,True
CCDC127,0.5178885880708665,True
CCDC134,0.6232427167674849,True
CCDC137,1.1347241804684918,True
CCDC144A,-0.7490476688810382,False
CCDC149,-0.15217712082948623,False
CCDC22,0.8568935877205447,True
CCDC25,-0.9205098054806439,False
CCDC28A,-0.7225217381656286,False
CCDC43,1.0536065418454816,True
CCDC47,0.4447738387499297,False
CCDC50,-2.4120384992846113,False
CCDC51,1.002374724672057,True
CCDC59,-0.20678324738264478,False
CCDC6,0.4351287778217168,False
CCDC61,-0.1489417280902276,False
CCDC77,0.42719057570302926,False
CCDC8,-1.6311931409902392,False
CCDC80,-1.2851755554980169,False
CCDC82,-1.7566958295078035,False
CCDC85B,0.03210965777932948,False
CCDC85C,0.640175680320803,True
CCDC86,0.45906698361755616,False
CCDC88A,-0.702726367672647,False
CCDC88B,-0.1519823402759783,False
CCDC88C,0.904027783081166,True
CCDC9,0.5589856000394515,True
CCDC90B,-0.5685996677381404,False
CCDC91,-0.028402985224105712,False
CCDC92,-0.6723605209161345,False
CCDC93,-1.1233173869646669,False
CCDC97,0.46675906753862834,False
CCL14,-2.1911327610098206,False
CCL18,-0.40548559936122536,False
CCL21,-1.5346866144318234,False
CCL28,-1.5722871672807972,False
CCL5,0.13080426477373552,False
CCM2,-0.012064516076677115,False
CCNA2,2.389403666948324,True
CCNB1,2.713761604280016,True
CCNB2,2.7763946331764537,True
CCNC,0.05543592148023774,False
CCND1,0.5030919752187507,True
CCNDBP1,-1.402239350307189,False
CCNH,-0.8000889548948354,False
CCNK,0.9680688277166002,True
CCNL1,-1.5215240037683195,False
CCNL2,-0.6484299438302332,False
CCNT1,-0.37630752593153327,False
CCNT2,-0.2741318821420104,False
CCNY,-0.3033182147090326,False
CCNYL1,-0.35136214022285195,False
CCPG1,-0.7149912419004424,False
CCS,0.3719998040272077,False
CCT2,1.1061919376697587,True
CCT3,2.1254676865650866,True
CCT4,0.21270314108807634,False
CCT5,1.3944496702921003,True
CCT6A,1.2527864353725149,True
CCT7,0.943701536863025,True
CCT8,1.1527061071579427,True
CD109,-0.25492364883044816,False
CD14,-0.8751216315609456,False
CD151,-0.4921555174586911,False
CD163,-0.1136034815175464,False
CD180,-0.13419938892049318,False
CD2,0.1653439456630979,False
CD209,-1.8259921697840324,False
CD244,-0.7236222731968524,False
CD247,-0.2386062179836038,False
CD248,-1.629205005957495,False
CD276,1.379773253474792,True
CD2AP,0.8087732616723029,True
CD2BP2,0.8516185291736299,True
CD300A,0.13738602358638816,False
CD34,-2.638641146300788,False
CD36,-2.3378054185429247,False
CD38,-0.17207899650089842,False
CD3E,-0.021924817365962537,False
CD4,-0.030254924419576338,False
CD40,-0.8923541733395777,False
CD44,0.06455249826856546,False
CD46,0.4855356018772422,False
CD47,-0.5685163039832286,False
CD48,0.1771386117060301,False
CD5,0.31051995344598105,False
CD53,0.2586756513872535,False
CD55,-0.3232377606864781,False
CD58,-0.3975654188957799,False
CD59,-1.239097767606409,False
CD5L,-0.32404173859117513,False
CD63,0.020036264036664204,False
CD74,0.2017924246991708,False
CD79A,-0.08994793237004833,False
CD81,-1.1267003037785819,False
CD82,-0.42223400506926895,False
CD84,0.36849015642221117,False
CD8A,0.00470499778005178,False
CD9,1.2713018496807973,True
CD93,-1.22892368787538,False
CD99L2,-1.4759508729121418,False
CDA,0.13706468648420203,False
CDAN1,0.2753029150022715,False
CDC123,0.8952059534187717,True
CDC16,-0.45541906725231435,False
CDC20,2.49221328154589,True
CDC23,0.2266356456506885,False
CDC25C,3.1567135674527522,True
CDC26,0.012421855631928488,False
CDC27,0.01262486181314535,False
CDC34,0.5080119449651761,True
CDC37,-0.020313690482183365,False
CDC37L1,-0.7922472270280908,False
CDC40,-0.3464723622357866,False
CDC42,0.5532010263964512,True
CDC42BPA,-0.5633426635419592,False
CDC42BPB,-0.4304978570142056,False
CDC42BPG,0.37063436451492326,False
CDC42EP1,-0.4913309352873669,False
CDC42EP2,-1.6517250605425013,False
CDC42EP3,-1.1309535173913265,False
CDC42EP4,-0.75403917087416,False
CDC42EP5,-1.04838548675071,False
CDC42SE1,1.3006623568491034,True
CDC42SE2,-0.506185661512183,False
CDC5L,0.2680198757050878,False
CDC7,1.6837651558630555,True
CDC73,0.6887871547443619,True
CDCA2,2.152668111457607,True
CDCA3,2.394494639037152,True
CDCA5,2.488455684505419,True
CDCA7L,-0.45700418624734424,False
CDCA8,2.6473093347659447,True
CDCP1,0.8657166301696997,True
CDH1,0.6708885239011332,True
CDH11,1.0425351510559275,True
CDH13,-1.7894112470832944,False
CDH3,-0.26301040808435966,False
CDH5,-1.9586427711619099,False
CDIPT,0.09185142723998492,False
CDK1,2.9556714020122556,True
CDK10,-0.48327183520920713,False
CDK12,0.5035704618699387,True
CDK13,0.2900162205373061,False
CDK14,-0.3666168303479214,False
CDK16,1.049508147991873,True
CDK17,0.04806391291152027,False
CDK18,0.09540980097526032,False
CDK19,0.06786288189775552,False
CDK2,1.2255560073636513,True
CDK2AP1,0.3990808575365295,False
CDK4,0.9508057802801965,True
CDK5,1.993687113550539,True
CDK5RAP1,0.7025285758138602,True
CDK5RAP2,-0.2360559176077192,False
CDK5RAP3,0.18077504092290136,False
CDK6,-0.7849829877305939,False
CDK7,1.2081236258568957,True
CDK8,0.18450898141611607,False
CDK9,0.029076219341094854,False
CDKAL1,0.010768943157910039,False
CDKL5,-0.34561772078398,False
CDKN1A,-0.4621142022927645,False
CDKN1B,-0.0093458217545779,False
CDKN1C,-2.2564367748773178,False
CDKN2A,0.9814390687437631,True
CDKN2AIP,-0.793867478838033,False
CDKN2C,-1.3000744421898929,False
CDNF,-1.6142207300961824,False
CDR2,1.157809063786456,True
CDR2L,0.7298343532033773,True
CDS2,0.1638807821694699,False
CDV3,-0.2516771020575402,False
CDYL,0.39924572211952863,False
CDYL2,0.46602835403265863,False
CEACAM1,-0.33735509950213355,False
CEACAM5,1.0455417359818635,True
CEBPA,-1.6576426506810875,False
CEBPB,-0.5750694134181537,False
CEBPD,-1.0347958628065839,False
CEBPG,0.08227671147713905,False
CEBPZ,-0.0029616223268786653,False
CELF1,0.17442168712960926,False
CELF2,-1.8891672992807107,False
CELSR1,1.114944311002125,True
CELSR2,0.5436965491769635,True
CENPB,0.48555246624960857,False
CENPE,2.4363799264242965,True
CENPF,2.9813066124299,True
CENPH,1.3152887317609516,True
CENPK,2.0739914511790865,True
CENPM,2.632328563337357,True
CENPQ,0.5195092224044529,True
CENPT,-0.970656425700727,False
CENPV,-0.48071385902597596,False
CEP120,-0.9351790825990992,False
CEP135,0.5188048906323786,True
CEP152,-0.32896544682836115,False
CEP164,-0.4171783540047252,False
CEP170,0.19196070765484005,False
CEP192,-0.25809314198108063,False
CEP250,0.994304385314025,True
CEP290,-0.10302120965451984,False
CEP350,0.612517198174575,True
CEP55,2.9206302855316864,True
CEP57,-0.8077019363571109,False
CEP63,-0.5479149150450735,False
CEP68,-2.6024460627402575,False
CEP76,0.5255765144391085,True
CEP78,0.6822934134844181,True
CEP97,0.6832727882062888,True
CEPT1,-0.7427032664217554,False
CERCAM,0.8233878604313326,True
CES1,-2.162187687203628,False
CES2,-1.5093455518207655,False
CES3,-0.37719386509064473,False
CETN2,1.1688940344690433,True
CETN3,0.04334746158894783,False
CFB,0.8080820648629086,True
CFD,-2.2064730393779657,False
CFDP1,-0.18627776235977653,False
CFH,-1.2618686181626095,False
CFHR1,-0.7679604648789382,False
CFHR2,-0.12126434540022703,False
CFHR3,-0.44323205962880774,False
CFHR4,0.16652898548161632,False
CFHR5,-0.11890389134107793,False
CFI,-1.5852413150953497,False
CFL1,1.7787482177381562,True
CFL2,-2.591531096549979,False
CFLAR,-1.3731806497128136,False
CFP,-1.2012171858479161,False
CGA,0.7066942626033393,True
CGGBP1,-0.35852157700979065,False
CGN,1.0995601147145804,True
CGNL1,-0.7270645564594553,False
CGREF1,0.2990417350524379,False
CHAC2,0.7026090952610875,True
CHAD,-0.03957455150322598,False
CHAF1A,1.2615255522794149,True
CHAF1B,1.5679013682411629,True
CHCHD1,1.254568046137734,True
CHCHD2,1.0520780232424487,True
CHCHD3,0.6219209189638885,True
CHCHD4,0.3425366754214729,False
CHCHD5,0.7241893014399821,True
CHCHD6,0.2838994314848652,False
CHCHD7,-0.11467316124764321,False
CHD1,0.06371096156357618,False
CHD1L,0.3334035971413365,False
CHD2,-0.8605565437535293,False
CHD3,0.12072285722684421,False
CHD4,1.3614939200465626,True
CHD6,-0.1287115221004829,False
CHD7,0.16408529774823694,False
CHD8,0.25845921075705497,False
CHD9,-1.372737407009852,False
CHDH,-0.016637073281083915,False
CHEK1,1.3747534612739667,True
CHEK2,1.0554002806534428,True
CHERP,0.7725688983309699,True
CHFR,0.8027032134817234,True
CHGA,-0.42811135150349844,False
CHGB,-0.3630874778585023,False
CHI3L1,-0.5378293304838218,False
CHI3L2,-0.541891035215475,False
CHID1,0.20055916329913928,False
CHIT1,-0.26582182137585497,False
CHKA,-0.15910982888389363,False
CHKB,-0.683949218523991,False
CHL1,-2.2122919192665513,False
CHM,-0.4140417242560623,False
CHML,0.8757604352680002,True
CHMP1A,0.49576435735023977,False
CHMP1B,-0.29814157985457473,False
CHMP2A,0.6124493311503364,True
CHMP2B,0.18379974805732638,False
CHMP4A,0.11598143749883906,False
CHMP4B,1.2063540381544733,True
CHMP4C,0.7628047668574107,True
CHMP5,0.6250610260802643,True
CHMP6,0.08545519249948619,False
CHMP7,-0.15805221633428643,False
CHN1,-0.18510843338208996,False
CHN2,-0.045286156520249116,False
CHORDC1,0.7116739506279559,True
CHPF,1.5255459953837804,True
CHPF2,1.26804096509074,True
CHPT1,-0.6374024810307625,False
CHRAC1,0.5813980751654165,True
CHRD,0.14498460280090397,False
CHST14,0.13285718387749804,False
CHST15,0.5809984545155372,True
CHSY1,-0.10201595620410064,False
CHTF18,1.541565211629841,True
CHTF8,-0.6906008245759047,False
CHUK,0.06613902720248858,False
CIAO1,0.26803737054413385,False
CIAPIN1,0.49920394287333825,False
CIB1,1.1363380837341046,True
CIC,-0.22900986701221374,False
CILP,-0.10954827227225682,False
CILP2,1.9203180751078657,True
CINP,0.21024049876775455,False
CIRBP,-0.9153789091318265,False
CISD1,0.438237816973644,False
CISD2,1.3447251322356266,True
CISD3,0.6113109448749694,True
CIT,2.276738787696021,True
CIZ1,-0.5072375920176679,False
CKAP2,1.8493198777863802,True
CKAP4,1.3988705153153136,True
CKAP5,1.522574381743635,True
CKB,-0.40997416356316635,False
CKMT2,-2.333708836508287,False
CKS1B,0.9362399091845695,True
CKS2,2.738647158920407,True
CLC,-0.4470149818235295,False
CLCA2,-0.862681248252664,False
CLCC1,-0.25250281737615315,False
CLCN3,-0.061945085971766685,False
CLCN7,0.9631974327683198,True
CLDN3,1.0124478372796781,True
CLDN7,1.5128315246534696,True
CLEC11A,0.7299920813087205,True
CLEC14A,-1.7686851057202115,False
CLEC16A,0.3764233617016916,False
CLEC3A,0.32806492594294956,False
CLEC3B,-2.956570711579102,False
CLGN,0.829187877818443,True
CLIC1,1.0748854637361147,True
CLIC2,-1.5976749941168982,False
CLIC3,0.5301096110198162,True
CLIC4,-0.646643891205591,False
CLIC5,-1.96759494099005,False
CLIC6,-0.180201189861152,False
CLINT1,0.08480995912248372,False
CLIP1,-0.5413794398509019,False
CLIP2,-0.4214212385807625,False
CLK2,0.7242658527788254,True
CLK3,-0.4881354158326357,False
CLMN,-0.5650975266252327,False
CLN3,1.241325747869522,True
CLN5,-0.678546125631869,False
CLN6,1.242902824399554,True
CLNS1A,0.7257800106250909,True
CLOCK,0.11189955438000654,False
CLP1,0.24673505374966084,False
CLPB,0.6650335784862214,True
CLPP,1.0287349743861351,True
CLPTM1,0.8699858408796041,True
CLPTM1L,0.992646613649694,True
CLPX,-0.3239655610438796,False
CLSPN,2.35798782774164,True
CLSTN1,0.2721890340492264,False
CLSTN2,-0.15817899416820091,False
CLSTN3,0.8931257599856878,True
CLTA,0.39779798582433895,False
CLTB,0.1093297975538542,False
CLTC,1.0184715907748811,True
CLTCL1,-1.1212021458831203,False
CLU,-0.915693933709196,False
CLYBL,-1.226668846294024,False
CMA1,-2.080047580039579,False
CMAS,0.6178855891410825,True
CMBL,0.27152986575239985,False
CMC1,0.9243860941132281,True
CMIP,-0.3079997151721682,False
CMPK1,-0.8551207445517549,False
CMPK2,0.7170378913450853,True
CMTM4,0.027900810395836022,False
CNBP,-0.725243523741564,False
CNDP1,0.10517332980389092,False
CNDP2,0.8185716347595243,True
CNIH4,0.9453925044995274,True
CNKSR1,1.1481588131789335,True
CNKSR3,-0.31831080728046474,False
CNN1,-2.484863322447619,False
CNN2,-0.3692437432319935,False
CNN3,-0.5441297544551388,False
CNNM3,0.28335507792936865,False
CNNM4,1.0070296872719782,True
CNOT1,-0.22605379066146594,False
CNOT10,0.9366202504378459,True
CNOT2,0.2066973534574754,False
CNOT3,1.0828594961869848,True
CNOT4,-0.18636361433075532,False
CNOT6,1.1865142163820717,True
CNOT6L,-0.7085280207005343,False
CNOT7,-0.13837611334559416,False
CNOT8,-0.1427822996863249,False
CNP,0.47324767236657084,False
CNPY2,1.0720625764910265,True
CNPY3,1.0470567159252897,True
CNPY4,0.28683614103897576,False
CNRIP1,-1.9986089785893126,False
CNST,0.5066848676894493,True
CNTLN,-0.6186650725921475,False
CNTN1,-1.0126735581058381,False
CNTROB,-0.07685094901906696,False
COASY,0.46821306237193433,False
COBL,-0.14651919138430697,False
COBLL1,-1.3513350498042058,False
COCH,-0.2090894038591519,False
COG1,0.1140636253829284,False
COG2,1.1756756361058938,True
COG3,-0.5272506647000447,False
COG4,-0.33204145642993604,False
COG5,0.17061950794848213,False
COG6,-0.42824959284342173,False
COG7,0.9041536851168209,True
COG8,-0.34247880869128006,False
COIL,0.7669514366927794,True
COL10A1,3.851405271073127,True
COL11A1,2.7865745259157277,True
COL12A1,0.9345759971256041,True
COL14A1,-1.4272811517490014,False
COL15A1,-0.8861627532473196,False
COL16A1,-0.4288864835510953,False
COL17A1,-1.4594562221144876,False
COL18A1,0.1372742690357592,False
COL1A1,1.5889680684254988,True
COL1A2,1.0182667691050096,True
COL22A1,1.0219474582334616,True
COL2A1,-0.1242299568086742,False
COL3A1,0.9639307597502688,True
COL4A1,0.0592890649374148,False
COL4A2,-0.4529960098416064,False
COL5A1,1.3621079353123609,True
COL5A2,1.2919071199033738,True
COL5A3,0.12246663009179096,False
COL6A1,0.18172811311201767,False
COL6A2,-0.034186446476291044,False
COL6A3,0.5428036910078259,True
COL6A6,-2.286133040858551,False
COL7A1,-0.4408747677603767,False
COL8A1,0.7115578397871607,True
COLEC11,-1.0643632724886865,False
COLEC12,-0.7149688307410229,False
COMMD1,-0.09038655317336759,False
COMMD10,0.4138741714619535,False
COMMD2,-0.3210528358842885,False
COMMD3,0.9188071373656723,True
COMMD4,0.9479011008254148,True
COMMD5,1.2977387818912645,True
COMMD6,-1.1803314503430353,False
COMMD7,1.0385695853037622,True
COMMD8,0.38137693710574233,False
COMMD9,-0.027043318951658676,False
COMP,2.2559834632245144,True
COMT,-0.1340475398540488,False
COMTD1,1.1189379315815793,True
COPA,1.813399253409317,True
COPB1,0.9167476325397582,True
COPB2,1.7907517111552103,True
COPE,1.3767421095185852,True
COPS2,-0.7610663885895774,False
COPS3,0.01080581843929973,False
COPS4,-0.382298322959577,False
COPS5,0.9228467591631981,True
COPS6,0.7373388175482376,True
COPS7A,0.5335874285368764,True
COPS7B,0.19245924266056322,False
COPS8,0.7052449248868954,True
COPZ1,1.1395156059631228,True
COQ10B,0.17009851864431197,False
COQ3,-0.1704763002384171,False
COQ5,0.17386188952344592,False
COQ6,-0.030105310080787095,False
COQ7,0.2827107794534134,False
COQ9,-0.028483180606573424,False
CORO1A,0.5203365837617946,True
CORO1B,0.914079385745511,True
CORO1C,-0.8415693983725065,False
CORO2A,1.310635626399883,True
CORO2B,-2.4398313169658796,False
CORO7,1.1466103387528452,True
COTL1,0.35197438746932974,False
COX11,-0.01927652824348599,False
COX15,-0.38719304435768426,False
COX17,1.025334270378656,True
COX19,-0.24644454008330677,False
COX4I1,-0.5499694945918152,False
COX5A,0.7210950065909919,True
COX5B,0.4416819977021948,False
COX6A1,1.1063949770096524,True
COX6B1,0.7276848088761823,True
COX6C,1.470044529241515,True
COX7A1,-2.0786708331117407,False
COX7A2,0.8615856644687002,True
COX7A2L,0.30117527003110756,False
COX7B,0.46208809313796195,False
COX7C,0.25034024209608347,False
COX8A,0.9612961212870882,True
CP,-0.5153277786118807,False
CPA3,-0.17614591758853596,False
CPB1,-0.27642275078177375,False
CPB2,-0.13777278909707397,False
CPD,-0.004739524689598732,False
CPE,-1.1965388616020087,False
CPEB2,-0.06827765498856034,False
CPEB4,-0.3067961602369698,False
CPM,-1.4737270427347944,False
CPN1,0.0804239192594914,False
CPN2,0.6256398563724712,True
CPNE1,0.48356581392952414,False
CPNE2,-1.3365770602329516,False
CPNE3,0.6236209103775645,True
CPNE8,-1.290958667754692,False
CPOX,-0.15048696216482182,False
CPPED1,0.028672317028884692,False
CPS1,-1.4585159708088746,False
CPSF1,0.7641449524032199,True
CPSF2,1.0712893218242698,True
CPSF3,1.0533030423950716,True
CPSF4,-0.19079290227411827,False
CPSF6,0.9722511126775844,True
CPSF7,-0.3171749329409663,False
CPT1A,-0.06981438054149623,False
CPT2,0.28379713994253997,False
CPVL,-0.7705603891709195,False
CPXM1,-0.5668415560679257,False
CPXM2,-1.346344755041981,False
CPZ,-0.43643661987332866,False
CRABP1,-0.6228820288216702,False
CRABP2,0.9727527863886588,True
CRADD,-0.720733470315352,False
CRAT,0.21548918314902019,False
CRBN,-1.2298300149896084,False
CRCP,1.0399086714689643,True
CREB1,-0.6490130392809669,False
CREB3L4,1.4684631364368685,True
CREBBP,-0.23826848499970646,False
CREG1,-0.7588765038864692,False
CRELD1,-0.4746981468691273,False
CRELD2,0.944468138253777,True
CRIM1,-1.9619924772963848,False
CRIP1,0.8916593431612023,True
CRIP2,0.40558604524946634,False
CRIPT,-0.06246052519357004,False
CRISP3,0.3405398012193616,False
CRISPLD1,-0.958715439881194,False
CRISPLD2,-0.01842685130768286,False
CRK,-1.1747651355504034,False
CRKL,0.017920605463345857,False
CRLF3,-0.06845633590137139,False
CRMP1,-0.44215348556690437,False
CRNKL1,1.067753488392706,True
CROCC,-0.2004704824243718,False
CROT,-0.09676115349070849,False
CRP,-0.6482056915298133,False
CRTAC1,-1.5603470440410594,False
CRTAP,-2.046252051530001,False
CRTC1,-0.5320355043342653,False
CRTC2,0.8042305728654913,True
CRTC3,-0.6702729743085001,False
CRY1,-0.2248743654269677,False
CRY2,-2.030511667741378,False
CRYAB,-2.24916495333612,False
CRYBB1,-0.08840974053244996,False
CRYL1,-0.7464826146218007,False
CRYM,-0.19910709660733394,False
CRYZ,-0.12479521250980391,False
CRYZL1,-1.1275544145065823,False
CS,-0.5583407803434287,False
CSAD,-0.7455362308757555,False
CSDE1,-1.3822337916109626,False
CSE1L,1.3779193391267406,True
CSF1,-1.1692882683365609,False
CSF1R,-0.6345183679633627,False
CSK,1.1803659195122955,True
CSN2,-1.1696294630646942,False
CSNK1A1,0.41889947880438,False
CSNK1D,0.5273787768515766,True
CSNK1G1,0.7038815360885172,True
CSNK1G3,-0.011598057053431832,False
CSNK2A1,0.8430951699101896,True
CSNK2A2,-1.2379170409319116,False
CSNK2B,0.8809978482445624,True
CSPG4,-0.68444335899189,False
CSPP1,0.35764452790004453,False
CSRP1,-1.863875143849982,False
CSRP2,-0.8643605605658424,False
CST3,-0.49503853371915946,False
CST5,0.6828740922779337,True
CST6,0.7574411794173994,True
CSTA,-0.8222731452689498,False
CSTB,0.47954941158823255,False
CSTF1,1.0447904731056294,True
CSTF2,1.768773654770563,True
CSTF2T,-0.14754445110604697,False
CSTF3,1.4722530627677266,True
CTBP1,0.3769370260336895,False
CTBP2,0.6460164975788851,True
CTBS,0.1255301764648506,False
CTCF,0.1898446209943839,False
CTDP1,0.3799371213541835,False
CTDSPL2,-0.09864284427282377,False
CTF1,-1.1864972334815311,False
CTH,-0.5436280181238089,False
CTHRC1,2.1217583735034715,True
CTNNA1,0.09476281720574052,False
CTNNAL1,-1.5161630763583356,False
CTNNB1,-0.5625682226115061,False
CTNNBIP1,-0.5595818447297003,False
CTNNBL1,0.3671359061378378,False
CTNND1,-0.1751028720679917,False
CTNND2,0.1336071629629961,False
CTPS2,1.090522430956766,True
CTR9,0.11659661556848677,False
CTSA,0.8271269606943242,True
CTSB,0.7030894354592448,True
CTSC,-0.21192594645346888,False
CTSD,0.9969445346330369,True
CTSF,-0.7503708582578787,False
CTSG,-1.4098283098180837,False
CTSH,0.3202669681351572,False
CTSK,-0.1982546380561476,False
CTSO,-0.810363252903198,False
CTSS,0.03022476261337615,False
CTSW,-0.2544884816121053,False
CTSZ,0.16544449914466836,False
CTTN,0.6471260013993732,True
CTTNBP2,-1.421881540964603,False
CTTNBP2NL,-0.7275570325628387,False
CTU1,0.5062855480993679,True
CTU2,0.2503050630511512,False
CUEDC1,0.3796337374556149,False
CUEDC2,0.36795917816553875,False
CUL1,-0.05657084936342895,False
CUL2,0.6382677846706899,True
CUL3,0.2228341844937235,False
CUL4A,0.48605509268774855,False
CUL4B,-0.0319763437077569,False
CUL5,-0.6170305833131641,False
CUL7,0.21840044563408229,False
CUL9,-0.21290190100989417,False
CUTA,0.9694034242388776,True
CUTC,-1.9713976036460312,False
CUX1,0.23283369142265492,False
CWC22,-1.0290498698668054,False
CWC25,-0.5186577898063077,False
CWC27,-0.1536840531791005,False
CWF19L1,0.1162906259002022,False
CWF19L2,-1.391918894848472,False
CXADR,0.12528795421523364,False
CXCL10,1.541171836423567,True
CXCL12,-1.935365377103324,False
CXCL14,-0.8994873870906486,False
CXCL9,0.9853179720903102,True
CXXC1,-0.11789670748246488,False
CXXC5,0.5221079099838667,True
CXorf38,-0.004065795726213165,False
CYB5A,-0.16559404235762606,False
CYB5B,-0.5983392662073673,False
CYB5R1,0.6756005799362929,True
CYB5R2,-0.16386407511268236,False
CYB5R3,-1.5973333868550916,False
CYB5R4,0.2947772876341061,False
CYBA,0.32339599681637976,False
CYBB,-0.1220489070904379,False
CYBRD1,-1.1630924267162432,False
CYC1,0.9698166193731373,True
CYCS,0.9325894493355051,True
CYFIP1,-0.4903355793252218,False
CYGB,-1.6506523017492138,False
CYLD,-0.34718342837549104,False
CYP1B1,-0.2128454586704762,False
CYP20A1,-0.8346346297341593,False
CYP24A1,-0.5211157463947605,False
CYP27A1,-0.2130389846010853,False
CYP2J2,0.1691309400060634,False
CYP2S1,0.5988610205636691,True
CYP4B1,-0.5195383679018799,False
CYP4F11,0.030989034229982882,False
CYP4X1,-0.3778252355481027,False
CYP4Z1,-0.2520438888617487,False
CYP51A1,0.9597968645990609,True
CYP7B1,-0.9351447327449348,False
CYTH1,0.060579516451322486,False
CYTH2,0.655483619501599,True
CYTH3,-1.1130074218363626,False
CYTH4,-0.20328257985822668,False
CYTIP,0.0349627394393592,False
D2HGDH,-0.2782148849222878,False
DAAM1,-0.5869453736208791,False
DAAM2,-1.8580931860216503,False
DAB2,-1.2430103419200331,False
DAB2IP,-1.926053322554839,False
DACH1,-0.18352086862677552,False
DAD1,0.6497674426458719,True
DAG1,0.13559630933509736,False
DAGLB,0.8139852628819124,True
DALRD3,0.4744272610208123,False
DAP,0.8914988330136288,True
DAP3,1.8195123570019194,True
DAPK1,-0.056203649201400384,False
DAPK2,-1.2787431329592889,False
DAPK3,0.6925856198872504,True
DAPP1,0.37087203044314354,False
DARS2,1.5353934472887651,True
DAXX,1.2147149889566382,True
DAZAP1,1.1005017376631494,True
DAZAP2,0.07198530213711128,False
DBH,-0.00813471942378862,False
DBI,-0.24371990156647352,False
DBN1,0.47299672254578684,False
DBNDD1,1.7336492515690973,True
DBNL,0.40587892175403345,False
DBR1,0.6849638848191021,True
DBT,-0.5600060287823649,False
DCAF10,0.9022610988525385,True
DCAF11,0.35992520852065873,False
DCAF16,-0.22708930125602572,False
DCAF5,-0.7392534592274372,False
DCAF6,0.5086591339239345,True
DCAF8,-0.04985940181038115,False
DCAKD,-0.5279010846750827,False
DCD,-0.33795397987671943,False
DCHS1,-0.9166241881430812,False
DCHS2,-1.1580994051767046,False
DCK,1.054421850299435,True
DCLK1,-0.7595332722339084,False
DCLK2,-0.27749642123982565,False
DCN,-1.6001810863862778,False
DCP1B,-0.018494129328971064,False
DCP2,0.0805408557313452,False
DCPS,0.5187631984743419,True
DCTD,-0.2812053035882559,False
DCTN1,0.1272935125366668,False
DCTN2,-0.3327124006386429,False
DCTN3,-0.06860578978379313,False
DCTN4,0.013939646327195557,False
DCTN5,1.2363508863279926,True
DCTN6,-0.7673293665519628,False
DCTPP1,1.9211326989159836,True
DCUN1D1,0.5377595686422304,True
DCUN1D3,-1.9202689667076962,False
DCUN1D4,-0.7948849187814478,False
DCUN1D5,0.6574414375965403,True
DCXR,0.410452124624249,False
DDA1,0.5853507379189967,True
DDAH1,0.5954864000222819,True
DDAH2,-0.24004855734188404,False
DDB1,0.7259609205855403,True
DDB2,-0.7692105250062793,False
DDHD1,-0.3267850709947648,False
DDHD2,-0.3864051578369223,False
DDI2,-0.22016025599962066,False
DDO,-0.7990619578592258,False
DDOST,0.8547985059819437,True
DDR1,1.2158045924569483,True
DDRGK1,0.7810661314422196,True
DDX1,-0.06318405583932704,False
DDX10,0.11193213378568942,False
DDX11,0.6819469689885393,True
DDX17,-1.0805536701210654,False
DDX18,-0.05185649227543815,False
DDX19A,-0.9074784876559562,False
DDX19B,-0.7445107879244189,False
DDX20,0.1624889409917063,False
DDX21,0.19828925877211528,False
DDX23,0.9009271117596108,True
DDX24,-0.8206882255226254,False
DDX27,0.8664238854768863,True
DDX28,-0.03440335380499294,False
DDX31,0.6516497924427568,True
DDX3X,-1.372226636814013,False
DDX41,1.3119331810852044,True
DDX42,-0.24946522328114412,False
DDX46,0.36138787110367415,False
DDX47,0.17357783313753378,False
DDX49,0.9947467743886125,True
DDX5,-0.3907485401655076,False
DDX50,-0.908142198927286,False
DDX51,-0.29945027648081235,False
DDX52,0.41054558347611614,False
DDX54,0.5430595444619768,True
DDX55,0.48892371629030196,False
DDX56,1.2375807373683057,True
DDX59,0.41028457527088724,False
DDX6,-0.4235071363021851,False
DDX60,0.38961777802008796,False
DDX60L,0.15983568260789954,False
DEAF1,0.06804269229509703,False
DECR1,-0.26806658023003543,False
DECR2,0.5567789516350274,True
DEF6,0.8797997317317549,True
DEF8,-0.8013174406556551,False
DEFA4,0.018163763561579754,False
DEGS1,0.1599030430661677,False
DEK,0.0998075444912546,False
DENND1A,0.2514491954963073,False
DENND1B,0.5900695976114687,True
DENND1C,0.9873818640362568,True
DENND2D,0.8534044461602166,True
DENND3,-0.7830391160896474,False
DENND4A,-0.6462372311293508,False
DENND4B,0.09500595345730156,False
DENND4C,-1.022198911448266,False
DENND5A,-1.4970982061255904,False
DENR,0.9686033612366948,True
DEPDC5,0.10507171209943762,False
DERA,-0.0171086014358919,False
DERL1,0.8294289302788269,True
DES,-1.7523005348183511,False
DET1,-0.9129465933929047,False
DFFA,-0.23035426667460024,False
DFFB,-0.02180557971437524,False
DGAT1,-0.24068115002229246,False
DGCR8,-0.040441089505252846,False
DGKA,-0.06353726095187189,False
DGKD,0.15292866647932052,False
DGKE,-0.17602709148132178,False
DGKH,-0.14383227474823496,False
DGKQ,0.7226040692081419,True
DGKZ,0.27927581752437486,False
DGUOK,0.7070721190108189,True
DHCR24,0.7454122217179722,True
DHCR7,0.9238062979360742,True
DHFR,0.4006680093440128,False
DHODH,-0.5134324258213236,False
DHPS,0.5371020284831077,True
DHRS1,-0.4499916911278953,False
DHRS11,-0.6742971712172074,False
DHRS13,1.1569118646464696,True
DHRS2,0.2495371415991318,False
DHRS3,-1.3968549886100003,False
DHRS4,-0.29989361114357216,False
DHRS7,0.3735339433104335,False
DHRS7B,-0.5825687402350646,False
DHTKD1,1.4231594523128652,True
DHX15,0.7085293207748331,True
DHX16,0.23215291004943261,False
DHX29,0.27709102896756693,False
DHX30,0.40852495551605195,False
DHX32,0.22637006537631663,False
DHX33,-0.29324726592925665,False
DHX34,1.2073353944080096,True
DHX35,0.049102872781046795,False
DHX36,0.08212487376733038,False
DHX37,0.8366520775859433,True
DHX38,-0.741166278337991,False
DHX40,0.1503410618622713,False
DHX57,0.16919845909444461,False
DHX58,0.3336418879365487,False
DHX8,0.24320687730370147,False
DHX9,1.1043110374198186,True
DIABLO,1.2099635569296847,True
DIAPH1,0.5088289019839394,True
DIAPH2,-1.0635351886007431,False
DIAPH3,1.9691655778547554,True
DICER1,-0.4498633980418697,False
DIDO1,0.08140411139682603,False
DIP2A,-0.0995243935489923,False
DIP2B,0.42180361734919053,False
DIP2C,-1.1239307109140806,False
DIS3,-0.7146593626868817,False
DIS3L,-0.6390246041131905,False
DIS3L2,-0.3342850682117926,False
DIXDC1,-1.878827174949806,False
DKC1,1.0918821184867686,True
DLAT,-0.13215818591642997,False
DLC1,-1.8539572173115546,False
DLD,-0.547851702094542,False
DLG1,-0.26945822380182793,False
DLG3,1.7608090971941728,True
DLG5,0.4224806239058642,False
DLGAP1,-0.364736143899334,False
DLGAP4,0.5258455596601764,True
DLGAP5,3.087347329949784,True
DLST,-1.3341844316396383,False
DMAP1,-0.5106639455299163,False
DMD,-2.6900157577225294,False
DMXL1,-0.921786149254827,False
DMXL2,0.29292943622364703,False
DNAH3,0.21654009611871036,False
DNAH7,-0.22312005650031752,False
DNAJA1,1.1665869810453322,True
DNAJA2,-0.36080525247020767,False
DNAJA3,1.6042318906979804,True
DNAJA4,0.843731892857002,True
DNAJB1,-0.17828571809040095,False
DNAJB11,1.2900686284012945,True
DNAJB12,-0.08490840319234982,False
DNAJB14,-0.1295147433926135,False
DNAJB2,0.19655481528797114,False
DNAJB4,-2.2064460601664435,False
DNAJB5,-0.5029815222799424,False
DNAJB6,0.2030090394110026,False
DNAJB9,-0.2010645133455009,False
DNAJC1,1.176420977661647,True
DNAJC10,0.8736912311546685,True
DNAJC11,0.2795544578803712,False
DNAJC12,0.5755499711926932,True
DNAJC13,-0.11860580849567809,False
DNAJC16,0.21636689153379096,False
DNAJC17,-0.012914356647331636,False
DNAJC19,0.6460851445517871,True
DNAJC2,0.9573949678650359,True
DNAJC21,0.502570866828001,True
DNAJC24,-0.42011596754442626,False
DNAJC25,-0.3299146100045291,False
DNAJC3,0.028024922472701264,False
DNAJC30,0.013289069995853173,False
DNAJC5,0.5869636512990104,True
DNAJC7,0.7240687027728174,True
DNAJC8,-0.4028011325407073,False
DNAJC9,1.4899022181707071,True
DNAL1,-0.17392747228623284,False
DNAL4,0.8080785358203052,True
DNALI1,-0.07485594111126152,False
DNASE2,1.517192832082411,True
DNHD1,-0.9873387351940105,False
DNLZ,0.4406519899051528,False
DNM1,-0.760673022785709,False
DNM1L,0.5065222571138605,True
DNM2,0.6970571890728012,True
DNMBP,-0.6706078009896032,False
DNMT1,1.5484183974848253,True
DNMT3A,1.4087537898035278,True
DNPEP,0.6406573197503005,True
DNTTIP1,0.8214781218960292,True
DNTTIP2,-0.08379410852451649,False
DOCK10,0.072552359469017,False
DOCK11,-1.7365400641385866,False
DOCK2,-0.04278330420413802,False
DOCK4,-0.991587087241062,False
DOCK5,0.10039950959312553,False
DOCK6,-1.31200528769146,False
DOCK7,-0.6581886910287672,False
DOCK8,-0.8264208618425941,False
DOCK9,-1.1740861117116075,False
DOHH,0.6613286049648007,True
DOK1,-0.02193294050291704,False
DOK2,-0.48714735577566626,False
DOK3,0.9301060059882676,True
DPAGT1,0.7760967491772808,True
DPCD,1.1909873315814317,True
DPF2,0.31770549664872016,False
DPH1,-0.47037594988388026,False
DPH2,0.8005751679989721,True
DPH3,-0.8142635582983834,False
DPH5,-0.19126852034211111,False
DPM1,0.6972201353418307,True
DPM3,0.6067177668562581,True
DPP3,2.1541435966288627,True
DPP4,-1.3079401465225386,False
DPP7,0.4005367718168234,False
DPP8,-0.5484268758064548,False
DPP9,1.1585343454638677,True
DPT,-2.075684282927709,False
DPY30,1.565851766666542,True
DPYD,-1.5276032460211826,False
DPYSL2,-2.0496029817844605,False
DPYSL3,-0.6473763007708849,False
DPYSL4,0.08694099229396632,False
DPYSL5,0.3453522940362501,False
DR1,0.4331960243684662,False
DRAP1,1.053235688284351,True
DRG1,0.118415570663548,False
DRG2,-0.3700849394649083,False
DSC2,-0.3968373682127946,False
DSCC1,1.2163453926242156,True
DSG2,-0.3510872461190313,False
DSG3,-0.894717277833706,False
DSN1,1.506278414034739,True
DSP,0.5989741591039612,True
DST,-2.6062810556119014,False
DSTN,-0.049559484173332266,False
DSTYK,-0.08219535332678662,False
DTD1,-0.26008034067307173,False
DTL,3.0776513952640387,True
DTNA,-0.5641853646100816,False
DTNB,-0.026224271701844486,False
DTNBP1,0.38558604063748564,False
DTWD1,-1.309921059242041,False
DTWD2,-0.07104683263058731,False
DTX2,0.8552853330552579,True
DTX3,0.1256646153692158,False
DTX3L,1.183913132345213,True
DTYMK,1.531757273676236,True
DUS1L,0.8651740588299394,True
DUS3L,0.1411667192206488,False
DUSP12,0.6028310174320967,True
DUSP14,-0.689489984267655,False
DUSP16,0.012505243183490906,False
DUSP22,-1.776341394660766,False
DUSP23,0.5966002535444863,True
DUSP3,-1.0820995434981189,False
DUT,0.21019294606854239,False
DVL1,0.24557574663919934,False
DVL2,-0.47599537846249856,False
DVL3,1.1247437880018263,True
DYM,-0.2012719944277495,False
DYNC1H1,-0.19977841797702106,False
DYNC1I1,-1.180673568495075,False
DYNC1I2,0.16612274929440649,False
DYNC1LI1,0.7346747644620997,True
DYNC1LI2,-1.3032990561949658,False
DYNC2H1,-0.9692824290321229,False
DYNC2LI1,-0.16742169668920004,False
DYNLL1,1.1185669626912857,True
DYNLL2,0.1842076221456103,False
DYNLRB1,0.8155330863462037,True
DYNLT1,1.2888586664175083,True
DYNLT3,0.38192027675098417,False
DYRK1A,-0.10853734774122975,False
DYRK1B,0.46391604282101534,False
DYSF,-0.4127179096159165,False
DZIP3,-0.1475223316501026,False
E2F3,1.0374387716006233,True
E2F4,-0.45990559869440284,False
E4F1,1.0175012939015982,True
EAF1,1.0854781718482465,True
EAPP,-0.06777955796657703,False
EARS2,1.1935903007728283,True
EBAG9,0.33270966541650665,False
EBNA1BP2,1.3485728996189914,True
ECD,0.474107651761071,False
ECE1,-0.8836019353505031,False
ECE2,1.72503666137242,True
ECH1,-0.7159478431596898,False
ECHDC1,-1.492098902195273,False
ECHDC2,-1.3600978278782898,False
ECHDC3,-1.370513314484693,False
ECHS1,-0.571184217794014,False
ECM1,0.6171457197588828,True
ECM2,-1.893830358930765,False
ECSIT,-0.484978295378194,False
ECT2,2.3152740611927456,True
EDARADD,-0.11498966119969355,False
EDC3,0.442740948311081,False
EDC4,0.1821858171300351,False
EDEM2,0.9377107710239322,True
EDEM3,0.7522264043195492,True
EDF1,0.4810051381067363,False
EDIL3,0.002992300592973719,False
EEA1,-0.9018010009940577,False
EED,0.014571039016610474,False
EEF1A1,-1.3064673049169866,False
EEF1A2,0.8413084739910384,True
EEF1B2,-0.9205909289923504,False
EEF1D,0.33513187692803414,False
EEF1E1,0.9360334655532273,True
EEF1G,-0.7332890412216343,False
EEF2,-0.7844385625589813,False
EEF2K,-0.7773306726281598,False
EEFSEC,0.26227078372722606,False
EEPD1,-2.412859896421082,False
EFCAB7,-0.28171047055317655,False
EFEMP1,-1.6936915044973548,False
EFEMP2,-0.9203046326133875,False
EFHD1,0.335683437710903,False
EFHD2,0.5289609126931116,True
EFNA1,1.0518943740405204,True
EFNA5,-0.8568014651443855,False
EFNB1,-1.6388206597209787,False
EFNB2,-0.999435997151327,False
EFR3A,0.8219539482049562,True
EFS,-0.5375091395039552,False
EFTUD2,0.8525088757134324,True
EGFLAM,-2.2732080858208468,False
EGFR,-1.7205399163737178,False
EGLN1,-0.44336543505246045,False
EGR1,-2.200910314015021,False
EHBP1,-2.1266856418528217,False
EHBP1L1,-0.2328568915817674,False
EHD1,0.1600372653788736,False
EHD2,-2.115727922706285,False
EHD3,-0.7190124986802151,False
EHD4,-0.48733382436125994,False
EHF,-0.25931679104841837,False
EHHADH,-1.1784638890303083,False
EHMT1,0.40932198485379895,False
EHMT2,1.1059924730199227,True
EIF1,-1.0467597460950568,False
EIF1AD,0.9737446316003617,True
EIF1AX,-0.3721785258601411,False
EIF1B,-1.4700336522701625,False
EIF2A,-0.5955975238149764,False
EIF2AK1,2.175225683184195,True
EIF2AK2,0.9093843190082243,True
EIF2AK3,0.6169164476092205,True
EIF2AK4,-0.25436606279556634,False
EIF2B1,-0.32512192016554053,False
EIF2B2,0.2106443995663813,False
EIF2B3,-0.8270478701915583,False
EIF2B4,0.3728970523714668,False
EIF2B5,0.9904144434180191,True
EIF2S1,0.23186450863773916,False
EIF2S2,0.8369053332636721,True
EIF2S3,0.4082216180928046,False
EIF3A,-0.44384504792262097,False
EIF3B,0.5111135114667753,True
EIF3D,-0.9576000273106644,False
EIF3E,-0.592339499217432,False
EIF3F,-1.0181730170929386,False
EIF3G,-0.5995902829697356,False
EIF3H,0.646508453026612,True
EIF3I,0.3080824343913565,False
EIF3J,0.413302386204635,False
EIF3K,-0.612512242112841,False
EIF3L,-1.8862895006464968,False
EIF3M,0.02047872020808051,False
EIF4A1,0.3421391603988271,False
EIF4A2,-0.9743220130269569,False
EIF4A3,1.4351795089642319,True
EIF4B,-1.3214638017722955,False
EIF4E,0.7004765601973634,True
EIF4E2,0.36794403306668927,False
EIF4E3,-1.341311509171316,False
EIF4EBP1,0.6646637096861471,True
EIF4EBP2,-1.76280816435866,False
EIF4EBP3,-0.3566197969171233,False
EIF4ENIF1,-0.39424965234841447,False
EIF4G1,0.9156362809296049,True
EIF4G2,0.32570980682758777,False
EIF4G3,0.17711806806733235,False
EIF4H,-0.1839783258543718,False
EIF5,-0.4682427398151963,False
EIF5A,0.9292587224426035,True
EIF5A2,-0.643118936145311,False
EIF5B,0.8022041674851528,True
EIF6,1.161990541863546,True
ELAC1,-1.2543291271523094,False
ELAC2,-0.35511662744977046,False
ELANE,-2.478717718477298,False
ELAVL1,1.7289487041775895,True
ELAVL2,0.9477095777797733,True
ELF1,-0.17529307505520242,False
ELF2,-0.6015987669639976,False
ELF3,0.9258741158257782,True
ELK1,1.235236918970344,True
ELL,0.13016176230945953,False
ELL2,-0.5388464973774815,False
ELMO1,-0.9525355658364759,False
ELMO2,0.7902240555709875,True
ELMO3,0.9089070075965874,True
ELMOD2,0.7014276064368976,True
ELN,-0.39161687935831174,False
ELOF1,0.7864702231632037,True
ELOVL5,-0.21776132855127428,False
ELP2,0.31949060648083055,False
ELP3,-0.5228686927882167,False
ELP4,0.02643096232839366,False
EMB,-0.11704012111105876,False
EMD,0.8178773632964637,True
EMILIN1,0.10204965528945023,False
EMILIN2,-1.4970318652685852,False
EML1,-0.7241030105217127,False
EML2,0.5663327226454894,True
EML3,-0.7982950813502414,False
EML4,0.014193355674355746,False
ENAH,1.0312014975088162,True
ENDOD1,-0.7657104198686076,False
ENDOG,0.4968399871707813,False
ENG,-0.9903864221882105,False
ENGASE,-0.42939703112723804,False
ENO1,0.10153385094691475,False
ENO2,0.7502369305192803,True
ENO3,-0.06714437648903,False
ENOPH1,1.383300787566793,True
ENOSF1,-0.3527906355429686,False
ENOX2,-0.32710310432362966,False
ENPEP,-0.7820856744531357,False
ENPP1,0.24516065486427385,False
ENPP2,-2.3929293518786166,False
ENPP4,-0.3941066752323265,False
ENPP5,0.4684760368246801,False
ENSA,1.2165794305156532,True
ENTPD1,-0.04905056834238343,False
ENTPD2,0.12103998709494743,False
ENTPD5,-0.1786131305150125,False
ENTPD6,0.7959287985710997,True
ENY2,1.2067965740650328,True
EP300,-0.2514551660256417,False
EP400,-0.28601660649018723,False
EPB41,-0.15109492391040305,False
EPB41L1,-0.4973512990533621,False
EPB41L2,-1.9574525977999222,False
EPB41L3,-0.7128769819204012,False
EPB41L4A,-0.6087250422833815,False
EPB41L4B,-1.0848795469603911,False
EPB41L5,-0.1671587070742379,False
EPB42,-2.8027527979925067,False
EPC1,-0.9596527452844771,False
EPC2,-1.0766515359705164,False
EPCAM,1.7170418080231447,True
EPDR1,-1.5829183431356424,False
EPHA1,0.9602380296071216,True
EPHB2,0.9100443413347139,True
EPHB3,0.2805936467235229,False
EPHB4,0.06438476195274069,False
EPHX1,-0.5237199444740974,False
EPHX2,-0.8052873899020616,False
EPM2A,-1.6484003602785613,False
EPM2AIP1,-0.49341759725470113,False
EPN1,0.7073299902706005,True
EPN2,-0.1966978412313466,False
EPN3,1.7843947766454096,True
EPS15,-1.1128344898443994,False
EPS15L1,1.106489774581711,True
EPS8,-1.4162168058931197,False
EPS8L1,1.1729056697285858,True
EPS8L2,0.6450723702601919,True
EPSTI1,0.8660394620584644,True
ERAL1,0.849541750426743,True
ERAP1,-0.9831870089153084,False
ERAP2,-0.2777729489411787,False
ERBB2,0.7468825615673729,True
ERBB3,1.3557805171778068,True
ERBB4,-0.22713045106577182,False
ERC1,-0.4137866964625954,False
ERC2,-0.601230553011351,False
ERCC1,0.08648204402860961,False
ERCC2,0.2829530121067676,False
ERCC3,-0.13074878321788694,False
ERCC4,0.2505636639841797,False
ERCC5,-0.9860561580834776,False
ERCC6,0.04779700326429405,False
ERCC6L,2.647839287256252,True
ERCC8,-0.5104967388273902,False
ERF,0.12351945267041606,False
ERG,-2.120607740711398,False
ERGIC1,0.8808120634780817,True
ERGIC2,0.7554394508324619,True
ERGIC3,0.6932284682086444,True
ERH,1.4353585560690612,True
ERI1,-0.029080301351311216,False
ERI3,0.7006265688825493,True
ERICH1,-1.0611365981252627,False
ERLEC1,0.609683478933332,True
ERLIN1,-0.7071254111151597,False
ERLIN2,0.06954301293796568,False
ERMP1,1.3583338188512348,True
ERN1,-0.22559361670876216,False
ERP29,0.5382915034189485,True
ERP44,-0.2193064258677959,False
ERRFI1,-1.2566600572350781,False
ESAM,-1.585151184659688,False
ESCO1,0.5623371332974372,True
ESD,-1.507656299958178,False
ESF1,0.05049810595224843,False
ESPN,0.8471331549562258,True
ESR1,0.1949558903673631,False
ESRP1,2.0830166193627404,True
ESRP2,1.2047298673726734,True
ESRRA,-0.04252265095533926,False
ESYT1,-1.7904188552594782,False
ESYT2,-0.9132935329041754,False
ETF1,-0.5679655819888779,False
ETFA,-0.6069946926544494,False
ETFB,-0.9102638149900405,False
ETFDH,-1.3155462811254854,False
ETHE1,0.1700538743236385,False
ETNK1,0.5039065239348289,True
ETNK2,0.7835919614932497,True
ETS1,-1.060534204694039,False
ETV3,-0.3225444772560945,False
ETV6,-0.28360649632853774,False
EVI2B,0.10711080848318122,False
EVI5,-0.9644977761248511,False
EVI5L,0.49556975785910246,False
EVL,0.7537433458698453,True
EVPL,1.6284347046202947,True
EWSR1,0.4145724421786005,False
EXD2,0.0941719117956151,False
EXOC1,-0.7316688794930329,False
EXOC2,0.5356237457951811,True
EXOC3,-0.6052019526851461,False
EXOC3L2,0.42852161641279135,False
EXOC4,-0.25165718644004276,False
EXOC5,-0.07936690572686911,False
EXOC6,0.5814845892377655,True
EXOC6B,-0.6890792419137218,False
EXOC7,-0.26081423493348055,False
EXOC8,0.22345741027868815,False
EXOSC1,0.830945581166087,True
EXOSC10,-0.2168088699768046,False
EXOSC2,0.387813832480211,False
EXOSC3,1.154509297051356,True
EXOSC4,1.3153310354034997,True
EXOSC5,0.8932325008406675,True
EXOSC6,-0.29392442517271244,False
EXOSC7,0.21191975607299782,False
EXOSC8,-0.28390081118310256,False
EXOSC9,0.3428418309341826,False
EXPH5,0.07584377893525147,False
EXT1,-0.18261166774464788,False
EXT2,-0.28145616259879475,False
EXTL2,-1.0977072962344232,False
EYA3,0.032614644184583444,False
EZH1,-2.391387708281507,False
EZH2,2.3428511714536646,True
EZR,1.9112896813191596,True
F10,-2.4815720194905944,False
F11,-0.0719949885802705,False
F11R,1.4308965738535004,True
F12,1.81803212764369,True
F13A1,-0.7723011562372972,False
F13B,0.32333034096358637,False
F2,0.4716120393303336,False
F3,-1.7858800769009118,False
F5,0.46276194898245143,False
F7,0.6628158589137072,True
F9,-0.07988624050391659,False
FAAH,0.6316711673012679,True
FAAH2,1.061705601166032,True
FABP3,-0.32607973319889594,False
FABP4,-2.153169201697458,False
FABP6,0.7145299204852644,True
FABP7,-1.0855781370988218,False
FADD,0.9549944577107226,True
FADS2,0.6568478240945409,True
FAF1,-0.06772704440731311,False
FAF2,0.9644488246917091,True
FAH,-0.6111140449086335,False
FAHD1,1.1782054642211235,True
FAHD2A,-0.986929464129876,False
FAHD2B,-0.06673286536524001,False
FAIM,-0.11754821436207014,False
FAM107B,-0.20655745411186352,False
FAM110A,1.615126827890207,True
FAM110B,0.2907861820071082,False
FAM111A,0.43688609510348386,False
FAM111B,2.421451930917067,True
FAM114A1,0.3192700968159847,False
FAM114A2,-0.0609500283256368,False
FAM117A,-1.1151971228510145,False
FAM117B,0.2955246389170418,False
FAM120A,1.0443017017337688,True
FAM120B,-0.6445477540193938,False
FAM120C,-0.057745444192602254,False
FAM133B,0.05710384739048453,False
FAM13A,-2.981203671477334,False
FAM151B,0.5704865841699386,True
FAM162A,0.9079688280199545,True
FAM168A,-0.3199444405531781,False
FAM168B,-1.2848735222223155,False
FAM169A,0.05757681886048333,False
FAM177A1,0.6103010791840976,True
FAM184A,-1.3178648684745082,False
FAM185A,-0.061804089091280316,False
FAM186A,-0.39539700474513245,False
FAM193A,-0.1661864678719207,False
FAM193B,-0.8064864168236789,False
FAM199X,0.8010462483546951,True
FAM20B,0.40844596993307053,False
FAM20C,-0.7214441775659158,False
FAM32A,0.41028363802928886,False
FAM3B,-0.6682560584410137,False
FAM3C,-0.07137302152629481,False
FAM50A,0.9742172794054906,True
FAM50B,-0.3537564637789171,False
FAM53B,0.11970677821204202,False
FAM76A,-1.339834169690825,False
FAM76B,-0.4152189502688411,False
FAM89B,0.741165576886822,True
FAM8A1,-0.626416560428685,False
FAM91A1,1.121022727351141,True
FANCD2,1.9135517449832247,True
FANCI,2.3187195838652137,True
FAP,1.2413853076608496,True
FAR1,0.07904108957305953,False
FARP1,0.6533836575944075,True
FARP2,-0.3188483647383683,False
FARS2,0.09569660193683555,False
FARSA,1.481360163028108,True
FARSB,0.7629068096038399,True
FAS,-0.8729651878177926,False
FASN,-0.02318461323815854,False
FASTKD1,0.44364652316036174,False
FASTKD2,-0.6450455247009056,False
FASTKD5,0.334043051559312,False
FAT1,-1.0816451197332755,False
FAU,-0.2510960222635443,False
FBL,-0.2313755744015753,False
FBLIM1,-0.014290365620895114,False
FBLN1,-1.0046881969296124,False
FBLN2,-0.9729677299950541,False
FBLN5,-1.9203022870444666,False
FBLN7,-1.026473620851342,False
FBN1,-0.2996476139982235,False
FBP1,0.46875983164784446,False
FBP2,-0.3638452117374841,False
FBRSL1,0.19255152532533468,False
FBXL12,-0.8909626996595537,False
FBXL15,0.3149118474752614,False
FBXL17,-0.8684405588632232,False
FBXL18,-0.10934206730235975,False
FBXL19,1.6912903727790616,True
FBXL20,0.20525119224799826,False
FBXL3,-1.0662121277069463,False
FBXL4,-0.43915675912843016,False
FBXL6,1.6909947819946842,True
FBXL8,-0.09414027850913473,False
FBXO11,-0.6815986071265207,False
FBXO2,-0.4460087397921408,False
FBXO21,0.14509728431521296,False
FBXO22,1.1158052746835205,True
FBXO28,0.7229714565175771,True
FBXO3,-0.475586383148239,False
FBXO30,-0.3516264515697071,False
FBXO38,-0.11408260451483718,False
FBXO4,-0.03535287697074143,False
FBXO42,-0.847641991241186,False
FBXO44,-0.2985476526737472,False
FBXO45,1.4825402950436162,True
FBXO46,1.2049018038682204,True
FBXO6,1.1664695633037336,True
FBXO7,-0.7079009604808891,False
FBXO9,-0.5417639790081127,False
FBXW11,-0.48843047076895835,False
FBXW2,-0.14966246294447227,False
FBXW5,0.014374169165335954,False
FBXW8,0.27592337475429,False
FBXW9,0.9414132610117607,True
FCER1G,0.4282323277679042,False
FCF1,-0.45972685676192776,False
FCGR1A,1.6775709880408949,True
FCGR2A,0.5250666468830834,True
FCGR2B,-0.28017641697208306,False
FCGR3A,1.0163800915714603,True
FCGR3B,-0.3623851304485824,False
FCGRT,-0.8564215406104734,False
FCHO1,0.06963093784269178,False
FCHO2,-0.7370649132567921,False
FCHSD1,-0.49224259268427184,False
FCHSD2,-0.29179559775667924,False
FCN1,-0.6328883469669283,False
FCN2,-1.047971312276333,False
FCN3,-0.6986065617959198,False
FCRLB,0.5276997285770966,True
FDFT1,-0.4629423201223137,False
FDPS,0.9642421410033397,True
FDX1,-0.8329140342697252,False
FDXR,0.8377574409669882,True
FECH,0.09820817767126754,False
FEM1A,0.04296917794431572,False
FEM1B,-0.6501894828792029,False
FEM1C,-0.15763275172027938,False
FEN1,1.8920708675364253,True
FER,-1.0900372230393918,False
FERMT1,-0.94904019222901,False
FERMT2,-2.096211398502047,False
FERMT3,0.3541592708400875,False
FES,-1.2543724423695217,False
FETUB,-0.6841069869320205,False
FEZ2,-1.975750266680293,False
FGA,-0.4543320688535706,False
FGB,-0.2696722186987294,False
FGD1,0.817324639583622,True
FGD2,-0.35495420335238403,False
FGD3,0.863030075349782,True
FGD4,-1.7797952173486278,False
FGD5,-1.2676836484940446,False
FGD6,0.8096284959986187,True
FGF1,-2.138311640508257,False
FGF2,-2.2898085128602776,False
FGFR1,-1.173530904305999,False
FGFR1OP2,-0.9331932270070528,False
FGFR2,-0.4519323217914241,False
FGG,-0.3124258603868912,False
FGGY,-0.5724878635476325,False
FGL2,-1.262445766226097,False
FGR,-0.6000352856071937,False
FH,0.9762991397513535,True
FHIT,-0.6452720767679145,False
FHL1,-2.9851208328344083,False
FHL2,-0.3733904356431079,False
FHL3,-0.23978814968104267,False
FHL5,-2.0523385082412764,False
FHOD1,-0.17914664831757787,False
FIBIN,-0.5171220746388587,False
FIBP,1.3863253564183189,True
FIG4,0.10037823946803306,False
FIGNL1,0.6188732125330622,True
FILIP1,-1.254956234564607,False
FILIP1L,-1.259874057471222,False
FIP1L1,1.1040632020413144,True
FIS1,-0.2271093625502856,False
FIZ1,0.6580530983346115,True
FKBP10,1.025741816709628,True
FKBP11,0.6684018937144576,True
FKBP14,-0.04632513371859537,False
FKBP15,0.36719083187486073,False
FKBP1A,0.08418425054307867,False
FKBP2,0.4612888718350945,False
FKBP3,0.9800225909550402,True
FKBP4,1.8015067737535644,True
FKBP5,-0.7705361138831758,False
FKBP7,-0.620497167827927,False
FKBP8,-0.27208965501453863,False
FKBP9,-0.4830753475219471,False
FKBPL,1.3740798453199128,True
FLAD1,1.8234784076536867,True
FLCN,-0.8583819704843193,False
FLI1,-1.6070519343295524,False
FLII,-0.43823725339191005,False
FLNA,-0.8101177918992059,False
FLNB,0.4572173888206259,False
FLNC,-1.5299139566782223,False
FLOT1,0.7462698896305381,True
FLOT2,-0.13525166855091056,False
FLT1,-1.078707445005151,False
FLVCR1,2.0796725949158925,True
FLYWCH2,1.1830191173530415,True
FMN1,0.25182933197239243,False
FMNL1,0.015048330600651512,False
FMNL2,-1.297474819470258,False
FMNL3,-0.20296990682022398,False
FMO1,-0.8737902270565066,False
FMO3,-0.7609176958689157,False
FMO5,-0.44632724972612825,False
FMOD,-1.1952315715157338,False
FMR1,0.44823944316762226,False
FN1,2.21680347247831,True
FN3K,0.4959036012793417,False
FN3KRP,0.3336688961533574,False
FNBP1,-0.2667233767447482,False
FNBP1L,0.3300562487160901,False
FNBP4,-0.5649542117423396,False
FNDC1,1.2189255847107507,True
FNDC3A,-0.8926475783205537,False
FNDC3B,-0.6090587140787933,False
FNIP1,-0.0520951396474202,False
FNTA,-0.17011511454912046,False
FNTB,0.1934959628452261,False
FOLH1,-0.7939788603409365,False
FOLR2,-1.4931666890473694,False
FOSB,-2.1943126345401534,False
FOSL2,-0.4354888178404522,False
FOXA1,0.7736270907371651,True
FOXJ2,-0.7587092122030491,False
FOXJ3,-0.6818536962535613,False
FOXK1,-0.5754501573023025,False
FOXK2,1.0687760554600445,True
FOXN3,-2.2119676361792293,False
FOXO1,-2.3953120672247814,False
FOXO3,-0.7172168943661317,False
FOXP1,-0.3956122128841489,False
FOXP4,0.625164390264593,True
FOXRED1,0.1488028946385993,False
FOXRED2,1.1295833860609459,True
FPGS,0.2256174685015447,False
FPGT,0.28230439722046324,False
FRG1,-0.8368824306640089,False
FRK,0.36703553623043994,False
FRMD4A,-1.5106356095260458,False
FRMD6,-0.8544092753930257,False
FRMD8,0.5232976534036898,True
FRS2,0.10813970973256483,False
FRY,-0.9702775354094475,False
FRYL,-0.5097900857280421,False
FRZB,-0.7815679282948198,False
FSCN1,0.01245917165625856,False
FSD1L,0.650791893812476,True
FST,-0.6440980987266599,False
FSTL1,-1.2435786068257544,False
FSTL3,-0.3540664774278698,False
FTH1,0.08593049085349623,False
FTL,-0.4402267778514058,False
FTO,-1.562410202819308,False
FTSJ1,1.3216377235359544,True
FTSJ3,0.467580523378834,False
FUBP1,0.8896881174792441,True
FUBP3,0.118318612239095,False
FUCA1,0.05624214803103432,False
FUCA2,0.46080827449457945,False
FUNDC1,1.1094951643465865,True
FUNDC2,-0.12273369512277199,False
FURIN,0.1291147346939878,False
FUS,1.3060334538480818,True
FUT5,0.10539771637649724,False
FUT8,0.8439844223341185,True
FXN,-0.3615689672784919,False
FXR1,0.15116841198971315,False
FXR2,-0.14582197954200865,False
FYCO1,-1.0530450599495074,False
FYTTD1,0.20937151692854833,False
FZD1,-0.5769124382044766,False
FZD6,-0.04932480287187645,False
FZD7,-1.3821885466930581,False
FZR1,0.612470659744931,True
G3BP1,0.6912598131654432,True
G3BP2,0.37325744968214275,False
G6PC3,0.6652761898030852,True
G6PD,0.6969576915021702,True
GAA,0.7018491299184252,True
GAB1,-0.6976847410892049,False
GAB2,-0.6774543717721424,False
GABARAP,-0.5024263918745769,False
GABARAPL1,-2.1840413760733415,False
GABARAPL2,-0.801379297484889,False
GABPA,-1.051528271638082,False
GABPB1,1.0405563883236628,True
GABPB2,0.5934977559005226,True
GADD45GIP1,0.664686663430931,True
GAK,0.8074177192041977,True
GAL3ST4,0.5021042894283144,True
GALC,-0.28623100618704655,False
GALE,1.6810487218071875,True
GALK1,0.6397811165300988,True
GALK2,-0.17121321278669402,False
GALM,-0.05236321345190744,False
GALNS,0.6166252986001702,True
GALNT1,0.5883349052392979,True
GALNT10,0.2604446616407741,False
GALNT2,0.5495256713460612,True
GALNT3,-0.08955051466846961,False
GALNT4,0.1904369963183127,False
GALNT5,0.4624528158596199,False
GALNT6,0.8430966740106469,True
GALNT7,0.9649213039919975,True
GALT,-1.2812879631716385,False
GAMT,0.13660584958598462,False
GAN,-0.43415105426705425,False
GANAB,0.9045815273276049,True
GANC,-1.0649041682930287,False
GAPDH,1.16466257389305,True
GAPDHS,-0.15602588998079334,False
GAPVD1,0.24355509188093968,False
GAR1,0.405327109450078,False
GART,0.746733755261915,True
GAS2L1,-0.26257935681514444,False
GAS6,-1.158916823602787,False
GAS7,-1.114867314258867,False
GATA3,0.786862579282828,True
GATAD1,-0.4099478003218063,False
GATAD2A,1.012200459525071,True
GATAD2B,0.613343555886976,True
GATC,0.3965092015703973,False
GATM,-0.5672029196417486,False
GBA2,-0.3082973450794204,False
GBE1,-1.624360821536436,False
GBF1,0.49108727970677174,False
GBP1,0.11145203169587443,False
GBP2,-1.0357340311211807,False
GBP3,0.2004513209216327,False
GBP4,-0.22270537495495119,False
GBP5,0.8297419179287672,True
GBP7,0.2995889216903483,False
GC,-0.06576764436012253,False
GCA,-0.1262604257316057,False
GCAT,0.8486373002459242,True
GCC1,0.20283641210425,False
GCC2,-0.5617795444604835,False
GCDH,-0.01855420990074828,False
GCH1,0.897703247285205,True
GCHFR,0.06774224186436557,False
GCLC,-0.581290125571071,False
GCLM,-0.5207115390933794,False
GCSH,-0.4579929635411226,False
GDAP1,0.19609067511591488,False
GDAP2,0.5202397660357861,True
GDE1,0.6041082937883837,True
GDF15,0.6838739486748243,True
GDI1,1.1373427674808954,True
GDI2,0.6057671727144709,True
GDPD1,0.6129376015703878,True
GDPD3,-0.14679507180849885,False
GEM,-1.3005130305776131,False
GEMIN4,-0.7815986414785518,False
GEMIN5,-0.25125451677375304,False
GEMIN6,1.5295822880346892,True
GEMIN7,1.328453265209892,True
GEMIN8,0.06352500262948738,False
GEN1,1.5246332745829565,True
GET4,0.6673213023026751,True
GFAP,-2.5734206904902255,False
GFER,1.38936554053264,True
GFM1,0.6334190072435542,True
GFM2,0.37334917445484006,False
GFOD1,-1.0545968660217349,False
GFOD2,-0.2056779232165844,False
GFPT1,0.5997156658156482,True
GFPT2,-0.45436290312375965,False
GFRA1,-0.11999793007409705,False
GGA1,0.45006698579613497,False
GGA2,0.028064160547679264,False
GGA3,-0.12786026189087163,False
GGCT,1.5800069232354428,True
GGCX,0.08521007004416002,False
GGH,0.6960388397180916,True
GGNBP2,-0.38154997822199377,False
GGPS1,1.4462151400178522,True
GGT1,0.33398824826194806,False
GGT5,-0.42395780851752735,False
GGT7,-0.7255638892814834,False
GHDC,-0.029150075879049133,False
GHITM,0.06717817285684832,False
GIGYF1,-0.47801019780123033,False
GIGYF2,-0.3133522756353059,False
GIMAP1,-1.5168387077661127,False
GIMAP2,-0.4295063967824609,False
GIMAP4,-1.183571142903078,False
GIMAP6,-1.8499760826824199,False
GIMAP7,-1.6184984162632534,False
GIMAP8,-2.266122170421929,False
GINS1,2.3944087142000896,True
GINS2,1.9907647125135708,True
GINS3,0.5765514090221276,True
GINS4,1.4452794321334215,True
GIPC1,1.0853891797943602,True
GIPC3,-0.5158971158045532,False
GIT1,0.4137967316093037,False
GIT2,-0.8751749292111397,False
GJA1,-0.04839662084218457,False
GK,1.354000434229637,True
GK5,-0.32210767755240954,False
GKAP1,-0.6980443814986708,False
GLA,0.3602384000108093,False
GLB1,1.2368499193218534,True
GLB1L,-0.3019800690115362,False
GLCCI1,0.04532491230706694,False
GLCE,0.05874095994566773,False
GLDC,0.28517503386646015,False
GLE1,0.9689640264249746,True
GLG1,-1.142180434146652,False
GLI3,-0.254941004013575,False
GLIPR1,-0.7398601924046598,False
GLIPR2,-0.8040771354984314,False
GLMN,0.610743851524338,True
GLO1,1.2030675405441784,True
GLOD4,-0.1545819007019392,False
GLRX,0.19244035709031712,False
GLRX2,1.2722885168547924,True
GLRX3,0.569408934369159,True
GLRX5,0.6050667169467289,True
GLS,-0.4904780249825766,False
GLT8D1,0.07674341475923595,False
GLT8D2,-0.894075468054314,False
GLTP,-0.24478915727531733,False
GLUD1,-0.3697088950551737,False
GLUD2,-0.4207905443874137,False
GLUL,0.16653849316773428,False
GLYAT,-3.2580595595464414,False
GLYATL1,0.43727922824605026,False
GLYATL2,-0.4983575584858845,False
GLYR1,0.9436314861348346,True
GM2A,-0.1784436946397699,False
GMDS,0.7118726522635906,True
GMEB1,-0.0796557490607368,False
GMEB2,0.659501183270635,True
GMFB,0.41287673122681035,False
GMFG,-0.866843815634883,False
GMIP,1.3383129019755085,True
GMNN,-0.026074670557538752,False
GMPPA,1.3255885806158063,True
GMPPB,1.0136351064896236,True
GMPR,-0.17864785802241853,False
GMPR2,0.012481138006728325,False
GMPS,1.2507464921709657,True
GNA11,-0.6432397705603723,False
GNA12,-0.2723356191517529,False
GNA13,0.5550845307144341,True
GNAI1,-2.247025931895931,False
GNAI2,-0.38927087204974165,False
GNAI3,0.8797280639291387,True
GNAO1,-0.4016372280994629,False
GNAQ,-0.7849697501665724,False
GNAS,0.5235646088170316,True
GNAZ,-0.9076175070556577,False
GNB1,0.369302144034748,False
GNB1L,0.5565725546498547,True
GNB2,1.0950908682606812,True
GNB4,0.13517189991473202,False
GNB5,-0.8031752067056517,False
GNE,-1.226367355890072,False
GNG11,-2.5937916588076635,False
GNG12,-1.0199470321411517,False
GNG2,-1.9826841610744623,False
GNG5,0.9230395561893736,True
GNG7,-1.5156815165033901,False
GNL1,-0.5248749297966617,False
GNL2,0.7672288539515711,True
GNL3,0.6102688014292817,True
GNL3L,1.0381012376782277,True
GNPAT,0.9651010076930235,True
GNPDA1,0.9628510617747308,True
GNPDA2,-0.6663812337316284,False
GNPNAT1,1.2118604754462063,True
GNPTAB,0.08433349111759404,False
GNPTG,0.22641754955369991,False
GNS,-0.6742714582193247,False
GOLGA1,0.09244537218200312,False
GOLGA2,0.6997008629274325,True
GOLGA3,0.5031333270776182,True
GOLGA4,-0.22164084972709575,False
GOLGA5,0.761398857372925,True
GOLGA7,-0.13336158018917518,False
GOLGB1,-0.020407381685741313,False
GOLIM4,-0.2581601177033176,False
GOLM1,1.0111940938653359,True
GOLPH3,1.0462553477783547,True
GOLPH3L,0.8040021900693175,True
GOLT1B,0.720282732506613,True
GON4L,0.5924595854428384,True
GOPC,-0.4662610731546038,False
GORAB,0.8542071032155024,True
GORASP1,-0.6613616412777211,False
GORASP2,1.0779397807268158,True
GOSR1,0.19218548711635053,False
GOSR2,-0.08628588581371355,False
GOT1,0.9189863612188225,True
GOT2,1.076984724277767,True
GP2,0.3578393597508908,False
GPAA1,0.7654685706806564,True
GPAM,-3.38447061258807,False
GPATCH1,0.1977292847873761,False
GPATCH2,1.2264016936791955,True
GPATCH8,-0.6502914542424184,False
GPBP1,0.031592601891635506,False
GPBP1L1,-0.06814223088783308,False
GPC1,0.31902181137128205,False
GPC4,0.4970095414436758,False
GPC6,-0.3744493801734977,False
GPCPD1,-1.1145985665731108,False
GPD1,-2.360861515149545,False
GPD1L,-0.7716275095677879,False
GPD2,0.5853413528672639,True
GPHN,-0.5671533251362237,False
GPI,0.6577704554555879,True
GPKOW,0.5612906026345711,True
GPLD1,-2.0277660105483224,False
GPN1,0.5377635322316828,True
GPN2,0.04775140827605809,False
GPN3,-0.3616868461312415,False
GPNMB,-0.6666812393454464,False
GPR107,0.3090340564893016,False
GPR108,-0.3450029836384631,False
GPRC5A,1.5749324061409933,True
GPRC5C,-0.003924649627869095,False
GPRIN1,2.4281048758974872,True
GPRIN3,0.17659037262978122,False
GPS1,0.8804858038877817,True
GPS2,-0.09833860887581176,False
GPSM1,0.29999705253603104,False
GPSM3,0.23056856721509375,False
GPT,-0.9331518634609909,False
GPT2,-0.6765484435394663,False
GPX1,-0.2700318604242748,False
GPX3,-2.4862676560719006,False
GPX4,-0.5506864357420594,False
GPX7,-0.06481189399597917,False
GPX8,0.32409594578063217,False
GRAMD1A,1.6864591929432917,True
GRAMD4,0.16059605392981632,False
GRAP2,-0.3995519328082675,False
GRB10,-0.6112640945402656,False
GRB14,-0.1780551714598315,False
GRB2,1.0525342911713351,True
GRB7,0.7341455283641115,True
GREB1,0.2108961942855276,False
GREM1,0.6444610154958693,True
GRHL1,-0.16508582618860254,False
GRHL2,1.5350919895544903,True
GRHPR,-0.18009159878512787,False
GRIP1,0.45029759284276255,False
GRIPAP1,0.671124459533237,True
GRK5,-1.951009693376129,False
GRK6,0.7749998450324799,True
GRN,0.824198887072821,True
GRPEL1,0.39719413071900994,False
GRPEL2,1.0539801138855482,True
GRSF1,0.8111107969714242,True
GRTP1,0.9978551042372548,True
GRWD1,0.8433968075504072,True
GSDMA,0.12682779772289718,False
GSDMD,0.7303272559095714,True
GSK3A,1.362716700092978,True
GSK3B,0.7869515415961418,True
GSN,-3.056060986959054,False
GSPT1,1.0653098347364427,True
GSPT2,-1.377191985031255,False
GSR,0.6216040673401729,True
GSS,0.7689481364211593,True
GSTA1,-1.2854011659432591,False
GSTA4,-0.6117172205887805,False
GSTCD,0.8216276094960577,True
GSTK1,-0.5379217995613081,False
GSTM1,-0.1720259346111188,False
GSTM2,-0.9545674026844471,False
GSTM3,-0.26573796893029944,False
GSTM4,-0.4935467661493477,False
GSTM5,-2.2783716774220615,False
GSTO1,0.4718861713992943,False
GSTP1,-0.780360367316508,False
GSTZ1,0.022753173000955293,False
GTF2A1,-0.10840185820550605,False
GTF2A2,0.4181288035668853,False
GTF2B,-0.33991117791605296,False
GTF2E1,1.078898019466128,True
GTF2E2,0.09311471725716285,False
GTF2F1,0.26906170047775085,False
GTF2F2,0.2632192922436362,False
GTF2H1,-0.8365986845182309,False
GTF2H3,0.057724973067036674,False
GTF2H4,0.5806783586097247,True
GTF2H5,-0.08427125540821083,False
GTF2I,-0.06060785461355491,False
GTF2IRD1,1.9507986799241261,True
GTF3A,0.5684946474011441,True
GTF3C1,1.6463068702599397,True
GTF3C2,0.981951333687637,True
GTF3C3,-0.23121038172069078,False
GTF3C4,0.2602376762377653,False
GTF3C5,0.42116100621023284,False
GTF3C6,0.7150877724486839,True
GTPBP1,-0.12081892540710058,False
GTPBP10,0.030064365941255385,False
GTPBP2,0.44910819120778783,False
GTPBP3,1.1956359183720489,True
GTPBP4,0.8954732787636345,True
GTPBP8,-0.3047764549924681,False
GTSE1,2.5669585838974873,True
GUCY1A2,-0.20197029032321567,False
GUF1,0.3857948946059194,False
GUK1,0.8736054796567606,True
GULP1,-1.452489447499923,False
GUSB,0.49626065940412367,False
GXYLT1,0.07594055950407419,False
GYG1,0.2570402910671551,False
GYG2,-2.2741685716068254,False
GYS1,-0.31161125815892443,False
GZF1,0.5295236954656406,True
GZMA,0.12689704007487512,False
GZMH,-0.31894976732065294,False
H6PD,-1.5398852797690412,False
HAAO,-1.5254184275872273,False
HABP2,-0.07307661973330225,False
HABP4,-1.8477423239136215,False
HACE1,-0.9182542833566847,False
HACL1,-1.0732804371325249,False
HADH,-1.905768380743572,False
HADHA,-1.653122195750852,False
HADHB,-0.7874565520922224,False
HAGH,0.7572237542329857,True
HAGHL,2.3283548255088746,True
HAPLN1,1.4527182058018961,True
HAPLN3,-0.44075269580872517,False
HARS2,0.6213481107343923,True
HAT1,0.804132420197994,True
HAUS1,0.9464305027237874,True
HAUS2,-0.34027397790135006,False
HAUS3,-0.08631805957760134,False
HAUS4,-0.7476318904949351,False
HAUS5,0.42268631487815933,False
HAUS6,0.29519933481078925,False
HAUS7,0.5888494060261145,True
HAUS8,0.9401060595369051,True
HAVCR2,0.49780600955593457,False
HAX1,1.0158842030427455,True
HBB,-2.3975300720701314,False
HBD,-0.4470751069868676,False
HBP1,-1.337935757998254,False
HBQ1,0.022260084391566213,False
HBS1L,0.2716700099207676,False
HBZ,-1.017570798781184,False
HCCS,0.5890880719821789,True
HCFC1,0.8691857665717763,True
HCFC2,-1.1525781227416638,False
HCK,0.2963731499917314,False
HCLS1,-0.06754501639573546,False
HDAC1,0.9181593202615682,True
HDAC10,0.4046383574795746,False
HDAC11,0.752151117772056,True
HDAC2,0.6344692990295425,True
HDAC3,0.009700639838805461,False
HDAC4,-1.4775676279466063,False
HDAC5,-1.0857351660404224,False
HDAC6,-0.3676180953715814,False
HDAC7,-0.8156415402748004,False
HDAC8,0.7152514497697156,True
HDDC2,-0.3315186580669241,False
HDDC3,0.02197480704923054,False
HDGF,1.9181572599918342,True
HDHD2,-0.2976477864157922,False
HDHD3,0.053660543468527076,False
HDLBP,0.3220750669738062,False
HEATR1,0.6243817676050452,True
HEATR3,0.7209856471909059,True
HEATR5B,-0.3733944351683096,False
HEATR6,0.6391212292657757,True
HEBP1,0.23970067929664216,False
HEBP2,-0.6790491910043986,False
HECA,-1.03509580256759,False
HECTD1,-0.5947132114007714,False
HECTD3,-0.6974473383979185,False
HECW2,-0.13610437728509572,False
HELB,0.3410283688075963,False
HELLS,2.1754825022530095,True
HELZ,-0.35221243502769944,False
HERC1,-1.1505397662604744,False
HERC2,-0.9095296424628684,False
HERC3,-0.8008874535389052,False
HERC4,-0.18840339713982932,False
HERC5,-0.29754737210491916,False
HERC6,-0.029211762506624234,False
HERPUD1,-0.5443265841580109,False
HERPUD2,-0.9059509090427029,False
HES1,0.13601959107247427,False
HEXA,-0.040107249624180316,False
HEXB,-0.01709694022154703,False
HEXIM1,0.14259505553357085,False
HEXIM2,0.6060879696214212,True
HGD,0.13789383795345278,False
HGF,-1.091891832768866,False
HGFAC,0.24885231850440123,False
HGS,0.9493669368400561,True
HIBADH,-1.1189704367414093,False
HIBCH,-1.0661785778086563,False
HIC1,-1.1715227072005854,False
HIF1AN,-0.5080740994830005,False
HIGD1A,-0.11807740073126766,False
HIGD2A,0.16381527454746694,False
HINT1,0.23412583425371544,False
HINT2,0.03062296020231568,False
HINT3,-0.3605657282665907,False
HIP1,-0.036084191467476066,False
HIP1R,-0.057352388975747036,False
HIRA,-0.5220375251169594,False
HIRIP3,0.5740360579354582,True
HIVEP1,-0.11727066124647195,False
HIVEP2,-0.8101747323811923,False
HK1,1.0595557295943085,True
HK2,0.08473655132914489,False
HK3,0.377537817295055,False
HLA-A,0.3759165174383475,False
HLA-B,0.3251309035256754,False
HLA-C,0.6111321258079195,True
HLA-DMA,-0.3276316852753801,False
HLA-DMB,0.08657935887100696,False
HLA-DPA1,0.006389091192269654,False
HLA-DPB1,0.05652001334167207,False
HLA-DQA1,0.4198076726698156,False
HLA-DQB1,0.5043617337629246,True
HLA-DRA,0.17071930593182197,False
HLA-DRB1,0.22605445297901713,False
HLA-DRB5,0.17541180905828122,False
HLA-E,-1.0254035044807153,False
HLA-F,0.1121207001980204,False
HLCS,0.5921452543129867,True
HLTF,0.784012952208306,True
HM13,1.8336054701544984,True
HMBOX1,-0.45555185698640055,False
HMBS,0.8031914580880523,True
HMCN1,-0.6327993626322898,False
HMG20A,-0.19656767571049802,False
HMG20B,1.1021537448762806,True
HMGA1,1.405542712236257,True
HMGB1,-0.04577076400912941,False
HMGB2,1.0715373206805732,True
HMGB3,1.9603199250089915,True
HMGCL,-0.10760561901882819,False
HMGCS1,0.6774254254000548,True
HMGCS2,-0.8206661056620159,False
HMGN1,1.592651844984665,True
HMGN2,0.9971114994042303,True
HMGN3,-0.6639516523869425,False
HMGN4,-0.10075975636643784,False
HMGN5,-0.09560707063494285,False
HMGXB4,0.46587419429761684,False
HMMR,3.1257679878960145,True
HMOX1,0.6486746643442715,True
HMOX2,1.3054003299393075,True
HMX3,0.34216556079350385,False
HNMT,-1.3058896399922892,False
HNRNPA0,0.24531296810069358,False
HNRNPA1,0.006740543652202109,False
HNRNPA2B1,1.8056339547457882,True
HNRNPA3,0.28615353701136725,False
HNRNPAB,1.940407687236648,True
HNRNPC,1.7153336113296809,True
HNRNPD,0.3192637749554488,False
HNRNPF,1.8711228056585913,True
HNRNPH1,-0.05955053444321978,False
HNRNPH2,0.21369693737102613,False
HNRNPH3,-0.6386498381046254,False
HNRNPK,1.3523663955899456,True
HNRNPL,1.6183723506576924,True
HNRNPM,0.8972126222776015,True
HNRNPR,0.9943015017259242,True
HNRNPU,1.9855583166627886,True
HNRNPUL1,0.6347842634254832,True
HNRNPUL2,0.06379254276761698,False
HOMER1,-0.21180095863825718,False
HOMER2,0.08599025284476448,False
HOMER3,0.8403264082027708,True
HOMEZ,0.4090909196023712,False
HOOK1,1.2882480626748767,True
HOOK2,-0.9371752772192135,False
HOOK3,-0.6870109253003408,False
HOPX,0.7297962129738584,True
HOXB3,-0.1436771518367465,False
HOXC10,0.6923033028989075,True
HOXC9,0.19335483242948037,False
HOXD8,-0.7779615065172721,False
HOXD9,-1.3930578219298921,False
HP,-0.7948930414818609,False
HP1BP3,-0.7593321615899694,False
HPCAL1,0.54953073447105,True
HPGD,-0.776938152077194,False
HPGDS,-0.8672921464789597,False
HPR,-1.5148062802680669,False
HPRT1,1.6366589729972236,True
HPS1,-0.8073019537594012,False
HPS3,0.8250822085168401,True
HPS4,-0.6476318132766815,False
HPS5,-1.6136564813312873,False
HPS6,0.3739709604586488,False
HPX,0.30243639775079606,False
HRAS,0.5478091815263576,True
HRG,0.113016631732542,False
HS1BP3,0.7120623584285659,True
HS2ST1,-0.05709986447736063,False
HS6ST1,0.8766772672231687,True
HSBP1,0.6287312038289634,True
HSCB,-0.3352548056244694,False
HSD11B1,-1.5224069708664423,False
HSD11B2,0.6544432567071576,True
HSD17B10,1.246968626821106,True
HSD17B11,-1.675619660970747,False
HSD17B12,-0.5786506743830535,False
HSD17B4,-0.38229818185337805,False
HSD17B7,1.6036141160732347,True
HSD17B8,-0.281562903922647,False
HSD3B7,0.4423401676600307,False
HSDL1,0.010619583880959545,False
HSDL2,-1.0076997819920595,False
HSF1,0.7142282294022397,True
HSP90AA1,0.6539941069091307,True
HSP90AB1,0.9218715467384282,True
HSP90B1,0.7136503621633014,True
HSPA12A,-1.395015141761886,False
HSPA12B,-1.7535856019512575,False
HSPA13,0.7047995393638693,True
HSPA14,1.1205448450669842,True
HSPA1L,0.11989076480682065,False
HSPA2,0.15892962519114523,False
HSPA4,1.1872217478970657,True
HSPA4L,-0.4995581720249786,False
HSPA5,1.400771651587643,True
HSPA6,0.6626424116580671,True
HSPA8,0.6601548640565111,True
HSPA9,0.9819796028631862,True
HSPB1,0.8386249059993551,True
HSPB6,-2.847199380288158,False
HSPB7,-2.6782317990225697,False
HSPB8,-0.7043863199648596,False
HSPBAP1,-0.50548305025869,False
HSPBP1,1.0428794718806058,True
HSPD1,0.9250515716965397,True
HSPE1,1.6276676243101382,True
HSPG2,-0.7859399048302159,False
HSPH1,1.120804463724839,True
HTATIP2,0.5689756133741536,True
HTATSF1,0.32115822071554445,False
HTRA1,-0.39677736035137906,False
HTRA2,0.23142202175686788,False
HTRA3,0.258562732602929,False
HTT,-0.07547020130358506,False
HUS1,0.5085903694982303,True
HUWE1,0.2290171801303992,False
HVCN1,-0.4522941091545114,False
HYI,-0.7731785586978394,False
HYOU1,1.0664155690385035,True
IAH1,0.2831819694635269,False
IARS2,0.8636088604668295,True
IBTK,0.06528224456443094,False
ICA1,0.7699570313067913,True
ICAM1,0.17888379755816206,False
ICAM2,-1.8502809765992643,False
ICAM3,0.2879949606775103,False
ICAM5,-1.124469490559505,False
ICMT,0.2305255127075324,False
ICOSLG,0.22412437910845007,False
IDE,0.6756962721748683,True
IDH1,-0.5875188907555569,False
IDH2,1.3507641001006017,True
IDH3A,-0.14461963070301867,False
IDH3B,-0.1122447352428539,False
IDH3G,0.22678811685883735,False
IDI1,0.3921924504455113,False
IDO1,0.26047130595058654,False
IDS,-0.6091106980822469,False
IDUA,0.08684734404505073,False
IER3IP1,1.238947186231041,True
IFFO1,-0.9136565551180947,False
IFI16,-0.7893719542915025,False
IFI30,1.6139002868617673,True
IFI35,0.6030866365976864,True
IFI44,0.32694626521150116,False
IFI44L,0.19797746179435197,False
IFIH1,0.5490685465889183,True
IFIT1,0.3941654221195629,False
IFIT2,0.3977614015614572,False
IFIT3,0.3596485816693854,False
IFIT5,0.07164879381951898,False
IFITM1,0.48228694816682904,False
IFITM3,0.12652646958289177,False
IFNGR1,-1.6612052979938878,False
IFRD1,-0.8340442016546704,False
IFRD2,0.05084344231496932,False
IFT122,0.4640897059344356,False
IFT140,0.5718101503766586,True
IFT172,-0.27819563467583397,False
IFT20,0.49823431030473775,False
IFT27,0.034214235812684665,False
IFT46,-0.23207708414367229,False
IFT52,0.14932808708631704,False
IFT57,-0.44934209463304825,False
IFT74,0.030083129394533357,False
IFT80,0.1971161693067327,False
IFT81,0.47387110246965086,False
IFT88,0.19937392487238836,False
IGBP1,-0.7173953664847486,False
IGF1,-1.6939623133018764,False
IGF1R,0.1338368590036387,False
IGF2,-1.2807113854752803,False
IGF2BP1,0.8982809347699939,True
IGF2BP2,-1.134356085821814,False
IGF2BP3,0.32337926576758497,False
IGF2R,-0.4269566822225442,False
IGFALS,0.6653543696661398,True
IGFBP2,0.16959272715782694,False
IGFBP3,-0.8602280966913479,False
IGFBP4,-0.47797613178342313,False
IGFBP5,-0.28086896075166223,False
IGFBP6,-3.1138594761329985,False
IGFBP7,0.026073280618300974,False
IGHMBP2,-0.01668364225556719,False
IGLL1,-0.09826725361482905,False
IGSF1,-1.0437493173533317,False
IGSF3,0.9026916039650505,True
IGSF8,1.1503467353317236,True
IK,0.05301680910263816,False
IKBIP,-0.18210111924683273,False
IKBKB,0.16877619017597975,False
IKBKE,1.230027617990832,True
IKBKG,0.32761124705979044,False
IKZF1,-0.047272641942378395,False
IKZF2,-0.012669287093345128,False
IKZF3,0.16227824982865105,False
IKZF5,-0.7416985790950481,False
IL16,-0.7858292808404509,False
IL17RA,-0.7132528296126561,False
IL18,0.7476783382822131,True
IL1RAP,-0.7747083149122439,False
IL1RN,0.46950515116048636,False
IL33,-1.9981440643198585,False
IL4I1,1.4276958985169685,True
IL6ST,-0.3885680313928303,False
ILF2,1.5224784529106272,True
ILF3,0.8898660690398733,True
ILK,-0.7918788794435908,False
ILKAP,0.4177909388600809,False
IMMT,0.8553027804559754,True
IMP3,0.25583875679400786,False
IMP4,0.6536281292487777,True
IMPA1,0.07099334090665009,False
IMPA2,-0.1378681718173767,False
IMPACT,-0.3275116837883725,False
IMPDH1,0.9484064047516693,True
IMPDH2,-0.36219758262792723,False
INCENP,1.211004423122972,True
INF2,-0.15871392169229415,False
ING1,0.35629185290141063,False
ING2,0.5376770369481709,True
ING3,-1.3980997970863709,False
ING4,-0.41147751695964246,False
ING5,-0.9388174440226964,False
INHBA,2.5944344446065224,True
INO80,-0.7063975081472585,False
INO80B,0.30964075604160496,False
INO80C,0.1104990238207845,False
INO80E,0.7005723953550287,True
INPP1,-1.8145565582220846,False
INPP4A,-0.21991229865857898,False
INPP4B,-0.06361008693393531,False
INPP5A,-1.0309391886394614,False
INPP5B,-1.1675803661903401,False
INPP5F,-0.26845156324067165,False
INPP5J,0.21117297992206488,False
INPP5K,-1.3838389793043664,False
INPPL1,0.6721028748285498,True
INSR,-0.2762459235844786,False
INTS1,0.2790902834241833,False
INTS10,-0.802112954850604,False
INTS12,0.34812815937631075,False
INTS2,0.21600222358399418,False
INTS3,0.5140090289876257,True
INTS4,0.3572200875186774,False
INTS5,0.48174152179908947,False
INTS6,0.12100423021675105,False
INTS7,2.139946901400882,True
INTS8,1.3890281865215508,True
INTS9,-0.02078385621801045,False
IP6K1,-0.5687779106698561,False
IPCEF1,-0.3482704508999503,False
IPMK,-0.22525375172373385,False
IPO11,-0.37258515211053755,False
IPO13,0.8095939475372232,True
IPO4,1.18092308196494,True
IPO5,-0.6970414531420729,False
IPO7,0.42625043946629343,False
IPO8,-0.3749572416299295,False
IPO9,1.3110761679451635,True
IQCB1,-0.08273308484993298,False
IQCE,0.8474169532868173,True
IQGAP1,-0.15778715226738793,False
IQGAP2,-0.5413918282235033,False
IQGAP3,3.2342366102868323,True
IQSEC1,-1.1711493503343249,False
IQSEC2,0.42790553718420515,False
IRAK1,0.7796580533318913,True
IRAK3,-1.2561866217120259,False
IRAK4,0.02401374584118188,False
IREB2,-0.5370369942990746,False
IRF1,0.5028347804245736,True
IRF2,-0.3959245463938444,False
IRF2BP1,0.43248038066257766,False
IRF2BP2,0.2682872147034119,False
IRF3,0.3151342607232428,False
IRF4,-0.6304576261436944,False
IRF5,0.7905115256241417,True
IRF6,0.48946188022678017,False
IRF7,1.428112581653856,True
IRF8,-0.29233972645077605,False
IRF9,1.0258473228453404,True
IRGQ,0.46619626645536383,False
IRS1,-0.8880073284866999,False
IRS2,-1.5742896187137294,False
IRX2,-0.5273813940818916,False
IRX3,0.42234474576643427,False
IRX5,0.9991094334908011,True
ISCA1,-1.012341038394967,False
ISCA2,0.38507217939489435,False
ISCU,-1.5558289277273167,False
ISG15,1.4851033271025529,True
ISG20,0.6921678946225841,True
ISG20L2,1.5977811015519212,True
ISLR,-0.44939369003949076,False
ISOC1,0.14722675388165093,False
ISOC2,1.0502487103593248,True
ISY1,-0.027385040132620247,False
ISYNA1,0.5921543865174799,True
ITCH,-0.10983788893503778,False
ITFG1,-0.38416376268781693,False
ITFG2,-0.8741448383527196,False
ITGA1,-1.1245135216025537,False
ITGA11,0.4066424155212735,False
ITGA2,-0.35586051548179337,False
ITGA3,-0.5544890375212725,False
ITGA4,0.3726246026709493,False
ITGA5,0.2160404040661339,False
ITGA6,-1.194908477446274,False
ITGA7,-2.6538828583978757,False
ITGAL,0.5235814458119366,True
ITGAM,0.2138836304887708,False
ITGAV,0.14589846672489287,False
ITGAX,0.9402391908434022,True
ITGB1,-1.0039612397153883,False
ITGB1BP1,-1.7934540658731946,False
ITGB2,0.46160052626544185,False
ITGB3,-0.987005585689594,False
ITGB4,-0.7065940109269526,False
ITGB5,0.03704757406622589,False
ITGB6,-0.09606605862938089,False
ITGBL1,0.23300173157239693,False
ITIH1,-0.07710204041598744,False
ITIH2,-1.7337540418134467,False
ITIH3,-1.3129148062439542,False
ITIH4,-0.8500441887103606,False
ITM2B,-1.4521414103895067,False
ITPA,1.0307239830106483,True
ITPK1,-0.21156476984456773,False
ITPKB,-0.7259329214939468,False
ITPKC,-0.6076990528613871,False
ITPR1,-1.0259572265700736,False
ITPR2,-0.7527629971599283,False
ITPR3,0.9040122779268795,True
ITSN1,-2.118900533738874,False
ITSN2,-0.7898586830374678,False
IVD,-0.21178205397239527,False
IVL,0.3637954111912986,False
IVNS1ABP,-0.019328049980183042,False
IWS1,0.37913408400264476,False
JAG1,-0.8841793149467667,False
JAGN1,0.139865132470448,False
JAK1,-1.1696421501973457,False
JAK2,-0.7358780917046615,False
JAK3,0.041325080009270286,False
JAM3,-1.6655493695954544,False
JMJD1C,-1.3259197257198567,False
JMJD4,1.0996162784997625,True
JMJD6,-0.024463037791219635,False
JMJD8,0.6215643855826883,True
JMY,-0.8875161152986307,False
JOSD2,0.6648217209921355,True
JUN,-1.786159890598068,False
JUNB,-0.951938467067179,False
JUND,-1.0851265125958087,False
JUP,0.8968158281927368,True
KALRN,-1.3680469722391826,False
KANK1,-2.267325484013139,False
KANK2,-1.5999989619051884,False
KANK3,-2.514287121879373,False
KANK4,-0.7680824565314107,False
KAT2A,0.1838271902228168,False
KAT5,-0.3527903053501414,False
KATNA1,-0.46486006900453164,False
KATNAL1,-1.3918787232779926,False
KATNB1,-0.254610761447399,False
KBTBD11,-0.9627505678647589,False
KBTBD2,-0.4114883577833668,False
KBTBD4,0.16744623559001884,False
KBTBD7,-0.37563792953930153,False
KCMF1,0.04310548896852913,False
KCNAB2,0.18878636839050741,False
KCNMA1,-0.6766533532321077,False
KCTD1,-0.09230499681423351,False
KCTD10,-1.5897224336557447,False
KCTD12,-1.9930582456253039,False
KCTD14,-1.473438223002493,False
KCTD15,0.5550194544966549,True
KCTD17,0.5930779996217141,True
KCTD18,-0.9505885166272817,False
KCTD2,-0.7546872621576921,False
KCTD20,-0.576000728505895,False
KCTD21,0.3346505860332854,False
KCTD3,0.642531598591503,True
KCTD5,1.9070008676011512,True
KCTD6,0.5189341128714434,True
KCTD7,-0.9738830220143646,False
KCTD9,-1.308073263775819,False
KDM1A,0.8861337424039466,True
KDM1B,0.7018979459092047,True
KDM2A,0.31165926968244057,False
KDM2B,0.706473442983181,True
KDM3A,0.0801894314395391,False
KDM3B,-0.4761919927368256,False
KDM4A,0.4513859218470935,False
KDM4B,0.8230478996158435,True
KDM5A,-0.17619683935410346,False
KDM5B,1.6394903892854062,True
KDM5C,0.7620999279904402,True
KDM6A,-0.33319283491003476,False
KDM6B,-0.6828332313663489,False
KDSR,-1.0183302201451099,False
KEAP1,0.5448232986134453,True
KERA,-0.2782902438024668,False
KHDRBS1,0.7381456671829895,True
KHDRBS3,-0.5167020777046101,False
KHK,-0.08498698541323266,False
KHNYN,-0.39890147558586647,False
KHSRP,0.6733559329986276,True
KIAA0232,-0.5463376318752735,False
KIAA0319L,0.45500487210684215,False
KIAA0513,0.38579968607322807,False
KIAA0753,-0.21144297577145968,False
KIAA1143,-0.8800551377926038,False
KIAA1191,-0.22434268583861025,False
KIAA1210,-0.30675533058541876,False
KIAA1217,-0.6360762351526565,False
KIAA1328,-0.9758574624211926,False
KIAA1671,-1.1912553479313268,False
KIAA2013,0.39067481374341123,False
KIDINS220,-1.0173708591146893,False
KIF11,2.7686439485770147,True
KIF12,0.36093322968371,False
KIF13A,-1.0807729293334998,False
KIF13B,-0.4141189843798817,False
KIF14,2.7330840516923884,True
KIF15,2.3972552649465895,True
KIF16B,0.11117028253924781,False
KIF18B,2.748090928521714,True
KIF1A,0.4901858058252561,False
KIF1B,-0.9628557129618063,False
KIF1C,-1.0871321806114285,False
KIF20A,3.1467091759468393,True
KIF20B,1.1932350125794235,True
KIF21A,1.0112154831204974,True
KIF22,2.07445588381062,True
KIF23,2.7177400802475526,True
KIF24,2.083014691222995,True
KIF26B,2.1686266396951797,True
KIF2A,0.09296638724471162,False
KIF2C,2.7317806769572592,True
KIF3A,0.469362431859668,False
KIF3B,0.6126502429795846,True
KIF3C,0.23296772679104907,False
KIF4A,3.538654036232077,True
KIF5A,-0.6567984460167573,False
KIF5B,0.015281276057505509,False
KIF7,-0.79613051867725,False
KIFAP3,0.7907472335965606,True
KIFC1,2.6631963981905464,True
KIN,0.4258706572861406,False
KLC1,-1.0074390862227343,False
KLC2,1.3698461885879474,True
KLC3,0.3287885594667642,False
KLC4,-0.21980764135932299,False
KLF12,-0.535803337711067,False
KLF13,-1.3005950110817417,False
KLF16,1.089368800318873,True
KLF3,-0.8737327608149736,False
KLHDC10,-0.19737350754393104,False
KLHDC2,-0.7679369208456887,False
KLHDC3,-0.13971327864300206,False
KLHDC4,0.03338065407549772,False
KLHDC7A,-0.3261099540655635,False
KLHDC8B,-1.2041789580528932,False
KLHL11,-0.009720431292834899,False
KLHL12,1.1522709183274178,True
KLHL20,-0.9321066297065134,False
KLHL22,-0.15584608472137942,False
KLHL25,-0.22588140548481495,False
KLHL26,-0.2732113678972978,False
KLHL36,-0.687302387769769,False
KLHL7,-0.5248525911191587,False
KLHL9,-0.36983530974489187,False
KLK14,-0.5903234856203734,False
KLK6,-0.948912101356691,False
KLKB1,-1.0071016592265079,False
KLRG2,0.5692486756215581,True
KMO,0.7699503267419583,True
KNG1,0.34017777525418785,False
KNTC1,1.5074957533414577,True
KPNA1,0.7312727174682226,True
KPNA2,2.177513791647093,True
KPNA3,-0.3049521600661221,False
KPNA4,0.3242240136090892,False
KPNA6,0.02604114819410084,False
KPNB1,0.9293058990102776,True
KPTN,0.8392031261345204,True
KRAS,1.1539419641256492,True
KRI1,0.6334058321091828,True
KRIT1,-0.36447896975981914,False
KRR1,0.2714226107146247,False
KRT1,-0.4969440440623916,False
KRT10,0.49186688425849684,False
KRT14,-1.3011473169933383,False
KRT15,-0.9625082968639441,False
KRT16,-0.5756234147887287,False
KRT18,1.5396578274380255,True
KRT19,1.3820759129671292,True
KRT23,-0.35653236341886135,False
KRT24,0.1420140343304226,False
KRT4,-0.2441973495280166,False
KRT5,-1.1957811850451343,False
KRT6A,-0.36365162651088795,False
KRT6B,-0.6947797667594938,False
KRT7,-0.03193095033599193,False
KRT75,0.5735468577318192,True
KRT77,-0.5480266773103762,False
KRT79,-1.0392998655976924,False
KRT8,1.6696898604052668,True
KRT80,0.47247037577784884,False
KRT81,-0.29670167171500295,False
KRT84,-0.19121896992726964,False
KRT9,-0.6654262366037161,False
KRTCAP3,0.6156203630776086,True
KSR1,-1.1997809159884676,False
KTI12,0.45890355643223685,False
KTN1,-0.09311023127339575,False
KYNU,-0.08740860980525882,False
L2HGDH,0.7608255083302582,True
L3MBTL2,0.35449303411486216,False
L3MBTL3,-0.6543325445226483,False
LACTB,0.5493640519857248,True
LACTB2,0.2718109705847331,False
LAD1,0.5124475650880339,True
LAGE3,1.901571663930641,True
LAIR1,-0.5945643187394831,False
LALBA,-1.3392160922537992,False
LAMA1,-1.0049558009027373,False
LAMA2,-1.4104590969919168,False
LAMA3,-1.4428678477012353,False
LAMA4,-1.4001506953148093,False
LAMA5,-0.06646413908685096,False
LAMB1,-0.4995407460612617,False
LAMB2,-0.9975336821591435,False
LAMB3,-1.5144587364179782,False
LAMC1,-1.3552300630848022,False
LAMC2,-0.9204868553180352,False
LAMP1,-0.005105950259574529,False
LAMP2,0.25134911970805396,False
LAMP3,0.5635999617282444,True
LANCL1,-0.7910756502405619,False
LANCL2,-0.1208662482468901,False
LAP3,0.24814460960116544,False
LARP1,0.6862929180376707,True
LARP1B,0.7084737228145225,True
LARP4,1.0449539568515611,True
LARP4B,1.0002017118381121,True
LARP6,-1.9660221036738963,False
LARP7,-0.36127481604210165,False
LARS2,0.5810676630288382,True
LAS1L,1.035357091031617,True
LASP1,0.61709422168292,True
LATS1,-0.5439497735285962,False
LBH,-0.8108437949498397,False
LBP,-0.5530938548511531,False
LBR,-0.3152191984605793,False
LCAT,-1.8448910892675678,False
LCK,0.09085688729842072,False
LCLAT1,1.178294770008819,True
LCMT1,1.2342403929973704,True
LCMT2,0.4543532999255343,False
LCN2,-0.3797087811295636,False
LCP1,0.22825106752121244,False
LCP2,0.2656880022978,False
LDB1,0.33063329481797366,False
LDB3,-1.4935995217271774,False
LDHA,0.8059263794074762,True
LDHB,-1.2418650158368598,False
LDHD,-1.2630837827507448,False
LDLR,-0.36138789620942396,False
LDLRAP1,0.057925320421155904,False
LECT2,0.21059175178481176,False
LEF1,1.582778663986545,True
LEMD2,0.9915682600015326,True
LEMD3,-0.31621397083135655,False
LENG1,0.2342475956933681,False
LENG8,-1.1889107413893154,False
LENG9,0.19024435923782249,False
LEO1,1.141386558996577,True
LETM1,0.9028277815677637,True
LETMD1,-1.9435715437904495,False
LFNG,0.18618692510104037,False
LGALS1,-0.4641203363914438,False
LGALS2,-0.2569885446292191,False
LGALS3,-1.141642513486633,False
LGALS3BP,0.40802156386055655,False
LGALS7,-0.8455874741253527,False
LGALS8,0.6796520491791694,True
LGALS9,0.5550200775128904,True
LGMN,-0.6538296194283084,False
LHPP,-0.2631836493619244,False
LIAS,-1.334601829351383,False
LIG1,1.6091472837086276,True
LIG3,1.420115233501976,True
LIG4,-0.5949923834004659,False
LILRB1,0.5635190405801914,True
LILRB4,0.7739034649552371,True
LIMA1,-0.9909705247522042,False
LIMCH1,-1.142428197065817,False
LIMD1,0.672519075979186,True
LIMD2,0.8316605342464372,True
LIMK1,1.4505373522049791,True
LIMK2,-0.28493945331445836,False
LIMS2,-2.5686736120427183,False
LIN37,0.621000176696818,True
LIN52,-0.6176090886684718,False
LIN54,0.5642816922626653,True
LIN7A,-0.5282719758043816,False
LIN7C,-0.11139116325266928,False
LIN9,1.2449438095056884,True
LIPA,-0.6599105324432452,False
LIPE,-2.5531233464078444,False
LIPT2,-0.11084016754340761,False
LIX1L,-1.6615017594890686,False
LLGL1,-0.28436945614481896,False
LLGL2,2.059114965373585,True
LLPH,0.6820585418553321,True
LMAN1,0.658980701712801,True
LMAN2,1.185699777858515,True
LMAN2L,0.1816165479364845,False
LMBRD1,-1.5371795542699027,False
LMBRD2,0.14364246871658629,False
LMCD1,-0.3381012654152492,False
LMF2,0.10484024222321528,False
LMNA,-0.5722383262451426,False
LMNB1,2.624241691713859,True
LMNB2,1.5809822857936884,True
LMO4,-0.38813077746723573,False
LMO7,0.7732787491252172,True
LMOD1,-2.6510565946503655,False
LMTK2,0.018108218049564438,False
LMX1B,0.4656077028988817,False
LNPEP,-0.37867142829788863,False
LNX1,-0.2223336143395555,False
LNX2,0.7013343971728178,True
LONP1,0.726664611504948,True
LONP2,-0.0016297624942637808,False
LONRF2,-0.11506413394565812,False
LOX,-0.1413431854105526,False
LOXL1,1.105735021654783,True
LOXL2,0.32786465987968416,False
LOXL3,0.3127273450093325,False
LPA,-0.3037881594237542,False
LPCAT1,1.313196635888702,True
LPCAT2,-1.6163347688546184,False
LPCAT3,0.24885516454218856,False
LPGAT1,0.392772820759302,False
LPIN1,-1.3606933548196884,False
LPIN2,-0.181172577523563,False
LPIN3,-0.6757743348481329,False
LPL,-2.73699376456816,False
LPP,-0.7356384898195609,False
LPXN,0.39793708400515554,False
LRBA,0.6073070029686846,True
LRCH1,-1.4654354128101514,False
LRCH2,-1.4853354855695076,False
LRCH3,-0.6475878175870634,False
LRCH4,0.6495523655221818,True
LRG1,0.3228263063320081,False
LRIG1,-0.6414799523539982,False
LRP1,-1.5969797118768934,False
LRP10,-0.3555723938685916,False
LRP11,0.4897669422586209,False
LRP2,-0.3005647375423097,False
LRPAP1,0.14848140084494543,False
LRPPRC,0.4769369872869941,False
LRRC1,1.279093289093782,True
LRRC14,0.6032751137081417,True
LRRC15,2.0216648196943123,True
LRRC17,-0.39443752664172643,False
LRRC20,0.685084849630241,True
LRRC25,-0.08711969252323952,False
LRRC40,-0.08240733403407308,False
LRRC41,0.24224467151384652,False
LRRC42,0.841689568311493,True
LRRC45,1.3804506315436376,True
LRRC47,-0.0766384234685069,False
LRRC57,-0.15105700646964124,False
LRRC58,0.13861191126203007,False
LRRC59,1.5790364635764234,True
LRRC8A,-0.6381862723585339,False
LRRC8D,0.4084341438986545,False
LRRC8E,1.4177432126629104,True
LRRCC1,1.0272363542779894,True
LRRFIP1,0.3712458329618401,False
LRRFIP2,0.3864255384847649,False
LRRIQ1,-0.4052499140344773,False
LRRK1,-0.6256482855493083,False
LRRK2,-0.9175538041210161,False
LRSAM1,0.6616523108887131,True
LRWD1,1.6345903689516876,True
LSG1,1.244888566398652,True
LSM1,0.7379176331838263,True
LSM12,1.1467661349759086,True
LSM14A,0.2958689043730435,False
LSM14B,1.5134837456140537,True
LSM2,0.7328974693392193,True
LSM3,0.8047184310211474,True
LSM4,1.9088628705297341,True
LSM5,0.7144140038282708,True
LSM6,-0.7755195421968212,False
LSM7,0.9510774648503869,True
LSP1,-0.3739146069767733,False
LSR,1.8464955477735558,True
LSS,-0.5082169106410371,False
LTA4H,-0.555025367793328,False
LTBP1,-0.055755873282088475,False
LTBP2,-1.2060777934767024,False
LTBP3,-0.7160805696655963,False
LTBR,0.42676640753960743,False
LTF,-0.6995931251527214,False
LTV1,-0.046470882680015854,False
LUC7L,0.26725223057785896,False
LUC7L3,0.008752520201197246,False
LUM,0.25996414289084707,False
LUZP1,-1.381156150640084,False
LXN,-0.5645439637553944,False
LY6D,-0.8785611610333105,False
LY6E,0.40295430741226396,False
LY75,-1.0023311053795716,False
LY86,0.4575352321195068,False
LY96,-0.40535699288498755,False
LYAR,0.039767047040861134,False
LYN,-0.47646105345381573,False
LYPD3,0.7465609472236475,True
LYPLA1,1.2234493270756972,True
LYPLA2,1.338162966579504,True
LYPLAL1,0.6109669421175888,True
LYRM1,-0.8122085478771016,False
LYRM2,-0.0689607239603492,False
LYRM4,-0.5130974412049667,False
LYRM7,-1.2714438058149347,False
LYSMD1,0.9881593277663917,True
LYSMD2,-0.18512469828375255,False
LYST,-0.6649155404218707,False
LYVE1,-3.4132500411110556,False
LYZ,0.5850759807336433,True
LZIC,0.17838024134847302,False
LZTFL1,-0.2240213032317058,False
LZTR1,-0.3585188820803458,False
LZTS1,-0.6943341530130216,False
LZTS2,-0.3149357889782481,False
M6PR,0.41473439751673313,False
MACC1,0.10425101537963789,False
MACF1,-0.611512070978186,False
MACROD1,0.27071753787024533,False
MACROD2,-0.6225528419092712,False
MAD1L1,0.37260786295757675,False
MAD2L1,2.1559380982022844,True
MAD2L1BP,1.277961535793024,True
MAD2L2,0.923329601724725,True
MADD,0.06470297920617722,False
MAEA,0.29720557166788153,False
MAF1,0.06479411604930584,False
MAFB,-0.38192470356893543,False
MAFF,-1.8926271546205182,False
MAFG,-0.7475124569031965,False
MAFK,-0.8650994609538759,False
MAGEA4,0.27241355489301533,False
MAGED1,1.1226273273329084,True
MAGED2,0.8873822874479401,True
MAGI1,-1.4224241049748787,False
MAGI2,-0.7548779430624117,False
MAGI3,0.43932963485542803,False
MAGOHB,1.1952577668122037,True
MAGT1,0.39211184701911167,False
MAK16,-0.12940171109041612,False
MALT1,-0.5701411974203521,False
MAMDC2,-2.464399330133375,False
MAML1,0.10508633534776046,False
MAML2,-1.9873777761397962,False
MAN1A1,-0.6703607792516046,False
MAN1A2,-0.19638350087118792,False
MAN1B1,0.7223467237085309,True
MAN2A1,-0.079060183199267,False
MAN2A2,-1.5736122045709549,False
MAN2B1,0.6030180910858501,True
MAN2B2,-0.033725807634523035,False
MAN2C1,-1.5273473754822915,False
MANBA,0.26129043148349207,False
MANBAL,-0.024171529707222646,False
MANF,1.7148635245167807,True
MANSC1,0.08646696034808629,False
MAOA,-2.051271624021948,False
MAOB,-1.0437937825882768,False
MAP1A,-0.8417739887477709,False
MAP1B,-1.3285241943746766,False
MAP1LC3B2,-0.6663791643157605,False
MAP1S,0.5526337371872693,True
MAP2,-1.035606720557515,False
MAP2K1,-0.41161011040938056,False
MAP2K2,0.4461979517644223,False
MAP2K3,-0.5925489944919138,False
MAP2K4,-0.218096772352834,False
MAP2K5,-1.396273483771253,False
MAP2K6,-1.021720948110722,False
MAP2K7,-0.3941519490827633,False
MAP3K1,-0.03234900891710788,False
MAP3K10,0.4709368195897601,False
MAP3K11,0.0005405879598733941,False
MAP3K2,0.20626739256438947,False
MAP3K3,-1.5177016523151883,False
MAP3K4,-0.8712555318575521,False
MAP3K5,-1.2392896399916504,False
MAP3K6,-0.8791002594675867,False
MAP3K7,-0.14602197755249838,False
MAP3K8,-1.3781052554912296,False
MAP4,-1.0773326079129055,False
MAP4K1,0.4134252665434979,False
MAP4K2,0.5900292636154636,True
MAP4K3,-0.11794266273068456,False
MAP4K4,-0.36800497972423984,False
MAP7,1.1393233618057679,True
MAP7D1,-0.9166703314476784,False
MAP7D3,-1.864505361435555,False
MAP9,-0.10439188299277133,False
MAPK1,-0.3564805908413097,False
MAPK11,-0.944310147032116,False
MAPK12,-0.19572348387316849,False
MAPK13,1.7181923808995379,True
MAPK14,-0.6205612300568311,False
MAPK3,-0.313291356286048,False
MAPK7,-0.4840028868656941,False
MAPK8,-0.17603799179936402,False
MAPK8IP3,0.14944500006661096,False
MAPK9,0.6149252755923329,True
MAPKAP1,-0.27442797653439127,False
MAPKAPK2,1.3935363897922624,True
MAPKAPK3,0.6341711341763793,True
MAPKBP1,-1.6082118307134778,False
MAPRE1,0.800619452311636,True
MAPRE2,-0.7836785670991936,False
MAPRE3,-0.8321634776404436,False
MAPT,-0.0891030561320705,False
MARCKS,-0.31172656378784724,False
MARCKSL1,1.9669557152890889,True
MARK1,-1.05882457426443,False
MARK2,1.0364492747458773,True
MARK3,0.07211617225106484,False
MARK4,0.741521835855602,True
MARS2,0.6621647418987319,True
MARVELD2,1.3312755266847522,True
MASP1,-2.844415306750803,False
MASP2,-1.6199420228181531,False
MAST2,1.0580127693995083,True
MAST3,-0.47344102285642614,False
MAST4,-0.7172141737964768,False
MASTL,0.9551524451331159,True
MAT1A,-0.027503351769291157,False
MAT2A,0.01584601246190936,False
MAT2B,-0.7820195005768359,False
MATN2,-2.26955806302813,False
MATN3,1.3975257816375595,True
MATR3,0.06256985152701955,False
MAVS,-0.7468926064886934,False
MAX,0.1944370668997149,False
MAZ,2.391795930969818,True
MB,1.2044685455910695,True
MBD1,-0.6333473890399812,False
MBD2,-0.29756945690026837,False
MBD3,0.0002141455795972725,False
MBD4,0.7938261459245346,True
MBIP,-1.2264484481879532,False
MBL2,0.006490561538684686,False
MBLAC1,0.5280401462570686,True
MBLAC2,-0.8156283645930674,False
MBNL1,-1.7688071407510366,False
MBNL2,-1.5012466349051201,False
MBOAT1,0.45288962082442064,False
MBOAT2,1.5133003520561141,True
MBOAT7,1.800046971177963,True
MBP,-1.0174189556994866,False
MBTD1,-0.2647894272928576,False
MBTPS2,0.31441397837044976,False
MCAM,-2.2234357986010016,False
MCAT,0.6254907548268714,True
MCC,-1.0359154920360516,False
MCCC1,-1.0061770112835704,False
MCCC2,0.6340635222923067,True
MCEE,-0.4895361510527565,False
MCF2L,-0.1471646562183046,False
MCFD2,-1.1343006719776774,False
MCL1,-0.7383856902000955,False
MCM2,1.8835776369752015,True
MCM3,1.190107363609565,True
MCM3AP,0.14956004151182514,False
MCM4,1.7916470260955821,True
MCM5,0.6496388445879514,True
MCM6,1.298578555971889,True
MCM7,0.6241245492171585,True
MCRS1,0.6603636604523225,True
MCTS1,0.5156722420293125,True
MDC1,0.37647015982223875,False
MDH1,-0.7657489032998241,False
MDH2,0.8323063964642202,True
MDK,0.8375989391222436,True
MDM4,0.18078411089431667,False
MDN1,-0.9537882994739677,False
MDP1,0.07123583376329536,False
ME1,-0.8285039273531538,False
ME2,0.4262824725950821,False
ME3,-1.2908850689989702,False
MEA1,1.018174257134469,True
MEAF6,1.0094192631891628,True
MECP2,-1.0336732963195012,False
MECR,-0.7198919829591468,False
MED1,0.22726309048420373,False
MED10,0.08126244194911439,False
MED11,-0.48561679692846244,False
MED12,-0.41040597659400124,False
MED13,0.18638773147363924,False
MED13L,-0.2535659849642225,False
MED14,0.987281164658277,True
MED15,-0.04915037381786248,False
MED16,0.2940641410050062,False
MED17,-0.2103972484436965,False
MED18,0.34635797821889464,False
MED19,0.8382160008613061,True
MED20,0.8082215016170088,True
MED21,0.14432320268010254,False
MED22,0.07057353943624883,False
MED23,-0.10522038470410627,False
MED24,0.44185917886506293,False
MED25,1.3469075651921376,True
MED26,0.6020098430719529,True
MED27,0.3195559608996212,False
MED28,-0.22130350853529177,False
MED29,0.6749957897307031,True
MED30,0.13955819626614036,False
MED31,-0.3771743555070946,False
MED4,-0.36926807543296697,False
MED6,0.20520148311806574,False
MED7,-0.4067207975117234,False
MED8,0.7221605466477854,True
MED9,-0.6216256109994247,False
MEF2A,-1.0126562480167498,False
MEF2C,-1.65882228469607,False
MEF2D,0.04510922595434421,False
MEGF6,-0.4908106269894259,False
MEGF8,-0.8682276844853363,False
MEGF9,-0.14253992629915013,False
MEIS1,-1.2991977323814368,False
MELK,2.89823345843712,True
MEMO1,1.0199817247182519,True
MEN1,1.3297761882283368,True
MEPCE,0.1555761719179771,False
MET,-1.5537292787445378,False
METAP1,-0.40091798245162313,False
METAP2,-0.1859935151514669,False
METRNL,0.1157717329097095,False
METTL1,1.308822742043625,True
METTL13,1.0571472415085887,True
METTL14,-0.6471726880797523,False
METTL2B,0.41453753591713965,False
METTL3,-0.15585224250017338,False
METTL5,-0.08006642565028871,False
METTL8,0.10612656720601253,False
METTL9,0.15686896031877012,False
MEX3A,1.212903857969663,True
MEX3D,1.0707532649063216,True
MFAP1,0.17819849802749133,False
MFAP2,1.6503452714544609,True
MFAP4,-1.8021679517076399,False
MFAP5,-0.9522316559485352,False
MFF,-0.20323586643719013,False
MFGE8,-1.325034755807372,False
MFN1,0.3522742965444432,False
MFN2,-0.6890679863552998,False
MFSD6,0.012974427409921257,False
MGA,-0.46409274672345896,False
MGAT1,-0.531668319955894,False
MGAT2,0.7600951120066763,True
MGAT5,-0.2636234393030861,False
MGLL,-1.8908396346302745,False
MGMT,-0.08878170256753534,False
MGP,-0.8834471548549669,False
MGRN1,1.4801804660898494,True
MGST1,-0.7386831683437791,False
MGST2,-0.34173995341338564,False
MGST3,-0.20922878302538056,False
MIA,-1.100679631777136,False
MIA3,0.5091089313562208,True
MIB1,0.04836007438252828,False
MIB2,-0.3804146715374076,False
MICAL1,0.40827337418143955,False
MICAL2,1.7287913032187796,True
MICAL3,-1.4365460525274072,False
MICALL1,-0.5917319933629565,False
MICALL2,1.0067108656781403,True
MID1,-1.5118587300996809,False
MID1IP1,0.159986398490271,False
MID2,-0.8964352865217966,False
MIER1,-0.4286600107354991,False
MIER2,-0.09805588476069182,False
MIER3,0.06572345678116215,False
MIF,1.5478547131305829,True
MIF4GD,0.43606346656397127,False
MINK1,-0.7989463765474368,False
MINPP1,0.5819532729346732,True
MIOS,0.23401508252765832,False
MIPEP,0.49151506347280793,False
MIS12,-0.4171760580348547,False
MITD1,-0.27076863369831344,False
MITF,-1.2370641500709878,False
MKI67,2.732551693472879,True
MKLN1,-1.0191007243566312,False
MKNK1,-0.949639870197784,False
MKNK2,-0.27134190804206765,False
MKRN1,0.6357027620722662,True
MKRN2,-0.3075853677674933,False
MLEC,0.20558436245032133,False
MLF2,1.0773198438086582,True
MLH1,0.2563233431362183,False
MLKL,-0.3650205676019584,False
MLLT1,0.33685254761587113,False
MLLT10,-0.611755051510688,False
MLLT11,1.1548308670120695,True
MLLT6,-0.6072031152372135,False
MLPH,0.4159778639142498,False
MLST8,1.3431262315749062,True
MLX,-0.45133585354594963,False
MLYCD,-1.6043763423316533,False
MMAA,-0.18953356023286486,False
MMAB,-0.6694715403126456,False
MMACHC,0.043324255947143855,False
MMADHC,0.020095713527951108,False
MME,-2.600234942652477,False
MMGT1,-0.9729250033780836,False
MMP1,1.8923062020325172,True
MMP10,1.084928092415965,True
MMP11,3.5823398292604094,True
MMP13,2.468037005529872,True
MMP14,0.8950077189230286,True
MMP15,0.12814190223991834,False
MMP19,-1.375978746622407,False
MMP2,-0.3421983287662391,False
MMP3,1.065866321544096,True
MMP7,-0.5011424387864535,False
MMP8,0.3672590644990023,False
MMP9,1.3941631596078683,True
MMRN1,-2.063274146400737,False
MMRN2,-2.3088567770619193,False
MMS19,-0.2770515053905672,False
MNAT1,0.16503344487388866,False
MNDA,0.32843012665816396,False
MNT,-0.2522000488629275,False
MOB2,-0.4719142639302489,False
MOCOS,0.2524490645762501,False
MOCS1,-2.380968140269224,False
MOCS2,-0.26512021352884774,False
MOCS3,1.1721892391760467,True
MOGS,1.229239808816664,True
MON1A,0.019476362706494336,False
MON1B,-0.4623016794582426,False
MON2,-0.7042242929203109,False
MORC2,0.9587156140982468,True
MORC3,-0.8629993335991777,False
MORF4L1,-0.548280514211485,False
MORF4L2,1.391957927295331,True
MOSPD2,-0.12907168540310396,False
MOV10,1.0760487307159605,True
MOXD1,0.5515253437942149,True
MPDU1,0.5988080537736039,True
MPDZ,-1.6967914098046832,False
MPEG1,-0.7731125206454947,False
MPG,0.8348431781721697,True
MPHOSPH10,0.7221661911068682,True
MPHOSPH6,-0.04928347419417547,False
MPHOSPH8,-1.2676398721424724,False
MPI,-0.18813495921218235,False
MPND,0.5616915454431856,True
MPO,-1.2491877995183724,False
MPP1,-0.807738772701483,False
MPP2,-0.13686256123200422,False
MPP7,-0.2851035143653558,False
MPRIP,-1.630216820907638,False
MPST,-0.3314623315529781,False
MPV17,0.5483570749169613,True
MPZL1,-0.35388389776409834,False
MPZL2,-0.5889312667321709,False
MRAS,-2.3054920939302606,False
MRC1,-1.3947113169766978,False
MRC2,-0.30544565849708155,False
MREG,0.7988981401176525,True
MRFAP1,0.16553269990292957,False
MRI1,-0.196660647903208,False
MRM1,0.580671806213169,True
MRPL1,-0.1762634218084404,False
MRPL10,-0.36294912488069725,False
MRPL11,0.19263623220078369,False
MRPL13,1.5458854219999218,True
MRPL14,1.6863980854005662,True
MRPL15,0.9348959046588861,True
MRPL16,-0.08010466333131265,False
MRPL17,1.614925589294057,True
MRPL18,0.7008663595739876,True
MRPL19,0.7743509149252484,True
MRPL2,-0.01844103213162631,False
MRPL20,0.3000114434091626,False
MRPL21,0.6123974070650771,True
MRPL22,0.7506354330224164,True
MRPL23,0.8827297752463091,True
MRPL24,1.2432968019966637,True
MRPL27,0.7347952134887997,True
MRPL28,0.9600548885426888,True
MRPL3,1.5993760066814637,True
MRPL30,0.16293987507353572,False
MRPL32,0.411099337919895,False
MRPL33,-0.16366063194824543,False
MRPL34,0.3240693942545673,False
MRPL35,0.7440376775015386,True
MRPL37,0.6949768306868731,True
MRPL38,0.6084293525575047,True
MRPL39,0.07621160939624151,False
MRPL4,0.541745187567558,True
MRPL40,0.10214070849338604,False
MRPL41,0.5734009298949135,True
MRPL42,1.637989658334276,True
MRPL43,0.08834703229972601,False
MRPL44,0.5223857844611665,True
MRPL45,-0.19561672551860732,False
MRPL46,-0.5785525804235478,False
MRPL47,1.520133600343482,True
MRPL48,0.6134219746714795,True
MRPL49,0.8621574514826718,True
MRPL50,0.11459820795983916,False
MRPL51,1.0828476331092536,True
MRPL52,0.8439499888127752,True
MRPL53,0.6303630083304946,True
MRPL54,-0.08211861902358836,False
MRPL55,1.1537889162293928,True
MRPL9,1.0577344483102715,True
MRPS10,0.7599280064221055,True
MRPS11,0.67424271065687,True
MRPS12,1.4794373898666662,True
MRPS14,0.8527081099952446,True
MRPS15,0.382897014227687,False
MRPS16,1.2061674167256986,True
MRPS17,0.9246235226600209,True
MRPS18A,0.4490714537732156,False
MRPS18B,0.2284043965935893,False
MRPS18C,-0.18225561859708816,False
MRPS2,0.19776522012829578,False
MRPS21,0.5585756752165664,True
MRPS22,-0.07159934440328318,False
MRPS23,1.423684104750246,True
MRPS24,0.3916892273107241,False
MRPS25,-0.4635194363008656,False
MRPS26,0.9598021890713968,True
MRPS27,-0.4626911100292914,False
MRPS28,0.3168218880308449,False
MRPS30,0.8418475775170869,True
MRPS31,-1.0485079169666152,False
MRPS33,0.5144636533103283,True
MRPS34,1.695203941978236,True
MRPS35,1.2093087425949909,True
MRPS5,0.26284964440773406,False
MRPS6,-0.09402839473660361,False
MRPS7,0.7774982389211103,True
MRPS9,0.050362086334279486,False
MRRF,0.24297031498374105,False
MRTO4,0.5846548583531663,True
MSH2,0.8899688261793137,True
MSH3,-0.37184870763739347,False
MSH6,0.9939846560068095,True
MSI1,0.045305636017409445,False
MSI2,1.2052353029412188,True
MSL1,0.42417032677885325,False
MSL2,-0.2513395900351089,False
MSL3,-0.1814096468024538,False
MSN,-0.7157784525176143,False
MSR1,1.0467280487868356,True
MSRA,-1.6657330577139455,False
MSRB2,0.13601275878810362,False
MSRB3,-1.8741289249827484,False
MST1,-0.36685991642437893,False
MST1R,0.9119589636342438,True
MSTO1,0.5139940912854094,True
MSX2,-0.1264296069688023,False
MT1E,-0.8988290028138582,False
MT1F,-0.22289957315765693,False
MT1X,-1.9232797746265566,False
MT2A,-0.4953314394366601,False
MT3,0.45173988446033875,False
MTA1,0.07175555844483057,False
MTA2,0.682406876014994,True
MTA3,0.9826847555717244,True
MTAP,-0.24059293278641378,False
MTCH1,-0.08169698397531741,False
MTCH2,1.409577430844501,True
MTDH,0.8653910084125348,True
MTF1,-0.5469808031803146,False
MTF2,0.169671157729905,False
MTFMT,-0.5967616536293081,False
MTFR1,1.0425689501520337,True
MTG1,0.45993870173193885,False
MTHFD1,-0.48108647962581297,False
MTHFD1L,0.20791608886286664,False
MTHFD2,1.9548062542932318,True
MTHFR,-0.1714892684846337,False
MTHFS,0.37795442681035674,False
MTHFSD,-0.7034261923816202,False
MTIF2,0.5658912346545779,True
MTIF3,-0.6384978485884857,False
MTM1,-0.4004569163258468,False
MTMR1,0.4695502624780442,False
MTMR10,-1.8777456013124658,False
MTMR12,-0.885604724064029,False
MTMR14,0.24917676267364872,False
MTMR2,-0.43362274154538183,False
MTMR3,-1.121497767906625,False
MTMR4,0.6136124192441422,True
MTMR6,-0.4307954562066532,False
MTMR9,-0.8998716797317956,False
MTO1,-0.2801884197608316,False
MTOR,-0.24001830253016374,False
MTPAP,0.5375744808858852,True
MTR,-0.4026778526949549,False
MTRF1,-0.3986303402449775,False
MTRF1L,-0.6977238494524286,False
MTRR,0.12608708939405783,False
MTSS1,0.42149729833867405,False
MTUS1,-0.9464231233785496,False
MTX1,1.4651248106535566,True
MTX2,1.194977979821288,True
MTX3,-0.3533780211713272,False
MUC1,1.1741331416507934,True
MUC16,-0.539973680227116,False
MUC5B,0.22463144749658323,False
MUC6,-0.6485860359466818,False
MUCL1,-1.006031496762303,False
MUSTN1,-1.922458065441044,False
MUTYH,0.1975187164342013,False
MVD,0.30718574191777553,False
MVK,0.32287341718783186,False
MVP,0.5469599272338286,True
MX1,0.5910616932349297,True
MX2,0.2319208398452039,False
MXRA5,0.7425567497699096,True
MXRA7,-1.4408551724389087,False
MXRA8,-0.4260899909403817,False
MYADM,-1.3611493305413573,False
MYB,0.81055804109735,True
MYBBP1A,-0.020441644402405874,False
MYBPC2,-0.0651016223110571,False
MYCBP,1.2769414103570225,True
MYD88,1.1561584259703055,True
MYEF2,0.6322992357920351,True
MYH10,-1.0335033299011709,False
MYH11,-2.362315918025489,False
MYH14,-0.08408240590124749,False
MYH15,-0.272035146138493,False
MYH4,-0.393507037678785,False
MYH6,0.2646250945601124,False
MYH9,-0.3305461010354001,False
MYL12A,-0.1495739136276215,False
MYL12B,0.4400014337097976,False
MYL4,-0.05819974083945192,False
MYL6,-0.22329034114834326,False
MYL6B,0.13683682786451457,False
MYL9,-1.7463861416985855,False
MYLK,-2.2464958690102197,False
MYO10,0.1784395449362077,False
MYO15A,-0.13668496573346395,False
MYO18A,-0.48015547465382113,False
MYO18B,0.246607267433773,False
MYO19,1.3845974474552538,True
MYO1B,-0.07481344890180512,False
MYO1C,-1.1297348384056976,False
MYO1D,0.6893746972800581,True
MYO1E,-0.1317074448107532,False
MYO1F,0.15078253418528245,False
MYO1G,0.6296371565235465,True
MYO5A,-0.32163870536109046,False
MYO5B,1.0309874764692337,True
MYO5C,-0.04920395333750407,False
MYO6,0.9811270549167435,True
MYO9A,-1.031759725708728,False
MYO9B,0.4265492522497066,False
MYOF,-0.548271256619217,False
MYSM1,-0.3612445468847389,False
N4BP1,-0.6775293027110119,False
N4BP2,-0.19461373961304362,False
N4BP2L1,-1.9337542388051474,False
N4BP2L2,-1.3166179211050917,False
N4BP3,1.3294666895379532,True
NAA10,0.8067754348892203,True
NAA15,0.880899316550932,True
NAA16,-0.7086264354206693,False
NAA20,1.3522971785794848,True
NAA25,0.332022709665717,False
NAA30,-0.38097627137071877,False
NAA35,0.5250271606536299,True
NAA38,0.5939768144645392,True
NAA40,0.6687244520893751,True
NAA50,0.5130540848741645,True
NAAA,-0.27812910655383366,False
NAALADL2,-0.4973376670569823,False
NAB1,-1.431440140958595,False
NAB2,-0.0029490784369810875,False
NACA,-0.8312269763362252,False
NACC1,2.439560634697939,True
NADK,-0.4719498611497754,False
NADSYN1,0.4136496551285584,False
NAE1,-0.048556548965821865,False
NAF1,0.0883614810654388,False
NAGA,1.0773447071136244,True
NAGK,0.9562780240089747,True
NAGLU,-0.4454164643083694,False
NAIF1,0.32292855008534116,False
NAMPT,-0.6077223069738519,False
NANP,0.44489124623809806,False
NANS,1.6001208958636537,True
NAP1L1,-0.33589204388592514,False
NAP1L2,-1.4402120172619877,False
NAP1L4,0.7086178677399763,True
NAP1L5,-1.375061323638496,False
NAPA,0.8566032213465579,True
NAPB,-0.0683846176847288,False
NAPEPLD,0.0017104883506776618,False
NAPG,0.10415395504339114,False
NARF,0.25053775408677187,False
NARS2,0.3106247415991473,False
NASP,0.36054694036729645,False
NAT1,0.8137867505547711,True
NAT10,1.1634145356945202,True
NAT14,1.5623087274693106,True
NAV1,-0.056875455689945606,False
NAV2,-1.1890740236877753,False
NBAS,-0.654002857042046,False
NBEA,-0.42827949888175326,False
NBEAL1,-0.6366396974906917,False
NBEAL2,0.34087819002558756,False
NBN,0.721673223668651,True
NBR1,-0.6936332735574936,False
NCALD,-1.7106703552550828,False
NCAM2,0.16600772004171369,False
NCAPD2,0.9526753509329938,True
NCAPD3,0.7504035237044027,True
NCAPG,2.7578598184655103,True
NCAPG2,1.4279622231792364,True
NCAPH,2.5932843556637244,True
NCAPH2,0.29280106699521746,False
NCBP1,1.1732130360044488,True
NCBP2,1.0127936803179987,True
NCCRP1,0.04702810992834751,False
NCDN,1.1684650779564412,True
NCEH1,0.5670469954017465,True
NCF1,0.29751037100129124,False
NCF2,0.3123265557510289,False
NCF4,-0.4445018209301514,False
NCK1,-0.7314072013523066,False
NCK2,-0.5664409712881785,False
NCKAP1,-0.09370437663291334,False
NCKAP1L,0.09361492898211757,False
NCKAP5L,-1.018264270272525,False
NCKIPSD,-0.5756335317674134,False
NCLN,1.0664774847824965,True
NCOA1,-1.0516297333664566,False
NCOA2,-0.08395281769535885,False
NCOA3,0.3630792467889586,False
NCOA4,-0.8514812258524949,False
NCOA5,1.0268558133729917,True
NCOA6,0.9010597005508044,True
NCOA7,-1.3634606677795662,False
NCOR1,-0.49176268299699183,False
NCOR2,0.08582462003206898,False
NCS1,0.36468034147003303,False
NCSTN,0.8868786267703542,True
NDC80,2.8189123388467925,True
NDE1,1.7220755646784511,True
NDEL1,-1.7828555708977862,False
NDOR1,1.3724194913601395,True
NDRG1,-0.46582856547130697,False
NDRG2,-2.41553884888538,False
NDRG3,0.6772547179694923,True
NDUFA1,0.5286613548845343,True
NDUFA10,-0.01367311921540301,False
NDUFA11,0.44559943869507096,False
NDUFA12,0.52570503610042,True
NDUFA13,0.8107345039931504,True
NDUFA2,0.6523151057443939,True
NDUFA3,0.559255334044791,True
NDUFA5,0.3530162148623947,False
NDUFA6,0.422475755079536,False
NDUFA7,1.0264205337551873,True
NDUFA8,0.7751362481785575,True
NDUFA9,0.5885051450150046,True
NDUFAB1,1.291606994475555,True
NDUFAF1,-0.01026761199280594,False
NDUFAF2,-0.4259202261885271,False
NDUFAF3,0.20616613197685493,False
NDUFAF4,-0.5022325221661079,False
NDUFB1,0.2827851734847923,False
NDUFB10,0.8871567102422574,True
NDUFB11,1.0664002921933116,True
NDUFB2,0.8290433954221466,True
NDUFB3,0.9100386629007405,True
NDUFB4,0.9892837406797979,True
NDUFB5,0.16185104066364162,False
NDUFB6,0.5303377428643965,True
NDUFB7,0.18105567075967566,False
NDUFB8,-0.030388232872082185,False
NDUFB9,0.8950868749628275,True
NDUFC1,0.3586803299559537,False
NDUFC2,0.4834054749489049,False
NDUFS1,-0.09003911524640051,False
NDUFS2,1.3981495937735233,True
NDUFS3,0.6679579308985573,True
NDUFS4,-0.8674803618078382,False
NDUFS5,0.28155634085075304,False
NDUFS6,1.0051880992153066,True
NDUFS7,0.10880335654368357,False
NDUFS8,0.819199060440974,True
NDUFV1,-0.19290566039752646,False
NDUFV2,0.7199579112043862,True
NDUFV3,0.12044080892941715,False
NEB,-0.29598910538241435,False
NEBL,0.4795889578888289,False
NECAP1,0.532141953656995,True
NECAP2,-0.31153452264155923,False
NEDD1,0.324582132168946,False
NEDD4,-0.61177889139099,False
NEDD4L,-0.5957242429596962,False
NEDD8,0.7320190688944165,True
NEDD9,-1.551470826683332,False
NEFH,0.2962461165360882,False
NEFM,-0.34096317300085566,False
NEGR1,-0.8843445006004838,False
NEIL2,-0.4000892925808379,False
NEK1,-0.7551236347593407,False
NEK3,-0.9357373735850962,False
NEK4,0.3945824864120629,False
NEK6,0.3888787040069173,False
NEK7,-1.2087736209131934,False
NEK9,-1.1641165574788546,False
NENF,0.5124913277903698,True
NEO1,-0.41679401721242015,False
NES,-1.4966886468795857,False
NEU1,1.203913074003969,True
NEURL4,-0.4313036234702417,False
NEXN,-1.649641431511608,False
NF1,-0.21753967840383445,False
NF2,-0.1143024978759382,False
NFASC,-0.9605684756861188,False
NFAT5,-1.801271001672359,False
NFATC1,-0.8091165952464322,False
NFATC2,-0.8497810569370247,False
NFATC2IP,0.6024670421627071,True
NFATC3,-0.961938246127635,False
NFATC4,0.14279242920004104,False
NFIA,-0.7029970706307427,False
NFIB,-1.6638703551478389,False
NFIC,-0.24632753510022565,False
NFIX,-1.1282498847764222,False
NFKB1,-0.3558576098050264,False
NFKB2,0.6076780624759606,True
NFKBIA,-0.6108236886523835,False
NFKBIB,0.6886427318882933,True
NFKBIE,1.2714972840860124,True
NFKBIL1,-0.010100872573770733,False
NFRKB,-0.7945809579743763,False
NFS1,0.6180296569272399,True
NFU1,-0.8411162354121976,False
NFX1,-0.3474333218912165,False
NFXL1,0.2615868999863259,False
NFYA,0.7819666668147698,True
NFYB,-0.5364278057294555,False
NFYC,-0.10557716377211694,False
NGDN,0.1578494544300418,False
NGFR,-1.649913767629633,False
NGLY1,-0.10483396196368117,False
NGRN,0.19571111656809623,False
NHEJ1,-1.1776818311100834,False
NHLRC2,-0.31978481751149984,False
NHLRC3,-0.8990380727260932,False
NHP2,1.2607507378645626,True
NHS,-0.6351105828688612,False
NHSL1,-0.45489776634014073,False
NID1,-0.5601995699688636,False
NID2,0.5284421272400781,True
NIF3L1,0.6101228960494349,True
NIN,-0.12700914512922074,False
NINJ1,0.7294276338895677,True
NIP7,-0.006896644852111357,False
NIPBL,-0.28840484478368983,False
NIPSNAP1,1.6297995615972078,True
NIPSNAP3A,-0.5361432603903848,False
NISCH,-1.4750619021478446,False
NIT1,0.27488360086262675,False
NIT2,0.9120705471872466,True
NKAP,0.6983535086383303,True
NKIRAS1,-0.6954854082984517,False
NKIRAS2,0.48106265191375325,False
NKTR,-0.97981508721509,False
NLE1,-0.6083540961892755,False
NLN,0.8557143626084982,True
NLRC4,-0.15067675777527997,False
NLRP1,-1.6175443365327629,False
NLRP2,-0.019938142733066374,False
NLRX1,-1.5044521459539602,False
NMD3,-0.0017749602165965054,False
NME1,1.8330579578015855,True
NME2,0.6564755832876346,True
NME3,0.9689790145052646,True
NME4,1.0218172193177486,True
NME6,0.6611186089532074,True
NME7,0.46628219365508733,False
NMI,0.21532999730523225,False
NMNAT1,-0.7620943792553518,False
NMNAT3,-0.5360524075831654,False
NMRAL1,1.5143115224903505,True
NMT1,-0.8968454515748789,False
NMT2,-2.249593111713061,False
NNMT,-0.8310651094634699,False
NNT,-0.180273289817571,False
NOB1,-1.0694531359757924,False
NOC2L,0.96291034556064,True
NOC3L,-0.1224258735817733,False
NOC4L,0.9433653892654711,True
NOL10,0.7826524149196922,True
NOL11,0.899343652957614,True
NOL12,0.1846360678264789,False
NOL3,0.035127284589526686,False
NOL6,0.8113745622792375,True
NOL7,0.7108740247689241,True
NOL8,0.31683921868855336,False
NOL9,-0.39625011718353653,False
NOLC1,1.152206920774774,True
NOM1,-0.10245957893891955,False
NOMO1,1.1960005571464607,True
NOMO2,0.5698656009963348,True
NONO,1.0981487297849428,True
NOP10,0.5105690232581881,True
NOP14,0.2739519153976804,False
NOP16,0.9701800323513651,True
NOP2,1.0879861609777401,True
NOP56,1.1693380942525393,True
NOP58,1.1160157210258097,True
NOS1AP,-0.35138484805117876,False
NOS3,-0.763874569956042,False
NOSIP,0.43599808153504144,False
NOSTRIN,-0.7328682932250812,False
NOTCH1,-0.9352716466052813,False
NOTCH2,-0.504814159869381,False
NOTCH3,-0.16115709575662773,False
NOVA1,-1.0692359992578364,False
NOVA2,-1.2205261613549963,False
NOXA1,0.35070210347099,False
NPAT,-0.4235735267010797,False
NPC1,-0.5162383926793009,False
NPC2,-0.43234352416295774,False
NPDC1,0.08776778395179012,False
NPEPL1,0.01448424082172617,False
NPEPPS,0.2764672870756178,False
NPL,0.3973317983011959,False
NPLOC4,0.39239657343714573,False
NPM1,0.5643129818967592,True
NPM3,0.36505321373712096,False
NPNT,0.8587285759770321,True
NPRL2,0.7753620258088093,True
NPTN,0.01818499027479944,False
NPY1R,-0.3974136353652775,False
NQO1,0.17016228671831185,False
NQO2,-0.5440815273373216,False
NR1H2,-0.19427644822026813,False
NR2C1,-1.1279785266153242,False
NR2C2,-0.7874135299001292,False
NR2C2AP,1.1906702230124542,True
NR2F2,-0.11422804871882919,False
NR2F6,1.6735587455614322,True
NR3C1,-2.1509391020636492,False
NRAS,0.39972733398908367,False
NRBF2,-0.8219143721544678,False
NRBP1,0.6299534415718507,True
NRBP2,-0.9358752360124666,False
NRCAM,0.2788135973478582,False
NRF1,-0.597666791847364,False
NRGN,-0.3025368958085799,False
NRIP1,-0.031176486848926977,False
NRIP2,-1.7967542599319533,False
NRP1,-1.3839304495074278,False
NRP2,-0.33370793426521805,False
NSA2,-0.65813619103136,False
NSD1,0.09940310353374053,False
NSDHL,0.8346327978391975,True
NSF,1.3153136379552013,True
NSFL1C,0.07459285103651589,False
NSL1,0.3743167794452601,False
NSMAF,-0.40453123634554106,False
NSMCE1,0.654044004029145,True
NSMCE2,0.9005794017628502,True
NSMCE4A,-0.8349516384797863,False
NSUN2,0.9071885777204306,True
NSUN3,0.33895172808358504,False
NSUN4,0.12700823938230377,False
NSUN5,1.253861893370204,True
NSUN6,-0.11085212933924851,False
NT5C,0.18054986456605387,False
NT5C2,-0.46449847463003446,False
NT5DC1,-0.4337361526191959,False
NT5DC2,0.24522966266323892,False
NT5DC3,-1.1522198862939261,False
NT5E,-1.222722049000377,False
NTAN1,-0.4297111683220043,False
NTHL1,1.0378360012176395,True
NTM,0.23449974635873796,False
NTN1,-0.3005524002849363,False
NTN4,-0.9192171801101602,False
NUB1,-0.18948273644072997,False
NUBP1,0.6565385486515951,True
NUBP2,1.1214956433465615,True
NUBPL,-0.7730074362766653,False
NUCB1,-0.399504508393244,False
NUCB2,0.7103798853113136,True
NUCKS1,0.5002284245448169,True
NUDC,0.6278265921138915,True
NUDCD1,0.7169343637414187,True
NUDCD2,0.19375019226288154,False
NUDCD3,-0.11405414021524238,False
NUDT1,1.0497766715521646,True
NUDT10,-0.387243603887189,False
NUDT12,-0.0006499359659099806,False
NUDT14,0.02826673248271788,False
NUDT15,-0.31295906380165295,False
NUDT16,-1.021148082968579,False
NUDT16L1,1.6272715294154234,True
NUDT19,0.6757574783419054,True
NUDT2,0.11390123764839064,False
NUDT21,-0.41798869950704354,False
NUDT22,0.7996469235902965,True
NUDT3,1.0585320261599669,True
NUDT5,1.2179613794943298,True
NUDT6,-0.2171924504699688,False
NUDT8,-0.39981953013660154,False
NUDT9,0.5387722459476391,True
NUF2,3.126245879161164,True
NUFIP1,-0.22806052340191146,False
NUFIP2,0.5704351325298679,True
NUMA1,-0.07700897313489272,False
NUMB,-0.8502251287513627,False
NUMBL,-0.24684597499585634,False
NUP107,0.617384100613495,True
NUP133,0.57940347458386,True
NUP153,0.05163445333890645,False
NUP155,0.8429348520889824,True
NUP160,0.07132423489093981,False
NUP188,0.6022004673704567,True
NUP205,0.7561878534985088,True
NUP210,2.4533358863336217,True
NUP214,-0.170303509674126,False
NUP35,0.17894307538870893,False
NUP37,0.8223305225112828,True
NUP43,0.5236058333944035,True
NUP50,0.7025879040450527,True
NUP54,-0.669274223698505,False
NUP62,1.5813420948312915,True
NUP85,0.8420039940552643,True
NUP88,-0.21587640217666895,False
NUP93,0.5971967466469948,True
NUP98,-0.12703407040724857,False
NUPR1,0.08958074310810102,False
NUSAP1,3.1313881809969444,True
NUTF2,0.6387868794578266,True
NVL,1.831051637918006,True
NXF1,-0.5407112359267982,False
NXN,-0.46820768182502687,False
NXT1,0.6711151904765346,True
NXT2,0.1415333179345934,False
NYNRIN,-1.0800334891005687,False
OAF,-1.485847330520891,False
OAS1,0.8176284421544178,True
OAS2,0.9317141190698865,True
OAS3,1.1625445872278992,True
OASL,1.0894619693465932,True
OAT,-0.14144859569842516,False
OBSL1,-0.37648529533018416,False
OCIAD1,0.30183540509356205,False
OCIAD2,1.5399788405063728,True
OCLN,1.1258880275151708,True
OCRL,0.41246041272309536,False
ODF2,1.7388905442621059,True
OFD1,-0.17074375200691008,False
OGDH,-0.4305244065659278,False
OGFOD1,0.3390076383373258,False
OGFOD2,0.6128461102743794,True
OGFR,0.6859396771944993,True
OGFRL1,-0.9518299659636793,False
OGN,-1.6738615178690286,False
OGT,-0.8011348217925516,False
OIP5,2.7195522578348936,True
OLA1,0.7965175166615025,True
OLFM1,-0.5819926918563098,False
OLFM4,-1.3074252150454613,False
OLFML1,-1.4177288969383235,False
OLFML2A,-1.5570881819402467,False
OLFML2B,1.0529436207532334,True
OLFML3,-0.7184734444621911,False
OMA1,0.22939924267011763,False
OMD,-0.7744658884404032,False
OPA1,0.2476536637784133,False
OPA3,-0.14544245465575775,False
OPHN1,-0.7215641822364957,False
OPTN,-1.0378299200206622,False
OR4A16,-0.04289129358895786,False
ORM1,0.6866670412590916,True
ORM2,0.5362594679136007,True
ORMDL3,-0.33873229861578075,False
OS9,-0.03908329126448604,False
OSBP,0.002355274409173527,False
OSBP2,0.7486455611307249,True
OSBPL10,-0.009450161407443754,False
OSBPL11,-0.3719912807031778,False
OSBPL1A,-1.4554813651971688,False
OSBPL2,0.23205783492430856,False
OSBPL3,0.12488717717320061,False
OSBPL5,0.06910878143985165,False
OSBPL6,0.3014274348484264,False
OSBPL7,-0.36077918330999237,False
OSBPL8,-0.35365051361469435,False
OSBPL9,-1.1741301967287994,False
OSCP1,-0.0012258625861765596,False
OSGEP,0.16279461430734118,False
OSGEPL1,-0.062473411173328226,False
OSMR,-0.42995134327310186,False
OSTC,1.347013135393592,True
OSTF1,0.19302937914892268,False
OSTM1,-0.8280283262892454,False
OTC,-1.8335950502474856,False
OTUB1,1.1849964571351683,True
OTUB2,1.400329091078403,True
OTUD1,-1.2548583335563346,False
OTUD3,-1.3151584193895445,False
OTUD4,-0.5819226377654161,False
OTUD5,0.15804099570553828,False
OTUD6B,0.4213972360659887,False
OTUD7B,0.5397808309581092,True
OVCA2,0.7246700932945694,True
OVOL2,1.4241998837877148,True
OXA1L,-0.425143423395774,False
OXCT1,-1.0389562459955288,False
OXNAD1,0.14721669109912505,False
OXR1,-0.5705922045860317,False
OXSM,0.705377597610778,True
OXSR1,-0.3430460731995288,False
P2RX4,0.9745809313142264,True
P2RX7,-0.3363767683191129,False
P4HA1,1.108723063967981,True
P4HA2,0.9091682878613015,True
P4HA3,2.0767114014320742,True
P4HB,1.2648157220044578,True
P4HTM,0.6205816787441526,True
PA2G4,0.6166484507361946,True
PAAF1,0.27887346725801865,False
PABPC1,0.509196321065678,True
PABPC3,0.4784372045602013,False
PABPC4,-0.16924112423169713,False
PABPN1,0.22857868726341365,False
PACS1,0.2852406310590062,False
PACS2,-0.5404696178055091,False
PACSIN1,1.8552390662028224,True
PACSIN2,-0.4605110720849111,False
PACSIN3,0.62579646845338,True
PADI2,-0.442755669560046,False
PADI4,-0.6538314489655606,False
PAF1,0.4602881391467261,False
PAFAH1B1,-1.184695446283425,False
PAFAH1B2,-0.18881162908411162,False
PAFAH1B3,3.0151072767235174,True
PAFAH2,0.38862362183357874,False
PAG1,0.3945026148047306,False
PAICS,1.6529502654164778,True
PAIP1,0.749462990844983,True
PAIP2,0.023329065533897988,False
PAK1,0.6967140826820322,True
PAK1IP1,0.17620388372115886,False
PAK2,0.7965826509993426,True
PAK4,1.7160589616747242,True
PALLD,-0.5081676580561054,False
PALM,-1.1833166560180834,False
PALMD,-2.6755287907730176,False
PAM,-0.980342806623054,False
PAMR1,-3.1916866087758033,False
PAN2,-0.8641275564398163,False
PAN3,-0.4760501346810616,False
PANK2,0.10761210801313814,False
PANK3,0.6619455369158386,True
PANK4,0.04580184479564269,False
PANX1,0.7185396718419992,True
PAOX,-0.058713036707768305,False
PAPLN,-1.0840035649968296,False
PAPOLA,0.7681242507811443,True
PAPOLG,-0.24554566849611584,False
PAPPA,-0.4433543601563511,False
PAPSS1,-0.13465186202490634,False
PAPSS2,-0.2896600684921222,False
PARD3,-0.7481203642784526,False
PARD3B,-1.1290369141995937,False
PARD6B,1.2169895006169713,True
PARD6G,-1.0137130708165532,False
PARK7,0.3851115025081109,False
PARL,-0.12248521243434098,False
PARN,1.6864931587843779,True
PARP1,2.120902581347667,True
PARP10,0.6653675162084465,True
PARP12,0.9891929790467582,True
PARP14,0.6611741585831437,True
PARP16,-0.3888048658880835,False
PARP2,0.2888782242942598,False
PARP4,-0.5032852556381391,False
PARP9,1.1403323693524217,True
PARS2,0.9087778589366775,True
PARVA,-1.6573936532761302,False
PARVB,-0.29035774678470655,False
PARVG,0.3107259957304254,False
PASK,1.554284596746068,True
PATL1,0.3716742375383411,False
PATZ1,0.7579600405290121,True
PAWR,0.44285971240184807,False
PAXIP1,0.9828771581563259,True
PBK,2.9490475389131365,True
PBLD,-0.5024931776133245,False
PBRM1,-0.5523936079613672,False
PBX1,0.6219167837373442,True
PBX2,-0.11872713759050435,False
PBXIP1,-0.5704154433490772,False
PC,-1.3563837355718302,False
PCBD1,0.3918300881580153,False
PCBD2,0.29422321189686956,False
PCBP1,0.4362041810796732,False
PCBP2,-0.44535816257286864,False
PCBP3,-1.0550308644795936,False
PCBP4,-0.24176949076596435,False
PCCA,-1.5864025055164792,False
PCCB,0.4771683458176028,False
PCDH1,0.2604844941395704,False
PCDH7,-0.20057709522184092,False
PCF11,-0.7731871401630817,False
PCGF1,0.675466629839406,True
PCGF2,0.818910254657964,True
PCGF3,0.07659941968572714,False
PCGF5,-1.233672947807879,False
PCGF6,-0.35962248503070166,False
PCID2,-0.3634080217602772,False
PCIF1,-0.2782976107351907,False
PCK2,0.7603005169947753,True
PCM1,-0.4357585768828092,False
PCMT1,0.5354096410208147,True
PCMTD1,-0.2684717124762582,False
PCMTD2,-0.4658034426614859,False
PCNA,1.9788614542100749,True
PCNP,-0.6072704176282893,False
PCNT,0.20284133596766907,False
PCOLCE,-0.33691416604079816,False
PCP4L1,-0.6020318665827064,False
PCTP,-0.106265599453216,False
PCYOX1,-1.5211449434733173,False
PCYOX1L,0.6307497470371926,True
PCYT1A,0.013755649717065395,False
PCYT2,0.1267361709203308,False
PDAP1,0.8875352371677612,True
PDCD10,1.1699660883302054,True
PDCD11,0.41212897473929505,False
PDCD2,0.04191267397915978,False
PDCD2L,0.8393963764783796,True
PDCD4,-0.19406161714882708,False
PDCD5,0.6362283838969949,True
PDCD6,1.3166691134339856,True
PDCD6IP,-0.20529912166479206,False
PDCD7,-0.9814738948704033,False
PDCL,-0.10793554281648877,False
PDCL3,1.5228007086456998,True
PDE12,0.3194641838272926,False
PDE2A,-3.005711680233414,False
PDE3A,-0.7697257013304927,False
PDE4A,-0.1743468580873099,False
PDE4B,-0.5418409379030148,False
PDE4D,-0.3591215145697385,False
PDE4DIP,-0.028184751673090192,False
PDE5A,-1.1640355317475708,False
PDE6D,0.6926497815687422,True
PDF,1.023112426451089,True
PDGFRA,-1.3940058154557518,False
PDGFRB,-0.43917753411700494,False
PDGFRL,-1.2019598669748415,False
PDHA1,-0.5592807859953315,False
PDHB,0.22361059111175852,False
PDHX,0.4511540973086307,False
PDIA2,-0.348441716620336,False
PDIA3,1.4636150147120297,True
PDIA4,1.6542020498582486,True
PDIA5,0.5630367057145216,True
PDIA6,0.8580312021115594,True
PDK1,-0.15745421833838816,False
PDK2,-1.0619136210539442,False
PDK3,0.8747605586892577,True
PDK4,-2.4134532979323007,False
PDLIM1,-1.0130651057140885,False
PDLIM2,-0.05737145510292737,False
PDLIM3,-1.6078301102838437,False
PDLIM4,-1.2723760347404391,False
PDLIM5,-0.23853074791342443,False
PDLIM7,-0.15374297442875115,False
PDP1,-0.3447950150865261,False
PDPK1,0.17192035261514002,False
PDPR,-0.9805679885756693,False
PDRG1,1.3779609579576482,True
PDS5A,0.4482018712451768,False
PDS5B,-0.2002535279071377,False
PDSS2,-0.19589509434782287,False
PDXDC1,1.6803338974233883,True
PDXK,-0.5007222896954266,False
PDXP,0.9364916202016019,True
PDZD11,1.3300841617489916,True
PDZD8,-0.4900825602303212,False
PDZK1,-0.35133038604356104,False
PDZRN3,-1.3997275837189531,False
PEA15,-0.17088619532667115,False
PEBP1,-0.11227293340952284,False
PEBP4,-0.7967905095181789,False
PECR,-0.9984004601290134,False
PEF1,0.028237678568590597,False
PEG10,-0.3136729128534205,False
PEG3,-0.8009118397880176,False
PELO,-0.18459051724730505,False
PELP1,0.47470401477202706,False
PEPD,-0.7611054093306463,False
PER2,-1.7131500463947098,False
PES1,0.5492453309226989,True
PEX1,0.10440632566583598,False
PEX11A,-0.40640395146791136,False
PEX11B,1.3854543349749067,True
PEX13,1.0403221825596642,True
PEX14,-0.4901631364728038,False
PEX16,0.5559112042325935,True
PEX19,-0.7983526350926449,False
PEX26,-0.06064624835203706,False
PEX3,-0.586330371383878,False
PEX5,-0.7003379100773997,False
PEX6,-0.08464955483543563,False
PEX7,0.364770884552748,False
PF4,-1.3406548425758262,False
PFAS,-0.09862024492044388,False
PFDN1,0.07109301343486849,False
PFDN2,1.129027800888709,True
PFDN4,0.22995148827591744,False
PFDN5,-0.8953392445308183,False
PFDN6,1.3941359344683568,True
PFKFB2,0.35047786346758664,False
PFKFB3,-1.5754167287546135,False
PFKFB4,1.7276494743963933,True
PFKL,0.592800133729196,True
PFKM,-0.3911301698341836,False
PFKP,0.026582943002722268,False
PFN1,1.343873152005478,True
PFN2,0.4014860697471237,False
PGAM2,-0.43473682152653387,False
PGAM5,1.4334566360383807,True
PGD,-0.06335537293151455,False
PGGT1B,0.40161420458926894,False
PGK1,1.1491948496788793,True
PGK2,0.5361624873237364,True
PGLS,0.6673332527038961,True
PGLYRP1,-0.5410013165026141,False
PGLYRP2,0.15449704994648425,False
PGM1,-1.4700864083425789,False
PGM2,0.5742682132066984,True
PGM2L1,0.47832112079671163,False
PGM3,0.6737855483311985,True
PGM5,-2.1533174425634014,False
PGP,1.681662210570814,True
PGPEP1,-0.5796484793690218,False
PGR,-0.35316494930090125,False
PGRMC1,-0.11325295888317222,False
PGRMC2,-0.4141724928202646,False
PGS1,0.018162289839913633,False
PHACTR2,-1.129464585534321,False
PHACTR4,0.20396632843707516,False
PHAX,-0.1603082250543317,False
PHB2,-0.15821063548562508,False
PHC1,-0.522098167776842,False
PHC2,-0.22647413306893666,False
PHC3,-0.26070460571421705,False
PHF1,-0.9818729392183694,False
PHF10,-1.185293838566144,False
PHF11,-0.24954277893804602,False
PHF12,0.35007711755396204,False
PHF14,0.7034896125402487,True
PHF2,-0.7160104331359851,False
PHF20,0.4975148600230955,False
PHF20L1,0.7158127094881042,True
PHF21A,-0.5918946481856181,False
PHF23,0.5593563290036447,True
PHF3,-0.7330675737990099,False
PHF5A,0.3622853330130396,False
PHF6,0.880352280811134,True
PHF8,0.6352479886662445,True
PHGDH,-0.6709619745639743,False
PHIP,-0.43854254126177666,False
PHKA1,0.646926712890001,True
PHKA2,-1.3466660831499602,False
PHKB,-0.6822615926411268,False
PHKG2,1.6554032678141393,True
PHLDA1,-0.8888827235001772,False
PHLDA2,0.8056004249152158,True
PHLDA3,-0.9176396239391968,False
PHLDB1,-1.7991699662296552,False
PHLDB2,-1.220142730660275,False
PHLDB3,1.015358707630947,True
PHLPP2,-0.4183693719183967,False
PHPT1,0.6106837032191395,True
PHRF1,0.21673602489150964,False
PHYH,-0.5580515638765587,False
PHYHD1,-0.8236385124131295,False
PI16,-2.059595589911331,False
PI4K2A,-0.029580911159288167,False
PI4K2B,0.6014722924479656,True
PI4KA,0.24565861459986227,False
PI4KB,0.41966909090861965,False
PIAS1,-0.614492774497934,False
PIAS2,0.14371028670203162,False
PIAS3,0.7159792124169703,True
PIAS4,1.1095249605302093,True
PIBF1,-0.42741737875735136,False
PICALM,-1.1516699531525803,False
PICK1,0.017028649267900767,False
PID1,-2.0966153953000966,False
PIGG,0.0035487643774054917,False
PIGK,-0.5145473670640477,False
PIGO,1.016420137953794,True
PIGQ,1.2303383839530853,True
PIGR,-1.3700015095055869,False
PIGS,-0.06473735293468662,False
PIGT,0.9555430055301403,True
PIGU,1.5896698303981498,True
PIGX,1.3245759900875567,True
PIH1D1,0.5350445089902928,True
PIK3AP1,0.06765878083199804,False
PIK3C2A,-0.5581490602096058,False
PIK3C2B,-0.9050708118314092,False
PIK3C3,-0.39978944755653145,False
PIK3CA,-0.9221693666928968,False
PIK3CB,0.11216943167196972,False
PIK3CD,-0.5990136915718434,False
PIK3CG,-0.16100998110878176,False
PIK3IP1,-1.4026943691233695,False
PIK3R1,-1.7926170119325626,False
PIK3R2,1.9617261207940209,True
PIK3R3,0.8267235235941301,True
PIK3R4,-0.27627952493327745,False
PIKFYVE,-1.0672184266522573,False
PIN1,0.4612983200483901,False
PIN4,0.5507189615488132,True
PIP,-0.5925238860508002,False
PIP4K2A,0.191740204560134,False
PIP4K2B,-0.46191191998596787,False
PIP4K2C,1.5133958447435578,True
PIP5K1A,1.2738913865458408,True
PIP5K1C,0.32118663180201074,False
PIR,-0.3566668223706717,False
PISD,-0.6221712202535157,False
PITPNA,-0.21642623948748144,False
PITPNB,-0.30896291344339216,False
PITPNC1,-0.47867791461563347,False
PITPNM1,0.379228959494281,False
PITRM1,0.1951167186349906,False
PITX1,1.8852620922486472,True
PJA1,-1.2571789291345974,False
PJA2,-1.120931015573598,False
PKIB,0.8859351792509437,True
PKIG,-0.595913275473857,False
PKLR,0.24375306759895785,False
PKN1,0.7673232622878645,True
PKN2,-0.8796655196134774,False
PKNOX1,0.35195152033593097,False
PKP1,-1.1611866287984443,False
PKP2,-0.26613307536394754,False
PKP3,1.5123040473974365,True
PKP4,-0.3784302997747518,False
PLA2G12A,0.04084714848936688,False
PLA2G15,0.4553771936807085,False
PLA2G2A,-0.9543883408932643,False
PLA2G4A,-1.8198360937207985,False
PLA2G4C,-0.3052936963312297,False
PLA2G6,-0.8414514660393252,False
PLA2G7,0.19165029458247163,False
PLAA,0.5216492343491776,True
PLAC9,-2.417938530260562,False
PLAT,-0.6267301767087767,False
PLAU,0.795996878922073,True
PLAUR,1.5521457448222895,True
PLBD1,-0.5372210897750257,False
PLBD2,-0.16016969213591042,False
PLCB1,-0.9906421842501663,False
PLCB2,-0.18574291399817833,False
PLCB3,0.8559225537782483,True
PLCB4,-0.5284528325520639,False
PLCD1,-1.0649141806401783,False
PLCD4,0.08643019776557696,False
PLCE1,-0.7624033464358755,False
PLCG1,-0.36106387695559355,False
PLCG2,-1.1685886791762978,False
PLCH1,-0.06793554483603581,False
PLCL1,-0.5000652424170839,False
PLCL2,-1.241848604026009,False
PLD1,-1.4792380741355928,False
PLD2,-0.9800848644476238,False
PLD3,-0.05630325352503877,False
PLD4,0.02899806329306642,False
PLEC,0.5879257702073228,True
PLEK,0.13812811102640604,False
PLEK2,1.5068075434733044,True
PLEKHA1,-0.2950757616983697,False
PLEKHA3,-0.008329723106717635,False
PLEKHA4,-1.2558074501764789,False
PLEKHA5,-0.6936908455386314,False
PLEKHA6,0.3334175042158979,False
PLEKHA7,-0.6689578816882344,False
PLEKHA8,0.8652960721785596,True
PLEKHB2,0.9207360297741398,True
PLEKHF1,-0.9328561431018656,False
PLEKHF2,1.1176184009279593,True
PLEKHG1,-1.0543750492426796,False
PLEKHG2,-0.22446672207794371,False
PLEKHG3,-0.15313619123711464,False
PLEKHG4,-0.6871932679248843,False
PLEKHG4B,-0.024834180461164323,False
PLEKHJ1,0.6385759810977553,True
PLEKHM1,-1.482858442304483,False
PLEKHM2,-0.5946637721236924,False
PLEKHO1,0.4827287201281075,False
PLEKHO2,-0.6586608917026496,False
PLG,0.07113118918396921,False
PLIN1,-2.3405351599155226,False
PLIN2,-1.094484498634326,False
PLIN3,0.9669843425287634,True
PLIN4,-2.372249126115494,False
PLIN5,-0.6948337371897366,False
PLK1,2.7932495948140588,True
PLOD1,0.4253883876382861,False
PLOD2,0.03247643681269207,False
PLOD3,0.6887471907121568,True
PLRG1,-0.7386979924990699,False
PLS1,0.7260279531001774,True
PLS3,-1.1154359759094539,False
PLSCR1,-0.07435974531970145,False
PLSCR3,-0.6335149093801826,False
PLTP,-1.5228299432013561,False
PLVAP,-0.9503309518697642,False
PLXDC2,-0.23771188986997036,False
PLXNA1,-0.41540743879325615,False
PLXNA3,1.4146059440750391,True
PLXNB1,-0.1386748192112864,False
PLXNB2,0.49767542910044826,False
PLXNC1,0.2617118586453386,False
PLXND1,-0.2779856280763618,False
PM20D2,-1.167650199305394,False
PMF1,1.1909876847973655,True
PML,-0.561031099586391,False
PMM1,-0.47438234206375257,False
PMM2,1.8542425011577357,True
PMP2,-1.4852422699318295,False
PMPCA,0.562014146596764,True
PMPCB,-0.7194201069284462,False
PMS1,-0.42916451816944085,False
PMS2,0.5694829763636173,True
PMVK,0.9580156669049824,True
PNKD,1.0483380613958533,True
PNKP,0.8617143493519429,True
PNMA1,-0.28628601466772075,False
PNMT,-0.15676894303940764,False
PNN,-0.07751008450885694,False
PNO1,1.184664158201712,True
PNP,1.0982172175553502,True
PNPLA2,-1.9405357232530325,False
PNPLA4,-0.2012207368273916,False
PNPLA6,0.19595042495008486,False
PNPLA8,-0.40995281645135107,False
PNPO,0.4592408192923555,False
PNPT1,0.6563098354551767,True
POC1B,0.23537715088960476,False
POC5,0.4000334552451262,False
PODN,-0.9750583928640735,False
PODXL,-1.0079638707331764,False
POF1B,-0.39207493607521104,False
POFUT1,0.42750810408739826,False
POFUT2,0.015788389365934845,False
POGK,1.664689574188639,True
POGZ,0.5008665872954347,True
POLA1,0.5965958846828693,True
POLA2,1.4736552812365402,True
POLB,0.9750619613884594,True
POLD1,1.0288068952634106,True
POLD2,0.9682168627486286,True
POLD3,0.30937955157570063,False
POLD4,0.8899762558724612,True
POLDIP3,-0.46641417579644096,False
POLE,1.0299234742537309,True
POLE2,2.0263881634475025,True
POLE3,1.038875768555784,True
POLE4,-0.2023985192798509,False
POLG,-0.28003332888449567,False
POLG2,0.3859596013020022,False
POLI,-0.798787449672012,False
POLK,-0.7259471860590272,False
POLL,-0.7215226581982261,False
POLM,0.3622835391995806,False
POLR1A,0.6034089930886737,True
POLR1B,0.7390092716061558,True
POLR1C,0.5963435434634908,True
POLR1D,0.06549583345805467,False
POLR1E,-1.071332023357214,False
POLR2B,0.43306328456969884,False
POLR2C,-0.273107396045891,False
POLR2D,0.8832860151718014,True
POLR2E,-0.5403690676072959,False
POLR2F,0.10258483138954481,False
POLR2G,1.056540078209737,True
POLR2H,1.6690209695389053,True
POLR2I,0.7131260458681399,True
POLR2K,1.1722444346658991,True
POLR2L,0.23204319028191733,False
POLR3A,0.32363090476245693,False
POLR3B,-0.03617573296509433,False
POLR3C,0.4940650248906888,False
POLR3D,0.31724959443822304,False
POLR3E,0.6237703094070791,True
POLR3F,0.10563518207899149,False
POLR3GL,-1.0970000338129404,False
POLR3H,-0.15378450621413306,False
POLR3K,2.2250965172233053,True
POLRMT,0.5131243038704482,True
POM121C,-0.17457543020297187,False
POMGNT1,0.43716380865926796,False
POMP,0.8229148005644219,True
PON1,-0.23610219353135475,False
PON2,0.27916841356176775,False
PON3,-0.5784894155062829,False
POP1,1.1272678712144115,True
POP4,0.7426044481009879,True
POP5,-0.20837176538639562,False
POP7,1.345237461216847,True
POR,0.5260280314130912,True
POSTN,1.316514331578824,True
POT1,0.4146355643016833,False
POTEF,0.37719621900954087,False
POU2F1,0.8586777267525191,True
POU2F2,-0.06522191626495503,False
PPA1,-0.2774314379890022,False
PPA2,0.3084921339667054,False
PPAN,0.5970730782373573,True
PPAT,1.3701397786054286,True
PPBP,-1.3330251022700184,False
PPCDC,0.7135355812012931,True
PPCS,0.6278020475038001,True
PPDPF,1.0612267409945422,True
PPFIA1,0.3293542626218761,False
PPFIA3,0.8740632888135541,True
PPFIBP1,-0.8719894303091335,False
PPFIBP2,-0.13634198383947457,False
PPHLN1,0.5675634432426625,True
PPIA,1.1935379051399368,True
PPIAL4G,1.0407068951191891,True
PPIB,0.823989507172707,True
PPIC,0.28703646539203276,False
PPID,0.49565608915606946,False
PPIE,-0.19582752168862547,False
PPIF,0.7469254892386319,True
PPIG,0.39727503766633504,False
PPIH,0.9845095227413454,True
PPIL1,1.2776911121973833,True
PPIL2,0.785199806705223,True
PPIL3,-0.03805442930578593,False
PPIL4,-0.37501801063632173,False
PPIP5K1,-0.24094295789529482,False
PPIP5K2,0.13812991784826997,False
PPL,-1.486870361000719,False
PPM1A,-0.3828923144935535,False
PPM1B,-0.49553626255089755,False
PPM1D,-0.4773967868549383,False
PPM1F,-2.246884973737847,False
PPM1G,1.3248930672163748,True
PPM1H,0.6113456653946759,True
PPM1J,1.143150312606786,True
PPM1K,-0.5754632213415187,False
PPM1L,-0.9728162124692349,False
PPM1M,-1.1297389299773624,False
PPME1,1.0418257566783424,True
PPOX,0.8066492676548369,True
PPP1CA,1.6533225528005198,True
PPP1CB,-0.4221747540027283,False
PPP1CC,-0.0005088182865491355,False
PPP1R10,0.9078782691561585,True
PPP1R11,1.197703989814964,True
PPP1R12A,-0.9686118159591609,False
PPP1R12B,-3.0926250458073157,False
PPP1R12C,-0.821673680402592,False
PPP1R13B,-0.18967112388915414,False
PPP1R13L,0.09917724341840051,False
PPP1R14A,-2.351200519621001,False
PPP1R14B,1.4031562371018056,True
PPP1R14C,-0.6431214643048729,False
PPP1R16A,0.9055062513029796,True
PPP1R1A,-1.9855816840948433,False
PPP1R1B,-0.8583487021137345,False
PPP1R2,0.48444830654852866,False
PPP1R3B,-0.6069207913957825,False
PPP1R3D,0.7477023833512318,True
PPP1R7,0.43028385192103724,False
PPP1R8,0.20438950608439774,False
PPP1R9A,-0.38297630700129875,False
PPP2CA,0.9027690160475804,True
PPP2CB,-1.0248391505023409,False
PPP2R1A,0.9806982270666716,True
PPP2R1B,-1.7005808294768885,False
PPP2R2A,-0.3249635610634146,False
PPP2R3A,-0.591600792506608,False
PPP2R5A,-0.28041496266748395,False
PPP2R5B,-0.5410441637015951,False
PPP2R5C,-0.4350727859301041,False
PPP2R5D,0.43964176145379896,False
PPP2R5E,0.5969625800039164,True
PPP3CA,-0.6146080035969399,False
PPP3CB,-1.0086353107479793,False
PPP3CC,-0.9950724077159991,False
PPP3R1,-0.4387735064415984,False
PPP4C,2.0623652689273304,True
PPP4R1,0.295036700323351,False
PPP4R2,0.298962715223851,False
PPP5C,1.2832053302270163,True
PPP6C,-0.5363101181681803,False
PPT1,0.9390555725580939,True
PPT2,-0.7314664682224867,False
PPTC7,-0.9665604077451821,False
PPWD1,-1.2439739747596597,False
PQBP1,0.2749327002031833,False
PRAF2,1.3102426216748537,True
PRAM1,-0.07226070154079818,False
PRC1,2.546028651703436,True
PRCC,1.8423091431133425,True
PRCP,-0.3204004840500848,False
PRDM10,-0.29135366834817933,False
PRDM15,0.452147331036042,False
PRDM2,-0.8951964849128233,False
PRDX1,1.4008889697592688,True
PRDX2,0.9033592348026309,True
PRDX3,0.039446169571322846,False
PRDX4,0.9142264454807877,True
PRDX5,0.3455120573203748,False
PRDX6,-0.6940289882741058,False
PREB,0.5121067713858729,True
PRELP,-1.6842628548482264,False
PREP,-0.06101266954290728,False
PREPL,-0.2702580535439118,False
PREX1,0.5224020497488732,True
PRF1,-0.6083477976495388,False
PRG2,-0.8697616082771248,False
PRG3,-0.06850129402653454,False
PRG4,-1.042084159175773,False
PRICKLE2,-1.3237737408658654,False
PRIM1,1.032166943822358,True
PRKAA1,-1.0858727582789145,False
PRKAA2,-0.22743478359694444,False
PRKAB1,-0.05109063659165937,False
PRKAB2,-0.5380052441955895,False
PRKACA,-0.2021139575288694,False
PRKACB,-0.19552524851867675,False
PRKAG1,0.5302101151525441,True
PRKAG2,-0.9249319757847448,False
PRKAR1A,-0.47362663028983476,False
PRKAR1B,-0.6964878114348537,False
PRKAR2A,-0.41826427644065,False
PRKAR2B,-1.4811785821532155,False
PRKCA,-1.504582505636265,False
PRKCB,-0.30332649029394265,False
PRKCD,0.7756463363385365,True
PRKCE,-0.7121946371595381,False
PRKCH,-1.0167702075047942,False
PRKCI,0.5840495649193991,True
PRKCQ,-0.46650415719119737,False
PRKCSH,0.6337942722618608,True
PRKCZ,1.2682066811507118,True
PRKD1,-1.7086188876745219,False
PRKD2,0.30484374952446447,False
PRKD3,-0.9625020069739494,False
PRKG1,-0.6000829863633977,False
PRKRA,-0.012961851140602802,False
PRKRIP1,0.3978716744642384,False
PRMT1,0.7012388826855671,True
PRMT2,-0.8609424148417081,False
PRMT3,0.7186359557954471,True
PRMT5,0.4195148012984386,False
PRMT6,0.3536660940533175,False
PRMT7,-0.0954661042657702,False
PRNP,-1.7865788769892912,False
PROC,1.8235676103257352,True
PROCR,-1.1957974681058763,False
PRODH,-0.2147216738909209,False
PROM1,-0.7082507086417826,False
PROM2,1.1302493754986456,True
PROS1,-2.368934280920249,False
PROZ,0.5961247075484446,True
PRPF18,-0.18434390864889744,False
PRPF19,1.2647456358236007,True
PRPF3,0.7408341566051496,True
PRPF31,0.6293456741600816,True
PRPF38A,-0.1460631448621897,False
PRPF38B,-0.07283170768551582,False
PRPF39,-0.20926472634906607,False
PRPF4,1.0055320603543847,True
PRPF40A,0.7732007137076057,True
PRPF40B,0.02873445490851748,False
PRPF6,0.471305765882696,False
PRPF8,-0.6631674562738032,False
PRPH,-0.9593234933163962,False
PRPS1,0.3706734610774366,False
PRPS2,1.0072903517642522,True
PRPSAP1,-0.33724704510189196,False
PRPSAP2,0.15563905668532926,False
PRR11,1.6117328051002893,True
PRR12,0.5743206807667942,True
PRR13,1.2775308943307586,True
PRR14,1.2570642345130358,True
PRR15,0.8132621624771548,True
PRR15L,1.248158215851505,True
PRR5,-0.8181539187765372,False
PRRC1,1.0209375084845997,True
PRRX1,-0.2853424453906042,False
PRRX2,-0.10992288606759734,False
PRSS1,0.3939552271344348,False
PRSS22,1.223733597747517,True
PRSS23,0.3609664192177916,False
PRSS3,-0.30266529879218584,False
PRSS8,1.529418295095259,True
PRTFDC1,-0.6326412731367501,False
PRTN3,0.18495752601421106,False
PSAP,0.08340725311853256,False
PSAT1,-0.5419276064899385,False
PSD3,0.13635335339550575,False
PSD4,0.9607428337495536,True
PSEN1,0.46770120150927214,False
PSEN2,1.0813113074184846,True
PSIP1,-0.49712928198956335,False
PSMA1,0.683398105890496,True
PSMA2,0.860500100235236,True
PSMA3,0.9680828220801939,True
PSMA4,1.1833091603657966,True
PSMA5,1.702817463884945,True
PSMA6,1.2303334628267772,True
PSMA7,0.949752521232403,True
PSMB1,0.3313799982083951,False
PSMB10,0.4121784114369906,False
PSMB2,0.8214453787643836,True
PSMB3,1.0912461060580807,True
PSMB4,1.2237804601528703,True
PSMB5,1.1132305599878856,True
PSMB6,0.36058664720702543,False
PSMB7,0.5680710713562404,True
PSMB8,0.45413259408666073,False
PSMB9,0.3096191788221478,False
PSMC1,0.22819814869362864,False
PSMC2,1.1771785438637576,True
PSMC3,0.7000353908783978,True
PSMC3IP,1.0599634163896172,True
PSMC4,1.717675285399511,True
PSMC5,0.569272840108164,True
PSMC6,0.6500408636238532,True
PSMD1,1.0550745235944354,True
PSMD10,1.2220322462538695,True
PSMD11,1.1950707693940028,True
PSMD12,1.1778126139067837,True
PSMD13,0.6042444004067983,True
PSMD14,1.7598947638333169,True
PSMD2,1.193538975858569,True
PSMD3,0.9002385032236582,True
PSMD4,1.3168935554047219,True
PSMD5,0.47200329927965723,False
PSMD6,0.420823005809412,False
PSMD7,0.21289172497028166,False
PSMD8,0.8087496990468388,True
PSMD9,0.3834565570003578,False
PSME1,0.8563597017896695,True
PSME2,1.3541219939379592,True
PSME3,0.7551595249215587,True
PSME4,0.6785443611528782,True
PSMF1,0.4196847067509209,False
PSMG1,0.5549986261788321,True
PSMG2,0.04103569196621775,False
PSMG3,1.33414830630173,True
PSMG4,-0.01483012329125017,False
PSPC1,0.6454877188899988,True
PSPH,0.9927422146058247,True
PSTPIP1,0.026340568680870653,False
PSTPIP2,-0.07804099973600445,False
PTAR1,-1.107773685189463,False
PTBP1,2.0291846023188884,True
PTBP2,-0.8111511857215621,False
PTCD2,-0.39825857738747383,False
PTCD3,-0.015081851340435364,False
PTDSS1,0.5781546573412527,True
PTDSS2,0.0727903013401117,False
PTEN,-1.0094982515742106,False
PTER,-0.057905616123921214,False
PTGDS,-1.3247992419860657,False
PTGES,-0.13262776884684963,False
PTGES2,0.8844673371924611,True
PTGES3,0.9838034040592958,True
PTGFRN,0.5570120971221093,True
PTGIS,-1.6070632858312572,False
PTGR1,-0.6462669355402619,False
PTGR2,-0.029669617301716293,False
PTGS1,-0.0841289930078371,False
PTGS2,-1.609934530393277,False
PTK2,0.8304414847730093,True
PTK2B,-0.3192163993004299,False
PTK6,1.335992777719225,True
PTK7,0.7658442947880132,True
PTMA,0.9626326591385742,True
PTMS,0.715779362033275,True
PTN,-1.8309795261354045,False
PTOV1,0.8466247370111251,True
PTP4A1,0.18994815503914458,False
PTP4A2,0.6917398419782576,True
PTP4A3,0.8510509884332343,True
PTPDC1,-0.07304374816280787,False
PTPMT1,0.2345913444963177,False
PTPN1,0.8666108998463908,True
PTPN11,-0.9983456449241626,False
PTPN12,0.17340720200003515,False
PTPN13,-0.5151376542278787,False
PTPN14,-1.481284478904874,False
PTPN18,0.11351403893666044,False
PTPN2,-0.033366939703753526,False
PTPN23,0.4524628964204917,False
PTPN3,-0.21108741863013022,False
PTPN6,1.2803776142783387,True
PTPN7,0.6716541952147667,True
PTPN9,0.15630801330555744,False
PTPRA,-0.23883399957093773,False
PTPRC,0.0374667911635695,False
PTPRE,-0.9665569399644294,False
PTPRF,0.0487349923210202,False
PTPRG,-0.953134782015539,False
PTPRJ,0.6114939230107888,True
PTPRK,-0.22615305535357616,False
PTPRM,-1.739299258666929,False
PTPRS,-0.9718020501974861,False
PTPRU,-0.11707682818099183,False
PTPRZ1,-1.5447431075081632,False
PTRH1,0.8765985448150708,True
PTRH2,1.0095888511588715,True
PTS,0.9467427055828269,True
PTX3,-1.561568526162975,False
PUF60,0.9161106242903895,True
PUM1,-0.7241063063882907,False
PUM2,0.07709225320551932,False
PURA,-0.6779432963229134,False
PURB,-0.14325464830438484,False
PUS1,0.8924462627794477,True
PUS10,0.34909014916443837,False
PUS3,-0.27376308816940154,False
PUS7,0.7908748031195145,True
PUS7L,0.7178776416433446,True
PUSL1,1.2999654332578483,True
PVALB,0.512826913677951,True
PVR,-0.024077479810177504,False
PWP1,0.002258596837699672,False
PWP2,0.7683163922238001,True
PWWP2A,0.13198543858672201,False
PWWP2B,0.7428900948670134,True
PXDN,0.1852172523563309,False
PXK,-0.5319103879372246,False
PXMP4,-0.318823227792907,False
PXN,-1.0221724298828732,False
PYCARD,0.990448278197374,True
PYCR1,2.7165534923995165,True
PYCR2,1.0953696033404539,True
PYDC1,0.6874083852206149,True
PYGB,-0.7670938663996486,False
PYGL,-0.7563205621456909,False
PYGM,-2.904868245754725,False
PYGO2,1.9247675678994656,True
PYHIN1,-0.3078399312022542,False
PYROXD1,-0.1854064356278699,False
PYROXD2,-1.5596929793431986,False
PZP,-1.4516320913178964,False
QDPR,0.016168641012398406,False
QKI,-1.6372895323988046,False
QPCT,0.5578779361063594,True
QPCTL,0.766648810298483,True
QPRT,0.5613313204844953,True
QRICH1,-0.39534300015596285,False
QRSL1,0.17825715309206724,False
QSER1,0.1078729957714887,False
QSOX1,0.4460460393482611,False
QSOX2,0.24091748183008144,False
QTRT1,0.13177868697102693,False
R3HCC1,-0.6997743773891023,False
R3HDM1,0.9657861296204465,True
R3HDM2,-0.035616173646226656,False
RAB10,1.1042434071999268,True
RAB11B,-0.44727715464034334,False
RAB11FIP1,0.5576620532440655,True
RAB11FIP2,-1.5169061869243603,False
RAB11FIP3,0.8209895342837953,True
RAB11FIP4,1.4265281733547721,True
RAB11FIP5,-0.27124442007490207,False
RAB12,-0.8071950761348159,False
RAB13,0.9588843236205831,True
RAB14,-0.09270016605768296,False
RAB17,0.9146586442083073,True
RAB18,0.4959441203736936,False
RAB19,1.1970334487055065,True
RAB1A,0.7709586577251673,True
RAB1B,0.7289615581872585,True
RAB20,-0.03563224469302886,False
RAB21,-0.29098720865139505,False
RAB22A,0.6833035650812241,True
RAB23,0.2049506907566213,False
RAB24,-0.2906476751565868,False
RAB25,1.710639555658471,True
RAB27A,-0.33761624468668194,False
RAB27B,0.3702319710035007,False
RAB28,-1.0393966492696676,False
RAB2A,0.8958003648890337,True
RAB2B,-0.545707988444841,False
RAB30,-0.09602195035203637,False
RAB31,1.104167293132065,True
RAB32,-0.5382716264021895,False
RAB33B,-0.8182993354232108,False
RAB34,0.13811321373893864,False
RAB35,0.4031175504012832,False
RAB38,0.048529692730814436,False
RAB3A,1.2786341069055829,True
RAB3D,1.4086782970228617,True
RAB3GAP1,-0.5496737483605503,False
RAB3GAP2,0.4553419934323645,False
RAB3IL1,-1.0342398977982106,False
RAB3IP,1.0093752447701314,True
RAB40C,1.2220153659642443,True
RAB43,-0.22028249712865633,False
RAB4A,0.06331655617191459,False
RAB4B,0.7520606150937761,True
RAB5A,0.10093096531836929,False
RAB5B,0.019386625617221816,False
RAB5C,0.4261803508937491,False
RAB6A,0.5230272797230601,True
RAB6B,-1.3232940251991214,False
RAB7A,0.31509653309890046,False
RAB8A,1.9372897315116895,True
RAB8B,-0.9997148808573095,False
RAB9A,-0.5629218764453473,False
RABAC1,0.7741095246414864,True
RABEP1,-0.1346286939663888,False
RABEP2,1.2266406428520358,True
RABEPK,0.8878265165774126,True
RABGAP1,-0.7731755325409729,False
RABGAP1L,-0.3625424472893606,False
RABGGTA,0.24356124872069085,False
RABGGTB,0.5078786244740187,True
RABIF,2.4216563396373596,True
RABL2B,0.15274776807978102,False
RABL3,-0.5362931539898331,False
RAC1,0.2681224956124008,False
RAC2,0.4117217800718781,False
RAC3,0.9547603285693339,True
RACGAP1,2.2365887188319578,True
RAD1,1.16329311852432,True
RAD17,-0.10200799201322823,False
RAD18,0.6006991490910958,True
RAD21,1.205314675471952,True
RAD23A,0.32519359939190495,False
RAD23B,0.617710745402722,True
RAD50,0.05691999186568113,False
RAD51,2.5131841097815952,True
RAD51AP1,2.0790855877643155,True
RAD51C,0.4855685043121649,False
RAD54B,1.7598880353807815,True
RAD54L2,-0.5426974390447961,False
RAD9A,0.4856452914628918,False
RAE1,1.4343792601652945,True
RAF1,-0.011631633851852334,False
RAI1,0.5887751834134165,True
RAI14,0.9354439294555957,True
RALA,0.48762558560710906,False
RALB,-0.298806833492587,False
RALBP1,-0.2793472633387282,False
RALGAPA1,0.10324663229772212,False
RALGAPA2,-0.6509238935374707,False
RALGAPB,0.5250067672452868,True
RALGPS2,0.7511297388696644,True
RALY,1.0851641394127083,True
RAN,1.4986386739139608,True
RANBP1,0.9480023082836585,True
RANBP10,-0.8831021707323096,False
RANBP2,-0.48610913625069735,False
RANBP3,0.4007882518171199,False
RANBP6,-0.4868593207557076,False
RANBP9,0.9081011404005824,True
RANGAP1,1.2170574932358458,True
RANGRF,-0.5298482077691764,False
RAP1A,-0.5025589723917133,False
RAP1B,-0.22867898758931487,False
RAP1GAP,0.8466592345421368,True
RAP1GAP2,-0.26581284851084896,False
RAP1GDS1,0.7380914762490576,True
RAP2B,0.4204739505259317,False
RAP2C,1.05376433681968,True
RAPGEF1,-1.3724647211119505,False
RAPGEF2,-1.8151926677023225,False
RAPGEF4,-0.5341336355850977,False
RAPGEF6,-0.07138079339781907,False
RAPH1,-0.14214956589908306,False
RARA,0.7983007564026886,True
RARRES1,-0.7270708072085931,False
RARRES2,-1.3003733957918857,False
RARS2,-0.32038210352504354,False
RASA1,-0.30279010161056197,False
RASA2,-0.5706006446971532,False
RASA3,-1.3042312019699511,False
RASA4,-1.1504469510629687,False
RASAL1,-0.36800419646072413,False
RASAL2,-0.6084499875894677,False
RASAL3,0.22392736561693535,False
RASEF,0.6695992794107862,True
RASGRF2,-1.058174727318573,False
RASGRP2,-1.2403530381215386,False
RASIP1,-1.9586372236393774,False
RASL12,-1.6143648616793578,False
RASSF1,-0.6520489932555463,False
RASSF2,-0.15220767472783947,False
RASSF3,-0.9288291444510108,False
RASSF4,-0.6744955946850049,False
RASSF5,-0.07726200010016021,False
RASSF7,1.5411477574035277,True
RASSF8,-0.6824064314611059,False
RAVER1,1.5529118358187526,True
RAVER2,-0.7551728166003975,False
RB1,-0.3880794360305847,False
RB1CC1,0.0672143811710038,False
RBAK,0.3796808879444585,False
RBBP4,0.8422392257892124,True
RBBP5,0.9454230589678604,True
RBBP6,0.24882639568226322,False
RBBP7,1.1315548749209545,True
RBBP8,-0.22414728057623529,False
RBBP9,0.16147122714976717,False
RBCK1,0.3868426474471697,False
RBKS,0.7279139569961924,True
RBL1,0.7596438541917756,True
RBL2,-1.0897091434518547,False
RBM10,0.7354272602077765,True
RBM12,0.3817560046978715,False
RBM12B,0.996947403649832,True
RBM14,0.9099274077424108,True
RBM15,0.3449277920733513,False
RBM15B,-0.029141694069302077,False
RBM17,0.09672995895926007,False
RBM18,-0.026589899426758257,False
RBM19,-0.15236718151545128,False
RBM22,-0.29354494806387005,False
RBM23,-0.08274231804168887,False
RBM25,-0.10797338924801779,False
RBM26,-0.22184673241200523,False
RBM27,0.13308990825881206,False
RBM28,0.5581773995504853,True
RBM3,-0.16705420910872978,False
RBM33,-1.0571253822821935,False
RBM34,0.9991710434404988,True
RBM38,0.1817327831833781,False
RBM39,0.23004408993768252,False
RBM4,1.1108448959894015,True
RBM41,-0.08446368950804041,False
RBM42,0.6332638102022103,True
RBM45,1.3193233808418514,True
RBM47,0.9324701720078087,True
RBM4B,0.16062682231116282,False
RBM5,-1.2380732476319192,False
RBM6,-1.0152027637143162,False
RBM7,-1.1949745070877804,False
RBM8A,1.3116189417315254,True
RBMS1,-1.4114787902671644,False
RBMS2,-2.2148854928594472,False
RBMS3,-2.0514936932764876,False
RBMX,0.00223399566010222,False
RBMX2,0.273712840369478,False
RBMXL1,-1.1819233617843883,False
RBP1,-0.004792374886393585,False
RBP4,-2.3568734836805456,False
RBP5,-0.070731770986455,False
RBP7,-1.921787350363515,False
RBPJ,-1.1556052215169994,False
RBPMS,-1.4219880469971415,False
RBX1,0.894714487476256,True
RC3H1,-0.49216012751995175,False
RC3H2,-0.28218556395435307,False
RCAN1,-1.8843343381275537,False
RCAN3,0.565919169129874,True
RCBTB2,-2.1063384910154372,False
RCC1,1.9512234565676088,True
RCC2,1.8664059142933345,True
RCCD1,0.339922201828265,False
RCHY1,-0.5675459726166742,False
RCL1,-0.5800991669189816,False
RCN1,-0.2155970153581312,False
RCN2,0.707024279704382,True
RCN3,0.48078181776528545,False
RCOR1,0.35215201936207957,False
RCOR2,0.7022246393926875,True
RCOR3,0.13274080532353202,False
RCSD1,-1.1109148195260765,False
RDH10,-0.11635465579964918,False
RDH11,0.9443277503998976,True
RDH13,0.8374989527326301,True
RDH14,0.5194405507427603,True
RDH16,1.016304415601143,True
RDX,-0.8099396453837528,False
RECK,-1.8489770703205994,False
RECQL,0.0018855483593555853,False
RECQL5,0.4791157728565973,False
REEP3,0.032140686326081885,False
REEP4,1.5851789572281627,True
REEP5,-0.17429796757439772,False
REEP6,0.20903909043729546,False
REL,0.13163904710590102,False
RELA,0.05503789735947806,False
RELB,0.5846237337104216,True
RELL1,-0.40050085961889437,False
REM1,-1.3977488494905776,False
REM2,1.0182604285831254,True
RENBP,0.01420068801841529,False
REPIN1,0.8494699801782531,True
REPS1,0.04040622097195981,False
REPS2,0.5778340091066709,True
RER1,0.3881847016034963,False
RERE,-1.4978732459944881,False
RERG,-0.2761547291069882,False
REST,0.055292137092220056,False
RETN,0.2733456149952402,False
RETSAT,-1.6610914500450045,False
REXO1,0.14506356158515823,False
REXO2,-0.3825445241218995,False
REXO4,0.42235929168928843,False
RFC1,-0.5188116908004058,False
RFC2,1.5703623633580266,True
RFC3,1.0069766689407074,True
RFC4,1.370714196781821,True
RFC5,1.0533371504285782,True
RFESD,-0.033571875744822226,False
RFFL,0.5091404678734021,True
RFK,0.2997729842378372,False
RFT1,0.26611253056062795,False
RFTN1,-0.9154220634121283,False
RFX1,0.35345072499425095,False
RFX3,-0.10347233216312753,False
RFX5,1.4612195835899229,True
RFXANK,0.9603198781815396,True
RFXAP,-1.2453963718960424,False
RGL2,0.48308627394300985,False
RGN,-1.988065810834592,False
RGP1,-0.3907117187212082,False
RGS10,0.9156503982082901,True
RGS12,-0.5144911010206267,False
RGS14,0.7366815494392072,True
RGS19,1.3835000838102345,True
RGS3,-0.7063169750015877,False
RHBDD1,-0.16633275684320428,False
RHBDD2,1.010674192540584,True
RHBDD3,1.1029652980082045,True
RHBDF1,0.6612127522663068,True
RHBDF2,0.998985315595962,True
RHEB,0.43593890108181294,False
RHOA,-0.07279914972846108,False
RHOB,-0.39676472815266195,False
RHOC,0.6872880398919848,True
RHOF,0.8222999720776216,True
RHOG,0.197197146855446,False
RHOH,0.45966938850001976,False
RHOT1,-0.31950478383823977,False
RHOT2,1.0031862863414187,True
RHPN2,0.4856783774913305,False
RIC8A,0.6057312652771121,True
RIC8B,-0.4893073497683132,False
RICTOR,-0.5713163223019878,False
RIF1,-0.26132101551317205,False
RILP,-1.5911655056460412,False
RILPL1,-0.822016690216492,False
RILPL2,-0.9294142017930663,False
RIN1,-0.1587912440656017,False
RIN2,-0.08520922780965089,False
RIN3,-0.6463680705933972,False
RING1,-0.2614974984815438,False
RINL,0.1636269798932446,False
RINT1,0.6329226832292513,True
RIOK1,0.09327044041082963,False
RIOK2,-0.03664858085132799,False
RIOK3,-0.18276651219688655,False
RIPK1,-0.3701946018747749,False
RIPK2,1.0497083165045298,True
RIPK3,-0.14734061733150203,False
RIT1,0.6466418144925266,True
RLF,-0.601884613029242,False
RLIM,0.42114561330463657,False
RMI1,2.030294931904444,True
RMND1,0.3451923210081658,False
RMND5A,-0.2963704648075073,False
RNASE1,-1.1748769536527737,False
RNASE2,0.8792982689227163,True
RNASE3,-0.37262110368779444,False
RNASE4,-1.4565346001619066,False
RNASE6,-0.11618691475325377,False
RNASEH1,0.12704661297306652,False
RNASEH2A,2.282676028051438,True
RNASEH2B,0.08315346284231412,False
RNASEH2C,0.020239008649624263,False
RNASEL,-0.2775761062722282,False
RNASET2,0.6982328668620159,True
RND3,-1.661655754190775,False
RNF10,0.3534046446716102,False
RNF11,-0.9449790539777665,False
RNF113A,0.6928497450147121,True
RNF114,0.6705135853957945,True
RNF115,0.9085354202490907,True
RNF121,0.24003628338916325,False
RNF123,0.29941273914164057,False
RNF126,0.3335395726118702,False
RNF135,-0.034554803142662814,False
RNF138,0.07312963056701559,False
RNF14,0.04177103817797961,False
RNF141,-0.454089680797873,False
RNF146,-0.9659046154793022,False
RNF149,1.190915902286351,True
RNF166,-0.21583824912647115,False
RNF167,0.3174027356875195,False
RNF168,-0.12819401107319625,False
RNF169,-0.03461960278234063,False
RNF170,-0.21679208701408514,False
RNF181,0.9847668127364868,True
RNF185,-0.7823983997659473,False
RNF2,0.7029377041376537,True
RNF20,-0.1745512212565527,False
RNF213,0.7988953592522229,True
RNF214,-1.1889513598308292,False
RNF216,-0.4190388776846543,False
RNF220,0.08699432049386778,False
RNF25,0.29181200236412275,False
RNF31,0.3914592251614485,False
RNF34,1.1443580222512382,True
RNF4,0.8012019681070152,True
RNF40,1.436476617090824,True
RNF41,-0.7700829551344045,False
RNF5,0.6459796630122187,True
RNF7,0.7385504593877467,True
RNGTT,-0.026511894917643525,False
RNH1,-0.34940630540326517,False
RNLS,-1.0903223673396996,False
RNMT,-0.2202716730598965,False
RNPC3,-1.6365337544632863,False
RNPEP,1.6595278853543742,True
RNPS1,1.4002831149406123,True
ROBO1,-0.56407500192849,False
ROCK1,-0.6026967833846179,False
ROCK2,-1.2355014803927549,False
ROGDI,1.5829832661643461,True
ROMO1,0.9339494825880135,True
RP2,0.08227118483860384,False
RP9,0.24039984827707786,False
RPA1,-0.3157097059874411,False
RPA2,-0.04801150945607318,False
RPA3,1.4126298364800636,True
RPAIN,-0.39271283044218763,False
RPAP1,-0.21451377511395056,False
RPAP2,0.050668556778049656,False
RPAP3,0.9433987195670288,True
RPE,0.8174424014505778,True
RPF1,0.47727813938777147,False
RPF2,-0.03395946716274535,False
RPGRIP1L,0.7164636331497007,True
RPIA,0.2008988960919128,False
RPL10,-0.6947916912850856,False
RPL10A,-0.9401829887017266,False
RPL11,-1.160145931317774,False
RPL12,-0.5202426200459482,False
RPL13,-0.7865447750966515,False
RPL13A,-0.5596797637477289,False
RPL14,-0.5290018023205983,False
RPL17,-0.8313505923240224,False
RPL18,-0.18810089058773785,False
RPL18A,-0.24293419028949484,False
RPL19,-0.022315180660151823,False
RPL21,-1.387243886055821,False
RPL22,-1.1562981824621823,False
RPL22L1,0.25327260914608185,False
RPL23,-0.4260433217105975,False
RPL23A,-0.14365359794291133,False
RPL24,-0.41193249995039033,False
RPL26,-1.199814709268485,False
RPL26L1,1.726563628969947,True
RPL27,-0.5281745996276713,False
RPL27A,-0.3834659134659869,False
RPL28,0.4263517515997606,False
RPL3,-0.8296436850361685,False
RPL30,0.06122373231845315,False
RPL31,-0.6919130977453585,False
RPL32,-0.8202871359592515,False
RPL35,-0.17285190275095097,False
RPL35A,-0.5816592535777902,False
RPL36,-0.14456520429118114,False
RPL36A,0.1972424264340981,False
RPL36AL,-0.4588791381818894,False
RPL37,-0.4788996809333968,False
RPL37A,-0.7019912075017954,False
RPL38,-0.157843866500004,False
RPL39,-0.3649156452037711,False
RPL4,-1.0497040945046794,False
RPL5,-1.2536461877516125,False
RPL6,-0.8209980988670615,False
RPL7,-0.46928710922670563,False
RPL7A,-0.46368095377840396,False
RPL7L1,0.12179724281302778,False
RPL8,0.30142648252029647,False
RPL9,-0.47690694011010776,False
RPLP0,-0.17761105087109139,False
RPLP1,0.00076124471574029,False
RPLP2,-0.7655693428584782,False
RPN1,1.419086955954642,True
RPN2,1.3370431841877013,True
RPP14,-0.5331412089027346,False
RPP21,0.9062757113981398,True
RPP25,0.4914574412297582,False
RPP30,-0.6039107007667314,False
RPP38,0.6942987711134839,True
RPP40,0.6348496010525674,True
RPRD1A,0.29589104447473286,False
RPRD1B,0.4067964626999594,False
RPRD2,0.44440760040936744,False
RPS10,-0.218705489414671,False
RPS11,-0.5461704448189072,False
RPS12,-0.6714667739330117,False
RPS13,-0.8736793273980918,False
RPS14,-0.7829427205053492,False
RPS15,-0.03625434517699403,False
RPS15A,-0.5291397749476767,False
RPS16,-0.24707521954584652,False
RPS17,-0.5535102922576587,False
RPS18,-0.37287489827836867,False
RPS19,-0.09842873230675286,False
RPS19BP1,0.2177626839603675,False
RPS2,0.33778708087007614,False
RPS20,-0.7254288347663818,False
RPS21,0.015070553107844787,False
RPS23,-0.9418460251966552,False
RPS24,-0.32846383845818594,False
RPS25,-1.2692138493203804,False
RPS27A,-1.0425053876142838,False
RPS27L,-0.38793529803362214,False
RPS28,-0.00837312556686843,False
RPS29,-0.6216448372494902,False
RPS3,-0.30740378109884287,False
RPS3A,-1.0930312623875138,False
RPS4X,-0.7862834551445389,False
RPS5,-0.4015107326131873,False
RPS6,-0.7856827522695432,False
RPS6KA1,1.0076284046326383,True
RPS6KA3,-1.4664418247310027,False
RPS6KA4,0.34642329282817896,False
RPS6KA5,-0.800354716727343,False
RPS6KB1,0.134500314250061,False
RPS6KB2,1.0909305634802149,True
RPS6KC1,0.7045508472817784,True
RPS7,-0.6164433636407749,False
RPS8,-0.5915603038396735,False
RPS9,-0.6231316288066001,False
RPTOR,0.16312164340256827,False
RPUSD2,0.3802632959436127,False
RPUSD3,0.6047318565833291,True
RPUSD4,-1.2175385819153768,False
RRAGA,-0.6566921887617447,False
RRAGB,-0.40256472564789664,False
RRAGC,-0.8972238101515607,False
RRAGD,-1.4138484724158824,False
RRAS,-1.198987516987953,False
RRAS2,-1.219853783853159,False
RRBP1,0.6729353471990142,True
RREB1,-0.26333301956404487,False
RRM1,1.0099046554279576,True
RRM2,2.841320870677195,True
RRM2B,0.4238900552871327,False
RRN3,0.8429730486007806,True
RRP1,0.792907452774018,True
RRP12,1.443437720026432,True
RRP15,0.4598194082648033,False
RRP1B,0.5161228952476472,True
RRP7A,0.27925797368272653,False
RRP8,0.14325151847619047,False
RRP9,0.5757140601670978,True
RRS1,1.0489650376020958,True
RSAD1,0.062465419032789134,False
RSAD2,0.8197596201452345,True
RSBN1,-0.6929949007340829,False
RSBN1L,0.3392658050132342,False
RSF1,0.06440682918321364,False
RSL1D1,-0.10004977119619088,False
RSL24D1,-0.8388083015151289,False
RSPH1,1.0217093323196766,True
RSPRY1,0.1488263379103264,False
RSRC1,0.5125468948841164,True
RSRC2,0.13734802433216106,False
RSU1,-0.5258154677849828,False
RTEL1,0.48392267243632586,False
RTF1,0.39598676562402085,False
RTKN,1.5508971156452678,True
RTN1,-0.8096173961166043,False
RTN2,-0.052977462218400016,False
RTN3,-0.3350435099753053,False
RTN4,-1.170708650693753,False
RTN4IP1,0.26438208607005675,False
RTP4,-0.0879121317176432,False
RTTN,-0.47390629411425206,False
RUFY1,0.2099240630235548,False
RUFY2,-0.6522359354620123,False
RUFY3,-0.4932516442874956,False
RUNDC1,0.3780833375507246,False
RUNX1,0.2969764617703824,False
RUNX2,0.9507327947861312,True
RUNX3,-0.39763142517456307,False
RUSC1,2.124093918529485,True
RUVBL1,1.6931138745287395,True
RUVBL2,1.3254464857703105,True
RWDD1,-0.5426333363469392,False
RWDD2B,-0.2879341880629529,False
RXRA,-0.6342642391210926,False
RXRB,-0.4426891706064693,False
RYR2,-0.42983531022823496,False
RYR3,-2.910418619677816,False
S100A1,-0.6469155380801104,False
S100A10,-0.4322605248179067,False
S100A11,1.0162623266797437,True
S100A12,-0.7175747283736268,False
S100A13,-0.026416976441792386,False
S100A14,1.2479786754078457,True
S100A16,0.5129639719410678,True
S100A2,-0.3465042067760114,False
S100A3,0.015630097328876415,False
S100A4,-1.158710044620957,False
S100A6,-0.7858584437006184,False
S100A7,0.453705278851801,False
S100A8,-0.02776496833059862,False
S100A9,-0.05045789389940297,False
S100B,-2.1799653406044195,False
S100P,1.556382063861323,True
S100PBP,0.12088308619902291,False
SAAL1,0.594657864197503,True
SAC3D1,1.4509432168618555,True
SACM1L,-0.6150792924209465,False
SACS,-1.43685323150264,False
SAE1,1.445139080521291,True
SAFB,0.5237084913991952,True
SAFB2,0.35935046382309044,False
SALL2,-0.23104708109478014,False
SAMD12,0.8915828781282366,True
SAMD4A,-1.9509711831316354,False
SAMD4B,0.5402139521162516,True
SAMD9,0.5113840631162173,True
SAMD9L,0.03830515307553363,False
SAMHD1,-0.35458916883798247,False
SAMM50,-0.7082590849638176,False
SAMSN1,0.5899018224928219,True
SAP130,0.7010727151330967,True
SAP18,-0.04638042445743188,False
SAP30,0.9942308734644156,True
SAP30BP,0.21251614105750824,False
SAP30L,-1.3792719748454298,False
SAR1A,-0.33570101696637855,False
SAR1B,0.8826085998196832,True
SARDH,0.28716841592789816,False
SARNP,0.8329944404987376,True
SARS2,0.15476269608323107,False
SART1,0.22027824557120096,False
SART3,0.3963847088900219,False
SASH1,-1.5023325787200033,False
SASH3,0.22397487158069113,False
SASS6,1.1639586455112962,True
SAT2,-1.324419084738075,False
SAV1,-2.0136313318072863,False
SBDS,-1.8913185713898488,False
SBF1,-0.5582684192779427,False
SBF2,-1.2139563702128195,False
SBNO1,0.20498659352175308,False
SBNO2,0.8635408212121813,True
SCAF1,0.8389813649296504,True
SCAI,-0.6366931526185201,False
SCAMP2,0.3387685214241549,False
SCAMP3,1.8485457965985246,True
SCAMP4,0.7049072460882156,True
SCAND1,0.7904824367953792,True
SCAPER,-1.1468260133767616,False
SCARB1,-0.5950611782712639,False
SCARB2,-0.28590957067237893,False
SCARF1,-1.6874841998909276,False
SCARF2,0.24462493197804636,False
SCCPDH,0.694685613513934,True
SCD,-0.39481172456230856,False
SCFD1,0.19251593449062293,False
SCFD2,-0.14627411346506733,False
SCG2,0.9793030931949115,True
SCGB1D2,-0.5017627537457114,False
SCGB2A2,-0.37578311644461104,False
SCGN,-0.8760738635839396,False
SCHIP1,-1.2626418325176127,False
SCIN,0.12450435559150916,False
SCLT1,0.4520877542713265,False
SCLY,0.7948344967704262,True
SCMH1,-0.9072118510533979,False
SCML2,-0.040627923012130224,False
SCN7A,-1.3066553154705858,False
SCNM1,1.2851664088717183,True
SCO1,-0.17116801800356876,False
SCO2,1.04369169546734,True
SCOC,0.26291634237509975,False
SCP2,-0.5997682355811317,False
SCPEP1,-1.1526788142979416,False
SCRIB,0.8877694007390822,True
SCRN1,-0.06810734428488048,False
SCRN2,-1.5291730919957238,False
SCRN3,0.11091442108538158,False
SCUBE2,-0.21320312387686677,False
SCUBE3,0.8439610098044382,True
SCYL1,0.6825334766391649,True
SCYL2,0.558971017132317,True
SCYL3,0.7323639160115911,True
SDAD1,0.2304942719042989,False
SDC1,1.496779656530217,True
SDC2,-0.6945858852368092,False
SDC4,0.2865623331327957,False
SDCBP,-0.6692019328022858,False
SDCBP2,-0.13771936951536734,False
SDCCAG8,-0.01457706865810488,False
SDF2,0.7639238495879357,True
SDF2L1,1.3714163091469096,True
SDF4,0.3599701848505763,False
SDHA,0.04707019233068222,False
SDHAF1,0.40877072986641616,False
SDHAF2,0.6125820969369355,True
SDHB,0.022596054805855623,False
SDHC,1.3763275506869783,True
SDR16C5,0.24337406218154267,False
SDR39U1,-0.2573536791288193,False
SDS,2.313654803996061,True
SDSL,1.1474361844050003,True
SEC11A,-0.21956839507791184,False
SEC11C,0.8032694813994691,True
SEC13,1.1877343825496642,True
SEC14L1,-1.70349282163887,False
SEC14L2,-0.015960054390239804,False
SEC16A,1.062076650415147,True
SEC22A,0.1529746302581681,False
SEC23A,-0.5901958564070136,False
SEC23B,1.1800708114388498,True
SEC23IP,0.6436680668982572,True
SEC24A,0.25943757250850147,False
SEC24B,-0.6498865421755174,False
SEC24C,0.6698616707448745,True
SEC24D,1.186641068436242,True
SEC31A,0.758113595714303,True
SEC61A1,1.218860163297451,True
SEC61B,0.7412418241426345,True
SEC62,-0.454978844492412,False
SEC63,-0.0024142590632458896,False
SECISBP2,0.22937377880372642,False
SECISBP2L,-1.0742751744006285,False
SEH1L,0.49806905025633813,False
SEL1L,-0.04183674051937252,False
SELENBP1,-0.23254274921031784,False
SELL,0.5065294893092109,True
SELP,-1.3702112519450163,False
SEMA3C,-0.9406569004867052,False
SEMA3F,1.0493123628844452,True
SEMA4A,0.8148145047918547,True
SEMA4B,0.6798474023021979,True
SEMA4C,0.27518845870764147,False
SEMA4D,0.7378010280026114,True
SEMA7A,1.155527411311403,True
SENP1,0.6537715069050403,True
SENP2,-0.19902550702460417,False
SENP6,-0.5842285887501282,False
SENP7,-0.7335440544210319,False
SENP8,-0.1401798524301521,False
SEPHS1,0.488027825376574,False
SEPHS2,1.556286204055724,True
SEPSECS,-0.43436401892255283,False
SERAC1,-0.20778786540173436,False
SERBP1,-0.14716623074142032,False
SERF2,0.8306256363619334,True
SERGEF,-0.3941467393546101,False
SERINC1,-1.2212516753275755,False
SERINC3,-0.46075299237197914,False
SERPINA1,-0.00310968984626695,False
SERPINA10,-0.08527883860245636,False
SERPINA3,0.4129638391570371,False
SERPINA4,0.032013383179434265,False
SERPINA5,-0.26433925983526974,False
SERPINA6,-0.2748113410520712,False
SERPINA7,0.025582051199283893,False
SERPINB1,-0.1581418330654476,False
SERPINB10,0.2136279226244935,False
SERPINB5,-0.8460849193796817,False
SERPINB6,-0.3023300058190425,False
SERPINB7,0.6561778209340047,True
SERPINB8,-0.4765785773652366,False
SERPINB9,-0.45772481920794417,False
SERPINC1,0.5581733405430718,True
SERPIND1,-1.14939823713428,False
SERPINE1,0.6822196063358885,True
SERPINE2,0.2501971400023082,False
SERPINF1,-1.1541482799197682,False
SERPINF2,-1.1071684937083552,False
SERPING1,-1.51573950906732,False
SERPINH1,0.7798388717151747,True
SERPINI1,-0.2257689531240052,False
SESN1,-1.4180506910374717,False
SESN3,-0.7789619308098091,False
SESTD1,-0.7377247062233903,False
SET,1.3230684096056864,True
SETD1A,0.42397474829406867,False
SETD1B,0.23508519200760677,False
SETD2,-0.6942493873053192,False
SETD3,-0.7626078867206421,False
SETD5,0.2454384893465585,False
SETD6,-0.44091090314915765,False
SETD7,-1.194142573752108,False
SETDB1,0.9683709641233424,True
SETMAR,-0.8421336750165532,False
SETX,-0.7938467030041654,False
SEZ6L2,0.5769128251700342,True
SF1,-0.5903451413430315,False
SF3A1,-0.8718873880487287,False
SF3A2,0.23935495023950754,False
SF3A3,-0.04774081359195508,False
SF3B1,-0.17818414431753452,False
SF3B2,0.5019995082489012,True
SF3B3,0.27952264769807433,False
SF3B4,1.6163400317965644,True
SF3B5,0.24355852345537685,False
SFMBT1,0.43038858129999463,False
SFN,0.4583078018846896,False
SFPQ,1.6678312887758848,True
SFRP1,-1.8256582211873718,False
SFRP2,0.3243538052769028,False
SFRP4,-0.47180293559750736,False
SFT2D3,0.02892634203509478,False
SFXN1,1.4903218225799129,True
SFXN2,0.9503904796317418,True
SFXN3,-0.06294771564538439,False
SFXN4,0.5092401208639082,True
SFXN5,0.8601480000001088,True
SGCB,-1.3779147953923043,False
SGCD,-0.6746931239820417,False
SGCE,-1.3342127381873832,False
SGK3,-0.06423135938471676,False
SGPL1,1.3138568595710212,True
SGSH,-0.18574218987233257,False
SGSM2,-0.8419546048187062,False
SGSM3,0.08284998688582534,False
SGTA,0.5373000061548977,True
SGTB,-0.827012932695074,False
SH2B1,-0.430860874698967,False
SH2D1A,0.07387668883953898,False
SH2D2A,0.7411156469738027,True
SH2D3A,0.6133404831076918,True
SH2D3C,-1.2414776555748064,False
SH2D4A,0.16712626484777737,False
SH3BGR,-0.619811838756164,False
SH3BGRL,0.26318891589815163,False
SH3BGRL2,-2.132774432290839,False
SH3BGRL3,0.6805078511034914,True
SH3BP1,0.9360042303382959,True
SH3BP2,-1.0895106474054297,False
SH3BP4,0.2524373811443908,False
SH3BP5,-1.4404019146033387,False
SH3BP5L,1.1586376177678392,True
SH3D19,-2.508643417977643,False
SH3GL1,0.9725076884194147,True
SH3GLB1,-1.8227506769330135,False
SH3GLB2,0.09590743344785736,False
SH3KBP1,-0.9866115837728759,False
SH3PXD2A,-0.11665614903725367,False
SH3PXD2B,-0.1588188260334839,False
SH3RF1,0.5021490735673264,True
SH3TC1,0.2640882467702715,False
SH3YL1,-0.051638561530116395,False
SHARPIN,1.0713548587676227,True
SHB,0.9998913182201328,True
SHBG,-1.046314491895896,False
SHC1,0.44047702487368473,False
SHCBP1,2.409803926994103,True
SHISA5,0.9738067494890308,True
SHKBP1,1.241489454837299,True
SHMT1,-1.623354955845436,False
SHMT2,1.2853924769019363,True
SHOC2,0.10691563771986008,False
SHPK,-0.36896800183314815,False
SHPRH,-0.9798741471499045,False
SHROOM1,0.12907230684181584,False
SHROOM2,1.1776732373916974,True
SHROOM3,0.43662827202324167,False
SHROOM4,-1.55163752874987,False
SIAE,-0.6036876300050334,False
SIAH1,-0.28026368871612545,False
SIAH2,1.349010244849523,True
SIDT2,-1.523340829075681,False
SIGIRR,0.942909826176428,True
SIGLEC1,-0.10557233437965236,False
SIK2,-2.818715238321638,False
SIK3,-0.9351352671671543,False
SIKE1,-0.048728506711885146,False
SIL1,0.4643883410361037,False
SIN3A,0.05643161922923982,False
SIN3B,-0.5328665763774928,False
SIPA1,0.2733916429790701,False
SIPA1L1,-0.12572008139637417,False
SIPA1L2,0.3412282437186818,False
SIPA1L3,1.6543887475109813,True
SIRPA,-1.6685976492428807,False
SIRT1,-0.8486875238555246,False
SIRT2,-1.0289576340331739,False
SIRT3,-0.4157662573058295,False
SIRT5,-0.24068928781322144,False
SIRT6,1.128607809001364,True
SIRT7,1.1951023768395204,True
SIVA1,0.31527974574533435,False
SIX1,0.32571121612099085,False
SIX4,1.6178086365374638,True
SIX5,0.013023569178036641,False
SKA1,2.4934281294199225,True
SKA3,2.6771985262708378,True
SKAP1,0.5037442091845087,True
SKAP2,-1.5908911112154627,False
SKIL,0.6791935783279243,True
SKP1,0.010049101952736597,False
SLAIN2,-0.2755388687267201,False
SLBP,1.0904199336164355,True
SLC11A2,0.17404522593333796,False
SLC12A2,-0.40657431782111264,False
SLC12A4,-1.760758004600647,False
SLC12A6,-1.487413623644328,False
SLC12A7,0.9181554136432304,True
SLC12A8,1.833009650209062,True
SLC12A9,0.6853481517050619,True
SLC16A1,-0.235157097660532,False
SLC16A3,1.743417939886489,True
SLC17A5,-0.4404546910524234,False
SLC1A1,0.19981714664832362,False
SLC1A4,0.9664425028592692,True
SLC1A5,-0.07374073457559328,False
SLC20A2,0.27480466098370177,False
SLC25A1,-0.23295274256953435,False
SLC25A10,1.0065371927451021,True
SLC25A11,0.04093195952969577,False
SLC25A12,-0.7533836957341923,False
SLC25A13,0.4614483031935145,False
SLC25A15,1.3003633484949757,True
SLC25A16,-0.7047990918019754,False
SLC25A17,0.990630999149165,True
SLC25A18,-1.2532417766763242,False
SLC25A19,1.209907146680136,True
SLC25A20,-1.2050802769163222,False
SLC25A22,1.8623246982567832,True
SLC25A24,0.5249815357432365,True
SLC25A25,-1.45709190832611,False
SLC25A29,0.34253502296274296,False
SLC25A3,-0.6649489588748687,False
SLC25A35,0.37187140382167505,False
SLC25A36,-0.770074381497685,False
SLC25A4,-0.5454361121363847,False
SLC25A40,0.1666506088792381,False
SLC25A46,-0.5631319047416259,False
SLC25A5,0.8485473797252415,True
SLC27A1,-1.6389407117321237,False
SLC27A2,0.43335090843690593,False
SLC27A3,-0.6619558921389018,False
SLC27A4,1.3274217068704268,True
SLC2A1,1.3201536796248985,True
SLC2A10,0.7730468068302766,True
SLC2A3,-0.7597309220698295,False
SLC30A1,0.38564381446844437,False
SLC30A5,0.30502939697115444,False
SLC30A6,0.2858344815774235,False
SLC30A9,0.3154631472916669,False
SLC33A1,0.4437309700512003,False
SLC34A2,-0.8317906914641015,False
SLC35A2,2.5115497402470135,True
SLC35B2,0.886260215493718,True
SLC35B3,0.3752597809915929,False
SLC35E1,0.6843635739046505,True
SLC38A1,0.7090977384415135,True
SLC38A10,0.014216697627231628,False
SLC39A10,0.4537913951551429,False
SLC39A11,1.444155934166195,True
SLC39A14,-0.4274963109723559,False
SLC39A6,0.6187389625250042,True
SLC39A7,1.3729546775248025,True
SLC3A2,0.7664464546577827,True
SLC44A1,0.7465816219289608,True
SLC44A2,0.19153181473896053,False
SLC44A4,0.6981545019185577,True
SLC4A1,-1.3990813227341325,False
SLC4A1AP,0.4933731933896278,False
SLC4A2,1.0416945178270094,True
SLC4A7,-0.27692504355917413,False
SLC5A6,0.10388939855369833,False
SLC7A1,0.45409247399673563,False
SLC7A2,-0.07879904197734815,False
SLC7A5,1.256776372816026,True
SLC7A6OS,-0.5446369425424237,False
SLC9A1,0.49842474082450544,False
SLC9A7,0.28943160566291726,False
SLC9A9,-1.7886015637696873,False
SLCO2A1,-0.39086344514265864,False
SLFN11,-0.8631145988924823,False
SLFN5,-0.8358438598561975,False
SLIT2,-1.2437706458349864,False
SLIT3,-1.8295879215909887,False
SLITRK6,0.1287847316537084,False
SLK,-0.6762824093069569,False
SLMAP,-0.6944623921373322,False
SLPI,-0.9352200383722544,False
SLTM,0.05209662269596935,False
SLU7,-0.7816181703836855,False
SMAD1,-0.1295318337146541,False
SMAD2,-0.6211077389549536,False
SMAD3,-0.8123913885694602,False
SMAD4,-1.193313471331252,False
SMAP1,0.04786681031345968,False
SMAP2,0.302661881259353,False
SMARCA1,-0.6651958461000178,False
SMARCA2,-1.376117180787158,False
SMARCA4,1.611047792725721,True
SMARCA5,0.45142853764595664,False
SMARCAD1,-0.19802388406659538,False
SMARCAL1,0.37341357560099186,False
SMARCB1,0.81419816093393,True
SMARCC1,0.9048723636539429,True
SMARCC2,-0.6545601563335828,False
SMARCD1,0.10162008335147088,False
SMARCD2,0.5310106903852152,True
SMARCD3,-0.7968530666298096,False
SMARCE1,0.32500631221777515,False
SMC1A,0.8414355668549246,True
SMC2,0.8392471238119928,True
SMC3,0.15343487361864128,False
SMC4,2.1421150924997825,True
SMC5,-0.5071079480644585,False
SMC6,1.1608922798493793,True
SMCHD1,-0.26938873036310096,False
SMCR8,-0.15306904829637502,False
SMG1,0.06436400386831197,False
SMG5,1.0280857567289858,True
SMG6,-1.2273335069674576,False
SMG7,1.8322913311949465,True
SMNDC1,0.32064731406345337,False
SMOC1,-1.150813106286292,False
SMOC2,-0.7009845857899811,False
SMPD1,-0.1486237278772748,False
SMPD2,1.0719996040385718,True
SMPD4,1.2291557632805694,True
SMPDL3A,-0.5431025122978713,False
SMPDL3B,1.0908053014451533,True
SMS,1.5385682602445732,True
SMTN,-0.9914521718735171,False
SMU1,-0.08096737702460748,False
SMUG1,0.7489212576288712,True
SMURF2,-0.46447486869657756,False
SMYD2,0.2099779219089891,False
SMYD3,1.2970001508841906,True
SMYD4,-1.9096055131908465,False
SMYD5,0.5042207639885697,True
SNAP23,-0.0049582320926230454,False
SNAP29,0.5784414045654714,True
SNAP47,1.281804118085991,True
SNAPC3,0.4731459733137189,False
SNAPC4,0.3612722236298388,False
SNAPC5,-0.11602274743383394,False
SNAPIN,0.53899617253611,True
SNCA,-2.130057453482949,False
SNCG,-1.4452701367841048,False
SND1,0.5801417790559743,True
SNED1,-0.9380425613775243,False
SNF8,0.605339147512872,True
SNIP1,-0.40439470689590173,False
SNRK,-1.6188127342541485,False
SNRNP200,0.3099753653965635,False
SNRNP25,1.8638929128320547,True
SNRNP27,-0.17105810681489497,False
SNRNP35,0.1551688294403764,False
SNRNP40,0.7375510824771307,True
SNRNP48,-0.2846704016900862,False
SNRNP70,0.002401443823399204,False
SNRPA,0.35654597566737306,False
SNRPA1,1.406082269734463,True
SNRPB2,0.8678097416805054,True
SNRPC,1.3010203588570484,True
SNRPD1,1.358754655422662,True
SNRPD2,0.6575233339500017,True
SNRPD3,1.0158247427513902,True
SNRPE,1.737725417821569,True
SNRPF,1.1907398092590644,True
SNRPG,1.386537666290309,True
SNRPN,-0.4632071101804017,False
SNTA1,-0.9562000814509374,False
SNTB1,-0.7702318948382585,False
SNTB2,-1.6770052245618163,False
SNUPN,-0.1391305849242644,False
SNW1,0.09946489543918281,False
SNX1,-1.3854041716046634,False
SNX10,0.37237688271902136,False
SNX11,0.028801661595823598,False
SNX12,-0.07482419536037076,False
SNX13,-0.5181889879965376,False
SNX14,0.40636532144648807,False
SNX15,-0.8920459438415405,False
SNX16,-0.08529465683911061,False
SNX17,-0.24742467919412814,False
SNX18,-1.2046578610691019,False
SNX2,-0.5734794211666892,False
SNX20,0.4454965730870814,False
SNX21,-1.67372682205811,False
SNX24,0.85637288391708,True
SNX27,1.2513348660352097,True
SNX29,-0.9928749942753041,False
SNX3,-0.8179633568067386,False
SNX30,-0.21252841030110994,False
SNX33,-1.4849717731833372,False
SNX4,0.5277042717302795,True
SNX5,-0.6013414149620568,False
SNX6,-0.22005890484609317,False
SNX7,-0.3811801555162359,False
SNX8,0.37560796106357036,False
SNX9,-0.638369553833038,False
SOAT1,0.4554333509134426,False
SOCS6,0.017531668170340353,False
SOD1,0.5836421475519077,True
SOD2,-1.0616260347543123,False
SOD3,-2.103994322933207,False
SON,-0.43364191294026944,False
SORBS1,-2.778570213569877,False
SORBS2,-1.0626853836989634,False
SORBS3,-0.9932177858654451,False
SORCS2,-0.008499956245446359,False
SORD,1.5727354776187112,True
SORL1,-0.29328607903396253,False
SORT1,-0.382895698798362,False
SOS1,-1.2247208169515538,False
SOS2,-1.160981676793326,False
SOX10,-1.3632815600242156,False
SOX13,0.2435721723417188,False
SOX4,1.0738320298877504,True
SOX9,-0.25932779572313047,False
SP1,-0.608908736101259,False
SP100,-0.29144100252305477,False
SP110,0.6084557553495229,True
SP140,0.6266495332379199,True
SP140L,-0.37147793002806356,False
SP2,-0.9153093037081811,False
SP3,0.08532833364576717,False
SP4,-0.6650837667918659,False
SP6,0.5699059887785416,True
SPA17,0.5666551277041905,True
SPAG1,1.5649742568253067,True
SPAG5,2.5233112415742287,True
SPAG7,-0.3998365862359701,False
SPAG9,-0.5970163819863833,False
SPARC,0.20916307112544993,False
SPARCL1,-1.9756249488715703,False
SPAST,0.5226967632990651,True
SPATA13,-0.1605800118068908,False
SPATA18,-0.9559869399300513,False
SPATA2,0.628281419408225,True
SPATA20,0.17769859779887653,False
SPATS2,1.8332669401310917,True
SPATS2L,0.044599734116440255,False
SPC24,2.264978272103139,True
SPC25,3.22928944404084,True
SPCS1,0.9063439380678697,True
SPCS2,0.8627802485603447,True
SPCS3,0.05602665943989422,False
SPDEF,0.7397661017484098,True
SPEF2,-0.02525480621575213,False
SPEG,-0.9753307143331666,False
SPEN,-1.0587235952791738,False
SPG11,-0.23783677238150447,False
SPG21,0.7260283082204778,True
SPG7,-0.5708211619605493,False
SPHK1,0.22095487658341276,False
SPHK2,0.4843983011122198,False
SPI1,0.46493910519472975,False
SPIN1,-0.06647751591309105,False
SPINT1,1.502504658947767,True
SPINT2,1.8794660525964155,True
SPIRE1,0.027421931865439793,False
SPN,-0.04642659272478106,False
SPNS1,1.1229420442946694,True
SPOCK2,0.02754114452964645,False
SPOP,0.028695477418814754,False
SPP1,1.187825942226724,True
SPP2,0.1313169769518852,False
SPPL2A,0.35577684350493083,False
SPR,0.8574327938454454,True
SPRYD3,-0.32093438507526145,False
SPRYD4,-0.06819671910338516,False
SPTA1,-0.9024922475266657,False
SPTAN1,-0.5015834698866704,False
SPTB,-1.521880872418766,False
SPTBN1,-2.821356311551169,False
SPTBN2,0.4856274733566163,False
SPTBN4,-0.2180272638541493,False
SPTBN5,-0.23830170386414232,False
SPTLC1,0.05780516011573687,False
SPTLC2,0.17615462629795817,False
SPTY2D1,0.4162975207448707,False
SQLE,2.128956723162026,True
SQSTM1,0.3641956956217288,False
SRA1,0.7017992903599833,True
SRBD1,-0.026085522418283335,False
SRC,1.0139767622160922,True
SRCAP,0.7337552333317947,True
SRCIN1,0.5699537610557852,True
SRD5A3,1.0502789590478285,True
SREBF1,0.8041648350386853,True
SRF,-1.1437982521484862,False
SRFBP1,-0.11604622725353278,False
SRGAP1,0.21867717822660637,False
SRGAP3,-0.4173026563438007,False
SRGN,-0.6324679859950341,False
SRI,-0.08632020917991232,False
SRM,0.2936299483074495,False
SRP14,0.1180796705800577,False
SRP19,0.8295913961242157,True
SRP54,1.4036419872636627,True
SRP68,0.25285064525453577,False
SRP72,0.7887383423204888,True
SRP9,1.8862674707564453,True
SRPK1,1.2623781901399502,True
SRPK2,0.9064507109527656,True
SRPRB,1.3909882786722805,True
SRPX,-2.3397188213883915,False
SRPX2,-0.4756653174768425,False
SRR,-0.4331803836133312,False
SRRM1,-0.43016946956448165,False
SRRM2,-0.34567660778427334,False
SRRT,1.2411453087995767,True
SRXN1,1.4031563254714567,True
SS18,0.4176684939777539,False
SS18L1,0.47870526864275137,False
SS18L2,0.6652982145106553,True
SSB,0.21096798716741375,False
SSBP1,0.9344509761920192,True
SSBP2,-0.8308884678520642,False
SSBP3,-0.46478330412637286,False
SSBP4,0.4509089768222959,False
SSC5D,-0.332460293086979,False
SSH1,-0.3808698696669403,False
SSH2,-0.25797121020244596,False
SSH3,0.42342035116041127,False
SSNA1,1.051946100088305,True
SSR1,0.739144684358431,True
SSR2,1.1498322102119578,True
SSR3,0.1708878171278279,False
SSR4,0.983033656609262,True
SSRP1,0.6459118312232188,True
SSU72,-0.025763285431782627,False
SSX2IP,2.107944613757525,True
ST13,-1.1243027462448516,False
ST14,1.1472693654556865,True
ST3GAL1,0.619345209046068,True
ST3GAL4,0.9340168083576997,True
ST6GAL1,-0.35465762270143364,False
STAB1,-1.181597246754708,False
STAC2,-1.3503030704514924,False
STAG1,-0.6204049775492722,False
STAG2,-0.5756464177260735,False
STAM,0.6421536896273494,True
STAM2,-0.2063260663747505,False
STAMBP,0.9252949886951516,True
STAMBPL1,-0.7968692583399201,False
STAP2,1.0864814709860198,True
STARD10,1.3823694435747984,True
STARD13,-1.0270075435919372,False
STARD3,0.4725784883710872,False
STARD5,-0.13988298686568085,False
STARD7,0.4344457097902215,False
STAT1,0.9732082436548942,True
STAT2,0.08361897385198815,False
STAT3,-0.18258072305511494,False
STAT4,-0.7397791092051614,False
STAT5A,-1.939762646145,False
STAT5B,-2.060063136533766,False
STAT6,-1.0315007510760517,False
STAU1,1.1695287497423463,True
STAU2,0.9000538603627578,True
STBD1,-1.776891293739223,False
STC1,0.08819004805267866,False
STC2,-0.13806986523392922,False
STEAP2,-0.6996464045289875,False
STEAP3,-0.40500761349511477,False
STEAP4,-1.0701584722192654,False
STIM1,-0.7232196691291575,False
STIM2,-1.1990159583949187,False
STIP1,1.5660714321690583,True
STK10,0.06357659170169823,False
STK11,0.2656554980872659,False
STK11IP,0.7616227823049895,True
STK16,0.3928102963602544,False
STK17A,-0.421752812475576,False
STK17B,-0.5441990292984843,False
STK24,0.037845534094209037,False
STK25,-0.1663079841830044,False
STK3,0.391924016412669,False
STK32C,0.6873168788115568,True
STK35,0.7412532054050165,True
STK38,-0.10529520313738605,False
STK38L,0.08545155569135152,False
STK39,0.3850495411468786,False
STK4,0.644138307905382,True
STMN1,1.5258399928944177,True
STMN3,0.09613830636034115,False
STOM,-0.6833416834410494,False
STOML2,0.5595053210587252,True
STON1,-1.3697503864085891,False
STON2,-0.43110637842684785,False
STRADA,0.32590497323933754,False
STRAP,0.4704439725900532,False
STRBP,2.4643786057889088,True
STRN,-0.08214234083047972,False
STRN3,-0.014963901858353291,False
STRN4,0.7555135038498139,True
STT3A,0.6167793531549032,True
STT3B,0.3141241131047686,False
STUB1,0.65246550311891,True
STX10,0.5178965286078332,True
STX11,-1.7418945108470867,False
STX12,-1.8322648685409821,False
STX16,-0.38084987167398004,False
STX17,-0.7318970192367065,False
STX18,0.4960149117190247,False
STX3,1.2188114136733197,True
STX4,0.5006902144568661,True
STX5,0.15523500114055822,False
STX6,1.6758069398106317,True
STX7,-1.352092088928484,False
STX8,-0.9191276632726486,False
STXBP1,-1.4924858664791079,False
STXBP2,1.7978330379463678,True
STXBP3,-0.12215265630132498,False
STXBP4,0.3649807655595796,False
STXBP5,-0.41825263186610695,False
STYX,0.26911190006541114,False
SUB1,0.25020524519191906,False
SUCLA2,-1.5671142534483982,False
SUCLG1,-1.4928490464254216,False
SUCLG2,-0.3838146113903842,False
SUDS3,0.8001623920210619,True
SUFU,-0.2850206100474297,False
SUGT1,0.258881777106867,False
SULF1,1.3762092123674425,True
SULF2,0.6401521185861425,True
SULT1A1,-0.24360519437662678,False
SULT1C2,0.09879003437484897,False
SULT2B1,0.41363516167237385,False
SUMF1,0.11231793779919463,False
SUMF2,0.3853819868436424,False
SUMO1,0.9291439154491002,True
SUMO3,0.6369891325660536,True
SUN1,-1.1130022056753235,False
SUN2,-1.5292999427886125,False
SUOX,-0.19654509186981536,False
SUPT16H,0.6116446543055474,True
SUPT3H,-0.7680682031578154,False
SUPT4H1,0.631582723434014,True
SUPT5H,0.5038670194871776,True
SUPT6H,0.09833786975930528,False
SUPT7L,-0.4350877833507473,False
SUPV3L1,0.06750034244331946,False
SURF1,0.13030366546587105,False
SURF2,0.5959934051749529,True
SURF4,0.3957624318179943,False
SURF6,0.14247235508059256,False
SUSD2,0.2528463003031515,False
SUV39H2,1.010826236242943,True
SUZ12,0.5419024335923421,True
SVEP1,-2.2951862167337023,False
SVIL,-1.2795553151693508,False
SVIP,0.7581039408152803,True
SWAP70,-1.2023498517646451,False
SYAP1,1.3632777503405507,True
SYBU,-0.3905403840279592,False
SYDE1,-1.1273924306166232,False
SYDE2,0.07533741260400356,False
SYF2,-0.9344715958688885,False
SYK,0.1509562884477645,False
SYMPK,0.621771762879437,True
SYNC,-0.3157004873548932,False
SYNCRIP,0.12263612066084663,False
SYNE1,-1.8141947550545068,False
SYNE2,-1.3899931190182648,False
SYNGR1,-0.36746100822566374,False
SYNGR2,1.501185503295696,True
SYNJ1,-0.38832877737906835,False
SYNJ2,0.2632716506367276,False
SYNPO,-1.9080017415238129,False
SYNPO2,-2.010755528181449,False
SYNRG,-0.4365809844885622,False
SYPL1,-0.27330558763073026,False
SYT1,0.23714742528145946,False
SYT17,0.3257526141174415,False
SYT7,0.7202574215992952,True
SYTL1,0.5066347114901698,True
SYTL2,0.28576780449871253,False
SYTL3,-0.7409867271973865,False
SYTL4,-0.25720845114405205,False
SYTL5,0.1384125379360998,False
SYVN1,0.342449649039132,False
TAB1,-0.15760852826003013,False
TAB2,-0.5806125800415335,False
TAB3,0.257748789749729,False
TACC1,-1.7825727888151492,False
TACC2,-0.6176901220859589,False
TACC3,2.434519389666439,True
TACO1,0.9214648926708975,True
TACSTD2,0.15101901952657726,False
TADA1,1.3208166778412385,True
TADA2B,-0.10299016297560183,False
TADA3,0.5079878305312736,True
TAF1,-0.6586170703423456,False
TAF10,0.6729178290971025,True
TAF11,0.7337764751940788,True
TAF12,0.6132118828106438,True
TAF13,0.14527891527564377,False
TAF15,0.10517202542009786,False
TAF2,0.953806114949971,True
TAF3,-0.12525266602381335,False
TAF4,1.1056629991386866,True
TAF5,0.08420451282172713,False
TAF5L,0.7473064194460503,True
TAF6,0.9270359825693805,True
TAF6L,0.20642344087571754,False
TAF7,-0.49188141053359813,False
TAF8,-0.818537569770809,False
TAF9,0.4103020884803015,False
TAF9B,0.16065774176828868,False
TAGLN,-1.479214172120255,False
TAGLN2,1.0472349692794825,True
TALDO1,0.5216405352044425,True
TANC1,-0.8104939371499007,False
TANC2,0.6971934278837106,True
TANK,-1.9826873667314633,False
TAOK1,-0.25458791927506913,False
TAOK2,0.48702739792509653,False
TAOK3,-0.058865281593553705,False
TAP1,0.9153285839184645,True
TAP2,0.17810661978116718,False
TAPBP,1.2150344513937892,True
TAPBPL,-0.2520663692020779,False
TAPT1,-0.2009665057490774,False
TARBP1,0.8608416893187913,True
TARBP2,0.999861816311334,True
TARDBP,0.8336342343996915,True
TARS2,1.614989926589315,True
TASP1,-0.6241407943586249,False
TATDN1,0.1531151146998848,False
TATDN2,0.5102824808265303,True
TATDN3,0.015495695359306462,False
TAX1BP1,0.42776351164930293,False
TAX1BP3,-0.053747347753187284,False
TBC1D1,-0.26322996180863345,False
TBC1D10A,-0.2401558156950723,False
TBC1D10B,1.558056373502933,True
TBC1D10C,0.1527575316327474,False
TBC1D12,-0.4538803383294398,False
TBC1D13,-1.4568695336656112,False
TBC1D15,-0.8970756157816151,False
TBC1D16,-0.3212866668961801,False
TBC1D17,-1.1501434987670087,False
TBC1D2,0.6094643495018337,True
TBC1D20,-0.3829907159757424,False
TBC1D22A,-0.4450412062947818,False
TBC1D22B,0.2820588904454375,False
TBC1D23,-0.032440957216910815,False
TBC1D24,0.23104996452674545,False
TBC1D25,-1.1173396832495557,False
TBC1D2B,-1.3125805824848549,False
TBC1D4,-1.6735347872532176,False
TBC1D5,-1.0880046054223047,False
TBC1D7,1.2726084582496169,True
TBC1D8,-0.08283653310003358,False
TBC1D8B,-0.12969029563210585,False
TBC1D9,0.21951224009279482,False
TBC1D9B,-0.3527985841532302,False
TBCA,0.7555812116910969,True
TBCB,1.3625507209645902,True
TBCC,0.688579408069521,True
TBCD,0.8396293190039371,True
TBCE,1.5642000756990162,True
TBCEL,-0.49023075579406766,False
TBCK,-0.2018777037898212,False
TBK1,0.6456938563578642,True
TBL1X,0.0333876469214035,False
TBL1XR1,0.8928271325661812,True
TBL2,1.7702935173259413,True
TBL3,1.0279625577282512,True
TBP,-0.3203724076402473,False
TBPL1,-0.3414422390964582,False
TBX3,-0.13949133805418928,False
TBXAS1,-0.2827925293455192,False
TC2N,0.19191632212700863,False
TCEA1,0.7269531021096425,True
TCEA2,-0.11279001008349247,False
TCEA3,0.6855344097686913,True
TCEAL1,4.521348111881572e-05,False
TCEAL3,0.6473656960167814,True
TCEAL4,0.3627612851488537,False
TCERG1,0.2998220138408235,False
TCF12,-0.34006948175673973,False
TCF20,0.25841804930223045,False
TCF25,-0.7406424760845577,False
TCF3,1.0512896282099764,True
TCF4,-1.0466328021553208,False
TCF7L2,-1.55587974085332,False
TCHP,0.14420967054562597,False
TCIRG1,0.7998151561010824,True
TCL1A,0.3799401341476152,False
TCN1,-0.7365721072253999,False
TCOF1,0.6558422559692455,True
TCP1,0.21374815413009438,False
TCP11L1,-0.2113385883605615,False
TCP11L2,-1.4470497840952872,False
TCTN1,0.2977730807992183,False
TDG,1.0129487994383932,True
TDP1,0.8004043895850065,True
TDP2,0.4357516284844821,False
TDRD3,-0.6061168968996461,False
TDRD7,0.3451478478884645,False
TDRKH,1.4386071488945726,True
TEAD1,-1.5885180479065752,False
TEAD3,-0.04281670796425303,False
TECPR1,-0.38737081148961,False
TECPR2,-1.3222712473334863,False
TECR,0.31732928756947365,False
TELO2,0.9719838084408281,True
TEP1,-0.34562955491831776,False
TERF2,-0.43878704381184835,False
TERF2IP,-0.8068982750019884,False
TES,-0.4586436879264224,False
TESK1,-0.4961953057664639,False
TESK2,-0.19093522956614972,False
TEX10,0.0617090701579668,False
TEX2,-0.01862239488138897,False
TEX264,0.621405838372306,True
TF,-1.8813691110495132,False
TFAM,0.1368584973803544,False
TFAP2A,1.2450627768730143,True
TFAP2B,-0.3240924834819426,False
TFAP2C,-0.12053178269578832,False
TFAP4,0.7381617816732582,True
TFB1M,0.16540142743600103,False
TFB2M,1.4417694279241793,True
TFCP2,-0.20114970347190694,False
TFCP2L1,-0.5638339750031396,False
TFDP1,0.7024824465605618,True
TFDP2,-0.23472770260419312,False
TFE3,-1.3881250986717888,False
TFEB,-0.6636831536921174,False
TFF1,0.3897062372425099,False
TFF3,0.22259459661994357,False
TFG,1.3806390206534147,True
TFIP11,0.13594939793253696,False
TFPI,-2.0539000886822207,False
TFPT,0.9559279430969196,True
TFRC,0.9101419889219694,True
TG,0.6276124953523688,True
TGFB1,0.8043652499872723,True
TGFB1I1,-1.2924864323385077,False
TGFB2,-0.3728757593005576,False
TGFB3,0.5258585239072374,True
TGFBI,0.13572358492960146,False
TGFBR3,-1.9926941646073564,False
TGFBRAP1,-0.159678433684056,False
TGIF1,0.8496236075525663,True
TGM2,0.3902312922398621,False
TGOLN2,-0.6343244180674137,False
TGS1,0.3420047937773466,False
THADA,0.02787524885325306,False
THAP11,-0.2822766729364839,False
THAP4,0.5922803575246999,True
THBD,-1.2439657785224232,False
THBS1,0.14124289101874776,False
THBS2,0.6507205040416495,True
THBS3,-0.04126724829342234,False
THBS4,-0.40186605650155194,False
THEM4,0.1187087176339987,False
THEMIS,-0.3166506602570699,False
THG1L,0.20386442882364206,False
THNSL1,0.05324918235971156,False
THNSL2,-0.21941824747685193,False
THOC1,0.3041065430710592,False
THOC2,0.5863273758308604,True
THOC3,1.2942654263495106,True
THOC5,-0.39496678357683507,False
THOC6,1.3922157019527275,True
THOC7,0.11368183831701718,False
THOP1,0.8385833585546982,True
THRAP3,0.0031811448906819404,False
THSD4,0.036965984887977484,False
THTPA,-0.29826791086487087,False
THUMPD1,-0.26839443603330193,False
THUMPD2,-0.0033178378873371466,False
THUMPD3,1.0361183510705563,True
THY1,0.9079236630871219,True
THYN1,-1.1720615572209174,False
TIA1,-0.08426698943129535,False
TIAL1,0.02368237437639867,False
TIAM1,0.3906733176439824,False
TICAM1,0.46256932344540697,False
TIFA,0.18497787311529662,False
TIMELESS,2.1539504122093196,True
TIMM10,0.9456945257327476,True
TIMM13,0.8202415505227727,True
TIMM17A,2.1784025477810425,True
TIMM17B,1.6704794544260386,True
TIMM22,-0.024685708394998774,False
TIMM44,0.5075834732642406,True
TIMM50,0.785463184087676,True
TIMM8A,0.6337375047334304,True
TIMM8B,0.47031473462653284,False
TIMM9,-0.2770156224206003,False
TIMP1,0.9787898315247769,True
TIMP2,-0.9149233201564912,False
TIMP3,-0.9185301558544182,False
TINAGL1,-1.9042407982418477,False
TINF2,-0.23842466258441497,False
TIPIN,0.8645474706280304,True
TIPRL,1.2436450363100917,True
TJAP1,-0.48100798795171634,False
TJP1,-1.111882798422384,False
TJP2,-1.0524847178496235,False
TJP3,1.5677567291952748,True
TK1,2.706588841150587,True
TK2,-1.953508968769769,False
TKT,-0.3965998845073789,False
TLE1,-0.812375714748996,False
TLE2,-1.160690389707674,False
TLE3,1.2604529599168406,True
TLK1,0.16390967739638013,False
TLK2,0.4704115408233056,False
TLN1,-1.6776708814543182,False
TLN2,-2.119562339183556,False
TLR2,-0.4591523559048688,False
TLR3,-1.0872918392094977,False
TLR7,-0.030291859320515646,False
TM2D3,-0.4385600334409735,False
TM7SF2,-0.4551306573096649,False
TM7SF3,0.34607879957255455,False
TM9SF1,0.895869755782684,True
TM9SF2,0.29783427476638236,False
TM9SF3,-0.11692378753251695,False
TM9SF4,1.1636522475672806,True
TMBIM6,0.46794195427053403,False
TMC4,1.0118747727200352,True
TMC5,0.08393704355318678,False
TMCC1,0.3407500897049071,False
TMCC3,-1.2938303238414068,False
TMCO1,1.6231797122411138,True
TMCO4,-0.7465987368658483,False
TMCO6,-0.6126884717867834,False
TMED1,0.2476380367148743,False
TMED10,0.13689857080316914,False
TMED2,1.3327390641857577,True
TMED3,1.8196085964810846,True
TMED4,0.6698253090394619,True
TMED5,-0.4025578812112645,False
TMED7,0.3869090785904237,False
TMED8,0.4534518800040206,False
TMED9,1.4318951817266232,True
TMEM102,0.5088475639255462,True
TMEM106B,0.09597527698811958,False
TMEM109,-0.6913930903308969,False
TMEM11,-0.17413214893594625,False
TMEM115,0.10041173474122549,False
TMEM119,-0.024062407087927836,False
TMEM120A,-0.643149786470052,False
TMEM120B,-0.6033582060842704,False
TMEM126A,-0.17866708139694754,False
TMEM126B,-0.23386524041126755,False
TMEM131,0.1114361786752107,False
TMEM132A,1.688400116997533,True
TMEM134,0.8782297793546116,True
TMEM135,-0.6116320473916212,False
TMEM141,1.3429495915419793,True
TMEM14C,-0.07664613010373814,False
TMEM161A,0.6213624010745614,True
TMEM165,1.2653552204608993,True
TMEM167A,0.3879066437450256,False
TMEM168,-0.7981868539450071,False
TMEM177,1.0890207794159037,True
TMEM179B,0.6605142153311684,True
TMEM181,0.1340453140846598,False
TMEM186,0.8195042537493772,True
TMEM192,-0.649295860354555,False
TMEM201,0.2380183988833649,False
TMEM205,0.5992457255471754,True
TMEM209,1.1271916682936223,True
TMEM214,0.5258250135633693,True
TMEM222,-0.03837024002798362,False
TMEM223,0.7901113476618871,True
TMEM33,1.132798750368236,True
TMEM41A,1.1438551286485217,True
TMEM41B,1.0091911922623928,True
TMEM43,-1.807954377115652,False
TMEM59,-0.1698073344908381,False
TMEM63A,0.009117636764186799,False
TMEM63B,2.1276867475783265,True
TMEM63C,0.9451976781249887,True
TMEM65,0.41174487260163756,False
TMEM68,0.6801147088318843,True
TMEM70,0.7065532475893995,True
TMEM87A,-0.034048795641998086,False
TMEM87B,0.8176875438594982,True
TMEM9,1.5926961618330067,True
TMEM9B,0.4506487014553441,False
TMF1,-0.008084078935378472,False
TMLHE,-0.8826766265829603,False
TMOD1,-1.9250206574578368,False
TMOD2,-1.5200217332649333,False
TMOD3,0.33068976537848016,False
TMPO,0.9815154860240872,True
TMSB10,0.6569969325650487,True
TMTC3,0.46531227082893273,False
TMUB1,0.9562046979866577,True
TMUB2,-0.41975344514828444,False
TMX1,0.44714887914173035,False
TMX2,0.6140125032029468,True
TMX3,-0.5715223427838673,False
TMX4,-0.4241288984885123,False
TNC,-0.25860338057561716,False
TNFAIP2,-0.2657139195148367,False
TNFAIP3,-0.45703406777987066,False
TNFAIP6,0.6487133547449486,True
TNFAIP8,-0.8413521821511314,False
TNFRSF12A,0.8120741598542266,True
TNFSF10,-0.3188144011256245,False
TNFSF12,-1.6124717319021404,False
TNIK,-0.024730929016456567,False
TNIP1,-1.3020596449963144,False
TNIP2,0.27491638011272873,False
TNK1,0.6177778666754382,True
TNK2,0.5085542845773104,True
TNKS,-0.5197679364425761,False
TNN,-0.9601854896857959,False
TNPO1,0.07692671574218306,False
TNPO2,0.11493177033026487,False
TNPO3,0.45198125985246806,False
TNRC18,0.7055580693009892,True
TNRC6A,-0.5676042112617922,False
TNRC6B,-0.9633788696438006,False
TNRC6C,-0.13331216947037028,False
TNS1,-3.1029336057357586,False
TNS3,-0.35635554058550445,False
TNS4,-0.8025276304147375,False
TNXB,-2.93167301915928,False
TOE1,-0.13723344430928194,False
TOLLIP,-0.13892928419740622,False
TOM1,-0.11071921041798091,False
TOM1L1,0.8845760289567828,True
TOM1L2,-0.8169052123072573,False
TOMM20,0.2792433581852814,False
TOMM22,0.3631534369280974,False
TOMM34,1.2901732080568553,True
TOMM40,1.5191905442351845,True
TOMM5,0.6258645000536694,True
TOMM6,0.8479587956437868,True
TOP1,1.563539347026258,True
TOP2A,2.9408936153509604,True
TOP2B,0.22001080491346223,False
TOP3A,0.4054421745005771,False
TOP3B,-0.2397618921607452,False
TOPBP1,0.872008853535715,True
TOPORS,-0.6890066915715296,False
TOR1A,0.602389827459665,True
TOR1AIP1,-0.6103800079788861,False
TOR1AIP2,0.5913123054391489,True
TOR1B,0.8131231927846886,True
TOR2A,1.5410356314256142,True
TOR3A,1.9536784391075306,True
TOX3,0.48778814133969856,False
TOX4,-0.08762399490623081,False
TP53,0.004081421749486453,False
TP53BP1,0.24952429538818052,False
TP53BP2,0.4520564774678898,False
TP53I11,0.9097106437317849,True
TP53I3,-0.5171426927007664,False
TP53RK,1.0118054359590307,True
TPBG,0.8608944894025657,True
TPCN1,-1.2174954791493475,False
TPD52,2.077823592584027,True
TPD52L1,-0.16632640472073487,False
TPD52L2,0.19425578302168375,False
TPI1,1.2874450380833793,True
TPK1,-0.8591328128511203,False
TPM1,-0.686067740202231,False
TPM2,-1.240233027564388,False
TPM3,2.6081899702039557,True
TPM4,0.3275416589580642,False
TPMT,1.2180136027800148,True
TPP1,0.2575283249234768,False
TPP2,-0.07200398545852062,False
TPPP,-1.3435248684040166,False
TPPP3,-1.0735363674177272,False
TPR,0.40692294197196155,False
TPRG1,-0.09532849638861716,False
TPRG1L,-1.3418574895692685,False
TPRKB,0.6849731580086332,True
TPRN,1.8506997606702276,True
TPST1,-0.8830524606943897,False
TPT1,-1.101494038426524,False
TPX2,3.0383074794020164,True
TRA2A,0.20848877855564804,False
TRA2B,0.19603394786460632,False
TRABD,0.973477890547104,True
TRADD,-0.16322011700293187,False
TRAF1,0.054098082041026195,False
TRAF2,1.6702905779851418,True
TRAF3,0.2688545910936001,False
TRAF3IP2,-0.541366412378623,False
TRAF3IP3,0.4352012052959928,False
TRAF4,1.2712958237264993,True
TRAF5,0.7152567114851277,True
TRAF6,-1.1249752109833997,False
TRAF7,1.6019433810397559,True
TRAFD1,0.8948158926426113,True
TRAK1,-0.6378156606689673,False
TRAM1,0.4531707236388624,False
TRANK1,0.0493986834684561,False
TRAP1,0.7350944146894586,True
TRAPPC1,0.39493229422157955,False
TRAPPC10,0.1145021525457293,False
TRAPPC2L,-0.09493052782254281,False
TRAPPC3,0.1629934695078298,False
TRAPPC4,0.4658914542113058,False
TRAPPC5,0.7193729138790155,True
TRAPPC6A,0.7709988496511353,True
TRAPPC6B,-0.45530778550212275,False
TRAPPC9,1.0862819203735756,True
TREM2,0.6951676115036274,True
TRERF1,0.6717329680831269,True
TREX1,0.3503536449672058,False
TRIAP1,0.4128686418455884,False
TRIM11,2.0428970520732253,True
TRIM13,-0.2575876411961126,False
TRIM14,1.0329455390045366,True
TRIM16,-0.07195093472787158,False
TRIM2,-1.3783750633661735,False
TRIM21,-0.11811162261823818,False
TRIM22,-0.8638036942355888,False
TRIM24,0.9004204198983039,True
TRIM25,-0.4367599086004608,False
TRIM26,0.860503543478227,True
TRIM27,0.7533078429130735,True
TRIM28,1.09200067647572,True
TRIM29,-1.087805744280133,False
TRIM3,0.6217220060757774,True
TRIM32,0.01539991162881488,False
TRIM33,0.10849853783746775,False
TRIM34,-0.49348894346408917,False
TRIM36,0.21533131051490065,False
TRIM37,0.8940391378629715,True
TRIM38,-0.10613604824282215,False
TRIM4,-0.5352970448133364,False
TRIM41,0.15385080141827914,False
TRIM44,-0.04480355654777192,False
TRIM47,0.16235059508032165,False
TRIM5,-0.7657222507592081,False
TRIM56,-0.6600399151584877,False
TRIM65,0.7039769423743628,True
TRIM68,-1.1393842147662436,False
TRIM8,-0.5633257090756278,False
TRIO,-0.35243140485543084,False
TRIOBP,-1.4911944725611488,False
TRIP10,-1.1731724045494694,False
TRIP11,-0.050537092985157156,False
TRIP12,-0.047522093033262,False
TRIP13,2.0492385102317066,True
TRIP4,0.12435274243393007,False
TRIP6,-0.31942782498805516,False
TRIT1,0.06785329629566103,False
TRMT1,0.08083071562064899,False
TRMT11,-0.6933689161105646,False
TRMT112,0.9799443755704773,True
TRMT2A,0.1651805293439002,False
TRMT2B,0.13593115488210228,False
TRMT5,-0.7539227452971826,False
TRMT6,0.8141679686167371,True
TRMT61A,0.2787416720780967,False
TRMT61B,-0.28906842061478993,False
TRMU,0.22170690956979433,False
TRNAU1AP,-0.17238660902993788,False
TRNT1,0.5990520590752967,True
TRPC4AP,0.21033731275365483,False
TRPM4,0.5814376870576305,True
TRPM5,0.5335830955244112,True
TRPM7,-0.5315536701825805,False
TRPS1,1.1016724703635012,True
TRPT1,0.41056141347881875,False
TRPV2,-0.08741998453469225,False
TRRAP,0.20106560921273728,False
TRUB1,0.6903739417375598,True
TRUB2,1.0815202210559518,True
TSC1,-1.0932648805333587,False
TSC2,-0.08583814926046147,False
TSC22D1,-1.5669635325233962,False
TSC22D2,-0.5686483513018051,False
TSC22D3,-0.8282386818762861,False
TSC22D4,-0.10252767394881195,False
TSEN15,1.2405829240326525,True
TSEN2,0.2471763283882573,False
TSEN34,1.3192649345727667,True
TSEN54,1.6318645705489125,True
TSFM,0.9952957496228894,True
TSG101,0.6201302322164216,True
TSKU,-0.37770915757303947,False
TSN,0.49455568409933953,False
TSNARE1,-0.1629513524672584,False
TSNAX,0.9079432258938056,True
TSPAN1,0.6446596779491228,True
TSPAN13,1.30050740210793,True
TSPAN14,-0.9481415433087993,False
TSPAN15,0.4079277256116891,False
TSPAN6,-0.9244890289763493,False
TSPAN9,0.02133475246948164,False
TSPO,0.03235504433232994,False
TSPYL1,-0.5082274317594598,False
TSPYL4,-0.524906586855185,False
TSPYL5,-0.39041740772852834,False
TSR1,0.1435477544761309,False
TSR2,0.5143254607016711,True
TSSC4,0.24522174255152737,False
TST,-0.4610846285552538,False
TSTD1,1.1938754821112643,True
TSTD2,-0.3768370625172274,False
TTC1,0.16506932208735953,False
TTC12,-0.36121502196351574,False
TTC13,1.0222026938346989,True
TTC14,-0.23475911654062973,False
TTC17,-0.34942600385288836,False
TTC19,-0.4304188310574135,False
TTC21B,-0.8607899565774061,False
TTC27,0.04244415643736064,False
TTC28,-2.1341924659821894,False
TTC3,-0.17838496752511065,False
TTC31,0.36885273096426496,False
TTC33,-1.3818473948949124,False
TTC38,-1.247271987601722,False
TTC39A,1.0849753591654563,True
TTC39B,0.4978154399434228,False
TTC39C,0.23537495882652965,False
TTC4,0.03531596202491401,False
TTC5,-0.05945940836069414,False
TTC7A,-0.4634106028506662,False
TTC7B,-1.3725844203602904,False
TTC8,0.1786626551425228,False
TTC9,0.725967059608841,True
TTC9C,0.8120680871929498,True
TTF1,-0.5161326973162544,False
TTF2,0.8361223712978516,True
TTK,2.3880600109682466,True
TTL,0.29458290940601234,False
TTLL12,1.1986916570629533,True
TTN,-1.1493926161798615,False
TTPAL,0.4158827453123136,False
TTR,0.18209907924211519,False
TUBA1B,1.3722057125888394,True
TUBA1C,2.1975218072683385,True
TUBA3E,0.8141793746774599,True
TUBA4A,-0.03901922906387593,False
TUBB,1.224053170620439,True
TUBB1,-0.5705120317397746,False
TUBB2A,-0.9904045363300646,False
TUBB2B,-1.3844398227793058,False
TUBB3,1.626340470762583,True
TUBB6,-1.5143829036790613,False
TUBG1,1.493499675747217,True
TUBG2,-1.2692173108346816,False
TUBGCP2,0.13038717778315412,False
TUBGCP3,-0.44089605865943965,False
TUBGCP4,-0.11433715809625787,False
TUBGCP5,-0.4319370816141866,False
TUBGCP6,-1.0422806954470307,False
TUFM,0.9966570775315863,True
TUFT1,1.8554414158182582,True
TULP3,-0.34910843987730367,False
TUSC1,-0.15392069514779527,False
TUSC2,0.2359254362335182,False
TUT1,0.03505135215782455,False
TWF1,0.8364404822447693,True
TWF2,0.08700634959531496,False
TWSG1,0.21600672303995186,False
TXLNA,0.3621077804481992,False
TXLNG,-0.3397362664246128,False
TXN,1.2679327979220716,True
TXN2,-0.491485641166637,False
TXNDC11,0.7376926207544149,True
TXNDC12,0.5472284619227129,True
TXNDC15,-0.5396945678815785,False
TXNDC16,0.1920031397006084,False
TXNDC17,1.481838359820656,True
TXNDC5,-0.07410144990412051,False
TXNDC9,1.1207106745167508,True
TXNIP,-2.4869493683093937,False
TXNL1,0.6495892687513052,True
TXNL4A,1.0552256432218354,True
TXNL4B,-0.3728532218999327,False
TXNRD1,0.32305938777449694,False
TXNRD2,0.16541729950760883,False
TYK2,0.39032889091168604,False
TYMP,1.3412443016485291,True
TYMS,1.8502644055966582,True
TYROBP,0.37683018562022685,False
TYSND1,0.00393227871461903,False
TYW1,0.580617667403954,True
TYW3,-0.9840447004517844,False
U2AF1,0.4231654440454901,False
U2AF2,1.3963684489467505,True
UACA,-1.527035170777376,False
UAP1,0.651915550395059,True
UAP1L1,0.5360829181469524,True
UBA1,1.2915660192249079,True
UBA2,-0.37380513016057065,False
UBA3,0.24482062370747532,False
UBA5,0.1694302755607258,False
UBA52,-0.17165487323506906,False
UBA6,0.5852019455882077,True
UBA7,-0.42796343121021274,False
UBAC1,0.07078288676579789,False
UBAC2,0.5382125552590801,True
UBAP1,-1.079968748232783,False
UBAP2,0.7655671755020568,True
UBAP2L,1.932461222633511,True
UBASH3A,-0.005435038943794508,False
UBASH3B,-0.1576890650175044,False
UBE2A,1.0474391393931022,True
UBE2B,-0.5636666051022416,False
UBE2C,2.941541863701292,True
UBE2D1,0.30330850802520415,False
UBE2D2,1.0377594409291466,True
UBE2D3,-0.1999020044154007,False
UBE2E1,0.5221753142389709,True
UBE2F,1.0353183422761232,True
UBE2G1,-0.12134613281031834,False
UBE2G2,-0.5852465758855641,False
UBE2H,0.6010256331707586,True
UBE2I,1.3794761178083739,True
UBE2J1,0.04296983984711471,False
UBE2J2,0.4926778313429349,False
UBE2K,0.7810764800676364,True
UBE2L3,0.2876780493142882,False
UBE2L6,0.8774073707144279,True
UBE2M,1.1377004380623124,True
UBE2N,1.1674744507611516,True
UBE2O,1.122659102001431,True
UBE2Q1,1.2770993213489505,True
UBE2Q2,0.033489917945035266,False
UBE2R2,0.6447311631070431,True
UBE2S,2.126425507238392,True
UBE2T,3.0226468355980796,True
UBE2V2,0.9106796409614927,True
UBE2W,0.764526050787532,True
UBE2Z,0.8570762428074814,True
UBE3A,0.11565726563764524,False
UBE3B,0.03101787859031483,False
UBE3C,0.29373861487719394,False
UBE4A,-0.5644752455746137,False
UBE4B,-0.7951472611910935,False
UBFD1,1.2824824574286597,True
UBIAD1,0.15514415210123758,False
UBL4A,1.0481821368645876,True
UBL5,1.1664344313173813,True
UBL7,0.33803977045732686,False
UBLCP1,-0.5902672939176717,False
UBN1,0.7721128929888663,True
UBN2,0.0192133098697013,False
UBOX5,-0.533242086143272,False
UBP1,0.18303573485131325,False
UBQLN1,0.4032378549849484,False
UBQLN2,-0.013347909887783466,False
UBQLN4,1.6365148486171526,True
UBR1,-0.46278324352287564,False
UBR2,-0.21251193624385853,False
UBR3,-0.8179032241248566,False
UBR4,-0.5039556581377935,False
UBR5,0.24084877124179854,False
UBR7,0.6858283108677523,True
UBTD2,0.35010336623056443,False
UBTF,0.8010183282324477,True
UBXN1,-0.39630029724591076,False
UBXN2A,-0.8041083631395384,False
UBXN2B,0.8473131575723508,True
UBXN4,0.5782408378915773,True
UBXN6,-0.27668799608839656,False
UBXN7,-0.17383862788422114,False
UCHL1,-0.16717665601942505,False
UCHL3,0.1970664277677,False
UCHL5,1.2001866582690768,True
UCK1,-0.4516956928901119,False
UCK2,1.1250225813891033,True
UCKL1,0.3200899099317793,False
UEVLD,0.3407508614980816,False
UFC1,1.3128140519410978,True
UFM1,-0.17193855608581912,False
UFSP1,0.6374947436377449,True
UFSP2,-1.3866694643948305,False
UGCG,0.4577059192903373,False
UGDH,0.5262842929895613,True
UGGT1,0.7465704845818898,True
UGGT2,-0.21619508680124125,False
UGP2,-1.9839057160954747,False
UHRF2,-0.49731888405276026,False
UIMC1,-0.7525026218563743,False
ULK1,0.40383273862930164,False
ULK3,0.8428561249971949,True
UMPS,1.0014007972621968,True
UNC119,0.3226655008375516,False
UNC119B,-1.065648107428794,False
UNC13B,-0.3308663576107871,False
UNC13D,0.3122240640013532,False
UNC45A,0.1184582204685046,False
UNC5B,1.9212192199996048,True
UNG,0.713117355862277,True
UNK,-0.04163411092306955,False
UNKL,-0.7021916001918472,False
UPF1,0.5209596728118928,True
UPF2,0.04424401551714728,False
UPF3A,-0.29427768643535934,False
UPF3B,0.35597235635921587,False
UPP1,-0.002452206661297277,False
UPRT,0.5245233557579126,True
UQCR10,0.6749058547333561,True
UQCR11,0.43145761732106774,False
UQCRB,0.04793905474686093,False
UQCRC1,0.4631575809231794,False
UQCRC2,-0.7200871518983802,False
UQCRFS1,-0.10459349404584081,False
UQCRQ,0.832506090659259,True
URB1,-0.34727304753528576,False
URB2,1.0659166945962597,True
URGCP,-0.3328171288603017,False
URM1,0.36457663101500404,False
UROD,-0.9837457918623416,False
UROS,0.6844810042313686,True
USE1,-0.292167689139911,False
USF1,1.152994758250458,True
USF2,0.47118630635666847,False
USP1,0.4712348115755466,False
USP10,0.40167986077950685,False
USP11,-0.5349810405624869,False
USP13,-0.29330555997937346,False
USP14,1.003711296886353,True
USP15,-0.37286329800335233,False
USP16,-0.28676377117448887,False
USP18,1.0019653220686007,True
USP19,-0.7898930407342906,False
USP20,-0.2699285230120557,False
USP22,-0.39702209691859147,False
USP24,-0.37582180087918354,False
USP25,-1.0558954920220538,False
USP28,-0.1636726859373293,False
USP3,0.38189949811079416,False
USP30,-0.8680607040703981,False
USP32,0.45367102021244066,False
USP33,-0.7947292023406389,False
USP34,-0.6651448247146571,False
USP35,0.482426087843805,False
USP36,0.14549646250933676,False
USP38,0.6026829574872092,True
USP39,1.2828054184360793,True
USP4,-0.7471499461677628,False
USP40,-0.44125394986894534,False
USP42,0.22649845030684612,False
USP43,0.8101128746201015,True
USP46,0.35442949839208965,False
USP47,-0.6586366850230897,False
USP48,-0.4118749192067006,False
USP5,1.2920172935910543,True
USP54,-0.16178427047677532,False
USP6NL,-0.1693005195722553,False
USP7,1.0561157519626183,True
USP8,-0.27989700621088154,False
USP9X,0.07765852745526425,False
UTP14A,0.7185196455245968,True
UTP15,0.33714654010718115,False
UTP18,0.9388437645598076,True
UTP20,-0.0578511161609066,False
UTP23,0.570805454170912,True
UTP3,-0.18712935422804766,False
UTP6,0.366636039159395,False
UTRN,-1.9275640861662593,False
UVRAG,-0.8412253188667067,False
UXS1,0.5334139641548646,True
UXT,-0.11156046857507579,False
VAC14,-0.08285388844152905,False
VAMP2,-1.78818084948841,False
VAMP3,-1.8469368894581901,False
VAMP4,-0.45475066740580444,False
VAMP5,-0.9318958180518769,False
VAMP7,0.1843323493254076,False
VAMP8,1.7130905012405377,True
VANGL1,1.6367427402739312,True
VANGL2,-0.0022772219765631414,False
VAPA,-0.05271612151733125,False
VAPB,0.48339881737737006,False
VARS2,1.2741755711856488,True
VASH1,-0.29033093204339827,False
VASN,-0.4554150660621291,False
VASP,0.7730891042964146,True
VAT1,-0.6123272214591929,False
VAT1L,-1.0633057613898707,False
VAV1,0.12789571506409836,False
VAV2,1.7241466481929417,True
VAV3,0.8693422927717928,True
VBP1,0.9528490818369776,True
VCAM1,-0.21035450242125267,False
VCAN,1.188737411648117,True
VCL,-1.1863099020972965,False
VCP,0.9606852012090065,True
VCPIP1,0.6872673513716887,True
VDAC1,1.2396584404138533,True
VDAC2,0.08990033102329804,False
VDAC3,0.6639035239960219,True
VDR,0.7756099386846397,True
VEGFA,0.5288326957755649,True
VEZF1,-0.16451775580283426,False
VEZT,0.5259990197077593,True
VGLL4,0.027996498342675175,False
VHL,0.2736253023343607,False
VIM,-1.6502319603914146,False
VIT,-2.422736501208243,False
VKORC1,1.0186300277361464,True
VKORC1L1,-1.4168875739581936,False
VMAC,0.39025503265000144,False
VNN1,-0.6107387252838119,False
VNN2,-0.10525541288301159,False
VPS13A,-0.6869196016259472,False
VPS13B,0.18233331629619579,False
VPS13C,-0.8922740499163456,False
VPS13D,-1.14961832705221,False
VPS16,0.7475757021364379,True
VPS18,0.19901672308204363,False
VPS25,0.8757278485121189,True
VPS26A,-0.30148422627812227,False
VPS26B,-0.10621593352347548,False
VPS28,0.9102959100784537,True
VPS29,0.09790306659885155,False
VPS33A,0.6218621602820403,True
VPS33B,0.31207746395934244,False
VPS35,0.1676242433585845,False
VPS36,-1.3979883848215464,False
VPS37A,-0.14117583225620242,False
VPS37B,-0.4960320925435169,False
VPS37C,1.3388036635168197,True
VPS39,-0.8746629295274397,False
VPS41,-0.12253787047542422,False
VPS45,0.8663315563421499,True
VPS4A,-0.6594849915614741,False
VPS4B,-0.28836005910672496,False
VPS52,0.8233643694800531,True
VPS53,-0.5597683494882939,False
VPS54,-0.35373895869171734,False
VPS72,1.368832154086382,True
VPS8,0.2661172566725209,False
VRK1,0.6913015260184643,True
VRK2,0.5901209791474955,True
VRK3,0.5526417619449907,True
VSIG4,-0.888948709741166,False
VSNL1,-0.7587795729345009,False
VTA1,0.5302923421346699,True
VTCN1,-0.23913797741298773,False
VTI1A,-0.21871799432927974,False
VTI1B,-0.8416115229318712,False
VTN,-0.1061409366263183,False
VWA1,0.7435151738167146,True
VWA2,0.10865108741713118,False
VWA5A,-1.0506410783823925,False
VWF,-2.1354715590946416,False
WAC,-0.2650721706058019,False
WARS2,-0.28833508392491003,False
WAS,0.24296708702760325,False
WASF1,-0.5837413988320315,False
WASF2,-1.5715123726128077,False
WASF3,-1.9266286544134597,False
WASL,0.2778163325058061,False
WBP11,0.713403786551615,True
WBP2,-0.3344436832472243,False
WBP4,-1.7217172064213666,False
WDFY1,0.1532317370979799,False
WDFY2,-1.0684673338749684,False
WDFY3,-0.6899398528882178,False
WDFY4,0.16169325485012434,False
WDHD1,1.6934911399162151,True
WDR1,0.6587096861237097,True
WDR11,-0.7561811738031714,False
WDR12,0.9526584656374593,True
WDR13,-0.7925683580122963,False
WDR18,0.8430652754307179,True
WDR19,-0.9806336481999246,False
WDR20,-0.4420253233599628,False
WDR24,1.1290180334864137,True
WDR26,0.7221212447281907,True
WDR3,0.22174469800032676,False
WDR33,-0.27485513253350563,False
WDR35,-0.4262302934875211,False
WDR36,-0.7159718919904619,False
WDR37,-0.7229189375993016,False
WDR4,0.8353342873903306,True
WDR41,0.013028926931458852,False
WDR43,0.10264665901817165,False
WDR44,-0.40868421801262483,False
WDR45,-0.4660395656045177,False
WDR46,0.8655475679005868,True
WDR47,-0.3384646569131723,False
WDR48,-0.8085181914519463,False
WDR5,0.8084640216966837,True
WDR53,0.690548814233199,True
WDR54,1.0149522780958202,True
WDR55,0.7853302722138903,True
WDR59,-1.1398975011265307,False
WDR6,-0.06382207144801888,False
WDR62,2.776593035543998,True
WDR7,-0.39888818647298857,False
WDR70,-0.20292309656604363,False
WDR73,0.360529879994745,False
WDR74,0.3888749978924564,False
WDR75,0.5686001580491767,True
WDR76,1.5876020113304736,True
WDR77,0.6504161662933337,True
WDR81,-0.7654575135366741,False
WDR82,-0.817507606222259,False
WDR83,0.5648067616300696,True
WDR87,0.041794294892348274,False
WDR89,0.3327694201036442,False
WDR90,1.1169993833140823,True
WDR91,-0.9114570440533826,False
WDSUB1,-0.33981193792207326,False
WDTC1,-1.0806544516916297,False
WEE1,-0.5734915130277022,False
WFDC2,-0.022147333131198075,False
WFS1,0.20711490930668683,False
WHAMM,-1.1627443120528869,False
WIPF1,-0.2921148273961448,False
WIPF2,0.2513950734082614,False
WIPI1,0.21231875670805103,False
WIPI2,-0.29514151789791404,False
WIZ,0.5671323728739434,True
WLS,-1.4520135487703232,False
WNK1,0.16671813586955853,False
WNK4,0.07276446286371224,False
WNT2,0.6092778557777274,True
WNT5A,-0.07848551430279463,False
WRAP53,0.45473991695192667,False
WRN,-0.7457392160982516,False
WRNIP1,1.0914350445325576,True
WTAP,-0.6242019816432328,False
WWC1,0.33901211603805237,False
WWC2,-0.724127339896275,False
WWOX,-0.36127227126406425,False
WWP1,0.46553358327857036,False
WWP2,-0.5931699610355522,False
WWTR1,-0.8276369461654494,False
XAB2,0.10302315321283274,False
XAF1,-0.05794786164561638,False
XDH,-0.8264877678195058,False
XIAP,0.16090455170251983,False
XIRP1,0.97400911565759,True
XPA,-1.1039124143803292,False
XPC,-0.9613204483997435,False
XPNPEP1,-0.08430038850189253,False
XPNPEP3,0.258677667358767,False
XPO1,0.8201180915876048,True
XPO4,-0.3562280476104869,False
XPO5,1.2000348437157344,True
XPO6,1.4087457377685464,True
XPO7,-0.380170139299951,False
XPOT,0.9938567769858084,True
XRCC1,0.6834825730289726,True
XRCC4,0.6740110461313142,True
XRCC5,0.8395549337561151,True
XRCC6,0.23607269922822086,False
XRN1,-0.47784727784151015,False
XRN2,0.3714221688973132,False
XYLB,0.7627110894231495,True
XYLT1,-0.6737319857700191,False
YAF2,-0.027088908136564865,False
YAP1,-1.6303412725384345,False
YARS2,0.8111127843232065,True
YBX1,-0.3472430469106267,False
YBX2,0.09264045250462351,False
YDJC,1.6231437732922143,True
YEATS2,0.11052072801270922,False
YEATS4,0.9056670600070091,True
YES1,-0.15362057089336778,False
YIF1A,1.2818171125481226,True
YIF1B,1.5922315109912222,True
YIPF2,1.1610520622598002,True
YIPF3,0.8932376475237513,True
YIPF4,0.2703161255376787,False
YIPF5,0.13661444695705272,False
YIPF6,0.7247699032015231,True
YKT6,1.3313201539675175,True
YLPM1,-0.8912126786689439,False
YME1L1,0.812556768092921,True
YOD1,0.09641957820379503,False
YPEL2,-0.49926599208619704,False
YPEL5,-0.9569241245568381,False
YRDC,0.4493688589666498,False
YTHDC1,-0.45384500744724837,False
YTHDC2,0.1347844854135351,False
YTHDF1,1.1913524117480305,True
YTHDF2,0.3660986156988782,False
YWHAB,0.9916962355006674,True
YWHAE,0.10392134756588646,False
YWHAG,-0.3506479223541346,False
YWHAH,1.110323013832774,True
YWHAQ,0.2627283922243111,False
YWHAZ,1.1779681309526093,True
YY1,0.8527355880532925,True
YY1AP1,0.9992761163999359,True
ZAP70,-0.1415363242337551,False
ZBP1,0.5151732562101251,True
ZBTB1,-0.8204328789525984,False
ZBTB10,-0.2158225389728557,False
ZBTB11,0.1729736761381121,False
ZBTB2,0.5045106726149494,True
ZBTB20,-1.1277369983215355,False
ZBTB33,-0.15477935258136133,False
ZBTB4,-1.7225653187940788,False
ZBTB40,-0.6062284328456381,False
ZBTB43,-0.2843769416274597,False
ZBTB47,-1.6325483005571906,False
ZBTB7A,0.1454799985252625,False
ZBTB7B,0.7278410229748018,True
ZBTB9,1.2346290167715013,True
ZC3H11A,0.2864979387917943,False
ZC3H12A,-0.4883270102183366,False
ZC3H13,-0.6956976855226118,False
ZC3H14,-0.37951546168626155,False
ZC3H15,0.8129407288756194,True
ZC3H18,0.017656825779730503,False
ZC3H4,0.6139538818704865,True
ZC3H6,-1.1532474435346145,False
ZC3H7A,-0.6889917299489645,False
ZC3H7B,-0.826670783719261,False
ZC3H8,0.5804545272628986,True
ZC3HAV1,-0.09064663907108533,False
ZC3HAV1L,0.08683585316874914,False
ZC3HC1,-0.012347895607645626,False
ZCCHC10,0.40205956419207306,False
ZCCHC17,0.4539752209548755,False
ZCCHC2,-0.22157829302372337,False
ZCCHC24,-1.7514716866940807,False
ZCCHC3,-0.17890312550562498,False
ZCCHC4,-0.6895480736752191,False
ZCCHC7,0.2869703529609492,False
ZCCHC9,-0.38291796576866877,False
ZCRB1,0.4215241151625149,False
ZDHHC13,1.1785397735994345,True
ZDHHC17,-1.3715477717657159,False
ZDHHC20,0.228111318119294,False
ZDHHC3,-0.9237294849293575,False
ZDHHC5,0.7944983121835045,True
ZDHHC6,0.6282140269937464,True
ZEB1,-0.9845487355460423,False
ZEB2,-1.5671043759337648,False
ZER1,-0.7745373650236734,False
ZFAND1,-0.4310860204682604,False
ZFAND2B,-0.3836668382231587,False
ZFAND3,0.6974245258171065,True
ZFAND5,-1.5601117559455808,False
ZFAND6,0.22261525208531724,False
ZFC3H1,-0.3722431122937671,False
ZFHX3,-0.13206205314877736,False
ZFP3,-0.5577931699533257,False
ZFP36,-2.0579720086040867,False
ZFP36L1,-1.1739631569801756,False
ZFP36L2,-1.7069621124510743,False
ZFP64,1.166771483132101,True
ZFP91,-0.1248047509433702,False
ZFPL1,0.39640529688865467,False
ZFR,-0.2550055667372826,False
ZFX,-0.2978528645353711,False
ZFYVE1,-0.7814687105849583,False
ZFYVE16,-0.07387300152021443,False
ZFYVE19,0.6513057742372825,True
ZFYVE21,-0.937450259039256,False
ZFYVE26,-0.4417850177578251,False
ZFYVE9,-1.0309835108432508,False
ZG16B,0.8981003416575792,True
ZGPAT,0.5317062647689084,True
ZHX1,-0.6810189378837975,False
ZHX2,-0.0536396358296324,False
ZHX3,-1.6187681061119295,False
ZKSCAN1,0.054540920935916365,False
ZKSCAN4,0.285307896249873,False
ZMAT2,0.11854909813657706,False
ZMAT3,-0.9212174404371404,False
ZMAT5,0.5672124443627867,True
ZMIZ1,0.3345294818859369,False
ZMIZ2,0.896749963137987,True
ZMPSTE24,1.2680180909245038,True
ZMYM1,-0.0750746824352913,False
ZMYM2,0.06665939820256772,False
ZMYM3,0.04873172938131159,False
ZMYM4,0.26670841198441114,False
ZMYND10,1.057167258796547,True
ZMYND11,-0.24488025009383324,False
ZMYND8,0.8439959356822657,True
ZNF121,0.0732582075677535,False
ZNF143,-0.10376719232555578,False
ZNF146,0.7894055509359769,True
ZNF148,-0.05545820897753977,False
ZNF184,0.5377999674509792,True
ZNF185,-0.17454035772656964,False
ZNF205,0.7878089186081643,True
ZNF207,0.8724814995495981,True
ZNF217,0.8691185059645777,True
ZNF219,-1.469823143690949,False
ZNF22,-0.9352358670327435,False
ZNF24,0.31752713568951135,False
ZNF250,0.5532680183320603,True
ZNF264,-0.03818376362250892,False
ZNF268,-0.5141223648055151,False
ZNF276,-0.7223564125836672,False
ZNF277,-0.6337200009334027,False
ZNF280C,0.21897765337444186,False
ZNF280D,-1.3924801346954931,False
ZNF281,0.8857556974026503,True
ZNF292,-0.5664725694716266,False
ZNF3,0.6302066621165988,True
ZNF318,-0.13341807198489464,False
ZNF324,-0.006805392877171552,False
ZNF326,0.3852277824217185,False
ZNF331,-1.0806103848140842,False
ZNF33A,0.039057543490504866,False
ZNF346,0.06498892735210837,False
ZNF358,-0.5224962079940516,False
ZNF362,-0.5406539424359927,False
ZNF384,0.09808304674492753,False
ZNF385A,0.39034993610334284,False
ZNF395,-1.2425022851664076,False
ZNF397,-0.5586076537286043,False
ZNF407,-0.7180359640614956,False
ZNF414,0.23436744375075266,False
ZNF417,-0.15527659767972143,False
ZNF428,0.7257954569748574,True
ZNF436,-1.0361327252333088,False
ZNF444,1.020296179818906,True
ZNF446,0.7470188787725066,True
ZNF451,-0.6139736169329464,False
ZNF460,-0.3207644220760791,False
ZNF462,-1.2012621171384656,False
ZNF467,1.060399114209573,True
ZNF48,1.5675729289624982,True
ZNF511,0.06607634902085452,False
ZNF512,-0.548352212071976,False
ZNF512B,0.4936375281437479,False
ZNF521,-1.1795062626149895,False
ZNF526,0.4809503189520268,False
ZNF532,-0.5687703935845911,False
ZNF552,0.8687575468717903,True
ZNF562,0.02377186794585582,False
ZNF574,0.546695685221439,True
ZNF579,0.7467345539240188,True
ZNF580,-0.03277320076980458,False
ZNF581,0.5887686390431579,True
ZNF592,-0.650223050318039,False
ZNF593,0.7324730194437279,True
ZNF597,-0.1994239939785525,False
ZNF609,0.33416457896166896,False
ZNF618,-0.16165330022697724,False
ZNF622,0.7109158082256455,True
ZNF623,0.9349455940644495,True
ZNF629,0.6587366014832355,True
ZNF638,0.15565586491918224,False
ZNF639,0.021816550438501215,False
ZNF644,-0.2830279945400926,False
ZNF652,0.3535621905201157,False
ZNF654,-0.401164651074285,False
ZNF655,-0.7215939861651323,False
ZNF664,0.4708190337391774,False
ZNF668,1.781648518512164,True
ZNF687,1.5919038591027461,True
ZNF688,0.43287379479112364,False
ZNF691,0.3952896246575227,False
ZNF703,0.6407564040330364,True
ZNF704,-0.7216105883480531,False
ZNF706,0.5387952598659869,True
ZNF740,-0.278351470817461,False
ZNF76,0.0543751717195481,False
ZNF768,1.0863271654102218,True
ZNF776,0.1814878865933792,False
ZNF777,0.4026490763491491,False
ZNF787,0.7181958069467684,True
ZNF8,0.7572705753108692,True
ZNF800,-0.10958966395092883,False
ZNF827,-0.19146747702947992,False
ZNF830,-0.08814052993321564,False
ZNFX1,0.30574447759669926,False
ZNHIT1,0.3513455898362627,False
ZNHIT2,0.3724449165281752,False
ZNHIT3,0.44959374040672084,False
ZNHIT6,0.0876272182048604,False
ZNRF2,1.0004452877392684,True
ZRANB2,-0.857674753560294,False
ZRSR2,0.1681947793852765,False
ZSCAN16,1.0633175885064612,True
ZSCAN18,-0.6005847730397877,False
ZSCAN20,-0.00028684863785226073,False
ZSCAN21,-0.240137252564131,False
ZW10,0.0007695128679855031,False
ZWILCH,1.928602415442291,True
ZWINT,2.7897294341952072,True
ZXDC,-0.5730760915999839,False
ZYG11B,-1.0823806350608456,False
ZYX,-0.8195175849323427,False
ZZEF1,-1.0899559041201432,False
ZZZ3,-0.4208760509895182,False
