gene,subtype,rna_g
A1BG,basal,-0.897132112370817
A2M,basal,0.2593470070748665
A2ML1,basal,2.3760737595039894
AAAS,basal,-1.03803527771439
AACS,basal,-0.43872723744401354
AAGAB,basal,-1.7392417194485068
AAK1,basal,-0.055406105986564126
AAMP,basal,-0.1511319823716396
AARS2,basal,0.875705195676941
AARSD1,basal,-0.18565987566157924
AASDHPPT,basal,-0.1674564161530876
AASS,basal,-0.43386709334138723
AATF,basal,0.021368745150112594
ABAT,basal,-2.3082564890093753
ABCA1,basal,-0.22711923790253594
ABCA2,basal,-1.2766899758938557
ABCA3,basal,-1.1722682210161708
ABCB10,basal,0.2731312300839799
ABCB6,basal,0.1025330335487267
ABCB7,basal,-0.07431028453607605
ABCB8,basal,-0.8109205657072663
ABCC1,basal,0.5457006793355939
ABCC10,basal,1.161245638107508
ABCC3,basal,-0.7100223925263521
ABCC4,basal,0.7445081032423756
ABCD1,basal,0.5337173365560739
ABCD3,basal,-1.0833907583652131
ABCE1,basal,0.9080703996637572
ABCF1,basal,1.3473072279754785
ABCF3,basal,0.034679525145079625
ABHD10,basal,-0.1653909596506564
ABHD11,basal,-0.25726590161705204
ABHD12,basal,-0.28501819230178316
ABHD14B,basal,-1.0068913543764424
ABHD3,basal,-0.2720211665785514
ABHD4,basal,-1.1430465743913252
ABHD5,basal,-0.03635549087437541
ABHD6,basal,-0.5533574452746388
ABI1,basal,1.219114381647254
ABI2,basal,-0.015232957485538936
ABI3,basal,-0.011806913901339932
ABI3BP,basal,-0.5613931267599779
ABL1,basal,-0.6250545957200272
ABL2,basal,0.46532360961650426
ABLIM1,basal,0.31336220211592086
ABLIM2,basal,0.009502707003600936
ABLIM3,basal,-1.951789030024885
ABR,basal,-0.7359228833006817
ABT1,basal,1.1315235724293815
ABTB2,basal,1.7798917133341625
ACAA1,basal,-0.4861794789935543
ACAA2,basal,0.6837864921062754
ACACA,basal,-0.6473469066159316
ACACB,basal,-0.8234393393840387
ACAD10,basal,-0.809100582032598
ACAD11,basal,-0.284306010419141
ACAD8,basal,-0.4087822945391014
ACAD9,basal,0.7787628390546006
ACADM,basal,-0.05540816261580383
ACADS,basal,-0.3603804493539681
ACADSB,basal,-2.256178138410539
ACADVL,basal,-0.26610581560652996
ACAN,basal,0.8291080167173277
ACAP1,basal,0.4202705009643997
ACAP2,basal,0.048492649133068576
ACAP3,basal,-0.20029834424311538
ACAT1,basal,-0.3258343408431836
ACAT2,basal,0.7715282436154878
ACBD3,basal,-0.133146655271477
ACBD5,basal,-0.2506488304848137
ACBD6,basal,0.27829368813089966
ACBD7,basal,1.2284196344378016
ACD,basal,0.5756669220904166
ACE,basal,-0.2750214840490451
ACIN1,basal,-0.5889668379349852
ACLY,basal,-0.5398042297694751
ACO1,basal,-0.06362584526551837
ACO2,basal,0.12797706215571092
ACOT11,basal,0.6702022816519925
ACOT13,basal,0.36587122550350165
ACOT2,basal,-1.3565555453817713
ACOT4,basal,-2.0585738853507887
ACOT7,basal,0.5755894609378146
ACOT8,basal,-0.05046439793491008
ACOT9,basal,0.9292293780030212
ACOX1,basal,-0.055622960643245886
ACOX2,basal,-1.947661553008431
ACOX3,basal,-0.6619903709585137
ACP1,basal,0.5179999552126269
ACP2,basal,-0.15361974406895845
ACP5,basal,-0.5560374116262774
ACP6,basal,-0.23663655500140748
ACSF2,basal,-1.011710485494258
ACSF3,basal,-0.19470879365834642
ACSL1,basal,0.24318418824337343
ACSL3,basal,-0.3578063371419722
ACSL4,basal,1.063159718290079
ACSL5,basal,0.2697439217656577
ACSM1,basal,-1.357147332401962
ACSM3,basal,0.31383518029623647
ACSS1,basal,-0.4626967759587255
ACSS2,basal,0.025787750982464747
ACSS3,basal,-0.9597965007778114
ACTA1,basal,0.10012336772370646
ACTA2,basal,-0.24224659268379498
ACTB,basal,0.8266914078831156
ACTBL2,basal,0.7439528750084404
ACTG1,basal,0.21748207473324194
ACTG2,basal,0.7602656953030416
ACTL6A,basal,1.1487806712853694
ACTL8,basal,1.1662118294793
ACTN1,basal,0.6724539318378975
ACTN4,basal,1.2260962765846362
ACTR10,basal,-1.083983417174084
ACTR1A,basal,-0.21991160438589458
ACTR1B,basal,-0.015569310034217647
ACTR2,basal,0.690759476698901
ACTR3,basal,1.1588618607764454
ACTR3B,basal,1.93274827019902
ACTR5,basal,-0.14714998126505413
ACTR6,basal,0.14233735832518293
ACTR8,basal,-0.5848268988046568
ACVR1,basal,-0.4646448500412662
ACY1,basal,-0.8173003706866454
ACYP1,basal,0.4636659129384036
ACYP2,basal,0.8565459707841531
ADA,basal,0.9342512384913668
ADAM10,basal,-0.530504984177925
ADAM12,basal,-0.5745138218768394
ADAM15,basal,0.4794595929091801
ADAM17,basal,1.2833427112952813
ADAM8,basal,0.2886811735575166
ADAM9,basal,0.07917920542596851
ADAMDEC1,basal,0.718466776570585
ADAMTS12,basal,-0.6435016225171496
ADAMTS2,basal,-0.35585326189949684
ADAMTS4,basal,0.5191363861570103
ADAMTS7,basal,0.24525131384606164
ADAMTSL1,basal,-0.572755537688322
ADAMTSL2,basal,-0.8111047356237452
ADAMTSL4,basal,0.5989281734817288
ADAP1,basal,-0.6048085784995415
ADAP2,basal,-0.28185133636514115
ADAR,basal,0.050395392740995526
ADARB1,basal,0.6098819206112406
ADAT1,basal,-0.2263252244384591
ADAT2,basal,1.344020878795533
ADAT3,basal,0.15628015775092746
ADCK1,basal,-0.2733325415684574
ADCK5,basal,0.2982414529128538
ADCY6,basal,-1.4401269895135331
ADCY9,basal,-1.7753541395561325
ADD1,basal,-1.412469160026608
ADD2,basal,1.3320493427166464
ADD3,basal,0.3080258706744048
ADH1B,basal,-0.5626291154689366
ADH5,basal,0.472763058810784
ADHFE1,basal,-0.41966680872950596
ADI1,basal,0.9817711707857417
ADIPOR1,basal,-0.5780931844392427
ADIPOR2,basal,-0.5485962814013549
ADK,basal,-0.07776784487222373
ADNP,basal,-0.4149702636187277
ADNP2,basal,0.07202910945065648
ADO,basal,0.033330589005109997
ADPGK,basal,0.7001280259299966
ADPRH,basal,0.8739066915966346
ADRM1,basal,0.5968833816334166
ADSL,basal,1.355315451592402
AEBP1,basal,-0.734607898843868
AEBP2,basal,0.7594898226554955
AFAP1,basal,0.30439466710457186
AFAP1L1,basal,-0.008740682005114485
AFAP1L2,basal,-0.6835986305072309
AFF1,basal,-1.6925184890113856
AFF3,basal,-2.2908810055795876
AFF4,basal,-1.4241664441201733
AFG3L2,basal,1.1358483346109156
AFM,basal,-0.16200499216867312
AFMID,basal,-0.6235180107908963
AFTPH,basal,-0.992616897287204
AGA,basal,-0.703809566402915
AGAP1,basal,-0.35654340283887825
AGAP2,basal,0.18804868928046473
AGAP3,basal,0.5352067371548747
AGFG1,basal,0.7244862270624193
AGFG2,basal,-0.6742160477846991
AGGF1,basal,-2.0071806170767963
AGK,basal,0.7230492239956751
AGL,basal,-0.6719525163225938
AGPAT1,basal,0.6108710230972898
AGPAT2,basal,-0.1585026401481694
AGPAT3,basal,-0.308687179924676
AGPAT5,basal,0.6285037007990605
AGPS,basal,-0.15670003731399632
AGR2,basal,-3.6609518834549655
AGR3,basal,-3.3439639989797008
AGRN,basal,0.095071011415615
AGT,basal,-0.25819436946249436
AGTPBP1,basal,1.3297186410271706
AGTRAP,basal,0.08591335055845463
AHCTF1,basal,0.763517124646427
AHCY,basal,0.3779366015351651
AHCYL1,basal,-0.9176750957058294
AHCYL2,basal,-0.41986285802352524
AHDC1,basal,0.533230979674162
AHI1,basal,0.05112836645384696
AHNAK,basal,-1.6090830438561348
AHNAK2,basal,0.10196333679767973
AHR,basal,-0.038543820827457116
AHSA1,basal,0.5827051291801489
AHSG,basal,1.3732600229030307
AHSP,basal,-0.12418708791858102
AIDA,basal,0.23970923277482548
AIF1,basal,0.11229700397480184
AIF1L,basal,1.3282072524173125
AIFM1,basal,-0.11526904643458272
AIFM2,basal,0.30513089592914344
AIMP1,basal,-0.3171834813606532
AIMP2,basal,0.6508875002750477
AIP,basal,0.010632012714521447
AK1,basal,-0.4629963713797185
AK2,basal,1.4379904372779837
AK3,basal,0.26521219066434404
AK5,basal,-0.5785664590254507
AKAP1,basal,0.29270077247332527
AKAP10,basal,-0.8493082590094247
AKAP11,basal,-0.7546704668648867
AKAP12,basal,-0.8751544344938966
AKAP13,basal,0.02229250301207669
AKAP5,basal,-1.0083708775370055
AKAP7,basal,0.6847714667139271
AKAP8,basal,0.29806776386727446
AKAP8L,basal,-0.06827078465962005
AKAP9,basal,-0.7172467437226523
AKIRIN2,basal,1.0746061844528463
AKNA,basal,0.2921309130092038
AKR1A1,basal,-0.27076509461131887
AKR1B1,basal,0.90876773863653
AKR1B10,basal,-0.2048743096625632
AKR1C2,basal,0.22432274976520888
AKR1C3,basal,0.1091680744157795
AKR7A2,basal,-0.9950407981708982
AKR7A3,basal,-2.2423206508767257
AKT1,basal,-0.5512450352878162
AKT1S1,basal,-0.18505875695143803
AKT2,basal,-0.006873036519501629
AKT3,basal,0.3490600402775131
AKTIP,basal,-0.15593871185813574
ALAD,basal,-1.4652258418894144
ALAS1,basal,0.7614452658312841
ALB,basal,-0.4033867509149943
ALCAM,basal,-1.6128226014392373
ALDH16A1,basal,-0.481391297687174
ALDH18A1,basal,0.41315940432912357
ALDH1A1,basal,-0.4067532053888842
ALDH1A2,basal,-0.384613280430853
ALDH1A3,basal,0.8617511801284027
ALDH1B1,basal,0.4191028040909166
ALDH1L1,basal,0.3000062488198762
ALDH1L2,basal,0.6733371920682253
ALDH2,basal,-0.3075532159009767
ALDH3A2,basal,-0.6828706002753023
ALDH4A1,basal,-1.144935315141347
ALDH5A1,basal,-0.005565637717072834
ALDH6A1,basal,-1.5025858847996114
ALDH7A1,basal,0.1902330318517773
ALDH9A1,basal,0.02514636523795478
ALDOA,basal,-0.7829100034538334
ALDOC,basal,0.5365556655058135
ALG1,basal,-1.4032129152622255
ALG11,basal,-0.21353774571919656
ALG12,basal,-0.3414765001480296
ALG13,basal,-0.8597225129242188
ALG2,basal,-0.6213439151257767
ALG5,basal,-0.5292734386416348
ALG6,basal,0.6727354012668662
ALG9,basal,0.15849378879787274
ALKBH1,basal,-1.3233759803068716
ALKBH2,basal,0.6020130633018506
ALKBH3,basal,-0.12226118200386
ALKBH4,basal,0.46884728274472476
ALKBH5,basal,0.013835673109630504
ALKBH6,basal,0.17016604569663332
ALKBH7,basal,-0.6180114834369774
ALKBH8,basal,-0.5422243952726117
ALLC,basal,0.18123638295169986
ALMS1,basal,-0.044682941227542614
ALOX15,basal,-0.4814847422943465
ALOX15B,basal,-0.7205202471106684
ALOX5,basal,-0.031235976847201724
ALOX5AP,basal,-0.024260799104404984
ALPK1,basal,0.3166784945563339
ALPL,basal,0.8799312050169846
ALS2,basal,-0.2207214032690886
AMACR,basal,-1.565687516144239
AMBP,basal,-1.2668855544892685
AMBRA1,basal,-0.3289342566008345
AMDHD1,basal,-0.6949664524838433
AMDHD2,basal,-0.8384878330574178
AMFR,basal,-1.2812652957897757
AMIGO2,basal,-0.9646522759164481
AMMECR1,basal,0.2679545568767646
AMOT,basal,0.4131195709084661
AMOTL1,basal,0.659596721354225
AMOTL2,basal,0.038447536946927915
AMPD2,basal,1.265401514962393
AMPD3,basal,-0.10990060686159556
AMPH,basal,-1.0318394278429577
AMT,basal,-0.14861536404083558
AMZ2,basal,-0.5072035651525312
ANAPC1,basal,0.6016979410713807
ANAPC10,basal,0.11956858533581385
ANAPC11,basal,0.1642115886436548
ANAPC13,basal,-0.9246794535302612
ANAPC16,basal,-0.22509434866049025
ANAPC2,basal,-1.0617075075681761
ANAPC4,basal,0.09744015157357137
ANAPC5,basal,0.22865469538694624
ANAPC7,basal,0.08100394766602012
ANG,basal,-1.037337705754489
ANGEL2,basal,-0.9197294997087203
ANGPT2,basal,-0.07745572850880271
ANGPTL2,basal,-0.39484006250359843
ANGPTL4,basal,0.7974740789946628
ANK1,basal,0.017747021867888096
ANK2,basal,-0.3360008169381904
ANK3,basal,-0.08181779733442775
ANKFY1,basal,-0.40218799650935994
ANKHD1,basal,-0.7936070467401636
ANKIB1,basal,0.15363476240226578
ANKLE2,basal,0.3395625700894736
ANKMY2,basal,-1.0837949303672534
ANKRD10,basal,-0.22292855432709513
ANKRD11,basal,1.5062629358269597
ANKRD12,basal,-0.5930409587564242
ANKRD13A,basal,0.25852747656340863
ANKRD13D,basal,-0.13213737400841885
ANKRD16,basal,0.504196789994253
ANKRD17,basal,0.10391259802240871
ANKRD22,basal,0.08373640846171623
ANKRD26,basal,-0.0474220795194227
ANKRD27,basal,1.1930876494109917
ANKRD28,basal,-0.17627102751588225
ANKRD30A,basal,-2.0883593462559977
ANKRD35,basal,0.7851001559287181
ANKRD39,basal,0.3600758013650698
ANKRD40,basal,-0.807781410736047
ANKRD44,basal,-0.1060685475761569
ANKRD49,basal,0.004413096695209937
ANKRD50,basal,-1.0690013583747058
ANKRD52,basal,-0.6519255585620508
ANKRD54,basal,0.45132709660621817
ANKS1A,basal,1.0592649983363807
ANKS3,basal,-0.35600428831273806
ANKZF1,basal,0.6282815827494689
ANLN,basal,1.5470453011630751
ANO1,basal,-0.8399847475689635
ANO10,basal,-0.4374001814026058
ANO6,basal,-0.5935548460329141
ANP32A,basal,-0.1800379697626062
ANP32B,basal,1.5360919127258987
ANP32E,basal,2.093634422400618
ANPEP,basal,0.05069033218881865
ANTXR1,basal,-0.43250394745176024
ANTXR2,basal,-0.18921734905333434
ANXA1,basal,1.252353497645721
ANXA11,basal,-0.32915275328074145
ANXA2,basal,0.18494790394612987
ANXA3,basal,0.9243194254358914
ANXA4,basal,0.421124899026997
ANXA5,basal,0.6042629187236052
ANXA6,basal,-1.079316773072229
ANXA7,basal,-0.700857186808133
ANXA8L1,basal,1.1770645800754407
ANXA9,basal,-2.746845457565492
AOAH,basal,0.12350590214835723
AOC3,basal,-0.7014112607372465
AOX1,basal,-0.5039343050067746
AP1AR,basal,-0.9432157259510923
AP1B1,basal,0.3749013304503398
AP1G1,basal,-0.1863155873088542
AP1G2,basal,-1.774474055612492
AP1M1,basal,0.473575917134096
AP1M2,basal,-0.939490206120702
AP1S1,basal,0.4651471940206753
AP1S2,basal,0.144733130657168
AP1S3,basal,0.228414686821236
AP2A1,basal,-0.39709407165613225
AP2A2,basal,-0.47148569424883824
AP2B1,basal,-1.1969258259255595
AP2M1,basal,0.8101222871001249
AP2S1,basal,0.2851637920830112
AP3B1,basal,-1.1848746628729847
AP3B2,basal,0.32766223308154
AP3D1,basal,-0.3963245673722778
AP3M1,basal,-0.933750937022022
AP3M2,basal,-0.11641021302893823
AP3S1,basal,-0.2838475030133251
AP3S2,basal,-0.9096973486143475
AP4B1,basal,0.832160661334772
AP4E1,basal,-0.5754505980260134
AP4M1,basal,0.4898749950525059
AP4S1,basal,-0.7405409901150386
APAF1,basal,-0.2397532690208781
APBA1,basal,1.2404691138768902
APBA2,basal,1.4361949886277738
APBA3,basal,0.3420475844593488
APBB1,basal,-0.6258901151314878
APBB1IP,basal,0.019331689428969283
APBB2,basal,-2.2583887558771685
APC,basal,-1.089496076280578
APCS,basal,0.273295349624938
APEH,basal,-1.4151285415773442
APEX1,basal,-0.05543002277368868
APEX2,basal,0.4091246937226307
API5,basal,0.36130273163167625
APIP,basal,0.2924734210714656
APLF,basal,1.3198676798770508
APLP2,basal,-0.25730663586001207
APOA1,basal,-0.4436816413174527
APOA2,basal,0.7510002010489761
APOA4,basal,0.1717070046345681
APOB,basal,-0.11849395997914469
APOBEC3B,basal,0.7827800344495336
APOBEC3C,basal,0.4811274861406942
APOBEC3F,basal,0.2291494325491729
APOBEC3G,basal,0.12010327969924058
APOC1,basal,-0.12521587386414046
APOC3,basal,-0.2549169265446598
APOC4,basal,-0.14612444650842704
APOD,basal,-0.7501281377388572
APOE,basal,0.03090146198271556
APOF,basal,-1.438709282145446
APOH,basal,0.07171686736843329
APOL1,basal,-0.07531337941869504
APOL2,basal,-0.23520421066538083
APOL3,basal,-0.2855606195563609
APOM,basal,-0.326346124828452
APOO,basal,0.5838985505346818
APOOL,basal,-0.5008017769775461
APP,basal,1.0723048839480296
APPBP2,basal,-1.0465387107765338
APPL1,basal,-0.35153978619919946
APPL2,basal,-1.6768528703732828
APRT,basal,0.46540068827639886
APTX,basal,0.08066578057686767
AQP1,basal,-0.19183095805234804
AQR,basal,-0.8832986142900913
AR,basal,-3.2935642161250627
ARAF,basal,-0.6419965337344704
ARAP1,basal,-0.40148752054827086
ARAP2,basal,0.5692947795315594
ARAP3,basal,0.30406644833918656
ARCN1,basal,0.042475121418236006
ARF1,basal,0.44246318943624324
ARF3,basal,-1.5324069681635832
ARF4,basal,-0.07002055536156429
ARF5,basal,0.6957168706696873
ARF6,basal,-0.6433271582095136
ARFGAP1,basal,-0.04332064795604601
ARFGAP2,basal,-0.29374211442540604
ARFGAP3,basal,0.7743073198933009
ARFGEF1,basal,-0.6741944606108761
ARFGEF2,basal,-0.706900753113708
ARFIP1,basal,-1.4792907904258035
ARFIP2,basal,-1.6608469860514756
ARFRP1,basal,-0.0739838338867215
ARG1,basal,0.21709275469374004
ARGLU1,basal,0.22450053713785786
ARHGAP1,basal,-1.0157032282995202
ARHGAP10,basal,0.4285605355213971
ARHGAP12,basal,-0.6056814829429151
ARHGAP15,basal,-0.0431717321313654
ARHGAP17,basal,0.3360673818478376
ARHGAP18,basal,0.024414877988419657
ARHGAP21,basal,1.8096892911224334
ARHGAP22,basal,1.425069767220761
ARHGAP24,basal,-0.4151774504132929
ARHGAP25,basal,0.22351895909528643
ARHGAP26,basal,0.22671641979099993
ARHGAP27,basal,0.7835939151860541
ARHGAP29,basal,-0.5118762642540927
ARHGAP30,basal,0.43199320081076653
ARHGAP31,basal,0.6363221521719319
ARHGAP32,basal,-1.5166219328569284
ARHGAP39,basal,0.05666109269054006
ARHGAP4,basal,0.24252173170627928
ARHGAP5,basal,-0.1903507266986395
ARHGAP6,basal,-0.9372990989569079
ARHGAP8,basal,-0.408804623988082
ARHGAP9,basal,0.2758652768922341
ARHGDIA,basal,0.0511678605662044
ARHGDIB,basal,-0.4428220434648873
ARHGEF1,basal,0.660560028587434
ARHGEF10,basal,0.32654901326288177
ARHGEF10L,basal,0.6240028475938837
ARHGEF11,basal,0.5307811631307483
ARHGEF12,basal,-1.018362479163555
ARHGEF16,basal,-0.6519084823211247
ARHGEF17,basal,-0.545913409951965
ARHGEF18,basal,-0.00206565699687513
ARHGEF2,basal,0.9999385175228858
ARHGEF3,basal,-0.9872787537211931
ARHGEF35,basal,-0.14735288444868916
ARHGEF37,basal,-0.2947731712863943
ARHGEF38,basal,-1.3729697269369319
ARHGEF5,basal,0.13257472479077834
ARHGEF6,basal,-0.3297751149231739
ARHGEF7,basal,0.41378341446168027
ARID1A,basal,-0.4676822972220505
ARID1B,basal,-0.017802613444912657
ARID2,basal,-1.4645872023358986
ARID3A,basal,-0.6270275617265086
ARID4A,basal,-1.1684095666120293
ARID4B,basal,-0.4165779666667363
ARID5A,basal,0.35794249044553356
ARID5B,basal,0.03644195500238876
ARIH1,basal,-0.12376698067412664
ARIH2,basal,0.011460153427882699
ARL1,basal,-1.0559462915747178
ARL15,basal,-1.1524978453171022
ARL2,basal,0.4114224328873122
ARL2BP,basal,-0.050256916092318936
ARL3,basal,-1.5016743233669585
ARL5A,basal,0.2660216024573445
ARL5B,basal,1.1257261021170208
ARL6,basal,0.01637102164681745
ARL6IP1,basal,-0.2261978794905589
ARL6IP5,basal,-0.4583316652338683
ARL6IP6,basal,0.6740134999047628
ARL8A,basal,0.045401822365497876
ARL8B,basal,-0.7003746753737741
ARMC1,basal,0.3644196108008333
ARMC10,basal,0.6438840471236396
ARMC5,basal,-0.7309403187787985
ARMC6,basal,0.7943225271401791
ARMC7,basal,-0.5869407695157702
ARMC8,basal,0.38785493313812214
ARMC9,basal,-1.5245239317542856
ARMCX1,basal,-0.3527021856758935
ARMCX2,basal,-0.30328076801590803
ARMCX3,basal,-0.7826308264810955
ARMCX5,basal,-0.5711017118283742
ARNT,basal,0.10338977808206568
ARNT2,basal,-0.653797335006652
ARPC1A,basal,0.847425356691239
ARPC1B,basal,0.5686423396070083
ARPC2,basal,0.6937554732977124
ARPC3,basal,-0.24621093152237283
ARPC4,basal,0.577082037795834
ARPC5,basal,1.2806577754326174
ARPC5L,basal,0.7889937147850123
ARPP19,basal,-1.05532762506308
ARRB1,basal,-1.1247727125055929
ARRB2,basal,0.6949073063887836
ARRDC1,basal,-0.9031745951281495
ARSA,basal,-0.19327885159002273
ARSB,basal,0.32815268359970784
ARSD,basal,-1.071242041771993
ARV1,basal,-0.4120273698454289
ARVCF,basal,-0.27934188184340064
AS3MT,basal,-0.044300393163593264
ASAH1,basal,-1.4178857024228906
ASAP1,basal,0.5897539902530976
ASAP2,basal,0.4011521548020787
ASAP3,basal,-0.0007629683429369837
ASB1,basal,-0.21540371565483168
ASB13,basal,-0.5503929525262636
ASB6,basal,0.15736849022364696
ASB7,basal,-0.08236339684153753
ASB9,basal,0.6258163977658521
ASCC1,basal,0.47283075168099753
ASCC2,basal,0.6054884395070744
ASCC3,basal,0.32125613819045384
ASF1A,basal,0.9309457576333158
ASF1B,basal,0.8370108396159881
ASGR2,basal,0.41711157462472404
ASH1L,basal,-0.3746792435629439
ASH2L,basal,-0.3257557941813971
ASL,basal,-0.77364214280226
ASNS,basal,1.7228330160948162
ASNSD1,basal,0.5130543399872973
ASPA,basal,-0.7833708403993367
ASPH,basal,-0.29749560076157294
ASPM,basal,1.357141009059196
ASPSCR1,basal,-0.06856101054126668
ASRGL1,basal,0.3377848442156124
ASS1,basal,1.0114008205216285
ASTE1,basal,-0.40226196013675747
ATAD1,basal,-0.7031670832716924
ATAD2,basal,0.8639374282757082
ATAD2B,basal,0.49132735474678096
ATAD3A,basal,1.235700862869475
ATAD3B,basal,1.1651384887734744
ATE1,basal,-0.7111320313360995
ATF1,basal,-0.6693761323253761
ATF2,basal,-0.3298929016474942
ATF7,basal,-0.7155353690859028
ATF7IP,basal,0.5122097397460526
ATG12,basal,-1.2537194031183394
ATG16L1,basal,-1.411501589752381
ATG2A,basal,-0.3871943634514895
ATG2B,basal,-1.4435091155208502
ATG3,basal,0.8237093255881051
ATG4A,basal,-0.3742348963266218
ATG4B,basal,0.35321530455261857
ATG4C,basal,0.518794984332283
ATG5,basal,0.5714351633118124
ATG7,basal,-0.4860126384791616
ATG9A,basal,1.1891917720156306
ATIC,basal,-0.30276061142195154
ATL1,basal,0.3339179817824579
ATL2,basal,2.647855176068767
ATL3,basal,0.3174969361623432
ATM,basal,-0.1196480619256079
ATN1,basal,0.6639067650297096
ATOX1,basal,-0.564392709749883
ATP11A,basal,1.4981460645365428
ATP11B,basal,0.8840154682517211
ATP11C,basal,1.2079012998049685
ATP13A1,basal,0.05706032039617398
ATP13A2,basal,-0.30430496557038067
ATP13A3,basal,0.575356847002584
ATP1A1,basal,0.9932692730445916
ATP1B1,basal,-0.04646498566235571
ATP1B3,basal,1.5160799808575243
ATP2A2,basal,0.15741476988109948
ATP2A3,basal,-0.8563601450694566
ATP2B1,basal,-0.609267031952141
ATP2B4,basal,0.07097527106291414
ATP2C1,basal,1.0953219473725568
ATP6AP1,basal,-1.071761376762804
ATP6AP2,basal,-0.5750280738485983
ATP6V0A1,basal,-0.8719412668875791
ATP6V0A2,basal,0.44939973676894457
ATP6V0A4,basal,0.7194936519908673
ATP6V0D1,basal,-0.32011366749351894
ATP6V1A,basal,-0.1332800331543028
ATP6V1B1,basal,0.08489620626882881
ATP6V1B2,basal,0.18761971614464307
ATP6V1C1,basal,-0.3538663441563872
ATP6V1D,basal,-0.9224626160703647
ATP6V1E1,basal,-0.32351386545701155
ATP6V1F,basal,0.5825324721704742
ATP6V1G1,basal,-1.0348788784075198
ATP6V1G2,basal,-1.160302036539461
ATP6V1H,basal,-0.524370289342188
ATP7A,basal,-1.068410255771698
ATP8B1,basal,-2.3243372411595185
ATP9A,basal,-0.5343099808531876
ATP9B,basal,-0.49741138188908923
ATPAF1,basal,-0.49580236903201197
ATPAF2,basal,-0.8167289700672757
ATR,basal,0.40943820700437245
ATRIP,basal,-1.3001202675233163
ATRN,basal,-0.39334983065842827
ATRX,basal,-0.6076527599652516
ATXN1,basal,-0.8430611067085974
ATXN10,basal,-0.24450956664938497
ATXN1L,basal,0.4763531516682726
ATXN2,basal,-0.6351948416443631
ATXN2L,basal,0.6624486981912358
ATXN3,basal,0.039920679993735234
ATXN7,basal,-0.20469147221886796
ATXN7L3,basal,0.19983567379055475
ATXN7L3B,basal,-0.49466566524528843
AUH,basal,-0.6560552386220332
AUP1,basal,0.43972504860325795
AURKA,basal,1.059325770319191
AURKB,basal,1.7086337491236154
AUTS2,basal,0.11626734649061174
AVEN,basal,0.8799484168849423
AVL9,basal,-0.3418037289559443
AXIN1,basal,0.3519976509328526
AXL,basal,-0.6490645734409322
AZGP1,basal,-1.0445207593465027
AZI2,basal,-0.5627447674648329
AZU1,basal,-0.8199418674636076
B2M,basal,0.15744610535356574
B3GALT6,basal,-0.0060830331860203144
B3GAT3,basal,0.2713302928513242
B3GNT2,basal,-0.010053545371349597
B4GALT1,basal,0.056921689119786074
B4GALT3,basal,0.5292528880193406
B4GALT4,basal,0.5082736991955649
B4GALT7,basal,-0.594705829510334
B9D1,basal,-0.30447584268079914
BACH1,basal,0.471461443945951
BAD,basal,-0.4110631182671766
BAG1,basal,-0.6602816620748543
BAG2,basal,1.4469234060432294
BAG3,basal,-0.7339453141667902
BAG4,basal,-0.3342451599896279
BAG5,basal,0.04778355624885907
BAHD1,basal,-0.569135091485432
BAIAP2,basal,-0.7826348134373576
BAIAP2L1,basal,1.115039446257178
BAK1,basal,1.406770722394036
BANF1,basal,0.52835877724533
BANK1,basal,0.15993296926828718
BANP,basal,1.0605026907703141
BAP1,basal,-0.22271051970732852
BARD1,basal,0.14312319045793048
BASP1,basal,-0.24974204362649033
BAX,basal,0.6497467797099356
BAZ1A,basal,0.3729115965115825
BAZ1B,basal,0.7015003350785812
BAZ2A,basal,-1.3271713002164014
BAZ2B,basal,-0.8250206915659677
BBC3,basal,-0.7669451946295803
BBOX1,basal,1.5473473612083022
BBS1,basal,-1.8935470354816046
BBS2,basal,-0.7409531831533934
BBS4,basal,-2.1937020642584146
BBS7,basal,0.5392378855579304
BBS9,basal,-0.4287054122756513
BBX,basal,-0.285289488754802
BCAM,basal,-2.1208078183468775
BCAP29,basal,-0.513317373659083
BCAP31,basal,0.17173606383742285
BCAR1,basal,-0.004765293798799015
BCAR3,basal,-0.9069353015317995
BCAS1,basal,-2.791886320493379
BCAS2,basal,0.5250212330967482
BCAS3,basal,-1.0268932244577795
BCAS4,basal,-0.7755430669867258
BCAT1,basal,0.6093040830934985
BCAT2,basal,-0.9362644908189685
BCCIP,basal,-0.01363981012840877
BCHE,basal,-0.14905423084899433
BCKDHA,basal,-0.45423695140219245
BCKDHB,basal,-0.35112530640478
BCKDK,basal,-0.7511039021089476
BCL10,basal,0.07862677680351439
BCL11B,basal,0.877077756673704
BCL2,basal,-1.4426485641882527
BCL2L1,basal,-1.446031340324282
BCL2L11,basal,-0.7884894117572342
BCL2L13,basal,-0.15607345230799663
BCL2L14,basal,1.2633639368033693
BCL3,basal,-0.27284456593316303
BCL6,basal,-0.08576504846002199
BCL7A,basal,0.09897345866531382
BCL7B,basal,0.42694704972961645
BCL7C,basal,0.2209501248141022
BCL9,basal,-0.2512780645273372
BCL9L,basal,0.2843631821393057
BCLAF1,basal,-0.2662169004264235
BCOR,basal,-0.7355086094266116
BCORL1,basal,-0.23269898788179721
BCR,basal,0.7856206313876136
BCS1L,basal,0.7278866043997018
BDH1,basal,-0.26624312777470466
BDH2,basal,-0.03402671321551172
BECN1,basal,-1.5032993740578315
BEND3,basal,1.4161108043541344
BET1,basal,0.28562148505265517
BET1L,basal,-0.8118415485095154
BGN,basal,-0.18302717667487695
BHLHE40,basal,-1.966076633874939
BICC1,basal,-0.13571766623411993
BICD1,basal,0.8452148692446224
BICD2,basal,0.6729852328352077
BID,basal,1.289440879540788
BIN1,basal,0.7618122849354471
BIN2,basal,0.6445584455894418
BIN3,basal,0.15985631880984133
BIRC2,basal,0.885236131041835
BIRC3,basal,0.6225330273218337
BIRC5,basal,1.3313120265921914
BIRC6,basal,-0.17723348272208556
BLM,basal,1.4310467982326003
BLMH,basal,-0.03661038934333894
BLNK,basal,-0.784527188062591
BLOC1S1,basal,-0.789465279990895
BLOC1S2,basal,-0.4637770022279039
BLOC1S3,basal,-0.04734509176819423
BLVRA,basal,-1.3679599912496128
BLVRB,basal,-1.204751159205698
BLZF1,basal,-0.548416917604565
BMF,basal,0.22294736430031636
BMP1,basal,0.20308072871088068
BMP2K,basal,-0.2936364198435434
BMPR1B,basal,-0.9893664320258669
BMS1,basal,1.2168837958954397
BNIP1,basal,-0.45016946539452546
BNIP2,basal,0.7879613791810786
BNIP3,basal,0.24784016781941215
BNIP3L,basal,-0.9067823176225155
BNIPL,basal,-0.8261247288279571
BOD1,basal,-0.30409569147775795
BOK,basal,-0.1473393422939991
BOLA1,basal,0.6340585126959934
BOLA3,basal,0.8306369741983638
BOP1,basal,1.082530607441128
BPGM,basal,0.2938295748608266
BPHL,basal,-0.06484268398583684
BPI,basal,2.4727462479212012
BPNT1,basal,0.2814698424518704
BPTF,basal,-0.4873698920686816
BRAF,basal,0.3766107756558372
BRAP,basal,-0.4792226128093986
BRCA1,basal,-0.3668535061287277
BRCC3,basal,-0.10505035446481784
BRD1,basal,0.4860886920919676
BRD2,basal,-0.1530280087897643
BRD3,basal,-0.7527792569437124
BRD4,basal,0.9091926102883315
BRD7,basal,0.6943515112642196
BRD8,basal,-1.1559642924626898
BRD9,basal,0.4764383029597623
BRF1,basal,-0.5405062690880189
BRIP1,basal,0.5420795649670044
BRIX1,basal,1.0948297437586652
BRMS1,basal,0.12129938594245374
BRMS1L,basal,0.642694255374367
BRPF1,basal,0.7900984733135845
BRPF3,basal,-0.42066438708765536
BRWD1,basal,-0.8662976849876945
BRWD3,basal,0.018282811418471146
BSCL2,basal,-0.4961012915588904
BSDC1,basal,-0.522221621929801
BSG,basal,0.028933838224791467
BSPRY,basal,-0.3352005828295869
BST1,basal,0.12526514013490442
BST2,basal,-0.5427180418667019
BTAF1,basal,-0.10136912204688629
BTBD1,basal,-0.03529830264828879
BTBD10,basal,-0.4859116195018302
BTBD2,basal,-0.11321426688990868
BTBD9,basal,-0.8824534208687665
BTD,basal,-1.5078782327061728
BTF3,basal,-1.5973122617515585
BTF3L4,basal,1.0061292763175103
BTG1,basal,0.20621830263008692
BTK,basal,0.03691406573324259
BTN3A1,basal,0.3041665790412381
BTN3A3,basal,0.20227674579350438
BUB1B,basal,1.1233743434132635
BUB3,basal,-0.6526624263252331
BUD13,basal,1.1454277331030784
BUD31,basal,0.7418428153074993
BYSL,basal,1.7100582416853827
BZW1,basal,-0.9479388583964644
BZW2,basal,0.18608053630111593
C11orf52,basal,-1.20677984345999
C11orf58,basal,-0.7629202289994994
C11orf68,basal,0.10993524516790185
C12orf43,basal,-0.936727017322675
C12orf57,basal,-0.39191619475750583
C12orf75,basal,0.07415210660893352
C14orf119,basal,-0.5197950175240219
C15orf40,basal,-0.3679503632883053
C17orf75,basal,-0.3879533398474532
C18orf32,basal,-1.1217895261097912
C19orf12,basal,0.9509000284602077
C19orf25,basal,-0.8004607089269359
C19orf33,basal,-0.9730131826973756
C19orf47,basal,0.9008862746487932
C19orf53,basal,0.35024580313416065
C1D,basal,-0.02264388941980667
C1QA,basal,0.331663966373565
C1QB,basal,0.24241006941275894
C1QBP,basal,0.6398824923987333
C1QC,basal,0.2730030707323429
C1QTNF3,basal,-1.263821273434301
C1RL,basal,0.5069451164291704
C1S,basal,0.4205900231381875
C1orf116,basal,0.6066719407608983
C1orf122,basal,0.27882555713472645
C1orf174,basal,1.3078053188485064
C1orf198,basal,1.2973154709749752
C1orf21,basal,-1.1482307004462766
C1orf226,basal,-0.5379668541310496
C1orf35,basal,0.32300758966614973
C1orf50,basal,0.4563078195755887
C1orf52,basal,0.7679905848327281
C2,basal,0.21602588142247767
C2CD2,basal,0.2013351714038449
C2CD2L,basal,-0.8997843796734792
C2CD3,basal,-0.23569204940482122
C2orf68,basal,0.6042113176015919
C2orf69,basal,-0.09197781959487379
C2orf76,basal,-0.36960068519044587
C3,basal,0.2873800820989452
C3orf38,basal,-0.26295999440314194
C4BPA,basal,0.5616496713471587
C4BPB,basal,-0.23363835682660922
C4orf33,basal,-0.3674276627817993
C5,basal,-0.8267786092828147
C5AR1,basal,0.05704556473845591
C5orf22,basal,-0.051392207875297795
C5orf24,basal,-1.0021300059570943
C6,basal,-0.3994329538417774
C6orf132,basal,0.0008670031083044961
C6orf47,basal,0.12255758460751333
C6orf89,basal,-0.13479236400508293
C7,basal,-0.5276113799282972
C7orf25,basal,0.11900028735134674
C8A,basal,0.005627893080309816
C8B,basal,-0.2582942247027544
C8G,basal,0.8564217501578477
C8orf33,basal,0.4285264723599269
C9,basal,0.22544588670783286
C9orf40,basal,2.039682698728025
C9orf72,basal,0.5847051754510241
C9orf78,basal,-0.15146322324847128
CA1,basal,0.3973276550177389
CA12,basal,-3.484817843076641
CA13,basal,1.3553973998462938
CA2,basal,-0.0662671614382757
CA3,basal,0.7785792626656519
CA5B,basal,-0.6603251886189768
CA8,basal,-0.5973898547013116
CAB39,basal,-0.44009639730699984
CAB39L,basal,-1.3445085654960833
CABIN1,basal,-0.16508867548081382
CABLES1,basal,-0.38844435428573093
CACHD1,basal,0.53545377429109
CACNA2D1,basal,-0.6034342898237761
CACNA2D2,basal,-2.321813219913551
CACNB3,basal,-0.30817701752222826
CACYBP,basal,0.9186539740098723
CAD,basal,1.374810307075245
CADM1,basal,0.4927724821052405
CADM4,basal,0.18254407489454502
CADPS2,basal,-1.15488258337849
CALB2,basal,1.1689615694008808
CALCOCO1,basal,-1.36102760961601
CALCOCO2,basal,-1.239227001290104
CALCRL,basal,-0.6563148634177344
CALD1,basal,0.47957678809808846
CALM2,basal,0.5548366781084629
CALML3,basal,-0.3463423390363326
CALML5,basal,0.6974930875497671
CALR,basal,1.3184515878713121
CALU,basal,1.2985753998063312
CAMK1,basal,-0.5174137323174738
CAMK1D,basal,0.6540665510912506
CAMK2D,basal,0.35561125042236
CAMK2G,basal,0.30962203546138856
CAMK4,basal,-0.02945889384158951
CAMKK1,basal,-0.38369377930308896
CAMKK2,basal,-0.05897083491357929
CAMLG,basal,-1.3676151948487174
CAMP,basal,-0.12911062972414855
CAMSAP1,basal,0.43030899635117237
CAND1,basal,-0.24982972271121165
CAND2,basal,0.7346785009706244
CANT1,basal,-1.1454674437179988
CANX,basal,-0.41263921650205454
CAP1,basal,0.11288984783323706
CAP2,basal,-0.6106690111210726
CAPG,basal,0.5631590017630256
CAPN1,basal,0.35430480684090715
CAPN13,basal,-2.7601023851920745
CAPN2,basal,0.3804740216451347
CAPN5,basal,0.33558975491075693
CAPN7,basal,-0.6241839182805187
CAPNS1,basal,-0.07342092984265397
CAPRIN1,basal,-0.01347351273790573
CAPS,basal,0.2505869517223213
CAPZA1,basal,0.42860474778388963
CAPZA2,basal,-0.14731528730393273
CAPZB,basal,-0.05820998287490934
CARD10,basal,-1.0794289647253357
CARD11,basal,-0.0008489080204235659
CARD14,basal,-0.4174812771666842
CARD16,basal,0.5527934006548896
CARD6,basal,0.794507136116796
CARD8,basal,-0.4944529156616138
CARD9,basal,0.8732968635076724
CARHSP1,basal,0.4558213240541852
CARM1,basal,1.1579433363733076
CARS2,basal,0.9297202861281959
CARTPT,basal,-0.40795441260103926
CASC3,basal,-0.3986668272697947
CASK,basal,0.3318260747798232
CASKIN2,basal,-0.11086075552583108
CASP1,basal,0.5904164263597999
CASP10,basal,0.0467412764944923
CASP14,basal,0.4053866298304118
CASP2,basal,1.2470107725608348
CASP3,basal,0.2943914583733623
CASP4,basal,0.2396274345441364
CASP6,basal,-0.2502475740700975
CASP7,basal,-0.8810941154656255
CASP8,basal,-0.4032224173803543
CASP9,basal,-0.65990252683551
CAST,basal,-0.6377008023975926
CASZ1,basal,-1.341903901942428
CAT,basal,-0.25182569310997815
CATSPERG,basal,-1.1624587251551015
CAV1,basal,-0.18459219015739164
CBFA2T2,basal,-0.20010873656698028
CBFB,basal,1.379250036883457
CBL,basal,0.6383813920932991
CBLB,basal,0.23502363856912573
CBLL1,basal,-0.04046529615830207
CBR1,basal,0.9869084950563537
CBR3,basal,0.6666187119236177
CBR4,basal,-1.5119418104184013
CBS,basal,1.2368114135148682
CBX1,basal,0.22431662308621886
CBX2,basal,1.4138510917919165
CBX3,basal,0.4699121720257414
CBX4,basal,-0.9982205402220075
CBX5,basal,-0.10699069629564713
CBX6,basal,-0.20634263616684556
CBX7,basal,-0.8718287695468486
CBX8,basal,-0.13749116113648338
CC2D1A,basal,0.12090081647883005
CC2D1B,basal,1.0614086577504913
CCAR1,basal,0.0009372706238411025
CCDC102A,basal,1.1148951684335866
CCDC112,basal,-0.11528407316146155
CCDC117,basal,-0.40136816007333737
CCDC12,basal,-0.10009936794994809
CCDC120,basal,0.19936005122690553
CCDC124,basal,0.5636133088858708
CCDC125,basal,-2.6934353341997266
CCDC127,basal,-0.8827424770900191
CCDC134,basal,0.8165224200139831
CCDC137,basal,0.5862734475493078
CCDC144A,basal,-0.03759698548311926
CCDC149,basal,-0.7211449945423356
CCDC22,basal,-0.6104905958180317
CCDC25,basal,-0.42817715145822405
CCDC28A,basal,-0.1591540694005804
CCDC43,basal,-0.32120579785866377
CCDC47,basal,-0.4692446760487918
CCDC50,basal,0.6268890312221327
CCDC51,basal,-0.4063602712066594
CCDC59,basal,0.9584530907163912
CCDC6,basal,-0.12061172791976241
CCDC61,basal,-0.25273671218367777
CCDC77,basal,1.886629484033951
CCDC8,basal,-0.2601406006544497
CCDC80,basal,-0.527312484407668
CCDC82,basal,2.069944881483223
CCDC85B,basal,0.21140447965101933
CCDC85C,basal,0.23581223061886813
CCDC86,basal,0.9712854818634742
CCDC88A,basal,1.3306458041459914
CCDC88B,basal,0.2700160911210427
CCDC88C,basal,-0.7119874883412942
CCDC9,basal,-0.19707228735791674
CCDC90B,basal,0.7454476333316136
CCDC91,basal,-0.18241725893303629
CCDC92,basal,0.18451038725522853
CCDC93,basal,0.4689570627257713
CCDC97,basal,-0.5148487141532491
CCL14,basal,-0.745146280591382
CCL18,basal,0.9732277401281555
CCL21,basal,-0.09269596274106469
CCL28,basal,-0.07290402458724181
CCL5,basal,0.6882703898777804
CCM2,basal,0.4177683000062278
CCNA2,basal,1.4570831922481435
CCNB1,basal,0.9339944459871833
CCNB2,basal,1.457878172513604
CCNC,basal,0.8644774373766794
CCND1,basal,-1.3164880595702029
CCNDBP1,basal,-1.3461735565974051
CCNH,basal,-1.6844455617943226
CCNK,basal,0.2143489436935045
CCNL1,basal,0.5556716385811942
CCNL2,basal,-0.15998114289512755
CCNT1,basal,-0.5884744891003901
CCNT2,basal,-0.5474595453695354
CCNY,basal,1.686821597664129
CCNYL1,basal,0.8371007819558647
CCPG1,basal,-1.2560404806855199
CCS,basal,-0.2469884640103159
CCT2,basal,-0.06629607841204219
CCT3,basal,0.8969926006540847
CCT4,basal,1.3387609952008852
CCT5,basal,1.115301573679284
CCT6A,basal,1.266739162283811
CCT7,basal,0.7693404720492104
CCT8,basal,0.8129908071922417
CD109,basal,0.37609477068995806
CD14,basal,0.7993398916000704
CD151,basal,-0.3833208993261722
CD163,basal,0.47334327858453734
CD180,basal,0.7578767746128339
CD2,basal,0.3362377895514389
CD209,basal,0.4992223234695846
CD244,basal,0.601295612418426
CD247,basal,0.4844249016706568
CD248,basal,-0.3593330179170467
CD276,basal,0.20922024894843727
CD2AP,basal,-0.32682500337461945
CD2BP2,basal,-1.0242006591609223
CD300A,basal,0.3631127561922616
CD34,basal,-0.6977384526218103
CD36,basal,-0.45686701106999683
CD38,basal,0.8413227270762218
CD3E,basal,0.3228205615567552
CD4,basal,0.17251067319021857
CD40,basal,0.6008379325123566
CD44,basal,0.37172646640225465
CD46,basal,-1.6610557382355433
CD47,basal,0.988155019968924
CD48,basal,0.2230069905303996
CD5,basal,0.2731239242120352
CD53,basal,0.26547914307932835
CD55,basal,0.11929651777598113
CD58,basal,1.0315408161649235
CD59,basal,0.924135117604358
CD5L,basal,0.6734003071214685
CD63,basal,-0.8123713555324301
CD74,basal,0.05639770444996831
CD79A,basal,0.4848432141097554
CD81,basal,0.21222352510956813
CD82,basal,1.0452239967927093
CD84,basal,-0.07456926445800577
CD8A,basal,0.2946553283139781
CD9,basal,-0.32063959801951064
CD93,basal,-0.5527119413322724
CD99L2,basal,-0.711024792628482
CDA,basal,0.1047756631889863
CDAN1,basal,-0.8513349997635967
CDC123,basal,2.030867364210637
CDC16,basal,0.22682016374476383
CDC20,basal,1.925188842946645
CDC23,basal,-0.47975115429506177
CDC25C,basal,0.6788018686805678
CDC26,basal,0.22553947993283174
CDC27,basal,-0.13670553480240713
CDC34,basal,0.6337231865567561
CDC37,basal,0.46102862981495013
CDC37L1,basal,0.05866574677643774
CDC40,basal,1.0289904707787975e-05
CDC42,basal,-0.653219783720446
CDC42BPA,basal,0.22061946813021197
CDC42BPB,basal,-1.0791564173818426
CDC42BPG,basal,0.8132951965580142
CDC42EP1,basal,1.5231590351994984
CDC42EP2,basal,-0.16203708380195322
CDC42EP3,basal,0.8286154865607102
CDC42EP4,basal,0.33742387611196945
CDC42EP5,basal,0.1444340223052264
CDC42SE1,basal,0.7076332691770851
CDC42SE2,basal,0.04632903413967236
CDC5L,basal,1.040810241535365
CDC7,basal,1.3490826225517758
CDC73,basal,0.043594051830229366
CDCA2,basal,1.9506398325893537
CDCA3,basal,1.662027661697687
CDCA5,basal,1.3695990290836009
CDCA7L,basal,0.9926551273953145
CDCA8,basal,1.929432433193272
CDCP1,basal,0.41980090696824673
CDH1,basal,-0.2016580866672894
CDH11,basal,-0.8318700336409942
CDH13,basal,-0.4411582586588156
CDH3,basal,1.727883327288291
CDH5,basal,-0.5542913431039804
CDIPT,basal,-0.5109142624525511
CDK1,basal,0.9660354657877785
CDK10,basal,0.3521327513451415
CDK12,basal,-0.3790409784362003
CDK13,basal,-0.30493733322964245
CDK14,basal,-0.5404283757253815
CDK16,basal,1.2553623574582373
CDK17,basal,-1.6007608714686514
CDK18,basal,0.8723443725895996
CDK19,basal,0.8243917073384429
CDK2,basal,0.586703289678702
CDK2AP1,basal,2.2314153902770593
CDK4,basal,0.8881609119069727
CDK5,basal,-0.05044179120509006
CDK5RAP1,basal,0.07430778874531568
CDK5RAP2,basal,-0.17115566657065112
CDK5RAP3,basal,-0.5989446844674955
CDK6,basal,1.666083423668813
CDK7,basal,-0.8242018580450623
CDK8,basal,1.0881903632074466
CDK9,basal,-0.7708883215307658
CDKAL1,basal,1.7249165718816761
CDKL5,basal,-0.10816817146214405
CDKN1A,basal,-0.487455445747333
CDKN1B,basal,-0.3261499920882517
CDKN1C,basal,0.1901598879059361
CDKN2A,basal,1.5444782059528686
CDKN2AIP,basal,-0.7911034627966343
CDKN2C,basal,1.0852203977423782
CDNF,basal,-0.18884115486555117
CDR2,basal,-0.24508899931447362
CDR2L,basal,0.15109355728755872
CDS2,basal,-0.8778370313411498
CDV3,basal,-0.08420068777935788
CDYL,basal,0.4628694344059428
CDYL2,basal,-1.6706431431576505
CEACAM1,basal,0.5840003899920668
CEACAM5,basal,-1.6950194858705934
CEBPA,basal,-0.37903499205505664
CEBPB,basal,1.9088140488300633
CEBPD,basal,0.2321849292985885
CEBPG,basal,1.699988741753893
CEBPZ,basal,0.9426631438463151
CELF1,basal,0.0987757712970969
CELF2,basal,0.38723874055157015
CELSR1,basal,-2.0495427654411404
CELSR2,basal,-0.6926413267580851
CENPB,basal,-0.1007067509212242
CENPE,basal,1.1106266388711992
CENPF,basal,1.3829634834574698
CENPH,basal,0.6490153516953779
CENPK,basal,0.4461832863291102
CENPM,basal,0.8611285872478847
CENPQ,basal,0.4920672854367913
CENPT,basal,0.8792758102478931
CENPV,basal,0.8190129884800684
CEP120,basal,-1.5407546084692973
CEP135,basal,-0.07302098473941376
CEP152,basal,0.9305364619277516
CEP164,basal,0.4995638478369472
CEP170,basal,1.1562692420411
CEP192,basal,0.6844075475174816
CEP250,basal,0.18106421754611418
CEP290,basal,-1.1496699367898295
CEP350,basal,-0.14702633138122054
CEP55,basal,1.4963132917549165
CEP57,basal,1.184484218971671
CEP63,basal,-0.6070120243491081
CEP68,basal,-0.5811659201577314
CEP76,basal,0.6912332485192473
CEP78,basal,0.6945754731976722
CEP97,basal,-0.4256859421697846
CEPT1,basal,-0.04884697115089266
CERCAM,basal,-0.8286656826301849
CES1,basal,-0.6497046126141729
CES2,basal,-0.7703453048606416
CES3,basal,-0.012378873016990765
CETN2,basal,-0.7461290752854876
CETN3,basal,-1.2505835679063255
CFB,basal,-0.7893487569375713
CFD,basal,-1.0071607622876715
CFDP1,basal,0.8202738378919173
CFH,basal,-0.38097502972535624
CFHR1,basal,0.3054814979321059
CFHR2,basal,0.010943886247974184
CFHR3,basal,-0.1502865884144847
CFHR4,basal,0.09267530432717662
CFHR5,basal,-0.383322727541867
CFI,basal,0.14628424234639356
CFL1,basal,0.48189148212753125
CFL2,basal,0.5580370932940265
CFLAR,basal,0.9906197143406812
CFP,basal,0.230854660105296
CGA,basal,-0.653397526335638
CGGBP1,basal,-0.786004227279093
CGN,basal,-0.4771756090371176
CGNL1,basal,-0.2412402124575884
CGREF1,basal,0.5379031677877958
CHAC2,basal,1.4453691152329184
CHAD,basal,-1.6911884608708823
CHAF1A,basal,0.9970418382986773
CHAF1B,basal,1.3254653588881617
CHCHD1,basal,-0.2774620571890382
CHCHD2,basal,0.3248543418371792
CHCHD3,basal,1.2221714289869612
CHCHD4,basal,0.23530248068066476
CHCHD5,basal,-1.6970929006635824
CHCHD6,basal,0.23108930260742372
CHCHD7,basal,0.385863687991891
CHD1,basal,-1.0561085411829607
CHD1L,basal,1.2951252639925086
CHD2,basal,-0.36635875631665377
CHD3,basal,-0.6717109262968758
CHD4,basal,0.01219619497615472
CHD6,basal,-1.4225186874067088
CHD7,basal,0.7201506194990097
CHD8,basal,-1.0022719207622002
CHD9,basal,-0.44091507339685937
CHDH,basal,-0.1726761217806228
CHEK1,basal,1.7597823957180243
CHEK2,basal,1.5670788427051487
CHERP,basal,0.7890110011831843
CHFR,basal,0.5025909267559714
CHGA,basal,-0.1395122860329092
CHGB,basal,-0.23980145437805755
CHI3L1,basal,1.5978790317497502
CHI3L2,basal,1.5090944787319527
CHID1,basal,-0.31032620296607877
CHIT1,basal,-0.02433372323290205
CHKA,basal,0.5956731413842804
CHKB,basal,0.04230065108884318
CHL1,basal,-0.38575445675356745
CHM,basal,-0.8361082106535126
CHML,basal,0.8374071761726415
CHMP1A,basal,0.7634645697412579
CHMP1B,basal,0.7453639006250022
CHMP2A,basal,-1.080694512266691
CHMP2B,basal,-0.2178976671718417
CHMP4A,basal,-0.6810598230077238
CHMP4B,basal,-0.4932656693254266
CHMP4C,basal,0.8755378388300493
CHMP5,basal,-0.9345283535174731
CHMP6,basal,-0.1718078221512421
CHMP7,basal,-0.37452683223650907
CHN1,basal,0.22595795350660794
CHN2,basal,-1.5413284961453022
CHORDC1,basal,1.1667942795609776
CHPF,basal,0.03937699742008024
CHPF2,basal,0.38463530438227395
CHPT1,basal,-0.02186782857837314
CHRAC1,basal,1.1950963479104406
CHRD,basal,-1.7133267461703028
CHST14,basal,-0.24000907893455337
CHST15,basal,-1.857603668742828
CHSY1,basal,0.36419337851422334
CHTF18,basal,0.3120865679584313
CHTF8,basal,0.23982173432166443
CHUK,basal,-0.32400074758288067
CIAO1,basal,-0.00825932087165433
CIAPIN1,basal,0.9497351661561152
CIB1,basal,-1.0981022974547439
CIC,basal,-0.22332152602513922
CILP,basal,-1.099042040298798
CILP2,basal,-0.5652050934281818
CINP,basal,-0.34641396609469455
CIRBP,basal,-2.027371327921249
CISD1,basal,0.6856549428645754
CISD2,basal,0.19066911252035237
CISD3,basal,-1.1674664747677175
CIT,basal,0.8960076271970596
CIZ1,basal,0.2832164128746309
CKAP2,basal,0.926066238751546
CKAP4,basal,0.6337464351578698
CKAP5,basal,0.859456783013972
CKB,basal,-0.08607409750667848
CKMT2,basal,0.17732705418933797
CKS1B,basal,1.6814401637141927
CKS2,basal,1.1784865485617555
CLC,basal,0.3773685352696797
CLCA2,basal,-0.2932106233885151
CLCC1,basal,0.14034308676405718
CLCN3,basal,-0.6727675400242101
CLCN7,basal,-0.7131129134901092
CLDN3,basal,-0.09134667912005705
CLDN7,basal,-0.3707681415083104
CLEC11A,basal,-0.7204964936470359
CLEC14A,basal,-0.8735450881631908
CLEC16A,basal,-0.4825646358814181
CLEC3A,basal,-0.8414244611402254
CLEC3B,basal,-0.9498995012014728
CLGN,basal,-1.4921475734973126
CLIC1,basal,0.5631047552383988
CLIC2,basal,0.0735321557651387
CLIC3,basal,0.22383423287566812
CLIC4,basal,0.9818338140414137
CLIC5,basal,-0.46448960589336385
CLIC6,basal,-0.9021158407785071
CLINT1,basal,-0.23818842261209153
CLIP1,basal,-0.3066446240652571
CLIP2,basal,0.9242682539904469
CLK2,basal,0.47980244566824415
CLK3,basal,0.11459376565718304
CLMN,basal,-0.32233788028379196
CLN3,basal,-0.9593191644641295
CLN5,basal,-0.697975743597468
CLN6,basal,0.6006352213517526
CLNS1A,basal,0.3182846346262634
CLOCK,basal,-0.3094280852913874
CLP1,basal,0.8376241500404432
CLPB,basal,0.6926488783101982
CLPP,basal,0.2703121479902371
CLPTM1,basal,-0.22592519798889527
CLPTM1L,basal,0.6130583519853764
CLPX,basal,0.11835504834153278
CLSPN,basal,0.9779643511407096
CLSTN1,basal,0.031189774337599417
CLSTN2,basal,-2.261411682156398
CLSTN3,basal,0.33532113469603336
CLTA,basal,0.9150112475168937
CLTB,basal,0.3777128469917296
CLTC,basal,-0.7778427535403635
CLTCL1,basal,0.3305768990495381
CLU,basal,-0.39786503943648033
CLYBL,basal,0.36527439868933853
CMA1,basal,-0.5389360920570994
CMAS,basal,1.3156429045734501
CMBL,basal,-2.966699019575174
CMC1,basal,-0.1730482065439442
CMIP,basal,0.3933418256909735
CMPK1,basal,1.2165039819941836
CMPK2,basal,0.49133571225719236
CMTM4,basal,0.26507636640220694
CNBP,basal,0.7342809403970418
CNDP1,basal,0.3374379708974551
CNDP2,basal,-0.3515122713647905
CNIH4,basal,0.48056213997230635
CNKSR1,basal,-0.09156149581433488
CNKSR3,basal,1.1910608808102479
CNN1,basal,-0.43341083272381975
CNN2,basal,0.3583345039345463
CNN3,basal,0.5046688164337586
CNNM3,basal,-0.8972122970343028
CNNM4,basal,-0.8032898458302474
CNOT1,basal,0.6689131467895272
CNOT10,basal,0.2799675698840145
CNOT2,basal,-0.6125289074756076
CNOT3,basal,0.41150307176006806
CNOT4,basal,0.10369905649683941
CNOT6,basal,-0.5863126700532663
CNOT6L,basal,-0.6917585485310457
CNOT7,basal,0.3957209986333988
CNOT8,basal,-0.8613892365460423
CNP,basal,0.5232028417749071
CNPY2,basal,0.070279126334544
CNPY3,basal,0.43672035930598757
CNPY4,basal,-0.20223600706289235
CNRIP1,basal,-0.750308639622377
CNST,basal,-1.1134184280719368
CNTLN,basal,0.5871621133375324
CNTN1,basal,-0.4816102877718491
CNTROB,basal,0.11956734916098961
COASY,basal,-0.9712596798018639
COBL,basal,0.16204420166324102
COBLL1,basal,-0.4203611680448233
COCH,basal,1.07376053160948
COG1,basal,-0.859166729982251
COG2,basal,-1.4172356450203734
COG3,basal,-0.8077826959498936
COG4,basal,0.5678189725564732
COG5,basal,0.13450150500654526
COG6,basal,-0.5266768374824803
COG7,basal,-1.3650571938862073
COG8,basal,-0.21652149789437095
COIL,basal,-0.3946750988384573
COL10A1,basal,-1.0309862880937795
COL11A1,basal,-0.3826001142963293
COL12A1,basal,-0.804059934813663
COL14A1,basal,-0.8305046534829095
COL15A1,basal,-0.3125299142399997
COL16A1,basal,-0.23457878092458126
COL17A1,basal,-0.30735368966127913
COL18A1,basal,-0.017519902929100304
COL1A1,basal,-0.7804913510508913
COL1A2,basal,-0.8123452175459576
COL22A1,basal,1.2001803712187757
COL2A1,basal,0.36395665435869207
COL3A1,basal,-0.7806418442030048
COL4A1,basal,0.2144575184485673
COL4A2,basal,0.5694359973626547
COL5A1,basal,-0.6832047642255517
COL5A2,basal,-0.7321372542723539
COL5A3,basal,-0.5166517508575454
COL6A1,basal,-0.31123172991332637
COL6A2,basal,-0.18699638061309273
COL6A3,basal,-0.8685748210785018
COL6A6,basal,-0.16705305395951064
COL7A1,basal,-0.25549755397633145
COL8A1,basal,-0.5119571734490296
COLEC11,basal,0.7174258538698155
COLEC12,basal,-0.8534535798244471
COMMD1,basal,0.34824300673230535
COMMD10,basal,-1.8587787056250304
COMMD2,basal,1.7650013294191487
COMMD3,basal,-0.7341918008086163
COMMD4,basal,-0.1695381097806741
COMMD5,basal,0.09201093832703759
COMMD6,basal,0.26689157905954314
COMMD7,basal,0.07370874791539868
COMMD8,basal,-0.006847065337529685
COMMD9,basal,0.24320012589067144
COMP,basal,-0.8861042733693587
COMT,basal,0.2707295718188338
COMTD1,basal,-0.010221820431210152
COPA,basal,0.5860142544386235
COPB1,basal,-0.7030628391739884
COPB2,basal,0.04280383041371287
COPE,basal,0.12683306289230162
COPS2,basal,-0.32485364821593354
COPS3,basal,0.9493336388767936
COPS4,basal,-0.9728749857217305
COPS5,basal,0.21948292455930685
COPS6,basal,0.16357174633790578
COPS7A,basal,-0.21991945387613587
COPS7B,basal,1.2315213765915798
COPS8,basal,-1.025528567987549
COPZ1,basal,-1.4628441895918467
COQ10B,basal,-0.8260439718364007
COQ3,basal,1.0999357336428301
COQ5,basal,-1.335821845001572
COQ6,basal,-1.448031426269368
COQ7,basal,-1.9034302059649062
COQ9,basal,0.7092212972353704
CORO1A,basal,0.48346544246296075
CORO1B,basal,-0.6754543199335631
CORO1C,basal,1.3278458763448608
CORO2A,basal,-1.2365475059027773
CORO2B,basal,-0.6965031387695829
CORO7,basal,-0.32930656481252835
COTL1,basal,1.6382041968838341
COX11,basal,-0.4597681605916712
COX15,basal,-1.036588968821077
COX17,basal,-0.56690102425501
COX19,basal,0.6048020518232977
COX4I1,basal,0.849034439271942
COX5A,basal,0.8291414265829316
COX5B,basal,0.4948740088852291
COX6A1,basal,-0.42492971007786207
COX6B1,basal,0.5236098862099715
COX6C,basal,-1.0285042275913787
COX7A1,basal,-0.8331247111789996
COX7A2,basal,0.13784236771493955
COX7A2L,basal,0.3292798816306108
COX7B,basal,0.5879360574604333
COX7C,basal,-0.7922456810401997
COX8A,basal,-0.18384287819333905
CP,basal,0.8353485270097406
CPA3,basal,-1.7845493335771854
CPB1,basal,-1.0713507054537512
CPB2,basal,0.010991384017647673
CPD,basal,-1.0185733713858574
CPE,basal,-1.1100439151745911
CPEB2,basal,-1.8114827330247847
CPEB4,basal,-1.481676073654862
CPM,basal,0.6284731440682619
CPN1,basal,0.35824772326455867
CPN2,basal,-0.7501358122609286
CPNE1,basal,0.35849913539225947
CPNE2,basal,1.3529090529975234
CPNE3,basal,-0.609604032826945
CPNE8,basal,1.0471124246498074
CPOX,basal,0.7925531608089708
CPPED1,basal,-0.5298867571494649
CPS1,basal,-0.18436417116600456
CPSF1,basal,0.683859278037496
CPSF2,basal,-0.22869291706231207
CPSF3,basal,1.2923221386431563
CPSF4,basal,1.1292172823011317
CPSF6,basal,0.34178921399400497
CPSF7,basal,0.5296072343405204
CPT1A,basal,-1.0673619192282227
CPT2,basal,-0.5168414940893991
CPVL,basal,0.311000387539102
CPXM1,basal,-0.19279894906837988
CPXM2,basal,-0.013668020766225848
CPZ,basal,-0.6239179090938499
CRABP1,basal,1.4590511904967642
CRABP2,basal,-0.5879921982223308
CRADD,basal,-0.8910050371813105
CRAT,basal,-1.4338771767084484
CRBN,basal,-0.8399251130207847
CRCP,basal,0.007559254286635045
CREB1,basal,-0.3707612199551767
CREB3L4,basal,-1.9660472148068422
CREBBP,basal,-0.6795725843462805
CREG1,basal,0.691555231491657
CRELD1,basal,-0.6193037286691471
CRELD2,basal,0.5689320458384223
CRIM1,basal,-0.29902523670731734
CRIP1,basal,-2.141075367473148
CRIP2,basal,-1.1076282143290823
CRIPT,basal,1.0468851138662478
CRISP3,basal,-0.5290181811950311
CRISPLD1,basal,0.7672928707358315
CRISPLD2,basal,-0.33977373386186654
CRK,basal,0.08315104122582201
CRKL,basal,0.17305327500539142
CRLF3,basal,0.8405919648835954
CRMP1,basal,-0.1351192544475402
CRNKL1,basal,-1.4584110164821211
CROCC,basal,-0.25890105156294974
CROT,basal,-1.798201806779682
CRP,basal,0.2556282964188774
CRTAC1,basal,0.34619964149769994
CRTAP,basal,-1.0661533967714674
CRTC1,basal,-0.5729877793291036
CRTC2,basal,1.1070117984573304
CRTC3,basal,-0.3061951582019723
CRY1,basal,-0.008112943831045553
CRY2,basal,-1.4582044490197044
CRYAB,basal,1.8361006947530478
CRYBB1,basal,-0.6287141622796009
CRYL1,basal,-0.9644161499975316
CRYM,basal,-0.4558406120615997
CRYZ,basal,-0.260394486195312
CRYZL1,basal,-0.8182456786899401
CS,basal,-0.27957282002002876
CSAD,basal,-1.4629030640258478
CSDE1,basal,0.7247929358320692
CSE1L,basal,0.6103381148857925
CSF1,basal,0.05059193472357242
CSF1R,basal,0.11945298298749264
CSK,basal,1.0802841986673954
CSN2,basal,0.6404990060345501
CSNK1A1,basal,-1.7639839192206188
CSNK1D,basal,-0.47983955485616814
CSNK1G1,basal,-0.9627341726426488
CSNK1G3,basal,-1.4930319019458398
CSNK2A1,basal,0.284534414014767
CSNK2A2,basal,1.4554807270243741
CSNK2B,basal,0.9593968280882506
CSPG4,basal,0.6710459616233815
CSPP1,basal,-0.3756981783828504
CSRP1,basal,0.1698583024860702
CSRP2,basal,1.8730040848663192
CST3,basal,-1.2138301404721663
CST5,basal,-0.9068710957726759
CST6,basal,0.039998822436785104
CSTA,basal,0.5125304893977073
CSTB,basal,1.6946691613944995
CSTF1,basal,-0.16043557499977812
CSTF2,basal,0.13100065481591372
CSTF2T,basal,-0.7990298649688208
CSTF3,basal,0.6099819605855192
CTBP1,basal,0.08837089482522564
CTBP2,basal,-0.37625546621112854
CTBS,basal,-0.6547091377706665
CTCF,basal,-0.39396499395663237
CTDP1,basal,0.3623169175263582
CTDSPL2,basal,-0.2679413473880736
CTF1,basal,-0.03118682123909527
CTH,basal,-0.26216917085494357
CTHRC1,basal,-0.04891778262184681
CTNNA1,basal,-1.152528103159712
CTNNAL1,basal,0.1272795337985769
CTNNB1,basal,0.35481324533024833
CTNNBIP1,basal,0.8077534456967262
CTNNBL1,basal,0.08018748390536831
CTNND1,basal,-0.24546822455209333
CTNND2,basal,-0.8605972050610136
CTPS2,basal,-0.5492874478513539
CTR9,basal,-1.2290665372849598
CTSA,basal,0.06430157133443723
CTSB,basal,0.2732410735034784
CTSC,basal,1.2371382564713802
CTSD,basal,-0.163161296155489
CTSF,basal,-0.9695586907964228
CTSG,basal,-0.8340780448889619
CTSH,basal,0.12693114699838667
CTSK,basal,-0.7598591599903175
CTSO,basal,-1.2649270747791521
CTSS,basal,0.5743345950070774
CTSW,basal,0.4260752901950007
CTSZ,basal,0.40332760875539175
CTTN,basal,-0.2866839095412722
CTTNBP2,basal,-1.202858054578809
CTTNBP2NL,basal,1.1567926693113468
CTU1,basal,0.8736924122502625
CTU2,basal,1.3867225271654549
CUEDC1,basal,-1.1157483558295667
CUEDC2,basal,-0.16185333311632893
CUL1,basal,1.100075419153154
CUL2,basal,1.0485913939385607
CUL3,basal,-1.031253045791054
CUL4A,basal,0.17420941641841167
CUL4B,basal,0.12133227228944275
CUL5,basal,-0.0004798994987447785
CUL7,basal,0.23911896275530575
CUL9,basal,-0.5165881898767639
CUTA,basal,0.6714623988755256
CUTC,basal,0.5181891586824177
CUX1,basal,-0.6615955381023797
CWC22,basal,0.9852734794290231
CWC25,basal,-0.13300443368370501
CWC27,basal,-0.3132664741259603
CWF19L1,basal,0.17628796497953136
CWF19L2,basal,-0.0994490401922041
CXADR,basal,0.9469612971077314
CXCL10,basal,0.9081387385153034
CXCL12,basal,-0.7183926926459993
CXCL14,basal,-1.0174121731875043
CXCL9,basal,0.4357512129517532
CXXC1,basal,0.39997899396933473
CXXC5,basal,-2.723578335821658
CXorf38,basal,-0.266911075204606
CYB5A,basal,-1.8621307667361133
CYB5B,basal,0.4312694010100968
CYB5R1,basal,-1.7508011893787887
CYB5R2,basal,1.2738429713938462
CYB5R3,basal,0.5555995931989659
CYB5R4,basal,-0.019396167647856025
CYBA,basal,0.7880058750713792
CYBB,basal,0.25724094527313435
CYBRD1,basal,-1.258860448617939
CYC1,basal,0.54621510757669
CYCS,basal,0.9229971864503644
CYFIP1,basal,-0.16987225700450234
CYGB,basal,-0.3820531189291922
CYLD,basal,0.08837059830983184
CYP1B1,basal,0.4147771252747029
CYP20A1,basal,-0.4462701668232747
CYP24A1,basal,0.8777000820457125
CYP27A1,basal,0.7917113205851493
CYP2J2,basal,-0.0811170619638568
CYP2S1,basal,0.0800850162544685
CYP4B1,basal,-2.0627236353996143
CYP4F11,basal,-1.2083346488614253
CYP4X1,basal,-1.220197267560256
CYP4Z1,basal,-1.2326742548707215
CYP51A1,basal,-0.3332176733963558
CYP7B1,basal,1.2033786284534072
CYTH1,basal,0.6373943071853692
CYTH2,basal,-0.8463826572391231
CYTH3,basal,0.15226385282800303
CYTH4,basal,0.11018323783132006
CYTIP,basal,0.3088209328669049
D2HGDH,basal,-0.7982693500877919
DAAM1,basal,-0.795888958807243
DAAM2,basal,-0.04814241960578512
DAB2,basal,-0.2915539091705936
DAB2IP,basal,0.5547550687320932
DACH1,basal,-2.191580718114753
DAD1,basal,-0.690064698061473
DAG1,basal,-0.0815162887024056
DAGLB,basal,-0.14917573936319622
DALRD3,basal,-2.1738666680536234
DAP,basal,0.3129198189334295
DAP3,basal,0.6177771484234652
DAPK1,basal,1.3462739976149327
DAPK2,basal,0.5954246654826844
DAPK3,basal,-0.21588766373665555
DAPP1,basal,0.7682841214751628
DARS2,basal,0.12743482861004246
DAXX,basal,0.5756447482566777
DAZAP1,basal,1.3976884355515866
DAZAP2,basal,-2.0298798089932797
DBH,basal,0.004897055375729805
DBI,basal,0.45030485601314646
DBN1,basal,0.7232972438076477
DBNDD1,basal,0.5364852552029629
DBNL,basal,-0.19179489069840036
DBR1,basal,0.4600057503696795
DBT,basal,-0.10252950208758134
DCAF10,basal,-0.891385354193526
DCAF11,basal,-1.2105265468977808
DCAF16,basal,-0.5450724202513311
DCAF5,basal,-1.6284090313395847
DCAF6,basal,-0.21480095116010056
DCAF8,basal,-0.9479993538203938
DCAKD,basal,-0.4499945299293911
DCD,basal,-0.22978931764558327
DCHS1,basal,-0.5305130896865436
DCHS2,basal,1.4368491981613722
DCK,basal,0.04258621874076297
DCLK1,basal,-0.9847260116755204
DCLK2,basal,0.8950634348589287
DCN,basal,-0.8240143438331182
DCP1B,basal,-0.39309033052340037
DCP2,basal,-0.63930905908335
DCPS,basal,1.5782609828748875
DCTD,basal,-0.5122060485482882
DCTN1,basal,-0.31153445447931594
DCTN2,basal,-0.20353466534757064
DCTN3,basal,-0.1998806317425535
DCTN4,basal,-1.8438371155397235
DCTN5,basal,-0.044500171944861514
DCTN6,basal,-0.44000796063363673
DCTPP1,basal,-0.2967057936518859
DCUN1D1,basal,0.6543910076130312
DCUN1D3,basal,-0.6588318441786535
DCUN1D4,basal,0.3340380671764294
DCUN1D5,basal,1.1104962333790587
DCXR,basal,-1.038542548890082
DDA1,basal,1.150653289340862
DDAH1,basal,-0.4801553145232174
DDAH2,basal,-0.10902026747772335
DDB1,basal,-0.17475302410076227
DDB2,basal,-0.6670171102666014
DDHD1,basal,-0.29733148068336535
DDHD2,basal,-0.017803424268874955
DDI2,basal,-0.5395044845031527
DDO,basal,-1.128597688756305
DDOST,basal,1.0455272573917984
DDR1,basal,-0.55887397099524
DDRGK1,basal,-0.6808439474184624
DDX1,basal,0.6281863679378882
DDX10,basal,0.9806220047655902
DDX11,basal,1.0953131853349296
DDX17,basal,-0.3806915232980687
DDX18,basal,1.1530389479180212
DDX19A,basal,1.040225096544794
DDX19B,basal,0.6887755542864633
DDX20,basal,0.4140061267248082
DDX21,basal,0.6820131552400348
DDX23,basal,-0.7809921025842199
DDX24,basal,-0.4043193916424331
DDX27,basal,0.5036625273086521
DDX28,basal,0.9818455273419169
DDX31,basal,0.0517116861166732
DDX3X,basal,-0.14598164950866144
DDX41,basal,-0.28947625505215385
DDX42,basal,-0.3610399028850897
DDX46,basal,-0.46118536419149575
DDX47,basal,1.03612734757883
DDX49,basal,0.8913429212710543
DDX5,basal,-0.587049372352894
DDX50,basal,0.41541307948871387
DDX51,basal,-0.07402641738745758
DDX52,basal,0.23754428340196512
DDX54,basal,0.07836656639196346
DDX55,basal,0.24422195695684618
DDX56,basal,0.07731104233926334
DDX59,basal,-0.18938265619344585
DDX6,basal,0.13270610209590913
DDX60,basal,-0.42322023391029284
DDX60L,basal,-0.34142469895236005
DEAF1,basal,-0.3414410967659219
DECR1,basal,0.47079422067254695
DECR2,basal,-0.6467042155416514
DEF6,basal,0.3785407164689133
DEF8,basal,1.0029645367939264
DEFA4,basal,0.08132594748105106
DEGS1,basal,0.16186097183813133
DEK,basal,2.02891654726098
DENND1A,basal,-0.025975265579680572
DENND1B,basal,-0.3745105200437119
DENND1C,basal,-0.04823071324848666
DENND2D,basal,-1.0381737736811791
DENND3,basal,0.6290153704237916
DENND4A,basal,-0.5586966070782858
DENND4B,basal,0.8787359156284018
DENND4C,basal,-0.7543341064131401
DENND5A,basal,-0.2861544144417114
DENR,basal,-0.028358633939955465
DEPDC5,basal,0.13471666691010525
DERA,basal,1.1839318517134867
DERL1,basal,0.27998356523169987
DES,basal,0.4373942517658655
DET1,basal,-0.5480719417640642
DFFA,basal,1.004756916832309
DFFB,basal,1.1920604580985683
DGAT1,basal,-0.06696289910105402
DGCR8,basal,0.6090924209612899
DGKA,basal,-0.13173298050259727
DGKD,basal,-1.2779191748182748
DGKE,basal,-0.4761144951090702
DGKH,basal,0.19599537573074996
DGKQ,basal,-0.7754351530698335
DGKZ,basal,1.0219121386215646
DGUOK,basal,1.0909911129150929
DHCR24,basal,-1.3411477137784165
DHCR7,basal,0.964810332603922
DHFR,basal,-0.15320629823603446
DHODH,basal,0.5295849460696402
DHPS,basal,-0.6502337192232526
DHRS1,basal,-0.4328277598199793
DHRS11,basal,0.7764633087832764
DHRS13,basal,-0.33428862526489744
DHRS2,basal,-1.4923541714837036
DHRS3,basal,0.4309359378392488
DHRS4,basal,-0.9746838422015285
DHRS7,basal,-0.8252982033827682
DHRS7B,basal,-0.4858833293178194
DHTKD1,basal,0.8791497349014532
DHX15,basal,-0.24835200027120707
DHX16,basal,0.7317911145531774
DHX29,basal,-1.401623470173471
DHX30,basal,-0.3453048047906308
DHX32,basal,-0.36844531155251803
DHX33,basal,0.5442429159660357
DHX34,basal,0.6644529248633407
DHX35,basal,-0.03721399585150604
DHX36,basal,0.7431858835024349
DHX37,basal,0.4295363225390258
DHX38,basal,0.9577146523901555
DHX40,basal,-0.893012194401929
DHX57,basal,0.8736263713393724
DHX58,basal,-0.8169445366737558
DHX8,basal,-0.38871343751949
DHX9,basal,0.3788389157775756
DIABLO,basal,-0.22960202298016946
DIAPH1,basal,0.4239549852505729
DIAPH2,basal,1.0803387256800778
DIAPH3,basal,1.347373810177977
DICER1,basal,-0.6396846478715055
DIDO1,basal,-0.6276933334103438
DIP2A,basal,0.19435042807584188
DIP2B,basal,-0.6592417160735831
DIP2C,basal,-0.24818158229325535
DIS3,basal,0.23095684673575048
DIS3L,basal,-1.0085279580607611
DIS3L2,basal,-0.2881881294167657
DIXDC1,basal,-1.0132017362934485
DKC1,basal,1.8036162731248615
DLAT,basal,0.7170336706334302
DLC1,basal,-0.5483617848616085
DLD,basal,0.5749185891630367
DLG1,basal,0.3513985878456773
DLG3,basal,-0.9475080747509949
DLG5,basal,-1.114267974598854
DLGAP1,basal,0.462595703592241
DLGAP4,basal,0.6115784505071253
DLGAP5,basal,1.305876067110076
DLST,basal,-0.3489347915653093
DMAP1,basal,0.17474522434966316
DMD,basal,1.4075058125061086
DMXL1,basal,-1.4295088333646286
DMXL2,basal,-0.375776770080341
DNAH3,basal,0.23704128394754348
DNAH7,basal,-1.9588324778617214
DNAJA1,basal,0.5583722121507477
DNAJA2,basal,0.0014590564550593333
DNAJA3,basal,-0.3435418294156267
DNAJA4,basal,-1.0839355328852498
DNAJB1,basal,0.1149359242174512
DNAJB11,basal,1.4004801550712178
DNAJB12,basal,-0.702384821839175
DNAJB14,basal,-0.9736365015899167
DNAJB2,basal,-0.060949084705584064
DNAJB4,basal,0.46450250698656464
DNAJB5,basal,0.044129656235571975
DNAJB6,basal,0.8466273470097111
DNAJB9,basal,-0.3679398680964976
DNAJC1,basal,-1.1490352899248557
DNAJC10,basal,-0.2565737016348999
DNAJC11,basal,0.7313230748794726
DNAJC12,basal,-2.2502317745138845
DNAJC13,basal,-0.31807968996252595
DNAJC16,basal,-1.3485967389164022
DNAJC17,basal,-1.1330660141791884
DNAJC19,basal,-0.5299798168593959
DNAJC2,basal,1.6948207873107404
DNAJC21,basal,0.07593058034508898
DNAJC24,basal,-0.4610747781570384
DNAJC25,basal,-0.5826233670121073
DNAJC3,basal,-0.17475426008396924
DNAJC30,basal,-0.3004089801391491
DNAJC5,basal,0.049903444356413466
DNAJC7,basal,-0.2523259850297448
DNAJC8,basal,0.3947562009619577
DNAJC9,basal,0.9257534913003671
DNAL1,basal,-2.157568725257402
DNAL4,basal,-0.03138117748627247
DNALI1,basal,-2.718651961966571
DNASE2,basal,0.21678584053492103
DNHD1,basal,-0.028044367429764062
DNLZ,basal,0.10793912808391368
DNM1,basal,-0.28411975069721435
DNM1L,basal,0.8856499752614049
DNM2,basal,0.6448554362006094
DNMBP,basal,-1.5259126716971034
DNMT1,basal,1.0965724531426453
DNMT3A,basal,1.1041238621908576
DNPEP,basal,-0.8596580920106403
DNTTIP1,basal,0.4880065513566039
DNTTIP2,basal,0.9279171574816631
DOCK10,basal,-0.5632373759944501
DOCK11,basal,0.10563052628930525
DOCK2,basal,0.09164265186260137
DOCK4,basal,0.10428961939879484
DOCK5,basal,0.21181703763193657
DOCK6,basal,-0.21421349955590613
DOCK7,basal,1.3161873584398796
DOCK8,basal,-0.1865638623537925
DOCK9,basal,-0.26074293178709057
DOHH,basal,0.2042591560738226
DOK1,basal,-1.0608375516042436
DOK2,basal,0.45981594033846507
DOK3,basal,0.26602134445848297
DPAGT1,basal,0.053241896859205703
DPCD,basal,-0.6217866076981563
DPF2,basal,0.32248136732920435
DPH1,basal,-0.39359609331622764
DPH2,basal,1.6084379140858207
DPH3,basal,-0.12281773710365443
DPH5,basal,0.21390276771653666
DPM1,basal,0.43409557410094507
DPM3,basal,0.5396862239807599
DPP3,basal,-0.26434379014943055
DPP4,basal,-0.06036271116656657
DPP7,basal,-0.6004409262514016
DPP8,basal,-0.8319724298117909
DPP9,basal,-0.6209989321783623
DPT,basal,-0.47910296536149927
DPY30,basal,0.643713343883948
DPYD,basal,-0.25292619243150727
DPYSL2,basal,0.8548825520921854
DPYSL3,basal,-0.01173519307186935
DPYSL4,basal,0.2777006061396689
DPYSL5,basal,0.9757288062151805
DR1,basal,0.6894901037099805
DRAP1,basal,0.15044357817130402
DRG1,basal,0.9109297976166023
DRG2,basal,-0.0015000950739268546
DSC2,basal,2.149476987339909
DSCC1,basal,1.4663615314465206
DSG2,basal,1.0302521338298196
DSG3,basal,0.9117480127222362
DSN1,basal,0.5278439971751295
DSP,basal,0.36141372694930024
DST,basal,-0.12388992611867959
DSTN,basal,-0.8957840886460909
DSTYK,basal,0.12294899535783653
DTD1,basal,1.3250233720764233
DTL,basal,0.6012475671599564
DTNA,basal,-0.10779911685456967
DTNB,basal,1.302870689580409
DTNBP1,basal,0.4751866050876631
DTWD1,basal,-0.5897169501699961
DTWD2,basal,-1.9024009210634745
DTX2,basal,0.6546226048741364
DTX3,basal,-0.9776499384265194
DTX3L,basal,-0.3275069108400854
DTYMK,basal,0.5433577891541775
DUS1L,basal,0.5871144906957128
DUS3L,basal,0.4690166709741514
DUSP12,basal,0.9062082848149134
DUSP14,basal,0.01154836886166955
DUSP16,basal,-0.8419535785023609
DUSP22,basal,0.9981714514931793
DUSP23,basal,0.22402221858273003
DUSP3,basal,-0.7581335787898342
DUT,basal,0.05071228708543687
DVL1,basal,0.4342823969595063
DVL2,basal,0.6003375228684501
DVL3,basal,0.9441553618691008
DYM,basal,0.473790077720877
DYNC1H1,basal,0.1801119428928485
DYNC1I1,basal,1.1719975780306315
DYNC1I2,basal,-0.807087798400567
DYNC1LI1,basal,-0.12246154495487056
DYNC1LI2,basal,0.3628222378625155
DYNC2H1,basal,-1.0733307367010607
DYNC2LI1,basal,-1.2792832774087817
DYNLL1,basal,0.38191070477812855
DYNLL2,basal,-0.6199943187884599
DYNLRB1,basal,-0.2757521664589091
DYNLT1,basal,0.1309297633950973
DYNLT3,basal,-0.8249113733357861
DYRK1A,basal,0.21853748530576816
DYRK1B,basal,-0.7787419305907121
DYSF,basal,0.8685629837422945
DZIP3,basal,-0.9238877378985251
E2F3,basal,2.245535218497581
E2F4,basal,1.3583908954793134
E4F1,basal,-0.6421712251097432
EAF1,basal,-1.0264339505524658
EAPP,basal,-1.8936404861052443
EARS2,basal,-1.0157480119404545
EBAG9,basal,-0.14193769995735092
EBNA1BP2,basal,0.9029419691159516
ECD,basal,-0.8040106034878416
ECE1,basal,-1.0979732930346415
ECE2,basal,1.5906724784439188
ECH1,basal,-0.17477508766630764
ECHDC1,basal,0.8476676896850378
ECHDC2,basal,-0.39734661192567444
ECHDC3,basal,0.5080604749445384
ECHS1,basal,-0.4265719279963849
ECM1,basal,-1.0874652009454184
ECM2,basal,-0.9694387908733922
ECSIT,basal,0.0614434740141617
ECT2,basal,0.5971479586914922
EDARADD,basal,-0.9659623654032271
EDC3,basal,-0.08483122771448004
EDC4,basal,0.5100018851080861
EDEM2,basal,0.46646459720766803
EDEM3,basal,-0.9181969118720806
EDF1,basal,-0.3658726363065438
EDIL3,basal,-0.8275900924465972
EEA1,basal,-0.6689405506026028
EED,basal,1.1494503524295228
EEF1A1,basal,0.2008430170908263
EEF1A2,basal,-1.5748496007599695
EEF1B2,basal,0.6205831732092663
EEF1D,basal,-0.0967821397877414
EEF1E1,basal,0.5355619598585035
EEF1G,basal,0.7439694864874151
EEF2,basal,-0.4266714270198197
EEF2K,basal,-0.7873932870380096
EEFSEC,basal,-0.11866712322907169
EEPD1,basal,-0.20269772088564034
EFCAB7,basal,-0.31664999398254584
EFEMP1,basal,-0.1902146375191995
EFEMP2,basal,-0.6072102079509473
EFHD1,basal,-1.1556669038671568
EFHD2,basal,0.39670554063827196
EFNA1,basal,0.5087204011104045
EFNA5,basal,1.2783473877603118
EFNB1,basal,0.8787705240105144
EFNB2,basal,0.13246248339137404
EFR3A,basal,-0.6542437509994645
EFS,basal,0.6888461597476262
EFTUD2,basal,0.4385678448098058
EGFLAM,basal,-0.32216127929218197
EGFR,basal,1.5212163539233545
EGLN1,basal,0.711808577055231
EGR1,basal,-0.24810078930442842
EHBP1,basal,1.6509899165007147
EHBP1L1,basal,0.5973392224060661
EHD1,basal,0.7269791991516207
EHD2,basal,-0.8611460462868079
EHD3,basal,-0.4088435687162573
EHD4,basal,-0.6222234632770312
EHF,basal,0.2873575954083338
EHHADH,basal,0.03760573986382162
EHMT1,basal,-0.9801097864438725
EHMT2,basal,0.9484844441024112
EIF1,basal,-0.23008853650014324
EIF1AD,basal,0.360948082763342
EIF1AX,basal,0.051758827091293244
EIF1B,basal,-0.20553274829008863
EIF2A,basal,0.18421708554494046
EIF2AK1,basal,-0.19263447568632905
EIF2AK2,basal,0.6079196920458718
EIF2AK3,basal,-0.43320767236469826
EIF2AK4,basal,-0.3674621187054994
EIF2B1,basal,0.201621289301473
EIF2B2,basal,-0.39194168566167026
EIF2B3,basal,0.991180017022086
EIF2B4,basal,0.1746770080875549
EIF2B5,basal,-0.20391717346519833
EIF2S1,basal,0.022274656276221497
EIF2S2,basal,0.8839295320597498
EIF2S3,basal,0.1724496509735802
EIF3A,basal,0.11182379751172569
EIF3B,basal,1.2590354748297727
EIF3D,basal,0.684631038492602
EIF3E,basal,0.9244263814783465
EIF3F,basal,0.1408209430768111
EIF3G,basal,0.2563980476687755
EIF3H,basal,0.0060260757481440845
EIF3I,basal,0.3566037245399509
EIF3J,basal,-0.04106728345618279
EIF3K,basal,0.7796081793334898
EIF3L,basal,0.4117079095674814
EIF3M,basal,0.6798174301841522
EIF4A1,basal,0.5703747472682066
EIF4A2,basal,-0.17265738818247056
EIF4A3,basal,0.25614320217831155
EIF4B,basal,-1.172437453074271
EIF4E,basal,-0.37801059325411174
EIF4E2,basal,0.08628833262180702
EIF4E3,basal,-1.1414003803752675
EIF4EBP1,basal,0.8936362750059337
EIF4EBP2,basal,0.08803401173705097
EIF4EBP3,basal,-0.7037965907077125
EIF4ENIF1,basal,0.11932013082765516
EIF4G1,basal,0.7268793354916627
EIF4G2,basal,-0.2632895549848238
EIF4G3,basal,-0.9495033535475321
EIF4H,basal,0.48948926551938726
EIF5,basal,-0.6342746860162007
EIF5A,basal,1.1954246809852582
EIF5A2,basal,0.42959815178628386
EIF5B,basal,0.9655350976955551
EIF6,basal,0.41274248844460387
ELAC1,basal,1.3529741329785812
ELAC2,basal,0.4031751222668393
ELANE,basal,-0.4253741545451993
ELAVL1,basal,1.318997004439735
ELAVL2,basal,0.6720383838872974
ELF1,basal,-1.0655534815000756
ELF2,basal,-0.6121453871796211
ELF3,basal,0.20556102033636547
ELK1,basal,1.030393118273778
ELL,basal,0.0862840442241749
ELL2,basal,-0.635507969176472
ELMO1,basal,0.26949805917750475
ELMO2,basal,-0.8940234749492402
ELMO3,basal,-0.5659022864127901
ELMOD2,basal,-1.636428170295788
ELN,basal,-0.17304149776617872
ELOF1,basal,0.01849589308988282
ELOVL5,basal,-1.8476452926960423
ELP2,basal,-1.0135181068539998
ELP3,basal,-0.5064837253913362
ELP4,basal,0.008781535380013776
EMB,basal,-0.668047072554328
EMD,basal,0.5137571633444696
EMILIN1,basal,-0.40695658619064995
EMILIN2,basal,0.7483254634959715
EML1,basal,-0.5158896527442651
EML2,basal,-1.0054375462212555
EML3,basal,-0.312274055989807
EML4,basal,1.778446520242068
ENAH,basal,0.26134097484955626
ENDOD1,basal,0.3065913514180428
ENDOG,basal,-0.19244933564484312
ENG,basal,-0.0862220645220254
ENGASE,basal,0.052415061431020524
ENO1,basal,1.7194286216937296
ENO2,basal,-0.4068165571931142
ENO3,basal,-0.13084718761981684
ENOPH1,basal,0.09652555487605294
ENOSF1,basal,-0.47517348396754616
ENOX2,basal,0.9993644606270403
ENPEP,basal,-0.32871015698641276
ENPP1,basal,-2.304197881503301
ENPP2,basal,0.12344014775214822
ENPP4,basal,-0.4417727494198052
ENPP5,basal,-0.8664976169241383
ENSA,basal,-0.24165304130481502
ENTPD1,basal,-0.3420191582152803
ENTPD2,basal,0.009667809088664445
ENTPD5,basal,-1.1098732986236304
ENTPD6,basal,0.10207359728760029
ENY2,basal,0.9534591511524456
EP300,basal,-0.26480202525225294
EP400,basal,-0.5267182878953841
EPB41,basal,0.1373302779809208
EPB41L1,basal,-0.43635726396555513
EPB41L2,basal,0.7634274911547491
EPB41L3,basal,-0.662150527383253
EPB41L4A,basal,-1.392969174922927
EPB41L4B,basal,0.2264729696394054
EPB41L5,basal,-2.015220849822318
EPB42,basal,-0.18054557221948533
EPC1,basal,0.04726145985932536
EPC2,basal,0.09168062398357597
EPCAM,basal,0.9062921418935768
EPDR1,basal,-0.3467171487885076
EPHA1,basal,0.3509850304299441
EPHB2,basal,0.6538202551777114
EPHB3,basal,1.6772737491449394
EPHB4,basal,0.6164366134571724
EPHX1,basal,-0.5364423821481554
EPHX2,basal,-0.6621719333343324
EPM2A,basal,0.23699819325026475
EPM2AIP1,basal,-0.9395810380791251
EPN1,basal,0.19600350592961915
EPN2,basal,-0.6037171443320695
EPN3,basal,-1.3271116561155603
EPS15,basal,0.36002885147859576
EPS15L1,basal,-0.47345919029344374
EPS8,basal,-0.6593809007302697
EPS8L1,basal,-1.0959209549946156
EPS8L2,basal,0.28141344439275556
EPSTI1,basal,0.33698489772501056
ERAL1,basal,-0.23780924476429996
ERAP1,basal,-0.6471904962037431
ERAP2,basal,-0.09174872964957066
ERBB2,basal,-0.9097443759613636
ERBB3,basal,-1.7416559025077283
ERBB4,basal,-2.946448862927369
ERC1,basal,0.4451510089418106
ERC2,basal,0.852370228047821
ERCC1,basal,0.03764422354836489
ERCC2,basal,-0.047544137195335415
ERCC3,basal,0.4546998220232848
ERCC4,basal,-0.766509023998181
ERCC5,basal,-0.08419067635571936
ERCC6,basal,0.1410970636947951
ERCC6L,basal,0.9714746074311339
ERCC8,basal,-0.47521602519213557
ERF,basal,0.40777905805470305
ERG,basal,-0.75802307226213
ERGIC1,basal,-2.443774231151998
ERGIC2,basal,0.7138006852436359
ERGIC3,basal,-0.0152812334833245
ERH,basal,-0.023328376968749093
ERI1,basal,0.772461065411662
ERI3,basal,1.2977436987948392
ERICH1,basal,0.3066614530515102
ERLEC1,basal,-0.6536189296097136
ERLIN1,basal,0.0640425977784458
ERLIN2,basal,-0.8688395133802712
ERMP1,basal,-0.6917839024413924
ERN1,basal,-0.636148191527295
ERP29,basal,-0.10295325560435002
ERP44,basal,1.087827321980868
ERRFI1,basal,1.0398481504556891
ESAM,basal,-0.638467303398545
ESCO1,basal,0.27528720632211795
ESD,basal,-0.11968836464099986
ESF1,basal,0.4340100138001953
ESPN,basal,-0.6628765986928219
ESR1,basal,-3.182118356215986
ESRP1,basal,0.6656462640993648
ESRP2,basal,-0.3809415120958141
ESRRA,basal,0.7488017858307338
ESYT1,basal,-0.5237506013665788
ESYT2,basal,1.0079562505679975
ETF1,basal,-0.17333227855136127
ETFA,basal,-0.05403072514389374
ETFB,basal,-0.08536738728791143
ETFDH,basal,-1.172132050567175
ETHE1,basal,-0.2670942869149379
ETNK1,basal,-0.20828985457843777
ETNK2,basal,-1.3896567374995124
ETS1,basal,0.5775726684456369
ETV3,basal,0.2680497861305572
ETV6,basal,2.133474284313414
EVI2B,basal,0.008522622083269798
EVI5,basal,-0.3625017434459229
EVI5L,basal,-0.37148451385878917
EVL,basal,-1.682004940962204
EVPL,basal,-0.10160990935157585
EWSR1,basal,0.39396983522740353
EXD2,basal,-1.2267239528699025
EXOC1,basal,-0.4686971698694747
EXOC2,basal,-0.8196177021540791
EXOC3,basal,-0.27111552298468866
EXOC3L2,basal,-0.18952478364849543
EXOC4,basal,-0.0959765920497604
EXOC5,basal,-0.15497563403599116
EXOC6,basal,-2.150135604220505
EXOC6B,basal,-0.21852733915392228
EXOC7,basal,-0.2386277039774243
EXOC8,basal,-0.3226683984252161
EXOSC1,basal,0.15522333088075183
EXOSC10,basal,0.1726376082925977
EXOSC2,basal,0.45746821295242407
EXOSC3,basal,0.38421989026137077
EXOSC4,basal,0.6895965952530748
EXOSC5,basal,0.6573747863835936
EXOSC6,basal,0.785956173620927
EXOSC7,basal,0.3008010285703303
EXOSC8,basal,0.852361107096668
EXOSC9,basal,0.361620650354223
EXPH5,basal,0.1737685480338571
EXT1,basal,1.229346956145956
EXT2,basal,0.9930982086010759
EXTL2,basal,0.2741411054830928
EYA3,basal,0.20746701295609077
EZH1,basal,-0.9718172922658335
EZH2,basal,1.5376430638341418
EZR,basal,-0.6368517190464656
F10,basal,-0.6130083341615109
F11,basal,0.4297798049403439
F11R,basal,0.793773618455717
F12,basal,-0.021298559361260055
F13A1,basal,-0.8228075055764658
F13B,basal,0.11324406333472126
F2,basal,0.04384726527852565
F3,basal,-0.1826387156462296
F5,basal,0.568489502056373
F7,basal,-2.1507371269117193
F9,basal,-0.22431900684933023
FAAH,basal,-1.955753343257588
FAAH2,basal,-1.5937353067589943
FABP3,basal,-0.22099874280942577
FABP4,basal,-0.49519871380080194
FABP6,basal,0.15027065818575766
FABP7,basal,1.823198315360014
FADD,basal,-0.2378641690891519
FADS2,basal,0.543450286275161
FAF1,basal,1.9604027183750135
FAF2,basal,-1.3717963558578419
FAH,basal,-1.5629094103249581
FAHD1,basal,-1.062208070988076
FAHD2A,basal,1.435297160065019
FAHD2B,basal,-0.2388365962938558
FAIM,basal,0.919571652681024
FAM107B,basal,-0.2601477821267113
FAM110A,basal,-0.5058566066293533
FAM110B,basal,-1.3918819366087674
FAM111A,basal,-0.7132233134687553
FAM111B,basal,0.7667739120745846
FAM114A1,basal,-0.5999699207772293
FAM114A2,basal,-2.0094073907026724
FAM117A,basal,-0.3907333660866544
FAM117B,basal,0.2979661572902504
FAM120A,basal,-1.2947871171789735
FAM120B,basal,-1.0907985144475711
FAM120C,basal,-0.38976750445276903
FAM133B,basal,0.26836730667118297
FAM13A,basal,0.6139116814089599
FAM151B,basal,-1.9337820258692542
FAM162A,basal,-0.15792963604523078
FAM168A,basal,-0.10439204984524818
FAM168B,basal,0.783762689821678
FAM169A,basal,-0.6547345366770864
FAM177A1,basal,-0.8006841063065762
FAM184A,basal,0.8193031427796439
FAM185A,basal,-0.2338443552790547
FAM186A,basal,-0.5944946302636412
FAM193A,basal,-0.6932489338232973
FAM193B,basal,-0.24039752095966638
FAM199X,basal,-0.8745641554623522
FAM20B,basal,-0.0334002402497733
FAM20C,basal,0.7763528987174215
FAM32A,basal,0.4588861133672848
FAM3B,basal,-0.4011060675891976
FAM3C,basal,0.8224542190106288
FAM50A,basal,0.12499462779095409
FAM50B,basal,0.02685028516331332
FAM53B,basal,0.271477348425704
FAM76A,basal,0.5050412971117753
FAM76B,basal,0.5791209716487792
FAM89B,basal,0.696164691560321
FAM8A1,basal,-0.35892561543127444
FAM91A1,basal,0.26891170721185936
FANCD2,basal,0.7007810492243126
FANCI,basal,0.7690231911551019
FAP,basal,-0.7818219303854149
FAR1,basal,-0.8633162462589221
FARP1,basal,0.3665588429920767
FARP2,basal,-1.4298793718786176
FARS2,basal,-0.41686925884995146
FARSA,basal,0.46179333234150666
FARSB,basal,0.9484386849040235
FAS,basal,0.6358594384562463
FASN,basal,-1.142238703023044
FASTKD1,basal,0.6037298366975618
FASTKD2,basal,0.20341691460119055
FASTKD5,basal,-0.17137637220353338
FAT1,basal,1.2484073340695505
FAU,basal,0.36277866691852306
FBL,basal,1.4187783897014836
FBLIM1,basal,1.1003293250718769
FBLN1,basal,-0.2845997220348579
FBLN2,basal,0.17228487987809582
FBLN5,basal,0.4523348246062445
FBLN7,basal,-0.5978776197646659
FBN1,basal,-0.8063905193461188
FBP1,basal,-2.957504682300146
FBP2,basal,-0.12948202694542987
FBRSL1,basal,0.32907867676282093
FBXL12,basal,0.6513330623385947
FBXL15,basal,-0.5439491703011107
FBXL17,basal,-1.7262111260298507
FBXL18,basal,0.4998448100363144
FBXL19,basal,0.46200239274572713
FBXL20,basal,-0.3154306945672542
FBXL3,basal,-1.01225934682574
FBXL4,basal,0.29519115200256046
FBXL6,basal,0.368564494670004
FBXL8,basal,-0.5416207922307859
FBXO11,basal,0.5302721955996904
FBXO2,basal,0.04632012460783889
FBXO21,basal,-0.8336871271238027
FBXO22,basal,0.057145148456838976
FBXO28,basal,-0.11267565466390937
FBXO3,basal,-0.8004224063034662
FBXO30,basal,0.4098920672232447
FBXO38,basal,-1.947170338122304
FBXO4,basal,-0.9970469746425293
FBXO42,basal,0.18900957546459704
FBXO44,basal,0.10235384563365561
FBXO45,basal,0.8084606149637147
FBXO46,basal,0.13630632143208948
FBXO6,basal,0.10911008170630271
FBXO7,basal,0.3836109975168172
FBXO9,basal,-0.25796058931730514
FBXW11,basal,-0.907341162543115
FBXW2,basal,-1.0288474011467281
FBXW5,basal,0.10082607674482123
FBXW8,basal,-0.8968337031239514
FBXW9,basal,-0.03923427980699305
FCER1G,basal,0.3592954680657376
FCF1,basal,0.03790187920249979
FCGR1A,basal,0.2845425851438213
FCGR2A,basal,0.24506906522881602
FCGR2B,basal,0.28383749837521594
FCGR3A,basal,0.09002765675496069
FCGR3B,basal,0.24090440988178227
FCGRT,basal,-0.7962300041250185
FCHO1,basal,0.6078059169693474
FCHO2,basal,-1.3983178509222207
FCHSD1,basal,-0.20701996304578849
FCHSD2,basal,-0.016130931017077448
FCN1,basal,0.6258813227443518
FCN2,basal,-0.8650442011015098
FCN3,basal,0.696300915921502
FCRLB,basal,-0.20373317778214467
FDFT1,basal,-0.3206704865028212
FDPS,basal,0.944320593853097
FDX1,basal,0.812327328047333
FDXR,basal,-0.8664208672407064
FECH,basal,-0.5170950795844591
FEM1A,basal,-0.06146979154022309
FEM1B,basal,-0.716789359802717
FEM1C,basal,-1.362949487397506
FEN1,basal,1.0670199233468043
FER,basal,-0.31741033932687907
FERMT1,basal,1.988725380951709
FERMT2,basal,-0.11454799422185717
FERMT3,basal,0.3157700426560589
FES,basal,0.6220786683022272
FETUB,basal,1.6644927562425864
FEZ2,basal,-0.023805886039006928
FGA,basal,-0.15752730656149203
FGB,basal,-0.44979278575878007
FGD1,basal,1.007899609156289
FGD2,basal,0.3208726931505971
FGD3,basal,-1.2145551346429788
FGD4,basal,0.43530676196628093
FGD5,basal,-0.44198616410553987
FGD6,basal,-0.6070673380965931
FGF1,basal,-0.6006443740915907
FGF2,basal,0.546171430330659
FGFR1,basal,-0.39693958402607243
FGFR1OP2,basal,0.49953401566332395
FGFR2,basal,0.11607051828633203
FGG,basal,-0.317896052341589
FGGY,basal,-0.318784240560784
FGL2,basal,-0.15771049659252662
FGR,basal,0.35003192075540857
FH,basal,0.7486194865660754
FHIT,basal,-0.14886616228260374
FHL1,basal,-0.455865088892185
FHL2,basal,-0.06822701174730511
FHL3,basal,1.0797908941288052
FHL5,basal,-0.7709602439328264
FHOD1,basal,-0.6560503496407033
FIBIN,basal,-0.31325301307465514
FIBP,basal,-0.23577828865283165
FIG4,basal,-0.5182489486806613
FIGNL1,basal,0.9696055680279302
FILIP1,basal,-0.24608452357967953
FILIP1L,basal,-0.6940434531840098
FIP1L1,basal,0.4091055168577287
FIS1,basal,-0.47707300875003367
FIZ1,basal,-0.25396889855098065
FKBP10,basal,-0.3964344381928131
FKBP11,basal,0.5116417831647013
FKBP14,basal,0.07658847811812707
FKBP15,basal,-0.42668601080361096
FKBP1A,basal,0.7457536579557794
FKBP2,basal,-0.06390658087084665
FKBP3,basal,-0.8533516077897939
FKBP4,basal,-0.6248863284027005
FKBP5,basal,0.16476988036068826
FKBP7,basal,0.0143197498941153
FKBP8,basal,0.3773034663545498
FKBP9,basal,0.24967547684111718
FKBPL,basal,0.8934109272859543
FLAD1,basal,1.0203548350087412
FLCN,basal,-0.23135715423040284
FLI1,basal,-0.11177025398770232
FLII,basal,0.1017039252934377
FLNA,basal,0.8106733974959965
FLNB,basal,-0.8059729782589788
FLNC,basal,-0.3050824993371153
FLOT1,basal,-0.8094391407377476
FLOT2,basal,0.1972306844434178
FLT1,basal,-0.1393025264288702
FLVCR1,basal,-0.24593883611452866
FLYWCH2,basal,-1.1570847564101818
FMN1,basal,-1.0905244145008361
FMNL1,basal,0.3952114752297898
FMNL2,basal,1.9135118920921548
FMNL3,basal,-0.20781047833917876
FMO1,basal,0.03234551859642582
FMO3,basal,0.14155505228524934
FMO5,basal,-1.6069849508892642
FMOD,basal,-0.7457094638011416
FMR1,basal,0.5598298159490472
FN1,basal,-0.40991331164852296
FN3K,basal,-0.3617656835838991
FN3KRP,basal,0.2226356786717644
FNBP1,basal,0.4017978399675204
FNBP1L,basal,0.09707838282667879
FNBP4,basal,0.40883506826039917
FNDC1,basal,0.26042519376807616
FNDC3A,basal,-0.5359703282002003
FNDC3B,basal,1.252916286428937
FNIP1,basal,-1.945862123505755
FNTA,basal,0.8587579984528748
FNTB,basal,-1.1606534662112244
FOLH1,basal,1.3861811275228033
FOLR2,basal,-0.1632401955782884
FOSB,basal,-0.5006128753088871
FOSL2,basal,0.03897021316696917
FOXA1,basal,-5.850409918942975
FOXJ2,basal,0.44522583760005335
FOXJ3,basal,0.09527398145487782
FOXK1,basal,0.9300998816448051
FOXK2,basal,0.907670235943387
FOXN3,basal,0.2021410153222493
FOXO1,basal,-0.323690530385205
FOXO3,basal,0.01572077678408176
FOXP1,basal,-2.086354844156804
FOXP4,basal,1.3100773712452232
FOXRED1,basal,0.23701255692459708
FOXRED2,basal,0.485268739433192
FPGS,basal,-0.3752050528516827
FPGT,basal,-1.0193592823164828
FRG1,basal,-0.2014701676777742
FRK,basal,-0.14925488718435762
FRMD4A,basal,0.9783106344886333
FRMD6,basal,-1.1456230184612126
FRMD8,basal,0.8641326074544929
FRS2,basal,-1.4673004636287372
FRY,basal,-1.673095367074532
FRYL,basal,-0.9426809294293588
FRZB,basal,-0.4390564715195209
FSCN1,basal,2.210520424950712
FSD1L,basal,-0.2948415853136713
FST,basal,-0.47516908363794014
FSTL1,basal,-0.23072652495739832
FSTL3,basal,-1.0916353883956862
FTH1,basal,0.017940811386920254
FTL,basal,0.29821971027994904
FTO,basal,-0.3283680374978145
FTSJ1,basal,0.5870700007481525
FTSJ3,basal,-0.13704206668894764
FUBP1,basal,0.22713148338983175
FUBP3,basal,-0.8489429126565459
FUCA1,basal,-1.3594371890628398
FUCA2,basal,0.2790200804243651
FUNDC1,basal,-0.9197959434105943
FUNDC2,basal,-0.26502614247074324
FURIN,basal,0.45232308094447843
FUS,basal,0.2512074036707505
FUT5,basal,1.5476334908464393
FUT8,basal,-1.98656267354311
FXN,basal,1.0392806896082176
FXR1,basal,0.5630071314957268
FXR2,basal,0.1726689960357599
FYCO1,basal,-1.8602764482765097
FYTTD1,basal,0.4031993123880657
FZD1,basal,0.3731400517877372
FZD6,basal,0.703330922508508
FZD7,basal,1.4388768255563469
FZR1,basal,-0.29618558108854176
G3BP1,basal,-0.002137223864217306
G3BP2,basal,-0.48809502254596593
G6PC3,basal,-1.4575761087211963
G6PD,basal,-0.15041010101217195
GAA,basal,-0.1325123546708732
GAB1,basal,-1.036514006557022
GAB2,basal,0.11825928801876885
GABARAP,basal,-0.1296346276029124
GABARAPL1,basal,0.4635212508897673
GABARAPL2,basal,-0.11670899894141357
GABPA,basal,0.04301128325656074
GABPB1,basal,0.2030673420223707
GABPB2,basal,-0.01238243817105199
GADD45GIP1,basal,0.36949066850644163
GAK,basal,-1.0400124220229496
GAL3ST4,basal,0.4055602898608982
GALC,basal,-1.0671791842078655
GALE,basal,-0.471293926423264
GALK1,basal,0.6410938774432073
GALK2,basal,0.17548093980912227
GALM,basal,-0.17677669208942906
GALNS,basal,1.1137392835211217
GALNT1,basal,0.12506091957562307
GALNT10,basal,-1.9913595797601786
GALNT2,basal,0.588815277098523
GALNT3,basal,0.7765591022457494
GALNT4,basal,-0.9982628322065065
GALNT5,basal,-0.9632077579128457
GALNT6,basal,-1.735494317018859
GALNT7,basal,-1.9519043925837047
GALT,basal,0.606098534025388
GAMT,basal,-2.1166315307646766
GAN,basal,0.6575566050091427
GANAB,basal,0.4945233846369133
GANC,basal,0.023222280350597906
GAPDH,basal,1.3752912688011953
GAPDHS,basal,0.635313802626553
GAPVD1,basal,-0.9298810475093431
GAR1,basal,1.2299815339025664
GART,basal,1.4472744544711331
GAS2L1,basal,0.10656633494141687
GAS6,basal,-0.43956838265478837
GAS7,basal,-0.6660985178687261
GATA3,basal,-3.302262181045731
GATAD1,basal,-1.1298413800080593
GATAD2A,basal,1.5246619207416945
GATAD2B,basal,0.6672517262419344
GATC,basal,-0.11164936459081705
GATM,basal,-0.7294630477449738
GBA2,basal,-0.03986497615167238
GBE1,basal,0.15937012152860608
GBF1,basal,-0.8971972692469835
GBP1,basal,1.1734155946235858
GBP2,basal,0.09684456796095377
GBP3,basal,-0.3816809212530329
GBP4,basal,0.2792224542789269
GBP5,basal,0.7492816029075505
GBP7,basal,-0.027158513800779112
GC,basal,-0.09381041649166925
GCA,basal,0.3108449756575044
GCAT,basal,0.19066419698601075
GCC1,basal,-0.15406302786319706
GCC2,basal,-1.0259455205875054
GCDH,basal,-0.06235122712909802
GCH1,basal,0.07030377061459678
GCHFR,basal,-0.48058514922763823
GCLC,basal,-0.14460320676909644
GCLM,basal,0.6066159148681171
GCSH,basal,0.9753829575070753
GDAP1,basal,-0.7447756201034798
GDAP2,basal,0.3965865044454749
GDE1,basal,-1.2681737798221056
GDF15,basal,-1.7839363046184311
GDI1,basal,-0.6389946439913545
GDI2,basal,1.3935648075746474
GDPD1,basal,-0.731882712738397
GDPD3,basal,-0.46361034018919106
GEM,basal,-0.3571531354059541
GEMIN4,basal,0.9921610756940275
GEMIN5,basal,-0.4241329525279
GEMIN6,basal,0.49494189865960336
GEMIN7,basal,0.17691214967095678
GEMIN8,basal,-0.9420392628488058
GEN1,basal,1.0075327837683747
GET4,basal,0.4591705834272621
GFAP,basal,0.07440649071576522
GFER,basal,-0.8790470974876007
GFM1,basal,-0.5358431090013962
GFM2,basal,-1.3415724970603013
GFOD1,basal,0.9367540568449249
GFOD2,basal,0.5124835686400447
GFPT1,basal,0.12047488338750897
GFPT2,basal,0.3472352494488674
GFRA1,basal,-2.0951897157202355
GGA1,basal,0.17609631685072946
GGA2,basal,-0.0479671792042189
GGA3,basal,0.19177890740925962
GGCT,basal,0.06380827445513032
GGCX,basal,0.07256351708222243
GGH,basal,1.2232115027182553
GGNBP2,basal,-0.6755539629320034
GGPS1,basal,-0.6873292920670119
GGT1,basal,-0.051187699408839354
GGT5,basal,-0.5524168937529038
GGT7,basal,-0.1847347165519251
GHDC,basal,-1.4689259941395407
GHITM,basal,-0.5344751509738586
GIGYF1,basal,-0.11448529645239508
GIGYF2,basal,-1.1379743196173417
GIMAP1,basal,-0.12160638033479708
GIMAP2,basal,-0.2749644377518428
GIMAP4,basal,-0.0270327228505487
GIMAP6,basal,-0.34159793405128214
GIMAP7,basal,-0.04591195218486276
GIMAP8,basal,-0.13874309178462874
GINS1,basal,1.0273992432123829
GINS2,basal,0.41771764249934623
GINS3,basal,1.0691402567320902
GINS4,basal,1.3786826156898255
GIPC1,basal,0.6718423321322797
GIPC3,basal,0.1898640291975941
GIT1,basal,0.5028902996633359
GIT2,basal,-0.7258829127260893
GJA1,basal,-0.8151016299468831
GK,basal,0.024302286925818862
GK5,basal,0.097755117191858
GKAP1,basal,-0.4320992202312586
GLA,basal,-0.38658863576227653
GLB1,basal,-0.048650929477414125
GLB1L,basal,-0.25171236888584014
GLCCI1,basal,-1.2339713915574715
GLCE,basal,-0.7536454081566283
GLDC,basal,0.780596296771766
GLE1,basal,-0.7477968194090632
GLG1,basal,0.9926705845904538
GLI3,basal,-1.6642099876673688
GLIPR1,basal,0.7221051000647083
GLIPR2,basal,1.786009792204924
GLMN,basal,0.8463141914822633
GLO1,basal,-0.0026512470514283943
GLOD4,basal,-0.1955458490253522
GLRX,basal,0.10815776413828448
GLRX2,basal,0.7057649014681985
GLRX3,basal,0.8858915535280332
GLRX5,basal,-0.13785821995443429
GLS,basal,1.7667114157886876
GLT8D1,basal,-1.2886378184211098
GLT8D2,basal,-0.718722344390656
GLTP,basal,0.36567059107816047
GLUD1,basal,-1.4674894672407262
GLUD2,basal,-1.207300987271289
GLUL,basal,-1.523268850511186
GLYAT,basal,-0.33254029532839624
GLYATL1,basal,-1.0160404037652562
GLYATL2,basal,0.8198394708001397
GLYR1,basal,-1.2031636730861661
GM2A,basal,-0.19386462909432453
GMDS,basal,1.1966481745895823
GMEB1,basal,0.7925625201961973
GMEB2,basal,0.29854223465738144
GMFB,basal,-0.7461237549252536
GMFG,basal,0.2103330033218508
GMIP,basal,0.37713785376389003
GMNN,basal,1.1702556813691283
GMPPA,basal,-0.14827592129176223
GMPPB,basal,-0.5197079370037248
GMPR,basal,0.31387888995599084
GMPR2,basal,-1.7989066331074017
GMPS,basal,1.748940709763995
GNA11,basal,-0.5037103111253474
GNA12,basal,0.173456387852187
GNA13,basal,-0.3167367680088306
GNAI1,basal,0.9700973521930135
GNAI2,basal,-0.4326123323378021
GNAI3,basal,0.7286422282543524
GNAO1,basal,-0.12746075621049816
GNAQ,basal,-0.5458711750823995
GNAS,basal,0.6939257289536036
GNAZ,basal,0.31254523137790496
GNB1,basal,0.05949307359532635
GNB1L,basal,0.7434038134402201
GNB2,basal,0.05418688419029702
GNB4,basal,0.9239392861836038
GNB5,basal,-0.4708080787200928
GNE,basal,0.2241601537171974
GNG11,basal,-0.6922807512578614
GNG12,basal,-0.48004260469950777
GNG2,basal,-0.027236279818716014
GNG5,basal,0.7198611346172088
GNG7,basal,0.28117548807321363
GNL1,basal,0.6758534172303633
GNL2,basal,1.487264828043135
GNL3,basal,0.44624363615062446
GNL3L,basal,0.6229695160457462
GNPAT,basal,0.28733045509871374
GNPDA1,basal,-0.2675996798256255
GNPDA2,basal,-0.8432350065942068
GNPNAT1,basal,-0.6755178650660049
GNPTAB,basal,0.5106004968382869
GNPTG,basal,-0.9085699172612124
GNS,basal,-0.9396805279762953
GOLGA1,basal,-1.8457858908056501
GOLGA2,basal,-0.99341746520742
GOLGA3,basal,-0.09893389677971855
GOLGA4,basal,-0.21215207496364288
GOLGA5,basal,-0.8595939387165233
GOLGA7,basal,0.48728708051748887
GOLGB1,basal,-1.2669845139862976
GOLIM4,basal,-0.11342486707121785
GOLM1,basal,-0.7792159567912379
GOLPH3,basal,0.2063484740728299
GOLPH3L,basal,-0.6496404991522877
GOLT1B,basal,1.0630558133429278
GON4L,basal,-0.09274539032132595
GOPC,basal,0.5320794736275455
GORAB,basal,0.5920659691603571
GORASP1,basal,-0.5220414293961607
GORASP2,basal,0.4751134578608383
GOSR1,basal,-0.8481998008377291
GOSR2,basal,-0.3223842860755538
GOT1,basal,0.2675101734545909
GOT2,basal,-0.5394302170898935
GP2,basal,-2.2685680913154336
GPAA1,basal,0.3187855656839667
GPAM,basal,-0.48747685174149286
GPATCH1,basal,0.47652731524599273
GPATCH2,basal,-0.659964364943604
GPATCH8,basal,-0.2749650705227042
GPBP1,basal,-1.1704276288997726
GPBP1L1,basal,0.44711538030279857
GPC1,basal,-0.695693142114934
GPC4,basal,-0.67210863968212
GPC6,basal,-0.10075891768718984
GPCPD1,basal,-0.4318847964293935
GPD1,basal,-0.39414382245432655
GPD1L,basal,-2.1983553224560084
GPD2,basal,-0.5748217998563926
GPHN,basal,-0.6434991386817147
GPI,basal,1.0544674982315396
GPKOW,basal,-0.2241908354416724
GPLD1,basal,0.4760842093807508
GPN1,basal,1.9113082901520728
GPN2,basal,0.1528263042906794
GPN3,basal,-0.2923591811350603
GPNMB,basal,0.28888451772304147
GPR107,basal,-0.6569877941746195
GPR108,basal,-0.4279051980010113
GPRC5A,basal,-1.4907638019024962
GPRC5C,basal,-1.7431126142478914
GPRIN1,basal,0.6407600963283241
GPRIN3,basal,-0.2257816199579985
GPS1,basal,0.24493958663009532
GPS2,basal,-0.010911599616774886
GPSM1,basal,0.4068111824617203
GPSM3,basal,0.12152715046039779
GPT,basal,0.38469942770763055
GPT2,basal,1.5009408514255653
GPX1,basal,-0.06421496105842713
GPX3,basal,0.14553299227424724
GPX4,basal,-0.6165226456367437
GPX7,basal,1.2570710262516098
GPX8,basal,-0.3428003254278629
GRAMD1A,basal,0.06029836343549594
GRAMD4,basal,-0.06085703482262106
GRAP2,basal,0.3753886276589093
GRB10,basal,0.7249777641179842
GRB14,basal,0.673910611353783
GRB2,basal,-0.7408946666429855
GRB7,basal,-0.2734969405638834
GREB1,basal,-2.0889096444438207
GREM1,basal,-0.23896609625262893
GRHL1,basal,1.0348895582022208
GRHL2,basal,-0.2706881947007482
GRHPR,basal,0.034893318846286644
GRIP1,basal,0.1572810280138181
GRIPAP1,basal,-0.5967966253924292
GRK5,basal,0.2811845184448352
GRK6,basal,0.9434939676153684
GRN,basal,0.005847916942497479
GRPEL1,basal,0.022310396985084878
GRPEL2,basal,0.07676080667618004
GRSF1,basal,0.02958161066316683
GRTP1,basal,-0.6860737135170697
GRWD1,basal,-0.02115377905856523
GSDMA,basal,-0.010781631775261667
GSDMD,basal,-0.5830570959583452
GSK3A,basal,0.3112003551480385
GSK3B,basal,-0.11560576515836792
GSN,basal,0.3473380706120666
GSPT1,basal,-1.0144575686195716
GSPT2,basal,0.23540043853498763
GSR,basal,-0.7258734478850407
GSS,basal,-0.706256630098999
GSTA1,basal,1.3022998621370956
GSTA4,basal,0.6887422003289145
GSTCD,basal,-1.4038069329388005
GSTK1,basal,0.14238384173632274
GSTM1,basal,-0.42079365443808475
GSTM2,basal,-0.7606999574273237
GSTM3,basal,-1.4133251125156625
GSTM4,basal,-0.702884381675381
GSTM5,basal,-0.7661017397575146
GSTO1,basal,0.23269987798958913
GSTP1,basal,1.6532901158465294
GSTZ1,basal,-1.0212737816500241
GTF2A1,basal,-0.49077782043499185
GTF2A2,basal,0.3800003127770256
GTF2B,basal,0.395151219616056
GTF2E1,basal,-0.12908224690848868
GTF2E2,basal,0.7520823195976915
GTF2F1,basal,-0.7290589784916514
GTF2F2,basal,0.82570806951074
GTF2H1,basal,0.14744453277093764
GTF2H3,basal,-0.38426997189056855
GTF2H4,basal,1.2562220653408138
GTF2H5,basal,-0.14364079165823943
GTF2I,basal,0.17447862308976778
GTF2IRD1,basal,-0.05980135143703947
GTF3A,basal,0.2399786828514731
GTF3C1,basal,-1.079257573696144
GTF3C2,basal,1.3166270210896338
GTF3C3,basal,0.34284140417495484
GTF3C4,basal,-0.06889264431869385
GTF3C5,basal,0.968512460171205
GTF3C6,basal,0.9539765083720692
GTPBP1,basal,0.643802033030448
GTPBP10,basal,0.1822739654749352
GTPBP2,basal,1.1705004153925243
GTPBP3,basal,0.47064321123604297
GTPBP4,basal,1.9253491188233562
GTPBP8,basal,1.6905719377082125
GTSE1,basal,1.4460120497124465
GUCY1A2,basal,-0.7827539787465602
GUF1,basal,-0.7959365656964438
GUK1,basal,0.36631890583876653
GULP1,basal,-0.15215750994611377
GUSB,basal,-0.3180974997496731
GXYLT1,basal,-0.37745473749543146
GYG1,basal,0.7459624379387126
GYG2,basal,0.1803889985352106
GYS1,basal,0.3207356942144985
GZF1,basal,-0.455659984988248
GZMA,basal,0.3541492927744038
GZMH,basal,0.34006735030520396
H6PD,basal,-0.008157190478644261
HAAO,basal,0.5503924295007765
HABP2,basal,-0.6316272797419841
HABP4,basal,0.5126143747868702
HACE1,basal,0.6059781152804166
HACL1,basal,-0.5285820393870413
HADH,basal,-0.06050573277067132
HADHA,basal,0.27957290516178457
HADHB,basal,-0.4121188120949038
HAGH,basal,-1.0120027411829395
HAGHL,basal,-0.7962740405241745
HAPLN1,basal,0.450463860970769
HAPLN3,basal,2.3737634668255216
HARS2,basal,-1.07351250762659
HAT1,basal,-0.3869507856531142
HAUS1,basal,0.19409501037225982
HAUS2,basal,0.08801623838756191
HAUS3,basal,-0.6414445211097395
HAUS4,basal,-0.5775049945977491
HAUS5,basal,1.048139446834311
HAUS6,basal,1.1603914657931955
HAUS7,basal,0.8513015157969973
HAUS8,basal,1.300964282829663
HAVCR2,basal,0.0205185947170757
HAX1,basal,0.5493642357430588
HBB,basal,-0.4660808869955209
HBD,basal,-0.07579935906699968
HBP1,basal,-0.7934831844380525
HBQ1,basal,1.0093182154578262
HBS1L,basal,0.6352720510786958
HBZ,basal,0.14772118487072805
HCCS,basal,0.6864044898573568
HCFC1,basal,0.5804620040857501
HCFC2,basal,-0.7617862906565783
HCK,basal,0.5078197322131792
HCLS1,basal,0.25550177712235644
HDAC1,basal,0.4031517007737194
HDAC10,basal,-0.5470373086940015
HDAC11,basal,-1.1601844150212195
HDAC2,basal,1.4932097175042078
HDAC3,basal,-0.10946694168811757
HDAC4,basal,0.5734946598444691
HDAC5,basal,0.26649826886405775
HDAC6,basal,-0.12995643868313708
HDAC7,basal,-0.9413180676724778
HDAC8,basal,0.3834573303595332
HDDC2,basal,0.9255516735749019
HDDC3,basal,-0.633370051983569
HDGF,basal,1.8957200341746612
HDHD2,basal,-0.9619278267521121
HDHD3,basal,0.06897830326977203
HDLBP,basal,0.2271931823569364
HEATR1,basal,1.0425622460281394
HEATR3,basal,0.29278470200129847
HEATR5B,basal,-0.6942752190331841
HEATR6,basal,-0.8974929752203809
HEBP1,basal,-0.8152278239690025
HEBP2,basal,1.0715390897723012
HECA,basal,1.2190999217620169
HECTD1,basal,-0.7420270623853733
HECTD3,basal,0.16224024186462677
HECW2,basal,-0.19845411029916998
HELB,basal,0.28806376407755035
HELLS,basal,0.7248194646356093
HELZ,basal,-0.2728466216856178
HERC1,basal,-0.5738775042978562
HERC2,basal,-0.35630580155787644
HERC3,basal,-0.725290474548536
HERC4,basal,-0.012827014394406762
HERC5,basal,0.9112261491255215
HERC6,basal,0.3455691535448782
HERPUD1,basal,-0.15342535413697345
HERPUD2,basal,-0.17284650523038564
HES1,basal,-0.30455589714284104
HEXA,basal,0.04806760280967062
HEXB,basal,-0.5451492838595208
HEXIM1,basal,-1.8972493323247845
HEXIM2,basal,-1.2685227229547598
HGD,basal,-1.3003204411603728
HGF,basal,-0.8836932804586425
HGFAC,basal,0.2882412633935181
HGS,basal,0.6735704748999882
HIBADH,basal,0.15133553637495126
HIBCH,basal,0.01736049257503637
HIC1,basal,-0.47783188666390525
HIF1AN,basal,-1.3526551229007815
HIGD1A,basal,-0.5249253244440854
HIGD2A,basal,-0.1818444236468909
HINT1,basal,-0.265330957728421
HINT2,basal,-0.6644063790731278
HINT3,basal,0.11335395246724979
HIP1,basal,-1.0373556541293587
HIP1R,basal,0.13076764526617832
HIRA,basal,1.0016346776396698
HIRIP3,basal,-0.6879844607201788
HIVEP1,basal,0.2449390949756034
HIVEP2,basal,0.4803041634590253
HK1,basal,-0.7546156941764132
HK2,basal,-0.13493263559313617
HK3,basal,0.7927080451517491
HLA-A,basal,0.7107449206089324
HLA-B,basal,0.6184584609478057
HLA-C,basal,0.3023624571368465
HLA-DMA,basal,0.14965315193985934
HLA-DMB,basal,0.03383628933823595
HLA-DPA1,basal,-0.072751469148144
HLA-DPB1,basal,-0.05132578463976115
HLA-DQA1,basal,0.15236155516583103
HLA-DQB1,basal,0.16762556245693108
HLA-DRA,basal,0.11476063239993105
HLA-DRB1,basal,0.11978205381607412
HLA-DRB5,basal,0.08126339544371788
HLA-E,basal,0.4952026978594046
HLA-F,basal,0.9130943626860561
HLCS,basal,-0.11240734146120769
HLTF,basal,0.058420814010372225
HM13,basal,-0.016028785483218032
HMBOX1,basal,-0.46090652329124226
HMBS,basal,1.0316300715929223
HMCN1,basal,-0.6308304537171137
HMG20A,basal,-0.00582750991198281
HMG20B,basal,-0.4771491476780293
HMGA1,basal,2.0744722301903638
HMGB1,basal,0.4715730614915115
HMGB2,basal,0.8643920857580341
HMGB3,basal,0.7648712604885175
HMGCL,basal,-1.2176805528027415
HMGCS1,basal,0.09070297619973268
HMGCS2,basal,-1.386953701761434
HMGN1,basal,0.3764618547030287
HMGN2,basal,0.06772147526957731
HMGN3,basal,1.14825482652782
HMGN4,basal,1.3034147004416206
HMGN5,basal,-0.3062214090059924
HMGXB4,basal,-0.1714386062268845
HMMR,basal,0.8803247799057218
HMOX1,basal,0.09567046047064924
HMOX2,basal,-0.256770368236244
HMX3,basal,-0.017932657702817604
HNMT,basal,-1.3623538616924225
HNRNPA0,basal,-0.39511198899441063
HNRNPA1,basal,0.17716352383603912
HNRNPA2B1,basal,0.33770260719469897
HNRNPA3,basal,0.7387705410187035
HNRNPAB,basal,0.29770735914571106
HNRNPC,basal,-0.1117587178969223
HNRNPD,basal,1.0617748659400625
HNRNPF,basal,-0.4926047685979903
HNRNPH1,basal,0.21820751654056825
HNRNPH2,basal,-1.5011006720517355
HNRNPH3,basal,0.7041574907740054
HNRNPK,basal,-0.3293495439621746
HNRNPL,basal,0.5836087134296742
HNRNPM,basal,0.3808870348500214
HNRNPR,basal,0.38288986745028714
HNRNPU,basal,0.2661601748698842
HNRNPUL1,basal,0.8229446013596272
HNRNPUL2,basal,0.5295639128503353
HOMER1,basal,0.5431469275646617
HOMER2,basal,0.0438699796166818
HOMER3,basal,1.3122871885514757
HOMEZ,basal,-1.5286486625996147
HOOK1,basal,-0.4522276579603791
HOOK2,basal,-0.33893070456935753
HOOK3,basal,0.4255998170024143
HOPX,basal,-0.5385763588943745
HOXB3,basal,-1.0374678845375842
HOXC10,basal,-0.1476185536931183
HOXC9,basal,-0.5605744075248724
HOXD8,basal,-1.0214829166866792
HOXD9,basal,-0.5176438401867466
HP,basal,0.11370560573393548
HP1BP3,basal,0.041407533605011135
HPCAL1,basal,0.5752149598010433
HPGD,basal,-0.5088203529100628
HPGDS,basal,-1.3405587894787419
HPR,basal,-0.007602320088000803
HPRT1,basal,1.0227998784546093
HPS1,basal,0.2847190642597598
HPS3,basal,-0.26053932018125175
HPS4,basal,-0.2205037679295633
HPS5,basal,0.6023789533959139
HPS6,basal,-0.6563527996815778
HPX,basal,-1.9917920479498166
HRAS,basal,-0.01869782526741218
HRG,basal,0.6840985120767914
HS1BP3,basal,0.048075938890158265
HS2ST1,basal,0.7944457209563832
HS6ST1,basal,0.3170833627382008
HSBP1,basal,0.11772535546919831
HSCB,basal,-0.4523614520419516
HSD11B1,basal,0.36611384357677806
HSD11B2,basal,-0.04192133455603448
HSD17B10,basal,0.44847618389983995
HSD17B11,basal,-0.5631652476757888
HSD17B12,basal,0.6516664305459979
HSD17B4,basal,-1.74119978286486
HSD17B7,basal,-0.6460914349911299
HSD17B8,basal,-1.550270333726873
HSD3B7,basal,-0.826931520443104
HSDL1,basal,-0.39102139674355646
HSDL2,basal,-1.4019681720256294
HSF1,basal,0.8020649307556779
HSP90AA1,basal,0.16676543682848188
HSP90AB1,basal,0.5536450986330951
HSP90B1,basal,0.9295821536529227
HSPA12A,basal,-1.3147072835527036
HSPA12B,basal,-0.9289890045435645
HSPA13,basal,0.15894111742427158
HSPA14,basal,1.7565536828817903
HSPA1L,basal,-1.0438818607426388
HSPA2,basal,-0.8859210604128549
HSPA4,basal,-0.5700329164186437
HSPA4L,basal,0.7839187396702029
HSPA5,basal,0.42379600187184086
HSPA6,basal,0.5153194470421005
HSPA8,basal,0.034031845643762486
HSPA9,basal,-0.6579922839038913
HSPB1,basal,-1.1379378120165116
HSPB6,basal,-0.39656880388451105
HSPB7,basal,-0.522607295923232
HSPB8,basal,-0.9839109635921027
HSPBAP1,basal,1.1781884566389897
HSPBP1,basal,0.22781722137200078
HSPD1,basal,0.8219544618989418
HSPE1,basal,0.5915145483396356
HSPG2,basal,-0.3575939283039594
HSPH1,basal,0.2160800922040934
HTATIP2,basal,0.9285343371187638
HTATSF1,basal,0.7336372381414498
HTRA1,basal,-1.1362293339075225
HTRA2,basal,0.7941024020940052
HTRA3,basal,-0.8171094751400133
HTT,basal,-0.7661277207631867
HUS1,basal,0.42639681342565655
HUWE1,basal,0.5205518860189976
HVCN1,basal,0.30045343166768973
HYI,basal,-0.26455810181748557
HYOU1,basal,1.0194098059648045
IAH1,basal,0.2369075785990559
IARS2,basal,-0.4445308511206451
IBTK,basal,-1.306807813735246
ICA1,basal,-1.1280325668107625
ICAM1,basal,1.0199333729653628
ICAM2,basal,0.6053598535292506
ICAM3,basal,-0.03902386290253256
ICAM5,basal,1.1643827431161606
ICMT,basal,0.1803738934347504
ICOSLG,basal,0.7285082278703334
IDE,basal,-0.6017785682313144
IDH1,basal,-0.018162778488054705
IDH2,basal,0.5338284561715178
IDH3A,basal,-0.15158610572784237
IDH3B,basal,0.09766088153329694
IDH3G,basal,0.5227397612416609
IDI1,basal,0.24145065085265777
IDO1,basal,1.0680678982606981
IDS,basal,-0.7440386888024847
IDUA,basal,-0.9345883910213271
IER3IP1,basal,-0.18382809307123413
IFFO1,basal,-0.3586992676211778
IFI16,basal,0.6614849679621251
IFI30,basal,0.4635250100266123
IFI35,basal,-0.7390637750034595
IFI44,basal,0.654770043287777
IFI44L,basal,0.32177480321829993
IFIH1,basal,0.6808199740305326
IFIT1,basal,-0.23756097370719845
IFIT2,basal,0.09169770018320386
IFIT3,basal,0.06436806578810557
IFIT5,basal,-0.34588789870858827
IFITM1,basal,-0.2332891615028604
IFITM3,basal,0.024678942995850352
IFNGR1,basal,0.749082045002193
IFRD1,basal,2.8134813551063593
IFRD2,basal,0.8267167484217355
IFT122,basal,-0.8795930548594996
IFT140,basal,-1.4820636268611518
IFT172,basal,-0.36651070323338975
IFT20,basal,-0.39949583837442026
IFT27,basal,-0.8961579296134305
IFT46,basal,-1.4083981705312718
IFT52,basal,-0.347080815007151
IFT57,basal,0.38346440221105904
IFT74,basal,-0.47951341262441977
IFT80,basal,0.07445000017858004
IFT81,basal,-0.43282911506342325
IFT88,basal,-1.5227863301486653
IGBP1,basal,-1.5875545423726551
IGF1,basal,-0.7505240819542831
IGF1R,basal,-1.2374712505987893
IGF2,basal,-0.8730531126264885
IGF2BP1,basal,0.40136746504699095
IGF2BP2,basal,2.04343564385905
IGF2BP3,basal,2.3287966625710768
IGF2R,basal,0.3593474869772119
IGFALS,basal,-1.569515134785738
IGFBP2,basal,-1.105616442785426
IGFBP3,basal,0.5504302303836821
IGFBP4,basal,-1.6866923313239826
IGFBP5,basal,-0.768620841696023
IGFBP6,basal,-0.6070165536126032
IGFBP7,basal,-0.569868908673834
IGHMBP2,basal,-0.33373270283121725
IGLL1,basal,0.290113777051093
IGSF1,basal,-0.10062257944481887
IGSF3,basal,0.18474918678964633
IGSF8,basal,-0.29786929936507883
IK,basal,-1.2398865450046963
IKBIP,basal,0.05782789087388497
IKBKB,basal,-1.129801982020077
IKBKE,basal,0.6281863304561419
IKBKG,basal,0.10870077485147944
IKZF1,basal,0.36131630125473113
IKZF2,basal,-0.24673582449959763
IKZF3,basal,0.34932495524414153
IKZF5,basal,-0.8493360107035631
IL16,basal,-0.36562068637427503
IL17RA,basal,0.39518549091599253
IL18,basal,0.413233770897292
IL1RAP,basal,0.7423209480458104
IL1RN,basal,0.06618958728167694
IL33,basal,-0.12772890612448845
IL4I1,basal,0.9330791228832669
IL6ST,basal,-1.7288185703881063
ILF2,basal,1.8446751509118644
ILF3,basal,1.3057579087045075
ILK,basal,-0.7392564266336363
ILKAP,basal,0.43084617691160537
IMMT,basal,0.5203668767131793
IMP3,basal,-0.256612405763668
IMP4,basal,0.632502563737674
IMPA1,basal,0.41489519131206715
IMPA2,basal,1.9002170461202215
IMPACT,basal,-0.5288720008247264
IMPDH1,basal,0.5191457029456882
IMPDH2,basal,-0.6565807252175581
INCENP,basal,1.3821386574284718
INF2,basal,0.07017492434838403
ING1,basal,0.26205304881458236
ING2,basal,-0.6153950687166296
ING3,basal,0.811346829344698
ING4,basal,0.5554418698568934
ING5,basal,-0.11187221645471791
INHBA,basal,-0.285817076345294
INO80,basal,-0.743742639056237
INO80B,basal,0.15828335131193805
INO80C,basal,0.5473051682673579
INO80E,basal,-0.21317385197149458
INPP1,basal,0.5025024916137024
INPP4A,basal,0.4919082979470435
INPP4B,basal,-2.8380902966121466
INPP5A,basal,-0.4592849416794635
INPP5B,basal,0.6036489105405509
INPP5F,basal,0.1565535026297103
INPP5J,basal,-2.495866102511072
INPP5K,basal,-0.06448334512522343
INPPL1,basal,-0.3092467926105201
INSR,basal,-0.39631232289840645
INTS1,basal,0.3768000356744856
INTS10,basal,0.9092577051636975
INTS12,basal,-0.8573128655031911
INTS2,basal,-0.5756164171674332
INTS3,basal,0.06265270437091816
INTS4,basal,0.03819583116500683
INTS5,basal,-0.09713990575110257
INTS6,basal,-0.421858454327035
INTS7,basal,0.39904455661462224
INTS8,basal,0.547261053407219
INTS9,basal,-0.09137329013827653
IP6K1,basal,-0.5168797343810532
IPCEF1,basal,0.4832101295676285
IPMK,basal,0.1424165773981544
IPO11,basal,-1.0115591783605467
IPO13,basal,0.7042815350095949
IPO4,basal,-0.40172301891784096
IPO5,basal,1.0097704329183446
IPO7,basal,-0.10622003429889214
IPO8,basal,0.18980850472628585
IPO9,basal,0.3994193893412035
IQCB1,basal,1.0856792955308927
IQCE,basal,-0.6888789419715172
IQGAP1,basal,-0.11102819231043158
IQGAP2,basal,-1.3046291169985142
IQGAP3,basal,1.2418031578631017
IQSEC1,basal,-0.8488652040508805
IQSEC2,basal,-0.878756413176752
IRAK1,basal,1.713846528967534
IRAK3,basal,-0.0788513663787994
IRAK4,basal,-0.791953836254838
IREB2,basal,-0.2211442234012968
IRF1,basal,0.20383875411687133
IRF2,basal,-0.32481050970489084
IRF2BP1,basal,-0.43819050933741177
IRF2BP2,basal,0.5384312463720872
IRF3,basal,0.4479577855817221
IRF4,basal,0.6314736450707521
IRF5,basal,0.3516089196426181
IRF6,basal,0.16698807706491603
IRF7,basal,-0.6104195618239363
IRF8,basal,0.10855329387964578
IRF9,basal,-0.549844200707251
IRGQ,basal,0.1139934234016401
IRS1,basal,-1.348813920099325
IRS2,basal,-0.006094931646734658
IRX2,basal,-0.23480551476275194
IRX3,basal,-0.2779558695798201
IRX5,basal,-1.19867817888184
ISCA1,basal,-0.2220417932707824
ISCA2,basal,-0.9283488388378007
ISCU,basal,-0.8917124702227567
ISG15,basal,0.05813446825687187
ISG20,basal,0.4735219019566976
ISG20L2,basal,0.6073747906321642
ISLR,basal,-0.36369431256423074
ISOC1,basal,-0.7408505612001971
ISOC2,basal,0.02602474969731539
ISY1,basal,1.3458521754658055
ISYNA1,basal,-0.185529719088222
ITCH,basal,-0.1496282278795561
ITFG1,basal,-0.5601684530603889
ITFG2,basal,0.5726939122002712
ITGA1,basal,-0.553033953266589
ITGA11,basal,-0.7366193093897428
ITGA2,basal,-0.5173566941415317
ITGA3,basal,-1.2057295559787562
ITGA4,basal,-0.03812246152399052
ITGA5,basal,-0.10327586120632053
ITGA6,basal,1.0861766400585964
ITGA7,basal,0.02121080313192079
ITGAL,basal,-0.3140529364207375
ITGAM,basal,-0.04302331326602701
ITGAV,basal,-0.41109838246959984
ITGAX,basal,0.09706504724017948
ITGB1,basal,0.39480939109652713
ITGB1BP1,basal,0.9631519071642387
ITGB2,basal,0.4315386329477273
ITGB3,basal,-0.23500155750307258
ITGB4,basal,0.7591813265697662
ITGB5,basal,-1.4090760218994354
ITGB6,basal,-0.03474231071182933
ITGBL1,basal,-1.1186561442543685
ITIH1,basal,0.21896213633443695
ITIH2,basal,-0.410430518030543
ITIH3,basal,-0.4731148278546708
ITIH4,basal,-0.34053854403516065
ITM2B,basal,-0.8435282121044291
ITPA,basal,0.32471729252668813
ITPK1,basal,-1.398722514759057
ITPKB,basal,0.6775327557933603
ITPKC,basal,0.1625760075255969
ITPR1,basal,-1.765540525027885
ITPR2,basal,-0.06716496676140164
ITPR3,basal,0.5324957629561078
ITSN1,basal,-0.7671720962265826
ITSN2,basal,0.14001071558350384
IVD,basal,-2.303527547224187
IVL,basal,0.7160684829224699
IVNS1ABP,basal,1.3375651683874341
IWS1,basal,0.7589504249594168
JAG1,basal,-0.08460458302852247
JAGN1,basal,0.5919457998830259
JAK1,basal,-0.42669993749714846
JAK2,basal,-0.02127707647338345
JAK3,basal,0.7535350061623894
JAM3,basal,-1.0065167498311298
JMJD1C,basal,0.1920958354455658
JMJD4,basal,1.2743851294155346
JMJD6,basal,0.8855006273615262
JMJD8,basal,-1.213296297114511
JMY,basal,-0.2769696595952049
JOSD2,basal,-0.4386486104676078
JUN,basal,-0.1119359559824688
JUNB,basal,-0.21742354414966122
JUND,basal,-0.49617448066335973
JUP,basal,-0.43697925151612244
KALRN,basal,0.763462698460262
KANK1,basal,1.1186876852465046
KANK2,basal,-1.3614662108762046
KANK3,basal,-0.5528909303614381
KANK4,basal,0.7636124735340286
KAT2A,basal,0.1742291354704067
KAT5,basal,-0.347925108978903
KATNA1,basal,1.5549013900763204
KATNAL1,basal,-0.3599418889041425
KATNB1,basal,0.6289770607434579
KBTBD11,basal,-0.1152968463454566
KBTBD2,basal,-0.061097693815993975
KBTBD4,basal,-1.3182605808231345
KBTBD7,basal,-0.4456195083730523
KCMF1,basal,2.2380053413014926
KCNAB2,basal,0.30773465518430515
KCNMA1,basal,-1.3683018479016689
KCTD1,basal,0.2983195243193009
KCTD10,basal,-0.11797731201893967
KCTD12,basal,-0.2490282523899534
KCTD14,basal,0.8858751428875105
KCTD15,basal,-0.05242503559610757
KCTD17,basal,0.05989952916296912
KCTD18,basal,-0.6187931060156336
KCTD2,basal,-0.825966595189135
KCTD20,basal,0.2384670796323408
KCTD21,basal,-0.8811239412301832
KCTD3,basal,-1.7106081224175065
KCTD5,basal,0.5085729758177293
KCTD6,basal,-1.5965215886630788
KCTD7,basal,0.16011947160616244
KCTD9,basal,0.9925128298897342
KDM1A,basal,1.4672635451105978
KDM1B,basal,1.0227445716615078
KDM2A,basal,0.10439217783617764
KDM2B,basal,1.4975346150713487
KDM3A,basal,0.48713452283094005
KDM3B,basal,-1.0373954441735629
KDM4A,basal,0.4793307504965156
KDM4B,basal,-2.0537436221253578
KDM5A,basal,0.6283365783681909
KDM5B,basal,-0.09981230632511758
KDM5C,basal,0.22736265510378104
KDM6A,basal,-0.804067830083947
KDM6B,basal,-0.3166822050651484
KDSR,basal,-0.04480384288175584
KEAP1,basal,0.2148986864667009
KERA,basal,-1.226647955632315
KHDRBS1,basal,0.5796019560518291
KHDRBS3,basal,1.5217384159494367
KHK,basal,0.634249156446359
KHNYN,basal,-0.8338415067519267
KHSRP,basal,1.2936500233278676
KIAA0232,basal,-1.9757907696755788
KIAA0319L,basal,-1.5006671802811886
KIAA0513,basal,-0.31704576951513735
KIAA0753,basal,-0.44620231594067616
KIAA1143,basal,-0.7624204088262888
KIAA1191,basal,-0.7331839514914777
KIAA1210,basal,-0.1064597067278873
KIAA1217,basal,-0.7626363861207438
KIAA1328,basal,-0.8112402414142412
KIAA1671,basal,0.10476648018910985
KIAA2013,basal,1.441890473170591
KIDINS220,basal,0.0183626474205216
KIF11,basal,1.1053146850807418
KIF12,basal,-1.497547191354448
KIF13A,basal,-0.6631946319508443
KIF13B,basal,-1.3702810801102776
KIF14,basal,1.3261177432905675
KIF15,basal,1.2204582632812222
KIF16B,basal,-1.9048082140565
KIF18B,basal,1.4547791922217888
KIF1A,basal,1.152148352221256
KIF1B,basal,1.047146000187097
KIF1C,basal,0.7530741166819153
KIF20A,basal,1.2538414796583668
KIF20B,basal,0.6719296844158498
KIF21A,basal,0.03290557826593411
KIF22,basal,0.09299300653134897
KIF23,basal,1.2824791451533668
KIF24,basal,0.1461882881088914
KIF26B,basal,-0.1438849180836432
KIF2A,basal,-0.030436962057571706
KIF2C,basal,1.6435494276884048
KIF3A,basal,-1.4073721801884347
KIF3B,basal,-1.2612689611220587
KIF3C,basal,0.8491747287180432
KIF4A,basal,1.1333658374566171
KIF5A,basal,-0.2518831542117582
KIF5B,basal,0.16824579955859423
KIF7,basal,0.28661862561858836
KIFAP3,basal,0.1020877040218886
KIFC1,basal,1.514287488064921
KIN,basal,1.2271538702881124
KLC1,basal,0.05682667506066205
KLC2,basal,-0.1734497426718718
KLC3,basal,0.5862313891230525
KLC4,basal,-0.20725257596292798
KLF12,basal,0.07351145376575001
KLF13,basal,0.29056780797916165
KLF16,basal,0.20034315055009663
KLF3,basal,-0.49571131339624225
KLHDC10,basal,-0.09351189909121525
KLHDC2,basal,-1.7808382135932046
KLHDC3,basal,1.8011744345555922
KLHDC4,basal,0.6587838950596129
KLHDC7A,basal,-1.6700565037421333
KLHDC8B,basal,-0.3361753153895521
KLHL11,basal,-0.6878761912233747
KLHL12,basal,-0.859330278368581
KLHL20,basal,-0.5970298924108154
KLHL22,basal,-0.3282816883280057
KLHL25,basal,0.19697367963737158
KLHL26,basal,-0.6450626203666125
KLHL36,basal,0.8991318980402278
KLHL7,basal,1.0253376737698219
KLHL9,basal,-0.510885739483875
KLK14,basal,0.7822687538221923
KLK6,basal,1.7634276265707132
KLKB1,basal,0.16577590967746558
KLRG2,basal,0.937836414602743
KMO,basal,-0.18168859360488135
KNG1,basal,0.013792612426544504
KNTC1,basal,0.5377091516581822
KPNA1,basal,-0.33045186520933933
KPNA2,basal,1.0200967431287913
KPNA3,basal,0.5212842419782806
KPNA4,basal,1.225759619944448
KPNA6,basal,0.3132766914902082
KPNB1,basal,0.151957399403326
KPTN,basal,-0.007817564677608557
KRAS,basal,0.12185768599084842
KRI1,basal,0.49092940505545857
KRIT1,basal,0.18710082444275591
KRR1,basal,-0.40047979495140384
KRT1,basal,-0.2722104737141223
KRT10,basal,-0.1793898686175925
KRT14,basal,0.6499154440842291
KRT15,basal,0.7816097804131636
KRT16,basal,2.206042156977818
KRT18,basal,-2.2668441402228416
KRT19,basal,-0.8789111247372968
KRT23,basal,1.1809651485207575
KRT24,basal,-0.49919087197667866
KRT4,basal,0.5433198265615343
KRT5,basal,0.9924743483676154
KRT6A,basal,1.2898596678340675
KRT6B,basal,1.5594460082853663
KRT7,basal,0.7080356296066499
KRT75,basal,0.5626767556437755
KRT77,basal,0.81424507098142
KRT79,basal,0.9713183075641769
KRT8,basal,-1.3377185730293881
KRT80,basal,0.26216668518939207
KRT81,basal,1.3490781796915978
KRT84,basal,0.7091466662920376
KRT9,basal,2.110395325597548
KRTCAP3,basal,0.6405786623373212
KSR1,basal,0.6838688244741761
KTI12,basal,1.130215847436848
KTN1,basal,-1.1013411975426604
KYNU,basal,0.3335869523548266
L2HGDH,basal,-0.3145222695870238
L3MBTL2,basal,0.15037921612558988
L3MBTL3,basal,0.6492146647900052
LACTB,basal,-0.3552489634612149
LACTB2,basal,0.41727266785180145
LAD1,basal,1.2839782059525235
LAGE3,basal,0.3080531579039129
LAIR1,basal,0.16633212145239215
LALBA,basal,1.2204829439702787
LAMA1,basal,0.446382256153015
LAMA2,basal,-0.9862115266681698
LAMA3,basal,-0.4724095307957804
LAMA4,basal,-0.34527129028819764
LAMA5,basal,-0.48035461206323726
LAMB1,basal,0.015822530548012248
LAMB2,basal,-1.1043111935964438
LAMB3,basal,0.6696986594466691
LAMC1,basal,0.3947215358619986
LAMC2,basal,0.9173520747051911
LAMP1,basal,0.47885653211881063
LAMP2,basal,0.6706884610377186
LAMP3,basal,1.5398422432916754
LANCL1,basal,-0.5966748548878239
LANCL2,basal,0.8544413524719005
LAP3,basal,0.22135782246144003
LARP1,basal,-0.21862058918793603
LARP1B,basal,-0.20948003673146515
LARP4,basal,-1.1052363105885121
LARP4B,basal,1.139951816936864
LARP6,basal,0.862845361908596
LARP7,basal,-0.28554753856120696
LARS2,basal,-0.4305103417019655
LAS1L,basal,0.26651308066477636
LASP1,basal,-1.1480581865098236
LATS1,basal,-0.4993506192655517
LBH,basal,0.3593827258630529
LBP,basal,0.43399593478580495
LBR,basal,1.8610060713774348
LCAT,basal,0.5683777048156238
LCK,basal,0.6688843645083609
LCLAT1,basal,0.6316369862154352
LCMT1,basal,-0.4539806377308062
LCMT2,basal,-2.2514650222576567
LCN2,basal,1.1007790692786326
LCP1,basal,0.39081187346290275
LCP2,basal,0.22910162489008687
LDB1,basal,-0.36393204748661706
LDB3,basal,-0.573268462403607
LDHA,basal,0.43575099545424073
LDHB,basal,2.2424752776212613
LDHD,basal,-1.5004695527517202
LDLR,basal,-0.09708679634554682
LDLRAP1,basal,-0.43483364824578336
LECT2,basal,-0.23707492344463554
LEF1,basal,-0.8063003609713358
LEMD2,basal,0.7161499827420683
LEMD3,basal,-0.24928925628810208
LENG1,basal,-0.6280224658184157
LENG8,basal,-0.17753601058028531
LENG9,basal,-0.5143134671858953
LEO1,basal,-1.6409272502828505
LETM1,basal,-0.5177758765190391
LETMD1,basal,-0.8436623567375271
LFNG,basal,-1.7858639066860698
LGALS1,basal,0.18349910046402737
LGALS2,basal,0.4358511618574476
LGALS3,basal,0.006749329235211836
LGALS3BP,basal,-0.2773605685363358
LGALS7,basal,0.5556156785778744
LGALS8,basal,-1.4910982768674987
LGALS9,basal,0.217464885155189
LGMN,basal,0.46331792742017036
LHPP,basal,0.3339701153318348
LIAS,basal,-0.916173017642139
LIG1,basal,0.16663974154415925
LIG3,basal,-0.1988339259019156
LIG4,basal,0.03225440194062857
LILRB1,basal,0.2884392174042069
LILRB4,basal,0.32254753907203987
LIMA1,basal,-2.370784929619303
LIMCH1,basal,-0.23789866550101874
LIMD1,basal,-0.5452370553431977
LIMD2,basal,0.939929810314559
LIMK1,basal,0.9780872481662028
LIMK2,basal,1.0551806030221658
LIMS2,basal,-0.10476367405807555
LIN37,basal,0.7539631919446952
LIN52,basal,-0.7072297028795124
LIN54,basal,0.024524773350443452
LIN7A,basal,-1.1942263144214524
LIN7C,basal,-0.11482907128672991
LIN9,basal,1.3773213424264412
LIPA,basal,-0.8662331166454101
LIPE,basal,-0.8675483151079233
LIPT2,basal,-0.07501917086873923
LIX1L,basal,0.795875614844939
LLGL1,basal,0.5080202079776952
LLGL2,basal,-0.4274189990671336
LLPH,basal,-0.42794694912556536
LMAN1,basal,0.2067670198329139
LMAN2,basal,-0.6724817872225138
LMAN2L,basal,-0.6054010497197029
LMBRD1,basal,-0.40237317499221337
LMBRD2,basal,-1.2830102597531798
LMCD1,basal,-0.6435428832487483
LMF2,basal,0.34004002447109727
LMNA,basal,0.7609113716551695
LMNB1,basal,0.8995865542607867
LMNB2,basal,1.4874276349978501
LMO4,basal,1.930971602481456
LMO7,basal,0.3230584283227229
LMOD1,basal,-0.8470085470389342
LMTK2,basal,-0.05457084778013231
LMX1B,basal,-2.569761498203514
LNPEP,basal,-0.8718431741362973
LNX1,basal,-1.038654884779162
LNX2,basal,-1.3353226063320385
LONP1,basal,0.3537453742530303
LONP2,basal,-1.1141122206073182
LONRF2,basal,-1.9843154839500396
LOX,basal,0.0060044050490843034
LOXL1,basal,-1.0177463522277848
LOXL2,basal,0.1538962711831578
LOXL3,basal,0.16250192011194878
LPA,basal,0.3326411856448431
LPCAT1,basal,0.2880530622222565
LPCAT2,basal,0.48965769416750143
LPCAT3,basal,-0.36361347705454444
LPGAT1,basal,-0.42175986369818635
LPIN1,basal,2.1540291802541525
LPIN2,basal,-0.19039592836766445
LPIN3,basal,-0.45674380606904397
LPL,basal,0.2661771617066636
LPP,basal,-0.007012374079636237
LPXN,basal,0.3840412825366734
LRBA,basal,-1.8524049580774502
LRCH1,basal,-0.3337929180983247
LRCH2,basal,-0.28270996208629295
LRCH3,basal,0.15599613057084832
LRCH4,basal,-0.2030973495565307
LRG1,basal,-1.5251754485871492
LRIG1,basal,-1.9178114709562697
LRP1,basal,-0.629326186292947
LRP10,basal,-1.6737824789378073
LRP11,basal,-0.049972095322865846
LRP2,basal,-0.6858380982204827
LRPAP1,basal,-0.47542831331265967
LRPPRC,basal,0.7223451893708698
LRRC1,basal,-0.280019469141687
LRRC14,basal,0.005936371492671917
LRRC15,basal,-0.7713664609020942
LRRC17,basal,-1.7006659484025461
LRRC20,basal,-0.2000188445672077
LRRC25,basal,0.2508219520317901
LRRC40,basal,0.9919218564558596
LRRC41,basal,0.8273506972288479
LRRC42,basal,1.1424153763417921
LRRC45,basal,0.04079973381030878
LRRC47,basal,0.5140145658235159
LRRC57,basal,-0.27232564647662355
LRRC58,basal,0.15996263036926142
LRRC59,basal,0.12066836133034654
LRRC8A,basal,0.045832866544999185
LRRC8D,basal,2.000291390350282
LRRC8E,basal,-0.9978107975449099
LRRCC1,basal,0.4199120366323384
LRRFIP1,basal,-1.8425589794814299
LRRFIP2,basal,0.09245489271392923
LRRIQ1,basal,-0.3089881205877161
LRRK1,basal,0.817822022712819
LRRK2,basal,-0.598441079656022
LRSAM1,basal,-1.2418584989545354
LRWD1,basal,0.5578699744394134
LSG1,basal,0.23528673729822155
LSM1,basal,0.0011414830792878794
LSM12,basal,0.23417767042585086
LSM14A,basal,1.3529341683306284
LSM14B,basal,0.17719673745197984
LSM2,basal,1.7182728098750217
LSM3,basal,-0.019034386126327654
LSM4,basal,0.7180501038705704
LSM5,basal,0.44914366224754165
LSM6,basal,1.4471292310955586
LSM7,basal,0.9262760779620582
LSP1,basal,-0.01595219132751365
LSR,basal,1.282760476948299
LSS,basal,0.4318478000331878
LTA4H,basal,-0.34848327340025614
LTBP1,basal,0.725487941323518
LTBP2,basal,-0.7511922909282838
LTBP3,basal,-0.37274637314755327
LTBR,basal,1.2516645997837843
LTF,basal,0.15354489021036308
LTV1,basal,1.3484148420372726
LUC7L,basal,-0.7683569969643268
LUC7L3,basal,-0.5609362805834431
LUM,basal,-0.7900954850138338
LUZP1,basal,0.42478913766972465
LXN,basal,0.20379445140215668
LY6D,basal,1.7633313578737644
LY6E,basal,0.83009163036369
LY75,basal,0.8410937333754277
LY86,basal,-0.5407653844336684
LY96,basal,0.15023987348795614
LYAR,basal,1.8373007989440548
LYN,basal,1.5678046036487194
LYPD3,basal,-0.45762217461606675
LYPLA1,basal,-0.32046153291459006
LYPLA2,basal,0.4504053969290054
LYPLAL1,basal,-0.46034046527857303
LYRM1,basal,-0.4896038630908935
LYRM2,basal,0.24666649357748166
LYRM4,basal,0.6774737527621136
LYRM7,basal,-0.8185931098325214
LYSMD1,basal,0.27505830044144924
LYSMD2,basal,0.6932098472153908
LYST,basal,-0.7577814652135629
LYVE1,basal,0.061874683499411984
LYZ,basal,0.5249532163933478
LZIC,basal,-0.314894870875644
LZTFL1,basal,-1.4904840403841992
LZTR1,basal,-0.06261640747392992
LZTS1,basal,0.02827237792646414
LZTS2,basal,0.23477079978856666
M6PR,basal,0.3766259669814205
MACC1,basal,-0.01545375453836377
MACF1,basal,-0.03284353328650406
MACROD1,basal,-0.10433984129747276
MACROD2,basal,-0.31694341946491855
MAD1L1,basal,0.4750221583746565
MAD2L1,basal,1.137528986072641
MAD2L1BP,basal,-0.010851676829341697
MAD2L2,basal,1.0655646856347172
MADD,basal,-1.1616299552314902
MAEA,basal,0.008850305812931137
MAF1,basal,0.5016451527254109
MAFB,basal,-0.3363569539358661
MAFF,basal,0.8081187152214754
MAFG,basal,0.807419661517261
MAFK,basal,0.0830948791716332
MAGEA4,basal,0.9623640115336924
MAGED1,basal,0.45339087424404156
MAGED2,basal,-2.261472068439023
MAGI1,basal,-0.4987127112760572
MAGI2,basal,-0.7345512180592305
MAGI3,basal,-1.104174945612698
MAGOHB,basal,1.2472255855436494
MAGT1,basal,0.2764854030208895
MAK16,basal,0.5611631180297775
MALT1,basal,0.9484526066144293
MAMDC2,basal,-0.59820861191197
MAML1,basal,-0.35006190882698074
MAML2,basal,1.6053186682284912
MAN1A1,basal,-0.8418823305579753
MAN1A2,basal,-0.2054307180477472
MAN1B1,basal,-0.12844576262850335
MAN2A1,basal,-0.8028982829954935
MAN2A2,basal,0.2011167131537592
MAN2B1,basal,0.8673006254739423
MAN2B2,basal,-1.9576786824607368
MAN2C1,basal,-0.5295586277672284
MANBA,basal,-0.42503697959715186
MANBAL,basal,-0.49243565836462183
MANF,basal,0.6777373375440312
MANSC1,basal,0.22140990470850144
MAOA,basal,-0.6816025680205832
MAOB,basal,-0.15635307187086678
MAP1A,basal,-1.2628115820618717
MAP1B,basal,0.17999275884666582
MAP1LC3B2,basal,0.6191197725279353
MAP1S,basal,0.3256347830459417
MAP2,basal,1.6850932847308868
MAP2K1,basal,0.43400495042016823
MAP2K2,basal,0.4040338623448517
MAP2K3,basal,1.134898979494026
MAP2K4,basal,-0.5551479281058832
MAP2K5,basal,-0.5850458142059713
MAP2K6,basal,0.5310055730983277
MAP2K7,basal,0.5514669528658123
MAP3K1,basal,-1.2382916225180414
MAP3K10,basal,0.13417204768924487
MAP3K11,basal,0.4501042387116108
MAP3K2,basal,-0.24558864899008598
MAP3K3,basal,-0.41324462444948207
MAP3K4,basal,0.1392804884814232
MAP3K5,basal,0.3648577570680288
MAP3K6,basal,0.7548733113026683
MAP3K7,basal,0.6599165692568593
MAP3K8,basal,0.3700844298897489
MAP4,basal,9.699910696938278e-05
MAP4K1,basal,0.5977655791609675
MAP4K2,basal,0.5821783905299084
MAP4K3,basal,-0.7464572452045121
MAP4K4,basal,1.2915079434001673
MAP7,basal,-0.3506204724062072
MAP7D1,basal,0.5249756244940087
MAP7D3,basal,1.3763487180629268
MAP9,basal,-0.7475642067049566
MAPK1,basal,0.14510878530597301
MAPK11,basal,-0.13863065751328899
MAPK12,basal,0.4669119707973085
MAPK13,basal,0.10626736302024978
MAPK14,basal,0.47514217265052355
MAPK3,basal,-1.0833825340079208
MAPK7,basal,0.7890205557118153
MAPK8,basal,0.26042256014238213
MAPK8IP3,basal,-0.08845762079442018
MAPK9,basal,-1.426109522517533
MAPKAP1,basal,0.32404050577082283
MAPKAPK2,basal,-0.31854159220788414
MAPKAPK3,basal,-0.2533512407379178
MAPKBP1,basal,-0.7317191381794093
MAPRE1,basal,0.40203497787042625
MAPRE2,basal,1.2163231316081873
MAPRE3,basal,-0.29809894385323676
MAPT,basal,-2.2494543413590837
MARCKS,basal,0.4072944280380843
MARCKSL1,basal,0.6855543072770699
MARK1,basal,0.6324895540729132
MARK2,basal,0.30169213878138457
MARK3,basal,0.05230662565888419
MARK4,basal,0.10236014193105876
MARS2,basal,0.7004776436601706
MARVELD2,basal,-1.8052821375783183
MASP1,basal,0.13209174390005415
MASP2,basal,-0.5483528907905559
MAST2,basal,0.2720344705282204
MAST3,basal,-0.48408377670684716
MAST4,basal,-1.6227297012577222
MASTL,basal,1.3939092700613942
MAT1A,basal,0.5265275680113118
MAT2A,basal,-0.7833787075312681
MAT2B,basal,-0.5163929088220359
MATN2,basal,-0.1175613131145756
MATN3,basal,-1.6512085749378969
MATR3,basal,-1.03964114901659
MAVS,basal,-0.506495895421427
MAX,basal,-0.8636297226580444
MAZ,basal,0.012504714602527296
MB,basal,-0.9340714795129623
MBD1,basal,0.20313716822048883
MBD2,basal,0.36974552142706874
MBD3,basal,0.17119861378324736
MBD4,basal,0.3806651113419089
MBIP,basal,0.1361533443709165
MBL2,basal,0.09481984375763482
MBLAC1,basal,0.5002089304997396
MBLAC2,basal,-1.0743748525446917
MBNL1,basal,0.5686484704534328
MBNL2,basal,0.36433216418317926
MBOAT1,basal,-0.17221854868954128
MBOAT2,basal,0.006261061677043627
MBOAT7,basal,-0.8368857300292817
MBP,basal,0.7058052622383184
MBTD1,basal,-0.11461474776385626
MBTPS2,basal,-0.78674998846157
MCAM,basal,0.7037671160632007
MCAT,basal,0.2850426644887258
MCC,basal,-0.8635915457900535
MCCC1,basal,1.5068381088304474
MCCC2,basal,-2.334019369790942
MCEE,basal,-0.5495567672745276
MCF2L,basal,-1.0244217535217595
MCFD2,basal,0.39202371461018
MCL1,basal,0.502516030447821
MCM2,basal,1.2632973818248012
MCM3,basal,1.422892289437689
MCM3AP,basal,-0.34252137767978375
MCM4,basal,1.1367371175390073
MCM5,basal,1.5864007186435003
MCM6,basal,1.432248319203311
MCM7,basal,1.7918980273589444
MCRS1,basal,-0.40662017055438077
MCTS1,basal,0.03505169253280097
MDC1,basal,0.9795981690450839
MDH1,basal,1.3916032233126647
MDH2,basal,0.8702804390038931
MDK,basal,0.48877134350664336
MDM4,basal,-0.5677069850150089
MDN1,basal,0.6686742529808606
MDP1,basal,-1.4482531353975259
ME1,basal,0.6333249744251093
ME2,basal,1.6313910540156416
ME3,basal,-0.3065634249141654
MEA1,basal,0.6476460642823514
MEAF6,basal,-0.7384805153239673
MECP2,basal,-0.4835979395208154
MECR,basal,0.7880589319432262
MED1,basal,-0.3596518674738725
MED10,basal,0.3028184155127685
MED11,basal,-0.2530327115277512
MED12,basal,0.3721228608957142
MED13,basal,-0.6162083209293701
MED13L,basal,-1.2144887857538587
MED14,basal,0.28894302840218794
MED15,basal,0.5192748369178453
MED16,basal,-0.8932970559170988
MED17,basal,0.9900366960823851
MED18,basal,-0.7279577707018905
MED19,basal,0.05753768852722465
MED20,basal,0.7823061203848721
MED21,basal,0.35033465254557233
MED22,basal,-0.028726776769512283
MED23,basal,-0.46490611651764335
MED24,basal,-0.3297391837287924
MED25,basal,-0.3578071260765916
MED26,basal,0.9908120161506708
MED27,basal,0.7162413375345411
MED28,basal,0.10820706336237212
MED29,basal,-0.8007600776580296
MED30,basal,1.5640599743006376
MED31,basal,-0.4145045705538021
MED4,basal,-0.04480273626931541
MED6,basal,0.1359667235026264
MED7,basal,-1.5188894700620126
MED8,basal,1.330899639807367
MED9,basal,0.4583314501853486
MEF2A,basal,0.42475506143018876
MEF2C,basal,-0.02176394464410499
MEF2D,basal,-0.9336033268841726
MEGF6,basal,-0.5406349703197532
MEGF8,basal,-0.09758484031634053
MEGF9,basal,-1.7452557849050583
MEIS1,basal,-0.16888219612406505
MELK,basal,1.4892311775264577
MEMO1,basal,1.8868150469628695
MEN1,basal,0.35769781273430534
MEPCE,basal,0.285172470509624
MET,basal,1.2647773063061443
METAP1,basal,0.8319398263807335
METAP2,basal,0.2628755662268657
METRNL,basal,0.17900186956223155
METTL1,basal,0.040448198625548
METTL13,basal,0.3653444649343379
METTL14,basal,-1.1018029319603706
METTL2B,basal,0.35266316215537763
METTL3,basal,-0.5334690395675546
METTL5,basal,0.8799516732961014
METTL8,basal,0.5930158575543434
METTL9,basal,0.176885113684904
MEX3A,basal,1.563340398609763
MEX3D,basal,0.21356735410538902
MFAP1,basal,-1.4464596259660387
MFAP2,basal,0.6057369509931794
MFAP4,basal,-0.7509879354230131
MFAP5,basal,-0.6199749082110896
MFF,basal,0.6420333148668274
MFGE8,basal,1.826516900108705
MFN1,basal,0.48428532234607147
MFN2,basal,-0.12128925090658607
MFSD6,basal,-0.1440639788750288
MGA,basal,0.08604387287151918
MGAT1,basal,0.23471420032070217
MGAT2,basal,-0.503596073017014
MGAT5,basal,0.033239779517537274
MGLL,basal,-0.7715151760652672
MGMT,basal,-0.5435033967961854
MGP,basal,0.12694862943153978
MGRN1,basal,-0.7755550718918762
MGST1,basal,0.3492372363463747
MGST2,basal,-1.233877165415763
MGST3,basal,0.5994983078144199
MIA,basal,2.1270949030677446
MIA3,basal,-0.9015133394551182
MIB1,basal,-0.08715928709797201
MIB2,basal,0.26353892045347366
MICAL1,basal,0.2596208096925254
MICAL2,basal,-0.7311598924517451
MICAL3,basal,1.3325636946146795
MICALL1,basal,2.7327292957659037
MICALL2,basal,-0.689672929781307
MID1,basal,1.7689605852944672
MID1IP1,basal,-0.5213013338950967
MID2,basal,-0.9952201548519305
MIER1,basal,-0.0887998934637329
MIER2,basal,-0.05249434972691782
MIER3,basal,-1.384776451013202
MIF,basal,0.24108199924979612
MIF4GD,basal,-0.8948144739908821
MINK1,basal,0.001370571911703579
MINPP1,basal,-0.9737725298762089
MIOS,basal,-0.6313883201291017
MIPEP,basal,-1.1391952060285524
MIS12,basal,-0.21071989059207824
MITD1,basal,0.6764308088988311
MITF,basal,-0.643838942918901
MKI67,basal,1.207379886464108
MKLN1,basal,-0.06446923192927599
MKNK1,basal,0.2543906817593282
MKNK2,basal,-1.0404750370839182
MKRN1,basal,0.017153334696462647
MKRN2,basal,0.376924363571869
MLEC,basal,-0.5964022768740147
MLF2,basal,0.8773732065166049
MLH1,basal,-1.1210646558327089
MLKL,basal,1.0139956048137644
MLLT1,basal,0.12516631084018667
MLLT10,basal,0.9377118041362966
MLLT11,basal,0.8277010485052572
MLLT6,basal,-0.18004947540924907
MLPH,basal,-4.709857088424774
MLST8,basal,-0.10956071038972948
MLX,basal,0.1558174674111476
MLYCD,basal,-0.13640611105502926
MMAA,basal,-0.7157039163035092
MMAB,basal,-0.4758243625943357
MMACHC,basal,1.2401790436541411
MMADHC,basal,0.3198768854396912
MME,basal,0.012484299210270893
MMGT1,basal,0.7703012023058753
MMP1,basal,0.7520899682595139
MMP10,basal,-0.6369741685341062
MMP11,basal,-0.8348752406893879
MMP13,basal,-0.4282121400194288
MMP14,basal,0.08281148614942443
MMP15,basal,0.12727344970239493
MMP19,basal,-0.2579495213477915
MMP2,basal,-0.5078549877356996
MMP3,basal,0.003024191219455815
MMP7,basal,1.535331146923366
MMP8,basal,0.48155295314731356
MMP9,basal,0.5231283544938219
MMRN1,basal,-0.7550704128405752
MMRN2,basal,-0.903484792849617
MMS19,basal,-0.054209826828302964
MNAT1,basal,-0.9007653335743957
MNDA,basal,0.057864604275029104
MNT,basal,-0.02965684150039791
MOB2,basal,-0.28224333960838544
MOCOS,basal,1.014717142301175
MOCS1,basal,-0.9478221424694154
MOCS2,basal,-1.0710085034011205
MOCS3,basal,-0.4852997765560061
MOGS,basal,1.510223098833309
MON1A,basal,0.3798708759321483
MON1B,basal,0.27990566128881106
MON2,basal,-1.1887938068702233
MORC2,basal,1.3107284987085237
MORC3,basal,-0.37706819383070256
MORF4L1,basal,0.15432603833083297
MORF4L2,basal,-0.6522988283135717
MOSPD2,basal,-0.38504246134789566
MOV10,basal,0.07674318419042131
MOXD1,basal,0.6423141410278614
MPDU1,basal,-0.8248554657807394
MPDZ,basal,-0.3308646822820329
MPEG1,basal,0.07448682102134184
MPG,basal,-0.6481756667816457
MPHOSPH10,basal,1.2588286889544236
MPHOSPH6,basal,0.7006347419299015
MPHOSPH8,basal,-0.8233270955107422
MPI,basal,-0.8614964077929815
MPND,basal,-0.36182879056611245
MPO,basal,0.7836809328063238
MPP1,basal,0.27740275341016507
MPP2,basal,-1.193099733267498
MPP7,basal,-1.5812585220905138
MPRIP,basal,0.6331588919238303
MPST,basal,0.6872827182139958
MPV17,basal,0.13102356682137728
MPZL1,basal,1.423021401837656
MPZL2,basal,1.532021110128454
MRAS,basal,2.1388539497099273
MRC1,basal,0.3926355233328267
MRC2,basal,-0.16913031003686052
MREG,basal,-1.8881530098000119
MRFAP1,basal,-1.3225400308528734
MRI1,basal,-0.044788477876485565
MRM1,basal,-0.36994245849433305
MRPL1,basal,0.6219985863654112
MRPL10,basal,-0.7486321448540144
MRPL11,basal,1.1908448440635346
MRPL13,basal,0.4588534128639977
MRPL14,basal,0.9392532200089436
MRPL15,basal,1.3294187665322061
MRPL16,basal,0.6454102490811952
MRPL17,basal,0.05936193226479395
MRPL18,basal,0.5204078511327788
MRPL19,basal,0.6582785254111101
MRPL2,basal,1.665193084251489
MRPL20,basal,0.14495324797393425
MRPL21,basal,0.1718973195560462
MRPL22,basal,-0.3299511776162266
MRPL23,basal,0.04464764716917062
MRPL24,basal,-0.3372663685389187
MRPL27,basal,-0.6617274083860876
MRPL28,basal,-0.1587265789602931
MRPL3,basal,0.8915459504723436
MRPL30,basal,0.022783133096670242
MRPL32,basal,-0.05435685811379768
MRPL33,basal,0.5324384532283382
MRPL34,basal,0.2779225005379058
MRPL35,basal,-0.4213556093914784
MRPL37,basal,1.5153221333651026
MRPL38,basal,0.4368372025269394
MRPL39,basal,0.8926571461269769
MRPL4,basal,1.1483188263657487
MRPL40,basal,-0.24278809489849942
MRPL41,basal,-0.5629395855566877
MRPL42,basal,0.14129328523765608
MRPL43,basal,-0.8153479950541871
MRPL44,basal,-0.09345320099659875
MRPL45,basal,-0.5290281202958683
MRPL46,basal,-0.049973473913476917
MRPL47,basal,1.0275219937750357
MRPL48,basal,0.719288134423108
MRPL49,basal,-0.5258046580443863
MRPL50,basal,0.2234990379946129
MRPL51,basal,0.9557734726141363
MRPL52,basal,0.05209708530400382
MRPL53,basal,-0.5925744659245663
MRPL54,basal,-0.6677081788415425
MRPL55,basal,0.12261750355850415
MRPL9,basal,1.467332542060201
MRPS10,basal,0.8957369485506818
MRPS11,basal,0.06607663569409937
MRPS12,basal,0.9740750772642186
MRPS14,basal,-0.4572793183597215
MRPS15,basal,0.8192811497599879
MRPS16,basal,-0.20504977339025335
MRPS17,basal,1.0321790293385738
MRPS18A,basal,0.8700184151492253
MRPS18B,basal,0.13127082497055456
MRPS18C,basal,0.3147224198733164
MRPS2,basal,0.2650768444049327
MRPS21,basal,0.7643072210942857
MRPS22,basal,0.9976281949483379
MRPS23,basal,-0.22018709475832154
MRPS24,basal,0.8232175231857982
MRPS25,basal,0.6898828384117712
MRPS26,basal,0.11346541882189591
MRPS27,basal,-1.332604643748152
MRPS28,basal,-0.1850457846975444
MRPS30,basal,-0.9259962618112332
MRPS31,basal,0.05872346020366041
MRPS33,basal,0.19774716987655178
MRPS34,basal,-0.47659024520057136
MRPS35,basal,-0.06308726228134727
MRPS5,basal,1.6441839701686762
MRPS6,basal,0.49937886575723067
MRPS7,basal,0.08085587275181315
MRPS9,basal,1.2090502562421217
MRRF,basal,-0.21168461472702946
MRTO4,basal,1.1814813537138833
MSH2,basal,1.7896870820285427
MSH3,basal,-1.4269431288483556
MSH6,basal,1.3671083084604367
MSI1,basal,0.632531994746525
MSI2,basal,-1.540801159369733
MSL1,basal,-0.41501407457166944
MSL2,basal,0.12171613542799664
MSL3,basal,1.850347515140508
MSN,basal,1.7858134820999194
MSR1,basal,-0.4028431137189494
MSRA,basal,0.4254617836401469
MSRB2,basal,-0.024594655303844862
MSRB3,basal,-0.5790538007981622
MST1,basal,-0.791446039165848
MST1R,basal,-0.2652602229171452
MSTO1,basal,0.66946316927765
MSX2,basal,-2.2179539888464364
MT1E,basal,0.32381234334195774
MT1F,basal,0.8774790987229087
MT1X,basal,1.1133206684186825
MT2A,basal,0.26140032429274773
MT3,basal,0.6574352838122376
MTA1,basal,0.5870529098705042
MTA2,basal,0.9521976127795119
MTA3,basal,-0.6308905327613414
MTAP,basal,0.9631046773839291
MTCH1,basal,1.31319121506826
MTCH2,basal,0.7712868652502123
MTDH,basal,0.2626187696500232
MTF1,basal,0.12145142224587843
MTF2,basal,0.9673938389630922
MTFMT,basal,0.07397806603471815
MTFR1,basal,0.4857105485160824
MTG1,basal,0.1587294026928077
MTHFD1,basal,0.30169265270736195
MTHFD1L,basal,2.3075199626211806
MTHFD2,basal,1.0769319554675238
MTHFR,basal,-0.8500565813157027
MTHFS,basal,-0.4085439366788534
MTHFSD,basal,0.8698728891109481
MTIF2,basal,1.222661352563198
MTIF3,basal,-0.6212729756049999
MTM1,basal,-0.287623703096655
MTMR1,basal,0.13838110189387304
MTMR10,basal,-1.0937107129800534
MTMR12,basal,0.7346615129101055
MTMR14,basal,0.07035747071696477
MTMR2,basal,1.835594412513801
MTMR3,basal,-0.35633634637361794
MTMR4,basal,-0.011031083062669443
MTMR6,basal,-0.06485623626524344
MTMR9,basal,-0.9969504451060507
MTO1,basal,0.4549735331928475
MTOR,basal,0.12812508894007307
MTPAP,basal,1.536759721624725
MTR,basal,-0.1037648703092218
MTRF1,basal,0.11367558460673616
MTRF1L,basal,-0.11681572695502344
MTRR,basal,-0.17801728050909885
MTSS1,basal,-0.32831392135380755
MTUS1,basal,-1.2316918016726326
MTX1,basal,0.022442582363568647
MTX2,basal,-0.03462265642979088
MTX3,basal,-1.2781684402488054
MUC1,basal,-1.1088626789659202
MUC16,basal,1.398332824607758
MUC5B,basal,0.7044114517982568
MUC6,basal,-0.500029107551205
MUCL1,basal,-0.6591083242344798
MUSTN1,basal,-0.6233147831480802
MUTYH,basal,1.159916395286593
MVD,basal,0.9258941480044324
MVK,basal,-0.12996732080775567
MVP,basal,-1.090428287217114
MX1,basal,0.3392336280981245
MX2,basal,0.6364342082565259
MXRA5,basal,-0.4635903147030975
MXRA7,basal,0.1086926387358778
MXRA8,basal,-0.8385067999191095
MYADM,basal,-0.8094264293962081
MYB,basal,-2.355745270566589
MYBBP1A,basal,1.0252778522667338
MYBPC2,basal,0.7208726583869449
MYCBP,basal,-0.751941514940542
MYD88,basal,0.5337215451314544
MYEF2,basal,-0.5176755228074996
MYH10,basal,-0.09378498667273702
MYH11,basal,-0.7349393850112902
MYH14,basal,0.04740880572331347
MYH15,basal,0.7124882016767666
MYH4,basal,-0.3688768269128125
MYH6,basal,0.38614909195696323
MYH9,basal,0.35969487323736055
MYL12A,basal,0.7386406556023614
MYL12B,basal,0.297332999693163
MYL4,basal,-0.11673298886486701
MYL6,basal,-0.4387709883517362
MYL6B,basal,0.46356202083648834
MYL9,basal,-0.039488666352257916
MYLK,basal,0.16490092333850415
MYO10,basal,1.5035756088134804
MYO15A,basal,-0.7207402417780687
MYO18A,basal,-0.0884001376557506
MYO18B,basal,-0.9652623849055914
MYO19,basal,0.4761804928659422
MYO1B,basal,-0.13118724488790715
MYO1C,basal,-0.6251287165978648
MYO1D,basal,-0.6512450599280779
MYO1E,basal,1.001487583421356
MYO1F,basal,0.10028707274708765
MYO1G,basal,0.3623087900682702
MYO5A,basal,-0.027134072811541572
MYO5B,basal,0.07632382990003281
MYO5C,basal,-1.959281294338562
MYO6,basal,-1.0064984697918216
MYO9A,basal,-0.2437722915141327
MYO9B,basal,1.008959713804722
MYOF,basal,-1.1577236121155217
MYSM1,basal,-0.2572946309641312
N4BP1,basal,-0.14621276279788809
N4BP2,basal,-0.6337878858845637
N4BP2L1,basal,-0.2522543629704248
N4BP2L2,basal,-0.4007453824102529
N4BP3,basal,-1.5138269585718762
NAA10,basal,0.8514647093968061
NAA15,basal,0.5837719224540943
NAA16,basal,-0.1083633055700211
NAA20,basal,-0.3512632757643969
NAA25,basal,0.3785661075333615
NAA30,basal,-0.9308476799990446
NAA35,basal,0.05750956905017445
NAA38,basal,0.4903765858851882
NAA40,basal,0.5322437149617618
NAA50,basal,1.1174881298103208
NAAA,basal,-0.14731932787431876
NAALADL2,basal,-0.6682888188671949
NAB1,basal,1.0785770730152402
NAB2,basal,0.12398433463128382
NACA,basal,-0.3082923091067428
NACC1,basal,0.05167489576583124
NADK,basal,-0.004715715767295176
NADSYN1,basal,-0.5386330771663719
NAE1,basal,1.3753750904778483
NAF1,basal,-0.517577849360013
NAGA,basal,-0.12182188590170784
NAGK,basal,0.04479896282176197
NAGLU,basal,-0.8539253977804723
NAIF1,basal,-0.4857830627703476
NAMPT,basal,0.7693300605169133
NANP,basal,0.9270162036685813
NANS,basal,-0.5449297688310268
NAP1L1,basal,0.23099855700022612
NAP1L2,basal,-0.7357710231488223
NAP1L4,basal,-0.45409963225176775
NAP1L5,basal,-0.2840389415823992
NAPA,basal,-1.202274059428889
NAPB,basal,-0.4145003014409442
NAPEPLD,basal,-0.4140067512722506
NAPG,basal,-0.5961796032106971
NARF,basal,1.3727653465781608
NARS2,basal,0.3598911877894985
NASP,basal,1.7585359051187452
NAT1,basal,-2.3288584875298923
NAT10,basal,0.7371454872186608
NAT14,basal,-0.16928260614751273
NAV1,basal,-0.7318851045541687
NAV2,basal,0.6199356350669761
NBAS,basal,-0.223652308389622
NBEA,basal,-1.684609384672937
NBEAL1,basal,-0.4084029755606052
NBEAL2,basal,-0.3020998579089486
NBN,basal,0.12174042734802279
NBR1,basal,-1.4562060391100495
NCALD,basal,0.8252464203474877
NCAM2,basal,-1.7480880953008793
NCAPD2,basal,1.9803032274697707
NCAPD3,basal,0.8041967957286966
NCAPG,basal,1.3042563469496349
NCAPG2,basal,1.192799494978855
NCAPH,basal,1.2810660773469862
NCAPH2,basal,0.8152890732416983
NCBP1,basal,0.41665459066445737
NCBP2,basal,0.3061326740125886
NCCRP1,basal,1.2139934282879719
NCDN,basal,-0.5068727253360089
NCEH1,basal,-0.975427663062325
NCF1,basal,0.4576734336052434
NCF2,basal,0.4151782847569846
NCF4,basal,0.3343527667863361
NCK1,basal,1.7976283881480948
NCK2,basal,2.175654420309474
NCKAP1,basal,0.584110074187215
NCKAP1L,basal,0.09082456178421422
NCKAP5L,basal,0.07970581250341834
NCKIPSD,basal,-0.3571319093627951
NCLN,basal,0.440087846348718
NCOA1,basal,-0.3809429523185619
NCOA2,basal,-0.46682280529410386
NCOA3,basal,-0.5770778647049465
NCOA4,basal,-0.631265910389619
NCOA5,basal,-0.24013339303373565
NCOA6,basal,0.16335294955942833
NCOA7,basal,1.6256885278631545
NCOR1,basal,-0.4229674466504791
NCOR2,basal,-0.25035569563986754
NCS1,basal,1.5706724271685801
NCSTN,basal,0.30427600490728346
NDC80,basal,1.71602921921396
NDE1,basal,-0.41841936793690815
NDEL1,basal,0.776037989573636
NDOR1,basal,-1.019838464310158
NDRG1,basal,1.3854840924915244
NDRG2,basal,1.1642406076760943
NDRG3,basal,-0.31441328330314705
NDUFA1,basal,0.23353355382680702
NDUFA10,basal,-0.6761797085380469
NDUFA11,basal,0.6335590750367286
NDUFA12,basal,0.043708741561340025
NDUFA13,basal,-0.11400186952682227
NDUFA2,basal,-1.1994177423899683
NDUFA3,basal,-0.25300216022246563
NDUFA5,basal,-0.5911970179912226
NDUFA6,basal,0.4487175206900965
NDUFA7,basal,-0.3408177426243882
NDUFA8,basal,-0.08368092137442931
NDUFA9,basal,1.402664686837468
NDUFAB1,basal,0.015950536142144645
NDUFAF1,basal,-1.327730029173578
NDUFAF2,basal,0.014437629865772067
NDUFAF3,basal,-0.48888192330393015
NDUFAF4,basal,1.7656500994068318
NDUFB1,basal,-0.4424405790792597
NDUFB10,basal,-0.6164682930146808
NDUFB11,basal,0.35182600898058763
NDUFB2,basal,0.3293260993983362
NDUFB3,basal,0.27188362303320285
NDUFB4,basal,-0.2893864404210373
NDUFB5,basal,0.2812663183494197
NDUFB6,basal,0.2022505904468927
NDUFB7,basal,0.18602772280805846
NDUFB8,basal,0.037437920967036235
NDUFB9,basal,0.700157115360616
NDUFC1,basal,-0.41065863744901415
NDUFC2,basal,-0.35675070889422994
NDUFS1,basal,-0.12277365970019505
NDUFS2,basal,0.14394178685211373
NDUFS3,basal,0.5244377808272803
NDUFS4,basal,-1.1877539791629974
NDUFS5,basal,1.1784784908229544
NDUFS6,basal,0.22948124506083628
NDUFS7,basal,-0.325216419359043
NDUFS8,basal,-0.11883303897886954
NDUFV1,basal,0.615973958923888
NDUFV2,basal,-0.3889094236259076
NDUFV3,basal,0.12205981062556776
NEB,basal,0.277918310757115
NEBL,basal,-1.233452487665349
NECAP1,basal,-0.7189446357593126
NECAP2,basal,0.5912143167599148
NEDD1,basal,-0.4218653614300901
NEDD4,basal,-1.3082845253854478
NEDD4L,basal,-0.8448797519313376
NEDD8,basal,-0.549193885523446
NEDD9,basal,-0.12521614182711632
NEFH,basal,-0.06326547693755229
NEFM,basal,-0.321649752631348
NEGR1,basal,-1.033480338208253
NEIL2,basal,-0.1335570904454838
NEK1,basal,-0.7249326715603424
NEK3,basal,0.10337830505261696
NEK4,basal,-1.0159400557756466
NEK6,basal,-0.22378616029624177
NEK7,basal,-0.008222095587045716
NEK9,basal,-1.9768763364315218
NENF,basal,0.01134255893809586
NEO1,basal,-0.5552848582330274
NES,basal,0.814385526657493
NEU1,basal,-0.21924525710669845
NEURL4,basal,-0.24854627984640437
NEXN,basal,0.051628966431930316
NF1,basal,-0.8693380581716942
NF2,basal,0.7788252815549721
NFASC,basal,0.36440627439168494
NFAT5,basal,0.43778359787772037
NFATC1,basal,0.4260996927702229
NFATC2,basal,-0.3701215170049943
NFATC2IP,basal,-0.2299443459207864
NFATC3,basal,0.7141342376916676
NFATC4,basal,-1.3848801910115194
NFIA,basal,-1.0697309828489165
NFIB,basal,1.626075421038061
NFIC,basal,-1.0412153980223031
NFIX,basal,0.949273610760137
NFKB1,basal,-0.09807685545283834
NFKB2,basal,0.8680719484860411
NFKBIA,basal,-0.031196422490204913
NFKBIB,basal,0.8675698465153131
NFKBIE,basal,1.3750309666891176
NFKBIL1,basal,0.4271923469722791
NFRKB,basal,0.16656005914282845
NFS1,basal,-0.5113670044855018
NFU1,basal,-0.2495035902082157
NFX1,basal,-0.12478169499586203
NFXL1,basal,0.6047073425533892
NFYA,basal,1.1117896581527198
NFYB,basal,0.04340907565283504
NFYC,basal,1.2084197154290024
NGDN,basal,-0.12961560352850282
NGFR,basal,-0.07911582825520773
NGLY1,basal,-0.23056303352598928
NGRN,basal,-0.45498336939572404
NHEJ1,basal,0.8226089314510459
NHLRC2,basal,-0.42989936684568314
NHLRC3,basal,-1.0718952447607824
NHP2,basal,0.030310613736029352
NHS,basal,-0.3252539943206554
NHSL1,basal,1.4911725172342256
NID1,basal,-0.4491927742406325
NID2,basal,-0.6001057989730199
NIF3L1,basal,0.2986520755695293
NIN,basal,-0.1825739524925912
NINJ1,basal,-1.3340877290740003
NIP7,basal,1.7296741517953698
NIPBL,basal,-0.5088451772736097
NIPSNAP1,basal,0.31958783883775294
NIPSNAP3A,basal,0.3128794405139929
NISCH,basal,-0.941075052409517
NIT1,basal,-0.3848672565708834
NIT2,basal,0.2180982964937171
NKAP,basal,-0.07924376008460393
NKIRAS1,basal,-0.5559011990464849
NKIRAS2,basal,0.4301542737613789
NKTR,basal,-0.44704403620809463
NLE1,basal,0.10389520526578964
NLN,basal,0.28654529549148094
NLRC4,basal,0.214372311146534
NLRP1,basal,0.06224922332418381
NLRP2,basal,0.16843357821336863
NLRX1,basal,0.19525869018389105
NMD3,basal,0.3009367868054132
NME1,basal,0.18441077289974828
NME2,basal,0.2367772664690262
NME3,basal,-1.3592423657196824
NME4,basal,-0.4631132740422144
NME6,basal,-0.6293339027829755
NME7,basal,-0.36545711477307263
NMI,basal,1.1367632674027448
NMNAT1,basal,-0.32364166342455386
NMNAT3,basal,-0.3504987795169054
NMRAL1,basal,-0.27485528047817015
NMT1,basal,-0.2582697588264126
NMT2,basal,1.5894317899731893
NNMT,basal,0.06301949352826249
NNT,basal,0.14255449342028323
NOB1,basal,1.3639167383899782
NOC2L,basal,0.6201014441059006
NOC3L,basal,0.4751403098510625
NOC4L,basal,0.08667620846876196
NOL10,basal,1.5521094930183394
NOL11,basal,0.3016857004707463
NOL12,basal,0.6216271410369235
NOL3,basal,-0.451029426211481
NOL6,basal,0.3169304533068661
NOL7,basal,0.7846621513977506
NOL8,basal,-0.09331448803783995
NOL9,basal,0.6199334884848513
NOLC1,basal,0.7240333052439106
NOM1,basal,0.5752588726386103
NOMO1,basal,0.09981126710628974
NOMO2,basal,0.20720671793603457
NONO,basal,0.7365802228623627
NOP10,basal,0.4240199873515079
NOP14,basal,0.1315606747159755
NOP16,basal,1.0133270517501105
NOP2,basal,1.7272973084948178
NOP56,basal,0.6997246935783026
NOP58,basal,1.4510145915569872
NOS1AP,basal,-0.5900050434926671
NOS3,basal,0.05739927109572314
NOSIP,basal,-0.1823216633704487
NOSTRIN,basal,-2.3637350476102745
NOTCH1,basal,1.6756027610054671
NOTCH2,basal,0.22595846385720852
NOTCH3,basal,0.36738905076058564
NOVA1,basal,-1.4059239411490474
NOVA2,basal,-0.30130377901736005
NOXA1,basal,-1.1602702118819948
NPAT,basal,0.16130444202283312
NPC1,basal,1.1311313395253981
NPC2,basal,0.5452656016473888
NPDC1,basal,-1.754510419771065
NPEPL1,basal,-0.1517029625202171
NPEPPS,basal,-1.0576779764670161
NPL,basal,0.4536280745518093
NPLOC4,basal,0.7211956042895481
NPM1,basal,0.2405357051641249
NPM3,basal,1.3227507973254846
NPNT,basal,-1.942561365854173
NPRL2,basal,-1.164938850998098
NPTN,basal,-1.0537786222590158
NPY1R,basal,-0.4807719399959924
NQO1,basal,-1.0900252562459167
NQO2,basal,0.10758783316005249
NR1H2,basal,-0.16079618315519514
NR2C1,basal,0.10877143931967878
NR2C2,basal,0.1805399331872424
NR2C2AP,basal,0.693796061342158
NR2F2,basal,-0.6059333019611084
NR2F6,basal,-0.1796764511525002
NR3C1,basal,-0.27244435759915564
NRAS,basal,0.6226158084358638
NRBF2,basal,1.1815657549106282
NRBP1,basal,0.5437719553501557
NRBP2,basal,0.8517978171640443
NRCAM,basal,-0.323488342764639
NRF1,basal,0.30233819406964585
NRGN,basal,0.2595734880650976
NRIP1,basal,-1.558633440762871
NRIP2,basal,-0.7045175915491715
NRP1,basal,-0.1353625673492856
NRP2,basal,0.256263944648255
NSA2,basal,-1.1296326548768136
NSD1,basal,-0.28475297429959845
NSDHL,basal,0.516742563987465
NSF,basal,-0.972921916582609
NSFL1C,basal,0.08092880319515416
NSL1,basal,-0.9030974293286631
NSMAF,basal,0.7959717147797108
NSMCE1,basal,-1.368397075764695
NSMCE2,basal,0.2552737673693262
NSMCE4A,basal,0.18363018036107903
NSUN2,basal,0.8947969612979697
NSUN3,basal,-0.2505216602392196
NSUN4,basal,0.3975227007613907
NSUN5,basal,0.41762618264865964
NSUN6,basal,0.19302800180463886
NT5C,basal,-0.25005929177360503
NT5C2,basal,1.6893125033883045
NT5DC1,basal,-0.6095017826873871
NT5DC2,basal,1.785713338749495
NT5DC3,basal,0.8129755265185553
NT5E,basal,0.15663962800191228
NTAN1,basal,0.5936800093782195
NTHL1,basal,-0.21102911346766623
NTM,basal,-1.151049625340922
NTN1,basal,0.4310408153042815
NTN4,basal,-1.1320945718201534
NUB1,basal,0.45703823248813863
NUBP1,basal,-0.9149957748275065
NUBP2,basal,-0.46900469082205837
NUBPL,basal,-1.8094814807291375
NUCB1,basal,0.3231618192539219
NUCB2,basal,-1.005533743505127
NUCKS1,basal,0.2876689919177941
NUDC,basal,0.1337026067062832
NUDCD1,basal,1.134610930723499
NUDCD2,basal,-0.044128597448195576
NUDCD3,basal,-0.8378979075351394
NUDT1,basal,1.0457283833264266
NUDT10,basal,-0.49161955709051475
NUDT12,basal,-2.022792303852722
NUDT14,basal,-0.2327516247709973
NUDT15,basal,0.802533018794473
NUDT16,basal,-1.6495430405133158
NUDT16L1,basal,-1.4295676811972962
NUDT19,basal,0.9285327039551245
NUDT2,basal,-0.6101857983869317
NUDT21,basal,0.7562987545520321
NUDT22,basal,-0.5691705334549524
NUDT3,basal,1.406558120749243
NUDT5,basal,1.7558709671059023
NUDT6,basal,-0.604469319801944
NUDT8,basal,0.6211310675092517
NUDT9,basal,-0.8867798874215759
NUF2,basal,1.3585802498489998
NUFIP1,basal,0.6079106058588807
NUFIP2,basal,-0.51513394712342
NUMA1,basal,-1.3955975356204486
NUMB,basal,-0.5302492363030891
NUMBL,basal,0.9797503631613973
NUP107,basal,0.49761757554940594
NUP133,basal,-0.07045935914665494
NUP153,basal,0.8644704015018748
NUP155,basal,0.6514827824371383
NUP160,basal,1.2375449557010847
NUP188,basal,0.2459966307948903
NUP205,basal,1.296164723458916
NUP210,basal,0.26522167090145626
NUP214,basal,-0.22762755566384849
NUP35,basal,0.501240860932699
NUP37,basal,0.5957782419159319
NUP43,basal,-0.022230592264439505
NUP50,basal,0.7433631348457952
NUP54,basal,0.778677678332617
NUP62,basal,0.8820041152826951
NUP85,basal,0.6938022595124638
NUP88,basal,0.9054821771427819
NUP93,basal,1.777145603628538
NUP98,basal,-0.033208351681021174
NUPR1,basal,-0.12212028295625188
NUSAP1,basal,0.8624541814494433
NUTF2,basal,1.2845928244406186
NVL,basal,-0.47264399549444963
NXF1,basal,0.08264019151309844
NXN,basal,1.370993444737045
NXT1,basal,0.9947122433031138
NXT2,basal,0.7645571774253921
NYNRIN,basal,0.34225817959310845
OAF,basal,0.08927097080849683
OAS1,basal,-0.2414635961187129
OAS2,basal,0.011647702571059583
OAS3,basal,-0.1320771118944076
OASL,basal,0.3315830473772748
OAT,basal,0.43416820385298965
OBSL1,basal,0.49801243743207513
OCIAD1,basal,-1.0668659659643671
OCIAD2,basal,0.6484402455063535
OCLN,basal,-0.7930922317317203
OCRL,basal,-0.30836460711218344
ODF2,basal,-0.47110696697577786
OFD1,basal,0.2810917817769212
OGDH,basal,-0.028728436233714013
OGFOD1,basal,0.5206255606590331
OGFOD2,basal,-0.6422931522511272
OGFR,basal,-0.14534605426918484
OGFRL1,basal,1.8518249424416497
OGN,basal,-1.327453194659716
OGT,basal,0.10080037031889168
OIP5,basal,1.1135257117906672
OLA1,basal,0.3149113789489468
OLFM1,basal,-1.0371091772387189
OLFM4,basal,0.5963152886569444
OLFML1,basal,-0.8701042730829809
OLFML2A,basal,-0.8336424991181146
OLFML2B,basal,-0.48297784134371696
OLFML3,basal,-0.9638704039928342
OMA1,basal,-0.5280068941873555
OMD,basal,-1.3136439843996133
OPA1,basal,0.3859035335903568
OPA3,basal,0.3352061672469178
OPHN1,basal,0.14638509682679177
OPTN,basal,1.2502051278741897
OR4A16,basal,-0.03612568736021767
ORM1,basal,0.4181022029592101
ORM2,basal,0.7170315962647088
ORMDL3,basal,-1.013049634813936
OS9,basal,-0.5146272680916828
OSBP,basal,-0.37567320288669387
OSBP2,basal,-0.14344774579874414
OSBPL10,basal,-0.38505063606596607
OSBPL11,basal,0.6201395801114685
OSBPL1A,basal,0.4571951234255762
OSBPL2,basal,-0.1916268319171819
OSBPL3,basal,1.3894383168811013
OSBPL5,basal,-0.9948417552832154
OSBPL6,basal,-0.9392727023452546
OSBPL7,basal,-0.8058136860367211
OSBPL8,basal,-0.257891600481248
OSBPL9,basal,0.5801076273437423
OSCP1,basal,-1.5680709711464278
OSGEP,basal,-0.023775875095240415
OSGEPL1,basal,-0.7320440539413066
OSMR,basal,0.24088024081110987
OSTC,basal,0.4773037946138721
OSTF1,basal,0.2655026550424766
OSTM1,basal,-0.44694235710470875
OTC,basal,-0.19248214059318489
OTUB1,basal,-0.03953035932850026
OTUB2,basal,-0.4133878231092189
OTUD1,basal,-0.3085484771401911
OTUD3,basal,0.23160297653229972
OTUD4,basal,0.2969819402599678
OTUD5,basal,-0.1668907881297764
OTUD6B,basal,0.5695471949930239
OTUD7B,basal,-1.0842652873628078
OVCA2,basal,0.05626466482638953
OVOL2,basal,-0.8567865015562562
OXA1L,basal,-0.6904516038279335
OXCT1,basal,1.0079610550527762
OXNAD1,basal,0.32884171681001595
OXR1,basal,0.01198416387518767
OXSM,basal,-0.16634929431605575
OXSR1,basal,0.4594915988484746
P2RX4,basal,-1.3160024392629062
P2RX7,basal,0.003022300233119153
P4HA1,basal,0.04016008512760142
P4HA2,basal,0.01092253717832208
P4HA3,basal,-0.9541192444446687
P4HB,basal,0.538601037644081
P4HTM,basal,-2.317470130982116
PA2G4,basal,0.13284434070007112
PAAF1,basal,-1.2260244399429463
PABPC1,basal,1.0741791167828427
PABPC3,basal,1.0277193706242347
PABPC4,basal,1.3375739263345146
PABPN1,basal,0.5118251205362223
PACS1,basal,0.1676110936227417
PACS2,basal,0.30834362164143597
PACSIN1,basal,-0.183988055058799
PACSIN2,basal,0.13513636557372072
PACSIN3,basal,0.6871412735760697
PADI2,basal,1.7953931930082152
PADI4,basal,0.06122154757611025
PAF1,basal,-0.3096461864954634
PAFAH1B1,basal,-0.02362894561669473
PAFAH1B2,basal,-0.02308347053317798
PAFAH1B3,basal,-0.47329146110448156
PAFAH2,basal,-1.4861362432160736
PAG1,basal,0.5827151026391585
PAICS,basal,0.5890683277453127
PAIP1,basal,0.3539224521922507
PAIP2,basal,-1.0351126723368953
PAK1,basal,0.16931305930855828
PAK1IP1,basal,1.951370145164567
PAK2,basal,-0.018847060905193447
PAK4,basal,-0.12747993273713468
PALLD,basal,-0.3866317843854081
PALM,basal,-1.675789744934658
PALMD,basal,0.23766372040811107
PAM,basal,0.5582448126465346
PAMR1,basal,-0.5185728084958554
PAN2,basal,-1.1127799836347383
PAN3,basal,-0.5619095912926656
PANK2,basal,-0.16945245511325652
PANK3,basal,-1.2314263718935554
PANK4,basal,-0.2694346929687848
PANX1,basal,0.5772620380148594
PAOX,basal,-0.8105409060447312
PAPLN,basal,-0.22781508384717744
PAPOLA,basal,-0.11022830534207952
PAPOLG,basal,0.7899747960788708
PAPPA,basal,0.09448570555825375
PAPSS1,basal,2.364872658185749
PAPSS2,basal,-0.005808840569507804
PARD3,basal,0.9564081996420355
PARD3B,basal,-0.8684476188571916
PARD6B,basal,-1.395638302670634
PARD6G,basal,0.3295833816715619
PARK7,basal,-0.47963426328753
PARL,basal,0.7923911834845855
PARN,basal,-0.4830954628040597
PARP1,basal,0.43631792364167266
PARP10,basal,-0.39332598312301065
PARP12,basal,0.43312320850448954
PARP14,basal,-0.1264168957979207
PARP16,basal,-0.2884303506720138
PARP2,basal,0.1751708001541009
PARP4,basal,0.3153841791711638
PARP9,basal,-0.5019836486729785
PARS2,basal,0.918582038071575
PARVA,basal,-0.3174612269297927
PARVB,basal,0.9354851681920162
PARVG,basal,0.3026023260918108
PASK,basal,-0.12436988913113374
PATL1,basal,1.4104554034924222
PATZ1,basal,-1.5383596373529551
PAWR,basal,-0.3264895394458592
PAXIP1,basal,-0.20755678185630586
PBK,basal,0.8949237778028071
PBLD,basal,-1.441952697414389
PBRM1,basal,-0.41891923762614947
PBX1,basal,-1.5655764045583376
PBX2,basal,0.6264890062517595
PBXIP1,basal,-0.15546396685030453
PC,basal,0.43180019296511835
PCBD1,basal,-0.418559217061379
PCBD2,basal,-1.7808164822805506
PCBP1,basal,0.559312516818116
PCBP2,basal,-1.0005361564182333
PCBP3,basal,0.9692623353616856
PCBP4,basal,1.3025588948017626
PCCA,basal,-0.8706729997616016
PCCB,basal,-0.25355391833819174
PCDH1,basal,-1.2175288260287553
PCDH7,basal,-0.855760771583874
PCF11,basal,-0.6750353692427946
PCGF1,basal,0.6455471530985238
PCGF2,basal,-1.0664487066350399
PCGF3,basal,-0.7194953337337877
PCGF5,basal,-0.11818385424930031
PCGF6,basal,0.9548970299315334
PCID2,basal,0.8628207980879292
PCIF1,basal,-0.16166220765435402
PCK2,basal,-0.9557416475597721
PCM1,basal,-0.7614369002990479
PCMT1,basal,0.015702837837561427
PCMTD1,basal,-0.2801122665685727
PCMTD2,basal,-0.7696371256963676
PCNA,basal,0.8512917293330959
PCNP,basal,0.2453868282605556
PCNT,basal,0.6965202208632231
PCOLCE,basal,-0.4519196802062122
PCP4L1,basal,0.720319408511716
PCTP,basal,0.07422191884306724
PCYOX1,basal,-0.6908375606905949
PCYOX1L,basal,-1.0280333391171113
PCYT1A,basal,-0.021221242849786475
PCYT2,basal,0.5746753287225476
PDAP1,basal,1.0887999578724052
PDCD10,basal,0.5130661125315138
PDCD11,basal,0.8850740233219757
PDCD2,basal,0.4461535593272731
PDCD2L,basal,1.1785816017609725
PDCD4,basal,-0.7072327416243948
PDCD5,basal,1.8804852378692614
PDCD6,basal,-0.09668774058211288
PDCD6IP,basal,-1.1415858894294055
PDCD7,basal,0.6529846690122845
PDCL,basal,-0.1806691480289799
PDCL3,basal,0.40992178350799935
PDE12,basal,-0.5320115309771757
PDE2A,basal,-0.7729081137703819
PDE3A,basal,-0.21869836440427443
PDE4A,basal,-0.7514998000815677
PDE4B,basal,0.6645035139599818
PDE4D,basal,0.05299668449724849
PDE4DIP,basal,0.3188428608941643
PDE5A,basal,-0.5132782594020434
PDE6D,basal,0.43920205223088404
PDF,basal,0.38247510533090334
PDGFRA,basal,0.02840851953838928
PDGFRB,basal,-1.0308831281185153
PDGFRL,basal,-0.5984303826821746
PDHA1,basal,1.6297874533432135
PDHB,basal,-0.990877208810242
PDHX,basal,0.2529997906913667
PDIA2,basal,1.0423282376725544
PDIA3,basal,0.22291457158814784
PDIA4,basal,0.8715652270897152
PDIA5,basal,0.8669233146707283
PDIA6,basal,1.8450761104490456
PDK1,basal,1.6314434643740208
PDK2,basal,-1.0462006994010544
PDK3,basal,0.9195150169395386
PDK4,basal,-0.7122252343567639
PDLIM1,basal,-0.40967760744900283
PDLIM2,basal,0.15304884584373984
PDLIM3,basal,0.02034044210631974
PDLIM4,basal,-0.047971363487701375
PDLIM5,basal,-0.2559119635200871
PDLIM7,basal,-0.05200240626082049
PDP1,basal,-0.017132311585472983
PDPK1,basal,-1.0969545035079054
PDPR,basal,0.22070015644474877
PDRG1,basal,-0.2337488570088545
PDS5A,basal,-0.31529112988137553
PDS5B,basal,-0.6552070727144624
PDSS2,basal,-0.24465652451631503
PDXDC1,basal,-0.828159504077219
PDXK,basal,1.7659376776412181
PDXP,basal,0.8918063284167088
PDZD11,basal,-0.3689009305608412
PDZD8,basal,-0.22449708322868825
PDZK1,basal,-1.2445868947585574
PDZRN3,basal,0.2963079327994594
PEA15,basal,0.18110487304834336
PEBP1,basal,-0.1431349279455872
PEBP4,basal,-0.736929750982433
PECR,basal,-0.728522323211945
PEF1,basal,-0.11130119216983748
PEG10,basal,0.4355365808348729
PEG3,basal,0.013589197846365355
PELO,basal,-0.5623311861350048
PELP1,basal,0.6032537619249244
PEPD,basal,0.3543480508283724
PER2,basal,-1.430408279801028
PES1,basal,0.9255732924184734
PEX1,basal,-0.5928350610358673
PEX11A,basal,-1.7215891647403336
PEX11B,basal,-0.2172390836804867
PEX13,basal,0.6622988531987131
PEX14,basal,-0.006611590856487966
PEX16,basal,-0.2645005012426033
PEX19,basal,-1.259541286203135
PEX26,basal,0.09462459784311587
PEX3,basal,0.20699023012650886
PEX5,basal,0.6436034108796169
PEX6,basal,0.11852770288742683
PEX7,basal,-1.2227624318374513
PF4,basal,0.5591130729383026
PFAS,basal,-0.38502003844393623
PFDN1,basal,-0.6108763956143237
PFDN2,basal,1.3604236229868674
PFDN4,basal,0.622101078591512
PFDN5,basal,-0.980427224783109
PFDN6,basal,0.6259171950835453
PFKFB2,basal,0.35496297118775194
PFKFB3,basal,-0.4125912962526408
PFKFB4,basal,-0.22921928110956788
PFKL,basal,0.5992230176881815
PFKM,basal,-0.28176905232456784
PFKP,basal,1.3841698333762729
PFN1,basal,1.157473961382229
PFN2,basal,0.9875572785210811
PGAM2,basal,-0.49467976689099064
PGAM5,basal,0.8277768804288546
PGD,basal,0.5433903447901648
PGGT1B,basal,-1.8793733391347647
PGK1,basal,0.5835406218430295
PGK2,basal,-0.4567499493238188
PGLS,basal,0.032921324204081205
PGLYRP1,basal,0.40706317451156127
PGLYRP2,basal,-1.6578532482119188
PGM1,basal,1.5179608574756254
PGM2,basal,0.7373362694650841
PGM2L1,basal,0.02818555214335139
PGM3,basal,0.19481317192523367
PGM5,basal,-0.871926833644173
PGP,basal,-0.35442223483192276
PGPEP1,basal,-1.58446523829942
PGR,basal,-1.942913385232113
PGRMC1,basal,0.7602638792820677
PGRMC2,basal,-0.811318973078213
PGS1,basal,0.3718789667208797
PHACTR2,basal,0.3593805146010365
PHACTR4,basal,0.41112947363298064
PHAX,basal,-1.0975055866983807
PHB2,basal,0.997493541650951
PHC1,basal,0.32504307390436055
PHC2,basal,0.9399742053628518
PHC3,basal,-0.8462771444199977
PHF1,basal,-0.44074197125954007
PHF10,basal,0.353837294712543
PHF11,basal,-0.251359544443913
PHF12,basal,-1.1702186472101372
PHF14,basal,0.32053939362591155
PHF2,basal,-0.5249628096628477
PHF20,basal,-1.201405609071538
PHF20L1,basal,0.43872604476673216
PHF21A,basal,0.31139129290219864
PHF23,basal,-0.4979293950043753
PHF3,basal,-0.2310274993686493
PHF5A,basal,1.4998779479732616
PHF6,basal,0.7688521097184038
PHF8,basal,-0.9028038616184383
PHGDH,basal,1.9304927020824325
PHIP,basal,0.10585751521454212
PHKA1,basal,-0.16582181581160166
PHKA2,basal,-0.23207620335780463
PHKB,basal,-0.5877696188480922
PHKG2,basal,-0.5650143328777149
PHLDA1,basal,0.6991142310527844
PHLDA2,basal,0.2526064177173233
PHLDA3,basal,-0.56470207207586
PHLDB1,basal,-0.5077024858258512
PHLDB2,basal,-0.6727326983570638
PHLDB3,basal,-0.9648190233152113
PHLPP2,basal,-0.14544618537573345
PHPT1,basal,-1.0069739224717222
PHRF1,basal,-0.37610148018581246
PHYH,basal,0.41714514607704495
PHYHD1,basal,-1.2140710494393305
PI16,basal,-0.22357589261462812
PI4K2A,basal,-0.3833208252602853
PI4K2B,basal,0.7130945181928127
PI4KA,basal,-0.7885743430062225
PI4KB,basal,0.8046667951369124
PIAS1,basal,-0.23214990216888415
PIAS2,basal,0.5004436382678562
PIAS3,basal,-0.40875567590422063
PIAS4,basal,-0.5067630976849897
PIBF1,basal,-0.15803957566072566
PICALM,basal,0.740867095017676
PICK1,basal,0.4559498678522831
PID1,basal,0.3322387007582435
PIGG,basal,-1.0932890454421507
PIGK,basal,-0.4499745587477496
PIGO,basal,-0.7020403927204247
PIGQ,basal,-1.700613310833696
PIGR,basal,-0.29722135023514074
PIGS,basal,-0.7437789482868546
PIGT,basal,-1.1468563004425218
PIGU,basal,-0.07985996168425578
PIGX,basal,-0.8765795108152852
PIH1D1,basal,-0.29756855424175355
PIK3AP1,basal,0.8141392908356907
PIK3C2A,basal,-0.627613969502878
PIK3C2B,basal,-0.6482687000475315
PIK3C3,basal,-0.20383943214928138
PIK3CA,basal,0.4141833934407076
PIK3CB,basal,0.18103632788325041
PIK3CD,basal,0.7971878106965171
PIK3CG,basal,-0.11670048650433616
PIK3IP1,basal,-0.9371976505772988
PIK3R1,basal,-0.44971893639133054
PIK3R2,basal,-0.3001110063592995
PIK3R3,basal,-0.316842981332176
PIK3R4,basal,-0.5917883467446702
PIKFYVE,basal,-0.15899982776021304
PIN1,basal,-0.193943941811444
PIN4,basal,0.16111016792199956
PIP,basal,-1.4313751300313757
PIP4K2A,basal,-0.46924349443808755
PIP4K2B,basal,-0.611208073230733
PIP4K2C,basal,-0.8972445242913359
PIP5K1A,basal,0.506656194092532
PIP5K1C,basal,-0.6586591735072862
PIR,basal,0.947814838543435
PISD,basal,-0.8602661682078567
PITPNA,basal,0.564268856808882
PITPNB,basal,1.10462803058936
PITPNC1,basal,0.21924032890384565
PITPNM1,basal,0.19886030079240305
PITRM1,basal,1.0403492888805268
PITX1,basal,0.18923647904496155
PJA1,basal,0.11616847055903294
PJA2,basal,-1.5714292377184493
PKIB,basal,-1.4979993536146021
PKIG,basal,-0.4699163696186432
PKLR,basal,-0.0547191570934287
PKN1,basal,-0.00409884572573835
PKN2,basal,0.2613139291411614
PKNOX1,basal,-0.857216057260141
PKP1,basal,1.3598472589889785
PKP2,basal,0.3174820701518377
PKP3,basal,0.2001170162992047
PKP4,basal,-0.33493397195749713
PLA2G12A,basal,-1.3170131372869391
PLA2G15,basal,0.012215117040929487
PLA2G2A,basal,0.08495974758938275
PLA2G4A,basal,1.647856132211417
PLA2G4C,basal,-0.3959635675328548
PLA2G6,basal,-0.23346900740280535
PLA2G7,basal,0.8929687141426308
PLAA,basal,0.7633220160496544
PLAC9,basal,-0.8173145823606041
PLAT,basal,-1.18971825152957
PLAU,basal,-0.01427167665783286
PLAUR,basal,1.0944250854686772
PLBD1,basal,0.6856388063453576
PLBD2,basal,-0.5608713929358602
PLCB1,basal,0.034225177567015805
PLCB2,basal,0.2569047745897716
PLCB3,basal,0.4315332252001865
PLCB4,basal,0.8293689808135878
PLCD1,basal,0.1650277770365115
PLCD4,basal,-1.3702374574393852
PLCE1,basal,0.5699997028087648
PLCG1,basal,0.37847313322695936
PLCG2,basal,1.6283575805675963
PLCH1,basal,1.3602404988235848
PLCL1,basal,-0.8672074177686389
PLCL2,basal,0.21156415508959805
PLD1,basal,1.2914378075774653
PLD2,basal,0.34865579297200616
PLD3,basal,0.4466884974638563
PLD4,basal,-0.939660056787631
PLEC,basal,-0.16346300817496218
PLEK,basal,0.3094755607337957
PLEK2,basal,-0.024793537875129546
PLEKHA1,basal,0.5981947916310312
PLEKHA3,basal,-0.6819885163188611
PLEKHA4,basal,0.09131297724757646
PLEKHA5,basal,0.1525767350230072
PLEKHA6,basal,-1.3183900472824084
PLEKHA7,basal,-0.2181015370579963
PLEKHA8,basal,0.17033370089902328
PLEKHB2,basal,-0.771884198314496
PLEKHF1,basal,1.152805520671445
PLEKHF2,basal,-1.8523585692391233
PLEKHG1,basal,1.6281850377464042
PLEKHG2,basal,1.042739971871132
PLEKHG3,basal,-0.4555927107893462
PLEKHG4,basal,0.547861934592671
PLEKHG4B,basal,1.1857470460526391
PLEKHJ1,basal,0.16353908341403356
PLEKHM1,basal,-0.459119145987536
PLEKHM2,basal,0.8332343667382737
PLEKHO1,basal,0.9782773975444057
PLEKHO2,basal,-0.024807075404441537
PLG,basal,0.01870130105788882
PLIN1,basal,-0.7771651780821673
PLIN2,basal,1.2551002049920947
PLIN3,basal,-0.1639593974709032
PLIN4,basal,-0.5374064834149469
PLIN5,basal,-1.333931949607339
PLK1,basal,1.4708043949445162
PLOD1,basal,2.200296837285272
PLOD2,basal,0.7319718037096701
PLOD3,basal,1.6522002880116486
PLRG1,basal,0.6472825205375489
PLS1,basal,-0.6355100283668507
PLS3,basal,1.061852545714571
PLSCR1,basal,0.9971737520967789
PLSCR3,basal,0.9093893344510485
PLTP,basal,0.950751933903483
PLVAP,basal,-0.3707203629891394
PLXDC2,basal,0.4821873666184387
PLXNA1,basal,1.2708819080422353
PLXNA3,basal,-0.23366596469885226
PLXNB1,basal,-0.470852472432828
PLXNB2,basal,-0.1429457489698163
PLXNC1,basal,-0.7181825639677997
PLXND1,basal,-0.48423849574559785
PM20D2,basal,2.0684125736022008
PMF1,basal,0.3878348183443784
PML,basal,1.153960875195904
PMM1,basal,0.27945323637650793
PMM2,basal,0.041462861794892676
PMP2,basal,0.37936769564171346
PMPCA,basal,0.0540494971599023
PMPCB,basal,0.18910138050965744
PMS1,basal,0.562073913129186
PMS2,basal,-0.3789833906740524
PMVK,basal,-0.40182011082544977
PNKD,basal,0.14097920633730102
PNKP,basal,-0.3390484529820745
PNMA1,basal,-0.9673701835246332
PNMT,basal,-0.7072171187458436
PNN,basal,0.2867896494221302
PNO1,basal,1.2165249446851825
PNP,basal,0.927166632366018
PNPLA2,basal,-1.0734788971257494
PNPLA4,basal,-1.9009205488654906
PNPLA6,basal,0.5336621518238327
PNPLA8,basal,-0.15685273896506952
PNPO,basal,-1.0204820598650455
PNPT1,basal,1.2300014448512082
POC1B,basal,-0.7041493954269136
POC5,basal,-1.6270143659677991
PODN,basal,-1.088477094170366
PODXL,basal,0.8960582209261218
POF1B,basal,-0.3930164982579909
POFUT1,basal,-0.4494926986102173
POFUT2,basal,0.526273429402627
POGK,basal,0.8472523390725961
POGZ,basal,0.1042582204158409
POLA1,basal,0.157590622822227
POLA2,basal,0.880110534859626
POLB,basal,0.03186615121186699
POLD1,basal,1.2901630105448516
POLD2,basal,0.561148390045062
POLD3,basal,0.7453757692085189
POLD4,basal,-1.4912173238287996
POLDIP3,basal,0.92809871811399
POLE,basal,0.417464803524725
POLE2,basal,0.4805441207296578
POLE3,basal,0.4925418514631399
POLE4,basal,0.23068746914858754
POLG,basal,0.6175016763793476
POLG2,basal,-0.23182700036589937
POLI,basal,-1.360578954941283
POLK,basal,-1.5034603982257637
POLL,basal,-0.9409902893309824
POLM,basal,-1.175628823473791
POLR1A,basal,0.8106678132828468
POLR1B,basal,0.8544543180235158
POLR1C,basal,1.4402141876726597
POLR1D,basal,0.28162104423821266
POLR1E,basal,1.7857178063434234
POLR2B,basal,0.6018536803598561
POLR2C,basal,0.47499445601772833
POLR2D,basal,1.1705293089600544
POLR2E,basal,-0.432973425908768
POLR2F,basal,1.5978606803873596
POLR2G,basal,0.14408253631988177
POLR2H,basal,0.5511931193557039
POLR2I,basal,0.6293072594868857
POLR2K,basal,0.23474905631553503
POLR2L,basal,-0.6988494601893692
POLR3A,basal,0.026822395631748836
POLR3B,basal,0.1820450747862666
POLR3C,basal,0.9214206182105606
POLR3D,basal,1.0328770945022467
POLR3E,basal,-0.7616670404808255
POLR3F,basal,0.3756892231919296
POLR3GL,basal,-0.2130425876240829
POLR3H,basal,0.16177323723298104
POLR3K,basal,-0.7616074711646049
POLRMT,basal,-0.024344512273992907
POM121C,basal,0.49375260595896797
POMGNT1,basal,-0.5049039640102019
POMP,basal,0.18429073565428677
PON1,basal,0.22791455880711028
PON2,basal,0.09140337217659955
PON3,basal,0.2961317244855629
POP1,basal,1.4375670847314648
POP4,basal,0.6913321560362138
POP5,basal,0.3520046119501269
POP7,basal,0.9074362954441421
POR,basal,0.7851587505079941
POSTN,basal,-0.9157984787840221
POT1,basal,-0.03868208262838007
POTEF,basal,-0.5636471195350011
POU2F1,basal,-0.10741592412546548
POU2F2,basal,0.4594257834399106
PPA1,basal,0.6492584959824813
PPA2,basal,-0.4462021773977075
PPAN,basal,1.0073564164622977
PPAT,basal,0.6113264634424874
PPBP,basal,0.8503298133172278
PPCDC,basal,-0.1700904767524529
PPCS,basal,-0.7122888749514081
PPDPF,basal,-0.6916855683092391
PPFIA1,basal,-0.1474586446493761
PPFIA3,basal,0.11720066039881548
PPFIBP1,basal,-0.1649294463791415
PPFIBP2,basal,0.04212597663168703
PPHLN1,basal,-0.3444226668502617
PPIA,basal,0.5515234958459854
PPIAL4G,basal,0.5077046157971022
PPIB,basal,0.7799954764704945
PPIC,basal,-0.20295924982015917
PPID,basal,-0.07135323465419811
PPIE,basal,0.8786175888414869
PPIF,basal,0.6122378423911841
PPIG,basal,0.3043659465095429
PPIH,basal,1.1244797132794422
PPIL1,basal,0.8719506884334389
PPIL2,basal,-0.6210952229695328
PPIL3,basal,-0.23071428497365903
PPIL4,basal,0.2930408132432154
PPIP5K1,basal,-1.258492303624301
PPIP5K2,basal,-0.8929589630728783
PPL,basal,0.4285600547227886
PPM1A,basal,-1.4477529159116813
PPM1B,basal,-0.00838803400008239
PPM1D,basal,-0.20516481253067764
PPM1F,basal,1.0142472677888013
PPM1G,basal,1.2319431807978363
PPM1H,basal,-0.6540400498947707
PPM1J,basal,-0.8927199191693672
PPM1K,basal,0.26934690708719977
PPM1L,basal,0.7271769414626836
PPM1M,basal,-0.518986196389838
PPME1,basal,0.1551271759031044
PPOX,basal,-0.30907039740295467
PPP1CA,basal,0.08629169073926808
PPP1CB,basal,1.8145887936748264
PPP1CC,basal,0.3483478074595906
PPP1R10,basal,-0.1168519025603715
PPP1R11,basal,-0.06546839536744986
PPP1R12A,basal,-0.08939694411984109
PPP1R12B,basal,-0.3730046720680905
PPP1R12C,basal,-0.07421931031618295
PPP1R13B,basal,-0.45275560934162057
PPP1R13L,basal,0.23128207934559256
PPP1R14A,basal,0.4279988655897967
PPP1R14B,basal,1.3452382381065229
PPP1R14C,basal,2.5211308458285515
PPP1R16A,basal,0.054103906933403965
PPP1R1A,basal,0.34152361195764874
PPP1R1B,basal,0.527386480241394
PPP1R2,basal,-0.37002833972797866
PPP1R3B,basal,-0.24481547780289617
PPP1R3D,basal,-0.8584189686917632
PPP1R7,basal,-0.3472754161029659
PPP1R8,basal,0.9611664076415916
PPP1R9A,basal,0.3280804144290844
PPP2CA,basal,-1.389433568443815
PPP2CB,basal,-0.21702849747566708
PPP2R1A,basal,-0.28350746181190756
PPP2R1B,basal,0.5867774460319543
PPP2R2A,basal,-0.13293071122543326
PPP2R3A,basal,0.8876958953126569
PPP2R5A,basal,-0.7366056640472399
PPP2R5B,basal,0.2034819147213858
PPP2R5C,basal,0.2407843723337903
PPP2R5D,basal,1.2180111477993607
PPP2R5E,basal,-0.4127586456097297
PPP3CA,basal,0.027911979081973824
PPP3CB,basal,-1.1564054930877317
PPP3CC,basal,-0.16740861324294007
PPP3R1,basal,1.0162487051303841
PPP4C,basal,-0.12644841300005946
PPP4R1,basal,0.2805015151616536
PPP4R2,basal,-0.2502546612746439
PPP5C,basal,0.3264449074039928
PPP6C,basal,-1.1873216768372552
PPT1,basal,-0.7467747974781804
PPT2,basal,-0.17915376104961725
PPTC7,basal,-0.06892862735516742
PPWD1,basal,-0.40721748615645154
PQBP1,basal,0.5228379022929293
PRAF2,basal,-0.22869632604071916
PRAM1,basal,-0.15250380043917766
PRC1,basal,1.118326233659062
PRCC,basal,0.8408070182332834
PRCP,basal,-0.296291340624923
PRDM10,basal,-0.5300350306995499
PRDM15,basal,0.6110029296652497
PRDM2,basal,-0.4749960309740445
PRDX1,basal,0.48003164710239166
PRDX2,basal,-0.2714886893443491
PRDX3,basal,-1.2698235830129871
PRDX4,basal,1.3765180887319555
PRDX5,basal,0.22114975226626205
PRDX6,basal,0.6818208780965326
PREB,basal,0.7376133898191435
PRELP,basal,0.2141909211683429
PREP,basal,1.22555069072271
PREPL,basal,-0.9719396939172574
PREX1,basal,-2.0465324120564996
PRF1,basal,0.7371328214102791
PRG2,basal,1.4620727126361592
PRG3,basal,0.16693928075460288
PRG4,basal,-0.2997521165509815
PRICKLE2,basal,-1.5380492654492355
PRIM1,basal,-0.02234363731060108
PRKAA1,basal,0.3429006384895252
PRKAA2,basal,-0.3963185678794972
PRKAB1,basal,-1.346851753445674
PRKAB2,basal,0.2844554224792853
PRKACA,basal,0.07370912058435695
PRKACB,basal,-0.24758539588134199
PRKAG1,basal,-1.801894691516685
PRKAG2,basal,0.6165334845549542
PRKAR1A,basal,-0.8995127440646233
PRKAR1B,basal,0.48790607497424354
PRKAR2A,basal,-0.3332826450533448
PRKAR2B,basal,-0.37318300298889945
PRKCA,basal,0.9788812834119394
PRKCB,basal,0.25325650404143
PRKCD,basal,-1.2231205364162832
PRKCE,basal,-0.241402577839498
PRKCH,basal,-0.4108279625714592
PRKCI,basal,0.7913077474680309
PRKCQ,basal,0.8792766875398474
PRKCSH,basal,0.6251570802691714
PRKCZ,basal,0.07619132562678647
PRKD1,basal,-0.28413824291642936
PRKD2,basal,-0.017123687886277047
PRKD3,basal,1.535585232769441
PRKG1,basal,-1.0848054170222643
PRKRA,basal,0.6042701965273898
PRKRIP1,basal,0.15946742438236466
PRMT1,basal,0.9484220028110937
PRMT2,basal,1.1020082247254035
PRMT3,basal,0.3079813912673411
PRMT5,basal,-0.31902653144408305
PRMT6,basal,-0.021655222635111302
PRMT7,basal,-0.24310760095110434
PRNP,basal,1.5294066684141394
PROC,basal,-0.5920112383620495
PROCR,basal,-0.2778992790007767
PRODH,basal,-0.2651463628910245
PROM1,basal,1.5833421181892051
PROM2,basal,-0.8265164673053059
PROS1,basal,0.1298383587537182
PROZ,basal,-0.3757541100881804
PRPF18,basal,1.2076634025788104
PRPF19,basal,0.06239174419114592
PRPF3,basal,1.1819295430096461
PRPF31,basal,0.24273477804829552
PRPF38A,basal,1.3856646148683187
PRPF38B,basal,0.5805277006597487
PRPF39,basal,-0.4748940868523125
PRPF4,basal,0.10429195704094
PRPF40A,basal,0.41986875409601726
PRPF40B,basal,-0.4152131157408881
PRPF6,basal,-0.5366425667077778
PRPF8,basal,0.34964310590770703
PRPH,basal,0.15602971262133228
PRPS1,basal,0.15696432003617586
PRPS2,basal,0.8606613761301299
PRPSAP1,basal,0.7700436215834386
PRPSAP2,basal,0.621635750503369
PRR11,basal,0.9958681691330049
PRR12,basal,-0.7933494514888672
PRR13,basal,-1.4853310706114295
PRR14,basal,-0.17316843651706976
PRR15,basal,-3.690196341390688
PRR15L,basal,-1.8694712421616488
PRR5,basal,0.3448255665130283
PRRC1,basal,-1.0510543913403192
PRRX1,basal,-0.32975629724881833
PRRX2,basal,0.44847495505839186
PRSS1,basal,0.2339931519978022
PRSS22,basal,-0.12394174515076159
PRSS23,basal,-1.2612931760561754
PRSS3,basal,1.604105906172125
PRSS8,basal,-0.35498669887406015
PRTFDC1,basal,1.8743308604042208
PRTN3,basal,-0.7072657114374458
PSAP,basal,-0.008417438131333109
PSAT1,basal,2.4675332298189177
PSD3,basal,-0.7227283846993365
PSD4,basal,-1.046725973349115
PSEN1,basal,-1.1684505931628986
PSEN2,basal,-0.619478105905968
PSIP1,basal,1.1282021423739004
PSMA1,basal,0.28715603822471664
PSMA2,basal,0.5171890849504822
PSMA3,basal,0.1887825877255406
PSMA4,basal,0.7456879899714247
PSMA5,basal,0.5874767727321936
PSMA6,basal,-0.29224870786592655
PSMA7,basal,0.8290773293674539
PSMB1,basal,0.4304980462021598
PSMB10,basal,0.28215626169990016
PSMB2,basal,1.6986538418344164
PSMB3,basal,0.13851897382821007
PSMB4,basal,1.3724951884221117
PSMB5,basal,0.3334073391589773
PSMB6,basal,0.40162288660744544
PSMB7,basal,0.5206536499241481
PSMB8,basal,0.2936837045570141
PSMB9,basal,0.5607201472424308
PSMC1,basal,0.3836055259953899
PSMC2,basal,1.0070301728969522
PSMC3,basal,0.6480525038857861
PSMC3IP,basal,0.5366604446821107
PSMC4,basal,0.5782637187804793
PSMC5,basal,-0.41703959966766546
PSMC6,basal,-0.688233261286022
PSMD1,basal,0.32927301791679187
PSMD10,basal,0.27131794547075305
PSMD11,basal,0.3342453773008263
PSMD12,basal,0.41333859674947143
PSMD13,basal,0.4313642501622041
PSMD14,basal,0.8289931080343442
PSMD2,basal,0.8613013821145336
PSMD3,basal,-0.2716453126328432
PSMD4,basal,0.641844220617194
PSMD5,basal,-0.4690957845119615
PSMD6,basal,-0.16171403308849067
PSMD7,basal,1.1773174987984625
PSMD8,basal,0.5043430151521463
PSMD9,basal,-0.1877264803476497
PSME1,basal,-1.1034615433549826
PSME2,basal,-0.044565261270526915
PSME3,basal,0.1605562545635885
PSME4,basal,1.7456288664577697
PSMF1,basal,-0.2981525084602368
PSMG1,basal,1.6423142252475766
PSMG2,basal,0.7222223387747034
PSMG3,basal,0.893966723154523
PSMG4,basal,1.1528439230125676
PSPC1,basal,0.3320134929763971
PSPH,basal,0.8658729401198122
PSTPIP1,basal,0.5052057476177984
PSTPIP2,basal,0.6627208931373081
PTAR1,basal,0.3137480685713898
PTBP1,basal,0.486072714024875
PTBP2,basal,0.9006723306341079
PTCD2,basal,-1.4377059961028609
PTCD3,basal,0.7732725272996543
PTDSS1,basal,1.3510692468346186
PTDSS2,basal,-0.15843591484967562
PTEN,basal,-1.1069624893692327
PTER,basal,-0.37773647626996043
PTGDS,basal,0.08932477309309608
PTGES,basal,-0.3327054925051199
PTGES2,basal,0.3981549559294924
PTGES3,basal,-0.40605473668105246
PTGFRN,basal,0.1297176842175342
PTGIS,basal,0.3027913467209166
PTGR1,basal,-0.822030037081077
PTGR2,basal,-1.389132881528778
PTGS1,basal,-0.20094553923919214
PTGS2,basal,1.2432827911590816
PTK2,basal,0.4694673005431623
PTK2B,basal,-0.011931163413298924
PTK6,basal,-1.2838269530285629
PTK7,basal,1.0955563597052163
PTMA,basal,1.1484547067627293
PTMS,basal,0.027848117034129136
PTN,basal,-0.21884862492718643
PTOV1,basal,-0.4624345646115716
PTP4A1,basal,0.3566460009010738
PTP4A2,basal,-1.2123419177980241
PTP4A3,basal,0.866633457512028
PTPDC1,basal,-0.32548292896770853
PTPMT1,basal,0.19420183270878316
PTPN1,basal,-0.7562908125648762
PTPN11,basal,0.11557315293495114
PTPN12,basal,0.7458862044650475
PTPN13,basal,-0.7969583637008573
PTPN14,basal,1.088979864781771
PTPN18,basal,-0.269810520106563
PTPN2,basal,1.7857096709483855
PTPN23,basal,-0.4286337649040902
PTPN3,basal,-0.22600629114493587
PTPN6,basal,-0.19284562822049503
PTPN7,basal,0.42123175589828044
PTPN9,basal,-0.08618027026916004
PTPRA,basal,-1.0433924408917565
PTPRC,basal,0.19615723052629824
PTPRE,basal,-0.4278988924948675
PTPRF,basal,0.6897336766570727
PTPRG,basal,-0.8124391883072968
PTPRJ,basal,-0.05749236804817587
PTPRK,basal,0.839265393426688
PTPRM,basal,-0.5909421297115802
PTPRS,basal,-0.01580167753026352
PTPRU,basal,0.1963341299618674
PTPRZ1,basal,0.953107414835938
PTRH1,basal,-0.9027691874260961
PTRH2,basal,0.006749197174447207
PTS,basal,0.8528409785359357
PTX3,basal,1.9831954305456263
PUF60,basal,0.7977538575347998
PUM1,basal,0.13547331741341223
PUM2,basal,0.019977628149536332
PURA,basal,-0.9229563711873972
PURB,basal,0.026669065614348144
PUS1,basal,0.877840436973186
PUS10,basal,0.7184540574198629
PUS3,basal,0.7138881796046341
PUS7,basal,1.6979670665984505
PUS7L,basal,-0.5170531856742293
PUSL1,basal,0.7710621500120834
PVALB,basal,-0.9435408885415848
PVR,basal,1.8692694698509174
PWP1,basal,0.5937905078772681
PWP2,basal,1.2483305647904013
PWWP2A,basal,-1.0925892301017568
PWWP2B,basal,-0.2651443479960147
PXDN,basal,0.22666801813683812
PXK,basal,-0.8355286675251192
PXMP4,basal,-1.0015660344601955
PXN,basal,-0.6535944860931427
PYCARD,basal,-0.6461949784322313
PYCR1,basal,0.34008150792158537
PYCR2,basal,-0.4165966494483005
PYDC1,basal,-0.2998415842489964
PYGB,basal,0.9057314917589415
PYGL,basal,-0.3691902794492769
PYGM,basal,-0.26713753715711475
PYGO2,basal,0.05285042909025669
PYHIN1,basal,0.3542618931218585
PYROXD1,basal,0.3834543952506424
PYROXD2,basal,-0.16305366249065037
PZP,basal,0.560037346277281
QDPR,basal,-0.9604153166029615
QKI,basal,1.1745904198782893
QPCT,basal,0.925484035403917
QPCTL,basal,0.617646695657408
QPRT,basal,-0.08496843876304024
QRICH1,basal,-1.0309824828144394
QRSL1,basal,0.7254856416594687
QSER1,basal,0.9101935935165874
QSOX1,basal,-0.06666282940980671
QSOX2,basal,1.2163864659217642
QTRT1,basal,0.1560118528486496
R3HCC1,basal,-0.12042330639339842
R3HDM1,basal,1.376717655915414
R3HDM2,basal,-0.9173051224554456
RAB10,basal,0.2964308803658827
RAB11B,basal,0.22487844966174367
RAB11FIP1,basal,-1.0289313209599482
RAB11FIP2,basal,-0.48345564399212326
RAB11FIP3,basal,-1.5396683839212482
RAB11FIP4,basal,-0.604657048552519
RAB11FIP5,basal,-0.45933275930968415
RAB12,basal,1.3398432681525618
RAB13,basal,0.02601906350729076
RAB14,basal,-0.9893664384419669
RAB17,basal,-2.2956766523802745
RAB18,basal,-0.6734006782230529
RAB19,basal,-1.713337033527462
RAB1A,basal,0.4937203686271103
RAB1B,basal,-0.8519704343167078
RAB20,basal,-0.07298295354229228
RAB21,basal,-0.8555957359701188
RAB22A,basal,-0.2214465829678063
RAB23,basal,0.7151668974595019
RAB24,basal,-0.6154697261315525
RAB25,basal,-0.16000955589031912
RAB27A,basal,0.23807198663431442
RAB27B,basal,-2.0818486085246732
RAB28,basal,-0.22509850642381926
RAB2A,basal,0.002887219676830386
RAB2B,basal,-0.5914658529550249
RAB30,basal,-1.6275936588214142
RAB31,basal,-1.0192806201676061
RAB32,basal,0.5403938988367187
RAB33B,basal,-0.8605065098007927
RAB34,basal,0.013400200416925441
RAB35,basal,0.19439818605385917
RAB38,basal,-0.12118814744904369
RAB3A,basal,-1.036161308827384
RAB3D,basal,-1.0489759156362206
RAB3GAP1,basal,-0.22383767632151946
RAB3GAP2,basal,-0.34651572669113023
RAB3IL1,basal,0.35826131939028616
RAB3IP,basal,-0.5633535927258108
RAB40C,basal,-1.1095689023502122
RAB43,basal,0.14013071742554248
RAB4A,basal,0.49426517539127157
RAB4B,basal,-0.6532333619277847
RAB5A,basal,-0.236563705159348
RAB5B,basal,-2.1812045939970184
RAB5C,basal,-1.3875398201499296
RAB6A,basal,0.22863254251461704
RAB6B,basal,1.1774995989277512
RAB7A,basal,0.10667362604584973
RAB8A,basal,-0.11331918252128408
RAB8B,basal,-0.3281151905716954
RAB9A,basal,0.7462139945449352
RABAC1,basal,-0.1413428451419024
RABEP1,basal,-2.2473544140127553
RABEP2,basal,-0.7614824894259952
RABEPK,basal,-0.6432676278153783
RABGAP1,basal,-0.28151498466148833
RABGAP1L,basal,0.24740204895290724
RABGGTA,basal,-0.32023438563478357
RABGGTB,basal,0.2022141828705825
RABIF,basal,0.02417013729899255
RABL2B,basal,-0.341311464829384
RABL3,basal,-1.6299735887974172
RAC1,basal,-0.04940598444596267
RAC2,basal,0.15821833004023875
RAC3,basal,0.3744857068077004
RACGAP1,basal,0.6430313801356657
RAD1,basal,0.15800563406710383
RAD17,basal,-1.4753302500942087
RAD18,basal,0.4189266096163498
RAD21,basal,0.5772995705960143
RAD23A,basal,0.6608358406103225
RAD23B,basal,-0.20154995286730706
RAD50,basal,-1.5160760394655606
RAD51,basal,1.062993447030334
RAD51AP1,basal,1.5924475842987527
RAD51C,basal,-0.29753155431900263
RAD54B,basal,0.8381969098984661
RAD54L2,basal,0.2692814554741101
RAD9A,basal,0.16225879066586402
RAE1,basal,0.0006732834326795697
RAF1,basal,0.5463565238021459
RAI1,basal,-0.41409543631336726
RAI14,basal,0.6652287413474861
RALA,basal,0.16254885988073947
RALB,basal,-0.9178949906636288
RALBP1,basal,0.746867520577729
RALGAPA1,basal,-1.9795874557098792
RALGAPA2,basal,-0.6490552367783132
RALGAPB,basal,-1.0566722322753617
RALGPS2,basal,-2.413514457194489
RALY,basal,0.676647087007662
RAN,basal,0.9414814397364449
RANBP1,basal,1.6685879545080369
RANBP10,basal,0.07915344114959125
RANBP2,basal,0.15605469473311187
RANBP3,basal,0.07066395020165141
RANBP6,basal,-0.16583592105729109
RANBP9,basal,-0.054953527709942204
RANGAP1,basal,0.9010193654473901
RANGRF,basal,-0.2337230343617295
RAP1A,basal,0.35184045266510244
RAP1B,basal,-0.3519766073826766
RAP1GAP,basal,-0.43977580009733147
RAP1GAP2,basal,0.29637101373002733
RAP1GDS1,basal,-0.4647768926426394
RAP2B,basal,1.5376690330305414
RAP2C,basal,-0.7224421061954792
RAPGEF1,basal,0.42102541998815834
RAPGEF2,basal,-0.08382841942369641
RAPGEF4,basal,-0.7498756927343139
RAPGEF6,basal,-1.0378912399821678
RAPH1,basal,-0.31479379723202827
RARA,basal,-2.203315620345068
RARRES1,basal,1.8040757680555797
RARRES2,basal,-0.15739050680875866
RARS2,basal,0.556567465625633
RASA1,basal,-1.0823205715363156
RASA2,basal,0.5667707445955484
RASA3,basal,0.05621393705754762
RASA4,basal,-0.20400384591430304
RASAL1,basal,1.7530845309602905
RASAL2,basal,0.8380532057460031
RASAL3,basal,0.04958582013632061
RASEF,basal,-1.6714288488294637
RASGRF2,basal,-0.7455227731516115
RASGRP2,basal,0.20663435100579297
RASIP1,basal,0.24207833883840052
RASL12,basal,0.25581530842985906
RASSF1,basal,0.17132941998677312
RASSF2,basal,0.5115505055604167
RASSF3,basal,-0.11152710001981427
RASSF4,basal,1.3373812269535346
RASSF5,basal,0.3202232989505489
RASSF7,basal,-0.1814838946867798
RASSF8,basal,-0.5094589976884829
RAVER1,basal,0.724686707659365
RAVER2,basal,1.0631465951463999
RB1,basal,-1.2664542991819896
RB1CC1,basal,0.4045251264791179
RBAK,basal,-0.13705368092489656
RBBP4,basal,0.3176004885121994
RBBP5,basal,-0.1889072197023649
RBBP6,basal,0.13665705815509954
RBBP7,basal,-0.18229381125585756
RBBP8,basal,-0.023041244587877638
RBBP9,basal,0.03412537341783161
RBCK1,basal,-0.7281245941037359
RBKS,basal,-1.625432852541669
RBL1,basal,0.8646882417466744
RBL2,basal,-0.7551488095887323
RBM10,basal,0.3267735148794773
RBM12,basal,-0.5131367148847232
RBM12B,basal,-0.07417893131328718
RBM14,basal,0.4715856087157069
RBM15,basal,1.0605748345798454
RBM15B,basal,-0.12814836476001415
RBM17,basal,2.104820328524884
RBM18,basal,-0.9717597649719381
RBM19,basal,-0.07850047299831439
RBM22,basal,-1.0680238025253863
RBM23,basal,-0.6694679762838253
RBM25,basal,-0.020813788370168385
RBM26,basal,0.06490576962585237
RBM27,basal,-0.7556401378311999
RBM28,basal,1.7696659993994763
RBM3,basal,-0.6548856246341143
RBM33,basal,0.703443110805317
RBM34,basal,1.1643092915212196
RBM38,basal,1.7541151208643526
RBM39,basal,-0.9121378765914033
RBM4,basal,-0.15399212539627843
RBM41,basal,0.03201346814453147
RBM42,basal,0.6979328980358055
RBM45,basal,-0.6654479080336567
RBM47,basal,-2.1667954060708117
RBM4B,basal,-0.04538016768120569
RBM5,basal,-1.0228410587988281
RBM6,basal,-0.37567641809338637
RBM7,basal,0.7406973219012747
RBM8A,basal,0.8485144730148579
RBMS1,basal,1.3290798866634335
RBMS2,basal,0.007982347318489097
RBMS3,basal,-0.5796558414030721
RBMX,basal,0.4188494697157994
RBMX2,basal,0.5411841033810795
RBMXL1,basal,0.5437875979711942
RBP1,basal,0.8011683391451271
RBP4,basal,-0.0068381624308012515
RBP5,basal,-0.23496012180212686
RBP7,basal,0.3033968086624625
RBPJ,basal,0.2519671932771836
RBPMS,basal,-0.6194127552747001
RBX1,basal,0.49821785602295965
RC3H1,basal,-0.0830133706792214
RC3H2,basal,0.029563777604224083
RCAN1,basal,1.212608936389016
RCAN3,basal,0.6306819090803429
RCBTB2,basal,-0.15879568890750267
RCC1,basal,1.1116370451065727
RCC2,basal,1.5457954726969616
RCCD1,basal,1.2065703638201102
RCHY1,basal,-0.4316266346364122
RCL1,basal,0.8748208344481633
RCN1,basal,1.2069155557324318
RCN2,basal,1.0525536554349197
RCN3,basal,0.40176369807616424
RCOR1,basal,-0.10526048663346108
RCOR2,basal,1.7576108426128738
RCOR3,basal,-0.8962174309318769
RCSD1,basal,0.7381538424324693
RDH10,basal,1.5301963434423693
RDH11,basal,-0.4685299520035299
RDH13,basal,-0.027738619346115767
RDH14,basal,-0.06640958054088851
RDH16,basal,-0.7258494632655905
RDX,basal,1.1729209781956433
RECK,basal,-0.24727444360878326
RECQL,basal,0.474067617568511
RECQL5,basal,-0.3134344825724346
REEP3,basal,-0.20534580023039076
REEP4,basal,0.5444763395299151
REEP5,basal,-2.23088470347902
REEP6,basal,-2.510966476081931
REL,basal,-0.3801507418642987
RELA,basal,0.40767274819332233
RELB,basal,1.2126069972060491
RELL1,basal,-0.7579255407748549
REM1,basal,0.6972169238360345
REM2,basal,-0.9036686942626643
RENBP,basal,0.4682318864888503
REPIN1,basal,-0.44895655847234656
REPS1,basal,1.0169895250445204
REPS2,basal,-1.3853372527155678
RER1,basal,-0.24261638196911706
RERE,basal,-1.0792318226774036
RERG,basal,-1.6779172779587614
REST,basal,-0.4582764212297022
RETN,basal,0.4912428511733927
RETSAT,basal,-1.50847797218777
REXO1,basal,0.18262967662769258
REXO2,basal,1.2671504328787773
REXO4,basal,0.494119910184168
RFC1,basal,-0.27399788311178425
RFC2,basal,1.267781565850673
RFC3,basal,0.9363569634149757
RFC4,basal,1.6335107867374035
RFC5,basal,0.3372130825521029
RFESD,basal,-0.1348480203717326
RFFL,basal,-0.2435260457604629
RFK,basal,-0.24161455109003557
RFT1,basal,-0.08970442627056806
RFTN1,basal,0.10006542346298428
RFX1,basal,-0.3201103471046722
RFX3,basal,0.4213337641476605
RFX5,basal,0.536618333441004
RFXANK,basal,0.4042155960027997
RFXAP,basal,0.680871637985251
RGL2,basal,-1.065693249175755
RGN,basal,0.8923012543454538
RGP1,basal,-0.06481904304736978
RGS10,basal,0.7688115254210064
RGS12,basal,-0.9067480973951035
RGS14,basal,-0.2300452323609055
RGS19,basal,0.43757220278326997
RGS3,basal,-0.4124744339212427
RHBDD1,basal,-0.9176374871970342
RHBDD2,basal,-0.36115388292527867
RHBDD3,basal,0.07439838730302485
RHBDF1,basal,-0.6426566672415125
RHBDF2,basal,1.6176240456083109
RHEB,basal,1.509276361666496
RHOA,basal,-0.6435170912291016
RHOB,basal,-2.815685151013372
RHOC,basal,-0.9242690022666937
RHOF,basal,0.6941784441355459
RHOG,basal,0.56288628619683
RHOH,basal,-1.398140311864865
RHOT1,basal,-0.7748637281445409
RHOT2,basal,-0.8385506121232383
RHPN2,basal,0.1674900003777634
RIC8A,basal,-0.6346570513454319
RIC8B,basal,-0.5195035574770279
RICTOR,basal,-0.5569362437478441
RIF1,basal,0.42720728160426924
RILP,basal,0.5669866050195698
RILPL1,basal,-0.10793316370969086
RILPL2,basal,-0.6763038296704466
RIN1,basal,-0.22359243948521274
RIN2,basal,-0.45557963553257985
RIN3,basal,1.378575483750937
RING1,basal,-0.041632119892675484
RINL,basal,0.14668991317480562
RINT1,basal,0.8338103249284535
RIOK1,basal,2.154352890142861
RIOK2,basal,-1.2946631745849406
RIOK3,basal,1.0694722612514587
RIPK1,basal,-0.5844827084430764
RIPK2,basal,1.7832343658824428
RIPK3,basal,-1.1401883674953905
RIT1,basal,0.36635918759325764
RLF,basal,0.9727821014527052
RLIM,basal,0.2586191600290021
RMI1,basal,-0.0756653729227813
RMND1,basal,-1.0477305320437407
RMND5A,basal,0.3300806579998177
RNASE1,basal,0.5150751051079259
RNASE2,basal,0.6154959554386714
RNASE3,basal,0.43936468518311467
RNASE4,basal,-1.6626804263702384
RNASE6,basal,-0.13321973669626866
RNASEH1,basal,1.7656854443834822
RNASEH2A,basal,0.8774846310939125
RNASEH2B,basal,0.4519972641255899
RNASEH2C,basal,-0.0019696507909673887
RNASEL,basal,-1.5699575684874865
RNASET2,basal,0.06498266322499974
RND3,basal,0.9658156657436474
RNF10,basal,-0.7670841495302309
RNF11,basal,-0.38443516640272085
RNF113A,basal,0.16842500335851018
RNF114,basal,0.34373022263493364
RNF115,basal,-0.0035960982296168917
RNF121,basal,0.10361132290534454
RNF123,basal,-1.103265431064435
RNF126,basal,0.39940042272508014
RNF135,basal,-1.0460509905393987
RNF138,basal,1.4186838914187783
RNF14,basal,-1.3934693214073728
RNF141,basal,-1.2765255570927123
RNF146,basal,0.08898778763386925
RNF149,basal,0.29712836276308907
RNF166,basal,1.1294935569691429
RNF167,basal,-0.20195492498974554
RNF168,basal,0.3064078565618297
RNF169,basal,0.06033431024932329
RNF170,basal,-0.5461220565232305
RNF181,basal,-0.25995803976618265
RNF185,basal,-0.4870717916400411
RNF2,basal,-0.05408127291654966
RNF20,basal,-0.5913093068621621
RNF213,basal,-0.48395056613675075
RNF214,basal,0.5688799512908082
RNF216,basal,0.4743223994836934
RNF220,basal,1.2245900315959446
RNF25,basal,-0.8359646689840643
RNF31,basal,-0.5865654951468025
RNF34,basal,-0.44448892563252484
RNF4,basal,-0.5870988561852519
RNF40,basal,-0.847430598099304
RNF41,basal,-0.913162683605704
RNF5,basal,0.13071157036597925
RNF7,basal,0.2038943439241512
RNGTT,basal,0.8607354296032642
RNH1,basal,-0.5687524784347637
RNLS,basal,-0.5910463511272842
RNMT,basal,0.5889381908823061
RNPC3,basal,0.020419729405433632
RNPEP,basal,-0.8754401763092576
RNPS1,basal,0.5737398214385394
ROBO1,basal,0.4332794843316226
ROCK1,basal,-0.11023579107461984
ROCK2,basal,0.5594046336007467
ROGDI,basal,-1.5962067013122185
ROMO1,basal,0.02847528835423743
RP2,basal,-0.5414525259663936
RP9,basal,1.1720124509491219
RPA1,basal,0.9275014519974589
RPA2,basal,0.5460696594732289
RPA3,basal,-0.3220946870962511
RPAIN,basal,0.2394778291899395
RPAP1,basal,-0.27098410365711956
RPAP2,basal,0.6580919106065982
RPAP3,basal,-0.7195568012856741
RPE,basal,0.4431917114448651
RPF1,basal,-0.28402470852975575
RPF2,basal,1.394302639816165
RPGRIP1L,basal,-0.13537156691255212
RPIA,basal,2.0529048734695055
RPL10,basal,0.022930653521829884
RPL10A,basal,0.1125927845143773
RPL11,basal,0.40460284289728715
RPL12,basal,0.18345067678874952
RPL13,basal,0.7441517352314199
RPL13A,basal,-0.09425967798224963
RPL14,basal,0.05913607588028726
RPL17,basal,0.2753188806317361
RPL18,basal,0.1561501168078108
RPL18A,basal,0.7592783282053676
RPL19,basal,-0.15475384718561844
RPL21,basal,0.40030227416443237
RPL22,basal,0.15276585724463337
RPL22L1,basal,0.7311752190453457
RPL23,basal,-0.0763893953575129
RPL23A,basal,-0.20666930387781865
RPL24,basal,0.44884271599059866
RPL26,basal,0.17857610348843914
RPL26L1,basal,-0.22570064683273028
RPL27,basal,0.2953321073269569
RPL27A,basal,0.5273190126132791
RPL28,basal,0.16414806457649578
RPL3,basal,-0.0761528175893569
RPL30,basal,0.6532216895915821
RPL31,basal,0.3655846185953828
RPL32,basal,0.3147184854238706
RPL35,basal,0.2995270173109047
RPL35A,basal,0.7287070318160556
RPL36,basal,0.3929502350382909
RPL36A,basal,0.8600149960751757
RPL36AL,basal,-0.7343446221614776
RPL37,basal,0.6007387775855005
RPL37A,basal,0.3356862356617652
RPL38,basal,0.46993846576240295
RPL39,basal,0.6524013829728735
RPL4,basal,0.46113542619688586
RPL5,basal,0.8815873566739127
RPL6,basal,0.22970758343714337
RPL7,basal,0.4453811387570808
RPL7A,basal,-0.1141233311484024
RPL7L1,basal,0.9229875763192339
RPL8,basal,0.5251986947719118
RPL9,basal,-0.006041295642536488
RPLP0,basal,0.3113027879215256
RPLP1,basal,0.03805052377455054
RPLP2,basal,0.5421761312591576
RPN1,basal,1.0405057826337394
RPN2,basal,0.2041203319503916
RPP14,basal,-0.25030952875687457
RPP21,basal,0.9465332835955714
RPP25,basal,0.9522049550236473
RPP30,basal,0.3043523007689627
RPP38,basal,1.4894261291610533
RPP40,basal,1.2885672673803537
RPRD1A,basal,0.04819194257156601
RPRD1B,basal,-0.4988244943512974
RPRD2,basal,0.017040886185255632
RPS10,basal,0.9062579791330854
RPS11,basal,0.2894636925497535
RPS12,basal,0.8291981649549873
RPS13,basal,0.12150424393139456
RPS14,basal,-0.33959919667340904
RPS15,basal,-0.2787257360901301
RPS15A,basal,0.18512723332097797
RPS16,basal,0.8933691279260744
RPS17,basal,0.6647265385357277
RPS18,basal,0.6742247941649058
RPS19,basal,1.087519364485342
RPS19BP1,basal,0.8854445782205153
RPS2,basal,0.3287586100038061
RPS20,basal,0.8248578947086743
RPS21,basal,0.5863436035144372
RPS23,basal,-0.38282318354852174
RPS24,basal,0.35449370021865984
RPS25,basal,0.5931587181327511
RPS27A,basal,1.3889385599398023
RPS27L,basal,-0.9378639468788338
RPS28,basal,0.07097531663572261
RPS29,basal,0.13565152235088274
RPS3,basal,0.4709438330763831
RPS3A,basal,-0.11617305566706572
RPS4X,basal,-0.09655175272478472
RPS5,basal,-0.060784661958827466
RPS6,basal,0.6171101754488123
RPS6KA1,basal,0.5876622941190204
RPS6KA3,basal,0.9727537020021019
RPS6KA4,basal,0.7204002523426501
RPS6KA5,basal,-1.2815659772091514
RPS6KB1,basal,-0.7065721199867947
RPS6KB2,basal,0.4727260404706921
RPS6KC1,basal,-0.05425226755777426
RPS7,basal,1.3935586744756185
RPS8,basal,0.6184345307423098
RPS9,basal,0.17241415249218306
RPTOR,basal,-0.2469231130395169
RPUSD2,basal,0.0011845881686607797
RPUSD3,basal,1.52354306746939
RPUSD4,basal,0.36380264115654104
RRAGA,basal,0.13156342473762292
RRAGB,basal,-0.5541233839933708
RRAGC,basal,0.5604605611151546
RRAGD,basal,1.3945587500454595
RRAS,basal,-0.10546497291087716
RRAS2,basal,1.137831684356798
RRBP1,basal,0.6180192721368571
RREB1,basal,-0.9785966143105704
RRM1,basal,0.17954934257930383
RRM2,basal,0.8204326968938157
RRM2B,basal,-0.7814161362002251
RRN3,basal,-0.8057670243802321
RRP1,basal,1.5541929311069
RRP12,basal,0.44959595220700765
RRP15,basal,0.2229596405580398
RRP1B,basal,1.929231765774296
RRP7A,basal,0.9591598411596705
RRP8,basal,-0.5737930708554465
RRP9,basal,0.6765090816374801
RRS1,basal,0.47780644308117826
RSAD1,basal,-1.011480758202579
RSAD2,basal,0.2101379147451917
RSBN1,basal,-0.23120557811089243
RSBN1L,basal,-0.49911421893722696
RSF1,basal,-0.0016009842274918994
RSL1D1,basal,-0.0430142973463717
RSL24D1,basal,-0.28349406573142943
RSPH1,basal,-1.8844253507676685
RSPRY1,basal,-0.32727693892398313
RSRC1,basal,0.3354236617920594
RSRC2,basal,-0.4899129786441169
RSU1,basal,1.8265492915553185
RTEL1,basal,-0.6152356089697819
RTF1,basal,-1.1711491228383701
RTKN,basal,1.3352142430468892
RTN1,basal,-0.6451838168279549
RTN2,basal,-1.294565623307685
RTN3,basal,-0.15416038827501516
RTN4,basal,-0.4623005066977827
RTN4IP1,basal,0.809203093383659
RTP4,basal,0.5648618288203954
RTTN,basal,0.26933354776642904
RUFY1,basal,-0.7105389227490766
RUFY2,basal,-0.9392949847507438
RUFY3,basal,-0.07593811982924567
RUNDC1,basal,-2.1241805225695454
RUNX1,basal,-0.6833646249210246
RUNX2,basal,-0.3740504042968812
RUNX3,basal,1.3567967835885801
RUSC1,basal,-0.15254740716524093
RUVBL1,basal,0.7248264551819553
RUVBL2,basal,0.15932168665302848
RWDD1,basal,0.027527112219713174
RWDD2B,basal,0.5488218627755269
RXRA,basal,-1.0439102529039093
RXRB,basal,0.6112812937419805
RYR2,basal,0.45705943328223547
RYR3,basal,1.3455108538503704
S100A1,basal,1.041834815931907
S100A10,basal,0.9600366796329758
S100A11,basal,0.9290547498336099
S100A12,basal,0.6251607238480207
S100A13,basal,-0.14508138855077277
S100A14,basal,-0.3775913146465648
S100A16,basal,-0.03971742587622104
S100A2,basal,1.2273789822926509
S100A3,basal,1.111062728238352
S100A4,basal,0.6763557020523235
S100A6,basal,1.021170377109754
S100A7,basal,0.47363350131929405
S100A8,basal,1.0658446408442117
S100A9,basal,0.9657862625917255
S100B,basal,1.6537493410403001
S100P,basal,0.007498912108019567
S100PBP,basal,-0.31940368431472516
SAAL1,basal,0.8174050080464478
SAC3D1,basal,0.6709728976975525
SACM1L,basal,-0.6935617001519692
SACS,basal,0.9828428404091832
SAE1,basal,0.5691903069034933
SAFB,basal,0.46890264616315536
SAFB2,basal,-0.16850023558694027
SALL2,basal,-1.4709598108199182
SAMD12,basal,-0.9630595439407866
SAMD4A,basal,0.2993775845018598
SAMD4B,basal,1.0068546822156457
SAMD9,basal,-0.18385870414384814
SAMD9L,basal,0.05777779598737092
SAMHD1,basal,0.0954794286189163
SAMM50,basal,0.20326021663318286
SAMSN1,basal,0.08768993794213725
SAP130,basal,0.5476991045035017
SAP18,basal,-0.5397436404103194
SAP30,basal,0.989884543533745
SAP30BP,basal,0.6311659725947694
SAP30L,basal,-1.2582687076155825
SAR1A,basal,-0.4199674149898444
SAR1B,basal,-1.4359966465996006
SARDH,basal,-0.8010936064985419
SARNP,basal,-0.13923672130060546
SARS2,basal,0.6783123838286956
SART1,basal,0.4718461685861353
SART3,basal,-0.10787766450466363
SASH1,basal,-0.28810053188734996
SASH3,basal,0.17179987549682027
SASS6,basal,0.9456290850978911
SAT2,basal,0.1447365406211764
SAV1,basal,0.7543125972067063
SBDS,basal,0.20270932980443582
SBF1,basal,0.7358703377720821
SBF2,basal,-0.28290180124419634
SBNO1,basal,-0.23987398228504267
SBNO2,basal,0.12740697851574953
SCAF1,basal,-0.15282635671118017
SCAI,basal,-0.29418991551881213
SCAMP2,basal,-0.8206382661164766
SCAMP3,basal,0.25507532518836395
SCAMP4,basal,-1.3429183653066206
SCAND1,basal,-0.270362454405692
SCAPER,basal,-0.3418289607551614
SCARB1,basal,1.1986476299565911
SCARB2,basal,-0.9446898961507615
SCARF1,basal,-0.12768173600819505
SCARF2,basal,-0.3810720368847785
SCCPDH,basal,-1.5231735871525405
SCD,basal,-0.7288436342159048
SCFD1,basal,-0.42283670839020254
SCFD2,basal,0.09352184202690811
SCG2,basal,-0.47868065190341935
SCGB1D2,basal,-1.1997496284532807
SCGB2A2,basal,-1.3237790432997645
SCGN,basal,-0.5312089432130408
SCHIP1,basal,1.9418612991400417
SCIN,basal,-0.5384887477052164
SCLT1,basal,1.528740393900581
SCLY,basal,-0.40272136075802195
SCMH1,basal,0.8149867163312036
SCML2,basal,1.209372095476645
SCN7A,basal,-1.4156198514395346
SCNM1,basal,1.4436641778528667
SCO1,basal,0.21929671437642148
SCO2,basal,0.4466299041020572
SCOC,basal,-0.7722481376766712
SCP2,basal,-0.8505405129781168
SCPEP1,basal,1.0304484247136534
SCRIB,basal,0.5640578640906045
SCRN1,basal,-0.14008820366460525
SCRN2,basal,-0.6937318811357283
SCRN3,basal,-1.1700314170932398
SCUBE2,basal,-2.332023757241434
SCUBE3,basal,0.5163593100139451
SCYL1,basal,0.336457875725651
SCYL2,basal,0.012090089982913223
SCYL3,basal,-0.7231429284085287
SDAD1,basal,0.08056806988467881
SDC1,basal,0.1716567394258597
SDC2,basal,0.3654778162336384
SDC4,basal,-0.7289745726523092
SDCBP,basal,0.6404721327017606
SDCBP2,basal,0.5314152665643597
SDCCAG8,basal,0.1357021885639579
SDF2,basal,-0.8386205509826202
SDF2L1,basal,0.28966471175719116
SDF4,basal,0.0537873270676628
SDHA,basal,0.1609039080720297
SDHAF1,basal,0.5960941611499823
SDHAF2,basal,0.10215192488266213
SDHB,basal,0.45298133167530213
SDHC,basal,0.0028135520425165528
SDR16C5,basal,-1.2132861843377276
SDR39U1,basal,-0.6112982682320531
SDS,basal,-0.31087070515721893
SDSL,basal,-1.2617889887792242
SEC11A,basal,0.11788454903764
SEC11C,basal,0.0016224979274194358
SEC13,basal,0.9366114292097596
SEC14L1,basal,0.5238959416222049
SEC14L2,basal,-0.93651445205751
SEC16A,basal,-1.9498165630075872
SEC22A,basal,0.3061616805108204
SEC23A,basal,-0.2596234210081724
SEC23B,basal,-0.6227516510780431
SEC23IP,basal,-1.0309421177523823
SEC24A,basal,-0.4882263589538094
SEC24B,basal,-0.5532304708817857
SEC24C,basal,-0.7235167204567002
SEC24D,basal,-0.7210191054690874
SEC31A,basal,-0.07456611418390012
SEC61A1,basal,0.8617036677426457
SEC61B,basal,0.44062831204776576
SEC62,basal,-0.9362215033990369
SEC63,basal,0.5230643922386498
SECISBP2,basal,-0.9575469121635947
SECISBP2L,basal,-0.45430875657003744
SEH1L,basal,1.593150608274687
SEL1L,basal,-1.2100247720192612
SELENBP1,basal,-1.338785375881295
SELL,basal,0.12394125071058691
SELP,basal,-0.4461361185419098
SEMA3C,basal,-1.6554606144793562
SEMA3F,basal,-1.988650585468468
SEMA4A,basal,0.3396497682611319
SEMA4B,basal,-1.0056923811682739
SEMA4C,basal,0.22680734443376063
SEMA4D,basal,0.87784321048581
SEMA7A,basal,0.715771695303778
SENP1,basal,0.005978161764506714
SENP2,basal,-0.09109974699390613
SENP6,basal,0.203724509500557
SENP7,basal,-0.8416953250607205
SENP8,basal,-0.6438572774929043
SEPHS1,basal,1.9598462816428641
SEPHS2,basal,-1.0474610359831384
SEPSECS,basal,-1.593002962274047
SERAC1,basal,0.6473002296746541
SERBP1,basal,2.0501816372378414
SERF2,basal,-0.541303905231099
SERGEF,basal,-0.2852727411172515
SERINC1,basal,-1.4222765000902917
SERINC3,basal,-1.0043900527473975
SERPINA1,basal,-0.33393011976741416
SERPINA10,basal,-0.3275033604132107
SERPINA3,basal,-0.3243204558477967
SERPINA4,basal,-0.7529108701925953
SERPINA5,basal,-1.3697912477079723
SERPINA6,basal,-0.9430293011323816
SERPINA7,basal,-0.10466336705447657
SERPINB1,basal,-0.9755304916473279
SERPINB10,basal,0.7257154248090789
SERPINB5,basal,1.565455035043807
SERPINB6,basal,-1.4186136224721355
SERPINB7,basal,1.188265784701725
SERPINB8,basal,0.9182951213209791
SERPINB9,basal,0.595271887169203
SERPINC1,basal,-0.6293336156714826
SERPIND1,basal,-0.2270219539561228
SERPINE1,basal,-0.37355346550098373
SERPINE2,basal,1.067955139475944
SERPINF1,basal,-0.4392515749998012
SERPINF2,basal,0.3411392790136832
SERPING1,basal,0.11739297415970329
SERPINH1,basal,0.9976888704154352
SERPINI1,basal,-0.9768338385525498
SESN1,basal,-1.0594594919656137
SESN3,basal,0.20015102961925352
SESTD1,basal,0.053763899166333326
SET,basal,0.5201480556746307
SETD1A,basal,0.0679210473313871
SETD1B,basal,-0.5928296407816442
SETD2,basal,-0.45877560528448874
SETD3,basal,-0.6506033032131128
SETD5,basal,0.45427559083183083
SETD6,basal,0.7730178564093553
SETD7,basal,-1.087593725001073
SETDB1,basal,0.705088655801346
SETMAR,basal,-0.2775149212204877
SETX,basal,-0.5323653876163842
SEZ6L2,basal,-0.13620175454735367
SF1,basal,0.4000044811440988
SF3A1,basal,0.18864583885203204
SF3A2,basal,0.40525615617384914
SF3A3,basal,1.6415809048708483
SF3B1,basal,-0.16395392258860195
SF3B2,basal,0.33900480902292557
SF3B3,basal,1.3671048628910112
SF3B4,basal,0.7447590498900651
SF3B5,basal,0.7316564612202299
SFMBT1,basal,-0.3721835111350377
SFN,basal,0.5976128993406428
SFPQ,basal,0.9927248748342034
SFRP1,basal,1.9325895766917602
SFRP2,basal,-0.8738084258117277
SFRP4,basal,-0.8477005269279858
SFT2D3,basal,0.4916714041980134
SFXN1,basal,-0.6057708891619892
SFXN2,basal,-1.2488586285694188
SFXN3,basal,-0.9229298638716587
SFXN4,basal,0.12442099138248118
SFXN5,basal,-1.1742575012706382
SGCB,basal,0.2516160130171974
SGCD,basal,-0.944327154327992
SGCE,basal,0.4391794671671733
SGK3,basal,-0.42765126876206017
SGPL1,basal,-0.7876189976632653
SGSH,basal,-0.658107309045361
SGSM2,basal,-0.6010018750772698
SGSM3,basal,0.28636190015257385
SGTA,basal,0.1019521722888454
SGTB,basal,0.26844434941664597
SH2B1,basal,0.015877297216623655
SH2D1A,basal,0.32829757003478527
SH2D2A,basal,1.462639925045428
SH2D3A,basal,0.1808955069543729
SH2D3C,basal,-0.2996634905123322
SH2D4A,basal,-0.4375943070329863
SH3BGR,basal,0.21576203085279858
SH3BGRL,basal,-1.2243395055645763
SH3BGRL2,basal,-0.4448822933702063
SH3BGRL3,basal,0.9062542788677593
SH3BP1,basal,1.5321265972447382
SH3BP2,basal,0.9797800356040564
SH3BP4,basal,-1.2202988735130764
SH3BP5,basal,0.3016794830491803
SH3BP5L,basal,0.4269880672067309
SH3D19,basal,-0.9637746151764142
SH3GL1,basal,0.4036336961205811
SH3GLB1,basal,0.6578556750723249
SH3GLB2,basal,-1.4181738262739911
SH3KBP1,basal,1.2281882762854397
SH3PXD2A,basal,-0.020825691989177324
SH3PXD2B,basal,0.7804618046789866
SH3RF1,basal,-0.7118491486982846
SH3TC1,basal,-0.4115122147761146
SH3YL1,basal,0.36457002694696156
SHARPIN,basal,0.02663572286206618
SHB,basal,0.2083356119958253
SHBG,basal,0.10143877873115052
SHC1,basal,-0.13490185004194966
SHCBP1,basal,1.0281659297084842
SHISA5,basal,-0.9272495919361153
SHKBP1,basal,0.32488531994819897
SHMT1,basal,0.12846034394196554
SHMT2,basal,1.0390446634547175
SHOC2,basal,-1.0198840820711124
SHPK,basal,-1.2172278134154553
SHPRH,basal,-0.15774441753758953
SHROOM1,basal,-1.0827394421337426
SHROOM2,basal,-0.959970569959708
SHROOM3,basal,-1.03040858121028
SHROOM4,basal,-0.3892916947314134
SIAE,basal,-0.824964657516589
SIAH1,basal,0.15663205355425355
SIAH2,basal,-1.0258810658692836
SIDT2,basal,-1.054654683874765
SIGIRR,basal,-1.5362382138499027
SIGLEC1,basal,0.1518393817164176
SIK2,basal,0.5270005623986922
SIK3,basal,-0.30983330734684195
SIKE1,basal,1.2552044751087905
SIL1,basal,-1.0318271488623068
SIN3A,basal,-0.9910526931401371
SIN3B,basal,0.47813154839586686
SIPA1,basal,0.2021333787574914
SIPA1L1,basal,0.04647621516951996
SIPA1L2,basal,0.19286891721460067
SIPA1L3,basal,-0.4420896085179902
SIRPA,basal,1.335272664785537
SIRT1,basal,-0.688164688992122
SIRT2,basal,0.643957676456186
SIRT3,basal,-1.1145466276768325
SIRT5,basal,0.6759688626652501
SIRT6,basal,0.0279720700677226
SIRT7,basal,0.5495029941374834
SIVA1,basal,0.23493581976783823
SIX1,basal,-0.3957377339635365
SIX4,basal,-0.3070760775246192
SIX5,basal,-0.14005040720044795
SKA1,basal,1.4962079705381526
SKA3,basal,1.3735738635196413
SKAP1,basal,-0.7892168316790095
SKAP2,basal,0.13277761021389767
SKIL,basal,-0.19470377543644596
SKP1,basal,-2.077593927960474
SLAIN2,basal,-0.6033231000865411
SLBP,basal,0.7301820118260252
SLC11A2,basal,0.08777190575250671
SLC12A2,basal,-0.7665091032206007
SLC12A4,basal,-0.0031746299276632617
SLC12A6,basal,0.08597406063983837
SLC12A7,basal,0.07618031415681892
SLC12A8,basal,0.7154867045930614
SLC12A9,basal,0.24176657963175416
SLC16A1,basal,1.5615531403928653
SLC16A3,basal,0.43469074268735797
SLC17A5,basal,0.24318942894157383
SLC1A1,basal,-0.8086096544907811
SLC1A4,basal,-1.3623304341707563
SLC1A5,basal,0.3763059621295886
SLC20A2,basal,0.0327636999484183
SLC25A1,basal,-0.09268704098359794
SLC25A10,basal,0.23777421974259746
SLC25A11,basal,0.16950418895374408
SLC25A12,basal,-0.022983019648186737
SLC25A13,basal,1.2786543115211335
SLC25A15,basal,0.41232617487513196
SLC25A16,basal,-1.0034059142261054
SLC25A17,basal,-0.21430857420353364
SLC25A18,basal,-0.8145567971459713
SLC25A19,basal,1.1147155327489813
SLC25A20,basal,-0.7996104378649489
SLC25A22,basal,0.22431542401058355
SLC25A24,basal,-0.6132994555628848
SLC25A25,basal,-0.5030635673722963
SLC25A29,basal,-0.40703204347981237
SLC25A3,basal,0.33593762936603655
SLC25A35,basal,-1.0223315619235984
SLC25A36,basal,0.13496051852690844
SLC25A4,basal,-0.497612248827685
SLC25A40,basal,-0.1706113944817382
SLC25A46,basal,-1.2035301087322996
SLC25A5,basal,0.7608048917173718
SLC27A1,basal,-0.9074508552804758
SLC27A2,basal,-1.3914939236312798
SLC27A3,basal,-0.7680051777725986
SLC27A4,basal,-0.6379766150474857
SLC2A1,basal,0.9344943505091544
SLC2A10,basal,-1.9072745799363713
SLC2A3,basal,0.3985676690962925
SLC30A1,basal,-0.7034312270010267
SLC30A5,basal,-1.2164733649363186
SLC30A6,basal,0.3704364798637541
SLC30A9,basal,-0.6264811922896144
SLC33A1,basal,0.2486394308746264
SLC34A2,basal,1.3401799269080488
SLC35A2,basal,0.32252908441117994
SLC35B2,basal,0.7967495900427867
SLC35B3,basal,-0.08469970441895842
SLC35E1,basal,-0.08823238309361661
SLC38A1,basal,-0.9160791262119808
SLC38A10,basal,-0.03941959467415941
SLC39A10,basal,-0.19911877605720044
SLC39A11,basal,-1.1336163244215443
SLC39A14,basal,0.781637222963135
SLC39A6,basal,-1.924360798145774
SLC39A7,basal,0.46378179291677796
SLC3A2,basal,0.6018266938850977
SLC44A1,basal,-0.7114448445553
SLC44A2,basal,0.7969437427841027
SLC44A4,basal,-3.507215339334535
SLC4A1,basal,-0.10195109847633316
SLC4A1AP,basal,1.0501859425468762
SLC4A2,basal,0.05108041108118275
SLC4A7,basal,-0.8600307478925425
SLC5A6,basal,1.4809050189563602
SLC7A1,basal,1.0485503657060398
SLC7A2,basal,-1.8299428328026877
SLC7A5,basal,1.7224523997776255
SLC7A6OS,basal,0.5231598571139124
SLC9A1,basal,-1.237916417521186
SLC9A7,basal,-0.13770781519857517
SLC9A9,basal,0.052825307083970964
SLCO2A1,basal,-0.7455839489616083
SLFN11,basal,0.4296590110027382
SLFN5,basal,0.2673044903830162
SLIT2,basal,-0.6795617316186812
SLIT3,basal,-0.9185036175740061
SLITRK6,basal,-0.7482485427971393
SLK,basal,-0.6626974906203109
SLMAP,basal,-0.8286684389198405
SLPI,basal,1.2776468266120666
SLTM,basal,-0.805718963793868
SLU7,basal,-1.2116193823180963
SMAD1,basal,-0.4571024539045623
SMAD2,basal,0.3509291107280395
SMAD3,basal,-0.950604953383688
SMAD4,basal,0.16764943609779
SMAP1,basal,1.0087485623587416
SMAP2,basal,-0.6568159309965177
SMARCA1,basal,-0.375709047055352
SMARCA2,basal,-0.14464984784202375
SMARCA4,basal,0.9365758917626287
SMARCA5,basal,-0.1845156305423394
SMARCAD1,basal,-0.3913732499949961
SMARCAL1,basal,0.19149905240458404
SMARCB1,basal,0.9459839197445252
SMARCC1,basal,0.47392118426650415
SMARCC2,basal,-1.1817506979724972
SMARCD1,basal,0.21693107167859224
SMARCD2,basal,-0.005410862879251936
SMARCD3,basal,-0.04731178067258124
SMARCE1,basal,-0.4618467445114965
SMC1A,basal,0.2993859557407156
SMC2,basal,0.6158340441924097
SMC3,basal,0.4475353102799733
SMC4,basal,1.1453767159225043
SMC5,basal,0.6346523342595062
SMC6,basal,1.1944349183428091
SMCHD1,basal,0.7268351428454524
SMCR8,basal,-0.7358447916939396
SMG1,basal,-0.296021959859957
SMG5,basal,1.5260916092959778
SMG6,basal,-0.5550548841124993
SMG7,basal,0.255721409993942
SMNDC1,basal,0.9889147816694532
SMOC1,basal,1.712514078447739
SMOC2,basal,-1.3245080740535953
SMPD1,basal,-0.8722272421767555
SMPD2,basal,-0.24487645785969192
SMPD4,basal,0.5718826955561823
SMPDL3A,basal,-0.32699291070482606
SMPDL3B,basal,0.875019729796988
SMS,basal,0.576832379366746
SMTN,basal,0.6195511035574923
SMU1,basal,0.21077701551579966
SMUG1,basal,-1.042013406191543
SMURF2,basal,0.8852682080804484
SMYD2,basal,1.0873424854972187
SMYD3,basal,-0.7186477338598816
SMYD4,basal,-0.08838104792946742
SMYD5,basal,0.718963468760108
SNAP23,basal,-1.4017148892977693
SNAP29,basal,-1.1288736000439445
SNAP47,basal,0.2704542561822134
SNAPC3,basal,0.2124469135057768
SNAPC4,basal,0.0708076345338753
SNAPC5,basal,-0.23948148802936653
SNAPIN,basal,-0.15685494910107872
SNCA,basal,-0.05273705299465478
SNCG,basal,-0.5315352059837575
SND1,basal,0.811378484873345
SNED1,basal,-1.5525362049784166
SNF8,basal,-0.37008348096358545
SNIP1,basal,-0.02189830995107871
SNRK,basal,-0.770715808432472
SNRNP200,basal,0.16179478875692532
SNRNP25,basal,-0.6281931267696298
SNRNP27,basal,-0.042132688072047
SNRNP35,basal,-0.781765316131106
SNRNP40,basal,0.5631520672233314
SNRNP48,basal,-0.002334215519830788
SNRNP70,basal,-0.12823439396566283
SNRPA,basal,1.391049133737039
SNRPA1,basal,1.4639936342181263
SNRPB2,basal,0.3876467744807779
SNRPC,basal,1.1919192545271073
SNRPD1,basal,1.4869504734918475
SNRPD2,basal,0.5681697218721719
SNRPD3,basal,0.5950313862217291
SNRPE,basal,0.3617502997905309
SNRPF,basal,0.6023369543138539
SNRPG,basal,1.2790302469242933
SNRPN,basal,-0.9940756730440358
SNTA1,basal,-0.24596869070009653
SNTB1,basal,0.9426290202412281
SNTB2,basal,-0.4778933055916778
SNUPN,basal,0.43040352792734865
SNW1,basal,-0.5273753937611828
SNX1,basal,-1.1501818166907278
SNX10,basal,-0.07135385233026635
SNX11,basal,-0.5905238422973622
SNX12,basal,0.20643885971135606
SNX13,basal,-0.7987098494887606
SNX14,basal,-0.9748260776510271
SNX15,basal,0.008950999363942945
SNX16,basal,0.47938339933847157
SNX17,basal,-0.11650539943831538
SNX18,basal,-0.4548619478422242
SNX2,basal,-0.8968564880751794
SNX20,basal,0.4624655844211448
SNX21,basal,-0.36501409580500016
SNX24,basal,-0.6267109733037854
SNX27,basal,-0.22254398029291075
SNX29,basal,-0.8532459058646564
SNX3,basal,0.8230028085542893
SNX30,basal,-0.7317797884809487
SNX33,basal,-0.7171729111687828
SNX4,basal,-0.12946735688328642
SNX5,basal,-0.005745002725684249
SNX6,basal,-0.2712935394133359
SNX7,basal,0.32781725984593335
SNX8,basal,1.0630563627013248
SNX9,basal,-1.0888393262509517
SOAT1,basal,0.8520151345420593
SOCS6,basal,-0.4921828214352684
SOD1,basal,-0.11336768139139874
SOD2,basal,1.6904892418187962
SOD3,basal,0.6662368784985411
SON,basal,-0.4279562362795432
SORBS1,basal,-0.10708320440898714
SORBS2,basal,0.4283060213496675
SORBS3,basal,-0.2969687299014107
SORCS2,basal,-0.824530787760857
SORD,basal,-1.350644079606862
SORL1,basal,-0.8608331265195738
SORT1,basal,0.3723028860757691
SOS1,basal,1.263870880335854
SOS2,basal,-0.48397288857682125
SOX10,basal,1.5704074898136655
SOX13,basal,-0.9785143979805018
SOX4,basal,0.8167300939684433
SOX9,basal,1.1819432126653042
SP1,basal,-1.240990104597879
SP100,basal,-0.28137891896114336
SP110,basal,-0.8069561540459379
SP140,basal,0.37227921142231135
SP140L,basal,-0.13715164990214998
SP2,basal,-0.5074497198346813
SP3,basal,-0.19064469097961306
SP4,basal,0.19609917816979688
SP6,basal,0.16681355196000217
SPA17,basal,-0.6574576788552589
SPAG1,basal,-0.6420515370932591
SPAG5,basal,0.6923641098238423
SPAG7,basal,-0.32816703220225013
SPAG9,basal,-0.052461026171202005
SPARC,basal,-0.8647335652226028
SPARCL1,basal,-1.104742222976004
SPAST,basal,0.9402838510553793
SPATA13,basal,-0.8810447391776823
SPATA18,basal,-0.6712102028754964
SPATA2,basal,-0.6555267554566826
SPATA20,basal,-1.845704613626244
SPATS2,basal,-0.16685438167123795
SPATS2L,basal,0.5416519063429831
SPC24,basal,0.9485819280348086
SPC25,basal,0.9028098153196024
SPCS1,basal,-1.1049552182502023
SPCS2,basal,-0.1042110772070804
SPCS3,basal,-0.42796886073984125
SPDEF,basal,-3.873230306298621
SPEF2,basal,-1.7796647438668072
SPEG,basal,1.2216331173894244
SPEN,basal,0.08076176778930316
SPG11,basal,-2.038784123265742
SPG21,basal,0.7302206743651272
SPG7,basal,0.39066996155409206
SPHK1,basal,1.0630858471794904
SPHK2,basal,-0.519457252417206
SPI1,basal,0.2531071410744233
SPIN1,basal,-0.09658389097179419
SPINT1,basal,-0.004208153910353525
SPINT2,basal,-0.09848751977003936
SPIRE1,basal,0.07841715228165519
SPN,basal,0.01704759082507278
SPNS1,basal,-0.03538612097983702
SPOCK2,basal,0.8111088870724902
SPOP,basal,-1.3387625243158785
SPP1,basal,0.39278337456391216
SPP2,basal,-0.09796939780801245
SPPL2A,basal,-0.734546035597341
SPR,basal,-1.061217302250924
SPRYD3,basal,-1.9711419713454723
SPRYD4,basal,-0.7014778398879379
SPTA1,basal,-0.04950820906786074
SPTAN1,basal,-0.3595380374378677
SPTB,basal,0.4463882817613609
SPTBN1,basal,0.6004024160476317
SPTBN2,basal,0.7938033817038282
SPTBN4,basal,-1.4551506295468621
SPTBN5,basal,-0.37231376536363775
SPTLC1,basal,-0.4828071816797786
SPTLC2,basal,-1.558372082859696
SPTY2D1,basal,-0.8773093205613064
SQLE,basal,0.32155303097609633
SQSTM1,basal,-0.6909404610094452
SRA1,basal,-0.575358273374629
SRBD1,basal,-0.5915194740670553
SRC,basal,0.7533610603746169
SRCAP,basal,-0.6441055394970026
SRCIN1,basal,-1.46829257268463
SRD5A3,basal,-0.30180976518544106
SREBF1,basal,-1.3504503825512537
SRF,basal,1.4381709625737285
SRFBP1,basal,-0.8723289218600414
SRGAP1,basal,-0.6939137031003624
SRGAP3,basal,-0.4056843435608099
SRGN,basal,0.4536620234161125
SRI,basal,-0.040781979706981775
SRM,basal,1.0468441284425427
SRP14,basal,-1.1001546464804148
SRP19,basal,-0.35709173643737097
SRP54,basal,-1.056816696154299
SRP68,basal,0.17662225429776435
SRP72,basal,0.22847387546199252
SRP9,basal,-0.3748879671877275
SRPK1,basal,2.1522030335084947
SRPK2,basal,-0.3281668556096336
SRPRB,basal,0.6334319995335794
SRPX,basal,-0.013124548466753538
SRPX2,basal,-0.7478095316005816
SRR,basal,-0.7580187044335116
SRRM1,basal,0.6865187325851906
SRRM2,basal,-0.8175491210850224
SRRT,basal,0.4187811922787509
SRXN1,basal,-0.6097542334092113
SS18,basal,0.34447786336498576
SS18L1,basal,0.1655667241630141
SS18L2,basal,0.2729954063090898
SSB,basal,0.9771465254365139
SSBP1,basal,1.039616316478454
SSBP2,basal,-1.0242222557443827
SSBP3,basal,0.6423474207346128
SSBP4,basal,-0.6034330924289937
SSC5D,basal,-1.131139979838649
SSH1,basal,-0.08248807473024464
SSH2,basal,-0.24428061205031198
SSH3,basal,-1.6194306872974753
SSNA1,basal,-0.094369303585882
SSR1,basal,0.8341473991949624
SSR2,basal,0.7393655270990686
SSR3,basal,0.20956245066622622
SSR4,basal,0.4691076864797253
SSRP1,basal,1.5248236884641604
SSU72,basal,0.9631556412871961
SSX2IP,basal,0.7159036916396586
ST13,basal,0.03470658478445453
ST14,basal,1.265117517912184
ST3GAL1,basal,-0.43983321691968613
ST3GAL4,basal,0.9835434128433106
ST6GAL1,basal,0.4501442036009018
STAB1,basal,-0.07046324546454165
STAC2,basal,1.230295995542272
STAG1,basal,0.21800784513916996
STAG2,basal,-0.044415124665745154
STAM,basal,0.766514385124118
STAM2,basal,-1.669999772437648
STAMBP,basal,0.5277994297551053
STAMBPL1,basal,0.3618382679063346
STAP2,basal,0.34048985249083535
STARD10,basal,-2.0946733357349356
STARD13,basal,-1.0154166833897849
STARD3,basal,-0.6303556029301371
STARD5,basal,-0.9264769985674877
STARD7,basal,1.2057570874540722
STAT1,basal,0.3262756076386822
STAT2,basal,-0.02927314892076421
STAT3,basal,0.020868368924337834
STAT4,basal,0.28569288911107993
STAT5A,basal,0.4206078690928507
STAT5B,basal,-0.2959383229905483
STAT6,basal,-0.4626150999011232
STAU1,basal,-0.0380994430478453
STAU2,basal,-0.5127884418401071
STBD1,basal,-1.0913471907071126
STC1,basal,-0.4446363238863656
STC2,basal,-1.1618557737814454
STEAP2,basal,-0.862527607892748
STEAP3,basal,1.2387447563927574
STEAP4,basal,-0.6699061650055907
STIM1,basal,0.6078576523219232
STIM2,basal,-0.1553581503907974
STIP1,basal,0.5956966438958342
STK10,basal,-0.22544597385735116
STK11,basal,-0.4181819940161364
STK11IP,basal,0.0010732241717271967
STK16,basal,-1.4854625716022105
STK17A,basal,0.42654967199495286
STK17B,basal,0.453378941677799
STK24,basal,0.9790705256994876
STK25,basal,0.8638538745716695
STK3,basal,0.493858251858701
STK32C,basal,0.024123249617895894
STK35,basal,0.3043197295350026
STK38,basal,1.956871367842417
STK38L,basal,0.9789635944274089
STK39,basal,-1.1207959572733879
STK4,basal,0.03465493161443737
STMN1,basal,1.7768371280007078
STMN3,basal,-0.8102208687662743
STOM,basal,-0.761059209192788
STOML2,basal,1.1940373527084898
STON1,basal,0.6478370052590566
STON2,basal,-1.4994332361080933
STRADA,basal,-0.6905140002328806
STRAP,basal,0.7508665742016176
STRBP,basal,-0.43570194962796716
STRN,basal,0.32517299570004377
STRN3,basal,-1.6002394199168528
STRN4,basal,0.31187742834586746
STT3A,basal,0.5960069635164046
STT3B,basal,-0.3716536816155079
STUB1,basal,-0.8459583169833648
STX10,basal,0.7934355742121565
STX11,basal,0.2817600088344884
STX12,basal,-0.17077827507241125
STX16,basal,-0.17524439245633036
STX17,basal,-0.3104037683114052
STX18,basal,-1.2537771598933656
STX3,basal,0.009625240064639861
STX4,basal,-0.30736638033247693
STX5,basal,0.035950263964655706
STX6,basal,0.8184589042458815
STX7,basal,0.07242018380462616
STX8,basal,-0.38670393572873746
STXBP1,basal,-0.7522781146273764
STXBP2,basal,-0.8967850586371915
STXBP3,basal,-0.11473247962930314
STXBP4,basal,-1.1104467334860924
STXBP5,basal,-0.010051599270065013
STYX,basal,-0.4853917553719657
SUB1,basal,-0.06217925883552829
SUCLA2,basal,-0.629892212190037
SUCLG1,basal,0.5722852491757878
SUCLG2,basal,-1.2293663692530303
SUDS3,basal,-0.4292651653124332
SUFU,basal,-0.37485027863385817
SUGT1,basal,0.6031485014760117
SULF1,basal,-0.5163879856721539
SULF2,basal,-0.6614096797028909
SULT1A1,basal,-1.4436329807508268
SULT1C2,basal,-0.24906858405643248
SULT2B1,basal,-1.4652058083798125
SUMF1,basal,-1.2477237192411492
SUMF2,basal,0.09604416330728946
SUMO1,basal,0.6744960880011083
SUMO3,basal,1.020926726831068
SUN1,basal,0.6762786530600146
SUN2,basal,1.0182504340244671
SUOX,basal,-2.3558701526459433
SUPT16H,basal,-0.1774324002771041
SUPT3H,basal,0.5328402640080352
SUPT4H1,basal,-0.6843970790304936
SUPT5H,basal,1.2367251034438407
SUPT6H,basal,-0.9321400753028207
SUPT7L,basal,0.7719957177136116
SUPV3L1,basal,1.1760909122216467
SURF1,basal,-1.3468300358129084
SURF2,basal,0.36144627400714746
SURF4,basal,0.3324110554078055
SURF6,basal,0.43636391332333685
SUSD2,basal,-0.3979931934931107
SUV39H2,basal,2.1641497778646337
SUZ12,basal,-0.017304837750822376
SVEP1,basal,-0.9489178419565145
SVIL,basal,0.8091447134243995
SVIP,basal,-0.09647249201370424
SWAP70,basal,-0.1517835806928557
SYAP1,basal,-0.9172491637073436
SYBU,basal,-2.0615341408904606
SYDE1,basal,0.029428719873466694
SYDE2,basal,-0.9145651898717311
SYF2,basal,-0.2893175269615698
SYK,basal,0.43613072177213186
SYMPK,basal,-0.07418115137825572
SYNC,basal,-1.1438657238411207
SYNCRIP,basal,1.492904121062344
SYNE1,basal,-0.5686076902305937
SYNE2,basal,0.09724169685678757
SYNGR1,basal,-0.42792306776602274
SYNGR2,basal,-0.6331896756821214
SYNJ1,basal,-0.459358607717266
SYNJ2,basal,-0.509497822300268
SYNPO,basal,-0.11626042472491663
SYNPO2,basal,-1.0037492495176836
SYNRG,basal,-0.5490853580827356
SYPL1,basal,-0.19135602216359532
SYT1,basal,-1.1219015423600331
SYT17,basal,-1.8416254894534714
SYT7,basal,-0.41113855380006564
SYTL1,basal,-0.8951176419372334
SYTL2,basal,-2.2487758921683
SYTL3,basal,0.4652426816659277
SYTL4,basal,-2.064648314822617
SYTL5,basal,-2.28310029459413
SYVN1,basal,-0.4977679148476061
TAB1,basal,0.0675175819476461
TAB2,basal,0.17852219927857027
TAB3,basal,-1.0167743715784618
TACC1,basal,-0.4183193105843786
TACC2,basal,0.13268091005164573
TACC3,basal,1.1504714536650928
TACO1,basal,-0.20137821169493283
TACSTD2,basal,0.24851038282432114
TADA1,basal,0.115175771851476
TADA2B,basal,-1.8091189710878823
TADA3,basal,-0.4408227647216917
TAF1,basal,-0.5089412776066865
TAF10,basal,-0.17610097295936336
TAF11,basal,1.3296958769500247
TAF12,basal,0.1008646357511232
TAF13,basal,0.50025404941287
TAF15,basal,-0.1263346743568806
TAF2,basal,0.6559988963434252
TAF3,basal,0.11368373996277979
TAF4,basal,0.008216954312597592
TAF5,basal,1.5743118001521161
TAF5L,basal,0.9801854297823693
TAF6,basal,0.6685685006947394
TAF6L,basal,0.40365030524169165
TAF7,basal,-0.7132378305487794
TAF8,basal,0.6352315811347561
TAF9,basal,-1.2121244704797145
TAF9B,basal,-1.510709302994505
TAGLN,basal,-0.03539333404767269
TAGLN2,basal,0.9966419485867913
TALDO1,basal,0.6996239846520063
TANC1,basal,-0.011377829967199458
TANC2,basal,-1.2922368922574214
TANK,basal,1.1692467282719408
TAOK1,basal,-0.5501101892663661
TAOK2,basal,-1.4123214247346227
TAOK3,basal,-0.14218098318473663
TAP1,basal,0.8930466216243477
TAP2,basal,1.3476011075525125
TAPBP,basal,0.6493161733959403
TAPBPL,basal,0.38534227983304936
TAPT1,basal,-1.5310287109833458
TARBP1,basal,0.7535089679299527
TARBP2,basal,-0.6911368817877994
TARDBP,basal,0.7320153965523742
TARS2,basal,-0.10505981324420527
TASP1,basal,-0.35408871299721795
TATDN1,basal,0.8553140622691373
TATDN2,basal,0.7865151077479239
TATDN3,basal,-0.4820964488659128
TAX1BP1,basal,-0.26762858835770204
TAX1BP3,basal,0.6865791224221565
TBC1D1,basal,1.707950404057912
TBC1D10A,basal,-0.6181663484414951
TBC1D10B,basal,-0.22684160839742729
TBC1D10C,basal,0.2619600162416295
TBC1D12,basal,-1.1811963798334058
TBC1D13,basal,-0.6389482493941555
TBC1D15,basal,-0.8489433791640303
TBC1D16,basal,-0.3479406761723808
TBC1D17,basal,-1.048763304070992
TBC1D2,basal,-0.9881555031979651
TBC1D20,basal,-0.9265485778307399
TBC1D22A,basal,0.22254239932756856
TBC1D22B,basal,1.6468681605760151
TBC1D23,basal,0.5277112403462111
TBC1D24,basal,-0.054882792596071275
TBC1D25,basal,0.08622396638974342
TBC1D2B,basal,-0.22547276689398918
TBC1D4,basal,0.9304933066650047
TBC1D5,basal,-0.23366947233835048
TBC1D7,basal,1.3971494552071861
TBC1D8,basal,-0.7730027387938422
TBC1D8B,basal,-0.22270801218371047
TBC1D9,basal,-3.3152734157777486
TBC1D9B,basal,-1.0720368952868082
TBCA,basal,-0.5433469579695164
TBCB,basal,0.7170000884737335
TBCC,basal,0.808761737328513
TBCD,basal,-0.10520379568398744
TBCE,basal,0.4129782253108584
TBCEL,basal,-0.2377736203413986
TBCK,basal,-1.107992232846579
TBK1,basal,-0.7805678598621485
TBL1X,basal,-0.12381772930168551
TBL1XR1,basal,-0.00617030747085902
TBL2,basal,-0.006497165504879521
TBL3,basal,-0.23557544207760597
TBP,basal,0.5024541384171971
TBPL1,basal,1.3449834415286992
TBX3,basal,-1.6079256274570801
TBXAS1,basal,-0.35632280475133654
TC2N,basal,-0.7625819588736952
TCEA1,basal,0.20231936529607755
TCEA2,basal,-0.8038446768279174
TCEA3,basal,-1.1726182759001353
TCEAL1,basal,-1.877702001066464
TCEAL3,basal,-1.6111718760211746
TCEAL4,basal,-1.2260305003804846
TCERG1,basal,0.660627787778947
TCF12,basal,-0.64778778746593
TCF20,basal,1.310687129945306
TCF25,basal,0.2862094559617656
TCF3,basal,0.9525259318239181
TCF4,basal,-0.6829209213996816
TCF7L2,basal,1.0376539523963166
TCHP,basal,0.2154404287817025
TCIRG1,basal,-0.09370666742204292
TCL1A,basal,0.57113093098597
TCN1,basal,-0.2829862255311945
TCOF1,basal,1.3402898397401855
TCP1,basal,1.1249985471647845
TCP11L1,basal,0.649408608323019
TCP11L2,basal,-0.8873107672855514
TCTN1,basal,-1.7436894810972585
TDG,basal,0.562535444970064
TDP1,basal,0.4127269249737209
TDP2,basal,-0.07298087404007125
TDRD3,basal,-0.48154652313901064
TDRD7,basal,-0.5032256738642374
TDRKH,basal,0.5514059444878203
TEAD1,basal,-0.2197920076509384
TEAD3,basal,0.7823083488816227
TECPR1,basal,0.18368721027712892
TECPR2,basal,-0.837260538879874
TECR,basal,-0.3266087472409652
TELO2,basal,-0.2642994608796031
TEP1,basal,-0.7300149892691982
TERF2,basal,0.45585800509441954
TERF2IP,basal,-0.2336910076572024
TES,basal,1.2169353711916477
TESK1,basal,0.3103515602744632
TESK2,basal,-0.9170003831753861
TEX10,basal,1.930745368783479
TEX2,basal,-0.6686484045282877
TEX264,basal,-1.0637531407419671
TF,basal,0.8964639516133602
TFAM,basal,0.559302929502804
TFAP2A,basal,-0.3960670294664922
TFAP2B,basal,-0.8668566776852688
TFAP2C,basal,0.7936735846188528
TFAP4,basal,0.864355074871664
TFB1M,basal,0.13851406113655393
TFB2M,basal,0.4565070442623809
TFCP2,basal,-0.4061833512168878
TFCP2L1,basal,1.4101264126113437
TFDP1,basal,1.4813934081484657
TFDP2,basal,1.0846015937629583
TFE3,basal,0.16023019983928913
TFEB,basal,0.7898977455985675
TFF1,basal,-2.674906094663526
TFF3,basal,-3.370567369789114
TFG,basal,0.8072500502865646
TFIP11,basal,-0.3643198440242048
TFPI,basal,-0.031279509338026756
TFPT,basal,-0.1028152819619889
TFRC,basal,0.4958002309191533
TG,basal,0.16461163935564904
TGFB1,basal,-0.6832373929355154
TGFB1I1,basal,-0.5485124345506568
TGFB2,basal,0.32261806418755284
TGFB3,basal,-1.9592517164101773
TGFBI,basal,0.4120019207940674
TGFBR3,basal,-0.1906629520426291
TGFBRAP1,basal,-0.2270112023497511
TGIF1,basal,-0.25304792837955953
TGM2,basal,0.08173213628398884
TGOLN2,basal,-0.6316844684941975
TGS1,basal,0.9507532316818108
THADA,basal,0.3639375335920597
THAP11,basal,0.7704493784891222
THAP4,basal,0.07806510625486172
THBD,basal,-0.8700717155348446
THBS1,basal,-0.5997987738099861
THBS2,basal,-0.5019928526115949
THBS3,basal,0.5103221870285971
THBS4,basal,-1.0435606459266291
THEM4,basal,0.01642664516350867
THEMIS,basal,0.11551044126462107
THG1L,basal,-0.5883038441195929
THNSL1,basal,0.9278768306847829
THNSL2,basal,-0.40654911653728104
THOC1,basal,0.7202689355792671
THOC2,basal,0.09785945215630072
THOC3,basal,0.21853544254304147
THOC5,basal,1.421592322019253
THOC6,basal,0.17558055162900746
THOC7,basal,0.47368945968267845
THOP1,basal,0.30134308536935134
THRAP3,basal,-0.5076052900843009
THSD4,basal,-2.821696150257139
THTPA,basal,-1.6403799980580827
THUMPD1,basal,-1.0439490871217276
THUMPD2,basal,0.8429243918525845
THUMPD3,basal,-0.28857714181912725
THY1,basal,-0.6085449302705929
THYN1,basal,0.31608817633143516
TIA1,basal,0.8657009320084572
TIAL1,basal,-0.0357867477374798
TIAM1,basal,0.004007718369196132
TICAM1,basal,0.3269335386700227
TIFA,basal,0.90585612205406
TIMELESS,basal,0.14759547344323737
TIMM10,basal,0.34358503043350913
TIMM13,basal,-0.17822208870145442
TIMM17A,basal,0.40345988519189374
TIMM17B,basal,0.0125044500236414
TIMM22,basal,0.24214514339551316
TIMM44,basal,1.2969907131943035
TIMM50,basal,1.1243984841014059
TIMM8A,basal,1.4244255264658205
TIMM8B,basal,0.6997027894660847
TIMM9,basal,-0.28663094100076936
TIMP1,basal,-0.06813164856037587
TIMP2,basal,-0.2134970039696411
TIMP3,basal,-1.167624833866955
TINAGL1,basal,1.2783251208793005
TINF2,basal,-1.5222435309722904
TIPIN,basal,0.8762020788430445
TIPRL,basal,1.1119779946439416
TJAP1,basal,0.9463897659661797
TJP1,basal,-0.4707515690830241
TJP2,basal,0.5676049239071381
TJP3,basal,-1.7420834674624295
TK1,basal,0.7430468596052152
TK2,basal,-1.1244967554118717
TKT,basal,0.7266444029140438
TLE1,basal,1.013499625294968
TLE2,basal,-0.2759955328011196
TLE3,basal,-1.8295300796062781
TLK1,basal,-0.3883159214655594
TLK2,basal,-0.0039042534163665214
TLN1,basal,0.4232614654254695
TLN2,basal,-0.27488742233983116
TLR2,basal,0.8745051957486799
TLR3,basal,-0.6588928310458422
TLR7,basal,-0.435449743669372
TM2D3,basal,0.21881361410372335
TM7SF2,basal,-1.3342635145107165
TM7SF3,basal,0.5670311644706575
TM9SF1,basal,-1.5118671387258296
TM9SF2,basal,-0.1969355836384213
TM9SF3,basal,-0.3634301777525808
TM9SF4,basal,-0.09970049087646822
TMBIM6,basal,-2.520985030766544
TMC4,basal,-1.6861313678055998
TMC5,basal,-1.9950618243745222
TMCC1,basal,-0.21050933937570476
TMCC3,basal,0.004637168835286638
TMCO1,basal,-0.6001862190510242
TMCO4,basal,0.21844516932479982
TMCO6,basal,0.026206040619727953
TMED1,basal,0.28526885526581225
TMED10,basal,-0.8073102583575479
TMED2,basal,-0.16645431232456762
TMED3,basal,-0.14730869554156592
TMED4,basal,-0.36575177632627964
TMED5,basal,-0.06643127921267988
TMED7,basal,-1.4544456714683789
TMED8,basal,-0.9191004511565225
TMED9,basal,0.05146488973521844
TMEM102,basal,0.07151406765565355
TMEM106B,basal,-1.0109509140884785
TMEM109,basal,0.47495430269491307
TMEM11,basal,0.3972311053396064
TMEM115,basal,-0.9605501599638406
TMEM119,basal,-0.6993679310169079
TMEM120A,basal,-0.05640872554351317
TMEM120B,basal,-0.04007105988486045
TMEM126A,basal,0.28689831589954456
TMEM126B,basal,0.3043201787872567
TMEM131,basal,-0.7363829157346258
TMEM132A,basal,0.5674796303561088
TMEM134,basal,-0.27830345080000896
TMEM135,basal,-1.4025785313677117
TMEM141,basal,-1.1967819386386405
TMEM14C,basal,0.5288567503031392
TMEM161A,basal,0.7535149829265404
TMEM165,basal,0.32306908360566444
TMEM167A,basal,-0.8018551000278497
TMEM168,basal,0.3285279561405441
TMEM177,basal,0.6437056194844005
TMEM179B,basal,-0.2312447624414932
TMEM181,basal,-0.551065680548983
TMEM186,basal,0.09964417233368231
TMEM192,basal,-1.5016847527068002
TMEM201,basal,1.6580614105812288
TMEM205,basal,-1.6625188727027531
TMEM209,basal,0.008454104374256536
TMEM214,basal,0.7649454738355097
TMEM222,basal,-0.34962859114581785
TMEM223,basal,0.31105032866501103
TMEM33,basal,-0.4385097462039399
TMEM41A,basal,0.5742235176199785
TMEM41B,basal,-1.2570129664376284
TMEM43,basal,0.8581966655333413
TMEM59,basal,-0.8103385930522077
TMEM63A,basal,-0.07969182845198208
TMEM63B,basal,-0.20093801655721877
TMEM63C,basal,-2.464152074037142
TMEM65,basal,1.329915109965684
TMEM68,basal,-0.12417168354405653
TMEM70,basal,0.28238337483559856
TMEM87A,basal,-0.7464557684281131
TMEM87B,basal,-1.7876530470776804
TMEM9,basal,-0.3292884939562509
TMEM9B,basal,-1.42338126558356
TMF1,basal,-0.6644939814525199
TMLHE,basal,0.2945487298156074
TMOD1,basal,0.9811677340339118
TMOD2,basal,0.7931236960174942
TMOD3,basal,-0.4032505320533983
TMPO,basal,0.9785905039213846
TMSB10,basal,1.037827731132551
TMTC3,basal,-0.8792717481215738
TMUB1,basal,0.38704348439052066
TMUB2,basal,-0.2963495312893967
TMX1,basal,-0.6476971462233676
TMX2,basal,0.012319964526306296
TMX3,basal,0.04382753630099973
TMX4,basal,0.47976392565968656
TNC,basal,0.1989304865839608
TNFAIP2,basal,0.7639075916097007
TNFAIP3,basal,0.7760719899443108
TNFAIP6,basal,-0.23406152507028133
TNFAIP8,basal,0.40850767294373486
TNFRSF12A,basal,0.41720719679185403
TNFSF10,basal,-0.6382278034542256
TNFSF12,basal,-0.7452809431504247
TNIK,basal,-0.7280355487660198
TNIP1,basal,0.16639333341361864
TNIP2,basal,0.004264961394411633
TNK1,basal,-0.9501801834892737
TNK2,basal,-0.48460216057751254
TNKS,basal,-0.3504932552869375
TNN,basal,-0.9975857909330741
TNPO1,basal,-0.613994333626044
TNPO2,basal,0.7360553116120065
TNPO3,basal,0.7553904363045482
TNRC18,basal,-0.8652019030397554
TNRC6A,basal,-0.7813648677576277
TNRC6B,basal,0.288235451053434
TNRC6C,basal,-1.2389753309683107
TNS1,basal,-0.6468319156615083
TNS3,basal,-0.12446236189035792
TNS4,basal,-0.14895016076874387
TNXB,basal,-0.7495384800500641
TOE1,basal,0.49036519456992506
TOLLIP,basal,-1.0592606852116366
TOM1,basal,0.2495110291319836
TOM1L1,basal,-1.3761888858213402
TOM1L2,basal,-1.371409761065353
TOMM20,basal,0.24708108466568124
TOMM22,basal,1.0427778846425477
TOMM34,basal,0.9192031769253942
TOMM40,basal,1.2817453984829867
TOMM5,basal,1.2928167620837279
TOMM6,basal,0.9273919543850705
TOP1,basal,-0.31554119338950803
TOP2A,basal,0.6934079366163635
TOP2B,basal,-0.2859903259535876
TOP3A,basal,0.26618850515304154
TOP3B,basal,0.8000842188674252
TOPBP1,basal,0.7711699179527787
TOPORS,basal,-0.022539899209518693
TOR1A,basal,-0.588293494099991
TOR1AIP1,basal,-0.7238568221505867
TOR1AIP2,basal,-0.05212343212863376
TOR1B,basal,-0.8948415597663982
TOR2A,basal,-1.102238920374851
TOR3A,basal,0.5052309084087317
TOX3,basal,-1.8937423469340313
TOX4,basal,-1.6008644054902046
TP53,basal,-0.22155844544145475
TP53BP1,basal,-1.0327805432769146
TP53BP2,basal,1.6352974647727372
TP53I11,basal,-1.3042360499623984
TP53I3,basal,0.7418763189657304
TP53RK,basal,-0.3336934887855339
TPBG,basal,-1.4969369725014177
TPCN1,basal,-1.6601285988134376
TPD52,basal,-0.6167774504828281
TPD52L1,basal,0.44390869053520043
TPD52L2,basal,0.7794007836123935
TPI1,basal,1.4495239479964743
TPK1,basal,-0.4467094811126146
TPM1,basal,0.03804920855438425
TPM2,basal,0.35114986835437273
TPM3,basal,0.4025873964568216
TPM4,basal,0.5271882294999548
TPMT,basal,0.43848514298367924
TPP1,basal,-0.7419242632166274
TPP2,basal,0.19253853064305143
TPPP,basal,-1.002518313064634
TPPP3,basal,-1.0461254589611924
TPR,basal,0.4133698482426925
TPRG1,basal,-1.605042648455752
TPRG1L,basal,-0.04406785005513975
TPRKB,basal,0.604997370501136
TPRN,basal,-1.786580682637512
TPST1,basal,0.1977490546038393
TPT1,basal,-0.23669103015991536
TPX2,basal,1.4925111073811517
TRA2A,basal,-0.37987409338127937
TRA2B,basal,0.8841737050540229
TRABD,basal,0.7550319804655532
TRADD,basal,0.15340804889288795
TRAF1,basal,0.6947140481567817
TRAF2,basal,0.28665224758302604
TRAF3,basal,0.48988390916191427
TRAF3IP2,basal,0.5234784535880016
TRAF3IP3,basal,0.7468503899713181
TRAF4,basal,0.32888531201508714
TRAF5,basal,-1.0280115703662167
TRAF6,basal,-0.10123103990780553
TRAF7,basal,0.1936675166898236
TRAFD1,basal,-0.7354757116620961
TRAK1,basal,-1.2429663343865052
TRAM1,basal,0.30351444091482854
TRANK1,basal,-0.8143009860201134
TRAP1,basal,0.31565413534638675
TRAPPC1,basal,0.0449018449481176
TRAPPC10,basal,0.2548679115515966
TRAPPC2L,basal,0.11696212547419589
TRAPPC3,basal,1.0074010792326586
TRAPPC4,basal,-0.6633155877299456
TRAPPC5,basal,-0.05768493839379699
TRAPPC6A,basal,-0.6225643037711263
TRAPPC6B,basal,-0.9701344893806947
TRAPPC9,basal,-0.23991989093883084
TREM2,basal,-0.8442490391540509
TRERF1,basal,-1.5376857982913041
TREX1,basal,-0.34053098067664234
TRIAP1,basal,0.3819247794328163
TRIM11,basal,0.02578170005505309
TRIM13,basal,-0.6237336644053936
TRIM14,basal,0.055608286083218376
TRIM16,basal,0.9294803318335589
TRIM2,basal,1.9784113411145967
TRIM21,basal,-0.185694646293907
TRIM22,basal,0.12588101910600163
TRIM24,basal,0.3172337218421239
TRIM25,basal,0.3550293891308242
TRIM26,basal,0.5754532326940719
TRIM27,basal,0.9896337881816607
TRIM28,basal,-0.022606148168570442
TRIM29,basal,1.4227702240577782
TRIM3,basal,-2.4338997038347516
TRIM32,basal,-1.0337760224626449
TRIM33,basal,0.18792681776530243
TRIM34,basal,-1.1800248314589015
TRIM36,basal,-0.4787388148351718
TRIM37,basal,-0.4712421959443526
TRIM38,basal,0.4267440143396421
TRIM4,basal,-0.9784913049574088
TRIM41,basal,-1.288330508177226
TRIM44,basal,-0.3050477928687369
TRIM47,basal,1.456828478962949
TRIM5,basal,-0.1656564922396531
TRIM56,basal,-0.31639692564406807
TRIM65,basal,1.4332991426858088
TRIM68,basal,-0.4849510407024972
TRIM8,basal,-1.3851020492470194
TRIO,basal,-0.5363412371562858
TRIOBP,basal,0.07187675130899726
TRIP10,basal,0.9150647546926688
TRIP11,basal,-0.908530093693675
TRIP12,basal,-0.08985828361880344
TRIP13,basal,1.3669286515122943
TRIP4,basal,-0.7138721133375956
TRIP6,basal,0.7594434489074106
TRIT1,basal,1.5281619227929115
TRMT1,basal,0.9269607154276868
TRMT11,basal,1.4498234790367237
TRMT112,basal,-0.10657836563842484
TRMT2A,basal,0.5660017148033544
TRMT2B,basal,0.052642866710174756
TRMT5,basal,-0.45405456380196524
TRMT6,basal,0.976287398020685
TRMT61A,basal,0.6533458216139914
TRMT61B,basal,0.484189987068009
TRMU,basal,1.326418873437449
TRNAU1AP,basal,0.6946164480716295
TRNT1,basal,0.004916968975424651
TRPC4AP,basal,-0.13970269886045447
TRPM4,basal,-1.3976405401997873
TRPM5,basal,-0.0013449634103295024
TRPM7,basal,-0.6562092897067536
TRPS1,basal,-0.5577648955802103
TRPT1,basal,-0.5372336907908281
TRPV2,basal,0.19937016010727854
TRRAP,basal,0.7962301213893773
TRUB1,basal,-0.66960322350244
TRUB2,basal,-0.5679638742878224
TSC1,basal,-0.756398280783599
TSC2,basal,-0.7007681027424407
TSC22D1,basal,-0.7016208473479983
TSC22D2,basal,0.29665576717108155
TSC22D3,basal,-2.3316095860654213
TSC22D4,basal,0.8624348305364179
TSEN15,basal,0.9253305301936363
TSEN2,basal,-0.21451164178183296
TSEN34,basal,0.5305936954854739
TSEN54,basal,0.19625259934342584
TSFM,basal,-0.09071801387719965
TSG101,basal,-1.0159180301290163
TSKU,basal,-0.40644900692333896
TSN,basal,0.39422520684125023
TSNARE1,basal,0.3662077648014637
TSNAX,basal,-0.6772523053077906
TSPAN1,basal,-2.5582476262200284
TSPAN13,basal,-2.11343521220547
TSPAN14,basal,0.5163294940715405
TSPAN15,basal,-2.07815232383318
TSPAN6,basal,0.855214680198884
TSPAN9,basal,-0.9075108217346295
TSPO,basal,1.077757928523988
TSPYL1,basal,-1.3638411131982606
TSPYL4,basal,-0.7914242095084387
TSPYL5,basal,1.0745640203439735
TSR1,basal,0.7819960218378252
TSR2,basal,-0.15173522667681638
TSSC4,basal,-0.05926127171787383
TST,basal,-0.33405496005692265
TSTD1,basal,-0.8861555694306604
TSTD2,basal,-0.9965084239060785
TTC1,basal,-0.6162820593430874
TTC12,basal,-1.355776410540365
TTC13,basal,1.4258405985087463
TTC14,basal,-1.1364620592478245
TTC17,basal,-0.09311085110660519
TTC19,basal,-0.2476154438268216
TTC21B,basal,-0.21906399657300601
TTC27,basal,0.7169516881937998
TTC28,basal,-1.011429575416089
TTC3,basal,-0.5854926339840124
TTC31,basal,-0.4215962104775985
TTC33,basal,0.2758735308210707
TTC38,basal,-0.38397365248392173
TTC39A,basal,-2.1680991225260726
TTC39B,basal,0.4332641331032915
TTC39C,basal,-0.6082494626032103
TTC4,basal,0.9928644028248355
TTC5,basal,-0.736384505693882
TTC7A,basal,1.879451602600964
TTC7B,basal,0.6319718729631174
TTC8,basal,-2.6043844858030476
TTC9,basal,-0.8922095515092443
TTC9C,basal,0.6566725842916401
TTF1,basal,-0.034346275225662484
TTF2,basal,0.9987576436765563
TTK,basal,1.7391377449184748
TTL,basal,1.1351435778806995
TTLL12,basal,0.15770545929721838
TTN,basal,0.1508502682809951
TTPAL,basal,0.22985347541518303
TTR,basal,-0.44763296116278933
TUBA1B,basal,0.8047128656237097
TUBA1C,basal,1.343267991070079
TUBA3E,basal,-1.6229278151494815
TUBA4A,basal,1.0873792131880538
TUBB,basal,1.7400947454230038
TUBB1,basal,-0.09120565839107385
TUBB2A,basal,0.38094051937071854
TUBB2B,basal,0.7688142093939071
TUBB3,basal,0.9780030809466008
TUBB6,basal,1.5675583960823936
TUBG1,basal,0.13722681805765918
TUBG2,basal,-0.8013554248099948
TUBGCP2,basal,-0.5480015321143793
TUBGCP3,basal,0.8340031932056159
TUBGCP4,basal,-0.15573930821922274
TUBGCP5,basal,-0.3623810332513983
TUBGCP6,basal,-0.34188329048051397
TUFM,basal,-0.05389950627105463
TUFT1,basal,-0.5890046908145696
TULP3,basal,1.36739172481983
TUSC1,basal,-0.1311361184623794
TUSC2,basal,-1.2739571877521951
TUT1,basal,-0.1546039578390225
TWF1,basal,-0.872049705517963
TWF2,basal,0.43986964161423825
TWSG1,basal,-0.5108961918862744
TXLNA,basal,0.4302492228281287
TXLNG,basal,0.30711601038235686
TXN,basal,0.506935056407653
TXN2,basal,-0.021326630489765793
TXNDC11,basal,-0.44702883356749
TXNDC12,basal,0.9122298864978902
TXNDC15,basal,-1.2318584740064775
TXNDC16,basal,-1.0506300812509268
TXNDC17,basal,0.1589458013961298
TXNDC5,basal,0.9583546898476493
TXNDC9,basal,0.2263971035970929
TXNIP,basal,-0.6220335588503465
TXNL1,basal,0.31130133735542775
TXNL4A,basal,0.5361393949804587
TXNL4B,basal,1.347514279421612
TXNRD1,basal,0.4852661624805553
TXNRD2,basal,-0.43366682446755156
TYK2,basal,0.26722573705970093
TYMP,basal,0.20916789666456495
TYMS,basal,1.42201359958596
TYROBP,basal,0.08329905493143258
TYSND1,basal,-0.4203522243955072
TYW1,basal,-0.606627603595858
TYW3,basal,-0.1356070738416204
U2AF1,basal,1.0718372505706968
U2AF2,basal,0.004968722716029983
UACA,basal,0.011014499569524053
UAP1,basal,0.6803732398881673
UAP1L1,basal,-0.5612466702877418
UBA1,basal,0.17347135830111898
UBA2,basal,1.6592540977495531
UBA3,basal,0.317308071974285
UBA5,basal,-0.22095687760831184
UBA52,basal,0.7022525344595497
UBA6,basal,0.33198632617210855
UBA7,basal,-0.598595060111841
UBAC1,basal,0.6288195275757
UBAC2,basal,0.44367223162161906
UBAP1,basal,0.3477194587287382
UBAP2,basal,0.880155543195783
UBAP2L,basal,0.7004070044669858
UBASH3A,basal,0.39718640895780494
UBASH3B,basal,1.8297425734834918
UBE2A,basal,0.3010200303574024
UBE2B,basal,-1.0767785774412104
UBE2C,basal,1.2844708494067432
UBE2D1,basal,0.7660782280730277
UBE2D2,basal,-0.22492680389998607
UBE2D3,basal,-0.17508793706077205
UBE2E1,basal,0.45297468953176356
UBE2F,basal,-0.20681919557599973
UBE2G1,basal,-0.01070188293533348
UBE2G2,basal,0.6836396729640446
UBE2H,basal,-0.6213679337093291
UBE2I,basal,0.157982805587418
UBE2J1,basal,0.763012202329794
UBE2J2,basal,0.3586389582884729
UBE2K,basal,-0.7388550896878527
UBE2L3,basal,0.30367363631799055
UBE2L6,basal,-0.2243842321939547
UBE2M,basal,0.016195025303357497
UBE2N,basal,-0.14564164235713778
UBE2O,basal,0.5363182468878597
UBE2Q1,basal,0.9840730435372089
UBE2Q2,basal,-0.6173230767098441
UBE2R2,basal,0.3093473456111653
UBE2S,basal,1.2284319517683235
UBE2T,basal,1.0103999590259405
UBE2V2,basal,0.8621837600680088
UBE2W,basal,-0.359540108871165
UBE2Z,basal,-0.5422041973673196
UBE3A,basal,-1.0466796969572931
UBE3B,basal,-1.409434357862138
UBE3C,basal,0.3916766848236337
UBE4A,basal,0.01893467383877869
UBE4B,basal,0.46088471898252326
UBFD1,basal,-0.8126761905517926
UBIAD1,basal,-0.9423284112722459
UBL4A,basal,0.6246813737493774
UBL5,basal,-0.028047746453780813
UBL7,basal,-0.08747278057589743
UBLCP1,basal,0.12733034641666127
UBN1,basal,-0.3343072563912301
UBN2,basal,-0.37399707882538186
UBOX5,basal,-0.3813482861020028
UBP1,basal,0.0947471376533733
UBQLN1,basal,0.06321091274405222
UBQLN2,basal,0.11339589706106608
UBQLN4,basal,1.0575009316365171
UBR1,basal,-1.73542153159584
UBR2,basal,-0.05234431352453521
UBR3,basal,-0.4896422037247181
UBR4,basal,0.41166815471364904
UBR5,basal,-0.0795754998541707
UBR7,basal,-1.1725807218418467
UBTD2,basal,-1.0125954786093376
UBTF,basal,-0.7774105293344781
UBXN1,basal,0.08411517673271436
UBXN2A,basal,2.188769328242601
UBXN2B,basal,-0.28394719894444975
UBXN4,basal,-0.546173235467585
UBXN6,basal,-0.5947752796850748
UBXN7,basal,0.17192598670620268
UCHL1,basal,1.4817751781260977
UCHL3,basal,1.0129927293535474
UCHL5,basal,1.2121515995147505
UCK1,basal,-0.30677972464815556
UCK2,basal,1.9081231519106885
UCKL1,basal,0.09174049616125388
UEVLD,basal,-1.544781355820348
UFC1,basal,0.19281237358602696
UFM1,basal,-0.4271067774176021
UFSP1,basal,-0.008379246061789549
UFSP2,basal,-1.2383008758355776
UGCG,basal,-1.7868939256651446
UGDH,basal,-1.513055218288976
UGGT1,basal,0.2819496879773836
UGGT2,basal,-0.27662758540340415
UGP2,basal,1.7759035390800062
UHRF2,basal,0.8610409192488765
UIMC1,basal,-0.005016228894055869
ULK1,basal,-0.8595194251372446
ULK3,basal,-0.10701852160636526
UMPS,basal,0.7034332268427116
UNC119,basal,-0.2683309581029879
UNC119B,basal,-0.1611905589507878
UNC13B,basal,-0.39800983805282303
UNC13D,basal,1.1537489784785513
UNC45A,basal,-0.04803172277609287
UNC5B,basal,-0.814983602755802
UNG,basal,0.8507167716847914
UNK,basal,0.03453233427988844
UNKL,basal,-0.7942077334105082
UPF1,basal,0.23627550343290973
UPF2,basal,1.22355016369316
UPF3A,basal,0.06906525480186299
UPF3B,basal,1.3600872499557841
UPP1,basal,1.584992898096063
UPRT,basal,-0.3683516650382408
UQCR10,basal,0.1602093215682115
UQCR11,basal,-0.6452425443122793
UQCRB,basal,0.3546007814407029
UQCRC1,basal,0.1287124837357721
UQCRC2,basal,-0.2985100123913802
UQCRFS1,basal,0.8020773199724098
UQCRQ,basal,-1.0822512668374855
URB1,basal,0.5474019070666982
URB2,basal,1.0918121442678506
URGCP,basal,-0.5039536092167919
URM1,basal,-0.5874595205586722
UROD,basal,0.07854799456005115
UROS,basal,-0.18002400307916894
USE1,basal,0.32133088097719237
USF1,basal,0.47461512871150463
USF2,basal,0.2951148384046271
USP1,basal,1.7659679065142153
USP10,basal,0.8249032664751499
USP11,basal,-0.11229502034308456
USP13,basal,0.925306023239569
USP14,basal,-0.037585093109660614
USP15,basal,0.09377071756688495
USP16,basal,0.16867317864659495
USP18,basal,0.45687036191260205
USP19,basal,-0.8290230702722542
USP20,basal,-0.6559769779832628
USP22,basal,-0.05718879982083123
USP24,basal,0.6802738546313452
USP25,basal,0.46723188304081487
USP28,basal,0.7079148102089994
USP3,basal,-0.7672611206592921
USP30,basal,-1.5453915333585648
USP32,basal,-0.7393474702564908
USP33,basal,-0.3335130704981144
USP34,basal,0.6894982664186602
USP35,basal,-0.6551930304757095
USP36,basal,0.5632312360797649
USP38,basal,-0.8730280972819278
USP39,basal,1.302189862998613
USP4,basal,-0.46845797409474843
USP40,basal,-1.34377826115499
USP42,basal,0.25976489134947595
USP43,basal,0.5913457592375962
USP46,basal,-0.2591362958741019
USP47,basal,-1.0542937029490842
USP48,basal,0.31487511994070044
USP5,basal,0.4238769016675156
USP54,basal,0.01956462283181402
USP6NL,basal,1.9465153418177854
USP7,basal,-0.7667514876508218
USP8,basal,-0.9691523578000492
USP9X,basal,-0.1163713701653429
UTP14A,basal,0.7308185318813246
UTP15,basal,-0.905658854486557
UTP18,basal,-0.08694245764614614
UTP20,basal,0.4216248695740672
UTP23,basal,-0.07766257483236871
UTP3,basal,-0.44674042885301196
UTP6,basal,0.8346153595000269
UTRN,basal,-0.5709190455833546
UVRAG,basal,0.1459067552983681
UXS1,basal,1.1582023263110583
UXT,basal,0.3693826589890354
VAC14,basal,1.127603205755839
VAMP2,basal,-0.851853429252969
VAMP3,basal,-0.6381092395442534
VAMP4,basal,-0.5947181965994235
VAMP5,basal,-0.048925071137828145
VAMP7,basal,0.06992251157909843
VAMP8,basal,-0.014197902452222985
VANGL1,basal,0.02243335468997067
VANGL2,basal,1.1023144595737886
VAPA,basal,-0.22954555884789296
VAPB,basal,-0.11265717999786762
VARS2,basal,-0.3711001551392648
VASH1,basal,-0.4085622177132384
VASN,basal,0.9296947506410539
VASP,basal,0.483853202235539
VAT1,basal,-0.2735928286283969
VAT1L,basal,0.4198888752269949
VAV1,basal,0.05695648827695395
VAV2,basal,-0.3120389710246282
VAV3,basal,-2.234805226934822
VBP1,basal,0.5964259284256973
VCAM1,basal,0.6260917375596692
VCAN,basal,-0.5351100903157924
VCL,basal,0.211851662842992
VCP,basal,0.26641489463228224
VCPIP1,basal,-0.30149870491298836
VDAC1,basal,-0.15444460525799256
VDAC2,basal,0.3337069596957734
VDAC3,basal,0.570602363149432
VDR,basal,0.06412025786226384
VEGFA,basal,0.8909557629646994
VEZF1,basal,-1.3324605710240112
VEZT,basal,-1.3219286863690853
VGLL4,basal,0.8066784906182712
VHL,basal,-0.16327612418842327
VIM,basal,0.7404254177036443
VIT,basal,0.32700284114222816
VKORC1,basal,0.31389350644991654
VKORC1L1,basal,0.2170248190639403
VMAC,basal,-0.4307041104049498
VNN1,basal,0.752089892068658
VNN2,basal,0.33254682077923625
VPS13A,basal,-0.10789871161777123
VPS13B,basal,-0.913535720652237
VPS13C,basal,-0.9706742709411461
VPS13D,basal,-0.6294807070489005
VPS16,basal,-0.783448907833208
VPS18,basal,-0.9984455089519805
VPS25,basal,-0.789997587364539
VPS26A,basal,0.40213219398276007
VPS26B,basal,-0.1384792170750365
VPS28,basal,-0.26845776057274584
VPS29,basal,-0.2288203406409852
VPS33A,basal,-0.7207778705325126
VPS33B,basal,-0.3548311802912673
VPS35,basal,0.2849959938214311
VPS36,basal,-0.5492942221156306
VPS37A,basal,-0.5621743848039171
VPS37B,basal,0.9397313341123203
VPS37C,basal,-1.141546780889596
VPS39,basal,-1.6308982916870058
VPS41,basal,-0.7865474756563775
VPS45,basal,0.2380705688382526
VPS4A,basal,0.7552105315945902
VPS4B,basal,-0.13902545936228236
VPS52,basal,-0.6533812596131512
VPS53,basal,0.05805519030867537
VPS54,basal,1.0743248727414043
VPS72,basal,1.4200586617454352
VPS8,basal,-0.8235256846131117
VRK1,basal,1.1002387723584244
VRK2,basal,0.677604143954676
VRK3,basal,-0.9088263122386313
VSIG4,basal,0.2423128427765205
VSNL1,basal,1.1224939948613308
VTA1,basal,0.2607426759182326
VTCN1,basal,0.6302833909223255
VTI1A,basal,-0.04174478915300365
VTI1B,basal,-0.5170165969879758
VTN,basal,-0.4394756074987911
VWA1,basal,-0.07803050990814381
VWA2,basal,-1.054979991468266
VWA5A,basal,-0.6958672828180676
VWF,basal,-0.5730812302446914
WAC,basal,0.7188762824738639
WARS2,basal,-0.08322526583017376
WAS,basal,0.3634363926612276
WASF1,basal,0.7804385448057242
WASF2,basal,0.6019711404252848
WASF3,basal,0.6899368901843782
WASL,basal,-0.4770803985465364
WBP11,basal,0.11697385482611772
WBP2,basal,0.10970205843374072
WBP4,basal,-0.06035632869875283
WDFY1,basal,-0.38599249285044585
WDFY2,basal,0.27147902017339337
WDFY3,basal,-1.0070815242079731
WDFY4,basal,-0.0745983155260456
WDHD1,basal,0.7878886542166391
WDR1,basal,-0.05738599643205795
WDR11,basal,-0.6337121023634151
WDR12,basal,1.3723680831576588
WDR13,basal,0.07523102853996905
WDR18,basal,-0.01870469706639807
WDR19,basal,-1.6978918017559852
WDR20,basal,-1.306389706221537
WDR24,basal,-1.1571220421775321
WDR26,basal,-0.619860639816193
WDR3,basal,1.1242752921040304
WDR33,basal,0.6080350044635312
WDR35,basal,-0.4455853812981521
WDR36,basal,-0.540935400334975
WDR37,basal,0.41598254064493
WDR4,basal,1.3870438541613113
WDR41,basal,-0.07301781861866272
WDR43,basal,1.759293617749097
WDR44,basal,-0.8889915633723492
WDR45,basal,-0.0826789275402022
WDR46,basal,0.9891965288415188
WDR47,basal,-0.18406036025177003
WDR48,basal,-0.3951387513544851
WDR5,basal,1.0447612954473102
WDR53,basal,0.8812993096200222
WDR54,basal,-1.0450490062172881
WDR55,basal,-1.1074939773194281
WDR59,basal,0.9931198707550573
WDR6,basal,-0.6932621607627732
WDR62,basal,1.0569339993137736
WDR7,basal,-0.8024942655656557
WDR70,basal,0.40010767429453586
WDR73,basal,-0.9507993909494706
WDR74,basal,0.9120026611529574
WDR75,basal,0.8027422469234006
WDR76,basal,0.41164809340008435
WDR77,basal,1.5924007532589695
WDR81,basal,-0.24623887518876553
WDR82,basal,0.16327428973204472
WDR83,basal,-0.372096863939367
WDR87,basal,0.3497454095500353
WDR89,basal,-0.5614264963456573
WDR90,basal,-1.1955172272547367
WDR91,basal,1.1073930287883844
WDSUB1,basal,0.1703808406307207
WDTC1,basal,-0.4164473498918285
WEE1,basal,-0.1447466823729687
WFDC2,basal,-0.21781120674193796
WFS1,basal,-2.320912530896266
WHAMM,basal,-0.4641333609578261
WIPF1,basal,0.02879869116428477
WIPF2,basal,-0.9368194760179888
WIPI1,basal,-0.010523759412375036
WIPI2,basal,0.8724295213730224
WIZ,basal,0.6286191652747889
WLS,basal,-0.655856088655026
WNK1,basal,0.21914871913700126
WNK4,basal,-1.6091178579882892
WNT2,basal,-0.039810145532212786
WNT5A,basal,-0.4178822843249192
WRAP53,basal,0.46038731732493293
WRN,basal,0.24538262833958693
WRNIP1,basal,1.1968508029304337
WTAP,basal,0.8231185265889995
WWC1,basal,-0.2706910638464579
WWC2,basal,-0.701555849053508
WWOX,basal,-0.2527891664625139
WWP1,basal,-1.9274600700478048
WWP2,basal,0.7320624973435953
WWTR1,basal,1.3707028798989878
XAB2,basal,-0.11029874657772079
XAF1,basal,0.23022483136417063
XDH,basal,0.6211395781416573
XIAP,basal,-1.048044018688664
XIRP1,basal,0.6213059010938783
XPA,basal,-1.45435415951104
XPC,basal,-1.490470916232765
XPNPEP1,basal,1.3889461178485638
XPNPEP3,basal,0.07938807615957003
XPO1,basal,0.9335273135839707
XPO4,basal,0.2593760227660792
XPO5,basal,1.844145616680212
XPO6,basal,0.5984925226890828
XPO7,basal,0.5813738563802099
XPOT,basal,1.0925060305831864
XRCC1,basal,-0.19920286205676543
XRCC4,basal,-0.5942481074644294
XRCC5,basal,-0.20103241750219314
XRCC6,basal,0.8272394572941211
XRN1,basal,0.38531758076844064
XRN2,basal,-0.28447745835796373
XYLB,basal,0.774104732442316
XYLT1,basal,-0.11230769110269541
YAF2,basal,-0.5338208455261039
YAP1,basal,0.5285892899623414
YARS2,basal,0.7950422887940632
YBX1,basal,2.418558530277033
YBX2,basal,0.1405251491524855
YDJC,basal,0.6404592744753278
YEATS2,basal,2.134866670539901
YEATS4,basal,-0.22331942331039573
YES1,basal,1.521226486945859
YIF1A,basal,0.20191522941331153
YIF1B,basal,0.7286310353651223
YIPF2,basal,0.768751663807785
YIPF3,basal,-0.007343056874589353
YIPF4,basal,0.9631152545648934
YIPF5,basal,-1.0247433711098497
YIPF6,basal,-0.5224595097864906
YKT6,basal,0.6256014818533864
YLPM1,basal,-0.4267949879408626
YME1L1,basal,0.49978766850030915
YOD1,basal,1.0139798862147555
YPEL2,basal,-1.5374671756867073
YPEL5,basal,-0.7234476724296972
YRDC,basal,1.2048949860535147
YTHDC1,basal,-0.7377292867670513
YTHDC2,basal,-1.5372534664928692
YTHDF1,basal,-0.05059135432281289
YTHDF2,basal,0.6340717670277901
YWHAB,basal,-0.6603090775904252
YWHAE,basal,0.5366314618195405
YWHAG,basal,0.5523464900375118
YWHAH,basal,0.6121310345033203
YWHAQ,basal,1.1778147100871026
YWHAZ,basal,0.6139963989870578
YY1,basal,0.40668326615060335
YY1AP1,basal,0.3243516641095253
ZAP70,basal,0.40553631157308484
ZBP1,basal,0.4412105454594813
ZBTB1,basal,-0.6792469574831894
ZBTB10,basal,0.1754203549739834
ZBTB11,basal,-0.5686660489661882
ZBTB2,basal,-0.2739909325867098
ZBTB20,basal,-0.024371494906204317
ZBTB33,basal,0.33800343643038805
ZBTB4,basal,-1.3493322473053666
ZBTB40,basal,-0.5255581873064933
ZBTB43,basal,-0.4997416317458121
ZBTB47,basal,-0.6325444709207273
ZBTB7A,basal,-1.8051729905574512
ZBTB7B,basal,-0.6462675091113206
ZBTB9,basal,-0.15812600814065186
ZC3H11A,basal,-0.39897300748082404
ZC3H12A,basal,0.10937700511882036
ZC3H13,basal,-0.6119116302543964
ZC3H14,basal,-0.7945257720110886
ZC3H15,basal,0.8387562326285185
ZC3H18,basal,1.3691975073663742
ZC3H4,basal,-0.016983758953554577
ZC3H6,basal,-0.685696514611856
ZC3H7A,basal,-0.632140222783832
ZC3H7B,basal,0.2287859477509894
ZC3H8,basal,0.3658871132495066
ZC3HAV1,basal,0.009308614192470997
ZC3HAV1L,basal,0.518733484314654
ZC3HC1,basal,0.8231675824310187
ZCCHC10,basal,-1.518612090458874
ZCCHC17,basal,0.4781395336894865
ZCCHC2,basal,0.15991502583427428
ZCCHC24,basal,-1.4353517237004259
ZCCHC3,basal,-0.2035902359979281
ZCCHC4,basal,-1.1831880518760844
ZCCHC7,basal,0.6060951041900522
ZCCHC9,basal,-0.35560774750044616
ZCRB1,basal,-0.47297834066878086
ZDHHC13,basal,0.6929982510937622
ZDHHC17,basal,-0.9159929599100611
ZDHHC20,basal,0.20008814303088454
ZDHHC3,basal,-0.7542137757775206
ZDHHC5,basal,0.2336822279471482
ZDHHC6,basal,0.01972683637302697
ZEB1,basal,-1.145691169073767
ZEB2,basal,-0.27137921475503973
ZER1,basal,-1.347731991994637
ZFAND1,basal,0.5599512791907986
ZFAND2B,basal,0.8481238799754472
ZFAND3,basal,-0.576898650889409
ZFAND5,basal,0.7977633441500316
ZFAND6,basal,-0.8647068396201512
ZFC3H1,basal,-0.44320244453078544
ZFHX3,basal,-0.9564899248788844
ZFP3,basal,-0.16203800276461625
ZFP36,basal,-0.2632188842508027
ZFP36L1,basal,0.016035967413511452
ZFP36L2,basal,0.4155850189278793
ZFP64,basal,0.20238491248022786
ZFP91,basal,-0.030931816875368123
ZFPL1,basal,0.37493487853903745
ZFR,basal,0.9328459688412182
ZFX,basal,-0.8812592759906656
ZFYVE1,basal,-1.4127464347005252
ZFYVE16,basal,-1.9065220106247063
ZFYVE19,basal,-0.9399519792289535
ZFYVE21,basal,-0.8398438388431514
ZFYVE26,basal,-0.7762820395395883
ZFYVE9,basal,0.3780233520393938
ZG16B,basal,-1.8883398534175675
ZGPAT,basal,-0.021691074640041295
ZHX1,basal,0.36028069652664674
ZHX2,basal,-0.5232320028083183
ZHX3,basal,-0.7255342600636786
ZKSCAN1,basal,-0.7082099653991687
ZKSCAN4,basal,-0.4422081920750703
ZMAT2,basal,-0.9495113917877708
ZMAT3,basal,-0.0015366144699531918
ZMAT5,basal,-0.2321898267534248
ZMIZ1,basal,-0.9145636831619172
ZMIZ2,basal,1.0973116938159115
ZMPSTE24,basal,-0.3819787665327118
ZMYM1,basal,0.25560372004641496
ZMYM2,basal,-0.4748695479526933
ZMYM3,basal,-0.04355396032508045
ZMYM4,basal,0.34204390134005547
ZMYND10,basal,-2.590539194924127
ZMYND11,basal,-0.25545952903986
ZMYND8,basal,-1.2760928660455695
ZNF121,basal,0.4343520601063311
ZNF143,basal,-0.3325897934462878
ZNF146,basal,1.2589405173842607
ZNF148,basal,-0.34451672153810686
ZNF184,basal,0.5612243871135452
ZNF185,basal,0.08890628744967871
ZNF205,basal,-0.41112837051589923
ZNF207,basal,0.10475690824618246
ZNF217,basal,-0.9068629605744377
ZNF219,basal,-0.45225173140776637
ZNF22,basal,0.9111245287296291
ZNF24,basal,-1.1501575846893182
ZNF250,basal,0.39062137484569054
ZNF264,basal,-0.9858167592490741
ZNF268,basal,-0.48982315216198713
ZNF276,basal,0.726673876568894
ZNF277,basal,0.05088878435434102
ZNF280C,basal,1.4107006447739365
ZNF280D,basal,-1.0160738105270115
ZNF281,basal,-1.0243084407285827
ZNF292,basal,0.4446812561148267
ZNF3,basal,0.07333151831259825
ZNF318,basal,0.5988219581253932
ZNF324,basal,-0.5007212395496027
ZNF326,basal,0.7332192839542625
ZNF331,basal,-0.4181374670941971
ZNF33A,basal,-0.22403740247747658
ZNF346,basal,-0.9952547374741905
ZNF358,basal,0.765276950004239
ZNF362,basal,0.7234616876044588
ZNF384,basal,0.9262124051793302
ZNF385A,basal,-1.718910738830601
ZNF395,basal,-0.47183747350614375
ZNF397,basal,-0.35333376723094817
ZNF407,basal,-0.3871694507961297
ZNF414,basal,-0.010571983401475036
ZNF417,basal,-0.75196133452724
ZNF428,basal,0.011424536042677864
ZNF436,basal,-0.3571611795206506
ZNF444,basal,-0.4508377748239935
ZNF446,basal,-1.6687423708835676
ZNF451,basal,-0.013735201930440285
ZNF460,basal,0.546192232467632
ZNF462,basal,1.9133197534726594
ZNF467,basal,-1.9271561347476285
ZNF48,basal,-0.5543470451215502
ZNF511,basal,0.26784849764654084
ZNF512,basal,0.2031289372399358
ZNF512B,basal,0.27359910850287766
ZNF521,basal,0.9970597109561127
ZNF526,basal,0.5853077923057176
ZNF532,basal,1.1446161947899876
ZNF552,basal,-2.9365779314886535
ZNF562,basal,0.23628169702798582
ZNF574,basal,0.2894523948017047
ZNF579,basal,0.1545603227958169
ZNF580,basal,-0.6061979264803489
ZNF581,basal,-0.18987862333421504
ZNF592,basal,0.09976816604326788
ZNF593,basal,0.5016817433214683
ZNF597,basal,-1.545927018063583
ZNF609,basal,-1.150808701054944
ZNF618,basal,0.6793172259700204
ZNF622,basal,-0.5483363775616227
ZNF623,basal,0.013957469689599464
ZNF629,basal,-0.9594652995817288
ZNF638,basal,-0.30857796675753046
ZNF639,basal,1.0004452437527773
ZNF644,basal,0.9296334285120302
ZNF652,basal,-1.345311616736444
ZNF654,basal,-0.5441530744976042
ZNF655,basal,-0.6289388129242481
ZNF664,basal,-0.3603322233190018
ZNF668,basal,-0.4552988506366831
ZNF687,basal,-0.1599011331152166
ZNF688,basal,-1.2564881695631416
ZNF691,basal,0.31425164482038
ZNF703,basal,-2.2605263021530044
ZNF704,basal,-0.5782684120144295
ZNF706,basal,0.4963826161737578
ZNF740,basal,-1.040777787167681
ZNF76,basal,0.23953173705507583
ZNF768,basal,-0.8055254090532309
ZNF776,basal,-1.3016402626133614
ZNF777,basal,0.6699535032725774
ZNF787,basal,0.37837534237000753
ZNF8,basal,0.2870292580921552
ZNF800,basal,-0.3255556431276727
ZNF827,basal,-0.5682493186942479
ZNF830,basal,-0.33911819182481984
ZNFX1,basal,-0.7296243019355766
ZNHIT1,basal,0.28321156271806813
ZNHIT2,basal,-0.015717295974541568
ZNHIT3,basal,-0.5989657727370413
ZNHIT6,basal,0.6497004616953245
ZNRF2,basal,-1.0911361259954215
ZRANB2,basal,0.7239594889367668
ZRSR2,basal,-0.39880875253068254
ZSCAN16,basal,-0.03159420954678197
ZSCAN18,basal,-0.41245751566842703
ZSCAN20,basal,-0.10628319102200398
ZSCAN21,basal,0.18300276579884092
ZW10,basal,1.024680413629592
ZWILCH,basal,0.8443942102207097
ZWINT,basal,0.5308464175976176
ZXDC,basal,-0.21977466819194935
ZYG11B,basal,0.22921346918311275
ZYX,basal,0.6006550942286056
ZZEF1,basal,-0.4481232326132643
ZZZ3,basal,0.3414513355284095
A1BG,her2,-0.7294801284602007
A2M,her2,-0.08842047401982625
A2ML1,her2,0.7463689292097381
AAAS,her2,-0.18824779155445573
AACS,her2,0.5355334990792585
AAGAB,her2,-0.12058087224191673
AAK1,her2,0.3284875285753878
AAMP,her2,0.03296277865397991
AARS2,her2,0.023375385346947455
AARSD1,her2,-0.7368308392385122
AASDHPPT,her2,0.11355768628598802
AASS,her2,-0.5396185471756804
AATF,her2,0.06124329669216669
ABAT,her2,-0.6435142903091846
ABCA1,her2,0.009596589673785834
ABCA2,her2,-0.341423259653349
ABCA3,her2,-0.8107202502879434
ABCB10,her2,-0.30033855009609683
ABCB6,her2,0.6286128532340628
ABCB7,her2,0.020228169855786012
ABCB8,her2,-0.1155204181683275
ABCC1,her2,0.1631707521198428
ABCC10,her2,0.4507805449149291
ABCC3,her2,0.7953360340791964
ABCC4,her2,0.7979182647437821
ABCD1,her2,0.925614819099872
ABCD3,her2,-0.6696945500965543
ABCE1,her2,0.2865296515255232
ABCF1,her2,0.3778037179531367
ABCF3,her2,0.1769098825145508
ABHD10,her2,-0.12370786485614517
ABHD11,her2,0.7400679467739156
ABHD12,her2,0.11788050394463677
ABHD14B,her2,-0.12403169582583638
ABHD3,her2,-0.17105119486544482
ABHD4,her2,0.3825101867215675
ABHD5,her2,0.2826544415262559
ABHD6,her2,0.48411115345027844
ABI1,her2,0.022974855657781183
ABI2,her2,-0.7768333673941498
ABI3,her2,0.0914342037363471
ABI3BP,her2,-0.08668587802939863
ABL1,her2,0.6559694738567412
ABL2,her2,-0.486558905927105
ABLIM1,her2,0.7593118033256095
ABLIM2,her2,-0.7462934000083123
ABLIM3,her2,-0.307377616208955
ABR,her2,-0.19530389221356026
ABT1,her2,0.40453982251611476
ABTB2,her2,0.3100522396099398
ACAA1,her2,0.2823437327595295
ACAA2,her2,-0.11121215129776583
ACACA,her2,0.36692391889374437
ACACB,her2,-0.5560655987552187
ACAD10,her2,-0.1559585431544242
ACAD11,her2,-0.44894487416393014
ACAD8,her2,0.17109113157992528
ACAD9,her2,-0.09267275614666634
ACADM,her2,0.021413245634932437
ACADS,her2,-0.7627454641909436
ACADSB,her2,-0.9138351488660036
ACADVL,her2,-0.33071213091848334
ACAN,her2,-0.07987011289153084
ACAP1,her2,0.27847132694633414
ACAP2,her2,0.020626794501587043
ACAP3,her2,0.34747475472352884
ACAT1,her2,-0.13039281885861412
ACAT2,her2,0.34826600854853673
ACBD3,her2,0.1479245852758517
ACBD5,her2,-0.2088659073487393
ACBD6,her2,-0.21214252498111763
ACBD7,her2,-0.4376839056601965
ACD,her2,-0.10992918670009137
ACE,her2,0.33667168068141656
ACIN1,her2,-0.052751618289010656
ACLY,her2,0.39678006025459
ACO1,her2,-0.1467856314812006
ACO2,her2,0.559480974234235
ACOT11,her2,-0.12763128160449566
ACOT13,her2,0.581146985989794
ACOT2,her2,0.026682299089327014
ACOT4,her2,-0.1962332405529179
ACOT7,her2,0.5396746545857616
ACOT8,her2,0.45286971682417837
ACOT9,her2,1.0170201977863704
ACOX1,her2,0.5212827776592485
ACOX2,her2,0.12488961707234862
ACOX3,her2,-0.5566972187445489
ACP1,her2,0.5238701100239387
ACP2,her2,-0.04344555946420705
ACP5,her2,0.04090022945467407
ACP6,her2,-0.15721814333657558
ACSF2,her2,0.20393967832803417
ACSF3,her2,0.16879650784872466
ACSL1,her2,1.0582018395496056
ACSL3,her2,0.40118990186590625
ACSL4,her2,-0.047698290807037004
ACSL5,her2,0.4244854478965692
ACSM1,her2,0.25660790286837165
ACSM3,her2,0.17594263857171907
ACSS1,her2,0.023797851884203098
ACSS2,her2,0.2187328714220678
ACSS3,her2,0.15837162330710045
ACTA1,her2,-0.005997793257706043
ACTA2,her2,0.04418880204655782
ACTB,her2,0.6763053573070466
ACTBL2,her2,0.225187901976075
ACTG1,her2,0.01633811806717023
ACTG2,her2,-0.253036053593672
ACTL6A,her2,0.2771284788266867
ACTL8,her2,0.386773225090736
ACTN1,her2,0.043124938140255045
ACTN4,her2,-0.033535527455169536
ACTR10,her2,0.1658840561525652
ACTR1A,her2,0.8225711518814789
ACTR1B,her2,0.30978241109909127
ACTR2,her2,0.9168549822198416
ACTR3,her2,1.1238562082117958
ACTR3B,her2,-0.40331955694347743
ACTR5,her2,0.07482330746916681
ACTR6,her2,0.07144599277853889
ACTR8,her2,-0.5644891085497271
ACVR1,her2,0.3638865337885304
ACY1,her2,0.08369885722455864
ACYP1,her2,-0.04272852906581054
ACYP2,her2,0.04852397467244619
ADA,her2,0.3298813152782279
ADAM10,her2,0.2860292282486987
ADAM12,her2,0.2736353415514599
ADAM15,her2,0.7393331238190203
ADAM17,her2,0.1807597566832766
ADAM8,her2,0.36918635287831003
ADAM9,her2,0.34211688872684465
ADAMDEC1,her2,0.4860498512749758
ADAMTS12,her2,0.27877214887883195
ADAMTS2,her2,0.3788232857184066
ADAMTS4,her2,0.3241715017237941
ADAMTS7,her2,0.3690239217233475
ADAMTSL1,her2,0.05766061240447293
ADAMTSL2,her2,0.0984683334927923
ADAMTSL4,her2,0.11589278438180362
ADAP1,her2,-0.3901821370312334
ADAP2,her2,0.15566931545418417
ADAR,her2,-0.2082888761582125
ADARB1,her2,-0.12381550951129495
ADAT1,her2,0.17590800217736866
ADAT2,her2,-0.16976609591161773
ADAT3,her2,0.10877916921779378
ADCK1,her2,0.20820533828442614
ADCK5,her2,-0.03574197774997091
ADCY6,her2,-0.09521163680010941
ADCY9,her2,-0.9927011520912117
ADD1,her2,-0.7638414915418585
ADD2,her2,-0.3508422540572786
ADD3,her2,0.03820252894536744
ADH1B,her2,-0.3461444029623901
ADH5,her2,-0.2511788038338153
ADHFE1,her2,-0.6837326891145241
ADI1,her2,0.6426412098126115
ADIPOR1,her2,0.2366758428484989
ADIPOR2,her2,-0.6751783717761161
ADK,her2,0.4783693083334676
ADNP,her2,0.07810350515649635
ADNP2,her2,-0.13336973271011054
ADO,her2,-0.025265250742795328
ADPGK,her2,-0.17343819791423182
ADPRH,her2,-0.17009094005829023
ADRM1,her2,0.5462440868310142
ADSL,her2,0.5033552863961325
AEBP1,her2,0.20896035858205167
AEBP2,her2,-0.6397495682442532
AFAP1,her2,0.047562438128436524
AFAP1L1,her2,-0.061111477652692196
AFAP1L2,her2,-0.5933690207359483
AFF1,her2,-0.008758266609766826
AFF3,her2,-1.0115461806595156
AFF4,her2,-0.15064135101830275
AFG3L2,her2,-0.0599668651502638
AFM,her2,-0.1506364231656259
AFMID,her2,0.17350638702593787
AFTPH,her2,-0.38037356993886695
AGA,her2,0.2096929965313767
AGAP1,her2,-0.048609863789042036
AGAP2,her2,0.4891406094760922
AGAP3,her2,-0.25479249479278726
AGFG1,her2,0.6809059866858527
AGFG2,her2,-0.28255108165238885
AGGF1,her2,-0.0636294409358025
AGK,her2,0.023699981507263657
AGL,her2,0.13465419375189916
AGPAT1,her2,-0.2014718284303322
AGPAT2,her2,0.5002676026847768
AGPAT3,her2,0.135915147178749
AGPAT5,her2,-0.2304039689733698
AGPS,her2,-0.3494123357576455
AGR2,her2,0.05698078033167303
AGR3,her2,-0.9647817857291648
AGRN,her2,-0.1249945435328453
AGT,her2,-0.46887273201124413
AGTPBP1,her2,0.07919059515552325
AGTRAP,her2,-0.0034725629427598795
AHCTF1,her2,-0.05158305175007352
AHCY,her2,0.419686496549619
AHCYL1,her2,-0.34412425232159866
AHCYL2,her2,-0.2890647750733745
AHDC1,her2,0.15915402056464995
AHI1,her2,-0.06283412867826965
AHNAK,her2,-0.37679821598685365
AHNAK2,her2,-0.33195324125555914
AHR,her2,-0.24793851843197262
AHSA1,her2,0.8904301743618767
AHSG,her2,0.02614470479832154
AHSP,her2,0.05057369431891491
AIDA,her2,-0.005096866775850745
AIF1,her2,0.09913284497186199
AIF1L,her2,0.5719774753236755
AIFM1,her2,0.9878727500861726
AIFM2,her2,-0.15544491452912942
AIMP1,her2,-0.619499275548295
AIMP2,her2,0.21956770090775518
AIP,her2,0.10034970974025646
AK1,her2,0.2663265702570438
AK2,her2,0.07107939225222008
AK3,her2,-0.5700477200188047
AK5,her2,-0.31037794172096533
AKAP1,her2,-0.2556417773960418
AKAP10,her2,-0.5269435095704169
AKAP11,her2,-0.2700525945326507
AKAP12,her2,-0.1902437338199997
AKAP13,her2,-0.12754772628633693
AKAP5,her2,-0.1554664173896452
AKAP7,her2,-0.1778701127350029
AKAP8,her2,-0.3516897436067979
AKAP8L,her2,-0.13675828149760014
AKAP9,her2,-0.4644029313935138
AKIRIN2,her2,0.08372806849792006
AKNA,her2,0.14098640565356688
AKR1A1,her2,1.1586260394615582
AKR1B1,her2,0.09790577606878877
AKR1B10,her2,1.387849402869286
AKR1C2,her2,0.18700457423202008
AKR1C3,her2,-0.008179480644997402
AKR7A2,her2,-0.42477035081883396
AKR7A3,her2,-0.25449357352425506
AKT1,her2,1.0237041400700126
AKT1S1,her2,0.14410233135149103
AKT2,her2,-0.5202499814503065
AKT3,her2,-0.23661298613938178
AKTIP,her2,-0.13795097958162084
ALAD,her2,-0.3160303506083963
ALAS1,her2,0.20014983976322587
ALB,her2,-0.14225386282855923
ALCAM,her2,0.5396652357042608
ALDH16A1,her2,0.12830786659695098
ALDH18A1,her2,0.7726331063331393
ALDH1A1,her2,0.1714817529052822
ALDH1A2,her2,-0.12452928858428075
ALDH1A3,her2,0.4339211167714471
ALDH1B1,her2,-0.05211978601999104
ALDH1L1,her2,-0.31345431013988756
ALDH1L2,her2,0.05253968083911597
ALDH2,her2,0.32388353760282196
ALDH3A2,her2,-0.5449603124514865
ALDH4A1,her2,0.7830084291691654
ALDH5A1,her2,-0.6179232131474565
ALDH6A1,her2,-0.05452053359800817
ALDH7A1,her2,0.45028562382837894
ALDH9A1,her2,-0.13171107408405472
ALDOA,her2,0.5171133535896816
ALDOC,her2,0.14417979939045783
ALG1,her2,-0.21781577449497172
ALG11,her2,0.07527661135747785
ALG12,her2,0.3518825369681794
ALG13,her2,-0.20226136528552663
ALG2,her2,0.18045545989290718
ALG5,her2,0.030408456989113843
ALG6,her2,0.2033235092045294
ALG9,her2,0.05977106131664329
ALKBH1,her2,0.13941871355005675
ALKBH2,her2,-0.2961261734635223
ALKBH3,her2,0.07672899278936618
ALKBH4,her2,-0.2318182910587157
ALKBH5,her2,-0.10860497496976412
ALKBH6,her2,-0.03560487278954164
ALKBH7,her2,-0.21423046180698943
ALKBH8,her2,-0.8692849717580474
ALLC,her2,-0.060928176990148956
ALMS1,her2,-0.326881504362871
ALOX15,her2,0.2839069851023609
ALOX15B,her2,0.8578573283010676
ALOX5,her2,-0.08485832622749838
ALOX5AP,her2,-0.038275737822053194
ALPK1,her2,-0.3898523910694867
ALPL,her2,-0.1816725195278644
ALS2,her2,0.0756853987290728
AMACR,her2,0.7811523790709844
AMBP,her2,0.5717673344236343
AMBRA1,her2,-0.5272606164921021
AMDHD1,her2,-0.5065823827603009
AMDHD2,her2,0.10930220596181076
AMFR,her2,-0.5995937766462697
AMIGO2,her2,-0.4457791769706064
AMMECR1,her2,0.5645267878279274
AMOT,her2,0.08103081968207587
AMOTL1,her2,0.14291788269085476
AMOTL2,her2,-0.6386647888773396
AMPD2,her2,-0.36597998587404496
AMPD3,her2,-0.10843022603294983
AMPH,her2,-0.16561957394974014
AMT,her2,-0.6875695367977349
AMZ2,her2,0.04128500732157487
ANAPC1,her2,0.06191743433941058
ANAPC10,her2,0.07040322478630547
ANAPC11,her2,0.03986372857761982
ANAPC13,her2,0.19510965472436237
ANAPC16,her2,0.06069832006659565
ANAPC2,her2,0.09248801336606016
ANAPC4,her2,-0.8998199364549776
ANAPC5,her2,-0.06852833516850376
ANAPC7,her2,0.2541381774214433
ANG,her2,-0.38993653458286776
ANGEL2,her2,-0.5101271632431262
ANGPT2,her2,0.3524970787370959
ANGPTL2,her2,0.2041990890464312
ANGPTL4,her2,0.133123356011458
ANK1,her2,-0.09862272382833588
ANK2,her2,-0.3414064762439006
ANK3,her2,0.29929143901033206
ANKFY1,her2,-0.3475926211939397
ANKHD1,her2,-0.41221827051057747
ANKIB1,her2,-0.10176552018199395
ANKLE2,her2,-0.37986130719747135
ANKMY2,her2,-0.22106321832334844
ANKRD10,her2,-0.31274714280714516
ANKRD11,her2,-0.007182183810885352
ANKRD12,her2,-0.6309016565707806
ANKRD13A,her2,-0.0219179984047159
ANKRD13D,her2,-0.04479310197437996
ANKRD16,her2,-0.5022541904664546
ANKRD17,her2,0.5061972645224372
ANKRD22,her2,0.5813677380865178
ANKRD26,her2,-0.8536861986165376
ANKRD27,her2,-0.21553637422463795
ANKRD28,her2,-0.4783308520371036
ANKRD30A,her2,-0.18908898937790847
ANKRD35,her2,-0.3713206348189191
ANKRD39,her2,-0.13123309537670907
ANKRD40,her2,0.21359459616777762
ANKRD44,her2,0.031155685646158632
ANKRD49,her2,-0.05330551331282975
ANKRD50,her2,0.05960835756325151
ANKRD52,her2,0.2479876436899166
ANKRD54,her2,0.5714164286496003
ANKS1A,her2,-0.1718106231550525
ANKS3,her2,-0.4996096025965039
ANKZF1,her2,0.07922368674198452
ANLN,her2,0.7444387388526352
ANO1,her2,-0.3504957980580886
ANO10,her2,0.6298406665427023
ANO6,her2,0.05404545171445798
ANP32A,her2,-0.04955512688308577
ANP32B,her2,0.2354136714469942
ANP32E,her2,-0.5241003484053441
ANPEP,her2,-0.38717025189487625
ANTXR1,her2,0.10715122065440706
ANTXR2,her2,0.1708305028781967
ANXA1,her2,0.09769845984090703
ANXA11,her2,-0.10883684781570714
ANXA2,her2,0.6085115977457356
ANXA3,her2,0.4097237135727844
ANXA4,her2,0.6361455733113318
ANXA5,her2,0.40522851353768363
ANXA6,her2,-0.30410674155115924
ANXA7,her2,0.4314401756341286
ANXA8L1,her2,-0.2674824040717083
ANXA9,her2,-0.6772960592845048
AOAH,her2,0.018542784699547673
AOC3,her2,-0.22672599058814
AOX1,her2,-0.3191439573869834
AP1AR,her2,-1.0527231971397062
AP1B1,her2,0.9209138394485517
AP1G1,her2,0.3215126621447207
AP1G2,her2,-0.057510761883316996
AP1M1,her2,0.293090726248317
AP1M2,her2,-0.03461545894831434
AP1S1,her2,0.24527263262470186
AP1S2,her2,-0.05587746757709105
AP1S3,her2,0.5695596618812709
AP2A1,her2,0.05380285823603017
AP2A2,her2,-0.12785160561387643
AP2B1,her2,-0.4513487410563152
AP2M1,her2,0.39426089362314826
AP2S1,her2,0.547740268656463
AP3B1,her2,-0.06161908097300878
AP3B2,her2,-0.4214749012273092
AP3D1,her2,0.2610958750152648
AP3M1,her2,0.20515659817167123
AP3M2,her2,-0.48941023898494834
AP3S1,her2,0.4398966294932744
AP3S2,her2,-0.16592086915889914
AP4B1,her2,0.03621980451928549
AP4E1,her2,-0.2211836658281636
AP4M1,her2,-0.004223390690996102
AP4S1,her2,0.37101714853407386
APAF1,her2,-0.014228335978222643
APBA1,her2,-0.4880433052168153
APBA2,her2,0.4028942470612098
APBA3,her2,-0.16094631197064133
APBB1,her2,-0.6879899836842309
APBB1IP,her2,0.13352902351890275
APBB2,her2,-0.7195313273549196
APC,her2,0.06349615514631267
APCS,her2,0.03460975141160766
APEH,her2,0.3102154564024536
APEX1,her2,0.38126461278781626
APEX2,her2,0.6140391345485359
API5,her2,-0.21251411025583997
APIP,her2,-0.6349005299991114
APLF,her2,-0.04739468960281842
APLP2,her2,0.2915809702307038
APOA1,her2,-0.48316759722226765
APOA2,her2,0.13376766134885226
APOA4,her2,-0.08991703954381793
APOB,her2,-0.14353826029461986
APOBEC3B,her2,0.4436758031939876
APOBEC3C,her2,-0.015810435863682058
APOBEC3F,her2,0.08265648864234727
APOBEC3G,her2,0.19073315373864852
APOC1,her2,0.8199444753635956
APOC3,her2,-0.22849018033887314
APOC4,her2,0.4525075069550483
APOD,her2,0.423773273225352
APOE,her2,0.4698473302174534
APOF,her2,0.16662556513353008
APOH,her2,0.5737651117885096
APOL1,her2,0.49139606383390955
APOL2,her2,0.7049068092498042
APOL3,her2,0.2829334698787708
APOM,her2,-0.16281078878751692
APOO,her2,0.5090276236507897
APOOL,her2,0.06042108631398397
APP,her2,0.17848720768331505
APPBP2,her2,-0.020203349931389728
APPL1,her2,-0.694503959857642
APPL2,her2,-0.35850455464157305
APRT,her2,0.37413282636389833
APTX,her2,0.024305504472708437
AQP1,her2,-0.39029939634352256
AQR,her2,0.3701775772605056
AR,her2,0.32801219274260085
ARAF,her2,0.03446942738486892
ARAP1,her2,-0.3839778796772777
ARAP2,her2,0.048929792233534185
ARAP3,her2,-0.16304884734524522
ARCN1,her2,0.6089209889110087
ARF1,her2,0.39509018305872723
ARF3,her2,-0.17038654096195405
ARF4,her2,0.5554314692127862
ARF5,her2,0.16570998936464137
ARF6,her2,0.3183896249907235
ARFGAP1,her2,0.29828004968469507
ARFGAP2,her2,-0.530716475729689
ARFGAP3,her2,0.5756618706770211
ARFGEF1,her2,-0.38591812194440095
ARFGEF2,her2,-0.2871898594060434
ARFIP1,her2,-0.09335600003347234
ARFIP2,her2,0.06350573640670511
ARFRP1,her2,-0.13127355971651072
ARG1,her2,0.1268276955854715
ARGLU1,her2,-0.3852464602436523
ARHGAP1,her2,0.10790928143432886
ARHGAP10,her2,0.6644744768892015
ARHGAP12,her2,-0.11393982154541044
ARHGAP15,her2,0.2671373719014491
ARHGAP17,her2,0.23303786148883007
ARHGAP18,her2,-0.006299387373329003
ARHGAP21,her2,-0.4293387277792436
ARHGAP22,her2,-0.2882890874426715
ARHGAP24,her2,0.05613148849812095
ARHGAP25,her2,0.3507696684649898
ARHGAP26,her2,0.4412385650068894
ARHGAP27,her2,0.2281684017284776
ARHGAP29,her2,-0.10477103314845874
ARHGAP30,her2,0.2900985591390118
ARHGAP31,her2,-0.20955767573142006
ARHGAP32,her2,0.13855745625131666
ARHGAP39,her2,-0.25808083038197666
ARHGAP4,her2,0.15426882177292306
ARHGAP5,her2,-0.2691591604757991
ARHGAP6,her2,-0.18482283217716855
ARHGAP8,her2,0.6934700066296886
ARHGAP9,her2,0.14393686736087533
ARHGDIA,her2,0.12141103818450197
ARHGDIB,her2,0.07477180469370302
ARHGEF1,her2,-0.3933504997371042
ARHGEF10,her2,-0.5692365817188422
ARHGEF10L,her2,-0.6514001188198811
ARHGEF11,her2,-0.5467880786903422
ARHGEF12,her2,-0.13718635506370294
ARHGEF16,her2,0.2901710600677289
ARHGEF17,her2,-0.625150702183806
ARHGEF18,her2,-0.3025695618112428
ARHGEF2,her2,-0.5212703421068274
ARHGEF3,her2,-0.16328603837144148
ARHGEF35,her2,-0.03133333022652116
ARHGEF37,her2,0.035461445655918744
ARHGEF38,her2,0.58642185676414
ARHGEF5,her2,-0.19579628525509266
ARHGEF6,her2,-0.5235205250849013
ARHGEF7,her2,-0.180548478420565
ARID1A,her2,-0.20965107621073845
ARID1B,her2,-0.1921536692550782
ARID2,her2,-0.26743647415127214
ARID3A,her2,0.30352493505428935
ARID4A,her2,-0.4640997246786847
ARID4B,her2,-0.23362105799205612
ARID5A,her2,-0.1815325488379118
ARID5B,her2,0.13760506891210497
ARIH1,her2,0.20624760334564846
ARIH2,her2,-0.06468877747943097
ARL1,her2,-0.3115454291694813
ARL15,her2,-0.07463702877442054
ARL2,her2,-0.1766099765770503
ARL2BP,her2,0.21536277553314162
ARL3,her2,-0.7516556251232744
ARL5A,her2,0.16368376087110822
ARL5B,her2,0.27406053417012566
ARL6,her2,-0.6760705218701304
ARL6IP1,her2,-0.10231651359046488
ARL6IP5,her2,0.14838188538084324
ARL6IP6,her2,-0.06320711878543382
ARL8A,her2,-0.3288844557635296
ARL8B,her2,-0.12298451655716101
ARMC1,her2,0.007646115468890623
ARMC10,her2,-0.27825847390229697
ARMC5,her2,-0.421184042860503
ARMC6,her2,0.16946689704855183
ARMC7,her2,-0.3211664195365675
ARMC8,her2,-0.4429661879713798
ARMC9,her2,-0.399523746994232
ARMCX1,her2,-0.7452288955602627
ARMCX2,her2,-0.816999234830546
ARMCX3,her2,-0.08345807783953375
ARMCX5,her2,-0.11319097874313373
ARNT,her2,-0.7030792107129334
ARNT2,her2,-0.8794429029719987
ARPC1A,her2,0.1613696651270665
ARPC1B,her2,0.44285564933567023
ARPC2,her2,0.5277227319783887
ARPC3,her2,0.5625563315873773
ARPC4,her2,0.38167028792967045
ARPC5,her2,0.14417665145343336
ARPC5L,her2,0.9024079992188373
ARPP19,her2,-0.11425759303309868
ARRB1,her2,-0.14125496621567715
ARRB2,her2,0.03829197330161544
ARRDC1,her2,0.9521562623582612
ARSA,her2,0.06136891332445037
ARSB,her2,0.5079840250185028
ARSD,her2,0.08505598960693181
ARV1,her2,-0.1337469314305197
ARVCF,her2,0.467169028210281
AS3MT,her2,-0.9574735487956714
ASAH1,her2,-0.35002854822937884
ASAP1,her2,-0.0376098385608775
ASAP2,her2,0.13374712098618052
ASAP3,her2,-0.02373327973033006
ASB1,her2,-0.15739864972006581
ASB13,her2,-1.692774155880188
ASB6,her2,0.4095289711890227
ASB7,her2,-0.5567297100179885
ASB9,her2,0.18060206949595853
ASCC1,her2,0.374356016494579
ASCC2,her2,1.08258799064092
ASCC3,her2,0.8896291438731839
ASF1A,her2,0.6882171825446438
ASF1B,her2,0.5401889030355873
ASGR2,her2,-0.11010960389808067
ASH1L,her2,-0.5646936137444597
ASH2L,her2,-0.3566637794414841
ASL,her2,0.10038190224703705
ASNS,her2,0.3368903301382509
ASNSD1,her2,-0.17466072512007638
ASPA,her2,-0.5814946661578901
ASPH,her2,0.529912420618312
ASPM,her2,0.3794341508530075
ASPSCR1,her2,0.13666745590335647
ASRGL1,her2,0.8332416814150334
ASS1,her2,0.8195329954071218
ASTE1,her2,-0.22876127929365564
ATAD1,her2,-0.15748961519403867
ATAD2,her2,0.0998595785491018
ATAD2B,her2,0.47647708831713015
ATAD3A,her2,0.2754209487558042
ATAD3B,her2,0.16133504620420855
ATE1,her2,-0.12431121660945765
ATF1,her2,-0.3464378462055735
ATF2,her2,-0.13262960039655228
ATF7,her2,0.02597042318651512
ATF7IP,her2,0.15080183469895747
ATG12,her2,0.196749460249694
ATG16L1,her2,0.5023012408748698
ATG2A,her2,-0.21888039596156936
ATG2B,her2,-0.29950116834089563
ATG3,her2,0.43761469007471687
ATG4A,her2,0.8981237848674237
ATG4B,her2,0.013832194369300006
ATG4C,her2,-0.15196942655570106
ATG5,her2,0.570433845215893
ATG7,her2,0.6496964760292182
ATG9A,her2,-0.02014894282188477
ATIC,her2,0.1725839982223393
ATL1,her2,-0.31229043542352736
ATL2,her2,-0.10572749396987045
ATL3,her2,0.31164459953043117
ATM,her2,-0.0342036414775958
ATN1,her2,-0.6036460834763475
ATOX1,her2,0.635945556437272
ATP11A,her2,0.3163072567846537
ATP11B,her2,0.606131539155014
ATP11C,her2,0.3471839581316139
ATP13A1,her2,0.29712205445928574
ATP13A2,her2,-0.4079022708012266
ATP13A3,her2,0.11339404854586954
ATP1A1,her2,0.49110865732381737
ATP1B1,her2,-0.10976728860934368
ATP1B3,her2,0.30064941390074135
ATP2A2,her2,0.4633873550082895
ATP2A3,her2,0.46471314081967424
ATP2B1,her2,0.4220473527982632
ATP2B4,her2,-0.06532847936583812
ATP2C1,her2,0.49228896131221805
ATP6AP1,her2,0.0060716681778096885
ATP6AP2,her2,-0.020090059151747233
ATP6V0A1,her2,-0.5369591771056632
ATP6V0A2,her2,-0.35649131424157493
ATP6V0A4,her2,0.6172605280756431
ATP6V0D1,her2,0.8751866910214013
ATP6V1A,her2,0.031730587871261776
ATP6V1B1,her2,-0.9809335158114709
ATP6V1B2,her2,0.20514026482286626
ATP6V1C1,her2,-0.4249086054758073
ATP6V1D,her2,0.5694801363443941
ATP6V1E1,her2,0.4634485933467235
ATP6V1F,her2,0.25123627466240056
ATP6V1G1,her2,0.4360958066402646
ATP6V1G2,her2,-0.36717673350912977
ATP6V1H,her2,-0.17280955637222212
ATP7A,her2,0.17084811547113363
ATP8B1,her2,0.01985940159079924
ATP9A,her2,0.001975352406755591
ATP9B,her2,-0.8543964235408509
ATPAF1,her2,-0.1666661563894137
ATPAF2,her2,-0.6177262382616071
ATR,her2,-0.04535879557655081
ATRIP,her2,-0.8742133517842307
ATRN,her2,-0.35325334503362743
ATRX,her2,-0.21640754253310274
ATXN1,her2,0.2533760522684594
ATXN10,her2,-0.11029455709624447
ATXN1L,her2,-0.06966302551176913
ATXN2,her2,-0.3917846407905153
ATXN2L,her2,-0.27382217315857027
ATXN3,her2,-0.29946123388359636
ATXN7,her2,-0.2883880321353656
ATXN7L3,her2,-0.9627090245201637
ATXN7L3B,her2,0.3069894355163775
AUH,her2,-0.4784781408717651
AUP1,her2,0.33399385687010835
AURKA,her2,0.7594520065354193
AURKB,her2,0.4773019318838971
AUTS2,her2,-0.2951108820108594
AVEN,her2,0.7725643696021258
AVL9,her2,0.23991854691204886
AXIN1,her2,-0.35175794849929365
AXL,her2,-0.046753932463851136
AZGP1,her2,0.053370141500434065
AZI2,her2,-0.3908502975673031
AZU1,her2,-0.7198201679264465
B2M,her2,0.4106759545987175
B3GALT6,her2,-0.6621998652464577
B3GAT3,her2,-0.12765438627325046
B3GNT2,her2,0.46818144424813163
B4GALT1,her2,0.10534159928298645
B4GALT3,her2,0.3406856689559723
B4GALT4,her2,0.10286684576262513
B4GALT7,her2,-0.22748781577350197
B9D1,her2,-0.46749004911098296
BACH1,her2,0.45371154950231585
BAD,her2,-0.21230369171092153
BAG1,her2,-0.6077243501989753
BAG2,her2,-0.2871112985192226
BAG3,her2,-0.103408283471803
BAG4,her2,-0.5159951539713047
BAG5,her2,0.34330827255413515
BAHD1,her2,0.15293062457843468
BAIAP2,her2,-0.2153123523647563
BAIAP2L1,her2,0.35751285944652106
BAK1,her2,0.22207942341447223
BANF1,her2,0.3680889915562671
BANK1,her2,0.3729743828057797
BANP,her2,-0.048631956641754265
BAP1,her2,-0.4372216865422555
BARD1,her2,0.17943311026761005
BASP1,her2,-0.09701752425916937
BAX,her2,-0.07624217603627453
BAZ1A,her2,0.7937312479268323
BAZ1B,her2,0.12269445184188749
BAZ2A,her2,-0.04051692019030354
BAZ2B,her2,-0.2535245087922463
BBC3,her2,-0.18132801916111926
BBOX1,her2,0.22965861105892144
BBS1,her2,-0.6791900215092201
BBS2,her2,-0.5253964018862232
BBS4,her2,-0.3970244181629361
BBS7,her2,-0.25433670290649235
BBS9,her2,-0.7694698027476683
BBX,her2,-0.263948612250347
BCAM,her2,-0.4185898051939446
BCAP29,her2,0.14076178608414508
BCAP31,her2,0.5264941204520496
BCAR1,her2,0.3798525089450181
BCAR3,her2,0.118791041918681
BCAS1,her2,0.2405588501818012
BCAS2,her2,0.27490166877613637
BCAS3,her2,-0.40799877708287113
BCAS4,her2,-0.06008924388513125
BCAT1,her2,0.3590888385424396
BCAT2,her2,-0.6140902781434019
BCCIP,her2,0.48173105714754194
BCHE,her2,-0.4668694693388021
BCKDHA,her2,-0.23973621418707944
BCKDHB,her2,-0.10264158091539584
BCKDK,her2,-0.24180844432341228
BCL10,her2,0.05501035618985507
BCL11B,her2,0.29617385010208247
BCL2,her2,-1.4469413112629754
BCL2L1,her2,0.21867719009752007
BCL2L11,her2,0.05542030479807177
BCL2L13,her2,0.3825166787866495
BCL2L14,her2,-0.0023850779223181613
BCL3,her2,0.29243756367824253
BCL6,her2,-0.17556602362385937
BCL7A,her2,-0.10684843363503962
BCL7B,her2,0.07237980347755363
BCL7C,her2,-0.04422522950943331
BCL9,her2,-0.42449123742711165
BCL9L,her2,0.25698466702825495
BCLAF1,her2,0.16330445682922592
BCOR,her2,-0.0894704109104185
BCORL1,her2,-0.5724869360809631
BCR,her2,0.7130438568460168
BCS1L,her2,0.0776277249599277
BDH1,her2,0.2937131867149646
BDH2,her2,-0.5333596537332895
BECN1,her2,-0.6333155708125481
BEND3,her2,0.8303561040207347
BET1,her2,-0.19024991431089358
BET1L,her2,-0.06081993126783737
BGN,her2,0.10880487847674648
BHLHE40,her2,-0.47952831151463904
BICC1,her2,0.15328887387566056
BICD1,her2,-0.19479202858676234
BICD2,her2,-0.05182197882480755
BID,her2,0.5264263144176976
BIN1,her2,0.20194108269754843
BIN2,her2,0.36816684914722814
BIN3,her2,-0.5356320854997759
BIRC2,her2,-0.31277364527905815
BIRC3,her2,0.04102794330295423
BIRC5,her2,0.403608414016417
BIRC6,her2,0.22056015376219515
BLM,her2,0.42135940074113437
BLMH,her2,-0.12755923416881462
BLNK,her2,0.14862885559559658
BLOC1S1,her2,-0.23688120106071864
BLOC1S2,her2,0.3960669270108604
BLOC1S3,her2,0.2671183511039759
BLVRA,her2,0.12994379670147022
BLVRB,her2,0.5294132380390237
BLZF1,her2,-0.36691252566101556
BMF,her2,0.22653571689757485
BMP1,her2,0.3244961409299221
BMP2K,her2,0.0459468580992554
BMPR1B,her2,-0.8101741636246554
BMS1,her2,0.44824079879412
BNIP1,her2,0.11488528948757225
BNIP2,her2,0.1404059612902376
BNIP3,her2,0.6517517457693578
BNIP3L,her2,-0.01375601645159812
BNIPL,her2,-0.9996468843550189
BOD1,her2,-0.797911993136407
BOK,her2,-0.1306502509930917
BOLA1,her2,-0.1550472886815974
BOLA3,her2,0.6924075684856917
BOP1,her2,-0.05780904490130534
BPGM,her2,0.06351637444243738
BPHL,her2,0.059427599555666816
BPI,her2,-0.23955643854630868
BPNT1,her2,0.0187342572651151
BPTF,her2,-0.04692371919673736
BRAF,her2,-0.5212807793650972
BRAP,her2,-0.24953220178966992
BRCA1,her2,-0.051499211034328043
BRCC3,her2,0.5704716149625172
BRD1,her2,0.25992236160123117
BRD2,her2,-0.07598448856461389
BRD3,her2,0.2778445202854656
BRD4,her2,-0.13215481679651395
BRD7,her2,0.5442887516337864
BRD8,her2,-0.7596173388921618
BRD9,her2,-0.49995393415037004
BRF1,her2,-0.052218696634430434
BRIP1,her2,0.1841176716764558
BRIX1,her2,0.46474382192257924
BRMS1,her2,0.27233217942396853
BRMS1L,her2,0.1470736733006425
BRPF1,her2,-0.25364779716346114
BRPF3,her2,0.055053670969499494
BRWD1,her2,-0.11206742032215673
BRWD3,her2,0.17814521613775106
BSCL2,her2,0.2136431404445567
BSDC1,her2,-0.15959866333267925
BSG,her2,0.4373458865657873
BSPRY,her2,-0.042401974434447105
BST1,her2,0.003772132202894973
BST2,her2,-0.22372535638490923
BTAF1,her2,0.11604717795348951
BTBD1,her2,-0.42860955366517145
BTBD10,her2,-0.13682799577701296
BTBD2,her2,-0.4458578261599773
BTBD9,her2,-0.28459399723228956
BTD,her2,-0.2943788735434966
BTF3,her2,-0.7059287716895608
BTF3L4,her2,0.2615907659277963
BTG1,her2,0.045563819538317424
BTK,her2,0.2355835553904437
BTN3A1,her2,0.18528064954869564
BTN3A3,her2,0.3360243508899995
BUB1B,her2,0.6030500923853377
BUB3,her2,-0.16148239013998122
BUD13,her2,0.05671188240904393
BUD31,her2,0.3440568313067685
BYSL,her2,0.1448095775449451
BZW1,her2,0.216146456644678
BZW2,her2,0.5187787365356001
C11orf52,her2,-0.1530058909102597
C11orf58,her2,-0.5601225333581918
C11orf68,her2,-0.223748493297205
C12orf43,her2,-0.27191092084558033
C12orf57,her2,-0.12494504970949723
C12orf75,her2,0.18701405477846994
C14orf119,her2,0.40972939158872423
C15orf40,her2,-0.1534354673770257
C17orf75,her2,-0.4620403395009898
C18orf32,her2,-0.2665170897742651
C19orf12,her2,-0.0813490667163015
C19orf25,her2,0.037562583401279825
C19orf33,her2,-0.4362553997827481
C19orf47,her2,0.13488040182566516
C19orf53,her2,0.17568594635880494
C1D,her2,0.04236637599746344
C1QA,her2,0.3307679322860942
C1QB,her2,0.3904048497473699
C1QBP,her2,-0.10404596751637035
C1QC,her2,0.3030740763352097
C1QTNF3,her2,0.14520004087027205
C1RL,her2,-0.6675411873895164
C1S,her2,0.1296544631597562
C1orf116,her2,0.2637211212310563
C1orf122,her2,0.404408865704616
C1orf174,her2,0.1507182244683964
C1orf198,her2,0.7664614655744072
C1orf21,her2,-0.5523611446068569
C1orf226,her2,-1.2861807943888783
C1orf35,her2,0.06037291724866231
C1orf50,her2,0.09119812431227406
C1orf52,her2,-0.0690876540525327
C2,her2,0.41020687238795317
C2CD2,her2,0.051297266541412624
C2CD2L,her2,0.357566541213891
C2CD3,her2,0.07146740453064844
C2orf68,her2,0.29911899901415817
C2orf69,her2,0.07293710196948505
C2orf76,her2,0.09289656245593018
C3,her2,-0.041963030331034525
C3orf38,her2,-0.0019179236493589505
C4BPA,her2,0.13205201093827817
C4BPB,her2,0.15305939727745746
C4orf33,her2,-0.06356968136773095
C5,her2,-0.6552244762048327
C5AR1,her2,0.31903524193587157
C5orf22,her2,0.3363996935034555
C5orf24,her2,-0.37847375318479465
C6,her2,-0.472007623056203
C6orf132,her2,-0.07664393170890416
C6orf47,her2,-0.08930103800036153
C6orf89,her2,-0.777767891936667
C7,her2,-0.4319257817857459
C7orf25,her2,-0.03191160104764813
C8A,her2,0.9899992597982996
C8B,her2,0.7669003037300521
C8G,her2,0.08655782539540773
C8orf33,her2,-0.4028520693360353
C9,her2,0.004814165992824776
C9orf40,her2,-0.11963844816270344
C9orf72,her2,-0.5079957175189135
C9orf78,her2,0.6148119725509605
CA1,her2,0.10602048001587329
CA12,her2,-0.6072631369742932
CA13,her2,-0.14173498260224915
CA2,her2,-0.2790464420438115
CA3,her2,-0.6375732601015954
CA5B,her2,0.5798902917162827
CA8,her2,0.10161262382520618
CAB39,her2,0.41742231250304157
CAB39L,her2,-0.2102011786906579
CABIN1,her2,0.5704383878276963
CABLES1,her2,-0.6973076130368772
CACHD1,her2,-0.622798690552018
CACNA2D1,her2,-0.1960493618770914
CACNA2D2,her2,-0.49405719294354866
CACNB3,her2,0.0690198018830185
CACYBP,her2,0.26679436410788765
CAD,her2,0.1118761118707111
CADM1,her2,-0.44852328462858143
CADM4,her2,-0.20040885554691412
CADPS2,her2,0.602129536543315
CALB2,her2,0.023666108345210244
CALCOCO1,her2,-0.7350535020814799
CALCOCO2,her2,0.2479772913443406
CALCRL,her2,-0.09555954742621721
CALD1,her2,0.1343317729664765
CALM2,her2,0.46816754873378014
CALML3,her2,-0.06467923192076351
CALML5,her2,0.923979734945723
CALR,her2,0.4092290804763914
CALU,her2,0.28762664788710635
CAMK1,her2,-0.7774641106504664
CAMK1D,her2,0.30825846297770354
CAMK2D,her2,0.5057279335387288
CAMK2G,her2,0.7346472406905261
CAMK4,her2,-0.06496409101334266
CAMKK1,her2,0.16494764403790696
CAMKK2,her2,-0.38527269923293844
CAMLG,her2,-0.678147187633988
CAMP,her2,0.6296276588132678
CAMSAP1,her2,0.3770224321034946
CAND1,her2,0.10704884313688756
CAND2,her2,-0.8531700912346801
CANT1,her2,0.13672310916806274
CANX,her2,0.025489969095071435
CAP1,her2,0.9887547228072022
CAP2,her2,-0.6747390927183273
CAPG,her2,-0.20390436309826526
CAPN1,her2,0.16824392953891118
CAPN13,her2,0.5543779201562324
CAPN2,her2,0.45524354502743475
CAPN5,her2,0.16744692046171344
CAPN7,her2,0.032241897747979247
CAPNS1,her2,0.22275280936506858
CAPRIN1,her2,-0.4566914507673524
CAPS,her2,0.005775104816802372
CAPZA1,her2,0.5034592985992403
CAPZA2,her2,-0.11635551766705156
CAPZB,her2,0.46432875578478905
CARD10,her2,-0.5693683154450647
CARD11,her2,0.19691811791824723
CARD14,her2,0.13325151985196249
CARD16,her2,0.16263067745745094
CARD6,her2,0.15071625181028853
CARD8,her2,-0.24890212838690626
CARD9,her2,0.5367700293426269
CARHSP1,her2,0.3571828609646601
CARM1,her2,0.10426547674798133
CARS2,her2,-0.009617701255676259
CARTPT,her2,-0.2757347441140934
CASC3,her2,0.18502114135517103
CASK,her2,0.17499787483762957
CASKIN2,her2,0.10848122257299822
CASP1,her2,0.07943286521671347
CASP10,her2,0.8561329884889148
CASP14,her2,1.1191661451125408
CASP2,her2,0.10071143303841423
CASP3,her2,0.8948897754470595
CASP4,her2,0.6219294213210359
CASP6,her2,0.11743452464194432
CASP7,her2,-0.032807026121568286
CASP8,her2,0.841916869512475
CASP9,her2,0.0309532254617825
CAST,her2,0.0655149892334983
CASZ1,her2,-0.15687273235017116
CAT,her2,-0.4328992111162111
CATSPERG,her2,-0.20718981344339488
CAV1,her2,-0.3521461682142433
CBFA2T2,her2,-0.2461872881201049
CBFB,her2,0.45759353079088605
CBL,her2,-0.2803220052004996
CBLB,her2,0.634826876796763
CBLL1,her2,-0.20378863090126825
CBR1,her2,-0.07335113369690296
CBR3,her2,1.1324040600697034
CBR4,her2,0.08103911569579542
CBS,her2,0.14990767626941773
CBX1,her2,0.1893851179382264
CBX2,her2,0.9422504543880573
CBX3,her2,-0.058635135558423826
CBX4,her2,-0.3521922336619152
CBX5,her2,0.1551420942931673
CBX6,her2,0.018406448012817583
CBX7,her2,-0.7766265692920399
CBX8,her2,0.0020444684328856317
CC2D1A,her2,-0.3352103962218128
CC2D1B,her2,0.27279439512761455
CCAR1,her2,0.4916547659527332
CCDC102A,her2,-0.29695776344755126
CCDC112,her2,0.06389327384831832
CCDC117,her2,-0.18754518518895666
CCDC12,her2,-0.22629055839328943
CCDC120,her2,0.24146861004929718
CCDC124,her2,0.17713499761441448
CCDC125,her2,0.1929036404049671
CCDC127,her2,0.079390882529013
CCDC134,her2,0.5411699537170493
CCDC137,her2,0.30420668819924673
CCDC144A,her2,-0.29222222896656747
CCDC149,her2,0.367148122353462
CCDC22,her2,0.006970479642450742
CCDC25,her2,-0.28177753696571783
CCDC28A,her2,-0.5495214922915082
CCDC43,her2,-0.7963488257027531
CCDC47,her2,0.43462406988911034
CCDC50,her2,-0.2311313139378968
CCDC51,her2,-0.15744695131196235
CCDC59,her2,0.14512294602373038
CCDC6,her2,1.1897138598397297
CCDC61,her2,-0.835981862589195
CCDC77,her2,-0.08599528741131568
CCDC8,her2,-0.2981856629979189
CCDC80,her2,0.11731307772611026
CCDC82,her2,0.012464762544130805
CCDC85B,her2,-0.14711563356940036
CCDC85C,her2,0.5999748789697317
CCDC86,her2,-0.014263162120477003
CCDC88A,her2,-0.3971628647732048
CCDC88B,her2,0.09069583475760565
CCDC88C,her2,-0.0710414192778575
CCDC9,her2,-0.1943297981645368
CCDC90B,her2,-0.036100899498209015
CCDC91,her2,-0.7097478452836286
CCDC92,her2,-0.5291765493368215
CCDC93,her2,0.09926507222519441
CCDC97,her2,-0.1138755324048289
CCL14,her2,-0.4738513916639128
CCL18,her2,0.7474980061805989
CCL21,her2,0.29482633854067525
CCL28,her2,0.1313707649984716
CCL5,her2,0.3404016200766959
CCM2,her2,0.4707993485147745
CCNA2,her2,0.5360180928105395
CCNB1,her2,0.5859469706040421
CCNB2,her2,0.6177316396861013
CCNC,her2,0.5115794444537685
CCND1,her2,-0.6534778296109336
CCNDBP1,her2,-0.4070090694784753
CCNH,her2,-0.49350235778728896
CCNK,her2,0.7460716294311827
CCNL1,her2,-0.3943354928859511
CCNL2,her2,-0.45918636841150695
CCNT1,her2,-0.1180376403824296
CCNT2,her2,-0.04560863629150047
CCNY,her2,0.038967145647838625
CCNYL1,her2,1.019868497595816
CCPG1,her2,-0.17277092892162804
CCS,her2,0.03597584650635214
CCT2,her2,0.30193077811568714
CCT3,her2,0.20752509361813215
CCT4,her2,0.7312168622768568
CCT5,her2,0.7096022481552859
CCT6A,her2,0.5345088431458175
CCT7,her2,0.6328250900708826
CCT8,her2,0.6649760736718361
CD109,her2,-0.20235628225651292
CD14,her2,-0.06894344624524289
CD151,her2,-0.02274201659087546
CD163,her2,0.21378516848571877
CD180,her2,0.2693040328879927
CD2,her2,0.3954540250983196
CD209,her2,-0.09201657747359898
CD244,her2,0.2367409254228359
CD247,her2,0.2646221433617646
CD248,her2,0.20125946461223682
CD276,her2,0.3187288428771112
CD2AP,her2,-0.09330181627728558
CD2BP2,her2,-0.023499670136294164
CD300A,her2,0.006936141652350138
CD34,her2,-0.12645796118893607
CD36,her2,-0.008078885778667045
CD38,her2,0.6167821834363941
CD3E,her2,0.3329330616439651
CD4,her2,0.21193896195782533
CD40,her2,0.20234937128321126
CD44,her2,-0.4504234972128588
CD46,her2,-0.0638196660788698
CD47,her2,-0.5029726576325853
CD48,her2,0.23443022318431267
CD5,her2,0.36367244516470965
CD53,her2,0.3543109169100803
CD55,her2,0.38856425014615376
CD58,her2,0.2587962560864515
CD59,her2,-0.4002084107270596
CD5L,her2,-0.0990154509631423
CD63,her2,0.3177457033424546
CD74,her2,0.19467177996843715
CD79A,her2,0.5649038555212158
CD81,her2,0.07325266611210185
CD82,her2,0.4710284027529948
CD84,her2,0.336877016613627
CD8A,her2,0.2120781250881966
CD9,her2,0.4366682355483617
CD93,her2,-0.08311337411633714
CD99L2,her2,-0.14623759766643704
CDA,her2,-0.21171284200545668
CDAN1,her2,-0.5649374712698165
CDC123,her2,0.35010073408041115
CDC16,her2,-0.09618520352637028
CDC20,her2,0.5635819119434425
CDC23,her2,-0.3240432525139893
CDC25C,her2,0.3825143638928621
CDC26,her2,0.3217863721652573
CDC27,her2,-0.6073597923541945
CDC34,her2,0.5279928583293695
CDC37,her2,0.29343026883648743
CDC37L1,her2,-0.21905947774572668
CDC40,her2,0.34353027128940167
CDC42,her2,0.3769111785308258
CDC42BPA,her2,-0.057905537554308315
CDC42BPB,her2,0.13327023571117305
CDC42BPG,her2,0.5447218241620757
CDC42EP1,her2,0.7103573925046246
CDC42EP2,her2,0.12394677134018305
CDC42EP3,her2,0.10242870660221394
CDC42EP4,her2,-0.3524075517615187
CDC42EP5,her2,0.09007595017775039
CDC42SE1,her2,0.696663687811953
CDC42SE2,her2,0.019601278654779772
CDC5L,her2,0.16572823428937108
CDC7,her2,0.2334816547649699
CDC73,her2,-0.0471660577665333
CDCA2,her2,0.4202351173370469
CDCA3,her2,0.35917393187190305
CDCA5,her2,0.5755304161615328
CDCA7L,her2,0.09785198941189781
CDCA8,her2,0.48122874382460884
CDCP1,her2,0.4378045387580762
CDH1,her2,0.4327975938657447
CDH11,her2,0.15681754738089615
CDH13,her2,0.25505464727437754
CDH3,her2,0.3496946886658286
CDH5,her2,-0.12023129532354766
CDIPT,her2,-0.5749733406965303
CDK1,her2,0.7524506488701093
CDK10,her2,-0.23223927495654959
CDK12,her2,1.2837722879983653
CDK13,her2,0.21036842857744287
CDK14,her2,-0.16443792859239598
CDK16,her2,0.44206720071502825
CDK17,her2,-0.5697237682383351
CDK18,her2,-1.0069692744663439
CDK19,her2,0.0032997836570509784
CDK2,her2,0.2697720353115134
CDK2AP1,her2,0.5193178025849537
CDK4,her2,0.31945730196857
CDK5,her2,-0.21573366191843327
CDK5RAP1,her2,0.22020397813840412
CDK5RAP2,her2,0.27846916418773726
CDK5RAP3,her2,-0.2638527219170383
CDK6,her2,0.02914167057042388
CDK7,her2,-0.17741619161049693
CDK8,her2,0.8043377141884123
CDK9,her2,0.5039252850169521
CDKAL1,her2,-0.22003811276653995
CDKL5,her2,0.15904311156449782
CDKN1A,her2,0.019027136894620215
CDKN1B,her2,-0.6709473707385608
CDKN1C,her2,-0.14560988125236352
CDKN2A,her2,0.0491539731431573
CDKN2AIP,her2,-0.27886995142218585
CDKN2C,her2,-0.13742377192848568
CDNF,her2,-0.3207945095156192
CDR2,her2,0.8014504234499351
CDR2L,her2,1.077940988772113
CDS2,her2,-0.377819134286986
CDV3,her2,-0.24253413122125322
CDYL,her2,0.4142726848068453
CDYL2,her2,0.14028213161501538
CEACAM1,her2,0.19523109126688884
CEACAM5,her2,0.5183810676835997
CEBPA,her2,0.5324185125051816
CEBPB,her2,0.17544533670025345
CEBPD,her2,-0.5770630218429599
CEBPG,her2,-0.06239828324144967
CEBPZ,her2,0.08552235265507241
CELF1,her2,-0.5100784307109071
CELF2,her2,0.05612715703677808
CELSR1,her2,-0.7433482666381154
CELSR2,her2,-1.2000212272240918
CENPB,her2,0.0616175795963497
CENPE,her2,0.46941261084254704
CENPF,her2,0.3255471371616763
CENPH,her2,0.1298417148043808
CENPK,her2,0.12748514157810212
CENPM,her2,0.49308502273765265
CENPQ,her2,0.03392568597494118
CENPT,her2,-0.02574846061795538
CENPV,her2,-0.1930000980574133
CEP120,her2,-0.6919802605640998
CEP135,her2,-0.30029912452225405
CEP152,her2,0.13938060894225834
CEP164,her2,-0.34939382942016334
CEP170,her2,-0.04650336074878421
CEP192,her2,-0.48346338176411446
CEP250,her2,-0.09361356640480303
CEP290,her2,-0.4316356303114923
CEP350,her2,-0.07895766801756861
CEP55,her2,0.6871619814931892
CEP57,her2,-0.06393662425777662
CEP63,her2,-0.46524496575730995
CEP68,her2,-0.936106586304974
CEP76,her2,-0.06508147981341886
CEP78,her2,-0.025823400506934588
CEP97,her2,-0.2741645180773236
CEPT1,her2,-0.48668912481961263
CERCAM,her2,0.05380142117354179
CES1,her2,0.3407686130935916
CES2,her2,-0.12558142780758755
CES3,her2,0.5357852648362942
CETN2,her2,0.3338154646676773
CETN3,her2,-0.535251550021854
CFB,her2,-0.4104293900279986
CFD,her2,-0.3841855700904293
CFDP1,her2,0.4998314529534235
CFH,her2,0.33594953657380033
CFHR1,her2,-0.11488487382838818
CFHR2,her2,0.4357899600370079
CFHR3,her2,0.14294370523429786
CFHR4,her2,0.35387758005718195
CFHR5,her2,0.2134228124448289
CFI,her2,0.10400468709624272
CFL1,her2,0.7879938544354881
CFL2,her2,-0.5897517866000895
CFLAR,her2,0.5487803695930734
CFP,her2,-0.09605632868226024
CGA,her2,-0.42027416155833025
CGGBP1,her2,-0.7289770608172164
CGN,her2,-1.3123391089419028
CGNL1,her2,-0.1113253612343568
CGREF1,her2,-0.11222039185286946
CHAC2,her2,0.7950616651868048
CHAD,her2,-0.7718934304059433
CHAF1A,her2,0.1939435526516043
CHAF1B,her2,0.4327118069355773
CHCHD1,her2,0.5235805404115829
CHCHD2,her2,0.46124738446303704
CHCHD3,her2,0.09916767595901346
CHCHD4,her2,0.2081188889856025
CHCHD5,her2,-0.2826090082874427
CHCHD6,her2,-0.0012890328462385515
CHCHD7,her2,-0.1638229719258778
CHD1,her2,-0.6145379620113051
CHD1L,her2,0.26148225110337464
CHD2,her2,-0.32618814063260015
CHD3,her2,-0.6406982103695202
CHD4,her2,-0.13712373923145993
CHD6,her2,-0.0726275274872364
CHD7,her2,0.14434768181360055
CHD8,her2,0.036490679957810315
CHD9,her2,-0.24183331876129455
CHDH,her2,-1.129275779948897
CHEK1,her2,0.45389896918478156
CHEK2,her2,0.3498426037523954
CHERP,her2,-0.28122567420790384
CHFR,her2,0.7843962175804003
CHGA,her2,-0.08794284964297143
CHGB,her2,-0.08308902035566001
CHI3L1,her2,-0.06031361752001232
CHI3L2,her2,-0.3779907980720652
CHID1,her2,-0.21386584853454332
CHIT1,her2,0.2578368389678897
CHKA,her2,0.3888544425687107
CHKB,her2,-0.10250429423672991
CHL1,her2,-0.04858437809606457
CHM,her2,-0.3755148135264318
CHML,her2,0.4643531388400826
CHMP1A,her2,0.28004672490448523
CHMP1B,her2,-0.41602786439266987
CHMP2A,her2,-0.01999150661667568
CHMP2B,her2,0.30991550391314104
CHMP4A,her2,-0.555140320159843
CHMP4B,her2,-0.343150610929677
CHMP4C,her2,-0.31235704985859447
CHMP5,her2,-0.19437695443655817
CHMP6,her2,-0.24767199571065063
CHMP7,her2,0.317661449166303
CHN1,her2,0.8875949718099336
CHN2,her2,-0.03854651149012228
CHORDC1,her2,0.5149858776031896
CHPF,her2,0.40481276574635633
CHPF2,her2,-0.16267765412478682
CHPT1,her2,-0.9285233377217843
CHRAC1,her2,-0.38075038928005006
CHRD,her2,-0.398617688768431
CHST14,her2,-0.5648576964233506
CHST15,her2,-0.12300081893238761
CHSY1,her2,-0.5679917003010156
CHTF18,her2,-0.08805976063715927
CHTF8,her2,0.07550021677085948
CHUK,her2,0.10800840315371674
CIAO1,her2,0.17378984703759903
CIAPIN1,her2,0.6881124609943313
CIB1,her2,0.22143505430767582
CIC,her2,-0.5241244795182923
CILP,her2,0.07047109719240341
CILP2,her2,-0.1741930861466628
CINP,her2,0.2333631952355704
CIRBP,her2,-0.44558461643339464
CISD1,her2,0.3753503907508279
CISD2,her2,-0.11639403440018714
CISD3,her2,0.23519032719748184
CIT,her2,0.20965533638205291
CIZ1,her2,0.22403728887458024
CKAP2,her2,0.27569997921140965
CKAP4,her2,0.9269795345492349
CKAP5,her2,-0.058110048654351154
CKB,her2,0.4743987575342393
CKMT2,her2,-0.35817875258694465
CKS1B,her2,0.34306725253433706
CKS2,her2,0.41261870984883176
CLC,her2,0.04210969027482442
CLCA2,her2,1.6675264689659717
CLCC1,her2,0.1059214363342321
CLCN3,her2,0.13352745523977871
CLCN7,her2,-0.2608548588600554
CLDN3,her2,0.08758251006995588
CLDN7,her2,0.3417999769844469
CLEC11A,her2,0.02446766421096568
CLEC14A,her2,-0.2352852422228094
CLEC16A,her2,-0.06734365466390739
CLEC3A,her2,-0.004887458614287761
CLEC3B,her2,-0.23722316152804046
CLGN,her2,0.07060411422195517
CLIC1,her2,0.30220696063038677
CLIC2,her2,0.12733390008185083
CLIC3,her2,0.7577393591379231
CLIC4,her2,0.1534833533939617
CLIC5,her2,-0.13050912920543356
CLIC6,her2,-0.4874504476912946
CLINT1,her2,0.3706390393948009
CLIP1,her2,-0.056301878617482856
CLIP2,her2,-0.1966505081903714
CLK2,her2,-0.3206374607304205
CLK3,her2,0.10334587867135044
CLMN,her2,0.14969467104406503
CLN3,her2,0.5168292519311133
CLN5,her2,-0.13673355161026568
CLN6,her2,0.2526344175169178
CLNS1A,her2,0.025153609871550592
CLOCK,her2,0.1424207202307305
CLP1,her2,0.19113980284372195
CLPB,her2,0.5550170448934886
CLPP,her2,-0.12622948716723587
CLPTM1,her2,0.22386308978865177
CLPTM1L,her2,0.45840463623474986
CLPX,her2,-0.1246941948911667
CLSPN,her2,0.6355766804911369
CLSTN1,her2,0.3872675459562842
CLSTN2,her2,-0.8627222053635019
CLSTN3,her2,-0.19141670817979733
CLTA,her2,0.260483566941522
CLTB,her2,0.07209629795660237
CLTC,her2,0.6489319739068938
CLTCL1,her2,0.5509041724830487
CLU,her2,0.13436306052448935
CLYBL,her2,-0.2999162463465018
CMA1,her2,-0.4985584683024274
CMAS,her2,0.05704465246134846
CMBL,her2,0.18284397380840173
CMC1,her2,0.028904197921319198
CMIP,her2,-0.27398315179285865
CMPK1,her2,0.5748228966500875
CMPK2,her2,0.09370082402131753
CMTM4,her2,0.6878592602757515
CNBP,her2,-0.227873704125191
CNDP1,her2,0.10213072830251468
CNDP2,her2,0.22646807710977354
CNIH4,her2,0.3455742359480683
CNKSR1,her2,-0.572502742776221
CNKSR3,her2,0.07233191120252516
CNN1,her2,-0.05741248530795896
CNN2,her2,0.24115288851713393
CNN3,her2,0.2732700476861846
CNNM3,her2,-0.7325117314609086
CNNM4,her2,-0.19731780279388098
CNOT1,her2,0.362853766464853
CNOT10,her2,-0.26209324630390674
CNOT2,her2,0.004027945582857756
CNOT3,her2,0.03862408491627723
CNOT4,her2,-0.21667294544044988
CNOT6,her2,0.1417943819140415
CNOT6L,her2,-0.5062750505481388
CNOT7,her2,-0.24443357817437356
CNOT8,her2,-0.4192676065582691
CNP,her2,0.3757327556926385
CNPY2,her2,0.22595834153494582
CNPY3,her2,-0.006290344114023228
CNPY4,her2,0.2788081790776359
CNRIP1,her2,-0.014260718877610984
CNST,her2,-0.6860554116225857
CNTLN,her2,-0.5083291172549155
CNTN1,her2,0.3381893169323371
CNTROB,her2,-0.7967812582415236
COASY,her2,-0.6540443561646161
COBL,her2,-0.019167428661378067
COBLL1,her2,0.10908649969029437
COCH,her2,-0.0740171792158137
COG1,her2,-0.1578314134217816
COG2,her2,-0.44452128492211096
COG3,her2,0.17443067400389206
COG4,her2,0.3485677350728694
COG5,her2,0.0002860922266391675
COG6,her2,0.05719570697843383
COG7,her2,-0.5185140879570349
COG8,her2,0.26194247718466485
COIL,her2,0.10165359708079538
COL10A1,her2,0.18977268486937376
COL11A1,her2,0.39534907124210317
COL12A1,her2,0.22135639071344698
COL14A1,her2,-0.2989984199917517
COL15A1,her2,0.012916543337209879
COL16A1,her2,-0.4125751674499325
COL17A1,her2,-0.1308414820478781
COL18A1,her2,0.06381889668805181
COL1A1,her2,0.22856928918719685
COL1A2,her2,0.20212772283658414
COL22A1,her2,-0.026610975597290195
COL2A1,her2,-0.731892518708542
COL3A1,her2,0.22231006545857318
COL4A1,her2,0.2141571240625837
COL4A2,her2,0.02085972844841361
COL5A1,her2,0.3167832998257093
COL5A2,her2,0.2859941844412773
COL5A3,her2,0.05214045274897748
COL6A1,her2,-0.07240100304295712
COL6A2,her2,0.03155661496808073
COL6A3,her2,0.1687698993398281
COL6A6,her2,0.3038753261003851
COL7A1,her2,0.015170780827337917
COL8A1,her2,0.033817790038798146
COLEC11,her2,0.044214189286465755
COLEC12,her2,-0.21493462991809997
COMMD1,her2,0.42405993019563015
COMMD10,her2,-0.0857841783979475
COMMD2,her2,-0.36075334834559547
COMMD3,her2,0.1222046591682209
COMMD4,her2,-0.35889094778449543
COMMD5,her2,-0.13376024705897252
COMMD6,her2,-0.0036068287468799297
COMMD7,her2,0.6147862072521441
COMMD8,her2,-0.3551521648339694
COMMD9,her2,-0.11084833023918632
COMP,her2,-0.004546730563138604
COMT,her2,1.0331005486926386
COMTD1,her2,0.6697841842682195
COPA,her2,0.15498093065080626
COPB1,her2,0.10540452776085779
COPB2,her2,0.6250944796169368
COPE,her2,0.33916906228550137
COPS2,her2,-0.06718477119121678
COPS3,her2,0.22576774634721253
COPS4,her2,-0.25705888360750945
COPS5,her2,-0.04902368507246722
COPS6,her2,-0.008291731302053367
COPS7A,her2,-0.11976131117120531
COPS7B,her2,-0.10246657355719964
COPS8,her2,0.12833631120174313
COPZ1,her2,0.06219081417830485
COQ10B,her2,0.3239362518872197
COQ3,her2,0.5352580341823275
COQ5,her2,0.09827270147666853
COQ6,her2,0.18022734493946613
COQ7,her2,-0.35547255429249563
COQ9,her2,0.6109626699919165
CORO1A,her2,0.23604734670305783
CORO1B,her2,0.6760814690357242
CORO1C,her2,0.5754879066991679
CORO2A,her2,0.12216519212633899
CORO2B,her2,-0.1814882751792286
CORO7,her2,-0.2652448439824364
COTL1,her2,0.15585587610817467
COX11,her2,-0.37386652562965533
COX15,her2,0.08732132455342827
COX17,her2,0.1335178263774854
COX19,her2,0.1262653954200345
COX4I1,her2,0.5245987837419321
COX5A,her2,0.4971431353224849
COX5B,her2,0.398635680856447
COX6A1,her2,0.1805892018352027
COX6B1,her2,0.49590158337181844
COX6C,her2,-0.770529648232806
COX7A1,her2,-0.24329455151705606
COX7A2,her2,0.3814649637039922
COX7A2L,her2,0.2444046297770982
COX7B,her2,0.763334358168095
COX7C,her2,0.11641145929756222
COX8A,her2,0.38135016249963916
CP,her2,0.3835955163691087
CPA3,her2,-0.1600872170142286
CPB1,her2,-0.7375482731525647
CPB2,her2,0.8708667660129842
CPD,her2,0.11588562567271592
CPE,her2,0.11274357246446548
CPEB2,her2,-0.812909174160372
CPEB4,her2,-0.27572029041532287
CPM,her2,-0.31497731824387376
CPN1,her2,-0.009630570171700286
CPN2,her2,-0.17090742200137102
CPNE1,her2,-0.25418963088516056
CPNE2,her2,0.35722928577874336
CPNE3,her2,-0.05354097193038907
CPNE8,her2,-0.008565047428819866
CPOX,her2,0.3981718526803695
CPPED1,her2,0.6892608936243636
CPS1,her2,-0.029800191434651544
CPSF1,her2,-0.3736270771918547
CPSF2,her2,0.5451220627505885
CPSF3,her2,0.6051771191848395
CPSF4,her2,0.10518480215874244
CPSF6,her2,-0.15223258533289943
CPSF7,her2,-0.2231776107383175
CPT1A,her2,0.2886673308582513
CPT2,her2,0.07198922611222723
CPVL,her2,0.1850417889767621
CPXM1,her2,0.15458624302843837
CPXM2,her2,-0.1823102851301752
CPZ,her2,0.19724508310547803
CRABP1,her2,0.05707972747854365
CRABP2,her2,-0.42313659101282625
CRADD,her2,-0.2399898344047609
CRAT,her2,0.8012039373637287
CRBN,her2,-0.5793717304065423
CRCP,her2,0.3969059432691717
CREB1,her2,-0.03251163245694327
CREB3L4,her2,0.7247683486444887
CREBBP,her2,-0.5598231916587395
CREG1,her2,-0.24219656129907302
CRELD1,her2,-0.4504597290184314
CRELD2,her2,0.49364268307214754
CRIM1,her2,-0.6505184055952857
CRIP1,her2,-0.031684564912128926
CRIP2,her2,0.4136124468878886
CRIPT,her2,-0.27032848453386876
CRISP3,her2,0.9939930582652577
CRISPLD1,her2,-0.9077017921102033
CRISPLD2,her2,0.19360897061799656
CRK,her2,0.033477189083855545
CRKL,her2,0.16970354988602007
CRLF3,her2,-0.43740203613323064
CRMP1,her2,-0.23874282936871558
CRNKL1,her2,-0.010070156903620063
CROCC,her2,-0.5088739380038225
CROT,her2,0.023134288684637568
CRP,her2,0.1300435793716547
CRTAC1,her2,0.14310285343204088
CRTAP,her2,-0.1733648361640273
CRTC1,her2,-0.5071849433763724
CRTC2,her2,-0.32979555589052706
CRTC3,her2,-0.5847227095411872
CRY1,her2,0.026002009897823686
CRY2,her2,-0.5731724534515631
CRYAB,her2,-0.24979732510677138
CRYBB1,her2,0.005505341370445156
CRYL1,her2,0.02134631242996697
CRYM,her2,1.1364143002143154
CRYZ,her2,-0.8895804602725789
CRYZL1,her2,-0.0885835873184704
CS,her2,0.6582802957849719
CSAD,her2,-0.7055020303372507
CSDE1,her2,0.21113159433853568
CSE1L,her2,0.3039256237436114
CSF1,her2,-0.5329188924897877
CSF1R,her2,-0.1847519733962261
CSK,her2,0.37812516369791593
CSN2,her2,0.012323174540509784
CSNK1A1,her2,0.042080455893812894
CSNK1D,her2,0.00019959165361589504
CSNK1G1,her2,-0.3199434464411657
CSNK1G3,her2,-0.7935978560915546
CSNK2A1,her2,0.27004065818797846
CSNK2A2,her2,0.3653924505042042
CSNK2B,her2,0.25634399082644116
CSPG4,her2,-0.35972983873230097
CSPP1,her2,-0.4438105003118439
CSRP1,her2,0.2209706758698619
CSRP2,her2,0.31448922262147944
CST3,her2,-0.8053632972645428
CST5,her2,-0.5946299619984741
CST6,her2,0.27061816065403965
CSTA,her2,0.6883640079791162
CSTB,her2,0.4063956614033987
CSTF1,her2,0.5294276448597623
CSTF2,her2,0.17088383691499084
CSTF2T,her2,0.24208526764943025
CSTF3,her2,0.15120704494579126
CTBP1,her2,-0.3207392739755608
CTBP2,her2,0.17348851670422538
CTBS,her2,-0.0851903496236301
CTCF,her2,0.19011095585984947
CTDP1,her2,-0.11864621409662225
CTDSPL2,her2,-0.3470654599080822
CTF1,her2,-0.5091146703523574
CTH,her2,-0.040593286387923797
CTHRC1,her2,0.2734868948060528
CTNNA1,her2,0.24295921059266143
CTNNAL1,her2,0.09856690921895432
CTNNB1,her2,-0.4817605668137848
CTNNBIP1,her2,0.8227796359342232
CTNNBL1,her2,-0.13323247382850417
CTNND1,her2,0.0670641044408884
CTNND2,her2,-0.04806103471990845
CTPS2,her2,-0.10528450567197985
CTR9,her2,-0.463534435660226
CTSA,her2,0.4143640986742405
CTSB,her2,0.3465122797880454
CTSC,her2,0.3966748125423876
CTSD,her2,0.14583417912535968
CTSF,her2,-0.6185437505703718
CTSG,her2,-0.361809325370672
CTSH,her2,0.1215803606833125
CTSK,her2,0.2721110392161292
CTSO,her2,-0.20955640038432297
CTSS,her2,0.27749260205706044
CTSW,her2,0.31007736403217584
CTSZ,her2,0.46601566812471623
CTTN,her2,0.041681617108085926
CTTNBP2,her2,-0.2610114505717604
CTTNBP2NL,her2,-0.009603518339123594
CTU1,her2,-0.08832736561964512
CTU2,her2,0.16255350426436624
CUEDC1,her2,-0.08086198325104028
CUEDC2,her2,-0.22781651098929312
CUL1,her2,0.07507840087589499
CUL2,her2,0.05419573840831226
CUL3,her2,-0.1742785262926969
CUL4A,her2,-0.017842086494007398
CUL4B,her2,0.27018912600663825
CUL5,her2,-0.19293224228762587
CUL7,her2,-0.14626033785889425
CUL9,her2,-0.22134592380051768
CUTA,her2,-0.480790702944945
CUTC,her2,0.21411753201651162
CUX1,her2,0.02368655730792476
CWC22,her2,0.33529697375068046
CWC25,her2,0.25728350972607417
CWC27,her2,-0.17609058910317124
CWF19L1,her2,0.018850430647671515
CWF19L2,her2,-0.32313538614616893
CXADR,her2,0.40577791777106825
CXCL10,her2,0.5686259237579668
CXCL12,her2,-0.27833273391783053
CXCL14,her2,-0.387914566655343
CXCL9,her2,0.7044308115588921
CXXC1,her2,-0.44758921890925407
CXXC5,her2,-0.3296850509692491
CXorf38,her2,0.20729390551434534
CYB5A,her2,0.28564565035830713
CYB5B,her2,0.5417775588118432
CYB5R1,her2,-0.21831605116197259
CYB5R2,her2,0.2624897780190916
CYB5R3,her2,0.4555617716983319
CYB5R4,her2,0.46505273194589347
CYBA,her2,-0.04764240958175548
CYBB,her2,0.1765398845418706
CYBRD1,her2,-0.39051560598246166
CYC1,her2,-0.042139273498776865
CYCS,her2,0.6969261969013912
CYFIP1,her2,0.25736682281743667
CYGB,her2,-0.17743451812840041
CYLD,her2,-0.021578161252133108
CYP1B1,her2,0.27191307294387895
CYP20A1,her2,-0.03685266767669101
CYP24A1,her2,-0.5131630521813312
CYP27A1,her2,-0.16926146705494857
CYP2J2,her2,0.5693124748353867
CYP2S1,her2,-0.39120723348033754
CYP4B1,her2,0.08604011893883053
CYP4F11,her2,-0.2059453822097555
CYP4X1,her2,-0.012486150539883754
CYP4Z1,her2,0.3601799694304682
CYP51A1,her2,0.18446252749984407
CYP7B1,her2,0.12177312526369709
CYTH1,her2,0.06408033526100902
CYTH2,her2,-0.17204135345741134
CYTH3,her2,-0.07062927013225567
CYTH4,her2,0.13138528602626537
CYTIP,her2,0.41267081078449636
D2HGDH,her2,0.07248593451097078
DAAM1,her2,0.4553402631702807
DAAM2,her2,-0.1490772701103252
DAB2,her2,0.097501954295014
DAB2IP,her2,0.14272704499200836
DACH1,her2,-0.7152590766933697
DAD1,her2,0.5156431767026327
DAG1,her2,-0.2225297362696501
DAGLB,her2,0.19099620599431508
DALRD3,her2,0.2829910274327895
DAP,her2,1.0016645414741268
DAP3,her2,-0.12916142786477863
DAPK1,her2,0.41296348899180535
DAPK2,her2,-0.972336513398718
DAPK3,her2,0.3431408377547991
DAPP1,her2,0.20323432668403363
DARS2,her2,0.21961923034245145
DAXX,her2,-0.4748935429103227
DAZAP1,her2,0.19134915561494018
DAZAP2,her2,-0.18866920894461037
DBH,her2,0.3161644992005966
DBI,her2,1.1521195448984112
DBN1,her2,0.4033078841456125
DBNDD1,her2,0.594096106043884
DBNL,her2,0.0597229229588713
DBR1,her2,-0.07292548679875921
DBT,her2,-0.1136922305069886
DCAF10,her2,-0.8969739160548941
DCAF11,her2,0.01343051169568594
DCAF16,her2,-1.1724336659990138
DCAF5,her2,0.21796514643080178
DCAF6,her2,-0.2565991695112094
DCAF8,her2,-0.7091049158260823
DCAKD,her2,-1.2669016934296233
DCD,her2,0.8077905767610557
DCHS1,her2,-0.30187808568855645
DCHS2,her2,-0.3711927948236793
DCK,her2,0.0022216897659927707
DCLK1,her2,-0.3629422752646653
DCLK2,her2,0.14250022659430203
DCN,her2,0.08311833548992914
DCP1B,her2,-0.715444956988607
DCP2,her2,-0.03080522435231268
DCPS,her2,0.281089207277721
DCTD,her2,-0.4797798932555527
DCTN1,her2,-0.3544731646132755
DCTN2,her2,0.3821865043025725
DCTN3,her2,0.019212306623578895
DCTN4,her2,-0.5141623833082373
DCTN5,her2,0.16217720818926973
DCTN6,her2,-0.27609060037815975
DCTPP1,her2,0.2715733098603881
DCUN1D1,her2,0.3280128162446749
DCUN1D3,her2,-0.0999669032873801
DCUN1D4,her2,-0.10709188619500896
DCUN1D5,her2,0.44549873470166607
DCXR,her2,0.3766196908670137
DDA1,her2,0.2573228374530918
DDAH1,her2,-0.5182307098602799
DDAH2,her2,-0.3286267475836167
DDB1,her2,0.2992669935070216
DDB2,her2,-0.6628923061762633
DDHD1,her2,0.13359886872154042
DDHD2,her2,-0.682484249656672
DDI2,her2,0.09867888448519299
DDO,her2,-0.1396206065156185
DDOST,her2,0.619371814486946
DDR1,her2,0.03972773393303366
DDRGK1,her2,0.15057843113998323
DDX1,her2,0.5302124660386348
DDX10,her2,-0.19174490864931354
DDX11,her2,-0.09720272169610421
DDX17,her2,-0.3057947089018091
DDX18,her2,0.30463929896418995
DDX19A,her2,0.5418218474007832
DDX19B,her2,0.3038207130202579
DDX20,her2,-0.143784333362384
DDX21,her2,0.19662943323758275
DDX23,her2,0.4427037880941875
DDX24,her2,0.32434885447431794
DDX27,her2,0.3427862665141123
DDX28,her2,0.2656839055093039
DDX31,her2,0.2856649016908592
DDX3X,her2,0.23685523936349748
DDX41,her2,0.0869627541202838
DDX42,her2,-0.05069017225681993
DDX46,her2,-0.06881774152085762
DDX47,her2,-0.11156335413294617
DDX49,her2,0.16415046588525323
DDX5,her2,0.18710953852472187
DDX50,her2,-0.10070854403646665
DDX51,her2,-0.5340767919407071
DDX52,her2,-0.1459361880934537
DDX54,her2,-0.026361165970835106
DDX55,her2,0.06961827659587476
DDX56,her2,0.11444884614456702
DDX59,her2,-0.16828184711103855
DDX6,her2,0.5964201806170452
DDX60,her2,-0.16694369498528844
DDX60L,her2,-0.1260790782356852
DEAF1,her2,-0.5435724559050219
DECR1,her2,0.04317091484873065
DECR2,her2,-0.18200224542303503
DEF6,her2,-0.4120492786577328
DEF8,her2,-0.05275343047892576
DEFA4,her2,-0.0016772412323631906
DEGS1,her2,0.8021633719994397
DEK,her2,0.10083036233269861
DENND1A,her2,-0.17501392039397673
DENND1B,her2,-0.3028334252069304
DENND1C,her2,0.042728483352380574
DENND2D,her2,-0.3634146809883934
DENND3,her2,-0.18588366009522714
DENND4A,her2,-0.29998977332834753
DENND4B,her2,-0.1611376063965084
DENND4C,her2,-0.25651105927212003
DENND5A,her2,-0.5671757898547799
DENR,her2,0.21517347384766003
DEPDC5,her2,-0.08386291797187619
DERA,her2,0.25896103730962533
DERL1,her2,0.40161755912659514
DES,her2,-0.16029951566187722
DET1,her2,-0.5491687681980558
DFFA,her2,-0.2347726644393358
DFFB,her2,-0.3976308281116319
DGAT1,her2,-0.20679532489667282
DGCR8,her2,-0.08030741088137378
DGKA,her2,-0.007548679976543171
DGKD,her2,0.5992313708137457
DGKE,her2,-0.8286827959022615
DGKH,her2,0.36024224626388834
DGKQ,her2,-0.4270461542959016
DGKZ,her2,0.38213548404787945
DGUOK,her2,0.3121502017937996
DHCR24,her2,0.34686569762765834
DHCR7,her2,0.591764755682523
DHFR,her2,0.46579971034941015
DHODH,her2,0.25054799804291233
DHPS,her2,-0.40270651007191083
DHRS1,her2,-0.17964860616312564
DHRS11,her2,-0.18138085991772027
DHRS13,her2,0.2307363202827511
DHRS2,her2,0.0830471180581096
DHRS3,her2,0.08088597434677558
DHRS4,her2,0.31414601660289876
DHRS7,her2,-0.15832447997597174
DHRS7B,her2,0.025059447545665896
DHTKD1,her2,0.7745454534975137
DHX15,her2,-0.0520693169139944
DHX16,her2,0.0025070220271539603
DHX29,her2,-0.1864757429603421
DHX30,her2,-0.40303305528657235
DHX32,her2,0.4952915181311533
DHX33,her2,-0.46835723183646677
DHX34,her2,-0.4325195630592209
DHX35,her2,-0.19573291873667903
DHX36,her2,-0.07584919325875965
DHX37,her2,-0.12672265400535856
DHX38,her2,0.20378255005464027
DHX40,her2,0.08721320282902759
DHX57,her2,0.29676324278682037
DHX58,her2,-0.5456412207321015
DHX8,her2,-0.9238132182078872
DHX9,her2,0.15284962027253396
DIABLO,her2,0.48231501450041736
DIAPH1,her2,0.6155657451671507
DIAPH2,her2,-0.09365853992464467
DIAPH3,her2,0.3897133735139655
DICER1,her2,-0.05617497043950335
DIDO1,her2,-0.17076319062431064
DIP2A,her2,0.09191991916057086
DIP2B,her2,0.5081537416974692
DIP2C,her2,-0.28518307334775456
DIS3,her2,0.00587987604980034
DIS3L,her2,-0.45508213964550315
DIS3L2,her2,-0.016797524431588568
DIXDC1,her2,-0.510656427412348
DKC1,her2,0.3818638997105053
DLAT,her2,0.4580314932484401
DLC1,her2,-0.40105549731938755
DLD,her2,0.3245613035296349
DLG1,her2,-0.022631587181719554
DLG3,her2,1.0628203810122832
DLG5,her2,-0.37986093865705983
DLGAP1,her2,-0.8090775893277374
DLGAP4,her2,0.3055847648344587
DLGAP5,her2,0.6638064364377985
DLST,her2,0.7125352275288956
DMAP1,her2,-0.3987615836168608
DMD,her2,-0.10879140749234428
DMXL1,her2,-0.4234377605102302
DMXL2,her2,-0.12771973058889124
DNAH3,her2,0.3141767498957867
DNAH7,her2,-0.32040560459095496
DNAJA1,her2,0.5072242572456482
DNAJA2,her2,0.4451300994142991
DNAJA3,her2,0.03629953623667118
DNAJA4,her2,0.23301796267603822
DNAJB1,her2,0.290443276365786
DNAJB11,her2,0.495811474561954
DNAJB12,her2,-0.10757866300764028
DNAJB14,her2,-0.20336486144082028
DNAJB2,her2,0.17045529877095741
DNAJB4,her2,-0.2545615315979067
DNAJB5,her2,0.3975596635173781
DNAJB6,her2,-0.24084467145009283
DNAJB9,her2,0.046804928151576414
DNAJC1,her2,0.12941191812967295
DNAJC10,her2,0.4557074312174928
DNAJC11,her2,0.5609658606126262
DNAJC12,her2,-0.5691472377871876
DNAJC13,her2,0.2235524006314005
DNAJC16,her2,-0.35005024135975144
DNAJC17,her2,0.14936236563010824
DNAJC19,her2,-0.6266379915706787
DNAJC2,her2,0.1547065322931883
DNAJC21,her2,0.25800460412436105
DNAJC24,her2,-0.640115281945152
DNAJC25,her2,-0.29748623734320984
DNAJC3,her2,0.2596898643458739
DNAJC30,her2,0.17242962827935873
DNAJC5,her2,0.3684186956588442
DNAJC7,her2,-0.3711965517376018
DNAJC8,her2,0.25128301298599953
DNAJC9,her2,0.5905823554720505
DNAL1,her2,-0.49396372865828614
DNAL4,her2,0.3301748044688491
DNALI1,her2,-0.8621905691558348
DNASE2,her2,-0.0005297241627781673
DNHD1,her2,0.23991280091862519
DNLZ,her2,0.5495206477394683
DNM1,her2,-0.27640682807769795
DNM1L,her2,-0.09181536789110328
DNM2,her2,0.5455635060319705
DNMBP,her2,0.031045555978018682
DNMT1,her2,0.10266129916142348
DNMT3A,her2,0.6465238535937025
DNPEP,her2,-0.18031640744886074
DNTTIP1,her2,0.09064738554941676
DNTTIP2,her2,0.22227286681479486
DOCK10,her2,-0.2656365521690793
DOCK11,her2,0.42678375288469433
DOCK2,her2,0.31164903822286866
DOCK4,her2,0.05206915620651549
DOCK5,her2,0.17454218472049196
DOCK6,her2,-0.17817361780389865
DOCK7,her2,0.07726853463804709
DOCK8,her2,0.22694490501514925
DOCK9,her2,-0.18972000655644566
DOHH,her2,0.11959018755900346
DOK1,her2,-0.7614876597098927
DOK2,her2,0.3272768166833758
DOK3,her2,0.4123714362724923
DPAGT1,her2,0.6231687201177718
DPCD,her2,0.1849466845396668
DPF2,her2,-0.4049018630267856
DPH1,her2,-0.45095658009848516
DPH2,her2,0.09352790622858113
DPH3,her2,0.5001268299790166
DPH5,her2,0.3118059116900516
DPM1,her2,0.6545381335991
DPM3,her2,-0.03546581244069855
DPP3,her2,0.7512075392158912
DPP4,her2,0.3026790645549861
DPP7,her2,-0.2658469845612956
DPP8,her2,-0.08782402436698655
DPP9,her2,-0.3997214196010001
DPT,her2,0.1699872039392784
DPY30,her2,0.34528517574701934
DPYD,her2,0.0401131343769237
DPYSL2,her2,-0.30426913055022264
DPYSL3,her2,0.2076557444511502
DPYSL4,her2,-0.02776730545898289
DPYSL5,her2,0.35436994914650566
DR1,her2,-0.12199839828611946
DRAP1,her2,0.009470974835180272
DRG1,her2,0.716359435096607
DRG2,her2,-0.4594106838643501
DSC2,her2,0.2407848372805292
DSCC1,her2,0.25162440141845904
DSG2,her2,-0.714048617291054
DSG3,her2,-0.4116550774508397
DSN1,her2,0.3846917889979777
DSP,her2,0.0045133410080097705
DST,her2,-0.19230950939373645
DSTN,her2,0.2837509193061876
DSTYK,her2,-0.6296400276043778
DTD1,her2,0.2029662008973585
DTL,her2,0.3507718994764051
DTNA,her2,0.2381412845859672
DTNB,her2,0.4672632460905557
DTNBP1,her2,-0.11269468394839482
DTWD1,her2,-0.6098619304194481
DTWD2,her2,0.042285937711084964
DTX2,her2,0.8657061589756923
DTX3,her2,-0.7608398795995848
DTX3L,her2,-0.14525157764767424
DTYMK,her2,0.438891883766902
DUS1L,her2,0.27661076214310587
DUS3L,her2,-0.14857021384312644
DUSP12,her2,-0.1464705869805985
DUSP14,her2,-0.04497618189175071
DUSP16,her2,-0.15825113450221906
DUSP22,her2,-0.11614368709135464
DUSP23,her2,-0.008707380973588303
DUSP3,her2,-0.3426861297576781
DUT,her2,-0.09265682398637641
DVL1,her2,-0.146533863362097
DVL2,her2,-0.5211200583337503
DVL3,her2,0.09163305918613468
DYM,her2,-0.2797399511666661
DYNC1H1,her2,0.6490674403412974
DYNC1I1,her2,-0.41927459085689306
DYNC1I2,her2,-0.022775215321606927
DYNC1LI1,her2,0.07719847532097618
DYNC1LI2,her2,0.4329204705010041
DYNC2H1,her2,-0.7245190949798354
DYNC2LI1,her2,-0.3452582160471552
DYNLL1,her2,0.20917194309799597
DYNLL2,her2,0.14830607601733412
DYNLRB1,her2,-0.06243873771171649
DYNLT1,her2,0.4565916546008595
DYNLT3,her2,-0.6061904147108174
DYRK1A,her2,-0.03873211036362584
DYRK1B,her2,-0.7335320529419304
DYSF,her2,0.597601651678204
DZIP3,her2,-0.2997607145190753
E2F3,her2,0.2246650991814647
E2F4,her2,0.29523800962431085
E4F1,her2,-0.2807986378579512
EAF1,her2,-0.02599515797375942
EAPP,her2,-0.005328663278177381
EARS2,her2,-0.3974098215144599
EBAG9,her2,-0.18799413285687372
EBNA1BP2,her2,0.08944659664069625
ECD,her2,0.12695051985735023
ECE1,her2,-0.11684385981623965
ECE2,her2,0.7002917062991837
ECH1,her2,0.5254526235069461
ECHDC1,her2,-0.5497681226275614
ECHDC2,her2,-0.4447293434117021
ECHDC3,her2,-0.5252308584931494
ECHS1,her2,0.730121773616865
ECM1,her2,0.21891556330410755
ECM2,her2,-0.05248042105214135
ECSIT,her2,-0.388377455083072
ECT2,her2,0.6709336195314504
EDARADD,her2,0.37417159597739574
EDC3,her2,0.04814381209984364
EDC4,her2,0.16961190604823498
EDEM2,her2,-0.031228481983776167
EDEM3,her2,-0.30650054191987197
EDF1,her2,0.2954999672863458
EDIL3,her2,0.014720376642193939
EEA1,her2,-0.11488583687086061
EED,her2,0.36841829339766136
EEF1A1,her2,-0.21580805899700092
EEF1A2,her2,-0.10313515153457826
EEF1B2,her2,0.1719446056143922
EEF1D,her2,-0.12631244099018585
EEF1E1,her2,0.24652336600496508
EEF1G,her2,0.12994211233512842
EEF2,her2,-0.14659639437608782
EEF2K,her2,0.1325676932317413
EEFSEC,her2,-0.25427379321908206
EEPD1,her2,-0.47476506132039864
EFCAB7,her2,-0.7339907139855806
EFEMP1,her2,-0.3158457907898892
EFEMP2,her2,0.030256739112788422
EFHD1,her2,-0.0410790812397333
EFHD2,her2,0.10541151081492185
EFNA1,her2,-0.27758019105282744
EFNA5,her2,0.09835270928204584
EFNB1,her2,-0.25513970034053995
EFNB2,her2,0.2501188777395151
EFR3A,her2,0.07247045774429058
EFS,her2,0.764408253672793
EFTUD2,her2,-0.6044076912150456
EGFLAM,her2,-0.14294329889725776
EGFR,her2,0.44003518376503764
EGLN1,her2,0.3964555450563148
EGR1,her2,-0.357847951071422
EHBP1,her2,-0.2580619951884684
EHBP1L1,her2,-0.08938387855948254
EHD1,her2,0.2115060489200974
EHD2,her2,-0.39135830712624875
EHD3,her2,-0.08891506716209312
EHD4,her2,0.20644536341868033
EHF,her2,0.3855950256897561
EHHADH,her2,0.10161217598736176
EHMT1,her2,0.43588409484431206
EHMT2,her2,-0.25877349909109537
EIF1,her2,-0.26636129266629666
EIF1AD,her2,0.414986635310178
EIF1AX,her2,-0.2100802117068987
EIF1B,her2,-0.4339422182966339
EIF2A,her2,-0.4561360912804474
EIF2AK1,her2,0.27282632136313456
EIF2AK2,her2,0.3198902096733258
EIF2AK3,her2,0.6769904390986722
EIF2AK4,her2,-0.012282013836597418
EIF2B1,her2,0.04852746958979574
EIF2B2,her2,0.3740420513574488
EIF2B3,her2,0.3640120087063223
EIF2B4,her2,0.5995795942256279
EIF2B5,her2,0.21017899276532748
EIF2S1,her2,0.718868898727639
EIF2S2,her2,0.7903766737846369
EIF2S3,her2,0.1379964979777733
EIF3A,her2,0.11492031319326243
EIF3B,her2,0.31238903857290246
EIF3D,her2,0.4813356598965198
EIF3E,her2,-0.17895832522743885
EIF3F,her2,-0.375303522868323
EIF3G,her2,-0.46429276411655507
EIF3H,her2,-0.06141469732454663
EIF3I,her2,0.17267745325521108
EIF3J,her2,0.10080869881859729
EIF3K,her2,0.3271669270803676
EIF3L,her2,0.27002580175883284
EIF3M,her2,-0.1473204522517872
EIF4A1,her2,0.29796774152725714
EIF4A2,her2,-0.3675041352813551
EIF4A3,her2,-0.19771908545053068
EIF4B,her2,-0.362500193696395
EIF4E,her2,0.23706541605547754
EIF4E2,her2,0.707372846489886
EIF4E3,her2,-0.3815322262655986
EIF4EBP1,her2,0.49234272595371464
EIF4EBP2,her2,0.4133751864972038
EIF4EBP3,her2,-0.7446012832071588
EIF4ENIF1,her2,0.14355341396654228
EIF4G1,her2,0.580531308787081
EIF4G2,her2,0.4924685123360581
EIF4G3,her2,-0.07239500766014283
EIF4H,her2,0.2326588127285622
EIF5,her2,0.386549379227269
EIF5A,her2,0.12265663831262846
EIF5A2,her2,0.1287359236173514
EIF5B,her2,0.5669413882354343
EIF6,her2,0.04611740994519531
ELAC1,her2,-0.7247994115664446
ELAC2,her2,0.2726954927094731
ELANE,her2,-0.502037797828228
ELAVL1,her2,-0.07373528355101075
ELAVL2,her2,-0.25046154836340523
ELF1,her2,-0.24705679805036476
ELF2,her2,-0.41080510135529336
ELF3,her2,0.10601722245031103
ELK1,her2,0.11019518665316896
ELL,her2,-0.09888403719854695
ELL2,her2,0.23151898264485443
ELMO1,her2,0.014481691833803913
ELMO2,her2,0.42465781310728823
ELMO3,her2,-0.30439830256023737
ELMOD2,her2,0.25015547003955174
ELN,her2,-0.5269338127873505
ELOF1,her2,0.07859838946349813
ELOVL5,her2,-0.25340251387856183
ELP2,her2,-1.1114038844727991
ELP3,her2,-0.38935621689738564
ELP4,her2,-0.18984737480160432
EMB,her2,-0.09035134226827181
EMD,her2,0.0872024355274495
EMILIN1,her2,0.25632980834065994
EMILIN2,her2,0.1852199388386771
EML1,her2,0.18922740869142848
EML2,her2,-0.8358667688900984
EML3,her2,-0.5509866364132686
EML4,her2,0.7594025864166976
ENAH,her2,0.7028452269384825
ENDOD1,her2,-0.040018452515837674
ENDOG,her2,0.3683959156516354
ENG,her2,0.04342691138185015
ENGASE,her2,-0.4725886658792677
ENO1,her2,0.8577547840194626
ENO2,her2,-0.5139594768235134
ENO3,her2,-0.5094980516671208
ENOPH1,her2,-0.08812355764779384
ENOSF1,her2,-0.31213480486574574
ENOX2,her2,0.07780305838215515
ENPEP,her2,0.16880915818431705
ENPP1,her2,0.07336382679306319
ENPP2,her2,-0.28341423752028816
ENPP4,her2,-0.58894079299553
ENPP5,her2,-0.5766787429380908
ENSA,her2,0.23459884731844058
ENTPD1,her2,-0.0023779035731142906
ENTPD2,her2,0.8604252222877845
ENTPD5,her2,-0.18359346918959843
ENTPD6,her2,-0.1318821207834683
ENY2,her2,0.43128937109441656
EP300,her2,0.046192054244116605
EP400,her2,-0.2657126952070334
EPB41,her2,-0.5205408691106441
EPB41L1,her2,-1.044076964470245
EPB41L2,her2,-0.1817567705489402
EPB41L3,her2,0.02302360802060978
EPB41L4A,her2,0.3798354905808266
EPB41L4B,her2,0.4472248815053582
EPB41L5,her2,-0.2599751360284897
EPB42,her2,-0.10690320984221517
EPC1,her2,-0.3118492188470655
EPC2,her2,-0.4771760872038415
EPCAM,her2,0.6528988968033954
EPDR1,her2,-0.09045219406582998
EPHA1,her2,0.585053205047101
EPHB2,her2,0.2494027346287443
EPHB3,her2,-0.05003275893722161
EPHB4,her2,0.7911958534260769
EPHX1,her2,0.2442585976404422
EPHX2,her2,-0.4580805176391464
EPM2A,her2,0.05745574860335451
EPM2AIP1,her2,-0.08929242027446029
EPN1,her2,-0.07882624069072595
EPN2,her2,-0.20180353984073324
EPN3,her2,0.7599744031295713
EPS15,her2,-0.19584079399835824
EPS15L1,her2,-1.0127263303107938
EPS8,her2,-0.007063504729322722
EPS8L1,her2,0.1984127034186286
EPS8L2,her2,-0.4094308137726537
EPSTI1,her2,0.46886564190616814
ERAL1,her2,0.28736834102756154
ERAP1,her2,-0.18403749116402535
ERAP2,her2,0.07992393049790304
ERBB2,her2,2.1770534884649897
ERBB3,her2,-0.31943631959968705
ERBB4,her2,-0.4365405839836602
ERC1,her2,-0.3576832835243849
ERC2,her2,-0.09038947410044908
ERCC1,her2,-0.47852756092331306
ERCC2,her2,-0.35143432198475294
ERCC3,her2,0.09935417870235798
ERCC4,her2,-0.2173952174237672
ERCC5,her2,-0.11442804617774731
ERCC6,her2,-0.03633726954682285
ERCC6L,her2,0.9281345162328403
ERCC8,her2,0.012086824432979709
ERF,her2,-0.34681132796037206
ERG,her2,-0.12620969941998786
ERGIC1,her2,0.5579793755845218
ERGIC2,her2,0.5722646716596774
ERGIC3,her2,0.01611764294224714
ERH,her2,0.2748416274344005
ERI1,her2,0.04032545831077814
ERI3,her2,0.03945050240222325
ERICH1,her2,-0.19285315890620214
ERLEC1,her2,0.1161294185649629
ERLIN1,her2,-0.2507021519265272
ERLIN2,her2,-0.4125246500268529
ERMP1,her2,0.3588504079245607
ERN1,her2,-0.08212744506771918
ERP29,her2,0.4425574421607513
ERP44,her2,0.5808639133588999
ERRFI1,her2,-0.40734575334289824
ESAM,her2,-0.012978458325384457
ESCO1,her2,-0.2269597456248217
ESD,her2,-0.6429796417439629
ESF1,her2,-0.05657745867331386
ESPN,her2,-0.06181001451864411
ESR1,her2,-1.2967231573794402
ESRP1,her2,0.4869944723205077
ESRP2,her2,0.4485936228854705
ESRRA,her2,0.5557443717717597
ESYT1,her2,0.21292818078649914
ESYT2,her2,-0.169383318672255
ETF1,her2,0.1734039599507044
ETFA,her2,1.5145974331215315
ETFB,her2,0.5049642516609107
ETFDH,her2,0.13770539113188882
ETHE1,her2,0.4360910327521131
ETNK1,her2,-0.6730287812193841
ETNK2,her2,0.058737642725856805
ETS1,her2,0.013508171479090381
ETV3,her2,-0.30154876041171375
ETV6,her2,-0.1458688179778526
EVI2B,her2,0.2858576628476213
EVI5,her2,-0.2692981397734109
EVI5L,her2,0.21707711429625803
EVL,her2,-0.9543047125765247
EVPL,her2,-0.03078305169648531
EWSR1,her2,0.5452237459458493
EXD2,her2,-0.06277200502642093
EXOC1,her2,-0.2522328657013753
EXOC2,her2,-0.34030442088847795
EXOC3,her2,-0.09095713049678165
EXOC3L2,her2,0.14151646355630013
EXOC4,her2,-0.4615220008788956
EXOC5,her2,0.48074475967934377
EXOC6,her2,-0.29782624271583447
EXOC6B,her2,-0.06655916551769796
EXOC7,her2,-0.3811039597695231
EXOC8,her2,-0.3445626342462619
EXOSC1,her2,0.08384540525409076
EXOSC10,her2,-0.005217448014751746
EXOSC2,her2,0.3908753560040333
EXOSC3,her2,-0.38086289026953163
EXOSC4,her2,-0.010080041688359753
EXOSC5,her2,-0.4015690711384551
EXOSC6,her2,0.3049124880786715
EXOSC7,her2,0.126339711333267
EXOSC8,her2,0.23788342300996274
EXOSC9,her2,-0.007882363878808083
EXPH5,her2,0.5327857953335272
EXT1,her2,0.4470288689670873
EXT2,her2,0.018724694639611943
EXTL2,her2,-0.12899961455056932
EYA3,her2,-0.4432207788313877
EZH1,her2,-1.3557961827061171
EZH2,her2,0.4574179512526613
EZR,her2,0.21334771334067776
F10,her2,-0.14161564905070645
F11,her2,-0.26934071178010294
F11R,her2,0.575298840258711
F12,her2,0.18272480286198436
F13A1,her2,-0.045513342506862356
F13B,her2,0.7684974226439514
F2,her2,-0.02686730082253554
F3,her2,-0.021602304332065326
F5,her2,0.5235988661345663
F7,her2,-0.06945026505810871
F9,her2,1.0076149683471707
FAAH,her2,-0.295578707963314
FAAH2,her2,-0.16634616022747273
FABP3,her2,0.23488389039065305
FABP4,her2,-0.30807248033177376
FABP6,her2,0.8868253494316165
FABP7,her2,0.6206823261268487
FADD,her2,-0.02537301220990387
FADS2,her2,0.6239125860354826
FAF1,her2,0.10588217741615484
FAF2,her2,-0.021964211245779235
FAH,her2,0.3007440775019544
FAHD1,her2,-0.05167467122279699
FAHD2A,her2,0.32423026804548816
FAHD2B,her2,-0.21376251064951182
FAIM,her2,0.40993107688382935
FAM107B,her2,0.1481946433372397
FAM110A,her2,0.6096047635078841
FAM110B,her2,-0.4031593761105033
FAM111A,her2,0.26689101159232514
FAM111B,her2,0.946477728763751
FAM114A1,her2,-0.14297592558967837
FAM114A2,her2,-0.4163878068099027
FAM117A,her2,-0.1034582406005446
FAM117B,her2,-0.4535848089667328
FAM120A,her2,-0.48524197420137405
FAM120B,her2,-0.12238421856329028
FAM120C,her2,-0.45801176439898905
FAM133B,her2,-0.2597731943035427
FAM13A,her2,0.5430564855166794
FAM151B,her2,0.033605977161260375
FAM162A,her2,0.18034472651620667
FAM168A,her2,-0.03269226058512809
FAM168B,her2,0.08002133499548969
FAM169A,her2,-0.5428746199293107
FAM177A1,her2,0.07401295401842806
FAM184A,her2,-0.43842807499242237
FAM185A,her2,-0.5199979331299514
FAM186A,her2,-0.329511201850209
FAM193A,her2,-0.7841845550591641
FAM193B,her2,-0.42106869465328894
FAM199X,her2,0.34948020408821334
FAM20B,her2,-0.3905918787511338
FAM20C,her2,-0.0645840983913645
FAM32A,her2,0.15519348700344748
FAM3B,her2,0.11861711314878495
FAM3C,her2,-0.1939698914063639
FAM50A,her2,0.3077541215668257
FAM50B,her2,-0.20942117377105304
FAM53B,her2,-0.12296879439281998
FAM76A,her2,-0.24715435002347225
FAM76B,her2,-0.16417641197987692
FAM89B,her2,0.49498313572566077
FAM8A1,her2,-0.4723985259658648
FAM91A1,her2,0.005868819238386042
FANCD2,her2,0.5962426202580747
FANCI,her2,0.3308732325831413
FAP,her2,0.2544740014636974
FAR1,her2,-0.5929059955850792
FARP1,her2,-0.1623808003342777
FARP2,her2,-0.25911738373028215
FARS2,her2,-0.38302031716093365
FARSA,her2,-0.07060265444691344
FARSB,her2,0.33517865903390975
FAS,her2,0.025451456517014973
FASN,her2,0.5561683197973002
FASTKD1,her2,-0.1932388170744716
FASTKD2,her2,0.04133600065950835
FASTKD5,her2,0.5005217759864838
FAT1,her2,0.5220039536989873
FAU,her2,-0.03251516746954197
FBL,her2,-0.16613547443007304
FBLIM1,her2,0.1678753571332592
FBLN1,her2,0.035705269297871614
FBLN2,her2,0.11355645233570126
FBLN5,her2,-0.0741063394154242
FBLN7,her2,-0.9606903911750169
FBN1,her2,0.17958110244025582
FBP1,her2,-0.23902568791313825
FBP2,her2,0.13964352513373737
FBRSL1,her2,0.024967935534825306
FBXL12,her2,-0.21151573127845902
FBXL15,her2,-0.13295222300641307
FBXL17,her2,-0.4694971843155326
FBXL18,her2,0.4461245470754085
FBXL19,her2,0.16218444032982632
FBXL20,her2,0.7282577802272568
FBXL3,her2,-0.1535084800247388
FBXL4,her2,-0.28476730141230816
FBXL6,her2,0.17664424993884287
FBXL8,her2,-0.10517157153511655
FBXO11,her2,0.055056316342135904
FBXO2,her2,-0.7100784690477929
FBXO21,her2,-0.3138725405783921
FBXO22,her2,0.13866438972343023
FBXO28,her2,0.11261897148852312
FBXO3,her2,-0.5883740043211262
FBXO30,her2,-0.017939945688334853
FBXO38,her2,-0.19780269654161936
FBXO4,her2,-0.25824960896025384
FBXO42,her2,0.22974865536785766
FBXO44,her2,-0.6806691180723609
FBXO45,her2,0.43547618275850697
FBXO46,her2,-0.2743271747920541
FBXO6,her2,0.31411041329794054
FBXO7,her2,0.12788441232431616
FBXO9,her2,-0.18015019002679755
FBXW11,her2,-0.1035409743166558
FBXW2,her2,0.5049839882212738
FBXW5,her2,0.433426789899021
FBXW8,her2,-0.20639333816107822
FBXW9,her2,-0.29279570410739525
FCER1G,her2,0.2893321953639761
FCF1,her2,0.5303236212583232
FCGR1A,her2,0.3490801312070571
FCGR2A,her2,0.06947599184328956
FCGR2B,her2,0.09743513004078184
FCGR3A,her2,0.34301544300431025
FCGR3B,her2,0.006772340410030816
FCGRT,her2,-0.6565306618747577
FCHO1,her2,0.08921734690195493
FCHO2,her2,-0.29519675251388156
FCHSD1,her2,-0.5209307914873266
FCHSD2,her2,-0.28343012437210413
FCN1,her2,0.003534823708710286
FCN2,her2,0.8016658631888209
FCN3,her2,0.48013770098435776
FCRLB,her2,-0.7621615078605869
FDFT1,her2,0.613463000557968
FDPS,her2,0.9022157842859639
FDX1,her2,0.497317051360553
FDXR,her2,-0.36671742751372755
FECH,her2,-0.3205475075189893
FEM1A,her2,-0.25433271381438166
FEM1B,her2,-0.2557171341287739
FEM1C,her2,0.395848980786493
FEN1,her2,0.5018258083693925
FER,her2,-0.1961767273638412
FERMT1,her2,-0.3941110217381599
FERMT2,her2,0.16771099553853294
FERMT3,her2,0.3271381440317973
FES,her2,-0.46281437499847716
FETUB,her2,0.3541351153787105
FEZ2,her2,0.06311147186976354
FGA,her2,0.3539766325614017
FGB,her2,0.7520168255305676
FGD1,her2,-0.7177699672633182
FGD2,her2,0.13802347770296772
FGD3,her2,-1.2083227180351983
FGD4,her2,0.11358935551805657
FGD5,her2,0.24262607176582504
FGD6,her2,0.044908257806580434
FGF1,her2,-0.19885623512175882
FGF2,her2,-0.7504028725675257
FGFR1,her2,-0.3315999197761508
FGFR1OP2,her2,-0.36865417685682417
FGFR2,her2,-1.1810369722080694
FGG,her2,0.880185748151005
FGGY,her2,-0.2779126692772201
FGL2,her2,-0.014030079153764766
FGR,her2,0.25552696806419806
FH,her2,0.47587781861913614
FHIT,her2,-0.8189992043289955
FHL1,her2,-0.2243337787027361
FHL2,her2,-0.44884508964390374
FHL3,her2,-0.11461069929733182
FHL5,her2,-0.37818192344661516
FHOD1,her2,1.3002990528181728
FIBIN,her2,-0.06466155801507664
FIBP,her2,0.13398027721161934
FIG4,her2,0.26612550445757865
FIGNL1,her2,0.48378490452437084
FILIP1,her2,-0.3993792779910364
FILIP1L,her2,0.32220672239786885
FIP1L1,her2,-0.164638506596679
FIS1,her2,-0.41720970271585306
FIZ1,her2,-0.07744242612901261
FKBP10,her2,-0.6093581686962343
FKBP11,her2,0.3976007064259239
FKBP14,her2,0.5860277147975089
FKBP15,her2,0.1277290158165656
FKBP1A,her2,0.6760867059058351
FKBP2,her2,0.12288696695496802
FKBP3,her2,0.41397573956082867
FKBP4,her2,-0.45297126837632384
FKBP5,her2,0.37016357169285535
FKBP7,her2,0.17483243919887473
FKBP8,her2,-0.03506238296436623
FKBP9,her2,-0.08842209809219187
FKBPL,her2,0.2873022366430877
FLAD1,her2,0.34574626149392407
FLCN,her2,-0.38229289253355625
FLI1,her2,0.014024656920169413
FLII,her2,0.2307448943368409
FLNA,her2,0.056073152973326386
FLNB,her2,-0.9045077971746801
FLNC,her2,-0.0011278297341462539
FLOT1,her2,-0.06396275588606859
FLOT2,her2,-0.09423523242360274
FLT1,her2,0.2731576284557686
FLVCR1,her2,-0.024953659566447458
FLYWCH2,her2,-0.02886703485626201
FMN1,her2,-0.7717574949995656
FMNL1,her2,-0.01480506474862715
FMNL2,her2,0.3785337800413461
FMNL3,her2,-0.14236917296629498
FMO1,her2,0.675016633459031
FMO3,her2,0.17540536902628756
FMO5,her2,-0.16936242140943128
FMOD,her2,-0.10328093987291036
FMR1,her2,0.0738567202989218
FN1,her2,0.3402258461824704
FN3K,her2,-0.6230035774954081
FN3KRP,her2,-0.22236737528416534
FNBP1,her2,0.5819229596306071
FNBP1L,her2,0.3177448790899875
FNBP4,her2,-0.4403600533105876
FNDC1,her2,0.13616052979379042
FNDC3A,her2,-0.36362156671913426
FNDC3B,her2,0.28631975547153926
FNIP1,her2,-0.3594372660411633
FNTA,her2,-0.42422044945737675
FNTB,her2,0.057953355139530184
FOLH1,her2,0.6482992651593263
FOLR2,her2,0.02505037132666376
FOSB,her2,-0.38797758953918243
FOSL2,her2,-0.31638847165715783
FOXA1,her2,0.3127392401893703
FOXJ2,her2,-0.4017727264074469
FOXJ3,her2,-0.006159961819820975
FOXK1,her2,-0.2384506631702094
FOXK2,her2,-0.14471494716581987
FOXN3,her2,0.08649857814916605
FOXO1,her2,-0.009167046562155924
FOXO3,her2,0.5775074412783205
FOXP1,her2,0.17373344582486736
FOXP4,her2,0.4791319501119193
FOXRED1,her2,0.7071088289278084
FOXRED2,her2,0.5931222543237442
FPGS,her2,0.18410521823119083
FPGT,her2,-0.5278766538116242
FRG1,her2,-0.13700905494640786
FRK,her2,0.4137479366481479
FRMD4A,her2,0.10680074309295827
FRMD6,her2,-0.0995289744165892
FRMD8,her2,0.041850835302415706
FRS2,her2,-0.7096115028618087
FRY,her2,-0.25330550935449214
FRYL,her2,-0.34560672957113203
FRZB,her2,-0.481340305954447
FSCN1,her2,-0.1461073511863956
FSD1L,her2,-0.6805351272072546
FST,her2,-0.24033373236423214
FSTL1,her2,0.12566808242106484
FSTL3,her2,-0.04108059000773329
FTH1,her2,0.47288614434397125
FTL,her2,0.7775370466706182
FTO,her2,-0.21742861751117692
FTSJ1,her2,0.3382742883587596
FTSJ3,her2,0.4739234812490299
FUBP1,her2,-0.023931492764858744
FUBP3,her2,0.20910527871618922
FUCA1,her2,-0.23274991574928108
FUCA2,her2,0.602904973895757
FUNDC1,her2,0.5300129528351522
FUNDC2,her2,0.06204584164920858
FURIN,her2,-0.27872992235612304
FUS,her2,-0.05445706997943867
FUT5,her2,-0.2636017228788162
FUT8,her2,-0.2129288076235594
FXN,her2,-0.29846421906021514
FXR1,her2,-0.19275511783794788
FXR2,her2,-0.30672409558248476
FYCO1,her2,0.1263779554672776
FYTTD1,her2,0.4266707700240991
FZD1,her2,-0.019438066490399242
FZD6,her2,-0.20058822649047922
FZD7,her2,-0.38814036439211974
FZR1,her2,-0.2461927962018707
G3BP1,her2,0.07017579488687813
G3BP2,her2,0.6500880672754137
G6PC3,her2,-0.7546618017700859
G6PD,her2,1.996598459809587
GAA,her2,-0.24586399131697795
GAB1,her2,-0.03920652107563246
GAB2,her2,-0.6446767581669314
GABARAP,her2,-0.25351513719219354
GABARAPL1,her2,0.09704660242590257
GABARAPL2,her2,-0.51995946748719
GABPA,her2,-0.2879228801482839
GABPB1,her2,-0.017832931308576362
GABPB2,her2,-0.12878942433102186
GADD45GIP1,her2,0.1869246905681257
GAK,her2,-0.42581360865584306
GAL3ST4,her2,0.03251459429869027
GALC,her2,-0.2193162747849061
GALE,her2,0.8079109162852196
GALK1,her2,-0.23065443963373417
GALK2,her2,0.7368940857236382
GALM,her2,0.47199184718111187
GALNS,her2,0.3474540354063234
GALNT1,her2,0.13463969797910252
GALNT10,her2,0.3238467166947183
GALNT2,her2,0.044179419863987414
GALNT3,her2,0.8052960926373202
GALNT4,her2,-0.5339071071628431
GALNT5,her2,-0.14268803807667774
GALNT6,her2,0.3283086273346516
GALNT7,her2,0.7080855215328935
GALT,her2,-0.033803483738551264
GAMT,her2,-0.6888663823092931
GAN,her2,0.651156007137169
GANAB,her2,0.15752306852532258
GANC,her2,0.021973448376273345
GAPDH,her2,0.5863504888978486
GAPDHS,her2,-0.1039313326811506
GAPVD1,her2,-0.23319925879403527
GAR1,her2,-0.12982023023933031
GART,her2,0.36501724470657365
GAS2L1,her2,0.4853923124835045
GAS6,her2,-0.4688631417912298
GAS7,her2,-0.2040208488177409
GATA3,her2,-0.6200905274050765
GATAD1,her2,-0.8060170254271316
GATAD2A,her2,0.17447860667766793
GATAD2B,her2,-0.4096139674810573
GATC,her2,-0.14250285915460303
GATM,her2,-0.24675399680969157
GBA2,her2,-0.3264414173632889
GBE1,her2,-0.01907138447092511
GBF1,her2,0.1888137741512799
GBP1,her2,0.5072212702600648
GBP2,her2,0.49670714114923364
GBP3,her2,0.07922885983095863
GBP4,her2,0.27179684164947276
GBP5,her2,0.5852331872118322
GBP7,her2,-0.025980767150588096
GC,her2,0.006362761612154316
GCA,her2,0.13516720531353857
GCAT,her2,0.553735768798277
GCC1,her2,0.07413628913183896
GCC2,her2,0.10536478189254952
GCDH,her2,-0.34380701678670467
GCH1,her2,0.8618974352881965
GCHFR,her2,0.981625729489985
GCLC,her2,-0.3338443803778062
GCLM,her2,-0.1167378313906347
GCSH,her2,-0.5078254746721598
GDAP1,her2,-0.7410018015228037
GDAP2,her2,0.08103501300106622
GDE1,her2,0.19303540970782807
GDF15,her2,-0.027994116442683615
GDI1,her2,-0.13006216083468294
GDI2,her2,0.4435538966497707
GDPD1,her2,0.0774392039350689
GDPD3,her2,-0.20859066454993314
GEM,her2,-0.3530822586565529
GEMIN4,her2,-0.5353023662166236
GEMIN5,her2,-0.4274232412191859
GEMIN6,her2,0.21839541150585537
GEMIN7,her2,0.24312510617004376
GEMIN8,her2,-0.2237365540227937
GEN1,her2,0.6660654492766829
GET4,her2,-0.1322248909647135
GFAP,her2,-0.6229879053977135
GFER,her2,0.10203742041505676
GFM1,her2,-0.11004697083657142
GFM2,her2,0.04371633024065747
GFOD1,her2,0.12105836916050264
GFOD2,her2,0.559813271701417
GFPT1,her2,0.2565385579328843
GFPT2,her2,0.10162453249601913
GFRA1,her2,-1.0613453678533482
GGA1,her2,0.36427202789229823
GGA2,her2,-0.7896557648083703
GGA3,her2,-0.2125636986039663
GGCT,her2,1.5803958085011267
GGCX,her2,1.0538218085278006
GGH,her2,0.26413402991241763
GGNBP2,her2,-0.3275619269139073
GGPS1,her2,0.30914140041364585
GGT1,her2,1.106585577713765
GGT5,her2,0.010651865103207564
GGT7,her2,-0.9357934158776049
GHDC,her2,-0.7008558509562547
GHITM,her2,0.45163619435751245
GIGYF1,her2,-0.6887693882897234
GIGYF2,her2,-0.27094923582604125
GIMAP1,her2,-0.02808214856705197
GIMAP2,her2,-0.14322846109060736
GIMAP4,her2,0.1168245650618254
GIMAP6,her2,-0.05148479287056993
GIMAP7,her2,0.02998075734799604
GIMAP8,her2,-0.051513602015755874
GINS1,her2,0.6477555251141036
GINS2,her2,0.09200751637060646
GINS3,her2,0.5890729337500493
GINS4,her2,0.013221344440961789
GIPC1,her2,0.25869143264443384
GIPC3,her2,-0.043499362038081045
GIT1,her2,0.21260149525926234
GIT2,her2,-0.1851558648735872
GJA1,her2,-0.625455609944234
GK,her2,0.14217804960304486
GK5,her2,-0.031515828895511584
GKAP1,her2,-0.47459204448923714
GLA,her2,-0.17781103677509635
GLB1,her2,0.6934350570688526
GLB1L,her2,-0.5915555184088069
GLCCI1,her2,-0.1889722016395863
GLCE,her2,-0.531535670340597
GLDC,her2,-0.19802532481191232
GLE1,her2,0.22261970950904625
GLG1,her2,0.4910305039329641
GLI3,her2,-0.5628290524781348
GLIPR1,her2,-0.1900743284412199
GLIPR2,her2,0.17321749398339284
GLMN,her2,0.025253072757609848
GLO1,her2,0.3168444002809433
GLOD4,her2,-0.5489864305600226
GLRX,her2,0.21267671475410413
GLRX2,her2,0.5455190363463949
GLRX3,her2,0.87731259576145
GLRX5,her2,0.3765215286388231
GLS,her2,-0.13960429330945967
GLT8D1,her2,-0.6534952896539435
GLT8D2,her2,0.10026500265580737
GLTP,her2,0.2499177702231232
GLUD1,her2,-0.28904175387864195
GLUD2,her2,-0.2574734195406497
GLUL,her2,-0.6084051027773355
GLYAT,her2,-0.4049036110399097
GLYATL1,her2,0.37437782555274957
GLYATL2,her2,1.181842406030808
GLYR1,her2,-0.5264696887202619
GM2A,her2,0.8876732813920085
GMDS,her2,0.6566668801624823
GMEB1,her2,0.13605541461312365
GMEB2,her2,0.056904693196485334
GMFB,her2,0.029726322379815047
GMFG,her2,0.17959897985580536
GMIP,her2,0.2391431861978977
GMNN,her2,0.5256483239462096
GMPPA,her2,0.7438441667443746
GMPPB,her2,0.3216086456935338
GMPR,her2,0.06478367406238397
GMPR2,her2,-0.24735990838938735
GMPS,her2,0.7134887989227998
GNA11,her2,0.08950274736547702
GNA12,her2,0.3987280451333028
GNA13,her2,0.031874727079791804
GNAI1,her2,0.31740691009843947
GNAI2,her2,-0.29131687045245463
GNAI3,her2,0.35757238207698355
GNAO1,her2,-0.2768379980667296
GNAQ,her2,-0.05318135544120593
GNAS,her2,0.5726244773418562
GNAZ,her2,-0.4543867056880297
GNB1,her2,0.22739313411676937
GNB1L,her2,0.03510157520194568
GNB2,her2,0.27763225172386147
GNB4,her2,0.16614436508086383
GNB5,her2,-0.24161957124628494
GNE,her2,0.22780290789580113
GNG11,her2,-0.2082479322203292
GNG12,her2,-0.18756577621977277
GNG2,her2,-0.10974719461515814
GNG5,her2,0.18482028447706642
GNG7,her2,-0.43597971292023674
GNL1,her2,-0.30081063159830246
GNL2,her2,0.2803275047755083
GNL3,her2,0.026725341582569246
GNL3L,her2,0.1147660680134071
GNPAT,her2,-0.07420585887054193
GNPDA1,her2,-0.5662986954509913
GNPDA2,her2,-0.8936462315026675
GNPNAT1,her2,0.8538503497946288
GNPTAB,her2,0.4408224957829555
GNPTG,her2,-0.28060351165238734
GNS,her2,-0.26926483772589854
GOLGA1,her2,0.4170885352057166
GOLGA2,her2,0.6328891322997079
GOLGA3,her2,0.3139258846484824
GOLGA4,her2,0.11605559008479356
GOLGA5,her2,0.618083085062588
GOLGA7,her2,-0.2852439094211101
GOLGB1,her2,-0.052224597775651284
GOLIM4,her2,0.36585129213251943
GOLM1,her2,0.0028780813332996936
GOLPH3,her2,0.385627963948557
GOLPH3L,her2,-0.2870581745533703
GOLT1B,her2,0.4273383016425165
GON4L,her2,-0.6517254927905662
GOPC,her2,0.003175616696979792
GORAB,her2,-0.29819017546855314
GORASP1,her2,-0.08662424276496881
GORASP2,her2,0.8872313274926459
GOSR1,her2,-0.3005957923936055
GOSR2,her2,-0.43916847643057627
GOT1,her2,1.0358289212794742
GOT2,her2,0.12318040182854238
GP2,her2,-0.1896040602426688
GPAA1,her2,0.14463296624609992
GPAM,her2,-0.005216929651367137
GPATCH1,her2,-0.5090126183780604
GPATCH2,her2,-0.23085932199910567
GPATCH8,her2,-1.026842753058251
GPBP1,her2,-0.11107352117400168
GPBP1L1,her2,-0.1963826715696008
GPC1,her2,-0.2593956211198356
GPC4,her2,0.21620675529240668
GPC6,her2,0.3982827102069065
GPCPD1,her2,0.5979600590698949
GPD1,her2,-0.23176946559728093
GPD1L,her2,0.12466581829007507
GPD2,her2,0.12714611507045576
GPHN,her2,-0.44053441822958395
GPI,her2,0.93537840502406
GPKOW,her2,0.012821336111354357
GPLD1,her2,-0.33853124715755195
GPN1,her2,0.25341885118606267
GPN2,her2,0.25615948921079096
GPN3,her2,-0.35878418791105143
GPNMB,her2,0.6318399132182647
GPR107,her2,0.5026264744351803
GPR108,her2,-0.165783769916435
GPRC5A,her2,0.24640068849420052
GPRC5C,her2,0.7438995778914903
GPRIN1,her2,0.42182701983189275
GPRIN3,her2,-0.2628719458568771
GPS1,her2,0.21532992064257808
GPS2,her2,-0.18886340682296734
GPSM1,her2,-0.17949701885980074
GPSM3,her2,0.006694934802702634
GPT,her2,-0.7260613466702346
GPT2,her2,0.32453642071126804
GPX1,her2,0.054034110730129765
GPX3,her2,-0.2094880665111709
GPX4,her2,0.13362459495918305
GPX7,her2,-0.05826885563852846
GPX8,her2,0.33957403615699683
GRAMD1A,her2,-0.5727897073114373
GRAMD4,her2,0.8134832540365297
GRAP2,her2,0.1467631619877461
GRB10,her2,0.07378614683479877
GRB14,her2,-0.3690848021754267
GRB2,her2,0.07957974714185989
GRB7,her2,2.149666475891322
GREB1,her2,-1.2661000596887364
GREM1,her2,0.3871951904612823
GRHL1,her2,0.41753156427350163
GRHL2,her2,0.17844299308543898
GRHPR,her2,-0.28665129396196837
GRIP1,her2,0.25847248609905943
GRIPAP1,her2,-0.009144246988854599
GRK5,her2,-0.288778019970684
GRK6,her2,0.19246203049460403
GRN,her2,-0.00807262859716494
GRPEL1,her2,0.05837898272363072
GRPEL2,her2,-0.1393626456250076
GRSF1,her2,0.34677308474060203
GRTP1,her2,-0.5599624896610541
GRWD1,her2,-0.06311430124615883
GSDMA,her2,0.6853771037364174
GSDMD,her2,-0.6281895251831496
GSK3A,her2,-0.09171396425183194
GSK3B,her2,0.5341115844355516
GSN,her2,-0.08832346754684607
GSPT1,her2,0.017083803501366804
GSPT2,her2,-0.391130049625528
GSR,her2,0.9498296607263922
GSS,her2,0.3431550611906267
GSTA1,her2,0.09433303471602081
GSTA4,her2,0.3723926074532511
GSTCD,her2,-0.193654740832619
GSTK1,her2,-0.2708947080517858
GSTM1,her2,-0.12320781012082731
GSTM2,her2,-0.5503174723567155
GSTM3,her2,-0.13843911827340138
GSTM4,her2,-0.1792335863353617
GSTM5,her2,-0.19234739182796382
GSTO1,her2,-0.07174564355264314
GSTP1,her2,0.487259792381402
GSTZ1,her2,0.41424077928994535
GTF2A1,her2,0.22518931073291684
GTF2A2,her2,0.3170748756486307
GTF2B,her2,-0.1204262892667564
GTF2E1,her2,0.11573140112152513
GTF2E2,her2,0.22408054387425516
GTF2F1,her2,-0.35735544183849893
GTF2F2,her2,-0.056247370898821064
GTF2H1,her2,-0.21784094678825577
GTF2H3,her2,-0.08612198065186433
GTF2H4,her2,0.010475407162116814
GTF2H5,her2,-0.02649072827331004
GTF2I,her2,-0.43797573132714007
GTF2IRD1,her2,0.20544768076129932
GTF3A,her2,0.16611202887043566
GTF3C1,her2,0.17465360599970442
GTF3C2,her2,0.4523123825403422
GTF3C3,her2,0.08139214780240348
GTF3C4,her2,0.24672416218787582
GTF3C5,her2,0.48429996930837416
GTF3C6,her2,0.6537650810131944
GTPBP1,her2,0.3263899641320825
GTPBP10,her2,-0.26337673110017434
GTPBP2,her2,0.17221472885263872
GTPBP3,her2,-0.4800359996072712
GTPBP4,her2,0.30250714686115576
GTPBP8,her2,0.29711681558239045
GTSE1,her2,0.6559868214405696
GUCY1A2,her2,0.7752304501610046
GUF1,her2,-0.2676358119348506
GUK1,her2,0.7383348227121204
GULP1,her2,0.34728908212685916
GUSB,her2,0.5325227328926381
GXYLT1,her2,-0.16130051653649494
GYG1,her2,0.20970169370308006
GYG2,her2,0.3612092933850587
GYS1,her2,0.4140544539725948
GZF1,her2,-0.2806946036286864
GZMA,her2,0.31923806561091855
GZMH,her2,0.35336710776356495
H6PD,her2,-0.24980593937140433
HAAO,her2,0.6173747250386162
HABP2,her2,0.3623295071754165
HABP4,her2,-0.19208769420943722
HACE1,her2,-0.1879414206901746
HACL1,her2,-0.4304720296963353
HADH,her2,-0.1283431707065802
HADHA,her2,0.03826658400962632
HADHB,her2,-0.010079906747904495
HAGH,her2,-0.3714716170349859
HAGHL,her2,-0.4278683314350899
HAPLN1,her2,-0.06354743403329946
HAPLN3,her2,0.10037156701131486
HARS2,her2,-0.11836821651440288
HAT1,her2,0.3207187169513579
HAUS1,her2,-0.6813497340446086
HAUS2,her2,0.16735717357908414
HAUS3,her2,-0.9090875785321196
HAUS4,her2,0.059320528049228195
HAUS5,her2,-0.20430004598462348
HAUS6,her2,0.11287953350435116
HAUS7,her2,0.5461553627853365
HAUS8,her2,0.7057629250579447
HAVCR2,her2,0.27696765641979076
HAX1,her2,0.019719745292929296
HBB,her2,-0.565757553895386
HBD,her2,-0.016070349814887048
HBP1,her2,-0.24570440450511283
HBQ1,her2,-0.09588539776918999
HBS1L,her2,0.42660885276203175
HBZ,her2,-0.33280078940570107
HCCS,her2,0.6486648384981292
HCFC1,her2,-0.1751856398431667
HCFC2,her2,-0.3586239541620479
HCK,her2,0.07739419450187983
HCLS1,her2,0.16618098422027866
HDAC1,her2,-0.3592217429586348
HDAC10,her2,-0.09465461484786804
HDAC11,her2,-0.8224742344720485
HDAC2,her2,0.8204875855915412
HDAC3,her2,-0.08477209847395288
HDAC4,her2,-0.024519805605027402
HDAC5,her2,-1.2957651710132068
HDAC6,her2,-0.1098636049064707
HDAC7,her2,-0.5380379119136363
HDAC8,her2,-0.07843961033252625
HDDC2,her2,0.30482642333170223
HDDC3,her2,-0.23969311813501956
HDGF,her2,-0.03576358728397
HDHD2,her2,-0.875465345655266
HDHD3,her2,-0.11446639933900218
HDLBP,her2,0.6107147649326043
HEATR1,her2,-0.31208825525096234
HEATR3,her2,0.7089511722204851
HEATR5B,her2,-0.3171914787472609
HEATR6,her2,0.11783832534954397
HEBP1,her2,-0.6225163065110896
HEBP2,her2,0.5432797543629556
HECA,her2,0.16729569603734695
HECTD1,her2,0.09928673067637861
HECTD3,her2,0.39673190005532083
HECW2,her2,0.24739976924160184
HELB,her2,-0.2849494625464847
HELLS,her2,0.4419854828517568
HELZ,her2,-0.20369969706255564
HERC1,her2,-0.3778450125020603
HERC2,her2,-0.2480027510515757
HERC3,her2,0.19030735528288095
HERC4,her2,0.5611227966604041
HERC5,her2,-0.1753345923379125
HERC6,her2,-0.06581590567090287
HERPUD1,her2,0.5213291975278893
HERPUD2,her2,-0.2844345381328844
HES1,her2,0.3115485796054357
HEXA,her2,-0.03050355882305067
HEXB,her2,0.16525839809801887
HEXIM1,her2,-0.4925215136005516
HEXIM2,her2,-0.6209687986738657
HGD,her2,0.7092827845006545
HGF,her2,-0.30684338724480936
HGFAC,her2,-0.1430476913922898
HGS,her2,-0.06740423008303736
HIBADH,her2,0.06186681799639203
HIBCH,her2,0.06689899097210823
HIC1,her2,-0.028816982917131088
HIF1AN,her2,-0.05058821947015296
HIGD1A,her2,0.023445749155974516
HIGD2A,her2,0.16043613973869292
HINT1,her2,0.6527664131977858
HINT2,her2,-0.16222441240771182
HINT3,her2,0.3123833243401975
HIP1,her2,-0.4543784648895511
HIP1R,her2,0.43540006378720814
HIRA,her2,0.38119533805345945
HIRIP3,her2,-0.19163836272767815
HIVEP1,her2,0.6232664610228059
HIVEP2,her2,0.8606085590870411
HK1,her2,0.3242847816384514
HK2,her2,0.6817280409125591
HK3,her2,0.49274549762423886
HLA-A,her2,0.22651816542985156
HLA-B,her2,0.2242231115760801
HLA-C,her2,0.13889176402048758
HLA-DMA,her2,0.29213658676784576
HLA-DMB,her2,0.32863946127357563
HLA-DPA1,her2,0.15425577921809974
HLA-DPB1,her2,0.229689794407257
HLA-DQA1,her2,0.263226718842661
HLA-DQB1,her2,0.2575798671659272
HLA-DRA,her2,0.3247330526264669
HLA-DRB1,her2,0.20056793237145173
HLA-DRB5,her2,0.15006606399578007
HLA-E,her2,0.37622030564073006
HLA-F,her2,0.1756412112839195
HLCS,her2,-0.05191334156904938
HLTF,her2,-0.047044134626344124
HM13,her2,0.8510898289638184
HMBOX1,her2,-0.20692201823147305
HMBS,her2,0.2615774667937221
HMCN1,her2,0.035896949683954744
HMG20A,her2,-0.49006677066961923
HMG20B,her2,0.2301099288703418
HMGA1,her2,0.4498363964012661
HMGB1,her2,0.2541385764324636
HMGB2,her2,-0.06263587131399947
HMGB3,her2,0.8566206219612692
HMGCL,her2,-0.859802733296632
HMGCS1,her2,1.1112279181719662
HMGCS2,her2,0.29983911623582843
HMGN1,her2,0.433718289052564
HMGN2,her2,0.18330791244625327
HMGN3,her2,0.2861692701979269
HMGN4,her2,-1.0910901881786417
HMGN5,her2,0.08497341503080125
HMGXB4,her2,0.4464190805779398
HMMR,her2,0.5795337630341075
HMOX1,her2,0.38306685340812824
HMOX2,her2,0.2986898625093731
HMX3,her2,0.012450032743979659
HNMT,her2,0.0479003179282787
HNRNPA0,her2,-0.19378549027806471
HNRNPA1,her2,-0.2955241023590387
HNRNPA2B1,her2,0.3526122955136277
HNRNPA3,her2,0.13845251312384546
HNRNPAB,her2,0.6737362085160309
HNRNPC,her2,-0.006243720477493264
HNRNPD,her2,-0.06940855074243182
HNRNPF,her2,0.5138870229883467
HNRNPH1,her2,-0.13680419354389742
HNRNPH2,her2,-0.2882442928261514
HNRNPH3,her2,0.42156094495988355
HNRNPK,her2,-0.016773859608649435
HNRNPL,her2,0.10342043743345129
HNRNPM,her2,0.040280749832130903
HNRNPR,her2,-0.08215340987534661
HNRNPU,her2,-0.2271383442562197
HNRNPUL1,her2,-0.05847226425448584
HNRNPUL2,her2,0.12810027770541269
HOMER1,her2,0.08740687382640022
HOMER2,her2,-0.18400054168792998
HOMER3,her2,0.33405037391027803
HOMEZ,her2,-0.14801808523158413
HOOK1,her2,-0.6496615269201713
HOOK2,her2,-0.5315411956469057
HOOK3,her2,-0.13092720754594148
HOPX,her2,0.5646215655844329
HOXB3,her2,0.2334439080716594
HOXC10,her2,0.5038289581911952
HOXC9,her2,0.3760839593697047
HOXD8,her2,-0.06352368192478912
HOXD9,her2,-0.11019135018622786
HP,her2,0.023992886103916065
HP1BP3,her2,-0.47090829787551
HPCAL1,her2,0.8606565133420228
HPGD,her2,0.3470098485902565
HPGDS,her2,-0.3382212476995715
HPR,her2,-0.165129737810246
HPRT1,her2,-0.376140648889328
HPS1,her2,-0.11755145913582661
HPS3,her2,-0.18105678348688475
HPS4,her2,-0.12952719203200394
HPS5,her2,-0.1252017377393261
HPS6,her2,-0.10792465679884729
HPX,her2,0.27221054461626004
HRAS,her2,0.18043265049009494
HRG,her2,0.1535186567698979
HS1BP3,her2,0.25626814210016263
HS2ST1,her2,0.14830868797898303
HS6ST1,her2,0.05257937583659651
HSBP1,her2,0.21041130140890454
HSCB,her2,0.4926550228242473
HSD11B1,her2,0.1507394567061955
HSD11B2,her2,0.08184053537449908
HSD17B10,her2,0.4699032871122578
HSD17B11,her2,0.15034900505056337
HSD17B12,her2,0.35959277834943454
HSD17B4,her2,-0.5879225380563097
HSD17B7,her2,-0.34632817587051345
HSD17B8,her2,-0.3171674722872042
HSD3B7,her2,-0.37814878806063185
HSDL1,her2,-0.04253679152895066
HSDL2,her2,-0.22250364920028923
HSF1,her2,-0.24676320918563233
HSP90AA1,her2,0.6939787087982568
HSP90AB1,her2,0.22426285523574394
HSP90B1,her2,0.1763589045963136
HSPA12A,her2,0.05284782457132926
HSPA12B,her2,-0.28111185935108934
HSPA13,her2,-0.2827016915024031
HSPA14,her2,0.21321105138347432
HSPA1L,her2,-0.09489552324335103
HSPA2,her2,-0.26508706956673195
HSPA4,her2,0.31087614049684087
HSPA4L,her2,-0.7276089453948429
HSPA5,her2,0.17789402996906697
HSPA6,her2,-0.4550783475517975
HSPA8,her2,0.493770218553959
HSPA9,her2,0.22548367221962495
HSPB1,her2,-0.2199059595556197
HSPB6,her2,-0.4022772381079265
HSPB7,her2,-0.10152655533078493
HSPB8,her2,-0.28121908351128144
HSPBAP1,her2,-0.5487446131866164
HSPBP1,her2,-0.03531317320246839
HSPD1,her2,0.7138082037561152
HSPE1,her2,0.7389591000718218
HSPG2,her2,-0.11547252085622223
HSPH1,her2,0.4980499811034518
HTATIP2,her2,0.16423540100128753
HTATSF1,her2,0.5010608816868903
HTRA1,her2,0.07866623006958551
HTRA2,her2,-0.021075810927546196
HTRA3,her2,0.03535859040515641
HTT,her2,-0.4531760886584801
HUS1,her2,0.17000768984247225
HUWE1,her2,0.05327672321633156
HVCN1,her2,0.1436098534240911
HYI,her2,-0.2780027044266189
HYOU1,her2,0.3500023241265328
IAH1,her2,-0.24006065603460489
IARS2,her2,-0.16438931031531412
IBTK,her2,-0.0510592929412362
ICA1,her2,0.21099771656264793
ICAM1,her2,0.11836136058444804
ICAM2,her2,-0.10563494133309749
ICAM3,her2,0.3399004537434814
ICAM5,her2,-0.25056081250620277
ICMT,her2,0.6010101597576136
ICOSLG,her2,0.43214363162544844
IDE,her2,0.4983763837964803
IDH1,her2,1.1258538854033004
IDH2,her2,1.214996576953618
IDH3A,her2,0.3099789955144618
IDH3B,her2,0.27550615442508936
IDH3G,her2,0.5346340152286274
IDI1,her2,1.212031009315464
IDO1,her2,0.5663836165467737
IDS,her2,-0.26082095869160643
IDUA,her2,-0.7153263561171571
IER3IP1,her2,-0.38044012786486586
IFFO1,her2,0.08510056942869251
IFI16,her2,0.15466133928127998
IFI30,her2,0.7060197285977218
IFI35,her2,-0.4221182134194027
IFI44,her2,0.06575901198411524
IFI44L,her2,0.005751711568916226
IFIH1,her2,0.2018444315964608
IFIT1,her2,-0.09175596854614508
IFIT2,her2,0.1299871758288832
IFIT3,her2,0.12119343986401887
IFIT5,her2,-0.2966133213097247
IFITM1,her2,-0.3537289468826258
IFITM3,her2,-0.1692774949323991
IFNGR1,her2,0.6368426946294145
IFRD1,her2,0.18192956406245142
IFRD2,her2,-0.18344559329654217
IFT122,her2,-0.17950019371743312
IFT140,her2,-0.8742995957114313
IFT172,her2,-0.2444039764577718
IFT20,her2,0.8402301317136998
IFT27,her2,0.5426038022021782
IFT46,her2,-0.2368247993273364
IFT52,her2,-0.06462298123561559
IFT57,her2,-0.44459005980376715
IFT74,her2,-0.3983208272052244
IFT80,her2,-0.4462758400897538
IFT81,her2,-0.5922088068115702
IFT88,her2,-0.5642356619382706
IGBP1,her2,-0.01252507536781563
IGF1,her2,-0.33430341244992157
IGF1R,her2,-1.508932866529812
IGF2,her2,-0.3532497507938413
IGF2BP1,her2,0.7236457685820075
IGF2BP2,her2,0.012336107787663548
IGF2BP3,her2,0.030758025962103405
IGF2R,her2,0.5032963195461923
IGFALS,her2,-0.9622718789072827
IGFBP2,her2,-0.3593743737099797
IGFBP3,her2,0.27981503074086356
IGFBP4,her2,-0.9326719430555093
IGFBP5,her2,-0.1786875463237417
IGFBP6,her2,-0.3954816960389639
IGFBP7,her2,-0.06668959365699557
IGHMBP2,her2,-0.23690564008830442
IGLL1,her2,0.08224861167175138
IGSF1,her2,-0.8777188524157304
IGSF3,her2,0.3738194929142416
IGSF8,her2,0.07375394568379386
IK,her2,-0.0736701899305522
IKBIP,her2,0.21196828204213317
IKBKB,her2,-0.6892311706479539
IKBKE,her2,-0.2015786570896864
IKBKG,her2,0.2971794611075833
IKZF1,her2,0.229967693303693
IKZF2,her2,0.12966644160592414
IKZF3,her2,0.7203515013019515
IKZF5,her2,-0.878463929383235
IL16,her2,0.198023611035904
IL17RA,her2,0.26637396445685685
IL18,her2,0.15429760913844662
IL1RAP,her2,0.13028395332884218
IL1RN,her2,-0.14644012642412288
IL33,her2,-0.19616866139487538
IL4I1,her2,0.4933281758871479
IL6ST,her2,-0.812517946785915
ILF2,her2,0.3740332497208479
ILF3,her2,-0.2088415083754328
ILK,her2,-0.06736615789706402
ILKAP,her2,0.4078125940478286
IMMT,her2,0.7944839473558694
IMP3,her2,-0.2050924885762198
IMP4,her2,0.3557940629312155
IMPA1,her2,-0.49666990145797135
IMPA2,her2,0.1383331516722415
IMPACT,her2,-0.8440797284267371
IMPDH1,her2,0.3728674555121313
IMPDH2,her2,-0.40322584108995757
INCENP,her2,0.37160875850408337
INF2,her2,0.5589085524758792
ING1,her2,-0.2386437902943604
ING2,her2,0.041912290385451495
ING3,her2,-0.40063741877674114
ING4,her2,-0.8033927932368294
ING5,her2,-0.23623306929224522
INHBA,her2,0.20542868611083046
INO80,her2,-0.05691859685700063
INO80B,her2,-0.31167167989433125
INO80C,her2,-0.08298266771602024
INO80E,her2,-0.2587086106878229
INPP1,her2,-0.39956755042403386
INPP4A,her2,0.08444712482272744
INPP4B,her2,-0.18261447862999525
INPP5A,her2,0.6115677227412849
INPP5B,her2,-0.5053463792622429
INPP5F,her2,-0.16105643027865188
INPP5J,her2,-0.0034818248112631813
INPP5K,her2,-0.31660429925074995
INPPL1,her2,0.058346858114279046
INSR,her2,-0.8146499311725351
INTS1,her2,0.015290891960890894
INTS10,her2,0.10172516207761186
INTS12,her2,-0.6162449232338004
INTS2,her2,-0.1052387611001524
INTS3,her2,-0.5387591746395024
INTS4,her2,0.14841592091775954
INTS5,her2,0.0056737005680018065
INTS6,her2,0.044404255297714794
INTS7,her2,0.3762258042931213
INTS8,her2,0.6651659927399938
INTS9,her2,-0.2550515037894375
IP6K1,her2,-0.7264526336437886
IPCEF1,her2,0.05388945908440936
IPMK,her2,0.46202538237589197
IPO11,her2,-0.19748678450469695
IPO13,her2,0.3346954156415846
IPO4,her2,0.2185762387527308
IPO5,her2,-0.14536077876926204
IPO7,her2,-0.08477639525478288
IPO8,her2,-0.04166212007169046
IPO9,her2,0.030287405154701293
IQCB1,her2,-0.021821643993249214
IQCE,her2,0.01556720264224125
IQGAP1,her2,0.2325375209825392
IQGAP2,her2,0.29471017655332443
IQGAP3,her2,0.2614792704827288
IQSEC1,her2,-0.26051942723914934
IQSEC2,her2,-0.4387961498804333
IRAK1,her2,0.018140300651836253
IRAK3,her2,-0.18053885293587235
IRAK4,her2,-0.02113754473101603
IREB2,her2,0.0488610243520891
IRF1,her2,0.2549569270369485
IRF2,her2,-0.45492082436655895
IRF2BP1,her2,-0.3998378655964082
IRF2BP2,her2,-0.2534341210072671
IRF3,her2,0.19998207637757578
IRF4,her2,0.585355510591065
IRF5,her2,-0.1819138227745682
IRF6,her2,-0.3015653262825386
IRF7,her2,0.06553523479212607
IRF8,her2,0.24972679875190637
IRF9,her2,0.1095482941007871
IRGQ,her2,0.3800651077040272
IRS1,her2,-1.1251458731726154
IRS2,her2,-0.9548410416645634
IRX2,her2,0.21409857333823726
IRX3,her2,-0.21430971186949827
IRX5,her2,-0.4283824190295524
ISCA1,her2,-0.10108451986693216
ISCA2,her2,0.34062320966076404
ISCU,her2,-0.3725367609758274
ISG15,her2,0.07771237176278593
ISG20,her2,0.6734949182238757
ISG20L2,her2,-0.13351175628763715
ISLR,her2,0.03082876733942297
ISOC1,her2,0.0256675575246344
ISOC2,her2,0.28528924994295307
ISY1,her2,0.03495906300004949
ISYNA1,her2,-0.4983860691979682
ITCH,her2,-0.16163357274413906
ITFG1,her2,0.24416266453909288
ITFG2,her2,-0.8895437852597304
ITGA1,her2,0.2519031647847624
ITGA11,her2,0.2499427813748707
ITGA2,her2,-0.35321689411106255
ITGA3,her2,0.11953448190088359
ITGA4,her2,0.06592399427302882
ITGA5,her2,0.2994381108956827
ITGA6,her2,-0.07573426238892324
ITGA7,her2,-0.7611303671468165
ITGAL,her2,0.11096351488301112
ITGAM,her2,-0.062171800304992614
ITGAV,her2,0.14421431272765145
ITGAX,her2,0.3241981282455775
ITGB1,her2,0.1757509802975762
ITGB1BP1,her2,0.09604016001888259
ITGB2,her2,0.30013680427352074
ITGB3,her2,-0.2161383666067721
ITGB4,her2,0.1784887323786655
ITGB5,her2,0.2933790012092776
ITGB6,her2,0.9370768599745724
ITGBL1,her2,-0.021824867973730854
ITIH1,her2,0.08147523562124485
ITIH2,her2,-0.2177357632975797
ITIH3,her2,-0.3355259329440782
ITIH4,her2,0.02019031082186969
ITM2B,her2,-0.2109714255495233
ITPA,her2,0.27590865217313104
ITPK1,her2,-0.09410819970220609
ITPKB,her2,-0.20224100222710406
ITPKC,her2,-0.1791274574146821
ITPR1,her2,-0.18446438506471788
ITPR2,her2,-0.6025292747921139
ITPR3,her2,0.336833617396641
ITSN1,her2,0.4443041195772607
ITSN2,her2,-0.2717149044423132
IVD,her2,-0.3818533914105249
IVL,her2,0.9292579945326913
IVNS1ABP,her2,0.4454634484425459
IWS1,her2,0.680861261742992
JAG1,her2,-0.49797924412787736
JAGN1,her2,-0.015503456436055253
JAK1,her2,-0.12351246544315855
JAK2,her2,-0.19106577916341053
JAK3,her2,0.484749475982358
JAM3,her2,-0.17064565982628413
JMJD1C,her2,0.09559743187692334
JMJD4,her2,-0.03074005787442868
JMJD6,her2,0.17809841380427444
JMJD8,her2,-0.2842614081361285
JMY,her2,-0.19956672164286687
JOSD2,her2,0.056966873443563625
JUN,her2,0.030530066731785616
JUNB,her2,-0.19659067870827995
JUND,her2,-0.27374264764090667
JUP,her2,0.17374470138858802
KALRN,her2,0.2293455524636404
KANK1,her2,-0.7560315267104802
KANK2,her2,-0.05363618849077037
KANK3,her2,-0.289484201060693
KANK4,her2,-0.2656591990076645
KAT2A,her2,-0.9674208714442181
KAT5,her2,-0.22491475958576196
KATNA1,her2,0.18816122571714272
KATNAL1,her2,-0.7981227016908148
KATNB1,her2,0.12194653893388643
KBTBD11,her2,-0.39720486711501
KBTBD2,her2,-0.3385153979535145
KBTBD4,her2,-0.40928325622189865
KBTBD7,her2,-0.22493396816451436
KCMF1,her2,0.6647501462319418
KCNAB2,her2,0.21124971951924087
KCNMA1,her2,0.45111450398481734
KCTD1,her2,0.05472790521575611
KCTD10,her2,0.15112280407536585
KCTD12,her2,-0.11827907112784668
KCTD14,her2,-0.5036693159853228
KCTD15,her2,0.5863320770395802
KCTD17,her2,-0.2537766328097808
KCTD18,her2,-0.3988438757468228
KCTD2,her2,-0.32874102439990455
KCTD20,her2,0.17343273898025835
KCTD21,her2,-0.16362973734516198
KCTD3,her2,-0.5878296443047891
KCTD5,her2,0.6475806264250837
KCTD6,her2,-0.6213039764574839
KCTD7,her2,-0.4201308470917933
KCTD9,her2,-0.4402518077288217
KDM1A,her2,0.06360353959366977
KDM1B,her2,0.08408075707444009
KDM2A,her2,0.30271298839529653
KDM2B,her2,-0.1841803926542089
KDM3A,her2,0.2517857923413638
KDM3B,her2,-0.5565240285171907
KDM4A,her2,-0.022890056192358406
KDM4B,her2,-0.9606398659600137
KDM5A,her2,-0.4880854083888729
KDM5B,her2,0.41788587095456886
KDM5C,her2,0.3787666260576368
KDM6A,her2,0.2976103631272501
KDM6B,her2,0.15391691364247376
KDSR,her2,-1.0716361172776747
KEAP1,her2,-0.6240004014977973
KERA,her2,-0.29013508640427965
KHDRBS1,her2,-0.03725595021831495
KHDRBS3,her2,0.19104709403963566
KHK,her2,-0.17546086594918356
KHNYN,her2,-0.3219575616672883
KHSRP,her2,-0.013021498290135304
KIAA0232,her2,-0.4101186873891729
KIAA0319L,her2,-0.23500579569868854
KIAA0513,her2,0.4622370511139518
KIAA0753,her2,-0.7020936809442567
KIAA1143,her2,-0.2806818857150825
KIAA1191,her2,-0.5994026642842886
KIAA1210,her2,-0.09811237841637258
KIAA1217,her2,0.21522157844031345
KIAA1328,her2,-0.9100897571999197
KIAA1671,her2,0.6794990369558945
KIAA2013,her2,-0.05525187675322796
KIDINS220,her2,-0.19763720173116772
KIF11,her2,0.5590756980317078
KIF12,her2,-0.979830050475101
KIF13A,her2,-0.3946824727056822
KIF13B,her2,-0.2631053226234873
KIF14,her2,0.44323484212697056
KIF15,her2,0.34099971961584286
KIF16B,her2,-0.2354074742049976
KIF18B,her2,0.0788155832202401
KIF1A,her2,0.5204691565929307
KIF1B,her2,0.32253002240430406
KIF1C,her2,0.06475668729557624
KIF20A,her2,0.6365227505947043
KIF20B,her2,0.34132312983670715
KIF21A,her2,0.5215964888820509
KIF22,her2,0.3081551344616805
KIF23,her2,0.44372429817021186
KIF24,her2,0.21155624615895685
KIF26B,her2,0.2482783590813235
KIF2A,her2,-0.014676237551075548
KIF2C,her2,0.5478402761270883
KIF3A,her2,-0.373673609804639
KIF3B,her2,-0.10372126792842236
KIF3C,her2,-0.2895678646864411
KIF4A,her2,0.6644139563798916
KIF5A,her2,-0.4483427128107203
KIF5B,her2,0.028086720245958655
KIF7,her2,-0.4064871722638175
KIFAP3,her2,-0.3194386098502569
KIFC1,her2,0.4527901943735604
KIN,her2,0.20240928568841174
KLC1,her2,0.3507893143475586
KLC2,her2,-0.15832768608062184
KLC3,her2,-0.46991625220704597
KLC4,her2,-0.5110229766930238
KLF12,her2,-0.2196944512509249
KLF13,her2,-0.12505945009728664
KLF16,her2,0.0941612332714726
KLF3,her2,-0.11908142550758646
KLHDC10,her2,-0.41232036879683837
KLHDC2,her2,-0.46982700284607015
KLHDC3,her2,-0.06546255512920016
KLHDC4,her2,0.19518584300019615
KLHDC7A,her2,0.14878917660729513
KLHDC8B,her2,-0.3923077403864476
KLHL11,her2,-0.4853728455232482
KLHL12,her2,-0.5892643831811311
KLHL20,her2,0.08040059966239295
KLHL22,her2,0.19627011557239935
KLHL25,her2,0.15035950699671735
KLHL26,her2,-0.45586236947861447
KLHL36,her2,0.23050517494912048
KLHL7,her2,-0.24013132283844757
KLHL9,her2,-0.3227918826853863
KLK14,her2,-0.20835672102429317
KLK6,her2,-0.09205820651008655
KLKB1,her2,-0.31263748069027253
KLRG2,her2,0.5672342325956157
KMO,her2,1.3095410663199758
KNG1,her2,0.28110044575102733
KNTC1,her2,0.1458580449298941
KPNA1,her2,0.6090742933207732
KPNA2,her2,0.643379713317168
KPNA3,her2,0.3499644974926122
KPNA4,her2,0.7263503466636151
KPNA6,her2,-0.13597948501648613
KPNB1,her2,-0.17995923876032946
KPTN,her2,0.11642301741538205
KRAS,her2,-0.015558230399457413
KRI1,her2,-0.42106395546463055
KRIT1,her2,-0.5233590982106812
KRR1,her2,-0.3549706411001436
KRT1,her2,-0.26492874066690353
KRT10,her2,0.1727643959671569
KRT14,her2,-0.4834028903705724
KRT15,her2,-0.3486039808779945
KRT16,her2,0.07184632020741019
KRT18,her2,0.27912832518660063
KRT19,her2,0.0007198856957686356
KRT23,her2,-0.40729209900357327
KRT24,her2,0.7010503863261311
KRT4,her2,0.8718377162526668
KRT5,her2,-0.24302983982996001
KRT6A,her2,0.29525760086147446
KRT6B,her2,-0.25317485776185306
KRT7,her2,0.9202566587257334
KRT75,her2,0.5076586054975938
KRT77,her2,-0.24493481490404853
KRT79,her2,-0.28621460760152717
KRT8,her2,0.35253322100864615
KRT80,her2,0.475463220616835
KRT81,her2,0.5468904735486702
KRT84,her2,-0.09104906607603871
KRT9,her2,0.04452198907461725
KRTCAP3,her2,-0.9256867616794121
KSR1,her2,-0.3024976619116858
KTI12,her2,0.2595531591042593
KTN1,her2,0.10619491468180849
KYNU,her2,1.18703786857819
L2HGDH,her2,0.13636622583878902
L3MBTL2,her2,0.5870993271296796
L3MBTL3,her2,-0.008745640170463349
LACTB,her2,0.05087493178501881
LACTB2,her2,-0.13297998213087708
LAD1,her2,0.8103687555986965
LAGE3,her2,0.4763445728304025
LAIR1,her2,0.36252419304921063
LALBA,her2,-0.1442462676331553
LAMA1,her2,0.005582259627747239
LAMA2,her2,-0.24101647222333308
LAMA3,her2,-0.8547313272143727
LAMA4,her2,0.11491388705127878
LAMA5,her2,-0.2523313363876873
LAMB1,her2,0.09353501727649334
LAMB2,her2,-0.6040459229818563
LAMB3,her2,-0.12728048389038613
LAMC1,her2,-0.28813851903971516
LAMC2,her2,-0.3247411847747822
LAMP1,her2,0.023555575062004046
LAMP2,her2,0.44343429853845673
LAMP3,her2,0.29523587491012226
LANCL1,her2,-0.7461058371092432
LANCL2,her2,0.1593533221593986
LAP3,her2,-0.058665271028494934
LARP1,her2,-0.0386382907689129
LARP1B,her2,0.1970258451457263
LARP4,her2,0.026019729623514176
LARP4B,her2,0.05051037773510519
LARP6,her2,-0.3596894612754277
LARP7,her2,-0.18831220026469417
LARS2,her2,-0.09656573587067908
LAS1L,her2,0.29483098550905745
LASP1,her2,0.48663370071590284
LATS1,her2,-0.18969384966498135
LBH,her2,0.31900656685143436
LBP,her2,0.9567686419802987
LBR,her2,0.34427166190077924
LCAT,her2,-0.1963352727709196
LCK,her2,0.3013916908308748
LCLAT1,her2,0.4150837689188655
LCMT1,her2,-0.19566331223873004
LCMT2,her2,-0.09834356780376946
LCN2,her2,0.3684345776267102
LCP1,her2,0.15920317539072382
LCP2,her2,0.2863330141748215
LDB1,her2,-0.40351038171633846
LDB3,her2,-0.47486432555295993
LDHA,her2,0.6434052727997605
LDHB,her2,-0.22912090042679392
LDHD,her2,-0.21979242683162983
LDLR,her2,0.5521434066920775
LDLRAP1,her2,0.8326926857863346
LECT2,her2,-0.10928347298035243
LEF1,her2,-0.4219210903498993
LEMD2,her2,-0.006625613001457425
LEMD3,her2,-0.12668614929148078
LENG1,her2,0.0538540826030174
LENG8,her2,-0.5527328464295533
LENG9,her2,0.45930815258375074
LEO1,her2,0.4352207268456876
LETM1,her2,-0.460018693677374
LETMD1,her2,-0.6556830657425284
LFNG,her2,0.47486958117039346
LGALS1,her2,0.02663663332625286
LGALS2,her2,0.18079988730418287
LGALS3,her2,0.4844585179264037
LGALS3BP,her2,-0.106232923228497
LGALS7,her2,-0.1112966485033431
LGALS8,her2,0.3385505178649244
LGALS9,her2,0.45260183926466513
LGMN,her2,0.9256832154846938
LHPP,her2,0.24174971513849855
LIAS,her2,-0.7406289561056049
LIG1,her2,0.31242052567018674
LIG3,her2,-0.04735529375742243
LIG4,her2,0.0010567197961553346
LILRB1,her2,0.30580227045111197
LILRB4,her2,0.5082808590014115
LIMA1,her2,0.33078446785752796
LIMCH1,her2,0.8009739548677276
LIMD1,her2,0.14773000351626048
LIMD2,her2,0.584045297729117
LIMK1,her2,0.6787335872171906
LIMK2,her2,0.6157653028703677
LIMS2,her2,-0.09212757102548809
LIN37,her2,0.20814757297710587
LIN52,her2,0.024646808124715817
LIN54,her2,-0.08590497018207699
LIN7A,her2,0.08443907624976202
LIN7C,her2,-0.3913830735726216
LIN9,her2,0.08463129395359432
LIPA,her2,0.1754574194524327
LIPE,her2,-0.20677574290197986
LIPT2,her2,-0.03134095554755433
LIX1L,her2,-0.22727800681417995
LLGL1,her2,-0.32241975824571
LLGL2,her2,0.4420421688551078
LLPH,her2,0.35488028538002236
LMAN1,her2,-0.2533866551967108
LMAN2,her2,0.38683698693675156
LMAN2L,her2,-0.4212303276069233
LMBRD1,her2,-0.10162815976936715
LMBRD2,her2,0.1417862984752375
LMCD1,her2,-0.209222834205194
LMF2,her2,0.4319413129874625
LMNA,her2,-0.10470065100028307
LMNB1,her2,0.6053632380792023
LMNB2,her2,0.3524094448338389
LMO4,her2,0.38085074869905017
LMO7,her2,0.3559232640076406
LMOD1,her2,-0.03126084596104437
LMTK2,her2,-0.2207484761961844
LMX1B,her2,-0.32351141100665115
LNPEP,her2,0.01932776855039979
LNX1,her2,0.2690536682893959
LNX2,her2,0.25793639600483426
LONP1,her2,0.2784360474960309
LONP2,her2,0.4010913087044186
LONRF2,her2,-0.7519434446540043
LOX,her2,0.3799915964796516
LOXL1,her2,-0.08515518411516475
LOXL2,her2,0.18608160362647472
LOXL3,her2,-0.21463193039133344
LPA,her2,0.11701214287199506
LPCAT1,her2,0.378866461379348
LPCAT2,her2,-0.07172219247407269
LPCAT3,her2,0.1761459379233484
LPGAT1,her2,-0.061691359004097404
LPIN1,her2,0.4911345082922462
LPIN2,her2,0.18384363870666443
LPIN3,her2,-0.5598802493734375
LPL,her2,-0.4215811000682007
LPP,her2,-0.08162664138782715
LPXN,her2,0.6057626065850314
LRBA,her2,-0.37505812200343513
LRCH1,her2,-0.42354060977362185
LRCH2,her2,-0.10200708695364216
LRCH3,her2,0.0763012490902581
LRCH4,her2,0.07801367116453793
LRG1,her2,-0.27497361738534315
LRIG1,her2,-0.3128355372515175
LRP1,her2,-0.0360412349347732
LRP10,her2,0.09312970146128398
LRP11,her2,0.6692246414070847
LRP2,her2,-0.9595625873727515
LRPAP1,her2,-0.16009892662414804
LRPPRC,her2,0.16267548136396595
LRRC1,her2,0.2588142824786943
LRRC14,her2,-0.7036518723169857
LRRC15,her2,0.26404606124950575
LRRC17,her2,-0.4032744678986174
LRRC20,her2,0.058125212056123955
LRRC25,her2,0.11749454842658454
LRRC40,her2,0.15878980855544692
LRRC41,her2,0.19260262195978337
LRRC42,her2,-0.17253750814590815
LRRC45,her2,0.16638250180869887
LRRC47,her2,-0.23790345397060692
LRRC57,her2,-0.365409260329699
LRRC58,her2,0.036419691405813484
LRRC59,her2,1.0846338509473075
LRRC8A,her2,0.44435546637123746
LRRC8D,her2,-0.02921274501545674
LRRC8E,her2,-0.15147515073442935
LRRCC1,her2,-0.45226865577687403
LRRFIP1,her2,0.29158967543719366
LRRFIP2,her2,-0.6161878806351714
LRRIQ1,her2,-0.22108186710390706
LRRK1,her2,-0.027150127748586095
LRRK2,her2,0.46535662387506893
LRSAM1,her2,-0.05412337802624081
LRWD1,her2,0.16983177246734626
LSG1,her2,0.48934540053299597
LSM1,her2,-0.0449572148032656
LSM12,her2,-0.6792505453072097
LSM14A,her2,-0.43141796758029227
LSM14B,her2,0.40035169155552014
LSM2,her2,0.28006651195204807
LSM3,her2,0.5264376283371335
LSM4,her2,0.07496558015041331
LSM5,her2,0.1125006273340828
LSM6,her2,0.2211534444988732
LSM7,her2,0.11222892235257198
LSP1,her2,0.10101841949117792
LSR,her2,0.5271982570586222
LSS,her2,0.3759504683554477
LTA4H,her2,-0.23589619603489148
LTBP1,her2,0.39409188718830257
LTBP2,her2,-0.11207956333493518
LTBP3,her2,-0.954484431396311
LTBR,her2,-0.23148481680664404
LTF,her2,0.2732764151467676
LTV1,her2,0.34167698660155965
LUC7L,her2,-0.24300939686115478
LUC7L3,her2,0.1327442049155551
LUM,her2,0.24855137350454032
LUZP1,her2,0.1692862810716049
LXN,her2,0.0511773761230411
LY6D,her2,0.09532794763817817
LY6E,her2,0.0054399206046111355
LY75,her2,-0.2847204335036884
LY86,her2,0.11312888457572902
LY96,her2,0.3141226282588019
LYAR,her2,-0.06151649812578714
LYN,her2,0.05994430877772852
LYPD3,her2,0.2294942411724193
LYPLA1,her2,-0.2380578016878694
LYPLA2,her2,0.6167472001123303
LYPLAL1,her2,0.09805794071189464
LYRM1,her2,-0.37639955281079435
LYRM2,her2,0.14863239151713836
LYRM4,her2,-0.3127843309518081
LYRM7,her2,-0.3204669288883953
LYSMD1,her2,-1.0221975189152936
LYSMD2,her2,-0.18299743326971843
LYST,her2,-0.022232604657943227
LYVE1,her2,-0.14613450356008548
LYZ,her2,0.5474011861363471
LZIC,her2,0.00949154367486277
LZTFL1,her2,-0.6801458768429429
LZTR1,her2,0.03280319382021205
LZTS1,her2,0.01519921681884264
LZTS2,her2,-0.2562286063163493
M6PR,her2,-0.06367712303161067
MACC1,her2,0.28021633550521674
MACF1,her2,-0.4729622591441372
MACROD1,her2,-0.26134724447521
MACROD2,her2,-0.3840721018921334
MAD1L1,her2,-0.07357814935590593
MAD2L1,her2,0.5043361887757225
MAD2L1BP,her2,0.08567335387139127
MAD2L2,her2,0.3564077375031778
MADD,her2,-0.5545498693354355
MAEA,her2,-0.177672436209627
MAF1,her2,-0.1631322451556881
MAFB,her2,0.46203745333302826
MAFF,her2,-0.13426009407519907
MAFG,her2,-0.03174428645046542
MAFK,her2,-0.08419261215455605
MAGEA4,her2,0.6085723835511282
MAGED1,her2,0.7056131480267894
MAGED2,her2,-0.37723566084649024
MAGI1,her2,-1.0776040866544236
MAGI2,her2,-0.6389028591798874
MAGI3,her2,-0.12088499956857812
MAGOHB,her2,0.1920019955575509
MAGT1,her2,0.48655280125392175
MAK16,her2,-0.004739935596673817
MALT1,her2,-0.09041999278471782
MAMDC2,her2,-0.19016765030134106
MAML1,her2,-0.26039945156731614
MAML2,her2,-0.23602512548974017
MAN1A1,her2,0.0063143274435014905
MAN1A2,her2,-0.11226055466523106
MAN1B1,her2,0.22291299262499054
MAN2A1,her2,0.08812762796062955
MAN2A2,her2,-0.4158675880676961
MAN2B1,her2,0.44630139077790165
MAN2B2,her2,-0.1952728802787794
MAN2C1,her2,-0.5645393438898048
MANBA,her2,-0.3217855756200437
MANBAL,her2,-0.6262569646471373
MANF,her2,0.3587789403509376
MANSC1,her2,-0.031138592616874988
MAOA,her2,-0.5616866813342061
MAOB,her2,-0.6296563547344792
MAP1A,her2,-0.18343208208524897
MAP1B,her2,0.4393189449923387
MAP1LC3B2,her2,0.5731323194185438
MAP1S,her2,0.004942994564343072
MAP2,her2,-0.5069425526202894
MAP2K1,her2,0.37171008684179563
MAP2K2,her2,0.04092928979620129
MAP2K3,her2,0.5715746430217736
MAP2K4,her2,-0.4279052586777796
MAP2K5,her2,-0.6304730325985154
MAP2K6,her2,-0.0900020813544161
MAP2K7,her2,-0.597265486638094
MAP3K1,her2,-0.27069474496061785
MAP3K10,her2,-0.59312886794629
MAP3K11,her2,0.005714324846938396
MAP3K2,her2,0.07933289950834457
MAP3K3,her2,0.040558236392934655
MAP3K4,her2,-0.1709274919193695
MAP3K5,her2,0.8282917050794654
MAP3K6,her2,0.24229281669206498
MAP3K7,her2,0.19523150716029808
MAP3K8,her2,-0.06426044833314568
MAP4,her2,-0.2589791481214824
MAP4K1,her2,0.1772800230669077
MAP4K2,her2,-0.05567427352709245
MAP4K3,her2,0.02872958722363117
MAP4K4,her2,0.469174593696224
MAP7,her2,0.4010568257611991
MAP7D1,her2,0.2091894560197225
MAP7D3,her2,-0.30308007225985883
MAP9,her2,0.14571635824243254
MAPK1,her2,0.4324975253164482
MAPK11,her2,0.4575438878678702
MAPK12,her2,-0.1983446361538318
MAPK13,her2,0.09621849314949041
MAPK14,her2,0.1937795521988011
MAPK3,her2,-0.3398578423285749
MAPK7,her2,0.04686401829452852
MAPK8,her2,-0.1561443531514915
MAPK8IP3,her2,-0.7719230116609151
MAPK9,her2,0.18525109762246336
MAPKAP1,her2,0.5822367455099924
MAPKAPK2,her2,-0.17893330207918173
MAPKAPK3,her2,-0.25826216004235225
MAPKBP1,her2,-0.7219980105536732
MAPRE1,her2,0.43208666418538294
MAPRE2,her2,0.21726379408591842
MAPRE3,her2,-0.5016591111252312
MAPT,her2,-0.909259174339363
MARCKS,her2,0.6206014898208533
MARCKSL1,her2,0.2388640015535008
MARK1,her2,0.43828669042799717
MARK2,her2,0.2790725733840933
MARK3,her2,0.3502881821926777
MARK4,her2,-0.16164267398782312
MARS2,her2,0.05060752968443951
MARVELD2,her2,0.05714487273273711
MASP1,her2,-0.29364404947126505
MASP2,her2,-0.4274551483115173
MAST2,her2,0.4226957474299742
MAST3,her2,-0.24193131658207845
MAST4,her2,-0.5737060449735316
MASTL,her2,0.20861273348864298
MAT1A,her2,-0.5666079497716956
MAT2A,her2,-0.16279632385057427
MAT2B,her2,-0.38281116687059435
MATN2,her2,0.04192869579866572
MATN3,her2,-0.49967525609622315
MATR3,her2,-0.33856556875799326
MAVS,her2,-0.05754110366038768
MAX,her2,-0.15739443435444225
MAZ,her2,0.005742457753424849
MB,her2,0.6195261903184531
MBD1,her2,-0.7861103308541698
MBD2,her2,0.36084436100235767
MBD3,her2,-0.026159653143195634
MBD4,her2,0.19306006857336436
MBIP,her2,0.10303465534843587
MBL2,her2,0.2761083947873994
MBLAC1,her2,-0.05998649396564643
MBLAC2,her2,-1.0310987956267421
MBNL1,her2,-0.2835333895109866
MBNL2,her2,0.1965545197520699
MBOAT1,her2,-1.5406287662872993
MBOAT2,her2,0.43708904959971995
MBOAT7,her2,0.16800943449741856
MBP,her2,-0.39189394493480084
MBTD1,her2,-0.1509138478187105
MBTPS2,her2,0.07621336165499575
MCAM,her2,-0.04967551843130951
MCAT,her2,0.45483448625039374
MCC,her2,-0.6285761431199943
MCCC1,her2,0.557978271696188
MCCC2,her2,-0.2602729595411457
MCEE,her2,0.19147878360788734
MCF2L,her2,-0.1352151772460562
MCFD2,her2,-0.09113926240660053
MCL1,her2,0.10092884661334185
MCM2,her2,0.3161212024421295
MCM3,her2,0.30524727658324785
MCM3AP,her2,-0.1940258185526511
MCM4,her2,0.5006016472931955
MCM5,her2,0.5409772889742015
MCM6,her2,0.6294400979129767
MCM7,her2,0.27048526764223707
MCRS1,her2,-0.033295943777685376
MCTS1,her2,0.6320657432374993
MDC1,her2,-0.1374422018811528
MDH1,her2,0.5835377502539655
MDH2,her2,0.41867421599860455
MDK,her2,0.2536553935624046
MDM4,her2,-0.574277887594744
MDN1,her2,-0.0849236884487735
MDP1,her2,-0.6806373049662974
ME1,her2,0.7736016522193506
ME2,her2,-0.14002417054034622
ME3,her2,-0.8118165557750284
MEA1,her2,0.28511483193047366
MEAF6,her2,-0.6313854088279898
MECP2,her2,-0.43320289131500095
MECR,her2,-0.5661093458578489
MED1,her2,1.0236572974581546
MED10,her2,0.2061876264827608
MED11,her2,-0.09558238473330824
MED12,her2,-0.3104807759601998
MED13,her2,-0.09350789683068597
MED13L,her2,-1.2180174470375897
MED14,her2,0.10090081704018396
MED15,her2,0.4681210901431449
MED16,her2,-0.028834768340256087
MED17,her2,0.1543142069289963
MED18,her2,0.12342422385575923
MED19,her2,0.17352263234838128
MED20,her2,-0.05890097958397541
MED21,her2,-0.6241881469688627
MED22,her2,-0.22262662677303616
MED23,her2,0.4305330645171622
MED24,her2,0.9167551412398032
MED25,her2,-0.5920948384439484
MED26,her2,-0.1453933634683873
MED27,her2,0.8676250114091343
MED28,her2,-0.9929377972121234
MED29,her2,-0.34777211729736107
MED30,her2,-0.03156209629598756
MED31,her2,-0.03647782071265669
MED4,her2,-0.001747253460818887
MED6,her2,0.7218058943600681
MED7,her2,-0.2779537574887825
MED8,her2,0.34984202419679217
MED9,her2,-0.329990536586176
MEF2A,her2,-0.5081849566008041
MEF2C,her2,-0.18376102090263496
MEF2D,her2,-0.5443855314922575
MEGF6,her2,0.5388986700742601
MEGF8,her2,-0.6510529628671098
MEGF9,her2,0.10621501675710165
MEIS1,her2,0.6261647692181396
MELK,her2,0.6654325739040139
MEMO1,her2,0.5606499126207121
MEN1,her2,0.10180541438128629
MEPCE,her2,0.14029794408458152
MET,her2,0.22999261888645514
METAP1,her2,-0.3257103868514896
METAP2,her2,0.09256414123416859
METRNL,her2,-0.011187487962724719
METTL1,her2,0.4040694410891352
METTL13,her2,-0.08788956571635216
METTL14,her2,-0.4342628381997887
METTL2B,her2,-0.00418963234343137
METTL3,her2,0.004760338490520744
METTL5,her2,-0.02279232203554699
METTL8,her2,-0.05282314808328921
METTL9,her2,0.09203901403507386
MEX3A,her2,0.28087573325553
MEX3D,her2,0.8464081882858387
MFAP1,her2,-0.24662418663569313
MFAP2,her2,-0.05669379377874482
MFAP4,her2,-0.15007562300918875
MFAP5,her2,0.3158425748986386
MFF,her2,0.2626653065272656
MFGE8,her2,-0.18962096768482645
MFN1,her2,0.34212797838688086
MFN2,her2,0.12025112701619028
MFSD6,her2,0.17664741471958612
MGA,her2,0.19044911675772175
MGAT1,her2,0.4444316975326125
MGAT2,her2,-0.0068909301109911485
MGAT5,her2,-0.15787684824047019
MGLL,her2,0.420361606533416
MGMT,her2,-0.4945776921006028
MGP,her2,-0.6845676677507891
MGRN1,her2,-0.3214151196420689
MGST1,her2,0.608427066057768
MGST2,her2,0.22360261352008667
MGST3,her2,0.09670796540273663
MIA,her2,-0.7153050786115467
MIA3,her2,0.6028078042435011
MIB1,her2,-0.4560217314620743
MIB2,her2,-0.2864026374193712
MICAL1,her2,-0.22134000349280492
MICAL2,her2,0.1290587045425567
MICAL3,her2,0.8229777439397371
MICALL1,her2,-0.0613224864126664
MICALL2,her2,-0.2770521319139322
MID1,her2,0.35224133006939684
MID1IP1,her2,0.48964792766603144
MID2,her2,-0.17873960450264806
MIER1,her2,-0.4716100391270361
MIER2,her2,0.0370046313503301
MIER3,her2,-0.2883851505840694
MIF,her2,0.4003560143308246
MIF4GD,her2,-0.16817073774768518
MINK1,her2,-0.3686122781356552
MINPP1,her2,-0.13550382279406914
MIOS,her2,0.33503590770853214
MIPEP,her2,0.5490274495274625
MIS12,her2,-0.08423234587034652
MITD1,her2,-0.026525663986622455
MITF,her2,0.3200262063516085
MKI67,her2,0.6880338396673857
MKLN1,her2,-0.33417006582985676
MKNK1,her2,0.5349018872620265
MKNK2,her2,0.24350635130208856
MKRN1,her2,-0.2374906279154058
MKRN2,her2,-0.3316378726634795
MLEC,her2,-0.09103373986278666
MLF2,her2,0.11094175140350081
MLH1,her2,0.3724805114701075
MLKL,her2,0.33787282746758257
MLLT1,her2,-0.3401888862045826
MLLT10,her2,-0.6540192665304121
MLLT11,her2,0.1687480550298012
MLLT6,her2,-0.12713538853231765
MLPH,her2,0.1171379204208624
MLST8,her2,-0.29466271105180186
MLX,her2,-0.31212074341217233
MLYCD,her2,-0.0886377388132067
MMAA,her2,-0.10780178216257429
MMAB,her2,0.49166141956472836
MMACHC,her2,-0.29295166318573485
MMADHC,her2,0.2665710142949573
MME,her2,0.17121666271301664
MMGT1,her2,0.13225780698767126
MMP1,her2,0.9561007236594209
MMP10,her2,0.1312159568164621
MMP11,her2,0.338550652411765
MMP13,her2,0.435282507552413
MMP14,her2,0.19054540157459898
MMP15,her2,0.9096673382778354
MMP19,her2,-0.05227462295838911
MMP2,her2,0.19556111096055784
MMP3,her2,0.5026560035221654
MMP7,her2,-0.13511684537697427
MMP8,her2,0.082790944334773
MMP9,her2,0.2600545996185475
MMRN1,her2,-0.3848533872140727
MMRN2,her2,-0.20590564085927984
MMS19,her2,-0.1324398844157562
MNAT1,her2,0.036022829939439706
MNDA,her2,0.10021384699933958
MNT,her2,-0.5909702456715886
MOB2,her2,0.17432530481670033
MOCOS,her2,-0.7332950429057433
MOCS1,her2,-0.42082221231395656
MOCS2,her2,-0.2479788616272777
MOCS3,her2,0.4680121991707585
MOGS,her2,0.2382031375774319
MON1A,her2,0.12309874619459446
MON1B,her2,0.14208093206629596
MON2,her2,-0.061999571137768404
MORC2,her2,0.5654658389486693
MORC3,her2,-0.07726929424398929
MORF4L1,her2,0.04229313562730626
MORF4L2,her2,0.13339047246166894
MOSPD2,her2,-0.19291735637555765
MOV10,her2,0.2932598737468437
MOXD1,her2,0.05375882092013668
MPDU1,her2,0.14520132355925508
MPDZ,her2,-0.6961282763420354
MPEG1,her2,0.07388783321285869
MPG,her2,-0.2097332965918281
MPHOSPH10,her2,0.590772902559936
MPHOSPH6,her2,1.8070867263442594
MPHOSPH8,her2,-0.3058138680412564
MPI,her2,-0.32465513072555985
MPND,her2,-0.046227831014215875
MPO,her2,0.1403960278605419
MPP1,her2,0.07143981120017809
MPP2,her2,-0.9975385585131009
MPP7,her2,-0.11560376078696705
MPRIP,her2,-0.074242741096895
MPST,her2,0.3376183889443158
MPV17,her2,0.2142636077419992
MPZL1,her2,0.1888621874240606
MPZL2,her2,0.3871297969173172
MRAS,her2,-0.09525594649579824
MRC1,her2,0.26351770359295856
MRC2,her2,0.05406515329739061
MREG,her2,-0.3913048062114195
MRFAP1,her2,-0.49905553070610437
MRI1,her2,-0.38151624495390896
MRM1,her2,-0.29357543737627134
MRPL1,her2,0.1753876049263934
MRPL10,her2,-0.5479753602546542
MRPL11,her2,0.16033745053962653
MRPL13,her2,0.3425206365697054
MRPL14,her2,0.09301671645400932
MRPL15,her2,0.162592302201343
MRPL16,her2,-0.055322340435636164
MRPL17,her2,0.209662626850848
MRPL18,her2,0.490976172209985
MRPL19,her2,0.6194183698051038
MRPL2,her2,0.31545920729885024
MRPL20,her2,0.2018719292138406
MRPL21,her2,0.1725456624249684
MRPL22,her2,0.0934561622002122
MRPL23,her2,-0.09908733708701346
MRPL24,her2,-0.14607277659298482
MRPL27,her2,0.7861999002342317
MRPL28,her2,-0.012875979519971206
MRPL3,her2,0.37841936876312693
MRPL30,her2,0.4979079933291309
MRPL32,her2,0.21718071761683708
MRPL33,her2,0.22156699673408023
MRPL34,her2,-0.11769591332321971
MRPL35,her2,0.16523954255223006
MRPL37,her2,0.3491944976309541
MRPL38,her2,0.16480017633698674
MRPL39,her2,0.46235475399609977
MRPL4,her2,-0.09115362337650203
MRPL40,her2,0.26896271200903277
MRPL41,her2,0.6291713342673952
MRPL42,her2,0.01421992002606923
MRPL43,her2,-0.12045932852677452
MRPL44,her2,0.3921345960949343
MRPL45,her2,0.3293034373591585
MRPL46,her2,-0.18878337063659928
MRPL47,her2,0.5342494033255424
MRPL48,her2,0.3200901904113583
MRPL49,her2,-0.059995922684422144
MRPL50,her2,0.5832258696069048
MRPL51,her2,0.2948659128293184
MRPL52,her2,0.26960331796110354
MRPL53,her2,0.1602869335438011
MRPL54,her2,0.18590796458992848
MRPL55,her2,0.16821537066458125
MRPL9,her2,0.19689490592952613
MRPS10,her2,0.2382509244240727
MRPS11,her2,0.4115051717326122
MRPS12,her2,0.3089421360355607
MRPS14,her2,-0.18470323959805973
MRPS15,her2,0.37965879693817167
MRPS16,her2,0.45057099980319226
MRPS17,her2,0.5128203067535243
MRPS18A,her2,0.4762029286301129
MRPS18B,her2,-0.01495496275273493
MRPS18C,her2,0.11925597511787575
MRPS2,her2,0.33093370684782736
MRPS21,her2,0.005630737143573109
MRPS22,her2,0.35973363150350546
MRPS23,her2,0.040803983437542775
MRPS24,her2,0.23243039803574914
MRPS25,her2,0.5311356368161663
MRPS26,her2,0.1475830128884776
MRPS27,her2,-0.5026323209480028
MRPS28,her2,-0.10300845469893243
MRPS30,her2,-0.7065806971279567
MRPS31,her2,-0.06064556310555071
MRPS33,her2,0.29989672485874125
MRPS34,her2,0.014133027949386177
MRPS35,her2,0.08538112889876469
MRPS5,her2,0.6443549010051929
MRPS6,her2,0.8756669178907156
MRPS7,her2,0.30624948036317406
MRPS9,her2,0.4043210210161192
MRRF,her2,0.26315171763316236
MRTO4,her2,-0.05837994483013543
MSH2,her2,0.004593034266559697
MSH3,her2,-0.35780667507402875
MSH6,her2,0.33219067108878353
MSI1,her2,-0.2776607032892403
MSI2,her2,-0.3184481772967685
MSL1,her2,0.4978246021258151
MSL2,her2,-0.6109406849474409
MSL3,her2,0.6363032711506341
MSN,her2,-0.08770726797920719
MSR1,her2,0.25864509562747623
MSRA,her2,-0.24361832090962937
MSRB2,her2,0.23360311643836212
MSRB3,her2,-0.12969239884010647
MST1,her2,-0.8894171420928162
MST1R,her2,0.30662762448966446
MSTO1,her2,-0.1764178763108798
MSX2,her2,0.3767311389592489
MT1E,her2,-0.27440195037815307
MT1F,her2,0.07765676400917511
MT1X,her2,0.4228698289499789
MT2A,her2,0.6608719885150335
MT3,her2,-0.1577062281727423
MTA1,her2,0.12940615000083233
MTA2,her2,0.3563938500880037
MTA3,her2,0.1808690262708377
MTAP,her2,0.11554283376511544
MTCH1,her2,0.15490013156968066
MTCH2,her2,0.3986296920662236
MTDH,her2,0.10368919124677767
MTF1,her2,-0.04008958652932461
MTF2,her2,0.15764708013574524
MTFMT,her2,-0.29923604885479904
MTFR1,her2,0.6205284860891741
MTG1,her2,0.4502613947442673
MTHFD1,her2,0.20855860441877605
MTHFD1L,her2,0.19493225634425634
MTHFD2,her2,0.9677432798245909
MTHFR,her2,-0.004484340632701781
MTHFS,her2,-0.22158166018339723
MTHFSD,her2,0.21772316732381716
MTIF2,her2,0.3123800891822396
MTIF3,her2,0.1047818549315024
MTM1,her2,0.5532191928970063
MTMR1,her2,-0.10835260238140672
MTMR10,her2,-0.3554197350396826
MTMR12,her2,-0.08784929542021853
MTMR14,her2,0.3817743227177466
MTMR2,her2,-0.09312122045221002
MTMR3,her2,0.19666401683124998
MTMR4,her2,0.044282496556603414
MTMR6,her2,-0.33335095823558436
MTMR9,her2,-0.21730417557432175
MTO1,her2,0.2911728773497131
MTOR,her2,0.194994480429445
MTPAP,her2,-0.22931559080179578
MTR,her2,-0.5976801603942605
MTRF1,her2,-0.3598092219823666
MTRF1L,her2,0.48706468529096203
MTRR,her2,0.014233960294091555
MTSS1,her2,0.10181339118827691
MTUS1,her2,0.2040714283206724
MTX1,her2,0.334431339993853
MTX2,her2,0.30082482627537643
MTX3,her2,-0.6847082636478286
MUC1,her2,0.07457594510791478
MUC16,her2,-0.05358945158920553
MUC5B,her2,0.14592031666344216
MUC6,her2,0.6935350357128347
MUCL1,her2,1.2922047862428716
MUSTN1,her2,-0.6311125517272801
MUTYH,her2,0.022752669743658357
MVD,her2,0.7123717512977371
MVK,her2,1.1136406388365776
MVP,her2,-0.0011858192648901073
MX1,her2,0.014603020714728418
MX2,her2,0.08454765339711237
MXRA5,her2,0.2529379777853562
MXRA7,her2,-0.3151103405588091
MXRA8,her2,0.0986688795213358
MYADM,her2,-0.06414569544803932
MYB,her2,-0.5679665687309269
MYBBP1A,her2,-0.4262162965136382
MYBPC2,her2,-0.12109230894958227
MYCBP,her2,0.05842500959623666
MYD88,her2,0.540387121324047
MYEF2,her2,-0.26584621019964383
MYH10,her2,-0.5105867633967002
MYH11,her2,-0.37800062101379966
MYH14,her2,-0.5650526552814563
MYH15,her2,0.30175623440403226
MYH4,her2,0.03250339822365749
MYH6,her2,0.0875796830105518
MYH9,her2,0.4750066886273837
MYL12A,her2,0.4231473109220273
MYL12B,her2,0.21967988460802074
MYL4,her2,0.022026883903377672
MYL6,her2,0.481447321641667
MYL6B,her2,-0.5228803159006973
MYL9,her2,-0.05950829431438818
MYLK,her2,-0.14704887159116314
MYO10,her2,0.7737948824028139
MYO15A,her2,-0.8058949815908515
MYO18A,her2,0.6839738031707078
MYO18B,her2,-0.5619208424586648
MYO19,her2,0.020267998131053084
MYO1B,her2,0.7858497595227665
MYO1C,her2,0.10274593780020076
MYO1D,her2,0.4017193869072196
MYO1E,her2,0.38403877783006096
MYO1F,her2,0.20497312743436663
MYO1G,her2,0.2162538994441571
MYO5A,her2,0.020216965242143076
MYO5B,her2,0.005570693737410897
MYO5C,her2,-0.21488455139644907
MYO6,her2,-0.22140810447046444
MYO9A,her2,-0.24147974820243742
MYO9B,her2,0.24854221970498608
MYOF,her2,-0.6915179517150121
MYSM1,her2,-0.08240584712770234
N4BP1,her2,0.33680601481069733
N4BP2,her2,-0.2827451096928868
N4BP2L1,her2,-1.0836635788040658
N4BP2L2,her2,-0.499792950709234
N4BP3,her2,-0.09895607472322053
NAA10,her2,0.4675992594633981
NAA15,her2,0.36188287237469924
NAA16,her2,-0.2682768653501539
NAA20,her2,0.052732039517075044
NAA25,her2,0.1422846623958652
NAA30,her2,0.15586110825198402
NAA35,her2,0.005597160998545345
NAA38,her2,0.07081044066888857
NAA40,her2,-0.1238495437873827
NAA50,her2,0.26908443862964126
NAAA,her2,0.3484916701342029
NAALADL2,her2,0.44429894580855556
NAB1,her2,-0.4995666957148659
NAB2,her2,-0.8787075509139144
NACA,her2,0.12455422044522035
NACC1,her2,0.5358316936544283
NADK,her2,0.20564206443907923
NADSYN1,her2,-0.15374330778480055
NAE1,her2,0.49502720295443364
NAF1,her2,-0.6073137485864176
NAGA,her2,0.2596704747663815
NAGK,her2,0.9636413762057732
NAGLU,her2,-0.2728645864836526
NAIF1,her2,0.29347319637331104
NAMPT,her2,0.7625202959817767
NANP,her2,0.20508646931482322
NANS,her2,0.5271718406173952
NAP1L1,her2,-0.28881673495737203
NAP1L2,her2,0.051370828775774105
NAP1L4,her2,0.03359864355159843
NAP1L5,her2,-0.7019054272664368
NAPA,her2,0.06413222540410576
NAPB,her2,-0.6419026446376781
NAPEPLD,her2,-0.47658267247705904
NAPG,her2,-0.3936212198241253
NARF,her2,0.5123522729853774
NARS2,her2,0.08680435565426656
NASP,her2,0.4715157671280724
NAT1,her2,-0.7518888901111526
NAT10,her2,-0.42579852866730156
NAT14,her2,0.07747065278937082
NAV1,her2,-0.09830786011043306
NAV2,her2,-0.5057169316745218
NBAS,her2,0.03875022049405966
NBEA,her2,-0.22602982224621782
NBEAL1,her2,0.06480218757448472
NBEAL2,her2,0.29135651132807655
NBN,her2,-0.42149397719357906
NBR1,her2,-0.7735612106364319
NCALD,her2,0.3170328900577272
NCAM2,her2,-0.20967196411978173
NCAPD2,her2,0.3110753210618317
NCAPD3,her2,0.28394389378615964
NCAPG,her2,0.49463389401867364
NCAPG2,her2,0.28727629136886257
NCAPH,her2,0.7198764066488591
NCAPH2,her2,0.2056622201908209
NCBP1,her2,0.523365189701582
NCBP2,her2,-0.1361447184752726
NCCRP1,her2,0.6895079313423015
NCDN,her2,-0.14787705737164403
NCEH1,her2,0.7258045187685943
NCF1,her2,0.33215366080614467
NCF2,her2,0.4792870019321259
NCF4,her2,0.3112948305218942
NCK1,her2,-0.17085784314778682
NCK2,her2,0.28539509003926783
NCKAP1,her2,0.2143046402534925
NCKAP1L,her2,0.2922416388857819
NCKAP5L,her2,-0.1917994513802956
NCKIPSD,her2,-0.11009350718568639
NCLN,her2,0.26557366301918656
NCOA1,her2,0.06665038265390816
NCOA2,her2,-0.26923508062848434
NCOA3,her2,0.38490943918127923
NCOA4,her2,-0.26236597293581443
NCOA5,her2,-0.2560718917779072
NCOA6,her2,-0.24451885675319127
NCOA7,her2,0.4897374458430911
NCOR1,her2,-0.4460917974679664
NCOR2,her2,-0.546809224983774
NCS1,her2,0.7211342164816174
NCSTN,her2,-0.16991513600450756
NDC80,her2,0.37088815033729877
NDE1,her2,-0.028812582630412493
NDEL1,her2,0.020655075684916955
NDOR1,her2,0.3653309193869816
NDRG1,her2,0.34154268544745414
NDRG2,her2,-0.6666804399983912
NDRG3,her2,0.033016654286249475
NDUFA1,her2,0.5813712810828344
NDUFA10,her2,0.02697072649970312
NDUFA11,her2,-0.05589182616926191
NDUFA12,her2,0.32851226610198075
NDUFA13,her2,0.05863794590718339
NDUFA2,her2,0.038982758823136655
NDUFA3,her2,0.06273806222615581
NDUFA5,her2,-0.4298915335078202
NDUFA6,her2,0.9885767335697037
NDUFA7,her2,-0.5526868777514976
NDUFA8,her2,0.6682200975921264
NDUFA9,her2,0.3303826743764434
NDUFAB1,her2,0.22193640894727368
NDUFAF1,her2,-0.1586614257893605
NDUFAF2,her2,-0.11406332523557276
NDUFAF3,her2,-0.25952805598896106
NDUFAF4,her2,0.30726606249248817
NDUFB1,her2,0.5006300525988713
NDUFB10,her2,0.10882073592533421
NDUFB11,her2,0.40693705955883275
NDUFB2,her2,0.22451009813088868
NDUFB3,her2,0.7421092152297493
NDUFB4,her2,0.3896492426231382
NDUFB5,her2,0.31220852483400846
NDUFB6,her2,0.09944982503064757
NDUFB7,her2,0.18638815056246633
NDUFB8,her2,0.21352303576595258
NDUFB9,her2,0.28921558652251583
NDUFC1,her2,0.04005052039592961
NDUFC2,her2,0.292462403862889
NDUFS1,her2,0.4387416138574502
NDUFS2,her2,0.13863491223793561
NDUFS3,her2,-0.027121366710580318
NDUFS4,her2,-0.2612417611210891
NDUFS5,her2,0.17251987808723485
NDUFS6,her2,0.47688494992660657
NDUFS7,her2,0.18320176064052743
NDUFS8,her2,0.28976528327930606
NDUFV1,her2,0.31771217481579633
NDUFV2,her2,0.005007188711218585
NDUFV3,her2,0.36928466899753176
NEB,her2,0.4277959627290435
NEBL,her2,-0.5209868712013302
NECAP1,her2,-0.3398895960243145
NECAP2,her2,0.1541506003228394
NEDD1,her2,-0.08133689340287656
NEDD4,her2,0.22300472223935594
NEDD4L,her2,-0.7372436721554346
NEDD8,her2,0.24715635245864925
NEDD9,her2,-0.12158518812465913
NEFH,her2,-0.39281097129203546
NEFM,her2,-0.45279604628467995
NEGR1,her2,-0.30040004256525216
NEIL2,her2,-0.6571920446388959
NEK1,her2,-0.4864944642401928
NEK3,her2,-0.6741470524763021
NEK4,her2,-0.3167928606933292
NEK6,her2,0.9397151364166472
NEK7,her2,-0.49346771800148675
NEK9,her2,-0.23402430958042345
NENF,her2,-0.33206700953606627
NEO1,her2,-0.025276515649099496
NES,her2,-0.5216091297004019
NEU1,her2,-0.22819794006189975
NEURL4,her2,-0.6343085226669686
NEXN,her2,0.12588739281775527
NF1,her2,-0.24234075569928284
NF2,her2,0.47688157585410634
NFASC,her2,-0.2115660032569578
NFAT5,her2,-0.5539316571501421
NFATC1,her2,-0.5820846719203975
NFATC2,her2,-0.3087897836913442
NFATC2IP,her2,-0.2794401504720135
NFATC3,her2,0.4301382726831392
NFATC4,her2,-0.39279509963632164
NFIA,her2,0.48739114032982217
NFIB,her2,0.22144726876789325
NFIC,her2,-0.0019511377155297255
NFIX,her2,-0.6355764885664535
NFKB1,her2,-0.10074801098077656
NFKB2,her2,0.059524089822623014
NFKBIA,her2,-0.18269862323048927
NFKBIB,her2,0.16483199363573237
NFKBIE,her2,0.04129451578967386
NFKBIL1,her2,-0.32391542768416043
NFRKB,her2,0.04024520667305639
NFS1,her2,-0.06966291079345557
NFU1,her2,-0.519001161137145
NFX1,her2,0.02234252570912357
NFXL1,her2,-0.3788373254515297
NFYA,her2,0.019761078940915205
NFYB,her2,-0.03605347950124195
NFYC,her2,-0.02631405799126474
NGDN,her2,0.10710473987512473
NGFR,her2,-0.3708819366226702
NGLY1,her2,0.47440147879290673
NGRN,her2,-0.24774442059189652
NHEJ1,her2,-0.17579642247072394
NHLRC2,her2,0.03660358097725127
NHLRC3,her2,-0.4774341782018886
NHP2,her2,-0.45378137022678733
NHS,her2,-0.23439553859443465
NHSL1,her2,0.7096303895505746
NID1,her2,0.0270192616558519
NID2,her2,0.3280904500552886
NIF3L1,her2,0.208884488904794
NIN,her2,0.1166227226243852
NINJ1,her2,-0.4815377722184163
NIP7,her2,0.2671946089024649
NIPBL,her2,-0.059650659378429276
NIPSNAP1,her2,0.7014180901151195
NIPSNAP3A,her2,0.11084775018263901
NISCH,her2,-0.8966048591461353
NIT1,her2,0.02493831762191276
NIT2,her2,0.20045440929911737
NKAP,her2,0.5483565709556144
NKIRAS1,her2,-0.24876798975114262
NKIRAS2,her2,-0.13919313662510477
NKTR,her2,-0.3661746374818323
NLE1,her2,-0.397558593294946
NLN,her2,0.3745629032365459
NLRC4,her2,0.14504752511501706
NLRP1,her2,-0.07246557527189017
NLRP2,her2,-0.04563428443903151
NLRX1,her2,-0.21208121464470805
NMD3,her2,0.3860848571134033
NME1,her2,0.4896582489935706
NME2,her2,0.3402900825451494
NME3,her2,-0.28546942267522923
NME4,her2,0.09016845344276374
NME6,her2,0.19760946768469434
NME7,her2,-0.63040321680757
NMI,her2,0.3290616163077736
NMNAT1,her2,-0.17092168939453165
NMNAT3,her2,-1.287170023927877
NMRAL1,her2,0.21578167851500615
NMT1,her2,-0.8459834640385588
NMT2,her2,-0.24310832981972666
NNMT,her2,0.23469485952951688
NNT,her2,-0.8503726711496825
NOB1,her2,-0.17203509257020866
NOC2L,her2,0.25879027698004203
NOC3L,her2,-0.27978773513447575
NOC4L,her2,0.035333099203506656
NOL10,her2,0.7851435303387267
NOL11,her2,0.23082986269748318
NOL12,her2,0.3799837316825561
NOL3,her2,0.4387775352102361
NOL6,her2,0.28573310629675774
NOL7,her2,-0.0128860213546713
NOL8,her2,-0.30738264043466074
NOL9,her2,-0.15282037984959582
NOLC1,her2,0.15223175945895434
NOM1,her2,0.01748057519774306
NOMO1,her2,0.4368365660124084
NOMO2,her2,0.3407646105515965
NONO,her2,0.39139625367333597
NOP10,her2,0.8111500225618712
NOP14,her2,-0.5121063814435216
NOP16,her2,0.11734060727598968
NOP2,her2,0.14526024186078612
NOP56,her2,0.428582783241767
NOP58,her2,0.3850114836649406
NOS1AP,her2,-1.1340471433712476
NOS3,her2,0.2358796940427587
NOSIP,her2,-0.2460792659211838
NOSTRIN,her2,-0.16223839201076545
NOTCH1,her2,-0.07401675850841312
NOTCH2,her2,-0.11837197009708007
NOTCH3,her2,0.21502404597140232
NOVA1,her2,-0.8495514141909476
NOVA2,her2,-0.015706891803701807
NOXA1,her2,-0.2814827089252636
NPAT,her2,-0.06703507343185947
NPC1,her2,0.06835568015914437
NPC2,her2,0.4360797651561181
NPDC1,her2,0.09715146151098727
NPEPL1,her2,-0.43520299762175224
NPEPPS,her2,-0.6853772953115093
NPL,her2,0.4679237754634624
NPLOC4,her2,0.16555068066581372
NPM1,her2,0.09252675976682291
NPM3,her2,0.01757689985197606
NPNT,her2,-0.22857786826015544
NPRL2,her2,-0.5348284893452431
NPTN,her2,0.02210649818826295
NPY1R,her2,-1.4846878554626608
NQO1,her2,0.6387309886990141
NQO2,her2,0.5364200900618479
NR1H2,her2,0.001163894282423808
NR2C1,her2,-0.3340001225100765
NR2C2,her2,-0.2952950636643134
NR2C2AP,her2,-0.18647394816098256
NR2F2,her2,-0.31511021211490603
NR2F6,her2,-0.002270532676719071
NR3C1,her2,-0.35651277386310665
NRAS,her2,-0.5706624352762824
NRBF2,her2,0.7865639713504435
NRBP1,her2,0.999062671166202
NRBP2,her2,-0.6821500999191472
NRCAM,her2,-0.2729673943390744
NRF1,her2,-0.659558304142565
NRGN,her2,0.5651534537701807
NRIP1,her2,-0.5288524711095061
NRIP2,her2,-0.597542841211117
NRP1,her2,0.07756005536494955
NRP2,her2,0.13991773090988172
NSA2,her2,-0.21377343697598922
NSD1,her2,0.20318410810796578
NSDHL,her2,0.7752809663611846
NSF,her2,0.016725394922436614
NSFL1C,her2,0.2931361375829575
NSL1,her2,-0.25784599828835364
NSMAF,her2,-0.14541792838688303
NSMCE1,her2,-0.2039082930842651
NSMCE2,her2,-0.0312468400160797
NSMCE4A,her2,-0.17795741280954802
NSUN2,her2,0.608166251411577
NSUN3,her2,0.26752239907508
NSUN4,her2,-0.2016636765727937
NSUN5,her2,0.32635684632406275
NSUN6,her2,-0.4298577863098426
NT5C,her2,-0.5191911747481269
NT5C2,her2,0.6282713408005883
NT5DC1,her2,0.20993701721510122
NT5DC2,her2,0.7076514398664089
NT5DC3,her2,-0.5231506662201119
NT5E,her2,0.2237920040776076
NTAN1,her2,0.4589298344741624
NTHL1,her2,-0.25865461197585193
NTM,her2,0.19622629816202503
NTN1,her2,-0.3172545694790748
NTN4,her2,-0.2392084494755193
NUB1,her2,-0.4074452956514862
NUBP1,her2,-0.020482065241591806
NUBP2,her2,0.030696871951501722
NUBPL,her2,-0.1778590308035796
NUCB1,her2,-0.16151348865336318
NUCB2,her2,-0.07811263860457401
NUCKS1,her2,0.01545668617207099
NUDC,her2,0.18669267371093
NUDCD1,her2,0.25154615862654756
NUDCD2,her2,-0.05945634182635517
NUDCD3,her2,-0.05054191237828609
NUDT1,her2,0.44604849736412316
NUDT10,her2,-0.04950404969005571
NUDT12,her2,-0.5271950713486482
NUDT14,her2,-0.25713574512035187
NUDT15,her2,0.751439950583122
NUDT16,her2,-0.3077100702558219
NUDT16L1,her2,-0.15628644603527408
NUDT19,her2,0.29243292829958
NUDT2,her2,-0.2319197308555515
NUDT21,her2,-0.16566271513767358
NUDT22,her2,0.21538938073032862
NUDT3,her2,0.22740723425532483
NUDT5,her2,0.2583187495537758
NUDT6,her2,-1.7644919416584806
NUDT8,her2,1.647378893635439
NUDT9,her2,0.08535700352943308
NUF2,her2,0.3148221253342611
NUFIP1,her2,-0.012810895566323598
NUFIP2,her2,0.37474046099799857
NUMA1,her2,-0.3907650121161535
NUMB,her2,0.3439021687442809
NUMBL,her2,-0.4446649356695735
NUP107,her2,-0.08883858533362986
NUP133,her2,-0.2901473499849639
NUP153,her2,0.05422187848481745
NUP155,her2,0.40464552658700553
NUP160,her2,-0.01542375814262966
NUP188,her2,0.6706500425924153
NUP205,her2,0.334054085312349
NUP210,her2,-0.6113974444523332
NUP214,her2,0.19727766635195404
NUP35,her2,0.09674754080130948
NUP37,her2,-0.025258505986275645
NUP43,her2,0.19058135398584106
NUP50,her2,0.5907351958497364
NUP54,her2,0.061667419976641664
NUP62,her2,-0.029628445977471055
NUP85,her2,0.09922513811380933
NUP88,her2,-0.17556909892071354
NUP93,her2,0.5912262831693791
NUP98,her2,-0.08321198555717632
NUPR1,her2,0.49866500510900225
NUSAP1,her2,0.6118800559876175
NUTF2,her2,0.6243272619383932
NVL,her2,0.5095256468687634
NXF1,her2,-0.13642701304052973
NXN,her2,0.34973135154728235
NXT1,her2,-0.03512433686970334
NXT2,her2,0.23276188770085696
NYNRIN,her2,-0.7122832550130817
OAF,her2,-0.05070250293095577
OAS1,her2,0.23084932764704175
OAS2,her2,0.19652397072775327
OAS3,her2,0.08478029528926934
OASL,her2,0.13318226698696092
OAT,her2,0.35482176270805765
OBSL1,her2,0.05868421901777526
OCIAD1,her2,-0.5598920385338584
OCIAD2,her2,0.0040287671969537475
OCLN,her2,-0.17068546044456068
OCRL,her2,0.30219552339068356
ODF2,her2,0.8639984438907342
OFD1,her2,-0.42060992409869996
OGDH,her2,0.3818500120352334
OGFOD1,her2,0.31078698566315544
OGFOD2,her2,-0.17758605446814396
OGFR,her2,0.04783474950019285
OGFRL1,her2,-0.5228569129210724
OGN,her2,-0.1761218688227486
OGT,her2,-0.3854088496959795
OIP5,her2,0.5620289612350249
OLA1,her2,0.15588458981755632
OLFM1,her2,-0.36626939142444737
OLFM4,her2,-0.2810628713224012
OLFML1,her2,0.1291262425305058
OLFML2A,her2,-0.3655005978377527
OLFML2B,her2,-0.015384530772537793
OLFML3,her2,0.2064346973231658
OMA1,her2,-0.4063393024913561
OMD,her2,-0.06053122623335957
OPA1,her2,0.5697295639608452
OPA3,her2,0.08117400607197582
OPHN1,her2,-0.24827496891671946
OPTN,her2,-0.31394014473408494
OR4A16,her2,-0.04813925633975983
ORM1,her2,0.37027696286499956
ORM2,her2,0.5660894287576259
ORMDL3,her2,1.5330707375088448
OS9,her2,0.15739013699442506
OSBP,her2,0.025589795206631325
OSBP2,her2,0.5704453290606043
OSBPL10,her2,0.378024520823122
OSBPL11,her2,0.11004560120410468
OSBPL1A,her2,-1.0637549632902428
OSBPL2,her2,0.7408743548072225
OSBPL3,her2,-0.13960423649082931
OSBPL5,her2,0.42113078664377157
OSBPL6,her2,0.11705604928523325
OSBPL7,her2,-0.3630095490966619
OSBPL8,her2,-0.14311517489973954
OSBPL9,her2,-0.15388882145947275
OSCP1,her2,-0.5361442115909325
OSGEP,her2,0.23458193652227827
OSGEPL1,her2,-0.2454931827179084
OSMR,her2,-0.11056607193363466
OSTC,her2,0.3631957895462358
OSTF1,her2,0.5944004652155942
OSTM1,her2,0.5946756570478229
OTC,her2,-0.2867152572306677
OTUB1,her2,0.28922009224690676
OTUB2,her2,0.33577364083757244
OTUD1,her2,-0.601942093687512
OTUD3,her2,-0.2072185634040164
OTUD4,her2,-0.2707475385440933
OTUD5,her2,-0.28602295512896336
OTUD6B,her2,-0.312613568683949
OTUD7B,her2,-0.7233485916913247
OVCA2,her2,0.03276740102285484
OVOL2,her2,-0.32437405720486057
OXA1L,her2,0.5359196534429705
OXCT1,her2,0.48456750067781706
OXNAD1,her2,0.4126871342777244
OXR1,her2,-0.3477802337412877
OXSM,her2,0.36839524491675496
OXSR1,her2,-0.13463538934239666
P2RX4,her2,-0.4641796531658123
P2RX7,her2,-0.054470601819735245
P4HA1,her2,0.9021699650587529
P4HA2,her2,0.7912129051873156
P4HA3,her2,0.16498460988599836
P4HB,her2,0.5495258090831451
P4HTM,her2,-0.45392208998536765
PA2G4,her2,0.45091237386506927
PAAF1,her2,-0.03361946957014785
PABPC1,her2,0.4361811462462195
PABPC3,her2,0.42241393206137473
PABPC4,her2,0.4450538468180936
PABPN1,her2,0.2432702043170147
PACS1,her2,0.40563638066795643
PACS2,her2,0.12248870452675187
PACSIN1,her2,-0.24143807024018002
PACSIN2,her2,0.8128839741885481
PACSIN3,her2,-0.1226434556194571
PADI2,her2,1.0349612499778802
PADI4,her2,0.16493314470517761
PAF1,her2,-0.1107884730935644
PAFAH1B1,her2,-0.43297789085168914
PAFAH1B2,her2,-0.07305046813099479
PAFAH1B3,her2,0.01595695699469026
PAFAH2,her2,0.05195269806455029
PAG1,her2,0.2616136688279808
PAICS,her2,0.23244162110577837
PAIP1,her2,0.15937555136808845
PAIP2,her2,-0.29989117429664847
PAK1,her2,-0.3166964002561415
PAK1IP1,her2,0.4548108472877726
PAK2,her2,-0.025905489926977415
PAK4,her2,0.5887143204294628
PALLD,her2,-0.021736658993842986
PALM,her2,-0.49797228611784694
PALMD,her2,0.2056475299154507
PAM,her2,-0.4779008220908319
PAMR1,her2,-0.13409484009066674
PAN2,her2,-0.5134988798012671
PAN3,her2,-0.5911368932518685
PANK2,her2,0.07312501066415357
PANK3,her2,0.007446647246150823
PANK4,her2,0.06093794489525126
PANX1,her2,0.6190996361123174
PAOX,her2,-0.13764513631323796
PAPLN,her2,-0.051393214846361966
PAPOLA,her2,0.5387825952184244
PAPOLG,her2,-0.12676972921865642
PAPPA,her2,-0.0032036606576182486
PAPSS1,her2,-0.530317696985283
PAPSS2,her2,0.8284582675899688
PARD3,her2,0.33156835738831353
PARD3B,her2,-0.07767889411641178
PARD6B,her2,-1.182605475397223
PARD6G,her2,-0.28031499791351955
PARK7,her2,0.0693065761019377
PARL,her2,0.2140399825098145
PARN,her2,-0.2712461464012011
PARP1,her2,0.22099188952783277
PARP10,her2,-0.516962812223418
PARP12,her2,0.002574145934702915
PARP14,her2,0.12250392922855122
PARP16,her2,-0.6077043544814634
PARP2,her2,0.7798647108899128
PARP4,her2,-0.1507521563196783
PARP9,her2,0.16436061637821803
PARS2,her2,-0.0019370204876174562
PARVA,her2,-0.018498092423468948
PARVB,her2,-0.24278171808643428
PARVG,her2,0.11485070741268585
PASK,her2,-0.17030986256385824
PATL1,her2,0.2292780301979964
PATZ1,her2,0.14235882838325464
PAWR,her2,-0.0240347489857703
PAXIP1,her2,-0.8645290859565993
PBK,her2,0.15851356052936927
PBLD,her2,0.2588270950443131
PBRM1,her2,-0.11458555568024315
PBX1,her2,-0.3354975769185501
PBX2,her2,-0.2189546794693034
PBXIP1,her2,-0.1104023790040642
PC,her2,0.023018470526795835
PCBD1,her2,0.44872357061141155
PCBD2,her2,-0.7231648645493916
PCBP1,her2,0.16115761510291968
PCBP2,her2,-0.014635058212595257
PCBP3,her2,0.4047974999952034
PCBP4,her2,0.2549737658814855
PCCA,her2,0.36061542970275684
PCCB,her2,-0.1351312846154565
PCDH1,her2,-0.1955541900878578
PCDH7,her2,0.37953123831159336
PCF11,her2,-0.40315503650647666
PCGF1,her2,0.062356427641921
PCGF2,her2,0.3569853279886993
PCGF3,her2,-0.32993383833594864
PCGF5,her2,-0.5895276123116308
PCGF6,her2,0.024268649602119594
PCID2,her2,-0.11859660472039489
PCIF1,her2,-0.7140911048693067
PCK2,her2,0.43494360766311146
PCM1,her2,-0.6639443096485659
PCMT1,her2,0.43907977196082476
PCMTD1,her2,-0.7367264324125878
PCMTD2,her2,-0.6288666850573613
PCNA,her2,0.3924895719602254
PCNP,her2,-0.22462813148539926
PCNT,her2,-0.15190913812373633
PCOLCE,her2,0.22590183791824353
PCP4L1,her2,0.7802697907689525
PCTP,her2,0.37296507705879384
PCYOX1,her2,-0.07259541459085649
PCYOX1L,her2,-0.7048276212554235
PCYT1A,her2,0.6564444988047525
PCYT2,her2,0.41397394185636377
PDAP1,her2,0.2764816649026047
PDCD10,her2,0.30073155756563436
PDCD11,her2,0.13724433509614403
PDCD2,her2,0.44176700725727774
PDCD2L,her2,0.04888829118920075
PDCD4,her2,-0.49058919074285534
PDCD5,her2,0.14451048312678247
PDCD6,her2,0.4840764052735902
PDCD6IP,her2,-0.020451830969687772
PDCD7,her2,-0.3755585240302865
PDCL,her2,0.6775847020315509
PDCL3,her2,0.8931343179088161
PDE12,her2,-0.22874143773534764
PDE2A,her2,-0.3965017675645876
PDE3A,her2,-0.14001034364815107
PDE4A,her2,-0.37329723020566163
PDE4B,her2,0.47892588352142623
PDE4D,her2,0.6609961644569065
PDE4DIP,her2,0.0816605551570074
PDE5A,her2,-0.4097223932447362
PDE6D,her2,0.12215540583193452
PDF,her2,0.3678496633677063
PDGFRA,her2,0.1541086862760669
PDGFRB,her2,0.015065464673246159
PDGFRL,her2,-0.06817688966792489
PDHA1,her2,0.6175460702022155
PDHB,her2,-0.3669074142349278
PDHX,her2,-0.4055147186105059
PDIA2,her2,-0.0872477315860371
PDIA3,her2,0.3539608718127177
PDIA4,her2,0.30046328825803603
PDIA5,her2,0.6730741642516095
PDIA6,her2,0.5220699333294133
PDK1,her2,0.7814196178003668
PDK2,her2,-0.5139623769725974
PDK3,her2,-0.10428835199303339
PDK4,her2,-0.6033615063385677
PDLIM1,her2,0.47892227171499785
PDLIM2,her2,-0.1928216903688755
PDLIM3,her2,0.33182634976375114
PDLIM4,her2,-0.2508040726480335
PDLIM5,her2,-0.20765502021651436
PDLIM7,her2,0.05771949704370177
PDP1,her2,0.7693691238700908
PDPK1,her2,-0.16756277874081504
PDPR,her2,-0.3615590027533922
PDRG1,her2,0.0590973509249247
PDS5A,her2,-0.3750178733494248
PDS5B,her2,-0.08898855433057504
PDSS2,her2,0.6277678605431708
PDXDC1,her2,0.47010995196935174
PDXK,her2,0.41096619077156227
PDXP,her2,0.48444613781003226
PDZD11,her2,0.3075642722406009
PDZD8,her2,0.24570909114916295
PDZK1,her2,-1.0882393912289272
PDZRN3,her2,-0.5365988640683017
PEA15,her2,0.08277959769076806
PEBP1,her2,-0.17044430478104808
PEBP4,her2,-0.5379133513863468
PECR,her2,-0.3965389986456604
PEF1,her2,-0.12511618634285446
PEG10,her2,-0.09120252306536579
PEG3,her2,-0.17919358606913935
PELO,her2,0.477994678107588
PELP1,her2,-0.48188969354981337
PEPD,her2,0.22338945095052576
PER2,her2,-0.36167909714926394
PES1,her2,0.5587555219032869
PEX1,her2,-0.011930223350487712
PEX11A,her2,0.08379810247703295
PEX11B,her2,-0.3703773186947697
PEX13,her2,0.6670767413390676
PEX14,her2,0.02383360175948329
PEX16,her2,-0.08029907427088637
PEX19,her2,-0.4533704279657893
PEX26,her2,0.25403897268219694
PEX3,her2,0.5885548496199717
PEX5,her2,-0.6683623136749285
PEX6,her2,-0.006813600257014023
PEX7,her2,0.1196307710534936
PF4,her2,-0.1911971144738518
PFAS,her2,-0.8260612307308958
PFDN1,her2,0.14922441319331206
PFDN2,her2,0.25377740180114383
PFDN4,her2,0.025503251205136225
PFDN5,her2,-0.20926141937390513
PFDN6,her2,0.27649888166706377
PFKFB2,her2,0.11231164597124088
PFKFB3,her2,-0.23705554552505193
PFKFB4,her2,0.40062404874784974
PFKL,her2,0.7333415565529793
PFKM,her2,-0.6023713487660449
PFKP,her2,0.840841801986682
PFN1,her2,0.339462174816701
PFN2,her2,-0.19618842345781146
PGAM2,her2,-0.21455486169330124
PGAM5,her2,0.2905422059115745
PGD,her2,0.9964717852640776
PGGT1B,her2,-0.21223980894484754
PGK1,her2,1.295060014314187
PGK2,her2,0.46124107652887947
PGLS,her2,0.09064289091017284
PGLYRP1,her2,-0.1758454625429691
PGLYRP2,her2,-0.8669480637001465
PGM1,her2,0.3107790568865415
PGM2,her2,-0.6726930521224552
PGM2L1,her2,0.5666543347740308
PGM3,her2,0.7951820461149002
PGM5,her2,-0.5191915595072863
PGP,her2,0.1385782858799846
PGPEP1,her2,-0.6248113549039522
PGR,her2,-1.0881914184625938
PGRMC1,her2,0.7478627565179302
PGRMC2,her2,-0.03479394104698189
PGS1,her2,-0.8941060062392079
PHACTR2,her2,0.5153989173356804
PHACTR4,her2,-0.00893193629597231
PHAX,her2,0.010938311882480067
PHB2,her2,-0.12734252765855014
PHC1,her2,-0.7109880371457791
PHC2,her2,0.07118322972738286
PHC3,her2,-0.37353124149964395
PHF1,her2,-0.6485248963239179
PHF10,her2,-0.574139602282402
PHF11,her2,-0.3570166107588093
PHF12,her2,0.37289666584469083
PHF14,her2,-0.05961990772370574
PHF2,her2,-0.62298905884672
PHF20,her2,0.18586719209772
PHF20L1,her2,-0.2582367337846597
PHF21A,her2,-0.7404131111411516
PHF23,her2,-0.03183097551476665
PHF3,her2,-0.38346217159473156
PHF5A,her2,0.5157271962639564
PHF6,her2,0.18815182016922563
PHF8,her2,0.3210606195470367
PHGDH,her2,0.5698891132862077
PHIP,her2,-0.13035219458351702
PHKA1,her2,0.1484639977223203
PHKA2,her2,0.07517779271641785
PHKB,her2,0.4622936890196607
PHKG2,her2,-0.0067822845244626655
PHLDA1,her2,-0.486377805070061
PHLDA2,her2,0.7740282638517046
PHLDA3,her2,-0.12069300538483686
PHLDB1,her2,-0.22701123600068096
PHLDB2,her2,0.35279644988942227
PHLDB3,her2,-0.6663971915340103
PHLPP2,her2,-0.041887923647688674
PHPT1,her2,-0.005954747230872387
PHRF1,her2,-0.3249108664389402
PHYH,her2,-0.12036199544831647
PHYHD1,her2,-0.5011630308260284
PI16,her2,-0.3265541182574
PI4K2A,her2,-0.3614717968855383
PI4K2B,her2,0.08945507812391697
PI4KA,her2,0.3107842217575142
PI4KB,her2,-0.4073776419975005
PIAS1,her2,0.3894698883374262
PIAS2,her2,-0.4192299440423229
PIAS3,her2,-0.3739873642744372
PIAS4,her2,0.3864682497415822
PIBF1,her2,-0.16978872199026776
PICALM,her2,0.2746337611952828
PICK1,her2,0.05409848885399446
PID1,her2,0.19742634243962753
PIGG,her2,-0.3557568068586112
PIGK,her2,-0.1030101865544683
PIGO,her2,-0.0662233241348801
PIGQ,her2,-0.17058990142256092
PIGR,her2,0.07445290668571813
PIGS,her2,-0.030806575939786324
PIGT,her2,-0.4414675267017057
PIGU,her2,0.48357060272591096
PIGX,her2,-0.23762652849209523
PIH1D1,her2,0.06405275681285649
PIK3AP1,her2,0.16729590965122662
PIK3C2A,her2,-0.4439446771819971
PIK3C2B,her2,0.5256990809455715
PIK3C3,her2,-0.44866423846687026
PIK3CA,her2,-0.019060225799401365
PIK3CB,her2,-0.011542845858987075
PIK3CD,her2,0.07961180341477803
PIK3CG,her2,0.2038775601016951
PIK3IP1,her2,-0.06485801628195995
PIK3R1,her2,0.36794753764310684
PIK3R2,her2,0.6169584596600536
PIK3R3,her2,0.5635237326521235
PIK3R4,her2,-0.16992205258821017
PIKFYVE,her2,-0.1392839777825893
PIN1,her2,-0.27358490549660364
PIN4,her2,0.4656648815253789
PIP,her2,0.37989262954557435
PIP4K2A,her2,0.14998175675448736
PIP4K2B,her2,0.06775856802428873
PIP4K2C,her2,0.14706443936810112
PIP5K1A,her2,-0.451845667842391
PIP5K1C,her2,-0.04734088502228485
PIR,her2,0.6020961371802539
PISD,her2,-0.16096335738047293
PITPNA,her2,0.013714041426323079
PITPNB,her2,0.6141227542299165
PITPNC1,her2,0.9466566877364008
PITPNM1,her2,0.6978185894214803
PITRM1,her2,0.4060305131040397
PITX1,her2,0.36294071436996694
PJA1,her2,-0.24644447194199007
PJA2,her2,-0.25131093785966024
PKIB,her2,-0.16646411399194463
PKIG,her2,-0.809080943245978
PKLR,her2,-0.03681152062172595
PKN1,her2,-0.48777963385898643
PKN2,her2,-0.5366335080810287
PKNOX1,her2,-0.23652965984929847
PKP1,her2,0.04032366126410016
PKP2,her2,0.1096796517700207
PKP3,her2,0.14369706955271888
PKP4,her2,-0.7384486812727378
PLA2G12A,her2,-0.4789610513060596
PLA2G15,her2,0.5876268685390018
PLA2G2A,her2,0.5228038280502078
PLA2G4A,her2,-0.26134417699831164
PLA2G4C,her2,-0.24748793317104398
PLA2G6,her2,-0.16771392999969528
PLA2G7,her2,0.5265930294028761
PLAA,her2,0.38128679755843464
PLAC9,her2,-0.44317752554137246
PLAT,her2,-0.5883277311464499
PLAU,her2,0.6105982515778391
PLAUR,her2,0.3695687153313793
PLBD1,her2,0.3183760252756886
PLBD2,her2,0.3580355582508352
PLCB1,her2,0.2551246310494836
PLCB2,her2,0.11560441486948854
PLCB3,her2,0.4898234453168599
PLCB4,her2,0.7125001546602683
PLCD1,her2,-0.45110587830444904
PLCD4,her2,-0.5399951433546631
PLCE1,her2,-0.32930497691976424
PLCG1,her2,0.3190755630419991
PLCG2,her2,-0.22848838790533052
PLCH1,her2,0.6987366072836957
PLCL1,her2,-0.35903839947146016
PLCL2,her2,-0.06272297043102287
PLD1,her2,0.24276777699840604
PLD2,her2,-0.2031680186666672
PLD3,her2,0.06333093686759943
PLD4,her2,-0.4290189060069514
PLEC,her2,-0.18972055351547168
PLEK,her2,0.3216608687773692
PLEK2,her2,0.5769298703234895
PLEKHA1,her2,-0.038085553335767054
PLEKHA3,her2,-0.48330617731284675
PLEKHA4,her2,-0.7146817481337996
PLEKHA5,her2,-0.3813375161971446
PLEKHA6,her2,0.12009106773223505
PLEKHA7,her2,-0.6149967384226788
PLEKHA8,her2,1.0462301024318448
PLEKHB2,her2,-0.0922792398796777
PLEKHF1,her2,-0.055662486864635444
PLEKHF2,her2,0.2624511443280785
PLEKHG1,her2,-0.09290634531759662
PLEKHG2,her2,-0.09404915488006571
PLEKHG3,her2,0.07869568121523914
PLEKHG4,her2,-1.0016335377043077
PLEKHG4B,her2,0.08091245875105733
PLEKHJ1,her2,0.16809632595737034
PLEKHM1,her2,-0.4324453407644513
PLEKHM2,her2,0.11934693657108647
PLEKHO1,her2,0.11868453750752501
PLEKHO2,her2,0.10243457391966065
PLG,her2,0.4138649237369961
PLIN1,her2,-0.3393186234976663
PLIN2,her2,0.36922378888729307
PLIN3,her2,0.3204563494539664
PLIN4,her2,-0.5414176112780625
PLIN5,her2,-0.9690027240199883
PLK1,her2,0.5284026075537851
PLOD1,her2,0.139408303437699
PLOD2,her2,0.05901612922747328
PLOD3,her2,-0.11770550445416561
PLRG1,her2,0.1573640296785955
PLS1,her2,-0.08669491807647939
PLS3,her2,-0.0743851369967234
PLSCR1,her2,-0.1560567119849916
PLSCR3,her2,-0.07962636870749572
PLTP,her2,0.12871409474420567
PLVAP,her2,0.18714484472826662
PLXDC2,her2,-0.28921259286648
PLXNA1,her2,0.16709946667963596
PLXNA3,her2,0.23281588860052668
PLXNB1,her2,-0.5829380887197982
PLXNB2,her2,0.7218707852040536
PLXNC1,her2,0.17342892156355927
PLXND1,her2,0.22741421003125978
PM20D2,her2,-0.3939528772280956
PMF1,her2,-0.08144622354246074
PML,her2,0.01711279710622313
PMM1,her2,0.01928128512435001
PMM2,her2,0.6548177919234119
PMP2,her2,-0.08532958577587901
PMPCA,her2,0.302859799042846
PMPCB,her2,-0.5379990938047541
PMS1,her2,0.09531114835922071
PMS2,her2,0.05390453639428974
PMVK,her2,-0.07170115986013216
PNKD,her2,0.6606070311498198
PNKP,her2,-0.30666492726721695
PNMA1,her2,-0.536567892907666
PNMT,her2,1.6562038491149027
PNN,her2,-0.1921520437721937
PNO1,her2,0.4283503259611236
PNP,her2,0.8780326904646777
PNPLA2,her2,-0.35790226822006954
PNPLA4,her2,-0.17543944376924675
PNPLA6,her2,-0.2967656994301078
PNPLA8,her2,-0.043769792715974074
PNPO,her2,-0.16949944694997437
PNPT1,her2,0.04043219327848859
POC1B,her2,-0.30240557699730064
POC5,her2,-0.3998111033429841
PODN,her2,-0.11412024239205544
PODXL,her2,-0.27866120877162537
POF1B,her2,0.8787225815788916
POFUT1,her2,-0.85601126191439
POFUT2,her2,0.021587448307584432
POGK,her2,-0.12172638369917367
POGZ,her2,-0.8933183368373492
POLA1,her2,0.1529805927649462
POLA2,her2,0.23973361725847617
POLB,her2,-0.34792051231162124
POLD1,her2,-0.05435156387898503
POLD2,her2,0.27008076286290866
POLD3,her2,0.2892033826773447
POLD4,her2,-0.041920469867237894
POLDIP3,her2,0.04363466320944447
POLE,her2,0.241194603095413
POLE2,her2,0.47186386760599586
POLE3,her2,0.26095864425123383
POLE4,her2,0.19615135392876246
POLG,her2,0.111165045067612
POLG2,her2,-0.37594085521198817
POLI,her2,-0.7537772270837018
POLK,her2,-0.49535537513640104
POLL,her2,-0.5800628181750589
POLM,her2,-0.13272160844329997
POLR1A,her2,0.12337628957744406
POLR1B,her2,-0.1688335284297545
POLR1C,her2,0.077913814344169
POLR1D,her2,-0.09319671404906314
POLR1E,her2,-0.2789351579819874
POLR2B,her2,0.24113549409758556
POLR2C,her2,0.32214087218780707
POLR2D,her2,0.7798565322058201
POLR2E,her2,0.10526583829771168
POLR2F,her2,0.24941948492062385
POLR2G,her2,-0.06517758838520679
POLR2H,her2,0.2544262995969416
POLR2I,her2,-0.25689344864351343
POLR2K,her2,0.272365620998068
POLR2L,her2,-0.005986525070544037
POLR3A,her2,0.19719903684447293
POLR3B,her2,0.2685309948992282
POLR3C,her2,-0.4270674288522625
POLR3D,her2,0.06099146023669835
POLR3E,her2,-0.5029695571453938
POLR3F,her2,0.0353533718852486
POLR3GL,her2,-0.3562710207352936
POLR3H,her2,0.08759334132375084
POLR3K,her2,-0.42691559657376527
POLRMT,her2,-0.16696136888259383
POM121C,her2,-0.2711199884651106
POMGNT1,her2,-0.5607635443376701
POMP,her2,0.5710822261638872
PON1,her2,-0.008112038241637615
PON2,her2,0.24290600262278697
PON3,her2,-0.055180820419014474
POP1,her2,0.43688770946374145
POP4,her2,0.25800520870909843
POP5,her2,0.35800028875078993
POP7,her2,0.427807038227735
POR,her2,0.8384379671813309
POSTN,her2,0.17981559875127331
POT1,her2,-0.857214325153925
POTEF,her2,-0.06842930179396088
POU2F1,her2,-0.003058148607302179
POU2F2,her2,0.5155631209752184
PPA1,her2,0.952502324871356
PPA2,her2,0.21994320046692756
PPAN,her2,-0.05911581361038697
PPAT,her2,-0.13834810146297236
PPBP,her2,0.016041923494776913
PPCDC,her2,0.20304170010483044
PPCS,her2,0.22246229917205476
PPDPF,her2,0.14445560182876752
PPFIA1,her2,-0.21623931290329837
PPFIA3,her2,0.5245669402719352
PPFIBP1,her2,0.10684591854992388
PPFIBP2,her2,0.8415697037104853
PPHLN1,her2,0.17640354582857762
PPIA,her2,0.45917601432733823
PPIAL4G,her2,0.49011269263038854
PPIB,her2,0.43639723727967833
PPIC,her2,0.33486834707530144
PPID,her2,0.24058184038895605
PPIE,her2,0.32131995891836607
PPIF,her2,0.4970073885857204
PPIG,her2,0.09153173712404133
PPIH,her2,0.2769467790645772
PPIL1,her2,0.18097319397096157
PPIL2,her2,0.7298123068243995
PPIL3,her2,0.15720325061233173
PPIL4,her2,0.0420961264875935
PPIP5K1,her2,-0.4897199815841739
PPIP5K2,her2,-0.3668421014955259
PPL,her2,0.1364727856712455
PPM1A,her2,-0.3077519300654616
PPM1B,her2,-0.0009263653394769691
PPM1D,her2,-0.11458811875054621
PPM1F,her2,-0.13643515095410733
PPM1G,her2,0.5429858301734279
PPM1H,her2,0.06648171382725862
PPM1J,her2,-1.480917037764803
PPM1K,her2,-0.3062111941301114
PPM1L,her2,0.5779700869208619
PPM1M,her2,-0.5506200657427648
PPME1,her2,0.24476596915381005
PPOX,her2,-0.14685621935216808
PPP1CA,her2,0.5157250465563391
PPP1CB,her2,0.39253146323069205
PPP1CC,her2,-0.02056147913880019
PPP1R10,her2,1.1830658397248925
PPP1R11,her2,0.2022765205087876
PPP1R12A,her2,-0.32516833388066135
PPP1R12B,her2,-0.3163873207384312
PPP1R12C,her2,-0.21159219834199194
PPP1R13B,her2,0.16024312211550418
PPP1R13L,her2,0.180997693745915
PPP1R14A,her2,-0.32726387287095926
PPP1R14B,her2,0.5398610953593757
PPP1R14C,her2,0.41745065549596183
PPP1R16A,her2,-0.3685779437739338
PPP1R1A,her2,0.6556112057224589
PPP1R1B,her2,0.7124596533691081
PPP1R2,her2,0.04694212872002074
PPP1R3B,her2,0.08115232029737728
PPP1R3D,her2,0.3679226003789587
PPP1R7,her2,0.4160792161545032
PPP1R8,her2,0.0173203763908931
PPP1R9A,her2,-0.5768665627541975
PPP2CA,her2,-0.039148598791073914
PPP2CB,her2,-0.07439193247168516
PPP2R1A,her2,0.2896693320595606
PPP2R1B,her2,0.3551736714195926
PPP2R2A,her2,-0.38389337456351985
PPP2R3A,her2,0.32954560656462073
PPP2R5A,her2,-0.22078176424115814
PPP2R5B,her2,0.2547669995197613
PPP2R5C,her2,0.4748378718109461
PPP2R5D,her2,0.24971606759251969
PPP2R5E,her2,0.49066757451282833
PPP3CA,her2,0.08787517649870802
PPP3CB,her2,-0.19264202620036816
PPP3CC,her2,-0.2545600120934127
PPP3R1,her2,0.8937217219292074
PPP4C,her2,0.5064610700275912
PPP4R1,her2,-0.22261609389608608
PPP4R2,her2,0.017694521914745527
PPP5C,her2,0.18122888207700386
PPP6C,her2,0.1639553837585392
PPT1,her2,0.08838384418484112
PPT2,her2,-0.8197103864676535
PPTC7,her2,-0.39817905769330664
PPWD1,her2,-0.45379857085425745
PQBP1,her2,0.17076719117637626
PRAF2,her2,-0.25074612751483366
PRAM1,her2,0.05530687685038314
PRC1,her2,0.380589313975111
PRCC,her2,-0.2758304059452982
PRCP,her2,-0.5494209231384117
PRDM10,her2,0.27568744489651387
PRDM15,her2,0.21514473130271905
PRDM2,her2,-0.04327303112453826
PRDX1,her2,0.630144148742122
PRDX2,her2,0.19782579988342885
PRDX3,her2,0.04019339737565316
PRDX4,her2,0.5148482798392684
PRDX5,her2,0.49512699159663603
PRDX6,her2,0.2754758497398443
PREB,her2,0.6142904607718341
PRELP,her2,-0.37097314233368406
PREP,her2,0.47194188671360937
PREPL,her2,-0.12581831651154024
PREX1,her2,-0.7922668146950618
PRF1,her2,0.38003812461133435
PRG2,her2,-0.13799663036732093
PRG3,her2,-0.050389920400108895
PRG4,her2,-0.32575843247639963
PRICKLE2,her2,0.09828944805017738
PRIM1,her2,0.14756690258158428
PRKAA1,her2,0.817984135388476
PRKAA2,her2,0.07300297983649645
PRKAB1,her2,-0.7241367722398735
PRKAB2,her2,-0.05509512398160366
PRKACA,her2,0.1251449929122265
PRKACB,her2,0.24035575270094114
PRKAG1,her2,0.293216593889164
PRKAG2,her2,-0.4249347627993906
PRKAR1A,her2,-0.23098706396671392
PRKAR1B,her2,-0.15776502311435558
PRKAR2A,her2,0.01172411463723197
PRKAR2B,her2,-0.2744172659545835
PRKCA,her2,0.11296710627648651
PRKCB,her2,0.19718737533470795
PRKCD,her2,-0.03821478354422665
PRKCE,her2,-0.724709305244983
PRKCH,her2,0.48984744129080376
PRKCI,her2,0.030837450882917363
PRKCQ,her2,0.19192863861526635
PRKCSH,her2,0.1254189064612353
PRKCZ,her2,-0.027144141379878545
PRKD1,her2,0.41271844285085346
PRKD2,her2,-0.012780914135340878
PRKD3,her2,0.08615033023551386
PRKG1,her2,0.18757491372393964
PRKRA,her2,0.22344025216540472
PRKRIP1,her2,-0.03491684794031793
PRMT1,her2,-0.11386146851950542
PRMT2,her2,-0.12207880667991187
PRMT3,her2,-0.5114538647790077
PRMT5,her2,-0.10039300334183646
PRMT6,her2,-0.07162325445817988
PRMT7,her2,0.1693798596200867
PRNP,her2,-0.015633680985075355
PROC,her2,0.10917998538383167
PROCR,her2,-0.5246126104630745
PRODH,her2,0.9848126144174936
PROM1,her2,0.1886909468303029
PROM2,her2,0.568588327693446
PROS1,her2,-0.24176823173593648
PROZ,her2,-0.020970103748323966
PRPF18,her2,0.1866971793768838
PRPF19,her2,-0.0064945419235770485
PRPF3,her2,0.11495841038958034
PRPF31,her2,0.08576687704975733
PRPF38A,her2,0.10402978572338899
PRPF38B,her2,-0.3843216717325617
PRPF39,her2,-0.3194664817521738
PRPF4,her2,0.2882994424372369
PRPF40A,her2,0.18573649555898025
PRPF40B,her2,-0.05653568849996474
PRPF6,her2,0.04968294494133966
PRPF8,her2,-0.12073721176170145
PRPH,her2,-0.36881377785562125
PRPS1,her2,0.2359527203735941
PRPS2,her2,0.06170045602388755
PRPSAP1,her2,-0.4102228011859435
PRPSAP2,her2,-0.23436495676893584
PRR11,her2,0.639707543152152
PRR12,her2,-0.40268394393357
PRR13,her2,0.09215656084086234
PRR14,her2,-0.16278171466668187
PRR15,her2,0.17762489065442635
PRR15L,her2,0.6107026997100881
PRR5,her2,0.35383062375846663
PRRC1,her2,0.4655433430433753
PRRX1,her2,0.2362977176647969
PRRX2,her2,0.2790469976209484
PRSS1,her2,-0.36352487632653574
PRSS22,her2,0.12254970965194895
PRSS23,her2,-0.21593407932567857
PRSS3,her2,-0.19929080021289955
PRSS8,her2,0.1848966559735319
PRTFDC1,her2,-0.732718293031531
PRTN3,her2,-0.6264072232376426
PSAP,her2,0.4131150865546175
PSAT1,her2,0.7723992608518802
PSD3,her2,-0.4278996547341086
PSD4,her2,-0.28654613868904527
PSEN1,her2,0.05340999507885573
PSEN2,her2,-0.5158171088677798
PSIP1,her2,-0.5531692403468976
PSMA1,her2,0.36508820622204724
PSMA2,her2,0.484625192529636
PSMA3,her2,0.7849041238046073
PSMA4,her2,0.6099115982783471
PSMA5,her2,0.5847161949317515
PSMA6,her2,0.7307921101860972
PSMA7,her2,0.7502152896651358
PSMB1,her2,0.5304969046260235
PSMB10,her2,0.24417066322300982
PSMB2,her2,0.668052709434451
PSMB3,her2,0.6341494849609102
PSMB4,her2,0.15904168144971845
PSMB5,her2,0.7909331330889342
PSMB6,her2,0.12661775213105822
PSMB7,her2,0.6400207255765903
PSMB8,her2,0.13761602156851885
PSMB9,her2,0.30593208554596457
PSMC1,her2,0.7978243705043273
PSMC2,her2,0.5619411623345737
PSMC3,her2,0.14979166782161357
PSMC3IP,her2,-0.2833968080746385
PSMC4,her2,0.3982756654651945
PSMC5,her2,0.3096990346375493
PSMC6,her2,0.6163936057087308
PSMD1,her2,0.8998869631259778
PSMD10,her2,0.5753799441667851
PSMD11,her2,0.49311600238792264
PSMD12,her2,0.45773229412619537
PSMD13,her2,0.3625407160117087
PSMD14,her2,0.950141157728591
PSMD2,her2,0.6152988059679951
PSMD3,her2,1.5752487595452518
PSMD4,her2,0.10963692678724286
PSMD5,her2,1.1426629675737985
PSMD6,her2,0.5147847084548164
PSMD7,her2,0.7871985623553821
PSMD8,her2,0.26896073600280246
PSMD9,her2,0.17717040210072518
PSME1,her2,0.00778397667768278
PSME2,her2,0.39466691594600134
PSME3,her2,-0.5255117207048465
PSME4,her2,0.8709485705920321
PSMF1,her2,0.3560622958755046
PSMG1,her2,0.5477278423441915
PSMG2,her2,-0.19959513535688586
PSMG3,her2,0.2762031300868083
PSMG4,her2,-0.0367865059813065
PSPC1,her2,0.1059874586461346
PSPH,her2,0.661543335624965
PSTPIP1,her2,0.1480339288957052
PSTPIP2,her2,-0.17156800884854803
PTAR1,her2,-0.6978480367394131
PTBP1,her2,0.03557207756751315
PTBP2,her2,-0.3830192008356087
PTCD2,her2,-0.40486786134633784
PTCD3,her2,0.3797298086545739
PTDSS1,her2,0.15348226073654087
PTDSS2,her2,-0.6611951617264679
PTEN,her2,0.13339397170538228
PTER,her2,-0.3642159494566289
PTGDS,her2,0.12910300060839752
PTGES,her2,-0.6436247706828625
PTGES2,her2,0.4049902317681605
PTGES3,her2,0.37198828931922207
PTGFRN,her2,-0.0037359148043357216
PTGIS,her2,-0.1652307722432656
PTGR1,her2,-0.06767686750208206
PTGR2,her2,-0.19445763945877692
PTGS1,her2,-0.3325214236479283
PTGS2,her2,-0.31311271350779424
PTK2,her2,-0.28251919362255995
PTK2B,her2,-0.12089229130350958
PTK6,her2,0.4143107423577552
PTK7,her2,0.581035763080457
PTMA,her2,0.34953810520165296
PTMS,her2,-0.1152401471753169
PTN,her2,-0.3819445059413197
PTOV1,her2,-0.18612228563990618
PTP4A1,her2,0.14437869029109598
PTP4A2,her2,-0.519410650726994
PTP4A3,her2,-0.2101668963010969
PTPDC1,her2,0.03686529392496057
PTPMT1,her2,-0.33946200390793213
PTPN1,her2,-0.2825445143519944
PTPN11,her2,0.21205468463312932
PTPN12,her2,0.27118633558665195
PTPN13,her2,-0.34850971372651723
PTPN14,her2,-0.13728513933090045
PTPN18,her2,-0.6674139408970817
PTPN2,her2,-0.01815360106447701
PTPN23,her2,-0.12007334262285906
PTPN3,her2,0.3158455964370745
PTPN6,her2,-0.10898968353698762
PTPN7,her2,0.3672103038818784
PTPN9,her2,-0.4891050548781873
PTPRA,her2,-0.5453887360856358
PTPRC,her2,0.2586756095739737
PTPRE,her2,-0.3461538617943777
PTPRF,her2,0.1885005803938395
PTPRG,her2,-0.2602060331781736
PTPRJ,her2,0.10164235820076972
PTPRK,her2,0.4454293400581987
PTPRM,her2,-0.16787027566512294
PTPRS,her2,0.6706794062300135
PTPRU,her2,0.026915971138321778
PTPRZ1,her2,-0.4696390292067947
PTRH1,her2,0.28260525159975924
PTRH2,her2,0.5939373210861292
PTS,her2,0.24846483857632018
PTX3,her2,-0.6291459359205906
PUF60,her2,-0.1231777469329626
PUM1,her2,-0.5127407487183975
PUM2,her2,-0.18904642105759042
PURA,her2,-0.3767417260977048
PURB,her2,0.031581091364768214
PUS1,her2,0.3427819560658441
PUS10,her2,0.13113529403688418
PUS3,her2,0.4094809024296492
PUS7,her2,-0.26445671079011285
PUS7L,her2,0.03097972593104633
PUSL1,her2,0.16819876762694932
PVALB,her2,0.04227263426577019
PVR,her2,-0.03164342976627083
PWP1,her2,0.09522515488127878
PWP2,her2,0.4200552575559841
PWWP2A,her2,-0.09510854499526576
PWWP2B,her2,0.26358240746970174
PXDN,her2,0.25474569203719444
PXK,her2,-0.6526623702849437
PXMP4,her2,0.09463594424292007
PXN,her2,0.8681513296667827
PYCARD,her2,-0.26291948558073164
PYCR1,her2,0.6112918495827789
PYCR2,her2,-0.1721787462780134
PYDC1,her2,-0.12446157787558572
PYGB,her2,0.043883847659548884
PYGL,her2,-0.3551363953922423
PYGM,her2,0.03634686955840536
PYGO2,her2,-0.21651947062320095
PYHIN1,her2,0.33412465008778114
PYROXD1,her2,-0.33135595831520187
PYROXD2,her2,-0.4401954304735998
PZP,her2,-0.11689543234300287
QDPR,her2,-0.5600824983801279
QKI,her2,-0.07695750432338871
QPCT,her2,-0.36395822773745273
QPCTL,her2,0.039476457282189126
QPRT,her2,1.0538741982121587
QRICH1,her2,-0.18803069671991957
QRSL1,her2,0.5360696826888647
QSER1,her2,-0.23718778073102662
QSOX1,her2,-0.3852833847310251
QSOX2,her2,0.11051998742520468
QTRT1,her2,-0.6274157963890611
R3HCC1,her2,-0.40170277581181174
R3HDM1,her2,0.39144295313101385
R3HDM2,her2,-0.3546644979338237
RAB10,her2,0.5709833986315148
RAB11B,her2,-0.354428617407234
RAB11FIP1,her2,-0.17809360165621393
RAB11FIP2,her2,-0.4130704518668012
RAB11FIP3,her2,-0.4885663137368902
RAB11FIP4,her2,0.13072389242159468
RAB11FIP5,her2,-0.1828335281934018
RAB12,her2,-0.3572271106668976
RAB13,her2,-0.29616178397614373
RAB14,her2,0.17846303279946343
RAB17,her2,-0.14659035438003673
RAB18,her2,-0.37981257733374285
RAB19,her2,0.024567638545239797
RAB1A,her2,0.8407273452443315
RAB1B,her2,0.5173077642777341
RAB20,her2,0.5976145015669596
RAB21,her2,-0.1411022709914538
RAB22A,her2,0.4347720574979659
RAB23,her2,-0.027815610851907483
RAB24,her2,0.21199386508666346
RAB25,her2,0.06704046744832512
RAB27A,her2,0.1416280427006283
RAB27B,her2,0.4033134103797297
RAB28,her2,-0.772320835794783
RAB2A,her2,0.18672834422681336
RAB2B,her2,-0.1495364315433337
RAB30,her2,-0.5027068476800131
RAB31,her2,-0.31997792441791445
RAB32,her2,0.10574779913389729
RAB33B,her2,0.06671964919409136
RAB34,her2,-0.4907391792056252
RAB35,her2,0.439728404857101
RAB38,her2,-0.27798279710759244
RAB3A,her2,-0.24770811809773643
RAB3D,her2,1.047003172972864
RAB3GAP1,her2,0.6737837256641876
RAB3GAP2,her2,-0.06970263645750274
RAB3IL1,her2,-0.03915934710194935
RAB3IP,her2,-0.039164388525348266
RAB40C,her2,-0.12362923933149428
RAB43,her2,0.7643525671343571
RAB4A,her2,0.03845433129401589
RAB4B,her2,-0.2519791802014481
RAB5A,her2,0.397162557574146
RAB5B,her2,0.27851097149167464
RAB5C,her2,-0.21520096640968053
RAB6A,her2,0.15806362011578834
RAB6B,her2,0.3785472312961902
RAB7A,her2,0.4281728668792328
RAB8A,her2,-0.034696225820427175
RAB8B,her2,-0.029762847217422384
RAB9A,her2,0.4435251381336644
RABAC1,her2,0.03793162769015241
RABEP1,her2,-0.7187316383113392
RABEP2,her2,0.10849323174213846
RABEPK,her2,0.03232984009883209
RABGAP1,her2,0.11617145444535885
RABGAP1L,her2,-0.20011803268808445
RABGGTA,her2,0.08493722321151984
RABGGTB,her2,-0.18033334634850695
RABIF,her2,0.8506090762906816
RABL2B,her2,-0.06961777741898446
RABL3,her2,-0.19008759964360525
RAC1,her2,0.5802920090091908
RAC2,her2,0.24576526862962284
RAC3,her2,0.2046212159135344
RACGAP1,her2,0.5536500917183801
RAD1,her2,0.3401273880802831
RAD17,her2,-0.7028025508285873
RAD18,her2,0.18662217563681255
RAD21,her2,-0.033708096903103654
RAD23A,her2,-0.0007146255184635941
RAD23B,her2,0.5600398702569481
RAD50,her2,-0.34912765815901403
RAD51,her2,0.640499289012013
RAD51AP1,her2,0.31478433244969767
RAD51C,her2,0.34432586471591525
RAD54B,her2,0.3196290333450436
RAD54L2,her2,-0.2329205564944279
RAD9A,her2,0.07877074426105839
RAE1,her2,0.3450046993106874
RAF1,her2,-0.052893055475998735
RAI1,her2,-0.29355840257251287
RAI14,her2,-0.2371016624477264
RALA,her2,1.0421918659288303
RALB,her2,0.8083248970868567
RALBP1,her2,-0.6240019420647698
RALGAPA1,her2,-0.31771311699462235
RALGAPA2,her2,0.34695351966106536
RALGAPB,her2,-0.2576280926062549
RALGPS2,her2,-0.28824165967525545
RALY,her2,0.45764607665101387
RAN,her2,0.467236446621939
RANBP1,her2,0.635643212501314
RANBP10,her2,0.26005948940447915
RANBP2,her2,0.31386971052289536
RANBP3,her2,-0.43222996608611786
RANBP6,her2,-0.38766694833421156
RANBP9,her2,0.7573195857420589
RANGAP1,her2,0.8525423972813102
RANGRF,her2,-0.863042095661742
RAP1A,her2,0.24059810129008313
RAP1B,her2,-0.09472424130719878
RAP1GAP,her2,0.6185923933942528
RAP1GAP2,her2,0.2011912212984864
RAP1GDS1,her2,-0.38690538075510705
RAP2B,her2,0.4141733699404678
RAP2C,her2,0.29209951937181833
RAPGEF1,her2,0.19038618371029115
RAPGEF2,her2,-0.13931993004103474
RAPGEF4,her2,-0.08846729351519741
RAPGEF6,her2,-0.2041341090554996
RAPH1,her2,-0.01958091120561572
RARA,her2,-0.29254416046399284
RARRES1,her2,0.49018507797773647
RARRES2,her2,0.3684033700281576
RARS2,her2,0.05024491380310385
RASA1,her2,-0.3470438650068811
RASA2,her2,-0.21116716536818708
RASA3,her2,0.03476719394275513
RASA4,her2,-0.6501532008614577
RASAL1,her2,0.530959935489497
RASAL2,her2,-0.07763355154866756
RASAL3,her2,0.17475336880329614
RASEF,her2,-0.27896350841602385
RASGRF2,her2,0.1354752633378357
RASGRP2,her2,0.030724966563664937
RASIP1,her2,0.011119414983710399
RASL12,her2,-0.3594573164213597
RASSF1,her2,-0.1676276988055102
RASSF2,her2,-0.005068478068670817
RASSF3,her2,-0.09525682193189557
RASSF4,her2,0.3332790961205516
RASSF5,her2,0.4797297410032333
RASSF7,her2,-0.03328528404490742
RASSF8,her2,-0.5801822276721422
RAVER1,her2,-0.07161196756146422
RAVER2,her2,-0.8120063290627126
RB1,her2,-0.041541410803394
RB1CC1,her2,-0.3803374063855263
RBAK,her2,0.28520688601574323
RBBP4,her2,-0.04573884150087066
RBBP5,her2,0.05439730599992308
RBBP6,her2,0.0830811164886368
RBBP7,her2,-0.22839602874535528
RBBP8,her2,-1.0182667207826588
RBBP9,her2,-0.0678236048167449
RBCK1,her2,-0.12335932825734841
RBKS,her2,-0.22634180235314183
RBL1,her2,0.034338920422506095
RBL2,her2,-0.5505448187545445
RBM10,her2,0.04500720042023339
RBM12,her2,-0.27093342917090696
RBM12B,her2,-0.15232010735780463
RBM14,her2,0.18297451163572628
RBM15,her2,0.23403302406521936
RBM15B,her2,0.11262941511347675
RBM17,her2,0.012960924840087243
RBM18,her2,0.03216231857203807
RBM19,her2,0.09413970759080446
RBM22,her2,-0.4815053697052262
RBM23,her2,-0.21714380809489683
RBM25,her2,0.1852775916746917
RBM26,her2,-0.09568400121460686
RBM27,her2,-0.2334718032730003
RBM28,her2,0.3101484667588397
RBM3,her2,-0.27719768684966933
RBM33,her2,-0.6250548097640378
RBM34,her2,-0.1274362039590024
RBM38,her2,0.39590931038239136
RBM39,her2,-0.5804330713830484
RBM4,her2,0.44330568405118315
RBM41,her2,0.10825870856166177
RBM42,her2,-0.21179430436537924
RBM45,her2,-0.007237383459385996
RBM47,her2,-0.0706199390126387
RBM4B,her2,0.025547517321017225
RBM5,her2,-0.6526367487467585
RBM6,her2,-0.22689425458281198
RBM7,her2,0.20412442026137298
RBM8A,her2,0.008857946015953732
RBMS1,her2,0.2511669048047181
RBMS2,her2,-0.17226357899533545
RBMS3,her2,-0.37344330424474087
RBMX,her2,-0.20349445054734178
RBMX2,her2,0.29346407673561553
RBMXL1,her2,-0.19251244064201156
RBP1,her2,-0.04082681021330869
RBP4,her2,-0.07358679450905785
RBP5,her2,0.1080087712403706
RBP7,her2,-0.8644214478757731
RBPJ,her2,-0.34193723395155723
RBPMS,her2,-0.3122723023348385
RBX1,her2,0.5282822846372374
RC3H1,her2,-0.2681044025111656
RC3H2,her2,0.12562451937622426
RCAN1,her2,0.26319327380801905
RCAN3,her2,-0.11651888783551932
RCBTB2,her2,-0.11211070068330063
RCC1,her2,0.4967678741881431
RCC2,her2,0.45975155378832405
RCCD1,her2,0.06974493665180441
RCHY1,her2,0.0017049381994871382
RCL1,her2,-0.4938995242573125
RCN1,her2,-0.18720557599163365
RCN2,her2,0.021844658131916744
RCN3,her2,0.11417835761474138
RCOR1,her2,0.1593187652895798
RCOR2,her2,0.24991939046860834
RCOR3,her2,-0.9145983947590636
RCSD1,her2,0.0225687257155511
RDH10,her2,0.31655705013544927
RDH11,her2,0.5996159370346321
RDH13,her2,0.38794255845795617
RDH14,her2,-0.22590698664304118
RDH16,her2,0.18170151624913117
RDX,her2,0.31232706566090385
RECK,her2,0.041136572751381266
RECQL,her2,0.13118816345671008
RECQL5,her2,-0.1037124709591093
REEP3,her2,0.6665154753226012
REEP4,her2,0.3383536934069527
REEP5,her2,0.13910781998480884
REEP6,her2,0.28018989921513354
REL,her2,-0.42026093725013713
RELA,her2,-0.11716201898849558
RELB,her2,-0.22692567226965013
RELL1,her2,-0.8214558731541891
REM1,her2,-0.22758934901243288
REM2,her2,-0.26690091939981087
RENBP,her2,0.22091754191722712
REPIN1,her2,-0.1298231260058161
REPS1,her2,0.31992762246132017
REPS2,her2,-0.7044375995513571
RER1,her2,0.2611413175771492
RERE,her2,0.05088345892840412
RERG,her2,-1.3482272960189197
REST,her2,0.022085648601325645
RETN,her2,0.23008398826618753
RETSAT,her2,0.718842114772806
REXO1,her2,-0.01007159843838172
REXO2,her2,0.15465401809627366
REXO4,her2,0.20902035412776146
RFC1,her2,-0.6581294077384864
RFC2,her2,0.7819518911992809
RFC3,her2,0.596275997643467
RFC4,her2,0.36495797455371326
RFC5,her2,0.035476790765502184
RFESD,her2,0.12759164637475726
RFFL,her2,0.3322942488511233
RFK,her2,-0.0569850843351748
RFT1,her2,-0.24027702322874694
RFTN1,her2,0.33284676253342504
RFX1,her2,-0.4526020951106927
RFX3,her2,-0.6052153227315243
RFX5,her2,-0.5927031652046495
RFXANK,her2,-0.2629859777253373
RFXAP,her2,-0.3102440048284615
RGL2,her2,-0.2956534215636017
RGN,her2,-0.6006358323678179
RGP1,her2,-0.257921412943397
RGS10,her2,0.04771059335585986
RGS12,her2,-0.75767924064887
RGS14,her2,-0.28142999481316033
RGS19,her2,0.20384354885791703
RGS3,her2,0.6990169071209107
RHBDD1,her2,-0.47729863699218056
RHBDD2,her2,-0.10357586525886757
RHBDD3,her2,0.7876430765689717
RHBDF1,her2,-0.35339800772671576
RHBDF2,her2,-0.12623861357285332
RHEB,her2,0.00705792781472568
RHOA,her2,0.1792612730508665
RHOB,her2,-0.015778387518080125
RHOC,her2,0.3034199442871475
RHOF,her2,0.2359847411045967
RHOG,her2,0.17293332700202216
RHOH,her2,-0.07126012946233072
RHOT1,her2,-0.3264692969646079
RHOT2,her2,-0.32681060556066893
RHPN2,her2,0.1134621038341528
RIC8A,her2,-0.2612996375274633
RIC8B,her2,-0.7942979142358727
RICTOR,her2,-0.44337867441234524
RIF1,her2,-0.11213601213838674
RILP,her2,0.30866277430237465
RILPL1,her2,-0.3795716018866145
RILPL2,her2,-0.4054568558069525
RIN1,her2,-0.4259475796167839
RIN2,her2,0.09260107533079785
RIN3,her2,0.07255193781719338
RING1,her2,-0.050461358376714054
RINL,her2,-0.400515029073507
RINT1,her2,0.149995974123838
RIOK1,her2,-0.011717212141044838
RIOK2,her2,0.08688796686558646
RIOK3,her2,-0.23921582061844113
RIPK1,her2,0.6269435426108337
RIPK2,her2,0.16042698477342826
RIPK3,her2,-0.5833931508755736
RIT1,her2,-0.36103329115909777
RLF,her2,0.35823798440700705
RLIM,her2,0.09362879194434853
RMI1,her2,0.17314033276737692
RMND1,her2,-0.7461255726368433
RMND5A,her2,-0.023030342230536335
RNASE1,her2,0.1196497043516077
RNASE2,her2,0.13953713818376257
RNASE3,her2,-0.15084656336437594
RNASE4,her2,-0.3936031916712438
RNASE6,her2,0.058897721474322276
RNASEH1,her2,0.5918100176165101
RNASEH2A,her2,0.28935138824688955
RNASEH2B,her2,-0.3866455540663965
RNASEH2C,her2,-0.41059361819687745
RNASEL,her2,-0.05679588364459252
RNASET2,her2,0.06775874634673162
RND3,her2,0.22209430259246504
RNF10,her2,0.18430089174403952
RNF11,her2,0.5566662572363955
RNF113A,her2,0.45619611570780977
RNF114,her2,0.8797896036991201
RNF115,her2,-0.41030094550406826
RNF121,her2,0.2705639111671943
RNF123,her2,-0.208233908538242
RNF126,her2,0.19606567066642366
RNF135,her2,-0.35587380449543177
RNF138,her2,-0.2162052910066725
RNF14,her2,-0.2846533106785143
RNF141,her2,-0.16340285478586045
RNF146,her2,0.035502139750473165
RNF149,her2,0.40751522413322877
RNF166,her2,0.06910874688269548
RNF167,her2,-0.46108288299445727
RNF168,her2,0.24274610447949785
RNF169,her2,-0.35203102872243436
RNF170,her2,-0.4729017561604826
RNF181,her2,0.5593200990562284
RNF185,her2,0.3082830490698076
RNF2,her2,-0.5748200564812422
RNF20,her2,0.045670794287328446
RNF213,her2,0.12857925655803204
RNF214,her2,-0.2676007181622802
RNF216,her2,-0.23632032505356573
RNF220,her2,-0.2843003067425496
RNF25,her2,0.0065919773899503955
RNF31,her2,-0.06230811529467522
RNF34,her2,-0.011001529014329976
RNF4,her2,-0.10269074798385845
RNF40,her2,-0.21138650651639498
RNF41,her2,0.03915620963340267
RNF5,her2,-0.05840309790114068
RNF7,her2,-0.019375936276670738
RNGTT,her2,0.37846388881797677
RNH1,her2,-0.194160492629007
RNLS,her2,0.19615586656599146
RNMT,her2,-0.3420224966528031
RNPC3,her2,-0.3144253228486076
RNPEP,her2,0.04631482131814152
RNPS1,her2,-0.13920586059991835
ROBO1,her2,0.2786681293370187
ROCK1,her2,-0.2263814820161064
ROCK2,her2,0.13007544358077483
ROGDI,her2,-0.23675315465166205
ROMO1,her2,0.20127715636289173
RP2,her2,0.24129402252723034
RP9,her2,0.06670733701229753
RPA1,her2,-0.1863663269080741
RPA2,her2,-0.03541921806819488
RPA3,her2,0.4107383096906169
RPAIN,her2,-0.5255538238535715
RPAP1,her2,0.0177041549113707
RPAP2,her2,-0.0930351672222574
RPAP3,her2,0.0713420194137685
RPE,her2,0.24711887307562697
RPF1,her2,-0.08009085607053343
RPF2,her2,0.5373074888393793
RPGRIP1L,her2,0.16093845524838787
RPIA,her2,0.02442465628118158
RPL10,her2,0.07550641106397013
RPL10A,her2,-0.10741595461982142
RPL11,her2,-0.05630997504954135
RPL12,her2,-0.0757555703248169
RPL13,her2,-0.0610543503223798
RPL13A,her2,-0.24519600305119887
RPL14,her2,-0.375151084019103
RPL17,her2,-0.23436503572370362
RPL18,her2,-0.11210594753181677
RPL18A,her2,0.29124521243818513
RPL19,her2,0.8532915777305501
RPL21,her2,-0.05302146097399291
RPL22,her2,-0.19563249860750956
RPL22L1,her2,0.13583459559505132
RPL23,her2,0.29529264052973425
RPL23A,her2,0.033767236357352994
RPL24,her2,0.008627856619080918
RPL26,her2,-0.35133268112092964
RPL26L1,her2,0.20279938520766608
RPL27,her2,-0.251461893760925
RPL27A,her2,-0.061916016849845525
RPL28,her2,-0.0640019663679556
RPL3,her2,-0.04382615303289514
RPL30,her2,0.01131814770409621
RPL31,her2,-0.014227319156694718
RPL32,her2,-0.05379793477461241
RPL35,her2,0.2709115204144307
RPL35A,her2,0.14896862385167295
RPL36,her2,-0.060004292951072465
RPL36A,her2,-0.059297605072353224
RPL36AL,her2,0.3213794811762687
RPL37,her2,0.3141982502106226
RPL37A,her2,-0.0011268054457212488
RPL38,her2,0.060184684546412924
RPL39,her2,0.15052947780246734
RPL4,her2,0.05801906065719042
RPL5,her2,-0.07548540649137594
RPL6,her2,0.2587085776575163
RPL7,her2,0.02043263193492624
RPL7A,her2,0.2109563093551629
RPL7L1,her2,0.11538983198618454
RPL8,her2,-0.13347972479866999
RPL9,her2,-0.08691607194039466
RPLP0,her2,0.010975716061049589
RPLP1,her2,-0.33089077944595924
RPLP2,her2,-0.221316934242518
RPN1,her2,0.48539386906866294
RPN2,her2,0.45927063306436555
RPP14,her2,-0.04796868386824645
RPP21,her2,0.26110510308644574
RPP25,her2,0.672418242881241
RPP30,her2,0.2142309008983087
RPP38,her2,-0.0170804374043723
RPP40,her2,0.7143747113584221
RPRD1A,her2,-0.6702120068176873
RPRD1B,her2,-0.18621893247896035
RPRD2,her2,-0.6557125565973304
RPS10,her2,0.22387088915727396
RPS11,her2,-0.0596255803384082
RPS12,her2,0.0891977668416404
RPS13,her2,-0.30261184538097596
RPS14,her2,-0.19398926975073918
RPS15,her2,0.009952359650751134
RPS15A,her2,0.028934481411309054
RPS16,her2,-0.001921794291246684
RPS17,her2,0.05344192715356226
RPS18,her2,-0.13310645512025757
RPS19,her2,0.04041224784957108
RPS19BP1,her2,0.3939312065192974
RPS2,her2,0.07183191516386209
RPS20,her2,0.00160465441036295
RPS21,her2,0.04324158844085822
RPS23,her2,-0.37395589957254854
RPS24,her2,0.2043619583386373
RPS25,her2,-0.02205367029548297
RPS27A,her2,0.0004386590852427758
RPS27L,her2,-0.46832835565115316
RPS28,her2,-0.005312079754995916
RPS29,her2,0.08681685139252027
RPS3,her2,-0.03794204897537131
RPS3A,her2,-0.12033975646806488
RPS4X,her2,-0.08247456384681201
RPS5,her2,-0.06727071932154012
RPS6,her2,-0.06299644635999105
RPS6KA1,her2,0.36629909682602435
RPS6KA3,her2,0.19117543595385147
RPS6KA4,her2,0.2687295028823455
RPS6KA5,her2,0.1262053095945416
RPS6KB1,her2,0.24079751722914486
RPS6KB2,her2,0.8787645860146892
RPS6KC1,her2,-0.14978620465134967
RPS7,her2,0.41246942182887886
RPS8,her2,-0.08732774118136559
RPS9,her2,-0.19375236103608212
RPTOR,her2,-0.2656599659520141
RPUSD2,her2,-0.051329257248833825
RPUSD3,her2,0.013477749655948697
RPUSD4,her2,0.018187508277474163
RRAGA,her2,-0.2145351989489184
RRAGB,her2,-0.833830287066023
RRAGC,her2,0.13608640552424542
RRAGD,her2,0.2621453349559398
RRAS,her2,0.19385171430044357
RRAS2,her2,0.27760718671177875
RRBP1,her2,0.5905371662463905
RREB1,her2,0.25061536967089343
RRM1,her2,0.2507022180724228
RRM2,her2,1.1521137827659973
RRM2B,her2,-0.2907534021894228
RRN3,her2,-0.11342086079311195
RRP1,her2,0.09144148773642473
RRP12,her2,0.07077150511149195
RRP15,her2,-0.25981288006046244
RRP1B,her2,0.2210309519561786
RRP7A,her2,0.43130445797272216
RRP8,her2,-0.21601896358184997
RRP9,her2,-0.1829206229061632
RRS1,her2,-0.03447225798939961
RSAD1,her2,0.1195595037417506
RSAD2,her2,0.30899040069646533
RSBN1,her2,-0.6722888904818012
RSBN1L,her2,-0.7780532280828478
RSF1,her2,0.07912887105234831
RSL1D1,her2,-0.24393793353324
RSL24D1,her2,-0.016639105594884906
RSPH1,her2,-0.24809036064151946
RSPRY1,her2,0.37205551531156517
RSRC1,her2,0.3185634781572263
RSRC2,her2,0.016731338268376326
RSU1,her2,0.14770441310373195
RTEL1,her2,-0.17350048484635391
RTF1,her2,-0.013004896553803711
RTKN,her2,0.058529976911038124
RTN1,her2,-0.6477573315146163
RTN2,her2,-0.2874751603537702
RTN3,her2,0.22258686040009307
RTN4,her2,-0.18808919350235354
RTN4IP1,her2,0.8597351233248749
RTP4,her2,-0.24198773978852858
RTTN,her2,-0.24837895128282172
RUFY1,her2,-0.676603828685129
RUFY2,her2,-0.6112010166760296
RUFY3,her2,-0.07719207373348208
RUNDC1,her2,-0.6404295297302893
RUNX1,her2,-0.39171043595404514
RUNX2,her2,-0.012354993482649469
RUNX3,her2,0.2789979525033375
RUSC1,her2,0.38959372302689377
RUVBL1,her2,-0.028253808383560626
RUVBL2,her2,-0.05752990623495066
RWDD1,her2,0.5783230751715914
RWDD2B,her2,0.05169447051746211
RXRA,her2,0.13745477622367472
RXRB,her2,-0.4330715878256823
RYR2,her2,-0.12420630897489739
RYR3,her2,-0.30758399733396524
S100A1,her2,-0.5625068612680214
S100A10,her2,0.5723100661089038
S100A11,her2,0.7438339874354956
S100A12,her2,0.5033508823866103
S100A13,her2,-0.6342683301317863
S100A14,her2,0.21643585085530023
S100A16,her2,0.6048273976988425
S100A2,her2,-0.12471605603378703
S100A3,her2,0.21213040483575707
S100A4,her2,0.00396136281231674
S100A6,her2,0.18719001821561665
S100A7,her2,0.8731946432881428
S100A8,her2,1.1889066272180233
S100A9,her2,1.1610221191054788
S100B,her2,-0.43710480804674107
S100P,her2,0.5269042128221622
S100PBP,her2,-0.13407525121697786
SAAL1,her2,0.0152894212822583
SAC3D1,her2,0.2573037684811631
SACM1L,her2,-0.5237004065187127
SACS,her2,-0.28769892297858596
SAE1,her2,0.5526478994371457
SAFB,her2,-0.04886188203837323
SAFB2,her2,-0.05359609041107757
SALL2,her2,-0.8415087774018486
SAMD12,her2,-0.02847388813968968
SAMD4A,her2,0.07310119963637586
SAMD4B,her2,-0.1605213451320167
SAMD9,her2,-0.013982518413152074
SAMD9L,her2,0.1218595222463933
SAMHD1,her2,0.17754354908704575
SAMM50,her2,0.8278795526558992
SAMSN1,her2,0.25178826768346835
SAP130,her2,0.5088109917827115
SAP18,her2,0.19810091766675475
SAP30,her2,0.3425853045149393
SAP30BP,her2,0.08560081398131944
SAP30L,her2,-0.3276699809225856
SAR1A,her2,0.47287714050769225
SAR1B,her2,0.5174271815378265
SARDH,her2,-0.026125015676143948
SARNP,her2,0.563512523446521
SARS2,her2,-0.1630127584015625
SART1,her2,0.031584857928217774
SART3,her2,-0.23534036601938496
SASH1,her2,0.29665117870712254
SASH3,her2,0.2711113296298405
SASS6,her2,0.08052024038962499
SAT2,her2,-0.2045117369543213
SAV1,her2,-0.30765163097056036
SBDS,her2,-0.04432002318367134
SBF1,her2,0.3813267576624992
SBF2,her2,-0.21905023260135975
SBNO1,her2,0.2562881646800374
SBNO2,her2,0.011162672112766713
SCAF1,her2,-0.11829121031742358
SCAI,her2,-0.505656189802064
SCAMP2,her2,-0.14588940196124311
SCAMP3,her2,-0.1780026057760073
SCAMP4,her2,-0.10085972295224499
SCAND1,her2,0.1252409832354124
SCAPER,her2,-0.4230180599925575
SCARB1,her2,-1.1883171161103567
SCARB2,her2,0.8352554179322663
SCARF1,her2,-0.04342486092906822
SCARF2,her2,-0.0065349624057433045
SCCPDH,her2,-0.9796915836364047
SCD,her2,0.7373332759411926
SCFD1,her2,0.4437681588720003
SCFD2,her2,0.08661024294527608
SCG2,her2,-0.1836518198781852
SCGB1D2,her2,-0.03869744447838429
SCGB2A2,her2,0.24257789578522088
SCGN,her2,0.5759051190065847
SCHIP1,her2,-0.25966922618461113
SCIN,her2,0.1701500035211289
SCLT1,her2,0.12499455211869084
SCLY,her2,-0.20777963170733432
SCMH1,her2,-0.08550801576621654
SCML2,her2,-0.2841126969763224
SCN7A,her2,-0.33857559077522026
SCNM1,her2,0.19417029799581614
SCO1,her2,-0.26601482957093797
SCO2,her2,0.41438913399320537
SCOC,her2,0.28028769824774424
SCP2,her2,0.48235363874142945
SCPEP1,her2,0.7083994072441816
SCRIB,her2,-0.46373055765772064
SCRN1,her2,0.2433142309867923
SCRN2,her2,-0.4348810980529346
SCRN3,her2,0.06638357793305294
SCUBE2,her2,-0.8921640391391678
SCUBE3,her2,-0.06071254373252939
SCYL1,her2,0.3431282878872419
SCYL2,her2,0.4532973278590224
SCYL3,her2,0.13384412144345906
SDAD1,her2,0.23952490733033022
SDC1,her2,1.027308975051374
SDC2,her2,-0.49065646404348073
SDC4,her2,-0.3406513257072014
SDCBP,her2,0.28589550315387063
SDCBP2,her2,0.7678550580904057
SDCCAG8,her2,-0.5888758702116952
SDF2,her2,0.2238542890207138
SDF2L1,her2,0.2476835177881014
SDF4,her2,0.05909137290546657
SDHA,her2,0.7995061512386322
SDHAF1,her2,-0.14900694684862234
SDHAF2,her2,0.1479178394463112
SDHB,her2,0.25926734508539484
SDHC,her2,0.21472513586071199
SDR16C5,her2,0.6531509636087154
SDR39U1,her2,-0.16236032512121745
SDS,her2,0.26208356903640584
SDSL,her2,0.18430327496339788
SEC11A,her2,0.0007937169787309234
SEC11C,her2,0.234196314053086
SEC13,her2,0.7116700481603146
SEC14L1,her2,0.215239633088505
SEC14L2,her2,-0.7440350353168416
SEC16A,her2,0.8707010235801674
SEC22A,her2,0.16331126466612897
SEC23A,her2,0.2193791930736307
SEC23B,her2,0.32996730938616475
SEC23IP,her2,0.26911284891297105
SEC24A,her2,0.5113548371328456
SEC24B,her2,-0.4156863979722021
SEC24C,her2,0.5186528236533243
SEC24D,her2,0.20906141044691143
SEC31A,her2,0.15929346275453285
SEC61A1,her2,0.5825110886759507
SEC61B,her2,0.7198542733678032
SEC62,her2,0.17572663702537641
SEC63,her2,0.9111521804951399
SECISBP2,her2,-0.28266775108748277
SECISBP2L,her2,0.20307010091446895
SEH1L,her2,-0.449078246415363
SEL1L,her2,-0.09726147689710275
SELENBP1,her2,0.08046107580056677
SELL,her2,0.09135129002458191
SELP,her2,-0.2732014119359092
SEMA3C,her2,-0.08591455990527311
SEMA3F,her2,-0.37312066666872384
SEMA4A,her2,-0.09326637991897338
SEMA4B,her2,0.2029107292241177
SEMA4C,her2,0.10577447371084339
SEMA4D,her2,0.022114876625366875
SEMA7A,her2,0.44424605788895744
SENP1,her2,-0.28875563148069266
SENP2,her2,-0.4170077256092166
SENP6,her2,-0.3416438575522498
SENP7,her2,-0.5156482608927332
SENP8,her2,0.06430280291778391
SEPHS1,her2,0.323391396126725
SEPHS2,her2,0.7068394370281382
SEPSECS,her2,-0.9029702063749389
SERAC1,her2,-0.19672559023331304
SERBP1,her2,0.23922323094104234
SERF2,her2,0.5630293258014941
SERGEF,her2,-0.3853314932696502
SERINC1,her2,0.1881704265409261
SERINC3,her2,-0.32459872256212413
SERPINA1,her2,-0.19303637197761275
SERPINA10,her2,-0.5785444543250634
SERPINA3,her2,-1.6854769924748583
SERPINA4,her2,-0.7565207556516773
SERPINA5,her2,-0.8939335061411923
SERPINA6,her2,-0.9009776879044086
SERPINA7,her2,0.3834799573460458
SERPINB1,her2,-0.31023517278899143
SERPINB10,her2,-0.2247232035367466
SERPINB5,her2,-0.33412482679501254
SERPINB6,her2,-0.1950720398000745
SERPINB7,her2,-0.3646061766428934
SERPINB8,her2,-0.020688323446162643
SERPINB9,her2,-0.06441844626768004
SERPINC1,her2,-0.19559470485598898
SERPIND1,her2,0.7864682508996014
SERPINE1,her2,0.015244726130037465
SERPINE2,her2,-0.05947563593015576
SERPINF1,her2,0.2315765316203869
SERPINF2,her2,-0.4421929553607077
SERPING1,her2,0.20225853341528358
SERPINH1,her2,0.3595813567370668
SERPINI1,her2,-0.32781564731505825
SESN1,her2,0.09872249811293783
SESN3,her2,-0.19979199311050716
SESTD1,her2,-0.6457431911493171
SET,her2,0.603549585509835
SETD1A,her2,-0.34133174934164634
SETD1B,her2,-0.10975175579994702
SETD2,her2,-0.35184614555442517
SETD3,her2,0.4977699414634082
SETD5,her2,0.20983209311757242
SETD6,her2,0.46050985785669796
SETD7,her2,0.45826742167620643
SETDB1,her2,-0.18771174631017065
SETMAR,her2,0.4393842579265453
SETX,her2,0.1967633507062519
SEZ6L2,her2,-0.13636566014424725
SF1,her2,-0.3035159217500183
SF3A1,her2,-0.042947085901606015
SF3A2,her2,-0.023692813317645875
SF3A3,her2,0.1986870130506112
SF3B1,her2,-0.12191827320650594
SF3B2,her2,0.1619392053463457
SF3B3,her2,0.5155621237464013
SF3B4,her2,0.054586746226229846
SF3B5,her2,0.3907596712931362
SFMBT1,her2,-0.5526791621046249
SFN,her2,-0.0657941173640755
SFPQ,her2,0.23416495962426853
SFRP1,her2,-0.4390876489506932
SFRP2,her2,0.020618020223934323
SFRP4,her2,-0.006730171704887855
SFT2D3,her2,-0.06316952306506632
SFXN1,her2,-0.07045614246721622
SFXN2,her2,-0.5552407766545403
SFXN3,her2,-0.12809141345867361
SFXN4,her2,0.1711528770708799
SFXN5,her2,-0.5144413743865834
SGCB,her2,-0.776926077658464
SGCD,her2,-0.14321854333024592
SGCE,her2,-0.3670802825527277
SGK3,her2,-1.2270125408944157
SGPL1,her2,0.3133378901069874
SGSH,her2,-0.3139711061035234
SGSM2,her2,-0.71391443106173
SGSM3,her2,0.9069877805410487
SGTA,her2,0.2269358277479486
SGTB,her2,-0.11391453701930819
SH2B1,her2,-0.713096986888553
SH2D1A,her2,0.32964897992272607
SH2D2A,her2,0.1875771435510694
SH2D3A,her2,-0.2033583937115763
SH2D3C,her2,0.0053983811664982005
SH2D4A,her2,0.49591670063553994
SH3BGR,her2,-0.8106510453450619
SH3BGRL,her2,-0.23903756067626247
SH3BGRL2,her2,-0.18702048209857028
SH3BGRL3,her2,0.5095561660739366
SH3BP1,her2,0.21564016971130026
SH3BP2,her2,-0.22875530353324924
SH3BP4,her2,0.7398280958925865
SH3BP5,her2,-0.5659668351669932
SH3BP5L,her2,0.08699354829485226
SH3D19,her2,-0.32728335862839675
SH3GL1,her2,0.3660452899912754
SH3GLB1,her2,0.20592026982739256
SH3GLB2,her2,-0.3674170399362648
SH3KBP1,her2,-0.17237813208961564
SH3PXD2A,her2,-0.11232447011717907
SH3PXD2B,her2,0.08768978749195801
SH3RF1,her2,-0.2591344966707269
SH3TC1,her2,0.11377288977275164
SH3YL1,her2,0.037425495726816416
SHARPIN,her2,-0.14391865249690125
SHB,her2,0.6196975093586781
SHBG,her2,0.3544565357598969
SHC1,her2,-0.10637427991073181
SHCBP1,her2,0.8843708710382926
SHISA5,her2,0.25845007545426246
SHKBP1,her2,0.07251452680111777
SHMT1,her2,-0.27002811450374886
SHMT2,her2,1.0104871016154977
SHOC2,her2,-0.3367832369731584
SHPK,her2,-0.3583143066944546
SHPRH,her2,-0.18505974308996948
SHROOM1,her2,-0.06936930035859211
SHROOM2,her2,-0.21424499605681596
SHROOM3,her2,-0.20473790228170693
SHROOM4,her2,-0.22440356247172083
SIAE,her2,-0.20149368468613765
SIAH1,her2,0.3305967309607238
SIAH2,her2,-1.324287359488149
SIDT2,her2,-0.30242885794138424
SIGIRR,her2,-0.48248581764505044
SIGLEC1,her2,0.1961862816247108
SIK2,her2,0.11093887989646202
SIK3,her2,-0.749464592815362
SIKE1,her2,0.04894502075720742
SIL1,her2,-0.011717298000720529
SIN3A,her2,-0.6290371656576349
SIN3B,her2,-0.5005028734667827
SIPA1,her2,-0.11377430586949987
SIPA1L1,her2,0.0445850395909163
SIPA1L2,her2,-0.1546829913733113
SIPA1L3,her2,0.049996840763089266
SIRPA,her2,0.07793721042199099
SIRT1,her2,-0.2341537834118452
SIRT2,her2,0.08735770619704353
SIRT3,her2,-0.49647962417114283
SIRT5,her2,-0.1411352545099663
SIRT6,her2,0.111541180728549
SIRT7,her2,-0.09183629135557865
SIVA1,her2,0.2804059458511017
SIX1,her2,0.24034827793009633
SIX4,her2,-0.20635450628424587
SIX5,her2,-0.18521353049422373
SKA1,her2,0.3852345260789188
SKA3,her2,0.7234629826788554
SKAP1,her2,-0.7350006894464333
SKAP2,her2,0.07951338211926043
SKIL,her2,-0.11655990734767874
SKP1,her2,-0.3824325852636289
SLAIN2,her2,0.1438483800470977
SLBP,her2,-0.01523155107241975
SLC11A2,her2,-0.26080152841073073
SLC12A2,her2,0.22157685383964693
SLC12A4,her2,-0.10176192522757721
SLC12A6,her2,-0.08226346260817262
SLC12A7,her2,-0.2925499525461648
SLC12A8,her2,0.4947665084109979
SLC12A9,her2,-0.05606956900072731
SLC16A1,her2,-0.13535051409899115
SLC16A3,her2,0.40142428787567597
SLC17A5,her2,0.06952155154759604
SLC1A1,her2,0.027280572497942777
SLC1A4,her2,0.24194688978873122
SLC1A5,her2,0.24684650716688156
SLC20A2,her2,-0.18521408406743756
SLC25A1,her2,0.9928992011832248
SLC25A10,her2,0.3102203259953116
SLC25A11,her2,-0.10219695773872506
SLC25A12,her2,-0.6602371617863062
SLC25A13,her2,0.6215946532175808
SLC25A15,her2,-0.27705151819894763
SLC25A16,her2,0.3042520953051546
SLC25A17,her2,0.5144624808118746
SLC25A18,her2,1.443066654271562
SLC25A19,her2,0.3279334991680028
SLC25A20,her2,-0.4422642422905502
SLC25A22,her2,-0.12585941436062179
SLC25A24,her2,-0.7667570490869957
SLC25A25,her2,-0.3534366505103835
SLC25A29,her2,0.10351424437745882
SLC25A3,her2,0.31029864146029584
SLC25A35,her2,-0.7520907227193403
SLC25A36,her2,-0.35111313953526746
SLC25A4,her2,0.3304995664792998
SLC25A40,her2,-0.2612406638581151
SLC25A46,her2,0.057637626485169804
SLC25A5,her2,1.071247706758146
SLC27A1,her2,-0.7430566352168886
SLC27A2,her2,-0.30625998580140146
SLC27A3,her2,-0.034702522078798675
SLC27A4,her2,0.23507613439589664
SLC2A1,her2,0.16700218036415873
SLC2A10,her2,0.5903726731425818
SLC2A3,her2,0.21472359546694036
SLC30A1,her2,-0.5861581226802317
SLC30A5,her2,-0.060981683357314506
SLC30A6,her2,0.2904262716146836
SLC30A9,her2,-0.5433850575438804
SLC33A1,her2,0.22854785899475044
SLC34A2,her2,-0.03753684927380213
SLC35A2,her2,0.8428635221384289
SLC35B2,her2,0.284387485691455
SLC35B3,her2,0.30608092078883625
SLC35E1,her2,-0.13410605681098936
SLC38A1,her2,0.17825628032134924
SLC38A10,her2,-0.16620425387672694
SLC39A10,her2,-0.4667966899740989
SLC39A11,her2,0.3564158254819011
SLC39A14,her2,-0.3229764893948659
SLC39A6,her2,-1.1106613548193276
SLC39A7,her2,0.6746789442993958
SLC3A2,her2,0.2536652880885627
SLC44A1,her2,-0.6002637002067563
SLC44A2,her2,0.027185221779010206
SLC44A4,her2,0.10587735357340658
SLC4A1,her2,0.10407233056019413
SLC4A1AP,her2,0.31664115302403967
SLC4A2,her2,-0.18073661264307792
SLC4A7,her2,-0.7360112553635432
SLC5A6,her2,0.5861834795458307
SLC7A1,her2,0.15170951468365212
SLC7A2,her2,-0.515540557623821
SLC7A5,her2,0.4861117944561634
SLC7A6OS,her2,0.1298667208045056
SLC9A1,her2,0.43428016985768975
SLC9A7,her2,0.36600201095961027
SLC9A9,her2,-0.0070105806509294915
SLCO2A1,her2,0.4604203371332608
SLFN11,her2,0.3838291515902484
SLFN5,her2,0.3478855796008068
SLIT2,her2,-0.13886532299653465
SLIT3,her2,-0.025682302162512674
SLITRK6,her2,-0.6315087464367664
SLK,her2,0.13677035428199422
SLMAP,her2,-0.39949190161752435
SLPI,her2,0.6143121803776019
SLTM,her2,-0.015153270661109641
SLU7,her2,-0.3588204282329029
SMAD1,her2,0.23133216494279868
SMAD2,her2,-0.43107404541690253
SMAD3,her2,-0.6658398871562251
SMAD4,her2,-1.1288780476818483
SMAP1,her2,0.3885087889804859
SMAP2,her2,0.2544764953793045
SMARCA1,her2,-0.16395706192413875
SMARCA2,her2,-0.3069819902972735
SMARCA4,her2,0.28730390234412845
SMARCA5,her2,0.3533038155367981
SMARCAD1,her2,-0.26099415649611246
SMARCAL1,her2,0.015798537404688725
SMARCB1,her2,0.6851697299187425
SMARCC1,her2,0.12451947862838847
SMARCC2,her2,-0.5508698432417101
SMARCD1,her2,-0.15720308389421084
SMARCD2,her2,0.5441236181526284
SMARCD3,her2,-0.8969647336510213
SMARCE1,her2,-0.1391211683099944
SMC1A,her2,0.4899812230933976
SMC2,her2,0.42490826887985456
SMC3,her2,-0.10547795969044273
SMC4,her2,0.2899321309886697
SMC5,her2,-0.2501127804791665
SMC6,her2,0.42044481733502564
SMCHD1,her2,-0.3240059327864003
SMCR8,her2,-0.2034252466964584
SMG1,her2,-0.1416246982411666
SMG5,her2,-0.2934565174987556
SMG6,her2,-0.38491959905044376
SMG7,her2,-0.13119880304019052
SMNDC1,her2,0.337289281236971
SMOC1,her2,0.19135161306313778
SMOC2,her2,-0.48456547056540594
SMPD1,her2,0.31377798713145716
SMPD2,her2,0.6429282918004896
SMPD4,her2,-0.10194583362964955
SMPDL3A,her2,0.9284510001840395
SMPDL3B,her2,-0.2323838365225665
SMS,her2,0.12691067768811307
SMTN,her2,0.4251269782428904
SMU1,her2,-0.08024556961645282
SMUG1,her2,0.2392531881985391
SMURF2,her2,0.13834283368101177
SMYD2,her2,0.11418911837313457
SMYD3,her2,0.17455477261634886
SMYD4,her2,-0.5164361666184621
SMYD5,her2,0.026653861635320235
SNAP23,her2,0.24153259009487088
SNAP29,her2,0.22911477336130728
SNAP47,her2,-0.30682974684700814
SNAPC3,her2,-0.43642572899653864
SNAPC4,her2,-0.02513222278661683
SNAPC5,her2,0.1610217113360351
SNAPIN,her2,-0.07657055035706346
SNCA,her2,-0.2737507686271704
SNCG,her2,-0.01520950596077522
SND1,her2,0.15939155000725166
SNED1,her2,0.15238940511236318
SNF8,her2,0.9545987659502383
SNIP1,her2,-0.32718424378854144
SNRK,her2,-0.4025968257559787
SNRNP200,her2,0.5936511992613249
SNRNP25,her2,0.04585701480848112
SNRNP27,her2,0.29565665411830244
SNRNP35,her2,0.026778585676587408
SNRNP40,her2,-0.2690184562929743
SNRNP48,her2,-0.10473605138124449
SNRNP70,her2,-0.29886866780542437
SNRPA,her2,0.08496592361977925
SNRPA1,her2,0.37986125878417526
SNRPB2,her2,0.388985023793012
SNRPC,her2,0.3084519411555943
SNRPD1,her2,0.02111326994215917
SNRPD2,her2,0.18001948767327175
SNRPD3,her2,0.8062206366664143
SNRPE,her2,0.2625328769627077
SNRPF,her2,0.41538501167414144
SNRPG,her2,0.8099417396408907
SNRPN,her2,-0.05979102118819605
SNTA1,her2,0.10675025683553864
SNTB1,her2,0.1317539690674256
SNTB2,her2,0.4816454912247078
SNUPN,her2,-0.6325441671010725
SNW1,her2,0.09956116746503782
SNX1,her2,-0.7172708288508843
SNX10,her2,-0.36189270626048964
SNX11,her2,0.09879698106335738
SNX12,her2,0.015730151786810604
SNX13,her2,-0.1750000707463182
SNX14,her2,0.3164257294556973
SNX15,her2,-0.4981460386512411
SNX16,her2,-0.34239187840695867
SNX17,her2,0.16081677245594775
SNX18,her2,0.10441111836026963
SNX2,her2,-0.44669681369160563
SNX20,her2,0.311094113841361
SNX21,her2,-0.05357573063201266
SNX24,her2,-0.8849013358021147
SNX27,her2,-0.4632818998594571
SNX29,her2,0.21637534476520268
SNX3,her2,1.0003357103629913
SNX30,her2,0.02903647579780675
SNX33,her2,-0.48122209383565706
SNX4,her2,-0.07861311943035788
SNX5,her2,0.23581577835357959
SNX6,her2,0.21607889320051885
SNX7,her2,-0.3623857873983416
SNX8,her2,0.15169456197856454
SNX9,her2,-0.1040442022493462
SOAT1,her2,0.10159167932394912
SOCS6,her2,-0.2664262007181335
SOD1,her2,0.5596816117977917
SOD2,her2,0.0742389864499474
SOD3,her2,0.2757351499092539
SON,her2,0.15052459588178982
SORBS1,her2,-0.6190317069405623
SORBS2,her2,-0.29360894072112764
SORBS3,her2,-0.7722916841719598
SORCS2,her2,-0.20410439081665716
SORD,her2,0.004458298150794078
SORL1,her2,0.03846068685793914
SORT1,her2,0.08646574769303561
SOS1,her2,0.17262479257001914
SOS2,her2,0.061122332081445456
SOX10,her2,-0.6848186289149344
SOX13,her2,0.26901658711636395
SOX4,her2,0.21972879660889025
SOX9,her2,0.2061450928544372
SP1,her2,-0.23697430807907777
SP100,her2,-0.14317879200959532
SP110,her2,0.3888184359626099
SP140,her2,0.3864845925486608
SP140L,her2,0.14553540017595454
SP2,her2,-0.42660805061779933
SP3,her2,-0.23321483367568716
SP4,her2,-0.3172293043524155
SP6,her2,1.0529978187734266
SPA17,her2,-0.08465914198962467
SPAG1,her2,0.11201692911829898
SPAG5,her2,0.6781396696038756
SPAG7,her2,-0.2049065879248247
SPAG9,her2,0.2485782678103431
SPARC,her2,0.10555012767296708
SPARCL1,her2,-0.335125056883247
SPAST,her2,-0.04958481020455558
SPATA13,her2,-0.039765840337136406
SPATA18,her2,-0.6473720332377356
SPATA2,her2,0.003552901422663695
SPATA20,her2,0.10872545329142913
SPATS2,her2,0.5610043186332856
SPATS2L,her2,0.37998056335699426
SPC24,her2,0.39356935867162196
SPC25,her2,0.4484264984999091
SPCS1,her2,-0.2750814650635055
SPCS2,her2,0.05145538916188958
SPCS3,her2,0.13865686906257937
SPDEF,her2,0.5735346684990572
SPEF2,her2,-0.7797075312407896
SPEG,her2,-0.5207311833758403
SPEN,her2,-0.061069185082428076
SPG11,her2,-0.18492035984511
SPG21,her2,0.31407725649249263
SPG7,her2,-0.041781808659605124
SPHK1,her2,0.1344378143094795
SPHK2,her2,-0.4647704742961693
SPI1,her2,0.183157013102844
SPIN1,her2,-0.6802508913613088
SPINT1,her2,0.3494853841303028
SPINT2,her2,0.5180772341818941
SPIRE1,her2,-0.524048382156066
SPN,her2,0.2422153968910655
SPNS1,her2,0.00720467111714128
SPOCK2,her2,0.3000086732027193
SPOP,her2,-0.0735625093376858
SPP1,her2,0.01553390991141529
SPP2,her2,0.49982728373606233
SPPL2A,her2,0.4982023675770195
SPR,her2,-0.44164563521318506
SPRYD3,her2,-0.26150389725646767
SPRYD4,her2,0.581886537267447
SPTA1,her2,0.20677196007049778
SPTAN1,her2,-0.3924781421439778
SPTB,her2,0.3168077344844571
SPTBN1,her2,-0.20995040135777798
SPTBN2,her2,0.5255966161791551
SPTBN4,her2,-0.8145696653044112
SPTBN5,her2,-0.6851388756548329
SPTLC1,her2,-0.15823446993639087
SPTLC2,her2,0.692817588010827
SPTY2D1,her2,-0.07305907474545581
SQLE,her2,0.48026980665509866
SQSTM1,her2,0.23695554229192153
SRA1,her2,0.17984537415187937
SRBD1,her2,0.5940906539402818
SRC,her2,-0.27642437027242855
SRCAP,her2,-0.18733603050420172
SRCIN1,her2,0.26033098161277135
SRD5A3,her2,1.221662191319852
SREBF1,her2,0.11150269933571808
SRF,her2,-0.10728185146467412
SRFBP1,her2,-0.09968261930806799
SRGAP1,her2,-0.10175348125228909
SRGAP3,her2,-0.45405023761533736
SRGN,her2,0.13358160396764143
SRI,her2,-0.6056736988323914
SRM,her2,0.5670520773234854
SRP14,her2,0.08532945914917964
SRP19,her2,0.5252242413061768
SRP54,her2,0.567750584292101
SRP68,her2,0.12154754334839103
SRP72,her2,0.27522210989181645
SRP9,her2,0.20125555955061047
SRPK1,her2,0.4356784537203607
SRPK2,her2,-0.5540950052136672
SRPRB,her2,0.4781997899956192
SRPX,her2,-0.03430154301011396
SRPX2,her2,0.20021847268787962
SRR,her2,-0.22533296393906752
SRRM1,her2,0.12257438055589047
SRRM2,her2,-0.5093838998442805
SRRT,her2,0.10373570656584127
SRXN1,her2,0.5573560622449885
SS18,her2,-0.7900511109883973
SS18L1,her2,0.14869088493868796
SS18L2,her2,-0.03833072196101103
SSB,her2,-0.028229683704940958
SSBP1,her2,0.17945497170533642
SSBP2,her2,-0.12809050550186757
SSBP3,her2,0.0392459199585296
SSBP4,her2,-0.39218110470299944
SSC5D,her2,0.05642095266678321
SSH1,her2,0.06659423227040465
SSH2,her2,0.5335760175983517
SSH3,her2,-0.30823260361957
SSNA1,her2,0.32260948837596426
SSR1,her2,0.34826843370832494
SSR2,her2,0.04201767163721295
SSR3,her2,0.12329047134546403
SSR4,her2,0.606886728001741
SSRP1,her2,0.020720316773185324
SSU72,her2,0.26925755300514287
SSX2IP,her2,-0.19967049462698216
ST13,her2,0.4742375687967914
ST14,her2,0.72491307908106
ST3GAL1,her2,-0.1377077169313659
ST3GAL4,her2,0.014960938611836982
ST6GAL1,her2,0.9235526987623599
STAB1,her2,-0.2816951195150222
STAC2,her2,0.32218858818429275
STAG1,her2,-0.33614705197497147
STAG2,her2,-0.3938381958593094
STAM,her2,-0.23933903388581126
STAM2,her2,-0.02987367269021848
STAMBP,her2,0.49127585717347594
STAMBPL1,her2,0.21962801821625416
STAP2,her2,-0.06887020574335868
STARD10,her2,0.03578842130352108
STARD13,her2,-0.6998364603043358
STARD3,her2,2.2466482141331694
STARD5,her2,0.05396933034393509
STARD7,her2,0.1341747088985586
STAT1,her2,0.44809553538397584
STAT2,her2,0.29037338699692455
STAT3,her2,-0.6602496116308767
STAT4,her2,0.36451637348816474
STAT5A,her2,-0.697418543780375
STAT5B,her2,-0.9188011345392076
STAT6,her2,-0.8151478401973514
STAU1,her2,0.2806042506428964
STAU2,her2,-0.42043738367323075
STBD1,her2,0.09509155328163664
STC1,her2,-0.09708506144662497
STC2,her2,-1.2253691555540307
STEAP2,her2,-0.49274819443622797
STEAP3,her2,0.31675475096846856
STEAP4,her2,0.10400841417285606
STIM1,her2,-0.3369945146431959
STIM2,her2,-0.07782513262491335
STIP1,her2,0.6332863474754408
STK10,her2,0.30820710540698304
STK11,her2,-0.37830729237672217
STK11IP,her2,-0.048209834579104285
STK16,her2,-0.13809509307610693
STK17A,her2,0.47237397359742
STK17B,her2,0.6038160181984924
STK24,her2,-0.24417310564759664
STK25,her2,-0.09257324477378065
STK3,her2,0.06347254310728967
STK32C,her2,-0.15037247299558887
STK35,her2,0.3519667471580671
STK38,her2,0.16527136143097018
STK38L,her2,0.41085211558729395
STK39,her2,-0.4891496157468209
STK4,her2,0.0822727849883781
STMN1,her2,0.4167489631459149
STMN3,her2,-0.44584310068328586
STOM,her2,0.06488004053706524
STOML2,her2,0.07167553893182321
STON1,her2,0.059459267379643556
STON2,her2,-0.2657246996415023
STRADA,her2,0.0775293473819363
STRAP,her2,0.18180093042940612
STRBP,her2,-0.2741959036785435
STRN,her2,0.07401495386897132
STRN3,her2,0.2698511988454246
STRN4,her2,-0.13251922104399977
STT3A,her2,0.5887097973804549
STT3B,her2,0.46546531991676465
STUB1,her2,0.013666959489148818
STX10,her2,-0.06857992508907883
STX11,her2,-0.04745865730388006
STX12,her2,-0.28567467128518914
STX16,her2,-0.002699489996442137
STX17,her2,0.11442950831724757
STX18,her2,-0.49263348211004043
STX3,her2,0.665449458831753
STX4,her2,-0.04508127614182059
STX5,her2,0.08857738378429093
STX6,her2,0.37949971270681615
STX7,her2,0.44404295067589933
STX8,her2,-0.23696402063475105
STXBP1,her2,-0.06941393991247372
STXBP2,her2,-0.5724414081268371
STXBP3,her2,-0.7513035233145191
STXBP4,her2,-0.1881260757765955
STXBP5,her2,0.3893035053261853
STYX,her2,0.5278355907238309
SUB1,her2,-0.4041520309704708
SUCLA2,her2,-0.09197086173609773
SUCLG1,her2,0.9324547894157292
SUCLG2,her2,-0.03197192177870813
SUDS3,her2,-0.4856350129451501
SUFU,her2,0.18306814436135543
SUGT1,her2,0.035684209454025916
SULF1,her2,0.4007143521690124
SULF2,her2,-0.4550363967954896
SULT1A1,her2,0.008864016256449106
SULT1C2,her2,0.6048130047059864
SULT2B1,her2,0.444541748175243
SUMF1,her2,-0.2975174093072455
SUMF2,her2,-0.24183570804880328
SUMO1,her2,0.3337684022032373
SUMO3,her2,0.5489470100990047
SUN1,her2,-0.4002694699341912
SUN2,her2,0.2245398761091866
SUOX,her2,-0.07491705535811505
SUPT16H,her2,0.1919233133299594
SUPT3H,her2,-0.9695344526231502
SUPT4H1,her2,0.14124836985105407
SUPT5H,her2,0.27741331395098545
SUPT6H,her2,0.16111896291077696
SUPT7L,her2,-0.27972786215584583
SUPV3L1,her2,0.290833612367548
SURF1,her2,-0.03549140574577625
SURF2,her2,0.3537797054751301
SURF4,her2,0.9552325425822866
SURF6,her2,0.42719813211214996
SUSD2,her2,1.3099412978279152
SUV39H2,her2,0.45116317272556433
SUZ12,her2,-0.35411960882420396
SVEP1,her2,-0.1396147950902009
SVIL,her2,-0.35605010901275413
SVIP,her2,-0.5761655825206605
SWAP70,her2,0.2759153418747575
SYAP1,her2,0.19796479420887594
SYBU,her2,-0.6435681744541581
SYDE1,her2,0.16478386675766135
SYDE2,her2,-0.33173866326372814
SYF2,her2,-0.38666422862015104
SYK,her2,0.245831686858596
SYMPK,her2,-0.03251807110749376
SYNC,her2,-0.025321203362523016
SYNCRIP,her2,0.41934234507775
SYNE1,her2,-0.21437628088795083
SYNE2,her2,0.2839316704926784
SYNGR1,her2,-0.30945450865162827
SYNGR2,her2,0.3433849801563453
SYNJ1,her2,0.11131753417139402
SYNJ2,her2,-0.5575251963671941
SYNPO,her2,-0.17129126153509475
SYNPO2,her2,-0.39442202442035146
SYNRG,her2,-0.21606768086636138
SYPL1,her2,-0.13159129855503593
SYT1,her2,-0.7536330842277943
SYT17,her2,0.16138959987215468
SYT7,her2,-0.5532973244761625
SYTL1,her2,-0.39235694819048283
SYTL2,her2,-0.028556476164648487
SYTL3,her2,0.6635117551269931
SYTL4,her2,-0.7473929202333519
SYTL5,her2,-0.037672075922837396
SYVN1,her2,0.10421651724380551
TAB1,her2,-0.017987317742787782
TAB2,her2,0.2746067235642809
TAB3,her2,-0.02129687946995362
TACC1,her2,0.18576512619502136
TACC2,her2,0.2993311848245748
TACC3,her2,0.26366802619000085
TACO1,her2,0.3205545502511668
TACSTD2,her2,-0.15635830617466845
TADA1,her2,-0.16144243167399358
TADA2B,her2,-0.5662505669591036
TADA3,her2,0.020181568494596118
TAF1,her2,-0.25414695217568184
TAF10,her2,0.20465546312933938
TAF11,her2,0.49672082957686997
TAF12,her2,0.17246840851446113
TAF13,her2,0.5425038966950892
TAF15,her2,-0.22278807500712922
TAF2,her2,0.00621224788874416
TAF3,her2,-0.2741196673566998
TAF4,her2,0.22548833690917786
TAF5,her2,0.3137616175431365
TAF5L,her2,0.06930888851221245
TAF6,her2,-0.03606598053631484
TAF6L,her2,-0.21316398104911463
TAF7,her2,0.05542234993951356
TAF8,her2,-0.3146859383879579
TAF9,her2,-0.2192212897786512
TAF9B,her2,-0.26005120126287995
TAGLN,her2,-0.006066826828456557
TAGLN2,her2,0.5833814428576866
TALDO1,her2,0.600917629630703
TANC1,her2,0.22306050713552786
TANC2,her2,0.23608320347556336
TANK,her2,-0.191514789326914
TAOK1,her2,0.262413536569275
TAOK2,her2,-0.09382076304312799
TAOK3,her2,-0.28325364654429447
TAP1,her2,0.3940448172284848
TAP2,her2,0.22183301407715103
TAPBP,her2,-0.21203030709305568
TAPBPL,her2,-0.31076716726756703
TAPT1,her2,-0.5398861877446309
TARBP1,her2,-0.9912331572257967
TARBP2,her2,0.36876927905109536
TARDBP,her2,0.3659315868487365
TARS2,her2,-0.1944923623588442
TASP1,her2,-0.45071033927271514
TATDN1,her2,-0.03897366723603956
TATDN2,her2,-0.2776666851519793
TATDN3,her2,-0.5365265169027719
TAX1BP1,her2,0.2517091089145029
TAX1BP3,her2,0.4052131143812786
TBC1D1,her2,-0.10487699421316685
TBC1D10A,her2,0.2431100547063434
TBC1D10B,her2,0.031991257183711375
TBC1D10C,her2,0.22297615166707047
TBC1D12,her2,-0.3781284422393711
TBC1D13,her2,-0.14819283503476202
TBC1D15,her2,-0.4035062310120989
TBC1D16,her2,0.04245151317884199
TBC1D17,her2,-0.5080775093987897
TBC1D2,her2,0.29007378601300965
TBC1D20,her2,0.08239250105705972
TBC1D22A,her2,0.07617708165188139
TBC1D22B,her2,0.1626619484049433
TBC1D23,her2,-0.05717372698573228
TBC1D24,her2,0.8566582026260421
TBC1D25,her2,-0.5486140516591198
TBC1D2B,her2,0.06702681948618475
TBC1D4,her2,-0.17419028971412887
TBC1D5,her2,-0.5459125898858781
TBC1D7,her2,0.6227478521877696
TBC1D8,her2,0.30806450091558113
TBC1D8B,her2,0.012350688037988703
TBC1D9,her2,-0.6643950502027219
TBC1D9B,her2,-0.043740220128666255
TBCA,her2,-0.016521579705469476
TBCB,her2,-0.6118747529396654
TBCC,her2,0.10441938700100911
TBCD,her2,-0.06550180276355193
TBCE,her2,0.13806527899521492
TBCEL,her2,0.0499518277932898
TBCK,her2,-0.4620482755714856
TBK1,her2,-0.011295853400985826
TBL1X,her2,-0.2743483847061919
TBL1XR1,her2,-0.0710873862320403
TBL2,her2,0.315415622940302
TBL3,her2,-0.2783043062062807
TBP,her2,-0.1174389954727021
TBPL1,her2,0.4796103907838809
TBX3,her2,-0.38781860627962644
TBXAS1,her2,-0.00950026495107696
TC2N,her2,0.6971034922934607
TCEA1,her2,-0.3714719021667565
TCEA2,her2,-0.43818917291631404
TCEA3,her2,-0.44340022135675583
TCEAL1,her2,-0.4879083969007813
TCEAL3,her2,-0.34173293132668353
TCEAL4,her2,-0.44561195552871596
TCERG1,her2,-0.05966084235030242
TCF12,her2,-0.23506480062192636
TCF20,her2,0.22426508680116974
TCF25,her2,0.25681132608889135
TCF3,her2,0.5438396917459967
TCF4,her2,-0.048124486586482704
TCF7L2,her2,0.13126904530412398
TCHP,her2,-0.19390634513198296
TCIRG1,her2,-0.10266524552336218
TCL1A,her2,0.2766128783268712
TCN1,her2,-0.21822077415662022
TCOF1,her2,0.21221699929755003
TCP1,her2,0.6043567066084095
TCP11L1,her2,0.016939918616461762
TCP11L2,her2,-0.4012776182073097
TCTN1,her2,-0.5767652632519091
TDG,her2,0.532717383909005
TDP1,her2,0.4279001135013388
TDP2,her2,0.22885775402757597
TDRD3,her2,-0.2962415432091575
TDRD7,her2,-0.5447408323369115
TDRKH,her2,0.09457232898385946
TEAD1,her2,-0.6502533874097493
TEAD3,her2,0.4301237061604298
TECPR1,her2,-0.07198448515635146
TECPR2,her2,-0.24263059282985072
TECR,her2,-0.44675171150530435
TELO2,her2,-0.21871353631030616
TEP1,her2,0.6665419647143807
TERF2,her2,0.24831308422841847
TERF2IP,her2,-0.19341124591840697
TES,her2,0.6334218180565975
TESK1,her2,0.42924570278787927
TESK2,her2,-0.2274925579279884
TEX10,her2,0.2529412936339378
TEX2,her2,0.36034441322893584
TEX264,her2,-0.32473858959744983
TF,her2,-0.43694048266820207
TFAM,her2,0.3851202207902805
TFAP2A,her2,-0.009001974394914113
TFAP2B,her2,0.7908577925442907
TFAP2C,her2,0.12127760662573789
TFAP4,her2,-0.5799351877295619
TFB1M,her2,-0.0584755430506027
TFB2M,her2,-0.004834212805746718
TFCP2,her2,-0.4219151095877919
TFCP2L1,her2,-1.2587803849733714
TFDP1,her2,0.10832987232655011
TFDP2,her2,0.10429121550289107
TFE3,her2,-0.05406059237977178
TFEB,her2,-0.06908775795552852
TFF1,her2,-0.461341566763727
TFF3,her2,0.06904303740949416
TFG,her2,0.2359500678475907
TFIP11,her2,0.4655234371455632
TFPI,her2,0.2475891782644607
TFPT,her2,0.18400348417061368
TFRC,her2,0.74536431238644
TG,her2,0.15479548975619084
TGFB1,her2,-0.18959139381523377
TGFB1I1,her2,-0.09544702696302412
TGFB2,her2,-0.11025314534713611
TGFB3,her2,0.1841037206670855
TGFBI,her2,0.26265718662921905
TGFBR3,her2,-0.8225701142150085
TGFBRAP1,her2,-0.13176907636826463
TGIF1,her2,-0.05225831994801582
TGM2,her2,0.22938598688322023
TGOLN2,her2,-0.41487930883258306
TGS1,her2,-0.0824170723981414
THADA,her2,0.026203688953234935
THAP11,her2,-0.080159740948949
THAP4,her2,-0.17160941063499893
THBD,her2,-0.4277673412892425
THBS1,her2,-0.2579522688809511
THBS2,her2,0.2132698902950637
THBS3,her2,-0.4239483882917447
THBS4,her2,-0.45708065124360087
THEM4,her2,-0.762130815402843
THEMIS,her2,0.23072169656211272
THG1L,her2,-0.26421333278397463
THNSL1,her2,-1.0321378396423315
THNSL2,her2,-0.19178814143276388
THOC1,her2,-0.4481526384327068
THOC2,her2,0.22804525594979205
THOC3,her2,0.5490492159326867
THOC5,her2,0.3307179196328912
THOC6,her2,-0.1275235390046613
THOC7,her2,0.1990276912394529
THOP1,her2,-0.015990917455332942
THRAP3,her2,-0.1671138806355726
THSD4,her2,-0.9342326665659826
THTPA,her2,-0.35708791718910143
THUMPD1,her2,-0.1763196520007628
THUMPD2,her2,-0.062129950887548725
THUMPD3,her2,0.18948545030368152
THY1,her2,0.36132196932373967
THYN1,her2,-0.2403744303304063
TIA1,her2,0.02720080613493899
TIAL1,her2,0.12298405110846103
TIAM1,her2,0.2667684296061131
TICAM1,her2,-0.40860784023646285
TIFA,her2,-0.5778217023482921
TIMELESS,her2,0.32633902507822565
TIMM10,her2,0.05704129943199188
TIMM13,her2,0.19052502127199608
TIMM17A,her2,0.203427100665318
TIMM17B,her2,0.3192838301696551
TIMM22,her2,-0.23644375209175997
TIMM44,her2,0.1215969695120146
TIMM50,her2,0.29146620973456744
TIMM8A,her2,0.5816029373554005
TIMM8B,her2,0.5183092073425973
TIMM9,her2,0.031876603959880595
TIMP1,her2,-0.13568672858541886
TIMP2,her2,-0.004950278467465822
TIMP3,her2,-0.20265956298093882
TINAGL1,her2,-0.04341274304527756
TINF2,her2,0.07812008151762474
TIPIN,her2,0.11121108664449862
TIPRL,her2,0.10868194995126226
TJAP1,her2,-0.7941653609450005
TJP1,her2,0.17070048427199175
TJP2,her2,0.2139239361373822
TJP3,her2,0.059632269597377816
TK1,her2,0.6445057761548597
TK2,her2,-0.08327506768568746
TKT,her2,0.7552365231762985
TLE1,her2,0.8575853766307029
TLE2,her2,-0.4680122336333155
TLE3,her2,-0.7501449639500418
TLK1,her2,-0.03482575614537026
TLK2,her2,-0.13520952271459558
TLN1,her2,0.011569389498280456
TLN2,her2,-0.4123216807969281
TLR2,her2,0.027078665988899155
TLR3,her2,-0.4139515686834694
TLR7,her2,0.051757522164213095
TM2D3,her2,-0.476595031706675
TM7SF2,her2,0.4052298909138933
TM7SF3,her2,0.05435043519345167
TM9SF1,her2,0.12086397608345001
TM9SF2,her2,0.3012853711635969
TM9SF3,her2,0.6736957913699352
TM9SF4,her2,-0.1113501987440377
TMBIM6,her2,0.016487170587899225
TMC4,her2,-0.6993383034580652
TMC5,her2,0.5309991030930218
TMCC1,her2,-0.183675990747348
TMCC3,her2,0.6880214175365725
TMCO1,her2,-0.07705919709226254
TMCO4,her2,-0.16451439886590438
TMCO6,her2,-0.9066614821547538
TMED1,her2,-0.09657932528347576
TMED10,her2,0.18768438303949808
TMED2,her2,0.4449472455879795
TMED3,her2,0.5771153792138374
TMED4,her2,-0.38428235652117454
TMED5,her2,-0.04804899619560321
TMED7,her2,-0.41043520318932025
TMED8,her2,-0.4514640477911989
TMED9,her2,0.3542605323030483
TMEM102,her2,-0.24001781729373584
TMEM106B,her2,-0.2721694658365628
TMEM109,her2,0.1722830225385418
TMEM11,her2,0.35183660998419913
TMEM115,her2,-0.7328816612167609
TMEM119,her2,0.024038473550386134
TMEM120A,her2,-0.15287524396302948
TMEM120B,her2,-0.25137759640626284
TMEM126A,her2,0.15146348758161476
TMEM126B,her2,-0.012706307368754286
TMEM131,her2,0.6656767571560473
TMEM132A,her2,0.8953677934630124
TMEM134,her2,0.6074958497558766
TMEM135,her2,0.47360462208212073
TMEM141,her2,0.4824094317911848
TMEM14C,her2,-0.254752426661206
TMEM161A,her2,-0.10117308384655418
TMEM165,her2,0.7729198001307004
TMEM167A,her2,0.5554992710063388
TMEM168,her2,-0.4082796944551123
TMEM177,her2,0.14811839080304062
TMEM179B,her2,0.004237764083633394
TMEM181,her2,-0.5042304690210709
TMEM186,her2,-0.06364965052126405
TMEM192,her2,-0.006482636619765221
TMEM201,her2,-0.013550752689128812
TMEM205,her2,0.08728902261498321
TMEM209,her2,-0.4760299269879395
TMEM214,her2,0.5649002019083019
TMEM222,her2,-0.5224460582063547
TMEM223,her2,-0.03390719845626953
TMEM33,her2,-0.11265898585711039
TMEM41A,her2,0.16211961994460472
TMEM41B,her2,-0.28531258216151945
TMEM43,her2,-0.23488769006362742
TMEM59,her2,-0.17073257887978935
TMEM63A,her2,0.245346524017106
TMEM63B,her2,0.2563904163818894
TMEM63C,her2,0.5612697556166297
TMEM65,her2,0.6007366691860498
TMEM68,her2,-0.38294048120192187
TMEM70,her2,0.023088567692863663
TMEM87A,her2,0.22075967690350484
TMEM87B,her2,0.2759821211997958
TMEM9,her2,-0.3598097805509501
TMEM9B,her2,-0.5674548846657133
TMF1,her2,-0.30437435918742095
TMLHE,her2,-0.15007267841373895
TMOD1,her2,0.24143236013313388
TMOD2,her2,-0.4751885528011775
TMOD3,her2,0.4463473352727604
TMPO,her2,0.1184210366775949
TMSB10,her2,1.1025805736320098
TMTC3,her2,0.10577790605320474
TMUB1,her2,-0.2545195333953333
TMUB2,her2,-1.2601106531662987
TMX1,her2,-0.10712521651383958
TMX2,her2,-0.011561963082054035
TMX3,her2,-0.6317546066921994
TMX4,her2,0.2934266425822616
TNC,her2,0.34223384697869197
TNFAIP2,her2,-0.15315173339717136
TNFAIP3,her2,0.15650263479859047
TNFAIP6,her2,-0.19251835387722027
TNFAIP8,her2,0.5612349055561456
TNFRSF12A,her2,0.4573559665423198
TNFSF10,her2,0.4309097718648632
TNFSF12,her2,-0.5983504979652404
TNIK,her2,0.39907769375120744
TNIP1,her2,-0.21768893392709698
TNIP2,her2,-0.3487232944255999
TNK1,her2,-0.22791005659585334
TNK2,her2,-0.6178116054879661
TNKS,her2,-0.6240776313565916
TNN,her2,-0.13079648247775447
TNPO1,her2,0.01291586972405301
TNPO2,her2,-0.2348095117038492
TNPO3,her2,0.08014972276494073
TNRC18,her2,-0.299757890226637
TNRC6A,her2,-0.558742446551209
TNRC6B,her2,0.5615268200996818
TNRC6C,her2,-0.5191171963517388
TNS1,her2,-0.254335325219309
TNS3,her2,-0.42612230558152586
TNS4,her2,0.24524357117193707
TNXB,her2,-0.21352922845650185
TOE1,her2,0.26801179146401893
TOLLIP,her2,-0.3136708176918029
TOM1,her2,0.515514838060042
TOM1L1,her2,-0.08276370602565311
TOM1L2,her2,0.06358827709669257
TOMM20,her2,-0.6783823079438358
TOMM22,her2,0.5956345288240126
TOMM34,her2,-0.17893795179762853
TOMM40,her2,0.27151604599213447
TOMM5,her2,0.37431119718723843
TOMM6,her2,0.15335701581815495
TOP1,her2,0.7583635138929388
TOP2A,her2,0.29197627042395824
TOP2B,her2,0.18437186653150237
TOP3A,her2,0.12537336598928117
TOP3B,her2,0.2744096466580337
TOPBP1,her2,-0.0059506201085296195
TOPORS,her2,-0.0635326845234057
TOR1A,her2,0.38033112582359674
TOR1AIP1,her2,-0.6143527485313376
TOR1AIP2,her2,0.057870273318793373
TOR1B,her2,0.24884089138792478
TOR2A,her2,0.4228667727651164
TOR3A,her2,0.25155770508321706
TOX3,her2,0.32096772456377504
TOX4,her2,0.06738756030612908
TP53,her2,-0.08769564758005442
TP53BP1,her2,-0.3377446319220553
TP53BP2,her2,0.08662778795399355
TP53I11,her2,0.1566465126491243
TP53I3,her2,0.2649589470233274
TP53RK,her2,0.405478856422442
TPBG,her2,-0.852757096990197
TPCN1,her2,0.006814411539950811
TPD52,her2,0.03166086648199868
TPD52L1,her2,0.17932077529824927
TPD52L2,her2,0.3350810400405395
TPI1,her2,0.4088261362974405
TPK1,her2,0.44213174299469243
TPM1,her2,0.1410519822446621
TPM2,her2,0.019698186999135104
TPM3,her2,0.19951437609463157
TPM4,her2,0.2213298509954994
TPMT,her2,0.3507526770265033
TPP1,her2,-0.09592811349321087
TPP2,her2,-0.2300249180814815
TPPP,her2,0.10889705098396447
TPPP3,her2,-0.22645324307664452
TPR,her2,-0.19738684262631837
TPRG1,her2,-0.9143485502468687
TPRG1L,her2,0.18969398883284927
TPRKB,her2,0.4423134619791291
TPRN,her2,0.09256492506058867
TPST1,her2,-0.08456457379650852
TPT1,her2,-0.020751871425434942
TPX2,her2,0.5028075715763731
TRA2A,her2,0.038628292720784836
TRA2B,her2,0.1820216165408314
TRABD,her2,0.15748349819111623
TRADD,her2,0.3937724001252615
TRAF1,her2,0.10371697022933359
TRAF2,her2,0.020611351548997268
TRAF3,her2,-0.22483833146521112
TRAF3IP2,her2,0.8458094945360096
TRAF3IP3,her2,0.16774038195847688
TRAF4,her2,0.5598634069190314
TRAF5,her2,-0.6983542123758485
TRAF6,her2,-0.38850135546063413
TRAF7,her2,-0.14492504264198078
TRAFD1,her2,-0.012304614641093746
TRAK1,her2,-0.890623877339633
TRAM1,her2,-0.22906592117469324
TRANK1,her2,-0.09663871240923402
TRAP1,her2,-0.16433724292795315
TRAPPC1,her2,-0.15731798989534287
TRAPPC10,her2,0.4046758103843795
TRAPPC2L,her2,0.20922689200555897
TRAPPC3,her2,0.06833062884469107
TRAPPC4,her2,0.07780395481105641
TRAPPC5,her2,0.03374578387703416
TRAPPC6A,her2,-0.10618150529003002
TRAPPC6B,her2,0.022770537604369256
TRAPPC9,her2,-0.2938765702587188
TREM2,her2,0.03247674335958575
TRERF1,her2,0.0631287301339979
TREX1,her2,-0.25256044497367974
TRIAP1,her2,0.269761333383162
TRIM11,her2,0.08571749646174955
TRIM13,her2,-0.25802062092533784
TRIM14,her2,0.0853041740946356
TRIM16,her2,0.6344804371398659
TRIM2,her2,-0.00704701150612505
TRIM21,her2,0.41790615639053585
TRIM22,her2,0.032945839882227886
TRIM24,her2,0.2761133788672651
TRIM25,her2,0.05087329734141256
TRIM26,her2,0.8648086174763452
TRIM27,her2,0.40488594952971013
TRIM28,her2,-0.02515509132139179
TRIM29,her2,0.26230994113020595
TRIM3,her2,0.5534812754973663
TRIM32,her2,0.005159397902977303
TRIM33,her2,-0.1513402939569777
TRIM34,her2,0.0022093484989276968
TRIM36,her2,0.34613003572177103
TRIM37,her2,0.2734250022000575
TRIM38,her2,0.13401633033951338
TRIM4,her2,-0.36377562859831364
TRIM41,her2,-0.5841654809974696
TRIM44,her2,-0.5137240540401786
TRIM47,her2,-0.08005586987600284
TRIM5,her2,0.4437174335558829
TRIM56,her2,-0.12012515848176304
TRIM65,her2,-0.39328271834348666
TRIM68,her2,0.42760172705509064
TRIM8,her2,-0.5175179403926661
TRIO,her2,0.07309057846598056
TRIOBP,her2,0.4457161243671772
TRIP10,her2,0.15851692027560654
TRIP11,her2,0.2740399179449067
TRIP12,her2,0.2591173392148842
TRIP13,her2,0.4710594232879535
TRIP4,her2,0.30995523246594125
TRIP6,her2,-0.2783489713213356
TRIT1,her2,0.03553483299158714
TRMT1,her2,-0.3590101362525426
TRMT11,her2,-0.055018769097221934
TRMT112,her2,0.10614143429805857
TRMT2A,her2,0.006103691927293757
TRMT2B,her2,0.21203131565733518
TRMT5,her2,-0.48575293853224183
TRMT6,her2,0.050065545970471394
TRMT61A,her2,0.09097231440351941
TRMT61B,her2,-0.11322363900596934
TRMU,her2,0.6955503427294392
TRNAU1AP,her2,0.0714845679971842
TRNT1,her2,0.09151448821210467
TRPC4AP,her2,-0.018584726707418776
TRPM4,her2,0.3115721724971512
TRPM5,her2,0.12831596342931822
TRPM7,her2,-0.24270012093880206
TRPS1,her2,-1.137021372360741
TRPT1,her2,0.433620212130423
TRPV2,her2,0.26465026894292654
TRRAP,her2,0.05929245464435921
TRUB1,her2,-0.3055193978351794
TRUB2,her2,0.22639117185563448
TSC1,her2,-0.20347118574671208
TSC2,her2,-0.30817123247058203
TSC22D1,her2,0.5625726125089402
TSC22D2,her2,0.17895746121388284
TSC22D3,her2,0.4134158736479627
TSC22D4,her2,-0.274818015184755
TSEN15,her2,0.007902584043383655
TSEN2,her2,-0.5849824976332076
TSEN34,her2,-0.1398010089509638
TSEN54,her2,-0.021256994105751294
TSFM,her2,0.1469798964527599
TSG101,her2,-0.5611067438739135
TSKU,her2,0.3817520628727383
TSN,her2,0.2784125051695085
TSNARE1,her2,-0.3932539888398382
TSNAX,her2,-0.5878181734399375
TSPAN1,her2,0.22329004522575946
TSPAN13,her2,-0.06746097589615145
TSPAN14,her2,0.4400433586810747
TSPAN15,her2,0.6071376220664829
TSPAN6,her2,0.10875526279669721
TSPAN9,her2,0.3143100033842574
TSPO,her2,0.3463087550618665
TSPYL1,her2,0.06454279516314308
TSPYL4,her2,0.2975895487914517
TSPYL5,her2,0.029485914212917436
TSR1,her2,-0.303030210664647
TSR2,her2,0.09126372148117315
TSSC4,her2,-0.12776550852498333
TST,her2,0.5362260054669142
TSTD1,her2,-0.1017765595046819
TSTD2,her2,-0.12366466195090814
TTC1,her2,0.42995135476523194
TTC12,her2,0.10989474016060932
TTC13,her2,0.17732928323328023
TTC14,her2,-0.5413612953976551
TTC17,her2,-0.5742604885779996
TTC19,her2,-0.41941121610418786
TTC21B,her2,-0.28833637917485744
TTC27,her2,0.016485082606224156
TTC28,her2,-0.6148757803270527
TTC3,her2,0.23991739284679292
TTC31,her2,0.059571159658753654
TTC33,her2,-0.10114581137400294
TTC38,her2,-0.3518962346757473
TTC39A,her2,-0.38347455937278585
TTC39B,her2,0.06253144112682378
TTC39C,her2,-0.8162196507265815
TTC4,her2,-0.08133757273818444
TTC5,her2,-0.09079399309953505
TTC7A,her2,0.38158180383326634
TTC7B,her2,-0.4794194221063825
TTC8,her2,-0.27127694945184144
TTC9,her2,0.5734558811056603
TTC9C,her2,0.15997214164943802
TTF1,her2,0.5346189977641248
TTF2,her2,0.0971345651038417
TTK,her2,0.6567956499421971
TTL,her2,0.2362057194496571
TTLL12,her2,-0.017967318887581633
TTN,her2,-0.09495845468270446
TTPAL,her2,-0.1935750094855553
TTR,her2,0.2847370823603141
TUBA1B,her2,0.5487625346671466
TUBA1C,her2,0.8057002099685381
TUBA3E,her2,-0.7019005599569335
TUBA4A,her2,0.34557505268612304
TUBB,her2,0.6699255273731308
TUBB1,her2,0.1183894952376571
TUBB2A,her2,0.23224968143523436
TUBB2B,her2,-0.38342923870920453
TUBB3,her2,0.5152344368368055
TUBB6,her2,-0.08341774114002963
TUBG1,her2,-0.11917693816148735
TUBG2,her2,-1.0329023197539104
TUBGCP2,her2,0.30789150901244033
TUBGCP3,her2,-0.038192006869880515
TUBGCP4,her2,-0.1638986532197231
TUBGCP5,her2,0.12095918613165087
TUBGCP6,her2,-0.3135433060385637
TUFM,her2,-0.0062306531474397705
TUFT1,her2,-0.06476310595428485
TULP3,her2,-0.1718491471246171
TUSC1,her2,-0.12863885220080482
TUSC2,her2,-0.2471314677994591
TUT1,her2,-0.0879962181155371
TWF1,her2,-0.11504335327442912
TWF2,her2,0.17533897291120773
TWSG1,her2,-0.32021554161445437
TXLNA,her2,0.028583586600990307
TXLNG,her2,-0.10270475017968869
TXN,her2,0.7147355394488801
TXN2,her2,0.7211269280761076
TXNDC11,her2,0.3342133009111458
TXNDC12,her2,0.39686485978416863
TXNDC15,her2,-0.46194377520417373
TXNDC16,her2,-0.2901584613581406
TXNDC17,her2,0.8810059028650843
TXNDC5,her2,0.8295011319098806
TXNDC9,her2,0.6781644300248091
TXNIP,her2,-0.38262439188934233
TXNL1,her2,0.003982304955494466
TXNL4A,her2,0.08423044436333607
TXNL4B,her2,0.3761726295370314
TXNRD1,her2,0.6586373280964948
TXNRD2,her2,0.4281641432199025
TYK2,her2,-0.3139749188102528
TYMP,her2,0.27961670195639965
TYMS,her2,0.08922534484823222
TYROBP,her2,0.20461799572387984
TYSND1,her2,-0.3176892916585219
TYW1,her2,-0.1741218486057377
TYW3,her2,-1.0148841146237357
U2AF1,her2,0.6072139318510757
U2AF2,her2,0.06753954380582733
UACA,her2,-0.18042388195463469
UAP1,her2,0.55791012179833
UAP1L1,her2,0.5169969617068987
UBA1,her2,0.6881125018083974
UBA2,her2,-0.25150330306235047
UBA3,her2,0.0530248002635524
UBA5,her2,-0.025175394814770005
UBA52,her2,0.09822258567823357
UBA6,her2,0.5702959909346192
UBA7,her2,-0.30435352321645354
UBAC1,her2,0.10384180640202792
UBAC2,her2,0.21290552386296788
UBAP1,her2,0.3119624514247994
UBAP2,her2,0.28865349353508335
UBAP2L,her2,-0.20573713079556957
UBASH3A,her2,0.27059565264146596
UBASH3B,her2,0.11489573295692171
UBE2A,her2,0.9673148401445798
UBE2B,her2,-0.4135832387717823
UBE2C,her2,0.5791648465263639
UBE2D1,her2,0.7679895780642758
UBE2D2,her2,-0.11804056242035288
UBE2D3,her2,-0.49927648431885396
UBE2E1,her2,0.020397190748742376
UBE2F,her2,-0.012742822156533098
UBE2G1,her2,-0.06541113691874796
UBE2G2,her2,-0.43652656637275916
UBE2H,her2,-0.5623170446130377
UBE2I,her2,0.3497799616809666
UBE2J1,her2,0.5767433319875575
UBE2J2,her2,0.0876587046824082
UBE2K,her2,-0.4612244323511914
UBE2L3,her2,1.008568898180981
UBE2L6,her2,0.021975386921717906
UBE2M,her2,0.17501061455847627
UBE2N,her2,0.46476865492947556
UBE2O,her2,0.08565738272174084
UBE2Q1,her2,0.026929260580896848
UBE2Q2,her2,-0.0641027173752145
UBE2R2,her2,0.018535075659325353
UBE2S,her2,0.33202219115628967
UBE2T,her2,0.6405848645960424
UBE2V2,her2,0.22915023996474085
UBE2W,her2,-0.3356038206312492
UBE2Z,her2,0.6315141260501642
UBE3A,her2,-0.2367705471647801
UBE3B,her2,-0.6129349316028592
UBE3C,her2,0.16763352407753526
UBE4A,her2,0.36837178493234485
UBE4B,her2,-0.02688013361554238
UBFD1,her2,-0.17212509542442014
UBIAD1,her2,-0.4636055673001408
UBL4A,her2,0.47761987553290697
UBL5,her2,0.08521305207917836
UBL7,her2,-0.67691358165385
UBLCP1,her2,0.2020865751482323
UBN1,her2,-0.0163029765280383
UBN2,her2,-0.555830976218359
UBOX5,her2,-0.14383296095236198
UBP1,her2,-0.5346840118953422
UBQLN1,her2,0.20969636836240269
UBQLN2,her2,-0.28921478726368527
UBQLN4,her2,-0.041850303476943025
UBR1,her2,0.3400413546059953
UBR2,her2,0.14357160406108857
UBR3,her2,-0.03592403471395995
UBR4,her2,0.08540152982664581
UBR5,her2,-0.4685532877545245
UBR7,her2,0.21524020123044954
UBTD2,her2,-0.03735946133967298
UBTF,her2,-0.6793126748645556
UBXN1,her2,-0.24691249479850108
UBXN2A,her2,0.2921658595794423
UBXN2B,her2,-0.43991937985437884
UBXN4,her2,0.5008622214445116
UBXN6,her2,-0.3033325012104267
UBXN7,her2,-0.03338539955131116
UCHL1,her2,-0.050504890361960854
UCHL3,her2,0.6812050420788207
UCHL5,her2,0.4169642111911789
UCK1,her2,0.45988875475031926
UCK2,her2,0.37856094489855235
UCKL1,her2,-0.18933723100015315
UEVLD,her2,-0.07734004330214563
UFC1,her2,0.08684536664123638
UFM1,her2,-0.09316187115243672
UFSP1,her2,0.1679946280928151
UFSP2,her2,-0.4516038553340053
UGCG,her2,-0.7517185917568825
UGDH,her2,-0.003719759716537375
UGGT1,her2,0.49839928380717724
UGGT2,her2,-0.06111931605356313
UGP2,her2,0.5225024847679381
UHRF2,her2,-0.15152915123316266
UIMC1,her2,-0.25742728612805976
ULK1,her2,0.4906906004474752
ULK3,her2,-0.03195131809386597
UMPS,her2,0.10662766013779809
UNC119,her2,-0.4719438411651714
UNC119B,her2,-0.37399687489275985
UNC13B,her2,-0.17023800593336083
UNC13D,her2,0.36161471556753644
UNC45A,her2,-0.207341371182281
UNC5B,her2,0.05693268983829226
UNG,her2,0.0799621039609237
UNK,her2,-0.3692632345269242
UNKL,her2,-0.4143968044931066
UPF1,her2,-0.01624776546779062
UPF2,her2,0.10266708275308713
UPF3A,her2,-0.26919233225425665
UPF3B,her2,0.3745186772760075
UPP1,her2,0.35062625759776356
UPRT,her2,0.2929438040840838
UQCR10,her2,0.8451385105056685
UQCR11,her2,0.21757270226414946
UQCRB,her2,0.40066301281607664
UQCRC1,her2,0.38323816259005633
UQCRC2,her2,-0.18264236999257388
UQCRFS1,her2,0.49764974510507864
UQCRQ,her2,0.4542561927956744
URB1,her2,0.5970282631241
URB2,her2,-0.00568390957874133
URGCP,her2,-0.28980948271896567
URM1,her2,0.3850549144499173
UROD,her2,-0.32973189465777275
UROS,her2,0.21906964582673175
USE1,her2,-0.1988369552951378
USF1,her2,0.19701854701632615
USF2,her2,-0.5594871237171927
USP1,her2,-0.0841467633152479
USP10,her2,0.24665793564301317
USP11,her2,-0.36166135926748905
USP13,her2,-0.6175340785143542
USP14,her2,-0.29711454857720454
USP15,her2,0.36211073774667296
USP16,her2,0.08486380329238291
USP18,her2,0.46633619221802436
USP19,her2,-0.43079075506069875
USP20,her2,0.22170063531396508
USP22,her2,-0.0666192707278162
USP24,her2,-0.5628641039475123
USP25,her2,0.14911127035920543
USP28,her2,0.32968814117293466
USP3,her2,0.651625747171644
USP30,her2,-0.5319918773896852
USP32,her2,-0.14286323157659506
USP33,her2,-0.41727350819336356
USP34,her2,0.03693356769897775
USP35,her2,-0.662754344049457
USP36,her2,-0.6673412475859877
USP38,her2,0.11627862188396314
USP39,her2,0.6672654276253969
USP4,her2,-0.29532891502622877
USP40,her2,0.11064885968516251
USP42,her2,-0.05005880217786129
USP43,her2,-0.004517615328755287
USP46,her2,-0.16633187053498416
USP47,her2,0.08502467507166696
USP48,her2,-0.03776964872318589
USP5,her2,0.17944737112095963
USP54,her2,0.36357638609285936
USP6NL,her2,0.47366156724022335
USP7,her2,0.0714252833813464
USP8,her2,-0.1199826343818769
USP9X,her2,0.7284055177017298
UTP14A,her2,0.13430805577553018
UTP15,her2,-0.1628632310298025
UTP18,her2,0.2928403591184355
UTP20,her2,-0.011979211248429291
UTP23,her2,-0.11028229651581407
UTP3,her2,0.10490475342099705
UTP6,her2,0.033858510747454496
UTRN,her2,-0.032265654134865936
UVRAG,her2,-0.3436665471424211
UXS1,her2,0.22827626131387813
UXT,her2,0.23600616312661665
VAC14,her2,0.4551806292493527
VAMP2,her2,-0.9813363298924127
VAMP3,her2,-0.07460633958047717
VAMP4,her2,-0.5690689000674152
VAMP5,her2,0.6719989174594737
VAMP7,her2,0.4286492475911947
VAMP8,her2,0.2676854487568005
VANGL1,her2,0.2584672807479099
VANGL2,her2,-0.49979143642745616
VAPA,her2,-0.3209194066731705
VAPB,her2,0.4722499079971349
VARS2,her2,0.013745547061334646
VASH1,her2,-0.13706053581096153
VASN,her2,0.6576485515276814
VASP,her2,0.36021713713452946
VAT1,her2,-0.4906266982410495
VAT1L,her2,-0.09994196504796199
VAV1,her2,0.37515277051961987
VAV2,her2,0.1963516251608794
VAV3,her2,-0.09321898154626562
VBP1,her2,0.254292412180422
VCAM1,her2,0.23616278549727582
VCAN,her2,0.21250133495598006
VCL,her2,0.20890319416037706
VCP,her2,0.8096351613163417
VCPIP1,her2,-0.28264637334881054
VDAC1,her2,0.5332881634838758
VDAC2,her2,0.5165894635981327
VDAC3,her2,-0.11177638263731668
VDR,her2,0.3628859697619027
VEGFA,her2,0.6878592292947235
VEZF1,her2,-0.5616550397208273
VEZT,her2,0.20442327438696442
VGLL4,her2,-0.08020183059276347
VHL,her2,-0.026675597256071243
VIM,her2,-0.14725445762219866
VIT,her2,0.06868218917819519
VKORC1,her2,0.07759444769924537
VKORC1L1,her2,-0.12029982110979691
VMAC,her2,-0.12641294711945794
VNN1,her2,0.22659066968305705
VNN2,her2,0.6876032797181586
VPS13A,her2,-0.4548117816959372
VPS13B,her2,-0.18289436307245227
VPS13C,her2,0.06102742752148296
VPS13D,her2,0.2633752115102419
VPS16,her2,0.06641142992057356
VPS18,her2,0.3434692056427712
VPS25,her2,-0.5484354913266736
VPS26A,her2,0.3522649677307096
VPS26B,her2,0.32471898100356505
VPS28,her2,-0.4041117023202519
VPS29,her2,0.26220608094596987
VPS33A,her2,0.4130212442611356
VPS33B,her2,-0.08172180608341462
VPS35,her2,0.6941646531120601
VPS36,her2,-0.14697946691214991
VPS37A,her2,-0.4530615809301669
VPS37B,her2,1.0702359138203061
VPS37C,her2,0.09589228242998751
VPS39,her2,-0.5503079487191909
VPS41,her2,-0.2176701824608768
VPS45,her2,-0.07602460743293626
VPS4A,her2,0.20057934113158976
VPS4B,her2,-0.5971322160169358
VPS52,her2,-0.19661289883727953
VPS53,her2,-0.06319399179915969
VPS54,her2,0.1306361874573823
VPS72,her2,0.024131060910174102
VPS8,her2,-0.1603909475929587
VRK1,her2,0.6159670394692534
VRK2,her2,-0.06454634760728256
VRK3,her2,-0.07369621447541817
VSIG4,her2,-0.05020340110352444
VSNL1,her2,0.1720632109893458
VTA1,her2,0.7037211295832813
VTCN1,her2,-0.17262073799512886
VTI1A,her2,0.4028361560521019
VTI1B,her2,0.7022985594063548
VTN,her2,0.03894204606428949
VWA1,her2,0.12323374227734556
VWA2,her2,-0.28577210150231547
VWA5A,her2,0.009081190812062859
VWF,her2,-0.18725360765911425
WAC,her2,-0.0465901086425905
WARS2,her2,-0.11514324599821789
WAS,her2,0.16172823999325248
WASF1,her2,0.11395345965869241
WASF2,her2,-0.2065713920073846
WASF3,her2,0.29391506238177667
WASL,her2,-0.6898716334307968
WBP11,her2,-0.4454640523760405
WBP2,her2,-0.5336420709938157
WBP4,her2,-0.23050932908787833
WDFY1,her2,0.2417854447937258
WDFY2,her2,0.5928206260695403
WDFY3,her2,-0.25453667698477794
WDFY4,her2,0.20242763389915758
WDHD1,her2,0.4536960761594249
WDR1,her2,-0.19046277447399176
WDR11,her2,-0.14079177235566956
WDR12,her2,0.1798109877192538
WDR13,her2,0.12187731271414491
WDR18,her2,-0.05364627700278981
WDR19,her2,-1.1570805179927077
WDR20,her2,0.1226894986330711
WDR24,her2,-0.2948407255644365
WDR26,her2,0.3426358990888919
WDR3,her2,0.016979230243677427
WDR33,her2,0.45765518830733193
WDR35,her2,-0.9000127204695891
WDR36,her2,-0.2750710199692165
WDR37,her2,-0.14428602893111048
WDR4,her2,0.3868649243141646
WDR41,her2,0.014343010127185243
WDR43,her2,0.1672806653435168
WDR44,her2,0.1538307690090402
WDR45,her2,-0.17469689018357257
WDR46,her2,0.038388571382443316
WDR47,her2,-0.646597617998874
WDR48,her2,-0.5472906110483557
WDR5,her2,0.5317436094789784
WDR53,her2,0.38826129450464053
WDR54,her2,-0.27164694389795063
WDR55,her2,0.351283952379614
WDR59,her2,-0.13934598958517086
WDR6,her2,-0.8014824828533894
WDR62,her2,0.26484098364410613
WDR7,her2,-0.4721131665136266
WDR70,her2,0.1536227230470743
WDR73,her2,-0.3833848722123163
WDR74,her2,-0.11862009902895054
WDR75,her2,0.13353737814255714
WDR76,her2,0.21628446925124556
WDR77,her2,0.06360442656654601
WDR81,her2,-0.5576638670062448
WDR82,her2,0.01810377294270151
WDR83,her2,-0.5032800723916923
WDR87,her2,0.11265801255528667
WDR89,her2,0.07024380115501916
WDR90,her2,-0.5546146871983838
WDR91,her2,0.2757842813368384
WDSUB1,her2,-0.3890339235258558
WDTC1,her2,-0.5845908107723955
WEE1,her2,0.17278227621025682
WFDC2,her2,-0.6196521885149188
WFS1,her2,-0.31370095408112725
WHAMM,her2,-0.2671698267380979
WIPF1,her2,0.1982670290728398
WIPF2,her2,0.4136397907174231
WIPI1,her2,0.06863061328837043
WIPI2,her2,-0.04823857170585689
WIZ,her2,-0.1052311437802459
WLS,her2,0.2162628556203697
WNK1,her2,-0.5145579107789049
WNK4,her2,-0.8925083180604818
WNT2,her2,0.6167156346752865
WNT5A,her2,-0.12652688563474024
WRAP53,her2,-0.1035423924983083
WRN,her2,-0.21531515194266787
WRNIP1,her2,0.0169824402885451
WTAP,her2,-0.19317509306963884
WWC1,her2,0.3408270664041018
WWC2,her2,0.5495586403882619
WWOX,her2,-0.21013557536757096
WWP1,her2,-0.7317704718023195
WWP2,her2,0.02797615821409567
WWTR1,her2,-0.025923505327308825
XAB2,her2,-0.4245728251566049
XAF1,her2,0.04142211979169344
XDH,her2,0.458697905489437
XIAP,her2,0.02453423279457466
XIRP1,her2,0.8955741496538151
XPA,her2,-0.5687716441115064
XPC,her2,-0.6130331936033693
XPNPEP1,her2,0.4242117434051502
XPNPEP3,her2,0.8158877155673429
XPO1,her2,0.23829010952654636
XPO4,her2,0.08782723022497091
XPO5,her2,0.09417971908341197
XPO6,her2,-0.06874650969187951
XPO7,her2,-0.21290143295816208
XPOT,her2,0.3164692635883135
XRCC1,her2,-0.31916814797216536
XRCC4,her2,0.22248232031145754
XRCC5,her2,0.41893305532288994
XRCC6,her2,0.8293141616896622
XRN1,her2,-0.0332888717247935
XRN2,her2,0.2451120034618278
XYLB,her2,0.19876124219517727
XYLT1,her2,-0.4363414918191107
YAF2,her2,0.012693733492706463
YAP1,her2,0.00749695564610071
YARS2,her2,0.06026226070314591
YBX1,her2,0.4745998376403265
YBX2,her2,0.26335131392495487
YDJC,her2,0.20218250163465049
YEATS2,her2,0.36537384577501686
YEATS4,her2,-0.46618367864317173
YES1,her2,0.38847179426948353
YIF1A,her2,0.33153099028619926
YIF1B,her2,0.1548667834606259
YIPF2,her2,-0.13283292704537225
YIPF3,her2,0.16185508557632786
YIPF4,her2,0.4116632721042052
YIPF5,her2,0.3170275061444933
YIPF6,her2,0.26068702167159874
YKT6,her2,0.6462216002015911
YLPM1,her2,0.02220900289861257
YME1L1,her2,0.06969353427529697
YOD1,her2,0.002229815173703907
YPEL2,her2,0.47889436863820434
YPEL5,her2,0.14111763779629286
YRDC,her2,0.017337342538559977
YTHDC1,her2,-0.24106897242338596
YTHDC2,her2,-0.4247049648635445
YTHDF1,her2,0.3241453657569648
YTHDF2,her2,0.2034347857844661
YWHAB,her2,0.18471893721392593
YWHAE,her2,-0.11680750608352025
YWHAG,her2,0.401048420047011
YWHAH,her2,0.5226857641371349
YWHAQ,her2,0.8090718781885137
YWHAZ,her2,0.4023733388800995
YY1,her2,0.307939883124887
YY1AP1,her2,-0.6221675098346896
ZAP70,her2,0.28699486855460804
ZBP1,her2,0.41110093247677404
ZBTB1,her2,0.05206164647271776
ZBTB10,her2,-0.017873220506798845
ZBTB11,her2,0.08507474262063713
ZBTB2,her2,-0.49794409498701
ZBTB20,her2,-0.7119181489987283
ZBTB33,her2,0.44763708865213697
ZBTB4,her2,-0.8474639219340393
ZBTB40,her2,-0.5796640486612218
ZBTB43,her2,0.34936310100287765
ZBTB47,her2,-0.7816752020539625
ZBTB7A,her2,-0.2926935676683456
ZBTB7B,her2,0.3101159576918626
ZBTB9,her2,-0.04372790698825362
ZC3H11A,her2,-0.1310342305428871
ZC3H12A,her2,0.14352225787357906
ZC3H13,her2,-0.2497780845348511
ZC3H14,her2,-0.325350946241261
ZC3H15,her2,0.6907467256325489
ZC3H18,her2,0.2555451028649109
ZC3H4,her2,-0.14404787694501447
ZC3H6,her2,-1.2486293596556326
ZC3H7A,her2,-0.20007760009557396
ZC3H7B,her2,0.2793510549755794
ZC3H8,her2,0.08265996567642657
ZC3HAV1,her2,0.3963811300723129
ZC3HAV1L,her2,-0.25042904558804807
ZC3HC1,her2,-0.280156448039968
ZCCHC10,her2,-0.3304392071731416
ZCCHC17,her2,-0.37042330423383624
ZCCHC2,her2,-0.08178898623864563
ZCCHC24,her2,-0.0669894480095299
ZCCHC3,her2,-0.5001141495746875
ZCCHC4,her2,-0.7363694918909484
ZCCHC7,her2,-0.4870168964025869
ZCCHC9,her2,0.015778700964396777
ZCRB1,her2,-0.16086071783241623
ZDHHC13,her2,-0.3579440455275621
ZDHHC17,her2,-0.8112722424815978
ZDHHC20,her2,0.2391702704341124
ZDHHC3,her2,0.8720859839865625
ZDHHC5,her2,0.28374042682502576
ZDHHC6,her2,0.18538952830253308
ZEB1,her2,-0.07407190510295761
ZEB2,her2,0.11884465847649033
ZER1,her2,-0.0772016854080392
ZFAND1,her2,-0.5993749801688287
ZFAND2B,her2,0.0709733504029481
ZFAND3,her2,0.21581689536801782
ZFAND5,her2,0.3547201233559867
ZFAND6,her2,-0.10604185014012575
ZFC3H1,her2,-0.28409707423168684
ZFHX3,her2,0.09367584998502929
ZFP3,her2,-0.42395951158422085
ZFP36,her2,-0.12681105572098966
ZFP36L1,her2,0.23613499653036216
ZFP36L2,her2,0.1056907936635602
ZFP64,her2,0.25563303026289863
ZFP91,her2,0.08107084740396267
ZFPL1,her2,0.06516903394844255
ZFR,her2,0.05406025621785847
ZFX,her2,-0.3364363013790613
ZFYVE1,her2,-0.011581781996140876
ZFYVE16,her2,-0.11034553889915617
ZFYVE19,her2,0.08860814121431873
ZFYVE21,her2,0.45775733132481555
ZFYVE26,her2,-0.1973398516513867
ZFYVE9,her2,-0.19574252157520491
ZG16B,her2,-0.153077837127499
ZGPAT,her2,-0.03144499698187853
ZHX1,her2,-0.19391976272803746
ZHX2,her2,-0.056574902963440345
ZHX3,her2,-0.24126836897575218
ZKSCAN1,her2,-0.12341061614459092
ZKSCAN4,her2,-0.37707382527526623
ZMAT2,her2,-0.271296248225389
ZMAT3,her2,-0.00828998542184384
ZMAT5,her2,0.3554235916985722
ZMIZ1,her2,0.13297478879843752
ZMIZ2,her2,-0.33835321224640863
ZMPSTE24,her2,0.3796858812436855
ZMYM1,her2,-0.3903735730901383
ZMYM2,her2,-0.10703536138482951
ZMYM3,her2,-0.27682876097889714
ZMYM4,her2,-0.617567784492013
ZMYND10,her2,-0.6060445391932965
ZMYND11,her2,-0.6393724335495412
ZMYND8,her2,0.3965395470825111
ZNF121,her2,0.01844512319362536
ZNF143,her2,0.3084898337855278
ZNF146,her2,0.06474491410281508
ZNF148,her2,-0.355635258466419
ZNF184,her2,0.06475769222497152
ZNF185,her2,0.07697652508109289
ZNF205,her2,-0.3059575008589266
ZNF207,her2,-0.024428179783969616
ZNF217,her2,0.0941262408378541
ZNF219,her2,-0.4054232737140377
ZNF22,her2,0.04705681143234055
ZNF24,her2,-0.5340258956352925
ZNF250,her2,-0.2535886256174344
ZNF264,her2,-0.30660107968083494
ZNF268,her2,0.08308680325401308
ZNF276,her2,-0.38327305338913165
ZNF277,her2,0.12837827086212883
ZNF280C,her2,0.2456986177285175
ZNF280D,her2,-0.5467101833096714
ZNF281,her2,-0.34495977265534356
ZNF292,her2,0.07089532665614005
ZNF3,her2,-0.01860801278229208
ZNF318,her2,-0.44691175927359156
ZNF324,her2,-0.15553230424808553
ZNF326,her2,0.048484008479979905
ZNF331,her2,-0.49247977022207606
ZNF33A,her2,-0.5546973589688486
ZNF346,her2,-0.06881522805227351
ZNF358,her2,-0.4895773857914656
ZNF362,her2,-0.16283554373421058
ZNF384,her2,-0.40729227249682975
ZNF385A,her2,0.03124153605582503
ZNF395,her2,-0.34357767498425973
ZNF397,her2,-0.5358425624748316
ZNF407,her2,-0.5104842640653383
ZNF414,her2,-0.36197277469805
ZNF417,her2,-0.14767781015865475
ZNF428,her2,-0.44400981452035154
ZNF436,her2,0.38413234879911523
ZNF444,her2,-0.28960263910034567
ZNF446,her2,-0.302151309649122
ZNF451,her2,-0.15430474935065464
ZNF460,her2,0.0579121379953123
ZNF462,her2,-0.23356449063870946
ZNF467,her2,0.11054581393227048
ZNF48,her2,-0.10866561734124641
ZNF511,her2,0.5042788455177954
ZNF512,her2,-0.5708116833481564
ZNF512B,her2,-0.290553891279585
ZNF521,her2,-0.49771927316976033
ZNF526,her2,0.00501496933303674
ZNF532,her2,0.0034629787178255956
ZNF552,her2,-0.39227787471553655
ZNF562,her2,-0.09636705298332365
ZNF574,her2,-0.01733456316476608
ZNF579,her2,-0.2884380953522754
ZNF580,her2,-0.4646175955304951
ZNF581,her2,-0.322236084284597
ZNF592,her2,-0.2011386153569016
ZNF593,her2,0.08387674473565206
ZNF597,her2,0.0040383836438232235
ZNF609,her2,0.1698080559379588
ZNF618,her2,-0.44603495191796555
ZNF622,her2,0.21114663029188044
ZNF623,her2,-0.2789181089925075
ZNF629,her2,-0.5047681411068906
ZNF638,her2,0.01261575020902896
ZNF639,her2,-0.1662801825826177
ZNF644,her2,-0.1452199157738564
ZNF652,her2,0.5467903842349155
ZNF654,her2,0.08099644352585861
ZNF655,her2,-1.01156755165188
ZNF664,her2,-0.24909738208909338
ZNF668,her2,-0.0008472222300257418
ZNF687,her2,-0.41508447232110285
ZNF688,her2,-0.23116035244031646
ZNF691,her2,-0.07735463445164117
ZNF703,her2,-0.5424132901053228
ZNF704,her2,0.17374068692262187
ZNF706,her2,0.165361690974511
ZNF740,her2,-0.81170457602874
ZNF76,her2,-0.46301991055024494
ZNF768,her2,0.015746691458382023
ZNF776,her2,-0.42614343184561415
ZNF777,her2,-0.057880686153756904
ZNF787,her2,0.21767194059487427
ZNF8,her2,0.1921789660455037
ZNF800,her2,-0.4450643750334966
ZNF827,her2,-0.09599910678033963
ZNF830,her2,-0.183935713471314
ZNFX1,her2,0.17869734047679373
ZNHIT1,her2,-0.07213731685278531
ZNHIT2,her2,-0.1869376637389626
ZNHIT3,her2,-0.3054192162294669
ZNHIT6,her2,-0.28138780507076233
ZNRF2,her2,0.23367455913585844
ZRANB2,her2,-0.5160894202277643
ZRSR2,her2,0.13035652812200357
ZSCAN16,her2,0.07828644911596987
ZSCAN18,her2,-0.5498611309218113
ZSCAN20,her2,-0.5597868353509154
ZSCAN21,her2,-0.3816829251520342
ZW10,her2,0.46753983345979594
ZWILCH,her2,0.4839565320572236
ZWINT,her2,0.8490587994076505
ZXDC,her2,-0.33435864826720674
ZYG11B,her2,0.06618752155916299
ZYX,her2,0.5651004520923358
ZZEF1,her2,-0.09162842880931774
ZZZ3,her2,-0.340940210772533
A1BG,luminal,1.0072676136526009
A2M,luminal,-0.15945376423380714
A2ML1,luminal,-2.2851163345936722
AAAS,luminal,0.8549539505583106
AACS,luminal,0.11568648293288579
AAGAB,luminal,1.3146001625437667
AAK1,luminal,-0.08803357273494404
AAMP,luminal,0.10049944779332987
AARS2,luminal,-0.6601578835911278
AARSD1,luminal,0.4329262906175838
AASDHPPT,luminal,0.08075123000375733
AASS,luminal,0.5484850632271622
AATF,luminal,-0.04033610969583099
ABAT,luminal,2.125011816171604
ABCA1,luminal,0.16679934123768747
ABCA2,luminal,1.1101669131886271
ABCA3,luminal,1.2825466670199472
ABCB10,luminal,-0.08576798269078505
ABCB6,luminal,-0.32571576888886744
ABCB7,luminal,0.04785353642360175
ABCB8,luminal,0.6538014802067483
ABCC1,luminal,-0.4764308077273085
ABCC10,luminal,-1.0795981211861214
ABCC3,luminal,0.20865775583974533
ABCC4,luminal,-0.912313462473491
ABCD1,luminal,-0.7922626526287174
ABCD3,luminal,1.1316321987937799
ABCE1,luminal,-0.8043349025793299
ABCF1,luminal,-1.1833702109000894
ABCF3,luminal,-0.09617087334583438
ABHD10,luminal,0.1736084461314325
ABHD11,luminal,-0.09488823456546988
ABHD12,luminal,0.1668528435814834
ABHD14B,luminal,0.8016213891642865
ABHD3,luminal,0.27309235533173865
ABHD4,luminal,0.6645682535769016
ABHD5,luminal,-0.08437561397140825
ABHD6,luminal,0.2181395969987574
ABI1,luminal,-0.9047991164143748
ABI2,luminal,0.31542001793728686
ABI3,luminal,-0.027339003486948572
ABI3BP,luminal,0.4560471455312509
ABL1,luminal,0.20242706458741033
ABL2,luminal,-0.15388483099198383
ABLIM1,luminal,-0.5431352689754356
ABLIM2,luminal,0.2846984463993926
ABLIM3,luminal,1.5820890330767674
ABR,luminal,0.6332507675216477
ABT1,luminal,-1.032616899363471
ABTB2,luminal,-1.4619663736619601
ACAA1,luminal,0.24950495390740798
ACAA2,luminal,-0.4629368161545293
ACACA,luminal,0.33160545317032825
ACACB,luminal,0.8645667992865255
ACAD10,luminal,0.6704794051351496
ACAD11,luminal,0.3948284486189325
ACAD8,luminal,0.23733683799481978
ACAD9,luminal,-0.5393908843613721
ACADM,luminal,0.033176030060226624
ACADS,luminal,0.5822018564597327
ACADSB,luminal,2.3514242178421916
ACADVL,luminal,0.33304983372462155
ACAN,luminal,-0.5810904709529977
ACAP1,luminal,-0.429463814520199
ACAP2,luminal,-0.04464000515140172
ACAP3,luminal,0.013139417955606398
ACAT1,luminal,0.2972765234954738
ACAT2,luminal,-0.7284935795560433
ACBD3,luminal,0.041442782575481375
ACBD5,luminal,0.2721552782453359
ACBD6,luminal,-0.12439418938330751
ACBD7,luminal,-0.6955828428446066
ACD,luminal,-0.38475504583586884
ACE,luminal,0.07291179593625814
ACIN1,luminal,0.4623152176585662
ACLY,luminal,0.24279073445754953
ACO1,luminal,0.10605485075249611
ACO2,luminal,-0.31824577288450523
ACOT11,luminal,-0.44621537656158505
ACOT13,luminal,-0.512223043121468
ACOT2,luminal,0.9747809787494057
ACOT4,luminal,1.5766051020958842
ACOT7,luminal,-0.6601988012299483
ACOT8,luminal,-0.14038204667756193
ACOT9,luminal,-1.17723949312278
ACOX1,luminal,-0.1630479318744774
ACOX2,luminal,1.2984353135690538
ACOX3,luminal,0.7361514176400348
ACP1,luminal,-0.6080028301877887
ACP2,luminal,0.1327581090503981
ACP5,luminal,0.39887913782746054
ACP6,luminal,0.24078589227416192
ACSF2,luminal,0.6551009766014094
ACSF3,luminal,0.07926200378640154
ACSL1,luminal,-0.6047129263663391
ACSL3,luminal,0.10875656362999923
ACSL4,luminal,-0.761724914144766
ACSL5,luminal,-0.3737112357030459
ACSM1,luminal,0.8616378906307673
ACSM3,luminal,-0.3066861613695043
ACSS1,luminal,0.33688064931862477
ACSS2,luminal,-0.10601175571649926
ACSS3,luminal,0.6392462049848271
ACTA1,luminal,-0.07289695911906227
ACTA2,luminal,0.16431810377415396
ACTB,luminal,-0.9236494137839789
ACTBL2,luminal,-0.6524873997595737
ACTG1,luminal,-0.1699290532404974
ACTG2,luminal,-0.4583332999978739
ACTL6A,luminal,-0.9808267062401751
ACTL8,luminal,-1.0501178974262797
ACTN1,luminal,-0.5200381282359938
ACTN4,luminal,-0.8819830015076298
ACTR10,luminal,0.7219060735463466
ACTR1A,luminal,-0.153455726803135
ACTR1B,luminal,-0.110718266537733
ACTR2,luminal,-0.92121578492346
ACTR3,luminal,-1.446707796955916
ACTR3B,luminal,-1.1314525407586813
ACTR5,luminal,0.08089351727181332
ACTR6,luminal,-0.13541701885061386
ACTR8,luminal,0.6782571356633093
ACVR1,luminal,0.20144611033057921
ACY1,luminal,0.5709569557624415
ACYP1,luminal,-0.3298610586536322
ACYP2,luminal,-0.6574500847984583
ADA,luminal,-0.8446208737569697
ADAM10,luminal,0.28022953259412253
ADAM12,luminal,0.3170547930732288
ADAM15,luminal,-0.6685409553393432
ADAM17,luminal,-1.030219205258518
ADAM8,luminal,-0.3658964865970581
ADAM9,luminal,-0.19517263201380253
ADAMDEC1,luminal,-0.7492982822226321
ADAMTS12,luminal,0.36457829211925263
ADAMTS2,luminal,0.11606506270948405
ADAMTS4,luminal,-0.5241747988385191
ADAMTS7,luminal,-0.33254116951442875
ADAMTSL1,luminal,0.40423731645845945
ADAMTSL2,luminal,0.560125827293429
ADAMTSL4,luminal,-0.49638495934978283
ADAP1,luminal,0.6183875503013153
ADAP2,luminal,0.14944798796145317
ADAR,luminal,0.04451023403760372
ADARB1,luminal,-0.40398992083009316
ADAT1,luminal,0.10005194759093754
ADAT2,luminal,-0.8950997395388545
ADAT3,luminal,-0.1607878128763268
ADCK1,luminal,0.12226652875077205
ADCK5,luminal,-0.20956736958495675
ADCY6,luminal,1.0958936296921367
ADCY9,luminal,1.955056510059367
ADD1,luminal,1.4623912856691583
ADD2,luminal,-0.8010874559177396
ADD3,luminal,-0.2466220797784708
ADH1B,luminal,0.5669134007265302
ADH5,luminal,-0.25219004730187716
ADHFE1,luminal,0.5971964723417796
ADI1,luminal,-1.0342856832817875
ADIPOR1,luminal,0.33462050738146665
ADIPOR2,luminal,0.6970808628216432
ADK,luminal,-0.12967413818107842
ADNP,luminal,0.27938980854050216
ADNP2,luminal,-0.001337422918832999
ADO,luminal,-0.015052118711533466
ADPGK,luminal,-0.4486617064492447
ADPRH,luminal,-0.5738281597746325
ADRM1,luminal,-0.6798946748941791
ADSL,luminal,-1.2603315215149622
AEBP1,luminal,0.45850633705008864
AEBP2,luminal,-0.30187111241909953
AFAP1,luminal,-0.24767114875915253
AFAP1L1,luminal,0.030784925381287614
AFAP1L2,luminal,0.7697212458713948
AFF1,luminal,1.2177072197739207
AFF3,luminal,2.4940134583689084
AFF4,luminal,1.1147127508341743
AFG3L2,luminal,-0.8067912840205089
AFM,luminal,0.18179656474296355
AFMID,luminal,0.39335925787326703
AFTPH,luminal,0.9135632561607044
AGA,luminal,0.4361920671528821
AGAP1,luminal,0.28719215287045424
AGAP2,luminal,-0.33669969862243343
AGAP3,luminal,-0.2962060173337765
AGFG1,luminal,-0.8422355079665285
AGFG2,luminal,0.6248687151937273
AGGF1,luminal,1.4532414446618889
AGK,luminal,-0.5489414009111513
AGL,luminal,0.44454680711779926
AGPAT1,luminal,-0.3727049446957779
AGPAT2,luminal,-0.07743584324058392
AGPAT3,luminal,0.1772752034493695
AGPAT5,luminal,-0.3735739068972319
AGPS,luminal,0.2570345175832066
AGR2,luminal,2.2053804264726846
AGR3,luminal,3.567976444683197
AGRN,luminal,-0.02195141066247422
AGT,luminal,0.38270635250562535
AGTPBP1,luminal,-1.0105249325318248
AGTRAP,luminal,-0.06321891123822594
AHCTF1,luminal,-0.5460377329817748
AHCY,luminal,-0.45524025190951684
AHCYL1,luminal,0.8386873883105053
AHCYL2,luminal,0.4335346546587965
AHDC1,luminal,-0.4653583282556895
AHI1,luminal,-0.01354875021220214
AHNAK,luminal,1.379600168006446
AHNAK2,luminal,0.054378315631079595
AHR,luminal,0.1271844755092264
AHSA1,luminal,-0.8181771222124601
AHSG,luminal,-1.0132853748255803
AHSP,luminal,0.07328468189166579
AIDA,luminal,-0.17803458452796125
AIF1,luminal,-0.12381124863293702
AIF1L,luminal,-1.2780365676285417
AIFM1,luminal,-0.29354975478515455
AIFM2,luminal,-0.166847359118676
AIMP1,luminal,0.48957822978339677
AIMP2,luminal,-0.5797886756608509
AIP,luminal,-0.04774951183815683
AK1,luminal,0.2389971016428865
AK2,luminal,-1.0814607132563774
AK3,luminal,0.024707141772531915
AK5,luminal,0.5638483515647141
AKAP1,luminal,-0.11788579179998808
AKAP10,luminal,0.871528999101251
AKAP11,luminal,0.6805281410445612
AKAP12,luminal,0.7351345746928156
AKAP13,luminal,0.03374522079808252
AKAP5,luminal,0.8175231013062948
AKAP7,luminal,-0.43577008631373226
AKAP8,luminal,-0.08408948447420299
AKAP8L,luminal,0.1055790617381669
AKAP9,luminal,0.7386246095072688
AKIRIN2,luminal,-0.8316228095612939
AKNA,luminal,-0.2761454302685951
AKR1A1,luminal,-0.2361759557522569
AKR1B1,luminal,-0.717835388685967
AKR1B10,luminal,-0.3648106430943111
AKR1C2,luminal,-0.24343644290463587
AKR1C3,luminal,-0.07882774932934447
AKR7A2,luminal,0.9370924372097276
AKR7A3,luminal,1.7410530230359793
AKT1,luminal,0.015318786223638591
AKT1S1,luminal,0.08182282822121957
AKT2,luminal,0.2101024900582226
AKT3,luminal,-0.167120653792376
AKTIP,luminal,0.17215979962835273
ALAD,luminal,1.2367019572725189
ALAS1,luminal,-0.6545498831732791
ALB,luminal,0.36056282539798057
ALCAM,luminal,0.8829717694323104
ALDH16A1,luminal,0.3080833108603803
ALDH18A1,luminal,-0.6287978665868547
ALDH1A1,luminal,0.2356835419808749
ALDH1A2,luminal,0.3391687884421198
ALDH1A3,luminal,-0.8376818034896547
ALDH1B1,luminal,-0.29298633195039436
ALDH1L1,luminal,-0.10052133688293127
ALDH1L2,luminal,-0.5247132667166791
ALDH2,luminal,0.1020051931842706
ALDH3A2,luminal,0.7475264664047985
ALDH4A1,luminal,0.49818381624794345
ALDH5A1,luminal,0.2469855748305702
ALDH6A1,luminal,1.1167469265135674
ALDH7A1,luminal,-0.3228938388627799
ALDH9A1,luminal,0.033245706509446395
ALDOA,luminal,0.36625916752049814
ALDOC,luminal,-0.4615747882403994
ALG1,luminal,1.1364112118861585
ALG11,luminal,0.1304464543214557
ALG12,luminal,0.11604484841727326
ALG13,luminal,0.729102170395072
ALG2,luminal,0.38892103762801294
ALG5,luminal,0.38346762326240313
ALG6,luminal,-0.5892347347345428
ALG9,luminal,-0.142925376252424
ALKBH1,luminal,0.8962594712936325
ALKBH2,luminal,-0.32776935043443023
ALKBH3,luminal,0.06146772481891227
ALKBH4,luminal,-0.2570896719353027
ALKBH5,luminal,0.03261031832783996
ALKBH6,luminal,-0.11373024938018737
ALKBH7,luminal,0.5526487298260085
ALKBH8,luminal,0.7752555583029689
ALLC,luminal,-0.11196312847344295
ALMS1,luminal,0.16300065435319813
ALOX15,luminal,0.2454612158627431
ALOX15B,luminal,0.19260103481493632
ALOX5,luminal,0.05711714236152712
ALOX5AP,luminal,0.03341060962241534
ALPK1,luminal,-0.08291484477154981
ALPL,luminal,-0.5730636150187279
ALS2,luminal,0.1356585998867437
AMACR,luminal,0.7473624015012156
AMBP,luminal,0.6613108625562919
AMBRA1,luminal,0.46126210334000745
AMDHD1,luminal,0.7399759385472898
AMDHD2,luminal,0.5750257815470133
AMFR,luminal,1.2557740387063205
AMIGO2,luminal,0.9236531440002655
AMMECR1,luminal,-0.4288028140287225
AMOT,luminal,-0.34279745137566014
AMOTL1,luminal,-0.5532699917539038
AMOTL2,luminal,0.22136094528796466
AMPD2,luminal,-0.7514762379008053
AMPD3,luminal,0.1257015345861325
AMPH,luminal,0.8395729870242243
AMT,luminal,0.38456931248191195
AMZ2,luminal,0.3626758677608086
ANAPC1,luminal,-0.47562811838014346
ANAPC10,luminal,-0.11786536540253953
ANAPC11,luminal,-0.13929545843923496
ANAPC13,luminal,0.5985992326671402
ANAPC16,luminal,0.1448986968554478
ANAPC2,luminal,0.7400478069046125
ANAPC4,luminal,0.27485232472899906
ANAPC5,luminal,-0.14444318465417483
ANAPC7,luminal,-0.161732389810684
ANG,luminal,0.9526859189135156
ANGEL2,luminal,0.9194095762798001
ANGPT2,luminal,-0.08084353072279941
ANGPTL2,luminal,0.21380222696772685
ANGPTL4,luminal,-0.6516730065843079
ANK1,luminal,0.02571730946974664
ANK2,luminal,0.39088198688741455
ANK3,luminal,-0.056705329950677855
ANKFY1,luminal,0.444195811498524
ANKHD1,luminal,0.7746007537777849
ANKIB1,luminal,-0.07507106053422273
ANKLE2,luminal,-0.10367833633896609
ANKMY2,luminal,0.9046526952598455
ANKRD10,luminal,0.29286124422303367
ANKRD11,luminal,-1.085863287570543
ANKRD12,luminal,0.7136677666499514
ANKRD13A,luminal,-0.1854035688085146
ANKRD13D,luminal,0.1171388823886456
ANKRD16,luminal,-0.17582163068507148
ANKRD17,luminal,-0.2787673253830881
ANKRD22,luminal,-0.292757792287318
ANKRD26,luminal,0.36968696669186313
ANKRD27,luminal,-0.7730880974010974
ANKRD28,luminal,0.3233290845949939
ANKRD30A,luminal,1.5911436491995603
ANKRD35,luminal,-0.42682109159056913
ANKRD39,luminal,-0.21730156349163962
ANKRD40,luminal,0.5085249059101887
ANKRD44,luminal,0.06738241291155607
ANKRD49,luminal,0.0177997645030831
ANKRD50,luminal,0.7603075021943655
ANKRD52,luminal,0.3832034994250773
ANKRD54,luminal,-0.5755166647805967
ANKS1A,luminal,-0.7022299425509778
ANKS3,luminal,0.47105615178035665
ANKZF1,luminal,-0.5027007239261579
ANLN,luminal,-1.5656799161335229
ANO1,luminal,0.7820955954959417
ANO10,luminal,0.07865292942593122
ANO6,luminal,0.4210179408776913
ANP32A,luminal,0.1550571277444141
ANP32B,luminal,-1.2416993703605534
ANP32E,luminal,-1.1513505678783753
ANPEP,luminal,0.11457314835247112
ANTXR1,luminal,0.28061229404743526
ANTXR2,luminal,0.0743534533915539
ANXA1,luminal,-0.9654763925755958
ANXA11,luminal,0.29103807877734594
ANXA2,luminal,-0.38171936768312903
ANXA3,luminal,-0.8749187789615884
ANXA4,luminal,-0.578596815999084
ANXA5,luminal,-0.6244775368124976
ANXA6,luminal,0.9421992595698226
ANXA7,luminal,0.34348788192939617
ANXA8L1,luminal,-0.7385351129591902
ANXA9,luminal,2.5208629466035224
AOAH,luminal,-0.10021465300274661
AOC3,luminal,0.6210663237382879
AOX1,luminal,0.5103991597450657
AP1AR,luminal,1.2078802523752712
AP1B1,luminal,-0.6584315773735326
AP1G1,luminal,0.012866092563105544
AP1G2,luminal,1.2998908342273054
AP1M1,luminal,-0.4762372797650304
AP1M2,luminal,0.7113734674059948
AP1S1,luminal,-0.4498618785742843
AP1S2,luminal,-0.08659858778611455
AP1S3,luminal,-0.40002923642230764
AP2A1,luminal,0.2759579418492383
AP2A2,luminal,0.40587754715655
AP2B1,luminal,1.1076944483545463
AP2M1,luminal,-0.779189387029484
AP2S1,luminal,-0.43544773164070494
AP3B1,luminal,0.89968322648196
AP3B2,luminal,-0.07868640482858838
AP3D1,luminal,0.1922257632288595
AP3M1,luminal,0.6005499623600342
AP3M2,luminal,0.2817367845533296
AP3S1,luminal,0.039199871131156167
AP3S2,luminal,0.7496437853198115
AP4B1,luminal,-0.6342096817078473
AP4E1,luminal,0.5234250087070171
AP4M1,luminal,-0.3650806561734214
AP4S1,luminal,0.39577589724752027
APAF1,luminal,0.18579667232281127
APBA1,luminal,-0.681089063812444
APBA2,luminal,-1.2650714410312265
APBA3,luminal,-0.19205214975202867
APBB1,luminal,0.7651746379518185
APBB1IP,luminal,-0.0674353893114931
APBB2,luminal,2.1565648253200957
APC,luminal,0.7728419643074386
APCS,luminal,-0.21912863033582025
APEH,luminal,0.8729466585251872
APEX1,luminal,-0.10868893334063856
APEX2,luminal,-0.5599082532082095
API5,luminal,-0.18574156604681843
APIP,luminal,0.029221557184966118
APLF,luminal,-0.9394061349416855
APLP2,luminal,0.0774654784760549
APOA1,luminal,0.5326144532253025
APOA2,luminal,-0.6174507490561162
APOA4,luminal,-0.09331069091169389
APOB,luminal,0.14613782681698634
APOBEC3B,luminal,-0.7805377325960402
APOBEC3C,luminal,-0.35382876451462253
APOBEC3F,luminal,-0.205229142058313
APOBEC3G,luminal,-0.16612226896143562
APOC1,luminal,-0.22395270830660582
APOC3,luminal,0.2832952638705554
APOC4,luminal,-0.0682361091856394
APOD,luminal,0.38105946883204617
APOE,luminal,-0.2087232823837246
APOF,luminal,0.9585908670853865
APOH,luminal,-0.2805484229892664
APOL1,luminal,-0.13657950948630926
APOL2,luminal,-0.09812480061788345
APOL3,luminal,0.10183101939088814
APOM,luminal,0.31081478579212984
APOO,luminal,-0.6535010437665945
APOOL,luminal,0.35009073091090287
APP,luminal,-0.8754612160385525
APPBP2,luminal,0.7815531254864816
APPL1,luminal,0.5472874155667399
APPL2,luminal,1.4183318881500555
APRT,luminal,-0.503866064752582
APTX,luminal,-0.07029336055221393
AQP1,luminal,0.3001716350553723
AQR,luminal,0.49527065601282133
AR,luminal,1.811244141671591
ARAF,luminal,0.4647467565780002
ARAP1,luminal,0.45869051339672307
ARAP2,luminal,-0.4461028963849502
ARAP3,luminal,-0.16302903638432903
ARCN1,luminal,-0.2717844173710424
ARF1,luminal,-0.49491868959179325
ARF3,luminal,1.2017990639706035
ARF4,luminal,-0.1653468890541777
ARF5,luminal,-0.5901557164274563
ARF6,luminal,0.3483475724521431
ARFGAP1,luminal,-0.08527405976743094
ARFGAP2,luminal,0.43524439708316753
ARFGAP3,luminal,-0.8343490462163621
ARFGEF1,luminal,0.6702202016383537
ARFGEF2,luminal,0.6518047223008243
ARFIP1,luminal,1.1219736184947968
ARFIP2,luminal,1.1563613561244943
ARFRP1,luminal,0.10770868132403501
ARG1,luminal,-0.21384435507150923
ARGLU1,luminal,-0.0164231100264975
ARHGAP1,luminal,0.7008914516876045
ARHGAP10,luminal,-0.5962954914996106
ARHGAP12,luminal,0.5006019149394472
ARHGAP15,luminal,-0.07313595398116926
ARHGAP17,luminal,-0.3467366782416578
ARHGAP18,luminal,-0.015863151013234
ARHGAP21,luminal,-1.0493669298135648
ARHGAP22,luminal,-0.8898056207912568
ARHGAP24,luminal,0.28844514235168434
ARHGAP25,luminal,-0.3085763631499171
ARHGAP26,luminal,-0.34733071506636765
ARHGAP27,luminal,-0.6836831657694
ARHGAP29,luminal,0.42659319412204394
ARHGAP30,luminal,-0.44322618495471106
ARHGAP31,luminal,-0.38776403243214624
ARHGAP32,luminal,1.0233227274489867
ARHGAP39,luminal,0.059420002000354626
ARHGAP4,luminal,-0.2440460176654376
ARHGAP5,luminal,0.25060517399809085
ARHGAP6,luminal,0.7788377650248136
ARHGAP8,luminal,0.03389379421116013
ARHGAP9,luminal,-0.26506146393103663
ARHGDIA,luminal,-0.08660873461483728
ARHGDIB,luminal,0.3013713916803109
ARHGEF1,luminal,-0.3303559403990871
ARHGEF10,luminal,-0.020874206030736153
ARHGEF10L,luminal,-0.20343613423725956
ARHGEF11,luminal,-0.17762340329679302
ARHGEF12,luminal,0.8161997670185879
ARHGEF16,luminal,0.365946574610919
ARHGEF17,luminal,0.6734296455693691
ARHGEF18,luminal,0.12119136933661775
ARHGEF2,luminal,-0.5111535309019475
ARHGEF3,luminal,0.8057040939795461
ARHGEF35,luminal,0.12322582356420084
ARHGEF37,luminal,0.2070884653093039
ARHGEF38,luminal,0.7200434731061572
ARHGEF5,luminal,-0.022104958133284818
ARHGEF6,luminal,0.4603930963317255
ARHGEF7,luminal,-0.23722952633868158
ARID1A,luminal,0.4369608659841914
ARID1B,luminal,0.08948191190411528
ARID2,luminal,1.2084905799930115
ARID3A,luminal,0.34271835573291537
ARID4A,luminal,1.0921713955851697
ARID4B,luminal,0.4081252744628127
ARID5A,luminal,-0.19560593589499595
ARID5B,luminal,-0.08193439421532087
ARIH1,luminal,0.011382050056257777
ARIH2,luminal,0.017008905723364998
ARL1,luminal,0.9282220369927764
ARL15,luminal,0.883039301157022
ARL2,luminal,-0.23706930279298413
ARL2BP,luminal,-0.04740463998191089
ARL3,luminal,1.5314241835885751
ARL5A,luminal,-0.2655875594481422
ARL5B,luminal,-0.962066987079346
ARL6,luminal,0.25257828392635995
ARL6IP1,luminal,0.21088502970328984
ARL6IP5,luminal,0.28298367631868976
ARL6IP6,luminal,-0.4760435363995669
ARL8A,luminal,0.0957262967757936
ARL8B,luminal,0.5750853563132214
ARMC1,luminal,-0.2764874288125008
ARMC10,luminal,-0.36506162095007216
ARMC5,luminal,0.7299302302467706
ARMC6,luminal,-0.6655029743002794
ARMC7,luminal,0.5748869860914602
ARMC8,luminal,-0.11449129073372934
ARMC9,luminal,1.330019605371569
ARMCX1,luminal,0.5689007578706134
ARMCX2,luminal,0.5582671607385092
ARMCX3,luminal,0.618749060946403
ARMCX5,luminal,0.4744421007536335
ARNT,luminal,0.19655297700599803
ARNT2,luminal,0.8730936160641322
ARPC1A,luminal,-0.7013909025590084
ARPC1B,luminal,-0.6130162206421113
ARPC2,luminal,-0.7484639175129753
ARPC3,luminal,-0.035936812428878744
ARPC4,luminal,-0.5932746953541235
ARPC5,luminal,-1.0093519296765363
ARPC5L,luminal,-0.9985928544493072
ARPP19,luminal,0.832235706356246
ARRB1,luminal,0.8956235604987441
ARRB2,luminal,-0.5345240836673879
ARRDC1,luminal,0.27980264441749
ARSA,luminal,0.12081064744487817
ARSB,luminal,-0.45279549897779897
ARSD,luminal,0.7501160741776729
ARV1,luminal,0.36358170138871976
ARVCF,luminal,0.02530505226424627
AS3MT,luminal,0.4064499474781695
ASAH1,luminal,1.22093460627007
ASAP1,luminal,-0.42507007239878125
ASAP2,luminal,-0.3553926790456493
ASAP3,luminal,0.009976924954730054
ASB1,luminal,0.22482041287177973
ASB13,luminal,1.129697393410349
ASB6,luminal,-0.281466866196988
ASB7,luminal,0.2820645567413411
ASB9,luminal,-0.5441153895371897
ASCC1,luminal,-0.5096883715613546
ASCC2,luminal,-0.9213869119689042
ASCC3,luminal,-0.6019471855412679
ASF1A,luminal,-1.0151080112849096
ASF1B,luminal,-0.8679637990074421
ASGR2,luminal,-0.26803565186835704
ASH1L,luminal,0.512383201615543
ASH2L,luminal,0.3892497922716713
ASL,luminal,0.5324023189229103
ASNS,luminal,-1.4381778172086352
ASNSD1,luminal,-0.3124855276338913
ASPA,luminal,0.8443010942565486
ASPH,luminal,0.01453816823564327
ASPM,luminal,-1.1917315537137632
ASPSCR1,luminal,-0.002571644766291419
ASRGL1,luminal,-0.5926280294196759
ASS1,luminal,-1.1487778879351473
ASTE1,luminal,0.39525143794660333
ATAD1,luminal,0.5921545532731557
ATAD2,luminal,-0.6858529167987428
ATAD2B,luminal,-0.5670075654008906
ATAD3A,luminal,-1.0446438967015446
ATAD3B,luminal,-0.934807758236865
ATE1,luminal,0.5836668501071797
ATF1,luminal,0.6491454313267632
ATF2,luminal,0.30124310995734066
ATF7,luminal,0.5221341092438158
ATF7IP,luminal,-0.4460438461513253
ATG12,luminal,0.8223394885636184
ATG16L1,luminal,0.7809890774728695
ATG2A,luminal,0.37975597093579666
ATG2B,luminal,1.211266628236152
ATG3,luminal,-0.8097181662683767
ATG4A,luminal,-0.06689526711020607
ATG4B,luminal,-0.27061723157994405
ATG4C,luminal,-0.3259113775376791
ATG5,luminal,-0.6701979729633577
ATG7,luminal,0.10614897534144425
ATG9A,luminal,-0.8628927628964104
ATIC,luminal,0.15826540236368725
ATL1,luminal,-0.12603186430697036
ATL2,luminal,-1.6992412335284528
ATL3,luminal,-0.3645946241847123
ATM,luminal,0.10353705818881354
ATN1,luminal,-0.24974128184274016
ATOX1,luminal,0.16729757277042528
ATP11A,luminal,-1.2611297752449626
ATP11B,luminal,-0.9369355709097825
ATP11C,luminal,-1.0612685714187922
ATP13A1,luminal,-0.16062293327157579
ATP13A2,luminal,0.3936103203833532
ATP13A3,luminal,-0.4777096579880737
ATP1A1,luminal,-0.9682962306839954
ATP1B1,luminal,0.07845189012321811
ATP1B3,luminal,-1.265160492788592
ATP2A2,luminal,-0.3029004333624954
ATP2A3,luminal,0.4377833603246197
ATP2B1,luminal,0.2824780470863232
ATP2B4,luminal,-0.027475049496937444
ATP2C1,luminal,-1.049399470231021
ATP6AP1,luminal,0.7871786373321299
ATP6AP2,luminal,0.4382875383788937
ATP6V0A1,luminal,0.8942634674595283
ATP6V0A2,luminal,-0.19327454165844982
ATP6V0A4,luminal,-0.8093022401099228
ATP6V0D1,luminal,-0.09828700460558097
ATP6V1A,luminal,0.08758886523064635
ATP6V1B1,luminal,0.314403755016019
ATP6V1B2,luminal,-0.2229267522950637
ATP6V1C1,luminal,0.43878063886087004
ATP6V1D,luminal,0.4399445362962181
ATP6V1E1,luminal,0.05934097334014615
ATP6V1F,luminal,-0.5415973932430447
ATP6V1G1,luminal,0.5699912626397905
ATP6V1G2,luminal,1.0354719942514459
ATP6V1H,luminal,0.4644138142175637
ATP7A,luminal,0.708955113726822
ATP8B1,luminal,1.5870859455850896
ATP9A,luminal,0.3989532058786742
ATP9B,luminal,0.731791046854867
ATPAF1,luminal,0.44030939965160765
ATPAF2,luminal,0.8880100714749799
ATR,luminal,-0.288551385569907
ATRIP,luminal,1.4311233600868172
ATRN,luminal,0.43974415328982525
ATRX,luminal,0.545751601207221
ATXN1,luminal,0.5165008330818287
ATXN10,luminal,0.22788055936095658
ATXN1L,luminal,-0.3282509055304895
ATXN2,luminal,0.6426061128653445
ATXN2L,luminal,-0.38015715355663454
ATXN3,luminal,0.08829960231111386
ATXN7,luminal,0.2692042337135915
ATXN7L3,luminal,0.21994469009151474
ATXN7L3B,luminal,0.24583807601130525
AUH,luminal,0.6968813950761178
AUP1,luminal,-0.46737281666231617
AURKA,luminal,-1.1584271252273222
AURKB,luminal,-1.5194970832761356
AUTS2,luminal,0.029200051124856366
AVEN,luminal,-1.0138303632303693
AVL9,luminal,0.16044866504038824
AXIN1,luminal,-0.12383748561280492
AXL,luminal,0.5043066374811291
AZGP1,luminal,0.7459984184752628
AZI2,luminal,0.5861251119444051
AZU1,luminal,0.9386267998164847
B2M,luminal,-0.2819823127430093
B3GALT6,luminal,0.2644565748657474
B3GAT3,luminal,-0.1527603415174141
B3GNT2,luminal,-0.17694928024470416
B4GALT1,luminal,-0.08457093923339432
B4GALT3,luminal,-0.5389305705139189
B4GALT4,luminal,-0.42310279553072955
B4GALT7,luminal,0.5406922524187234
B9D1,luminal,0.41794193896669385
BACH1,luminal,-0.541930231998938
BAD,luminal,0.3951527091857209
BAG1,luminal,0.7574283163190829
BAG2,luminal,-0.9041879860827657
BAG3,luminal,0.5915104297348226
BAG4,luminal,0.4608075280842586
BAG5,luminal,-0.17182796580326026
BAHD1,luminal,0.3623006934852444
BAIAP2,luminal,0.6772132590579479
BAIAP2L1,luminal,-0.9960211895367572
BAK1,luminal,-1.1413138068623043
BANF1,luminal,-0.5498641812721526
BANK1,luminal,-0.26888187921894546
BANP,luminal,-0.7594250798155783
BAP1,luminal,0.342638453007359
BARD1,luminal,-0.17901729988188442
BASP1,luminal,0.2264900456094072
BAX,luminal,-0.4528667915460258
BAZ1A,luminal,-0.6049493441348129
BAZ1B,luminal,-0.5757974782396948
BAZ2A,luminal,0.988871196184028
BAZ2B,luminal,0.7263489463623098
BBC3,luminal,0.6503254126285929
BBOX1,luminal,-1.2463992270239883
BBS1,luminal,1.8129454785701564
BBS2,luminal,0.7848159233255373
BBS4,luminal,1.820850661172313
BBS7,luminal,-0.29931530298331177
BBS9,luminal,0.6400629089545067
BBX,luminal,0.3206872215829352
BCAM,luminal,1.7855983755529101
BCAP29,luminal,0.32646283254326774
BCAP31,luminal,-0.3389683386301391
BCAR1,luminal,-0.14640342108972274
BCAR3,luminal,0.6195236250516275
BCAS1,luminal,1.6677495089312484
BCAS2,luminal,-0.5078653664595061
BCAS3,luminal,0.9535482104012161
BCAS4,luminal,0.6032797202692697
BCAT1,luminal,-0.6084094032238575
BCAT2,luminal,0.9831072883745009
BCCIP,luminal,-0.17951014477434837
BCHE,luminal,0.2978648697189303
BCKDHA,luminal,0.4392666194796471
BCKDHB,luminal,0.30505550758068467
BCKDK,luminal,0.6652555048323034
BCL10,luminal,-0.08094273201114174
BCL11B,luminal,-0.7853204324738127
BCL2,luminal,1.948764242150019
BCL2L1,luminal,0.937297737034351
BCL2L11,luminal,0.5624484229611448
BCL2L13,luminal,-0.03357183177061306
BCL2L14,luminal,-0.9230615737610496
BCL3,luminal,0.08866170917844503
BCL6,luminal,0.1341682253836515
BCL7A,luminal,-0.03206087673713958
BCL7B,luminal,-0.3496153905128795
BCL7C,luminal,-0.14836108021251299
BCL9,luminal,0.3594997215632958
BCL9L,luminal,-0.31716474712345677
BCLAF1,luminal,0.1347774576404098
BCOR,luminal,0.5865968779365152
BCORL1,luminal,0.4045329464781584
BCR,luminal,-0.9071306767168018
BCS1L,luminal,-0.5758163877867541
BDH1,luminal,0.08326197738181962
BDH2,luminal,0.23591680124708128
BECN1,luminal,1.4572364787527925
BEND3,luminal,-1.5070860417281577
BET1,luminal,-0.13851575625141693
BET1L,luminal,0.63023339100263
BGN,luminal,0.09429343124752647
BHLHE40,luminal,1.7177144871615944
BICC1,luminal,0.04124862679599563
BICD1,luminal,-0.5429646544245175
BICD2,luminal,-0.4800995019702835
BID,luminal,-1.2212762622841946
BIN1,luminal,-0.6556199667882777
BIN2,luminal,-0.6395375957292591
BIN3,luminal,0.09004620514885141
BIRC2,luminal,-0.5207242212302672
BIRC3,luminal,-0.48225337935294815
BIRC5,luminal,-1.185519335097583
BIRC6,luminal,0.04575850716054162
BLM,luminal,-1.2718548132835739
BLMH,luminal,0.07808165626432063
BLNK,luminal,0.5195987799131422
BLOC1S1,luminal,0.6920114261276684
BLOC1S2,luminal,0.18813489818860873
BLOC1S3,luminal,-0.06998699764140535
BLVRA,luminal,0.9305350021630149
BLVRB,luminal,0.6405005445097807
BLZF1,luminal,0.5648311299623006
BMF,luminal,-0.2582621644111462
BMP1,luminal,-0.2824413992829141
BMP2K,luminal,0.20203599665135175
BMPR1B,luminal,1.1251369932525666
BMS1,luminal,-1.1215717596735224
BNIP1,luminal,0.2905265155621775
BNIP2,luminal,-0.6478462639154056
BNIP3,luminal,-0.44806205314202313
BNIP3L,luminal,0.6783314258919467
BNIPL,luminal,1.0770354036270695
BOD1,luminal,0.5512572348348721
BOK,luminal,0.1627636893030738
BOLA1,luminal,-0.408623467004696
BOLA3,luminal,-0.9344933785832409
BOP1,luminal,-0.7706169978888486
BPGM,luminal,-0.2461695087442007
BPHL,luminal,0.02520453951538571
BPI,luminal,-1.5142147970254356
BPNT1,luminal,-0.21888289148010218
BPTF,luminal,0.38429664974812594
BRAF,luminal,-0.07596286837611817
BRAP,luminal,0.46234089296355174
BRCA1,luminal,0.29608853757720033
BRCC3,luminal,-0.14466001055369562
BRD1,luminal,-0.4719088250184546
BRD2,luminal,0.1452708469716262
BRD3,luminal,0.44271646444202606
BRD4,luminal,-0.6152489706081272
BRD7,luminal,-0.7563454663175124
BRD8,luminal,1.24046202600038
BRD9,luminal,-0.15671551960670113
BRF1,luminal,0.42607264936795924
BRIP1,luminal,-0.482521111199268
BRIX1,luminal,-1.0349187062404233
BRMS1,luminal,-0.19946822120320437
BRMS1L,luminal,-0.5424087006639393
BRPF1,luminal,-0.47915823561014126
BRPF3,luminal,0.292954794415237
BRWD1,luminal,0.6930876149656999
BRWD3,luminal,-0.08430303115776061
BSCL2,luminal,0.2843227988705145
BSDC1,luminal,0.45725830310929894
BSG,luminal,-0.19449695059653446
BSPRY,luminal,0.2686865740273339
BST1,luminal,-0.0956686398514277
BST2,luminal,0.4997089020346194
BTAF1,luminal,0.030218482520539457
BTBD1,luminal,0.19590759301550761
BTBD10,luminal,0.42044423253045515
BTBD2,luminal,0.26209536940871875
BTBD9,luminal,0.7840328581069552
BTD,luminal,1.2555118103797247
BTF3,luminal,1.5828414058777454
BTF3L4,luminal,-0.8664285931068966
BTG1,luminal,-0.17314465425030587
BTK,luminal,-0.12106956483604792
BTN3A1,luminal,-0.3031565782550932
BTN3A3,luminal,-0.2864445382236113
BUB1B,luminal,-1.1294120200563127
BUB3,luminal,0.55606669455913
BUD13,luminal,-0.8693001848477732
BUD31,luminal,-0.7037935556473417
BYSL,luminal,-1.309522311320559
BZW1,luminal,0.6056252699576886
BZW2,luminal,-0.346977632594598
C11orf52,luminal,0.960776311511146
C11orf58,luminal,0.8181128950948356
C11orf68,luminal,0.005886782938124866
C12orf43,luminal,0.8191361446641967
C12orf57,luminal,0.3448358808968889
C12orf75,luminal,-0.12994564663496722
C14orf119,luminal,0.22326980107981578
C15orf40,luminal,0.33841325420296203
C17orf75,luminal,0.4804560611540231
C18orf32,luminal,0.9553549036123905
C19orf12,luminal,-0.6672340363735948
C19orf25,luminal,0.5788423242388424
C19orf33,luminal,0.9255502741399835
C19orf47,luminal,-0.7289092971644513
C19orf53,luminal,-0.33411344853011254
C1D,luminal,0.00024231855997075265
C1QA,luminal,-0.3832194052419669
C1QB,luminal,-0.33896780544227667
C1QBP,luminal,-0.4340508473011234
C1QC,luminal,-0.3271508075552433
C1QTNF3,luminal,0.8536521125162507
C1RL,luminal,-0.11438427997651562
C1S,luminal,-0.36834661330618335
C1orf116,luminal,-0.5652937726607838
C1orf122,luminal,-0.3725858974890061
C1orf174,luminal,-1.032143064987394
C1orf198,luminal,-1.365019828651205
C1orf21,luminal,1.1227128822034103
C1orf226,luminal,0.9490479587068464
C1orf35,luminal,-0.2668068245509969
C1orf50,luminal,-0.37934384048137537
C1orf52,luminal,-0.5417490169672836
C2,luminal,-0.3266768462729275
C2CD2,luminal,-0.17176450561524065
C2CD2L,luminal,0.511874897935947
C2CD3,luminal,0.14853562501203935
C2orf68,luminal,-0.5786336221671651
C2orf69,luminal,0.04023716074674635
C2orf76,luminal,0.2397624152740489
C3,luminal,-0.1989583520088277
C3orf38,luminal,0.1982663133178136
C4BPA,luminal,-0.47530948369380344
C4BPB,luminal,0.11456220992479381
C4orf33,luminal,0.3014215503285349
C5,luminal,0.9137823973918054
C5AR1,luminal,-0.1692683684159925
C5orf22,luminal,-0.09416069262099269
C5orf24,luminal,0.9199575390501149
C6,luminal,0.4934974813185576
C6orf132,luminal,0.029710689725797483
C6orf47,luminal,-0.05670791066437502
C6orf89,luminal,0.4089474403371925
C7,luminal,0.5764057281437275
C7orf25,luminal,-0.07679489389607569
C8A,luminal,-0.38820345381024296
C8B,luminal,-0.10413623275404356
C8G,luminal,-0.67436334411145
C8orf33,luminal,-0.1598360606758408
C9,luminal,-0.17130074428492706
C9orf40,luminal,-1.355990731231481
C9orf72,luminal,-0.23114481331850265
C9orf78,luminal,-0.1266819774496146
CA1,luminal,-0.34116664527138135
CA12,luminal,2.9976727021625993
CA13,luminal,-0.9163772848723435
CA2,luminal,0.16044422778675835
CA3,luminal,-0.315775094837803
CA5B,luminal,0.25645523434041084
CA8,luminal,0.4040726787716082
CAB39,luminal,0.16255125879926433
CAB39L,luminal,1.089918790940427
CABIN1,luminal,-0.09948539047721361
CABLES1,luminal,0.5778604293739819
CACHD1,luminal,-0.15174624536897605
CACNA2D1,luminal,0.5338627774894117
CACNA2D2,luminal,1.996894183690275
CACNB3,luminal,0.20364181099585377
CACYBP,luminal,-0.8031092637028004
CAD,luminal,-1.05920938453551
CADM1,luminal,-0.18854441448941733
CADM4,luminal,-0.05767782069774511
CADPS2,luminal,0.5780633912770908
CALB2,luminal,-0.8699359172056021
CALCOCO1,luminal,1.4008225867429867
CALCOCO2,luminal,0.7887060794909412
CALCRL,luminal,0.5305005950762299
CALD1,luminal,-0.41464535812996384
CALM2,luminal,-0.613106225538322
CALML3,luminal,0.2860582844113415
CALML5,luminal,-0.9301875796194016
CALR,luminal,-1.1787893040687796
CALU,luminal,-1.0977110962035719
CAMK1,luminal,0.7155623547769702
CAMK1D,luminal,-0.6207089715514871
CAMK2D,luminal,-0.47325782616735645
CAMK2G,luminal,-0.5301993548576297
CAMK4,luminal,0.04789660575912105
CAMKK1,luminal,0.22127701964422783
CAMKK2,luminal,0.19685646889266598
CAMLG,luminal,1.3723413260601345
CAMP,luminal,-0.1491639209600729
CAMSAP1,luminal,-0.47802119619684347
CAND1,luminal,0.1449271208509002
CAND2,luminal,-0.20398479085685514
CANT1,luminal,0.7774563996017346
CANX,luminal,0.2989966457698189
CAP1,luminal,-0.47262049182226706
CAP2,luminal,0.7470180636737727
CAPG,luminal,-0.3371224198953871
CAPN1,luminal,-0.3341486477418127
CAPN13,luminal,1.4390785459596742
CAPN2,luminal,-0.47184721633629256
CAPN5,luminal,-0.3196823149430008
CAPN7,luminal,0.45261519796101
CAPNS1,luminal,-0.0329057374853833
CAPRIN1,luminal,0.1903237724362432
CAPS,luminal,-0.1905377623181401
CAPZA1,luminal,-0.5292980422467435
CAPZA2,luminal,0.15705037566900584
CAPZB,luminal,-0.13898796012988754
CARD10,luminal,1.0763524358991974
CARD11,luminal,-0.07731226030686954
CARD14,luminal,0.2589735498246225
CARD16,luminal,-0.48154068006094997
CARD6,luminal,-0.6572904466684144
CARD8,luminal,0.47365920463241146
CARD9,luminal,-0.895253415981115
CARHSP1,luminal,-0.4894023946623498
CARM1,luminal,-0.9014196506289929
CARS2,luminal,-0.6843280503849624
CARTPT,luminal,0.4189402312719371
CASC3,luminal,0.22429334821330466
CASK,luminal,-0.3199065806144476
CASKIN2,luminal,0.040335803164865326
CASP1,luminal,-0.474626541156674
CASP10,luminal,-0.3700848953724087
CASP14,luminal,-0.7644069916603855
CASP2,luminal,-0.9632073823638495
CASP3,luminal,-0.5822426719188264
CASP4,luminal,-0.4297059794837685
CASP6,luminal,0.14110597567815664
CASP7,luminal,0.6682825121813373
CASP8,luminal,-0.02526490847404731
CASP9,luminal,0.4793488592934198
CAST,luminal,0.44856756578998364
CASZ1,luminal,1.0597041120238153
CAT,luminal,0.36330678157469504
CATSPERG,luminal,0.9557493613061163
CAV1,luminal,0.2793975360266708
CBFA2T2,luminal,0.24881837156554132
CBFB,luminal,-1.252847893362502
CBL,luminal,-0.36027893258045346
CBLB,luminal,-0.4312541248379074
CBLL1,luminal,0.11117228990106658
CBR1,luminal,-0.6962829533999412
CBR3,luminal,-0.9972061092614487
CBR4,luminal,1.0503560985002578
CBS,luminal,-0.9808435202163539
CBX1,luminal,-0.24438720815982073
CBX2,luminal,-1.5761662777088872
CBX3,luminal,-0.32799032350304025
CBX4,luminal,0.904175933947212
CBX5,luminal,0.01897661962796023
CBX6,luminal,0.14770753224442468
CBX7,luminal,1.0089780426189805
CBX8,luminal,0.10254302143026907
CC2D1A,luminal,0.04144162921602964
CC2D1B,luminal,-0.9133102594615788
CCAR1,luminal,-0.19444828682470092
CCDC102A,luminal,-0.6838010593391161
CCDC112,luminal,0.06131952796279358
CCDC117,luminal,0.3776272732959008
CCDC12,luminal,0.16513025368210876
CCDC120,luminal,-0.24636074813834702
CCDC124,luminal,-0.4958092193908287
CCDC125,luminal,1.6564562691956555
CCDC127,luminal,0.6196666629013049
CCDC134,luminal,-0.8521039535055311
CCDC137,luminal,-0.5671029914903494
CCDC144A,luminal,0.14396200166221593
CCDC149,luminal,0.3837197871673826
CCDC22,luminal,0.4531471302709924
CCDC25,luminal,0.4368644928180164
CCDC28A,luminal,0.33837673258032996
CCDC43,luminal,0.564363036139746
CCDC47,luminal,0.1769730727346248
CCDC50,luminal,-0.37211298510363405
CCDC51,luminal,0.3690384688866615
CCDC59,luminal,-0.7760019805890337
CCDC6,luminal,-0.3619249334208952
CCDC61,luminal,0.5252786875093576
CCDC77,luminal,-1.284865616674322
CCDC8,luminal,0.3153685169170296
CCDC80,luminal,0.3463006160232454
CCDC82,luminal,-1.4585448219577248
CCDC85B,luminal,-0.10032104083980667
CCDC85C,luminal,-0.41794992200654946
CCDC86,luminal,-0.7119800201576245
CCDC88A,luminal,-0.7788252224275356
CCDC88B,luminal,-0.23920939610048259
CCDC88C,luminal,0.5612193089123293
CCDC9,luminal,0.2257549930661982
CCDC90B,luminal,-0.5395797191486502
CCDC91,luminal,0.4197235887653416
CCDC92,luminal,0.06910833338041256
CCDC93,luminal,-0.3921531246167027
CCDC97,luminal,0.4326135680699031
CCL14,luminal,0.7647723013283202
CCL18,luminal,-1.0797626312297517
CCL21,luminal,-0.04677933599042337
CCL28,luminal,0.002785041725069073
CCL5,luminal,-0.6610139118350266
CCM2,luminal,-0.5072663424162451
CCNA2,luminal,-1.359965864051146
CCNB1,luminal,-0.9675283676075398
CCNB2,luminal,-1.4103254149280742
CCNC,luminal,-0.8763262907474593
CCND1,luminal,1.3154112733630632
CCNDBP1,luminal,1.1987748537704623
CCNH,luminal,1.5115810578895474
CCNK,luminal,-0.4591827279865756
CCNL1,luminal,-0.25516175108852435
CCNL2,luminal,0.30320239106763097
CCNT1,luminal,0.4894789926643181
CCNT2,luminal,0.42848870102571845
CCNY,luminal,-1.2314028638921064
CCNYL1,luminal,-1.0964584015566508
CCPG1,luminal,1.006386046257604
CCS,luminal,0.1711464675299382
CCT2,luminal,-0.06941312304084166
CCT3,luminal,-0.7593512846958659
CCT4,luminal,-1.3796151726115764
CCT5,luminal,-1.179208461053501
CCT6A,luminal,-1.207718231062515
CCT7,luminal,-0.8566717194098171
CCT8,luminal,-0.9071143205139697
CD109,luminal,-0.20071154383199558
CD14,luminal,-0.5644288282966944
CD151,luminal,0.29673123630206527
CD163,luminal,-0.4429701100669122
CD180,luminal,-0.6826271716724789
CD2,luminal,-0.41313232126567645
CD209,luminal,-0.3359939888577104
CD244,luminal,-0.5496425754003054
CD247,luminal,-0.47260819280866223
CD248,luminal,0.18876835749388807
CD276,luminal,-0.28481113054219076
CD2AP,luminal,0.2829940567727289
CD2BP2,luminal,0.7671406255448231
CD300A,luminal,-0.27522371512886407
CD34,luminal,0.5746276593735928
CD36,luminal,0.3455992499697752
CD38,luminal,-0.9074646305197782
CD3E,luminal,-0.3773318512009464
CD4,luminal,-0.21420676947141357
CD40,luminal,-0.5345934045299804
CD44,luminal,-0.09979121576652955
CD46,luminal,1.228701623379079
CD47,luminal,-0.5109077459579803
CD48,luminal,-0.26147660194023664
CD5,luminal,-0.3517368488352004
CD53,luminal,-0.34209922941074644
CD55,luminal,-0.2440711165653159
CD58,luminal,-0.8841216990696219
CD59,luminal,-0.5106367353495428
CD5L,luminal,-0.46052546170045977
CD63,luminal,0.4680015967780635
CD74,luminal,-0.11958279754114512
CD79A,luminal,-0.5992476866140648
CD81,luminal,-0.18872882816102315
CD82,luminal,-0.9992011020183501
CD84,luminal,-0.07689774324821073
CD8A,luminal,-0.30680430960441163
CD9,luminal,0.06760865619473053
CD93,luminal,0.4480732039802935
CD99L2,luminal,0.5931255880358418
CDA,luminal,0.005013900207582061
CDAN1,luminal,0.8910449453161927
CDC123,luminal,-1.6686900160401508
CDC16,luminal,-0.1320622920041491
CDC20,luminal,-1.7496662487237236
CDC23,luminal,0.49391924525205366
CDC25C,luminal,-0.6722836379873629
CDC26,luminal,-0.2984818906002354
CDC27,luminal,0.34382694090975113
CDC34,luminal,-0.7010733265651553
CDC37,luminal,-0.4667918530230106
CDC37L1,luminal,0.042539509331445964
CDC40,luminal,-0.13575340142434442
CDC42,luminal,0.3317584216414153
CDC42BPA,luminal,-0.1426621602600542
CDC42BPB,luminal,0.7334642792237689
CDC42BPG,luminal,-0.8511856931881326
CDC42EP1,luminal,-1.5230145461204716
CDC42EP2,luminal,0.0725762427904799
CDC42EP3,luminal,-0.6610243807658285
CDC42EP4,luminal,-0.11285408849848663
CDC42EP5,luminal,-0.14441257216096315
CDC42SE1,luminal,-0.8356267872192242
CDC42SE2,luminal,-0.042606400551170834
CDC5L,luminal,-0.8462094878197819
CDC7,luminal,-1.1057326614026104
CDC73,luminal,-0.01409154903370362
CDCA2,luminal,-1.6621713242165108
CDCA3,luminal,-1.4078312832586477
CDCA5,luminal,-1.3134299966322702
CDCA7L,luminal,-0.7789979754229468
CDCA8,luminal,-1.6911613262337322
CDCP1,luminal,-0.4951466871405439
CDH1,luminal,-0.019078423967341756
CDH11,luminal,0.5498085419367994
CDH13,luminal,0.2275255946555569
CDH3,luminal,-1.4501193747834613
CDH5,luminal,0.4648235393224297
CDIPT,luminal,0.624139387247201
CDK1,luminal,-1.076211389867845
CDK10,luminal,-0.17112633783903605
CDK12,luminal,-0.19834104336724628
CDK13,luminal,0.14487463651561394
CDK14,luminal,0.47299531082442164
CDK16,luminal,-1.1481296227903877
CDK17,luminal,1.4956329409576807
CDK18,luminal,-0.23972779081842463
CDK19,luminal,-0.6140413890542247
CDK2,luminal,-0.5526884824479584
CDK2AP1,luminal,-1.951245391645274
CDK4,luminal,-0.8045727651052255
CDK5,luminal,0.12342827292495304
CDK5RAP1,luminal,-0.14322153640046115
CDK5RAP2,luminal,0.018426257593111013
CDK5RAP3,luminal,0.5594716717723272
CDK6,luminal,-1.212074216964148
CDK7,luminal,0.6913426634574995
CDK8,luminal,-1.206684803949724
CDK9,luminal,0.36323799736956475
CDKAL1,luminal,-1.110474564361804
CDKL5,luminal,0.01831848225008151
CDKN1A,luminal,0.3572012087441013
CDKN1B,luminal,0.5175415894144603
CDKN1C,luminal,-0.08504048899819058
CDKN2A,luminal,-1.1421926046930573
CDKN2AIP,luminal,0.7121354655438517
CDKN2C,luminal,-0.7357487827370781
CDNF,luminal,0.27010806758024825
CDR2,luminal,-0.1268097531717677
CDR2L,luminal,-0.5371286290151244
CDS2,luminal,0.8239074793162349
CDV3,luminal,0.15955103567415715
CDYL,luminal,-0.5187171632953687
CDYL2,luminal,1.120306599131079
CEACAM1,luminal,-0.5188528056418016
CEACAM5,luminal,0.9401095018384777
CEBPA,luminal,0.07344937700111283
CEBPB,luminal,-1.462896690200823
CEBPD,luminal,0.051908075816837
CEBPG,luminal,-1.1820122491633718
CEBPZ,luminal,-0.736922160260224
CELF1,luminal,0.12611120075598606
CELF2,luminal,-0.3132392262071805
CELSR1,luminal,1.9985483120995753
CELSR2,luminal,1.0509535589350067
CENPB,luminal,0.051277263737006654
CENPE,luminal,-1.0496889607179671
CENPF,luminal,-1.181092182554618
CENPH,luminal,-0.5397464722127905
CENPK,luminal,-0.3867059737145101
CENPM,luminal,-0.8649617791219251
CENPQ,luminal,-0.38243045432947903
CENPT,luminal,-0.6408797949083233
CENPV,luminal,-0.5252172129360545
CEP120,luminal,1.52592305543865
CEP135,luminal,0.17396601944458426
CEP152,luminal,-0.7528083648962254
CEP164,luminal,-0.23252199965483739
CEP170,luminal,-0.8273619439744824
CEP192,luminal,-0.31119273213475074
CEP250,luminal,-0.09885178268570512
CEP290,luminal,1.0606269558409536
CEP350,luminal,0.14193711132841316
CEP55,luminal,-1.4855143503804884
CEP57,luminal,-0.838587793324649
CEP63,luminal,0.6526546137230945
CEP68,luminal,0.8367246189706642
CEP76,luminal,-0.48779379736490447
CEP78,luminal,-0.5068907131248203
CEP97,luminal,0.4318118712018344
CEPT1,luminal,0.22899104720897429
CERCAM,luminal,0.5921246215827349
CES1,luminal,0.343834898871486
CES2,luminal,0.628215801194928
CES3,luminal,-0.20148908564207604
CETN2,luminal,0.4149234027694516
CETN3,luminal,1.1952604879971795
CFB,luminal,0.7704757210329651
CFD,luminal,0.9266175469227832
CFDP1,luminal,-0.8358574153843905
CFH,luminal,0.15134398285910264
CFHR1,luminal,-0.18328529019582904
CFHR2,luminal,-0.18022507353566686
CFHR3,luminal,0.056255171915156714
CFHR4,luminal,-0.2100747190283896
CFHR5,luminal,0.20163025990370276
CFI,luminal,-0.1513534505138439
CFL1,luminal,-0.6910252554139601
CFL2,luminal,-0.18048898962189397
CFLAR,luminal,-0.9947172116412552
CFP,luminal,-0.13512894869354034
CGA,luminal,0.669197859098062
CGGBP1,luminal,0.914870428959598
CGN,luminal,0.9055850500589011
CGNL1,luminal,0.22583098638827226
CGREF1,luminal,-0.35615518557586257
CHAC2,luminal,-1.5104669269261501
CHAD,luminal,1.7093242912186049
CHAF1A,luminal,-0.8273852886200145
CHAF1B,luminal,-1.1972057587595804
CHCHD1,luminal,0.0021682744597390975
CHCHD2,luminal,-0.43118438753134253
CHCHD3,luminal,-0.9447750006249539
CHCHD4,luminal,-0.26022829621833854
CHCHD5,luminal,1.3851813848057235
CHCHD6,luminal,-0.17309443228497623
CHCHD7,luminal,-0.22333114663627565
CHD1,luminal,1.0807056092217613
CHD1L,luminal,-1.081228862601182
CHD2,luminal,0.40791115985255805
CHD3,luminal,0.7813032923979746
CHD4,luminal,0.04512857908440197
CHD6,luminal,1.0716120754597238
CHD7,luminal,-0.5991100095801066
CHD8,luminal,0.7238982105056458
CHD9,luminal,0.4300128028142944
CHDH,luminal,0.574131643955975
CHEK1,luminal,-1.5428716913860028
CHEK2,luminal,-1.3319095002892969
CHERP,luminal,-0.4668551534183011
CHFR,luminal,-0.7063999148792679
CHGA,luminal,0.1398569751177396
CHGB,luminal,0.21341819295373177
CHI3L1,luminal,-1.1174827195520625
CHI3L2,luminal,-0.8986659688353116
CHID1,luminal,0.31940992685035263
CHIT1,luminal,-0.08366012344271719
CHKA,luminal,-0.6107443931268619
CHKB,luminal,0.008791924664372059
CHL1,luminal,0.30905753107965955
CHM,luminal,0.7906498083631077
CHML,luminal,-0.8328457226499529
CHMP1A,luminal,-0.6916708534185804
CHMP1B,luminal,-0.3808679550925681
CHMP2A,luminal,0.8057594463667377
CHMP2B,luminal,0.04095826761752975
CHMP4A,luminal,0.7506264365269846
CHMP4B,luminal,0.5123151557886845
CHMP4C,luminal,-0.5141887092503279
CHMP5,luminal,0.7812229908198774
CHMP6,luminal,0.22794428960991583
CHMP7,luminal,0.1538153217761446
CHN1,luminal,-0.5241504767047546
CHN2,luminal,1.1342239023317677
CHORDC1,luminal,-1.117737738011425
CHPF,luminal,-0.18966164404168107
CHPF2,luminal,-0.2228821758434804
CHPT1,luminal,0.3779726611105092
CHRAC1,luminal,-0.6993561855376322
CHRD,luminal,1.471162993574219
CHST14,luminal,0.4071681706534236
CHST15,luminal,1.39496183262504
CHSY1,luminal,-0.04895885660140104
CHTF18,luminal,-0.19892975444324396
CHTF8,luminal,-0.2103903180670731
CHUK,luminal,0.19981288616138237
CIAO1,luminal,-0.06259114520445665
CIAPIN1,luminal,-1.030570125239363
CIB1,luminal,0.7063657768462249
CIC,luminal,0.37790974802310395
CILP,luminal,0.7762543097180138
CILP2,luminal,0.4957643851487712
CINP,luminal,0.1664557033176946
CIRBP,luminal,1.7379429181609445
CISD1,luminal,-0.6744184838230446
CISD2,luminal,-0.09700172501365253
CISD3,luminal,0.7468815631732173
CIT,luminal,-0.7595974738274012
CIZ1,luminal,-0.3029676968076054
CKAP2,luminal,-0.812871838991972
CKAP4,luminal,-0.8772525140164207
CKAP5,luminal,-0.6123643778859057
CKB,luminal,-0.12186824999536978
CKMT2,luminal,0.008185516937481875
CKS1B,luminal,-1.4119154298346914
CKS2,luminal,-1.0730095560255375
CLC,luminal,-0.3001480481707114
CLCA2,luminal,-0.38704518224190476
CLCC1,luminal,-0.14764039768049342
CLCN3,luminal,0.44560746399400203
CLCN7,luminal,0.6449174793334196
CLDN3,luminal,0.033962558564348926
CLDN7,luminal,0.1415474487160153
CLEC11A,luminal,0.5263961972415354
CLEC14A,luminal,0.7545649646882757
CLEC16A,luminal,0.38914499483059783
CLEC3A,luminal,0.6270981314132036
CLEC3B,luminal,0.8127210984166426
CLGN,luminal,1.0428438098425235
CLIC1,luminal,-0.5485274030604879
CLIC2,luminal,-0.10580528113595382
CLIC3,luminal,-0.47129591190066633
CLIC4,luminal,-0.7970952313091393
CLIC5,luminal,0.40171919488910857
CLIC6,luminal,0.8946237522609232
CLINT1,luminal,0.03229735271123241
CLIP1,luminal,0.2528830174813472
CLIP2,luminal,-0.5976412515639574
CLK2,luminal,-0.22960073319210905
CLK3,luminal,-0.1272161402113955
CLMN,luminal,0.18192042206845097
CLN3,luminal,0.4859872072720566
CLN5,luminal,0.579259273513999
CLN6,luminal,-0.555948660444791
CLNS1A,luminal,-0.24904949391686534
CLOCK,luminal,0.17523124571932164
CLP1,luminal,-0.7075466391665559
CLPB,luminal,-0.7597924037726693
CLPP,luminal,-0.1525688627290573
CLPTM1,luminal,0.08079509492151057
CLPTM1L,luminal,-0.6544089483918651
CLPX,luminal,-0.039541308667168006
CLSPN,luminal,-1.0276505916196956
CLSTN1,luminal,-0.17655217005641666
CLSTN2,luminal,2.302761340989791
CLSTN3,luminal,-0.17492239913685978
CLTA,luminal,-0.7974170752248391
CLTB,luminal,-0.3126015594072872
CLTC,luminal,0.310853482582296
CLTCL1,luminal,-0.47218204284655346
CLU,luminal,0.24402786487605632
CLYBL,luminal,-0.1540139152210878
CMA1,luminal,0.6136615745152528
CMAS,luminal,-0.9893094656114095
CMBL,luminal,1.7924574098180388
CMC1,luminal,0.11855700048106754
CMIP,luminal,-0.18491722369264418
CMPK1,luminal,-1.1896335734070258
CMPK2,luminal,-0.40661386872806493
CMTM4,luminal,-0.4760756163518893
CNBP,luminal,-0.45037700131228864
CNDP1,luminal,-0.29455342997102146
CNDP2,luminal,0.1729602958366645
CNIH4,luminal,-0.5035697908294815
CNKSR1,luminal,0.2953096024147322
CNKSR3,luminal,-0.9093384146975039
CNN1,luminal,0.3483183661545595
CNN2,luminal,-0.3669650385697524
CNN3,luminal,-0.4916612274338059
CNNM3,luminal,1.0088096815447123
CNNM4,luminal,0.684654822057499
CNOT1,luminal,-0.6559954729493173
CNOT10,luminal,-0.10589695513887591
CNOT2,luminal,0.455884210395017
CNOT3,luminal,-0.3242573934677424
CNOT4,luminal,0.0077767267731254424
CNOT6,luminal,0.37939640486706927
CNOT6L,luminal,0.7373071145825331
CNOT7,luminal,-0.19840770398516896
CNOT8,luminal,0.8305470946930941
CNP,luminal,-0.549128668862303
CNPY2,luminal,-0.14245822018983223
CNPY3,luminal,-0.3247312389872699
CNPY4,luminal,0.041497111660444896
CNRIP1,luminal,0.5648358935654847
CNST,luminal,1.1651223223193712
CNTLN,luminal,-0.23276045518720526
CNTN1,luminal,0.22394383119556238
CNTROB,luminal,0.2195864937488798
COASY,luminal,1.0313648520792633
COBL,luminal,-0.11417244953249735
COBLL1,luminal,0.2708523453317663
COCH,luminal,-0.7569703370510503
COG1,luminal,0.7085047182472082
COG2,luminal,1.2746902116508323
COG3,luminal,0.525167950209849
COG4,luminal,-0.5719418017469685
COG5,luminal,-0.10122324182864464
COG6,luminal,0.37050746033949766
COG7,luminal,1.2767229198513108
COG8,luminal,0.058779310243700006
COIL,luminal,0.25483570901362523
COL10A1,luminal,0.6746901404174617
COL11A1,luminal,0.12922212146798642
COL12A1,luminal,0.5026101954823816
COL14A1,luminal,0.7512173018864945
COL15A1,luminal,0.22941320963773743
COL16A1,luminal,0.34186970825151086
COL17A1,luminal,0.2835262338672111
COL18A1,luminal,-0.01210753383150195
COL1A1,luminal,0.482898367529913
COL1A2,luminal,0.5166164327808983
COL22A1,luminal,-0.8674037133265601
COL2A1,luminal,0.013172977055806315
COL3A1,luminal,0.4856373559359368
COL4A1,luminal,-0.24686099564095848
COL4A2,luminal,-0.4344677836637927
COL5A1,luminal,0.37740090699365303
COL5A2,luminal,0.42473986290877325
COL5A3,luminal,0.36519168546022174
COL6A1,luminal,0.2628240803905562
COL6A2,luminal,0.1279630409720662
COL6A3,luminal,0.5706380601564753
COL6A6,luminal,0.005388964735689628
COL7A1,luminal,0.18583439950269542
COL8A1,luminal,0.3692621071484428
COLEC11,luminal,-0.5536497336106551
COLEC12,luminal,0.7301851706666094
COMMD1,luminal,-0.4340881124150309
COMMD10,luminal,1.372280394078643
COMMD2,luminal,-1.059472085288574
COMMD3,luminal,0.4947154021824564
COMMD4,luminal,0.27060131339522414
COMMD5,luminal,-0.01618753520819485
COMMD6,luminal,-0.19899806322089722
COMMD7,luminal,-0.29808016674383186
COMMD8,luminal,0.14549106107022236
COMMD9,luminal,-0.13846587805099228
COMP,luminal,0.6592782263350592
COMT,luminal,-0.6175589906411095
COMTD1,luminal,-0.25487509033042416
COPA,luminal,-0.5032792064585678
COPB1,luminal,0.4793408157120398
COPB2,luminal,-0.2783118942196861
COPE,luminal,-0.23021959866372718
COPS2,luminal,0.27094587299927675
COPS3,luminal,-0.8069177649379162
COPS4,luminal,0.8393137894157489
COPS5,luminal,-0.14535002027874144
COPS6,luminal,-0.1196448145167323
COPS7A,luminal,0.21314445709018207
COPS7B,luminal,-0.8523525250701183
COPS8,luminal,0.6985144417496321
COPZ1,luminal,1.027877313314201
COQ10B,luminal,0.4749578016390622
COQ3,luminal,-1.0751783482159718
COQ5,luminal,0.9248431254900297
COQ6,luminal,0.957791057027995
COQ7,luminal,1.5814097797172975
COQ9,luminal,-0.7981870328874269
CORO1A,luminal,-0.4599330096480157
CORO1B,luminal,0.22991064818223833
CORO1C,luminal,-1.2797573450018722
CORO2A,luminal,0.8463141035281029
CORO2B,luminal,0.5976119267165583
CORO7,luminal,0.3547142455370471
COTL1,luminal,-1.2669242955841769
COX11,luminal,0.4994124324383567
COX15,luminal,0.7248631638669629
COX17,luminal,0.36863799184272295
COX19,luminal,-0.5051757184486414
COX4I1,luminal,-0.8702092313178442
COX5A,luminal,-0.8416105563572012
COX5B,luminal,-0.536921071579382
COX6A1,luminal,0.24542309912834007
COX6B1,luminal,-0.6005063360766723
COX6C,luminal,1.1380937079893172
COX7A1,luminal,0.727815155407579
COX7A2,luminal,-0.2553998906948773
COX7A2L,luminal,-0.34620853914181443
COX7B,luminal,-0.767205598374055
COX7C,luminal,0.5388904526475496
COX8A,luminal,-0.012360660235632783
CP,luminal,-0.7937934548668875
CPA3,luminal,1.369430308974892
CPB1,luminal,1.157107157017734
CPB2,luminal,-0.34779142923551487
CPD,luminal,0.6992906570541574
CPE,luminal,0.7642456652189061
CPEB2,luminal,1.8461887168787614
CPEB4,luminal,1.2256436957690604
CPM,luminal,-0.3391145690106008
CPN1,luminal,-0.2648900362332315
CPN2,luminal,0.6331480012567013
CPNE1,luminal,-0.16711549174873
CPNE2,luminal,-1.1761873102725242
CPNE3,luminal,0.47796061936950435
CPNE8,luminal,-0.7685571269080411
CPOX,luminal,-0.7673681425452232
CPPED1,luminal,0.122543454352254
CPS1,luminal,0.15043110691788775
CPSF1,luminal,-0.3547888746223134
CPSF2,luminal,-0.04228000996190769
CPSF3,luminal,-1.2679204612667945
CPSF4,luminal,-0.8812400564422367
CPSF6,luminal,-0.19534037689443018
CPSF7,luminal,-0.30490350248236664
CPT1A,luminal,0.6555528944467884
CPT2,luminal,0.3571768116335291
CPVL,luminal,-0.3082309075104031
CPXM1,luminal,0.08345884773471533
CPXM2,luminal,0.08247358580561423
CPZ,luminal,0.383873443227965
CRABP1,luminal,-1.0884229200535052
CRABP2,luminal,0.6195844650236386
CRADD,luminal,0.7698467789924986
CRAT,luminal,0.6641239677840457
CRBN,luminal,0.8886988977385973
CRCP,luminal,-0.16242270478754225
CREB1,luminal,0.29130676443973647
CREB3L4,luminal,0.9848759303144257
CREBBP,luminal,0.7515306690813581
CREG1,luminal,-0.41395913480182606
CRELD1,luminal,0.655829303143827
CRELD2,luminal,-0.6350953730865188
CRIM1,luminal,0.4878355251662803
CRIP1,luminal,1.5147832558339047
CRIP2,luminal,0.6277218435335798
CRIPT,luminal,-0.6497898550534308
CRISP3,luminal,0.010135435227523712
CRISPLD1,luminal,-0.20599887854975307
CRISPLD2,luminal,0.17734684047841298
CRK,luminal,-0.07580144470968803
CRKL,luminal,-0.1977499822681712
CRLF3,luminal,-0.43814097901846866
CRMP1,luminal,0.1965812523820453
CRNKL1,luminal,1.0628984504621695
CROCC,luminal,0.39936083805342076
CROT,luminal,1.2671067080551022
CRP,luminal,-0.2441984803733432
CRTAC1,luminal,-0.3177936215214609
CRTAP,luminal,0.8684714834883339
CRTC1,luminal,0.6441195765165535
CRTC2,luminal,-0.6639722537785221
CRTC3,luminal,0.4668460944988784
CRY1,luminal,-0.00420121419214773
CRY2,luminal,1.3833571022052273
CRYAB,luminal,-1.1605207373910835
CRYBB1,luminal,0.4671828596195017
CRYL1,luminal,0.7038596066592532
CRYM,luminal,-0.09211804107996979
CRYZ,luminal,0.5526438765241847
CRYZL1,luminal,0.6472305610647853
CS,luminal,-0.047605278555864
CSAD,luminal,1.4689966796042249
CSDE1,luminal,-0.6318504968282684
CSE1L,luminal,-0.585387533909916
CSF1,luminal,0.17136406611787602
CSF1R,luminal,-0.016628643803593652
CSK,luminal,-0.9798216754465351
CSN2,luminal,-0.48338504451905556
CSNK1A1,luminal,1.234317034118847
CSNK1D,luminal,0.35928315070116995
CSNK1G1,luminal,0.8615920264597342
CSNK1G3,luminal,1.5511343067659378
CSNK2A1,luminal,-0.3225779708185966
CSNK2A2,luminal,-1.2579162185793569
CSNK2B,luminal,-0.8288556680783865
CSPG4,luminal,-0.3513334573665898
CSPP1,luminal,0.4634365447476356
CSRP1,luminal,-0.21580511605123098
CSRP2,luminal,-1.5313484242738966
CST3,luminal,1.3154793858443878
CST5,luminal,0.9498655326835934
CST6,luminal,-0.13724620023299358
CSTA,luminal,-0.6736612949709228
CSTB,luminal,-1.462283282543254
CSTF1,luminal,-0.08722511258678922
CSTF2,luminal,-0.16645635970379352
CSTF2T,luminal,0.4903155026709689
CSTF3,luminal,-0.5196627816217393
CTBP1,luminal,0.06019495882713166
CTBP2,luminal,0.21236110674927333
CTBS,luminal,0.524873055918352
CTCF,luminal,0.21878868722036846
CTDP1,luminal,-0.22401105235073113
CTDSPL2,luminal,0.3410578962766553
CTF1,luminal,0.2242897867877377
CTH,luminal,0.2131809254384345
CTHRC1,luminal,-0.0713094261167256
CTNNA1,luminal,0.7333230879609142
CTNNAL1,luminal,-0.134871728521573
CTNNB1,luminal,-0.07525302350918478
CTNNBIP1,luminal,-0.9770484202575674
CTNNBL1,luminal,-0.007519028019528171
CTNND1,luminal,0.15760070351502214
CTNND2,luminal,0.6601960343721366
CTPS2,luminal,0.45480534611728035
CTR9,luminal,1.1392658784278704
CTSA,luminal,-0.21236628438260036
CTSB,luminal,-0.34489017479580136
CTSC,luminal,-1.109673708556583
CTSD,luminal,0.06475222095568044
CTSF,luminal,1.0123369065660388
CTSG,luminal,0.782767309149715
CTSH,luminal,-0.14376522493902483
CTSK,luminal,0.4501014077042967
CTSO,luminal,1.0318433773145284
CTSS,luminal,-0.5465622769161229
CTSW,luminal,-0.44698452010432915
CTSZ,luminal,-0.4940477356057942
CTTN,luminal,0.19855088641328522
CTTNBP2,luminal,1.01283797081255
CTTNBP2NL,luminal,-0.8453542417003421
CTU1,luminal,-0.609286383656598
CTU2,luminal,-1.0946328162894576
CUEDC1,luminal,0.8597925235702999
CUEDC2,luminal,0.21247485584089557
CUL1,luminal,-0.8457813009419218
CUL2,luminal,-0.7989529020325821
CUL3,luminal,0.8432742393721375
CUL4A,luminal,-0.12382919790478286
CUL4B,luminal,-0.1986415385709208
CUL5,luminal,0.07673804097303169
CUL7,luminal,-0.12134849954641048
CUL9,luminal,0.47890426179583373
CUTA,luminal,-0.30316451994498556
CUTC,luminal,-0.47708099938041787
CUX1,luminal,0.4836603077109415
CWC22,luminal,-0.8861195885858858
CWC25,luminal,-0.0017945137827831176
CWC27,luminal,0.3063160857267235
CWF19L1,luminal,-0.13999959323883826
CWF19L2,luminal,0.20304950162774457
CXADR,luminal,-0.8905816387212349
CXCL10,luminal,-0.9383401904325684
CXCL12,luminal,0.6566419565316358
CXCL14,luminal,0.9363397380925159
CXCL9,luminal,-0.6186863592960602
CXXC1,luminal,-0.12154982736323931
CXXC5,luminal,2.120271458604634
CXorf38,luminal,0.11785356585379458
CYB5A,luminal,1.1558679570482095
CYB5B,luminal,-0.5473443165230812
CYB5R1,luminal,1.3827294409998545
CYB5R2,luminal,-1.0660816808745928
CYB5R3,luminal,-0.6082982412353505
CYB5R4,luminal,-0.16864424935532082
CYBA,luminal,-0.5654630361691434
CYBB,luminal,-0.26412880180865383
CYBRD1,luminal,1.1229961752614088
CYC1,luminal,-0.39112571270606517
CYCS,luminal,-1.0128178926135503
CYFIP1,luminal,0.025761737106234684
CYGB,luminal,0.3588746587241659
CYLD,luminal,-0.05788470990949713
CYP1B1,luminal,-0.422564151696818
CYP20A1,luminal,0.3494966584773217
CYP24A1,luminal,-0.43259673305315793
CYP27A1,luminal,-0.515940083741165
CYP2J2,luminal,-0.16229868306699538
CYP2S1,luminal,0.09399832467046833
CYP4B1,luminal,1.3905765613717698
CYP4F11,luminal,0.9887101829437761
CYP4X1,luminal,0.9003992677736061
CYP4Z1,luminal,0.7329757127182341
CYP51A1,luminal,0.17613266848401188
CYP7B1,luminal,-0.942661460699055
CYTH1,luminal,-0.5030306291949698
CYTH2,luminal,0.7054388419275222
CYTH3,luminal,-0.08639229547664459
CYTH4,luminal,-0.13503874679478206
CYTIP,luminal,-0.3990266336704366
D2HGDH,luminal,0.5621262489295114
DAAM1,luminal,0.40004880427809725
DAAM2,luminal,0.09529420881022845
DAB2,luminal,0.1798554454981395
DAB2IP,luminal,-0.4746319556627337
DACH1,luminal,2.0954451730966257
DAD1,luminal,0.3024209690965006
DAG1,luminal,0.14959022624563048
DAGLB,luminal,0.036432958146417095
DALRD3,luminal,1.3309432541607864
DAP,luminal,-0.639882076857085
DAP3,luminal,-0.4075231761206752
DAPK1,luminal,-1.202179951381181
DAPK2,luminal,-0.06461581579401646
DAPK3,luminal,0.026450039520882915
DAPP1,luminal,-0.6610523288950836
DARS2,luminal,-0.18315504661393012
DAXX,luminal,-0.23766130228530366
DAZAP1,luminal,-1.1180090166106744
DAZAP2,luminal,1.552355038400363
DBH,luminal,-0.12868243377390617
DBI,luminal,-0.8162979137319383
DBN1,luminal,-0.7159821261591598
DBNDD1,luminal,-0.6525958360696071
DBNL,luminal,0.12035354580461062
DBR1,luminal,-0.3148360120740036
DBT,luminal,0.12223884877462178
DCAF10,luminal,1.0842693173345883
DCAF11,luminal,0.8809883683526246
DCAF16,luminal,0.9072266291559345
DCAF5,luminal,1.0524813220216522
DCAF6,luminal,0.2641443621808951
DCAF8,luminal,1.0395359134930366
DCAKD,luminal,0.8629750783327808
DCD,luminal,-0.1405860203558823
DCHS1,luminal,0.5234602119540979
DCHS2,luminal,-0.8574384612210618
DCK,luminal,-0.03290331661904659
DCLK1,luminal,0.8990486210980719
DCLK2,luminal,-0.7280943916064162
DCN,luminal,0.5760261885994648
DCP1B,luminal,0.5890458413077946
DCP2,luminal,0.49032967885994583
DCPS,luminal,-1.298835160636475
DCTD,luminal,0.5847243012743092
DCTN1,luminal,0.37745111965012046
DCTN2,luminal,0.0020029493318139678
DCTN3,luminal,0.14254077148490435
DCTN4,luminal,1.6494294205855924
DCTN5,luminal,-0.030736675951571785
DCTN6,luminal,0.44353181817597265
DCTPP1,luminal,0.11456657100800394
DCUN1D1,luminal,-0.6295732422597221
DCUN1D3,luminal,0.534259254960497
DCUN1D4,luminal,-0.207643315482247
DCUN1D5,luminal,-1.0373161624218652
DCXR,luminal,0.597849845279673
DDA1,luminal,-0.9722286070125864
DDAH1,luminal,0.5758704549256433
DDAH2,luminal,0.21249502367883186
DDB1,luminal,0.012950560194975312
DDB2,luminal,0.7874079006372761
DDHD1,luminal,0.16975305523798423
DDHD2,luminal,0.2812636157267874
DDI2,luminal,0.3628872292485143
DDO,luminal,0.8975963237424079
DDOST,luminal,-1.074567470246375
DDR1,luminal,0.40145532357015223
DDRGK1,luminal,0.4443201997368738
DDX1,luminal,-0.6976688052042451
DDX10,luminal,-0.6390036034739932
DDX11,luminal,-0.7612476509316376
DDX17,luminal,0.41050386692343194
DDX18,luminal,-0.9979599316936608
DDX19A,luminal,-1.030879471822065
DDX19B,luminal,-0.6452992386101092
DDX20,luminal,-0.2521652669805535
DDX21,luminal,-0.5933122439906143
DDX23,luminal,0.39485852648411873
DDX24,luminal,0.17303598556765534
DDX27,luminal,-0.5201519348124106
DDX28,luminal,-0.850154942209177
DDX31,luminal,-0.1520478158267513
DDX3X,luminal,0.01596218900403643
DDX41,luminal,0.18251733860324498
DDX42,luminal,0.29140475339717276
DDX46,luminal,0.3737736939239257
DDX47,luminal,-0.713498290020953
DDX49,luminal,-0.7352357182368183
DDX5,luminal,0.3613287256076924
DDX50,luminal,-0.2705761316212176
DDX51,luminal,0.2667996390785481
DDX52,luminal,-0.1203024307072301
DDX54,luminal,-0.048470579071595916
DDX55,luminal,-0.2113409165572627
DDX56,luminal,-0.1035396675406726
DDX59,luminal,0.20951960658284477
DDX6,luminal,-0.33643089801247045
DDX60,luminal,0.3856675045402483
DDX60L,luminal,0.3072747318153089
DEAF1,luminal,0.4776841728667974
DECR1,luminal,-0.3703885991385142
DECR2,luminal,0.5604264222407939
DEF6,luminal,-0.11972327525888174
DEF8,luminal,-0.7169707544064756
DEFA4,luminal,-0.060482794139146194
DEGS1,luminal,-0.4397449237685745
DEK,luminal,-1.4917334240175173
DENND1A,luminal,0.08886039539666295
DENND1B,luminal,0.40456277488585285
DENND1C,luminal,0.01933485167902445
DENND2D,luminal,0.9402367835561457
DENND3,luminal,-0.3922347260063661
DENND4A,luminal,0.5442118714794525
DENND4B,luminal,-0.5811122203154389
DENND4C,luminal,0.6742385966477258
DENND5A,luminal,0.4440721592493401
DENR,luminal,-0.0638059728885258
DEPDC5,luminal,-0.06798421635954428
DERA,luminal,-0.9977595212691516
DERL1,luminal,-0.37234723119103175
DES,luminal,-0.26276163845322137
DET1,luminal,0.6425308407813823
DFFA,luminal,-0.6366944366287334
DFFB,luminal,-0.6898841639588041
DGAT1,luminal,0.13236035708119323
DGCR8,luminal,-0.4214739355844194
DGKA,luminal,0.102029106069003
DGKD,luminal,0.6563547987457276
DGKE,luminal,0.7034260779750283
DGKH,luminal,-0.29134056901623145
DGKQ,luminal,0.7672251748926489
DGKZ,luminal,-0.9369663413854195
DGUOK,luminal,-0.9550039758697222
DHCR24,luminal,0.808727574396412
DHCR7,luminal,-0.9952434452109389
DHFR,luminal,-0.068079525609102
DHODH,luminal,-0.5010629810871416
DHPS,luminal,0.6590351096262257
DHRS1,luminal,0.39816187311504514
DHRS11,luminal,-0.4999407863513194
DHRS13,luminal,0.15853474242531632
DHRS2,luminal,1.0364600641724178
DHRS3,luminal,-0.3560915832102082
DHRS4,luminal,0.5815772732748729
DHRS7,luminal,0.6835805926311334
DHRS7B,luminal,0.3535594174862961
DHTKD1,luminal,-1.014119857633121
DHX15,luminal,0.20740795241866336
DHX16,luminal,-0.5462208943681608
DHX29,luminal,1.1181749504537035
DHX30,luminal,0.42321633500043804
DHX32,luminal,0.08001167658169159
DHX33,luminal,-0.2177859652793659
DHX34,luminal,-0.3174261150078376
DHX35,luminal,0.10553195490005517
DHX36,luminal,-0.5209185188880002
DHX37,luminal,-0.27050958206749454
DHX38,luminal,-0.8028497092644308
DHX40,luminal,0.6235406091125157
DHX57,luminal,-0.7829721373217516
DHX58,luminal,0.854522039205403
DHX8,luminal,0.6709770063184967
DHX9,luminal,-0.34639027700942454
DIABLO,luminal,-0.017436987476723988
DIAPH1,luminal,-0.5722882979465532
DIAPH2,luminal,-0.7524839449001844
DIAPH3,luminal,-1.1900441431340594
DICER1,luminal,0.5013691759929418
DIDO1,luminal,0.5413112219382498
DIP2A,luminal,-0.1827388741659817
DIP2B,luminal,0.28376698225385916
DIP2C,luminal,0.30101613665802546
DIS3,luminal,-0.17586014742502273
DIS3L,luminal,0.9625084855178079
DIS3L2,luminal,0.22313956211860475
DIXDC1,luminal,0.9937466965655396
DKC1,luminal,-1.5268918436586252
DLAT,luminal,-0.7356013711772799
DLC1,luminal,0.579354033368024
DLD,luminal,-0.5671232125011474
DLG1,luminal,-0.25452857224187025
DLG3,luminal,0.268341119885987
DLG5,luminal,1.0067586750380657
DLGAP1,luminal,-0.029719913597924863
DLGAP4,luminal,-0.5870514331695112
DLGAP5,luminal,-1.3125944558964542
DLST,luminal,-0.016929542020214728
DMAP1,luminal,0.025938179789065333
DMD,luminal,-0.9673118367882766
DMXL1,luminal,1.271884490014236
DMXL2,luminal,0.33381827834795225
DNAH3,luminal,-0.304196610228193
DNAH7,luminal,1.5962371451926087
DNAJA1,luminal,-0.6326423154412107
DNAJA2,luminal,-0.17668188693758263
DNAJA3,luminal,0.2431575337071787
DNAJA4,luminal,0.6915376056149164
DNAJB1,luminal,-0.20183628512609136
DNAJB11,luminal,-1.2914755694664677
DNAJB12,luminal,0.5699072504173687
DNAJB14,luminal,0.814484092647045
DNAJB2,luminal,-0.021642731046516518
DNAJB4,luminal,-0.24480078568283642
DNAJB5,luminal,-0.19041964105613993
DNAJB6,luminal,-0.5243166797931474
DNAJB9,luminal,0.2571011112353547
DNAJC1,luminal,0.7833049846051479
DNAJC10,luminal,0.012876953181580345
DNAJC11,luminal,-0.7932838568468195
DNAJC12,luminal,2.0097710701089664
DNAJC13,luminal,0.14938711669017674
DNAJC16,luminal,1.1689699149878825
DNAJC17,luminal,0.7631110334577802
DNAJC19,luminal,0.6613306595354611
DNAJC2,luminal,-1.3050962605503549
DNAJC21,luminal,-0.1594261580106166
DNAJC24,luminal,0.6120453263473832
DNAJC25,luminal,0.561433762294621
DNAJC3,luminal,0.028496722748907653
DNAJC30,luminal,0.15658007058593496
DNAJC5,luminal,-0.18333220334546496
DNAJC7,luminal,0.3388358899852277
DNAJC8,luminal,-0.3988137908825792
DNAJC9,luminal,-0.9631399514966824
DNAL1,luminal,1.8738374810801706
DNAL4,luminal,-0.10680348822262824
DNALI1,luminal,2.736872069389152
DNASE2,luminal,-0.16267081579381643
DNHD1,luminal,-0.07380056783484484
DNLZ,luminal,-0.29889588758165186
DNM1,luminal,0.3248385489222462
DNM1L,luminal,-0.6162751570934282
DNM2,luminal,-0.7176202600474868
DNMBP,luminal,1.0861300518399377
DNMT1,luminal,-0.856511899444523
DNMT3A,luminal,-1.1365683345760897
DNPEP,luminal,0.7190698131980428
DNTTIP1,luminal,-0.40285629810546525
DNTTIP2,luminal,-0.7892828491310996
DOCK10,luminal,0.5330570600593818
DOCK11,luminal,-0.2487653960991765
DOCK2,luminal,-0.1925753178899435
DOCK4,luminal,-0.09908281621511153
DOCK5,luminal,-0.22898108155757124
DOCK6,luminal,0.23224844497263006
DOCK7,luminal,-1.0000596910785646
DOCK8,luminal,0.050212741006199275
DOCK9,luminal,0.27208744222999287
DOHH,luminal,-0.20126938704524916
DOK1,luminal,1.1607705375998127
DOK2,luminal,-0.4799852777207476
DOK3,luminal,-0.36595535921126177
DPAGT1,luminal,-0.2855883341992981
DPCD,luminal,0.3873920149383575
DPF2,luminal,-0.0813236779343772
DPH1,luminal,0.4802618924764823
DPH2,luminal,-1.2104025833788872
DPH3,luminal,-0.10416497128698016
DPH5,luminal,-0.285604389635303
DPM1,luminal,-0.596571799383193
DPM3,luminal,-0.3890682460594764
DPP3,luminal,-0.09379005093027913
DPP4,luminal,-0.07417146690177509
DPP7,luminal,0.5614652929250564
DPP8,luminal,0.6569833501438497
DPP9,luminal,0.6350646167001556
DPT,luminal,0.2895093614321815
DPY30,luminal,-0.6289057474278265
DPYD,luminal,0.1739369301367479
DPYSL2,luminal,-0.5032635218952606
DPYSL3,luminal,-0.07335446483692275
DPYSL4,luminal,-0.19740886789602732
DPYSL5,luminal,-0.8880164032337384
DR1,luminal,-0.4625360013786305
DRAP1,luminal,-0.11685128688939633
DRG1,luminal,-1.012335231996562
DRG2,luminal,0.18229374003592286
DSC2,luminal,-1.6690962049829519
DSCC1,luminal,-1.2008190292376417
DSG2,luminal,-0.4528619562523082
DSG3,luminal,-0.4974282236090785
DSN1,luminal,-0.5565138285428349
DSP,luminal,-0.272973942048469
DST,luminal,0.1696104905419006
DSTN,luminal,0.5403351511612001
DSTYK,luminal,0.15381654902224517
DTD1,luminal,-1.071979125598715
DTL,luminal,-0.5986130540865869
DTNA,luminal,-0.013157575670831008
DTNB,luminal,-1.19889519860801
DTNBP1,luminal,-0.30986042965352306
DTWD1,luminal,0.7018517866545826
DTWD2,luminal,1.3208847322124488
DTX2,luminal,-0.8676633788084198
DTX3,luminal,1.0901995574122458
DTX3L,luminal,0.3045646738111585
DTYMK,luminal,-0.591624419724175
DUS1L,luminal,-0.5559272875795795
DUS3L,luminal,-0.29076668963723556
DUSP12,luminal,-0.6068718378696235
DUSP14,luminal,0.009134583819568288
DUSP16,luminal,0.695920350749033
DUSP22,luminal,-0.684909824453655
DUSP23,luminal,-0.16483261782699798
DUSP3,luminal,0.7156910159539156
DUT,luminal,-0.0014279976962185156
DVL1,luminal,-0.26601708110491246
DVL2,luminal,-0.23711167561502236
DVL3,luminal,-0.740814331133069
DYM,luminal,-0.24151738739830425
DYNC1H1,luminal,-0.3939934712224068
DYNC1I1,luminal,-0.6673174244698297
DYNC1I2,luminal,0.6100071963996677
DYNC1LI1,luminal,0.061431984488268386
DYNC1LI2,luminal,-0.448991261558021
DYNC2H1,luminal,1.1519435738952273
DYNC2LI1,luminal,1.1141788432243238
DYNLL1,luminal,-0.37176772630376254
DYNLL2,luminal,0.4012105049877166
DYNLRB1,luminal,0.2321564987810772
DYNLT1,luminal,-0.279897680375714
DYNLT3,luminal,0.8892146953034039
DYRK1A,luminal,-0.14874382841922462
DYRK1B,luminal,0.9109873233812779
DYSF,luminal,-0.9203795710324042
DZIP3,luminal,0.8225232071184047
E2F3,luminal,-1.7200847373239203
E2F4,luminal,-1.146112167429213
E4F1,luminal,0.5996905579469318
EAF1,luminal,0.7698971611932484
EAPP,luminal,1.3445957688251586
EARS2,luminal,0.9397186198564376
EBAG9,luminal,0.18153186675249425
EBNA1BP2,luminal,-0.7097282268270081
ECD,luminal,0.5427890010271509
ECE1,luminal,0.864359481228584
ECE2,luminal,-1.5734505915838837
ECH1,luminal,-0.07495703568136489
ECHDC1,luminal,-0.3974799762220348
ECHDC2,luminal,0.48059881124906517
ECHDC3,luminal,-0.1696839160135103
ECHS1,luminal,0.033040909698535174
ECM1,luminal,0.7002752784943151
ECM2,luminal,0.7411720081370142
ECSIT,luminal,0.10693616768492963
ECT2,luminal,-0.7344217948528153
EDARADD,luminal,0.5500066772495289
EDC3,luminal,0.044693534810543445
EDC4,luminal,-0.4522435432088924
EDEM2,luminal,-0.33663629084268265
EDEM3,luminal,0.821370492041499
EDF1,luminal,0.15619848194663005
EDIL3,luminal,0.6084468161360772
EEA1,luminal,0.5481852900775496
EED,luminal,-1.0278302682583995
EEF1A1,luminal,-0.06526709617610733
EEF1A2,luminal,1.1930109317773987
EEF1B2,luminal,-0.5364738693176994
EEF1D,luminal,0.12292115451740078
EEF1E1,luminal,-0.5039070740532404
EEF1G,luminal,-0.6105457925051646
EEF2,luminal,0.37989306726459177
EEF2K,luminal,0.5285004266543618
EEFSEC,luminal,0.19029732979507413
EEPD1,luminal,0.3422539151390602
EFCAB7,luminal,0.5355343229558285
EFEMP1,luminal,0.26917550347432045
EFEMP2,luminal,0.4409766312330717
EFHD1,luminal,0.8689893779404587
EFHD2,luminal,-0.3404501464098221
EFNA1,luminal,-0.26780881844286303
EFNA5,luminal,-0.9842167426251933
EFNB1,luminal,-0.5407038624928655
EFNB2,luminal,-0.19909588321267865
EFR3A,luminal,0.45772937578212125
EFS,luminal,-0.8507793430170617
EFTUD2,luminal,-0.0891756143850588
EGFLAM,luminal,0.29959519632883536
EGFR,luminal,-1.3519576118416088
EGLN1,luminal,-0.7040146714620038
EGR1,luminal,0.3302227958105162
EHBP1,luminal,-1.045359446754793
EHBP1L1,luminal,-0.4091055808471772
EHD1,luminal,-0.6336611010750185
EHD2,luminal,0.8173362261449003
EHD3,luminal,0.3428168452433713
EHD4,luminal,0.37886938547225335
EHF,luminal,-0.3715280145089592
EHHADH,luminal,-0.06855018907165444
EHMT1,luminal,0.533507941965734
EHMT2,luminal,-0.5874904798946422
EIF1,luminal,0.279679278352403
EIF1AD,luminal,-0.44018305855603723
EIF1AX,luminal,0.044191605923926784
EIF1B,luminal,0.32812188437534556
EIF2A,luminal,0.04113996717634761
EIF2AK1,luminal,0.03668463468473548
EIF2AK2,luminal,-0.5904186850968289
EIF2AK3,luminal,0.057781083290948734
EIF2AK4,luminal,0.2806380803887333
EIF2B1,luminal,-0.17087329456745728
EIF2B2,luminal,0.14441047865567325
EIF2B3,luminal,-0.9045163880094642
EIF2B4,luminal,-0.37020231111742014
EIF2B5,luminal,0.06978341243193949
EIF2S1,luminal,-0.29868703928476775
EIF2S2,luminal,-1.025826387437037
EIF2S3,luminal,-0.18463451926578464
EIF3A,luminal,-0.12973038542915816
EIF3B,luminal,-1.081446398623468
EIF3D,luminal,-0.7205875015857965
EIF3E,luminal,-0.6054659163671491
EIF3F,luminal,0.04217870240133357
EIF3G,luminal,-0.009424690495015674
EIF3H,luminal,0.019798772722489397
EIF3I,luminal,-0.3376934634670247
EIF3J,luminal,-0.00904802460513837
EIF3K,luminal,-0.7251648609766612
EIF3L,luminal,-0.41944538869152415
EIF3M,luminal,-0.4449399189643564
EIF4A1,luminal,-0.5522777366306327
EIF4A2,luminal,0.27641650279425284
EIF4A3,luminal,-0.11363368814397001
EIF4B,luminal,1.0423057227671233
EIF4E,luminal,0.18829949054999562
EIF4E2,luminal,-0.3437807610974124
EIF4E3,luminal,1.028404136283479
EIF4EBP1,luminal,-0.8902659469711071
EIF4EBP2,luminal,-0.2300496855240514
EIF4EBP3,luminal,0.8541773756121624
EIF4ENIF1,luminal,-0.146767026465419
EIF4G1,luminal,-0.7985979244174732
EIF4G2,luminal,0.003651767461603445
EIF4G3,luminal,0.7358758162212217
EIF4H,luminal,-0.46309051297923304
EIF5,luminal,0.3144299086946993
EIF5A,luminal,-0.9373992359204726
EIF5A2,luminal,-0.37474694763188215
EIF5B,luminal,-0.9835910364628928
EIF6,luminal,-0.32824268529176187
ELAC1,luminal,-0.6486456897124458
ELAC2,luminal,-0.41404286653627914
ELANE,luminal,0.5261811506312376
ELAVL1,luminal,-0.9256947976513671
ELAVL2,luminal,-0.3965978141359676
ELF1,luminal,0.9038163307438836
ELF2,luminal,0.6330113311165771
ELF3,luminal,-0.19681986787968994
ELK1,luminal,-0.8122106599288803
ELL,luminal,-0.025686543513029746
ELL2,luminal,0.3781597628616519
ELMO1,luminal,-0.20820269029098631
ELMO2,luminal,0.47995284164693636
ELMO3,luminal,0.5516017009374908
ELMOD2,luminal,1.0405862309605303
ELN,luminal,0.34015047085658306
ELOF1,luminal,-0.04505082635825691
ELOVL5,luminal,1.4725763669812968
ELP2,luminal,1.302822306718533
ELP3,luminal,0.5419818307299434
ELP4,luminal,0.06854416938047318
EMB,luminal,0.5369859273820969
EMD,luminal,-0.4206883014365394
EMILIN1,luminal,0.2019328077848428
EMILIN2,luminal,-0.638106496290146
EML1,luminal,0.3086491757521622
EML2,luminal,1.1520575216881748
EML3,luminal,0.4579132509044033
EML4,luminal,-1.776130507768056
ENAH,luminal,-0.47912331627276794
ENDOD1,luminal,-0.2140883216729062
ENDOG,luminal,-0.0008852322853437174
ENG,luminal,0.04760796988938973
ENGASE,luminal,0.14657983960474058
ENO1,luminal,-1.7974934945752425
ENO2,luminal,0.5166221520122688
ENO3,luminal,0.30074802951248497
ENOPH1,luminal,-0.03763675939487084
ENOSF1,luminal,0.48542464708230815
ENOX2,luminal,-0.7745251642046104
ENPEP,luminal,0.17902715197562138
ENPP1,luminal,1.5381135796893228
ENPP2,luminal,0.019230298859115515
ENPP4,luminal,0.5752967225672474
ENPP5,luminal,0.9087647807762426
ENSA,luminal,0.0882715729694308
ENTPD1,luminal,0.2576189531862088
ENTPD2,luminal,-0.34282179722637385
ENTPD5,luminal,0.9054990864609987
ENTPD6,luminal,-0.024482798208654975
ENY2,luminal,-0.9079092271966711
EP300,luminal,0.18038982878203588
EP400,luminal,0.5052804266914211
EPB41,luminal,0.10113833240855173
EPB41L1,luminal,0.7599836591626381
EPB41L2,luminal,-0.4904911787154895
EPB41L3,luminal,0.4843474170683146
EPB41L4A,luminal,0.8260198179031721
EPB41L4B,luminal,-0.34954400486285847
EPB41L5,luminal,1.5925578501274076
EPB42,luminal,0.17832483041303548
EPC1,luminal,0.0876371846090051
EPC2,luminal,0.11871932277149637
EPCAM,luminal,-0.9776052022775328
EPDR1,luminal,0.29679212551287687
EPHA1,luminal,-0.5021227870891686
EPHB2,luminal,-0.5949302870054726
EPHB3,luminal,-1.1744355403953917
EPHB4,luminal,-0.8028552989245611
EPHX1,luminal,0.30135348116320193
EPHX2,luminal,0.6926800740315627
EPM2A,luminal,-0.20103521511036512
EPM2AIP1,luminal,0.7364055150756953
EPN1,luminal,-0.11591063939887988
EPN2,luminal,0.5365336532728257
EPN3,luminal,0.6185879276965732
EPS15,luminal,-0.1914421273873124
EPS15L1,luminal,0.7783250416594533
EPS8,luminal,0.49505834883477134
EPS8L1,luminal,0.7152963867389351
EPS8L2,luminal,-0.04923503127764634
EPSTI1,luminal,-0.44369496918794954
ERAL1,luminal,0.06462936370105209
ERAP1,luminal,0.5616685615808472
ERAP2,luminal,0.03729753686553057
ERBB2,luminal,-0.09367798877457201
ERBB3,luminal,1.4405743739893888
ERBB4,luminal,2.3808263454501777
ERC1,luminal,-0.1897093456874822
ERC2,luminal,-0.593163980123063
ERCC1,luminal,0.16006639660622327
ERCC2,luminal,0.1748499345640774
ERCC3,luminal,-0.38150066086670925
ERCC4,luminal,0.6660159962101585
ERCC5,luminal,0.10871410278022386
ERCC6,luminal,-0.09162771833950624
ERCC6L,luminal,-1.1697527073858556
ERCC8,luminal,0.35096973772871876
ERF,luminal,-0.1667088276325222
ERG,luminal,0.6193479824948143
ERGIC1,luminal,1.3005285511611415
ERGIC2,luminal,-0.7844041356695074
ERGIC3,luminal,0.0051050846580970085
ERH,luminal,-0.09111603339307005
ERI1,luminal,-0.5923795590059213
ERI3,luminal,-0.9678881941711605
ERICH1,luminal,-0.1531053146978697
ERLEC1,luminal,0.4389948986605331
ERLIN1,luminal,0.05096401741385205
ERLIN2,luminal,0.8331833063143493
ERMP1,luminal,0.366374639680527
ERN1,luminal,0.5097803732821798
ERP29,luminal,-0.09679224190185104
ERP44,luminal,-1.0890536256751138
ERRFI1,luminal,-0.5855427772943435
ESAM,luminal,0.48216482539778144
ESCO1,luminal,-0.1162978158135356
ESD,luminal,0.3446133432788543
ESF1,luminal,-0.3022359721739044
ESPN,luminal,0.5209393769971075
ESR1,luminal,4.203657041718971
ESRP1,luminal,-0.7081758130053587
ESRP2,luminal,0.10724709919234339
ESRRA,luminal,-0.804850124801852
ESYT1,luminal,0.3047849590870634
ESYT2,luminal,-0.667878908981413
ETF1,luminal,0.06145873071725037
ETFA,luminal,-0.5269031856393407
ETFB,luminal,-0.13424606445086057
ETFDH,luminal,0.7952017228724015
ETHE1,luminal,0.028276170992207212
ETNK1,luminal,0.4255062954734159
ETNK2,luminal,0.9808275210259105
ETS1,luminal,-0.43741942448334775
ETV3,luminal,-0.08152295235456158
ETV6,luminal,-1.3936586801898883
EVI2B,luminal,-0.11948262536864142
EVI5,luminal,0.3816506759309437
EVI5L,luminal,0.1914417036196964
EVL,luminal,1.835276848778114
EVPL,luminal,0.08861402132973437
EWSR1,luminal,-0.5194957945971598
EXD2,luminal,0.9298370387696895
EXOC1,luminal,0.4554616388783384
EXOC2,luminal,0.7617891933544406
EXOC3,luminal,0.2401418300686131
EXOC3L2,luminal,0.08618703543889095
EXOC4,luminal,0.25509691862723716
EXOC5,luminal,-0.07253671716128354
EXOC6,luminal,1.7125068613892631
EXOC6B,luminal,0.1907928642106209
EXOC7,luminal,0.33232679328612463
EXOC8,luminal,0.38195205593613146
EXOSC1,luminal,-0.15005519132914422
EXOSC10,luminal,-0.12767396363965466
EXOSC2,luminal,-0.5047489332878857
EXOSC3,luminal,-0.13608029851129075
EXOSC4,luminal,-0.5099502317627674
EXOSC5,luminal,-0.3248028655936253
EXOSC6,luminal,-0.7199676681837511
EXOSC7,luminal,-0.2767661012133122
EXOSC8,luminal,-0.7398319705732276
EXOSC9,luminal,-0.26811440046137114
EXPH5,luminal,-0.34303397800435764
EXT1,luminal,-1.1306114167091101
EXT2,luminal,-0.7426714956034259
EXTL2,luminal,-0.15431917147770616
EYA3,luminal,0.018790971452064098
EZH1,luminal,1.3909723457867393
EZH2,luminal,-1.3751753908510613
EZR,luminal,0.38658739572866385
F10,luminal,0.5178457186200796
F11,luminal,-0.21349675086680803
F11R,luminal,-0.8497762192810501
F12,luminal,-0.056307533799986195
F13A1,luminal,0.6314936672037782
F13B,luminal,-0.38846443634280237
F2,luminal,-0.022323910502461925
F3,luminal,0.14586669237977418
F5,luminal,-0.6476553020165586
F7,luminal,1.5466827134303642
F9,luminal,-0.21768581045742688
FAAH,luminal,1.5765862565297821
FAAH2,luminal,1.2422875421267134
FABP3,luminal,0.07277563514544483
FABP4,luminal,0.4990515240496729
FABP6,luminal,-0.4633973706341942
FABP7,luminal,-1.710531846869438
FADD,luminal,0.18883886574384015
FADS2,luminal,-0.6709289481796213
FAF1,luminal,-1.4511053863063421
FAF2,luminal,1.0101183496930124
FAH,luminal,0.9696413538783136
FAHD1,luminal,0.8075241560687573
FAHD2A,luminal,-1.2192448632796051
FAHD2B,luminal,0.2651747440336273
FAIM,luminal,-0.8713349919563795
FAM107B,luminal,0.13625849852675112
FAM110A,luminal,0.13563985866106762
FAM110B,luminal,1.2314969315566007
FAM111A,luminal,0.41920689207632333
FAM111B,luminal,-1.0000813530795944
FAM114A1,luminal,0.5086546801548174
FAM114A2,luminal,1.7025665418993725
FAM117A,luminal,0.3351640655681344
FAM117B,luminal,-0.04432622512735973
FAM120A,luminal,1.2025582933147418
FAM120B,luminal,0.8618402154876488
FAM120C,luminal,0.48020268181067044
FAM133B,luminal,-0.09820190254750068
FAM13A,luminal,-0.6919920439317453
FAM151B,luminal,1.345580000805553
FAM162A,luminal,0.047191756458396066
FAM168A,luminal,0.0914643067197507
FAM168B,luminal,-0.6180711016210353
FAM169A,luminal,0.7242694712853182
FAM177A1,luminal,0.5632048546641504
FAM184A,luminal,-0.4230742692396283
FAM185A,luminal,0.3844090410275662
FAM186A,luminal,0.584265841604237
FAM193A,luminal,0.8633481639164576
FAM193B,luminal,0.3497544188365609
FAM199X,luminal,0.4979144671973331
FAM20B,luminal,0.17953571246838054
FAM20C,luminal,-0.5497272794142318
FAM32A,luminal,-0.40771795765171415
FAM3B,luminal,0.2527627731121187
FAM3C,luminal,-0.5272388199992771
FAM50A,luminal,-0.2163458517846547
FAM50B,luminal,0.06267118485092331
FAM53B,luminal,-0.15473561064015182
FAM76A,luminal,-0.27734806448098187
FAM76B,luminal,-0.36496325462185725
FAM89B,luminal,-0.7357412357200195
FAM8A1,luminal,0.46217005956251545
FAM91A1,luminal,-0.20430936106468064
FANCD2,luminal,-0.7847795448435005
FANCI,luminal,-0.7187291871650179
FAP,luminal,0.4729719079381728
FAR1,luminal,0.9139154271484776
FARP1,luminal,-0.2096325510491708
FARP2,luminal,1.1785636840408786
FARS2,luminal,0.4701510779914124
FARSA,luminal,-0.31710410218265533
FARSB,luminal,-0.8579627465326436
FAS,luminal,-0.4855162254900747
FASN,luminal,0.5892725669699113
FASTKD1,luminal,-0.3709123265367012
FASTKD2,luminal,-0.16935065043949804
FASTKD5,luminal,-0.06789485554895133
FAT1,luminal,-1.1862543923346902
FAU,luminal,-0.25902507056072227
FBL,luminal,-0.9458776426382951
FBLIM1,luminal,-0.8908298552646386
FBLN1,luminal,0.1993874546885578
FBLN2,luminal,-0.1747551681096089
FBLN5,luminal,-0.30868144949552706
FBLN7,luminal,0.8615956746473747
FBN1,luminal,0.5219850440671374
FBP1,luminal,2.17199357661228
FBP2,luminal,0.04197085175942531
FBRSL1,luminal,-0.2570578620191062
FBXL12,luminal,-0.3977710504674787
FBXL15,luminal,0.46241382847641244
FBXL17,luminal,1.527773442386949
FBXL18,luminal,-0.5608264299244332
FBXL19,luminal,-0.41296272136084716
FBXL20,luminal,-0.047430278696278104
FBXL3,luminal,0.8194504565024214
FBXL4,luminal,-0.10824413583680399
FBXL6,luminal,-0.34835411990401305
FBXL8,luminal,0.44902359194618774
FBXO11,luminal,-0.41963581908230574
FBXO2,luminal,0.2426666675779215
FBXO21,luminal,0.760447831535275
FBXO22,luminal,-0.09795104235055367
FBXO28,luminal,0.0400596461165507
FBXO3,luminal,0.8611757424324356
FBXO30,luminal,-0.3000203620193575
FBXO38,luminal,1.5035007449286937
FBXO4,luminal,0.8580158493179302
FBXO42,luminal,-0.23382212418157006
FBXO44,luminal,0.18882932043892361
FBXO45,luminal,-0.7968313921118461
FBXO46,luminal,0.006020502848759214
FBXO6,luminal,-0.2068068313990553
FBXO7,luminal,-0.33978494283439376
FBXO9,luminal,0.26612702774744523
FBXW11,luminal,0.7193570969690584
FBXW2,luminal,0.5370157440866671
FBXW5,luminal,-0.24772070530187953
FBXW8,luminal,0.7587111941861061
FBXW9,luminal,0.14542655103908736
FCER1G,luminal,-0.3874079316423895
FCF1,luminal,-0.23769254855905755
FCGR1A,luminal,-0.3545808201677712
FCGR2A,luminal,-0.21192081844147453
FCGR2B,luminal,-0.25232432897493745
FCGR3A,luminal,-0.2037657770767397
FCGR3B,luminal,-0.18367717168679415
FCGRT,luminal,0.8894955253588519
FCHO1,luminal,-0.4917081388519285
FCHO2,luminal,1.175569462390643
FCHSD1,luminal,0.364017128219962
FCHSD2,luminal,0.12427082426936811
FCN1,luminal,-0.46890431688711764
FCN2,luminal,0.3108887091961248
FCN3,luminal,-0.7292233316208464
FCRLB,luminal,0.4571444467474549
FDFT1,luminal,-0.00030260827234467535
FDPS,luminal,-1.1328561074680692
FDX1,luminal,-0.828415576983725
FDXR,luminal,0.8099316520409265
FECH,luminal,0.5210786113734615
FEM1A,luminal,0.14703641698688472
FEM1B,luminal,0.6454408262986682
FEM1C,luminal,0.7997642030548814
FEN1,luminal,-1.03191471475013
FER,luminal,0.3176000235881201
FERMT1,luminal,-1.16700880440692
FERMT2,luminal,0.019679423367774382
FERMT3,luminal,-0.3695774528449993
FES,luminal,-0.2754243363833032
FETUB,luminal,-1.4064699424110072
FEZ2,luminal,-0.007100764636790045
FGA,luminal,-0.0213448841909874
FGB,luminal,0.04164761683352805
FGD1,luminal,-0.43695305167479154
FGD2,luminal,-0.29662878283935284
FGD3,luminal,1.5501672863196838
FGD4,luminal,-0.37280725821117444
FGD5,luminal,0.2330962387738297
FGD6,luminal,0.43474760027649584
FGF1,luminal,0.5329562193779694
FGF2,luminal,-0.11114959690801608
FGFR1,luminal,0.4335678246782086
FGFR1OP2,luminal,-0.2248666733656422
FGFR2,luminal,0.36238983180054296
FGG,luminal,-0.10174882050842772
FGGY,luminal,0.3518552986192973
FGL2,luminal,0.12412446715956216
FGR,luminal,-0.36652518365026
FH,luminal,-0.7684184245893388
FHIT,luminal,0.4360341371595236
FHL1,luminal,0.43410460167816595
FHL2,luminal,0.22892159497575795
FHL3,luminal,-0.7424579157178826
FHL5,luminal,0.7415777836513924
FHOD1,luminal,-0.006402644829166825
FIBIN,luminal,0.2612170964407902
FIBP,luminal,0.12373127553614284
FIG4,luminal,0.27932973266535266
FIGNL1,luminal,-0.9460451991928684
FILIP1,luminal,0.34539875621481103
FILIP1L,luminal,0.38288205563183936
FIP1L1,luminal,-0.24016522856942737
FIS1,luminal,0.5309542743455262
FIZ1,luminal,0.22181050246524098
FKBP10,luminal,0.5479333125099248
FKBP11,luminal,-0.5494573012974058
FKBP14,luminal,-0.2890806866684786
FKBP15,luminal,0.2679987264048322
FKBP1A,luminal,-0.8573823405723722
FKBP2,luminal,-0.000618822359567721
FKBP3,luminal,0.45652533230911385
FKBP4,luminal,0.6612853033014016
FKBP5,luminal,-0.2714547489225643
FKBP7,luminal,-0.08000687791837764
FKBP8,luminal,-0.268816630742229
FKBP9,luminal,-0.15223045111171868
FKBPL,luminal,-0.7935918321779966
FLAD1,luminal,-0.9179481743089568
FLCN,luminal,0.32723311966660845
FLI1,luminal,0.07846291100434455
FLII,luminal,-0.1681121369623174
FLNA,luminal,-0.6272819518253966
FLNB,luminal,1.0141752670486104
FLNC,luminal,0.22949105680491508
FLOT1,luminal,0.6298604616777107
FLOT2,luminal,-0.11070689097845568
FLT1,luminal,-0.0033170581000612864
FLVCR1,luminal,0.1947305524121449
FLYWCH2,luminal,0.8640822033907224
FMN1,luminal,1.191363532284574
FMNL1,luminal,-0.2903604878382597
FMNL2,luminal,-1.6049475995832676
FMNL3,luminal,0.2130663464034316
FMO1,luminal,-0.28957547535757927
FMO3,luminal,-0.1762281432723023
FMO5,luminal,1.2532510111956265
FMOD,luminal,0.6001692913297161
FMR1,luminal,-0.44950270199697234
FN1,luminal,0.17086627903924845
FN3K,luminal,0.5261541886853321
FN3KRP,luminal,-0.07893379943849793
FNBP1,luminal,-0.54082317482474
FNBP1L,luminal,-0.19911436069388197
FNBP4,luminal,-0.1308262462601336
FNDC1,luminal,-0.2502778991960727
FNDC3A,luminal,0.5538349526828317
FNDC3B,luminal,-1.0631316409350782
FNIP1,luminal,1.6147528189818867
FNTA,luminal,-0.4560183143115699
FNTB,luminal,0.8249594136888425
FOLH1,luminal,-1.3699431509718716
FOLR2,luminal,0.11273072821720967
FOSB,luminal,0.5368625814759542
FOSL2,luminal,0.09566734486241137
FOXA1,luminal,2.4966660049762384
FOXJ2,luminal,-0.17241519359731108
FOXJ3,luminal,-0.0691882015999525
FOXK1,luminal,-0.5835620357934675
FOXK2,luminal,-0.6086703388723493
FOXN3,luminal,-0.18643779513184164
FOXO1,luminal,0.24665132959230038
FOXO3,luminal,-0.2391029769811616
FOXP1,luminal,1.3494704466786798
FOXP4,luminal,-1.2111340653260605
FOXRED1,luminal,-0.46162020634389656
FOXRED2,luminal,-0.6114986862019448
FPGS,luminal,0.2073409064331679
FPGT,luminal,1.0072329958553639
FRG1,luminal,0.2061361350372981
FRK,luminal,-0.050838362761429445
FRMD4A,luminal,-0.7727217262969084
FRMD6,luminal,0.8902654991539253
FRMD8,luminal,-0.6599988086463147
FRS2,luminal,1.4752938202969033
FRY,luminal,1.349926099154902
FRYL,luminal,0.8585260542871146
FRZB,luminal,0.5282428962136658
FSCN1,luminal,-1.4369003039816666
FSD1L,luminal,0.49664497561534804
FST,luminal,0.4554202587096872
FSTL1,luminal,0.12326138914392294
FSTL3,luminal,0.8235259611672957
FTH1,luminal,-0.2000506311217697
FTL,luminal,-0.5383664476568072
FTO,luminal,0.33453950560592344
FTSJ1,luminal,-0.5823309109385273
FTSJ3,luminal,-0.08334502736021422
FUBP1,luminal,-0.1610855604460536
FUBP3,luminal,0.5394685740363114
FUCA1,luminal,1.1128643752879968
FUCA2,luminal,-0.4529071586538492
FUNDC1,luminal,0.45414572722980534
FUNDC2,luminal,0.17422171157769703
FURIN,luminal,-0.22625079162268621
FUS,luminal,-0.16692244739244283
FUT5,luminal,-0.9789060278051687
FUT8,luminal,1.5402653188026914
FXN,luminal,-0.6322711549967572
FXR1,luminal,-0.34155499062770023
FXR2,luminal,-0.008469157080192436
FYCO1,luminal,1.2450323344177472
FYTTD1,luminal,-0.4776669031164862
FZD1,luminal,-0.27203380653909937
FZD6,luminal,-0.43963756160736
FZD7,luminal,-0.850668225036432
FZR1,luminal,0.32178244241388854
G3BP1,luminal,-0.026193567448056978
G3BP2,luminal,0.10749485178135842
G6PC3,luminal,1.4954433709981578
G6PD,luminal,-0.6004376477184109
GAA,luminal,0.19744069679222553
GAB1,luminal,0.7832693736333526
GAB2,luminal,0.16309277711910347
GABARAP,luminal,0.19830442813069438
GABARAPL1,luminal,-0.3871623743658304
GABARAPL2,luminal,0.29400887259748343
GABPA,luminal,0.0814349137670526
GABPB1,luminal,-0.14548019249181032
GABPB2,luminal,0.06032751485979002
GADD45GIP1,luminal,-0.3532557765241779
GAK,luminal,0.972548223473973
GAL3ST4,luminal,-0.31732503634272063
GALC,luminal,0.8914983090043246
GALE,luminal,0.036398846079644706
GALK1,luminal,-0.3825332650374023
GALK2,luminal,-0.42494800818699374
GALM,luminal,-0.0528359632871768
GALNS,luminal,-0.9899465441215508
GALNT1,luminal,-0.1475510253486122
GALNT10,luminal,1.207619912905212
GALNT2,luminal,-0.45860009048931444
GALNT3,luminal,-0.942579337947491
GALNT4,luminal,0.9934368557741274
GALNT5,luminal,0.7783636839605459
GALNT6,luminal,1.0592205189101158
GALNT7,luminal,0.9858089909756131
GALT,luminal,-0.43867621501287346
GAMT,luminal,2.008087689392022
GAN,luminal,-0.7745284156211469
GANAB,luminal,-0.43553466855442907
GANC,luminal,-0.02616951633297281
GAPDH,luminal,-1.3243605868052881
GAPDHS,luminal,-0.43077236403576397
GAPVD1,luminal,0.7958487358717409
GAR1,luminal,-0.8382102709310024
GART,luminal,-1.251541549866921
GAS2L1,luminal,-0.27260765176706003
GAS6,luminal,0.5234370307427734
GAS7,luminal,0.584536412246487
GATA3,luminal,2.8815580111950445
GATAD1,luminal,1.2433789950098493
GATAD2A,luminal,-1.1986868503587693
GATAD2B,luminal,-0.3285653412909666
GATC,luminal,0.14056365223461345
GATM,luminal,0.651082826148065
GBA2,luminal,0.15917867044731052
GBE1,luminal,-0.11220356753456238
GBF1,luminal,0.5821014730765968
GBP1,luminal,-1.118867851863969
GBP2,luminal,-0.2696153773811236
GBP3,luminal,0.25423736244821726
GBP4,luminal,-0.31924517993891005
GBP5,luminal,-0.8186814256743062
GBP7,luminal,0.030717743542872496
GC,luminal,0.06800780840836844
GCA,luminal,-0.2879092366010197
GCAT,luminal,-0.3644213006375377
GCC1,luminal,0.08634968507799538
GCC2,luminal,0.7092053750031677
GCDH,luminal,0.18307051789613693
GCH1,luminal,-0.39071889678849936
GCHFR,luminal,-0.019977006648127453
GCLC,luminal,0.2416252676043808
GCLM,luminal,-0.40454090061409315
GCSH,luminal,-0.5004032026156408
GDAP1,luminal,0.8863622978918722
GDAP2,luminal,-0.3304011453331355
GDE1,luminal,0.8337079735783968
GDF15,luminal,1.288349190063459
GDI1,luminal,0.5323552132202153
GDI2,luminal,-1.2558723995823053
GDPD1,luminal,0.5120585437675172
GDPD3,luminal,0.43343568053089887
GEM,luminal,0.4118794162505021
GEMIN4,luminal,-0.5002196771846393
GEMIN5,luminal,0.4941932776293287
GEMIN6,luminal,-0.46126187540889413
GEMIN7,luminal,-0.22999873724045491
GEMIN8,luminal,0.8005173876512222
GEN1,luminal,-1.0672004051850545
GET4,luminal,-0.2901386358167147
GFAP,luminal,0.18800226047726032
GFER,luminal,0.6070918315580435
GFM1,luminal,0.4467403403424196
GFM2,luminal,0.9559907850778379
GFOD1,luminal,-0.7489354190212879
GFOD2,luminal,-0.6189373158392646
GFPT1,luminal,-0.1925668114849575
GFPT2,luminal,-0.3017168934021547
GFRA1,luminal,2.34190416909669
GGA1,luminal,-0.2777529830925831
GGA2,luminal,0.3456967704163441
GGA3,luminal,-0.05977970955043092
GGCT,luminal,-0.6467118840085164
GGCX,luminal,-0.464910394405174
GGH,luminal,-1.0295242721854982
GGNBP2,luminal,0.6456066285924891
GGPS1,luminal,0.3834504043102107
GGT1,luminal,-0.38641116198977343
GGT5,luminal,0.40875168919182614
GGT7,luminal,0.5098406334691366
GHDC,luminal,1.47115524286046
GHITM,luminal,0.21733988554108333
GIGYF1,luminal,0.35845603286932876
GIGYF2,luminal,0.9696484264253261
GIMAP1,luminal,0.1025770765085193
GIMAP2,luminal,0.26409594936615954
GIMAP4,luminal,-0.025937723596287543
GIMAP6,luminal,0.2771559833343747
GIMAP7,luminal,0.022642421041433557
GIMAP8,luminal,0.12478053337329001
GINS1,luminal,-1.074231906179747
GINS2,luminal,-0.35074106443918424
GINS3,luminal,-1.07819495323864
GINS4,luminal,-1.010318560689565
GIPC1,luminal,-0.6126465399804643
GIPC3,luminal,-0.12536024370271118
GIT1,luminal,-0.4648591951333023
GIT2,luminal,0.6212558739693338
GJA1,luminal,0.8903115161842164
GK,luminal,-0.07460254037933382
GK5,luminal,-0.06099463016494711
GKAP1,luminal,0.5200055378634644
GLA,luminal,0.36245756468977025
GLB1,luminal,-0.23454085957850224
GLB1L,luminal,0.4269903646570003
GLCCI1,luminal,0.9987200653275459
GLCE,luminal,0.7976746243413155
GLDC,luminal,-0.49584348778227216
GLE1,luminal,0.46218957442215935
GLG1,luminal,-0.967785313147222
GLI3,luminal,1.541808871595424
GLIPR1,luminal,-0.4574706112635648
GLIPR2,luminal,-1.3786339873303468
GLMN,luminal,-0.6396566276272474
GLO1,luminal,-0.12324817650160827
GLOD4,luminal,0.36631389094592187
GLRX,luminal,-0.16581654983282848
GLRX2,luminal,-0.7659659360213625
GLRX3,luminal,-1.0698911437294505
GLRX5,luminal,-0.04487380222121143
GLS,luminal,-1.1803238973261778
GLT8D1,luminal,1.2924076636696058
GLT8D2,luminal,0.492841788462582
GLTP,luminal,-0.37612845689677743
GLUD1,luminal,1.2229074088814837
GLUD2,luminal,1.014310296220996
GLUL,luminal,1.4578462361202231
GLYAT,luminal,0.4141418014126391
GLYATL1,luminal,0.5837195677115173
GLYATL2,luminal,-1.1587257020604804
GLYR1,luminal,1.1527427300285813
GM2A,luminal,-0.19704594746062132
GMDS,luminal,-1.218207375050227
GMEB1,luminal,-0.6493317418280318
GMEB2,luminal,-0.24704414635451932
GMFB,luminal,0.5428104358892168
GMFG,luminal,-0.22988555878740793
GMIP,luminal,-0.38043221189176246
GMNN,luminal,-1.1261393444353027
GMPPA,luminal,-0.17797244679044075
GMPPB,luminal,0.2581684625306606
GMPR,luminal,-0.2617363106367449
GMPR2,luminal,1.434686284516703
GMPS,luminal,-1.7167563325466824
GNA11,luminal,0.34032737124351875
GNA12,luminal,-0.28947469771146356
GNA13,luminal,0.22493474174921077
GNAI1,luminal,-0.8659779112236334
GNAI2,luminal,0.4442042664440598
GNAI3,luminal,-0.6996801220213189
GNAO1,luminal,0.20593119799512394
GNAQ,luminal,0.43046597588045327
GNAS,luminal,-0.7686943683342962
GNAZ,luminal,-0.05477085665556443
GNB1,luminal,-0.13487853091432392
GNB1L,luminal,-0.5688016120044693
GNB2,luminal,-0.15074522744609253
GNB4,luminal,-0.7602876114886745
GNB5,luminal,0.4526426515820124
GNE,luminal,-0.2596905022317811
GNG11,luminal,0.6061023552884066
GNG12,luminal,0.4371224899548655
GNG2,luminal,0.0639677324105663
GNG5,luminal,-0.616592324659718
GNG7,luminal,-0.03874316424640694
GNL1,luminal,-0.37868969018109516
GNL2,luminal,-1.2323553640781582
GNL3,luminal,-0.3453260339938351
GNL3L,luminal,-0.5138601678625717
GNPAT,luminal,-0.18601633325613776
GNPDA1,luminal,0.4292393838008017
GNPDA2,luminal,1.0410698440844457
GNPNAT1,luminal,0.163211032557426
GNPTAB,luminal,-0.5669524123122731
GNPTG,luminal,0.8019455283083888
GNS,luminal,0.820117609537108
GOLGA1,luminal,1.0759698634226944
GOLGA2,luminal,0.46134849632584973
GOLGA3,luminal,-0.04958851373010221
GOLGA4,luminal,0.11320171138308296
GOLGA5,luminal,0.3783623290731665
GOLGA7,luminal,-0.24915242796058146
GOLGB1,luminal,0.9528614744678382
GOLIM4,luminal,-0.05903319151902207
GOLM1,luminal,0.5784980473528195
GOLPH3,luminal,-0.309415961816001
GOLPH3L,luminal,0.608101898109039
GOLT1B,luminal,-0.991206548831492
GON4L,luminal,0.32716299225577317
GOPC,luminal,-0.39943507771553477
GORAB,luminal,-0.31978395644457747
GORASP1,luminal,0.4266392541387607
GORASP2,luminal,-0.7271898150262096
GOSR1,luminal,0.7654118127142263
GOSR2,luminal,0.42027644333039615
GOT1,luminal,-0.6159807502225056
GOT2,luminal,0.35278272897383595
GP2,luminal,1.7080307191226733
GPAA1,luminal,-0.29773314892194674
GPAM,luminal,0.3671839877104164
GPATCH1,luminal,-0.15326745691152635
GPATCH2,luminal,0.591541019883701
GPATCH8,luminal,0.6185868512753824
GPBP1,luminal,0.9137231338627004
GPBP1L1,luminal,-0.2553918711825911
GPC1,luminal,0.6310582596732623
GPC4,luminal,0.4107682755105851
GPC6,luminal,-0.08120612842901559
GPCPD1,luminal,0.0867959695967906
GPD1,luminal,0.3903243166789464
GPD1L,luminal,1.4440273357864095
GPD2,luminal,0.3770432310577079
GPHN,luminal,0.6703764183047697
GPI,luminal,-1.2469030347892793
GPKOW,luminal,0.16331654796406683
GPLD1,luminal,-0.21979318232512723
GPN1,luminal,-1.5166829777043378
GPN2,luminal,-0.2169363497995716
GPN3,luminal,0.36450106065919186
GPNMB,luminal,-0.47231270282804205
GPR107,luminal,0.28435968952247015
GPR108,luminal,0.3887260871895444
GPRC5A,luminal,0.9519287284192091
GPRC5C,luminal,0.8606162266434212
GPRIN1,luminal,-0.6600494579798528
GPRIN3,luminal,0.275004021190068
GPS1,luminal,-0.2704305215754562
GPS2,luminal,0.08298822053387567
GPSM1,luminal,-0.23251205314790077
GPSM3,luminal,-0.09402072336563666
GPT,luminal,-0.004146685281157905
GPT2,luminal,-1.2679880578510532
GPX1,luminal,0.026869411378324524
GPX3,luminal,-0.02641001034147527
GPX4,luminal,0.4047621118825183
GPX7,luminal,-0.8912036892998048
GPX8,luminal,0.12185084042373587
GRAMD1A,luminal,0.17940691246933807
GRAMD4,luminal,-0.27068228025102814
GRAP2,luminal,-0.3413006626436482
GRB10,luminal,-0.5720019344381675
GRB14,luminal,-0.34958340396298104
GRB2,luminal,0.5176688694334782
GRB7,luminal,-0.5437099244678327
GREB1,luminal,2.553859907101996
GREM1,luminal,0.026418902054466228
GRHL1,luminal,-0.9644592792289239
GRHL2,luminal,0.13209669091888843
GRHPR,luminal,0.08704962668465352
GRIP1,luminal,-0.22123678854600748
GRIPAP1,luminal,0.4498039030925799
GRK5,luminal,-0.09628619386344632
GRK6,luminal,-0.7869911299196577
GRN,luminal,-0.0011990594523592828
GRPEL1,luminal,-0.03990953821756015
GRPEL2,luminal,-0.0025218739540859964
GRSF1,luminal,-0.15940300732246562
GRTP1,luminal,0.7567691774896051
GRWD1,luminal,0.04091573036894863
GSDMA,luminal,-0.2604286333179076
GSDMD,luminal,0.7044808555125837
GSK3A,luminal,-0.19680700906320892
GSK3B,luminal,-0.12270800115997081
GSN,luminal,-0.22505889363193374
GSPT1,luminal,0.7414412099452429
GSPT2,luminal,-0.022236169016623297
GSR,luminal,0.16262776156336975
GSS,luminal,0.3829863984657581
GSTA1,luminal,-0.9990691483980377
GSTA4,luminal,-0.6754959603182371
GSTCD,luminal,1.1236413935246488
GSTK1,luminal,0.00012064657792383837
GSTM1,luminal,0.3658516704996991
GSTM2,luminal,0.811856415358098
GSTM3,luminal,1.1004683392900139
GSTM4,luminal,0.601416567737642
GSTM5,luminal,0.6545807043278574
GSTO1,luminal,-0.14618713631471925
GSTP1,luminal,-1.48334242227424
GSTZ1,luminal,0.5702102959341265
GTF2A1,luminal,0.27578250466736504
GTF2A2,luminal,-0.4146120727092871
GTF2B,luminal,-0.2476268422569339
GTF2E1,luminal,0.05113366530850871
GTF2E2,luminal,-0.6581238281082532
GTF2F1,luminal,0.69990420607692
GTF2F2,luminal,-0.5889289857242389
GTF2H1,luminal,-0.024548030636526122
GTF2H3,luminal,0.32323511140192357
GTF2H4,luminal,-0.9244930931380909
GTF2H5,luminal,0.11850897001600383
GTF2I,luminal,0.0413770915197766
GTF2IRD1,luminal,-0.036317675557544976
GTF3A,luminal,-0.2468841472549835
GTF3C1,luminal,0.7146786095952308
GTF3C2,luminal,-1.2012825242663043
GTF3C3,luminal,-0.2902052404044507
GTF3C4,luminal,-0.04575170951594531
GTF3C5,luminal,-0.9454355738297652
GTF3C6,luminal,-1.0170609927070846
GTPBP1,luminal,-0.6207443519490454
GTPBP10,luminal,-0.032664521309594144
GTPBP2,luminal,-0.9441250797921833
GTPBP3,luminal,-0.1602667458699182
GTPBP4,luminal,-1.560110732683281
GTPBP8,luminal,-1.389593813871568
GTSE1,luminal,-1.4240899360858543
GUCY1A2,luminal,0.26576216484045545
GUF1,luminal,0.7107354572644382
GUK1,luminal,-0.5769949910495854
GULP1,luminal,-0.022749083507755473
GUSB,luminal,0.028720768352605498
GXYLT1,luminal,0.34880015700798656
GYG1,luminal,-0.6471484765746521
GYG2,luminal,-0.27980814447551683
GYS1,luminal,-0.4087732819383274
GZF1,luminal,0.45738591421046326
GZMA,luminal,-0.3957176169730597
GZMH,luminal,-0.3988844577744005
H6PD,luminal,0.10498701077623862
HAAO,luminal,-0.6736684805426174
HABP2,luminal,0.3222656573301977
HABP4,luminal,-0.30509765315742743
HACE1,luminal,-0.3747146642233981
HACL1,luminal,0.5765419444859361
HADH,luminal,0.09639093908884105
HADHA,luminal,-0.22530753438481863
HADHB,luminal,0.3130796635856514
HAGH,luminal,0.9241254672434945
HAGHL,luminal,0.7838366145137244
HAPLN1,luminal,-0.3115930912232852
HAPLN3,luminal,-1.7048131756574245
HARS2,luminal,0.8473849774234166
HAT1,luminal,0.16173328494592978
HAUS1,luminal,0.1199592257865875
HAUS2,luminal,-0.1326088211522511
HAUS3,luminal,0.8758474102124755
HAUS4,luminal,0.40703880840978246
HAUS5,luminal,-0.6799827220299387
HAUS6,luminal,-0.9074095211754112
HAUS7,luminal,-0.8821594147760947
HAUS8,luminal,-1.3327628535622025
HAVCR2,luminal,-0.1250354332648084
HAX1,luminal,-0.41911735229903124
HBB,luminal,0.5847896575138162
HBD,luminal,0.06336723332106767
HBP1,luminal,0.6990053401912868
HBQ1,luminal,-0.7018598777203626
HBS1L,luminal,-0.6578705357416001
HBZ,luminal,0.020402554520166215
HCCS,luminal,-0.7967412688669575
HCFC1,luminal,-0.3614264792206979
HCFC2,luminal,0.7256716784629402
HCK,luminal,-0.41217481058141775
HCLS1,luminal,-0.25864340362058597
HDAC1,luminal,-0.15843762009814444
HDAC10,luminal,0.4486695230473168
HDAC11,luminal,1.2785890398190922
HDAC2,luminal,-1.5688246500931062
HDAC3,luminal,0.11597230030174123
HDAC4,luminal,-0.418547636051154
HDAC5,luminal,0.28655186734203747
HDAC6,luminal,0.14138317500414344
HDAC7,luminal,0.9500709551176677
HDAC8,luminal,-0.2558747325430213
HDDC2,luminal,-0.8261694517819682
HDDC3,luminal,0.5752244979346433
HDGF,luminal,-1.3207159725441273
HDHD2,luminal,1.1346695624495067
HDHD3,luminal,-0.006522401895085093
HDLBP,luminal,-0.41551150343971355
HEATR1,luminal,-0.6285312515021808
HEATR3,luminal,-0.5064621198055985
HEATR5B,luminal,0.6553894991719594
HEATR6,luminal,0.6132582546423205
HEBP1,luminal,0.8890377523539714
HEBP2,luminal,-1.056635992384927
HECA,luminal,-0.9768981580727301
HECTD1,luminal,0.510091718925331
HECTD3,luminal,-0.2801015872964964
HECW2,luminal,0.05103083060845593
HELB,luminal,-0.10289225178999087
HELLS,luminal,-0.7344938535048159
HELZ,luminal,0.2868903266131486
HERC1,luminal,0.5891565407928596
HERC2,luminal,0.368222973177972
HERC3,luminal,0.45965280140762343
HERC4,luminal,-0.21097324460449765
HERC5,luminal,-0.5977979488033168
HERC6,luminal,-0.2327878534531774
HERPUD1,luminal,-0.08936246900302552
HERPUD2,luminal,0.24341189191448573
HES1,luminal,0.10463577585248521
HEXA,luminal,-0.024055755953165232
HEXB,luminal,0.33976100378677804
HEXIM1,luminal,1.6749100005319522
HEXIM2,luminal,1.2574330376142042
HGD,luminal,0.6235293158644156
HGF,luminal,0.7952992713715896
HGFAC,luminal,-0.15922480823227095
HGS,luminal,-0.4739505340433424
HIBADH,luminal,-0.13837457833518335
HIBCH,luminal,-0.039561677113640364
HIC1,luminal,0.3697241085315605
HIF1AN,luminal,1.0117151425628097
HIGD1A,luminal,0.38312808920584684
HIGD2A,luminal,0.07295326918986196
HINT1,luminal,-0.05607038206646308
HINT2,luminal,0.5651896796240797
HINT3,luminal,-0.2093438877141011
HIP1,luminal,0.984708105462579
HIP1R,luminal,-0.27138401302120607
HIRA,luminal,-0.9209036204899669
HIRIP3,luminal,0.5956324831961871
HIVEP1,luminal,-0.43439677775682245
HIVEP2,luminal,-0.7202955124824846
HK1,luminal,0.42481315534976327
HK2,luminal,-0.16458907023980818
HK3,luminal,-0.8108245233764414
HLA-A,luminal,-0.6280222059046539
HLA-B,luminal,-0.5572750835136759
HLA-C,luminal,-0.28301810938352423
HLA-DMA,luminal,-0.22886289797278178
HLA-DMB,luminal,-0.15548106978439502
HLA-DPA1,luminal,-0.006375896154007323
HLA-DPB1,luminal,-0.05224961722676252
HLA-DQA1,luminal,-0.2194005551745284
HLA-DQB1,luminal,-0.2287275864539784
HLA-DRA,luminal,-0.21531211471241152
HLA-DRB1,luminal,-0.16979057642537282
HLA-DRB5,luminal,-0.12065276189467174
HLA-E,luminal,-0.5277277519444693
HLA-F,luminal,-0.7566365015016815
HLCS,luminal,0.10512802515045329
HLTF,luminal,-0.025284231893967737
HM13,luminal,-0.31937191884532407
HMBOX1,luminal,0.4306946125812224
HMBS,luminal,-0.8855349312474865
HMCN1,luminal,0.4559587872291581
HMG20A,luminal,0.1975467938907685
HMG20B,luminal,0.26384607445397784
HMGA1,luminal,-1.7761766703459687
HMGB1,luminal,-0.4584444074007761
HMGB2,luminal,-0.6139144637121992
HMGB3,luminal,-0.9566103793854048
HMGCL,luminal,1.3497467571031203
HMGCS1,luminal,-0.5008287734983534
HMGCS2,luminal,0.8600549065045167
HMGN1,luminal,-0.45987473183417693
HMGN2,luminal,-0.12362358812697354
HMGN3,luminal,-0.9850048577983644
HMGN4,luminal,-0.47495395222381176
HMGN5,luminal,0.19579543382095005
HMGXB4,luminal,-0.04692441514838107
HMMR,luminal,-0.9212344744219868
HMOX1,luminal,-0.22389604605643823
HMOX2,luminal,0.07427351247948509
HMX3,luminal,0.00855192164717574
HNMT,luminal,0.9679462257814024
HNRNPA0,luminal,0.37545571728617455
HNRNPA1,luminal,-0.016219712287593006
HNRNPA2B1,luminal,-0.3967619562032587
HNRNPA3,luminal,-0.6104068518072313
HNRNPAB,luminal,-0.49616833728339166
HNRNPC,luminal,0.08650025978280482
HNRNPD,luminal,-0.7507165145175946
HNRNPF,luminal,0.16296662956276897
HNRNPH1,luminal,-0.10949147928753332
HNRNPH2,luminal,1.247006410737199
HNRNPH3,luminal,-0.7092563360628672
HNRNPK,luminal,0.2539536510784633
HNRNPL,luminal,-0.47966862539012345
HNRNPM,luminal,-0.3020377121757089
HNRNPR,luminal,-0.25395573806053734
HNRNPU,luminal,-0.10944574785451812
HNRNPUL1,luminal,-0.5859705620804679
HNRNPUL2,luminal,-0.44958874375691726
HOMER1,luminal,-0.44273099649778885
HOMER2,luminal,0.03983096875353982
HOMER3,luminal,-1.1329444129785327
HOMEZ,luminal,1.1865114734853526
HOOK1,luminal,0.6089927626863741
HOOK2,luminal,0.4708085629097196
HOOK3,luminal,-0.2659061744502242
HOPX,luminal,0.1763055775516752
HOXB3,luminal,0.6596930902791369
HOXC10,luminal,-0.08696964654631331
HOXC9,luminal,0.2659323964208671
HOXD8,luminal,0.78383746245303
HOXD9,luminal,0.43317177265063966
HP,luminal,-0.09501239469335884
HP1BP3,luminal,0.1542531498735463
HPCAL1,luminal,-0.7989918007135065
HPGD,luminal,0.24017196004004543
HPGDS,luminal,1.1564197774442346
HPR,luminal,0.07110942163448007
HPRT1,luminal,-0.58750386511207
HPS1,luminal,-0.16676120629148383
HPS3,luminal,0.2684428135829844
HPS4,luminal,0.21749875498260968
HPS5,luminal,-0.39794978808943665
HPS6,luminal,0.5358239267798831
HPX,luminal,1.2373273370197313
HRAS,luminal,-0.05735922698674729
HRG,luminal,-0.5761698727045321
HS1BP3,luminal,-0.13767848013953507
HS2ST1,luminal,-0.6561739902328875
HS6ST1,luminal,-0.25921396744129305
HSBP1,luminal,-0.1721496552718659
HSCB,luminal,0.14213699313031278
HSD11B1,luminal,-0.33592735578003347
HSD11B2,luminal,-0.0008977388675167267
HSD17B10,luminal,-0.5308118525029744
HSD17B11,luminal,0.3590048060511139
HSD17B12,luminal,-0.6412730104949755
HSD17B4,luminal,1.6206396918696053
HSD17B7,luminal,0.6311893827466031
HSD17B8,luminal,1.2999364638786617
HSD3B7,luminal,0.7847823552287432
HSDL1,luminal,0.3105375245743745
HSDL2,luminal,1.1380819510277846
HSF1,luminal,-0.49048687653334977
HSP90AA1,luminal,-0.40126212962780256
HSP90AB1,luminal,-0.5082160164444924
HSP90B1,luminal,-0.7691896237345852
HSPA12A,luminal,0.9331774321016727
HSPA12B,luminal,0.8176201869808689
HSPA13,luminal,-0.007631871518810292
HSPA14,luminal,-1.3835143080574765
HSPA1L,luminal,0.8147559881586842
HSPA2,luminal,0.7776224722652293
HSPA4,luminal,0.2988127063114353
HSPA4L,luminal,-0.284660898575521
HSPA5,luminal,-0.39061340027310787
HSPA6,luminal,-0.20222532615052238
HSPA8,luminal,-0.2204644369881115
HSPA9,luminal,0.39680522407191243
HSPB1,luminal,0.9440724731841261
HSPB6,luminal,0.4624567900380086
HSPB7,luminal,0.433274344307101
HSPB8,luminal,0.8591266605008431
HSPBAP1,luminal,-0.6153622447732585
HSPBP1,luminal,-0.1570576311143492
HSPD1,luminal,-0.9374519864407341
HSPE1,luminal,-0.759513413277455
HSPG2,luminal,0.3151387717030828
HSPH1,luminal,-0.3618814104690624
HTATIP2,luminal,-0.7628039626050569
HTATSF1,luminal,-0.7680143033711782
HTRA1,luminal,0.7982510689760562
HTRA2,luminal,-0.5814044408660172
HTRA3,luminal,0.591837683769795
HTT,luminal,0.7718443291165649
HUS1,luminal,-0.38932805574064516
HUWE1,luminal,-0.41165621643654826
HVCN1,luminal,-0.2834856940419567
HYI,luminal,0.31058935705753177
HYOU1,luminal,-0.9193057824925454
IAH1,luminal,-0.08258430647024544
IARS2,luminal,0.400696830978335
IBTK,luminal,0.9800958834809246
ICA1,luminal,0.7313844449643349
ICAM1,luminal,-0.8084579339049828
ICAM2,luminal,-0.4082258678255974
ICAM3,luminal,-0.10485674821751736
ICAM5,luminal,-0.737794456503989
ICMT,luminal,-0.37519319173674515
ICOSLG,luminal,-0.7329551497780168
IDE,luminal,0.24703306467843242
IDH1,luminal,-0.4193809756369313
IDH2,luminal,-0.915348410613776
IDH3A,luminal,-0.00857168819350151
IDH3B,luminal,-0.1828133234166945
IDH3G,luminal,-0.6163181620128956
IDI1,luminal,-0.6625014469863411
IDO1,luminal,-1.065683787465066
IDS,luminal,0.6683552906308796
IDUA,luminal,1.0314754234072387
IER3IP1,luminal,0.29011252440668317
IFFO1,luminal,0.2347998570317735
IFI16,luminal,-0.5597397028438498
IFI30,luminal,-0.6416696095311717
IFI35,luminal,0.7366724057518159
IFI44,luminal,-0.5166222233132908
IFI44L,luminal,-0.24384166387803716
IFIH1,luminal,-0.5946813581221856
IFIT1,luminal,0.21520787898241214
IFIT2,luminal,-0.12054831760946985
IFIT3,luminal,-0.09646529191850542
IFIT5,luminal,0.380151375172198
IFITM1,luminal,0.3172342679255634
IFITM3,luminal,0.04845037153071491
IFNGR1,luminal,-0.8421136355860501
IFRD1,luminal,-2.0324470177180634
IFRD2,luminal,-0.5347463202001029
IFT122,luminal,0.7335301441433321
IFT140,luminal,1.5941775955291384
IFT172,luminal,0.3745100015905381
IFT20,luminal,-0.02735533168615909
IFT27,luminal,0.43314857532063883
IFT46,luminal,1.1506012551105793
IFT52,luminal,0.28658949378333654
IFT57,luminal,-0.11064903515332754
IFT74,luminal,0.5249070764139451
IFT80,luminal,0.11970721212209648
IFT81,luminal,0.5695889165156774
IFT88,luminal,1.4296776665867816
IGBP1,luminal,1.1507600055822487
IGF1,luminal,0.7060894917125738
IGF1R,luminal,1.7576975121523315
IGF2,luminal,0.8087595212762095
IGF2BP1,luminal,-0.5990625481539481
IGF2BP2,luminal,-1.4422159861362918
IGF2BP3,luminal,-1.6261571176757885
IGF2R,luminal,-0.47517222396815345
IGFALS,luminal,1.7346846087463315
IGFBP2,luminal,0.9897746291753908
IGFBP3,luminal,-0.529321973518353
IGFBP4,luminal,1.8234343693799873
IGFBP5,luminal,0.6504082540591122
IGFBP6,luminal,0.6223911384299963
IGFBP7,luminal,0.4539734968091442
IGHMBP2,luminal,0.34653876936556666
IGLL1,luminal,-0.250925479560128
IGSF1,luminal,0.4205996145274031
IGSF3,luminal,-0.2881732784825818
IGSF8,luminal,0.19405910039980673
IK,luminal,0.9445661181485336
IKBIP,luminal,-0.12751301166250473
IKBKB,luminal,1.1804333544774464
IKBKE,luminal,-0.3851749888991197
IKBKG,luminal,-0.1997798525165682
IKZF1,luminal,-0.36465715800784293
IKZF2,luminal,0.13362168518289266
IKZF3,luminal,-0.5560627270769853
IKZF5,luminal,1.0390119076848603
IL16,luminal,0.19470444235463913
IL17RA,luminal,-0.4053502760841812
IL18,luminal,-0.37293000847604496
IL1RAP,luminal,-0.6094700078065349
IL1RN,luminal,0.008216472435178509
IL33,luminal,0.17404715175795624
IL4I1,luminal,-0.9218724924083155
IL6ST,luminal,1.7721813784974703
ILF2,luminal,-1.55164691546265
ILF3,luminal,-0.8510168831679873
ILK,luminal,0.5797505848211035
ILKAP,luminal,-0.49123740448822123
IMMT,luminal,-0.725231789763202
IMP3,luminal,0.27515364232580913
IMP4,luminal,-0.6248526626865921
IMPA1,luminal,-0.11338049999032587
IMPA2,luminal,-1.4329379886170792
IMPACT,luminal,0.7533969486625103
IMPDH1,luminal,-0.54478388536382
IMPDH2,luminal,0.6641860206026946
INCENP,luminal,-1.2062594039015742
INF2,luminal,-0.27356068919235044
ING1,luminal,-0.10184800827045296
ING2,luminal,0.44211253017920854
ING3,luminal,-0.43303071595091436
ING4,luminal,-0.09800896419377117
ING5,luminal,0.17798460115813208
INHBA,luminal,0.13264221656307737
INO80,luminal,0.5785155048649485
INO80B,luminal,0.004224667570142088
INO80C,luminal,-0.37507169947222513
INO80E,luminal,0.26375467002018554
INPP1,luminal,-0.214800148482008
INPP4A,luminal,-0.4032067677168586
INPP4B,luminal,2.0472498990987598
INPP5A,luminal,0.10141413047972336
INPP5B,luminal,-0.24562792939463376
INPP5F,luminal,-0.05378424991160584
INPP5J,luminal,1.7013659490265056
INPP5K,luminal,0.17394366308049575
INPPL1,luminal,0.20871773658994502
INSR,luminal,0.6324713188313154
INTS1,luminal,-0.2888345380803274
INTS10,luminal,-0.7199336033651076
INTS12,luminal,0.9201546620213125
INTS2,luminal,0.4744661885159849
INTS3,luminal,0.1644869266049373
INTS4,luminal,-0.08753778456479519
INTS5,luminal,0.07078343772408167
INTS6,luminal,0.29816486071130605
INTS7,luminal,-0.45360551241954455
INTS8,luminal,-0.6917013926248606
INTS9,luminal,0.16994063684708965
IP6K1,luminal,0.6933944677537578
IPCEF1,luminal,-0.38406994876493994
IPMK,luminal,-0.29085305440777803
IPO11,luminal,0.839813129545384
IPO13,luminal,-0.6707878708767667
IPO4,luminal,0.21313063757283401
IPO5,luminal,-0.679884534741267
IPO7,luminal,0.11352933782820473
IPO8,luminal,-0.12604968327436397
IPO9,luminal,-0.3118292650648524
IQCB1,luminal,-0.7896257778484308
IQCE,luminal,0.5070885519132463
IQGAP1,luminal,-0.008529006509096458
IQGAP2,luminal,0.8096534694963456
IQGAP3,luminal,-1.0418990548518698
IQSEC1,luminal,0.74754288549467
IQSEC2,luminal,0.8532387209999037
IRAK1,luminal,-1.237036887229002
IRAK3,luminal,0.13092390566270387
IRAK4,luminal,0.598251480868726
IREB2,luminal,0.14665873588044737
IRF1,luminal,-0.25516210725261834
IRF2,luminal,0.4285719977786283
IRF2BP1,luminal,0.493595725766016
IRF2BP2,luminal,-0.29909409873250337
IRF3,luminal,-0.41801208531423534
IRF4,luminal,-0.7244948501152148
IRF5,luminal,-0.19076735907123551
IRF6,luminal,-0.006246252580399673
IRF7,luminal,0.42859833334578645
IRF8,luminal,-0.1808321157569318
IRF9,luminal,0.3660062762578808
IRGQ,luminal,-0.23666254866441502
IRS1,luminal,1.6314645357185171
IRS2,luminal,0.3754788560802922
IRX2,luminal,0.09126764333190279
IRX3,luminal,0.29504676951989833
IRX5,luminal,1.096896076776173
ISCA1,luminal,0.20726085610009815
ISCA2,luminal,0.5386060049038567
ISCU,luminal,0.8321263871615464
ISG15,luminal,-0.07452769249710418
ISG20,luminal,-0.6360246116634098
ISG20L2,luminal,-0.3981526919991092
ISLR,luminal,0.2603884754209877
ISOC1,luminal,0.5407166845345451
ISOC2,luminal,-0.13247835257760635
ISY1,luminal,-0.9989511022456207
ISYNA1,luminal,0.33843910648426717
ITCH,luminal,0.1768378516706219
ITFG1,luminal,0.31860381243032687
ITFG2,luminal,-0.07855605853359393
ITGA1,luminal,0.3103020482916844
ITGA11,luminal,0.44285356622590666
ITGA2,luminal,0.5350881169798516
ITGA3,luminal,0.8266515710717389
ITGA4,luminal,0.0025489291665161777
ITGA5,luminal,-0.04064566763831893
ITGA6,luminal,-0.7648403925978253
ITGA7,luminal,0.281340137867868
ITGAL,luminal,0.19123069052522568
ITGAM,luminal,0.05699514924158101
ITGAV,luminal,0.24984509732262536
ITGAX,luminal,-0.20166058171483328
ITGB1,luminal,-0.3678269363958683
ITGB1BP1,luminal,-0.7566879085321372
ITGB2,luminal,-0.4470417341134611
ITGB3,luminal,0.2632234920234591
ITGB4,luminal,-0.6432600197384554
ITGB5,luminal,0.8772101236246803
ITGB6,luminal,-0.33703915250707284
ITGBL1,luminal,0.8335439047739319
ITIH1,luminal,-0.19708958319940376
ITIH2,luminal,0.3969104750642107
ITIH3,luminal,0.49363788029663874
ITIH4,luminal,0.2474084438879802
ITM2B,luminal,0.7209479249213675
ITPA,luminal,-0.35556074289626705
ITPK1,luminal,1.0665216382807143
ITPKB,luminal,-0.42044261369761987
ITPKC,luminal,-0.05114984130052636
ITPR1,luminal,1.3717067389790973
ITPR2,luminal,0.2882691081794429
ITPR3,luminal,-0.5397888304136593
ITSN1,luminal,0.3846229755170796
ITSN2,luminal,0.002219871341022536
IVD,luminal,1.8859240560615744
IVL,luminal,-0.9484820294123646
IVNS1ABP,luminal,-1.2136806192721836
IWS1,luminal,-0.8703495189905056
JAG1,luminal,0.26074280984008785
JAGN1,luminal,-0.4359083891178207
JAK1,luminal,0.3704188526225684
JAK2,luminal,0.09167026878865195
JAK3,luminal,-0.776307934468764
JAM3,luminal,0.8233422231074685
JMJD1C,luminal,-0.18251040523520118
JMJD4,luminal,-0.9166104512753835
JMJD6,luminal,-0.737280630078791
JMJD8,luminal,1.0325808497044098
JMY,luminal,0.28834481157058983
JOSD2,luminal,0.30551671479759995
JUN,luminal,0.07203764276816296
JUNB,luminal,0.24206176876059812
JUND,luminal,0.4853834634383658
JUP,luminal,0.2570432538550605
KALRN,luminal,-0.6690404679904167
KANK1,luminal,-0.49247890027778407
KANK2,luminal,1.0193984693535703
KANK3,luminal,0.5353068064326303
KANK4,luminal,-0.455438850564553
KAT2A,luminal,0.24105889963700422
KAT5,luminal,0.3524276043242201
KATNA1,luminal,-1.227755883203135
KATNAL1,luminal,0.5962717029416252
KATNB1,luminal,-0.5214052537252113
KBTBD11,luminal,0.244443206240942
KBTBD2,luminal,0.1800310075924192
KBTBD4,luminal,1.1786728939718898
KBTBD7,luminal,0.42657994426549917
KCMF1,luminal,-2.0874124233516174
KCNAB2,luminal,-0.31638399584838256
KCNMA1,luminal,0.7777286506036349
KCTD1,luminal,-0.2459998359774478
KCTD10,luminal,0.028805814537516166
KCTD12,luminal,0.23449295426694233
KCTD14,luminal,-0.4419896293625874
KCTD15,luminal,-0.19060009720486398
KCTD17,luminal,0.055289856060461655
KCTD18,luminal,0.6329736084177383
KCTD2,luminal,0.7613594616009445
KCTD20,luminal,-0.2486833847150905
KCTD21,luminal,0.7274229970521994
KCTD3,luminal,1.5959585175029907
KCTD5,luminal,-0.6531378530904788
KCTD6,luminal,1.525921225984293
KCTD7,luminal,0.045186583695060276
KCTD9,luminal,-0.539984746731562
KDM1A,luminal,-1.097558820777277
KDM1B,luminal,-0.7943742134389252
KDM2A,luminal,-0.19870606204208602
KDM2B,luminal,-0.987610294785069
KDM3A,luminal,-0.4693005419160393
KDM3B,luminal,1.0360460581669473
KDM4A,luminal,-0.3495918243151031
KDM4B,luminal,2.200191751716834
KDM5A,luminal,-0.26988417499374073
KDM5B,luminal,-0.0895568661000685
KDM5C,luminal,-0.32275687232936273
KDM6A,luminal,0.4705870366123174
KDM6B,luminal,0.17603701374697295
KDSR,luminal,0.449417583434605
KEAP1,luminal,0.08267354136766089
KERA,luminal,1.045578215306164
KHDRBS1,luminal,-0.41774757863622236
KHDRBS3,luminal,-1.2060389216487852
KHK,luminal,-0.40031958857572303
KHNYN,luminal,0.7642715697288543
KHSRP,luminal,-0.9386583588655197
KIAA0232,luminal,1.6732507131092942
KIAA0319L,luminal,1.216092165468568
KIAA0513,luminal,0.055046747748198795
KIAA0753,luminal,0.6261014830809136
KIAA1143,luminal,0.6911614990487207
KIAA1191,luminal,0.8122156080198752
KIAA1210,luminal,0.11900899411196987
KIAA1217,luminal,0.47584004138812047
KIAA1328,luminal,1.0213568085425737
KIAA1671,luminal,-0.34729473634625285
KIAA2013,luminal,-1.0175541072206544
KIDINS220,luminal,0.06440784016534878
KIF11,luminal,-1.0918249077480864
KIF12,luminal,1.678980576938027
KIF13A,luminal,0.6655606823295239
KIF13B,luminal,1.137273706574759
KIF14,luminal,-1.2035757616321852
KIF15,luminal,-1.067526255391114
KIF16B,luminal,1.500063120048636
KIF18B,luminal,-1.0971854701829271
KIF1A,luminal,-1.1090122891826188
KIF1B,luminal,-0.9269576138171842
KIF1C,luminal,-0.5887943466255493
KIF20A,luminal,-1.2541395065329481
KIF20B,luminal,-0.648863977268208
KIF21A,luminal,-0.23047266738448927
KIF22,luminal,-0.19221570713702937
KIF23,luminal,-1.1700540788854503
KIF24,luminal,-0.1941332503965213
KIF26B,luminal,0.0098962565340179
KIF2A,luminal,0.02870339258090578
KIF2C,luminal,-1.5154185993061422
KIF3A,luminal,1.2264729843994897
KIF3B,luminal,0.9748505722691811
KIF3C,luminal,-0.505480649238728
KIF4A,luminal,-1.1701325716171191
KIF5A,luminal,0.3695686980586938
KIF5B,luminal,-0.13763667200743054
KIF7,luminal,-0.05423103289722826
KIFAP3,luminal,0.0493815868885561
KIFC1,luminal,-1.3543698119729657
KIN,luminal,-1.000639939649524
KLC1,luminal,-0.18163503584622925
KLC2,luminal,0.19350681170617326
KLC3,luminal,-0.2471595718069487
KLC4,luminal,0.3602432553028152
KLF12,luminal,0.03163228788588278
KLF13,luminal,-0.16812350996440042
KLF16,luminal,-0.18814764449124383
KLF3,luminal,0.4204296734412743
KLHDC10,luminal,0.2338085428326731
KLHDC2,luminal,1.5697812634667534
KLHDC3,luminal,-1.244140524628649
KLHDC4,luminal,-0.5752027584410029
KLHDC7A,luminal,1.1153111283924897
KLHDC8B,luminal,0.411799288557603
KLHL11,luminal,0.7249341199227901
KLHL12,luminal,0.9089760148684597
KLHL20,luminal,0.4126079871613111
KLHL22,luminal,0.16777717235490278
KLHL25,luminal,-0.20808424030644213
KLHL26,luminal,0.6783212076234753
KLHL36,luminal,-0.7715606170590751
KLHL7,luminal,-0.6484378126672128
KLHL9,luminal,0.5172654810438758
KLK14,luminal,-0.49266971406070115
KLK6,luminal,-1.2052175456975078
KLKB1,luminal,-0.0009995270359730482
KLRG2,luminal,-0.9614988957262712
KMO,luminal,-0.3562041752891225
KNG1,luminal,-0.12158623494463128
KNTC1,luminal,-0.46314560375282754
KPNA1,luminal,0.008556837460045654
KPNA2,luminal,-1.0660237569810527
KPNA3,luminal,-0.5367339396795743
KPNA4,luminal,-1.2811639568488042
KPNA6,luminal,-0.1806613371974001
KPNB1,luminal,-0.04287346185961291
KPTN,luminal,-0.04023170847041875
KRAS,luminal,-0.08543200728598133
KRI1,luminal,-0.19797823365763995
KRIT1,luminal,0.0649346946413961
KRR1,luminal,0.4459308642383025
KRT1,luminal,0.3111335249578774
KRT10,luminal,0.06624179973607866
KRT14,luminal,-0.28696502341333846
KRT15,luminal,-0.43372654810250383
KRT16,luminal,-1.5822944986166985
KRT18,luminal,1.3826015456097966
KRT19,luminal,0.6517367098238338
KRT23,luminal,-0.6784107726117503
KRT24,luminal,0.09619405796555472
KRT4,luminal,-0.7772615522317219
KRT5,luminal,-0.6246316393231969
KRT6A,luminal,-1.0953203451994216
KRT6B,luminal,-0.9915332359017697
KRT7,luminal,-0.9375034820590796
KRT75,luminal,-0.6362138303782886
KRT77,luminal,-0.4998356049743595
KRT79,luminal,-0.5913225102420027
KRT8,luminal,0.8039091372112532
KRT80,luminal,-0.3884317102425113
KRT81,luminal,-1.2803648548666706
KRT84,luminal,-0.48981219379517327
KRT9,luminal,-1.5047577300502024
KRTCAP3,luminal,-0.11283051422731659
KSR1,luminal,-0.3837049728566356
KTI12,luminal,-0.9581511577679949
KTN1,luminal,0.7612622712211023
KYNU,luminal,-0.7305066752269123
L2HGDH,luminal,0.18143278934828933
L3MBTL2,luminal,-0.34643549571191395
L3MBTL3,luminal,-0.48089146449016057
LACTB,luminal,0.2460099488537725
LACTB2,luminal,-0.25892888961445765
LAD1,luminal,-1.3791965293579331
LAGE3,luminal,-0.4243094001766957
LAIR1,luminal,-0.2696032137230291
LALBA,luminal,-0.8249242208669687
LAMA1,luminal,-0.3367733591479221
LAMA2,luminal,0.8416804512122229
LAMA3,luminal,0.711321359578593
LAMA4,luminal,0.21285597594682412
LAMA5,luminal,0.46437117081670226
LAMB1,luminal,-0.04895614751568498
LAMB2,luminal,1.1144543627809655
LAMB3,luminal,-0.4459972990817232
LAMC1,luminal,-0.18031899506798207
LAMC2,luminal,-0.5377972475452003
LAMP1,luminal,-0.36832114683818357
LAMP2,luminal,-0.6928709120425589
LAMP3,luminal,-1.2793337620999028
LANCL1,luminal,0.7668505459489049
LANCL2,luminal,-0.7056878958698621
LAP3,luminal,-0.14291217437001932
LARP1,luminal,0.17969569149434944
LARP1B,luminal,0.07913037834891608
LARP4,luminal,0.8014065301455356
LARP4B,luminal,-0.8624105890709572
LARP6,luminal,-0.4855638289821356
LARP7,luminal,0.2902926566524779
LARS2,luminal,0.36220892312622843
LAS1L,luminal,-0.31887213486864235
LASP1,luminal,0.6225842786145259
LATS1,luminal,0.4525995996842665
LBH,luminal,-0.39962720210670494
LBP,luminal,-0.7220050811784094
LBR,luminal,-1.5430959650325597
LCAT,luminal,-0.34399877777455773
LCK,luminal,-0.6290382771200614
LCLAT1,luminal,-0.6500108317671539
LCMT1,luminal,0.42078026336204594
LCMT2,luminal,1.6291555219139209
LCN2,luminal,-0.9906487700520717
LCP1,luminal,-0.35802525443518896
LCP2,luminal,-0.2869539064966057
LDB1,luminal,0.43777654433977575
LDB3,luminal,0.6304051788816253
LDHA,luminal,-0.593249707280408
LDHB,luminal,-1.401145702714198
LDHD,luminal,1.2072834936511265
LDLR,luminal,-0.1436183066464136
LDLRAP1,luminal,0.0010234168130928219
LECT2,luminal,0.22187303517638446
LEF1,luminal,0.7889167949716905
LEMD2,luminal,-0.5308606952127349
LEMD3,luminal,0.23806808188153172
LENG1,luminal,0.44637108628018207
LENG8,luminal,0.3538598433807666
LENG9,luminal,0.19984562970975875
LEO1,luminal,0.9495907295757894
LETM1,luminal,0.5806856808711619
LETMD1,luminal,0.9277735242001657
LFNG,luminal,1.012773988089036
LGALS1,luminal,-0.14851986553450056
LGALS2,luminal,-0.4009219296269386
LGALS3,luminal,-0.1960599447187661
LGALS3BP,luminal,0.25099286371671065
LGALS7,luminal,-0.3695162143265771
LGALS8,luminal,0.906724975250782
LGALS9,luminal,-0.34476407149885924
LGMN,luminal,-0.7334957874612694
LHPP,luminal,-0.3486921044887606
LIAS,luminal,1.0285871692246449
LIG1,luminal,-0.24986103158299053
LIG3,luminal,0.16830997161957445
LIG4,luminal,-0.02467285367539774
LILRB1,luminal,-0.340032822317258
LILRB4,luminal,-0.4485545236797616
LIMA1,luminal,1.4034099731575995
LIMCH1,luminal,-0.13199862192992895
LIMD1,luminal,0.34698480382347824
LIMD2,luminal,-0.9713834821448594
LIMK1,luminal,-1.049306124018027
LIMK2,luminal,-1.0805801701979931
LIMS2,luminal,0.11535359927304566
LIN37,luminal,-0.652475841064454
LIN52,luminal,0.5166366337161933
LIN54,luminal,0.015585817763021337
LIN7A,luminal,0.8355004540646107
LIN7C,luminal,0.24178150580534974
LIN9,luminal,-1.0466030205698649
LIPA,luminal,0.5660983858940628
LIPE,luminal,0.737011073228164
LIPT2,luminal,0.06883799957487073
LIX1L,luminal,-0.4943259315819408
LLGL1,luminal,-0.24937787693205443
LLGL2,luminal,0.14371003424926704
LLPH,luminal,0.17826856334898328
LMAN1,luminal,-0.054875064186188545
LMAN2,luminal,0.3414136304223717
LMAN2L,luminal,0.632293845446058
LMBRD1,luminal,0.3431609644064378
LMBRD2,luminal,0.8681592316744323
LMCD1,luminal,0.5697754672113874
LMF2,luminal,-0.43097316010377534
LMNA,luminal,-0.5213953797623545
LMNB1,luminal,-0.9491588319212162
LMNB2,luminal,-1.2742537966887422
LMO4,luminal,-1.6192884600561999
LMO7,luminal,-0.38687886843928676
LMOD1,luminal,0.642825975308395
LMTK2,luminal,0.12853065200744104
LMX1B,luminal,2.014665484720118
LNPEP,luminal,0.6383751528598902
LNX1,luminal,0.6447614107659064
LNX2,luminal,0.8468861212674816
LONP1,luminal,-0.37871621569158037
LONP2,luminal,0.6374228215924176
LONRF2,luminal,1.9492630122777856
LOX,luminal,-0.15460887956881234
LOXL1,luminal,0.7912622683766914
LOXL2,luminal,-0.18980829256480614
LOXL3,luminal,-0.03708095311328524
LPA,luminal,-0.2969787720098095
LPCAT1,luminal,-0.36933633186670095
LPCAT2,luminal,-0.33723632843385876
LPCAT3,luminal,0.2019514659506539
LPGAT1,luminal,0.34135465694173445
LPIN1,luminal,-1.8688282230625568
LPIN2,luminal,0.07008894960178265
LPIN3,luminal,0.5749570329582291
LPL,luminal,-0.033229823518337455
LPP,luminal,0.03761112866157536
LPXN,luminal,-0.5366599798840211
LRBA,luminal,1.5579956750774886
LRCH1,luminal,0.42271575665878786
LRCH2,luminal,0.2533180605153892
LRCH3,luminal,-0.14763120834682228
LRCH4,luminal,0.12154412176891312
LRG1,luminal,1.256809009354783
LRIG1,luminal,1.5619622793530539
LRP1,luminal,0.48516970876896975
LRP10,luminal,1.1481795493850806
LRP11,luminal,-0.22428530581890027
LRP2,luminal,0.9363007427259146
LRPAP1,luminal,0.422219139493501
LRPPRC,luminal,-0.6087566539255471
LRRC1,luminal,0.10722889602702813
LRRC14,luminal,0.2711477722892491
LRRC15,luminal,0.4615891545883312
LRRC17,luminal,1.4647435922918142
LRRC20,luminal,0.12714957891538453
LRRC25,luminal,-0.2355296783656173
LRRC40,luminal,-0.8070053176870405
LRRC41,luminal,-0.7005328130077533
LRRC42,luminal,-0.7587786296439715
LRRC45,luminal,-0.09661571040328845
LRRC47,luminal,-0.287607046496236
LRRC57,luminal,0.3518270357056228
LRRC58,luminal,-0.13472960023822403
LRRC59,luminal,-0.5150426362353102
LRRC8A,luminal,-0.2100984262989347
LRRC8D,luminal,-1.3891055791730722
LRRC8E,luminal,0.8078884747547419
LRRCC1,luminal,-0.1342615265857027
LRRFIP1,luminal,1.1412894675716294
LRRFIP2,luminal,0.17172001018116645
LRRIQ1,luminal,0.32132248816960135
LRRK1,luminal,-0.5959369007158676
LRRK2,luminal,0.2576418483031272
LRSAM1,luminal,0.9361838202703384
LRWD1,luminal,-0.48839856262804254
LSG1,luminal,-0.37323553901324463
LSM1,luminal,0.016953110992446754
LSM12,luminal,0.08922628082512576
LSM14A,luminal,-0.7771495308355696
LSM14B,luminal,-0.29298394226898433
LSM2,luminal,-1.3986993582134681
LSM3,luminal,-0.1928005009439591
LSM4,luminal,-0.5673955332599532
LSM5,luminal,-0.3827513738094524
LSM6,luminal,-1.1698481462680772
LSM7,luminal,-0.7371991684628154
LSP1,luminal,-0.028015495360734537
LSR,luminal,-1.2164007526746612
LSS,luminal,-0.4787615168018953
LTA4H,luminal,0.3573325365976545
LTBP1,luminal,-0.7135589835103877
LTBP2,luminal,0.6080809930695082
LTBP3,luminal,0.6702892981360214
LTBR,luminal,-0.8046242389657597
LTF,luminal,-0.22430355271324207
LTV1,luminal,-1.1642118828337074
LUC7L,luminal,0.6788243982704496
LUC7L3,luminal,0.36459776261155713
LUM,luminal,0.4812942687125143
LUZP1,luminal,-0.3878169069930118
LXN,luminal,-0.1735653886853203
LY6D,luminal,-1.3153831553484683
LY6E,luminal,-0.6191203383856678
LY75,luminal,-0.5018858139168062
LY86,luminal,0.3578814119612531
LY96,luminal,-0.2380644815902561
LYAR,luminal,-1.268984155564136
LYN,luminal,-1.1639318378812271
LYPD3,luminal,0.2498064299712389
LYPLA1,luminal,0.3369260361451349
LYPLA2,luminal,-0.5937634292132083
LYPLAL1,luminal,0.3048604797822766
LYRM1,luminal,0.5234836392361437
LYRM2,luminal,-0.24491033861020745
LYRM4,luminal,-0.3749575081940457
LYRM7,luminal,0.7519399023292102
LYSMD1,luminal,0.18482584683759282
LYSMD2,luminal,-0.43970205321842293
LYST,luminal,0.5737572962384858
LYVE1,luminal,0.01133761629059011
LYZ,luminal,-0.6235060564151781
LZIC,luminal,0.23255896509632482
LZTFL1,luminal,1.4761832510521946
LZTR1,luminal,0.034080304761554776
LZTS1,luminal,-0.027282862730152065
LZTS2,luminal,-0.07462088472058975
M6PR,luminal,-0.25675457227265
MACC1,luminal,-0.09916893245183066
MACF1,luminal,0.21142075387797954
MACROD1,luminal,0.18225499883608512
MACROD2,luminal,0.39364553318882295
MAD1L1,luminal,-0.32566968621975995
MAD2L1,luminal,-1.0889658212784898
MAD2L1BP,luminal,-0.025776515366348677
MAD2L2,luminal,-0.9577149937959358
MADD,luminal,1.1346089663899643
MAEA,luminal,0.06368094373498033
MAF1,luminal,-0.3088127206977855
MAFB,luminal,0.06933532520604539
MAFF,luminal,-0.5425867109192506
MAFG,luminal,-0.5864079466619201
MAFK,luminal,-0.029108114631713394
MAGEA4,luminal,-1.001561986486818
MAGED1,luminal,-0.6333489833346272
MAGED2,luminal,1.852598486148277
MAGI1,luminal,0.8269585710518559
MAGI2,luminal,0.8312909382901664
MAGI3,luminal,0.8707974970041246
MAGOHB,luminal,-1.0098977811480268
MAGT1,luminal,-0.4039860385188544
MAK16,luminal,-0.41767423691288125
MALT1,luminal,-0.6614506236517997
MAMDC2,luminal,0.5274131358032487
MAML1,luminal,0.368538330614276
MAML2,luminal,-1.0287807838580931
MAN1A1,luminal,0.6224888659244878
MAN1A2,luminal,0.1992196604641717
MAN1B1,luminal,0.008319589398021915
MAN2A1,luminal,0.5587003975543473
MAN2A2,luminal,0.012907872245349882
MAN2B1,luminal,-0.8478183767341508
MAN2B2,luminal,1.5088389702903966
MAN2C1,luminal,0.6344610795113217
MANBA,luminal,0.4510426278614596
MANBAL,luminal,0.6312041511161672
MANF,luminal,-0.6610047324287167
MANSC1,luminal,-0.15392342817758065
MAOA,luminal,0.7539781263759627
MAOB,luminal,0.36784074196910893
MAP1A,luminal,1.0167727265206414
MAP1B,luminal,-0.31065805626661475
MAP1LC3B2,luminal,-0.7092835403685299
MAP1S,luminal,-0.2464031225354844
MAP2,luminal,-0.9400252763396634
MAP2K1,luminal,-0.47866044544958153
MAP2K2,luminal,-0.31961441574739413
MAP2K3,luminal,-1.1221454512385756
MAP2K4,luminal,0.5960990736190347
MAP2K5,luminal,0.707067058640642
MAP2K6,luminal,-0.3602069838114535
MAP2K7,luminal,-0.17292799851663035
MAP3K1,luminal,1.0441018653064724
MAP3K10,luminal,0.13140123134635776
MAP3K11,luminal,-0.3395978214559941
MAP3K2,luminal,0.15279929265323008
MAP3K3,luminal,0.2933275433766444
MAP3K4,luminal,-0.03694724908257385
MAP3K5,luminal,-0.6125371886559001
MAP3K6,luminal,-0.6683189586112392
MAP3K7,luminal,-0.576075260909417
MAP3K8,luminal,-0.2516553607500066
MAP4,luminal,0.10238021173037742
MAP4K1,luminal,-0.5215887255686811
MAP4K2,luminal,-0.4119857582890921
MAP4K3,luminal,0.5434815939991785
MAP4K4,luminal,-1.1910885792374244
MAP7,luminal,0.10353010177222342
MAP7D1,luminal,-0.48014770286630615
MAP7D3,luminal,-0.8517563864897904
MAP9,luminal,0.49437555357446167
MAPK1,luminal,-0.2812082960825687
MAPK11,luminal,-0.07580775058975313
MAPK12,luminal,-0.2691271044590817
MAPK13,luminal,-0.11811155152582593
MAPK14,luminal,-0.4360043055041306
MAPK3,luminal,0.9630505707301158
MAPK7,luminal,-0.6073718708666819
MAPK8,luminal,-0.13330542574832838
MAPK8IP3,luminal,0.3704216882604655
MAPK9,luminal,0.9410985734625038
MAPKAP1,luminal,-0.47982302114098
MAPKAPK2,luminal,0.31145853182855454
MAPKAPK3,luminal,0.29410307319760637
MAPKBP1,luminal,0.8668927870400245
MAPRE1,luminal,-0.4790055881132094
MAPRE2,luminal,-1.0003305328404333
MAPRE3,luminal,0.42686017448707325
MAPT,luminal,2.3400542860846905
MARCKS,luminal,-0.5611774343398427
MARCKSL1,luminal,-0.6143877638370752
MARK1,luminal,-0.660806512892796
MARK2,luminal,-0.33930326506254044
MARK3,luminal,-0.17800924890309752
MARK4,luminal,-0.012933972183810299
MARS2,luminal,-0.5439172683594651
MARVELD2,luminal,1.2515704728567485
MASP1,luminal,0.016762295800336675
MASP2,luminal,0.5906240239271611
MAST2,luminal,-0.37475217708242814
MAST3,luminal,0.4628609679981103
MAST4,luminal,1.5158455348912974
MASTL,luminal,-1.1246870409753413
MAT1A,luminal,-0.16693162093389172
MAT2A,luminal,0.6543748330563554
MAT2B,luminal,0.5468697565507963
MATN2,luminal,0.07173988694256976
MATN3,luminal,1.4898250049651887
MATR3,luminal,0.9291321756061733
MAVS,luminal,0.4029498435972866
MAX,luminal,0.7116163432927493
MAZ,luminal,-0.01167849680231274
MB,luminal,0.42758206861038894
MBD1,luminal,0.15249179019304165
MBD2,luminal,-0.4247337532675501
MBD3,luminal,-0.11826107050123226
MBD4,luminal,-0.3642228544422993
MBIP,luminal,-0.14333447176369835
MBL2,luminal,-0.18089984827343397
MBLAC1,luminal,-0.349831142446119
MBLAC2,luminal,1.3161567578918247
MBNL1,luminal,-0.3088238420495929
MBNL2,luminal,-0.35328666441657774
MBOAT1,luminal,0.7251983794512051
MBOAT2,luminal,-0.17718009006433266
MBOAT7,luminal,0.5485588947151631
MBP,luminal,-0.3628896215542523
MBTD1,luminal,0.14614438468163837
MBTPS2,luminal,0.5522195993060366
MCAM,luminal,-0.5034525084479725
MCAT,luminal,-0.39778101502065816
MCC,luminal,0.9311132159475918
MCCC1,luminal,-1.4130221542981158
MCCC2,luminal,1.8058916684384034
MCEE,luminal,0.3322877866718905
MCF2L,luminal,0.819693785421098
MCFD2,luminal,-0.25710954165200806
MCL1,luminal,-0.4179853379261374
MCM2,luminal,-1.0866141503350473
MCM3,luminal,-1.1993238262374197
MCM3AP,luminal,0.3357401391697037
MCM4,luminal,-1.0863902358762538
MCM5,luminal,-1.4656391792311054
MCM6,luminal,-1.3964951825734953
MCM7,luminal,-1.444735892425558
MCRS1,luminal,0.318435446627554
MCTS1,luminal,-0.2750579269396305
MDC1,luminal,-0.6623789315711371
MDH1,luminal,-1.335886946891147
MDH2,luminal,-0.8371831358188644
MDK,luminal,-0.4713279978519158
MDM4,luminal,0.6688969291764549
MDN1,luminal,-0.46301046439074334
MDP1,luminal,1.4411842690433552
ME1,luminal,-0.8090362774419356
ME2,luminal,-1.0957632335367313
ME3,luminal,0.5588246813752763
MEA1,luminal,-0.6057367622427415
MEAF6,luminal,0.8310430862776179
MECP2,luminal,0.5427432756828272
MECR,luminal,-0.3503177625283572
MED1,luminal,-0.12266364824397391
MED10,luminal,-0.31060577449945104
MED11,luminal,0.22839107961625885
MED12,luminal,-0.15488110124702859
MED13,luminal,0.49978397603532154
MED13L,luminal,1.5558788218556205
MED14,luminal,-0.25756424831471497
MED15,luminal,-0.5852978015691666
MED16,luminal,0.6753500929394789
MED17,luminal,-0.8035144988519277
MED18,luminal,0.4897082179692336
MED19,luminal,-0.11206333176562161
MED20,luminal,-0.5564778856567446
MED21,luminal,-0.017404853489231327
MED22,luminal,0.10976819848882195
MED23,luminal,0.17543105275500928
MED24,luminal,-0.10631559736571265
MED25,luminal,0.5103696896950081
MED26,luminal,-0.666663527451068
MED27,luminal,-0.9204911658354084
MED28,luminal,0.30082890025799075
MED29,luminal,0.7507265750005291
MED30,luminal,-1.111028140989854
MED31,luminal,0.32562428513066877
MED4,luminal,0.03438190554728435
MED6,luminal,-0.38808132424042946
MED7,luminal,1.2539830519047606
MED8,luminal,-1.1555441709871759
MED9,luminal,-0.21026193541161067
MEF2A,luminal,-0.11609824331283931
MEF2C,luminal,0.08914772447904046
MEF2D,luminal,0.9469993547838511
MEGF6,luminal,0.18771976032966312
MEGF8,luminal,0.3306455676778715
MEGF9,luminal,1.1858420173557411
MEIS1,luminal,-0.11792725265715244
MELK,luminal,-1.4658459727650721
MEMO1,luminal,-1.7171128712638526
MEN1,luminal,-0.30965804329528024
MEPCE,luminal,-0.27061704943008297
MET,luminal,-1.042377415703834
METAP1,luminal,-0.4783223078460156
METAP2,luminal,-0.2345871417557189
METRNL,luminal,-0.1300741688935875
METTL1,luminal,-0.19018304685152787
METTL13,luminal,-0.23861580322234788
METTL14,luminal,1.0248105117025241
METTL2B,luminal,-0.26291901146109325
METTL3,luminal,0.3971768627940664
METTL5,luminal,-0.6426773067803131
METTL8,luminal,-0.4211309999744382
METTL9,luminal,-0.1696338253857765
MEX3A,luminal,-1.287917328999175
MEX3D,luminal,-0.49807586489739797
MFAP1,luminal,1.183602332693407
MFAP2,luminal,-0.42885311666565246
MFAP4,luminal,0.6246096035302688
MFAP5,luminal,0.3326824178334038
MFF,luminal,-0.5917280159500915
MFGE8,luminal,-1.1884597625790145
MFN1,luminal,-0.504984764661914
MFN2,luminal,0.04350033224163063
MFSD6,luminal,0.038270869729844316
MGA,luminal,-0.1402847936149397
MGAT1,luminal,-0.35476829307259167
MGAT2,luminal,0.37984472876168635
MGAT5,luminal,0.03750479896168508
MGLL,luminal,0.39733839692333384
MGMT,luminal,0.6155426794790867
MGP,luminal,0.17169603921565918
MGRN1,luminal,0.7194681283115464
MGST1,luminal,-0.5103060474242783
MGST2,luminal,0.7965292067780881
MGST3,luminal,-0.4886882568109915
MIA,luminal,-1.0683561384979343
MIA3,luminal,0.412565260217232
MIB1,luminal,0.24619288002695666
MIB2,luminal,-0.08412959617749799
MICAL1,luminal,-0.10687605846844979
MICAL2,luminal,0.48963214865607846
MICAL3,luminal,-1.4290852239663876
MICALL1,luminal,-1.7774071680766454
MICALL2,luminal,0.6342289746914422
MID1,luminal,-1.481758402183905
MID1IP1,luminal,0.19301630294188737
MID2,luminal,0.8188434875282941
MIER1,luminal,0.25358328172349587
MIER2,luminal,0.024807450059096903
MIER3,luminal,1.1618129102947488
MIF,luminal,-0.34195155715941705
MIF4GD,luminal,0.7396492042310624
MINK1,luminal,0.14456115719184015
MINPP1,luminal,0.7827698027227472
MIOS,luminal,0.3330903663376761
MIPEP,luminal,0.5903317672081266
MIS12,luminal,0.19198944174866867
MITD1,luminal,-0.4933225643227869
MITF,luminal,0.34804958448547213
MKI67,luminal,-1.2443872893943806
MKLN1,luminal,0.18087203459027967
MKNK1,luminal,-0.4063299860960943
MKNK2,luminal,0.6572858558186462
MKRN1,luminal,0.08104828443105162
MKRN2,luminal,-0.15006819420269696
MLEC,luminal,0.48398150248180993
MLF2,luminal,-0.7007245176131218
MLH1,luminal,0.6545034407780392
MLKL,luminal,-0.9092593753274506
MLLT1,luminal,0.040191247387900864
MLLT10,luminal,-0.4162611572532172
MLLT11,luminal,-0.6900509718491974
MLLT6,luminal,0.18603040263533063
MLPH,luminal,2.4930340868756335
MLST8,luminal,0.199433586216438
MLX,luminal,0.006245198247272861
MLYCD,luminal,0.1377945015587442
MMAA,luminal,0.5798932948750333
MMAB,luminal,0.15949148801620028
MMACHC,luminal,-0.7685200040059939
MMADHC,luminal,-0.348074804656302
MME,luminal,-0.07719400240221862
MMGT1,luminal,-0.6311271959119377
MMP1,luminal,-0.991852211960601
MMP10,luminal,0.42062414511189244
MMP11,luminal,0.4750094797532071
MMP13,luminal,0.14692412884061373
MMP14,luminal,-0.13788263512914908
MMP15,luminal,-0.45391829872144457
MMP19,luminal,0.21469998171213528
MMP2,luminal,0.30021434108779854
MMP3,luminal,-0.20032211942463626
MMP7,luminal,-1.0371606213015445
MMP8,luminal,-0.39477479997176507
MMP9,luminal,-0.5001606131992481
MMRN1,luminal,0.7323095980440807
MMRN2,luminal,0.7634493853256418
MMS19,luminal,0.09327196517768122
MNAT1,luminal,0.6517445325502561
MNDA,luminal,-0.08324760715209467
MNT,luminal,0.25498868941486375
MOB2,luminal,0.14232587392719992
MOCOS,luminal,-0.43523960621691876
MOCS1,luminal,0.8984798842134812
MOCS2,luminal,0.9083319659713632
MOCS3,luminal,0.17553725799981576
MOGS,luminal,-1.2247776376831638
MON1A,luminal,-0.33501463689767746
MON1B,luminal,-0.2673621999564313
MON2,luminal,0.9026461346022956
MORC2,luminal,-1.2602640636998124
MORC3,luminal,0.31422388399214934
MORF4L1,luminal,-0.1328303967617489
MORF4L2,luminal,0.43083884910582776
MOSPD2,luminal,0.36747777873060733
MOV10,luminal,-0.17400046629097174
MOXD1,luminal,-0.5022897016436932
MPDU1,luminal,0.549815239927296
MPDZ,luminal,0.5315067285099536
MPEG1,luminal,-0.08531795408127815
MPG,luminal,0.5734917604811033
MPHOSPH10,luminal,-1.232630369058798
MPHOSPH6,luminal,-1.3302057634851914
MPHOSPH8,luminal,0.7488644261405727
MPI,luminal,0.7866384749064617
MPND,luminal,0.29018540553971656
MPO,luminal,-0.6446623578128674
MPP1,luminal,-0.23701735872464183
MPP2,luminal,1.406453516357892
MPP7,luminal,1.2044816607989386
MPRIP,luminal,-0.44159578421940077
MPST,luminal,-0.6590288352402426
MPV17,luminal,-0.1837389084564625
MPZL1,luminal,-1.1347505093863115
MPZL2,luminal,-1.3282205349120446
MRAS,luminal,-1.4291417843354148
MRC1,luminal,-0.402232592255815
MRC2,luminal,0.10561602157794757
MREG,luminal,1.5954547402852077
MRFAP1,luminal,1.2320893440214524
MRI1,luminal,0.1846079584765268
MRM1,luminal,0.3972741166869004
MRPL1,luminal,-0.5390109698842982
MRPL10,luminal,0.8011765993427568
MRPL11,luminal,-0.9529428402661114
MRPL13,luminal,-0.48561104446915193
MRPL14,luminal,-0.7378747364534827
MRPL15,luminal,-1.0538063054617197
MRPL16,luminal,-0.45847929258411163
MRPL17,luminal,-0.12775790649576993
MRPL18,luminal,-0.5959008269488077
MRPL19,luminal,-0.761012519400138
MRPL2,luminal,-1.3827313850790661
MRPL20,luminal,-0.18934039769594396
MRPL21,luminal,-0.19801148627678902
MRPL22,luminal,0.210067513251297
MRPL23,luminal,0.00567543514710699
MRPL24,luminal,0.3122617799311013
MRPL27,luminal,0.17877890936944582
MRPL28,luminal,0.12442853689888654
MRPL3,luminal,-0.8347609384121221
MRPL30,luminal,-0.21350980697026506
MRPL32,luminal,-0.045038442399986514
MRPL33,luminal,-0.49100890150507753
MRPL34,luminal,-0.16163957219464076
MRPL35,luminal,0.24895719133075206
MRPL37,luminal,-1.2931266101574574
MRPL38,luminal,-0.39506136064013303
MRPL39,luminal,-0.8752486117750352
MRPL4,luminal,-0.800734849741203
MRPL40,luminal,0.0755719973461027
MRPL41,luminal,0.16885484835216438
MRPL42,luminal,-0.11186475392821055
MRPL43,luminal,0.6592722078482173
MRPL44,luminal,-0.08430120577744386
MRPL45,luminal,0.26184044437588455
MRPL46,luminal,0.11240403378489901
MRPL47,luminal,-1.0169291752931655
MRPL48,luminal,-0.6758184993233677
MRPL49,luminal,0.41836275124100947
MRPL50,luminal,-0.4016626011122968
MRPL51,luminal,-0.8443727765835702
MRPL52,luminal,-0.145990607861333
MRPL53,luminal,0.3763470898942617
MRPL54,luminal,0.4201467323063443
MRPL55,luminal,-0.15906479384968567
MRPL9,luminal,-1.1707620406570272
MRPS10,luminal,-0.772596384092295
MRPS11,luminal,-0.2125914775845449
MRPS12,luminal,-0.8649483719248512
MRPS14,luminal,0.41873086477765536
MRPS15,luminal,-0.7795700973951
MRPS16,luminal,-0.023440581405696975
MRPS17,luminal,-1.0098739550314075
MRPS18A,luminal,-0.8640148333940446
MRPS18B,luminal,-0.0927417495436859
MRPS18C,luminal,-0.2843917721706922
MRPS2,luminal,-0.3323529196325927
MRPS21,luminal,-0.5713245237742166
MRPS22,luminal,-0.9073830985705171
MRPS23,luminal,0.14915344563573601
MRPS24,luminal,-0.7154283094098085
MRPS25,luminal,-0.7469204982238431
MRPS26,luminal,-0.14395305824336757
MRPS27,luminal,1.242034217488014
MRPS28,luminal,0.18016026041564484
MRPS30,luminal,1.0200393521173863
MRPS31,luminal,-0.020123675598406946
MRPS33,luminal,-0.2685292369603036
MRPS34,luminal,0.35115037998720494
MRPS35,luminal,0.013607552613802778
MRPS5,luminal,-1.5804458311526506
MRPS6,luminal,-0.7424129448385345
MRPS7,luminal,-0.18225791110765496
MRPS9,luminal,-1.0921789179706782
MRRF,luminal,0.054698379453631124
MRTO4,luminal,-0.8391704678693989
MSH2,luminal,-1.2781052653275828
MSH3,luminal,1.2321503344477553
MSH6,luminal,-1.1729585002125953
MSI1,luminal,-0.3571698262313571
MSI2,luminal,1.2937486946087955
MSL1,luminal,0.11302036648840899
MSL2,luminal,0.14760243543800822
MSL3,luminal,-1.7443441720099329
MSN,luminal,-1.221669796672755
MSR1,luminal,0.19799013362207685
MSRA,luminal,-0.22058308874276883
MSRB2,luminal,-0.07391025168730908
MSRB3,luminal,0.487355511154832
MST1,luminal,0.9945866303414491
MST1R,luminal,0.07745806282268022
MSTO1,luminal,-0.42534972993245096
MSX2,luminal,1.2979092632844678
MT1E,luminal,-0.13350801226365402
MT1F,luminal,-0.6857828819709922
MT1X,luminal,-1.027934374893915
MT2A,luminal,-0.4623686435927147
MT3,luminal,-0.4244412470280654
MTA1,luminal,-0.4932246964978737
MTA2,luminal,-0.8709588687575286
MTA3,luminal,0.3956581849993994
MTAP,luminal,-0.7656793894796423
MTCH1,luminal,-1.0381730796794348
MTCH2,luminal,-0.7510932119473004
MTDH,luminal,-0.2388673449605456
MTF1,luminal,-0.07539038038301628
MTF2,luminal,-0.7884181538055267
MTFMT,luminal,0.0625771849156878
MTFR1,luminal,-0.6234245547030427
MTG1,luminal,-0.2986972254387909
MTHFD1,luminal,-0.31071327963287204
MTHFD1L,luminal,-1.7369254940344296
MTHFD2,luminal,-1.2842873986795995
MTHFR,luminal,0.6331763012212508
MTHFS,luminal,0.39706342878755674
MTHFSD,luminal,-0.7437572587970956
MTIF2,luminal,-1.0542014221481655
MTIF3,luminal,0.42018803427801527
MTM1,luminal,-0.001688160355323113
MTMR1,luminal,-0.06102773866274544
MTMR10,luminal,0.9787023473330976
MTMR12,luminal,-0.5096377397253148
MTMR14,luminal,-0.20413042810298837
MTMR2,luminal,-1.2493547095484403
MTMR3,luminal,0.18838415793565969
MTMR4,luminal,-0.00924878134754559
MTMR6,luminal,0.1808420175577979
MTMR9,luminal,0.8384087887173193
MTO1,luminal,-0.4612251154132486
MTOR,luminal,-0.1738793767069647
MTPAP,luminal,-0.9894948369927895
MTR,luminal,0.3145688646012776
MTRF1,luminal,0.05648399049709446
MTRF1L,luminal,-0.10362669441178185
MTRR,luminal,0.12812256374668296
MTSS1,luminal,0.20550112833916662
MTUS1,luminal,0.8042211224295541
MTX1,luminal,-0.14913964442071548
MTX2,luminal,-0.09282778445066787
MTX3,luminal,1.301552332936172
MUC1,luminal,0.7811763045909013
MUC16,luminal,-0.9892786080229211
MUC5B,luminal,-0.5880512148317347
MUC6,luminal,0.09962281188151167
MUCL1,luminal,-0.0016184489327243498
MUSTN1,luminal,0.7380748478764616
MUTYH,luminal,-0.8631238025255075
MVD,luminal,-1.0228007527150695
MVK,luminal,-0.3276527317873736
MVP,luminal,0.8037899810119167
MX1,luminal,-0.260472666101855
MX2,luminal,-0.5110230641190489
MXRA5,luminal,0.24478364262062605
MXRA7,luminal,0.042727022459190835
MXRA8,luminal,0.5796531253255887
MYADM,luminal,0.6299319330744648
MYB,luminal,2.090815382893913
MYBBP1A,luminal,-0.567794517075713
MYBPC2,luminal,-0.485585892272137
MYCBP,luminal,0.5347130207987246
MYD88,luminal,-0.6274344452687972
MYEF2,luminal,0.49844928075705497
MYH10,luminal,0.27272861401975035
MYH11,luminal,0.7136698367358153
MYH14,luminal,0.18620093286259412
MYH15,luminal,-0.6624986138634825
MYH4,luminal,0.2635740665612718
MYH6,luminal,-0.3252400558829138
MYH9,luminal,-0.46383752767332065
MYL12A,luminal,-0.7368060704900539
MYL12B,luminal,-0.31191295002007396
MYL4,luminal,0.07901490694111801
MYL6,luminal,0.13663104590497802
MYL6B,luminal,-0.13853956309276652
MYL9,luminal,0.05328007126835763
MYLK,luminal,-0.06557375943406918
MYO10,luminal,-1.5474309363242496
MYO15A,luminal,0.8961031042551195
MYO18A,luminal,-0.20067202467893594
MYO18B,luminal,0.9809012045221345
MYO19,luminal,-0.3649766577383301
MYO1B,luminal,-0.20667049989106395
MYO1C,luminal,0.42384561550569455
MYO1D,luminal,0.3204002511870623
MYO1E,luminal,-0.9221773365410534
MYO1F,luminal,-0.15680807730246213
MYO1G,luminal,-0.3598039612942607
MYO5A,luminal,0.012393306941189383
MYO5B,luminal,-0.05959709610896223
MYO5C,luminal,1.5232330337920907
MYO6,luminal,0.8474655091277405
MYO9A,luminal,0.2800682212475569
MYO9B,luminal,-0.8622857103972343
MYOF,luminal,1.204910056952089
MYSM1,luminal,0.22630543056886002
N4BP1,luminal,-0.02309901171837348
N4BP2,luminal,0.594144249130051
N4BP2L1,luminal,0.6220612879379923
N4BP2L2,luminal,0.5060138696536562
N4BP3,luminal,1.1488396899942204
NAA10,luminal,-0.8453943334462384
NAA15,luminal,-0.5899364624416528
NAA16,luminal,0.1880533905395699
NAA20,luminal,0.24229337457923386
NAA25,luminal,-0.34186718415846934
NAA30,luminal,0.62008134020683
NAA35,luminal,-0.04546218179286987
NAA38,luminal,-0.39641471327595046
NAA40,luminal,-0.34724226645068546
NAA50,luminal,-0.9534271332213085
NAAA,luminal,-0.026840625464398814
NAALADL2,luminal,0.3154332764328099
NAB1,luminal,-0.5719386952560086
NAB2,luminal,0.24673760984006707
NACA,luminal,0.18151548645168386
NACC1,luminal,-0.2503713917101446
NADK,luminal,-0.07784616952374693
NADSYN1,luminal,0.46715049581836027
NAE1,luminal,-1.271321067287441
NAF1,luminal,0.6431924313653862
NAGA,luminal,-0.01111311287126829
NAGK,luminal,-0.4091577416464284
NAGLU,luminal,0.7570239300613641
NAIF1,luminal,0.24477150516013033
NAMPT,luminal,-0.9166480553830688
NANP,luminal,-0.7806126368154164
NANS,luminal,0.195335707004226
NAP1L1,luminal,-0.058992940895420995
NAP1L2,luminal,0.5260044017360435
NAP1L4,luminal,0.3264962932831248
NAP1L5,luminal,0.496698914634451
NAPA,luminal,0.8507554361473662
NAPB,luminal,0.575723004466121
NAPEPLD,luminal,0.5067374807096046
NAPG,luminal,0.6131944524214001
NARF,luminal,-1.2792592326039278
NARS2,luminal,-0.30520816735386175
NASP,luminal,-1.5538868415124498
NAT1,luminal,2.2496474430580187
NAT10,luminal,-0.37117736326805906
NAT14,luminal,0.09643433638484929
NAV1,luminal,0.5877624613185328
NAV2,luminal,-0.2570138902191517
NBAS,luminal,0.1525675388144217
NBEA,luminal,1.3413177153396547
NBEAL1,luminal,0.27990371707177436
NBEAL2,luminal,0.11076374812948027
NBN,luminal,0.07448350303891382
NBR1,luminal,1.5062403831087834
NCALD,luminal,-0.7554526799894099
NCAM2,luminal,1.375437060411777
NCAPD2,luminal,-1.6047157663446916
NCAPD3,luminal,-0.724370277129312
NCAPG,luminal,-1.2152257045140649
NCAPG2,luminal,-1.0188551290880679
NCAPH,luminal,-1.3241599481094446
NCAPH2,luminal,-0.6973915848305777
NCBP1,luminal,-0.5282225933417922
NCBP2,luminal,-0.17528425904868145
NCCRP1,luminal,-1.2507193071619636
NCDN,luminal,0.44080773106551946
NCEH1,luminal,0.41270395179378055
NCF1,luminal,-0.4803773633957077
NCF2,luminal,-0.5087722202727055
NCF4,luminal,-0.37733327365941316
NCK1,luminal,-1.1816256613829677
NCK2,luminal,-1.72035107639823
NCKAP1,luminal,-0.5270507885329488
NCKAP1L,luminal,-0.18426701749171434
NCKAP5L,luminal,0.01597800571749105
NCKIPSD,luminal,0.3126029347870116
NCLN,luminal,-0.4392285682950831
NCOA1,luminal,0.2587635149525313
NCOA2,luminal,0.4611234799722949
NCOA3,luminal,0.2742591124061002
NCOA4,luminal,0.5834133653605066
NCOA5,luminal,0.28317610340030036
NCOA6,luminal,-0.02594289739817881
NCOA7,luminal,-1.4635476965026935
NCOR1,luminal,0.5010462108730142
NCOR2,luminal,0.407977735174592
NCS1,luminal,-1.5704110968826843
NCSTN,luminal,-0.1604524749812878
NDC80,luminal,-1.4551388339644433
NDE1,luminal,0.3254193116968185
NDEL1,luminal,-0.586419941522436
NDOR1,luminal,0.590154974396779
NDRG1,luminal,-1.1919041905994243
NDRG2,luminal,-0.5572392621932677
NDRG3,luminal,0.22274082815315036
NDUFA1,luminal,-0.40873558868255416
NDUFA10,luminal,0.49295012747696004
NDUFA11,luminal,-0.4495706804913338
NDUFA12,luminal,-0.1629060385201359
NDUFA13,luminal,0.06244058841360444
NDUFA2,luminal,0.8608948379348658
NDUFA3,luminal,0.16495886502294543
NDUFA5,luminal,0.6249941550192862
NDUFA6,luminal,-0.7474641326514695
NDUFA7,luminal,0.4809197708547278
NDUFA8,luminal,-0.19825508524080251
NDUFA9,luminal,-1.1984700614969308
NDUFAB1,luminal,-0.0998589079682103
NDUFAF1,luminal,1.0505318050379713
NDUFAF2,luminal,0.03431783923142077
NDUFAF3,luminal,0.47387029957166904
NDUFAF4,luminal,-1.4499512349128103
NDUFB1,luminal,0.1318571354945162
NDUFB10,luminal,0.4150071178254154
NDUFB11,luminal,-0.42984303730144413
NDUFB2,luminal,-0.3381471548906817
NDUFB3,luminal,-0.5031785438869486
NDUFB4,luminal,0.06283801757394647
NDUFB5,luminal,-0.33715085061506067
NDUFB6,luminal,-0.19169898606759442
NDUFB7,luminal,-0.21422367443204812
NDUFB8,luminal,-0.11274005540050742
NDUFB9,luminal,-0.6475588504063754
NDUFC1,luminal,0.291611707218583
NDUFC2,luminal,0.15068156909456945
NDUFS1,luminal,-0.08041247222695184
NDUFS2,luminal,-0.16338214817906044
NDUFS3,luminal,-0.38125034486280407
NDUFS4,luminal,1.0017582238796698
NDUFS5,luminal,-0.9500777392291503
NDUFS6,luminal,-0.36375498853521615
NDUFS7,luminal,0.17070443405187408
NDUFS8,luminal,-0.025177883730584546
NDUFV1,luminal,-0.5956504319776854
NDUFV2,luminal,0.2896383875584159
NDUFV3,luminal,-0.2385354756844765
NEB,luminal,-0.3813458377064976
NEBL,luminal,1.1738312012487673
NECAP1,luminal,0.6843477530722033
NECAP2,luminal,-0.50683150806643
NEDD1,luminal,0.3494788423535495
NEDD4,luminal,0.8459108774585434
NEDD4L,luminal,0.9675591661803614
NEDD8,luminal,0.3094370831059069
NEDD9,luminal,0.14247437290660198
NEFH,luminal,0.2030901209066801
NEFM,luminal,0.42525991117364637
NEGR1,luminal,0.9057866381793104
NEIL2,luminal,0.36094170044190793
NEK1,luminal,0.7545861882049052
NEK3,luminal,0.1855726761462131
NEK4,luminal,0.9004872180053098
NEK6,luminal,-0.1935345614918366
NEK7,luminal,0.2006941835884883
NEK9,luminal,1.5482813795186452
NENF,luminal,0.12267042526623011
NEO1,luminal,0.42582218333207283
NES,luminal,-0.3860703436089111
NEU1,luminal,0.2561222233094463
NEURL4,luminal,0.44163964383787024
NEXN,luminal,-0.08873042420413922
NF1,luminal,0.7546429165929244
NF2,luminal,-0.7926162172117642
NFASC,luminal,-0.18841118022646716
NFAT5,luminal,-0.10792565402890822
NFATC1,luminal,-0.0886664537932888
NFATC2,luminal,0.4036524880628809
NFATC2IP,luminal,0.284825385539925
NFATC3,luminal,-0.7208525102822165
NFATC4,luminal,1.2202893791577976
NFIA,luminal,0.5712853341972284
NFIB,luminal,-1.2973813428586232
NFIC,luminal,0.769258220011763
NFIX,luminal,-0.43123843202482265
NFKB1,luminal,0.11374222443422959
NFKB2,luminal,-0.6707707831790921
NFKBIA,luminal,0.09583658925563847
NFKBIB,luminal,-0.7179154148074339
NFKBIE,luminal,-1.022361927563833
NFKBIL1,luminal,-0.18994511209795584
NFRKB,luminal,-0.1412129679976638
NFS1,luminal,0.41161301268486694
NFU1,luminal,0.39614700513275547
NFX1,luminal,0.08493474403587735
NFXL1,luminal,-0.29644471401947503
NFYA,luminal,-0.8277003538756341
NFYB,luminal,-0.018354846899203733
NFYC,luminal,-0.873262635400893
NGDN,luminal,0.054949519539983574
NGFR,luminal,0.20648913414746578
NGLY1,luminal,-0.01366608615747096
NGRN,luminal,0.4431622065580462
NHEJ1,luminal,-0.535105469205185
NHLRC2,luminal,0.30730762554819224
NHLRC3,luminal,1.0233810837351105
NHP2,luminal,0.155981985377152
NHS,luminal,0.33907708429190725
NHSL1,luminal,-1.495486895107382
NID1,luminal,0.32554034336257415
NID2,luminal,0.31350509175529045
NIF3L1,luminal,-0.30854074071425924
NIN,luminal,0.09085361254346894
NINJ1,luminal,1.2312731056409452
NIP7,luminal,-1.3986755883163722
NIPBL,luminal,0.4055764267204786
NIPSNAP1,luminal,-0.5246931384754118
NIPSNAP3A,luminal,-0.27960167322481566
NISCH,luminal,1.1272123838608696
NIT1,luminal,0.2785467800430053
NIT2,luminal,-0.24412232315261212
NKAP,luminal,-0.15563927688765053
NKIRAS1,luminal,0.5203121184719355
NKIRAS2,luminal,-0.2659331706555846
NKTR,luminal,0.4863979404397149
NLE1,luminal,0.07856635585777577
NLN,luminal,-0.36643577390171816
NLRC4,luminal,-0.21909195098463555
NLRP1,luminal,-0.018091850592540967
NLRP2,luminal,-0.10844391596342291
NLRX1,luminal,-0.06256873131530014
NMD3,luminal,-0.3821598383226453
NME1,luminal,-0.3341028704457918
NME2,luminal,-0.3144975012537553
NME3,luminal,1.1413924870183463
NME4,luminal,0.31011502126389845
NME6,luminal,0.3876363787440191
NME7,luminal,0.532104690990155
NMI,luminal,-0.9980984506271562
NMNAT1,luminal,0.3120635251335802
NMNAT3,luminal,0.784336203947934
NMRAL1,luminal,0.1203989635937389
NMT1,luminal,0.5336768451178655
NMT2,luminal,-1.0152892436410081
NNMT,luminal,-0.14043369620446744
NNT,luminal,0.22210367628238722
NOB1,luminal,-0.9070769912113881
NOC2L,luminal,-0.5733847293396129
NOC3L,luminal,-0.2424827720334608
NOC4L,luminal,-0.07918921319836437
NOL10,luminal,-1.5971480537034226
NOL11,luminal,-0.31973381407577495
NOL12,luminal,-0.6269743345869594
NOL3,luminal,0.16214287672557393
NOL6,luminal,-0.35362273614084955
NOL7,luminal,-0.5781106539311476
NOL8,luminal,0.19215353272787974
NOL9,luminal,-0.39930025233117317
NOLC1,luminal,-0.6054505666486126
NOM1,luminal,-0.437367566012664
NOMO1,luminal,-0.248291702592164
NOMO2,luminal,-0.29210515895917655
NONO,luminal,-0.7209426832429942
NOP10,luminal,-0.6535482113472714
NOP14,luminal,0.10221967957405295
NOP16,luminal,-0.8031662454767435
NOP2,luminal,-1.3215050354753408
NOP56,luminal,-0.708930997810308
NOP58,luminal,-1.265928522665899
NOS1AP,luminal,0.9302273455021794
NOS3,luminal,-0.13665665888958994
NOSIP,luminal,0.23528164197539142
NOSTRIN,luminal,1.746632275752302
NOTCH1,luminal,-1.1599508595485688
NOTCH2,luminal,-0.12259868546016273
NOTCH3,luminal,-0.36315400874075326
NOVA1,luminal,1.510128794804865
NOVA2,luminal,0.23252646968870536
NOXA1,luminal,0.9916105356725881
NPAT,luminal,-0.09459735132679294
NPC1,luminal,-0.864753456690806
NPC2,luminal,-0.5919081591821199
NPDC1,luminal,1.196749974593992
NPEPL1,luminal,0.2873315414868511
NPEPPS,luminal,1.1185110634978614
NPL,luminal,-0.5339988985484284
NPLOC4,luminal,-0.6091548055223575
NPM1,luminal,-0.2177564531460923
NPM3,luminal,-0.9741198119847603
NPNT,luminal,1.5212284728649792
NPRL2,luminal,1.1267797911971358
NPTN,luminal,0.766985343041703
NPY1R,luminal,0.9790487281430601
NQO1,luminal,0.5215798773810564
NQO2,luminal,-0.29347725663431085
NR1H2,luminal,0.1203965327489186
NR2C1,luminal,0.05006853558393009
NR2C2,luminal,-0.018831476416910537
NR2C2AP,luminal,-0.43867494875473045
NR2F2,luminal,0.5868363736157927
NR2F6,luminal,0.1359395549816885
NR3C1,luminal,0.3483223518710128
NRAS,luminal,-0.233564881891334
NRBF2,luminal,-1.27715968782465
NRBP1,luminal,-0.8321537082611988
NRBP2,luminal,-0.3479868520550483
NRCAM,luminal,0.3534273327264638
NRF1,luminal,0.03126748198107882
NRGN,luminal,-0.4225219846148371
NRIP1,luminal,1.435964787231208
NRIP2,luminal,0.7883613268401388
NRP1,luminal,0.07096752877720157
NRP2,luminal,-0.24864994783437047
NSA2,luminal,0.9349034561196043
NSD1,luminal,0.1327414308661327
NSDHL,luminal,-0.7140841811531776
NSF,luminal,0.7120284058221935
NSFL1C,luminal,-0.17712243331260477
NSL1,luminal,0.787215559137198
NSMAF,luminal,-0.5291401212568896
NSMCE1,luminal,1.1037767881546383
NSMCE2,luminal,-0.17923724243136277
NSMCE4A,luminal,-0.06735906614669553
NSUN2,luminal,-0.9466341632233447
NSUN3,luminal,0.0818896573805322
NSUN4,luminal,-0.21679247534003573
NSUN5,luminal,-0.4472576405540363
NSUN6,luminal,0.02437424114188653
NT5C,luminal,0.3966543016737551
NT5C2,luminal,-1.606550771459313
NT5DC1,luminal,0.36824540437106046
NT5DC2,luminal,-1.7436989604087227
NT5DC3,luminal,-0.38448737452848186
NT5E,luminal,-0.20692120545354098
NTAN1,luminal,-0.6394896718325569
NTHL1,luminal,0.2621040758878941
NTM,luminal,0.7537188023505986
NTN1,luminal,-0.19539441380256928
NTN4,luminal,0.949379546814573
NUB1,luminal,-0.17877291223292102
NUBP1,luminal,0.6872878722992345
NUBP2,luminal,0.3387372842642671
NUBPL,luminal,1.3975060314413594
NUCB1,luminal,-0.1778189795560417
NUCB2,luminal,0.7791337347322874
NUCKS1,luminal,-0.2222118266631766
NUDC,luminal,-0.17479025862746822
NUDCD1,luminal,-0.9574115634842516
NUDCD2,luminal,0.05675029829031872
NUDCD3,luminal,0.644742677457207
NUDT1,luminal,-0.9870885055047602
NUDT10,luminal,0.38853103573521725
NUDT12,luminal,1.7978250977637418
NUDT14,luminal,0.2779953295100941
NUDT15,luminal,-0.9390800709019826
NUDT16,luminal,1.3665728346596266
NUDT16L1,luminal,1.1215961855928271
NUDT19,luminal,-0.8225975444412905
NUDT2,luminal,0.5543143184343123
NUDT21,luminal,-0.492197313318466
NUDT22,luminal,0.336811569897535
NUDT3,luminal,-1.1440868886778874
NUDT5,luminal,-1.4115489111602066
NUDT6,luminal,1.2130410221475554
NUDT8,luminal,-1.1802030638523073
NUDT9,luminal,0.6199197364089554
NUF2,luminal,-1.1570084235061793
NUFIP1,luminal,-0.44879726525645897
NUFIP2,luminal,0.23373589483552515
NUMA1,luminal,1.227277376540145
NUMB,luminal,0.25690205605677374
NUMBL,luminal,-0.5295848914511163
NUP107,luminal,-0.3361103872648907
NUP133,luminal,0.16800962823018456
NUP153,luminal,-0.6657712967945131
NUP155,luminal,-0.660853913073615
NUP160,luminal,-0.8987556638713637
NUP188,luminal,-0.4541638325463455
NUP205,luminal,-1.1208483260210973
NUP210,luminal,0.04046292191615211
NUP214,luminal,0.09256720277269406
NUP35,luminal,-0.4152932435302665
NUP37,luminal,-0.4346559177055154
NUP43,luminal,-0.05870961651094646
NUP50,luminal,-0.8164439847977701
NUP54,luminal,-0.6062737313346241
NUP62,luminal,-0.6411208153770933
NUP85,luminal,-0.5599237061585663
NUP88,luminal,-0.5936655832367773
NUP93,luminal,-1.6518954873702643
NUP98,luminal,0.05794900347819741
NUPR1,luminal,-0.10412438263946455
NUSAP1,luminal,-0.9222409449139625
NUTF2,luminal,-1.272476658177069
NVL,luminal,0.15026571563537838
NXF1,luminal,-0.00809769377229914
NXN,luminal,-1.1856180008336676
NXT1,luminal,-0.7191587915563176
NXT2,luminal,-0.6713870112175021
NYNRIN,luminal,0.021730524447971102
OAF,luminal,-0.04701459998371716
OAS1,luminal,0.0896104382262922
OAS2,luminal,-0.08657155445616627
OAS3,luminal,0.06564072005820236
OASL,luminal,-0.3027414882116836
OAT,luminal,-0.47176451502310346
OBSL1,luminal,-0.39709602137837324
OCIAD1,luminal,1.061394192967979
OCIAD2,luminal,-0.4857239672955113
OCLN,luminal,0.6651285183053682
OCRL,luminal,0.11113132919600098
ODF2,luminal,0.015683346157742542
OFD1,luminal,-0.04464983141168905
OGDH,luminal,-0.12907020485409554
OGFOD1,luminal,-0.5196604685194977
OGFOD2,luminal,0.555210266935068
OGFR,luminal,0.09025115981485271
OGFRL1,luminal,-1.0249131157977671
OGN,luminal,1.0595289152257494
OGT,luminal,0.07615257467250611
OIP5,luminal,-1.0999538195402574
OLA1,luminal,-0.29936872938353726
OLFM1,luminal,0.9408280069412623
OLFM4,luminal,-0.3297669036397421
OLFML1,luminal,0.5889123420355677
OLFML2A,luminal,0.7841322200015829
OLFML2B,luminal,0.3680243991063791
OLFML3,luminal,0.6209247841929675
OMA1,luminal,0.5658349524116617
OMD,luminal,0.9896986101641705
OPA1,luminal,-0.523275874232836
OPA3,luminal,-0.2843815838962471
OPHN1,luminal,-0.011769274175102326
OPTN,luminal,-0.7654190115435346
OR4A16,luminal,0.046243979005771686
ORM1,luminal,-0.46581845951338663
ORM2,luminal,-0.7841984126154232
ORMDL3,luminal,0.1518492924808173
OS9,luminal,0.32065375179403094
OSBP,luminal,0.27143321894817696
OSBP2,luminal,-0.11573230443767724
OSBPL10,luminal,0.13780140880653166
OSBPL11,luminal,-0.5097397798682787
OSBPL1A,luminal,0.06583751427391193
OSBPL2,luminal,-0.1442193400589873
OSBPL3,luminal,-0.9399103117931139
OSBPL5,luminal,0.5496010277442063
OSBPL6,luminal,0.6431256106271833
OSBPL7,luminal,0.7615606139934845
OSBPL8,luminal,0.2511648697611577
OSBPL9,luminal,-0.3699033612409779
OSCP1,luminal,1.4480383951068743
OSGEP,luminal,-0.07491288629600469
OSGEPL1,luminal,0.6524782436174986
OSMR,luminal,-0.13684602243224542
OSTC,luminal,-0.5084551471511557
OSTF1,luminal,-0.43890665164468684
OSTM1,luminal,0.09894662729530514
OTC,luminal,0.2592486956483409
OTUB1,luminal,-0.08456683995853104
OTUB2,luminal,0.17516484263045615
OTUD1,luminal,0.47567089561668996
OTUD3,luminal,-0.09160030332594618
OTUD4,luminal,-0.11509683201774036
OTUD5,luminal,0.23952072239386213
OTUD6B,luminal,-0.29776454632798854
OTUD7B,luminal,1.1604963925607357
OVCA2,luminal,-0.0552983466712774
OVOL2,luminal,0.7829111437940071
OXA1L,luminal,0.2947032896495977
OXCT1,luminal,-0.976646048152086
OXNAD1,luminal,-0.4144663345330255
OXR1,luminal,0.12835874679173356
OXSM,luminal,-0.02037757738016796
OXSR1,luminal,-0.28939902497197945
P2RX4,luminal,1.2074130335018962
P2RX7,luminal,0.01930722055542657
P4HA1,luminal,-0.3823742002538876
P4HA2,luminal,-0.3175620903274133
P4HA3,luminal,0.6323602662270604
P4HB,luminal,-0.635196377425687
P4HTM,luminal,1.9580215692429301
PA2G4,luminal,-0.27911610579449464
PAAF1,luminal,0.9148882107211123
PABPC1,luminal,-1.0043020496148436
PABPC3,luminal,-0.961315769644329
PABPC4,luminal,-1.2134576019979826
PABPN1,luminal,-0.48450082785604587
PACS1,luminal,-0.28775427817920807
PACS2,luminal,-0.2808936961484894
PACSIN1,luminal,0.23468997886355558
PACSIN2,luminal,-0.42283826104978917
PACSIN3,luminal,-0.46056604004427387
PADI2,luminal,-2.009420441501753
PADI4,luminal,-0.1114369518713815
PAF1,luminal,0.27714320026196754
PAFAH1B1,luminal,0.18875453805499637
PAFAH1B2,luminal,0.046304300985723044
PAFAH1B3,luminal,0.3479542434091264
PAFAH2,luminal,1.0486774185435146
PAG1,luminal,-0.5461663145211794
PAICS,luminal,-0.5385362103590602
PAIP1,luminal,-0.33024600059330184
PAIP2,luminal,0.906771172558408
PAK1,luminal,-0.002053099730012498
PAK1IP1,luminal,-1.6881668819805962
PAK2,luminal,0.024437253498284763
PAK4,luminal,-0.13474965067299358
PALLD,luminal,0.29879671715722644
PALM,luminal,1.5078197092800547
PALMD,luminal,-0.2610235154030766
PAM,luminal,-0.22406351591323387
PAMR1,luminal,0.44384605416610373
PAN2,luminal,1.0741339852261438
PAN3,luminal,0.6715584867109693
PANK2,luminal,0.09828694353965259
PANK3,luminal,0.8984292358102098
PANK4,luminal,0.17795829162906482
PANX1,luminal,-0.6958973013182207
PAOX,luminal,0.6633740600975014
PAPLN,luminal,0.19170608787032237
PAPOLA,luminal,-0.1285590672607708
PAPOLG,luminal,-0.532827138343871
PAPPA,luminal,-0.06976868067497181
PAPSS1,luminal,-1.2802190591619467
PAPSS2,luminal,-0.3187416019420854
PARD3,luminal,-0.8623223817503824
PARD3B,luminal,0.6791877259845889
PARD6B,luminal,1.7155749674436906
PARD6G,luminal,-0.1354376125999393
PARK7,luminal,0.3308208490116639
PARL,luminal,-0.6839746242256224
PARN,luminal,0.4743665888222336
PARP1,luminal,-0.41789038208629864
PARP10,luminal,0.5073167888603627
PARP12,luminal,-0.32567214830954083
PARP14,luminal,0.04645416758746606
PARP16,luminal,0.46221772524231625
PARP2,luminal,-0.4415424801422962
PARP4,luminal,-0.17633468778585437
PARP9,luminal,0.30856224899059315
PARS2,luminal,-0.6797814213036175
PARVA,luminal,0.24574993385608154
PARVB,luminal,-0.5854215304577125
PARVG,luminal,-0.2734804639747532
PASK,luminal,0.16122109038880023
PATL1,luminal,-1.1479313744234503
PATZ1,luminal,1.0353234024896047
PAWR,luminal,0.25474262051287755
PAXIP1,luminal,0.5003777424387047
PBK,luminal,-0.7353091945445797
PBLD,luminal,0.9148746097889413
PBRM1,luminal,0.3609024634598344
PBX1,luminal,1.3221521439093031
PBX2,luminal,-0.37681463708418045
PBXIP1,luminal,0.16081972813853265
PC,luminal,-0.33303781878083705
PCBD1,luminal,0.13465641694071503
PCBD2,luminal,1.7510636424384523
PCBP1,luminal,-0.4858236915666744
PCBP2,luminal,0.7461145932431802
PCBP3,luminal,-0.9073794165644182
PCBP4,luminal,-1.0832347746764612
PCCA,luminal,0.4905757297377275
PCCB,luminal,0.244679886907047
PCDH1,luminal,0.9901243736077534
PCDH7,luminal,0.4724241215268235
PCF11,luminal,0.6784709316812124
PCGF1,luminal,-0.5083399020798728
PCGF2,luminal,0.6250026803129322
PCGF3,luminal,0.6803471484908608
PCGF5,luminal,0.32250124226193133
PCGF6,luminal,-0.7177725612207894
PCID2,luminal,-0.588322419556641
PCIF1,luminal,0.40516333307608277
PCK2,luminal,0.517514398460112
PCM1,luminal,0.8645888356335182
PCMT1,luminal,-0.18512557720533235
PCMTD1,luminal,0.5075596798362177
PCMTD2,luminal,0.8550875558883664
PCNA,luminal,-0.8102391523066063
PCNP,luminal,-0.09498709577971882
PCNT,luminal,-0.4550694411012144
PCOLCE,luminal,0.24706914194302687
PCP4L1,luminal,-0.8840630291666934
PCTP,luminal,-0.20359192637371745
PCYOX1,luminal,0.5462524024900209
PCYOX1L,luminal,1.1039073429277824
PCYT1A,luminal,-0.24133680203739347
PCYT2,luminal,-0.605292594904928
PDAP1,luminal,-0.9356501443497386
PDCD10,luminal,-0.5096321959042222
PDCD11,luminal,-0.7183268580760431
PDCD2,luminal,-0.5172503332334717
PDCD2L,luminal,-0.8889953975816077
PDCD4,luminal,0.7424925103366132
PDCD5,luminal,-1.4238648809712766
PDCD6,luminal,-0.11762105032090357
PDCD6IP,luminal,0.8490903560130112
PDCD7,luminal,-0.33213565297552466
PDCL,luminal,-0.1286003249076533
PDCL3,luminal,-0.6758600766039854
PDE12,luminal,0.4937091230306566
PDE2A,luminal,0.7513847168831608
PDE3A,luminal,0.2203383806179716
PDE4A,luminal,0.7243475601336131
PDE4B,luminal,-0.7037109858050014
PDE4D,luminal,-0.3000666623507056
PDE4DIP,luminal,-0.2722838670998839
PDE5A,luminal,0.5558565643458447
PDE6D,luminal,-0.37926056812351033
PDF,luminal,-0.43739983617227157
PDGFRA,luminal,-0.08241889945489275
PDGFRB,luminal,0.7540336336789888
PDGFRL,luminal,0.4758409616802278
PDHA1,luminal,-1.5506039761862391
PDHB,luminal,0.9056879987332174
PDHX,luminal,-0.029705803414595538
PDIA2,luminal,-0.7289134509390401
PDIA3,luminal,-0.30939533173966055
PDIA4,luminal,-0.7831181939394346
PDIA5,luminal,-0.9550898914728151
PDIA6,luminal,-1.6560839334850361
PDK1,luminal,-1.663903495469296
PDK2,luminal,1.0215693872859903
PDK3,luminal,-0.6348188429723942
PDK4,luminal,0.7971714937016439
PDLIM1,luminal,0.11645418051422411
PDLIM2,luminal,-0.03861184997331746
PDLIM3,luminal,-0.14652351357602186
PDLIM4,luminal,0.13543874532011313
PDLIM5,luminal,0.27565533431446243
PDLIM7,luminal,0.01623142542530825
PDP1,luminal,-0.28760838988770493
PDPK1,luminal,0.8882112156707298
PDPR,luminal,-0.02283537015754723
PDRG1,luminal,0.15201246784825295
PDS5A,luminal,0.3886909639077048
PDS5B,luminal,0.526866489973103
PDSS2,luminal,-0.06194545792233735
PDXDC1,luminal,0.4162781145763978
PDXK,luminal,-1.5185687850607434
PDXP,luminal,-0.8850676542101823
PDZD11,luminal,0.1536628250440575
PDZD8,luminal,0.07111492653262728
PDZK1,luminal,1.5077595938719992
PDZRN3,luminal,-0.011095134038618887
PEA15,luminal,-0.16911563329558219
PEBP1,luminal,0.17544519364879455
PEBP4,luminal,0.7872986736278873
PECR,luminal,0.7170050697987477
PEF1,luminal,0.13338953218929595
PEG10,luminal,-0.289313213256765
PEG3,luminal,0.06071476927092133
PELO,luminal,0.22694569547806892
PELP1,luminal,-0.2545530439611017
PEPD,luminal,-0.35667961342283366
PER2,luminal,1.2369642162738066
PES1,luminal,-0.9475468822589205
PEX1,luminal,0.4480446879238562
PEX11A,luminal,1.1836425527730592
PEX11B,luminal,0.31164088224717884
PEX13,luminal,-0.7854488287273899
PEX14,luminal,-0.004471105890659105
PEX16,luminal,0.23087916166594621
PEX19,luminal,1.1575128158644818
PEX26,luminal,-0.1719997977083451
PEX3,luminal,-0.3909401708465099
PEX5,luminal,-0.21067618856765483
PEX6,luminal,-0.0864023420258533
PEX7,luminal,0.8381811695862416
PF4,luminal,-0.33935783140498643
PFAS,luminal,0.6279845546716605
PFDN1,luminal,0.39420801433071523
PFDN2,luminal,-1.1249806347036453
PFDN4,luminal,-0.475377620994282
PFDN5,luminal,0.8223118151699003
PFDN6,luminal,-0.5854461722602039
PFKFB2,luminal,-0.3118730672215928
PFKFB3,luminal,0.4065135129631015
PFKFB4,luminal,0.013944541686713599
PFKL,luminal,-0.7633575236358071
PFKM,luminal,0.4548453903901406
PFKP,luminal,-1.4854116790221736
PFN1,luminal,-1.0190803741355599
PFN2,luminal,-0.6418471193729426
PGAM2,luminal,0.45945728352247023
PGAM5,luminal,-0.7452822190351518
PGD,luminal,-0.8307208061092173
PGGT1B,luminal,1.4672640765465252
PGK1,luminal,-0.9939101447195542
PGK2,luminal,0.15752753143404516
PGLS,luminal,-0.06067761630311053
PGLYRP1,luminal,-0.23416191689319746
PGLYRP2,luminal,1.7482918365052897
PGM1,luminal,-1.272464699791972
PGM2,luminal,-0.2739388743679984
PGM2L1,luminal,-0.2444165497178213
PGM3,luminal,-0.46306954212210805
PGM5,luminal,0.8858313536696732
PGP,luminal,0.21016776717349042
PGPEP1,luminal,1.5183571112442686
PGR,luminal,2.2074824507788384
PGRMC1,luminal,-0.9023373076464904
PGRMC2,luminal,0.6183762919510486
PGS1,luminal,0.06715792485597218
PHACTR2,luminal,-0.4801621212901925
PHACTR4,luminal,-0.3046040440600732
PHAX,luminal,0.8030720387564613
PHB2,luminal,-0.6794058393314075
PHC1,luminal,0.03389058862370056
PHC2,luminal,-0.7283984963925708
PHC3,luminal,0.7975756585657364
PHF1,luminal,0.5993607155719309
PHF10,luminal,-0.03902725074135109
PHF11,luminal,0.33238204467355137
PHF12,luminal,0.6866207852585628
PHF14,luminal,-0.21662889818612174
PHF2,luminal,0.6557647119555531
PHF20,luminal,0.7924710694973421
PHF20L1,luminal,-0.22447462163364165
PHF21A,luminal,0.05494761414863811
PHF23,luminal,0.38592922256776924
PHF3,luminal,0.32745021691884585
PHF5A,luminal,-1.381482788200137
PHF6,luminal,-0.6547793276530641
PHF8,luminal,0.5293459801171095
PHGDH,luminal,-1.7586751534733414
PHIP,luminal,-0.02792730472967393
PHKA1,luminal,0.06570306562249477
PHKA2,luminal,0.1443535374516298
PHKB,luminal,0.2512547873116243
PHKG2,luminal,0.4253206606935109
PHLDA1,luminal,-0.3203365724231867
PHLDA2,luminal,-0.5005863025260265
PHLDA3,luminal,0.47281305094065734
PHLDB1,luminal,0.47454529686406194
PHLDB2,luminal,0.3553347439897698
PHLDB3,luminal,1.0322237894420032
PHLPP2,luminal,0.1259919541064543
PHPT1,luminal,0.7467165102747222
PHRF1,luminal,0.4148477980580531
PHYH,luminal,-0.2639224494806197
PHYHD1,luminal,1.147755862115306
PI16,luminal,0.29889832091633955
PI4K2A,luminal,0.4354242769117896
PI4K2B,luminal,-0.5700030376958928
PI4KA,luminal,0.4542442647242385
PI4KB,luminal,-0.42564255864603967
PIAS1,luminal,0.020466575739522923
PIAS2,luminal,-0.20557155680167732
PIAS3,luminal,0.460158337633732
PIAS4,luminal,0.22304903884232508
PIBF1,luminal,0.1864417852334322
PICALM,luminal,-0.6720866900177612
PICK1,luminal,-0.3638040249424452
PID1,luminal,-0.3293375747084532
PIGG,luminal,0.9785499218602459
PIGK,luminal,0.3794632779048504
PIGO,luminal,0.5517918363765121
PIGQ,luminal,1.3186562636934067
PIGR,luminal,0.19329611209286385
PIGS,luminal,0.5672164869053753
PIGT,luminal,1.0635438328069893
PIGU,luminal,-0.1301132240603761
PIGX,luminal,0.7579205328636592
PIH1D1,luminal,0.19771844651381923
PIK3AP1,luminal,-0.679301556058024
PIK3C2A,luminal,0.6594749411319606
PIK3C2B,luminal,0.269157838638843
PIK3C3,luminal,0.3327059150087311
PIK3CA,luminal,-0.3027589436777496
PIK3CB,luminal,-0.1314594002503841
PIK3CD,luminal,-0.6277706976556134
PIK3CG,luminal,0.007019116430856995
PIK3IP1,luminal,0.7234915631125798
PIK3R1,luminal,0.1889876810131303
PIK3R2,luminal,-0.016777214450113882
PIK3R3,luminal,0.015917843175706967
PIK3R4,luminal,0.5139613076971523
PIKFYVE,luminal,0.17500072785154908
PIN1,luminal,0.2551057532906576
PIN4,luminal,-0.3066419696346518
PIP,luminal,0.8499196117129314
PIP4K2A,luminal,0.29036211530999273
PIP4K2B,luminal,0.4282488724276514
PIP4K2C,luminal,0.6002925765807235
PIP5K1A,luminal,-0.19725464084408334
PIP5K1C,luminal,0.5116487476486974
PIR,luminal,-0.986588641143133
PISD,luminal,0.7107394470650178
PITPNA,luminal,-0.4276588482095177
PITPNB,luminal,-1.119983363059178
PITPNC1,luminal,-0.5418346647211424
PITPNM1,luminal,-0.42792109318778054
PITRM1,luminal,-0.9629813102279424
PITX1,luminal,-0.2872562349146353
PJA1,luminal,0.010148879272301483
PJA2,luminal,1.276271641615293
PKIB,luminal,1.175433832370045
PKIG,luminal,0.6901169789914112
PKLR,luminal,0.0557394049771296
PKN1,luminal,0.19534058364048354
PKN2,luminal,0.014800403780937292
PKNOX1,luminal,0.7428643290687049
PKP1,luminal,-1.0113827813785647
PKP2,luminal,-0.2825943192230512
PKP3,luminal,-0.2077912802322597
PKP4,luminal,0.5519303128892992
PLA2G12A,luminal,1.2164651081301217
PLA2G15,luminal,-0.24034754073591424
PLA2G2A,luminal,-0.27076106577536985
PLA2G4A,luminal,-1.0417389965409043
PLA2G4C,luminal,0.39817094899325334
PLA2G6,luminal,0.24260795133514082
PLA2G7,luminal,-0.9060626344792954
PLAA,luminal,-0.737079948509504
PLAC9,luminal,0.807294600616159
PLAT,luminal,1.1753366788546185
PLAU,luminal,-0.228999156665391
PLAUR,luminal,-0.9863590723024179
PLBD1,luminal,-0.6492990841012984
PLBD2,luminal,0.27333572946449647
PLCB1,luminal,-0.12676292091937233
PLCB2,luminal,-0.23935426163063991
PLCB3,luminal,-0.5259079529612624
PLCB4,luminal,-0.942955415868606
PLCD1,luminal,0.053536378886041916
PLCD4,luminal,1.2932545708968166
PLCE1,luminal,-0.2913909674058031
PLCG1,luminal,-0.4142655998044208
PLCG2,luminal,-1.0469357591362387
PLCH1,luminal,-1.3784362279087956
PLCL1,luminal,0.8069635284925909
PLCL2,luminal,-0.1339652303134992
PLD1,luminal,-1.068606611807384
PLD2,luminal,-0.18011428304896232
PLD3,luminal,-0.36067609949411095
PLD4,luminal,0.896070848444602
PLEC,luminal,0.1984921130094512
PLEK,luminal,-0.3625364216402148
PLEK2,luminal,-0.20797904582713658
PLEKHA1,luminal,-0.4310782111940504
PLEKHA3,luminal,0.7193866869744774
PLEKHA4,luminal,0.2101223880295751
PLEKHA5,luminal,0.03572905313456834
PLEKHA6,luminal,0.9024029650055996
PLEKHA7,luminal,0.4101223540860598
PLEKHA8,luminal,-0.5406729113562463
PLEKHB2,luminal,0.6147012876893221
PLEKHF1,luminal,-0.8206044218152602
PLEKHF2,luminal,1.16301798365729
PLEKHG1,luminal,-1.1192462508187924
PLEKHG2,luminal,-0.7260929706916942
PLEKHG3,luminal,0.30922427051790735
PLEKHG4,luminal,-0.020753110756226795
PLEKHG4B,luminal,-0.9097919022137179
PLEKHJ1,luminal,-0.1899209098159821
PLEKHM1,luminal,0.5234192689889877
PLEKHM2,luminal,-0.6719891771333947
PLEKHO1,luminal,-0.7782274521676311
PLEKHO2,luminal,-0.02191678047944854
PLG,luminal,-0.17752094477748745
PLIN1,luminal,0.7287811563974445
PLIN2,luminal,-1.1087177362266243
PLIN3,luminal,-0.0034217043607312207
PLIN4,luminal,0.6307837103595684
PLIN5,luminal,1.519274262249607
PLK1,luminal,-1.366243044718001
PLOD1,luminal,-1.627316790632283
PLOD2,luminal,-0.570758930280913
PLOD3,luminal,-1.1210024706757562
PLRG1,luminal,-0.5502628692116213
PLS1,luminal,0.5112502385755525
PLS3,luminal,-0.7484764631286612
PLSCR1,luminal,-0.6663363732281695
PLSCR3,luminal,-0.6385444852078423
PLTP,luminal,-0.7627345448950501
PLVAP,luminal,0.20281322834870147
PLXDC2,luminal,-0.2438545360773846
PLXNA1,luminal,-1.0141623790141128
PLXNA3,luminal,0.08302859509655286
PLXNB1,luminal,0.5957844439825271
PLXNB2,luminal,-0.17372174284640157
PLXNC1,luminal,0.461629604994056
PLXND1,luminal,0.27011052876811503
PM20D2,luminal,-1.209876736721021
PMF1,luminal,-0.257911644513606
PML,luminal,-0.8562077232252765
PMM1,luminal,-0.21759104790285352
PMM2,luminal,-0.2887917579735948
PMP2,luminal,-0.2500606305268524
PMPCA,luminal,-0.16061070309528172
PMPCB,luminal,0.06906774036676705
PMS1,luminal,-0.460175661728711
PMS2,luminal,0.26245259002372906
PMVK,luminal,0.33051373518570554
PNKD,luminal,-0.36805072127525323
PNKP,luminal,0.3790324089247868
PNMA1,luminal,0.9701249460768883
PNMT,luminal,-0.08370203148912835
PNN,luminal,-0.13862907178926606
PNO1,luminal,-1.110686553080954
PNP,luminal,-1.1058661486782713
PNPLA2,luminal,0.9645031098742237
PNPLA4,luminal,1.457608734068183
PNPLA6,luminal,-0.2782090969563671
PNPLA8,luminal,0.135318231871087
PNPO,luminal,0.8330749596877474
PNPT1,luminal,-0.9210490781988262
POC1B,luminal,0.6564185791970144
POC5,luminal,1.407366674675593
PODN,luminal,0.8561800054827783
PODXL,luminal,-0.5426931823936321
POF1B,luminal,-0.04613746227334653
POFUT1,luminal,0.6930112248314904
POFUT2,luminal,-0.4027601007121235
POGK,luminal,-0.5758871055367963
POGZ,luminal,0.2672207253445017
POLA1,luminal,-0.17939940220835857
POLA2,luminal,-0.7615433809262656
POLB,luminal,0.11340229635086038
POLD1,luminal,-0.9157275870806432
POLD2,luminal,-0.5333562368523395
POLD3,luminal,-0.6820003239172528
POLD4,luminal,1.102181892491334
POLDIP3,luminal,-0.7072335495930887
POLE,luminal,-0.4119247708277489
POLE2,luminal,-0.5566431745359851
POLE3,luminal,-0.4772558738286647
POLE4,luminal,-0.25192528853062385
POLG,luminal,-0.5082476177177024
POLG2,luminal,0.3250411855703429
POLI,luminal,1.4116980234934604
POLK,luminal,1.3718520711636908
POLL,luminal,0.9702923182481911
POLM,luminal,0.9281753230589367
POLR1A,luminal,-0.6571102574904634
POLR1B,luminal,-0.5606371954999592
POLR1C,luminal,-1.0866556014584787
POLR1D,luminal,-0.1741693503660078
POLR1E,luminal,-1.1149823791515197
POLR2B,luminal,-0.5519474754070272
POLR2C,luminal,-0.4894757516919749
POLR2D,luminal,-1.2639913370174163
POLR2E,luminal,0.2817222179346049
POLR2F,luminal,-1.294048684820569
POLR2G,luminal,-0.08241979453996534
POLR2H,luminal,-0.5191327648278982
POLR2I,luminal,-0.3633207995884011
POLR2K,luminal,-0.2856364024757688
POLR2L,luminal,0.5235882424781901
POLR3A,luminal,-0.09827638574541861
POLR3B,luminal,-0.2440460755888639
POLR3C,luminal,-0.49758802396698293
POLR3D,luminal,-0.7908550275969468
POLR3E,luminal,0.7910084209993448
POLR3F,luminal,-0.29614695918150574
POLR3GL,luminal,0.3027763453541037
POLR3H,luminal,-0.15648067466254065
POLR3K,luminal,0.756393377522775
POLRMT,luminal,0.08444486661288146
POM121C,luminal,-0.25950951756823337
POMGNT1,luminal,0.6133489336211251
POMP,luminal,-0.36637081262186566
PON1,luminal,-0.1679884475100394
PON2,luminal,-0.16514647619155112
PON3,luminal,-0.2001995083432695
POP1,luminal,-1.2858973079572389
POP4,luminal,-0.6271394816068241
POP5,luminal,-0.4099412868693358
POP7,luminal,-0.8704018999398688
POR,luminal,-0.9653098844076746
POSTN,luminal,0.5990504254382137
POT1,luminal,0.364203281600876
POTEF,luminal,0.45007165548050987
POU2F1,luminal,0.08197168158634695
POU2F2,luminal,-0.5584856968209968
PPA1,luminal,-0.9017899994948451
PPA2,luminal,0.24526600396063009
PPAN,luminal,-0.7171754253366854
PPAT,luminal,-0.39902858986146
PPBP,luminal,-0.638491100590395
PPCDC,luminal,0.04732854587425724
PPCS,luminal,0.43694635888577055
PPDPF,luminal,0.45470467637089523
PPFIA1,luminal,0.19696058461242275
PPFIA3,luminal,-0.2962015242862397
PPFIBP1,luminal,0.0815192456841941
PPFIBP2,luminal,-0.36094803198544756
PPHLN1,luminal,0.1876444778681764
PPIA,luminal,-0.6066648689708605
PPIAL4G,luminal,-0.5855847581905643
PPIB,luminal,-0.7750411844163625
PPIC,luminal,0.020053415137852745
PPID,luminal,-0.04148362718967662
PPIE,luminal,-0.7981613321997254
PPIF,luminal,-0.670577355888738
PPIG,luminal,-0.26538834488972274
PPIH,luminal,-0.962581391891944
PPIL1,luminal,-0.7285178994196424
PPIL2,luminal,0.17163743134414094
PPIL3,luminal,0.11073736972369197
PPIL4,luminal,-0.2369518172652285
PPIP5K1,luminal,1.1765309309746432
PPIP5K2,luminal,0.8304124651576421
PPL,luminal,-0.37714905839237745
PPM1A,luminal,1.2190797125557324
PPM1B,luminal,0.006674632813150776
PPM1D,luminal,0.1999505768038154
PPM1F,luminal,-0.6870090254241586
PPM1G,luminal,-1.1846330657294644
PPM1H,luminal,0.4600959718086986
PPM1J,luminal,1.3754041136954138
PPM1K,luminal,-0.08065363632879051
PPM1L,luminal,-0.7976758509483737
PPM1M,luminal,0.6201648865784603
PPME1,luminal,-0.21413876200283566
PPOX,luminal,0.29130219862749496
PPP1CA,luminal,-0.26900383535046457
PPP1CB,luminal,-1.5422099457211866
PPP1CC,luminal,-0.2530874377122926
PPP1R10,luminal,-0.36249982920359647
PPP1R11,luminal,-0.030807438549777848
PPP1R12A,luminal,0.19622420575992966
PPP1R12B,luminal,0.40897623383165727
PPP1R12C,luminal,0.1397411533193976
PPP1R13B,luminal,0.27409043416626205
PPP1R13L,luminal,-0.24628918775611952
PPP1R14A,luminal,-0.18921016713324013
PPP1R14B,luminal,-1.2732630124517224
PPP1R14C,luminal,-2.0697577491308428
PPP1R16A,luminal,0.10472486037126272
PPP1R1A,luminal,-0.5234752622925236
PPP1R1B,luminal,-0.6959329610571507
PPP1R2,luminal,0.25860048273125563
PPP1R3B,luminal,0.15149640573512937
PPP1R3D,luminal,0.47908030226157844
PPP1R7,luminal,0.09521404425308422
PPP1R8,luminal,-0.7191143284130821
PPP1R9A,luminal,-0.019085305032920028
PPP2CA,luminal,1.0311605920879752
PPP2CB,luminal,0.19279964005533426
PPP2R1A,luminal,0.09765740297289792
PPP2R1B,luminal,-0.5893681412472294
PPP2R2A,luminal,0.2526169703481276
PPP2R3A,luminal,-0.8089226621319965
PPP2R5A,luminal,0.6450013540736051
PPP2R5B,luminal,-0.25481510637079074
PPP2R5C,luminal,-0.3716592383089397
PPP2R5D,luminal,-1.0182339550901973
PPP2R5E,luminal,0.1141480922742656
PPP3CA,luminal,-0.05581114936992865
PPP3CB,luminal,0.9440401957315367
PPP3CC,luminal,0.22735768463513292
PPP3R1,luminal,-1.1913311183744983
PPP4C,luminal,-0.10388255302135668
PPP4R1,luminal,-0.12188858716759464
PPP4R2,luminal,0.18089846808975227
PPP5C,luminal,-0.3183685912135636
PPP6C,luminal,0.7932207243323146
PPT1,luminal,0.5181638470122041
PPT2,luminal,0.46026400549219687
PPTC7,luminal,0.20951165509844183
PPWD1,luminal,0.49201239914737477
PQBP1,luminal,-0.462402416684014
PRAF2,luminal,0.27234729231069543
PRAM1,luminal,0.09265422800351983
PRC1,luminal,-1.0102397389663698
PRCC,luminal,-0.5054322126709572
PRCP,luminal,0.4448036397270305
PRDM10,luminal,0.28404255802343026
PRDM15,luminal,-0.5477436079958068
PRDM2,luminal,0.373564354185783
PRDX1,luminal,-0.622959435570268
PRDX2,luminal,0.12500703027449991
PRDX3,luminal,0.9088122281085578
PRDX4,luminal,-1.283665337365139
PRDX5,luminal,-0.36462851616424896
PRDX6,luminal,-0.6275635207468596
PREB,luminal,-0.8225524620931338
PRELP,luminal,-0.014314750352864428
PREP,luminal,-1.1410437625454013
PREPL,luminal,0.7769145748370168
PREX1,luminal,2.03881548517006
PRF1,luminal,-0.7162775736018454
PRG2,luminal,-0.9882771043634586
PRG3,luminal,-0.1054334654528485
PRG4,luminal,0.356765751282119
PRICKLE2,luminal,1.0582722721598896
PRIM1,luminal,-0.041624769239514955
PRKAA1,luminal,-0.5905853599555204
PRKAA2,luminal,0.26761761742762724
PRKAB1,luminal,1.3822682629708167
PRKAB2,luminal,-0.19151528009942625
PRKACA,luminal,-0.10507017486352498
PRKACB,luminal,0.09041435051412376
PRKAG1,luminal,1.1167580953478051
PRKAG2,luminal,-0.28649994122576955
PRKAR1A,luminal,0.7720689883511318
PRKAR1B,luminal,-0.3009162228792474
PRKAR2A,luminal,0.2454023098607388
PRKAR2B,luminal,0.3918881771120424
PRKCA,luminal,-0.7760063342217753
PRKCB,luminal,-0.2694281416156335
PRKCD,luminal,0.9151232528284663
PRKCE,luminal,0.47208789560985587
PRKCH,luminal,0.11305979549941626
PRKCI,luminal,-0.6020236370130008
PRKCQ,luminal,-0.7389766403865957
PRKCSH,luminal,-0.520032593226561
PRKCZ,luminal,-0.0465254951102483
PRKD1,luminal,0.04997179786432924
PRKD2,luminal,0.017940746911277897
PRKD3,luminal,-1.1566512985329538
PRKG1,luminal,0.7126197796985088
PRKRA,luminal,-0.5462028115666524
PRKRIP1,luminal,-0.10597772576972585
PRMT1,luminal,-0.6509909757309974
PRMT2,luminal,-0.7543832040208877
PRMT3,luminal,-0.029368086074672752
PRMT5,luminal,0.2799986565588323
PRMT6,luminal,0.04466430260391363
PRMT7,luminal,0.11515188913926934
PRNP,luminal,-1.0967391345620294
PROC,luminal,0.3970108687332186
PROCR,luminal,0.42045283909205083
PRODH,luminal,-0.17883379858901924
PROM1,luminal,-1.2480269332086247
PROM2,luminal,0.3755945850571979
PROS1,luminal,-0.0019377478792968062
PROZ,luminal,0.29035703360340426
PRPF18,luminal,-0.9784409373083359
PRPF19,luminal,-0.044339177455400336
PRPF3,luminal,-0.9238931542778482
PRPF31,luminal,-0.21669966361450335
PRPF38A,luminal,-1.0626648346932317
PRPF38B,luminal,-0.2769641844436751
PRPF39,luminal,0.48827926862682636
PRPF4,luminal,-0.19291325431481202
PRPF40A,luminal,-0.390876038756967
PRPF40B,luminal,0.33434697243369815
PRPF6,luminal,0.38095157917805555
PRPF8,luminal,-0.21376830012912407
PRPH,luminal,0.028259293965845724
PRPS1,luminal,-0.21201669510973117
PRPS2,luminal,-0.6663362122742439
PRPSAP1,luminal,-0.40043444784074494
PRPSAP2,luminal,-0.3670050383672219
PRR11,luminal,-1.044344349929691
PRR12,luminal,0.7700451657785284
PRR13,luminal,1.0270984830167438
PRR14,luminal,0.19507292120859676
PRR15,luminal,2.0938906028341067
PRR15L,luminal,0.990625569211241
PRR5,luminal,-0.40272487166067333
PRRC1,luminal,0.5682299461196026
PRRX1,luminal,0.15297732218777707
PRRX2,luminal,-0.4512184044892654
PRSS1,luminal,-0.03195615334828496
PRSS22,luminal,0.04457993119681803
PRSS23,luminal,1.032510195290176
PRSS3,luminal,-1.0471685423229993
PRSS8,luminal,0.19207712784052225
PRTFDC1,luminal,-0.9345253976765024
PRTN3,luminal,0.8035797811912281
PSAP,luminal,-0.15667223379421186
PSAT1,luminal,-2.3936996079668997
PSD3,luminal,0.726547403320383
PSD4,luminal,0.909011155903381
PSEN1,luminal,0.8325257383234764
PSEN2,luminal,0.6844892429514738
PSIP1,luminal,-0.5815299463287736
PSMA1,luminal,-0.3630665327552763
PSMA2,luminal,-0.5906803391210379
PSMA3,luminal,-0.45426645288044104
PSMA4,luminal,-0.8270603140299928
PSMA5,luminal,-0.6891398168400847
PSMA6,luminal,-0.06548637957285489
PSMA7,luminal,-0.9605851925716538
PSMB1,luminal,-0.542039510855037
PSMB10,luminal,-0.31030407612847466
PSMB2,luminal,-1.6419348240363794
PSMB3,luminal,-0.3557579686163761
PSMB4,luminal,-1.0826373403176488
PSMB5,luminal,-0.5719805247381208
PSMB6,luminal,-0.3528264290457645
PSMB7,luminal,-0.6595875223559781
PSMB8,luminal,-0.27595544834320046
PSMB9,luminal,-0.5482907862890146
PSMC1,luminal,-0.6152680084833074
PSMC2,luminal,-1.014417072539601
PSMC3,luminal,-0.5475868632495087
PSMC3IP,luminal,-0.2857466663183092
PSMC4,luminal,-0.6013253455381643
PSMC5,luminal,0.18814420154593386
PSMC6,luminal,0.26175315794234655
PSMD1,luminal,-0.6125924004247469
PSMD10,luminal,-0.43579676747939927
PSMD11,luminal,-0.45146978728217807
PSMD12,luminal,-0.4983984939145843
PSMD13,luminal,-0.472815742037975
PSMD14,luminal,-1.05583675485188
PSMD2,luminal,-0.9229343092546874
PSMD3,luminal,-0.3746046501114681
PSMD4,luminal,-0.5257492021513362
PSMD5,luminal,-0.08472659786329226
PSMD6,luminal,-0.08062829408396101
PSMD7,luminal,-1.2738656880844947
PSMD8,luminal,-0.4896021230902668
PSMD9,luminal,0.0707320594222773
PSME1,luminal,0.8087576803922796
PSME2,luminal,-0.12212658524689679
PSME3,luminal,0.08562744278890624
PSME4,luminal,-1.8313781405270406
PSMF1,luminal,0.08244053593851138
PSMG1,luminal,-1.5143645210462273
PSMG2,luminal,-0.45357411901799277
PSMG3,luminal,-0.7888538836836962
PSMG4,luminal,-0.8296045698373217
PSPC1,luminal,-0.2920360892711911
PSPH,luminal,-0.9487116758721038
PSTPIP1,luminal,-0.43961923641624295
PSTPIP2,luminal,-0.4225012858757633
PTAR1,luminal,0.03727549051286023
PTBP1,luminal,-0.37864547295215717
PTBP2,luminal,-0.5018173114819807
PTCD2,luminal,1.2673644070538084
PTCD3,luminal,-0.744064834253088
PTDSS1,luminal,-1.0644397598707174
PTDSS2,luminal,0.3818727698324544
PTEN,luminal,0.7525791135121419
PTER,luminal,0.4322608890147776
PTGDS,luminal,-0.1184087322921272
PTGES,luminal,0.511620464518714
PTGES2,luminal,-0.4648024015115878
PTGES3,luminal,0.15554322202179785
PTGFRN,luminal,-0.09603142600013402
PTGIS,luminal,-0.16121341524885638
PTGR1,luminal,0.6407342829517766
PTGR2,luminal,1.1135679517845296
PTGS1,luminal,0.2840266062815111
PTGS2,luminal,-0.7612881118924743
PTK2,luminal,-0.23725570328797468
PTK2B,luminal,0.05686138696321216
PTK6,luminal,0.7413671627977363
PTK7,luminal,-1.0953797392215472
PTMA,luminal,-1.0173962742780005
PTMS,luminal,0.024697634120160312
PTN,luminal,0.31751148022556
PTOV1,luminal,0.4232156006539514
PTP4A1,luminal,-0.326192122292277
PTP4A2,luminal,1.1562264899288588
PTP4A3,luminal,-0.5514492535095866
PTPDC1,luminal,0.22945764295507606
PTPMT1,luminal,-0.011725770756800516
PTPN1,luminal,0.6873344336949855
PTPN11,luminal,-0.17117568934589372
PTPN12,luminal,-0.6743654291094647
PTPN13,luminal,0.7481421566510105
PTPN14,luminal,-0.7384046412417992
PTPN18,luminal,0.47161263467776576
PTPN2,luminal,-1.2621065792064337
PTPN23,luminal,0.3704590546120277
PTPN3,luminal,0.044670076312729436
PTPN6,luminal,0.18842715212052988
PTPN7,luminal,-0.4669561355125339
PTPN9,luminal,0.2584612252586469
PTPRA,luminal,1.0352138357474727
PTPRC,luminal,-0.2508193916935883
PTPRE,luminal,0.46334612880448
PTPRF,luminal,-0.5955817124193974
PTPRG,luminal,0.719870375718487
PTPRJ,luminal,0.002966920271092661
PTPRK,luminal,-0.8254939300784129
PTPRM,luminal,0.5124530132889275
PTPRS,luminal,-0.25094621881172513
PTPRU,luminal,-0.1582730814211056
PTPRZ1,luminal,-0.5013015714746434
PTRH1,luminal,0.5456612558662638
PTRH2,luminal,-0.23861429455431962
PTS,luminal,-0.7450288157611126
PTX3,luminal,-1.0405696518860124
PUF60,luminal,-0.5399330902701023
PUM1,luminal,0.09952494337241816
PUM2,luminal,0.05979903371111789
PURA,luminal,0.8581785822579276
PURB,luminal,-0.03256895590622378
PUS1,luminal,-0.8075547772652673
PUS10,luminal,-0.5920853591708813
PUS3,luminal,-0.711435858203885
PUS7,luminal,-1.0704620100687658
PUS7L,luminal,0.37419920382578986
PUSL1,luminal,-0.6475837089401927
PVALB,luminal,0.6795240751069092
PVR,luminal,-1.3067496872843891
PWP1,luminal,-0.4838055806777095
PWP2,luminal,-1.1308043276922226
PWWP2A,luminal,0.8500114480392272
PWWP2B,luminal,0.09430689894745546
PXDN,luminal,-0.27241351090630067
PXK,luminal,0.9197086173491339
PXMP4,luminal,0.6969843706749606
PXN,luminal,0.1428123250658364
PYCARD,luminal,0.5950014269779427
PYCR1,luminal,-0.5042643337142828
PYCR2,luminal,0.3828209133793689
PYDC1,luminal,0.27528392655554074
PYGB,luminal,-0.6911363627396024
PYGL,luminal,0.4219632394266115
PYGM,luminal,0.18607372110208573
PYGO2,luminal,0.04591045195763569
PYHIN1,luminal,-0.4018977459569369
PYROXD1,luminal,-0.15497302405326208
PYROXD2,luminal,0.29801344468853375
PZP,luminal,-0.37045152009914223
QDPR,luminal,0.9761113717061903
QKI,luminal,-0.8255588171888301
QPCT,luminal,-0.5267822528228363
QPCTL,luminal,-0.4779816050324465
QPRT,luminal,-0.34096527055312154
QRICH1,luminal,0.849648791416284
QRSL1,luminal,-0.7773759364426666
QSER1,luminal,-0.5702792480518634
QSOX1,luminal,0.20270584469301725
QSOX2,luminal,-0.9463358161135975
QTRT1,luminal,0.12806900341365648
R3HCC1,luminal,0.250134975738729
R3HDM1,luminal,-1.2133230809493463
R3HDM2,luminal,0.8433806919187163
RAB10,luminal,-0.45364067588432294
RAB11B,luminal,-0.028730061976349773
RAB11FIP1,luminal,0.8433873210472581
RAB11FIP2,luminal,0.5341601313906841
RAB11FIP3,luminal,1.395931927027581
RAB11FIP4,luminal,0.3973264086003869
RAB11FIP5,luminal,0.41950735232190445
RAB12,luminal,-0.8030781210929511
RAB13,luminal,0.09747907793137006
RAB14,luminal,0.6509455729091399
RAB17,luminal,1.6923419172417207
RAB18,luminal,0.6669173433435559
RAB19,luminal,1.2120629606780389
RAB1A,luminal,-0.7229705846753478
RAB1B,luminal,0.4134509092020306
RAB20,luminal,-0.17934423738372215
RAB21,luminal,0.6982942379263697
RAB22A,luminal,-0.005104933598073049
RAB23,luminal,-0.5210768619841792
RAB24,luminal,0.3717153674500973
RAB25,luminal,0.09362440177238367
RAB27A,luminal,-0.23560844616298024
RAB27B,luminal,1.2117256591458931
RAB28,luminal,0.47806440389634025
RAB2A,luminal,-0.07609916466590692
RAB2B,luminal,0.5050622688761958
RAB30,luminal,1.4733965985607258
RAB31,luminal,0.9045698066454904
RAB32,luminal,-0.44834695569584765
RAB33B,luminal,0.6093382259493559
RAB34,luminal,0.18320052519465
RAB35,luminal,-0.32188096809768035
RAB38,luminal,0.20162918034944047
RAB3A,luminal,0.882209742733307
RAB3D,luminal,0.3381832289755015
RAB3GAP1,luminal,-0.09487003044008363
RAB3GAP2,luminal,0.2882245988163546
RAB3IL1,luminal,-0.2529772877138543
RAB3IP,luminal,0.437605598930402
RAB40C,luminal,0.8760285366236019
RAB43,luminal,-0.4079212124862176
RAB4A,luminal,-0.3859371762993319
RAB4B,luminal,0.5956026754110623
RAB5A,luminal,0.020751582358913962
RAB5B,luminal,1.337598849596579
RAB5C,luminal,1.1236862580665716
RAB6A,luminal,-0.23507940722346665
RAB6B,luminal,-1.0544883333326391
RAB7A,luminal,-0.25011060930396034
RAB8A,luminal,0.09897353402610258
RAB8B,luminal,0.2582720201734315
RAB9A,luminal,-0.7518984159695313
RABAC1,luminal,0.09117908942516939
RABEP1,luminal,2.146358634855349
RABEP2,luminal,0.5201881992795443
RABEPK,luminal,0.46657911362712706
RABGAP1,luminal,0.1649242353266771
RABGAP1L,luminal,-0.1061769878958083
RABGGTA,luminal,0.20624869140920704
RABGGTB,luminal,-0.08030517089094222
RABIF,luminal,-0.35038975452449495
RABL2B,luminal,0.2842843996071393
RABL3,luminal,1.2814498319453425
RAC1,luminal,-0.19056468613057115
RAC2,luminal,-0.21688020604576552
RAC3,luminal,-0.36427672100900815
RACGAP1,luminal,-0.7197370472546817
RAD1,luminal,-0.2543315907903601
RAD17,luminal,1.4777793506661627
RAD18,luminal,-0.3905284093704116
RAD21,luminal,-0.4175283764450616
RAD23A,luminal,-0.49282949169532886
RAD23B,luminal,-0.06822531724273179
RAD50,luminal,1.293647373331218
RAD51,luminal,-1.099687913638348
RAD51AP1,luminal,-1.3293691866289237
RAD51C,luminal,0.08657713948336883
RAD54B,luminal,-0.7665296302291819
RAD54L2,luminal,-0.10948006623654177
RAD9A,luminal,-0.15332948474453867
RAE1,luminal,-0.13683410053603715
RAF1,luminal,-0.3867853508906474
RAI1,luminal,0.43098806985683685
RAI14,luminal,-0.39721594703340457
RALA,luminal,-0.5328295075802179
RALB,luminal,0.3432153504206148
RALBP1,luminal,-0.2993307128432519
RALGAPA1,luminal,1.6089458379954864
RALGAPA2,luminal,0.3408732199082946
RALGAPB,luminal,0.9023502685820548
RALGPS2,luminal,1.8811262536326327
RALY,luminal,-0.7038149218227957
RAN,luminal,-0.9158942188362446
RANBP1,luminal,-1.59461031262341
RANBP10,luminal,-0.1626784772194514
RANBP2,luminal,-0.24238620951811155
RANBP3,luminal,0.11709461861899448
RANBP6,luminal,0.2792409930499023
RANBP9,luminal,-0.2540090153186798
RANGAP1,luminal,-1.0707438524610462
RANGRF,luminal,0.520731147044428
RAP1A,luminal,-0.361802990153319
RAP1B,luminal,0.30247933486711515
RAP1GAP,luminal,0.08464706241600287
RAP1GAP2,luminal,-0.3036972276581465
RAP1GDS1,luminal,0.5087318287196021
RAP2B,luminal,-1.3488161334680306
RAP2C,luminal,0.4153547894846141
RAPGEF1,luminal,-0.3936668444442871
RAPGEF2,luminal,0.1183216877822479
RAPGEF4,luminal,0.5967791448224355
RAPGEF6,luminal,0.8624765480100759
RAPH1,luminal,0.24418897574028997
RARA,luminal,1.744586354873644
RARRES1,luminal,-1.6017127157455762
RARRES2,luminal,-0.027080969610118015
RARS2,luminal,-0.4371950001289413
RASA1,luminal,0.9658288957067003
RASA2,luminal,-0.33678850111980657
RASA3,luminal,-0.05605312293882253
RASA4,luminal,0.41308167537215734
RASAL1,luminal,-1.5904559762902784
RASAL2,luminal,-0.5884778971482024
RASAL3,luminal,-0.10655465006090635
RASEF,luminal,1.3645570011527115
RASGRF2,luminal,0.4972455565539289
RASGRP2,luminal,-0.16753028923906585
RASIP1,luminal,-0.18629668529742302
RASL12,luminal,-0.04975380642272339
RASSF1,luminal,-0.06224412082734373
RASSF2,luminal,-0.3808107132108257
RASSF3,luminal,0.1216907051041876
RASSF4,luminal,-1.1513277893406297
RASSF5,luminal,-0.4351233005445577
RASSF7,luminal,0.14965636451438782
RASSF8,luminal,0.6251996621613568
RAVER1,luminal,-0.5093249066796601
RAVER2,luminal,-0.43542324948290145
RB1,luminal,0.9471251696137776
RB1CC1,luminal,-0.1511472004530348
RBAK,luminal,-0.00973361648748194
RBBP4,luminal,-0.22000971139748354
RBBP5,luminal,0.12030792104339197
RBBP6,luminal,-0.13577197911398203
RBBP7,luminal,0.22819179044206223
RBBP8,luminal,0.4123975057716463
RBBP9,luminal,0.0012082068431585966
RBCK1,luminal,0.5958896978108777
RBKS,luminal,1.2998535968939273
RBL1,luminal,-0.6570519243431412
RBL2,luminal,0.8075376866042153
RBM10,luminal,-0.26342309978397965
RBM12,luminal,0.49713322703027274
RBM12B,luminal,0.11620535521817446
RBM14,luminal,-0.4288230522124903
RBM15,luminal,-0.8937601265476701
RBM15B,luminal,0.051661509179086414
RBM17,luminal,-1.4801243942009132
RBM18,luminal,0.7041899200564349
RBM19,luminal,0.021719117157032976
RBM22,luminal,1.0223999896601004
RBM23,luminal,0.5927704037661646
RBM25,luminal,-0.057680885101401014
RBM26,luminal,-0.010895418067056423
RBM27,luminal,0.6649762628206487
RBM28,luminal,-1.4547022190047634
RBM3,luminal,0.6078120357637853
RBM33,luminal,-0.2689533358318178
RBM34,luminal,-0.7946769949747206
RBM38,luminal,-1.4997246466332221
RBM39,luminal,0.9472515511581293
RBM4,luminal,-0.05877257727889894
RBM41,luminal,-0.06697409887370834
RBM42,luminal,-0.43111141549043436
RBM45,luminal,0.49959368713762364
RBM47,luminal,1.5573822565351243
RBM4B,luminal,0.02399924876461196
RBM5,luminal,1.072975258993995
RBM6,luminal,0.3743016518876378
RBM7,luminal,-0.640726093987936
RBM8A,luminal,-0.6339934435605694
RBMS1,luminal,-1.1006465152800604
RBMS2,luminal,0.06219630216572605
RBMS3,luminal,0.5917287340440025
RBMX,luminal,-0.23176370595060183
RBMX2,luminal,-0.5280538298854862
RBMXL1,luminal,-0.32766556333334024
RBP1,luminal,-0.5779357674258541
RBP4,luminal,0.03429562694115573
RBP5,luminal,0.13344190848691548
RBP7,luminal,0.10670018802952976
RBPJ,luminal,-0.05374895660436819
RBPMS,luminal,0.595933442923827
RBX1,luminal,-0.594310657442822
RC3H1,luminal,0.1687869919759465
RC3H2,luminal,-0.07200911725096293
RCAN1,luminal,-1.0211851939842695
RCAN3,luminal,-0.42216002283970283
RCBTB2,luminal,0.1640116565578656
RCC1,luminal,-1.0645777846059878
RCC2,luminal,-1.382889844864787
RCCD1,luminal,-0.9190545203789069
RCHY1,luminal,0.32281136527393767
RCL1,luminal,-0.43846710385106474
RCN1,luminal,-0.7955469398005132
RCN2,luminal,-0.7866079409872248
RCN3,luminal,-0.3478387502010703
RCOR1,luminal,0.01602819994420656
RCOR2,luminal,-1.4074309899337107
RCOR3,luminal,1.0971280819353886
RCSD1,luminal,-0.5595295805847974
RDH10,luminal,-1.284843399674862
RDH11,luminal,0.11263987992301666
RDH13,luminal,-0.13220366444025602
RDH14,luminal,0.1395144973082835
RDH16,luminal,0.46365771809967166
RDX,luminal,-1.016828557375362
RECK,luminal,0.169299211744951
RECQL,luminal,-0.40920043177969134
RECQL5,luminal,0.27713354042158617
REEP3,luminal,-0.1059313882902675
REEP4,luminal,-0.5496381236208905
REEP5,luminal,1.4528245538651023
REEP6,luminal,1.5058257215524713
REL,luminal,0.4571884866598318
RELA,luminal,-0.2582079941737055
RELB,luminal,-0.7808384301737031
RELL1,luminal,0.9344304786537153
REM1,luminal,-0.42404785219868396
REM2,luminal,0.7918568501872785
RENBP,luminal,-0.44206466470271677
REPIN1,luminal,0.389756052563684
REPS1,luminal,-0.9028065846454264
REPS2,luminal,1.4029603229392777
RER1,luminal,0.07852394607596433
RERE,luminal,0.7715270901578877
RERG,luminal,2.1441536415471156
REST,luminal,0.3342998445133002
RETN,luminal,-0.46334478990099753
RETSAT,luminal,0.742000920684297
REXO1,luminal,-0.13324088857220115
REXO2,luminal,-1.0050683032811993
REXO4,luminal,-0.4567197541378739
RFC1,luminal,0.47118293960208435
RFC2,luminal,-1.34865250010683
RFC3,luminal,-0.9744745026295151
RFC4,luminal,-1.3903854638538917
RFC5,luminal,-0.26739465459929923
RFESD,luminal,0.05076171782535549
RFFL,luminal,0.05125415409134795
RFK,luminal,0.2043160600571382
RFT1,luminal,0.16281863213806058
RFTN1,luminal,-0.20736473917211784
RFX1,luminal,0.42398971711661726
RFX3,luminal,-0.07638075833008004
RFX5,luminal,-0.164101480654484
RFXANK,luminal,-0.1972725384703673
RFXAP,luminal,-0.37840999718770746
RGL2,luminal,0.9277567138598385
RGN,luminal,-0.40726336490251847
RGP1,luminal,0.1509891067018391
RGS10,luminal,-0.5929266697133269
RGS12,luminal,1.0290596712135585
RGS14,luminal,0.28570177632371974
RGS19,luminal,-0.4117470653178557
RGS3,luminal,0.03447410266586898
RHBDD1,luminal,0.9019947697625633
RHBDD2,luminal,0.312976831522577
RHBDD3,luminal,-0.3655047470014705
RHBDF1,luminal,0.6316288221405196
RHBDF2,luminal,-1.0944628125333198
RHEB,luminal,-1.095539643863278
RHOA,luminal,0.4054488882208859
RHOB,luminal,1.8842989685317368
RHOC,luminal,0.5516251663798162
RHOF,luminal,-0.6196537275084886
RHOG,luminal,-0.4934856106902269
RHOH,luminal,1.0540243212134501
RHOT1,luminal,0.7212178161972694
RHOT2,luminal,0.7700980931266301
RHPN2,luminal,-0.17110349131014269
RIC8A,luminal,0.5855304905127147
RIC8B,luminal,0.7244450872503033
RICTOR,luminal,0.6041188936328835
RIF1,luminal,-0.27468171459174984
RILP,luminal,-0.5542510368697899
RILPL1,luminal,0.23185070931627155
RILPL2,luminal,0.6804709198015341
RIN1,luminal,0.33879637974453863
RIN2,luminal,0.3035618405999381
RIN3,luminal,-1.0411335170382672
RING1,luminal,0.051306557528747854
RINL,luminal,0.047609564835122825
RINT1,luminal,-0.6861607310451897
RIOK1,luminal,-1.4933741126351991
RIOK2,luminal,0.9027477418590657
RIOK3,luminal,-0.6789393056272746
RIPK1,luminal,0.18496321123786608
RIPK2,luminal,-1.368752191407379
RIPK3,luminal,1.1326520707821006
RIT1,luminal,-0.1307541201139498
RLF,luminal,-0.8876216076651903
RLIM,luminal,-0.23181144103427473
RMI1,luminal,-0.011647008865812384
RMND1,luminal,1.1416990696150902
RMND5A,luminal,-0.23845644218212636
RNASE1,luminal,-0.4351911781357023
RNASE2,luminal,-0.5188233502059413
RNASE3,luminal,-0.2680233523584709
RNASE4,luminal,1.4301399375251567
RNASE6,luminal,0.07676162088983308
RNASEH1,luminal,-1.6430845757755868
RNASEH2A,luminal,-0.7824698347484231
RNASEH2B,luminal,-0.18328227697949578
RNASEH2C,luminal,0.16355282247757527
RNASEL,luminal,1.163626387607026
RNASET2,luminal,-0.07573378816812136
RND3,luminal,-0.817491105957244
RNF10,luminal,0.49202420194521757
RNF11,luminal,0.06808475243402455
RNF113A,luminal,-0.30849622221619544
RNF114,luminal,-0.6162675358852586
RNF115,luminal,0.1646706068033897
RNF121,luminal,-0.18536083814628582
RNF123,luminal,0.912740850833682
RNF126,luminal,-0.3796383418429243
RNF135,luminal,0.9425434716350509
RNF138,luminal,-0.92095772212334
RNF14,luminal,1.1661442104144193
RNF141,luminal,1.0163125101126458
RNF146,luminal,-0.08099485784271929
RNF149,luminal,-0.38792747161086005
RNF166,luminal,-0.8639486374916392
RNF167,luminal,0.33621787348148224
RNF168,luminal,-0.32815276581013625
RNF169,luminal,0.0935507176453746
RNF170,luminal,0.6083192915107353
RNF181,luminal,-0.024498632014641305
RNF185,luminal,0.23980320045668396
RNF2,luminal,0.26742520963813
RNF20,luminal,0.4228554193314206
RNF213,luminal,0.3098554017054409
RNF214,luminal,-0.31542449047447135
RNF216,luminal,-0.2592864569900621
RNF220,luminal,-0.7622687652861324
RNF25,luminal,0.6180820697218988
RNF31,luminal,0.46455041682009707
RNF34,luminal,0.3375806777479804
RNF4,luminal,0.48196628702665967
RNF40,luminal,0.7240592215399547
RNF41,luminal,0.6592253014501424
RNF5,luminal,-0.07507568771607398
RNF7,luminal,-0.14548530632081147
RNGTT,luminal,-0.81101604711564
RNH1,luminal,0.5068910468018929
RNLS,luminal,0.36052565072615433
RNMT,luminal,-0.29989791905911883
RNPC3,luminal,0.10888434491399929
RNPEP,luminal,0.6290235463105808
RNPS1,luminal,-0.3712932986562862
ROBO1,luminal,-0.4394688162228605
ROCK1,luminal,0.1728326407517422
ROCK2,luminal,-0.47279438084099784
ROGDI,luminal,1.2853445848848633
ROMO1,luminal,-0.10113576551791324
RP2,luminal,0.3061893388585466
RP9,luminal,-0.8930532919109156
RPA1,luminal,-0.6043823359718716
RPA2,luminal,-0.3937982073762038
RPA3,luminal,0.0787649038062617
RPAIN,luminal,0.02675018213277883
RPAP1,luminal,0.19641456484241934
RPAP2,luminal,-0.45190659714338377
RPAP3,luminal,0.5057189987187716
RPE,luminal,-0.43393534183245136
RPF1,luminal,0.24547779098748215
RPF2,luminal,-1.3108413232027178
RPGRIP1L,luminal,0.03796553148175836
RPIA,luminal,-1.455965736412734
RPL10,luminal,-0.04716238934302103
RPL10A,luminal,-0.042057116279747384
RPL11,luminal,-0.28052123175568994
RPL12,luminal,-0.1077303063446216
RPL13,luminal,-0.5279417890046033
RPL13A,luminal,0.1682157782488236
RPL14,luminal,0.10350381236199502
RPL17,luminal,-0.11339388092689792
RPL18,luminal,-0.07285775499318362
RPL18A,luminal,-0.6934973451780229
RPL19,luminal,-0.21393170682606896
RPL21,luminal,-0.278658134661141
RPL22,luminal,-0.03729063299648096
RPL22L1,luminal,-0.6036066963547668
RPL23,luminal,-0.05921561916410744
RPL23A,luminal,0.14183044739721196
RPL24,luminal,-0.3398512888826849
RPL26,luminal,0.004578184604805772
RPL26L1,luminal,0.08894764242873786
RPL27,luminal,-0.12148720144194004
RPL27A,luminal,-0.3690380648231262
RPL28,luminal,-0.0979335599602032
RPL3,luminal,0.0746438706177825
RPL30,luminal,-0.4923302101999233
RPL31,luminal,-0.2685067475545797
RPL32,luminal,-0.21462426697112091
RPL35,luminal,-0.3343440002681441
RPL35A,luminal,-0.6075111126639435
RPL36,luminal,-0.27037034068423854
RPL36A,luminal,-0.6122432529756544
RPL36AL,luminal,0.4117276384950045
RPL37,luminal,-0.5824652642004718
RPL37A,luminal,-0.2514711779209588
RPL38,luminal,-0.37675854828625654
RPL39,luminal,-0.5511599772558019
RPL4,luminal,-0.3692904829835399
RPL5,luminal,-0.6205611857930892
RPL6,luminal,-0.2763146474513164
RPL7,luminal,-0.3421056168729509
RPL7A,luminal,0.002295561312194639
RPL7L1,luminal,-0.7362377756396405
RPL8,luminal,-0.3381420888676783
RPL9,luminal,0.03897550782662076
RPLP0,luminal,-0.23810927008581229
RPLP1,luminal,0.10205508635622007
RPLP2,luminal,-0.31479967460381825
RPN1,luminal,-1.0026957054143508
RPN2,luminal,-0.33716038046444746
RPP14,luminal,0.2072342266781356
RPP21,luminal,-0.8214345335386611
RPP25,luminal,-1.0248353632326024
RPP30,luminal,-0.3150282951067089
RPP38,luminal,-1.0693231595898218
RPP40,luminal,-1.3273130865448939
RPRD1A,luminal,0.2260202067469607
RPRD1B,luminal,0.4507503441486802
RPRD2,luminal,0.2442519193211825
RPS10,luminal,-0.7738274963397722
RPS11,luminal,-0.19344171743617536
RPS12,luminal,-0.6555565429622336
RPS13,luminal,0.028215909456675903
RPS14,luminal,0.3335127360981944
RPS15,luminal,0.20531573186765087
RPS15A,luminal,-0.15065923877602483
RPS16,luminal,-0.6616322951762768
RPS17,luminal,-0.5187350451995674
RPS18,luminal,-0.4468379155826881
RPS19,luminal,-0.8202758351868524
RPS19BP1,luminal,-0.8373352959588405
RPS2,luminal,-0.27575725574772375
RPS20,luminal,-0.6136347606400624
RPS21,luminal,-0.45637292349132463
RPS23,luminal,0.44018175658884556
RPS24,luminal,-0.3490223567266929
RPS25,luminal,-0.43406570754961743
RPS27A,luminal,-1.0107118582790664
RPS27L,luminal,0.9135808757241828
RPS28,luminal,-0.05126067759068108
RPS29,luminal,-0.13650158972682858
RPS3,luminal,-0.3372104922828066
RPS3A,luminal,0.13516275533005034
RPS4X,luminal,0.1053358380861762
RPS5,luminal,0.07238117016542438
RPS6,luminal,-0.4345573605388418
RPS6KA1,luminal,-0.5948352050899508
RPS6KA3,luminal,-0.8080913584725482
RPS6KA4,luminal,-0.6539238343142013
RPS6KA5,luminal,0.874731496003425
RPS6KB1,luminal,0.4252591992674843
RPS6KB2,luminal,-0.7216638801653491
RPS6KC1,luminal,0.1001795370803957
RPS7,luminal,-1.2380789210185648
RPS8,luminal,-0.4253798764627242
RPS9,luminal,-0.05273303165006885
RPTOR,luminal,0.29219610310929267
RPUSD2,luminal,0.019444919992376554
RPUSD3,luminal,-1.1085785043110172
RPUSD4,luminal,-0.280295428543279
RRAGA,luminal,-0.013957227255106803
RRAGB,luminal,0.7698867150577478
RRAGC,luminal,-0.47611702377595233
RRAGD,luminal,-1.1544983208415778
RRAS,luminal,0.0025471912101519326
RRAS2,luminal,-0.9728913995624372
RRBP1,luminal,-0.71603064380047
RREB1,luminal,0.6117760775225793
RRM1,luminal,-0.23502645406617206
RRM2,luminal,-1.145015501610072
RRM2B,luminal,0.7101265462458892
RRN3,luminal,0.649060533481131
RRP1,luminal,-1.1723138021573791
RRP12,luminal,-0.36590893634906957
RRP15,luminal,-0.0644143849671819
RRP1B,luminal,-1.5070528198439417
RRP7A,luminal,-0.9123561414330073
RRP8,luminal,0.5199753021424744
RRP9,luminal,-0.42772341544242604
RRS1,luminal,-0.3437154627211149
RSAD1,luminal,0.6926786857560043
RSAD2,luminal,-0.28160695998892926
RSBN1,luminal,0.44319269620828317
RSBN1L,luminal,0.7008734763519873
RSF1,luminal,-0.03014274047776052
RSL1D1,luminal,0.12897902922369373
RSL24D1,luminal,0.2195584603970976
RSPH1,luminal,1.4945369267566015
RSPRY1,luminal,0.09768236050717158
RSRC1,luminal,-0.38111747607355906
RSRC2,luminal,0.3599664157596993
RSU1,luminal,-1.389935291040581
RTEL1,luminal,0.5331189566207714
RTF1,luminal,0.8663112251232242
RTKN,luminal,-1.003703164435786
RTN1,luminal,0.7630290257070094
RTN2,luminal,1.094658106398485
RTN3,luminal,0.027704179573607643
RTN4,luminal,0.4239305265338879
RTN4IP1,luminal,-0.9957475716879401
RTP4,luminal,-0.3228851799826773
RTTN,luminal,-0.10341421455639985
RUFY1,luminal,0.828917451263365
RUFY2,luminal,0.9841509681935031
RUFY3,luminal,0.08772141370464394
RUNDC1,luminal,1.971960607597876
RUNX1,luminal,0.6798738773942403
RUNX2,luminal,0.28558978674868024
RUNX3,luminal,-1.136054946186214
RUSC1,luminal,-0.038969333849468026
RUVBL1,luminal,-0.527933282404709
RUVBL2,luminal,-0.09688486560153058
RWDD1,luminal,-0.24844755354393638
RWDD2B,luminal,-0.43204061756214807
RXRA,luminal,0.7071629946167248
RXRB,luminal,-0.27953515964720166
RYR2,luminal,-0.29183106937809583
RYR3,luminal,-0.8299230114321704
S100A1,luminal,-0.5216781802586058
S100A10,luminal,-0.9818149031087433
S100A11,luminal,-1.0409301034494596
S100A12,luminal,-0.6835163381570899
S100A13,luminal,0.3608991209417999
S100A14,luminal,0.19620245934913152
S100A16,luminal,-0.20738324892607346
S100A2,luminal,-0.8388843524596561
S100A3,luminal,-0.92040669763671
S100A4,luminal,-0.5062162675309432
S100A6,luminal,-0.8420076471143413
S100A7,luminal,-0.7200772390410752
S100A8,luminal,-1.3938815588222058
S100A9,luminal,-1.2840850279831477
S100B,luminal,-0.956151536188775
S100P,luminal,-0.21316876145728514
S100PBP,luminal,0.2939209854575778
SAAL1,luminal,-0.6142334313001749
SAC3D1,luminal,-0.6113815429397278
SACM1L,luminal,0.7465128361543873
SACS,luminal,-0.598567525971255
SAE1,luminal,-0.6607383258418809
SAFB,luminal,-0.3312345433034103
SAFB2,luminal,0.14799179570352208
SALL2,luminal,1.56280593739857
SAMD12,luminal,0.7255678082760514
SAMD4A,luminal,-0.2542007832930484
SAMD4B,luminal,-0.671071500340708
SAMD9,luminal,0.14374601959839187
SAMD9L,luminal,-0.09176515269629554
SAMHD1,luminal,-0.1422851280764135
SAMM50,luminal,-0.48259729870212303
SAMSN1,luminal,-0.16585942692615785
SAP130,luminal,-0.6249321595876501
SAP18,luminal,0.32244837554220745
SAP30,luminal,-0.8931545981797823
SAP30BP,luminal,-0.5075550926698126
SAP30L,luminal,1.0889737050727868
SAR1A,luminal,0.1262914007957822
SAR1B,luminal,0.7889662772409056
SARDH,luminal,0.6071048653702001
SARNP,luminal,-0.11623725230942648
SARS2,luminal,-0.43730637347127144
SART1,luminal,-0.36640441203115137
SART3,luminal,0.1746073676664187
SASH1,luminal,0.09831385873578659
SASH3,luminal,-0.2372974447449962
SASS6,luminal,-0.736786561877067
SAT2,luminal,-0.027776233344960134
SAV1,luminal,-0.4314596747348681
SBDS,luminal,-0.13465992790165934
SBF1,luminal,-0.7158792469114296
SBF2,luminal,0.3007128127076265
SBNO1,luminal,0.07839536832828475
SBNO2,luminal,-0.10021432336090447
SCAF1,luminal,0.1619758945305137
SCAI,luminal,0.4254442009851856
SCAMP2,luminal,0.6745465090647971
SCAMP3,luminal,-0.12064989622200878
SCAMP4,luminal,1.031027242917536
SCAND1,luminal,0.15299991297290735
SCAPER,luminal,0.42870757165541074
SCARB1,luminal,-0.37844082715819133
SCARB2,luminal,0.35046239074634566
SCARF1,luminal,0.11324375819063184
SCARF2,luminal,0.2884730829694649
SCCPDH,luminal,1.7030842119652254
SCD,luminal,0.2434124004762725
SCFD1,luminal,0.139701721151865
SCFD2,luminal,-0.10469708158095758
SCG2,luminal,0.43446441872590263
SCGB1D2,luminal,0.8989365322628607
SCGB2A2,luminal,0.8467043186398573
SCGN,luminal,0.166697201277793
SCHIP1,luminal,-1.2162149418541817
SCIN,luminal,0.3329045880509812
SCLT1,luminal,-1.1736307022080914
SCLY,luminal,0.3869683295812273
SCMH1,luminal,-0.5685128513213077
SCML2,luminal,-0.7523339683535181
SCN7A,luminal,1.2127473397957718
SCNM1,luminal,-1.1523910558637367
SCO1,luminal,-0.05924472966607644
SCO2,luminal,-0.5061903328384857
SCOC,luminal,0.45544349589891964
SCP2,luminal,0.4266263710313571
SCPEP1,luminal,-1.1077500605154882
SCRIB,luminal,-0.23377557526307005
SCRN1,luminal,0.0090069670366467
SCRN2,luminal,0.707061052401615
SCRN3,luminal,0.8274405950365166
SCUBE2,luminal,2.401401033303591
SCUBE3,luminal,-0.3614522972374155
SCYL1,luminal,-0.3919351523980902
SCYL2,luminal,-0.18794552351009164
SCYL3,luminal,0.48183898326221686
SDAD1,luminal,-0.15561114631522152
SDC1,luminal,-0.5345163336082054
SDC2,luminal,-0.07962955503089193
SDC4,luminal,0.6923890217948442
SDCBP,luminal,-0.6006054603563552
SDCBP2,luminal,-0.7228977476472931
SDCCAG8,luminal,0.12862100246493965
SDF2,luminal,0.5259168485373014
SDF2L1,luminal,-0.3174306242193363
SDF4,luminal,-0.0638725328251688
SDHA,luminal,-0.43795434340291567
SDHAF1,luminal,-0.38354901128479973
SDHAF2,luminal,-0.13555252468168585
SDHB,luminal,-0.446429277268724
SDHC,luminal,-0.08710683501529828
SDR16C5,luminal,0.5935088178910041
SDR39U1,luminal,0.5254046978618763
SDS,luminal,0.12880078490992755
SDSL,luminal,0.8336118978652992
SEC11A,luminal,-0.08893976682120819
SEC11C,luminal,-0.09389793589110569
SEC13,luminal,-1.0313510318064747
SEC14L1,luminal,-0.48187428228987
SEC14L2,luminal,1.0472699554515599
SEC16A,luminal,0.9086195344424489
SEC22A,luminal,-0.295767900322137
SEC23A,luminal,0.10765318239710663
SEC23B,luminal,0.3289648293106926
SEC23IP,luminal,0.6394895282287482
SEC24A,luminal,0.16079495294642177
SEC24B,luminal,0.5893810311759136
SEC24C,luminal,0.3245533055196808
SEC24D,luminal,0.4487624569126103
SEC31A,luminal,-0.007003358869638658
SEC61A1,luminal,-0.9076816628029085
SEC61B,luminal,-0.6290350205969762
SEC62,luminal,0.6151305050980017
SEC63,luminal,-0.7771766919400298
SECISBP2,luminal,0.8399260705967632
SECISBP2L,luminal,0.25798411743807576
SEH1L,luminal,-0.9147685428023352
SEL1L,luminal,0.9351755317751367
SELENBP1,luminal,0.9356926597313325
SELL,luminal,-0.12948721116496337
SELP,luminal,0.4470051201535729
SEMA3C,luminal,1.2377581260750163
SEMA3F,luminal,1.6554295518092839
SEMA4A,luminal,-0.2173578734559174
SEMA4B,luminal,0.6514072073618034
SEMA4C,luminal,-0.21273007440924482
SEMA4D,luminal,-0.6611447436615882
SEMA7A,luminal,-0.7284400210413837
SENP1,luminal,0.1096794168087571
SENP2,luminal,0.23381982676404997
SENP6,luminal,-0.01797340086495136
SENP7,luminal,0.8601862517800677
SENP8,luminal,0.4535746490769697
SEPHS1,luminal,-1.5990688509555515
SEPHS2,luminal,0.46679881985464616
SEPSECS,luminal,1.7147277681837583
SERAC1,luminal,-0.4009655321016293
SERBP1,luminal,-1.6015022456847148
SERF2,luminal,0.1788665744774121
SERGEF,luminal,0.3698199502415418
SERINC1,luminal,0.9371625418314992
SERINC3,luminal,0.8955033311425099
SERPINA1,luminal,0.3288327654277446
SERPINA10,luminal,0.4810354919531752
SERPINA3,luminal,0.9128759010894729
SERPINA4,luminal,0.9002389168750101
SERPINA5,luminal,1.5055149517649522
SERPINA6,luminal,1.1311089263537633
SERPINA7,luminal,-0.07249683845991316
SERPINB1,luminal,0.8666712994590515
SERPINB10,luminal,-0.4455868092660527
SERPINB5,luminal,-0.9545251832583904
SERPINB6,luminal,1.1350055829738666
SERPINB7,luminal,-0.7021042801795307
SERPINB8,luminal,-0.6711595232552396
SERPINB9,luminal,-0.41796187490566944
SERPINC1,luminal,0.5531949636735218
SERPIND1,luminal,-0.1347362300589657
SERPINE1,luminal,0.27403885165813874
SERPINE2,luminal,-0.7596357430071903
SERPINF1,luminal,0.23551010529696442
SERPINF2,luminal,-0.0805473038099413
SERPING1,luminal,-0.16865702964804674
SERPINH1,luminal,-0.9073556354688629
SERPINI1,luminal,0.8760906080651727
SESN1,luminal,0.7356207674154002
SESN3,luminal,-0.0710737277070818
SESTD1,luminal,0.2124088216051644
SET,luminal,-0.6436345256527035
SETD1A,luminal,0.08364631624295463
SETD1B,luminal,0.4892293079340686
SETD2,luminal,0.48944601015323574
SETD3,luminal,0.281780420534945
SETD5,luminal,-0.42687983807542174
SETD6,luminal,-0.7805805293051554
SETD7,luminal,0.5953641546963797
SETDB1,luminal,-0.4462644505214797
SETMAR,luminal,0.034714102506978844
SETX,luminal,0.3176149307241937
SEZ6L2,luminal,0.1566401398437085
SF1,luminal,-0.1781079218936659
SF3A1,luminal,-0.12466687250867578
SF3A2,luminal,-0.2942329546648868
SF3A3,luminal,-1.294667854919703
SF3B1,luminal,0.17181106347569935
SF3B2,luminal,-0.3200231677018816
SF3B3,luminal,-1.2766405689234765
SF3B4,luminal,-0.5782503345047372
SF3B5,luminal,-0.7168449992902586
SFMBT1,luminal,0.5054843530089178
SFN,luminal,-0.41910615489882913
SFPQ,luminal,-0.8432850136900544
SFRP1,luminal,-1.1122047226671556
SFRP2,luminal,0.6392190632661077
SFRP4,luminal,0.6324621971923485
SFT2D3,luminal,-0.3422221872115167
SFXN1,luminal,0.48225871658843333
SFXN2,luminal,1.2048937877301864
SFXN3,luminal,0.7420215399373128
SFXN4,luminal,-0.16159506244551258
SFXN5,luminal,1.1233652700446144
SGCB,luminal,0.11283734393172029
SGCD,luminal,0.7647288357227147
SGCE,luminal,-0.18165351119004203
SGK3,luminal,0.8272497220500817
SGPL1,luminal,0.45251452597715547
SGSH,luminal,0.6262921794964005
SGSM2,luminal,0.7563171088659931
SGSM3,luminal,-0.580546264220154
SGTA,luminal,-0.1667875854328054
SGTB,luminal,-0.15608091771883212
SH2B1,luminal,0.26713091697164937
SH2D1A,luminal,-0.38018624793630346
SH2D2A,luminal,-1.1622358897804406
SH2D3A,luminal,-0.05528140909408196
SH2D3C,luminal,0.2228127460456973
SH2D4A,luminal,0.1301670666857711
SH3BGR,luminal,0.1521476708259054
SH3BGRL,luminal,1.017395221951311
SH3BGRL2,luminal,0.4103196529279563
SH3BGRL3,luminal,-0.9084598311897835
SH3BP1,luminal,-1.2274652360365843
SH3BP2,luminal,-0.62214643791019
SH3BP4,luminal,0.5621585419827719
SH3BP5,luminal,-0.0038105412260600272
SH3BP5L,luminal,-0.3556382618745376
SH3D19,luminal,0.8658901966729503
SH3GL1,luminal,-0.45293137209962075
SH3GLB1,luminal,-0.5791454195390601
SH3GLB2,luminal,1.2310484906937222
SH3KBP1,luminal,-0.8167974360318615
SH3PXD2A,luminal,0.06016326318374415
SH3PXD2B,luminal,-0.6190118953058642
SH3RF1,luminal,0.6432008258969178
SH3TC1,luminal,0.2624151438365067
SH3YL1,luminal,-0.2886674414623924
SHARPIN,luminal,0.036953578425540805
SHB,luminal,-0.40437331649830816
SHBG,luminal,-0.21696610994788157
SHC1,luminal,0.14372087372970535
SHCBP1,luminal,-1.1968847152076127
SHISA5,luminal,0.5729566372057001
SHKBP1,luminal,-0.273124840689676
SHMT1,luminal,0.010209308740044836
SHMT2,luminal,-1.2729094666529932
SHOC2,luminal,0.9132144720137434
SHPK,luminal,1.0741741051321863
SHPRH,luminal,0.19230951168526314
SHROOM1,luminal,0.830625334605613
SHROOM2,luminal,0.8094403407395856
SHROOM3,luminal,0.8572297360035458
SHROOM4,luminal,0.38361456605731264
SIAE,luminal,0.7027589942710998
SIAH1,luminal,-0.24948921213239553
SIAH2,luminal,1.4281011634931378
SIDT2,luminal,0.922765354947738
SIGIRR,luminal,1.3895072249239635
SIGLEC1,luminal,-0.19228186474622946
SIK2,luminal,-0.4404921617608749
SIK3,luminal,0.5363452096479586
SIKE1,luminal,-0.942962309807046
SIL1,luminal,0.7671128815932168
SIN3A,luminal,1.035062747374059
SIN3B,luminal,-0.15772465795573937
SIPA1,luminal,-0.10661654890595224
SIPA1L1,luminal,-0.05262105249059263
SIPA1L2,luminal,-0.08347284426531756
SIPA1L3,luminal,0.3109036314683802
SIRPA,luminal,-1.0137619797584736
SIRT1,luminal,0.6143051118818154
SIRT2,luminal,-0.5178116719412434
SIRT3,luminal,1.0667257088339082
SIRT5,luminal,-0.4447434438964414
SIRT6,luminal,-0.06523225013228451
SIRT7,luminal,-0.37304011592914277
SIVA1,luminal,-0.28901142391143664
SIX1,luminal,0.2000461836940619
SIX4,luminal,0.3138999337648645
SIX5,luminal,0.17899803016036375
SKA1,luminal,-1.3001415362421211
SKA3,luminal,-1.404502000501348
SKAP1,luminal,0.9203374242160046
SKAP2,luminal,-0.13143154159887319
SKIL,luminal,0.19285379502342956
SKP1,luminal,1.7263082707541932
SLAIN2,luminal,0.39093511767443145
SLBP,luminal,-0.5374212244777937
SLC11A2,luminal,0.03710668050187926
SLC12A2,luminal,0.4759226839309655
SLC12A4,luminal,0.042697738365976214
SLC12A6,luminal,-0.03203440498475963
SLC12A7,luminal,0.058295584046506914
SLC12A8,luminal,-0.7508668415937624
SLC12A9,luminal,-0.15921792414932304
SLC16A1,luminal,-1.0538611079986622
SLC16A3,luminal,-0.4915515893186064
SLC17A5,luminal,-0.21052572802479141
SLC1A1,luminal,0.5892144103378271
SLC1A4,luminal,0.8720342761449504
SLC1A5,luminal,-0.3829584417874702
SLC20A2,luminal,0.0486638959173517
SLC25A1,luminal,-0.31277403748696464
SLC25A10,luminal,-0.3031641501757125
SLC25A11,luminal,-0.08678913566428631
SLC25A12,luminal,0.2766740993394266
SLC25A13,luminal,-1.266070366709283
SLC25A15,luminal,-0.1976366756278715
SLC25A16,luminal,0.6054128060395155
SLC25A17,luminal,-0.04121097264957544
SLC25A18,luminal,0.05381965425567208
SLC25A19,luminal,-0.980844300956194
SLC25A20,luminal,0.7930415088320418
SLC25A22,luminal,-0.11839754287514866
SLC25A24,luminal,0.7895302761323315
SLC25A25,luminal,0.5241815718202217
SLC25A29,luminal,0.26323864952921033
SLC25A3,luminal,-0.3781381524404378
SLC25A35,luminal,1.1233848853756543
SLC25A36,luminal,0.03712208488195165
SLC25A4,luminal,0.23861376269449835
SLC25A40,luminal,0.23245441904608524
SLC25A46,luminal,0.8547437361646034
SLC25A5,luminal,-1.0530294428418412
SLC27A1,luminal,1.0224924131494242
SLC27A2,luminal,1.176686309266592
SLC27A3,luminal,0.5866635400158959
SLC27A4,luminal,0.3784775649070136
SLC2A1,luminal,-0.7684910216262575
SLC2A10,luminal,1.0206500542368109
SLC2A3,luminal,-0.3866746387038523
SLC30A1,luminal,0.7823683658835581
SLC30A5,luminal,0.9217147596414519
SLC30A6,luminal,-0.3963596023622339
SLC30A9,luminal,0.7020942450802622
SLC33A1,luminal,-0.27855624752356756
SLC34A2,luminal,-0.9581592923931106
SLC35A2,luminal,-0.5841776310656432
SLC35B2,luminal,-0.7189137782743432
SLC35B3,luminal,-0.05720433241393307
SLC35E1,luminal,0.11957171919197225
SLC38A1,luminal,0.5999267464476102
SLC38A10,luminal,0.09550491839260132
SLC39A10,luminal,0.33631642606387074
SLC39A11,luminal,0.6698598294523105
SLC39A14,luminal,-0.44432728909526564
SLC39A6,luminal,2.208740575194238
SLC39A7,luminal,-0.6287179922537953
SLC3A2,luminal,-0.5572956858822183
SLC44A1,luminal,0.795146734267417
SLC44A2,luminal,-0.6045406630714996
SLC44A4,luminal,2.0932712460513723
SLC4A1,luminal,0.035394770956066746
SLC4A1AP,luminal,-0.9263680812192756
SLC4A2,luminal,0.03312061534575077
SLC4A7,luminal,0.9795635881069112
SLC5A6,luminal,-1.409620851804304
SLC7A1,luminal,-0.8451743568164399
SLC7A2,luminal,1.639630881218476
SLC7A5,luminal,-1.53603939291086
SLC7A6OS,luminal,-0.4455224632789559
SLC9A1,luminal,0.7031669513847011
SLC9A7,luminal,-0.04088047759642333
SLC9A9,luminal,-0.036942620244986506
SLCO2A1,luminal,0.36312427720921026
SLFN11,luminal,-0.48034897208883015
SLFN5,luminal,-0.3409017761599536
SLIT2,luminal,0.5664407231689758
SLIT3,luminal,0.6921672777998734
SLITRK6,luminal,0.8389980074835041
SLK,luminal,0.43696432378762545
SLMAP,luminal,0.795962753954357
SLPI,luminal,-1.2611328625026854
SLTM,luminal,0.6056665902254291
SLU7,luminal,1.0701822145785849
SMAD1,luminal,0.24868915114170764
SMAD2,luminal,-0.09206075103120796
SMAD3,luminal,1.0202652566562607
SMAD4,luminal,0.30406752328471
SMAP1,luminal,-0.9299552232060001
SMAP2,luminal,0.38404914060650996
SMARCA1,luminal,0.3485679312200499
SMARCA2,luminal,0.23097205173606133
SMARCA4,luminal,-0.8262700663838427
SMARCA5,luminal,-0.0009133124761502977
SMARCAD1,luminal,0.4002333481680453
SMARCAL1,luminal,-0.15020736121083791
SMARCB1,luminal,-1.0260168323901648
SMARCC1,luminal,-0.4063271482211161
SMARCC2,luminal,1.1487631336622859
SMARCD1,luminal,-0.10045046972650402
SMARCD2,luminal,-0.21002865666639012
SMARCD3,luminal,0.3860103304656368
SMARCE1,luminal,0.4032950129405085
SMC1A,luminal,-0.42312405063333497
SMC2,luminal,-0.6420039080941499
SMC3,luminal,-0.2923947054439754
SMC4,luminal,-0.9847539832469238
SMC5,luminal,-0.3699317197382086
SMC6,luminal,-1.089426435509539
SMCHD1,luminal,-0.40534979783185493
SMCR8,luminal,0.6367705069730804
SMG1,luminal,0.2793392785859044
SMG5,luminal,-0.9505661313826514
SMG6,luminal,0.5776412649737436
SMG7,luminal,-0.13971458154086594
SMNDC1,luminal,-0.8898570165543216
SMOC1,luminal,-1.3395032803019675
SMOC2,luminal,1.225477800504697
SMPD1,luminal,0.5112966470437745
SMPD2,luminal,-0.06753178924224841
SMPD4,luminal,-0.38527941078335287
SMPDL3A,luminal,-0.11257705499275172
SMPDL3B,luminal,-0.5478074428008286
SMS,luminal,-0.48451694222861996
SMTN,luminal,-0.6449907889449634
SMU1,luminal,-0.12640399447848685
SMUG1,luminal,0.660220892113039
SMURF2,luminal,-0.7189699273919826
SMYD2,luminal,-0.8553925065561487
SMYD3,luminal,0.46149146708652794
SMYD4,luminal,0.2708842866983418
SMYD5,luminal,-0.547214344806232
SNAP23,luminal,0.8976269185861002
SNAP29,luminal,0.7237102365083916
SNAP47,luminal,-0.08123208569043947
SNAPC3,luminal,0.012446356242220286
SNAPC4,luminal,-0.04327697923981036
SNAPC5,luminal,0.1157624983110714
SNAPIN,luminal,0.14838495781885058
SNCA,luminal,0.14811423501178592
SNCG,luminal,0.4040203384147567
SND1,luminal,-0.6737083043740191
SNED1,luminal,1.0391550147866762
SNF8,luminal,-0.09033835699235351
SNIP1,luminal,0.1458740280091007
SNRK,luminal,0.7524493214970566
SNRNP200,luminal,-0.35786441967586813
SNRNP25,luminal,0.44984668983050446
SNRNP27,luminal,-0.08513760243150177
SNRNP35,luminal,0.5699781252162439
SNRNP40,luminal,-0.31071106676203525
SNRNP48,luminal,0.04324300755406356
SNRNP70,luminal,0.215275458054983
SNRPA,luminal,-1.0563380031314453
SNRPA1,luminal,-1.27272160121373
SNRPB2,luminal,-0.4500889405839259
SNRPC,luminal,-1.0291046929344592
SNRPD1,luminal,-1.088077870803859
SNRPD2,luminal,-0.5004625984020462
SNRPD3,luminal,-0.7917493109112644
SNRPE,luminal,-0.3783090139824588
SNRPF,luminal,-0.6273804251440757
SNRPG,luminal,-1.3746442897481634
SNRPN,luminal,0.7623365735115896
SNTA1,luminal,0.14216353619944314
SNTB1,luminal,-0.7581788546720404
SNTB2,luminal,0.1648791625617812
SNUPN,luminal,-0.07256233181104373
SNW1,luminal,0.35361745491780444
SNX1,luminal,1.2125487100315755
SNX10,luminal,0.1970425461799336
SNX11,luminal,0.4002200392776018
SNX12,luminal,-0.1613969619919375
SNX13,luminal,0.6712449272989355
SNX14,luminal,0.5806937634864751
SNX15,luminal,0.1894630585837301
SNX16,luminal,-0.2206595570433738
SNX17,luminal,0.023870953388347063
SNX18,luminal,0.2982366690522566
SNX2,luminal,0.871111373875651
SNX20,luminal,-0.4752603314868964
SNX21,luminal,0.2955535114135111
SNX24,luminal,0.8527082586727872
SNX27,luminal,0.3529534489082406
SNX29,luminal,0.5393879719985953
SNX3,luminal,-1.0746127802779493
SNX30,luminal,0.5326646774452323
SNX33,luminal,0.7461127077740696
SNX4,luminal,0.1285813403823464
SNX5,luminal,-0.08898373425999641
SNX6,luminal,0.1176345906142691
SNX7,luminal,-0.10186495569893844
SNX8,luminal,-0.8557686065840302
SNX9,luminal,0.8515984588312445
SOAT1,luminal,-0.6778699770187183
SOCS6,luminal,0.4792734299005802
SOD1,luminal,-0.13423857072379056
SOD2,luminal,-1.2543833596610805
SOD3,luminal,-0.6158170437600362
SON,luminal,0.2597445684741141
SORBS1,luminal,0.32548738892587176
SORBS2,luminal,-0.20276990412715998
SORBS3,luminal,0.5352596945382744
SORCS2,luminal,0.7036122022286841
SORD,luminal,0.9820641914881509
SORL1,luminal,0.6219959901369548
SORT1,luminal,-0.3143911894270922
SOS1,luminal,-1.0119609223647308
SOS2,luminal,0.33737165872401165
SOX10,luminal,-0.7922177338951949
SOX13,luminal,0.6037094017957584
SOX4,luminal,-0.7048120780084836
SOX9,luminal,-0.9695053792000656
SP1,luminal,1.028569220341118
SP100,luminal,0.2689169183595484
SP110,luminal,0.43483781532041904
SP140,luminal,-0.43721770073415334
SP140L,luminal,0.045389130170347444
SP2,luminal,0.5584840341554839
SP3,luminal,0.2364481538540362
SP4,luminal,-0.021844374049722736
SP6,luminal,-0.540400045372199
SPA17,luminal,0.526686659225351
SPAG1,luminal,0.4323048216308775
SPAG5,luminal,-0.8148170894932041
SPAG7,luminal,0.3292948950409109
SPAG9,luminal,-0.058837894418719686
SPARC,luminal,0.5953689060755006
SPARCL1,luminal,0.976902904939081
SPAST,luminal,-0.67392075868524
SPATA13,luminal,0.671363239122431
SPATA18,luminal,0.7838771739636883
SPATA2,luminal,0.48772586688100494
SPATA20,luminal,1.2464488759277401
SPATS2,luminal,-0.09454546087785982
SPATS2L,luminal,-0.5651779517814263
SPC24,luminal,-0.8859769038368076
SPC25,luminal,-0.8765873105508134
SPCS1,luminal,0.9470490043855737
SPCS2,luminal,0.05793705544469881
SPCS3,luminal,0.2645370356164436
SPDEF,luminal,1.804519808537027
SPEF2,luminal,1.7925148048971602
SPEG,luminal,-0.6549397908085918
SPEN,luminal,-0.03651463969288426
SPG11,luminal,1.5556258408256953
SPG21,luminal,-0.6815114495379342
SPG7,luminal,-0.27604691450625024
SPHK1,luminal,-0.8475112865908465
SPHK2,luminal,0.5840164305255979
SPI1,luminal,-0.2636663322624837
SPIN1,luminal,0.34123904598845284
SPINT1,luminal,-0.13490465536371857
SPINT2,luminal,-0.12941975851725848
SPIRE1,luminal,0.14687655747054915
SPN,luminal,-0.10869719015334711
SPNS1,luminal,0.02375388470093111
SPOCK2,luminal,-0.7369139518293186
SPOP,luminal,1.0139365483221758
SPP1,luminal,-0.3008705439665714
SPP2,luminal,-0.12275416664516342
SPPL2A,luminal,0.34034114595718357
SPR,luminal,0.9969603087713287
SPRYD3,luminal,1.5634371621379648
SPRYD4,luminal,0.28437287461143895
SPTA1,luminal,-0.04457895518120263
SPTAN1,luminal,0.42986263737862057
SPTB,luminal,-0.46533083451397916
SPTBN1,luminal,-0.36165886176040124
SPTBN2,luminal,-0.8268259935495406
SPTBN4,luminal,1.5314614381581568
SPTBN5,luminal,0.559995020987954
SPTLC1,luminal,0.4270048585292827
SPTLC2,luminal,0.7818443223231668
SPTY2D1,luminal,0.6835898045131816
SQLE,luminal,-0.4363748834678267
SQSTM1,luminal,0.4156848716564448
SRA1,luminal,0.3558082890177397
SRBD1,luminal,0.20255952486311432
SRC,luminal,-0.4437170548330622
SRCAP,luminal,0.5607682212915329
SRCIN1,luminal,0.9308201807431632
SRD5A3,luminal,-0.23466610287505404
SREBF1,luminal,0.9280586209146366
SRF,luminal,-0.9883136025397048
SRFBP1,luminal,0.6919343940837532
SRGAP1,luminal,0.5610979532361237
SRGAP3,luminal,0.4909258754185913
SRGN,luminal,-0.3948470531023314
SRI,luminal,0.2692243937044225
SRM,luminal,-1.0489664049023175
SRP14,luminal,0.7701153936073497
SRP19,luminal,0.06016215874677342
SRP54,luminal,0.5292838561570791
SRP68,luminal,-0.18121468880633881
SRP72,luminal,-0.2820119571665655
SRP9,luminal,0.20025979047717768
SRPK1,luminal,-1.8221375353722278
SRPK2,luminal,0.47159774560532075
SRPRB,luminal,-0.6790064526210824
SRPX,luminal,0.0234603715923881
SRPX2,luminal,0.4715837133504145
SRR,luminal,0.6631529785679888
SRRM1,luminal,-0.5645908665786552
SRRM2,luminal,0.8381397832884208
SRRT,luminal,-0.35634745119499855
SRXN1,luminal,0.22965929717660943
SS18,luminal,0.049060199041059585
SS18L1,luminal,-0.18370874475389554
SS18L2,luminal,-0.18966062183986512
SSB,luminal,-0.7098099658540056
SSBP1,luminal,-0.8519033345144391
SSBP2,luminal,0.8161770496836546
SSBP3,luminal,-0.49615255517866
SSBP4,luminal,0.6181877066900483
SSC5D,luminal,0.8051892957385061
SSH1,luminal,0.035622543853394514
SSH2,luminal,-0.026263718782846602
SSH3,luminal,1.3450426505864925
SSNA1,luminal,-0.05642112180532117
SSR1,luminal,-0.776588822933674
SSR2,luminal,-0.5688328505683856
SSR3,luminal,-0.2067490268187921
SSR4,luminal,-0.6044751202910473
SSRP1,luminal,-1.113373556835923
SSU72,luminal,-0.8377957675327748
SSX2IP,luminal,-0.4490226920732178
ST13,luminal,-0.21333852619548233
ST14,luminal,-1.3135840155777445
ST3GAL1,luminal,0.38614400935606946
ST3GAL4,luminal,-0.7340951875313894
ST6GAL1,luminal,-0.7216634188666545
STAB1,luminal,0.16466821478490942
STAC2,luminal,-1.0650665392186291
STAG1,luminal,-0.030764712735470854
STAG2,luminal,0.18917274068544002
STAM,luminal,-0.4684817680948547
STAM2,luminal,1.2150749938726866
STAMBP,luminal,-0.6018200870801893
STAMBPL1,luminal,-0.36082625108084426
STAP2,luminal,-0.22777838571110273
STARD10,luminal,1.441832191502112
STARD13,luminal,1.090866389912027
STARD3,luminal,-0.2991646365787827
STARD5,luminal,0.6621208974292934
STARD7,luminal,-0.9505770735655591
STAT1,luminal,-0.42692364982124775
STAT2,luminal,-0.09274900057743572
STAT3,luminal,0.24306739753990933
STAT4,luminal,-0.36171302219880785
STAT5A,luminal,-0.040972299625668264
STAT5B,luminal,0.5930220865063311
STAT6,luminal,0.6866927001755992
STAU1,luminal,-0.08225532503825082
STAU2,luminal,0.5600155837895733
STBD1,luminal,0.7594720482846946
STC1,luminal,0.37301879198888677
STC2,luminal,1.5079624029022807
STEAP2,luminal,0.8659072887906607
STEAP3,luminal,-1.0685533204670181
STEAP4,luminal,0.45589301543686717
STIM1,luminal,-0.3154766411535283
STIM2,luminal,0.14775809665287418
STIP1,luminal,-0.7168381400595374
STK10,luminal,0.0472482994063791
STK11,luminal,0.46920900571557966
STK11IP,luminal,0.018292954192468836
STK16,luminal,1.1508527481495163
STK17A,luminal,-0.5147587274443719
STK17B,luminal,-0.5907079917318397
STK24,luminal,-0.6149136175122756
STK25,luminal,-0.6004096664039166
STK3,luminal,-0.39597794262197383
STK32C,luminal,0.04139539276597049
STK35,luminal,-0.3709021175835708
STK38,luminal,-1.4881220106268587
STK38L,luminal,-0.9178288968866525
STK39,luminal,1.0678621017612473
STK4,luminal,-0.05866539202315686
STMN1,luminal,-1.5305983349964645
STMN3,luminal,0.8029798262915602
STOM,luminal,0.5385447111398287
STOML2,luminal,-0.9111265361392084
STON1,luminal,-0.5088030345735481
STON2,luminal,1.2328029574722956
STRADA,luminal,0.4820076797404427
STRAP,luminal,-0.6385005709410903
STRBP,luminal,0.439462066023843
STRN,luminal,-0.2739477177910118
STRN3,luminal,1.008223972103309
STRN4,luminal,-0.1810021230421012
STT3A,luminal,-0.6976727055574669
STT3B,luminal,0.09390106045969092
STUB1,luminal,0.622196648870921
STX10,luminal,-0.5603311073125575
STX11,luminal,-0.1925583015989027
STX12,luminal,0.24233545029855205
STX16,luminal,0.13278290279426183
STX17,luminal,0.18713019170283904
STX18,luminal,1.174416971780971
STX3,luminal,-0.26842515880219137
STX4,luminal,0.24890020365844742
STX5,luminal,-0.062138669872312535
STX6,luminal,-0.7788621094725584
STX7,luminal,-0.23023021736091037
STX8,luminal,0.3868069283983177
STXBP1,luminal,0.5902380396070269
STXBP2,luminal,0.9310623343795906
STXBP3,luminal,0.3829642106333364
STXBP4,luminal,0.9081434519793341
STXBP5,luminal,-0.14610939015451685
STYX,luminal,0.15237304094507784
SUB1,luminal,0.2067311695840343
SUCLA2,luminal,0.5093173123545882
SUCLG1,luminal,-0.8276438904551267
SUCLG2,luminal,0.9164147791242788
SUDS3,luminal,0.522393862539012
SUFU,luminal,0.2074931526103376
SUGT1,luminal,-0.46565008542876335
SULF1,luminal,0.224370533016729
SULF2,luminal,0.690741292181076
SULT1A1,luminal,1.042928422071279
SULT1C2,luminal,-0.04994149409148429
SULT2B1,luminal,0.8402863873943582
SUMF1,luminal,1.0651520849214686
SUMF2,luminal,0.023432657565554474
SUMO1,luminal,-0.6475190604905502
SUMO3,luminal,-1.019041714160571
SUN1,luminal,-0.3386940120721847
SUN2,luminal,-0.8577047866511425
SUOX,luminal,1.6748267513683628
SUPT16H,luminal,0.057207528262337756
SUPT3H,luminal,-0.021569373362597753
SUPT4H1,luminal,0.4507858966477105
SUPT5H,luminal,-1.0464427032314003
SUPT6H,luminal,0.6186792226430189
SUPT7L,luminal,-0.4554985463439717
SUPV3L1,luminal,-1.0081975488036712
SURF1,luminal,0.9999003298192324
SURF2,luminal,-0.41546074616894946
SURF4,luminal,-0.6373797390401562
SURF6,luminal,-0.5035784975426538
SUSD2,luminal,-0.19315302494507547
SUV39H2,luminal,-1.8434848184386265
SUZ12,luminal,0.15299884557493265
SVEP1,luminal,0.7664356477514482
SVIL,luminal,-0.4498601112498513
SVIP,luminal,0.30052354147784976
SWAP70,luminal,0.004942555053896555
SYAP1,luminal,0.5921673385924103
SYBU,luminal,1.9233471778916456
SYDE1,luminal,-0.08741364430881084
SYDE2,luminal,0.8304724094558074
SYF2,luminal,0.37346676515199373
SYK,luminal,-0.42803250599409287
SYMPK,luminal,0.0686746876395824
SYNC,luminal,0.8530405089966825
SYNCRIP,luminal,-1.3178908154734004
SYNE1,luminal,0.5153544484895898
SYNE2,luminal,-0.18583675891564083
SYNGR1,luminal,0.44814027009597107
SYNGR2,luminal,0.3310074475607002
SYNJ1,luminal,0.2987521458965867
SYNJ2,luminal,0.6156049619051699
SYNPO,luminal,0.1554886746010561
SYNPO2,luminal,0.9289920104479237
SYNRG,luminal,0.5012960917923106
SYPL1,luminal,0.1963387986802765
SYT1,luminal,1.2083150654843247
SYT17,luminal,1.2135578871305703
SYT7,luminal,0.5363159816134152
SYTL1,luminal,0.8440759043856286
SYTL2,luminal,1.5773549826279498
SYTL3,luminal,-0.6251971859737702
SYTL4,luminal,2.0151888953937482
SYTL5,luminal,1.6042394762315584
SYVN1,luminal,0.32994130363909085
TAB1,luminal,-0.04363637762602773
TAB2,luminal,-0.24379850223591018
TAB3,luminal,0.7608084116393875
TACC1,luminal,0.23847849489101186
TACC2,luminal,-0.21883566077468575
TACC3,luminal,-0.9752919075816442
TACO1,luminal,0.024478618373998104
TACSTD2,luminal,-0.12434387391851781
TADA1,luminal,-0.022626615524675663
TADA2B,luminal,1.6595957436074642
TADA3,luminal,0.32211330074871514
TAF1,luminal,0.4868787544215885
TAF10,luminal,0.05118570054763281
TAF11,luminal,-1.2364011778534874
TAF12,luminal,-0.1443343875695537
TAF13,luminal,-0.6019369674079121
TAF15,luminal,0.1835832877787851
TAF2,luminal,-0.4922096895176486
TAF3,luminal,0.022894798846709075
TAF4,luminal,-0.09543100427779169
TAF5,luminal,-1.315503822684139
TAF5L,luminal,-0.7567016152056257
TAF6,luminal,-0.48353087389183097
TAF6L,luminal,-0.2167107269843236
TAF7,luminal,0.5079008434598007
TAF8,luminal,-0.3440653675561044
TAF9,luminal,0.9982557330688362
TAF9B,luminal,1.2376927445946928
TAGLN,luminal,0.029018608947493415
TAGLN2,luminal,-1.0167716231159807
TALDO1,luminal,-0.7859529444999297
TANC1,luminal,-0.07970541979897611
TANC2,luminal,0.8291725399234777
TANK,luminal,-0.768184826556336
TAOK1,luminal,0.3039386977709071
TAOK2,luminal,1.075836094314463
TAOK3,luminal,0.21965224361756983
TAP1,luminal,-0.8432692178635336
TAP2,luminal,-1.0983920537395746
TAPBP,luminal,-0.3961072992366999
TAPBPL,luminal,-0.1644809745306706
TAPT1,luminal,1.4210337403549118
TARBP1,luminal,-0.16641712180980922
TARBP2,luminal,0.36189811098707647
TARDBP,luminal,-0.7060129891129606
TARS2,luminal,0.15625118965111168
TASP1,luminal,0.44952588305453367
TATDN1,luminal,-0.617799864567407
TATDN2,luminal,-0.46658461484745056
TATDN3,luminal,0.5851087752377547
TAX1BP1,luminal,0.10083385357126533
TAX1BP3,luminal,-0.6883374263829263
TBC1D1,luminal,-1.1632320607791562
TBC1D10A,luminal,0.360932168793131
TBC1D10B,luminal,0.15765221233728383
TBC1D10C,luminal,-0.286415177255863
TBC1D12,luminal,1.0570960143528099
TBC1D13,luminal,0.5400835696148624
TBC1D15,luminal,0.8135383108132517
TBC1D16,luminal,0.24395873081758693
TBC1D17,luminal,1.0206309584440536
TBC1D2,luminal,0.6011685898502116
TBC1D20,luminal,0.6495090395053459
TBC1D22A,luminal,-0.19766259341186793
TBC1D22B,luminal,-1.276915823454886
TBC1D23,luminal,-0.3712791757494252
TBC1D24,luminal,-0.2914736551735456
TBC1D25,luminal,0.15046229807951828
TBC1D2B,luminal,0.1426608308769099
TBC1D4,luminal,-0.6117965297125391
TBC1D5,luminal,0.3946534180615577
TBC1D7,luminal,-1.363695947159474
TBC1D8,luminal,0.4444412162195905
TBC1D8B,luminal,0.1623928580148758
TBC1D9,luminal,2.9628634236946576
TBC1D9B,luminal,0.8108059522190832
TBCA,luminal,0.41332555093655665
TBCB,luminal,-0.2834514639711225
TBCC,luminal,-0.6472750941448798
TBCD,luminal,0.10510652100506303
TBCE,luminal,-0.3660703091960625
TBCEL,luminal,0.15867113747850692
TBCK,luminal,1.0438438583953173
TBK1,luminal,0.5856498308987175
TBL1X,luminal,0.20217887709184784
TBL1XR1,luminal,0.03280324301774814
TBL2,luminal,-0.11978185110811052
TBL3,luminal,0.2886530000367304
TBP,luminal,-0.32799435604164096
TBPL1,luminal,-1.238705469532475
TBX3,luminal,1.3855719908222168
TBXAS1,luminal,0.2711877750987247
TC2N,luminal,0.28183455321775863
TCEA1,luminal,-0.005275126611647197
TCEA2,luminal,0.7944763938740327
TCEA3,luminal,1.0845869059678181
TCEAL1,luminal,1.6565865307928507
TCEAL3,luminal,1.3595174674779822
TCEAL4,luminal,1.1272745397374853
TCERG1,luminal,-0.46777330931360095
TCF12,luminal,0.5841471335618268
TCF20,luminal,-1.0728721521419107
TCF25,luminal,-0.31849855920843484
TCF3,luminal,-0.9618428105823112
TCF4,luminal,0.5299006251334978
TCF7L2,luminal,-0.8274760339097682
TCHP,luminal,-0.08481096264862714
TCIRG1,luminal,0.11121205314822916
TCL1A,luminal,-0.5437447602244135
TCN1,luminal,0.3004415146550709
TCOF1,luminal,-1.0879451464064465
TCP1,luminal,-1.1314198761025869
TCP11L1,luminal,-0.49190464062352346
TCP11L2,luminal,0.842232979005533
TCTN1,luminal,1.614839781043507
TDG,luminal,-0.6468867283265487
TDP1,luminal,-0.4855545527934782
TDP2,luminal,-0.0356421498045808
TDRD3,luminal,0.4836468504439338
TDRD7,luminal,0.6052280536775945
TDRKH,luminal,-0.4518985834338448
TEAD1,luminal,0.42547439975712353
TEAD3,luminal,-0.7739835584623431
TECPR1,luminal,-0.10940571987685635
TECPR2,luminal,0.7306291217313223
TECR,luminal,0.4266334942307062
TELO2,luminal,0.28647024480581945
TEP1,luminal,0.27127578634937477
TERF2,luminal,-0.44406377434342
TERF2IP,luminal,0.25309800839195334
TES,luminal,-1.2221245137732673
TESK1,luminal,-0.40694504134873727
TESK2,luminal,0.7835475194156198
TEX10,luminal,-1.5297515490012685
TEX2,luminal,0.349384768658142
TEX264,luminal,0.9406395913360475
TF,luminal,-0.47653512365891804
TFAM,luminal,-0.5810109307755817
TFAP2A,luminal,0.3006665868130646
TFAP2B,luminal,0.31619702544245987
TFAP2C,luminal,-0.643601474506971
TFAP4,luminal,-0.3967205618298629
TFB1M,luminal,-0.08090165699314236
TFB2M,luminal,-0.3400429482963728
TFCP2,luminal,0.47800885590035447
TFCP2L1,luminal,-0.47416590393759184
TFDP1,luminal,-1.131621238241046
TFDP2,luminal,-0.8486579379659451
TFE3,luminal,-0.09894402274306956
TFEB,luminal,-0.5575612504180243
TFF1,luminal,2.221204880736038
TFF3,luminal,2.071784392151244
TFG,luminal,-0.7049965102051733
TFIP11,luminal,0.08850719497449074
TFPI,luminal,-0.07439034336086689
TFPT,luminal,0.004445578743041861
TFRC,luminal,-0.684332435997134
TG,luminal,-0.185423643853364
TGFB1,luminal,0.5911739890110971
TGFB1I1,luminal,0.4501034713085825
TGFB2,luminal,-0.19788630820538314
TGFB3,luminal,1.2700507306716762
TGFBI,luminal,-0.41662769906457947
TGFBR3,luminal,0.47050883695521184
TGFBRAP1,luminal,0.22330617245162024
TGIF1,luminal,0.21101149293180912
TGM2,luminal,-0.15247184755532878
TGOLN2,luminal,0.6499585083234108
TGS1,luminal,-0.666652587151579
THADA,luminal,-0.2836444116523678
THAP11,luminal,-0.5387703812908141
THAP4,luminal,0.009240140121655986
THBD,luminal,0.8412837145402319
THBS1,luminal,0.5575920115891695
THBS2,luminal,0.2887761078998347
THBS3,luminal,-0.21084308058613233
THBS4,luminal,0.9909115036359901
THEM4,luminal,0.285400376666437
THEMIS,luminal,-0.1785476863489847
THG1L,luminal,0.5515296010368242
THNSL1,luminal,-0.26673993732465395
THNSL2,luminal,0.38329098543733725
THOC1,luminal,-0.35038752359850434
THOC2,luminal,-0.16413295922644283
THOC3,luminal,-0.3841608010934029
THOC5,luminal,-1.2127472923534481
THOC6,luminal,-0.08129879778162638
THOC7,luminal,-0.4370892305023334
THOP1,luminal,-0.21981355064988728
THRAP3,luminal,0.4493928553671217
THSD4,luminal,2.944999032871026
THTPA,luminal,1.3905514956088065
THUMPD1,luminal,0.8535872660871656
THUMPD2,luminal,-0.5987385733635824
THUMPD3,luminal,0.1410151602275641
THY1,luminal,0.3061977918710491
THYN1,luminal,-0.14124778761267315
TIA1,luminal,-0.6546061086570659
TIAL1,luminal,-0.021792105115173526
TIAM1,luminal,-0.1085486090446003
TICAM1,luminal,-0.08315957031909442
TIFA,luminal,-0.4254753438834122
TIMELESS,luminal,-0.24091606130403775
TIMM10,luminal,-0.280895681145522
TIMM13,luminal,0.058350174171734805
TIMM17A,luminal,-0.38573805192166966
TIMM17B,luminal,-0.1356594601710708
TIMM22,luminal,-0.08790982129945642
TIMM44,luminal,-1.009346220797902
TIMM50,luminal,-0.9698030290124762
TIMM8A,luminal,-1.3612349182194297
TIMM8B,luminal,-0.7489608274110164
TIMM9,luminal,0.20244009688732
TIMP1,luminal,0.10504919961912813
TIMP2,luminal,0.16239113912247932
TIMP3,luminal,0.9572646226371906
TINAGL1,luminal,-0.9130475552217251
TINF2,luminal,1.0586385306858925
TIPIN,luminal,-0.6999853891574086
TIPRL,luminal,-0.8705244068142418
TJAP1,luminal,-0.3672599161943668
TJP1,luminal,0.2830923555623185
TJP2,luminal,-0.5144038496272803
TJP3,luminal,1.2103261492308997
TK1,luminal,-0.8407293882159537
TK2,luminal,0.8672245055461029
TKT,luminal,-0.8778873842880143
TLE1,luminal,-1.170214541353853
TLE2,luminal,0.3961169763950979
TLE3,luminal,1.8134222910586493
TLK1,luminal,0.30537646253535666
TLK2,luminal,0.056487179441549865
TLN1,luminal,-0.3219952121219197
TLN2,luminal,0.3727560106955682
TLR2,luminal,-0.6609409723469011
TLR3,luminal,0.6706922802018851
TLR7,luminal,0.3052631465309684
TM2D3,luminal,0.023254955992971522
TM7SF2,luminal,0.7774113219087095
TM7SF3,luminal,-0.4466909450363768
TM9SF1,luminal,1.0294487325446346
TM9SF2,luminal,0.028718904229445126
TM9SF3,luminal,0.00827120459540839
TM9SF4,luminal,0.11917687672347997
TMBIM6,luminal,1.7000293135543727
TMC4,luminal,1.6533921042266333
TMC5,luminal,1.0969692507518938
TMCC1,luminal,0.23165273597764072
TMCC3,luminal,-0.2732737863938277
TMCO1,luminal,0.48089553735704493
TMCO4,luminal,-0.09868424111618965
TMCO6,luminal,0.33233005528713944
TMED1,luminal,-0.17553885436079647
TMED10,luminal,0.5191890908689393
TMED2,luminal,-0.05008147921388097
TMED3,luminal,-0.1153882029559206
TMED4,luminal,0.4312858786577207
TMED5,luminal,0.06900590966184558
TMED7,luminal,1.2833443074665254
TMED8,luminal,0.890778097917311
TMED9,luminal,-0.17893708339264586
TMEM102,luminal,0.041140628978785676
TMEM106B,luminal,0.8751362896727667
TMEM109,luminal,-0.42692337595071694
TMEM11,luminal,-0.44214110360746084
TMEM115,luminal,1.0618217236838305
TMEM119,luminal,0.5111530427568122
TMEM120A,luminal,0.10302918403105661
TMEM120B,luminal,0.12969736485248357
TMEM126A,luminal,-0.27642738553153023
TMEM126B,luminal,-0.2233593670053462
TMEM131,luminal,0.27598635653997877
TMEM132A,luminal,-0.8075609996923346
TMEM134,luminal,-0.029292301143760493
TMEM135,luminal,0.7886067119140268
TMEM141,luminal,0.6557296788743656
TMEM14C,luminal,-0.2916115676949951
TMEM161A,luminal,-0.5175727742325743
TMEM165,luminal,-0.5563975474576038
TMEM167A,luminal,0.3639711532589402
TMEM168,luminal,-0.08446166440745617
TMEM177,luminal,-0.5436139868767953
TMEM179B,luminal,0.17203275535715115
TMEM181,luminal,0.6256144272562053
TMEM186,luminal,-0.04967401689273492
TMEM192,luminal,1.0901363398222588
TMEM201,luminal,-1.1825423813890954
TMEM205,luminal,1.144247766066799
TMEM209,luminal,0.18122375328131068
TMEM214,luminal,-0.8219187178001484
TMEM222,luminal,0.4754400519186268
TMEM223,luminal,-0.219871675045657
TMEM33,luminal,0.37483044447275626
TMEM41A,luminal,-0.4974433675264288
TMEM41B,luminal,1.06564580703416
TMEM43,luminal,-0.5349614270504117
TMEM59,luminal,0.6780091519282841
TMEM63A,luminal,-0.03709422199985394
TMEM63B,luminal,0.0493448223592022
TMEM63C,luminal,1.3078043508862152
TMEM65,luminal,-1.2959478909414235
TMEM68,luminal,0.24555931414827734
TMEM70,luminal,-0.22131664858279143
TMEM87A,luminal,0.462013450202506
TMEM87B,luminal,1.117716931542742
TMEM9,luminal,0.39324307180800955
TMEM9B,luminal,1.3519230933711948
TMF1,luminal,0.6269869501357872
TMLHE,luminal,-0.16112002018977456
TMOD1,luminal,-0.8381064095622204
TMOD2,luminal,-0.3901205267987765
TMOD3,luminal,0.12442078311009963
TMPO,luminal,-0.7783334592270046
TMSB10,luminal,-1.320789599691223
TMTC3,luminal,0.6056136309597756
TMUB1,luminal,-0.1880130635412035
TMUB2,luminal,0.7273304357058883
TMX1,luminal,0.5290360691194822
TMX2,luminal,-0.00468332228225976
TMX3,luminal,0.2146086549398151
TMX4,luminal,-0.48110605762874037
TNC,luminal,-0.2863768650957161
TNFAIP2,luminal,-0.5029353574962084
TNFAIP3,luminal,-0.6461377779198292
TNFAIP6,luminal,0.25301969889522014
TNFAIP8,luminal,-0.5375385111322724
TNFRSF12A,luminal,-0.5012491927365799
TNFSF10,luminal,0.2995212860926674
TNFSF12,luminal,0.8214563395981751
TNIK,luminal,0.3756024101589865
TNIP1,luminal,-0.03878618176199813
TNIP2,luminal,0.13456233666504325
TNK1,luminal,0.8085557458181196
TNK2,luminal,0.6213948457979503
TNKS,luminal,0.5176937032418383
TNN,luminal,0.7980020892291587
TNPO1,luminal,0.4532327604248681
TNPO2,luminal,-0.4487495158723136
TNPO3,luminal,-0.5972174315362311
TNRC18,luminal,0.7779550488018366
TNRC6A,luminal,0.8322046437050812
TNRC6B,luminal,-0.44341451934169784
TNRC6C,luminal,1.1771927081128841
TNS1,luminal,0.5917653915853986
TNS3,luminal,0.2628889850595681
TNS4,luminal,0.014882173454936393
TNXB,luminal,0.6515321574974153
TOE1,luminal,-0.4785529177051484
TOLLIP,luminal,0.9317753439070187
TOM1,luminal,-0.39475198521875776
TOM1L1,luminal,1.044832667525002
TOM1L2,luminal,0.9661085031781206
TOMM20,luminal,0.07929547105616766
TOMM22,luminal,-1.06022514079735
TOMM34,luminal,-0.6018179469554854
TOMM40,luminal,-1.0766839375732353
TOMM5,luminal,-1.140108976774037
TOMM6,luminal,-0.7569361056025614
TOP1,luminal,-0.05857872261025434
TOP2A,luminal,-0.6436281968287153
TOP2B,luminal,0.14112251482942717
TOP3A,luminal,-0.2502825462616643
TOP3B,luminal,-0.7169368717577499
TOPBP1,luminal,-0.571305504661924
TOPORS,luminal,0.04212423830332653
TOR1A,luminal,0.2841139046511254
TOR1AIP1,luminal,0.8114991478205777
TOR1AIP2,luminal,0.01626266741750364
TOR1B,luminal,0.5545905211234807
TOR2A,luminal,0.6201763397038357
TOR3A,luminal,-0.4829690097539238
TOX3,luminal,1.1545204682054784
TOX4,luminal,1.1155646718937575
TP53,luminal,0.20153425115037923
TP53BP1,luminal,0.9235057358943478
TP53BP2,luminal,-1.224599539903101
TP53I11,luminal,0.8751363017149654
TP53I3,luminal,-0.6685538472812942
TP53RK,luminal,0.08935632901136505
TPBG,luminal,1.593341005308593
TPCN1,luminal,1.187695690534623
TPD52,luminal,0.4474196555469478
TPD52L1,luminal,-0.4063991052421123
TPD52L2,luminal,-0.7285810006453018
TPI1,luminal,-1.2786582070240968
TPK1,luminal,0.15769717118919946
TPM1,luminal,-0.08451043179971852
TPM2,luminal,-0.2714455722651607
TPM3,luminal,-0.3834685717139976
TPM4,luminal,-0.48693064233743494
TPMT,luminal,-0.47339116303069084
TPP1,luminal,0.594156828612478
TPP2,luminal,-0.05346049821679498
TPPP,luminal,0.6912162291041589
TPPP3,luminal,0.8793452996461999
TPR,luminal,-0.2301765667600368
TPRG1,luminal,1.733899060888204
TPRG1L,luminal,-0.041930157510025975
TPRKB,luminal,-0.6411230154078703
TPRN,luminal,1.2193527195567502
TPST1,luminal,-0.11493688251606982
TPT1,luminal,0.18610929926472825
TPX2,luminal,-1.3678168481767434
TRA2A,luminal,0.26928874722547286
TRA2B,luminal,-0.7380891848231329
TRABD,luminal,-0.6308867798406663
TRADD,luminal,-0.27217389254947344
TRAF1,luminal,-0.5625402388983949
TRAF2,luminal,-0.22352112802814406
TRAF3,luminal,-0.2752709043127124
TRAF3IP2,luminal,-0.7496765214962711
TRAF3IP3,luminal,-0.6292969004231973
TRAF4,luminal,-0.47450974864034995
TRAF5,luminal,1.1005730474890603
TRAF6,luminal,0.23027897368164366
TRAF7,luminal,-0.0879343122689743
TRAFD1,luminal,0.5531375887129271
TRAK1,luminal,1.3898783859417805
TRAM1,luminal,-0.13641016651095744
TRANK1,luminal,0.6479039802922919
TRAP1,luminal,-0.17112146192419392
TRAPPC1,luminal,0.028514477730829893
TRAPPC10,luminal,-0.354277544849823
TRAPPC2L,luminal,-0.17110173020152522
TRAPPC3,luminal,-0.7759239071364651
TRAPPC4,luminal,0.46210168815403574
TRAPPC5,luminal,0.030000222034792492
TRAPPC6A,luminal,0.5099045684549157
TRAPPC6B,luminal,0.7072930556969852
TRAPPC9,luminal,0.2982241509217917
TREM2,luminal,0.612686586534399
TRERF1,luminal,1.0767126183736757
TREX1,luminal,0.35808646934401045
TRIAP1,luminal,-0.39663953175211886
TRIM11,luminal,-0.05335323010495358
TRIM13,luminal,0.5758135450824985
TRIM14,luminal,-0.07563682867742026
TRIM16,luminal,-0.9875630307253612
TRIM2,luminal,-1.3897139675793906
TRIM21,luminal,-0.025205936054947836
TRIM22,luminal,-0.10772398803827216
TRIM24,luminal,-0.34994218826697354
TRIM25,luminal,-0.28697539363065083
TRIM26,luminal,-0.8009910126713808
TRIM27,luminal,-0.9231900813878073
TRIM28,luminal,0.026966922600613542
TRIM29,luminal,-1.175169754036666
TRIM3,luminal,1.2986615183901362
TRIM32,luminal,0.7606711055181149
TRIM33,luminal,-0.08110152557423658
TRIM34,luminal,0.8651704866609045
TRIM36,luminal,0.2187097447922099
TRIM37,luminal,0.24218106482404597
TRIM38,luminal,-0.3747713492270471
TRIM4,luminal,0.8946689283770939
TRIM41,luminal,1.2527964019896531
TRIM44,luminal,0.43715390317733527
TRIM47,luminal,-1.0146176431047205
TRIM5,luminal,-0.05020138209450063
TRIM56,luminal,0.2860050666911486
TRIM65,luminal,-0.8447916063615036
TRIM68,luminal,0.19109047062677226
TRIM8,luminal,1.2919962531993656
TRIO,luminal,0.3710833263598325
TRIOBP,luminal,-0.23047404640933533
TRIP10,luminal,-0.7502089324474875
TRIP11,luminal,0.5533078729326112
TRIP12,luminal,-0.03487737023347903
TRIP13,luminal,-1.2509690773424305
TRIP4,luminal,0.401945673685251
TRIP6,luminal,-0.44721532758541255
TRIT1,luminal,-1.123701087341403
TRMT1,luminal,-0.5298787168348278
TRMT11,luminal,-1.0229590634638106
TRMT112,luminal,0.03804852296090589
TRMT2A,luminal,-0.4257683089650248
TRMT2B,luminal,-0.12362398358235487
TRMT5,luminal,0.5417936196330768
TRMT6,luminal,-0.7450062468986409
TRMT61A,luminal,-0.5263317263350121
TRMT61B,luminal,-0.3162759709163722
TRMU,luminal,-1.3481760571988046
TRNAU1AP,luminal,-0.5485698329864377
TRNT1,luminal,-0.03995076796380178
TRPC4AP,luminal,0.11240495683710693
TRPM4,luminal,0.8612358059684184
TRPM5,luminal,-0.04980858488574643
TRPM7,luminal,0.5938340793801803
TRPS1,luminal,0.9032501111262415
TRPT1,luminal,0.22640152279953565
TRPV2,luminal,-0.25565132642394056
TRRAP,luminal,-0.6181150295268116
TRUB1,luminal,0.631392775818865
TRUB2,luminal,0.3314627488743876
TSC1,luminal,0.6522333131863596
TSC2,luminal,0.6563790619455103
TSC22D1,luminal,0.29202548001417294
TSC22D2,luminal,-0.2949145181232684
TSC22D3,luminal,1.3331149893772554
TSC22D4,luminal,-0.5209539679271813
TSEN15,luminal,-0.689067881869354
TSEN2,luminal,0.3953687217680865
TSEN34,luminal,-0.3395126385514135
TSEN54,luminal,-0.13900539767789297
TSFM,luminal,0.009990633773942223
TSG101,luminal,1.0211303910417822
TSKU,luminal,0.15199850881580865
TSN,luminal,-0.4095739142133839
TSNARE1,luminal,-0.11802382393032448
TSNAX,luminal,0.7621627432501172
TSPAN1,luminal,1.5682035411119881
TSPAN13,luminal,1.5222544531470232
TSPAN14,luminal,-0.5710794812006279
TSPAN15,luminal,1.0996910802299913
TSPAN6,luminal,-0.683440670597969
TSPAN9,luminal,0.5354503267000581
TSPO,luminal,-0.9619875762088299
TSPYL1,luminal,0.9605361031783922
TSPYL4,luminal,0.46172940296109977
TSPYL5,luminal,-0.8058779873526375
TSR1,luminal,-0.45284771872187796
TSR2,luminal,0.07781082827109626
TSSC4,luminal,0.09522435677273197
TST,luminal,0.0390342564472898
TSTD1,luminal,0.7030258415509943
TSTD2,luminal,0.7938701507374212
TTC1,luminal,0.28432853702069405
TTC12,luminal,0.9324093543102283
TTC13,luminal,-1.1304439298161264
TTC14,luminal,1.1075063864938473
TTC17,luminal,0.29718997913318856
TTC19,luminal,0.3546374319356411
TTC21B,luminal,0.28011911230626185
TTC27,luminal,-0.5413644936823571
TTC28,luminal,1.0445402053354207
TTC3,luminal,0.3386549554934401
TTC31,luminal,0.29181324078967313
TTC33,luminal,-0.16671087212618924
TTC38,luminal,0.43198352905721443
TTC39A,luminal,1.791734364531898
TTC39B,luminal,-0.3503068807452689
TTC39C,luminal,0.807068709972573
TTC4,luminal,-0.6968736300105808
TTC5,luminal,0.5878209254125938
TTC7A,luminal,-1.582271044408305
TTC7B,luminal,-0.2758702649396799
TTC8,luminal,1.9890151418203703
TTC9,luminal,0.418071791928152
TTC9C,luminal,-0.5584225197928744
TTF1,luminal,-0.18434431371583881
TTF2,luminal,-0.7830978911685273
TTK,luminal,-1.6676202503766973
TTL,luminal,-0.9501382259640356
TTLL12,luminal,-0.1113930361125584
TTN,luminal,-0.0756825959350773
TTPAL,luminal,-0.09569103618481589
TTR,luminal,0.2204309375941239
TUBA1B,luminal,-0.8462213880557277
TUBA1C,luminal,-1.4280345047697596
TUBA3E,luminal,1.601773164071087
TUBA4A,luminal,-0.9689462544250115
TUBB,luminal,-1.6778055458790753
TUBB1,luminal,0.021662709769593315
TUBB2A,luminal,-0.3804941547393588
TUBB2B,luminal,-0.4104995046681883
TUBB3,luminal,-0.9680984492995389
TUBB6,luminal,-1.0853275884723785
TUBG1,luminal,-0.05587583388037299
TUBG2,luminal,1.07099421507154
TUBGCP2,luminal,0.2841173811038164
TUBGCP3,luminal,-0.6027926527650032
TUBGCP4,luminal,0.18235547218730236
TUBGCP5,luminal,0.22313061420393165
TUBGCP6,luminal,0.3840076594123651
TUFM,luminal,0.04299892463903338
TUFT1,luminal,0.46739643612904047
TULP3,luminal,-0.9094493523057925
TUSC1,luminal,0.14974421638130878
TUSC2,luminal,1.0580827054147708
TUT1,luminal,0.15124267261431856
TWF1,luminal,0.6986635734034857
TWF2,luminal,-0.4017022650952003
TWSG1,luminal,0.516186793452309
TXLNA,luminal,-0.3341557731997903
TXLNG,luminal,-0.1893692085382348
TXN,luminal,-0.6803596789034133
TXN2,luminal,-0.2660166125602632
TXNDC11,luminal,0.20035231669343445
TXNDC12,luminal,-0.8594416769678087
TXNDC15,luminal,1.1405883315715593
TXNDC16,luminal,0.9137159660079919
TXNDC17,luminal,-0.4680443937427766
TXNDC5,luminal,-1.1084056424026296
TXNDC9,luminal,-0.4417533398865895
TXNIP,luminal,0.6284355223074521
TXNL1,luminal,-0.23529300778316398
TXNL4A,luminal,-0.4361714360905001
TXNL4B,luminal,-1.1826212829126026
TXNRD1,luminal,-0.6391663433910866
TXNRD2,luminal,0.1536731832144666
TYK2,luminal,-0.07603183565444166
TYMP,luminal,-0.2690936493217275
TYMS,luminal,-1.08011624599566
TYROBP,luminal,-0.14383339346603674
TYSND1,luminal,0.4457570823877934
TYW1,luminal,0.5269107554146991
TYW3,luminal,0.5007238826534586
U2AF1,luminal,-1.0897243889287027
U2AF2,luminal,-0.0304941080997789
UACA,luminal,0.06313914402856913
UAP1,luminal,-0.751315102604925
UAP1L1,luminal,0.21093522335009085
UBA1,luminal,-0.4042001288865173
UBA2,luminal,-1.0538254676657468
UBA3,luminal,-0.25956236416927236
UBA5,luminal,0.17606855927051623
UBA52,luminal,-0.5657611890461138
UBA6,luminal,-0.4811891078590567
UBA7,luminal,0.5765906241809247
UBAC1,luminal,-0.5135713370129311
UBAC2,luminal,-0.4201190055530228
UBAP1,luminal,-0.38782375863341206
UBAP2,luminal,-0.7841720507684189
UBAP2L,luminal,-0.43540046742691196
UBASH3A,luminal,-0.40861299043475247
UBASH3B,luminal,-1.371435934278975
UBE2A,luminal,-0.6164589861289597
UBE2B,luminal,0.994931638277193
UBE2C,luminal,-1.2468615365536058
UBE2D1,luminal,-0.9164796501521928
UBE2D2,luminal,0.21622969392041508
UBE2D3,luminal,0.33074555716769566
UBE2E1,luminal,-0.34774955706060084
UBE2F,luminal,0.16049014194263767
UBE2G1,luminal,0.03396340819383016
UBE2G2,luminal,-0.3293476262312432
UBE2H,luminal,0.7063339715809082
UBE2I,luminal,-0.2581586290186408
UBE2J1,luminal,-0.8257999318192141
UBE2J2,luminal,-0.3046148053374208
UBE2K,luminal,0.7541307336956128
UBE2L3,luminal,-0.6350043837567266
UBE2L6,luminal,0.1598077109408221
UBE2M,luminal,-0.08149007317864626
UBE2N,luminal,-0.07334963300184862
UBE2O,luminal,-0.4369008398807365
UBE2Q1,luminal,-0.7399695033726323
UBE2Q2,luminal,0.4881516106542204
UBE2R2,luminal,-0.23968899943150193
UBE2S,luminal,-1.0688277651288163
UBE2T,luminal,-1.056671602332878
UBE2V2,luminal,-0.7432214435591185
UBE2W,luminal,0.4065480491401857
UBE2Z,luminal,0.15322670734780422
UBE3A,luminal,0.8847538936054159
UBE3B,luminal,1.3678619382250283
UBE3C,luminal,-0.362132122927946
UBE4A,luminal,-0.15983637642018136
UBE4B,luminal,-0.33427544830785433
UBFD1,luminal,0.6803752153891942
UBIAD1,luminal,0.9148064702471371
UBL4A,luminal,-0.671888892798188
UBL5,luminal,-0.0126629346414692
UBL7,luminal,0.3328802469232279
UBLCP1,luminal,-0.176100552521737
UBN1,luminal,0.2574734896782411
UBN2,luminal,0.5082026040947166
UBOX5,luminal,0.34459741412974965
UBP1,luminal,0.1386530231162273
UBQLN1,luminal,-0.1306770579325587
UBQLN2,luminal,0.029039447066377448
UBQLN4,luminal,-0.7604538940059444
UBR1,luminal,1.0530533545883198
UBR2,luminal,-0.017486543527604228
UBR3,luminal,0.38144934233068467
UBR4,luminal,-0.3434978346894787
UBR5,luminal,0.2453315751703493
UBR7,luminal,0.7594750432522228
UBTD2,luminal,0.7652625913619918
UBTF,luminal,0.8847230710002213
UBXN1,luminal,0.0343879891824851
UBXN2A,luminal,-1.7344439434626968
UBXN2B,luminal,0.39089885322373175
UBXN4,luminal,0.20646152408146898
UBXN6,luminal,0.5732305413044315
UBXN7,luminal,-0.1159329338568047
UCHL1,luminal,-1.0465487220521257
UCHL3,luminal,-1.079379896144874
UCHL5,luminal,-1.1012596787648226
UCK1,luminal,0.04838856618167788
UCK2,luminal,-1.601047472791039
UCKL1,luminal,0.00597053213146596
UEVLD,luminal,1.1580221339003385
UFC1,luminal,-0.17955319923758717
UFM1,luminal,0.3582581700548053
UFSP1,luminal,-0.0602098528087721
UFSP2,luminal,1.1400344350033542
UGCG,luminal,1.777678314778462
UGDH,luminal,1.0962718091273058
UGGT1,luminal,-0.4130079755373793
UGGT2,luminal,0.2322835663825314
UGP2,luminal,-1.602448265713794
UHRF2,luminal,-0.5727680967476159
UIMC1,luminal,0.10562494855847192
ULK1,luminal,0.42936369151671017
ULK3,luminal,0.09314517256272847
UMPS,luminal,-0.570274191433101
UNC119,luminal,0.3917783267948135
UNC119B,luminal,0.2702490060550093
UNC13B,luminal,0.3679837125292003
UNC13D,luminal,-1.02761480194591
UNC45A,luminal,0.1182872166778353
UNC5B,luminal,0.5809073437860947
UNG,luminal,-0.6672281793554923
UNK,luminal,0.1197572100202247
UNKL,luminal,0.7760634414427775
UPF1,luminal,-0.17100494205626487
UPF2,luminal,-0.9475092502786039
UPF3A,luminal,0.05446383394528267
UPF3B,luminal,-1.1912206381450008
UPP1,luminal,-1.3456423777651068
UPRT,luminal,0.15903298464658036
UQCR10,luminal,-0.45514998220248526
UQCR11,luminal,0.3908933839267933
UQCRB,luminal,-0.42941259771769374
UQCRC1,luminal,-0.2491397679972916
UQCRC2,luminal,0.29780838184506725
UQCRFS1,luminal,-0.8204772631218169
UQCRQ,luminal,0.593568011711499
URB1,luminal,-0.6625414777704772
URB2,luminal,-0.8015311254597084
URGCP,luminal,0.4980687445703543
URM1,luminal,0.281633944423052
UROD,luminal,0.07110474660556015
UROS,luminal,0.04843167798764211
USE1,luminal,-0.1616063773196842
USF1,luminal,-0.43695348298110437
USF2,luminal,-0.0014449747971289626
USP1,luminal,-1.211326641537086
USP10,luminal,-0.7231445734680813
USP11,luminal,0.22807857225627204
USP13,luminal,-0.42255508439710404
USP14,luminal,0.14588403114677648
USP15,luminal,-0.2141641895431022
USP16,luminal,-0.16058774564099026
USP18,luminal,-0.5358609205624528
USP19,luminal,0.8107057224356582
USP20,luminal,0.39691504767553365
USP22,luminal,0.0694169625504649
USP24,luminal,-0.2770347908253638
USP25,luminal,-0.41148575930991116
USP28,luminal,-0.6713587947280649
USP3,luminal,0.3025801525991747
USP30,luminal,1.4274735436570951
USP32,luminal,0.61276926358046
USP33,luminal,0.4199412498291566
USP34,luminal,-0.5299577413545845
USP35,luminal,0.7777697860469854
USP36,luminal,-0.1545210171125169
USP38,luminal,0.5965867570933815
USP39,luminal,-1.3115309219456568
USP4,luminal,0.4732614885792369
USP40,luminal,0.9240295608042299
USP42,luminal,-0.17507808833441213
USP43,luminal,-0.4400585884742421
USP46,luminal,0.26145099482829964
USP47,luminal,0.7382985280593447
USP48,luminal,-0.22117626485254985
USP5,luminal,-0.3913146725043137
USP54,luminal,-0.1584283481572502
USP6NL,luminal,-1.6985059801593583
USP7,luminal,0.539849945570841
USP8,luminal,0.7721615547651743
USP9X,luminal,-0.1962943443041747
UTP14A,luminal,-0.6026739532146729
UTP15,luminal,0.7452488694377809
UTP18,luminal,-0.050321492998020564
UTP20,luminal,-0.3111782880801269
UTP23,luminal,0.10215103079353777
UTP3,luminal,0.2920400639877807
UTP6,luminal,-0.6349538297645988
UTRN,luminal,0.44033422697358404
UVRAG,luminal,0.026011623109327815
UXS1,luminal,-0.9632013956343185
UXT,luminal,-0.3732543517640157
VAC14,luminal,-1.055639185792286
VAMP2,luminal,1.0908856406236467
VAMP3,luminal,0.5080363980331833
VAMP4,luminal,0.6881018660262535
VAMP5,luminal,-0.22614443077347857
VAMP7,luminal,-0.22226903629096123
VAMP8,luminal,-0.0951794997880436
VANGL1,luminal,-0.11917930503938176
VANGL2,luminal,-0.5873225617056689
VAPA,luminal,0.3011896354122614
VAPB,luminal,-0.10101677931652842
VARS2,luminal,0.27281586755141357
VASH1,luminal,0.36233190572798263
VASN,luminal,-0.9990773668649335
VASP,luminal,-0.5122482053339696
VAT1,luminal,0.40339062219071703
VAT1L,luminal,-0.27419846677875676
VAV1,luminal,-0.19133908588114104
VAV2,luminal,0.15570490124518338
VAV3,luminal,1.6152170567830662
VBP1,luminal,-0.5534606268566447
VCAM1,luminal,-0.5681877549274363
VCAN,luminal,0.31323147931077444
VCL,luminal,-0.24278048975412633
VCP,luminal,-0.5257647041961848
VCPIP1,luminal,0.3406057923079259
VDAC1,luminal,-0.09320226515502625
VDAC2,luminal,-0.460630672643714
VDAC3,luminal,-0.38028896988035116
VDR,luminal,-0.19194168028922862
VEGFA,luminal,-0.9819593805341831
VEZF1,luminal,1.275541041000166
VEZT,luminal,0.863765767704509
VGLL4,luminal,-0.5648409661330426
VHL,luminal,0.1333400609371896
VIM,luminal,-0.48860281067230277
VIT,luminal,-0.2731648834806638
VKORC1,luminal,-0.26692143625147075
VKORC1L1,luminal,-0.11515833793257359
VMAC,luminal,0.37462320348600436
VNN1,luminal,-0.659243132384456
VNN2,luminal,-0.529379571648994
VPS13A,luminal,0.2615663895264942
VPS13B,luminal,0.7603093602497546
VPS13C,luminal,0.6903651263919689
VPS13D,luminal,0.36080098749633666
VPS16,luminal,0.5540636190330392
VPS18,luminal,0.5851153915287607
VPS25,luminal,0.8343389962664735
VPS26A,luminal,-0.4460829310906102
VPS26B,luminal,-0.024159046390594765
VPS28,luminal,0.3644940276097932
VPS29,luminal,0.06783704297790367
VPS33A,luminal,0.36487662552101957
VPS33B,luminal,0.29934337622671653
VPS35,luminal,-0.4943450515593271
VPS36,luminal,0.4723204706854653
VPS37A,luminal,0.6123565929965006
VPS37B,luminal,-1.213590247279642
VPS37C,luminal,0.793838813185663
VPS39,luminal,1.5069980389933229
VPS41,luminal,0.6812083416607079
VPS45,luminal,-0.148498200738635
VPS4A,luminal,-0.6500604173835575
VPS4B,luminal,0.3416000986983702
VPS52,luminal,0.5717509851033935
VPS53,luminal,-0.01861208890330757
VPS54,luminal,-0.8538607410674024
VPS72,luminal,-1.0442726055274079
VPS8,luminal,0.6831903590601853
VRK1,luminal,-1.1173733232927616
VRK2,luminal,-0.4780952411960969
VRK3,luminal,0.706875411749514
VSIG4,luminal,-0.16196715612601245
VSNL1,luminal,-0.9090691193935266
VTA1,luminal,-0.4790008284644647
VTCN1,luminal,-0.39862290223014885
VTI1A,luminal,-0.12744966629493548
VTI1B,luminal,0.10845802177899666
VTN,luminal,0.3134655966193226
VWA1,luminal,0.009853479835927761
VWA2,luminal,0.9148411799156126
VWA5A,luminal,0.5149683726414289
VWF,luminal,0.5072293595626256
WAC,luminal,-0.5157652091943237
WARS2,luminal,0.10827068867598011
WAS,luminal,-0.33838956630027245
WASF1,luminal,-0.6305659560037218
WASF2,luminal,-0.3641765878630793
WASF3,luminal,-0.6418328944764716
WASL,luminal,0.645778050688528
WBP11,luminal,0.08738011460512923
WBP2,luminal,0.1269740845532741
WBP4,luminal,0.13676443748902167
WDFY1,luminal,0.192301654311521
WDFY2,luminal,-0.44294413586599335
WDFY3,luminal,0.863756114776274
WDFY4,luminal,-0.024007307081989962
WDHD1,luminal,-0.7891157998372215
WDR1,luminal,0.1186610597068422
WDR11,luminal,0.5329950247633759
WDR12,luminal,-1.093666845249532
WDR13,luminal,-0.10492033400128654
WDR18,luminal,0.035322062985877
WDR19,luminal,2.0091194174158367
WDR20,luminal,0.8930968571305958
WDR24,luminal,0.9960418083877092
WDR26,luminal,0.32179198842466383
WDR3,luminal,-0.8352042335863701
WDR33,luminal,-0.6501562833264007
WDR35,luminal,0.7081027947537155
WDR36,luminal,0.5200700814884671
WDR37,luminal,-0.25342251760594864
WDR4,luminal,-1.2185771328513157
WDR41,luminal,0.04921533836184383
WDR43,luminal,-1.356758119759539
WDR44,luminal,0.5915218269125959
WDR45,luminal,0.1314945032197583
WDR46,luminal,-0.7489273483290322
WDR47,luminal,0.39609789204095197
WDR48,luminal,0.5212667025930309
WDR5,luminal,-1.0294049533052876
WDR53,luminal,-0.8314697918673124
WDR54,luminal,0.9004830324248955
WDR55,luminal,0.6548268629932302
WDR59,luminal,-0.670975304277183
WDR6,luminal,0.8711719476472629
WDR62,luminal,-0.9060677007842193
WDR7,luminal,0.8090288522695557
WDR70,luminal,-0.36275238120131037
WDR73,luminal,0.8828046226750154
WDR74,luminal,-0.623182577731029
WDR75,luminal,-0.6557628200607909
WDR76,luminal,-0.39723601563011396
WDR77,luminal,-1.1825697722660196
WDR81,luminal,0.4091319807969112
WDR82,luminal,-0.12992587594474103
WDR83,luminal,0.4851032482910363
WDR87,luminal,-0.3080873945269852
WDR89,luminal,0.3907027215525582
WDR90,luminal,1.1618032229142543
WDR91,luminal,-0.9492225314461884
WDSUB1,luminal,0.025411540192084955
WDTC1,luminal,0.5534811902944416
WEE1,luminal,0.040308990322060305
WFDC2,luminal,0.411749418452159
WFS1,luminal,1.8409066317213028
WHAMM,luminal,0.4582129594880461
WIPF1,luminal,-0.10018890635934007
WIPF2,luminal,0.5136314263038726
WIPI1,luminal,-0.019274246619699724
WIPI2,luminal,-0.6260147114492788
WIZ,luminal,-0.42535476756868645
WLS,luminal,0.3990684632988036
WNK1,luminal,0.03764275473284888
WNK4,luminal,1.7221272206478515
WNT2,luminal,-0.2118879403881053
WNT5A,luminal,0.3650245905683713
WRAP53,luminal,-0.3026672510901059
WRN,luminal,-0.09866357871982154
WRNIP1,luminal,-0.8862727353938008
WTAP,luminal,-0.528047506208141
WWC1,luminal,0.06807455604554256
WWC2,luminal,0.29708522332570364
WWOX,luminal,0.27428830456279635
WWP1,luminal,1.8834570344869106
WWP2,luminal,-0.5573985301203751
WWTR1,luminal,-0.9847734974395823
XAB2,luminal,0.25145592996337596
XAF1,luminal,-0.18952594861557592
XDH,luminal,-0.6608551463861355
XIAP,luminal,0.7618053638949356
XIRP1,luminal,-0.8528650823521934
XPA,luminal,1.377589997575078
XPC,luminal,1.434026620811863
XPNPEP1,luminal,-1.241246381137428
XPNPEP3,luminal,-0.38024235077615454
XPO1,luminal,-0.8009593522469804
XPO4,luminal,-0.23004957551416136
XPO5,luminal,-1.3679688711033624
XPO6,luminal,-0.41852282119541556
XPO7,luminal,-0.34667387651213355
XPOT,luminal,-0.9583007401692629
XRCC1,luminal,0.27735235904491734
XRCC4,luminal,0.3520872107092979
XRCC5,luminal,-0.014161835784042832
XRCC6,luminal,-0.9966321502150646
XRN1,luminal,-0.2755012922619432
XRN2,luminal,0.11594587929557541
XYLB,luminal,-0.6634301048579759
XYLT1,luminal,0.25764205130664225
YAF2,luminal,0.39415275223197793
YAP1,luminal,-0.398638443489425
YARS2,luminal,-0.6176703391914707
YBX1,luminal,-2.0503646890014577
YBX2,luminal,-0.21047334468673326
YDJC,luminal,-0.5644149688065785
YEATS2,luminal,-1.7539306046495733
YEATS4,luminal,0.35471361837221643
YES1,luminal,-1.3209047764046604
YIF1A,luminal,-0.28436966041293205
YIF1B,luminal,-0.6100356501350817
YIPF2,luminal,-0.5150366664653904
YIPF3,luminal,-0.05856229908154626
YIPF4,luminal,-0.9059358376827461
YIPF5,luminal,0.6143379144950264
YIPF6,luminal,0.2845753905946387
YKT6,luminal,-0.7465576772550925
YLPM1,luminal,0.31085927746969516
YME1L1,luminal,-0.4029812647726557
YOD1,luminal,-0.7499974388382138
YPEL2,luminal,0.8675717521881717
YPEL5,luminal,0.4789914684114982
YRDC,luminal,-0.8920802134912259
YTHDC1,luminal,0.6548198410204038
YTHDC2,luminal,1.3548974217922325
YTHDF1,luminal,-0.08995638632264677
YTHDF2,luminal,-0.5601367975635909
YWHAB,luminal,0.41530819746885544
YWHAE,luminal,-0.35334243828166767
YWHAG,luminal,-0.5824376230889836
YWHAH,luminal,-0.6816906320350039
YWHAQ,luminal,-1.286424642666478
YWHAZ,luminal,-0.63078794478536
YY1,luminal,-0.4312638951029005
YY1AP1,luminal,0.0009003482207498431
ZAP70,luminal,-0.42174159297831487
ZBP1,luminal,-0.5006241212082416
ZBTB1,luminal,0.48456763141090325
ZBTB10,luminal,-0.12472545951430206
ZBTB11,luminal,0.38988816135737264
ZBTB2,luminal,0.4066530453724002
ZBTB20,luminal,0.29763539993100613
ZBTB33,luminal,-0.4358119514672283
ZBTB4,luminal,1.4586662804238621
ZBTB40,luminal,0.6377468865054372
ZBTB43,luminal,0.23266299813581245
ZBTB47,luminal,0.8119616461082706
ZBTB7A,luminal,1.468614438334693
ZBTB7B,luminal,0.3538033708648814
ZBTB9,luminal,0.1362589633353829
ZC3H11A,luminal,0.35264045869150634
ZC3H12A,luminal,-0.1392550504894789
ZC3H13,luminal,0.5632873627725824
ZC3H14,luminal,0.735760327703247
ZC3H15,luminal,-0.9403822543361824
ZC3H18,luminal,-1.1323533358253088
ZC3H4,luminal,0.06983173296100824
ZC3H6,luminal,1.0665469122092153
ZC3H7A,luminal,0.5572365747225
ZC3H7B,luminal,-0.2839083005485419
ZC3H8,luminal,-0.30802578244241113
ZC3HAV1,luminal,-0.16354228838190932
ZC3HAV1L,luminal,-0.285995498139194
ZC3HC1,luminal,-0.4912720044646255
ZCCHC10,luminal,1.2844958464097356
ZCCHC17,luminal,-0.20866370581300067
ZCCHC2,luminal,-0.087700045500068
ZCCHC24,luminal,1.077456861654183
ZCCHC3,luminal,0.35306092439813774
ZCCHC4,luminal,1.2507818488569482
ZCCHC7,luminal,-0.25455380913813763
ZCCHC9,luminal,0.26043577648031047
ZCRB1,luminal,0.42068879108046753
ZDHHC13,luminal,-0.36760099405841734
ZDHHC17,luminal,1.0631974485661164
ZDHHC20,luminal,-0.2459926292723194
ZDHHC3,luminal,0.210257880569148
ZDHHC5,luminal,-0.28939813706336426
ZDHHC6,luminal,-0.08825676703525678
ZEB1,luminal,0.877910649343899
ZEB2,luminal,0.15630504021970026
ZER1,luminal,1.0220844385984647
ZFAND1,luminal,-0.17815036662902228
ZFAND2B,luminal,-0.6613132948777992
ZFAND3,luminal,0.3422418748243601
ZFAND5,luminal,-0.7515865379120813
ZFAND6,luminal,0.6892016452202877
ZFC3H1,luminal,0.4492937064744924
ZFHX3,luminal,0.6656756877178159
ZFP3,luminal,0.29077940895671556
ZFP36,luminal,0.24862216454742075
ZFP36L1,luminal,-0.10553257708133111
ZFP36L2,luminal,-0.35474868284547023
ZFP64,luminal,-0.2543291955664164
ZFP91,luminal,-0.008854568271482096
ZFPL1,luminal,-0.30769989008054743
ZFR,luminal,-0.7154119434408875
ZFX,luminal,0.807215259956989
ZFYVE1,luminal,1.032713743710252
ZFYVE16,luminal,1.4190096384111486
ZFYVE19,luminal,0.6562441052002745
ZFYVE21,luminal,0.4293152152884425
ZFYVE26,luminal,0.6644300681318525
ZFYVE9,luminal,-0.2047745770995351
ZG16B,luminal,1.4346219733020595
ZGPAT,luminal,0.028771160134836996
ZHX1,luminal,-0.19239414428674315
ZHX2,luminal,0.4150232831967647
ZHX3,luminal,0.6456882589594725
ZKSCAN1,luminal,0.5811014028054096
ZKSCAN4,luminal,0.48721433026092414
ZMAT2,luminal,0.8284838113929089
ZMAT3,luminal,0.004440049182947156
ZMAT5,luminal,0.033779811590092954
ZMIZ1,luminal,0.618678820597713
ZMIZ2,luminal,-0.6537394484254611
ZMPSTE24,luminal,0.13489934820989627
ZMYM1,luminal,-0.03753294027006928
ZMYM2,luminal,0.39979944370785286
ZMYM3,luminal,0.1423871025106516
ZMYM4,luminal,-0.01383978750291762
ZMYND10,luminal,2.312675120760741
ZMYND11,luminal,0.44908817887525465
ZMYND8,luminal,0.7444678033597094
ZNF121,luminal,-0.3330712703641277
ZNF143,luminal,0.12654833555367773
ZNF146,luminal,-0.9535127615051747
ZNF148,luminal,0.4032256994166998
ZNF184,luminal,-0.4467299848750055
ZNF185,luminal,-0.09739721247810872
ZNF205,luminal,0.43384480804763653
ZNF207,luminal,-0.06906591809545387
ZNF217,luminal,0.6303382542839733
ZNF219,luminal,0.5067970097850035
ZNF22,luminal,-0.6964819096941283
ZNF24,luminal,1.1145733828237148
ZNF250,luminal,-0.19101531017393236
ZNF264,luminal,0.8727283832886993
ZNF268,luminal,0.33271408615917
ZNF276,luminal,-0.3810547860361341
ZNF277,luminal,-0.08916021058300919
ZNF280C,luminal,-1.157169245219382
ZNF280D,luminal,1.0140392211405866
ZNF281,luminal,0.9205804724460283
ZNF292,luminal,-0.36228228529268874
ZNF3,luminal,-0.04776021573458682
ZNF318,luminal,-0.26519188013735345
ZNF324,luminal,0.4393720627837126
ZNF326,luminal,-0.5671150703297387
ZNF331,luminal,0.5165565718761193
ZNF33A,luminal,0.3906876796627066
ZNF346,luminal,0.7673740481419885
ZNF358,luminal,-0.36509878189215755
ZNF362,luminal,-0.46986285561096597
ZNF384,luminal,-0.5090866768671306
ZNF385A,luminal,1.2118185630228722
ZNF395,luminal,0.49602818345806515
ZNF397,luminal,0.4838191406445672
ZNF407,luminal,0.4998320414148586
ZNF414,luminal,0.15098994072285116
ZNF417,luminal,0.6242800017515696
ZNF428,luminal,0.16647461025292457
ZNF436,luminal,0.11494876972586347
ZNF444,luminal,0.4574124732240218
ZNF446,luminal,1.377010986338938
ZNF451,luminal,0.0714449632973587
ZNF460,luminal,-0.43267894326529843
ZNF462,luminal,-1.2146789168796222
ZNF467,luminal,1.2947615884390806
ZNF48,luminal,0.4600079791895907
ZNF511,luminal,-0.40444663428546246
ZNF512,luminal,0.07117069304284573
ZNF512B,luminal,-0.08996232296640741
ZNF521,luminal,-0.5190029144325969
ZNF526,luminal,-0.4395873051703705
ZNF532,luminal,-0.8430749764257544
ZNF552,luminal,2.3237732034401084
ZNF562,luminal,-0.1390606867632494
ZNF574,luminal,-0.21038130759233553
ZNF579,luminal,-0.0021028090931775214
ZNF580,luminal,0.6517450100809203
ZNF581,luminal,0.2714748949271109
ZNF592,luminal,0.004601486924585328
ZNF593,luminal,-0.4102788992075161
ZNF597,luminal,1.1140029901808326
ZNF609,luminal,0.7657443818857246
ZNF618,luminal,-0.3225079174101535
ZNF622,luminal,0.32340398356210204
ZNF623,luminal,0.0997859260659838
ZNF629,luminal,0.9482812817812393
ZNF638,luminal,0.22657952448760474
ZNF639,luminal,-0.6640515303718021
ZNF644,luminal,-0.6239060439973371
ZNF652,luminal,0.7206333675991237
ZNF654,luminal,0.3735734722961694
ZNF655,luminal,0.9105310491858204
ZNF664,luminal,0.37173258769717077
ZNF668,luminal,0.3414704144733746
ZNF687,luminal,0.28561390339403153
ZNF688,luminal,1.036917311727453
ZNF691,luminal,-0.20483025875794736
ZNF703,luminal,1.9938270220485859
ZNF704,luminal,0.3604232807116033
ZNF706,luminal,-0.4402028316708316
ZNF740,luminal,1.1699046512778073
ZNF76,luminal,0.002600791691399749
ZNF768,luminal,0.5920110740520621
ZNF776,luminal,1.1752022459417888
ZNF777,luminal,-0.4753296002408608
ZNF787,luminal,-0.3725706591180445
ZNF8,luminal,-0.2929771620318844
ZNF800,luminal,0.42513105027679216
ZNF827,luminal,0.4650754147611847
ZNF830,luminal,0.3290566788831403
ZNFX1,luminal,0.4676209226127636
ZNHIT1,luminal,-0.18376962739950164
ZNHIT2,luminal,0.08584768781245275
ZNHIT3,luminal,0.5773322847905916
ZNHIT6,luminal,-0.36794882966909015
ZNRF2,luminal,0.696127966297909
ZRANB2,luminal,-0.3258767074184466
ZRSR2,luminal,0.24633733895555165
ZSCAN16,luminal,-0.007254131012059412
ZSCAN18,luminal,0.5359270345091283
ZSCAN20,luminal,0.30165331303474924
ZSCAN21,luminal,0.013117618288225509
ZW10,luminal,-0.9813368263060387
ZWILCH,luminal,-0.8474857887611991
ZWINT,luminal,-0.7571577074128683
ZXDC,luminal,0.29912997945873254
ZYG11B,luminal,-0.19868034317036606
ZYX,luminal,-0.691091997807001
ZZEF1,luminal,0.3733871303180674
ZZZ3,luminal,-0.12032069354130573
