symbol,entrez_id,protein_detection
A1BG,1,1.0
A2M,2,1.0
A2ML1,144568,0.9090909090909091
AAAS,8086,1.0
AACS,65985,1.0
AAGAB,79719,1.0
AAK1,22848,1.0
AAMP,14,1.0
AARS2,57505,1.0
AARSD1,80755,1.0
AASDHPPT,60496,1.0
AASS,10157,1.0
AATF,26574,1.0
ABAT,18,1.0
ABCA1,19,0.7792207792207793
ABCA2,20,0.6883116883116883
ABCA3,21,0.8051948051948052
ABCB10,23456,0.961038961038961
ABCB6,10058,1.0
ABCB7,22,1.0
ABCB8,11194,0.9090909090909091
ABCC1,4363,1.0
ABCC10,89845,0.7662337662337663
ABCC3,8714,0.8961038961038961
ABCC4,10257,0.6233766233766234
ABCD1,215,0.961038961038961
ABCD3,5825,1.0
ABCE1,6059,1.0
ABCF1,23,1.0
ABCF3,55324,1.0
ABHD10,55347,1.0
ABHD11,83451,1.0
ABHD12,26090,1.0
ABHD14B,84836,1.0
ABHD3,171586,0.5584415584415584
ABHD4,63874,1.0
ABHD5,51099,1.0
ABHD6,57406,0.8311688311688312
ABI1,10006,1.0
ABI2,10152,1.0
ABI3,51225,1.0
ABI3BP,25890,1.0
ABL1,25,1.0
ABL2,27,0.922077922077922
ABLIM1,3983,1.0
ABLIM2,84448,0.8961038961038961
ABLIM3,22885,0.9090909090909091
ABR,29,1.0
ABT1,29777,1.0
ABTB2,25841,0.7532467532467533
ACAA1,30,1.0
ACAA2,10449,1.0
ACACA,31,1.0
ACACB,32,0.922077922077922
ACAD10,80724,1.0
ACAD11,84129,0.6363636363636364
ACAD8,27034,1.0
ACAD9,28976,1.0
ACADM,34,1.0
ACADS,35,1.0
ACADSB,36,1.0
ACADVL,37,1.0
ACAN,176,0.961038961038961
ACAP1,9744,1.0
ACAP2,23527,1.0
ACAP3,116983,0.8051948051948052
ACAT1,38,1.0
ACAT2,39,1.0
ACBD3,64746,1.0
ACBD5,91452,1.0
ACBD6,84320,1.0
ACBD7,414149,0.7792207792207793
ACD,65057,0.974025974025974
ACE,1636,1.0
ACIN1,22985,1.0
ACLY,47,1.0
ACO1,48,1.0
ACO2,50,1.0
ACOT11,26027,1.0
ACOT13,55856,1.0
ACOT2,10965,0.987012987012987
ACOT4,122970,0.8831168831168831
ACOT7,11332,1.0
ACOT8,10005,1.0
ACOT9,23597,1.0
ACOX1,51,1.0
ACOX2,8309,0.5974025974025974
ACOX3,8310,1.0
ACP1,52,1.0
ACP2,53,1.0
ACP5,54,1.0
ACP6,51205,1.0
ACSF2,80221,1.0
ACSF3,197322,1.0
ACSL1,2180,1.0
ACSL3,2181,1.0
ACSL4,2182,1.0
ACSL5,51703,1.0
ACSM1,116285,0.935064935064935
ACSM3,6296,0.5974025974025974
ACSS1,84532,1.0
ACSS2,55902,1.0
ACSS3,79611,1.0
ACTA1,58,1.0
ACTA2,59,0.922077922077922
ACTB,60,1.0
ACTBL2,345651,1.0
ACTG1,71,1.0
ACTG2,72,0.6103896103896104
ACTL6A,86,1.0
ACTL8,81569,1.0
ACTN1,87,1.0
ACTN4,81,1.0
ACTR10,55860,1.0
ACTR1A,10121,1.0
ACTR1B,10120,1.0
ACTR2,10097,1.0
ACTR3,10096,1.0
ACTR3B,57180,1.0
ACTR5,79913,1.0
ACTR6,64431,1.0
ACTR8,93973,1.0
ACVR1,90,0.6753246753246753
ACY1,95,1.0
ACYP1,97,1.0
ACYP2,98,1.0
ADA,100,1.0
ADAM10,102,1.0
ADAM12,8038,0.6623376623376623
ADAM15,8751,1.0
ADAM17,6868,1.0
ADAM8,101,0.5844155844155844
ADAM9,8754,0.961038961038961
ADAMDEC1,27299,0.6493506493506493
ADAMTS12,81792,0.961038961038961
ADAMTS2,9509,0.8961038961038961
ADAMTS4,9507,1.0
ADAMTS7,11173,0.7012987012987013
ADAMTSL1,92949,0.5584415584415584
ADAMTSL2,9719,0.922077922077922
ADAMTSL4,54507,0.987012987012987
ADAP1,11033,1.0
ADAP2,55803,1.0
ADAR,103,1.0
ADARB1,104,1.0
ADAT1,23536,0.948051948051948
ADAT2,134637,0.6103896103896104
ADAT3,113179,0.987012987012987
ADCK1,57143,0.8831168831168831
ADCK5,203054,0.8701298701298701
ADCY6,112,0.5714285714285714
ADCY9,115,0.5064935064935064
ADD1,118,1.0
ADD2,119,1.0
ADD3,120,1.0
ADH1B,125,1.0
ADH5,128,1.0
ADHFE1,137872,0.8961038961038961
ADI1,55256,1.0
ADIPOR1,51094,0.8961038961038961
ADIPOR2,79602,0.7012987012987013
ADK,132,1.0
ADNP,23394,1.0
ADNP2,22850,0.8181818181818182
ADO,84890,1.0
ADPGK,83440,1.0
ADPRH,141,1.0
ADRM1,11047,1.0
ADSL,158,1.0
AEBP1,165,1.0
AEBP2,121536,0.8571428571428571
AFAP1,60312,1.0
AFAP1L1,134265,0.961038961038961
AFAP1L2,84632,1.0
AFF1,4299,0.8701298701298701
AFF3,3899,0.7272727272727273
AFF4,27125,1.0
AFG3L2,10939,1.0
AFM,173,1.0
AFMID,125061,1.0
AFTPH,54812,1.0
AGA,175,1.0
AGAP1,116987,1.0
AGAP2,116986,0.948051948051948
AGAP3,116988,0.961038961038961
AGFG1,3267,1.0
AGFG2,3268,1.0
AGGF1,55109,0.961038961038961
AGK,55750,1.0
AGL,178,1.0
AGPAT1,10554,1.0
AGPAT2,10555,0.9090909090909091
AGPAT3,56894,1.0
AGPAT5,55326,1.0
AGPS,8540,1.0
AGR2,10551,1.0
AGR3,155465,1.0
AGRN,375790,1.0
AGT,183,1.0
AGTPBP1,23287,1.0
AGTRAP,57085,1.0
AHCTF1,25909,1.0
AHCY,191,1.0
AHCYL1,10768,1.0
AHCYL2,23382,1.0
AHDC1,27245,1.0
AHI1,54806,0.5194805194805194
AHNAK,79026,1.0
AHNAK2,113146,1.0
AHR,196,1.0
AHSA1,10598,1.0
AHSG,197,1.0
AHSP,51327,1.0
AIDA,64853,1.0
AIF1,199,1.0
AIF1L,83543,1.0
AIFM1,9131,1.0
AIFM2,84883,1.0
AIMP1,9255,1.0
AIMP2,7965,1.0
AIP,9049,1.0
AK1,203,1.0
AK2,204,1.0
AK3,50808,1.0
AK5,26289,0.8051948051948052
AKAP1,8165,1.0
AKAP10,11216,1.0
AKAP11,11215,1.0
AKAP12,9590,1.0
AKAP13,11214,1.0
AKAP5,9495,0.935064935064935
AKAP7,9465,0.7142857142857143
AKAP8,10270,1.0
AKAP8L,26993,1.0
AKAP9,10142,1.0
AKIRIN2,55122,0.5714285714285714
AKNA,80709,0.8181818181818182
AKR1A1,10327,1.0
AKR1B1,231,1.0
AKR1B10,57016,0.8831168831168831
AKR1C2,1646,1.0
AKR1C3,8644,1.0
AKR7A2,8574,1.0
AKR7A3,22977,1.0
AKT1,207,1.0
AKT1S1,84335,1.0
AKT2,208,1.0
AKT3,10000,1.0
AKTIP,64400,1.0
ALAD,210,1.0
ALAS1,211,0.8571428571428571
ALB,213,1.0
ALCAM,214,1.0
ALDH16A1,126133,1.0
ALDH18A1,5832,1.0
ALDH1A1,216,1.0
ALDH1A2,8854,0.8441558441558441
ALDH1A3,220,1.0
ALDH1B1,219,1.0
ALDH1L1,10840,1.0
ALDH1L2,160428,1.0
ALDH2,217,1.0
ALDH3A2,224,1.0
ALDH4A1,8659,1.0
ALDH5A1,7915,1.0
ALDH6A1,4329,1.0
ALDH7A1,501,1.0
ALDH9A1,223,1.0
ALDOA,226,1.0
ALDOC,230,1.0
ALG1,56052,1.0
ALG11,440138,0.922077922077922
ALG12,79087,0.7792207792207793
ALG13,79868,1.0
ALG2,85365,1.0
ALG5,29880,1.0
ALG6,29929,0.5324675324675324
ALG9,79796,0.7402597402597403
ALKBH1,8846,0.8571428571428571
ALKBH2,121642,0.948051948051948
ALKBH3,221120,1.0
ALKBH4,54784,1.0
ALKBH5,54890,1.0
ALKBH6,84964,0.7272727272727273
ALKBH7,84266,0.948051948051948
ALKBH8,91801,1.0
ALLC,55821,0.8311688311688312
ALMS1,7840,0.974025974025974
ALOX15,246,0.5844155844155844
ALOX15B,247,1.0
ALOX5,240,1.0
ALOX5AP,241,0.8831168831168831
ALPK1,80216,0.7402597402597403
ALPL,249,1.0
ALS2,57679,0.987012987012987
AMACR,23600,1.0
AMBP,259,1.0
AMBRA1,55626,1.0
AMDHD1,144193,0.6753246753246753
AMDHD2,51005,1.0
AMFR,267,0.974025974025974
AMIGO2,347902,0.6363636363636364
AMMECR1,9949,0.8181818181818182
AMOT,154796,0.935064935064935
AMOTL1,154810,0.7662337662337663
AMOTL2,51421,1.0
AMPD2,271,1.0
AMPD3,272,1.0
AMPH,273,1.0
AMT,275,0.5324675324675324
AMZ2,51321,0.987012987012987
ANAPC1,64682,1.0
ANAPC10,10393,1.0
ANAPC11,51529,0.961038961038961
ANAPC13,25847,0.7142857142857143
ANAPC16,119504,1.0
ANAPC2,29882,1.0
ANAPC4,29945,1.0
ANAPC5,51433,1.0
ANAPC7,51434,1.0
ANG,283,1.0
ANGEL2,90806,1.0
ANGPT2,285,0.8051948051948052
ANGPTL2,23452,1.0
ANGPTL4,51129,0.8831168831168831
ANK1,286,1.0
ANK2,287,1.0
ANK3,288,1.0
ANKFY1,51479,1.0
ANKHD1,54882,1.0
ANKIB1,54467,1.0
ANKLE2,23141,1.0
ANKMY2,57037,1.0
ANKRD10,55608,0.948051948051948
ANKRD11,29123,0.922077922077922
ANKRD12,23253,0.8961038961038961
ANKRD13A,88455,1.0
ANKRD13D,338692,1.0
ANKRD16,54522,1.0
ANKRD17,26057,1.0
ANKRD22,118932,0.7792207792207793
ANKRD26,22852,0.8051948051948052
ANKRD27,84079,1.0
ANKRD28,23243,1.0
ANKRD30A,91074,0.7272727272727273
ANKRD35,148741,0.7272727272727273
ANKRD39,51239,0.987012987012987
ANKRD40,91369,0.8961038961038961
ANKRD44,91526,1.0
ANKRD49,54851,0.961038961038961
ANKRD50,57182,1.0
ANKRD52,283373,1.0
ANKRD54,129138,1.0
ANKS1A,23294,1.0
ANKS3,124401,0.6363636363636364
ANKZF1,55139,1.0
ANLN,54443,1.0
ANO1,55107,0.8961038961038961
ANO10,55129,1.0
ANO6,196527,1.0
ANP32A,8125,1.0
ANP32B,10541,1.0
ANP32E,81611,1.0
ANPEP,290,1.0
ANTXR1,84168,1.0
ANTXR2,118429,0.6623376623376623
ANXA1,301,1.0
ANXA11,311,1.0
ANXA2,302,1.0
ANXA3,306,1.0
ANXA4,307,1.0
ANXA5,308,1.0
ANXA6,309,1.0
ANXA7,310,1.0
ANXA8L1,728113,1.0
ANXA9,8416,1.0
AOAH,313,0.8311688311688312
AOC3,8639,1.0
AOX1,316,1.0
AP1AR,55435,0.8701298701298701
AP1B1,162,1.0
AP1G1,164,1.0
AP1G2,8906,1.0
AP1M1,8907,1.0
AP1M2,10053,1.0
AP1S1,1174,1.0
AP1S2,8905,1.0
AP1S3,130340,0.961038961038961
AP2A1,160,1.0
AP2A2,161,1.0
AP2B1,163,1.0
AP2M1,1173,1.0
AP2S1,1175,1.0
AP3B1,8546,1.0
AP3B2,8120,0.5454545454545454
AP3D1,8943,1.0
AP3M1,26985,1.0
AP3M2,10947,1.0
AP3S1,1176,1.0
AP3S2,10239,0.5844155844155844
AP4B1,10717,1.0
AP4E1,23431,1.0
AP4M1,9179,0.961038961038961
AP4S1,11154,1.0
APAF1,317,1.0
APBA1,320,0.7922077922077922
APBA2,321,0.7662337662337663
APBA3,9546,1.0
APBB1,322,1.0
APBB1IP,54518,1.0
APBB2,323,1.0
APC,324,1.0
APCS,325,1.0
APEH,327,1.0
APEX1,328,1.0
APEX2,27301,0.5844155844155844
API5,8539,1.0
APIP,51074,1.0
APLF,200558,0.7272727272727273
APLP2,334,1.0
APOA1,335,1.0
APOA2,336,1.0
APOA4,337,1.0
APOB,338,1.0
APOBEC3B,9582,0.7272727272727273
APOBEC3C,27350,1.0
APOBEC3F,200316,1.0
APOBEC3G,60489,1.0
APOC1,341,1.0
APOC3,345,1.0
APOC4,346,0.8571428571428571
APOD,347,1.0
APOE,348,1.0
APOF,319,1.0
APOH,350,1.0
APOL1,8542,1.0
APOL2,23780,1.0
APOL3,80833,1.0
APOM,55937,1.0
APOO,79135,1.0
APOOL,139322,1.0
APP,351,1.0
APPBP2,10513,0.8831168831168831
APPL1,26060,1.0
APPL2,55198,1.0
APRT,353,1.0
APTX,54840,1.0
AQP1,358,0.6623376623376623
AQR,9716,1.0
AR,367,1.0
ARAF,369,1.0
ARAP1,116985,1.0
ARAP2,116984,0.8311688311688312
ARAP3,64411,0.922077922077922
ARCN1,372,1.0
ARF1,375,1.0
ARF3,377,1.0
ARF4,378,1.0
ARF5,381,1.0
ARF6,382,1.0
ARFGAP1,55738,1.0
ARFGAP2,84364,1.0
ARFGAP3,26286,1.0
ARFGEF1,10565,1.0
ARFGEF2,10564,1.0
ARFIP1,27236,1.0
ARFIP2,23647,1.0
ARFRP1,10139,1.0
ARG1,383,0.7662337662337663
ARGLU1,55082,1.0
ARHGAP1,392,1.0
ARHGAP10,79658,1.0
ARHGAP12,94134,1.0
ARHGAP15,55843,1.0
ARHGAP17,55114,1.0
ARHGAP18,93663,1.0
ARHGAP21,57584,1.0
ARHGAP22,58504,0.5454545454545454
ARHGAP24,83478,1.0
ARHGAP25,9938,1.0
ARHGAP26,23092,0.974025974025974
ARHGAP27,201176,1.0
ARHGAP29,9411,1.0
ARHGAP30,257106,1.0
ARHGAP31,57514,1.0
ARHGAP32,9743,1.0
ARHGAP39,80728,0.8831168831168831
ARHGAP4,393,1.0
ARHGAP5,394,1.0
ARHGAP6,395,0.935064935064935
ARHGAP8,23779,1.0
ARHGAP9,64333,1.0
ARHGDIA,396,1.0
ARHGDIB,397,1.0
ARHGEF1,9138,1.0
ARHGEF10,9639,1.0
ARHGEF10L,55160,1.0
ARHGEF11,9826,1.0
ARHGEF12,23365,1.0
ARHGEF16,27237,1.0
ARHGEF17,9828,1.0
ARHGEF18,23370,1.0
ARHGEF2,9181,1.0
ARHGEF3,50650,0.948051948051948
ARHGEF35,445328,1.0
ARHGEF37,389337,1.0
ARHGEF38,54848,0.5844155844155844
ARHGEF5,7984,1.0
ARHGEF6,9459,1.0
ARHGEF7,8874,1.0
ARID1A,8289,1.0
ARID1B,57492,1.0
ARID2,196528,1.0
ARID3A,1820,0.987012987012987
ARID4A,5926,1.0
ARID4B,51742,1.0
ARID5A,10865,0.5194805194805194
ARID5B,84159,0.974025974025974
ARIH1,25820,1.0
ARIH2,10425,1.0
ARL1,400,1.0
ARL15,54622,0.961038961038961
ARL2,402,1.0
ARL2BP,23568,1.0
ARL3,403,1.0
ARL5A,26225,0.8961038961038961
ARL5B,221079,0.922077922077922
ARL6,84100,1.0
ARL6IP1,23204,1.0
ARL6IP5,10550,1.0
ARL6IP6,151188,0.8181818181818182
ARL8A,127829,1.0
ARL8B,55207,1.0
ARMC1,55156,1.0
ARMC10,83787,1.0
ARMC5,79798,0.7792207792207793
ARMC6,93436,1.0
ARMC7,79637,0.974025974025974
ARMC8,25852,1.0
ARMC9,80210,1.0
ARMCX1,51309,1.0
ARMCX2,9823,1.0
ARMCX3,51566,1.0
ARMCX5,64860,0.6493506493506493
ARNT,405,1.0
ARNT2,9915,0.7532467532467533
ARPC1A,10552,1.0
ARPC1B,10095,1.0
ARPC2,10109,1.0
ARPC3,10094,1.0
ARPC4,10093,1.0
ARPC5,10092,1.0
ARPC5L,81873,1.0
ARPP19,10776,1.0
ARRB1,408,1.0
ARRB2,409,1.0
ARRDC1,92714,1.0
ARSA,410,1.0
ARSB,411,1.0
ARSD,414,0.8961038961038961
ARV1,64801,0.6883116883116883
ARVCF,421,1.0
AS3MT,57412,1.0
ASAH1,427,1.0
ASAP1,50807,1.0
ASAP2,8853,1.0
ASAP3,55616,1.0
ASB1,51665,0.6103896103896104
ASB13,79754,0.935064935064935
ASB6,140459,0.961038961038961
ASB7,140460,0.5974025974025974
ASB9,140462,0.8831168831168831
ASCC1,51008,1.0
ASCC2,84164,1.0
ASCC3,10973,1.0
ASF1A,25842,1.0
ASF1B,55723,0.961038961038961
ASGR2,433,0.5584415584415584
ASH1L,55870,0.935064935064935
ASH2L,9070,1.0
ASL,435,1.0
ASNS,440,1.0
ASNSD1,54529,0.8051948051948052
ASPA,443,0.8571428571428571
ASPH,444,1.0
ASPM,259266,1.0
ASPSCR1,79058,1.0
ASRGL1,80150,1.0
ASS1,445,1.0
ASTE1,28990,0.5064935064935064
ATAD1,84896,1.0
ATAD2,29028,1.0
ATAD2B,54454,1.0
ATAD3A,55210,1.0
ATAD3B,83858,0.7012987012987013
ATE1,11101,1.0
ATF1,466,1.0
ATF2,1386,1.0
ATF7,11016,1.0
ATF7IP,55729,1.0
ATG12,9140,1.0
ATG16L1,55054,1.0
ATG2A,23130,1.0
ATG2B,55102,1.0
ATG3,64422,1.0
ATG4A,115201,1.0
ATG4B,23192,1.0
ATG4C,84938,0.948051948051948
ATG5,9474,1.0
ATG7,10533,1.0
ATG9A,79065,1.0
ATIC,471,1.0
ATL1,51062,1.0
ATL2,64225,1.0
ATL3,25923,1.0
ATM,472,1.0
ATN1,1822,1.0
ATOX1,475,1.0
ATP11A,23250,0.5844155844155844
ATP11B,23200,0.7662337662337663
ATP11C,286410,0.8571428571428571
ATP13A1,57130,1.0
ATP13A2,23400,0.5194805194805194
ATP13A3,79572,1.0
ATP1A1,476,1.0
ATP1B1,481,1.0
ATP1B3,483,1.0
ATP2A2,488,1.0
ATP2A3,489,1.0
ATP2B1,490,1.0
ATP2B4,493,1.0
ATP2C1,27032,1.0
ATP6AP1,537,1.0
ATP6AP2,10159,1.0
ATP6V0A1,535,1.0
ATP6V0A2,23545,1.0
ATP6V0A4,50617,0.8441558441558441
ATP6V0D1,9114,1.0
ATP6V1A,523,1.0
ATP6V1B1,525,1.0
ATP6V1B2,526,1.0
ATP6V1C1,528,1.0
ATP6V1D,51382,1.0
ATP6V1E1,529,1.0
ATP6V1F,9296,1.0
ATP6V1G1,9550,1.0
ATP6V1G2,534,0.7922077922077922
ATP6V1H,51606,1.0
ATP7A,538,1.0
ATP8B1,5205,1.0
ATP9A,10079,1.0
ATP9B,374868,0.7662337662337663
ATPAF1,64756,1.0
ATPAF2,91647,1.0
ATR,545,0.961038961038961
ATRIP,84126,1.0
ATRN,8455,1.0
ATRX,546,1.0
ATXN1,6310,1.0
ATXN10,25814,1.0
ATXN1L,342371,1.0
ATXN2,6311,1.0
ATXN2L,11273,1.0
ATXN3,4287,1.0
ATXN7,6314,0.7012987012987013
ATXN7L3,56970,0.7272727272727273
ATXN7L3B,552889,0.961038961038961
AUH,549,1.0
AUP1,550,1.0
AURKA,6790,0.8571428571428571
AURKB,9212,0.961038961038961
AUTS2,26053,0.974025974025974
AVEN,57099,1.0
AVL9,23080,1.0
AXIN1,8312,0.948051948051948
AXL,558,0.8571428571428571
AZGP1,563,1.0
AZI2,64343,1.0
AZU1,566,1.0
B2M,567,1.0
B3GALT6,126792,0.7142857142857143
B3GAT3,26229,1.0
B3GNT2,10678,0.987012987012987
B4GALT1,2683,1.0
B4GALT3,8703,0.948051948051948
B4GALT4,8702,0.7792207792207793
B4GALT7,11285,0.7012987012987013
B9D1,27077,0.5324675324675324
BACH1,571,1.0
BAD,572,1.0
BAG1,573,1.0
BAG2,9532,1.0
BAG3,9531,1.0
BAG4,9530,1.0
BAG5,9529,1.0
BAHD1,22893,0.8441558441558441
BAIAP2,10458,1.0
BAIAP2L1,55971,1.0
BAK1,578,0.8701298701298701
BANF1,8815,1.0
BANK1,55024,0.5974025974025974
BANP,54971,1.0
BAP1,8314,0.935064935064935
BARD1,580,0.7272727272727273
BASP1,10409,1.0
BAX,581,1.0
BAZ1A,11177,1.0
BAZ1B,9031,1.0
BAZ2A,11176,0.961038961038961
BAZ2B,29994,0.987012987012987
BBC3,27113,0.8831168831168831
BBOX1,8424,0.7662337662337663
BBS1,582,1.0
BBS2,583,1.0
BBS4,585,0.6103896103896104
BBS7,55212,1.0
BBS9,27241,0.922077922077922
BBX,56987,1.0
BCAM,4059,1.0
BCAP29,55973,0.961038961038961
BCAP31,10134,1.0
BCAR1,9564,1.0
BCAR3,8412,1.0
BCAS1,8537,1.0
BCAS2,10286,1.0
BCAS3,54828,1.0
BCAS4,55653,0.8311688311688312
BCAT1,586,1.0
BCAT2,587,1.0
BCCIP,56647,1.0
BCHE,590,1.0
BCKDHA,593,1.0
BCKDHB,594,1.0
BCKDK,10295,1.0
BCL10,8915,1.0
BCL11B,64919,0.6103896103896104
BCL2,596,0.974025974025974
BCL2L1,598,1.0
BCL2L11,10018,0.948051948051948
BCL2L13,23786,1.0
BCL2L14,79370,0.5714285714285714
BCL3,602,1.0
BCL6,604,0.7142857142857143
BCL7A,605,0.961038961038961
BCL7B,9275,1.0
BCL7C,9274,1.0
BCL9,607,0.935064935064935
BCL9L,283149,1.0
BCLAF1,9774,1.0
BCOR,54880,0.8831168831168831
BCORL1,63035,0.5714285714285714
BCR,613,1.0
BCS1L,617,1.0
BDH1,622,1.0
BDH2,56898,1.0
BECN1,8678,1.0
BEND3,57673,1.0
BET1,10282,1.0
BET1L,51272,1.0
BGN,633,1.0
BHLHE40,8553,1.0
BICC1,80114,0.974025974025974
BICD1,636,0.987012987012987
BICD2,23299,1.0
BID,637,1.0
BIN1,274,1.0
BIN2,51411,1.0
BIN3,55909,1.0
BIRC2,329,1.0
BIRC3,330,0.5584415584415584
BIRC5,332,0.8311688311688312
BIRC6,57448,1.0
BLM,641,0.7142857142857143
BLMH,642,1.0
BLNK,29760,1.0
BLOC1S1,2647,1.0
BLOC1S2,282991,1.0
BLOC1S3,388552,1.0
BLVRA,644,1.0
BLVRB,645,1.0
BLZF1,8548,0.948051948051948
BMF,90427,0.7662337662337663
BMP1,649,1.0
BMP2K,55589,1.0
BMPR1B,658,0.6363636363636364
BMS1,9790,1.0
BNIP1,662,0.9090909090909091
BNIP2,663,1.0
BNIP3,664,0.6493506493506493
BNIP3L,665,0.7012987012987013
BNIPL,149428,0.8311688311688312
BOD1,91272,1.0
BOK,666,0.7272727272727273
BOLA1,51027,1.0
BOLA3,388962,1.0
BOP1,23246,1.0
BPGM,669,1.0
BPHL,670,1.0
BPI,671,1.0
BPNT1,10380,1.0
BPTF,2186,1.0
BRAF,673,1.0
BRAP,8315,1.0
BRCA1,672,0.7272727272727273
BRCC3,79184,1.0
BRD1,23774,1.0
BRD2,6046,1.0
BRD3,8019,1.0
BRD4,23476,1.0
BRD7,29117,1.0
BRD8,10902,1.0
BRD9,65980,1.0
BRF1,2972,0.961038961038961
BRIP1,83990,0.5324675324675324
BRIX1,55299,1.0
BRMS1,25855,1.0
BRMS1L,84312,1.0
BRPF1,7862,1.0
BRPF3,27154,0.8441558441558441
BRWD1,54014,1.0
BRWD3,254065,0.5714285714285714
BSCL2,26580,0.5714285714285714
BSDC1,55108,1.0
BSG,682,1.0
BSPRY,54836,1.0
BST1,683,0.5324675324675324
BST2,684,1.0
BTAF1,9044,1.0
BTBD1,53339,0.974025974025974
BTBD10,84280,0.7142857142857143
BTBD2,55643,0.961038961038961
BTBD9,114781,0.935064935064935
BTD,686,1.0
BTF3,689,1.0
BTF3L4,91408,1.0
BTG1,694,0.5324675324675324
BTK,695,1.0
BTN3A1,11119,0.5064935064935064
BTN3A3,10384,1.0
BUB1B,701,0.961038961038961
BUB3,9184,1.0
BUD13,84811,1.0
BUD31,8896,1.0
BYSL,705,1.0
BZW1,9689,1.0
BZW2,28969,1.0
C11orf52,91894,0.935064935064935
C11orf58,10944,1.0
C11orf68,83638,1.0
C12orf43,64897,1.0
C12orf57,113246,1.0
C12orf75,387882,0.8051948051948052
C14orf119,55017,0.961038961038961
C15orf40,123207,1.0
C17orf75,64149,1.0
C18orf32,497661,0.922077922077922
C19orf12,83636,0.935064935064935
C19orf25,148223,1.0
C19orf33,64073,0.9090909090909091
C19orf47,126526,1.0
C19orf53,28974,1.0
C1D,10438,0.8441558441558441
C1QA,712,1.0
C1QB,713,1.0
C1QBP,708,1.0
C1QC,714,1.0
C1QTNF3,114899,1.0
C1RL,51279,1.0
C1S,716,1.0
C1orf116,79098,1.0
C1orf122,127687,1.0
C1orf174,339448,1.0
C1orf198,84886,1.0
C1orf21,81563,0.948051948051948
C1orf226,400793,1.0
C1orf35,79169,1.0
C1orf50,79078,1.0
C1orf52,148423,1.0
C2,717,1.0
C2CD2,25966,0.8701298701298701
C2CD2L,9854,0.8051948051948052
C2CD3,26005,0.8701298701298701
C2orf68,388969,0.6623376623376623
C2orf69,205327,1.0
C2orf76,130355,1.0
C3,718,1.0
C3orf38,285237,1.0
C4BPA,722,1.0
C4BPB,725,1.0
C4orf33,132321,1.0
C5,727,1.0
C5AR1,728,0.6623376623376623
C5orf22,55322,1.0
C5orf24,134553,1.0
C6,729,1.0
C6orf132,647024,1.0
C6orf47,57827,0.8311688311688312
C6orf89,221477,0.7792207792207793
C7,730,1.0
C7orf25,79020,1.0
C8A,731,1.0
C8B,732,1.0
C8G,733,1.0
C8orf33,65265,1.0
C9,735,1.0
C9orf40,55071,0.5194805194805194
C9orf72,203228,0.8701298701298701
C9orf78,51759,1.0
CA1,759,1.0
CA12,771,1.0
CA13,377677,1.0
CA2,760,1.0
CA3,761,1.0
CA5B,11238,0.974025974025974
CA8,767,1.0
CAB39,51719,1.0
CAB39L,81617,1.0
CABIN1,23523,1.0
CABLES1,91768,1.0
CACHD1,57685,0.5064935064935064
CACNA2D1,781,1.0
CACNA2D2,9254,0.7532467532467533
CACNB3,784,0.961038961038961
CACYBP,27101,1.0
CAD,790,1.0
CADM1,23705,1.0
CADM4,199731,1.0
CADPS2,93664,1.0
CALB2,794,1.0
CALCOCO1,57658,1.0
CALCOCO2,10241,1.0
CALCRL,10203,0.5844155844155844
CALD1,800,1.0
CALM2,805,1.0
CALML3,810,1.0
CALML5,51806,1.0
CALR,811,1.0
CALU,813,1.0
CAMK1,8536,1.0
CAMK1D,57118,1.0
CAMK2D,817,1.0
CAMK2G,818,1.0
CAMK4,814,0.922077922077922
CAMKK1,84254,1.0
CAMKK2,10645,1.0
CAMLG,819,0.974025974025974
CAMP,820,1.0
CAMSAP1,157922,1.0
CAND1,55832,1.0
CAND2,23066,0.8701298701298701
CANT1,124583,1.0
CANX,821,1.0
CAP1,10487,1.0
CAP2,10486,1.0
CAPG,822,1.0
CAPN1,823,1.0
CAPN13,92291,1.0
CAPN2,824,1.0
CAPN5,726,0.8441558441558441
CAPN7,23473,1.0
CAPNS1,826,1.0
CAPRIN1,4076,1.0
CAPS,828,1.0
CAPZA1,829,1.0
CAPZA2,830,1.0
CAPZB,832,1.0
CARD10,29775,0.7142857142857143
CARD11,84433,1.0
CARD14,79092,1.0
CARD16,114769,1.0
CARD6,84674,0.8311688311688312
CARD8,22900,1.0
CARD9,64170,1.0
CARHSP1,23589,1.0
CARM1,10498,1.0
CARS2,79587,1.0
CARTPT,9607,1.0
CASC3,22794,1.0
CASK,8573,1.0
CASKIN2,57513,1.0
CASP1,834,1.0
CASP10,843,1.0
CASP14,23581,1.0
CASP2,835,1.0
CASP3,836,1.0
CASP4,837,1.0
CASP6,839,1.0
CASP7,840,1.0
CASP8,841,1.0
CASP9,842,1.0
CAST,831,1.0
CASZ1,54897,1.0
CAT,847,1.0
CATSPERG,57828,0.5974025974025974
CAV1,857,1.0
CBFA2T2,9139,0.7922077922077922
CBFB,865,1.0
CBL,867,1.0
CBLB,868,1.0
CBLL1,79872,1.0
CBR1,873,1.0
CBR3,874,1.0
CBR4,84869,1.0
CBS,875,1.0
CBX1,10951,1.0
CBX2,84733,0.948051948051948
CBX3,11335,1.0
CBX4,8535,1.0
CBX5,23468,1.0
CBX6,23466,0.935064935064935
CBX7,23492,0.7272727272727273
CBX8,57332,1.0
CC2D1A,54862,1.0
CC2D1B,200014,1.0
CCAR1,55749,1.0
CCDC102A,92922,1.0
CCDC112,153733,0.6493506493506493
CCDC117,150275,0.922077922077922
CCDC12,151903,1.0
CCDC120,90060,0.8441558441558441
CCDC124,115098,1.0
CCDC125,202243,0.5324675324675324
CCDC127,133957,1.0
CCDC134,79879,1.0
CCDC137,339230,0.6363636363636364
CCDC144A,9720,0.9090909090909091
CCDC149,91050,1.0
CCDC22,28952,1.0
CCDC25,55246,1.0
CCDC28A,25901,1.0
CCDC43,124808,1.0
CCDC47,57003,1.0
CCDC50,152137,1.0
CCDC51,79714,1.0
CCDC59,29080,0.5714285714285714
CCDC6,8030,1.0
CCDC61,729440,1.0
CCDC77,84318,0.6753246753246753
CCDC8,83987,0.922077922077922
CCDC80,151887,1.0
CCDC82,79780,0.7142857142857143
CCDC85B,11007,0.8051948051948052
CCDC85C,317762,1.0
CCDC86,79080,1.0
CCDC88A,55704,1.0
CCDC88B,283234,1.0
CCDC88C,440193,1.0
CCDC9,26093,1.0
CCDC90B,60492,1.0
CCDC91,55297,1.0
CCDC92,80212,1.0
CCDC93,54520,1.0
CCDC97,90324,1.0
CCL14,6358,0.935064935064935
CCL18,6362,1.0
CCL21,6366,0.8181818181818182
CCL28,56477,0.5064935064935064
CCL5,6352,1.0
CCM2,83605,1.0
CCNA2,890,0.8961038961038961
CCNB1,891,0.961038961038961
CCNB2,9133,0.6883116883116883
CCNC,892,0.7532467532467533
CCND1,595,0.987012987012987
CCNDBP1,23582,0.974025974025974
CCNH,902,1.0
CCNK,8812,1.0
CCNL1,57018,1.0
CCNL2,81669,0.922077922077922
CCNT1,904,1.0
CCNT2,905,1.0
CCNY,219771,1.0
CCNYL1,151195,0.7532467532467533
CCPG1,9236,0.7272727272727273
CCS,9973,1.0
CCT2,10576,1.0
CCT3,7203,1.0
CCT4,10575,1.0
CCT5,22948,1.0
CCT6A,908,1.0
CCT7,10574,1.0
CCT8,10694,1.0
CD109,135228,1.0
CD14,929,1.0
CD151,977,0.961038961038961
CD163,9332,1.0
CD180,4064,1.0
CD2,914,0.8181818181818182
CD209,30835,1.0
CD244,51744,0.5584415584415584
CD247,919,0.7012987012987013
CD248,57124,1.0
CD276,80381,1.0
CD2AP,23607,1.0
CD2BP2,10421,1.0
CD300A,11314,0.935064935064935
CD34,947,0.987012987012987
CD36,948,1.0
CD38,952,1.0
CD3E,916,0.6753246753246753
CD4,920,1.0
CD40,958,0.8961038961038961
CD44,960,1.0
CD46,4179,1.0
CD47,961,1.0
CD48,962,0.974025974025974
CD5,921,0.7662337662337663
CD53,963,0.922077922077922
CD55,1604,1.0
CD58,965,1.0
CD59,966,1.0
CD5L,922,1.0
CD63,967,1.0
CD74,972,1.0
CD79A,973,0.5194805194805194
CD81,975,1.0
CD82,3732,0.6753246753246753
CD84,8832,0.8441558441558441
CD8A,925,0.7922077922077922
CD9,928,1.0
CD93,22918,1.0
CD99L2,83692,1.0
CDA,978,1.0
CDAN1,146059,0.961038961038961
CDC123,8872,1.0
CDC16,8881,1.0
CDC20,991,0.974025974025974
CDC23,8697,1.0
CDC25C,995,0.8831168831168831
CDC26,246184,1.0
CDC27,996,1.0
CDC34,997,0.961038961038961
CDC37,11140,1.0
CDC37L1,55664,1.0
CDC40,51362,1.0
CDC42,998,1.0
CDC42BPA,8476,1.0
CDC42BPB,9578,1.0
CDC42BPG,55561,1.0
CDC42EP1,11135,1.0
CDC42EP2,10435,0.974025974025974
CDC42EP3,10602,0.8831168831168831
CDC42EP4,23580,1.0
CDC42EP5,148170,1.0
CDC42SE1,56882,0.7662337662337663
CDC42SE2,56990,0.935064935064935
CDC5L,988,1.0
CDC7,8317,0.5584415584415584
CDC73,79577,1.0
CDCA2,157313,0.8571428571428571
CDCA3,83461,0.6883116883116883
CDCA5,113130,0.7922077922077922
CDCA7L,55536,0.8181818181818182
CDCA8,55143,0.948051948051948
CDCP1,64866,0.961038961038961
CDH1,999,1.0
CDH11,1009,1.0
CDH13,1012,1.0
CDH3,1001,0.922077922077922
CDH5,1003,1.0
CDIPT,10423,0.961038961038961
CDK1,983,1.0
CDK10,8558,0.5454545454545454
CDK12,51755,1.0
CDK13,8621,1.0
CDK14,5218,0.974025974025974
CDK16,5127,1.0
CDK17,5128,1.0
CDK18,5129,0.8831168831168831
CDK19,23097,0.8831168831168831
CDK2,1017,1.0
CDK2AP1,8099,0.935064935064935
CDK4,1019,1.0
CDK5,1020,1.0
CDK5RAP1,51654,1.0
CDK5RAP2,55755,1.0
CDK5RAP3,80279,1.0
CDK6,1021,1.0
CDK7,1022,1.0
CDK8,1024,0.5844155844155844
CDK9,1025,1.0
CDKAL1,54901,1.0
CDKL5,6792,0.5974025974025974
CDKN1A,1026,0.6883116883116883
CDKN1B,1027,1.0
CDKN1C,1028,0.5584415584415584
CDKN2A,1029,1.0
CDKN2AIP,55602,1.0
CDKN2C,1031,1.0
CDNF,441549,0.6753246753246753
CDR2,1039,1.0
CDR2L,30850,1.0
CDS2,8760,0.922077922077922
CDV3,55573,1.0
CDYL,9425,1.0
CDYL2,124359,0.987012987012987
CEACAM1,634,0.9090909090909091
CEACAM5,1048,0.8571428571428571
CEBPA,1050,0.8701298701298701
CEBPB,1051,1.0
CEBPD,1052,0.5974025974025974
CEBPG,1054,0.9090909090909091
CEBPZ,10153,1.0
CELF1,10658,1.0
CELF2,10659,1.0
CELSR1,9620,1.0
CELSR2,1952,1.0
CENPB,1059,1.0
CENPE,1062,0.8961038961038961
CENPF,1063,1.0
CENPH,64946,0.7792207792207793
CENPK,64105,0.6103896103896104
CENPM,79019,0.6103896103896104
CENPQ,55166,0.5714285714285714
CENPT,80152,0.5454545454545454
CENPV,201161,1.0
CEP120,153241,1.0
CEP135,9662,1.0
CEP152,22995,0.7272727272727273
CEP164,22897,0.7792207792207793
CEP170,9859,1.0
CEP192,55125,1.0
CEP250,11190,1.0
CEP290,80184,1.0
CEP350,9857,1.0
CEP55,55165,0.948051948051948
CEP57,9702,1.0
CEP63,80254,0.935064935064935
CEP68,23177,1.0
CEP76,79959,0.9090909090909091
CEP78,84131,0.961038961038961
CEP97,79598,1.0
CEPT1,10390,0.961038961038961
CERCAM,51148,1.0
CES1,1066,1.0
CES2,8824,1.0
CES3,23491,0.5844155844155844
CETN2,1069,1.0
CETN3,1070,1.0
CFB,629,1.0
CFD,1675,1.0
CFDP1,10428,1.0
CFH,3075,1.0
CFHR1,3078,1.0
CFHR2,3080,1.0
CFHR3,10878,1.0
CFHR4,10877,0.7532467532467533
CFHR5,81494,1.0
CFI,3426,1.0
CFL1,1072,1.0
CFL2,1073,1.0
CFLAR,8837,0.8311688311688312
CFP,5199,1.0
CGA,1081,0.5454545454545454
CGGBP1,8545,1.0
CGN,57530,1.0
CGNL1,84952,1.0
CGREF1,10669,1.0
CHAC2,494143,0.935064935064935
CHAD,1101,1.0
CHAF1A,10036,1.0
CHAF1B,8208,1.0
CHCHD1,118487,1.0
CHCHD2,51142,1.0
CHCHD3,54927,1.0
CHCHD4,131474,1.0
CHCHD5,84269,1.0
CHCHD6,84303,1.0
CHCHD7,79145,0.948051948051948
CHD1,1105,1.0
CHD1L,9557,1.0
CHD2,1106,1.0
CHD3,1107,1.0
CHD4,1108,1.0
CHD6,84181,0.961038961038961
CHD7,55636,0.974025974025974
CHD8,57680,1.0
CHD9,80205,0.8701298701298701
CHDH,55349,1.0
CHEK1,1111,0.6363636363636364
CHEK2,11200,1.0
CHERP,10523,1.0
CHFR,55743,0.961038961038961
CHGA,1113,0.948051948051948
CHGB,1114,1.0
CHI3L1,1116,0.6103896103896104
CHI3L2,1117,0.5844155844155844
CHID1,66005,1.0
CHIT1,1118,0.6493506493506493
CHKA,1119,1.0
CHKB,1120,1.0
CHL1,10752,0.6623376623376623
CHM,1121,1.0
CHML,1122,0.974025974025974
CHMP1A,5119,1.0
CHMP1B,57132,1.0
CHMP2A,27243,1.0
CHMP2B,25978,1.0
CHMP4A,29082,1.0
CHMP4B,128866,1.0
CHMP4C,92421,1.0
CHMP5,51510,1.0
CHMP6,79643,1.0
CHMP7,91782,1.0
CHN1,1123,0.922077922077922
CHN2,1124,0.8051948051948052
CHORDC1,26973,1.0
CHPF,79586,0.922077922077922
CHPF2,54480,0.8831168831168831
CHPT1,56994,0.6493506493506493
CHRAC1,54108,1.0
CHRD,8646,0.8831168831168831
CHST14,113189,0.961038961038961
CHST15,51363,0.7402597402597403
CHSY1,22856,0.6883116883116883
CHTF18,63922,1.0
CHTF8,54921,0.7792207792207793
CHUK,1147,1.0
CIAO1,9391,1.0
CIAPIN1,57019,1.0
CIB1,10519,1.0
CIC,23152,1.0
CILP,8483,1.0
CILP2,148113,0.8441558441558441
CINP,51550,1.0
CIRBP,1153,1.0
CISD1,55847,1.0
CISD2,493856,1.0
CISD3,284106,1.0
CIT,11113,1.0
CIZ1,25792,1.0
CKAP2,26586,0.8701298701298701
CKAP4,10970,1.0
CKAP5,9793,1.0
CKB,1152,1.0
CKMT2,1160,0.8571428571428571
CKS1B,1163,1.0
CKS2,1164,1.0
CLC,1178,1.0
CLCA2,9635,0.7922077922077922
CLCC1,23155,1.0
CLCN3,1182,0.948051948051948
CLCN7,1186,1.0
CLDN3,1365,0.922077922077922
CLDN7,1366,1.0
CLEC11A,6320,1.0
CLEC14A,161198,0.7402597402597403
CLEC16A,23274,1.0
CLEC3A,10143,1.0
CLEC3B,7123,1.0
CLGN,1047,1.0
CLIC1,1192,1.0
CLIC2,1193,1.0
CLIC3,9022,1.0
CLIC4,25932,1.0
CLIC5,53405,0.8701298701298701
CLIC6,54102,1.0
CLINT1,9685,1.0
CLIP1,6249,1.0
CLIP2,7461,1.0
CLK2,1196,0.7662337662337663
CLK3,1198,1.0
CLMN,79789,1.0
CLN3,1201,0.922077922077922
CLN5,1203,1.0
CLN6,54982,0.5584415584415584
CLNS1A,1207,1.0
CLOCK,9575,0.9090909090909091
CLP1,10978,1.0
CLPB,81570,1.0
CLPP,8192,1.0
CLPTM1,1209,0.961038961038961
CLPTM1L,81037,1.0
CLPX,10845,1.0
CLSPN,63967,0.6493506493506493
CLSTN1,22883,1.0
CLSTN2,64084,1.0
CLSTN3,9746,0.922077922077922
CLTA,1211,1.0
CLTB,1212,1.0
CLTC,1213,1.0
CLTCL1,8218,0.5974025974025974
CLU,1191,1.0
CLYBL,171425,1.0
CMA1,1215,1.0
CMAS,55907,1.0
CMBL,134147,1.0
CMC1,152100,1.0
CMIP,80790,1.0
CMPK1,51727,1.0
CMPK2,129607,1.0
CMTM4,146223,0.7922077922077922
CNBP,7555,1.0
CNDP1,84735,1.0
CNDP2,55748,1.0
CNIH4,29097,0.935064935064935
CNKSR1,10256,1.0
CNKSR3,154043,0.5974025974025974
CNN1,1264,1.0
CNN2,1265,1.0
CNN3,1266,1.0
CNNM3,26505,0.974025974025974
CNNM4,26504,0.961038961038961
CNOT1,23019,1.0
CNOT10,25904,1.0
CNOT2,4848,1.0
CNOT3,4849,1.0
CNOT4,4850,1.0
CNOT6,57472,0.7272727272727273
CNOT6L,246175,1.0
CNOT7,29883,1.0
CNOT8,9337,0.922077922077922
CNP,1267,1.0
CNPY2,10330,1.0
CNPY3,10695,1.0
CNPY4,245812,1.0
CNRIP1,25927,1.0
CNST,163882,0.961038961038961
CNTLN,54875,0.8701298701298701
CNTN1,1272,0.6233766233766234
CNTROB,116840,1.0
COASY,80347,1.0
COBL,23242,1.0
COBLL1,22837,1.0
COCH,1690,0.6363636363636364
COG1,9382,1.0
COG2,22796,1.0
COG3,83548,1.0
COG4,25839,1.0
COG5,10466,1.0
COG6,57511,1.0
COG7,91949,1.0
COG8,84342,1.0
COIL,8161,1.0
COL10A1,1300,0.8701298701298701
COL11A1,1301,1.0
COL12A1,1303,1.0
COL14A1,7373,1.0
COL15A1,1306,1.0
COL16A1,1307,1.0
COL17A1,1308,0.5974025974025974
COL18A1,80781,1.0
COL1A1,1277,1.0
COL1A2,1278,1.0
COL22A1,169044,0.5324675324675324
COL2A1,1280,1.0
COL3A1,1281,1.0
COL4A1,1282,1.0
COL4A2,1284,1.0
COL5A1,1289,1.0
COL5A2,1290,1.0
COL5A3,50509,1.0
COL6A1,1291,1.0
COL6A2,1292,1.0
COL6A3,1293,1.0
COL6A6,131873,0.935064935064935
COL7A1,1294,0.7012987012987013
COL8A1,1295,0.961038961038961
COLEC11,78989,0.5194805194805194
COLEC12,81035,0.961038961038961
COMMD1,150684,1.0
COMMD10,51397,1.0
COMMD2,51122,1.0
COMMD3,23412,1.0
COMMD4,54939,1.0
COMMD5,28991,1.0
COMMD6,170622,1.0
COMMD7,149951,1.0
COMMD8,54951,1.0
COMMD9,29099,1.0
COMP,1311,1.0
COMT,1312,1.0
COMTD1,118881,1.0
COPA,1314,1.0
COPB1,1315,1.0
COPB2,9276,1.0
COPE,11316,1.0
COPS2,9318,1.0
COPS3,8533,1.0
COPS4,51138,1.0
COPS5,10987,1.0
COPS6,10980,1.0
COPS7A,50813,1.0
COPS7B,64708,1.0
COPS8,10920,1.0
COPZ1,22818,1.0
COQ10B,80219,1.0
COQ3,51805,1.0
COQ5,84274,1.0
COQ6,51004,1.0
COQ7,10229,1.0
COQ9,57017,1.0
CORO1A,11151,1.0
CORO1B,57175,1.0
CORO1C,23603,1.0
CORO2A,7464,1.0
CORO2B,10391,1.0
CORO7,79585,1.0
COTL1,23406,1.0
COX11,1353,0.935064935064935
COX15,1355,0.7532467532467533
COX17,10063,1.0
COX19,90639,1.0
COX4I1,1327,1.0
COX5A,9377,1.0
COX5B,1329,1.0
COX6A1,1337,1.0
COX6B1,1340,1.0
COX6C,1345,1.0
COX7A1,1346,0.987012987012987
COX7A2,1347,1.0
COX7A2L,9167,1.0
COX7B,1349,0.922077922077922
COX7C,1350,1.0
COX8A,1351,1.0
CP,1356,1.0
CPA3,1359,1.0
CPB1,1360,1.0
CPB2,1361,1.0
CPD,1362,1.0
CPE,1363,1.0
CPEB2,132864,1.0
CPEB4,80315,1.0
CPM,1368,0.961038961038961
CPN1,1369,1.0
CPN2,1370,1.0
CPNE1,8904,1.0
CPNE2,221184,1.0
CPNE3,8895,1.0
CPNE8,144402,1.0
CPOX,1371,1.0
CPPED1,55313,1.0
CPS1,1373,1.0
CPSF1,29894,1.0
CPSF2,53981,1.0
CPSF3,51692,1.0
CPSF4,10898,1.0
CPSF6,11052,1.0
CPSF7,79869,1.0
CPT1A,1374,1.0
CPT2,1376,1.0
CPVL,54504,1.0
CPXM1,56265,1.0
CPXM2,119587,1.0
CPZ,8532,1.0
CRABP1,1381,1.0
CRABP2,1382,1.0
CRADD,8738,1.0
CRAT,1384,1.0
CRBN,51185,1.0
CRCP,27297,0.8961038961038961
CREB1,1385,1.0
CREB3L4,148327,0.8441558441558441
CREBBP,1387,1.0
CREG1,8804,1.0
CRELD1,78987,1.0
CRELD2,79174,1.0
CRIM1,51232,0.7532467532467533
CRIP1,1396,1.0
CRIP2,1397,1.0
CRIPT,9419,1.0
CRISP3,10321,1.0
CRISPLD1,83690,0.948051948051948
CRISPLD2,83716,1.0
CRK,1398,1.0
CRKL,1399,1.0
CRLF3,51379,1.0
CRMP1,1400,1.0
CRNKL1,51340,1.0
CROCC,9696,1.0
CROT,54677,1.0
CRP,1401,0.961038961038961
CRTAC1,55118,1.0
CRTAP,10491,1.0
CRTC1,23373,1.0
CRTC2,200186,1.0
CRTC3,64784,1.0
CRY1,1407,0.5714285714285714
CRY2,1408,0.5064935064935064
CRYAB,1410,1.0
CRYBB1,1414,0.8051948051948052
CRYL1,51084,1.0
CRYM,1428,1.0
CRYZ,1429,1.0
CRYZL1,9946,1.0
CS,1431,1.0
CSAD,51380,1.0
CSDE1,7812,1.0
CSE1L,1434,1.0
CSF1,1435,0.7792207792207793
CSF1R,1436,1.0
CSK,1445,1.0
CSN2,1447,1.0
CSNK1A1,1452,1.0
CSNK1D,1453,1.0
CSNK1G1,53944,0.7662337662337663
CSNK1G3,1456,0.922077922077922
CSNK2A1,1457,1.0
CSNK2A2,1459,1.0
CSNK2B,1460,1.0
CSPG4,1464,1.0
CSPP1,79848,0.8571428571428571
CSRP1,1465,1.0
CSRP2,1466,1.0
CST3,1471,1.0
CST5,1473,0.8571428571428571
CST6,1474,0.8701298701298701
CSTA,1475,1.0
CSTB,1476,1.0
CSTF1,1477,1.0
CSTF2,1478,1.0
CSTF2T,23283,1.0
CSTF3,1479,1.0
CTBP1,1487,1.0
CTBP2,1488,1.0
CTBS,1486,1.0
CTCF,10664,1.0
CTDP1,9150,1.0
CTDSPL2,51496,1.0
CTF1,1489,0.6883116883116883
CTH,1491,1.0
CTHRC1,115908,1.0
CTNNA1,1495,1.0
CTNNAL1,8727,0.8311688311688312
CTNNB1,1499,1.0
CTNNBIP1,56998,1.0
CTNNBL1,56259,1.0
CTNND1,1500,1.0
CTNND2,1501,0.8831168831168831
CTPS2,56474,1.0
CTR9,9646,1.0
CTSA,5476,1.0
CTSB,1508,1.0
CTSC,1075,1.0
CTSD,1509,1.0
CTSF,8722,1.0
CTSG,1511,1.0
CTSH,1512,1.0
CTSK,1513,1.0
CTSO,1519,0.974025974025974
CTSS,1520,1.0
CTSW,1521,0.5974025974025974
CTSZ,1522,1.0
CTTN,2017,1.0
CTTNBP2,83992,0.5714285714285714
CTTNBP2NL,55917,1.0
CTU1,90353,1.0
CTU2,348180,1.0
CUEDC1,404093,1.0
CUEDC2,79004,0.9090909090909091
CUL1,8454,1.0
CUL2,8453,1.0
CUL3,8452,1.0
CUL4A,8451,1.0
CUL4B,8450,1.0
CUL5,8065,1.0
CUL7,9820,1.0
CUL9,23113,0.961038961038961
CUTA,51596,1.0
CUTC,51076,1.0
CUX1,1523,1.0
CWC22,57703,1.0
CWC25,54883,1.0
CWC27,10283,1.0
CWF19L1,55280,1.0
CWF19L2,143884,1.0
CXADR,1525,0.8701298701298701
CXCL10,3627,0.935064935064935
CXCL12,6387,1.0
CXCL14,9547,0.935064935064935
CXCL9,4283,0.8571428571428571
CXXC1,30827,1.0
CXXC5,51523,0.948051948051948
CXorf38,159013,1.0
CYB5A,1528,1.0
CYB5B,80777,0.961038961038961
CYB5R1,51706,1.0
CYB5R2,51700,1.0
CYB5R3,1727,1.0
CYB5R4,51167,0.974025974025974
CYBA,1535,0.922077922077922
CYBB,1536,1.0
CYBRD1,79901,0.922077922077922
CYC1,1537,1.0
CYCS,54205,1.0
CYFIP1,23191,1.0
CYGB,114757,1.0
CYLD,1540,1.0
CYP1B1,1545,0.974025974025974
CYP20A1,57404,1.0
CYP24A1,1591,0.8181818181818182
CYP27A1,1593,1.0
CYP2J2,1573,0.5064935064935064
CYP2S1,29785,0.6363636363636364
CYP4B1,1580,0.6233766233766234
CYP4F11,57834,0.6623376623376623
CYP4X1,260293,0.8441558441558441
CYP4Z1,199974,0.5194805194805194
CYP51A1,1595,1.0
CYP7B1,9420,0.6363636363636364
CYTH1,9267,1.0
CYTH2,9266,1.0
CYTH3,9265,0.8181818181818182
CYTH4,27128,0.974025974025974
CYTIP,9595,0.5454545454545454
D2HGDH,728294,1.0
DAAM1,23002,1.0
DAAM2,23500,0.9090909090909091
DAB2,1601,1.0
DAB2IP,153090,1.0
DACH1,1602,1.0
DAD1,1603,0.922077922077922
DAG1,1605,1.0
DAGLB,221955,1.0
DALRD3,55152,0.8311688311688312
DAP,1611,1.0
DAP3,7818,1.0
DAPK1,1612,1.0
DAPK2,23604,1.0
DAPK3,1613,1.0
DAPP1,27071,1.0
DARS2,55157,1.0
DAXX,1616,1.0
DAZAP1,26528,1.0
DAZAP2,9802,0.974025974025974
DBH,1621,0.5324675324675324
DBI,1622,1.0
DBN1,1627,1.0
DBNDD1,79007,0.8311688311688312
DBNL,28988,1.0
DBR1,51163,1.0
DBT,1629,1.0
DCAF10,79269,1.0
DCAF11,80344,1.0
DCAF16,54876,0.961038961038961
DCAF5,8816,1.0
DCAF6,55827,1.0
DCAF8,50717,1.0
DCAKD,79877,1.0
DCD,117159,0.922077922077922
DCHS1,8642,0.974025974025974
DCHS2,54798,0.5064935064935064
DCK,1633,1.0
DCLK1,9201,1.0
DCLK2,166614,0.7532467532467533
DCN,1634,1.0
DCP1B,196513,1.0
DCP2,167227,0.961038961038961
DCPS,28960,1.0
DCTD,1635,1.0
DCTN1,1639,1.0
DCTN2,10540,1.0
DCTN3,11258,1.0
DCTN4,51164,1.0
DCTN5,84516,1.0
DCTN6,10671,1.0
DCTPP1,79077,1.0
DCUN1D1,54165,1.0
DCUN1D3,123879,0.7532467532467533
DCUN1D4,23142,0.8701298701298701
DCUN1D5,84259,1.0
DCXR,51181,1.0
DDA1,79016,1.0
DDAH1,23576,1.0
DDAH2,23564,1.0
DDB1,1642,1.0
DDB2,1643,1.0
DDHD1,80821,0.8701298701298701
DDHD2,23259,1.0
DDI2,84301,1.0
DDO,8528,0.9090909090909091
DDOST,1650,1.0
DDR1,780,1.0
DDRGK1,65992,1.0
DDX1,1653,1.0
DDX10,1662,1.0
DDX11,1663,0.8441558441558441
DDX17,10521,1.0
DDX18,8886,1.0
DDX19A,55308,1.0
DDX19B,11269,1.0
DDX20,11218,1.0
DDX21,9188,1.0
DDX23,9416,1.0
DDX24,57062,1.0
DDX27,55661,1.0
DDX28,55794,1.0
DDX31,64794,1.0
DDX3X,1654,1.0
DDX41,51428,1.0
DDX42,11325,1.0
DDX46,9879,1.0
DDX47,51202,1.0
DDX49,54555,1.0
DDX5,1655,1.0
DDX50,79009,1.0
DDX51,317781,1.0
DDX52,11056,1.0
DDX54,79039,1.0
DDX55,57696,1.0
DDX56,54606,1.0
DDX59,83479,1.0
DDX6,1656,1.0
DDX60,55601,1.0
DDX60L,91351,0.961038961038961
DEAF1,10522,0.6493506493506493
DECR1,1666,1.0
DECR2,26063,1.0
DEF6,50619,1.0
DEF8,54849,0.6753246753246753
DEFA4,1669,0.5324675324675324
DEGS1,8560,0.8831168831168831
DEK,7913,1.0
DENND1A,57706,1.0
DENND1B,163486,0.987012987012987
DENND1C,79958,0.8311688311688312
DENND2D,79961,1.0
DENND3,22898,1.0
DENND4A,10260,1.0
DENND4B,9909,1.0
DENND4C,55667,1.0
DENND5A,23258,0.8441558441558441
DENR,8562,1.0
DEPDC5,9681,1.0
DERA,51071,1.0
DERL1,79139,1.0
DES,1674,1.0
DET1,55070,0.5324675324675324
DFFA,1676,1.0
DFFB,1677,1.0
DGAT1,8694,0.8181818181818182
DGCR8,54487,1.0
DGKA,1606,1.0
DGKD,8527,0.5714285714285714
DGKE,8526,0.7662337662337663
DGKH,160851,0.7792207792207793
DGKQ,1609,1.0
DGKZ,8525,1.0
DGUOK,1716,1.0
DHCR24,1718,1.0
DHCR7,1717,1.0
DHFR,1719,1.0
DHODH,1723,1.0
DHPS,1725,1.0
DHRS1,115817,1.0
DHRS11,79154,1.0
DHRS13,147015,1.0
DHRS2,10202,1.0
DHRS3,9249,1.0
DHRS4,10901,1.0
DHRS7,51635,1.0
DHRS7B,25979,1.0
DHTKD1,55526,1.0
DHX15,1665,1.0
DHX16,8449,1.0
DHX29,54505,1.0
DHX30,22907,1.0
DHX32,55760,1.0
DHX33,56919,1.0
DHX34,9704,1.0
DHX35,60625,1.0
DHX36,170506,1.0
DHX37,57647,1.0
DHX38,9785,1.0
DHX40,79665,1.0
DHX57,90957,1.0
DHX58,79132,1.0
DHX8,1659,1.0
DHX9,1660,1.0
DIABLO,56616,1.0
DIAPH1,1729,1.0
DIAPH2,1730,1.0
DIAPH3,81624,0.8831168831168831
DICER1,23405,1.0
DIDO1,11083,1.0
DIP2A,23181,1.0
DIP2B,57609,1.0
DIP2C,22982,1.0
DIS3,22894,1.0
DIS3L,115752,1.0
DIS3L2,129563,1.0
DIXDC1,85458,0.6363636363636364
DKC1,1736,1.0
DLAT,1737,1.0
DLC1,10395,0.7922077922077922
DLD,1738,1.0
DLG1,1739,1.0
DLG3,1741,1.0
DLG5,9231,1.0
DLGAP1,9229,0.6753246753246753
DLGAP4,22839,1.0
DLGAP5,9787,0.7402597402597403
DLST,1743,1.0
DMAP1,55929,1.0
DMD,1756,1.0
DMXL1,1657,1.0
DMXL2,23312,1.0
DNAH3,55567,0.7402597402597403
DNAH7,56171,1.0
DNAJA1,3301,1.0
DNAJA2,10294,1.0
DNAJA3,9093,1.0
DNAJA4,55466,1.0
DNAJB1,3337,1.0
DNAJB11,51726,1.0
DNAJB12,54788,1.0
DNAJB14,79982,0.974025974025974
DNAJB2,3300,1.0
DNAJB4,11080,1.0
DNAJB5,25822,0.5974025974025974
DNAJB6,10049,1.0
DNAJB9,4189,0.961038961038961
DNAJC1,64215,1.0
DNAJC10,54431,1.0
DNAJC11,55735,1.0
DNAJC12,56521,1.0
DNAJC13,23317,1.0
DNAJC16,23341,0.7792207792207793
DNAJC17,55192,1.0
DNAJC19,131118,1.0
DNAJC2,27000,1.0
DNAJC21,134218,1.0
DNAJC24,120526,0.6233766233766234
DNAJC25,548645,1.0
DNAJC3,5611,1.0
DNAJC30,84277,0.7402597402597403
DNAJC5,80331,0.974025974025974
DNAJC7,7266,1.0
DNAJC8,22826,1.0
DNAJC9,23234,1.0
DNAL1,83544,1.0
DNAL4,10126,0.7012987012987013
DNALI1,7802,0.7142857142857143
DNASE2,1777,1.0
DNHD1,144132,0.5324675324675324
DNLZ,728489,0.961038961038961
DNM1,1759,1.0
DNM1L,10059,1.0
DNM2,1785,1.0
DNMBP,23268,1.0
DNMT1,1786,1.0
DNMT3A,1788,1.0
DNPEP,23549,1.0
DNTTIP1,116092,1.0
DNTTIP2,30836,1.0
DOCK10,55619,1.0
DOCK11,139818,1.0
DOCK2,1794,1.0
DOCK4,9732,1.0
DOCK5,80005,1.0
DOCK6,57572,1.0
DOCK7,85440,1.0
DOCK8,81704,1.0
DOCK9,23348,1.0
DOHH,83475,1.0
DOK1,1796,1.0
DOK2,9046,1.0
DOK3,79930,1.0
DPAGT1,1798,0.5714285714285714
DPCD,25911,1.0
DPF2,5977,1.0
DPH1,1801,1.0
DPH2,1802,1.0
DPH3,285381,0.948051948051948
DPH5,51611,1.0
DPM1,8813,1.0
DPM3,54344,1.0
DPP3,10072,1.0
DPP4,1803,0.7662337662337663
DPP7,29952,1.0
DPP8,54878,1.0
DPP9,91039,1.0
DPT,1805,1.0
DPY30,84661,1.0
DPYD,1806,1.0
DPYSL2,1808,1.0
DPYSL3,1809,1.0
DPYSL4,10570,0.974025974025974
DPYSL5,56896,0.6623376623376623
DR1,1810,1.0
DRAP1,10589,1.0
DRG1,4733,1.0
DRG2,1819,1.0
DSC2,1824,1.0
DSCC1,79075,1.0
DSG2,1829,1.0
DSG3,1830,0.6623376623376623
DSN1,79980,1.0
DSP,1832,1.0
DST,667,1.0
DSTN,11034,1.0
DSTYK,25778,0.8441558441558441
DTD1,92675,0.961038961038961
DTL,51514,0.7922077922077922
DTNA,1837,0.935064935064935
DTNB,1838,1.0
DTNBP1,84062,1.0
DTWD1,56986,0.8831168831168831
DTWD2,285605,1.0
DTX2,113878,1.0
DTX3,196403,0.974025974025974
DTX3L,151636,1.0
DTYMK,1841,1.0
DUS1L,64118,1.0
DUS3L,56931,1.0
DUSP12,11266,1.0
DUSP14,11072,0.6883116883116883
DUSP16,80824,0.8831168831168831
DUSP22,56940,0.9090909090909091
DUSP23,54935,1.0
DUSP3,1845,1.0
DUT,1854,1.0
DVL1,1855,0.948051948051948
DVL2,1856,1.0
DVL3,1857,1.0
DYM,54808,1.0
DYNC1H1,1778,1.0
DYNC1I1,1780,0.5974025974025974
DYNC1I2,1781,1.0
DYNC1LI1,51143,1.0
DYNC1LI2,1783,1.0
DYNC2H1,79659,1.0
DYNC2LI1,51626,0.8831168831168831
DYNLL1,8655,1.0
DYNLL2,140735,1.0
DYNLRB1,83658,1.0
DYNLT1,6993,1.0
DYNLT3,6990,1.0
DYRK1A,1859,1.0
DYRK1B,9149,0.7922077922077922
DYSF,8291,1.0
DZIP3,9666,0.7662337662337663
E2F3,1871,0.7142857142857143
E2F4,1874,1.0
E4F1,1877,0.7792207792207793
EAF1,85403,1.0
EAPP,55837,1.0
EARS2,124454,1.0
EBAG9,9166,0.987012987012987
EBNA1BP2,10969,1.0
ECD,11319,1.0
ECE1,1889,1.0
ECE2,9718,1.0
ECH1,1891,1.0
ECHDC1,55862,1.0
ECHDC2,55268,1.0
ECHDC3,79746,1.0
ECHS1,1892,1.0
ECM1,1893,1.0
ECM2,1842,1.0
ECSIT,51295,1.0
ECT2,1894,1.0
EDARADD,128178,0.974025974025974
EDC3,80153,1.0
EDC4,23644,1.0
EDEM2,55741,0.935064935064935
EDEM3,80267,1.0
EDF1,8721,1.0
EDIL3,10085,0.8701298701298701
EEA1,8411,1.0
EED,8726,1.0
EEF1A1,1915,1.0
EEF1A2,1917,1.0
EEF1B2,1933,1.0
EEF1D,1936,1.0
EEF1E1,9521,1.0
EEF1G,1937,1.0
EEF2,1938,1.0
EEF2K,29904,1.0
EEFSEC,60678,1.0
EEPD1,80820,0.935064935064935
EFCAB7,84455,0.922077922077922
EFEMP1,2202,1.0
EFEMP2,30008,1.0
EFHD1,80303,1.0
EFHD2,79180,1.0
EFNA1,1942,0.922077922077922
EFNA5,1946,0.8311688311688312
EFNB1,1947,0.5714285714285714
EFNB2,1948,0.7532467532467533
EFR3A,23167,1.0
EFS,10278,1.0
EFTUD2,9343,1.0
EGFLAM,133584,0.8701298701298701
EGFR,1956,1.0
EGLN1,54583,1.0
EGR1,1958,0.6363636363636364
EHBP1,23301,1.0
EHBP1L1,254102,1.0
EHD1,10938,1.0
EHD2,30846,1.0
EHD3,30845,1.0
EHD4,30844,1.0
EHF,26298,0.7662337662337663
EHHADH,1962,1.0
EHMT1,79813,1.0
EHMT2,10919,1.0
EIF1,10209,1.0
EIF1AD,84285,1.0
EIF1AX,1964,1.0
EIF1B,10289,1.0
EIF2A,83939,1.0
EIF2AK1,27102,0.8311688311688312
EIF2AK2,5610,1.0
EIF2AK3,9451,0.8961038961038961
EIF2AK4,440275,1.0
EIF2B1,1967,1.0
EIF2B2,8892,1.0
EIF2B3,8891,1.0
EIF2B4,8890,1.0
EIF2B5,8893,1.0
EIF2S1,1965,1.0
EIF2S2,8894,1.0
EIF2S3,1968,1.0
EIF3A,8661,1.0
EIF3B,8662,1.0
EIF3D,8664,1.0
EIF3E,3646,1.0
EIF3F,8665,1.0
EIF3G,8666,1.0
EIF3H,8667,1.0
EIF3I,8668,1.0
EIF3J,8669,1.0
EIF3K,27335,1.0
EIF3L,51386,1.0
EIF3M,10480,1.0
EIF4A1,1973,1.0
EIF4A2,1974,1.0
EIF4A3,9775,1.0
EIF4B,1975,1.0
EIF4E,1977,1.0
EIF4E2,9470,1.0
EIF4E3,317649,1.0
EIF4EBP1,1978,1.0
EIF4EBP2,1979,1.0
EIF4EBP3,8637,0.6233766233766234
EIF4ENIF1,56478,1.0
EIF4G1,1981,1.0
EIF4G2,1982,1.0
EIF4G3,8672,1.0
EIF4H,7458,1.0
EIF5,1983,1.0
EIF5A,1984,1.0
EIF5A2,56648,0.5714285714285714
EIF5B,9669,1.0
EIF6,3692,1.0
ELAC1,55520,0.7272727272727273
ELAC2,60528,1.0
ELANE,1991,1.0
ELAVL1,1994,1.0
ELAVL2,1993,0.5064935064935064
ELF1,1997,1.0
ELF2,1998,1.0
ELF3,1999,1.0
ELK1,2002,0.8831168831168831
ELL,8178,1.0
ELL2,22936,0.5454545454545454
ELMO1,9844,1.0
ELMO2,63916,1.0
ELMO3,79767,1.0
ELMOD2,255520,1.0
ELN,2006,0.8961038961038961
ELOF1,84337,1.0
ELOVL5,60481,0.948051948051948
ELP2,55250,1.0
ELP3,55140,1.0
ELP4,26610,1.0
EMB,133418,0.5454545454545454
EMD,2010,1.0
EMILIN1,11117,1.0
EMILIN2,84034,1.0
EML1,2009,1.0
EML2,24139,1.0
EML3,256364,1.0
EML4,27436,1.0
ENAH,55740,1.0
ENDOD1,23052,1.0
ENDOG,2021,1.0
ENG,2022,1.0
ENGASE,64772,1.0
ENO1,2023,1.0
ENO2,2026,1.0
ENO3,2027,1.0
ENOPH1,58478,1.0
ENOSF1,55556,1.0
ENOX2,10495,0.7012987012987013
ENPEP,2028,0.948051948051948
ENPP1,5167,1.0
ENPP2,5168,1.0
ENPP4,22875,1.0
ENPP5,59084,0.6883116883116883
ENSA,2029,1.0
ENTPD1,953,1.0
ENTPD2,954,0.6233766233766234
ENTPD5,957,1.0
ENTPD6,955,0.7012987012987013
ENY2,56943,1.0
EP300,2033,1.0
EP400,57634,1.0
EPB41,2035,1.0
EPB41L1,2036,1.0
EPB41L2,2037,1.0
EPB41L3,23136,1.0
EPB41L4A,64097,0.7272727272727273
EPB41L4B,54566,1.0
EPB41L5,57669,1.0
EPB42,2038,1.0
EPC1,80314,1.0
EPC2,26122,0.961038961038961
EPCAM,4072,1.0
EPDR1,54749,0.5844155844155844
EPHA1,2041,0.6233766233766234
EPHB2,2048,0.7662337662337663
EPHB3,2049,1.0
EPHB4,2050,1.0
EPHX1,2052,1.0
EPHX2,2053,1.0
EPM2A,7957,0.8831168831168831
EPM2AIP1,9852,1.0
EPN1,29924,1.0
EPN2,22905,1.0
EPN3,55040,1.0
EPS15,2060,1.0
EPS15L1,58513,1.0
EPS8,2059,1.0
EPS8L1,54869,1.0
EPS8L2,64787,1.0
EPSTI1,94240,0.961038961038961
ERAL1,26284,1.0
ERAP1,51752,1.0
ERAP2,64167,1.0
ERBB2,2064,1.0
ERBB3,2065,0.987012987012987
ERBB4,2066,0.8051948051948052
ERC1,23085,1.0
ERC2,26059,0.8571428571428571
ERCC1,2067,1.0
ERCC2,2068,1.0
ERCC3,2071,1.0
ERCC4,2072,1.0
ERCC5,2073,1.0
ERCC6,2074,0.961038961038961
ERCC6L,54821,1.0
ERCC8,1161,0.6883116883116883
ERF,2077,1.0
ERG,2078,0.922077922077922
ERGIC1,57222,1.0
ERGIC2,51290,1.0
ERGIC3,51614,0.961038961038961
ERH,2079,1.0
ERI1,90459,1.0
ERI3,79033,1.0
ERICH1,157697,0.935064935064935
ERLEC1,27248,1.0
ERLIN1,10613,1.0
ERLIN2,11160,1.0
ERMP1,79956,1.0
ERN1,2081,0.5454545454545454
ERP29,10961,1.0
ERP44,23071,1.0
ERRFI1,54206,0.6623376623376623
ESAM,90952,0.6363636363636364
ESCO1,114799,0.5714285714285714
ESD,2098,1.0
ESF1,51575,1.0
ESPN,83715,0.987012987012987
ESR1,2099,1.0
ESRP1,54845,1.0
ESRP2,80004,1.0
ESRRA,2101,0.8961038961038961
ESYT1,23344,1.0
ESYT2,57488,1.0
ETF1,2107,1.0
ETFA,2108,1.0
ETFB,2109,1.0
ETFDH,2110,1.0
ETHE1,23474,1.0
ETNK1,55500,0.974025974025974
ETNK2,55224,0.8051948051948052
ETS1,2113,1.0
ETV3,2117,0.922077922077922
ETV6,2120,1.0
EVI2B,2124,0.935064935064935
EVI5,7813,1.0
EVI5L,115704,1.0
EVL,51466,1.0
EVPL,2125,1.0
EWSR1,2130,1.0
EXD2,55218,1.0
EXOC1,55763,1.0
EXOC2,55770,1.0
EXOC3,11336,1.0
EXOC3L2,90332,0.8181818181818182
EXOC4,60412,1.0
EXOC5,10640,1.0
EXOC6,54536,1.0
EXOC6B,23233,1.0
EXOC7,23265,1.0
EXOC8,149371,1.0
EXOSC1,51013,1.0
EXOSC10,5394,1.0
EXOSC2,23404,1.0
EXOSC3,51010,1.0
EXOSC4,54512,1.0
EXOSC5,56915,1.0
EXOSC6,118460,1.0
EXOSC7,23016,1.0
EXOSC8,11340,1.0
EXOSC9,5393,1.0
EXPH5,23086,0.7012987012987013
EXT1,2131,0.7532467532467533
EXT2,2132,0.8571428571428571
EXTL2,2135,0.922077922077922
EYA3,2140,1.0
EZH1,2145,0.961038961038961
EZH2,2146,1.0
EZR,7430,1.0
F10,2159,1.0
F11,2160,1.0
F11R,50848,1.0
F12,2161,1.0
F13A1,2162,1.0
F13B,2165,1.0
F2,2147,1.0
F3,2152,0.6493506493506493
F5,2153,1.0
F7,2155,1.0
F9,2158,1.0
FAAH,2166,1.0
FAAH2,158584,0.7012987012987013
FABP3,2170,1.0
FABP4,2167,1.0
FABP6,2172,0.5714285714285714
FABP7,2173,1.0
FADD,8772,1.0
FADS2,9415,1.0
FAF1,11124,1.0
FAF2,23197,1.0
FAH,2184,1.0
FAHD1,81889,1.0
FAHD2A,51011,1.0
FAHD2B,151313,0.9090909090909091
FAIM,55179,1.0
FAM107B,83641,1.0
FAM110A,83541,0.974025974025974
FAM110B,90362,0.7142857142857143
FAM111A,63901,1.0
FAM111B,374393,1.0
FAM114A1,92689,1.0
FAM114A2,10827,1.0
FAM117A,81558,0.7532467532467533
FAM117B,150864,1.0
FAM120A,23196,1.0
FAM120B,84498,1.0
FAM120C,54954,1.0
FAM133B,257415,1.0
FAM13A,10144,0.7402597402597403
FAM151B,167555,0.9090909090909091
FAM162A,26355,1.0
FAM168A,23201,1.0
FAM168B,130074,0.9090909090909091
FAM169A,26049,0.935064935064935
FAM177A1,283635,1.0
FAM184A,79632,0.7662337662337663
FAM185A,222234,0.987012987012987
FAM186A,121006,0.7532467532467533
FAM193A,8603,0.935064935064935
FAM193B,54540,0.7532467532467533
FAM199X,139231,0.6233766233766234
FAM20B,9917,1.0
FAM20C,56975,0.7402597402597403
FAM32A,26017,1.0
FAM3B,54097,0.5064935064935064
FAM3C,10447,1.0
FAM50A,9130,1.0
FAM50B,26240,0.935064935064935
FAM53B,9679,0.922077922077922
FAM76A,199870,0.922077922077922
FAM76B,143684,1.0
FAM89B,23625,1.0
FAM8A1,51439,0.8181818181818182
FAM91A1,157769,1.0
FANCD2,2177,0.961038961038961
FANCI,55215,1.0
FAP,2191,1.0
FAR1,84188,0.961038961038961
FARP1,10160,1.0
FARP2,9855,1.0
FARS2,10667,1.0
FARSA,2193,1.0
FARSB,10056,1.0
FAS,355,1.0
FASN,2194,1.0
FASTKD1,79675,0.8961038961038961
FASTKD2,22868,1.0
FASTKD5,60493,1.0
FAT1,2195,1.0
FAU,2197,1.0
FBL,2091,1.0
FBLIM1,54751,1.0
FBLN1,2192,1.0
FBLN2,2199,1.0
FBLN5,10516,1.0
FBLN7,129804,1.0
FBN1,2200,1.0
FBP1,2203,1.0
FBP2,8789,1.0
FBRSL1,57666,0.6363636363636364
FBXL12,54850,0.922077922077922
FBXL15,79176,1.0
FBXL17,64839,0.8701298701298701
FBXL18,80028,1.0
FBXL19,54620,0.6233766233766234
FBXL20,84961,0.974025974025974
FBXL3,26224,0.6493506493506493
FBXL4,26235,0.6103896103896104
FBXL6,26233,1.0
FBXL8,55336,1.0
FBXO11,80204,1.0
FBXO2,26232,1.0
FBXO21,23014,1.0
FBXO22,26263,1.0
FBXO28,23219,1.0
FBXO3,26273,1.0
FBXO30,84085,1.0
FBXO38,81545,1.0
FBXO4,26272,1.0
FBXO42,54455,1.0
FBXO44,93611,0.987012987012987
FBXO45,200933,0.974025974025974
FBXO46,23403,0.6753246753246753
FBXO6,26270,1.0
FBXO7,25793,1.0
FBXO9,26268,0.974025974025974
FBXW11,23291,1.0
FBXW2,26190,1.0
FBXW5,54461,0.8701298701298701
FBXW8,26259,1.0
FBXW9,84261,1.0
FCER1G,2207,1.0
FCF1,51077,0.987012987012987
FCGR1A,2209,0.8961038961038961
FCGR2A,2212,0.6103896103896104
FCGR2B,2213,0.9090909090909091
FCGR3A,2214,1.0
FCGR3B,2215,0.5974025974025974
FCGRT,2217,1.0
FCHO1,23149,0.6233766233766234
FCHO2,115548,1.0
FCHSD1,89848,1.0
FCHSD2,9873,1.0
FCN1,2219,0.922077922077922
FCN2,2220,0.974025974025974
FCN3,8547,1.0
FCRLB,127943,0.5194805194805194
FDFT1,2222,1.0
FDPS,2224,1.0
FDX1,2230,1.0
FDXR,2232,1.0
FECH,2235,1.0
FEM1A,55527,0.7012987012987013
FEM1B,10116,1.0
FEM1C,56929,0.6883116883116883
FEN1,2237,1.0
FER,2241,1.0
FERMT1,55612,0.5714285714285714
FERMT2,10979,1.0
FERMT3,83706,1.0
FES,2242,1.0
FETUB,26998,1.0
FEZ2,9637,1.0
FGA,2243,1.0
FGB,2244,1.0
FGD1,2245,0.974025974025974
FGD2,221472,1.0
FGD3,89846,1.0
FGD4,121512,1.0
FGD5,152273,1.0
FGD6,55785,1.0
FGF1,2246,1.0
FGF2,2247,1.0
FGFR1,2260,0.7532467532467533
FGFR1OP2,26127,1.0
FGFR2,2263,0.5064935064935064
FGG,2266,1.0
FGGY,55277,1.0
FGL2,10875,1.0
FGR,2268,0.5194805194805194
FH,2271,1.0
FHIT,2272,1.0
FHL1,2273,1.0
FHL2,2274,1.0
FHL3,2275,1.0
FHL5,9457,0.7662337662337663
FHOD1,29109,1.0
FIBIN,387758,0.961038961038961
FIBP,9158,1.0
FIG4,9896,1.0
FIGNL1,63979,0.8311688311688312
FILIP1,27145,0.7142857142857143
FILIP1L,11259,1.0
FIP1L1,81608,1.0
FIS1,51024,1.0
FIZ1,84922,0.8441558441558441
FKBP10,60681,1.0
FKBP11,51303,1.0
FKBP14,55033,1.0
FKBP15,23307,1.0
FKBP1A,2280,1.0
FKBP2,2286,1.0
FKBP3,2287,1.0
FKBP4,2288,1.0
FKBP5,2289,1.0
FKBP7,51661,1.0
FKBP8,23770,1.0
FKBP9,11328,1.0
FKBPL,63943,1.0
FLAD1,80308,1.0
FLCN,201163,1.0
FLI1,2313,1.0
FLII,2314,1.0
FLNA,2316,1.0
FLNB,2317,1.0
FLNC,2318,1.0
FLOT1,10211,1.0
FLOT2,2319,1.0
FLT1,2321,1.0
FLVCR1,28982,0.7402597402597403
FLYWCH2,114984,1.0
FMN1,342184,1.0
FMNL1,752,1.0
FMNL2,114793,1.0
FMNL3,91010,1.0
FMO1,2326,0.7922077922077922
FMO3,2328,0.5194805194805194
FMO5,2330,0.922077922077922
FMOD,2331,1.0
FMR1,2332,1.0
FN1,2335,1.0
FN3K,64122,1.0
FN3KRP,79672,1.0
FNBP1,23048,1.0
FNBP1L,54874,1.0
FNBP4,23360,1.0
FNDC1,84624,1.0
FNDC3A,22862,1.0
FNDC3B,64778,1.0
FNIP1,96459,0.922077922077922
FNTA,2339,1.0
FNTB,2342,0.948051948051948
FOLH1,2346,0.7402597402597403
FOLR2,2350,1.0
FOSB,2354,0.6753246753246753
FOSL2,2355,1.0
FOXA1,3169,1.0
FOXJ2,55810,0.922077922077922
FOXJ3,22887,1.0
FOXK1,221937,1.0
FOXK2,3607,1.0
FOXN3,1112,0.7012987012987013
FOXO1,2308,0.935064935064935
FOXO3,2309,1.0
FOXP1,27086,1.0
FOXP4,116113,1.0
FOXRED1,55572,1.0
FOXRED2,80020,0.5584415584415584
FPGS,2356,1.0
FPGT,8790,1.0
FRG1,2483,1.0
FRK,2444,1.0
FRMD4A,55691,1.0
FRMD6,122786,1.0
FRMD8,83786,1.0
FRS2,10818,0.9090909090909091
FRY,10129,0.922077922077922
FRYL,285527,1.0
FRZB,2487,0.948051948051948
FSCN1,6624,1.0
FSD1L,83856,0.7402597402597403
FST,10468,1.0
FSTL1,11167,1.0
FSTL3,10272,0.7792207792207793
FTH1,2495,1.0
FTL,2512,1.0
FTO,79068,1.0
FTSJ1,24140,1.0
FTSJ3,117246,1.0
FUBP1,8880,1.0
FUBP3,8939,1.0
FUCA1,2517,1.0
FUCA2,2519,1.0
FUNDC1,139341,0.8441558441558441
FUNDC2,65991,1.0
FURIN,5045,0.5714285714285714
FUS,2521,1.0
FUT5,2527,0.5194805194805194
FUT8,2530,1.0
FXN,2395,1.0
FXR1,8087,1.0
FXR2,9513,1.0
FYCO1,79443,1.0
FYTTD1,84248,1.0
FZD1,8321,0.961038961038961
FZD6,8323,0.8961038961038961
FZD7,8324,0.8961038961038961
FZR1,51343,0.7792207792207793
G3BP1,10146,1.0
G3BP2,9908,1.0
G6PC3,92579,0.7272727272727273
G6PD,2539,1.0
GAA,2548,1.0
GAB1,2549,1.0
GAB2,9846,1.0
GABARAP,11337,1.0
GABARAPL1,23710,0.5584415584415584
GABARAPL2,11345,1.0
GABPA,2551,1.0
GABPB1,2553,1.0
GABPB2,126626,0.961038961038961
GADD45GIP1,90480,1.0
GAK,2580,1.0
GAL3ST4,79690,0.6623376623376623
GALC,2581,1.0
GALE,2582,1.0
GALK1,2584,1.0
GALK2,2585,1.0
GALM,130589,1.0
GALNS,2588,1.0
GALNT1,2589,1.0
GALNT10,55568,0.935064935064935
GALNT2,2590,1.0
GALNT3,2591,1.0
GALNT4,8693,0.8181818181818182
GALNT5,11227,0.8051948051948052
GALNT6,11226,1.0
GALNT7,51809,1.0
GALT,2592,1.0
GAMT,2593,1.0
GAN,8139,1.0
GANAB,23193,1.0
GANC,2595,1.0
GAPDH,2597,1.0
GAPDHS,26330,0.7272727272727273
GAPVD1,26130,1.0
GAR1,54433,1.0
GART,2618,1.0
GAS2L1,10634,0.974025974025974
GAS6,2621,0.974025974025974
GAS7,8522,1.0
GATA3,2625,1.0
GATAD1,57798,1.0
GATAD2A,54815,1.0
GATAD2B,57459,1.0
GATC,283459,1.0
GATM,2628,1.0
GBA2,57704,0.987012987012987
GBE1,2632,1.0
GBF1,8729,1.0
GBP1,2633,1.0
GBP2,2634,1.0
GBP3,2635,0.7792207792207793
GBP4,115361,1.0
GBP5,115362,1.0
GBP7,388646,0.7532467532467533
GC,2638,1.0
GCA,25801,1.0
GCAT,23464,1.0
GCC1,79571,1.0
GCC2,9648,1.0
GCDH,2639,1.0
GCH1,2643,0.7142857142857143
GCHFR,2644,1.0
GCLC,2729,1.0
GCLM,2730,1.0
GCSH,2653,1.0
GDAP1,54332,1.0
GDAP2,54834,1.0
GDE1,51573,0.5584415584415584
GDF15,9518,0.8571428571428571
GDI1,2664,1.0
GDI2,2665,1.0
GDPD1,284161,0.922077922077922
GDPD3,79153,0.8571428571428571
GEM,2669,0.6363636363636364
GEMIN4,50628,1.0
GEMIN5,25929,1.0
GEMIN6,79833,1.0
GEMIN7,79760,0.961038961038961
GEMIN8,54960,0.987012987012987
GEN1,348654,0.6233766233766234
GET4,51608,1.0
GFAP,2670,0.5324675324675324
GFER,2671,1.0
GFM1,85476,1.0
GFM2,84340,1.0
GFOD1,54438,0.8961038961038961
GFOD2,81577,0.974025974025974
GFPT1,2673,1.0
GFPT2,9945,1.0
GFRA1,2674,1.0
GGA1,26088,1.0
GGA2,23062,1.0
GGA3,23163,1.0
GGCT,79017,1.0
GGCX,2677,0.987012987012987
GGH,8836,1.0
GGNBP2,79893,0.961038961038961
GGPS1,9453,1.0
GGT1,2678,1.0
GGT5,2687,1.0
GGT7,2686,0.7142857142857143
GHDC,84514,1.0
GHITM,27069,0.922077922077922
GIGYF1,64599,1.0
GIGYF2,26058,1.0
GIMAP1,170575,0.987012987012987
GIMAP2,26157,0.5064935064935064
GIMAP4,55303,1.0
GIMAP6,474344,0.7272727272727273
GIMAP7,168537,1.0
GIMAP8,155038,1.0
GINS1,9837,0.922077922077922
GINS2,51659,1.0
GINS3,64785,0.961038961038961
GINS4,84296,1.0
GIPC1,10755,1.0
GIPC3,126326,0.8961038961038961
GIT1,28964,1.0
GIT2,9815,1.0
GJA1,2697,1.0
GK,2710,1.0
GK5,256356,0.7402597402597403
GKAP1,80318,0.8441558441558441
GLA,2717,1.0
GLB1,2720,1.0
GLB1L,79411,0.7662337662337663
GLCCI1,113263,1.0
GLCE,26035,0.8571428571428571
GLDC,2731,1.0
GLE1,2733,1.0
GLG1,2734,1.0
GLI3,2737,0.8311688311688312
GLIPR1,11010,0.6753246753246753
GLIPR2,152007,1.0
GLMN,11146,1.0
GLO1,2739,1.0
GLOD4,51031,1.0
GLRX,2745,1.0
GLRX2,51022,1.0
GLRX3,10539,1.0
GLRX5,51218,1.0
GLS,2744,1.0
GLT8D1,55830,0.7012987012987013
GLT8D2,83468,0.6103896103896104
GLTP,51228,1.0
GLUD1,2746,1.0
GLUD2,2747,1.0
GLUL,2752,1.0
GLYAT,10249,0.7662337662337663
GLYATL1,92292,0.7662337662337663
GLYATL2,219970,1.0
GLYR1,84656,1.0
GM2A,2760,1.0
GMDS,2762,1.0
GMEB1,10691,1.0
GMEB2,26205,1.0
GMFB,2764,1.0
GMFG,9535,1.0
GMIP,51291,1.0
GMNN,51053,0.7142857142857143
GMPPA,29926,1.0
GMPPB,29925,1.0
GMPR,2766,1.0
GMPR2,51292,1.0
GMPS,8833,1.0
GNA11,2767,1.0
GNA12,2768,0.948051948051948
GNA13,10672,1.0
GNAI1,2770,0.922077922077922
GNAI2,2771,1.0
GNAI3,2773,1.0
GNAO1,2775,0.6753246753246753
GNAQ,2776,1.0
GNAS,2778,1.0
GNAZ,2781,0.5324675324675324
GNB1,2782,1.0
GNB1L,54584,1.0
GNB2,2783,1.0
GNB4,59345,1.0
GNB5,10681,0.7402597402597403
GNE,10020,1.0
GNG11,2791,0.987012987012987
GNG12,55970,1.0
GNG2,54331,1.0
GNG5,2787,1.0
GNG7,2788,0.974025974025974
GNL1,2794,1.0
GNL2,29889,1.0
GNL3,26354,1.0
GNL3L,54552,1.0
GNPAT,8443,1.0
GNPDA1,10007,1.0
GNPDA2,132789,1.0
GNPNAT1,64841,1.0
GNPTAB,79158,0.8701298701298701
GNPTG,84572,1.0
GNS,2799,1.0
GOLGA1,2800,1.0
GOLGA2,2801,1.0
GOLGA3,2802,1.0
GOLGA4,2803,1.0
GOLGA5,9950,1.0
GOLGA7,51125,0.922077922077922
GOLGB1,2804,1.0
GOLIM4,27333,1.0
GOLM1,51280,1.0
GOLPH3,64083,1.0
GOLPH3L,55204,1.0
GOLT1B,51026,0.8311688311688312
GON4L,54856,0.8961038961038961
GOPC,57120,1.0
GORAB,92344,1.0
GORASP1,64689,1.0
GORASP2,26003,1.0
GOSR1,9527,1.0
GOSR2,9570,1.0
GOT1,2805,1.0
GOT2,2806,1.0
GP2,2813,1.0
GPAA1,8733,1.0
GPAM,57678,0.974025974025974
GPATCH1,55094,1.0
GPATCH2,55105,1.0
GPATCH8,23131,1.0
GPBP1,65056,0.8311688311688312
GPBP1L1,60313,0.7012987012987013
GPC1,2817,1.0
GPC4,2239,1.0
GPC6,10082,1.0
GPCPD1,56261,1.0
GPD1,2819,1.0
GPD1L,23171,1.0
GPD2,2820,1.0
GPHN,10243,1.0
GPI,2821,1.0
GPKOW,27238,1.0
GPLD1,2822,1.0
GPN1,11321,1.0
GPN2,54707,0.6493506493506493
GPN3,51184,0.8961038961038961
GPNMB,10457,1.0
GPR107,57720,1.0
GPR108,56927,0.948051948051948
GPRC5A,9052,1.0
GPRC5C,55890,0.7532467532467533
GPRIN1,114787,0.7012987012987013
GPRIN3,285513,1.0
GPS1,2873,1.0
GPS2,2874,1.0
GPSM1,26086,1.0
GPSM3,63940,1.0
GPT,2875,1.0
GPT2,84706,1.0
GPX1,2876,1.0
GPX3,2878,1.0
GPX4,2879,1.0
GPX7,2882,1.0
GPX8,493869,1.0
GRAMD1A,57655,1.0
GRAMD4,23151,0.974025974025974
GRAP2,9402,1.0
GRB10,2887,1.0
GRB14,2888,0.948051948051948
GRB2,2885,1.0
GRB7,2886,1.0
GREB1,9687,0.935064935064935
GREM1,26585,1.0
GRHL1,29841,1.0
GRHL2,79977,1.0
GRHPR,9380,1.0
GRIP1,23426,1.0
GRIPAP1,56850,1.0
GRK5,2869,0.6883116883116883
GRK6,2870,1.0
GRN,2896,1.0
GRPEL1,80273,1.0
GRPEL2,134266,1.0
GRSF1,2926,1.0
GRTP1,79774,0.8571428571428571
GRWD1,83743,1.0
GSDMA,284110,0.7012987012987013
GSDMD,79792,1.0
GSK3A,2931,1.0
GSK3B,2932,1.0
GSN,2934,1.0
GSPT1,2935,1.0
GSPT2,23708,1.0
GSR,2936,1.0
GSS,2937,1.0
GSTA1,2938,1.0
GSTA4,2941,0.922077922077922
GSTCD,79807,1.0
GSTK1,373156,1.0
GSTM1,2944,1.0
GSTM2,2946,1.0
GSTM3,2947,1.0
GSTM4,2948,1.0
GSTM5,2949,1.0
GSTO1,9446,1.0
GSTP1,2950,1.0
GSTZ1,2954,1.0
GTF2A1,2957,1.0
GTF2A2,2958,0.961038961038961
GTF2B,2959,1.0
GTF2E1,2960,1.0
GTF2E2,2961,1.0
GTF2F1,2962,1.0
GTF2F2,2963,1.0
GTF2H1,2965,1.0
GTF2H3,2967,1.0
GTF2H4,2968,1.0
GTF2H5,404672,0.9090909090909091
GTF2I,2969,1.0
GTF2IRD1,9569,0.8181818181818182
GTF3A,2971,1.0
GTF3C1,2975,1.0
GTF3C2,2976,1.0
GTF3C3,9330,1.0
GTF3C4,9329,1.0
GTF3C5,9328,1.0
GTF3C6,112495,1.0
GTPBP1,9567,1.0
GTPBP10,85865,1.0
GTPBP2,54676,0.935064935064935
GTPBP3,84705,1.0
GTPBP4,23560,1.0
GTPBP8,29083,0.8311688311688312
GTSE1,51512,0.7662337662337663
GUCY1A2,2977,0.8571428571428571
GUF1,60558,1.0
GUK1,2987,1.0
GULP1,51454,1.0
GUSB,2990,1.0
GXYLT1,283464,1.0
GYG1,2992,1.0
GYG2,8908,0.961038961038961
GYS1,2997,1.0
GZF1,64412,0.7662337662337663
GZMA,3001,0.987012987012987
GZMH,2999,0.7142857142857143
H6PD,9563,1.0
HAAO,23498,1.0
HABP2,3026,1.0
HABP4,22927,1.0
HACE1,57531,0.974025974025974
HACL1,26061,1.0
HADH,3033,1.0
HADHA,3030,1.0
HADHB,3032,1.0
HAGH,3029,1.0
HAGHL,84264,0.8571428571428571
HAPLN1,1404,0.6103896103896104
HAPLN3,145864,1.0
HARS2,23438,1.0
HAT1,8520,1.0
HAUS1,115106,1.0
HAUS2,55142,1.0
HAUS3,79441,1.0
HAUS4,54930,1.0
HAUS5,23354,1.0
HAUS6,54801,1.0
HAUS7,55559,1.0
HAUS8,93323,1.0
HAVCR2,84868,0.7792207792207793
HAX1,10456,1.0
HBB,3043,1.0
HBD,3045,1.0
HBP1,26959,0.961038961038961
HBQ1,3049,0.8831168831168831
HBS1L,10767,1.0
HBZ,3050,1.0
HCCS,3052,1.0
HCFC1,3054,1.0
HCFC2,29915,1.0
HCK,3055,1.0
HCLS1,3059,1.0
HDAC1,3065,1.0
HDAC10,83933,0.974025974025974
HDAC11,79885,0.8831168831168831
HDAC2,3066,1.0
HDAC3,8841,1.0
HDAC4,9759,1.0
HDAC5,10014,1.0
HDAC6,10013,1.0
HDAC7,51564,1.0
HDAC8,55869,0.961038961038961
HDDC2,51020,1.0
HDDC3,374659,1.0
HDGF,3068,1.0
HDHD2,84064,1.0
HDHD3,81932,1.0
HDLBP,3069,1.0
HEATR1,55127,1.0
HEATR3,55027,1.0
HEATR5B,54497,1.0
HEATR6,63897,1.0
HEBP1,50865,1.0
HEBP2,23593,1.0
HECA,51696,1.0
HECTD1,25831,1.0
HECTD3,79654,1.0
HECW2,57520,0.6493506493506493
HELB,92797,0.5324675324675324
HELLS,3070,0.961038961038961
HELZ,9931,1.0
HERC1,8925,1.0
HERC2,8924,1.0
HERC3,8916,0.6103896103896104
HERC4,26091,1.0
HERC5,51191,1.0
HERC6,55008,0.9090909090909091
HERPUD1,9709,0.8311688311688312
HERPUD2,64224,0.6363636363636364
HES1,3280,0.961038961038961
HEXA,3073,1.0
HEXB,3074,1.0
HEXIM1,10614,1.0
HEXIM2,124790,0.961038961038961
HGD,3081,1.0
HGF,3082,0.8961038961038961
HGFAC,3083,1.0
HGS,9146,1.0
HIBADH,11112,1.0
HIBCH,26275,1.0
HIC1,3090,0.922077922077922
HIF1AN,55662,1.0
HIGD1A,25994,1.0
HIGD2A,192286,0.7272727272727273
HINT1,3094,1.0
HINT2,84681,1.0
HINT3,135114,1.0
HIP1,3092,1.0
HIP1R,9026,1.0
HIRA,7290,1.0
HIRIP3,8479,1.0
HIVEP1,3096,0.6103896103896104
HIVEP2,3097,0.7272727272727273
HK1,3098,1.0
HK2,3099,1.0
HK3,3101,1.0
HLA-A,3105,1.0
HLA-B,3106,1.0
HLA-C,3107,1.0
HLA-DMA,3108,0.8831168831168831
HLA-DMB,3109,1.0
HLA-DPA1,3113,1.0
HLA-DPB1,3115,1.0
HLA-DQA1,3117,1.0
HLA-DQB1,3119,1.0
HLA-DRA,3122,1.0
HLA-DRB1,3123,1.0
HLA-DRB5,3127,0.7272727272727273
HLA-E,3133,1.0
HLA-F,3134,1.0
HLCS,3141,1.0
HLTF,6596,1.0
HM13,81502,1.0
HMBOX1,79618,0.961038961038961
HMBS,3145,1.0
HMCN1,83872,1.0
HMG20A,10363,1.0
HMG20B,10362,1.0
HMGA1,3159,0.961038961038961
HMGB1,3146,1.0
HMGB2,3148,1.0
HMGB3,3149,1.0
HMGCL,3155,1.0
HMGCS1,3157,1.0
HMGCS2,3158,1.0
HMGN1,3150,0.961038961038961
HMGN2,3151,1.0
HMGN3,9324,0.922077922077922
HMGN4,10473,0.922077922077922
HMGN5,79366,1.0
HMGXB4,10042,1.0
HMMR,3161,0.7272727272727273
HMOX1,3162,1.0
HMOX2,3163,1.0
HMX3,340784,1.0
HNMT,3176,1.0
HNRNPA0,10949,1.0
HNRNPA1,3178,1.0
HNRNPA2B1,3181,1.0
HNRNPA3,220988,1.0
HNRNPAB,3182,1.0
HNRNPC,3183,1.0
HNRNPD,3184,1.0
HNRNPF,3185,1.0
HNRNPH1,3187,1.0
HNRNPH2,3188,1.0
HNRNPH3,3189,1.0
HNRNPK,3190,1.0
HNRNPL,3191,1.0
HNRNPM,4670,1.0
HNRNPR,10236,1.0
HNRNPU,3192,1.0
HNRNPUL1,11100,1.0
HNRNPUL2,221092,1.0
HOMER1,9456,0.987012987012987
HOMER2,9455,1.0
HOMER3,9454,1.0
HOMEZ,57594,1.0
HOOK1,51361,1.0
HOOK2,29911,1.0
HOOK3,84376,1.0
HOPX,84525,1.0
HOXB3,3213,0.7662337662337663
HOXC10,3226,0.9090909090909091
HOXC9,3225,0.8181818181818182
HOXD8,3234,0.8441558441558441
HOXD9,3235,0.7792207792207793
HP,3240,1.0
HP1BP3,50809,1.0
HPCAL1,3241,1.0
HPGD,3248,1.0
HPGDS,27306,1.0
HPR,3250,1.0
HPRT1,3251,1.0
HPS1,3257,0.7012987012987013
HPS3,84343,1.0
HPS4,89781,0.5714285714285714
HPS5,11234,1.0
HPS6,79803,1.0
HPX,3263,1.0
HRAS,3265,0.7662337662337663
HRG,3273,1.0
HS1BP3,64342,1.0
HS2ST1,9653,0.8961038961038961
HS6ST1,9394,0.8441558441558441
HSBP1,3281,1.0
HSCB,150274,1.0
HSD11B1,3290,0.5714285714285714
HSD11B2,3291,0.5454545454545454
HSD17B10,3028,1.0
HSD17B11,51170,1.0
HSD17B12,51144,1.0
HSD17B4,3295,1.0
HSD17B7,51478,1.0
HSD17B8,7923,1.0
HSD3B7,80270,0.9090909090909091
HSDL1,83693,1.0
HSDL2,84263,1.0
HSF1,3297,1.0
HSP90AA1,3320,1.0
HSP90AB1,3326,1.0
HSP90B1,7184,1.0
HSPA12A,259217,1.0
HSPA12B,116835,1.0
HSPA13,6782,1.0
HSPA14,51182,1.0
HSPA1L,3305,0.7792207792207793
HSPA2,3306,1.0
HSPA4,3308,1.0
HSPA4L,22824,1.0
HSPA5,3309,1.0
HSPA6,3310,0.8571428571428571
HSPA8,3312,1.0
HSPA9,3313,1.0
HSPB1,3315,1.0
HSPB6,126393,1.0
HSPB7,27129,0.9090909090909091
HSPB8,26353,1.0
HSPBAP1,79663,1.0
HSPBP1,23640,1.0
HSPD1,3329,1.0
HSPE1,3336,1.0
HSPG2,3339,1.0
HSPH1,10808,1.0
HTATIP2,10553,1.0
HTATSF1,27336,1.0
HTRA1,5654,1.0
HTRA2,27429,1.0
HTRA3,94031,1.0
HTT,3064,1.0
HUS1,3364,1.0
HUWE1,10075,1.0
HVCN1,84329,0.8961038961038961
HYI,81888,1.0
HYOU1,10525,1.0
IAH1,285148,1.0
IARS2,55699,1.0
IBTK,25998,1.0
ICA1,3382,1.0
ICAM1,3383,1.0
ICAM2,3384,1.0
ICAM3,3385,1.0
ICAM5,7087,0.8831168831168831
ICMT,23463,0.6493506493506493
ICOSLG,23308,0.5844155844155844
IDE,3416,1.0
IDH1,3417,1.0
IDH2,3418,1.0
IDH3A,3419,1.0
IDH3B,3420,1.0
IDH3G,3421,1.0
IDI1,3422,1.0
IDO1,3620,1.0
IDS,3423,1.0
IDUA,3425,1.0
IER3IP1,51124,0.948051948051948
IFFO1,25900,0.7012987012987013
IFI16,3428,1.0
IFI30,10437,1.0
IFI35,3430,1.0
IFI44,10561,1.0
IFI44L,10964,1.0
IFIH1,64135,1.0
IFIT1,3434,1.0
IFIT2,3433,1.0
IFIT3,3437,1.0
IFIT5,24138,1.0
IFITM1,8519,0.7272727272727273
IFITM3,10410,1.0
IFNGR1,3459,0.7792207792207793
IFRD1,3475,0.8961038961038961
IFRD2,7866,0.6623376623376623
IFT122,55764,1.0
IFT140,9742,1.0
IFT172,26160,1.0
IFT20,90410,1.0
IFT27,11020,1.0
IFT46,56912,0.961038961038961
IFT52,51098,1.0
IFT57,55081,1.0
IFT74,80173,1.0
IFT80,57560,1.0
IFT81,28981,1.0
IFT88,8100,0.961038961038961
IGBP1,3476,1.0
IGF1,3479,1.0
IGF1R,3480,1.0
IGF2,3481,1.0
IGF2BP1,10642,0.6103896103896104
IGF2BP2,10644,0.987012987012987
IGF2BP3,10643,0.7142857142857143
IGF2R,3482,1.0
IGFALS,3483,1.0
IGFBP2,3485,1.0
IGFBP3,3486,1.0
IGFBP4,3487,1.0
IGFBP5,3488,1.0
IGFBP6,3489,1.0
IGFBP7,3490,1.0
IGHMBP2,3508,1.0
IGLL1,3543,1.0
IGSF1,3547,0.948051948051948
IGSF3,3321,0.987012987012987
IGSF8,93185,1.0
IK,3550,1.0
IKBIP,121457,1.0
IKBKB,3551,1.0
IKBKE,9641,0.9090909090909091
IKBKG,8517,1.0
IKZF1,10320,0.961038961038961
IKZF2,22807,0.6233766233766234
IKZF3,22806,0.922077922077922
IKZF5,64376,0.6753246753246753
IL16,3603,1.0
IL17RA,23765,0.6363636363636364
IL18,3606,1.0
IL1RAP,3556,0.974025974025974
IL1RN,3557,1.0
IL33,90865,0.8441558441558441
IL4I1,259307,1.0
IL6ST,3572,1.0
ILF2,3608,1.0
ILF3,3609,1.0
ILK,3611,1.0
ILKAP,80895,1.0
IMMT,10989,1.0
IMP3,55272,1.0
IMP4,92856,1.0
IMPA1,3612,1.0
IMPA2,3613,1.0
IMPACT,55364,1.0
IMPDH1,3614,1.0
IMPDH2,3615,1.0
INCENP,3619,0.961038961038961
INF2,64423,1.0
ING1,3621,1.0
ING2,3622,0.7662337662337663
ING3,54556,1.0
ING4,51147,0.948051948051948
ING5,84289,0.922077922077922
INHBA,3624,1.0
INO80,54617,0.961038961038961
INO80B,83444,0.8961038961038961
INO80C,125476,1.0
INO80E,283899,1.0
INPP1,3628,1.0
INPP4A,3631,1.0
INPP4B,8821,1.0
INPP5A,3632,0.8181818181818182
INPP5B,3633,1.0
INPP5F,22876,0.961038961038961
INPP5J,27124,0.7142857142857143
INPP5K,51763,1.0
INPPL1,3636,1.0
INSR,3643,1.0
INTS1,26173,1.0
INTS10,55174,1.0
INTS12,57117,1.0
INTS2,57508,1.0
INTS3,65123,1.0
INTS4,92105,1.0
INTS5,80789,1.0
INTS6,26512,1.0
INTS7,25896,1.0
INTS8,55656,1.0
INTS9,55756,1.0
IP6K1,9807,1.0
IPCEF1,26034,0.5064935064935064
IPMK,253430,0.5194805194805194
IPO11,51194,1.0
IPO13,9670,1.0
IPO4,79711,1.0
IPO5,3843,1.0
IPO7,10527,1.0
IPO8,10526,1.0
IPO9,55705,1.0
IQCB1,9657,0.8831168831168831
IQCE,23288,0.5454545454545454
IQGAP1,8826,1.0
IQGAP2,10788,1.0
IQGAP3,128239,1.0
IQSEC1,9922,1.0
IQSEC2,23096,1.0
IRAK1,3654,1.0
IRAK3,11213,0.7012987012987013
IRAK4,51135,1.0
IREB2,3658,1.0
IRF1,3659,0.8571428571428571
IRF2,3660,1.0
IRF2BP1,26145,1.0
IRF2BP2,359948,1.0
IRF3,3661,1.0
IRF4,3662,1.0
IRF5,3663,1.0
IRF6,3664,1.0
IRF7,3665,0.9090909090909091
IRF8,3394,0.987012987012987
IRF9,10379,1.0
IRGQ,126298,1.0
IRS1,3667,1.0
IRS2,8660,1.0
IRX2,153572,0.8831168831168831
IRX3,79191,0.5324675324675324
IRX5,10265,1.0
ISCA1,81689,1.0
ISCA2,122961,1.0
ISCU,23479,1.0
ISG15,9636,1.0
ISG20,3669,1.0
ISG20L2,81875,1.0
ISLR,3671,1.0
ISOC1,51015,1.0
ISOC2,79763,1.0
ISY1,57461,1.0
ISYNA1,51477,1.0
ITCH,83737,1.0
ITFG1,81533,1.0
ITFG2,55846,1.0
ITGA1,3672,1.0
ITGA11,22801,1.0
ITGA2,3673,1.0
ITGA3,3675,1.0
ITGA4,3676,1.0
ITGA5,3678,1.0
ITGA6,3655,1.0
ITGA7,3679,1.0
ITGAL,3683,1.0
ITGAM,3684,1.0
ITGAV,3685,1.0
ITGAX,3687,1.0
ITGB1,3688,1.0
ITGB1BP1,9270,0.8311688311688312
ITGB2,3689,1.0
ITGB3,3690,0.8831168831168831
ITGB4,3691,1.0
ITGB5,3693,1.0
ITGB6,3694,1.0
ITGBL1,9358,1.0
ITIH1,3697,1.0
ITIH2,3698,1.0
ITIH3,3699,1.0
ITIH4,3700,1.0
ITM2B,9445,0.961038961038961
ITPA,3704,1.0
ITPK1,3705,1.0
ITPKB,3707,1.0
ITPKC,80271,1.0
ITPR1,3708,1.0
ITPR2,3709,1.0
ITPR3,3710,1.0
ITSN1,6453,1.0
ITSN2,50618,1.0
IVD,3712,1.0
IVL,3713,0.9090909090909091
IVNS1ABP,10625,1.0
IWS1,55677,1.0
JAG1,182,0.6883116883116883
JAGN1,84522,0.8831168831168831
JAK1,3716,1.0
JAK2,3717,0.974025974025974
JAK3,3718,0.7792207792207793
JAM3,83700,0.7272727272727273
JMJD1C,221037,1.0
JMJD4,65094,0.974025974025974
JMJD6,23210,1.0
JMJD8,339123,0.8571428571428571
JMY,133746,0.987012987012987
JOSD2,126119,0.9090909090909091
JUN,3725,0.961038961038961
JUNB,3726,1.0
JUND,3727,1.0
JUP,3728,1.0
KALRN,8997,0.6493506493506493
KANK1,23189,1.0
KANK2,25959,1.0
KANK3,256949,1.0
KANK4,163782,0.974025974025974
KAT2A,2648,0.974025974025974
KAT5,10524,0.987012987012987
KATNA1,11104,1.0
KATNAL1,84056,1.0
KATNB1,10300,1.0
KBTBD11,9920,0.935064935064935
KBTBD2,25948,1.0
KBTBD4,55709,1.0
KBTBD7,84078,0.961038961038961
KCMF1,56888,1.0
KCNAB2,8514,1.0
KCNMA1,3778,0.7662337662337663
KCTD1,284252,0.987012987012987
KCTD10,83892,1.0
KCTD12,115207,1.0
KCTD14,65987,0.8831168831168831
KCTD15,79047,1.0
KCTD17,79734,0.5714285714285714
KCTD18,130535,0.961038961038961
KCTD2,23510,0.7402597402597403
KCTD20,222658,0.6233766233766234
KCTD21,283219,1.0
KCTD3,51133,1.0
KCTD5,54442,0.961038961038961
KCTD6,200845,0.8961038961038961
KCTD7,154881,1.0
KCTD9,54793,1.0
KDM1A,23028,1.0
KDM1B,221656,1.0
KDM2A,22992,1.0
KDM2B,84678,0.922077922077922
KDM3A,55818,1.0
KDM3B,51780,1.0
KDM4A,9682,1.0
KDM4B,23030,1.0
KDM5A,5927,1.0
KDM5B,10765,0.961038961038961
KDM5C,8242,1.0
KDM6A,7403,1.0
KDM6B,23135,0.6363636363636364
KDSR,2531,1.0
KEAP1,9817,1.0
KERA,11081,1.0
KHDRBS1,10657,1.0
KHDRBS3,10656,1.0
KHK,3795,1.0
KHNYN,23351,1.0
KHSRP,8570,1.0
KIAA0232,9778,0.6753246753246753
KIAA0319L,79932,1.0
KIAA0513,9764,1.0
KIAA0753,9851,0.8441558441558441
KIAA1143,57456,1.0
KIAA1191,57179,1.0
KIAA1210,57481,0.5714285714285714
KIAA1217,56243,1.0
KIAA1328,57536,0.7532467532467533
KIAA1671,85379,1.0
KIAA2013,90231,0.987012987012987
KIDINS220,57498,0.935064935064935
KIF11,3832,1.0
KIF12,113220,0.7012987012987013
KIF13A,63971,1.0
KIF13B,23303,1.0
KIF14,9928,0.8831168831168831
KIF15,56992,1.0
KIF16B,55614,1.0
KIF18B,146909,0.5974025974025974
KIF1A,547,0.5844155844155844
KIF1B,23095,1.0
KIF1C,10749,1.0
KIF20A,10112,0.961038961038961
KIF20B,9585,0.8961038961038961
KIF21A,55605,1.0
KIF22,3835,1.0
KIF23,9493,1.0
KIF24,347240,0.6623376623376623
KIF26B,55083,0.7142857142857143
KIF2A,3796,1.0
KIF2C,11004,1.0
KIF3A,11127,1.0
KIF3B,9371,1.0
KIF3C,3797,0.5584415584415584
KIF4A,24137,1.0
KIF5A,3798,0.5064935064935064
KIF5B,3799,1.0
KIF7,374654,0.8831168831168831
KIFAP3,22920,1.0
KIFC1,3833,1.0
KIN,22944,1.0
KLC1,3831,1.0
KLC2,64837,1.0
KLC3,147700,1.0
KLC4,89953,1.0
KLF12,11278,0.5714285714285714
KLF13,51621,0.7532467532467533
KLF16,83855,1.0
KLF3,51274,0.6753246753246753
KLHDC10,23008,0.7662337662337663
KLHDC2,23588,1.0
KLHDC3,116138,0.8831168831168831
KLHDC4,54758,1.0
KLHDC7A,127707,0.7922077922077922
KLHDC8B,200942,0.6623376623376623
KLHL11,55175,1.0
KLHL12,59349,0.8311688311688312
KLHL20,27252,0.7792207792207793
KLHL22,84861,1.0
KLHL25,64410,0.6233766233766234
KLHL26,55295,0.9090909090909091
KLHL36,79786,1.0
KLHL7,55975,0.922077922077922
KLHL9,55958,0.961038961038961
KLK14,43847,0.6493506493506493
KLK6,5653,0.7792207792207793
KLKB1,3818,1.0
KLRG2,346689,0.7142857142857143
KMO,8564,0.8831168831168831
KNG1,3827,1.0
KNTC1,9735,1.0
KPNA1,3836,1.0
KPNA2,3838,1.0
KPNA3,3839,1.0
KPNA4,3840,1.0
KPNA6,23633,1.0
KPNB1,3837,1.0
KPTN,11133,1.0
KRAS,3845,1.0
KRI1,65095,1.0
KRIT1,889,0.961038961038961
KRR1,11103,1.0
KRT1,3848,0.974025974025974
KRT10,3858,1.0
KRT14,3861,1.0
KRT15,3866,1.0
KRT16,3868,1.0
KRT18,3875,1.0
KRT19,3880,1.0
KRT23,25984,1.0
KRT24,192666,0.5714285714285714
KRT4,3851,0.7922077922077922
KRT5,3852,1.0
KRT6A,3853,1.0
KRT6B,3854,1.0
KRT7,3855,1.0
KRT75,9119,0.974025974025974
KRT77,374454,1.0
KRT79,338785,0.6233766233766234
KRT8,3856,1.0
KRT80,144501,1.0
KRT81,3887,1.0
KRT84,3890,0.7922077922077922
KRT9,3857,0.987012987012987
KRTCAP3,200634,0.6233766233766234
KSR1,8844,1.0
KTI12,112970,1.0
KTN1,3895,1.0
KYNU,8942,1.0
L2HGDH,79944,1.0
L3MBTL2,83746,0.9090909090909091
L3MBTL3,84456,1.0
LACTB,114294,1.0
LACTB2,51110,1.0
LAD1,3898,1.0
LAGE3,8270,1.0
LAIR1,3903,1.0
LALBA,3906,1.0
LAMA1,284217,0.6363636363636364
LAMA2,3908,1.0
LAMA3,3909,0.974025974025974
LAMA4,3910,1.0
LAMA5,3911,1.0
LAMB1,3912,1.0
LAMB2,3913,1.0
LAMB3,3914,1.0
LAMC1,3915,1.0
LAMC2,3918,1.0
LAMP1,3916,1.0
LAMP2,3920,1.0
LAMP3,27074,0.8701298701298701
LANCL1,10314,1.0
LANCL2,55915,1.0
LAP3,51056,1.0
LARP1,23367,1.0
LARP1B,55132,1.0
LARP4,113251,1.0
LARP4B,23185,1.0
LARP6,55323,0.6493506493506493
LARP7,51574,1.0
LARS2,23395,1.0
LAS1L,81887,1.0
LASP1,3927,1.0
LATS1,9113,1.0
LBH,81606,1.0
LBP,3929,1.0
LBR,3930,1.0
LCAT,3931,0.948051948051948
LCK,3932,0.8051948051948052
LCLAT1,253558,1.0
LCMT1,51451,1.0
LCMT2,9836,0.8441558441558441
LCN2,3934,1.0
LCP1,3936,1.0
LCP2,3937,1.0
LDB1,8861,0.961038961038961
LDB3,11155,0.8181818181818182
LDHA,3939,1.0
LDHB,3945,1.0
LDHD,197257,1.0
LDLR,3949,0.8181818181818182
LDLRAP1,26119,1.0
LECT2,3950,0.974025974025974
LEF1,51176,0.8181818181818182
LEMD2,221496,1.0
LEMD3,23592,1.0
LENG1,79165,0.948051948051948
LENG8,114823,1.0
LENG9,94059,1.0
LEO1,123169,1.0
LETM1,3954,1.0
LETMD1,25875,0.8571428571428571
LFNG,3955,0.8961038961038961
LGALS1,3956,1.0
LGALS2,3957,0.6233766233766234
LGALS3,3958,1.0
LGALS3BP,3959,1.0
LGALS7,3963,1.0
LGALS8,3964,1.0
LGALS9,3965,1.0
LGMN,5641,1.0
LHPP,64077,1.0
LIAS,11019,0.961038961038961
LIG1,3978,1.0
LIG3,3980,1.0
LIG4,3981,1.0
LILRB1,10859,0.5584415584415584
LILRB4,11006,0.8311688311688312
LIMA1,51474,1.0
LIMCH1,22998,1.0
LIMD1,8994,1.0
LIMD2,80774,1.0
LIMK1,3984,1.0
LIMK2,3985,1.0
LIMS2,55679,1.0
LIN37,55957,0.987012987012987
LIN52,91750,0.5974025974025974
LIN54,132660,1.0
LIN7A,8825,1.0
LIN7C,55327,1.0
LIN9,286826,1.0
LIPA,3988,1.0
LIPE,3991,1.0
LIPT2,387787,0.7142857142857143
LIX1L,128077,1.0
LLGL1,3996,1.0
LLGL2,3993,1.0
LLPH,84298,0.961038961038961
LMAN1,3998,1.0
LMAN2,10960,1.0
LMAN2L,81562,1.0
LMBRD1,55788,0.961038961038961
LMBRD2,92255,0.8831168831168831
LMCD1,29995,1.0
LMF2,91289,0.922077922077922
LMNA,4000,1.0
LMNB1,4001,1.0
LMNB2,84823,1.0
LMO4,8543,0.8961038961038961
LMO7,4008,1.0
LMOD1,25802,1.0
LMTK2,22853,1.0
LMX1B,4010,0.961038961038961
LNPEP,4012,1.0
LNX1,84708,0.7272727272727273
LNX2,222484,0.6233766233766234
LONP1,9361,1.0
LONP2,83752,1.0
LONRF2,164832,0.6623376623376623
LOX,4015,1.0
LOXL1,4016,1.0
LOXL2,4017,1.0
LOXL3,84695,0.8831168831168831
LPA,4018,1.0
LPCAT1,79888,1.0
LPCAT2,54947,1.0
LPCAT3,10162,0.948051948051948
LPGAT1,9926,1.0
LPIN1,23175,1.0
LPIN2,9663,1.0
LPIN3,64900,1.0
LPL,4023,0.6883116883116883
LPP,4026,1.0
LPXN,9404,1.0
LRBA,987,1.0
LRCH1,23143,1.0
LRCH2,57631,0.5584415584415584
LRCH3,84859,1.0
LRCH4,4034,1.0
LRG1,116844,1.0
LRIG1,26018,0.7012987012987013
LRP1,4035,1.0
LRP10,26020,0.6103896103896104
LRP11,84918,0.6753246753246753
LRP2,4036,1.0
LRPAP1,4043,1.0
LRPPRC,10128,1.0
LRRC1,55227,1.0
LRRC14,9684,1.0
LRRC15,131578,1.0
LRRC17,10234,0.8181818181818182
LRRC20,55222,1.0
LRRC25,126364,0.974025974025974
LRRC40,55631,1.0
LRRC41,10489,1.0
LRRC42,115353,0.961038961038961
LRRC45,201255,0.9090909090909091
LRRC47,57470,1.0
LRRC57,255252,1.0
LRRC58,116064,0.7662337662337663
LRRC59,55379,1.0
LRRC8A,56262,0.8701298701298701
LRRC8D,55144,0.7012987012987013
LRRC8E,80131,0.8181818181818182
LRRCC1,85444,0.922077922077922
LRRFIP1,9208,1.0
LRRFIP2,9209,1.0
LRRIQ1,84125,0.7532467532467533
LRRK1,79705,0.8311688311688312
LRRK2,120892,0.7142857142857143
LRSAM1,90678,1.0
LRWD1,222229,1.0
LSG1,55341,1.0
LSM1,27257,1.0
LSM12,124801,1.0
LSM14A,26065,1.0
LSM14B,149986,1.0
LSM2,57819,1.0
LSM3,27258,1.0
LSM4,25804,1.0
LSM5,23658,1.0
LSM6,11157,1.0
LSM7,51690,1.0
LSP1,4046,1.0
LSR,51599,1.0
LSS,4047,1.0
LTA4H,4048,1.0
LTBP1,4052,1.0
LTBP2,4053,1.0
LTBP3,4054,1.0
LTBR,4055,0.5064935064935064
LTF,4057,1.0
LTV1,84946,1.0
LUC7L,55692,1.0
LUC7L3,51747,1.0
LUM,4060,1.0
LUZP1,7798,1.0
LXN,56925,1.0
LY6D,8581,0.6623376623376623
LY6E,4061,1.0
LY75,4065,0.974025974025974
LY86,9450,0.6363636363636364
LY96,23643,0.8051948051948052
LYAR,55646,1.0
LYN,4067,1.0
LYPD3,27076,1.0
LYPLA1,10434,1.0
LYPLA2,11313,1.0
LYPLAL1,127018,1.0
LYRM1,57149,1.0
LYRM2,57226,0.961038961038961
LYRM4,57128,1.0
LYRM7,90624,1.0
LYSMD1,388695,1.0
LYSMD2,256586,1.0
LYST,1130,1.0
LYVE1,10894,1.0
LYZ,4069,1.0
LZIC,84328,1.0
LZTFL1,54585,1.0
LZTR1,8216,1.0
LZTS1,11178,0.935064935064935
LZTS2,84445,0.961038961038961
M6PR,4074,1.0
MACC1,346389,0.961038961038961
MACF1,23499,1.0
MACROD1,28992,1.0
MACROD2,140733,0.922077922077922
MAD1L1,8379,1.0
MAD2L1,4085,1.0
MAD2L1BP,9587,0.961038961038961
MAD2L2,10459,0.961038961038961
MADD,8567,1.0
MAEA,10296,1.0
MAF1,84232,1.0
MAFB,9935,0.7402597402597403
MAFF,23764,0.961038961038961
MAFG,4097,0.974025974025974
MAFK,7975,0.5454545454545454
MAGEA4,4103,0.8701298701298701
MAGED1,9500,1.0
MAGED2,10916,1.0
MAGI1,9223,1.0
MAGI2,9863,0.7272727272727273
MAGI3,260425,1.0
MAGOHB,55110,1.0
MAGT1,84061,1.0
MAK16,84549,1.0
MALT1,10892,1.0
MAMDC2,256691,1.0
MAML1,9794,0.8571428571428571
MAML2,84441,0.6233766233766234
MAN1A1,4121,1.0
MAN1A2,10905,0.961038961038961
MAN1B1,11253,1.0
MAN2A1,4124,1.0
MAN2A2,4122,0.6753246753246753
MAN2B1,4125,1.0
MAN2B2,23324,1.0
MAN2C1,4123,1.0
MANBA,4126,1.0
MANBAL,63905,0.7272727272727273
MANF,7873,1.0
MANSC1,54682,0.935064935064935
MAOA,4128,1.0
MAOB,4129,1.0
MAP1A,4130,1.0
MAP1B,4131,1.0
MAP1LC3B2,643246,1.0
MAP1S,55201,1.0
MAP2,4133,1.0
MAP2K1,5604,1.0
MAP2K2,5605,1.0
MAP2K3,5606,1.0
MAP2K4,6416,1.0
MAP2K5,5607,1.0
MAP2K6,5608,1.0
MAP2K7,5609,1.0
MAP3K1,4214,1.0
MAP3K10,4294,0.5194805194805194
MAP3K11,4296,0.974025974025974
MAP3K2,10746,1.0
MAP3K3,4215,0.6753246753246753
MAP3K4,4216,1.0
MAP3K5,4217,1.0
MAP3K6,9064,1.0
MAP3K7,6885,1.0
MAP3K8,1326,0.922077922077922
MAP4,4134,1.0
MAP4K1,11184,0.974025974025974
MAP4K2,5871,1.0
MAP4K3,8491,1.0
MAP4K4,9448,1.0
MAP7,9053,1.0
MAP7D1,55700,1.0
MAP7D3,79649,1.0
MAP9,79884,0.9090909090909091
MAPK1,5594,1.0
MAPK11,5600,0.5844155844155844
MAPK12,6300,0.5064935064935064
MAPK13,5603,1.0
MAPK14,1432,1.0
MAPK3,5595,1.0
MAPK7,5598,1.0
MAPK8,5599,1.0
MAPK8IP3,23162,0.8441558441558441
MAPK9,5601,1.0
MAPKAP1,79109,1.0
MAPKAPK2,9261,1.0
MAPKAPK3,7867,1.0
MAPKBP1,23005,0.8961038961038961
MAPRE1,22919,1.0
MAPRE2,10982,1.0
MAPRE3,22924,1.0
MAPT,4137,1.0
MARCKS,4082,1.0
MARCKSL1,65108,1.0
MARK1,4139,0.7922077922077922
MARK2,2011,1.0
MARK3,4140,1.0
MARK4,57787,0.6363636363636364
MARS2,92935,1.0
MARVELD2,153562,0.5324675324675324
MASP1,5648,0.961038961038961
MASP2,10747,0.8831168831168831
MAST2,23139,0.961038961038961
MAST3,23031,0.922077922077922
MAST4,375449,0.974025974025974
MASTL,84930,1.0
MAT1A,4143,0.8831168831168831
MAT2A,4144,1.0
MAT2B,27430,1.0
MATN2,4147,1.0
MATN3,4148,1.0
MATR3,9782,1.0
MAVS,57506,1.0
MAX,4149,1.0
MAZ,4150,1.0
MB,4151,1.0
MBD1,4152,1.0
MBD2,8932,1.0
MBD3,53615,1.0
MBD4,8930,1.0
MBIP,51562,1.0
MBL2,4153,1.0
MBLAC1,255374,0.8961038961038961
MBLAC2,153364,1.0
MBNL1,4154,1.0
MBNL2,10150,1.0
MBOAT1,154141,0.5844155844155844
MBOAT2,129642,0.922077922077922
MBOAT7,79143,1.0
MBP,4155,1.0
MBTD1,54799,0.8181818181818182
MBTPS2,51360,0.6493506493506493
MCAM,4162,1.0
MCAT,27349,1.0
MCC,4163,1.0
MCCC1,56922,1.0
MCCC2,64087,1.0
MCEE,84693,1.0
MCF2L,23263,1.0
MCFD2,90411,1.0
MCL1,4170,1.0
MCM2,4171,1.0
MCM3,4172,1.0
MCM3AP,8888,1.0
MCM4,4173,1.0
MCM5,4174,1.0
MCM6,4175,1.0
MCM7,4176,1.0
MCRS1,10445,1.0
MCTS1,28985,1.0
MDC1,9656,1.0
MDH1,4190,1.0
MDH2,4191,1.0
MDK,4192,1.0
MDM4,4194,0.6233766233766234
MDN1,23195,1.0
MDP1,145553,1.0
ME1,4199,1.0
ME2,4200,1.0
ME3,10873,1.0
MEA1,4201,1.0
MEAF6,64769,1.0
MECP2,4204,1.0
MECR,51102,1.0
MED1,5469,1.0
MED10,84246,1.0
MED11,400569,0.961038961038961
MED12,9968,1.0
MED13,9969,1.0
MED13L,23389,0.961038961038961
MED14,9282,1.0
MED15,51586,1.0
MED16,10025,1.0
MED17,9440,1.0
MED18,54797,1.0
MED19,219541,1.0
MED20,9477,1.0
MED21,9412,1.0
MED22,6837,1.0
MED23,9439,1.0
MED24,9862,1.0
MED25,81857,1.0
MED26,9441,1.0
MED27,9442,1.0
MED28,80306,0.974025974025974
MED29,55588,1.0
MED30,90390,1.0
MED31,51003,0.948051948051948
MED4,29079,1.0
MED6,10001,1.0
MED7,9443,0.974025974025974
MED8,112950,1.0
MED9,55090,1.0
MEF2A,4205,0.8961038961038961
MEF2C,4208,0.6753246753246753
MEF2D,4209,1.0
MEGF6,1953,0.974025974025974
MEGF8,1954,0.7142857142857143
MEGF9,1955,0.8181818181818182
MEIS1,4211,0.948051948051948
MELK,9833,0.8051948051948052
MEMO1,51072,1.0
MEN1,4221,1.0
MEPCE,56257,1.0
MET,4233,0.5324675324675324
METAP1,23173,1.0
METAP2,10988,1.0
METRNL,284207,0.7402597402597403
METTL1,4234,1.0
METTL13,51603,1.0
METTL14,57721,1.0
METTL2B,55798,1.0
METTL3,56339,1.0
METTL5,29081,1.0
METTL8,79828,0.6233766233766234
METTL9,51108,0.922077922077922
MEX3A,92312,0.974025974025974
MEX3D,399664,1.0
MFAP1,4236,1.0
MFAP2,4237,1.0
MFAP4,4239,1.0
MFAP5,8076,1.0
MFF,56947,1.0
MFGE8,4240,1.0
MFN1,55669,1.0
MFN2,9927,1.0
MFSD6,54842,0.987012987012987
MGA,23269,1.0
MGAT1,4245,1.0
MGAT2,4247,0.7662337662337663
MGAT5,4249,0.974025974025974
MGLL,11343,1.0
MGMT,4255,1.0
MGP,4256,1.0
MGRN1,23295,1.0
MGST1,4257,1.0
MGST2,4258,0.922077922077922
MGST3,4259,1.0
MIA,8190,0.5714285714285714
MIA3,375056,1.0
MIB1,57534,1.0
MIB2,142678,1.0
MICAL1,64780,1.0
MICAL2,9645,1.0
MICAL3,57553,1.0
MICALL1,85377,1.0
MICALL2,79778,1.0
MID1,4281,1.0
MID1IP1,58526,0.948051948051948
MID2,11043,0.974025974025974
MIER1,57708,1.0
MIER2,54531,0.5064935064935064
MIER3,166968,0.7532467532467533
MIF,4282,1.0
MIF4GD,57409,1.0
MINK1,50488,1.0
MINPP1,9562,1.0
MIOS,54468,1.0
MIPEP,4285,1.0
MIS12,79003,1.0
MITD1,129531,0.8701298701298701
MITF,4286,1.0
MKI67,4288,1.0
MKLN1,4289,1.0
MKNK1,8569,0.961038961038961
MKNK2,2872,0.7532467532467533
MKRN1,23608,1.0
MKRN2,23609,1.0
MLEC,9761,1.0
MLF2,8079,1.0
MLH1,4292,1.0
MLKL,197259,1.0
MLLT1,4298,1.0
MLLT10,8028,0.7012987012987013
MLLT11,10962,0.6233766233766234
MLLT6,4302,1.0
MLPH,79083,1.0
MLST8,64223,1.0
MLX,6945,0.7662337662337663
MLYCD,23417,1.0
MMAA,166785,1.0
MMAB,326625,1.0
MMACHC,25974,0.6493506493506493
MMADHC,27249,0.922077922077922
MME,4311,0.961038961038961
MMGT1,93380,0.922077922077922
MMP1,4312,1.0
MMP10,4319,0.935064935064935
MMP11,4320,0.961038961038961
MMP13,4322,0.7922077922077922
MMP14,4323,1.0
MMP15,4324,0.6233766233766234
MMP19,4327,1.0
MMP2,4313,1.0
MMP3,4314,0.974025974025974
MMP7,4316,1.0
MMP8,4317,0.948051948051948
MMP9,4318,1.0
MMRN1,22915,1.0
MMRN2,79812,1.0
MMS19,64210,1.0
MNAT1,4331,1.0
MNDA,4332,1.0
MNT,4335,0.961038961038961
MOB2,81532,1.0
MOCOS,55034,0.961038961038961
MOCS1,4337,0.8181818181818182
MOCS2,4338,1.0
MOCS3,27304,1.0
MOGS,7841,1.0
MON1A,84315,0.8051948051948052
MON1B,22879,1.0
MON2,23041,1.0
MORC2,22880,1.0
MORC3,23515,1.0
MORF4L1,10933,1.0
MORF4L2,9643,1.0
MOSPD2,158747,1.0
MOV10,4343,1.0
MOXD1,26002,0.8311688311688312
MPDU1,9526,0.961038961038961
MPDZ,8777,1.0
MPEG1,219972,0.5454545454545454
MPG,4350,1.0
MPHOSPH10,10199,1.0
MPHOSPH6,10200,1.0
MPHOSPH8,54737,1.0
MPI,4351,1.0
MPND,84954,0.8961038961038961
MPO,4353,1.0
MPP1,4354,1.0
MPP2,4355,0.7272727272727273
MPP7,143098,1.0
MPRIP,23164,1.0
MPST,4357,1.0
MPV17,4358,1.0
MPZL1,9019,1.0
MPZL2,10205,0.5454545454545454
MRAS,22808,0.974025974025974
MRC1,4360,1.0
MRC2,9902,1.0
MREG,55686,0.6363636363636364
MRFAP1,93621,1.0
MRI1,84245,1.0
MRM1,79922,1.0
MRPL1,65008,1.0
MRPL10,124995,1.0
MRPL11,65003,1.0
MRPL13,28998,1.0
MRPL14,64928,1.0
MRPL15,29088,1.0
MRPL16,54948,1.0
MRPL17,63875,1.0
MRPL18,29074,1.0
MRPL19,9801,1.0
MRPL2,51069,1.0
MRPL20,55052,1.0
MRPL21,219927,1.0
MRPL22,29093,1.0
MRPL23,6150,1.0
MRPL24,79590,1.0
MRPL27,51264,1.0
MRPL28,10573,1.0
MRPL3,11222,1.0
MRPL30,51263,1.0
MRPL32,64983,1.0
MRPL33,9553,1.0
MRPL34,64981,1.0
MRPL35,51318,1.0
MRPL37,51253,1.0
MRPL38,64978,1.0
MRPL39,54148,1.0
MRPL4,51073,1.0
MRPL40,64976,1.0
MRPL41,64975,1.0
MRPL42,28977,1.0
MRPL43,84545,1.0
MRPL44,65080,1.0
MRPL45,84311,1.0
MRPL46,26589,1.0
MRPL47,57129,1.0
MRPL48,51642,1.0
MRPL49,740,1.0
MRPL50,54534,1.0
MRPL51,51258,1.0
MRPL52,122704,1.0
MRPL53,116540,1.0
MRPL54,116541,1.0
MRPL55,128308,1.0
MRPL9,65005,1.0
MRPS10,55173,1.0
MRPS11,64963,1.0
MRPS12,6183,1.0
MRPS14,63931,1.0
MRPS15,64960,1.0
MRPS16,51021,1.0
MRPS17,51373,1.0
MRPS18A,55168,1.0
MRPS18B,28973,1.0
MRPS18C,51023,1.0
MRPS2,51116,1.0
MRPS21,54460,1.0
MRPS22,56945,1.0
MRPS23,51649,1.0
MRPS24,64951,1.0
MRPS25,64432,1.0
MRPS26,64949,1.0
MRPS27,23107,1.0
MRPS28,28957,1.0
MRPS30,10884,1.0
MRPS31,10240,1.0
MRPS33,51650,1.0
MRPS34,65993,1.0
MRPS35,60488,1.0
MRPS5,64969,1.0
MRPS6,64968,1.0
MRPS7,51081,1.0
MRPS9,64965,1.0
MRRF,92399,1.0
MRTO4,51154,1.0
MSH2,4436,1.0
MSH3,4437,1.0
MSH6,2956,1.0
MSI1,4440,0.8571428571428571
MSI2,124540,1.0
MSL1,339287,1.0
MSL2,55167,0.935064935064935
MSL3,10943,1.0
MSN,4478,1.0
MSR1,4481,0.9090909090909091
MSRA,4482,1.0
MSRB2,22921,1.0
MSRB3,253827,1.0
MST1,4485,1.0
MST1R,4486,0.6883116883116883
MSTO1,55154,1.0
MSX2,4488,0.5454545454545454
MT1E,4493,0.5714285714285714
MT1F,4494,0.922077922077922
MT1X,4501,0.8571428571428571
MT2A,4502,0.922077922077922
MT3,4504,0.5974025974025974
MTA1,9112,1.0
MTA2,9219,1.0
MTA3,57504,1.0
MTAP,4507,1.0
MTCH1,23787,1.0
MTCH2,23788,1.0
MTDH,92140,1.0
MTF1,4520,0.7922077922077922
MTF2,22823,0.6753246753246753
MTFMT,123263,1.0
MTFR1,9650,1.0
MTG1,92170,1.0
MTHFD1,4522,1.0
MTHFD1L,25902,1.0
MTHFD2,10797,1.0
MTHFR,4524,1.0
MTHFS,10588,1.0
MTHFSD,64779,1.0
MTIF2,4528,1.0
MTIF3,219402,1.0
MTM1,4534,1.0
MTMR1,8776,1.0
MTMR10,54893,0.987012987012987
MTMR12,54545,1.0
MTMR14,64419,1.0
MTMR2,8898,1.0
MTMR3,8897,1.0
MTMR4,9110,0.6623376623376623
MTMR6,9107,1.0
MTMR9,66036,1.0
MTO1,25821,0.961038961038961
MTOR,2475,1.0
MTPAP,55149,1.0
MTR,4548,1.0
MTRF1,9617,0.922077922077922
MTRF1L,54516,0.8701298701298701
MTRR,4552,1.0
MTSS1,9788,1.0
MTUS1,57509,1.0
MTX1,4580,1.0
MTX2,10651,1.0
MTX3,345778,1.0
MUC1,4582,1.0
MUC16,94025,0.8831168831168831
MUC5B,727897,1.0
MUC6,4588,0.8181818181818182
MUCL1,118430,1.0
MUSTN1,389125,0.935064935064935
MUTYH,4595,0.6363636363636364
MVD,4597,1.0
MVK,4598,1.0
MVP,9961,1.0
MX1,4599,1.0
MX2,4600,1.0
MXRA5,25878,1.0
MXRA7,439921,1.0
MXRA8,54587,0.974025974025974
MYADM,91663,1.0
MYB,4602,0.6493506493506493
MYBBP1A,10514,1.0
MYBPC2,4606,0.7012987012987013
MYCBP,26292,1.0
MYD88,4615,1.0
MYEF2,50804,1.0
MYH10,4628,1.0
MYH11,4629,1.0
MYH14,79784,1.0
MYH15,22989,0.974025974025974
MYH4,4622,0.6883116883116883
MYH6,4624,0.5714285714285714
MYH9,4627,1.0
MYL12A,10627,0.8311688311688312
MYL12B,103910,0.935064935064935
MYL4,4635,0.961038961038961
MYL6,4637,1.0
MYL6B,140465,1.0
MYL9,10398,1.0
MYLK,4638,1.0
MYO10,4651,0.961038961038961
MYO15A,51168,0.922077922077922
MYO18A,399687,1.0
MYO18B,84700,0.6883116883116883
MYO19,80179,1.0
MYO1B,4430,1.0
MYO1C,4641,1.0
MYO1D,4642,1.0
MYO1E,4643,1.0
MYO1F,4542,1.0
MYO1G,64005,1.0
MYO5A,4644,1.0
MYO5B,4645,1.0
MYO5C,55930,1.0
MYO6,4646,1.0
MYO9A,4649,0.8961038961038961
MYO9B,4650,1.0
MYOF,26509,1.0
MYSM1,114803,0.974025974025974
N4BP1,9683,1.0
N4BP2,55728,0.8961038961038961
N4BP2L1,90634,0.7142857142857143
N4BP2L2,10443,0.922077922077922
N4BP3,23138,0.961038961038961
NAA10,8260,1.0
NAA15,80155,1.0
NAA16,79612,1.0
NAA20,51126,1.0
NAA25,80018,1.0
NAA30,122830,1.0
NAA35,60560,1.0
NAA38,84316,1.0
NAA40,79829,1.0
NAA50,80218,1.0
NAAA,27163,1.0
NAALADL2,254827,0.935064935064935
NAB1,4664,0.948051948051948
NAB2,4665,1.0
NACA,4666,1.0
NACC1,112939,1.0
NADK,65220,1.0
NADSYN1,55191,1.0
NAE1,8883,1.0
NAF1,92345,0.974025974025974
NAGA,4668,1.0
NAGK,55577,1.0
NAGLU,4669,1.0
NAIF1,203245,0.7662337662337663
NAMPT,10135,1.0
NANP,140838,1.0
NANS,54187,1.0
NAP1L1,4673,1.0
NAP1L2,4674,0.6363636363636364
NAP1L4,4676,1.0
NAP1L5,266812,0.7922077922077922
NAPA,8775,1.0
NAPB,63908,0.987012987012987
NAPEPLD,222236,0.7662337662337663
NAPG,8774,1.0
NARF,26502,0.8961038961038961
NARS2,79731,1.0
NASP,4678,1.0
NAT1,9,1.0
NAT10,55226,1.0
NAT14,57106,0.922077922077922
NAV1,89796,1.0
NAV2,89797,0.7272727272727273
NBAS,51594,1.0
NBEA,26960,1.0
NBEAL1,65065,1.0
NBEAL2,23218,1.0
NBN,4683,1.0
NBR1,4077,1.0
NCALD,83988,1.0
NCAM2,4685,1.0
NCAPD2,9918,1.0
NCAPD3,23310,1.0
NCAPG,64151,1.0
NCAPG2,54892,1.0
NCAPH,23397,1.0
NCAPH2,29781,0.961038961038961
NCBP1,4686,1.0
NCBP2,22916,1.0
NCCRP1,342897,1.0
NCDN,23154,1.0
NCEH1,57552,1.0
NCF1,653361,1.0
NCF2,4688,1.0
NCF4,4689,1.0
NCK1,4690,1.0
NCK2,8440,1.0
NCKAP1,10787,1.0
NCKAP1L,3071,1.0
NCKAP5L,57701,0.922077922077922
NCKIPSD,51517,1.0
NCLN,56926,1.0
NCOA1,8648,1.0
NCOA2,10499,1.0
NCOA3,8202,1.0
NCOA4,8031,0.948051948051948
NCOA5,57727,1.0
NCOA6,23054,1.0
NCOA7,135112,1.0
NCOR1,9611,1.0
NCOR2,9612,1.0
NCS1,23413,1.0
NCSTN,23385,1.0
NDC80,10403,1.0
NDE1,54820,1.0
NDEL1,81565,1.0
NDOR1,27158,1.0
NDRG1,10397,1.0
NDRG2,57447,1.0
NDRG3,57446,1.0
NDUFA1,4694,1.0
NDUFA10,4705,1.0
NDUFA11,126328,1.0
NDUFA12,55967,1.0
NDUFA13,51079,1.0
NDUFA2,4695,1.0
NDUFA3,4696,1.0
NDUFA5,4698,1.0
NDUFA6,4700,1.0
NDUFA7,4701,1.0
NDUFA8,4702,1.0
NDUFA9,4704,1.0
NDUFAB1,4706,1.0
NDUFAF1,51103,1.0
NDUFAF2,91942,1.0
NDUFAF3,25915,1.0
NDUFAF4,29078,1.0
NDUFB1,4707,1.0
NDUFB10,4716,1.0
NDUFB11,54539,1.0
NDUFB2,4708,0.935064935064935
NDUFB3,4709,1.0
NDUFB4,4710,1.0
NDUFB5,4711,1.0
NDUFB6,4712,1.0
NDUFB7,4713,1.0
NDUFB8,4714,1.0
NDUFB9,4715,1.0
NDUFC1,4717,0.8571428571428571
NDUFC2,4718,1.0
NDUFS1,4719,1.0
NDUFS2,4720,1.0
NDUFS3,4722,1.0
NDUFS4,4724,1.0
NDUFS5,4725,1.0
NDUFS6,4726,1.0
NDUFS7,374291,1.0
NDUFS8,4728,1.0
NDUFV1,4723,1.0
NDUFV2,4729,1.0
NDUFV3,4731,1.0
NEB,4703,1.0
NEBL,10529,1.0
NECAP1,25977,1.0
NECAP2,55707,1.0
NEDD1,121441,1.0
NEDD4,4734,1.0
NEDD4L,23327,1.0
NEDD8,4738,1.0
NEDD9,4739,0.8571428571428571
NEFH,4744,0.6623376623376623
NEFM,4741,0.7012987012987013
NEGR1,257194,0.8571428571428571
NEIL2,252969,0.961038961038961
NEK1,4750,1.0
NEK3,4752,0.7402597402597403
NEK4,6787,0.948051948051948
NEK6,10783,1.0
NEK7,140609,1.0
NEK9,91754,1.0
NENF,29937,1.0
NEO1,4756,1.0
NES,10763,1.0
NEU1,4758,1.0
NEURL4,84461,1.0
NEXN,91624,1.0
NF1,4763,1.0
NF2,4771,1.0
NFASC,23114,0.7402597402597403
NFAT5,10725,0.935064935064935
NFATC1,4772,1.0
NFATC2,4773,1.0
NFATC2IP,84901,1.0
NFATC3,4775,1.0
NFATC4,4776,1.0
NFIA,4774,1.0
NFIB,4781,1.0
NFIC,4782,1.0
NFIX,4784,1.0
NFKB1,4790,1.0
NFKB2,4791,1.0
NFKBIA,4792,1.0
NFKBIB,4793,1.0
NFKBIE,4794,1.0
NFKBIL1,4795,0.961038961038961
NFRKB,4798,1.0
NFS1,9054,1.0
NFU1,27247,1.0
NFX1,4799,1.0
NFXL1,152518,1.0
NFYA,4800,1.0
NFYB,4801,1.0
NFYC,4802,1.0
NGDN,25983,1.0
NGFR,4804,0.6623376623376623
NGLY1,55768,1.0
NGRN,51335,1.0
NHEJ1,79840,1.0
NHLRC2,374354,1.0
NHLRC3,387921,1.0
NHP2,55651,1.0
NHS,4810,0.5844155844155844
NHSL1,57224,1.0
NID1,4811,1.0
NID2,22795,1.0
NIF3L1,60491,1.0
NIN,51199,1.0
NINJ1,4814,0.8051948051948052
NIP7,51388,1.0
NIPBL,25836,1.0
NIPSNAP1,8508,1.0
NIPSNAP3A,25934,1.0
NISCH,11188,1.0
NIT1,4817,1.0
NIT2,56954,1.0
NKAP,79576,1.0
NKIRAS1,28512,0.987012987012987
NKIRAS2,28511,1.0
NKTR,4820,1.0
NLE1,54475,1.0
NLN,57486,1.0
NLRC4,58484,0.8051948051948052
NLRP1,22861,0.5194805194805194
NLRP2,55655,1.0
NLRX1,79671,1.0
NMD3,51068,1.0
NME1,4830,1.0
NME2,4831,1.0
NME3,4832,1.0
NME4,4833,1.0
NME6,10201,0.961038961038961
NME7,29922,1.0
NMI,9111,1.0
NMNAT1,64802,1.0
NMNAT3,349565,1.0
NMRAL1,57407,1.0
NMT1,4836,1.0
NMT2,9397,1.0
NNMT,4837,1.0
NNT,23530,1.0
NOB1,28987,1.0
NOC2L,26155,1.0
NOC3L,64318,1.0
NOC4L,79050,1.0
NOL10,79954,1.0
NOL11,25926,1.0
NOL12,79159,0.6493506493506493
NOL3,8996,1.0
NOL6,65083,1.0
NOL7,51406,1.0
NOL8,55035,1.0
NOL9,79707,1.0
NOLC1,9221,1.0
NOM1,64434,1.0
NOMO1,23420,0.7922077922077922
NOMO2,283820,1.0
NONO,4841,1.0
NOP10,55505,1.0
NOP14,8602,1.0
NOP16,51491,1.0
NOP2,4839,1.0
NOP56,10528,1.0
NOP58,51602,1.0
NOS1AP,9722,1.0
NOS3,4846,0.8961038961038961
NOSIP,51070,1.0
NOSTRIN,115677,1.0
NOTCH1,4851,0.922077922077922
NOTCH2,4853,1.0
NOTCH3,4854,1.0
NOVA1,4857,1.0
NOVA2,4858,1.0
NOXA1,10811,0.7922077922077922
NPAT,4863,0.9090909090909091
NPC1,4864,1.0
NPC2,10577,1.0
NPDC1,56654,0.987012987012987
NPEPL1,79716,1.0
NPEPPS,9520,1.0
NPL,80896,1.0
NPLOC4,55666,1.0
NPM1,4869,1.0
NPM3,10360,1.0
NPNT,255743,1.0
NPRL2,10641,0.922077922077922
NPTN,27020,1.0
NPY1R,4886,0.6103896103896104
NQO1,1728,1.0
NQO2,4835,1.0
NR1H2,7376,0.7792207792207793
NR2C1,7181,0.6103896103896104
NR2C2,7182,1.0
NR2C2AP,126382,1.0
NR2F2,7026,1.0
NR2F6,2063,1.0
NR3C1,2908,1.0
NRAS,4893,0.8831168831168831
NRBF2,29982,1.0
NRBP1,29959,1.0
NRBP2,340371,1.0
NRCAM,4897,0.7532467532467533
NRF1,4899,1.0
NRGN,4900,0.8571428571428571
NRIP1,8204,0.7662337662337663
NRIP2,83714,0.974025974025974
NRP1,8829,1.0
NRP2,8828,1.0
NSA2,10412,1.0
NSD1,64324,0.7532467532467533
NSDHL,50814,1.0
NSF,4905,1.0
NSFL1C,55968,1.0
NSL1,25936,1.0
NSMAF,8439,1.0
NSMCE1,197370,1.0
NSMCE2,286053,1.0
NSMCE4A,54780,1.0
NSUN2,54888,1.0
NSUN3,63899,0.6753246753246753
NSUN4,387338,1.0
NSUN5,55695,1.0
NSUN6,221078,1.0
NT5C,30833,1.0
NT5C2,22978,1.0
NT5DC1,221294,1.0
NT5DC2,64943,1.0
NT5DC3,51559,1.0
NT5E,4907,1.0
NTAN1,123803,1.0
NTHL1,4913,1.0
NTM,50863,0.8181818181818182
NTN1,9423,0.6363636363636364
NTN4,59277,1.0
NUB1,51667,1.0
NUBP1,4682,1.0
NUBP2,10101,1.0
NUBPL,80224,1.0
NUCB1,4924,1.0
NUCB2,4925,1.0
NUCKS1,64710,1.0
NUDC,10726,1.0
NUDCD1,84955,1.0
NUDCD2,134492,1.0
NUDCD3,23386,1.0
NUDT1,4521,1.0
NUDT10,170685,0.7922077922077922
NUDT12,83594,1.0
NUDT14,256281,1.0
NUDT15,55270,1.0
NUDT16,131870,1.0
NUDT16L1,84309,1.0
NUDT19,390916,1.0
NUDT2,318,1.0
NUDT21,11051,1.0
NUDT22,84304,0.6883116883116883
NUDT3,11165,1.0
NUDT5,11164,1.0
NUDT6,11162,0.961038961038961
NUDT8,254552,1.0
NUDT9,53343,1.0
NUF2,83540,1.0
NUFIP1,26747,0.7922077922077922
NUFIP2,57532,1.0
NUMA1,4926,1.0
NUMB,8650,1.0
NUMBL,9253,1.0
NUP107,57122,1.0
NUP133,55746,1.0
NUP153,9972,1.0
NUP155,9631,1.0
NUP160,23279,1.0
NUP188,23511,1.0
NUP205,23165,1.0
NUP210,23225,1.0
NUP214,8021,1.0
NUP35,129401,1.0
NUP37,79023,1.0
NUP43,348995,1.0
NUP50,10762,1.0
NUP54,53371,1.0
NUP62,23636,1.0
NUP85,79902,1.0
NUP88,4927,1.0
NUP93,9688,1.0
NUP98,4928,1.0
NUPR1,26471,0.9090909090909091
NUSAP1,51203,0.8571428571428571
NUTF2,10204,1.0
NVL,4931,1.0
NXF1,10482,1.0
NXN,64359,1.0
NXT1,29107,1.0
NXT2,55916,0.9090909090909091
NYNRIN,57523,0.7272727272727273
OAF,220323,1.0
OAS1,4938,1.0
OAS2,4939,1.0
OAS3,4940,1.0
OASL,8638,1.0
OAT,4942,1.0
OBSL1,23363,1.0
OCIAD1,54940,1.0
OCIAD2,132299,1.0
OCLN,100506658,1.0
OCRL,4952,1.0
ODF2,4957,1.0
OFD1,8481,1.0
OGDH,4967,1.0
OGFOD1,55239,1.0
OGFOD2,79676,0.961038961038961
OGFR,11054,1.0
OGFRL1,79627,1.0
OGN,4969,1.0
OGT,8473,1.0
OIP5,11339,0.5844155844155844
OLA1,29789,1.0
OLFM1,10439,0.8181818181818182
OLFM4,10562,1.0
OLFML1,283298,1.0
OLFML2A,169611,0.8831168831168831
OLFML2B,25903,1.0
OLFML3,56944,1.0
OMA1,115209,0.922077922077922
OMD,4958,1.0
OPA1,4976,1.0
OPA3,80207,0.922077922077922
OPHN1,4983,1.0
OPTN,10133,1.0
OR4A16,81327,0.6233766233766234
ORM1,5004,1.0
ORM2,5005,1.0
ORMDL3,94103,0.5584415584415584
OS9,10956,1.0
OSBP,5007,1.0
OSBP2,23762,0.8441558441558441
OSBPL10,114884,1.0
OSBPL11,114885,1.0
OSBPL1A,114876,1.0
OSBPL2,9885,1.0
OSBPL3,26031,1.0
OSBPL5,114879,0.961038961038961
OSBPL6,114880,0.935064935064935
OSBPL7,114881,0.8311688311688312
OSBPL8,114882,1.0
OSBPL9,114883,1.0
OSCP1,127700,1.0
OSGEP,55644,1.0
OSGEPL1,64172,1.0
OSMR,9180,0.5714285714285714
OSTC,58505,1.0
OSTF1,26578,1.0
OSTM1,28962,0.974025974025974
OTC,5009,0.8181818181818182
OTUB1,55611,1.0
OTUB2,78990,0.6753246753246753
OTUD1,220213,0.7272727272727273
OTUD3,23252,0.6493506493506493
OTUD4,54726,1.0
OTUD5,55593,0.8701298701298701
OTUD6B,51633,1.0
OTUD7B,56957,1.0
OVCA2,124641,1.0
OVOL2,58495,0.6753246753246753
OXA1L,5018,1.0
OXCT1,5019,1.0
OXNAD1,92106,1.0
OXR1,55074,1.0
OXSM,54995,1.0
OXSR1,9943,1.0
P2RX4,5025,1.0
P2RX7,5027,0.5454545454545454
P4HA1,5033,1.0
P4HA2,8974,1.0
P4HA3,283208,0.8701298701298701
P4HB,5034,1.0
P4HTM,54681,1.0
PA2G4,5036,1.0
PAAF1,80227,1.0
PABPC1,26986,1.0
PABPC3,5042,0.8441558441558441
PABPC4,8761,1.0
PABPN1,8106,1.0
PACS1,55690,1.0
PACS2,23241,1.0
PACSIN1,29993,1.0
PACSIN2,11252,1.0
PACSIN3,29763,1.0
PADI2,11240,1.0
PADI4,23569,1.0
PAF1,54623,1.0
PAFAH1B1,5048,1.0
PAFAH1B2,5049,1.0
PAFAH1B3,5050,1.0
PAFAH2,5051,1.0
PAG1,55824,1.0
PAICS,10606,1.0
PAIP1,10605,1.0
PAIP2,51247,1.0
PAK1,5058,1.0
PAK1IP1,55003,1.0
PAK2,5062,1.0
PAK4,10298,1.0
PALLD,23022,1.0
PALM,5064,1.0
PALMD,54873,1.0
PAM,5066,1.0
PAMR1,25891,0.961038961038961
PAN2,9924,1.0
PAN3,255967,1.0
PANK2,80025,1.0
PANK3,79646,0.974025974025974
PANK4,55229,1.0
PANX1,24145,0.6753246753246753
PAOX,196743,0.6233766233766234
PAPLN,89932,1.0
PAPOLA,10914,1.0
PAPOLG,64895,0.9090909090909091
PAPPA,5069,0.8441558441558441
PAPSS1,9061,1.0
PAPSS2,9060,1.0
PARD3,56288,1.0
PARD3B,117583,0.974025974025974
PARD6B,84612,1.0
PARD6G,84552,0.8181818181818182
PARK7,11315,1.0
PARL,55486,0.7792207792207793
PARN,5073,1.0
PARP1,142,1.0
PARP10,84875,1.0
PARP12,64761,1.0
PARP14,54625,1.0
PARP16,54956,0.6623376623376623
PARP2,10038,1.0
PARP4,143,1.0
PARP9,83666,1.0
PARS2,25973,1.0
PARVA,55742,1.0
PARVB,29780,1.0
PARVG,64098,1.0
PASK,23178,0.961038961038961
PATL1,219988,1.0
PATZ1,23598,0.961038961038961
PAWR,5074,1.0
PAXIP1,22976,1.0
PBK,55872,1.0
PBLD,64081,1.0
PBRM1,55193,1.0
PBX1,5087,1.0
PBX2,5089,0.5974025974025974
PBXIP1,57326,1.0
PC,5091,1.0
PCBD1,5092,1.0
PCBD2,84105,1.0
PCBP1,5093,1.0
PCBP2,5094,1.0
PCBP3,54039,0.6493506493506493
PCBP4,57060,0.8831168831168831
PCCA,5095,1.0
PCCB,5096,1.0
PCDH1,5097,1.0
PCDH7,5099,0.7402597402597403
PCF11,51585,1.0
PCGF1,84759,0.5194805194805194
PCGF2,7703,0.7922077922077922
PCGF3,10336,0.5584415584415584
PCGF5,84333,0.922077922077922
PCGF6,84108,0.974025974025974
PCID2,55795,1.0
PCIF1,63935,1.0
PCK2,5106,1.0
PCM1,5108,1.0
PCMT1,5110,1.0
PCMTD1,115294,1.0
PCMTD2,55251,0.8441558441558441
PCNA,5111,1.0
PCNP,57092,1.0
PCNT,5116,1.0
PCOLCE,5118,1.0
PCP4L1,654790,0.7142857142857143
PCTP,58488,1.0
PCYOX1,51449,1.0
PCYOX1L,78991,1.0
PCYT1A,5130,1.0
PCYT2,5833,1.0
PDAP1,11333,1.0
PDCD10,11235,1.0
PDCD11,22984,1.0
PDCD2,5134,1.0
PDCD2L,84306,1.0
PDCD4,27250,1.0
PDCD5,9141,1.0
PDCD6,10016,1.0
PDCD6IP,10015,1.0
PDCD7,10081,0.8181818181818182
PDCL,5082,1.0
PDCL3,79031,1.0
PDE12,201626,1.0
PDE2A,5138,0.6233766233766234
PDE3A,5139,0.7922077922077922
PDE4A,5141,0.7922077922077922
PDE4B,5142,0.6363636363636364
PDE4D,5144,1.0
PDE4DIP,9659,1.0
PDE5A,8654,1.0
PDE6D,5147,1.0
PDF,64146,1.0
PDGFRA,5156,0.8701298701298701
PDGFRB,5159,1.0
PDGFRL,5157,1.0
PDHA1,5160,1.0
PDHB,5162,1.0
PDHX,8050,1.0
PDIA2,64714,0.7662337662337663
PDIA3,2923,1.0
PDIA4,9601,1.0
PDIA5,10954,1.0
PDIA6,10130,1.0
PDK1,5163,1.0
PDK2,5164,1.0
PDK3,5165,1.0
PDK4,5166,0.7272727272727273
PDLIM1,9124,1.0
PDLIM2,64236,1.0
PDLIM3,27295,1.0
PDLIM4,8572,1.0
PDLIM5,10611,1.0
PDLIM7,9260,1.0
PDP1,54704,1.0
PDPK1,5170,1.0
PDPR,55066,1.0
PDRG1,81572,1.0
PDS5A,23244,1.0
PDS5B,23047,1.0
PDSS2,57107,1.0
PDXDC1,23042,1.0
PDXK,8566,1.0
PDXP,57026,1.0
PDZD11,51248,1.0
PDZD8,118987,0.8961038961038961
PDZK1,5174,1.0
PDZRN3,23024,1.0
PEA15,8682,1.0
PEBP1,5037,1.0
PEBP4,157310,0.8181818181818182
PECR,55825,1.0
PEF1,553115,1.0
PEG10,23089,1.0
PEG3,5178,0.935064935064935
PELO,53918,1.0
PELP1,27043,1.0
PEPD,5184,1.0
PER2,8864,0.7792207792207793
PES1,23481,1.0
PEX1,5189,1.0
PEX11A,8800,0.6753246753246753
PEX11B,8799,0.7532467532467533
PEX13,5194,0.948051948051948
PEX14,5195,1.0
PEX16,9409,0.8311688311688312
PEX19,5824,1.0
PEX26,55670,0.6493506493506493
PEX3,8504,1.0
PEX5,5830,1.0
PEX6,5190,1.0
PEX7,5191,0.961038961038961
PF4,5196,0.961038961038961
PFAS,5198,1.0
PFDN1,5201,1.0
PFDN2,5202,1.0
PFDN4,5203,1.0
PFDN5,5204,1.0
PFDN6,10471,1.0
PFKFB2,5208,1.0
PFKFB3,5209,1.0
PFKFB4,5210,0.8571428571428571
PFKL,5211,1.0
PFKM,5213,1.0
PFKP,5214,1.0
PFN1,5216,1.0
PFN2,5217,1.0
PGAM2,5224,1.0
PGAM5,192111,1.0
PGD,5226,1.0
PGGT1B,5229,1.0
PGK1,5230,1.0
PGK2,5232,0.8961038961038961
PGLS,25796,1.0
PGLYRP1,8993,0.974025974025974
PGLYRP2,114770,1.0
PGM1,5236,1.0
PGM2,55276,1.0
PGM2L1,283209,1.0
PGM3,5238,1.0
PGM5,5239,1.0
PGP,283871,1.0
PGPEP1,54858,1.0
PGR,5241,1.0
PGRMC1,10857,1.0
PGRMC2,10424,1.0
PGS1,9489,0.974025974025974
PHACTR2,9749,1.0
PHACTR4,65979,1.0
PHAX,51808,1.0
PHB2,11331,1.0
PHC1,1911,0.8051948051948052
PHC2,1912,1.0
PHC3,80012,1.0
PHF1,5252,1.0
PHF10,55274,1.0
PHF11,51131,1.0
PHF12,57649,1.0
PHF14,9678,1.0
PHF2,5253,1.0
PHF20,51230,0.5974025974025974
PHF20L1,51105,1.0
PHF21A,51317,1.0
PHF23,79142,1.0
PHF3,23469,1.0
PHF5A,84844,1.0
PHF6,84295,1.0
PHF8,23133,1.0
PHGDH,26227,1.0
PHIP,55023,1.0
PHKA1,5255,1.0
PHKA2,5256,1.0
PHKB,5257,1.0
PHKG2,5261,1.0
PHLDA1,22822,0.8181818181818182
PHLDA2,7262,0.5714285714285714
PHLDA3,23612,1.0
PHLDB1,23187,1.0
PHLDB2,90102,1.0
PHLDB3,653583,1.0
PHLPP2,23035,0.5714285714285714
PHPT1,29085,1.0
PHRF1,57661,1.0
PHYH,5264,1.0
PHYHD1,254295,1.0
PI16,221476,1.0
PI4K2A,55361,1.0
PI4K2B,55300,1.0
PI4KA,5297,1.0
PI4KB,5298,1.0
PIAS1,8554,1.0
PIAS2,9063,0.7792207792207793
PIAS3,10401,0.8181818181818182
PIAS4,51588,0.974025974025974
PIBF1,10464,1.0
PICALM,8301,1.0
PICK1,9463,1.0
PID1,55022,0.8311688311688312
PIGG,54872,0.7142857142857143
PIGK,10026,1.0
PIGO,84720,0.935064935064935
PIGQ,9091,0.8571428571428571
PIGR,5284,1.0
PIGS,94005,1.0
PIGT,51604,1.0
PIGU,128869,0.8441558441558441
PIGX,54965,0.8961038961038961
PIH1D1,55011,1.0
PIK3AP1,118788,1.0
PIK3C2A,5286,1.0
PIK3C2B,5287,1.0
PIK3C3,5289,1.0
PIK3CA,5290,1.0
PIK3CB,5291,1.0
PIK3CD,5293,1.0
PIK3CG,5294,1.0
PIK3IP1,113791,0.5064935064935064
PIK3R1,5295,1.0
PIK3R2,5296,1.0
PIK3R3,8503,0.7012987012987013
PIK3R4,30849,1.0
PIKFYVE,200576,1.0
PIN1,5300,1.0
PIN4,5303,1.0
PIP,5304,1.0
PIP4K2A,5305,1.0
PIP4K2B,8396,1.0
PIP4K2C,79837,1.0
PIP5K1A,8394,1.0
PIP5K1C,23396,1.0
PIR,8544,1.0
PISD,23761,1.0
PITPNA,5306,1.0
PITPNB,23760,1.0
PITPNC1,26207,1.0
PITPNM1,9600,1.0
PITRM1,10531,1.0
PITX1,5307,0.8701298701298701
PJA1,64219,0.8831168831168831
PJA2,9867,1.0
PKIB,5570,1.0
PKIG,11142,1.0
PKLR,5313,0.8441558441558441
PKN1,5585,1.0
PKN2,5586,1.0
PKNOX1,5316,1.0
PKP1,5317,1.0
PKP2,5318,1.0
PKP3,11187,1.0
PKP4,8502,1.0
PLA2G12A,81579,0.961038961038961
PLA2G15,23659,1.0
PLA2G2A,5320,0.974025974025974
PLA2G4A,5321,1.0
PLA2G4C,8605,0.5584415584415584
PLA2G6,8398,0.5584415584415584
PLA2G7,7941,0.7012987012987013
PLAA,9373,1.0
PLAC9,219348,1.0
PLAT,5327,1.0
PLAU,5328,1.0
PLAUR,5329,1.0
PLBD1,79887,1.0
PLBD2,196463,1.0
PLCB1,23236,1.0
PLCB2,5330,1.0
PLCB3,5331,1.0
PLCB4,5332,1.0
PLCD1,5333,1.0
PLCD4,84812,0.6233766233766234
PLCE1,51196,0.6363636363636364
PLCG1,5335,1.0
PLCG2,5336,1.0
PLCH1,23007,0.7272727272727273
PLCL1,5334,1.0
PLCL2,23228,0.8701298701298701
PLD1,5337,0.961038961038961
PLD2,5338,0.987012987012987
PLD3,23646,1.0
PLD4,122618,1.0
PLEC,5339,1.0
PLEK,5341,1.0
PLEK2,26499,0.974025974025974
PLEKHA1,59338,1.0
PLEKHA3,65977,1.0
PLEKHA4,57664,0.7792207792207793
PLEKHA5,54477,1.0
PLEKHA6,22874,1.0
PLEKHA7,144100,1.0
PLEKHA8,84725,0.7792207792207793
PLEKHB2,55041,0.7922077922077922
PLEKHF1,79156,1.0
PLEKHF2,79666,1.0
PLEKHG1,57480,0.974025974025974
PLEKHG2,64857,0.935064935064935
PLEKHG3,26030,1.0
PLEKHG4,25894,0.5584415584415584
PLEKHG4B,153478,0.6103896103896104
PLEKHJ1,55111,0.8051948051948052
PLEKHM1,9842,0.8181818181818182
PLEKHM2,23207,1.0
PLEKHO1,51177,1.0
PLEKHO2,80301,1.0
PLG,5340,1.0
PLIN1,5346,1.0
PLIN2,123,1.0
PLIN3,10226,1.0
PLIN4,729359,1.0
PLIN5,440503,0.8961038961038961
PLK1,5347,0.8831168831168831
PLOD1,5351,1.0
PLOD2,5352,1.0
PLOD3,8985,1.0
PLRG1,5356,1.0
PLS1,5357,1.0
PLS3,5358,1.0
PLSCR1,5359,0.922077922077922
PLSCR3,57048,0.5584415584415584
PLTP,5360,1.0
PLVAP,83483,1.0
PLXDC2,84898,1.0
PLXNA1,5361,0.974025974025974
PLXNA3,55558,0.6103896103896104
PLXNB1,5364,1.0
PLXNB2,23654,1.0
PLXNC1,10154,1.0
PLXND1,23129,0.922077922077922
PM20D2,135293,1.0
PMF1,11243,1.0
PML,5371,1.0
PMM1,5372,1.0
PMM2,5373,1.0
PMP2,5375,0.8571428571428571
PMPCA,23203,1.0
PMPCB,9512,1.0
PMS1,5378,1.0
PMS2,5395,1.0
PMVK,10654,1.0
PNKD,25953,1.0
PNKP,11284,1.0
PNMA1,9240,0.7532467532467533
PNMT,5409,1.0
PNN,5411,1.0
PNO1,56902,1.0
PNP,4860,1.0
PNPLA2,57104,1.0
PNPLA4,8228,1.0
PNPLA6,10908,1.0
PNPLA8,50640,1.0
PNPO,55163,1.0
PNPT1,87178,1.0
POC1B,282809,0.8311688311688312
POC5,134359,0.961038961038961
PODN,127435,1.0
PODXL,5420,1.0
POF1B,79983,1.0
POFUT1,23509,1.0
POFUT2,23275,1.0
POGK,57645,0.961038961038961
POGZ,23126,1.0
POLA1,5422,1.0
POLA2,23649,1.0
POLB,5423,1.0
POLD1,5424,1.0
POLD2,5425,1.0
POLD3,10714,1.0
POLD4,57804,0.935064935064935
POLDIP3,84271,1.0
POLE,5426,0.922077922077922
POLE2,5427,0.8181818181818182
POLE3,54107,1.0
POLE4,56655,1.0
POLG,5428,1.0
POLG2,11232,1.0
POLI,11201,1.0
POLK,51426,0.8441558441558441
POLL,27343,0.922077922077922
POLM,27434,0.7402597402597403
POLR1A,25885,1.0
POLR1B,84172,1.0
POLR1C,9533,1.0
POLR1D,51082,1.0
POLR1E,64425,1.0
POLR2B,5431,1.0
POLR2C,5432,1.0
POLR2D,5433,1.0
POLR2E,5434,1.0
POLR2F,5435,1.0
POLR2G,5436,1.0
POLR2H,5437,1.0
POLR2I,5438,1.0
POLR2K,5440,1.0
POLR2L,5441,1.0
POLR3A,11128,1.0
POLR3B,55703,1.0
POLR3C,10623,1.0
POLR3D,661,1.0
POLR3E,55718,1.0
POLR3F,10621,1.0
POLR3GL,84265,0.8701298701298701
POLR3H,171568,1.0
POLR3K,51728,1.0
POLRMT,5442,1.0
POM121C,100101267,0.9090909090909091
POMGNT1,55624,0.7922077922077922
POMP,51371,1.0
PON1,5444,1.0
PON2,5445,1.0
PON3,5446,0.948051948051948
POP1,10940,1.0
POP4,10775,1.0
POP5,51367,0.7662337662337663
POP7,10248,1.0
POR,5447,1.0
POSTN,10631,1.0
POT1,25913,1.0
POTEF,728378,1.0
POU2F1,5451,1.0
POU2F2,5452,0.5064935064935064
PPA1,5464,1.0
PPA2,27068,1.0
PPAN,56342,1.0
PPAT,5471,1.0
PPBP,5473,1.0
PPCDC,60490,1.0
PPCS,79717,1.0
PPDPF,79144,1.0
PPFIA1,8500,1.0
PPFIA3,8541,0.7402597402597403
PPFIBP1,8496,1.0
PPFIBP2,8495,1.0
PPHLN1,51535,1.0
PPIA,5478,1.0
PPIAL4G,644591,1.0
PPIB,5479,1.0
PPIC,5480,1.0
PPID,5481,1.0
PPIE,10450,1.0
PPIF,10105,1.0
PPIG,9360,1.0
PPIH,10465,1.0
PPIL1,51645,1.0
PPIL2,23759,1.0
PPIL3,53938,1.0
PPIL4,85313,1.0
PPIP5K1,9677,0.974025974025974
PPIP5K2,23262,1.0
PPL,5493,1.0
PPM1A,5494,1.0
PPM1B,5495,1.0
PPM1D,8493,0.6103896103896104
PPM1F,9647,1.0
PPM1G,5496,1.0
PPM1H,57460,1.0
PPM1J,333926,0.7662337662337663
PPM1K,152926,0.5974025974025974
PPM1L,151742,0.6883116883116883
PPM1M,132160,0.7012987012987013
PPME1,51400,1.0
PPOX,5498,1.0
PPP1CA,5499,1.0
PPP1CB,5500,1.0
PPP1CC,5501,1.0
PPP1R10,5514,1.0
PPP1R11,6992,1.0
PPP1R12A,4659,1.0
PPP1R12B,4660,1.0
PPP1R12C,54776,1.0
PPP1R13B,23368,1.0
PPP1R13L,10848,1.0
PPP1R14A,94274,1.0
PPP1R14B,26472,1.0
PPP1R14C,81706,0.8311688311688312
PPP1R16A,84988,0.961038961038961
PPP1R1A,5502,0.8181818181818182
PPP1R1B,84152,1.0
PPP1R2,5504,1.0
PPP1R3B,79660,0.7142857142857143
PPP1R3D,5509,1.0
PPP1R7,5510,1.0
PPP1R8,5511,1.0
PPP1R9A,55607,1.0
PPP2CA,5515,1.0
PPP2CB,5516,1.0
PPP2R1A,5518,1.0
PPP2R1B,5519,1.0
PPP2R2A,5520,1.0
PPP2R3A,5523,1.0
PPP2R5A,5525,1.0
PPP2R5B,5526,1.0
PPP2R5C,5527,1.0
PPP2R5D,5528,1.0
PPP2R5E,5529,1.0
PPP3CA,5530,1.0
PPP3CB,5532,1.0
PPP3CC,5533,1.0
PPP3R1,5534,1.0
PPP4C,5531,1.0
PPP4R1,9989,1.0
PPP4R2,151987,1.0
PPP5C,5536,1.0
PPP6C,5537,1.0
PPT1,5538,1.0
PPT2,9374,0.5324675324675324
PPTC7,160760,1.0
PPWD1,23398,1.0
PQBP1,10084,1.0
PRAF2,11230,0.935064935064935
PRAM1,84106,1.0
PRC1,9055,1.0
PRCC,5546,1.0
PRCP,5547,1.0
PRDM10,56980,0.961038961038961
PRDM15,63977,0.7272727272727273
PRDM2,7799,0.8571428571428571
PRDX1,5052,1.0
PRDX2,7001,1.0
PRDX3,10935,1.0
PRDX4,10549,1.0
PRDX5,25824,1.0
PRDX6,9588,1.0
PREB,10113,1.0
PRELP,5549,1.0
PREP,5550,1.0
PREPL,9581,1.0
PREX1,57580,1.0
PRF1,5551,0.8051948051948052
PRG2,5553,1.0
PRG3,10394,0.8181818181818182
PRG4,10216,1.0
PRICKLE2,166336,0.7402597402597403
PRIM1,5557,1.0
PRKAA1,5562,1.0
PRKAA2,5563,1.0
PRKAB1,5564,1.0
PRKAB2,5565,1.0
PRKACA,5566,1.0
PRKACB,5567,1.0
PRKAG1,5571,1.0
PRKAG2,51422,0.922077922077922
PRKAR1A,5573,1.0
PRKAR1B,5575,0.935064935064935
PRKAR2A,5576,1.0
PRKAR2B,5577,1.0
PRKCA,5578,1.0
PRKCB,5579,1.0
PRKCD,5580,1.0
PRKCE,5581,0.6883116883116883
PRKCH,5583,0.8831168831168831
PRKCI,5584,1.0
PRKCQ,5588,0.5064935064935064
PRKCSH,5589,1.0
PRKCZ,5590,0.961038961038961
PRKD1,5587,0.987012987012987
PRKD2,25865,1.0
PRKD3,23683,0.7662337662337663
PRKG1,5592,1.0
PRKRA,8575,1.0
PRKRIP1,79706,1.0
PRMT1,3276,1.0
PRMT2,3275,0.935064935064935
PRMT3,10196,1.0
PRMT5,10419,1.0
PRMT6,55170,0.987012987012987
PRMT7,54496,1.0
PRNP,5621,1.0
PROC,5624,1.0
PROCR,10544,0.961038961038961
PRODH,5625,1.0
PROM1,8842,1.0
PROM2,150696,0.8831168831168831
PROS1,5627,1.0
PROZ,8858,1.0
PRPF18,8559,1.0
PRPF19,27339,1.0
PRPF3,9129,1.0
PRPF31,26121,1.0
PRPF38A,84950,1.0
PRPF38B,55119,1.0
PRPF39,55015,1.0
PRPF4,9128,1.0
PRPF40A,55660,1.0
PRPF40B,25766,1.0
PRPF6,24148,1.0
PRPF8,10594,1.0
PRPH,5630,0.7272727272727273
PRPS1,5631,1.0
PRPS2,5634,1.0
PRPSAP1,5635,1.0
PRPSAP2,5636,1.0
PRR11,55771,0.5194805194805194
PRR12,57479,1.0
PRR13,54458,0.7012987012987013
PRR14,78994,1.0
PRR15,222171,0.922077922077922
PRR15L,79170,0.8441558441558441
PRR5,55615,0.7532467532467533
PRRC1,133619,1.0
PRRX1,5396,0.935064935064935
PRRX2,51450,0.7532467532467533
PRSS1,5644,0.8961038961038961
PRSS22,64063,0.6103896103896104
PRSS23,11098,1.0
PRSS3,5646,0.7792207792207793
PRSS8,5652,1.0
PRTFDC1,56952,1.0
PRTN3,5657,1.0
PSAP,5660,1.0
PSAT1,29968,1.0
PSD3,23362,0.8831168831168831
PSD4,23550,1.0
PSEN1,5663,0.9090909090909091
PSEN2,5664,0.7792207792207793
PSIP1,11168,1.0
PSMA1,5682,1.0
PSMA2,5683,1.0
PSMA3,5684,1.0
PSMA4,5685,1.0
PSMA5,5686,1.0
PSMA6,5687,1.0
PSMA7,5688,1.0
PSMB1,5689,1.0
PSMB10,5699,1.0
PSMB2,5690,1.0
PSMB3,5691,1.0
PSMB4,5692,1.0
PSMB5,5693,1.0
PSMB6,5694,1.0
PSMB7,5695,1.0
PSMB8,5696,1.0
PSMB9,5698,1.0
PSMC1,5700,1.0
PSMC2,5701,1.0
PSMC3,5702,1.0
PSMC3IP,29893,0.5974025974025974
PSMC4,5704,1.0
PSMC5,5705,1.0
PSMC6,5706,1.0
PSMD1,5707,1.0
PSMD10,5716,1.0
PSMD11,5717,1.0
PSMD12,5718,1.0
PSMD13,5719,1.0
PSMD14,10213,1.0
PSMD2,5708,1.0
PSMD3,5709,1.0
PSMD4,5710,1.0
PSMD5,5711,1.0
PSMD6,9861,1.0
PSMD7,5713,1.0
PSMD8,5714,1.0
PSMD9,5715,1.0
PSME1,5720,1.0
PSME2,5721,1.0
PSME3,10197,1.0
PSME4,23198,1.0
PSMF1,9491,1.0
PSMG1,8624,1.0
PSMG2,56984,1.0
PSMG3,84262,1.0
PSMG4,389362,1.0
PSPC1,55269,1.0
PSPH,5723,1.0
PSTPIP1,9051,1.0
PSTPIP2,9050,1.0
PTAR1,375743,1.0
PTBP1,5725,1.0
PTBP2,58155,1.0
PTCD2,79810,0.7142857142857143
PTCD3,55037,1.0
PTDSS1,9791,1.0
PTDSS2,81490,0.7792207792207793
PTEN,5728,1.0
PTER,9317,1.0
PTGDS,5730,1.0
PTGES,9536,0.922077922077922
PTGES2,80142,1.0
PTGES3,10728,1.0
PTGFRN,5738,1.0
PTGIS,5740,1.0
PTGR1,22949,1.0
PTGR2,145482,1.0
PTGS1,5742,1.0
PTGS2,5743,0.5714285714285714
PTK2,5747,1.0
PTK2B,2185,1.0
PTK6,5753,0.8961038961038961
PTK7,5754,1.0
PTMA,5757,1.0
PTMS,5763,1.0
PTN,5764,0.7142857142857143
PTOV1,53635,0.7662337662337663
PTP4A1,7803,0.9090909090909091
PTP4A2,8073,1.0
PTP4A3,11156,0.7922077922077922
PTPDC1,138639,0.5454545454545454
PTPMT1,114971,1.0
PTPN1,5770,1.0
PTPN11,5781,1.0
PTPN12,5782,1.0
PTPN13,5783,1.0
PTPN14,5784,1.0
PTPN18,26469,1.0
PTPN2,5771,1.0
PTPN23,25930,1.0
PTPN3,5774,0.948051948051948
PTPN6,5777,1.0
PTPN7,5778,1.0
PTPN9,5780,1.0
PTPRA,5786,1.0
PTPRC,5788,1.0
PTPRE,5791,1.0
PTPRF,5792,1.0
PTPRG,5793,0.974025974025974
PTPRJ,5795,1.0
PTPRK,5796,1.0
PTPRM,5797,0.922077922077922
PTPRS,5802,1.0
PTPRU,10076,0.5064935064935064
PTPRZ1,5803,0.6753246753246753
PTRH1,138428,1.0
PTRH2,51651,1.0
PTS,5805,1.0
PTX3,5806,1.0
PUF60,22827,1.0
PUM1,9698,1.0
PUM2,23369,1.0
PURA,5813,1.0
PURB,5814,1.0
PUS1,80324,1.0
PUS10,150962,1.0
PUS3,83480,0.948051948051948
PUS7,54517,1.0
PUS7L,83448,1.0
PUSL1,126789,1.0
PVALB,5816,1.0
PVR,5817,0.974025974025974
PWP1,11137,1.0
PWP2,5822,1.0
PWWP2A,114825,0.6623376623376623
PWWP2B,170394,0.961038961038961
PXDN,7837,1.0
PXK,54899,1.0
PXMP4,11264,0.6363636363636364
PXN,5829,1.0
PYCARD,29108,1.0
PYCR1,5831,1.0
PYCR2,29920,1.0
PYDC1,260434,1.0
PYGB,5834,1.0
PYGL,5836,1.0
PYGM,5837,0.5844155844155844
PYGO2,90780,1.0
PYHIN1,149628,0.7272727272727273
PYROXD1,79912,0.974025974025974
PYROXD2,84795,0.935064935064935
PZP,5858,1.0
QDPR,5860,1.0
QKI,9444,1.0
QPCT,25797,0.9090909090909091
QPCTL,54814,0.7792207792207793
QPRT,23475,1.0
QRICH1,54870,1.0
QRSL1,55278,1.0
QSER1,79832,0.8831168831168831
QSOX1,5768,1.0
QSOX2,169714,0.7402597402597403
QTRT1,81890,1.0
R3HCC1,203069,1.0
R3HDM1,23518,0.974025974025974
R3HDM2,22864,1.0
RAB10,10890,1.0
RAB11B,9230,1.0
RAB11FIP1,80223,1.0
RAB11FIP2,22841,0.8051948051948052
RAB11FIP3,9727,0.6753246753246753
RAB11FIP4,84440,1.0
RAB11FIP5,26056,1.0
RAB12,201475,1.0
RAB13,5872,1.0
RAB14,51552,1.0
RAB17,64284,0.8311688311688312
RAB18,22931,1.0
RAB19,401409,0.8961038961038961
RAB1A,5861,1.0
RAB1B,81876,1.0
RAB20,55647,0.8571428571428571
RAB21,23011,1.0
RAB22A,57403,1.0
RAB23,51715,1.0
RAB24,53917,1.0
RAB25,57111,1.0
RAB27A,5873,1.0
RAB27B,5874,1.0
RAB28,9364,1.0
RAB2A,5862,1.0
RAB2B,84932,1.0
RAB30,27314,1.0
RAB31,11031,1.0
RAB32,10981,1.0
RAB33B,83452,1.0
RAB34,83871,1.0
RAB35,11021,1.0
RAB38,23682,0.935064935064935
RAB3A,5864,0.6363636363636364
RAB3D,9545,1.0
RAB3GAP1,22930,1.0
RAB3GAP2,25782,1.0
RAB3IL1,5866,1.0
RAB3IP,117177,1.0
RAB40C,57799,0.7012987012987013
RAB43,339122,1.0
RAB4A,5867,1.0
RAB4B,53916,1.0
RAB5A,5868,1.0
RAB5B,5869,1.0
RAB5C,5878,1.0
RAB6A,5870,1.0
RAB6B,51560,0.7792207792207793
RAB7A,7879,1.0
RAB8A,4218,1.0
RAB8B,51762,1.0
RAB9A,9367,1.0
RABAC1,10567,1.0
RABEP1,9135,1.0
RABEP2,79874,1.0
RABEPK,10244,1.0
RABGAP1,23637,1.0
RABGAP1L,9910,1.0
RABGGTA,5875,1.0
RABGGTB,5876,1.0
RABIF,5877,1.0
RABL2B,11158,1.0
RABL3,285282,1.0
RAC1,5879,1.0
RAC2,5880,1.0
RAC3,5881,0.948051948051948
RACGAP1,29127,1.0
RAD1,5810,1.0
RAD17,5884,1.0
RAD18,56852,0.935064935064935
RAD21,5885,1.0
RAD23A,5886,1.0
RAD23B,5887,1.0
RAD50,10111,1.0
RAD51,5888,0.8051948051948052
RAD51AP1,10635,0.6753246753246753
RAD51C,5889,0.5844155844155844
RAD54B,25788,0.5974025974025974
RAD54L2,23132,0.9090909090909091
RAD9A,5883,1.0
RAE1,8480,1.0
RAF1,5894,1.0
RAI1,10743,1.0
RAI14,26064,1.0
RALA,5898,1.0
RALB,5899,1.0
RALBP1,10928,1.0
RALGAPA1,253959,1.0
RALGAPA2,57186,1.0
RALGAPB,57148,1.0
RALGPS2,55103,1.0
RALY,22913,1.0
RAN,5901,1.0
RANBP1,5902,1.0
RANBP10,57610,1.0
RANBP2,5903,1.0
RANBP3,8498,1.0
RANBP6,26953,1.0
RANBP9,10048,1.0
RANGAP1,5905,1.0
RANGRF,29098,1.0
RAP1A,5906,1.0
RAP1B,5908,1.0
RAP1GAP,5909,0.974025974025974
RAP1GAP2,23108,0.987012987012987
RAP1GDS1,5910,1.0
RAP2B,5912,1.0
RAP2C,57826,1.0
RAPGEF1,2889,1.0
RAPGEF2,9693,1.0
RAPGEF4,11069,0.6883116883116883
RAPGEF6,51735,1.0
RAPH1,65059,1.0
RARA,5914,1.0
RARRES1,5918,1.0
RARRES2,5919,1.0
RARS2,57038,1.0
RASA1,5921,1.0
RASA2,5922,1.0
RASA3,22821,1.0
RASA4,10156,1.0
RASAL1,8437,0.961038961038961
RASAL2,9462,1.0
RASAL3,64926,1.0
RASEF,158158,0.935064935064935
RASGRF2,5924,0.8571428571428571
RASGRP2,10235,0.7402597402597403
RASIP1,54922,1.0
RASL12,51285,0.6883116883116883
RASSF1,11186,0.974025974025974
RASSF2,9770,1.0
RASSF3,283349,0.6493506493506493
RASSF4,83937,0.7922077922077922
RASSF5,83593,1.0
RASSF7,8045,0.7012987012987013
RASSF8,11228,0.8701298701298701
RAVER1,125950,1.0
RAVER2,55225,1.0
RB1,5925,1.0
RB1CC1,9821,1.0
RBAK,57786,0.6493506493506493
RBBP4,5928,1.0
RBBP5,5929,1.0
RBBP6,5930,1.0
RBBP7,5931,1.0
RBBP8,5932,0.935064935064935
RBBP9,10741,1.0
RBCK1,10616,1.0
RBKS,64080,1.0
RBL1,5933,0.5974025974025974
RBL2,5934,1.0
RBM10,8241,1.0
RBM12,10137,1.0
RBM12B,389677,1.0
RBM14,10432,1.0
RBM15,64783,1.0
RBM15B,29890,1.0
RBM17,84991,1.0
RBM18,92400,0.974025974025974
RBM19,9904,1.0
RBM22,55696,1.0
RBM23,55147,0.8571428571428571
RBM25,58517,1.0
RBM26,64062,1.0
RBM27,54439,1.0
RBM28,55131,1.0
RBM3,5935,1.0
RBM33,155435,1.0
RBM34,23029,1.0
RBM38,55544,1.0
RBM39,9584,1.0
RBM4,5936,0.961038961038961
RBM41,55285,0.6623376623376623
RBM42,79171,1.0
RBM45,129831,1.0
RBM47,54502,1.0
RBM4B,83759,1.0
RBM5,10181,1.0
RBM6,10180,1.0
RBM7,10179,1.0
RBM8A,9939,1.0
RBMS1,5937,1.0
RBMS2,5939,1.0
RBMS3,27303,0.7402597402597403
RBMX,27316,1.0
RBMX2,51634,1.0
RBMXL1,494115,1.0
RBP1,5947,1.0
RBP4,5950,1.0
RBP5,83758,0.922077922077922
RBP7,116362,1.0
RBPJ,3516,1.0
RBPMS,11030,1.0
RBX1,9978,1.0
RC3H1,149041,1.0
RC3H2,54542,0.935064935064935
RCAN1,1827,0.8441558441558441
RCAN3,11123,0.8181818181818182
RCBTB2,1102,0.8571428571428571
RCC1,1104,1.0
RCC2,55920,1.0
RCCD1,91433,1.0
RCHY1,25898,1.0
RCL1,10171,1.0
RCN1,5954,1.0
RCN2,5955,1.0
RCN3,57333,1.0
RCOR1,23186,1.0
RCOR2,283248,0.6493506493506493
RCOR3,55758,1.0
RCSD1,92241,1.0
RDH10,157506,1.0
RDH11,51109,1.0
RDH13,112724,1.0
RDH14,57665,1.0
RDH16,8608,0.6493506493506493
RDX,5962,1.0
RECK,8434,0.7012987012987013
RECQL,5965,1.0
RECQL5,9400,1.0
REEP3,221035,1.0
REEP4,80346,1.0
REEP5,7905,1.0
REEP6,92840,1.0
REL,5966,1.0
RELA,5970,1.0
RELB,5971,1.0
RELL1,768211,1.0
REM1,28954,0.8441558441558441
REM2,161253,0.5844155844155844
RENBP,5973,1.0
REPIN1,29803,1.0
REPS1,85021,1.0
REPS2,9185,1.0
RER1,11079,1.0
RERE,473,1.0
RERG,85004,1.0
REST,5978,0.8961038961038961
RETN,56729,1.0
RETSAT,54884,1.0
REXO1,57455,0.8571428571428571
REXO2,25996,1.0
REXO4,57109,1.0
RFC1,5981,1.0
RFC2,5982,1.0
RFC3,5983,1.0
RFC4,5984,1.0
RFC5,5985,1.0
RFESD,317671,0.7532467532467533
RFFL,117584,0.9090909090909091
RFK,55312,1.0
RFT1,91869,0.7532467532467533
RFTN1,23180,1.0
RFX1,5989,1.0
RFX3,5991,0.8961038961038961
RFX5,5993,1.0
RFXANK,8625,1.0
RFXAP,5994,0.987012987012987
RGL2,5863,1.0
RGN,9104,0.9090909090909091
RGP1,9827,0.9090909090909091
RGS10,6001,1.0
RGS12,6002,0.9090909090909091
RGS14,10636,1.0
RGS19,10287,0.8831168831168831
RGS3,5998,1.0
RHBDD1,84236,0.5974025974025974
RHBDD2,57414,0.7792207792207793
RHBDD3,25807,0.7792207792207793
RHBDF1,64285,0.987012987012987
RHBDF2,79651,1.0
RHEB,6009,1.0
RHOA,387,1.0
RHOB,388,1.0
RHOC,389,1.0
RHOF,54509,0.5714285714285714
RHOG,391,1.0
RHOH,399,0.5064935064935064
RHOT1,55288,1.0
RHOT2,89941,1.0
RHPN2,85415,1.0
RIC8A,60626,1.0
RIC8B,55188,0.8051948051948052
RICTOR,253260,1.0
RIF1,55183,1.0
RILP,83547,0.6493506493506493
RILPL1,353116,1.0
RILPL2,196383,0.974025974025974
RIN1,9610,0.922077922077922
RIN2,54453,1.0
RIN3,79890,1.0
RING1,6015,1.0
RINL,126432,0.5064935064935064
RINT1,60561,1.0
RIOK1,83732,1.0
RIOK2,55781,1.0
RIOK3,8780,1.0
RIPK1,8737,1.0
RIPK2,8767,1.0
RIPK3,11035,1.0
RIT1,6016,1.0
RLF,6018,0.922077922077922
RLIM,51132,0.8051948051948052
RMI1,80010,0.8701298701298701
RMND1,55005,1.0
RMND5A,64795,1.0
RNASE1,6035,1.0
RNASE2,6036,0.7142857142857143
RNASE3,6037,0.974025974025974
RNASE4,6038,1.0
RNASE6,6039,0.8701298701298701
RNASEH1,246243,0.8441558441558441
RNASEH2A,10535,1.0
RNASEH2B,79621,1.0
RNASEH2C,84153,1.0
RNASEL,6041,1.0
RNASET2,8635,1.0
RND3,390,0.961038961038961
RNF10,9921,0.8571428571428571
RNF11,26994,0.8311688311688312
RNF113A,7737,1.0
RNF114,55905,1.0
RNF115,27246,0.8701298701298701
RNF121,55298,0.8571428571428571
RNF123,63891,1.0
RNF126,55658,1.0
RNF135,84282,1.0
RNF138,51444,0.8571428571428571
RNF14,9604,1.0
RNF141,50862,0.8961038961038961
RNF146,81847,1.0
RNF149,284996,0.6363636363636364
RNF166,115992,0.8831168831168831
RNF167,26001,0.8051948051948052
RNF168,165918,0.8441558441558441
RNF169,254225,1.0
RNF170,81790,0.6623376623376623
RNF181,51255,1.0
RNF185,91445,0.8961038961038961
RNF2,6045,1.0
RNF20,56254,1.0
RNF213,57674,1.0
RNF214,257160,1.0
RNF216,54476,0.8701298701298701
RNF220,55182,1.0
RNF25,64320,1.0
RNF31,55072,1.0
RNF34,80196,0.974025974025974
RNF4,6047,0.6883116883116883
RNF40,9810,1.0
RNF41,10193,1.0
RNF5,6048,0.8961038961038961
RNF7,9616,1.0
RNGTT,8732,1.0
RNH1,6050,1.0
RNLS,55328,0.974025974025974
RNMT,8731,1.0
RNPC3,55599,1.0
RNPEP,6051,1.0
RNPS1,10921,1.0
ROBO1,6091,1.0
ROCK1,6093,1.0
ROCK2,9475,1.0
ROGDI,79641,1.0
ROMO1,140823,1.0
RP2,6102,1.0
RP9,6100,0.935064935064935
RPA1,6117,1.0
RPA2,6118,1.0
RPA3,6119,1.0
RPAIN,84268,0.922077922077922
RPAP1,26015,1.0
RPAP2,79871,1.0
RPAP3,79657,1.0
RPE,6120,1.0
RPF1,80135,0.8831168831168831
RPF2,84154,0.974025974025974
RPGRIP1L,23322,0.5714285714285714
RPIA,22934,1.0
RPL10,6134,1.0
RPL10A,4736,1.0
RPL11,6135,1.0
RPL12,6136,1.0
RPL13,6137,1.0
RPL13A,23521,1.0
RPL14,9045,1.0
RPL17,6139,1.0
RPL18,6141,1.0
RPL18A,6142,1.0
RPL19,6143,1.0
RPL21,6144,1.0
RPL22,6146,1.0
RPL22L1,200916,1.0
RPL23,9349,1.0
RPL23A,6147,1.0
RPL24,6152,1.0
RPL26,6154,1.0
RPL26L1,51121,0.987012987012987
RPL27,6155,1.0
RPL27A,6157,1.0
RPL28,6158,1.0
RPL3,6122,1.0
RPL30,6156,1.0
RPL31,6160,1.0
RPL32,6161,1.0
RPL35,11224,1.0
RPL35A,6165,1.0
RPL36,25873,1.0
RPL36A,6173,0.922077922077922
RPL36AL,6166,1.0
RPL37,6167,0.8961038961038961
RPL37A,6168,1.0
RPL38,6169,1.0
RPL39,6170,1.0
RPL4,6124,1.0
RPL5,6125,1.0
RPL6,6128,1.0
RPL7,6129,1.0
RPL7A,6130,1.0
RPL7L1,285855,1.0
RPL8,6132,1.0
RPL9,6133,1.0
RPLP0,6175,1.0
RPLP1,6176,1.0
RPLP2,6181,1.0
RPN1,6184,1.0
RPN2,6185,1.0
RPP14,11102,0.974025974025974
RPP21,79897,0.974025974025974
RPP25,54913,1.0
RPP30,10556,1.0
RPP38,10557,1.0
RPP40,10799,1.0
RPRD1A,55197,1.0
RPRD1B,58490,1.0
RPRD2,23248,1.0
RPS10,6204,1.0
RPS11,6205,1.0
RPS12,6206,1.0
RPS13,6207,1.0
RPS14,6208,1.0
RPS15,6209,1.0
RPS15A,6210,1.0
RPS16,6217,1.0
RPS17,6218,1.0
RPS18,6222,1.0
RPS19,6223,1.0
RPS19BP1,91582,0.935064935064935
RPS2,6187,1.0
RPS20,6224,1.0
RPS21,6227,1.0
RPS23,6228,1.0
RPS24,6229,1.0
RPS25,6230,1.0
RPS27A,6233,1.0
RPS27L,51065,1.0
RPS28,6234,1.0
RPS29,6235,1.0
RPS3,6188,1.0
RPS3A,6189,1.0
RPS4X,6191,1.0
RPS5,6193,1.0
RPS6,6194,1.0
RPS6KA1,6195,1.0
RPS6KA3,6197,1.0
RPS6KA4,8986,1.0
RPS6KA5,9252,1.0
RPS6KB1,6198,1.0
RPS6KB2,6199,1.0
RPS6KC1,26750,1.0
RPS7,6201,1.0
RPS8,6202,1.0
RPS9,6203,1.0
RPTOR,57521,1.0
RPUSD2,27079,1.0
RPUSD3,285367,1.0
RPUSD4,84881,0.961038961038961
RRAGA,10670,1.0
RRAGB,10325,0.8831168831168831
RRAGC,64121,1.0
RRAGD,58528,0.8441558441558441
RRAS,6237,1.0
RRAS2,22800,1.0
RRBP1,6238,1.0
RREB1,6239,1.0
RRM1,6240,1.0
RRM2,6241,1.0
RRM2B,50484,1.0
RRN3,54700,0.922077922077922
RRP1,8568,1.0
RRP12,23223,1.0
RRP15,51018,1.0
RRP1B,23076,1.0
RRP7A,27341,1.0
RRP8,23378,1.0
RRP9,9136,1.0
RRS1,23212,1.0
RSAD1,55316,0.8701298701298701
RSAD2,91543,0.5714285714285714
RSBN1,54665,1.0
RSBN1L,222194,1.0
RSF1,51773,1.0
RSL1D1,26156,1.0
RSL24D1,51187,1.0
RSPH1,89765,0.7142857142857143
RSPRY1,89970,0.7402597402597403
RSRC1,51319,1.0
RSRC2,65117,1.0
RSU1,6251,1.0
RTEL1,51750,0.8961038961038961
RTF1,23168,1.0
RTKN,6242,1.0
RTN1,6252,1.0
RTN2,6253,0.961038961038961
RTN3,10313,1.0
RTN4,57142,1.0
RTN4IP1,84816,1.0
RTP4,64108,0.5714285714285714
RTTN,25914,0.6623376623376623
RUFY1,80230,1.0
RUFY2,55680,1.0
RUFY3,22902,1.0
RUNDC1,146923,1.0
RUNX1,861,1.0
RUNX2,860,0.922077922077922
RUNX3,864,0.8441558441558441
RUSC1,23623,1.0
RUVBL1,8607,1.0
RUVBL2,10856,1.0
RWDD1,51389,1.0
RWDD2B,10069,0.935064935064935
RXRA,6256,1.0
RXRB,6257,1.0
RYR2,6262,0.8571428571428571
RYR3,6263,0.7012987012987013
S100A1,6271,1.0
S100A10,6281,1.0
S100A11,6282,1.0
S100A12,6283,1.0
S100A13,6284,1.0
S100A14,57402,1.0
S100A16,140576,1.0
S100A2,6273,0.948051948051948
S100A3,6274,0.6623376623376623
S100A4,6275,1.0
S100A6,6277,1.0
S100A7,6278,1.0
S100A8,6279,1.0
S100A9,6280,1.0
S100B,6285,1.0
S100P,6286,1.0
S100PBP,64766,0.5324675324675324
SAAL1,113174,0.987012987012987
SAC3D1,29901,0.8961038961038961
SACM1L,22908,1.0
SACS,26278,0.8441558441558441
SAE1,10055,1.0
SAFB,6294,1.0
SAFB2,9667,1.0
SALL2,6297,0.6753246753246753
SAMD12,401474,0.935064935064935
SAMD4A,23034,0.987012987012987
SAMD4B,55095,1.0
SAMD9,54809,1.0
SAMD9L,219285,1.0
SAMHD1,25939,1.0
SAMM50,25813,1.0
SAMSN1,64092,1.0
SAP130,79595,1.0
SAP18,10284,1.0
SAP30,8819,1.0
SAP30BP,29115,1.0
SAP30L,79685,1.0
SAR1A,56681,1.0
SAR1B,51128,1.0
SARDH,1757,1.0
SARNP,84324,1.0
SARS2,54938,1.0
SART1,9092,1.0
SART3,9733,1.0
SASH1,23328,1.0
SASH3,54440,1.0
SASS6,163786,0.7532467532467533
SAT2,112483,0.974025974025974
SAV1,60485,0.987012987012987
SBDS,51119,1.0
SBF1,6305,1.0
SBF2,81846,1.0
SBNO1,55206,1.0
SBNO2,22904,0.6623376623376623
SCAF1,58506,1.0
SCAI,286205,1.0
SCAMP2,10066,1.0
SCAMP3,10067,1.0
SCAMP4,113178,1.0
SCAND1,51282,0.6363636363636364
SCAPER,49855,0.948051948051948
SCARB1,949,0.948051948051948
SCARB2,950,1.0
SCARF1,8578,0.5324675324675324
SCARF2,91179,0.8181818181818182
SCCPDH,51097,1.0
SCD,6319,0.974025974025974
SCFD1,23256,1.0
SCFD2,152579,1.0
SCG2,7857,0.6233766233766234
SCGB1D2,10647,1.0
SCGB2A2,4250,1.0
SCGN,10590,1.0
SCHIP1,29970,0.6233766233766234
SCIN,85477,1.0
SCLT1,132320,0.7792207792207793
SCLY,51540,1.0
SCMH1,22955,0.7272727272727273
SCML2,10389,0.961038961038961
SCN7A,6332,0.5974025974025974
SCNM1,79005,0.5064935064935064
SCO1,6341,1.0
SCO2,9997,1.0
SCOC,60592,1.0
SCP2,6342,1.0
SCPEP1,59342,1.0
SCRIB,23513,1.0
SCRN1,9805,1.0
SCRN2,90507,1.0
SCRN3,79634,1.0
SCUBE2,57758,1.0
SCUBE3,222663,0.8441558441558441
SCYL1,57410,1.0
SCYL2,55681,1.0
SCYL3,57147,1.0
SDAD1,55153,1.0
SDC1,6382,1.0
SDC2,6383,0.8831168831168831
SDC4,6385,1.0
SDCBP,6386,1.0
SDCBP2,27111,0.7272727272727273
SDCCAG8,10806,1.0
SDF2,6388,1.0
SDF2L1,23753,1.0
SDF4,51150,1.0
SDHA,6389,1.0
SDHAF1,644096,0.5714285714285714
SDHAF2,54949,1.0
SDHB,6390,1.0
SDHC,6391,0.6363636363636364
SDR16C5,195814,1.0
SDR39U1,56948,1.0
SDS,10993,1.0
SDSL,113675,1.0
SEC11A,23478,1.0
SEC11C,90701,1.0
SEC13,6396,1.0
SEC14L1,6397,1.0
SEC14L2,23541,1.0
SEC16A,9919,1.0
SEC22A,26984,0.7272727272727273
SEC23A,10484,1.0
SEC23B,10483,1.0
SEC23IP,11196,1.0
SEC24A,10802,1.0
SEC24B,10427,1.0
SEC24C,9632,1.0
SEC24D,9871,1.0
SEC31A,22872,1.0
SEC61A1,29927,1.0
SEC61B,10952,0.922077922077922
SEC62,7095,1.0
SEC63,11231,1.0
SECISBP2,79048,0.987012987012987
SECISBP2L,9728,1.0
SEH1L,81929,1.0
SEL1L,6400,1.0
SELENBP1,8991,1.0
SELL,6402,0.974025974025974
SELP,6403,0.6753246753246753
SEMA3C,10512,1.0
SEMA3F,6405,0.961038961038961
SEMA4A,64218,0.8441558441558441
SEMA4B,10509,1.0
SEMA4C,54910,0.7662337662337663
SEMA4D,10507,0.974025974025974
SEMA7A,8482,0.7662337662337663
SENP1,29843,1.0
SENP2,59343,0.987012987012987
SENP6,26054,0.961038961038961
SENP7,57337,1.0
SENP8,123228,1.0
SEPHS1,22929,1.0
SEPHS2,22928,1.0
SEPSECS,51091,1.0
SERAC1,84947,0.8961038961038961
SERBP1,26135,1.0
SERF2,10169,0.974025974025974
SERGEF,26297,1.0
SERINC1,57515,0.961038961038961
SERINC3,10955,0.6883116883116883
SERPINA1,5265,1.0
SERPINA10,51156,1.0
SERPINA3,12,1.0
SERPINA4,5267,1.0
SERPINA5,5104,1.0
SERPINA6,866,1.0
SERPINA7,6906,1.0
SERPINB1,1992,1.0
SERPINB10,5273,1.0
SERPINB5,5268,1.0
SERPINB6,5269,1.0
SERPINB7,8710,0.7532467532467533
SERPINB8,5271,1.0
SERPINB9,5272,1.0
SERPINC1,462,1.0
SERPIND1,3053,1.0
SERPINE1,5054,0.8961038961038961
SERPINE2,5270,1.0
SERPINF1,5176,1.0
SERPINF2,5345,1.0
SERPING1,710,1.0
SERPINH1,871,1.0
SERPINI1,5274,1.0
SESN1,27244,0.7532467532467533
SESN3,143686,0.7012987012987013
SESTD1,91404,1.0
SET,6418,1.0
SETD1A,9739,1.0
SETD1B,23067,0.935064935064935
SETD2,29072,1.0
SETD3,84193,1.0
SETD5,55209,0.6363636363636364
SETD6,79918,0.6753246753246753
SETD7,80854,1.0
SETDB1,9869,1.0
SETMAR,6419,1.0
SETX,23064,1.0
SEZ6L2,26470,0.7272727272727273
SF1,7536,1.0
SF3A1,10291,1.0
SF3A2,8175,1.0
SF3A3,10946,1.0
SF3B1,23451,1.0
SF3B2,10992,1.0
SF3B3,23450,1.0
SF3B4,10262,1.0
SF3B5,83443,1.0
SFMBT1,51460,0.6103896103896104
SFN,2810,1.0
SFPQ,6421,1.0
SFRP1,6422,1.0
SFRP2,6423,1.0
SFRP4,6424,1.0
SFT2D3,84826,0.922077922077922
SFXN1,94081,1.0
SFXN2,118980,1.0
SFXN3,81855,1.0
SFXN4,119559,1.0
SFXN5,94097,1.0
SGCB,6443,0.7662337662337663
SGCD,6444,1.0
SGCE,8910,0.974025974025974
SGK3,23678,1.0
SGPL1,8879,1.0
SGSH,6448,1.0
SGSM2,9905,0.5454545454545454
SGSM3,27352,1.0
SGTA,6449,1.0
SGTB,54557,1.0
SH2B1,25970,1.0
SH2D1A,4068,0.987012987012987
SH2D2A,9047,0.5194805194805194
SH2D3A,10045,0.8701298701298701
SH2D3C,10044,0.8181818181818182
SH2D4A,63898,1.0
SH3BGR,6450,0.8571428571428571
SH3BGRL,6451,1.0
SH3BGRL2,83699,1.0
SH3BGRL3,83442,1.0
SH3BP1,23616,1.0
SH3BP2,6452,1.0
SH3BP4,23677,1.0
SH3BP5,9467,0.9090909090909091
SH3BP5L,80851,1.0
SH3D19,152503,1.0
SH3GL1,6455,1.0
SH3GLB1,51100,1.0
SH3GLB2,56904,1.0
SH3KBP1,30011,1.0
SH3PXD2A,9644,1.0
SH3PXD2B,285590,1.0
SH3RF1,57630,1.0
SH3TC1,54436,0.7012987012987013
SH3YL1,26751,1.0
SHARPIN,81858,1.0
SHB,6461,1.0
SHBG,6462,1.0
SHC1,6464,1.0
SHCBP1,79801,0.8701298701298701
SHISA5,51246,0.5194805194805194
SHKBP1,92799,1.0
SHMT1,6470,1.0
SHMT2,6472,1.0
SHOC2,8036,1.0
SHPK,23729,1.0
SHPRH,257218,0.922077922077922
SHROOM1,134549,0.948051948051948
SHROOM2,357,1.0
SHROOM3,57619,1.0
SHROOM4,57477,0.5324675324675324
SIAE,54414,1.0
SIAH1,6477,0.935064935064935
SIAH2,6478,0.8181818181818182
SIDT2,51092,0.6623376623376623
SIGIRR,59307,1.0
SIGLEC1,6614,0.987012987012987
SIK2,23235,0.935064935064935
SIK3,23387,1.0
SIKE1,80143,1.0
SIL1,64374,1.0
SIN3A,25942,1.0
SIN3B,23309,1.0
SIPA1,6494,1.0
SIPA1L1,26037,1.0
SIPA1L2,57568,0.987012987012987
SIPA1L3,23094,1.0
SIRPA,140885,1.0
SIRT1,23411,1.0
SIRT2,22933,1.0
SIRT3,23410,1.0
SIRT5,23408,1.0
SIRT6,51548,1.0
SIRT7,51547,0.8441558441558441
SIVA1,10572,0.8701298701298701
SIX1,6495,0.6753246753246753
SIX4,51804,0.8051948051948052
SIX5,147912,0.7922077922077922
SKA1,220134,0.6493506493506493
SKA3,221150,0.8181818181818182
SKAP1,8631,1.0
SKAP2,8935,1.0
SKIL,6498,0.5844155844155844
SKP1,6500,1.0
SLAIN2,57606,1.0
SLBP,7884,1.0
SLC11A2,4891,0.922077922077922
SLC12A2,6558,1.0
SLC12A4,6560,0.935064935064935
SLC12A6,9990,0.5844155844155844
SLC12A7,10723,1.0
SLC12A8,84561,0.5714285714285714
SLC12A9,56996,1.0
SLC16A1,6566,0.974025974025974
SLC16A3,9123,1.0
SLC17A5,26503,0.5454545454545454
SLC1A1,6505,0.5064935064935064
SLC1A4,6509,1.0
SLC1A5,6510,1.0
SLC20A2,6575,0.8961038961038961
SLC25A1,6576,1.0
SLC25A10,1468,1.0
SLC25A11,8402,1.0
SLC25A12,8604,1.0
SLC25A13,10165,1.0
SLC25A15,10166,0.8701298701298701
SLC25A16,8034,0.8831168831168831
SLC25A17,10478,0.6103896103896104
SLC25A18,83733,0.5064935064935064
SLC25A19,60386,0.922077922077922
SLC25A20,788,1.0
SLC25A22,79751,1.0
SLC25A24,29957,1.0
SLC25A25,114789,1.0
SLC25A29,123096,0.961038961038961
SLC25A3,5250,1.0
SLC25A35,399512,1.0
SLC25A36,55186,1.0
SLC25A4,291,1.0
SLC25A40,55972,0.8051948051948052
SLC25A46,91137,0.8181818181818182
SLC25A5,292,1.0
SLC27A1,376497,1.0
SLC27A2,11001,1.0
SLC27A3,11000,1.0
SLC27A4,10999,1.0
SLC2A1,6513,1.0
SLC2A10,81031,0.8051948051948052
SLC2A3,6515,0.7922077922077922
SLC30A1,7779,1.0
SLC30A5,64924,0.935064935064935
SLC30A6,55676,0.8961038961038961
SLC30A9,10463,0.922077922077922
SLC33A1,9197,0.8701298701298701
SLC34A2,10568,0.8311688311688312
SLC35A2,7355,0.961038961038961
SLC35B2,347734,0.961038961038961
SLC35B3,51000,0.6623376623376623
SLC35E1,79939,1.0
SLC38A1,81539,0.6493506493506493
SLC38A10,124565,1.0
SLC39A10,57181,1.0
SLC39A11,201266,0.961038961038961
SLC39A14,23516,0.948051948051948
SLC39A6,25800,0.922077922077922
SLC39A7,7922,1.0
SLC3A2,6520,1.0
SLC44A1,23446,1.0
SLC44A2,57153,1.0
SLC44A4,80736,0.5194805194805194
SLC4A1,6521,1.0
SLC4A1AP,22950,1.0
SLC4A2,6522,1.0
SLC4A7,9497,1.0
SLC5A6,8884,1.0
SLC7A1,6541,0.5844155844155844
SLC7A2,6542,0.6103896103896104
SLC7A5,8140,0.961038961038961
SLC7A6OS,84138,1.0
SLC9A1,6548,1.0
SLC9A7,84679,0.6753246753246753
SLC9A9,285195,0.5064935064935064
SLCO2A1,6578,0.6753246753246753
SLFN11,91607,1.0
SLFN5,162394,1.0
SLIT2,9353,0.948051948051948
SLIT3,6586,1.0
SLITRK6,84189,0.6753246753246753
SLK,9748,1.0
SLMAP,7871,1.0
SLPI,6590,0.922077922077922
SLTM,79811,1.0
SLU7,10569,1.0
SMAD1,4086,1.0
SMAD2,4087,1.0
SMAD3,4088,1.0
SMAD4,4089,1.0
SMAP1,60682,1.0
SMAP2,64744,1.0
SMARCA1,6594,1.0
SMARCA2,6595,1.0
SMARCA4,6597,1.0
SMARCA5,8467,1.0
SMARCAD1,56916,1.0
SMARCAL1,50485,1.0
SMARCB1,6598,1.0
SMARCC1,6599,1.0
SMARCC2,6601,1.0
SMARCD1,6602,1.0
SMARCD2,6603,1.0
SMARCD3,6604,0.987012987012987
SMARCE1,6605,1.0
SMC1A,8243,1.0
SMC2,10592,1.0
SMC3,9126,1.0
SMC4,10051,1.0
SMC5,23137,1.0
SMC6,79677,1.0
SMCHD1,23347,1.0
SMCR8,140775,1.0
SMG1,23049,1.0
SMG5,23381,1.0
SMG6,23293,1.0
SMG7,9887,1.0
SMNDC1,10285,1.0
SMOC1,64093,0.961038961038961
SMOC2,64094,1.0
SMPD1,6609,1.0
SMPD2,6610,0.8701298701298701
SMPD4,55627,1.0
SMPDL3A,10924,1.0
SMPDL3B,27293,1.0
SMS,6611,1.0
SMTN,6525,1.0
SMU1,55234,1.0
SMUG1,23583,0.922077922077922
SMURF2,64750,0.935064935064935
SMYD2,56950,1.0
SMYD3,64754,1.0
SMYD4,114826,0.8441558441558441
SMYD5,10322,1.0
SNAP23,8773,1.0
SNAP29,9342,1.0
SNAP47,116841,1.0
SNAPC3,6619,0.6753246753246753
SNAPC4,6621,0.8701298701298701
SNAPC5,10302,0.7142857142857143
SNAPIN,23557,1.0
SNCA,6622,1.0
SNCG,6623,1.0
SND1,27044,1.0
SNED1,25992,0.922077922077922
SNF8,11267,1.0
SNIP1,79753,1.0
SNRK,54861,0.7792207792207793
SNRNP200,23020,1.0
SNRNP25,79622,0.5844155844155844
SNRNP27,11017,1.0
SNRNP35,11066,0.7792207792207793
SNRNP40,9410,1.0
SNRNP48,154007,0.8701298701298701
SNRNP70,6625,1.0
SNRPA,6626,1.0
SNRPA1,6627,1.0
SNRPB2,6629,1.0
SNRPC,6631,1.0
SNRPD1,6632,1.0
SNRPD2,6633,1.0
SNRPD3,6634,1.0
SNRPE,6635,1.0
SNRPF,6636,1.0
SNRPG,6637,1.0
SNRPN,6638,1.0
SNTA1,6640,1.0
SNTB1,6641,1.0
SNTB2,6645,1.0
SNUPN,10073,1.0
SNW1,22938,1.0
SNX1,6642,1.0
SNX10,29887,0.5324675324675324
SNX11,29916,1.0
SNX12,29934,1.0
SNX13,23161,0.8181818181818182
SNX14,57231,0.6753246753246753
SNX15,29907,1.0
SNX16,64089,1.0
SNX17,9784,1.0
SNX18,112574,1.0
SNX2,6643,1.0
SNX20,124460,0.7402597402597403
SNX21,90203,1.0
SNX24,28966,0.987012987012987
SNX27,81609,1.0
SNX29,92017,1.0
SNX3,8724,1.0
SNX30,401548,1.0
SNX33,257364,1.0
SNX4,8723,1.0
SNX5,27131,1.0
SNX6,58533,1.0
SNX7,51375,1.0
SNX8,29886,1.0
SNX9,51429,1.0
SOAT1,6646,1.0
SOCS6,9306,0.7922077922077922
SOD1,6647,1.0
SOD2,6648,1.0
SOD3,6649,1.0
SON,6651,1.0
SORBS1,10580,1.0
SORBS2,8470,1.0
SORBS3,10174,1.0
SORCS2,57537,0.987012987012987
SORD,6652,1.0
SORL1,6653,1.0
SORT1,6272,1.0
SOS1,6654,1.0
SOS2,6655,0.8831168831168831
SOX10,6663,0.8571428571428571
SOX13,9580,0.987012987012987
SOX4,6659,0.9090909090909091
SOX9,6662,0.961038961038961
SP1,6667,1.0
SP100,6672,1.0
SP110,3431,1.0
SP140,11262,0.5844155844155844
SP140L,93349,1.0
SP2,6668,1.0
SP3,6670,1.0
SP4,6671,0.7532467532467533
SP6,80320,0.6363636363636364
SPA17,53340,0.7532467532467533
SPAG1,6674,1.0
SPAG5,10615,0.961038961038961
SPAG7,9552,1.0
SPAG9,9043,1.0
SPARC,6678,1.0
SPARCL1,8404,1.0
SPAST,6683,1.0
SPATA13,221178,0.961038961038961
SPATA18,132671,0.8181818181818182
SPATA2,9825,0.6753246753246753
SPATA20,64847,1.0
SPATS2,65244,1.0
SPATS2L,26010,1.0
SPC24,147841,1.0
SPC25,57405,1.0
SPCS1,28972,0.974025974025974
SPCS2,9789,1.0
SPCS3,60559,1.0
SPDEF,25803,1.0
SPEF2,79925,0.922077922077922
SPEG,10290,0.5194805194805194
SPEN,23013,1.0
SPG11,80208,1.0
SPG21,51324,1.0
SPG7,6687,1.0
SPHK1,8877,0.9090909090909091
SPHK2,56848,0.8831168831168831
SPI1,6688,1.0
SPIN1,10927,1.0
SPINT1,6692,1.0
SPINT2,10653,1.0
SPIRE1,56907,0.935064935064935
SPN,6693,0.8311688311688312
SPNS1,83985,0.8051948051948052
SPOCK2,9806,0.6103896103896104
SPOP,8405,0.5844155844155844
SPP1,6696,1.0
SPP2,6694,1.0
SPPL2A,84888,1.0
SPR,6697,1.0
SPRYD3,84926,1.0
SPRYD4,283377,1.0
SPTA1,6708,1.0
SPTAN1,6709,1.0
SPTB,6710,1.0
SPTBN1,6711,1.0
SPTBN2,6712,1.0
SPTBN4,57731,0.7142857142857143
SPTBN5,51332,1.0
SPTLC1,10558,1.0
SPTLC2,9517,1.0
SPTY2D1,144108,0.9090909090909091
SQLE,6713,1.0
SQSTM1,8878,1.0
SRA1,10011,1.0
SRBD1,55133,1.0
SRC,6714,1.0
SRCAP,10847,1.0
SRCIN1,80725,1.0
SRD5A3,79644,0.7532467532467533
SREBF1,6720,0.6103896103896104
SRF,6722,1.0
SRFBP1,153443,1.0
SRGAP1,57522,1.0
SRGAP3,9901,0.8571428571428571
SRGN,5552,0.7402597402597403
SRI,6717,1.0
SRM,6723,1.0
SRP14,6727,1.0
SRP19,6728,1.0
SRP54,6729,1.0
SRP68,6730,1.0
SRP72,6731,1.0
SRP9,6726,1.0
SRPK1,6732,1.0
SRPK2,6733,1.0
SRPRB,58477,1.0
SRPX,8406,1.0
SRPX2,27286,1.0
SRR,63826,1.0
SRRM1,10250,1.0
SRRM2,23524,1.0
SRRT,51593,1.0
SRXN1,140809,1.0
SS18,6760,1.0
SS18L1,26039,1.0
SS18L2,51188,0.922077922077922
SSB,6741,1.0
SSBP1,6742,1.0
SSBP2,23635,0.8311688311688312
SSBP3,23648,0.922077922077922
SSBP4,170463,0.7272727272727273
SSC5D,284297,1.0
SSH1,54434,0.961038961038961
SSH2,85464,0.961038961038961
SSH3,54961,1.0
SSNA1,8636,1.0
SSR1,6745,1.0
SSR2,6746,1.0
SSR3,6747,0.961038961038961
SSR4,6748,1.0
SSRP1,6749,1.0
SSU72,29101,1.0
SSX2IP,117178,0.7922077922077922
ST13,6767,1.0
ST14,6768,1.0
ST3GAL1,6482,1.0
ST3GAL4,6484,0.5194805194805194
ST6GAL1,6480,0.974025974025974
STAB1,23166,1.0
STAC2,342667,0.948051948051948
STAG1,10274,1.0
STAG2,10735,1.0
STAM,8027,1.0
STAM2,10254,1.0
STAMBP,10617,1.0
STAMBPL1,57559,0.8961038961038961
STAP2,55620,1.0
STARD10,10809,1.0
STARD13,90627,1.0
STARD3,10948,0.987012987012987
STARD5,80765,1.0
STARD7,56910,1.0
STAT1,6772,1.0
STAT2,6773,1.0
STAT3,6774,1.0
STAT4,6775,0.5714285714285714
STAT5A,6776,1.0
STAT5B,6777,1.0
STAT6,6778,1.0
STAU1,6780,1.0
STAU2,27067,1.0
STBD1,8987,1.0
STC1,6781,0.974025974025974
STC2,8614,1.0
STEAP2,261729,0.5714285714285714
STEAP3,55240,0.974025974025974
STEAP4,79689,1.0
STIM1,6786,1.0
STIM2,57620,0.5324675324675324
STIP1,10963,1.0
STK10,6793,1.0
STK11,6794,0.935064935064935
STK11IP,114790,1.0
STK16,8576,0.7662337662337663
STK17A,9263,0.7012987012987013
STK17B,9262,1.0
STK24,8428,1.0
STK25,10494,1.0
STK3,6788,1.0
STK32C,282974,0.935064935064935
STK35,140901,0.961038961038961
STK38,11329,1.0
STK38L,23012,1.0
STK39,27347,1.0
STK4,6789,1.0
STMN1,3925,1.0
STMN3,50861,0.7272727272727273
STOM,2040,1.0
STOML2,30968,1.0
STON1,11037,1.0
STON2,85439,0.987012987012987
STRADA,92335,1.0
STRAP,11171,1.0
STRBP,55342,1.0
STRN,6801,1.0
STRN3,29966,1.0
STRN4,29888,1.0
STT3A,3703,1.0
STT3B,201595,1.0
STUB1,10273,1.0
STX10,8677,1.0
STX11,8676,0.6233766233766234
STX12,23673,1.0
STX16,8675,1.0
STX17,55014,1.0
STX18,53407,1.0
STX3,6809,1.0
STX4,6810,1.0
STX5,6811,1.0
STX6,10228,1.0
STX7,8417,1.0
STX8,9482,0.987012987012987
STXBP1,6812,1.0
STXBP2,6813,1.0
STXBP3,6814,1.0
STXBP4,252983,1.0
STXBP5,134957,1.0
STYX,6815,0.974025974025974
SUB1,10923,1.0
SUCLA2,8803,1.0
SUCLG1,8802,1.0
SUCLG2,8801,1.0
SUDS3,64426,1.0
SUFU,51684,1.0
SUGT1,10910,1.0
SULF1,23213,1.0
SULF2,55959,1.0
SULT1A1,6817,1.0
SULT1C2,6819,0.6233766233766234
SULT2B1,6820,1.0
SUMF1,285362,1.0
SUMF2,25870,1.0
SUMO1,7341,1.0
SUMO3,6612,1.0
SUN1,23353,1.0
SUN2,25777,1.0
SUOX,6821,1.0
SUPT16H,11198,1.0
SUPT3H,8464,0.7662337662337663
SUPT4H1,6827,1.0
SUPT5H,6829,1.0
SUPT6H,6830,1.0
SUPT7L,9913,0.987012987012987
SUPV3L1,6832,1.0
SURF1,6834,1.0
SURF2,6835,1.0
SURF4,6836,1.0
SURF6,6838,1.0
SUSD2,56241,1.0
SUV39H2,79723,0.5454545454545454
SUZ12,23512,1.0
SVEP1,79987,1.0
SVIL,6840,1.0
SVIP,258010,0.5064935064935064
SWAP70,23075,1.0
SYAP1,94056,1.0
SYBU,55638,1.0
SYDE1,85360,0.922077922077922
SYDE2,84144,0.8701298701298701
SYF2,25949,1.0
SYK,6850,1.0
SYMPK,8189,1.0
SYNC,81493,1.0
SYNCRIP,10492,1.0
SYNE1,23345,1.0
SYNE2,23224,1.0
SYNGR1,9145,0.8311688311688312
SYNGR2,9144,0.961038961038961
SYNJ1,8867,1.0
SYNJ2,8871,1.0
SYNPO,11346,1.0
SYNPO2,171024,1.0
SYNRG,11276,1.0
SYPL1,6856,1.0
SYT1,6857,0.6493506493506493
SYT17,51760,0.6753246753246753
SYT7,9066,0.922077922077922
SYTL1,84958,1.0
SYTL2,54843,1.0
SYTL3,94120,0.5714285714285714
SYTL4,94121,1.0
SYTL5,94122,0.8181818181818182
SYVN1,84447,0.961038961038961
TAB1,10454,1.0
TAB2,23118,1.0
TAB3,257397,1.0
TACC1,6867,1.0
TACC2,10579,1.0
TACC3,10460,1.0
TACO1,51204,1.0
TACSTD2,4070,1.0
TADA1,117143,1.0
TADA2B,93624,0.8961038961038961
TADA3,10474,1.0
TAF1,6872,1.0
TAF10,6881,1.0
TAF11,6882,0.8961038961038961
TAF12,6883,0.935064935064935
TAF13,6884,0.9090909090909091
TAF15,8148,1.0
TAF2,6873,1.0
TAF3,83860,1.0
TAF4,6874,1.0
TAF5,6877,1.0
TAF5L,27097,1.0
TAF6,6878,1.0
TAF6L,10629,0.961038961038961
TAF7,6879,1.0
TAF8,129685,1.0
TAF9,6880,1.0
TAF9B,51616,1.0
TAGLN,6876,1.0
TAGLN2,8407,1.0
TALDO1,6888,1.0
TANC1,85461,1.0
TANC2,26115,1.0
TANK,10010,1.0
TAOK1,57551,1.0
TAOK2,9344,1.0
TAOK3,51347,1.0
TAP1,6890,1.0
TAP2,6891,1.0
TAPBP,6892,1.0
TAPBPL,55080,1.0
TAPT1,202018,0.8181818181818182
TARBP1,6894,1.0
TARBP2,6895,1.0
TARDBP,23435,1.0
TARS2,80222,1.0
TASP1,55617,0.974025974025974
TATDN1,83940,1.0
TATDN2,9797,0.6753246753246753
TATDN3,128387,1.0
TAX1BP1,8887,1.0
TAX1BP3,30851,1.0
TBC1D1,23216,1.0
TBC1D10A,83874,1.0
TBC1D10B,26000,1.0
TBC1D10C,374403,1.0
TBC1D12,23232,0.9090909090909091
TBC1D13,54662,1.0
TBC1D15,64786,1.0
TBC1D16,125058,0.8831168831168831
TBC1D17,79735,1.0
TBC1D2,55357,1.0
TBC1D20,128637,0.961038961038961
TBC1D22A,25771,1.0
TBC1D22B,55633,0.961038961038961
TBC1D23,55773,1.0
TBC1D24,57465,1.0
TBC1D25,4943,0.8441558441558441
TBC1D2B,23102,1.0
TBC1D4,9882,1.0
TBC1D5,9779,1.0
TBC1D7,51256,0.974025974025974
TBC1D8,11138,0.987012987012987
TBC1D8B,54885,1.0
TBC1D9,23158,1.0
TBC1D9B,23061,1.0
TBCA,6902,1.0
TBCB,1155,1.0
TBCC,6903,1.0
TBCD,6904,1.0
TBCE,6905,1.0
TBCEL,219899,1.0
TBCK,93627,1.0
TBK1,29110,1.0
TBL1X,6907,1.0
TBL1XR1,79718,1.0
TBL2,26608,1.0
TBL3,10607,1.0
TBP,6908,0.987012987012987
TBPL1,9519,1.0
TBX3,6926,1.0
TBXAS1,6916,1.0
TC2N,123036,1.0
TCEA1,6917,1.0
TCEA2,6919,0.7792207792207793
TCEA3,6920,1.0
TCEAL1,9338,1.0
TCEAL3,85012,1.0
TCEAL4,79921,1.0
TCERG1,10915,1.0
TCF12,6938,1.0
TCF20,6942,1.0
TCF25,22980,1.0
TCF3,6929,0.9090909090909091
TCF4,6925,0.8701298701298701
TCF7L2,6934,0.6493506493506493
TCHP,84260,0.987012987012987
TCIRG1,10312,1.0
TCL1A,8115,0.7922077922077922
TCN1,6947,0.948051948051948
TCOF1,6949,1.0
TCP1,6950,1.0
TCP11L1,55346,1.0
TCP11L2,255394,0.5194805194805194
TCTN1,79600,0.6233766233766234
TDG,6996,1.0
TDP1,55775,1.0
TDP2,51567,1.0
TDRD3,81550,1.0
TDRD7,23424,1.0
TDRKH,11022,1.0
TEAD1,7003,0.8961038961038961
TEAD3,7005,1.0
TECPR1,25851,1.0
TECPR2,9895,1.0
TECR,9524,1.0
TELO2,9894,1.0
TEP1,7011,1.0
TERF2,7014,1.0
TERF2IP,54386,1.0
TES,26136,1.0
TESK1,7016,0.6623376623376623
TESK2,10420,0.8571428571428571
TEX10,54881,1.0
TEX2,55852,1.0
TEX264,51368,1.0
TF,7018,1.0
TFAM,7019,1.0
TFAP2A,7020,1.0
TFAP2B,7021,0.935064935064935
TFAP2C,7022,1.0
TFAP4,7023,0.961038961038961
TFB1M,51106,1.0
TFB2M,64216,1.0
TFCP2,7024,1.0
TFCP2L1,29842,0.5844155844155844
TFDP1,7027,1.0
TFDP2,7029,0.6493506493506493
TFE3,7030,0.961038961038961
TFEB,7942,1.0
TFF1,7031,0.961038961038961
TFF3,7033,1.0
TFG,10342,1.0
TFIP11,24144,1.0
TFPI,7035,0.8571428571428571
TFPT,29844,0.8051948051948052
TFRC,7037,1.0
TG,7038,1.0
TGFB1,7040,1.0
TGFB1I1,7041,1.0
TGFB2,7042,0.935064935064935
TGFB3,7043,0.974025974025974
TGFBI,7045,1.0
TGFBR3,7049,0.7922077922077922
TGFBRAP1,9392,1.0
TGIF1,7050,0.961038961038961
TGM2,7052,1.0
TGOLN2,10618,0.922077922077922
TGS1,96764,1.0
THADA,63892,1.0
THAP11,57215,1.0
THAP4,51078,0.961038961038961
THBD,7056,0.5584415584415584
THBS1,7057,1.0
THBS2,7058,1.0
THBS3,7059,1.0
THBS4,7060,1.0
THEM4,117145,1.0
THEMIS,387357,0.7792207792207793
THG1L,54974,1.0
THNSL1,79896,1.0
THNSL2,55258,0.9090909090909091
THOC1,9984,1.0
THOC2,57187,1.0
THOC3,84321,1.0
THOC5,8563,1.0
THOC6,79228,1.0
THOC7,80145,1.0
THOP1,7064,1.0
THRAP3,9967,1.0
THSD4,79875,1.0
THTPA,79178,1.0
THUMPD1,55623,1.0
THUMPD2,80745,1.0
THUMPD3,25917,1.0
THY1,7070,1.0
THYN1,29087,1.0
TIA1,7072,1.0
TIAL1,7073,1.0
TIAM1,7074,0.8961038961038961
TICAM1,148022,0.935064935064935
TIFA,92610,1.0
TIMELESS,8914,1.0
TIMM10,26519,1.0
TIMM13,26517,1.0
TIMM17A,10440,0.935064935064935
TIMM17B,10245,1.0
TIMM22,29928,0.987012987012987
TIMM44,10469,1.0
TIMM50,92609,1.0
TIMM8A,1678,1.0
TIMM8B,26521,1.0
TIMM9,26520,1.0
TIMP1,7076,1.0
TIMP2,7077,1.0
TIMP3,7078,1.0
TINAGL1,64129,1.0
TINF2,26277,0.922077922077922
TIPIN,54962,0.8571428571428571
TIPRL,261726,1.0
TJAP1,93643,1.0
TJP1,7082,1.0
TJP2,9414,1.0
TJP3,27134,1.0
TK1,7083,1.0
TK2,7084,1.0
TKT,7086,1.0
TLE1,7088,1.0
TLE2,7089,0.7662337662337663
TLE3,7090,1.0
TLK1,9874,1.0
TLK2,11011,1.0
TLN1,7094,1.0
TLN2,83660,1.0
TLR2,7097,0.6233766233766234
TLR3,7098,0.8571428571428571
TLR7,51284,0.6233766233766234
TM2D3,80213,0.6103896103896104
TM7SF2,7108,0.5454545454545454
TM7SF3,51768,0.6363636363636364
TM9SF1,10548,1.0
TM9SF2,9375,1.0
TM9SF3,56889,1.0
TM9SF4,9777,1.0
TMBIM6,7009,0.922077922077922
TMC4,147798,0.961038961038961
TMC5,79838,0.7272727272727273
TMCC1,23023,0.922077922077922
TMCC3,57458,0.5324675324675324
TMCO1,54499,0.961038961038961
TMCO4,255104,1.0
TMCO6,55374,0.8961038961038961
TMED1,11018,1.0
TMED10,10972,1.0
TMED2,10959,1.0
TMED3,23423,1.0
TMED4,222068,1.0
TMED5,50999,1.0
TMED7,51014,1.0
TMED8,283578,1.0
TMED9,54732,1.0
TMEM102,284114,0.987012987012987
TMEM106B,54664,1.0
TMEM109,79073,1.0
TMEM11,8834,1.0
TMEM115,11070,0.961038961038961
TMEM119,338773,1.0
TMEM120A,83862,1.0
TMEM120B,144404,0.8181818181818182
TMEM126A,84233,1.0
TMEM126B,55863,0.5064935064935064
TMEM131,23505,0.8701298701298701
TMEM132A,54972,1.0
TMEM134,80194,0.935064935064935
TMEM135,65084,0.6103896103896104
TMEM141,85014,0.8701298701298701
TMEM14C,51522,0.8831168831168831
TMEM161A,54929,0.5974025974025974
TMEM165,55858,0.922077922077922
TMEM167A,153339,0.8051948051948052
TMEM168,64418,0.935064935064935
TMEM177,80775,0.8311688311688312
TMEM179B,374395,0.961038961038961
TMEM181,57583,0.9090909090909091
TMEM186,25880,0.7532467532467533
TMEM192,201931,0.948051948051948
TMEM201,199953,0.987012987012987
TMEM205,374882,1.0
TMEM209,84928,0.935064935064935
TMEM214,54867,1.0
TMEM222,84065,0.6753246753246753
TMEM223,79064,0.7792207792207793
TMEM33,55161,1.0
TMEM41A,90407,0.935064935064935
TMEM41B,440026,0.922077922077922
TMEM43,79188,1.0
TMEM59,9528,0.8051948051948052
TMEM63A,9725,1.0
TMEM63B,55362,1.0
TMEM63C,57156,0.6363636363636364
TMEM65,157378,0.987012987012987
TMEM68,137695,0.5974025974025974
TMEM70,54968,1.0
TMEM87A,25963,1.0
TMEM87B,84910,1.0
TMEM9,252839,0.7402597402597403
TMEM9B,56674,0.7532467532467533
TMF1,7110,1.0
TMLHE,55217,1.0
TMOD1,7111,1.0
TMOD2,29767,1.0
TMOD3,29766,1.0
TMPO,7112,1.0
TMSB10,9168,0.974025974025974
TMTC3,160418,1.0
TMUB1,83590,0.8701298701298701
TMUB2,79089,0.5844155844155844
TMX1,81542,1.0
TMX2,51075,1.0
TMX3,54495,1.0
TMX4,56255,1.0
TNC,3371,1.0
TNFAIP2,7127,1.0
TNFAIP3,7128,1.0
TNFAIP6,7130,1.0
TNFAIP8,25816,1.0
TNFRSF12A,51330,0.7012987012987013
TNFSF10,8743,0.948051948051948
TNFSF12,8742,1.0
TNIK,23043,1.0
TNIP1,10318,1.0
TNIP2,79155,1.0
TNK1,8711,0.961038961038961
TNK2,10188,0.961038961038961
TNKS,8658,0.961038961038961
TNN,63923,1.0
TNPO1,3842,1.0
TNPO2,30000,1.0
TNPO3,23534,1.0
TNRC18,84629,0.961038961038961
TNRC6A,27327,0.922077922077922
TNRC6B,23112,1.0
TNRC6C,57690,1.0
TNS1,7145,1.0
TNS3,64759,1.0
TNS4,84951,0.7402597402597403
TNXB,7148,1.0
TOE1,114034,1.0
TOLLIP,54472,1.0
TOM1,10043,1.0
TOM1L1,10040,1.0
TOM1L2,146691,1.0
TOMM20,9804,1.0
TOMM22,56993,1.0
TOMM34,10953,1.0
TOMM40,10452,1.0
TOMM5,401505,1.0
TOMM6,100188893,0.5454545454545454
TOP1,7150,1.0
TOP2A,7153,1.0
TOP2B,7155,1.0
TOP3A,7156,1.0
TOP3B,8940,1.0
TOPBP1,11073,1.0
TOPORS,10210,0.6103896103896104
TOR1A,1861,1.0
TOR1AIP1,26092,1.0
TOR1AIP2,163590,1.0
TOR1B,27348,1.0
TOR2A,27433,1.0
TOR3A,64222,1.0
TOX3,27324,0.5584415584415584
TOX4,9878,1.0
TP53,7157,0.974025974025974
TP53BP1,7158,1.0
TP53BP2,7159,1.0
TP53I11,9537,0.961038961038961
TP53I3,9540,1.0
TP53RK,112858,1.0
TPBG,7162,1.0
TPCN1,53373,0.8181818181818182
TPD52,7163,1.0
TPD52L1,7164,1.0
TPD52L2,7165,1.0
TPI1,7167,1.0
TPK1,27010,0.974025974025974
TPM1,7168,1.0
TPM2,7169,1.0
TPM3,7170,1.0
TPM4,7171,1.0
TPMT,7172,1.0
TPP1,1200,1.0
TPP2,7174,1.0
TPPP,11076,1.0
TPPP3,51673,1.0
TPR,7175,1.0
TPRG1,285386,0.987012987012987
TPRG1L,127262,1.0
TPRKB,51002,1.0
TPRN,286262,1.0
TPST1,8460,0.7532467532467533
TPT1,7178,1.0
TPX2,22974,1.0
TRA2A,29896,1.0
TRA2B,6434,1.0
TRABD,80305,0.948051948051948
TRADD,8717,1.0
TRAF1,7185,0.974025974025974
TRAF2,7186,1.0
TRAF3,7187,0.9090909090909091
TRAF3IP2,10758,0.974025974025974
TRAF3IP3,80342,1.0
TRAF4,9618,1.0
TRAF5,7188,1.0
TRAF6,7189,1.0
TRAF7,84231,1.0
TRAFD1,10906,1.0
TRAK1,22906,0.5064935064935064
TRAM1,23471,0.948051948051948
TRANK1,9881,0.987012987012987
TRAP1,10131,1.0
TRAPPC1,58485,1.0
TRAPPC10,7109,1.0
TRAPPC2L,51693,1.0
TRAPPC3,27095,1.0
TRAPPC4,51399,1.0
TRAPPC5,126003,1.0
TRAPPC6A,79090,1.0
TRAPPC6B,122553,1.0
TRAPPC9,83696,1.0
TREM2,54209,0.5324675324675324
TRERF1,55809,0.8441558441558441
TREX1,11277,1.0
TRIAP1,51499,1.0
TRIM11,81559,0.961038961038961
TRIM13,10206,0.6883116883116883
TRIM14,9830,1.0
TRIM16,10626,1.0
TRIM2,23321,1.0
TRIM21,6737,1.0
TRIM22,10346,1.0
TRIM24,8805,1.0
TRIM25,7706,1.0
TRIM26,7726,1.0
TRIM27,5987,1.0
TRIM28,10155,1.0
TRIM29,23650,1.0
TRIM3,10612,1.0
TRIM32,22954,1.0
TRIM33,51592,1.0
TRIM34,53840,0.987012987012987
TRIM36,55521,1.0
TRIM37,4591,0.6883116883116883
TRIM38,10475,1.0
TRIM4,89122,1.0
TRIM41,90933,1.0
TRIM44,54765,0.935064935064935
TRIM47,91107,1.0
TRIM5,85363,1.0
TRIM56,81844,1.0
TRIM65,201292,1.0
TRIM68,55128,0.7012987012987013
TRIM8,81603,0.6363636363636364
TRIO,7204,1.0
TRIOBP,11078,1.0
TRIP10,9322,1.0
TRIP11,9321,1.0
TRIP12,9320,1.0
TRIP13,9319,1.0
TRIP4,9325,1.0
TRIP6,7205,1.0
TRIT1,54802,1.0
TRMT1,55621,1.0
TRMT11,60487,1.0
TRMT112,51504,1.0
TRMT2A,27037,1.0
TRMT2B,79979,0.5454545454545454
TRMT5,57570,1.0
TRMT6,51605,1.0
TRMT61A,115708,1.0
TRMT61B,55006,1.0
TRMU,55687,1.0
TRNAU1AP,54952,1.0
TRNT1,51095,1.0
TRPC4AP,26133,0.961038961038961
TRPM4,54795,0.961038961038961
TRPM5,29850,0.974025974025974
TRPM7,54822,0.5844155844155844
TRPS1,7227,1.0
TRPT1,83707,1.0
TRPV2,51393,0.8961038961038961
TRRAP,8295,1.0
TRUB1,142940,1.0
TRUB2,26995,1.0
TSC1,7248,1.0
TSC2,7249,1.0
TSC22D1,8848,0.922077922077922
TSC22D2,9819,1.0
TSC22D3,1831,1.0
TSC22D4,81628,1.0
TSEN15,116461,1.0
TSEN2,80746,0.8181818181818182
TSEN34,79042,1.0
TSEN54,283989,1.0
TSFM,10102,1.0
TSG101,7251,1.0
TSKU,25987,1.0
TSN,7247,1.0
TSNARE1,203062,0.5454545454545454
TSNAX,7257,1.0
TSPAN1,10103,0.7922077922077922
TSPAN13,27075,0.922077922077922
TSPAN14,81619,0.8961038961038961
TSPAN15,23555,1.0
TSPAN6,7105,0.922077922077922
TSPAN9,10867,0.7922077922077922
TSPO,706,1.0
TSPYL1,7259,1.0
TSPYL4,23270,0.6103896103896104
TSPYL5,85453,1.0
TSR1,55720,1.0
TSR2,90121,1.0
TSSC4,10078,1.0
TST,7263,1.0
TSTD1,100131187,1.0
TSTD2,158427,0.8961038961038961
TTC1,7265,1.0
TTC12,54970,0.8311688311688312
TTC13,79573,1.0
TTC14,151613,0.961038961038961
TTC17,55761,1.0
TTC19,54902,1.0
TTC21B,79809,1.0
TTC27,55622,1.0
TTC28,23331,1.0
TTC3,7267,0.948051948051948
TTC31,64427,0.7272727272727273
TTC33,23548,1.0
TTC38,55020,1.0
TTC39A,22996,1.0
TTC39B,158219,1.0
TTC39C,125488,1.0
TTC4,7268,1.0
TTC5,91875,1.0
TTC7A,57217,1.0
TTC7B,145567,0.987012987012987
TTC8,123016,0.961038961038961
TTC9,23508,1.0
TTC9C,283237,1.0
TTF1,7270,0.5974025974025974
TTF2,8458,1.0
TTK,7272,0.8831168831168831
TTL,150465,1.0
TTLL12,23170,1.0
TTN,7273,1.0
TTPAL,79183,1.0
TTR,7276,1.0
TUBA1B,10376,0.8961038961038961
TUBA1C,84790,1.0
TUBA3E,112714,1.0
TUBA4A,7277,1.0
TUBB,203068,1.0
TUBB1,81027,1.0
TUBB2A,7280,1.0
TUBB2B,347733,0.974025974025974
TUBB3,10381,1.0
TUBB6,84617,1.0
TUBG1,7283,1.0
TUBG2,27175,0.5714285714285714
TUBGCP2,10844,1.0
TUBGCP3,10426,1.0
TUBGCP4,27229,0.961038961038961
TUBGCP5,114791,0.7662337662337663
TUBGCP6,85378,1.0
TUFM,7284,1.0
TUFT1,7286,1.0
TULP3,7289,1.0
TUSC1,286319,0.961038961038961
TUSC2,11334,0.948051948051948
TUT1,64852,1.0
TWF1,5756,1.0
TWF2,11344,1.0
TWSG1,57045,1.0
TXLNA,200081,1.0
TXLNG,55787,1.0
TXN,7295,1.0
TXN2,25828,1.0
TXNDC11,51061,0.9090909090909091
TXNDC12,51060,1.0
TXNDC15,79770,0.7012987012987013
TXNDC16,57544,0.7922077922077922
TXNDC17,84817,1.0
TXNDC5,81567,1.0
TXNDC9,10190,1.0
TXNIP,10628,1.0
TXNL1,9352,1.0
TXNL4A,10907,1.0
TXNL4B,54957,0.961038961038961
TXNRD1,7296,1.0
TXNRD2,10587,1.0
TYK2,7297,1.0
TYMP,1890,1.0
TYMS,7298,0.961038961038961
TYROBP,7305,0.7922077922077922
TYSND1,219743,0.961038961038961
TYW1,55253,0.922077922077922
TYW3,127253,0.7792207792207793
U2AF1,7307,1.0
U2AF2,11338,1.0
UACA,55075,1.0
UAP1,6675,1.0
UAP1L1,91373,1.0
UBA1,7317,1.0
UBA2,10054,1.0
UBA3,9039,1.0
UBA5,79876,1.0
UBA52,7311,0.961038961038961
UBA6,55236,1.0
UBA7,7318,1.0
UBAC1,10422,1.0
UBAC2,337867,0.974025974025974
UBAP1,51271,1.0
UBAP2,55833,1.0
UBAP2L,9898,1.0
UBASH3A,53347,0.7532467532467533
UBASH3B,84959,1.0
UBE2A,7319,1.0
UBE2B,7320,1.0
UBE2C,11065,1.0
UBE2D1,7321,1.0
UBE2D2,7322,0.7922077922077922
UBE2D3,7323,0.5324675324675324
UBE2E1,7324,0.8831168831168831
UBE2F,140739,1.0
UBE2G1,7326,1.0
UBE2G2,7327,1.0
UBE2H,7328,1.0
UBE2I,7329,1.0
UBE2J1,51465,0.935064935064935
UBE2J2,118424,0.961038961038961
UBE2K,3093,1.0
UBE2L3,7332,1.0
UBE2L6,9246,1.0
UBE2M,9040,1.0
UBE2N,7334,1.0
UBE2O,63893,1.0
UBE2Q1,55585,1.0
UBE2Q2,92912,0.974025974025974
UBE2R2,54926,1.0
UBE2S,27338,1.0
UBE2T,29089,1.0
UBE2V2,7336,1.0
UBE2W,55284,0.8571428571428571
UBE2Z,65264,1.0
UBE3A,7337,1.0
UBE3B,89910,1.0
UBE3C,9690,1.0
UBE4A,9354,1.0
UBE4B,10277,1.0
UBFD1,56061,1.0
UBIAD1,29914,0.7402597402597403
UBL4A,8266,1.0
UBL5,59286,1.0
UBL7,84993,1.0
UBLCP1,134510,1.0
UBN1,29855,1.0
UBN2,254048,0.961038961038961
UBOX5,22888,0.961038961038961
UBP1,7342,1.0
UBQLN1,29979,1.0
UBQLN2,29978,1.0
UBQLN4,56893,1.0
UBR1,197131,1.0
UBR2,23304,1.0
UBR3,130507,1.0
UBR4,23352,1.0
UBR5,51366,1.0
UBR7,55148,1.0
UBTD2,92181,1.0
UBTF,7343,1.0
UBXN1,51035,1.0
UBXN2A,165324,0.8831168831168831
UBXN2B,137886,1.0
UBXN4,23190,1.0
UBXN6,80700,1.0
UBXN7,26043,1.0
UCHL1,7345,1.0
UCHL3,7347,1.0
UCHL5,51377,1.0
UCK1,83549,1.0
UCK2,7371,1.0
UCKL1,54963,1.0
UEVLD,55293,1.0
UFC1,51506,1.0
UFM1,51569,1.0
UFSP1,402682,0.948051948051948
UFSP2,55325,1.0
UGCG,7357,0.8701298701298701
UGDH,7358,1.0
UGGT1,56886,1.0
UGGT2,55757,0.974025974025974
UGP2,7360,1.0
UHRF2,115426,1.0
UIMC1,51720,1.0
ULK1,8408,0.8441558441558441
ULK3,25989,1.0
UMPS,7372,1.0
UNC119,9094,1.0
UNC119B,84747,1.0
UNC13B,10497,0.961038961038961
UNC13D,201294,1.0
UNC45A,55898,1.0
UNC5B,219699,0.8051948051948052
UNG,7374,1.0
UNK,85451,1.0
UNKL,64718,0.8831168831168831
UPF1,5976,1.0
UPF2,26019,1.0
UPF3A,65110,0.974025974025974
UPF3B,65109,1.0
UPP1,7378,1.0
UPRT,139596,1.0
UQCR10,29796,1.0
UQCR11,10975,1.0
UQCRB,7381,1.0
UQCRC1,7384,1.0
UQCRC2,7385,1.0
UQCRFS1,7386,1.0
UQCRQ,27089,1.0
URB1,9875,1.0
URB2,9816,1.0
URGCP,55665,1.0
URM1,81605,1.0
UROD,7389,1.0
UROS,7390,1.0
USE1,55850,1.0
USF1,7391,1.0
USF2,7392,1.0
USP1,7398,0.948051948051948
USP10,9100,1.0
USP11,8237,1.0
USP13,8975,1.0
USP14,9097,1.0
USP15,9958,1.0
USP16,10600,1.0
USP18,11274,1.0
USP19,10869,1.0
USP20,10868,0.8571428571428571
USP22,23326,1.0
USP24,23358,1.0
USP25,29761,1.0
USP28,57646,1.0
USP3,9960,1.0
USP30,84749,0.8571428571428571
USP32,84669,1.0
USP33,23032,1.0
USP34,9736,1.0
USP35,57558,0.6233766233766234
USP36,57602,1.0
USP38,84640,0.8961038961038961
USP39,10713,1.0
USP4,7375,1.0
USP40,55230,1.0
USP42,84132,0.7922077922077922
USP43,124739,0.5974025974025974
USP46,64854,0.974025974025974
USP47,55031,1.0
USP48,84196,1.0
USP5,8078,1.0
USP54,159195,0.961038961038961
USP6NL,9712,1.0
USP7,7874,1.0
USP8,9101,1.0
USP9X,8239,1.0
UTP14A,10813,1.0
UTP15,84135,1.0
UTP18,51096,1.0
UTP20,27340,1.0
UTP23,84294,1.0
UTP3,57050,1.0
UTP6,55813,1.0
UTRN,7402,1.0
UVRAG,7405,1.0
UXS1,80146,0.974025974025974
UXT,8409,1.0
VAC14,55697,1.0
VAMP2,6844,1.0
VAMP3,9341,1.0
VAMP4,8674,0.6883116883116883
VAMP5,10791,0.8311688311688312
VAMP7,6845,1.0
VAMP8,8673,1.0
VANGL1,81839,0.935064935064935
VANGL2,57216,0.6753246753246753
VAPA,9218,1.0
VAPB,9217,1.0
VARS2,57176,1.0
VASH1,22846,0.961038961038961
VASN,114990,1.0
VASP,7408,1.0
VAT1,10493,1.0
VAT1L,57687,0.5194805194805194
VAV1,7409,1.0
VAV2,7410,1.0
VAV3,10451,1.0
VBP1,7411,1.0
VCAM1,7412,1.0
VCAN,1462,1.0
VCL,7414,1.0
VCP,7415,1.0
VCPIP1,80124,1.0
VDAC1,7416,1.0
VDAC2,7417,1.0
VDAC3,7419,1.0
VDR,7421,0.9090909090909091
VEGFA,7422,0.7402597402597403
VEZF1,7716,1.0
VEZT,55591,0.935064935064935
VGLL4,9686,1.0
VHL,7428,1.0
VIM,7431,1.0
VIT,5212,0.7532467532467533
VKORC1,79001,1.0
VKORC1L1,154807,1.0
VMAC,400673,1.0
VNN1,8876,0.7402597402597403
VNN2,8875,0.5974025974025974
VPS13A,23230,1.0
VPS13B,157680,1.0
VPS13C,54832,1.0
VPS13D,55187,1.0
VPS16,64601,1.0
VPS18,57617,1.0
VPS25,84313,1.0
VPS26A,9559,1.0
VPS26B,112936,1.0
VPS28,51160,1.0
VPS29,51699,1.0
VPS33A,65082,1.0
VPS33B,26276,1.0
VPS35,55737,1.0
VPS36,51028,1.0
VPS37A,137492,1.0
VPS37B,79720,1.0
VPS37C,55048,1.0
VPS39,23339,1.0
VPS41,27072,1.0
VPS45,11311,1.0
VPS4A,27183,1.0
VPS4B,9525,1.0
VPS52,6293,1.0
VPS53,55275,1.0
VPS54,51542,0.961038961038961
VPS72,6944,1.0
VPS8,23355,1.0
VRK1,7443,1.0
VRK2,7444,1.0
VRK3,51231,1.0
VSIG4,11326,1.0
VSNL1,7447,1.0
VTA1,51534,1.0
VTCN1,79679,1.0
VTI1A,143187,1.0
VTI1B,10490,1.0
VTN,7448,1.0
VWA1,64856,1.0
VWA2,340706,0.7922077922077922
VWA5A,4013,1.0
VWF,7450,1.0
WAC,51322,1.0
WARS2,10352,1.0
WAS,7454,1.0
WASF1,8936,0.6623376623376623
WASF2,10163,1.0
WASF3,10810,0.6753246753246753
WASL,8976,1.0
WBP11,51729,1.0
WBP2,23558,1.0
WBP4,11193,1.0
WDFY1,57590,1.0
WDFY2,115825,0.961038961038961
WDFY3,23001,1.0
WDFY4,57705,1.0
WDHD1,11169,1.0
WDR1,9948,1.0
WDR11,55717,1.0
WDR12,55759,1.0
WDR13,64743,1.0
WDR18,57418,1.0
WDR19,57728,1.0
WDR20,91833,1.0
WDR24,84219,1.0
WDR26,80232,1.0
WDR3,10885,1.0
WDR33,55339,1.0
WDR35,57539,1.0
WDR36,134430,1.0
WDR37,22884,1.0
WDR4,10785,1.0
WDR41,55255,1.0
WDR43,23160,1.0
WDR44,54521,1.0
WDR45,11152,1.0
WDR46,9277,1.0
WDR47,22911,1.0
WDR48,57599,1.0
WDR5,11091,1.0
WDR53,348793,0.6623376623376623
WDR54,84058,1.0
WDR55,54853,1.0
WDR59,79726,1.0
WDR6,11180,1.0
WDR62,284403,0.6363636363636364
WDR7,23335,1.0
WDR70,55100,1.0
WDR73,84942,1.0
WDR74,54663,1.0
WDR75,84128,1.0
WDR76,79968,0.8701298701298701
WDR77,79084,1.0
WDR81,124997,1.0
WDR82,80335,1.0
WDR83,84292,1.0
WDR87,83889,0.7272727272727273
WDR89,112840,1.0
WDR90,197335,0.5714285714285714
WDR91,29062,1.0
WDSUB1,151525,1.0
WDTC1,23038,1.0
WEE1,7465,1.0
WFDC2,10406,1.0
WFS1,7466,1.0
WHAMM,123720,0.6883116883116883
WIPF1,7456,1.0
WIPF2,147179,1.0
WIPI1,55062,1.0
WIPI2,26100,1.0
WIZ,58525,1.0
WLS,79971,0.7662337662337663
WNK1,65125,1.0
WNK4,65266,0.7402597402597403
WNT2,7472,0.7142857142857143
WNT5A,7474,0.7792207792207793
WRAP53,55135,1.0
WRN,7486,1.0
WRNIP1,56897,1.0
WTAP,9589,1.0
WWC1,23286,0.948051948051948
WWC2,80014,0.6883116883116883
WWOX,51741,1.0
WWP1,11059,1.0
WWP2,11060,1.0
WWTR1,25937,1.0
XAB2,56949,1.0
XAF1,54739,1.0
XDH,7498,1.0
XIAP,331,1.0
XIRP1,165904,0.961038961038961
XPA,7507,1.0
XPC,7508,1.0
XPNPEP1,7511,1.0
XPNPEP3,63929,1.0
XPO1,7514,1.0
XPO4,64328,1.0
XPO5,57510,1.0
XPO6,23214,1.0
XPO7,23039,1.0
XPOT,11260,1.0
XRCC1,7515,1.0
XRCC4,7518,1.0
XRCC5,7520,1.0
XRCC6,2547,1.0
XRN1,54464,1.0
XRN2,22803,1.0
XYLB,9942,1.0
XYLT1,64131,0.6753246753246753
YAF2,10138,0.8831168831168831
YAP1,10413,1.0
YARS2,51067,1.0
YBX1,4904,1.0
YBX2,51087,1.0
YDJC,150223,0.922077922077922
YEATS2,55689,1.0
YEATS4,8089,1.0
YES1,7525,1.0
YIF1A,10897,0.8961038961038961
YIF1B,90522,0.8441558441558441
YIPF2,78992,0.8311688311688312
YIPF3,25844,1.0
YIPF4,84272,1.0
YIPF5,81555,1.0
YIPF6,286451,0.974025974025974
YKT6,10652,1.0
YLPM1,56252,1.0
YME1L1,10730,1.0
YOD1,55432,1.0
YPEL2,388403,0.6883116883116883
YPEL5,51646,1.0
YRDC,79693,1.0
YTHDC1,91746,1.0
YTHDC2,64848,1.0
YTHDF1,54915,1.0
YTHDF2,51441,1.0
YWHAB,7529,1.0
YWHAE,7531,1.0
YWHAG,7532,1.0
YWHAH,7533,1.0
YWHAQ,10971,1.0
YWHAZ,7534,1.0
YY1,7528,1.0
YY1AP1,55249,0.7662337662337663
ZAP70,7535,1.0
ZBP1,81030,0.8831168831168831
ZBTB1,22890,0.922077922077922
ZBTB10,65986,0.974025974025974
ZBTB11,27107,0.987012987012987
ZBTB2,57621,0.961038961038961
ZBTB20,26137,1.0
ZBTB33,10009,0.974025974025974
ZBTB4,57659,0.8311688311688312
ZBTB40,9923,0.974025974025974
ZBTB43,23099,0.8571428571428571
ZBTB47,92999,0.6233766233766234
ZBTB7A,51341,1.0
ZBTB7B,51043,1.0
ZBTB9,221504,0.8701298701298701
ZC3H11A,9877,1.0
ZC3H12A,80149,1.0
ZC3H13,23091,1.0
ZC3H14,79882,1.0
ZC3H15,55854,1.0
ZC3H18,124245,1.0
ZC3H4,23211,1.0
ZC3H6,376940,1.0
ZC3H7A,29066,1.0
ZC3H7B,23264,1.0
ZC3H8,84524,0.987012987012987
ZC3HAV1,56829,1.0
ZC3HAV1L,92092,1.0
ZC3HC1,51530,1.0
ZCCHC10,54819,0.5844155844155844
ZCCHC17,51538,1.0
ZCCHC2,54877,0.6493506493506493
ZCCHC24,219654,0.948051948051948
ZCCHC3,85364,1.0
ZCCHC4,29063,0.6233766233766234
ZCCHC7,84186,0.6233766233766234
ZCCHC9,84240,0.6493506493506493
ZCRB1,85437,1.0
ZDHHC13,54503,1.0
ZDHHC17,23390,0.922077922077922
ZDHHC20,253832,0.7922077922077922
ZDHHC3,51304,0.8831168831168831
ZDHHC5,25921,1.0
ZDHHC6,64429,0.5454545454545454
ZEB1,6935,0.7272727272727273
ZEB2,9839,1.0
ZER1,10444,0.961038961038961
ZFAND1,79752,1.0
ZFAND2B,130617,1.0
ZFAND3,60685,1.0
ZFAND5,7763,1.0
ZFAND6,54469,1.0
ZFC3H1,196441,0.974025974025974
ZFHX3,463,1.0
ZFP3,124961,0.6103896103896104
ZFP36,7538,0.5844155844155844
ZFP36L1,677,1.0
ZFP36L2,678,1.0
ZFP64,55734,0.948051948051948
ZFP91,80829,1.0
ZFPL1,7542,1.0
ZFR,51663,1.0
ZFX,7543,1.0
ZFYVE1,53349,1.0
ZFYVE16,9765,1.0
ZFYVE19,84936,1.0
ZFYVE21,79038,1.0
ZFYVE26,23503,1.0
ZFYVE9,9372,0.922077922077922
ZG16B,124220,0.922077922077922
ZGPAT,84619,1.0
ZHX1,11244,1.0
ZHX2,22882,1.0
ZHX3,23051,1.0
ZKSCAN1,7586,1.0
ZKSCAN4,387032,0.7272727272727273
ZMAT2,153527,1.0
ZMAT3,64393,0.7792207792207793
ZMAT5,55954,0.6103896103896104
ZMIZ1,57178,1.0
ZMIZ2,83637,0.935064935064935
ZMPSTE24,10269,1.0
ZMYM1,79830,0.8701298701298701
ZMYM2,7750,1.0
ZMYM3,9203,1.0
ZMYM4,9202,1.0
ZMYND10,51364,0.8181818181818182
ZMYND11,10771,1.0
ZMYND8,23613,1.0
ZNF121,7675,0.5454545454545454
ZNF143,7702,1.0
ZNF146,7705,0.8961038961038961
ZNF148,7707,1.0
ZNF184,7738,0.7142857142857143
ZNF185,7739,1.0
ZNF205,7755,0.6233766233766234
ZNF207,7756,1.0
ZNF217,7764,1.0
ZNF219,51222,0.6883116883116883
ZNF22,7570,0.961038961038961
ZNF24,7572,1.0
ZNF250,58500,0.7792207792207793
ZNF264,9422,0.7402597402597403
ZNF268,10795,0.5584415584415584
ZNF276,92822,0.7272727272727273
ZNF277,11179,0.8571428571428571
ZNF280C,55609,1.0
ZNF280D,54816,1.0
ZNF281,23528,1.0
ZNF292,23036,0.8961038961038961
ZNF3,7551,0.8831168831168831
ZNF318,24149,1.0
ZNF324,25799,0.5324675324675324
ZNF326,284695,1.0
ZNF331,55422,0.8441558441558441
ZNF33A,7581,0.5194805194805194
ZNF346,23567,1.0
ZNF358,140467,0.961038961038961
ZNF362,149076,0.935064935064935
ZNF384,171017,1.0
ZNF385A,25946,1.0
ZNF395,55893,0.5194805194805194
ZNF397,84307,0.922077922077922
ZNF407,55628,0.922077922077922
ZNF414,84330,0.961038961038961
ZNF417,147687,0.8831168831168831
ZNF428,126299,0.922077922077922
ZNF436,80818,0.6883116883116883
ZNF444,55311,0.5324675324675324
ZNF446,55663,1.0
ZNF451,26036,1.0
ZNF460,10794,1.0
ZNF462,58499,0.7272727272727273
ZNF467,168544,0.7402597402597403
ZNF48,197407,0.7922077922077922
ZNF511,118472,0.935064935064935
ZNF512,84450,0.9090909090909091
ZNF512B,57473,0.7662337662337663
ZNF521,25925,0.5974025974025974
ZNF526,116115,0.7922077922077922
ZNF532,55205,0.8831168831168831
ZNF552,79818,0.922077922077922
ZNF562,54811,0.6363636363636364
ZNF574,64763,1.0
ZNF579,163033,1.0
ZNF580,51157,0.6753246753246753
ZNF581,51545,0.9090909090909091
ZNF592,9640,1.0
ZNF593,51042,1.0
ZNF597,146434,0.8311688311688312
ZNF609,23060,1.0
ZNF618,114991,1.0
ZNF622,90441,1.0
ZNF623,9831,0.5584415584415584
ZNF629,23361,1.0
ZNF638,27332,1.0
ZNF639,51193,0.8441558441558441
ZNF644,84146,1.0
ZNF652,22834,1.0
ZNF654,55279,0.6103896103896104
ZNF655,79027,0.974025974025974
ZNF664,144348,0.8701298701298701
ZNF668,79759,1.0
ZNF687,57592,1.0
ZNF688,146542,0.8051948051948052
ZNF691,51058,0.7272727272727273
ZNF703,80139,0.961038961038961
ZNF704,619279,0.5974025974025974
ZNF706,51123,1.0
ZNF740,283337,0.961038961038961
ZNF76,7629,0.5714285714285714
ZNF768,79724,0.961038961038961
ZNF776,284309,0.6753246753246753
ZNF777,27153,0.5194805194805194
ZNF787,126208,1.0
ZNF8,7554,0.922077922077922
ZNF800,168850,0.7792207792207793
ZNF827,152485,0.9090909090909091
ZNF830,91603,1.0
ZNFX1,57169,1.0
ZNHIT1,10467,0.8961038961038961
ZNHIT2,741,1.0
ZNHIT3,9326,0.7922077922077922
ZNHIT6,54680,1.0
ZNRF2,223082,1.0
ZRANB2,9406,1.0
ZRSR2,8233,1.0
ZSCAN16,80345,0.5324675324675324
ZSCAN18,65982,1.0
ZSCAN20,7579,0.5584415584415584
ZSCAN21,7589,0.6883116883116883
ZW10,9183,1.0
ZWILCH,55055,1.0
ZWINT,11130,0.8961038961038961
ZXDC,79364,0.6103896103896104
ZYG11B,79699,1.0
ZYX,7791,1.0
ZZEF1,23140,1.0
ZZZ3,26009,0.8961038961038961
