arm,subtype,n,mean_effect,n_scored,precision,n_t2,boot
R,basal,50,-0.6081856601806452,50,0.0,0,0
R,her2,50,-0.24976104595409987,50,0.02,5,0
R,luminal,50,-0.17172600567201615,50,0.04,1,0
R+P,basal,50,-0.42905926995897575,50,0.0,1,0
R+P,her2,50,-0.21069557633247482,50,0.02,4,0
R+P,luminal,50,-0.1923577801081057,50,0.06,0,0
R+D,basal,50,-0.6679503027683659,50,0.0,1,0
R+D,her2,50,-0.41839485405559995,50,0.02,9,0
R+D,luminal,50,-0.42483161489494264,50,0.04,2,0
R+P+D,basal,50,-0.6826365384033758,50,0.0,2,0
R+P+D,her2,50,-0.2568100209573886,50,0.02,6,0
R+P+D,luminal,50,-0.43052344522686203,50,0.04,1,0
MOFA+,basal,50,-0.3486507841012881,50,0.0,3,0
MOFA+,her2,50,-0.22819154071989203,50,0.06,3,0
MOFA+,luminal,50,-0.36069743199766235,50,0.0,2,0
R,basal,50,-0.4105085813616849,50,0.0,0,1
R,her2,50,-0.4848985809341284,50,0.04,7,1
R,luminal,50,-0.2064105242701655,50,0.04,1,1
R+P,basal,50,-0.22218315278764567,50,0.0,0,1
R+P,her2,50,-0.2772953631787931,50,0.02,4,1
R+P,luminal,50,-0.12510045607021442,50,0.04,0,1
R+D,basal,50,-0.602130366290358,50,0.0,1,1
R+D,her2,50,-0.6543347381761687,50,0.02,8,1
R+D,luminal,50,-0.30166083265780114,50,0.04,0,1
R+P+D,basal,50,-0.42248884271924114,50,0.0,2,1
R+P+D,her2,50,-0.4810249061560024,50,0.02,6,1
R+P+D,luminal,50,-0.31841818234290736,50,0.04,0,1
MOFA+,basal,50,-0.42986937043245893,50,0.0,1,1
MOFA+,her2,50,-0.23254843317667834,50,0.02,6,1
MOFA+,luminal,50,-0.34265858787173314,50,0.02,2,1
R,basal,50,-0.6019352411204253,50,0.0,1,2
R,her2,50,-0.5450693825898755,50,0.04,8,2
R,luminal,50,-0.2070238154960178,50,0.06,2,2
R+P,basal,50,-0.37494927770247616,50,0.0,3,2
R+P,her2,50,-0.3285069779526466,50,0.02,4,2
R+P,luminal,50,-0.13672443347481472,50,0.06,1,2
R+D,basal,50,-0.8440248251597279,50,0.0,2,2
R+D,her2,50,-0.6215879293449568,50,0.02,10,2
R+D,luminal,50,-0.29165497703377236,50,0.04,1,2
R+P+D,basal,50,-0.6038612690905838,50,0.0,1,2
R+P+D,her2,50,-0.4109285383304033,50,0.02,5,2
R+P+D,luminal,50,-0.21224984147637505,50,0.06,1,2
MOFA+,basal,50,-0.5634490632670993,50,0.0,1,2
MOFA+,her2,50,-0.4540589619296867,50,0.0,2,2
MOFA+,luminal,50,-0.21669411956679416,50,0.02,1,2
R,basal,50,-0.5466495981651637,50,0.0,1,3
R,her2,50,-0.22218815740738404,50,0.02,7,3
R,luminal,50,-0.17086981231018497,50,0.04,1,3
R+P,basal,50,-0.47454147362017307,50,0.0,1,3
R+P,her2,50,-0.20880134055534888,50,0.02,2,3
R+P,luminal,50,-0.13843101492573026,50,0.04,0,3
R+D,basal,50,-0.6866475329670668,50,0.0,3,3
R+D,her2,50,-0.3755171674994584,50,0.02,6,3
R+D,luminal,50,-0.3973557888827957,50,0.04,1,3
R+P+D,basal,50,-0.6950145988425345,50,0.0,1,3
R+P+D,her2,50,-0.33248334266565555,50,0.02,4,3
R+P+D,luminal,50,-0.2328012598085824,50,0.04,0,3
MOFA+,basal,50,-0.5279360880476421,50,0.0,2,3
MOFA+,her2,50,-0.5683773289067022,50,0.02,6,3
MOFA+,luminal,50,-0.2695413802511053,50,0.02,1,3
R,basal,50,-0.562009086432745,50,0.0,3,4
R,her2,50,-0.36779699660019943,50,0.02,7,4
R,luminal,50,-0.10139830248334258,50,0.04,1,4
R+P,basal,50,-0.40798060119903545,50,0.0,1,4
R+P,her2,50,-0.39501418264067967,50,0.02,5,4
R+P,luminal,50,-0.08915680566508484,50,0.04,2,4
R+D,basal,50,-0.7052841932453893,50,0.0,2,4
R+D,her2,50,-0.4771475500069362,50,0.02,6,4
R+D,luminal,50,-0.2714031180324971,50,0.02,2,4
R+P+D,basal,50,-0.6415428413331276,50,0.0,1,4
R+P+D,her2,50,-0.4505005297375357,50,0.02,4,4
R+P+D,luminal,50,-0.16281995715488595,50,0.02,1,4
MOFA+,basal,50,-0.6112924809775951,50,0.0,1,4
MOFA+,her2,50,-0.32640812169774736,50,0.02,3,4
MOFA+,luminal,50,-0.06124946327907313,50,0.02,1,4
R,basal,50,-0.6985305213077163,50,0.0,2,5
R,her2,50,-0.3136122466271179,50,0.02,8,5
R,luminal,50,-0.12961952505602642,50,0.04,3,5
R+P,basal,50,-0.5100137710389713,50,0.0,2,5
R+P,her2,50,-0.22407220801817737,50,0.02,4,5
R+P,luminal,50,-0.11907476357334834,50,0.04,1,5
R+D,basal,50,-0.7047828113705489,50,0.0,4,5
R+D,her2,50,-0.4084429980817063,50,0.02,5,5
R+D,luminal,50,-0.2633076209474328,50,0.04,2,5
R+P+D,basal,50,-0.5918260860499296,50,0.0,3,5
R+P+D,her2,50,-0.27336729235106527,50,0.02,4,5
R+P+D,luminal,50,-0.22739022851197738,50,0.04,2,5
MOFA+,basal,50,-0.5566897757343217,50,0.0,2,5
MOFA+,her2,50,-0.22098148118031574,50,0.04,1,5
MOFA+,luminal,50,-0.2927737218101785,50,0.02,2,5
R,basal,50,-0.5485132230381342,50,0.0,1,6
R,her2,50,-0.5506958766730827,50,0.0,5,6
R,luminal,50,-0.10597689550626505,50,0.06,1,6
R+P,basal,50,-0.37189748027486075,50,0.0,2,6
R+P,her2,50,-0.28498995777960134,50,0.02,1,6
R+P,luminal,50,-0.12247471848062691,50,0.04,1,6
R+D,basal,50,-0.7729637005842221,50,0.0,2,6
R+D,her2,50,-0.5497840047380597,50,0.02,3,6
R+D,luminal,50,-0.20698189423725644,50,0.02,1,6
R+P+D,basal,50,-0.4447348672973627,50,0.0,1,6
R+P+D,her2,50,-0.5517132001072336,50,0.02,4,6
R+P+D,luminal,50,-0.17693072654328937,50,0.02,1,6
MOFA+,basal,50,-0.6182107420281902,50,0.0,4,6
MOFA+,her2,50,-0.4339296269343351,50,0.02,1,6
MOFA+,luminal,50,-0.16318740974737278,50,0.02,1,6
R,basal,50,-0.5553637123186848,50,0.0,2,7
R,her2,50,-0.36031591418354053,50,0.02,5,7
R,luminal,50,-0.09713699341277496,50,0.04,2,7
R+P,basal,50,-0.4111292131653548,50,0.0,4,7
R+P,her2,50,-0.43916900911692563,50,0.02,5,7
R+P,luminal,50,-0.13821768078347393,50,0.06,3,7
R+D,basal,50,-0.6537042271756905,50,0.0,5,7
R+D,her2,50,-0.5129197447210643,50,0.02,5,7
R+D,luminal,50,-0.26967872359386363,50,0.02,0,7
R+P+D,basal,50,-0.48261145207738304,50,0.0,2,7
R+P+D,her2,50,-0.41221893215018085,50,0.02,4,7
R+P+D,luminal,50,-0.22632719091514797,50,0.02,1,7
MOFA+,basal,50,-0.34761386291737495,50,0.0,5,7
MOFA+,her2,50,-0.6060757704933606,50,0.02,8,7
MOFA+,luminal,50,-0.34069982408691923,50,0.02,2,7
R,basal,50,-0.5964327241111764,50,0.0,1,8
R,her2,50,-0.27252603661625574,50,0.04,7,8
R,luminal,50,-0.11698476763233785,50,0.06,2,8
R+P,basal,50,-0.18604696124577483,50,0.0,1,8
R+P,her2,50,-0.20144324194516966,50,0.02,2,8
R+P,luminal,50,-0.13509445468920017,50,0.06,0,8
R+D,basal,50,-0.6715114697675582,50,0.0,2,8
R+D,her2,50,-0.4509454608422181,50,0.04,7,8
R+D,luminal,50,-0.27535165620193003,50,0.02,1,8
R+P+D,basal,50,-0.4465019984790291,50,0.0,3,8
R+P+D,her2,50,-0.4188801119871141,50,0.02,3,8
R+P+D,luminal,50,-0.215589867747645,50,0.02,1,8
MOFA+,basal,50,-0.4615371267070765,50,0.0,5,8
MOFA+,her2,50,-0.38890374858419535,50,0.0,1,8
MOFA+,luminal,50,-0.16150248350098917,50,0.02,1,8
R,basal,50,-0.4191072016160144,50,0.0,2,9
R,her2,50,-0.5131718355299614,50,0.02,7,9
R,luminal,50,-0.15801142007441615,50,0.06,3,9
R+P,basal,50,-0.27860112635987977,50,0.0,1,9
R+P,her2,50,-0.34409708861087746,50,0.02,3,9
R+P,luminal,50,-0.14205324664714236,50,0.06,3,9
R+D,basal,50,-0.6169535021927633,50,0.0,1,9
R+D,her2,50,-0.5744811835865292,50,0.02,4,9
R+D,luminal,50,-0.3529896758120352,50,0.02,1,9
R+P+D,basal,50,-0.36583678752645,50,0.0,1,9
R+P+D,her2,50,-0.53998571811865,50,0.02,4,9
R+P+D,luminal,50,-0.20934636955905372,50,0.04,2,9
MOFA+,basal,50,-0.3428428336476614,50,0.0,2,9
MOFA+,her2,50,-0.3509397713719934,50,0.02,2,9
MOFA+,luminal,50,-0.2759902124168644,50,0.04,2,9
R,basal,50,-0.45665795434843287,50,0.0,0,10
R,her2,50,-0.4480046286046321,50,0.04,6,10
R,luminal,50,-0.1687189424010754,50,0.06,4,10
R+P,basal,50,-0.34198959301469933,50,0.0,2,10
R+P,her2,50,-0.22137688851539916,50,0.02,2,10
R+P,luminal,50,-0.11517148771971021,50,0.04,2,10
R+D,basal,50,-0.6952267543474653,50,0.0,3,10
R+D,her2,50,-0.5784689733997765,50,0.02,5,10
R+D,luminal,50,-0.28582186502239987,50,0.04,1,10
R+P+D,basal,50,-0.4773462798419935,50,0.0,1,10
R+P+D,her2,50,-0.5100813883900274,50,0.02,5,10
R+P+D,luminal,50,-0.241532436628333,50,0.04,2,10
MOFA+,basal,50,-0.38159693050683524,50,0.0,2,10
MOFA+,her2,50,-0.38987710117814195,50,0.04,2,10
MOFA+,luminal,50,-0.2005899466068942,50,0.02,2,10
R,basal,50,-0.6927404864256556,50,0.0,3,11
R,her2,50,-0.31289151587604835,50,0.02,6,11
R,luminal,50,-0.1294422394238558,50,0.04,2,11
R+P,basal,50,-0.32764084680187827,50,0.0,2,11
R+P,her2,50,-0.30283377771954434,50,0.02,3,11
R+P,luminal,50,-0.16742003560174307,50,0.06,1,11
R+D,basal,50,-0.6004034463029825,50,0.0,3,11
R+D,her2,50,-0.46043874865230694,50,0.02,3,11
R+D,luminal,50,-0.35706363640807537,50,0.04,1,11
R+P+D,basal,50,-0.5036097949418916,50,0.0,2,11
R+P+D,her2,50,-0.40968123028578923,50,0.02,5,11
R+P+D,luminal,50,-0.23766552083475168,50,0.04,1,11
MOFA+,basal,50,-0.7824101543340778,50,0.0,3,11
MOFA+,her2,50,-0.7268867504608254,50,0.04,4,11
MOFA+,luminal,50,-0.3266697387534967,50,0.02,1,11
R,basal,50,-0.6763225382363176,50,0.0,2,12
R,her2,50,-0.31924025621140656,50,0.02,5,12
R,luminal,50,-0.12655226257206642,50,0.04,2,12
R+P,basal,50,-0.6327528950682911,50,0.0,4,12
R+P,her2,50,-0.40965095425554493,50,0.02,3,12
R+P,luminal,50,-0.1715721175599972,50,0.06,4,12
R+D,basal,50,-0.7167491193380292,50,0.0,3,12
R+D,her2,50,-0.4227047521291541,50,0.02,4,12
R+D,luminal,50,-0.17226862029533005,50,0.02,1,12
R+P+D,basal,50,-0.5922803016154498,50,0.0,2,12
R+P+D,her2,50,-0.45764761450705216,50,0.02,4,12
R+P+D,luminal,50,-0.22384244532466357,50,0.04,2,12
MOFA+,basal,50,-0.673776525083357,50,0.0,1,12
MOFA+,her2,50,-0.5833856458356053,50,0.02,3,12
MOFA+,luminal,50,-0.23838536081870246,50,0.02,3,12
R,basal,50,-0.39744074952009145,50,0.0,1,13
R,her2,50,-0.4029365903509092,50,0.04,7,13
R,luminal,50,-0.16804311429592672,50,0.04,2,13
R+P,basal,50,-0.38158583366194876,50,0.0,2,13
R+P,her2,50,-0.26483812043464455,50,0.02,3,13
R+P,luminal,50,-0.09830722100041489,50,0.04,2,13
R+D,basal,50,-0.7209378777976151,50,0.0,1,13
R+D,her2,50,-0.5136386041109668,50,0.04,7,13
R+D,luminal,50,-0.3175391129902213,50,0.02,2,13
R+P+D,basal,50,-0.3974931592522968,50,0.0,2,13
R+P+D,her2,50,-0.39695467365756587,50,0.02,4,13
R+P+D,luminal,50,-0.22981198214387774,50,0.02,2,13
MOFA+,basal,50,-0.5204738107990471,50,0.0,3,13
MOFA+,her2,50,-0.41300778566685264,50,0.02,0,13
MOFA+,luminal,50,-0.26632470632662053,50,0.02,2,13
R,basal,50,-0.5315537939595675,50,0.0,0,14
R,her2,50,-0.41653221434202065,50,0.02,7,14
R,luminal,50,-0.13296015807771844,50,0.06,3,14
R+P,basal,50,-0.48038176432829227,50,0.0,1,14
R+P,her2,50,-0.11872750412721347,50,0.02,3,14
R+P,luminal,50,-0.12252609885726448,50,0.04,3,14
R+D,basal,50,-0.6525203703171297,50,0.0,1,14
R+D,her2,50,-0.45188789417214137,50,0.02,8,14
R+D,luminal,50,-0.29972241391126925,50,0.04,1,14
R+P+D,basal,50,-0.48690819781559896,50,0.0,3,14
R+P+D,her2,50,-0.2729424739068509,50,0.02,5,14
R+P+D,luminal,50,-0.2963850997131544,50,0.04,2,14
MOFA+,basal,50,-0.5845170885240029,50,0.0,2,14
MOFA+,her2,50,-0.3295069828595663,50,0.0,1,14
MOFA+,luminal,50,-0.3855064432342201,50,0.02,2,14
R,basal,50,-0.43970517917346785,50,0.0,2,15
R,her2,50,-0.5599889692680322,50,0.02,7,15
R,luminal,50,-0.13353650795807256,50,0.04,1,15
R+P,basal,50,-0.20688974387592768,50,0.0,1,15
R+P,her2,50,-0.3725427020783584,50,0.02,2,15
R+P,luminal,50,-0.10560883856862002,50,0.04,1,15
R+D,basal,50,-0.6086028106939559,50,0.0,2,15
R+D,her2,50,-0.6035021092782055,50,0.02,4,15
R+D,luminal,50,-0.2737844006138446,50,0.02,2,15
R+P+D,basal,50,-0.4580000696406257,50,0.0,0,15
R+P+D,her2,50,-0.44604905639382236,50,0.02,2,15
R+P+D,luminal,50,-0.22514605007001268,50,0.02,1,15
MOFA+,basal,50,-0.5563542611457912,50,0.0,2,15
MOFA+,her2,50,-0.5870754676720913,50,0.02,5,15
MOFA+,luminal,50,-0.19990348875352906,50,0.02,3,15
R,basal,50,-0.3868878328321303,50,0.0,0,16
R,her2,50,-0.5874153818189329,50,0.02,9,16
R,luminal,50,-0.13934860314361058,50,0.04,2,16
R+P,basal,50,-0.26898758342122475,50,0.0,1,16
R+P,her2,50,-0.2706259870646845,50,0.02,5,16
R+P,luminal,50,-0.1298892340599499,50,0.04,3,16
R+D,basal,50,-0.5613720652663172,50,0.0,2,16
R+D,her2,50,-0.39504240588801787,50,0.02,7,16
R+D,luminal,50,-0.29795115719638043,50,0.02,2,16
R+P+D,basal,50,-0.394884371724138,50,0.0,1,16
R+P+D,her2,50,-0.3978226029920313,50,0.02,4,16
R+P+D,luminal,50,-0.2881014337614661,50,0.02,3,16
MOFA+,basal,50,-0.41177981544903425,50,0.0,1,16
MOFA+,her2,50,-0.3737018965939425,50,0.0,1,16
MOFA+,luminal,50,-0.3176578232973353,50,0.02,3,16
R,basal,50,-0.5930767187534286,50,0.0,2,17
R,her2,50,-0.4302783360898019,50,0.04,7,17
R,luminal,50,-0.12204388694269952,50,0.04,3,17
R+P,basal,50,-0.5191376702157402,50,0.0,3,17
R+P,her2,50,-0.21975149228935487,50,0.02,3,17
R+P,luminal,50,-0.10038274245326907,50,0.04,2,17
R+D,basal,50,-0.7100921486074419,50,0.0,3,17
R+D,her2,50,-0.4629248776825531,50,0.02,6,17
R+D,luminal,50,-0.2582840716012191,50,0.02,1,17
R+P+D,basal,50,-0.6371798739770789,50,0.0,1,17
R+P+D,her2,50,-0.3500665428583828,50,0.02,3,17
R+P+D,luminal,50,-0.1870130618550074,50,0.02,2,17
MOFA+,basal,50,-0.5770695733235703,50,0.0,2,17
MOFA+,her2,50,-0.24836957323271627,50,0.0,3,17
MOFA+,luminal,50,-0.20508944783492844,50,0.02,2,17
R,basal,50,-0.5429230001431813,50,0.0,0,18
R,her2,50,-0.3603504364360973,50,0.02,3,18
R,luminal,50,-0.1771609614298678,50,0.06,3,18
R+P,basal,50,-0.2516788629428963,50,0.0,2,18
R+P,her2,50,-0.2222519351785605,50,0.04,2,18
R+P,luminal,50,-0.1750717593887073,50,0.06,3,18
R+D,basal,50,-0.6656025415807924,50,0.0,4,18
R+D,her2,50,-0.5154772779398583,50,0.02,8,18
R+D,luminal,50,-0.27419124207403484,50,0.02,0,18
R+P+D,basal,50,-0.5089720372603002,50,0.0,2,18
R+P+D,her2,50,-0.31134196608637954,50,0.02,4,18
R+P+D,luminal,50,-0.274726767400464,50,0.04,1,18
MOFA+,basal,50,-0.4416113301610885,50,0.0,3,18
MOFA+,her2,50,-0.17951905224997525,50,0.0,3,18
MOFA+,luminal,50,-0.2595497960218691,50,0.02,2,18
R,basal,50,-0.42276317059657503,50,0.0,1,19
R,her2,50,-0.2815380048297273,50,0.02,5,19
R,luminal,50,-0.14558162440370134,50,0.04,1,19
R+P,basal,50,-0.15027127555662487,50,0.0,2,19
R+P,her2,50,-0.20956255004918348,50,0.02,3,19
R+P,luminal,50,-0.1510334403459857,50,0.06,0,19
R+D,basal,50,-0.6256003263720088,50,0.0,2,19
R+D,her2,50,-0.44896063667103414,50,0.02,5,19
R+D,luminal,50,-0.32717737276683706,50,0.04,2,19
R+P+D,basal,50,-0.45197147170288104,50,0.0,1,19
R+P+D,her2,50,-0.4067457463079893,50,0.02,4,19
R+P+D,luminal,50,-0.23661539439323256,50,0.04,1,19
MOFA+,basal,50,-0.47887392070448515,50,0.0,2,19
MOFA+,her2,50,-0.3088095532908744,50,0.0,2,19
MOFA+,luminal,50,-0.3091998596951514,50,0.02,4,19
R,basal,50,-0.5623894240651764,50,0.0,1,20
R,her2,50,-0.26020990029131896,50,0.04,4,20
R,luminal,50,-0.13426433254474657,50,0.04,3,20
R+P,basal,50,-0.3474809750413316,50,0.0,1,20
R+P,her2,50,-0.303031606442043,50,0.04,1,20
R+P,luminal,50,-0.1393595730032531,50,0.06,3,20
R+D,basal,50,-0.6612491618595021,50,0.0,2,20
R+D,her2,50,-0.3436520589556564,50,0.02,4,20
R+D,luminal,50,-0.36509431621073546,50,0.04,1,20
R+P+D,basal,50,-0.5078758799240826,50,0.0,1,20
R+P+D,her2,50,-0.3971926350918201,50,0.02,3,20
R+P+D,luminal,50,-0.2701060342350786,50,0.04,1,20
MOFA+,basal,50,-0.4783054759467084,50,0.0,2,20
MOFA+,her2,50,-0.2500648783906439,50,0.02,5,20
MOFA+,luminal,50,-0.3819153617118582,50,0.02,2,20
R,basal,50,-0.6121694279726887,50,0.0,2,21
R,her2,50,-0.3201590792137992,50,0.04,8,21
R,luminal,50,-0.16908739098040126,50,0.06,3,21
R+P,basal,50,-0.32715813502844854,50,0.0,0,21
R+P,her2,50,-0.23519497554513408,50,0.04,3,21
R+P,luminal,50,-0.13521126639188663,50,0.06,3,21
R+D,basal,50,-0.6803840376922934,50,0.0,1,21
R+D,her2,50,-0.5486461026172885,50,0.04,4,21
R+D,luminal,50,-0.23069699543387379,50,0.0,0,21
R+P+D,basal,50,-0.531434593364291,50,0.0,0,21
R+P+D,her2,50,-0.3365068001986351,50,0.02,4,21
R+P+D,luminal,50,-0.10621208194951658,50,0.0,1,21
MOFA+,basal,50,-0.4276150316661696,50,0.0,0,21
MOFA+,her2,50,-0.45049229961827536,50,0.02,2,21
MOFA+,luminal,50,-0.17025151710189468,50,0.02,1,21
R,basal,50,-0.43784605633904605,50,0.0,0,22
R,her2,50,-0.231946353774104,50,0.02,6,22
R,luminal,50,-0.1521431720816535,50,0.04,3,22
R+P,basal,50,-0.35458478902591223,50,0.0,2,22
R+P,her2,50,-0.2601762260434122,50,0.02,3,22
R+P,luminal,50,-0.1674322586953146,50,0.04,2,22
R+D,basal,50,-0.6201432903408103,50,0.0,2,22
R+D,her2,50,-0.3391411730156516,50,0.02,3,22
R+D,luminal,50,-0.17882868846895397,50,0.02,0,22
R+P+D,basal,50,-0.5081504670752186,50,0.0,0,22
R+P+D,her2,50,-0.26613907370294615,50,0.02,4,22
R+P+D,luminal,50,-0.17713437268849844,50,0.02,2,22
MOFA+,basal,50,-0.4013521714504755,50,0.0,1,22
MOFA+,her2,50,-0.32283380777038245,50,0.0,3,22
MOFA+,luminal,50,-0.30210613871302705,50,0.02,1,22
R,basal,50,-0.6215040708002284,50,0.0,0,23
R,her2,50,-0.304249088968387,50,0.04,8,23
R,luminal,50,-0.19575898822041812,50,0.04,1,23
R+P,basal,50,-0.5252614497800855,50,0.0,4,23
R+P,her2,50,-0.27419676975679425,50,0.02,4,23
R+P,luminal,50,-0.11713491157923674,50,0.04,2,23
R+D,basal,50,-0.7250067575910646,50,0.0,2,23
R+D,her2,50,-0.373119802221983,50,0.04,7,23
R+D,luminal,50,-0.29826207757790824,50,0.04,2,23
R+P+D,basal,50,-0.5820798168079866,50,0.0,2,23
R+P+D,her2,50,-0.32517022682902824,50,0.02,5,23
R+P+D,luminal,50,-0.2747710540740795,50,0.04,1,23
MOFA+,basal,50,-0.6938777008022413,50,0.0,3,23
MOFA+,her2,50,-0.34403915502419424,50,0.0,1,23
MOFA+,luminal,50,-0.35965263097905337,50,0.02,2,23
R,basal,50,-0.4901997755177765,50,0.0,1,24
R,her2,50,-0.37058214868793926,50,0.02,7,24
R,luminal,50,-0.11534469609347514,50,0.04,1,24
R+P,basal,50,-0.26992682834679965,50,0.0,1,24
R+P,her2,50,-0.32413999492308193,50,0.02,4,24
R+P,luminal,50,-0.1597158391101657,50,0.06,2,24
R+D,basal,50,-0.69065107019022,50,0.0,2,24
R+D,her2,50,-0.5270074725449724,50,0.02,7,24
R+D,luminal,50,-0.30011694673036765,50,0.04,1,24
R+P+D,basal,50,-0.4163986691227455,50,0.0,0,24
R+P+D,her2,50,-0.41463975372142203,50,0.02,6,24
R+P+D,luminal,50,-0.19501813633822768,50,0.04,1,24
MOFA+,basal,50,-0.2918683366552884,50,0.0,0,24
MOFA+,her2,50,-0.8036429017457177,50,0.02,8,24
MOFA+,luminal,50,-0.1768917406702851,50,0.0,2,24
R,basal,50,-0.4998600497055512,50,0.0,1,25
R,her2,50,-0.4189595511506454,50,0.04,7,25
R,luminal,50,-0.13543764205455136,50,0.04,1,25
R+P,basal,50,-0.42206810452655885,50,0.0,1,25
R+P,her2,50,-0.2484918320904299,50,0.02,2,25
R+P,luminal,50,-0.11700272940434539,50,0.04,1,25
R+D,basal,50,-0.6827022666277754,50,0.0,2,25
R+D,her2,50,-0.4008591454781037,50,0.04,5,25
R+D,luminal,50,-0.3375465347613105,50,0.04,2,25
R+P+D,basal,50,-0.48701229519632755,50,0.0,2,25
R+P+D,her2,50,-0.310800043473698,50,0.02,4,25
R+P+D,luminal,50,-0.16525023750448903,50,0.04,1,25
MOFA+,basal,50,-0.5409318651808992,50,0.0,2,25
MOFA+,her2,50,-0.4587850812255557,50,0.04,4,25
MOFA+,luminal,50,-0.27539608608176813,50,0.02,2,25
R,basal,50,-0.48722478268144054,50,0.0,0,26
R,her2,50,-0.2593961079496089,50,0.02,7,26
R,luminal,50,-0.11780802891020019,50,0.04,2,26
R+P,basal,50,-0.6447521381177903,50,0.0,3,26
R+P,her2,50,-0.29072111399696166,50,0.04,2,26
R+P,luminal,50,-0.09880065512017959,50,0.04,1,26
R+D,basal,50,-0.6781558777619968,50,0.0,2,26
R+D,her2,50,-0.38470083991381854,50,0.02,6,26
R+D,luminal,50,-0.32826899180448804,50,0.04,2,26
R+P+D,basal,50,-0.6842767821350649,50,0.0,2,26
R+P+D,her2,50,-0.3464887499160944,50,0.02,5,26
R+P+D,luminal,50,-0.2089224839277002,50,0.04,2,26
MOFA+,basal,50,-0.6524977891631886,50,0.0,2,26
MOFA+,her2,50,-0.4794421210030893,50,0.0,5,26
MOFA+,luminal,50,-0.19278656023324672,50,0.02,2,26
R,basal,50,-0.45951873242803826,50,0.0,0,27
R,her2,50,-0.4499783544806406,50,0.04,8,27
R,luminal,50,-0.11792597543269005,50,0.04,1,27
R+P,basal,50,-0.4460807215834348,50,0.0,2,27
R+P,her2,50,-0.36497587487658406,50,0.02,4,27
R+P,luminal,50,-0.11196403306291906,50,0.04,0,27
R+D,basal,50,-0.6963937666046829,50,0.0,1,27
R+D,her2,50,-0.4520866348200906,50,0.04,7,27
R+D,luminal,50,-0.31549837970313027,50,0.04,2,27
R+P+D,basal,50,-0.5202333272362965,50,0.0,0,27
R+P+D,her2,50,-0.4116558091768808,50,0.02,6,27
R+P+D,luminal,50,-0.25546929471454205,50,0.06,3,27
MOFA+,basal,50,-0.5993638098700839,50,0.0,4,27
MOFA+,her2,50,-0.4765943693668448,50,0.0,5,27
MOFA+,luminal,50,-0.359404289317896,50,0.02,3,27
R,basal,50,-0.5929271347829602,50,0.0,2,28
R,her2,50,-0.26615547797696765,50,0.02,7,28
R,luminal,50,-0.17515107043527794,50,0.04,2,28
R+P,basal,50,-0.3777031010360594,50,0.0,2,28
R+P,her2,50,-0.26854957720127043,50,0.02,3,28
R+P,luminal,50,-0.16982323737036156,50,0.06,2,28
R+D,basal,50,-0.6428245912501761,50,0.0,1,28
R+D,her2,50,-0.3801081034876463,50,0.02,6,28
R+D,luminal,50,-0.2941611160777587,50,0.02,2,28
R+P+D,basal,50,-0.5461270622539489,50,0.0,3,28
R+P+D,her2,50,-0.32500088448389897,50,0.02,4,28
R+P+D,luminal,50,-0.2504937264020136,50,0.02,1,28
MOFA+,basal,50,-0.45781335424505615,50,0.0,4,28
MOFA+,her2,50,-0.358064528425042,50,0.04,5,28
MOFA+,luminal,50,-0.3222194897942223,50,0.0,3,28
R,basal,50,-0.5745380080969619,50,0.0,1,29
R,her2,50,-0.326418589374261,50,0.02,5,29
R,luminal,50,-0.1210909348395875,50,0.04,2,29
R+P,basal,50,-0.4232913080957115,50,0.0,2,29
R+P,her2,50,-0.38593869187314894,50,0.02,5,29
R+P,luminal,50,-0.15662269432235065,50,0.04,3,29
R+D,basal,50,-0.7444221003928001,50,0.0,2,29
R+D,her2,50,-0.4342928784808971,50,0.02,2,29
R+D,luminal,50,-0.260132659650036,50,0.04,1,29
R+P+D,basal,50,-0.546955499546835,50,0.0,0,29
R+P+D,her2,50,-0.43072621557115853,50,0.02,3,29
R+P+D,luminal,50,-0.20559154077997138,50,0.04,1,29
MOFA+,basal,50,-0.42410880987415633,50,0.0,5,29
MOFA+,her2,50,-0.15894981446493806,50,0.0,2,29
MOFA+,luminal,50,-0.3158803825720009,50,0.04,3,29
R,basal,50,-0.4846539087359799,50,0.0,0,30
R,her2,50,-0.3464903382241177,50,0.02,5,30
R,luminal,50,-0.16778708726968272,50,0.06,2,30
R+P,basal,50,-0.28624686486911366,50,0.0,2,30
R+P,her2,50,-0.2078812249266015,50,0.04,2,30
R+P,luminal,50,-0.13498403376416435,50,0.04,2,30
R+D,basal,50,-0.7040669809642744,50,0.0,2,30
R+D,her2,50,-0.39312859597781113,50,0.02,3,30
R+D,luminal,50,-0.3130752900596572,50,0.04,1,30
R+P+D,basal,50,-0.38402089032639575,50,0.0,2,30
R+P+D,her2,50,-0.39420280828498105,50,0.02,2,30
R+P+D,luminal,50,-0.3325457767445269,50,0.04,0,30
MOFA+,basal,50,-0.380816516910036,50,0.0,2,30
MOFA+,her2,50,-0.7110302448863988,50,0.02,6,30
MOFA+,luminal,50,-0.3511333268584805,50,0.02,2,30
R,basal,50,-0.5112789454488699,50,0.0,1,31
R,her2,50,-0.45774683682926337,50,0.04,10,31
R,luminal,50,-0.14142774082908452,50,0.04,1,31
R+P,basal,50,-0.37390361471404004,50,0.0,1,31
R+P,her2,50,-0.1596848784837077,50,0.02,4,31
R+P,luminal,50,-0.13663485322886257,50,0.04,0,31
R+D,basal,50,-0.6423886306269712,50,0.0,3,31
R+D,her2,50,-0.6309906792196539,50,0.04,12,31
R+D,luminal,50,-0.3224426921057453,50,0.04,2,31
R+P+D,basal,50,-0.5578394230731166,50,0.0,5,31
R+P+D,her2,50,-0.27283248052154646,50,0.02,5,31
R+P+D,luminal,50,-0.27222934372836255,50,0.04,2,31
MOFA+,basal,50,-0.4859750298871189,50,0.0,4,31
MOFA+,her2,50,-0.30680904467624404,50,0.02,5,31
MOFA+,luminal,50,-0.2599503957339917,50,0.02,3,31
R,basal,50,-0.5310734735229187,50,0.0,1,32
R,her2,50,-0.33528686949093306,50,0.02,4,32
R,luminal,50,-0.12193609138659152,50,0.04,2,32
R+P,basal,50,-0.26453571523863195,50,0.0,1,32
R+P,her2,50,-0.21131000159441943,50,0.02,3,32
R+P,luminal,50,-0.12572071586945086,50,0.04,3,32
R+D,basal,50,-0.6808860377286866,50,0.0,1,32
R+D,her2,50,-0.49808586817039613,50,0.02,2,32
R+D,luminal,50,-0.28063414457780333,50,0.04,2,32
R+P+D,basal,50,-0.5657374124732761,50,0.0,1,32
R+P+D,her2,50,-0.31327207893293174,50,0.02,3,32
R+P+D,luminal,50,-0.19261733111003146,50,0.04,2,32
MOFA+,basal,50,-0.458470840798587,50,0.0,2,32
MOFA+,her2,50,-0.46851762956987797,50,0.02,7,32
MOFA+,luminal,50,-0.2704679903365661,50,0.02,1,32
R,basal,50,-0.6399963436896843,50,0.0,0,33
R,her2,50,-0.3206810047131235,50,0.02,5,33
R,luminal,50,-0.11993094801699156,50,0.04,3,33
R+P,basal,50,-0.3811460006452539,50,0.0,1,33
R+P,her2,50,-0.47532345377496,50,0.04,5,33
R+P,luminal,50,-0.12245032996854965,50,0.04,1,33
R+D,basal,50,-0.745454982278345,50,0.0,1,33
R+D,her2,50,-0.4245735250388975,50,0.02,3,33
R+D,luminal,50,-0.3389844989645067,50,0.02,1,33
R+P+D,basal,50,-0.5876953933036162,50,0.0,1,33
R+P+D,her2,50,-0.49942337670876114,50,0.04,7,33
R+P+D,luminal,50,-0.2629820199397919,50,0.02,1,33
MOFA+,basal,50,-0.538234122851978,50,0.0,2,33
MOFA+,her2,50,-0.43841088867365613,50,0.04,5,33
MOFA+,luminal,50,-0.3536043946502808,50,0.04,2,33
R,basal,50,-0.38289279643553853,50,0.0,0,34
R,her2,50,-0.4252046823404014,50,0.04,5,34
R,luminal,50,-0.1448342445238828,50,0.04,1,34
R+P,basal,50,-0.18420806389648944,50,0.0,0,34
R+P,her2,50,-0.31593864473146743,50,0.02,4,34
R+P,luminal,50,-0.22772093876523875,50,0.06,1,34
R+D,basal,50,-0.5777162624940891,50,0.0,2,34
R+D,her2,50,-0.6480366409225894,50,0.02,9,34
R+D,luminal,50,-0.3552048416279296,50,0.04,0,34
R+P+D,basal,50,-0.4116868609820996,50,0.0,2,34
R+P+D,her2,50,-0.4125354580441847,50,0.02,7,34
R+P+D,luminal,50,-0.3748231708322923,50,0.04,1,34
MOFA+,basal,50,-0.4559860983986358,50,0.0,4,34
MOFA+,her2,50,-0.2885614088549842,50,0.0,2,34
MOFA+,luminal,50,-0.33399811496689225,50,0.0,1,34
R,basal,50,-0.4821359945575954,50,0.0,1,35
R,her2,50,-0.3719915294654114,50,0.02,9,35
R,luminal,50,-0.14087853084876636,50,0.04,1,35
R+P,basal,50,-0.3816056150836788,50,0.0,2,35
R+P,her2,50,-0.23163633040398932,50,0.02,5,35
R+P,luminal,50,-0.20079857064922493,50,0.06,2,35
R+D,basal,50,-0.6019723843474081,50,0.0,1,35
R+D,her2,50,-0.36771578941904115,50,0.02,6,35
R+D,luminal,50,-0.2989041107562209,50,0.02,1,35
R+P+D,basal,50,-0.4800136000048423,50,0.0,0,35
R+P+D,her2,50,-0.345160877912536,50,0.02,5,35
R+P+D,luminal,50,-0.19770868209367382,50,0.02,2,35
MOFA+,basal,50,-0.552574201181547,50,0.0,2,35
MOFA+,her2,50,-0.43447501449924325,50,0.02,7,35
MOFA+,luminal,50,-0.3134846060588375,50,0.0,2,35
R,basal,50,-0.3794702279933514,50,0.0,2,36
R,her2,50,-0.3820793634787802,50,0.02,7,36
R,luminal,50,-0.16218658188415971,50,0.04,1,36
R+P,basal,50,-0.22660027425745055,50,0.0,1,36
R+P,her2,50,-0.23467261469869657,50,0.02,3,36
R+P,luminal,50,-0.1449812070960617,50,0.06,2,36
R+D,basal,50,-0.56235065279921,50,0.0,1,36
R+D,her2,50,-0.4875551335105353,50,0.02,7,36
R+D,luminal,50,-0.37648989780138614,50,0.04,0,36
R+P+D,basal,50,-0.47256250684861223,50,0.0,3,36
R+P+D,her2,50,-0.4163924516844362,50,0.02,5,36
R+P+D,luminal,50,-0.2900213586909375,50,0.04,0,36
MOFA+,basal,50,-0.5980687540684287,50,0.0,1,36
MOFA+,her2,50,-0.5766021449905948,50,0.0,2,36
MOFA+,luminal,50,-0.23485404238613408,50,0.02,1,36
R,basal,50,-0.4642292841772528,50,0.0,1,37
R,her2,50,-0.4893559806552635,50,0.04,7,37
R,luminal,50,-0.15563583123139466,50,0.04,1,37
R+P,basal,50,-0.44795227176468866,50,0.0,1,37
R+P,her2,50,-0.24076348199504546,50,0.02,5,37
R+P,luminal,50,-0.12972491175085626,50,0.04,0,37
R+D,basal,50,-0.5256428962231624,50,0.0,2,37
R+D,her2,50,-0.4754881841873363,50,0.04,8,37
R+D,luminal,50,-0.2860345284289237,50,0.02,2,37
R+P+D,basal,50,-0.5646903865323804,50,0.0,1,37
R+P+D,her2,50,-0.34625862501093396,50,0.02,5,37
R+P+D,luminal,50,-0.24704257909524394,50,0.02,2,37
MOFA+,basal,50,-0.6035085475574709,50,0.0,1,37
MOFA+,her2,50,-0.3845835900337071,50,0.0,5,37
MOFA+,luminal,50,-0.2328372007769884,50,0.02,1,37
R,basal,50,-0.3752709207497794,50,0.0,1,38
R,her2,50,-0.2733781476412825,50,0.04,7,38
R,luminal,50,-0.10970053424131024,50,0.04,2,38
R+P,basal,50,-0.29111617642233906,50,0.0,2,38
R+P,her2,50,-0.2271443914044602,50,0.02,5,38
R+P,luminal,50,-0.1381956065798725,50,0.04,1,38
R+D,basal,50,-0.44854270282082553,50,0.0,1,38
R+D,her2,50,-0.4232989718313535,50,0.02,4,38
R+D,luminal,50,-0.29061825709597994,50,0.04,1,38
R+P+D,basal,50,-0.3833084621353979,50,0.0,2,38
R+P+D,her2,50,-0.29172318331294267,50,0.02,4,38
R+P+D,luminal,50,-0.18066152669378646,50,0.04,0,38
MOFA+,basal,50,-0.5017479073994164,50,0.0,4,38
MOFA+,her2,50,-0.5278577195840817,50,0.02,4,38
MOFA+,luminal,50,-0.24277032463870565,50,0.02,1,38
R,basal,50,-0.5996116949960335,50,0.0,1,39
R,her2,50,-0.2855450674708966,50,0.04,6,39
R,luminal,50,-0.14292504921071508,50,0.04,2,39
R+P,basal,50,-0.5201833772714299,50,0.0,1,39
R+P,her2,50,-0.16522503259174823,50,0.02,3,39
R+P,luminal,50,-0.11856926964955512,50,0.04,0,39
R+D,basal,50,-0.7029481048146395,50,0.0,0,39
R+D,her2,50,-0.4256959976491923,50,0.02,5,39
R+D,luminal,50,-0.24473568599661757,50,0.02,2,39
R+P+D,basal,50,-0.620362750264828,50,0.0,4,39
R+P+D,her2,50,-0.25209514727158355,50,0.02,3,39
R+P+D,luminal,50,-0.19706191820339433,50,0.02,2,39
MOFA+,basal,50,-0.5749868594011823,50,0.0,5,39
MOFA+,her2,50,-0.3977347566025514,50,0.0,3,39
MOFA+,luminal,50,-0.2329021073228541,50,0.02,3,39
R,basal,50,-0.6252944208478172,50,0.0,2,40
R,her2,50,-0.42011829435209036,50,0.04,6,40
R,luminal,50,-0.15492484851461327,50,0.06,2,40
R+P,basal,50,-0.301501842026248,50,0.0,1,40
R+P,her2,50,-0.2849409170516058,50,0.02,4,40
R+P,luminal,50,-0.14870402954322132,50,0.06,1,40
R+D,basal,50,-0.7188799967305958,50,0.0,2,40
R+D,her2,50,-0.6352623990857407,50,0.02,6,40
R+D,luminal,50,-0.24990556960001886,50,0.04,0,40
R+P+D,basal,50,-0.476745984786912,50,0.0,1,40
R+P+D,her2,50,-0.35095382440605527,50,0.02,4,40
R+P+D,luminal,50,-0.20693559749105755,50,0.04,1,40
MOFA+,basal,50,-0.5494708123949174,50,0.0,1,40
MOFA+,her2,50,-0.23200827897868007,50,0.02,2,40
MOFA+,luminal,50,-0.1314785476222524,50,0.02,1,40
R,basal,50,-0.5772927402579281,50,0.0,1,41
R,her2,50,-0.2931183636539984,50,0.02,7,41
R,luminal,50,-0.14534854426646449,50,0.04,2,41
R+P,basal,50,-0.4062773069312186,50,0.0,3,41
R+P,her2,50,-0.1831820269016032,50,0.02,2,41
R+P,luminal,50,-0.13631740473121337,50,0.04,0,41
R+D,basal,50,-0.6143386984387152,50,0.0,2,41
R+D,her2,50,-0.31675501835238185,50,0.02,4,41
R+D,luminal,50,-0.4241845211154378,50,0.04,1,41
R+P+D,basal,50,-0.5098140955913388,50,0.0,2,41
R+P+D,her2,50,-0.3049631823669013,50,0.02,4,41
R+P+D,luminal,50,-0.3574433803026252,50,0.04,2,41
MOFA+,basal,50,-0.35330157392877604,50,0.0,3,41
MOFA+,her2,50,-0.2692649920808796,50,0.06,3,41
MOFA+,luminal,50,-0.39098213098521756,50,0.0,2,41
R,basal,50,-0.5065957850945054,50,0.0,0,42
R,her2,50,-0.24680120353157503,50,0.02,6,42
R,luminal,50,-0.10320660587098647,50,0.04,3,42
R+P,basal,50,-0.3181469634430531,50,0.0,2,42
R+P,her2,50,-0.20934986462962082,50,0.02,2,42
R+P,luminal,50,-0.16579463916947332,50,0.04,1,42
R+D,basal,50,-0.6515575741046071,50,0.0,1,42
R+D,her2,50,-0.3416696394218603,50,0.02,5,42
R+D,luminal,50,-0.2832063172527191,50,0.02,1,42
R+P+D,basal,50,-0.5354636176157804,50,0.0,1,42
R+P+D,her2,50,-0.28299730378532784,50,0.02,3,42
R+P+D,luminal,50,-0.27000833866388907,50,0.02,1,42
MOFA+,basal,50,-0.43004024117050454,50,0.0,0,42
MOFA+,her2,50,-0.2487451621909184,50,0.0,3,42
MOFA+,luminal,50,-0.25333161764111894,50,0.04,3,42
R,basal,50,-0.6842699096838536,50,0.0,0,43
R,her2,50,-0.4180557992357556,50,0.02,3,43
R,luminal,50,-0.12997828002099257,50,0.04,3,43
R+P,basal,50,-0.6060516332497917,50,0.0,2,43
R+P,her2,50,-0.3163438862482347,50,0.02,1,43
R+P,luminal,50,-0.12891267324405772,50,0.04,2,43
R+D,basal,50,-0.748453357017615,50,0.0,3,43
R+D,her2,50,-0.3828742214719724,50,0.04,4,43
R+D,luminal,50,-0.36565613551403836,50,0.04,2,43
R+P+D,basal,50,-0.7258026703126038,50,0.0,1,43
R+P+D,her2,50,-0.41686585882930083,50,0.02,3,43
R+P+D,luminal,50,-0.257897682893186,50,0.04,2,43
MOFA+,basal,50,-0.6784490815181417,50,0.0,2,43
MOFA+,her2,50,-0.33640537247801,50,0.02,3,43
MOFA+,luminal,50,-0.2723881802841255,50,0.0,1,43
R,basal,50,-0.5147568033391374,50,0.0,2,44
R,her2,50,-0.5657789162819706,50,0.04,11,44
R,luminal,50,-0.18399187525540014,50,0.04,1,44
R+P,basal,50,-0.2653215867970254,50,0.0,2,44
R+P,her2,50,-0.4313601498849748,50,0.02,4,44
R+P,luminal,50,-0.08307958040764901,50,0.04,0,44
R+D,basal,50,-0.6550093189882972,50,0.0,2,44
R+D,her2,50,-0.5967717136594689,50,0.04,10,44
R+D,luminal,50,-0.3401083833186377,50,0.04,1,44
R+P+D,basal,50,-0.4882235811946884,50,0.0,1,44
R+P+D,her2,50,-0.4820008756179658,50,0.02,9,44
R+P+D,luminal,50,-0.2514739792142635,50,0.04,2,44
MOFA+,basal,50,-0.14941645709231127,50,0.0,1,44
MOFA+,her2,50,-0.3252438557351142,50,0.08,6,44
MOFA+,luminal,50,-0.2631639778206801,50,0.0,1,44
R,basal,50,-0.4791838031593325,50,0.0,1,45
R,her2,50,-0.3855193432702266,50,0.02,6,45
R,luminal,50,-0.16897634267540948,50,0.04,1,45
R+P,basal,50,-0.289917700735263,50,0.0,1,45
R+P,her2,50,-0.3136145175890567,50,0.02,2,45
R+P,luminal,50,-0.13981942759397828,50,0.04,1,45
R+D,basal,50,-0.5549960233826543,50,0.0,2,45
R+D,her2,50,-0.6453301283271735,50,0.02,4,45
R+D,luminal,50,-0.2729831472013856,50,0.02,1,45
R+P+D,basal,50,-0.4224944333055646,50,0.0,2,45
R+P+D,her2,50,-0.3841058477895526,50,0.02,2,45
R+P+D,luminal,50,-0.17897544245140373,50,0.02,2,45
MOFA+,basal,50,-0.4026180377492433,50,0.0,2,45
MOFA+,her2,50,-0.4473195896369926,50,0.0,1,45
MOFA+,luminal,50,-0.2519290527549899,50,0.02,1,45
R,basal,50,-0.5803486529423671,50,0.0,0,46
R,her2,50,-0.24124642860960918,50,0.02,5,46
R,luminal,50,-0.12741529736661436,50,0.04,2,46
R+P,basal,50,-0.4824553331600334,50,0.0,1,46
R+P,her2,50,-0.1424086623748201,50,0.02,3,46
R+P,luminal,50,-0.15212767488005555,50,0.06,2,46
R+D,basal,50,-0.7073856743604076,50,0.0,2,46
R+D,her2,50,-0.481299117885007,50,0.02,7,46
R+D,luminal,50,-0.37048855043350165,50,0.04,0,46
R+P+D,basal,50,-0.6032420171401095,50,0.0,0,46
R+P+D,her2,50,-0.25926389885443885,50,0.02,3,46
R+P+D,luminal,50,-0.2492698423516957,50,0.04,1,46
MOFA+,basal,50,-0.5413957510591383,50,0.0,0,46
MOFA+,her2,50,-0.23177114702233836,50,0.02,4,46
MOFA+,luminal,50,-0.27576792304357767,50,0.02,3,46
R,basal,50,-0.5396388430010981,50,0.0,1,47
R,her2,50,-0.19006154772442596,50,0.02,5,47
R,luminal,50,-0.11109307051898229,50,0.04,2,47
R+P,basal,50,-0.374910621393518,50,0.0,3,47
R+P,her2,50,-0.23722340595980237,50,0.02,3,47
R+P,luminal,50,-0.13990849431461577,50,0.04,2,47
R+D,basal,50,-0.695897193586925,50,0.0,1,47
R+D,her2,50,-0.39733064147343283,50,0.02,5,47
R+D,luminal,50,-0.29796278502049744,50,0.04,1,47
R+P+D,basal,50,-0.5686581987954421,50,0.0,4,47
R+P+D,her2,50,-0.3904806340919005,50,0.02,4,47
R+P+D,luminal,50,-0.1875094387255774,50,0.04,2,47
MOFA+,basal,50,-0.36287292871847193,50,0.0,5,47
MOFA+,her2,50,-0.5377318288975528,50,0.0,6,47
MOFA+,luminal,50,-0.2810898494567216,50,0.02,4,47
R,basal,50,-0.6181315680973818,50,0.0,3,48
R,her2,50,-0.3319209863356874,50,0.02,7,48
R,luminal,50,-0.14626562322581343,50,0.04,1,48
R+P,basal,50,-0.47822796236704646,50,0.0,1,48
R+P,her2,50,-0.28743353607356587,50,0.04,2,48
R+P,luminal,50,-0.1073716571867461,50,0.04,0,48
R+D,basal,50,-0.6704189405537071,50,0.0,4,48
R+D,her2,50,-0.4403478891029753,50,0.02,9,48
R+D,luminal,50,-0.2976950147780491,50,0.04,2,48
R+P+D,basal,50,-0.5930095304973494,50,0.0,3,48
R+P+D,her2,50,-0.3784376382225094,50,0.04,5,48
R+P+D,luminal,50,-0.25176111758977376,50,0.04,2,48
MOFA+,basal,50,-0.5401298766495829,50,0.0,3,48
MOFA+,her2,50,-0.17532059789077098,50,0.02,0,48
MOFA+,luminal,50,-0.2461432671204328,50,0.02,1,48
R,basal,50,-0.8078732978495862,50,0.0,0,49
R,her2,50,-0.2020427969950069,50,0.02,5,49
R,luminal,50,-0.18630605841166897,50,0.04,2,49
R+P,basal,50,-0.5207760532877515,50,0.0,3,49
R+P,her2,50,-0.19100111306831846,50,0.02,2,49
R+P,luminal,50,-0.15047535176930396,50,0.04,1,49
R+D,basal,50,-0.6298353098407415,50,0.0,0,49
R+D,her2,50,-0.4282829745405207,50,0.02,3,49
R+D,luminal,50,-0.32787122383630146,50,0.04,2,49
R+P+D,basal,50,-0.5732641963784844,50,0.0,1,49
R+P+D,her2,50,-0.4173170558012432,50,0.02,3,49
R+P+D,luminal,50,-0.24109446022777337,50,0.04,2,49
MOFA+,basal,50,-0.610650630824567,50,0.0,2,49
MOFA+,her2,50,-0.5332640189385943,50,0.02,4,49
MOFA+,luminal,50,-0.29385113934692325,50,0.02,1,49
R,basal,50,-0.627577190223085,50,0.0,2,50
R,her2,50,-0.4315948729131572,50,0.02,7,50
R,luminal,50,-0.12812634608113732,50,0.06,1,50
R+P,basal,50,-0.35682546993441927,50,0.0,3,50
R+P,her2,50,-0.37623188532035934,50,0.02,2,50
R+P,luminal,50,-0.09663070551562028,50,0.04,2,50
R+D,basal,50,-0.64408330303053,50,0.0,3,50
R+D,her2,50,-0.49028726827634245,50,0.02,8,50
R+D,luminal,50,-0.269411711313496,50,0.04,1,50
R+P+D,basal,50,-0.5447487209999728,50,0.0,2,50
R+P+D,her2,50,-0.5255243685781511,50,0.02,6,50
R+P+D,luminal,50,-0.25342415976397814,50,0.04,1,50
MOFA+,basal,50,-0.39352323700693803,50,0.0,3,50
MOFA+,her2,50,-0.6343478168869887,50,0.0,3,50
MOFA+,luminal,50,-0.3530572591528261,50,0.02,3,50
R,basal,50,-0.456985448726289,50,0.0,1,51
R,her2,50,-0.3122775994211234,50,0.02,4,51
R,luminal,50,-0.20002149143289766,50,0.04,1,51
R+P,basal,50,-0.4560222870417943,50,0.0,2,51
R+P,her2,50,-0.2867134017390764,50,0.02,2,51
R+P,luminal,50,-0.11657710092565124,50,0.04,1,51
R+D,basal,50,-0.6626374686767192,50,0.0,3,51
R+D,her2,50,-0.4008846965571381,50,0.04,8,51
R+D,luminal,50,-0.2834822288615022,50,0.04,2,51
R+P+D,basal,50,-0.5088866522377722,50,0.0,1,51
R+P+D,her2,50,-0.3331949630298841,50,0.02,5,51
R+P+D,luminal,50,-0.27935031413794487,50,0.06,2,51
MOFA+,basal,50,-0.5394802993342741,50,0.0,1,51
MOFA+,her2,50,-0.08316708009409636,50,0.02,4,51
MOFA+,luminal,50,-0.16847580437947798,50,0.02,2,51
R,basal,50,-0.599220093483122,50,0.0,1,52
R,her2,50,-0.4213106452070942,50,0.04,4,52
R,luminal,50,-0.11106862289039064,50,0.04,2,52
R+P,basal,50,-0.28520797800198855,50,0.0,1,52
R+P,her2,50,-0.24992706982886712,50,0.02,5,52
R+P,luminal,50,-0.12028130271184106,50,0.04,1,52
R+D,basal,50,-0.7216369377455638,50,0.0,0,52
R+D,her2,50,-0.6753818890076931,50,0.02,7,52
R+D,luminal,50,-0.33334209581966845,50,0.04,2,52
R+P+D,basal,50,-0.4945238190720725,50,0.0,2,52
R+P+D,her2,50,-0.4145778885136182,50,0.02,5,52
R+P+D,luminal,50,-0.1862409313837327,50,0.04,1,52
MOFA+,basal,50,-0.5160148927463686,50,0.0,2,52
MOFA+,her2,50,-0.2975877153694235,50,0.0,4,52
MOFA+,luminal,50,-0.25349519703693235,50,0.02,2,52
R,basal,50,-0.5234891051034734,50,0.0,0,53
R,her2,50,-0.3969448813073842,50,0.02,9,53
R,luminal,50,-0.15118039377453318,50,0.06,2,53
R+P,basal,50,-0.21557974326340495,50,0.0,2,53
R+P,her2,50,-0.3311550081298893,50,0.02,6,53
R+P,luminal,50,-0.10118676936290066,50,0.04,2,53
R+D,basal,50,-0.577495067865959,50,0.0,1,53
R+D,her2,50,-0.4981529577769353,50,0.02,8,53
R+D,luminal,50,-0.229702947275778,50,0.02,1,53
R+P+D,basal,50,-0.37392562091122955,50,0.0,1,53
R+P+D,her2,50,-0.47534901916162164,50,0.02,7,53
R+P+D,luminal,50,-0.23679913233042835,50,0.04,2,53
MOFA+,basal,50,-0.47227490932427196,50,0.0,3,53
MOFA+,her2,50,-0.2867682378479617,50,0.02,4,53
MOFA+,luminal,50,-0.28951083191210114,50,0.02,2,53
R,basal,50,-0.6730051340041903,50,0.0,1,54
R,her2,50,-0.3305231057776164,50,0.02,4,54
R,luminal,50,-0.136447906374105,50,0.02,1,54
R+P,basal,50,-0.5517610033720057,50,0.0,1,54
R+P,her2,50,-0.2727980392456207,50,0.02,2,54
R+P,luminal,50,-0.1385585871298768,50,0.04,2,54
R+D,basal,50,-0.6747577113681804,50,0.0,1,54
R+D,her2,50,-0.5179432761871052,50,0.02,5,54
R+D,luminal,50,-0.4040731761438215,50,0.02,3,54
R+P+D,basal,50,-0.6506498820009944,50,0.0,1,54
R+P+D,her2,50,-0.3956419404151888,50,0.02,4,54
R+P+D,luminal,50,-0.36642021651243245,50,0.02,1,54
MOFA+,basal,50,-0.6118807557926578,50,0.0,3,54
MOFA+,her2,50,-0.3216530850861521,50,0.0,2,54
MOFA+,luminal,50,-0.28195776355146684,50,0.0,1,54
R,basal,50,-0.5700813710082059,50,0.0,0,55
R,her2,50,-0.2499971251069018,50,0.02,7,55
R,luminal,50,-0.14801655546413026,50,0.04,2,55
R+P,basal,50,-0.33547925415869534,50,0.0,0,55
R+P,her2,50,-0.19372575242908133,50,0.02,3,55
R+P,luminal,50,-0.13770518442318877,50,0.04,3,55
R+D,basal,50,-0.6048055459559368,50,0.0,0,55
R+D,her2,50,-0.411322714710943,50,0.02,6,55
R+D,luminal,50,-0.3422578515398651,50,0.04,0,55
R+P+D,basal,50,-0.3855152007142129,50,0.0,1,55
R+P+D,her2,50,-0.3187396156323387,50,0.02,4,55
R+P+D,luminal,50,-0.3239205424340592,50,0.04,0,55
MOFA+,basal,50,-0.5250519972841626,50,0.0,3,55
MOFA+,her2,50,-0.3232459740520903,50,0.02,4,55
MOFA+,luminal,50,-0.31063239171082246,50,0.02,3,55
R,basal,50,-0.45282335739474505,50,0.0,0,56
R,her2,50,-0.24416814951391205,50,0.02,7,56
R,luminal,50,-0.15818923452537345,50,0.04,2,56
R+P,basal,50,-0.38835189283509797,50,0.0,1,56
R+P,her2,50,-0.25067990749517605,50,0.02,2,56
R+P,luminal,50,-0.12116372137285221,50,0.04,0,56
R+D,basal,50,-0.6958658572474268,50,0.0,2,56
R+D,her2,50,-0.5158329208405301,50,0.02,9,56
R+D,luminal,50,-0.31495383382050357,50,0.04,1,56
R+P+D,basal,50,-0.5756525909464354,50,0.0,1,56
R+P+D,her2,50,-0.277396966197535,50,0.02,5,56
R+P+D,luminal,50,-0.3504344381171134,50,0.06,1,56
MOFA+,basal,50,-0.5292036605310813,50,0.0,2,56
MOFA+,her2,50,-0.3035451541543012,50,0.02,4,56
MOFA+,luminal,50,-0.19584789376797826,50,0.02,2,56
R,basal,50,-0.7087018952228891,50,0.0,2,57
R,her2,50,-0.30795944585406565,50,0.02,5,57
R,luminal,50,-0.1352338337708852,50,0.04,4,57
R+P,basal,50,-0.5291316629946848,50,0.0,0,57
R+P,her2,50,-0.16171326709948913,50,0.02,1,57
R+P,luminal,50,-0.09981326852061093,50,0.04,2,57
R+D,basal,50,-0.7174666615133778,50,0.0,2,57
R+D,her2,50,-0.5088659069827671,50,0.02,3,57
R+D,luminal,50,-0.3897438763566921,50,0.02,1,57
R+P+D,basal,50,-0.5905672303379497,50,0.0,2,57
R+P+D,her2,50,-0.4222202110640206,50,0.02,4,57
R+P+D,luminal,50,-0.2829810663891138,50,0.02,2,57
MOFA+,basal,50,-0.4865376781439305,50,0.0,3,57
MOFA+,her2,50,-0.13429299365481978,50,0.0,0,57
MOFA+,luminal,50,-0.34651411030271917,50,0.02,2,57
R,basal,50,-0.5589133873859654,50,0.0,2,58
R,her2,50,-0.309955493083802,50,0.02,8,58
R,luminal,50,-0.14320792616932956,50,0.04,2,58
R+P,basal,50,-0.44090528147599334,50,0.0,1,58
R+P,her2,50,-0.2598357388267681,50,0.02,1,58
R+P,luminal,50,-0.13060262161278358,50,0.04,3,58
R+D,basal,50,-0.5597835667629814,50,0.0,2,58
R+D,her2,50,-0.3317904160763891,50,0.02,6,58
R+D,luminal,50,-0.41299692822359757,50,0.02,2,58
R+P+D,basal,50,-0.5918378698132131,50,0.0,3,58
R+P+D,her2,50,-0.3334790047062346,50,0.02,3,58
R+P+D,luminal,50,-0.2494776469467795,50,0.02,2,58
MOFA+,basal,50,-0.3563464201201343,50,0.0,3,58
MOFA+,her2,50,-0.14730919843913826,50,0.02,3,58
MOFA+,luminal,50,-0.2974584495633696,50,0.02,3,58
R,basal,50,-0.6109647462354554,50,0.0,1,59
R,her2,50,-0.305014332776347,50,0.02,7,59
R,luminal,50,-0.12915985350585502,50,0.04,1,59
R+P,basal,50,-0.35612630282020047,50,0.0,2,59
R+P,her2,50,-0.24708104197127959,50,0.02,2,59
R+P,luminal,50,-0.15615939492614475,50,0.06,1,59
R+D,basal,50,-0.5615272536584854,50,0.0,1,59
R+D,her2,50,-0.5496795292897219,50,0.02,8,59
R+D,luminal,50,-0.26333596202686166,50,0.02,1,59
R+P+D,basal,50,-0.516492467238048,50,0.0,1,59
R+P+D,her2,50,-0.3758056189865587,50,0.02,5,59
R+P+D,luminal,50,-0.20490625965802992,50,0.04,2,59
MOFA+,basal,50,-0.5653368566985861,50,0.0,2,59
MOFA+,her2,50,-0.5330558598633871,50,0.02,5,59
MOFA+,luminal,50,-0.21128247524737154,50,0.02,1,59
R,basal,50,-0.581583065666018,50,0.0,2,60
R,her2,50,-0.32892757019814295,50,0.02,9,60
R,luminal,50,-0.16136999032174024,50,0.04,2,60
R+P,basal,50,-0.4675491659116344,50,0.0,2,60
R+P,her2,50,-0.3082838084390075,50,0.02,5,60
R+P,luminal,50,-0.14693839871524308,50,0.06,3,60
R+D,basal,50,-0.6132200866599242,50,0.0,1,60
R+D,her2,50,-0.3286273793080974,50,0.02,5,60
R+D,luminal,50,-0.369244021201068,50,0.04,2,60
R+P+D,basal,50,-0.4784375843516739,50,0.0,1,60
R+P+D,her2,50,-0.3350894933348585,50,0.02,4,60
R+P+D,luminal,50,-0.279566122891357,50,0.04,2,60
MOFA+,basal,50,-0.5051013997361388,50,0.0,4,60
MOFA+,her2,50,-0.4644062050187358,50,0.02,7,60
MOFA+,luminal,50,-0.31918449919366826,50,0.02,2,60
R,basal,50,-0.6359145444611357,50,0.0,3,61
R,her2,50,-0.34417317924280005,50,0.02,5,61
R,luminal,50,-0.11758814195513896,50,0.04,2,61
R+P,basal,50,-0.6075088661911133,50,0.0,2,61
R+P,her2,50,-0.3697864818234503,50,0.02,2,61
R+P,luminal,50,-0.11474728930148434,50,0.04,1,61
R+D,basal,50,-0.6540911142690834,50,0.0,1,61
R+D,her2,50,-0.4539528005102168,50,0.02,3,61
R+D,luminal,50,-0.2517276201907693,50,0.02,2,61
R+P+D,basal,50,-0.5945249694114962,50,0.0,1,61
R+P+D,her2,50,-0.4275512542333823,50,0.04,2,61
R+P+D,luminal,50,-0.10896834189203403,50,0.02,2,61
MOFA+,basal,50,-0.6378113397693634,50,0.0,3,61
MOFA+,her2,50,-0.4727012924355506,50,0.02,3,61
MOFA+,luminal,50,-0.25315533877301266,50,0.02,3,61
R,basal,50,-0.4690076250906148,50,0.0,0,62
R,her2,50,-0.3489194943324721,50,0.02,6,62
R,luminal,50,-0.15753150834223056,50,0.06,2,62
R+P,basal,50,-0.3580184471081791,50,0.0,1,62
R+P,her2,50,-0.48590963788279956,50,0.02,4,62
R+P,luminal,50,-0.17208060898864855,50,0.08,4,62
R+D,basal,50,-0.6545219177585337,50,0.0,2,62
R+D,her2,50,-0.5696079430687583,50,0.02,5,62
R+D,luminal,50,-0.2313149251988988,50,0.04,2,62
R+P+D,basal,50,-0.5124202566184614,50,0.0,2,62
R+P+D,her2,50,-0.5325873431694194,50,0.02,6,62
R+P+D,luminal,50,-0.2316012778522413,50,0.04,1,62
MOFA+,basal,50,-0.31645770217542496,50,0.0,2,62
MOFA+,her2,50,-0.5905220100336792,50,0.0,4,62
MOFA+,luminal,50,-0.2857955074700536,50,0.02,1,62
R,basal,50,-0.5429325983406271,50,0.0,3,63
R,her2,50,-0.39140634462601653,50,0.04,8,63
R,luminal,50,-0.13610153211615061,50,0.04,1,63
R+P,basal,50,-0.5165655021569052,50,0.0,1,63
R+P,her2,50,-0.22595141405553587,50,0.02,5,63
R+P,luminal,50,-0.13737488256144315,50,0.04,1,63
R+D,basal,50,-0.6795056842372529,50,0.0,4,63
R+D,her2,50,-0.521358892296718,50,0.02,8,63
R+D,luminal,50,-0.32782518728348786,50,0.04,1,63
R+P+D,basal,50,-0.6856715956629108,50,0.0,4,63
R+P+D,her2,50,-0.353833088328274,50,0.02,4,63
R+P+D,luminal,50,-0.221672442020918,50,0.04,2,63
MOFA+,basal,50,-0.6509348061113188,50,0.0,2,63
MOFA+,her2,50,-0.41969337459604206,50,0.0,3,63
MOFA+,luminal,50,-0.2844404131192012,50,0.02,1,63
R,basal,50,-0.6257543634460946,50,0.0,0,64
R,her2,50,-0.42450146482943973,50,0.02,4,64
R,luminal,50,-0.183390169170167,50,0.04,2,64
R+P,basal,50,-0.48160988594317183,50,0.0,1,64
R+P,her2,50,-0.3860955483058444,50,0.02,2,64
R+P,luminal,50,-0.13129758181629947,50,0.04,2,64
R+D,basal,50,-0.6971303472378563,50,0.0,2,64
R+D,her2,50,-0.44978551564642577,50,0.02,3,64
R+D,luminal,50,-0.3487211361007384,50,0.04,2,64
R+P+D,basal,50,-0.6534260652757179,50,0.0,1,64
R+P+D,her2,50,-0.3583209483055505,50,0.02,2,64
R+P+D,luminal,50,-0.27658840953648595,50,0.04,2,64
MOFA+,basal,50,-0.4400171967270103,50,0.0,3,64
MOFA+,her2,50,-0.422870686043808,50,0.02,4,64
MOFA+,luminal,50,-0.31241485957610743,50,0.02,1,64
R,basal,50,-0.5613902056728389,50,0.0,0,65
R,her2,50,-0.2894710542657699,50,0.04,7,65
R,luminal,50,-0.12591869680036577,50,0.04,2,65
R+P,basal,50,-0.5163484414570847,50,0.0,1,65
R+P,her2,50,-0.16935603420633036,50,0.02,4,65
R+P,luminal,50,-0.11653285751246413,50,0.04,1,65
R+D,basal,50,-0.6536481025122947,50,0.0,0,65
R+D,her2,50,-0.36231124930689135,50,0.04,6,65
R+D,luminal,50,-0.30361955550962216,50,0.02,1,65
R+P+D,basal,50,-0.6653334262798952,50,0.0,3,65
R+P+D,her2,50,-0.2349232392928263,50,0.02,4,65
R+P+D,luminal,50,-0.27213839929491773,50,0.02,2,65
MOFA+,basal,50,-0.49524168005534613,50,0.0,4,65
MOFA+,her2,50,-0.14022400278537744,50,0.02,2,65
MOFA+,luminal,50,-0.3197837921493802,50,0.0,2,65
R,basal,50,-0.5216098760028252,50,0.0,1,66
R,her2,50,-0.36001243610222944,50,0.02,6,66
R,luminal,50,-0.11054471866934656,50,0.04,1,66
R+P,basal,50,-0.45643708836798313,50,0.0,1,66
R+P,her2,50,-0.17884005421218072,50,0.02,3,66
R+P,luminal,50,-0.16288876437318417,50,0.04,0,66
R+D,basal,50,-0.6098350327733106,50,0.0,0,66
R+D,her2,50,-0.4558389452196026,50,0.02,4,66
R+D,luminal,50,-0.3387798159424832,50,0.04,1,66
R+P+D,basal,50,-0.49117058392130014,50,0.0,0,66
R+P+D,her2,50,-0.32790787218571915,50,0.02,4,66
R+P+D,luminal,50,-0.2692575832909779,50,0.04,2,66
MOFA+,basal,50,-0.7273403646947542,50,0.0,0,66
MOFA+,her2,50,-0.3761660576659952,50,0.0,2,66
MOFA+,luminal,50,-0.20327750283678633,50,0.02,3,66
R,basal,50,-0.5097435565826283,50,0.0,1,67
R,her2,50,-0.3601556716472221,50,0.04,8,67
R,luminal,50,-0.17837052452726326,50,0.04,1,67
R+P,basal,50,-0.3760569793217623,50,0.0,2,67
R+P,her2,50,-0.43477150780600615,50,0.02,4,67
R+P,luminal,50,-0.13438395547313273,50,0.04,0,67
R+D,basal,50,-0.6301682308863255,50,0.0,1,67
R+D,her2,50,-0.500383312560779,50,0.02,5,67
R+D,luminal,50,-0.32414003693694854,50,0.04,1,67
R+P+D,basal,50,-0.5086216191134046,50,0.0,0,67
R+P+D,her2,50,-0.46079451559351076,50,0.02,3,67
R+P+D,luminal,50,-0.2129849635782862,50,0.04,0,67
MOFA+,basal,50,-0.5799636825638352,50,0.0,3,67
MOFA+,her2,50,-0.36022248207784563,50,0.0,1,67
MOFA+,luminal,50,-0.2131251520713375,50,0.02,1,67
R,basal,50,-0.6368054044299067,50,0.0,0,68
R,her2,50,-0.3273397356716758,50,0.02,6,68
R,luminal,50,-0.12266779970799249,50,0.04,2,68
R+P,basal,50,-0.48360821356531203,50,0.0,1,68
R+P,her2,50,-0.3053206988172107,50,0.02,4,68
R+P,luminal,50,-0.1336142546113602,50,0.04,2,68
R+D,basal,50,-0.6991105324780947,50,0.0,3,68
R+D,her2,50,-0.35506761657852715,50,0.04,6,68
R+D,luminal,50,-0.22880611234080248,50,0.02,0,68
R+P+D,basal,50,-0.5543012958450583,50,0.0,2,68
R+P+D,her2,50,-0.35451053810663324,50,0.02,4,68
R+P+D,luminal,50,-0.2294271285714583,50,0.02,0,68
MOFA+,basal,50,-0.6747615874363541,50,0.0,1,68
MOFA+,her2,50,-0.33056379517818063,50,0.02,5,68
MOFA+,luminal,50,-0.302935829998329,50,0.02,3,68
R,basal,50,-0.4059611684641118,50,0.0,0,69
R,her2,50,-0.36394634609104837,50,0.02,7,69
R,luminal,50,-0.13421042341342226,50,0.04,1,69
R+P,basal,50,-0.4111676613982946,50,0.0,1,69
R+P,her2,50,-0.19794983697210025,50,0.02,3,69
R+P,luminal,50,-0.13708032375572043,50,0.04,3,69
R+D,basal,50,-0.6637450547367497,50,0.0,2,69
R+D,her2,50,-0.48803580537487384,50,0.02,7,69
R+D,luminal,50,-0.3453832216970204,50,0.04,1,69
R+P+D,basal,50,-0.47658495999719613,50,0.0,1,69
R+P+D,her2,50,-0.3464862550863412,50,0.02,4,69
R+P+D,luminal,50,-0.26115669986843615,50,0.04,1,69
MOFA+,basal,50,-0.6234107973393472,50,0.0,6,69
MOFA+,her2,50,-0.3750546474445059,50,0.0,3,69
MOFA+,luminal,50,-0.30951472979917843,50,0.02,2,69
R,basal,50,-0.5685448289840573,50,0.0,1,70
R,her2,50,-0.22053152267740334,50,0.02,3,70
R,luminal,50,-0.15572332557737156,50,0.06,2,70
R+P,basal,50,-0.44679193785877197,50,0.0,2,70
R+P,her2,50,-0.20873520882946056,50,0.02,3,70
R+P,luminal,50,-0.10578037450868588,50,0.04,2,70
R+D,basal,50,-0.6570505155564773,50,0.0,1,70
R+D,her2,50,-0.3413959646277591,50,0.02,4,70
R+D,luminal,50,-0.23433586834845976,50,0.02,0,70
R+P+D,basal,50,-0.6660545360549236,50,0.0,2,70
R+P+D,her2,50,-0.30295613047125114,50,0.02,4,70
R+P+D,luminal,50,-0.2263542364367207,50,0.02,3,70
MOFA+,basal,50,-0.5232555765592035,50,0.0,2,70
MOFA+,her2,50,-0.47851697295471063,50,0.0,2,70
MOFA+,luminal,50,-0.1736418722302723,50,0.04,2,70
R,basal,50,-0.8393686196642486,50,0.0,4,71
R,her2,50,-0.375480875145753,50,0.04,3,71
R,luminal,50,-0.17747425559085844,50,0.04,3,71
R+P,basal,50,-0.5067196906274036,50,0.0,3,71
R+P,her2,50,-0.34448800261387624,50,0.04,2,71
R+P,luminal,50,-0.18314902160659075,50,0.04,2,71
R+D,basal,50,-0.6094441829751569,50,0.0,1,71
R+D,her2,50,-0.4789441350349455,50,0.02,6,71
R+D,luminal,50,-0.34576065957065844,50,0.04,1,71
R+P+D,basal,50,-0.6088519941206743,50,0.0,1,71
R+P+D,her2,50,-0.48590194485064586,50,0.04,5,71
R+P+D,luminal,50,-0.2579445206186905,50,0.06,2,71
MOFA+,basal,50,-0.455873248900431,50,0.0,4,71
MOFA+,her2,50,-0.40998995116388004,50,0.02,6,71
MOFA+,luminal,50,-0.40003172800328257,50,0.02,2,71
R,basal,50,-0.5350348706220455,50,0.0,3,72
R,her2,50,-0.25746329922529543,50,0.04,5,72
R,luminal,50,-0.19160691918703074,50,0.06,4,72
R+P,basal,50,-0.5785252605464929,50,0.0,2,72
R+P,her2,50,-0.09642688776104404,50,0.02,3,72
R+P,luminal,50,-0.15498742495919882,50,0.06,3,72
R+D,basal,50,-0.6342568147625182,50,0.0,2,72
R+D,her2,50,-0.42085184012675275,50,0.02,9,72
R+D,luminal,50,-0.365035441528957,50,0.02,2,72
R+P+D,basal,50,-0.48503484381388523,50,0.0,3,72
R+P+D,her2,50,-0.3280834594068167,50,0.02,5,72
R+P+D,luminal,50,-0.23843056946224092,50,0.02,4,72
MOFA+,basal,50,-0.3834022667881669,50,0.0,2,72
MOFA+,her2,50,-0.5047259295259268,50,0.02,4,72
MOFA+,luminal,50,-0.2837283697704373,50,0.02,2,72
R,basal,50,-0.6060398252357926,50,0.0,2,73
R,her2,50,-0.3531004460493366,50,0.04,8,73
R,luminal,50,-0.16770491869173185,50,0.04,4,73
R+P,basal,50,-0.39177111717946955,50,0.0,1,73
R+P,her2,50,-0.19503145838314237,50,0.02,3,73
R+P,luminal,50,-0.11111449131388715,50,0.04,2,73
R+D,basal,50,-0.6155081165075629,50,0.0,0,73
R+D,her2,50,-0.46031215447453505,50,0.04,6,73
R+D,luminal,50,-0.2606402471709945,50,0.04,2,73
R+P+D,basal,50,-0.5393930542309714,50,0.0,1,73
R+P+D,her2,50,-0.3441278657708834,50,0.02,3,73
R+P+D,luminal,50,-0.26688963732305626,50,0.04,3,73
MOFA+,basal,50,-0.6306258243955267,50,0.0,2,73
MOFA+,her2,50,-0.4695697410111841,50,0.0,4,73
MOFA+,luminal,50,-0.19308162690029868,50,0.02,3,73
R,basal,50,-0.3821784249874318,50,0.0,0,74
R,her2,50,-0.41916390798846515,50,0.02,5,74
R,luminal,50,-0.11121249641811676,50,0.04,1,74
R+P,basal,50,-0.33413615352068704,50,0.0,2,74
R+P,her2,50,-0.3112087128334448,50,0.02,4,74
R+P,luminal,50,-0.13262788234943057,50,0.06,2,74
R+D,basal,50,-0.6662650242828441,50,0.0,2,74
R+D,her2,50,-0.5993233840294795,50,0.02,4,74
R+D,luminal,50,-0.25670199765412727,50,0.04,1,74
R+P+D,basal,50,-0.5149918072274126,50,0.0,1,74
R+P+D,her2,50,-0.4596429232993031,50,0.02,4,74
R+P+D,luminal,50,-0.2564523092483764,50,0.06,2,74
MOFA+,basal,50,-0.47250444809980424,50,0.0,3,74
MOFA+,her2,50,-0.6866019260318204,50,0.0,3,74
MOFA+,luminal,50,-0.26091829338863903,50,0.04,2,74
R,basal,50,-0.5027898708397237,50,0.0,0,75
R,her2,50,-0.6426677015613822,50,0.02,10,75
R,luminal,50,-0.17724549332583062,50,0.06,2,75
R+P,basal,50,-0.27513477396091357,50,0.0,0,75
R+P,her2,50,-0.4231692580354533,50,0.0,3,75
R+P,luminal,50,-0.13570406396837292,50,0.06,2,75
R+D,basal,50,-0.6611979038194824,50,0.0,2,75
R+D,her2,50,-0.6245091096397885,50,0.04,10,75
R+D,luminal,50,-0.20641856425569763,50,0.04,0,75
R+P+D,basal,50,-0.4538240136295819,50,0.0,0,75
R+P+D,her2,50,-0.6178985396922081,50,0.02,5,75
R+P+D,luminal,50,-0.1446732699696807,50,0.04,2,75
MOFA+,basal,50,-0.3008669381947632,50,0.0,0,75
MOFA+,her2,50,-0.400768746172373,50,0.02,2,75
MOFA+,luminal,50,-0.23589766013543545,50,0.0,2,75
R,basal,50,-0.6587750670479129,50,0.0,2,76
R,her2,50,-0.32538496832164426,50,0.04,7,76
R,luminal,50,-0.10873024189516178,50,0.04,1,76
R+P,basal,50,-0.4594741921453259,50,0.0,2,76
R+P,her2,50,-0.1817815394626542,50,0.02,3,76
R+P,luminal,50,-0.11786534660746273,50,0.04,1,76
R+D,basal,50,-0.682155790906435,50,0.0,1,76
R+D,her2,50,-0.5179676061399823,50,0.04,7,76
R+D,luminal,50,-0.24854914259020422,50,0.02,1,76
R+P+D,basal,50,-0.6438229935417844,50,0.0,1,76
R+P+D,her2,50,-0.3016227086075658,50,0.02,4,76
R+P+D,luminal,50,-0.240526496479935,50,0.02,2,76
MOFA+,basal,50,-0.6056418621125941,50,0.0,2,76
MOFA+,her2,50,-0.31596039822639893,50,0.02,4,76
MOFA+,luminal,50,-0.1696183693191998,50,0.02,3,76
R,basal,50,-0.550639299482819,50,0.0,0,77
R,her2,50,-0.40453939807365524,50,0.02,8,77
R,luminal,50,-0.15827600431968364,50,0.04,1,77
R+P,basal,50,-0.41228088006213454,50,0.0,3,77
R+P,her2,50,-0.4028315154184653,50,0.02,5,77
R+P,luminal,50,-0.11153026778774036,50,0.04,1,77
R+D,basal,50,-0.6567550502270622,50,0.0,3,77
R+D,her2,50,-0.6142820314819188,50,0.02,8,77
R+D,luminal,50,-0.3131576604357007,50,0.02,2,77
R+P+D,basal,50,-0.6458750903788899,50,0.0,3,77
R+P+D,her2,50,-0.46327634588530453,50,0.02,5,77
R+P+D,luminal,50,-0.2562459912492255,50,0.02,2,77
MOFA+,basal,50,-0.5106388239277422,50,0.0,2,77
MOFA+,her2,50,-0.4675565879372454,50,0.0,5,77
MOFA+,luminal,50,-0.310712173074624,50,0.02,2,77
R,basal,50,-0.5772276532707528,50,0.0,3,78
R,her2,50,-0.25735235714903115,50,0.02,4,78
R,luminal,50,-0.154063120144036,50,0.06,3,78
R+P,basal,50,-0.5144434400609227,50,0.0,2,78
R+P,her2,50,-0.236187225371148,50,0.02,2,78
R+P,luminal,50,-0.15708891739224795,50,0.06,2,78
R+D,basal,50,-0.6351512518913588,50,0.0,3,78
R+D,her2,50,-0.4084672987999629,50,0.02,2,78
R+D,luminal,50,-0.18179841977249075,50,0.02,0,78
R+P+D,basal,50,-0.5343102153973969,50,0.0,2,78
R+P+D,her2,50,-0.3189266600358333,50,0.02,3,78
R+P+D,luminal,50,-0.15114021642704506,50,0.02,0,78
MOFA+,basal,50,-0.49563120226490914,50,0.0,2,78
MOFA+,her2,50,-0.4674083716765755,50,0.02,4,78
MOFA+,luminal,50,-0.22318412361082654,50,0.02,2,78
R,basal,50,-0.5109392055529867,50,0.0,2,79
R,her2,50,-0.3803192737768149,50,0.02,10,79
R,luminal,50,-0.15571178470602706,50,0.06,2,79
R+P,basal,50,-0.3262678360338892,50,0.0,3,79
R+P,her2,50,-0.35163956510301936,50,0.02,5,79
R+P,luminal,50,-0.1966316021716904,50,0.06,2,79
R+D,basal,50,-0.6629777769204657,50,0.0,2,79
R+D,her2,50,-0.4021916537428247,50,0.02,6,79
R+D,luminal,50,-0.4246701659130006,50,0.06,2,79
R+P+D,basal,50,-0.4448088814044383,50,0.0,2,79
R+P+D,her2,50,-0.3747130004021424,50,0.02,5,79
R+P+D,luminal,50,-0.3352006075291147,50,0.06,3,79
MOFA+,basal,50,-0.43869017277235556,50,0.0,4,79
MOFA+,her2,50,-0.5081395977942378,50,0.02,9,79
MOFA+,luminal,50,-0.3523840884213279,50,0.02,2,79
R,basal,50,-0.4426131416210778,50,0.0,0,80
R,her2,50,-0.5356183638502455,50,0.02,6,80
R,luminal,50,-0.19898566034682166,50,0.04,2,80
R+P,basal,50,-0.2511295035298161,50,0.0,2,80
R+P,her2,50,-0.23832538298979988,50,0.02,3,80
R+P,luminal,50,-0.14262698521255326,50,0.04,2,80
R+D,basal,50,-0.594306143326675,50,0.0,0,80
R+D,her2,50,-0.4572800838741001,50,0.02,7,80
R+D,luminal,50,-0.3620182112193181,50,0.02,2,80
R+P+D,basal,50,-0.3689683544454918,50,0.0,1,80
R+P+D,her2,50,-0.37856802905503123,50,0.02,4,80
R+P+D,luminal,50,-0.31481184829387293,50,0.02,2,80
MOFA+,basal,50,-0.4536624361719537,50,0.0,3,80
MOFA+,her2,50,-0.5060106276504883,50,0.04,6,80
MOFA+,luminal,50,-0.3356209695455579,50,0.02,3,80
R,basal,50,-0.4545449427531296,50,0.0,2,81
R,her2,50,-0.2560957645815607,50,0.02,5,81
R,luminal,50,-0.12558733321801943,50,0.04,3,81
R+P,basal,50,-0.31259792583735463,50,0.0,2,81
R+P,her2,50,-0.21322922922761886,50,0.02,3,81
R+P,luminal,50,-0.15102941087069413,50,0.06,3,81
R+D,basal,50,-0.6604867512923184,50,0.0,2,81
R+D,her2,50,-0.37183806521110496,50,0.02,7,81
R+D,luminal,50,-0.34068862278228934,50,0.04,0,81
R+P+D,basal,50,-0.6786010418891251,50,0.0,0,81
R+P+D,her2,50,-0.35000440616112877,50,0.02,6,81
R+P+D,luminal,50,-0.2703586736470361,50,0.04,0,81
MOFA+,basal,50,-0.5396744984648418,50,0.0,2,81
MOFA+,her2,50,-0.15631702307182194,50,0.0,4,81
MOFA+,luminal,50,-0.24793639367529838,50,0.02,2,81
R,basal,50,-0.5017339559164662,50,0.0,1,82
R,her2,50,-0.44038170693721,50,0.02,8,82
R,luminal,50,-0.13831130410542256,50,0.04,1,82
R+P,basal,50,-0.4730851305018845,50,0.0,1,82
R+P,her2,50,-0.3007290152552475,50,0.02,3,82
R+P,luminal,50,-0.1560679130112052,50,0.06,2,82
R+D,basal,50,-0.6168603226129189,50,0.0,1,82
R+D,her2,50,-0.4662532860574695,50,0.02,8,82
R+D,luminal,50,-0.33237688503192364,50,0.04,2,82
R+P+D,basal,50,-0.5768314843365951,50,0.0,2,82
R+P+D,her2,50,-0.3986510321625412,50,0.02,4,82
R+P+D,luminal,50,-0.2382692669934351,50,0.04,1,82
MOFA+,basal,50,-0.5125280969411978,50,0.0,2,82
MOFA+,her2,50,-0.3162416087735115,50,0.04,3,82
MOFA+,luminal,50,-0.30155495626730117,50,0.0,2,82
R,basal,50,-0.7172799187010291,50,0.0,3,83
R,her2,50,-0.24046637748133304,50,0.04,6,83
R,luminal,50,-0.12996650595190323,50,0.04,3,83
R+P,basal,50,-0.6448033679005224,50,0.0,4,83
R+P,her2,50,-0.22470043838409456,50,0.04,4,83
R+P,luminal,50,-0.10664477103441142,50,0.04,2,83
R+D,basal,50,-0.6410139091873956,50,0.0,0,83
R+D,her2,50,-0.3578564577553609,50,0.02,8,83
R+D,luminal,50,-0.23127090212259188,50,0.04,0,83
R+P+D,basal,50,-0.6210095135720952,50,0.0,2,83
R+P+D,her2,50,-0.24315944584353125,50,0.02,6,83
R+P+D,luminal,50,-0.2227095025154897,50,0.04,1,83
MOFA+,basal,50,-0.622336446428446,50,0.0,3,83
MOFA+,her2,50,-0.26179033646389455,50,0.02,3,83
MOFA+,luminal,50,-0.1662455313435213,50,0.02,2,83
R,basal,50,-0.5640848405206872,50,0.0,2,84
R,her2,50,-0.29839094658052945,50,0.02,4,84
R,luminal,50,-0.1911091427512716,50,0.04,4,84
R+P,basal,50,-0.4965221934724296,50,0.0,1,84
R+P,her2,50,-0.20772109857271093,50,0.02,3,84
R+P,luminal,50,-0.14040852002236678,50,0.04,2,84
R+D,basal,50,-0.5738861360679706,50,0.0,1,84
R+D,her2,50,-0.43226495107654733,50,0.02,4,84
R+D,luminal,50,-0.34504766919831265,50,0.04,2,84
R+P+D,basal,50,-0.43867901677082266,50,0.0,1,84
R+P+D,her2,50,-0.3544977305771239,50,0.02,2,84
R+P+D,luminal,50,-0.26039877353878504,50,0.04,4,84
MOFA+,basal,50,-0.5712080695183598,50,0.0,3,84
MOFA+,her2,50,-0.22316870783521817,50,0.0,1,84
MOFA+,luminal,50,-0.22918905807901968,50,0.02,2,84
R,basal,50,-0.6725261641116496,50,0.0,1,85
R,her2,50,-0.27624794655038565,50,0.02,4,85
R,luminal,50,-0.10873586581095492,50,0.04,1,85
R+P,basal,50,-0.38117241543660735,50,0.0,4,85
R+P,her2,50,-0.2826556145713192,50,0.02,1,85
R+P,luminal,50,-0.12639182394715306,50,0.04,1,85
R+D,basal,50,-0.7219900427595141,50,0.0,2,85
R+D,her2,50,-0.4498390025365861,50,0.02,7,85
R+D,luminal,50,-0.4030893450440707,50,0.04,2,85
R+P+D,basal,50,-0.4901155570480529,50,0.0,1,85
R+P+D,her2,50,-0.3612941959293216,50,0.02,5,85
R+P+D,luminal,50,-0.3230851674680237,50,0.04,1,85
MOFA+,basal,50,-0.515598775633663,50,0.0,2,85
MOFA+,her2,50,-0.42843185554416285,50,0.02,1,85
MOFA+,luminal,50,-0.3504935647829503,50,0.02,2,85
R,basal,50,-0.6480710478698137,50,0.0,1,86
R,her2,50,-0.42090348744816863,50,0.04,9,86
R,luminal,50,-0.14069334911290945,50,0.04,2,86
R+P,basal,50,-0.2638724641141752,50,0.0,1,86
R+P,her2,50,-0.3388547861067384,50,0.02,5,86
R+P,luminal,50,-0.12113789094739864,50,0.04,0,86
R+D,basal,50,-0.7201235085353781,50,0.0,1,86
R+D,her2,50,-0.39570619137012925,50,0.04,5,86
R+D,luminal,50,-0.2957192243855373,50,0.02,1,86
R+P+D,basal,50,-0.4413780601171702,50,0.0,1,86
R+P+D,her2,50,-0.4496833803653831,50,0.02,4,86
R+P+D,luminal,50,-0.28049624812485274,50,0.02,1,86
MOFA+,basal,50,-0.4723342315115031,50,0.0,0,86
MOFA+,her2,50,-0.4501568845831173,50,0.02,7,86
MOFA+,luminal,50,-0.28975813082541907,50,0.0,3,86
R,basal,50,-0.5063740895487702,50,0.0,0,87
R,her2,50,-0.34349059912587065,50,0.02,7,87
R,luminal,50,-0.20793242892413683,50,0.06,4,87
R+P,basal,50,-0.43718188124181423,50,0.0,1,87
R+P,her2,50,-0.3311927504821408,50,0.02,6,87
R+P,luminal,50,-0.1532305475509188,50,0.06,2,87
R+D,basal,50,-0.702876364461292,50,0.0,1,87
R+D,her2,50,-0.4606872617741977,50,0.02,3,87
R+D,luminal,50,-0.38092491374142795,50,0.04,1,87
R+P+D,basal,50,-0.6457910660976462,50,0.0,0,87
R+P+D,her2,50,-0.43024519456027394,50,0.02,4,87
R+P+D,luminal,50,-0.2403186894334142,50,0.04,3,87
MOFA+,basal,50,-0.46116764507919333,50,0.0,3,87
MOFA+,her2,50,-0.2685955300428443,50,0.0,3,87
MOFA+,luminal,50,-0.35682073150405047,50,0.02,2,87
R,basal,50,-0.42953024474196316,50,0.0,1,88
R,her2,50,-0.38296056969847464,50,0.02,9,88
R,luminal,50,-0.16957694626732997,50,0.06,1,88
R+P,basal,50,-0.3453455063807539,50,0.0,2,88
R+P,her2,50,-0.3671462389232449,50,0.02,4,88
R+P,luminal,50,-0.11651202623071161,50,0.04,1,88
R+D,basal,50,-0.5456047773952363,50,0.0,3,88
R+D,her2,50,-0.3672018047757353,50,0.02,4,88
R+D,luminal,50,-0.2633894940905652,50,0.02,2,88
R+P+D,basal,50,-0.5621448066029258,50,0.0,2,88
R+P+D,her2,50,-0.27494258736792665,50,0.02,5,88
R+P+D,luminal,50,-0.19779639507008998,50,0.02,2,88
MOFA+,basal,50,-0.38254513268158896,50,0.0,5,88
MOFA+,her2,50,-0.3852894813480946,50,0.0,1,88
MOFA+,luminal,50,-0.2467441323274845,50,0.02,1,88
R,basal,50,-0.5933853669799123,50,0.0,0,89
R,her2,50,-0.43705828477558917,50,0.04,9,89
R,luminal,50,-0.20462153473128356,50,0.04,1,89
R+P,basal,50,-0.5283466983098606,50,0.0,1,89
R+P,her2,50,-0.20287654014605067,50,0.02,6,89
R+P,luminal,50,-0.1260315126674218,50,0.04,0,89
R+D,basal,50,-0.7859331000249615,50,0.0,2,89
R+D,her2,50,-0.6915395798729222,50,0.02,13,89
R+D,luminal,50,-0.2988133418133654,50,0.04,0,89
R+P+D,basal,50,-0.6757973537419956,50,0.0,2,89
R+P+D,her2,50,-0.33498134176868677,50,0.02,9,89
R+P+D,luminal,50,-0.24954483087717802,50,0.04,2,89
MOFA+,basal,50,-0.5937753740848895,50,0.0,2,89
MOFA+,her2,50,-0.4376931890402707,50,0.0,5,89
MOFA+,luminal,50,-0.3206964467660619,50,0.02,1,89
R,basal,50,-0.4437501015865323,50,0.0,0,90
R,her2,50,-0.4449074372299768,50,0.04,7,90
R,luminal,50,-0.18427593150338736,50,0.04,2,90
R+P,basal,50,-0.32237362067461867,50,0.0,0,90
R+P,her2,50,-0.26459287273725424,50,0.02,3,90
R+P,luminal,50,-0.16141803801932647,50,0.04,2,90
R+D,basal,50,-0.6555448148853354,50,0.0,1,90
R+D,her2,50,-0.5644985358480323,50,0.04,7,90
R+D,luminal,50,-0.35860788038026487,50,0.04,2,90
R+P+D,basal,50,-0.4299593330533651,50,0.0,1,90
R+P+D,her2,50,-0.4872596859392411,50,0.02,7,90
R+P+D,luminal,50,-0.3225756037259624,50,0.04,2,90
MOFA+,basal,50,-0.48775850041362523,50,0.0,4,90
MOFA+,her2,50,-0.20167520810456424,50,0.0,1,90
MOFA+,luminal,50,-0.37538664904046143,50,0.0,3,90
R,basal,50,-0.50418750498087,50,0.0,1,91
R,her2,50,-0.378505098644827,50,0.04,8,91
R,luminal,50,-0.1327036160597129,50,0.04,1,91
R+P,basal,50,-0.4620018339244077,50,0.0,2,91
R+P,her2,50,-0.26217282427132127,50,0.02,6,91
R+P,luminal,50,-0.10236652289510222,50,0.04,3,91
R+D,basal,50,-0.7147440825500218,50,0.0,3,91
R+D,her2,50,-0.4847746047942321,50,0.02,9,91
R+D,luminal,50,-0.3642087362836912,50,0.04,2,91
R+P+D,basal,50,-0.5192638710941151,50,0.0,1,91
R+P+D,her2,50,-0.4741487961208001,50,0.02,5,91
R+P+D,luminal,50,-0.22461506882169893,50,0.04,1,91
MOFA+,basal,50,-0.5125561496662899,50,0.0,3,91
MOFA+,her2,50,-0.19312947416811077,50,0.02,0,91
MOFA+,luminal,50,-0.31721296113013286,50,0.0,3,91
R,basal,50,-0.6072476506818678,50,0.0,0,92
R,her2,50,-0.36340548500353725,50,0.02,9,92
R,luminal,50,-0.1389509122063691,50,0.04,2,92
R+P,basal,50,-0.43785884194789104,50,0.0,2,92
R+P,her2,50,-0.3205278581885784,50,0.02,2,92
R+P,luminal,50,-0.13053810205258082,50,0.04,1,92
R+D,basal,50,-0.7172180213584248,50,0.0,1,92
R+D,her2,50,-0.3760767144771841,50,0.02,7,92
R+D,luminal,50,-0.3870417745832879,50,0.02,2,92
R+P+D,basal,50,-0.5407056599609773,50,0.0,1,92
R+P+D,her2,50,-0.40252992751631456,50,0.02,4,92
R+P+D,luminal,50,-0.3093826840102495,50,0.02,2,92
MOFA+,basal,50,-0.6215022103163899,50,0.0,4,92
MOFA+,her2,50,-0.22655442266840903,50,0.0,2,92
MOFA+,luminal,50,-0.29771129770411653,50,0.02,2,92
R,basal,50,-0.5214873971296928,50,0.0,0,93
R,her2,50,-0.4530730116424295,50,0.04,7,93
R,luminal,50,-0.11721248510931838,50,0.04,1,93
R+P,basal,50,-0.3856401376752509,50,0.0,2,93
R+P,her2,50,-0.21870320799967868,50,0.02,3,93
R+P,luminal,50,-0.123686584308739,50,0.06,2,93
R+D,basal,50,-0.6832335976348167,50,0.0,1,93
R+D,her2,50,-0.6613608500044934,50,0.04,11,93
R+D,luminal,50,-0.29157952695110473,50,0.02,1,93
R+P+D,basal,50,-0.5633397971701157,50,0.0,1,93
R+P+D,her2,50,-0.4294307671589941,50,0.02,7,93
R+P+D,luminal,50,-0.30118304819255265,50,0.02,1,93
MOFA+,basal,50,-0.29921376168788805,50,0.0,1,93
MOFA+,her2,50,-0.2931367269339342,50,0.02,3,93
MOFA+,luminal,50,-0.24055995204713765,50,0.02,3,93
R,basal,50,-0.642557927156994,50,0.0,2,94
R,her2,50,-0.3292367095522271,50,0.02,5,94
R,luminal,50,-0.15378524388867862,50,0.04,2,94
R+P,basal,50,-0.2792862986907994,50,0.0,1,94
R+P,her2,50,-0.2550117010097938,50,0.04,3,94
R+P,luminal,50,-0.1229274613212898,50,0.06,2,94
R+D,basal,50,-0.6393119063855983,50,0.0,2,94
R+D,her2,50,-0.5020695720319867,50,0.02,8,94
R+D,luminal,50,-0.3719572112010573,50,0.04,1,94
R+P+D,basal,50,-0.49011372704997797,50,0.0,1,94
R+P+D,her2,50,-0.3980675215700535,50,0.02,6,94
R+P+D,luminal,50,-0.3015794106474503,50,0.04,0,94
MOFA+,basal,50,-0.42811736903261477,50,0.0,3,94
MOFA+,her2,50,-0.26065511994209545,50,0.02,2,94
MOFA+,luminal,50,-0.31824095507814915,50,0.0,2,94
R,basal,50,-0.4200856192650464,50,0.0,0,95
R,her2,50,-0.2036340421550526,50,0.02,4,95
R,luminal,50,-0.1367293204149144,50,0.04,2,95
R+P,basal,50,-0.16534634858925212,50,0.0,1,95
R+P,her2,50,-0.19348580626718015,50,0.02,2,95
R+P,luminal,50,-0.16359902805892276,50,0.04,1,95
R+D,basal,50,-0.6544614089432278,50,0.0,2,95
R+D,her2,50,-0.39428076760241737,50,0.02,5,95
R+D,luminal,50,-0.32026993535221854,50,0.02,1,95
R+P+D,basal,50,-0.4032102681259038,50,0.0,0,95
R+P+D,her2,50,-0.38217583117673115,50,0.02,4,95
R+P+D,luminal,50,-0.2554152016876132,50,0.02,0,95
MOFA+,basal,50,-0.38237224156889016,50,0.0,0,95
MOFA+,her2,50,-0.40370654104687737,50,0.04,5,95
MOFA+,luminal,50,-0.2875395877031395,50,0.02,0,95
R,basal,50,-0.5882545081422255,50,0.0,1,96
R,her2,50,-0.27841457372370565,50,0.02,6,96
R,luminal,50,-0.1298339213763527,50,0.04,1,96
R+P,basal,50,-0.51769965526584,50,0.0,0,96
R+P,her2,50,-0.2191029216191336,50,0.04,3,96
R+P,luminal,50,-0.11027797621189198,50,0.04,0,96
R+D,basal,50,-0.6426367485373115,50,0.0,0,96
R+D,her2,50,-0.5096392765407267,50,0.02,7,96
R+D,luminal,50,-0.3725868137480021,50,0.04,0,96
R+P+D,basal,50,-0.6443433684585683,50,0.0,3,96
R+P+D,her2,50,-0.4034843210440054,50,0.02,4,96
R+P+D,luminal,50,-0.23259646630428527,50,0.04,0,96
MOFA+,basal,50,-0.6727895989781669,50,0.0,2,96
MOFA+,her2,50,-0.35643139429823867,50,0.0,3,96
MOFA+,luminal,50,-0.29132942527574973,50,0.02,1,96
R,basal,50,-0.5220890599779578,50,0.0,1,97
R,her2,50,-0.46102895276563616,50,0.02,10,97
R,luminal,50,-0.15405563864893865,50,0.04,1,97
R+P,basal,50,-0.3272290866262275,50,0.0,1,97
R+P,her2,50,-0.24031258230657446,50,0.02,3,97
R+P,luminal,50,-0.166558278570934,50,0.06,2,97
R+D,basal,50,-0.5455337225751297,50,0.0,1,97
R+D,her2,50,-0.4865729228002472,50,0.02,7,97
R+D,luminal,50,-0.2797469456273058,50,0.02,1,97
R+P+D,basal,50,-0.509256131129041,50,0.0,1,97
R+P+D,her2,50,-0.40812330421886267,50,0.02,7,97
R+P+D,luminal,50,-0.28951501138760494,50,0.02,1,97
MOFA+,basal,50,-0.4567663189051757,50,0.0,2,97
MOFA+,her2,50,-0.3344973988693707,50,0.02,2,97
MOFA+,luminal,50,-0.21549272400135724,50,0.02,1,97
R,basal,50,-0.5514136900218964,50,0.0,1,98
R,her2,50,-0.2354337388719737,50,0.02,4,98
R,luminal,50,-0.1483884544104488,50,0.06,3,98
R+P,basal,50,-0.39245039705393453,50,0.0,2,98
R+P,her2,50,-0.2123903370850881,50,0.02,3,98
R+P,luminal,50,-0.1582251819043778,50,0.06,2,98
R+D,basal,50,-0.625567214686274,50,0.0,2,98
R+D,her2,50,-0.47389954171635346,50,0.02,5,98
R+D,luminal,50,-0.25138902790805256,50,0.04,0,98
R+P+D,basal,50,-0.4615115067164686,50,0.0,1,98
R+P+D,her2,50,-0.3268645051680172,50,0.02,4,98
R+P+D,luminal,50,-0.24293557845811,50,0.06,2,98
MOFA+,basal,50,-0.5028381661463669,50,0.0,2,98
MOFA+,her2,50,-0.17937202501919405,50,0.02,6,98
MOFA+,luminal,50,-0.32755144130882025,50,0.04,2,98
R,basal,50,-0.47622806063288786,50,0.0,2,99
R,her2,50,-0.36753227330312027,50,0.04,7,99
R,luminal,50,-0.16598266428900096,50,0.04,2,99
R+P,basal,50,-0.2682328521815593,50,0.0,2,99
R+P,her2,50,-0.21222169945495398,50,0.02,1,99
R+P,luminal,50,-0.15479325925912113,50,0.04,1,99
R+D,basal,50,-0.6349833946573145,50,0.0,0,99
R+D,her2,50,-0.5055063841030015,50,0.04,7,99
R+D,luminal,50,-0.2827791207692644,50,0.02,1,99
R+P+D,basal,50,-0.4782599252883498,50,0.0,1,99
R+P+D,her2,50,-0.4438863906090114,50,0.04,5,99
R+P+D,luminal,50,-0.28262589949571365,50,0.02,2,99
MOFA+,basal,50,-0.38358722743452556,50,0.0,2,99
MOFA+,her2,50,-0.3857283087927745,50,0.0,3,99
MOFA+,luminal,50,-0.3321211201146113,50,0.04,3,99
R,basal,50,-0.6111487627017282,50,0.0,1,100
R,her2,50,-0.31397591604730907,50,0.02,5,100
R,luminal,50,-0.13201058142359762,50,0.04,1,100
R+P,basal,50,-0.3517844859750447,50,0.0,1,100
R+P,her2,50,-0.27588990014875486,50,0.02,2,100
R+P,luminal,50,-0.09216289794336506,50,0.04,0,100
R+D,basal,50,-0.6175596557454888,50,0.0,0,100
R+D,her2,50,-0.38649853441192006,50,0.02,3,100
R+D,luminal,50,-0.34710156069170645,50,0.04,1,100
R+P+D,basal,50,-0.6097575653386574,50,0.0,2,100
R+P+D,her2,50,-0.3495684054224102,50,0.02,2,100
R+P+D,luminal,50,-0.24669897049984915,50,0.04,1,100
MOFA+,basal,50,-0.38131806210896385,50,0.0,2,100
MOFA+,her2,50,-0.2524066955045194,50,0.0,1,100
MOFA+,luminal,50,-0.2769872206171184,50,0.02,1,100
R,basal,50,-0.4339301775428799,50,0.0,0,101
R,her2,50,-0.6600100693371678,50,0.04,8,101
R,luminal,50,-0.19664845089304772,50,0.06,3,101
R+P,basal,50,-0.2931517569115853,50,0.0,1,101
R+P,her2,50,-0.2120167775224636,50,0.02,3,101
R+P,luminal,50,-0.14462165475921163,50,0.06,2,101
R+D,basal,50,-0.6195453738503942,50,0.0,1,101
R+D,her2,50,-0.5103687283737318,50,0.04,6,101
R+D,luminal,50,-0.2851134917795759,50,0.02,2,101
R+P+D,basal,50,-0.44978043254378575,50,0.0,0,101
R+P+D,her2,50,-0.47491431306838694,50,0.02,6,101
R+P+D,luminal,50,-0.2771602862655174,50,0.02,2,101
MOFA+,basal,50,-0.487495722508012,50,0.0,2,101
MOFA+,her2,50,-0.3699377430052943,50,0.0,1,101
MOFA+,luminal,50,-0.3309509361340011,50,0.02,2,101
R,basal,50,-0.5649070566561788,50,0.0,2,102
R,her2,50,-0.2779409218928263,50,0.02,6,102
R,luminal,50,-0.15485323948516044,50,0.04,2,102
R+P,basal,50,-0.4718270877877697,50,0.0,1,102
R+P,her2,50,-0.265281347750481,50,0.02,2,102
R+P,luminal,50,-0.1105108408216582,50,0.04,0,102
R+D,basal,50,-0.660056550312735,50,0.0,0,102
R+D,her2,50,-0.4235321677015896,50,0.02,8,102
R+D,luminal,50,-0.3240045963830474,50,0.02,2,102
R+P+D,basal,50,-0.4959422873156853,50,0.0,0,102
R+P+D,her2,50,-0.3540590268262007,50,0.02,4,102
R+P+D,luminal,50,-0.16962488704039672,50,0.02,2,102
MOFA+,basal,50,-0.3736790850698305,50,0.0,0,102
MOFA+,her2,50,-0.22889725080531848,50,0.02,5,102
MOFA+,luminal,50,-0.1639598902608524,50,0.02,2,102
R,basal,50,-0.5183430541161573,50,0.0,2,103
R,her2,50,-0.6441030026246957,50,0.02,8,103
R,luminal,50,-0.11915986029780731,50,0.04,2,103
R+P,basal,50,-0.4165712106950765,50,0.0,1,103
R+P,her2,50,-0.2526272815729359,50,0.02,3,103
R+P,luminal,50,-0.11992459357166967,50,0.06,2,103
R+D,basal,50,-0.5431153268215896,50,0.0,1,103
R+D,her2,50,-0.6400641341060194,50,0.04,9,103
R+D,luminal,50,-0.37053960072882997,50,0.04,2,103
R+P+D,basal,50,-0.5246635438514273,50,0.0,1,103
R+P+D,her2,50,-0.3452603825618769,50,0.02,4,103
R+P+D,luminal,50,-0.24366659877025212,50,0.04,2,103
MOFA+,basal,50,-0.3785008287627729,50,0.0,3,103
MOFA+,her2,50,-0.6968343291659193,50,0.02,2,103
MOFA+,luminal,50,-0.2914325276707528,50,0.0,2,103
R,basal,50,-0.3778600330166981,50,0.0,1,104
R,her2,50,-0.425025251184257,50,0.04,5,104
R,luminal,50,-0.10344096392228996,50,0.04,2,104
R+P,basal,50,-0.31071321113966405,50,0.0,1,104
R+P,her2,50,-0.2626054617622488,50,0.02,4,104
R+P,luminal,50,-0.08973559547793669,50,0.04,0,104
R+D,basal,50,-0.6523214861216357,50,0.0,3,104
R+D,her2,50,-0.6157950749302807,50,0.02,7,104
R+D,luminal,50,-0.23659963898061775,50,0.02,1,104
R+P+D,basal,50,-0.46135881105298987,50,0.0,2,104
R+P+D,her2,50,-0.41082661882528176,50,0.02,6,104
R+P+D,luminal,50,-0.20678792499547874,50,0.02,2,104
MOFA+,basal,50,-0.6072737234872624,50,0.0,2,104
MOFA+,her2,50,-0.20839154075771116,50,0.02,5,104
MOFA+,luminal,50,-0.2569439825137856,50,0.02,2,104
R,basal,50,-0.639983622159458,50,0.0,4,105
R,her2,50,-0.5086049963596566,50,0.02,7,105
R,luminal,50,-0.1631522061277377,50,0.06,3,105
R+P,basal,50,-0.451972334683088,50,0.0,2,105
R+P,her2,50,-0.45097330983434164,50,0.02,4,105
R+P,luminal,50,-0.13620514634044517,50,0.06,2,105
R+D,basal,50,-0.6912366065590472,50,0.0,2,105
R+D,her2,50,-0.5002234283342815,50,0.02,3,105
R+D,luminal,50,-0.1825771227054754,50,0.04,2,105
R+P+D,basal,50,-0.5576761998163474,50,0.0,2,105
R+P+D,her2,50,-0.5406292834912485,50,0.02,5,105
R+P+D,luminal,50,-0.1935409137334513,50,0.04,1,105
MOFA+,basal,50,-0.5018323838101663,50,0.0,1,105
MOFA+,her2,50,-0.3776756998277282,50,0.0,1,105
MOFA+,luminal,50,-0.22460473477021775,50,0.02,1,105
R,basal,50,-0.5247342654073182,50,0.0,0,106
R,her2,50,-0.29631127610338104,50,0.02,5,106
R,luminal,50,-0.12726832465219642,50,0.04,2,106
R+P,basal,50,-0.3408346768728959,50,0.0,4,106
R+P,her2,50,-0.1721376474076396,50,0.02,4,106
R+P,luminal,50,-0.1177059358058877,50,0.04,2,106
R+D,basal,50,-0.6366059550628808,50,0.0,3,106
R+D,her2,50,-0.4437795097833086,50,0.02,9,106
R+D,luminal,50,-0.44470772207575243,50,0.04,0,106
R+P+D,basal,50,-0.3434642551153661,50,0.0,3,106
R+P+D,her2,50,-0.2676775990169632,50,0.02,4,106
R+P+D,luminal,50,-0.38512819735991805,50,0.04,1,106
MOFA+,basal,50,-0.4122164657956814,50,0.0,3,106
MOFA+,her2,50,-0.3068487379455755,50,0.0,1,106
MOFA+,luminal,50,-0.3765240904585086,50,0.02,1,106
R,basal,50,-0.7405754429613504,50,0.0,0,107
R,her2,50,-0.2015464242705342,50,0.02,6,107
R,luminal,50,-0.10296325245974813,50,0.04,2,107
R+P,basal,50,-0.5460467741750358,50,0.0,3,107
R+P,her2,50,-0.18150955718308143,50,0.02,4,107
R+P,luminal,50,-0.13079377485861576,50,0.04,2,107
R+D,basal,50,-0.7017126244874438,50,0.0,2,107
R+D,her2,50,-0.36558006360290185,50,0.02,8,107
R+D,luminal,50,-0.3751123540318192,50,0.04,2,107
R+P+D,basal,50,-0.723450846969947,50,0.0,3,107
R+P+D,her2,50,-0.26106414834908764,50,0.02,5,107
R+P+D,luminal,50,-0.35289308498713995,50,0.04,1,107
MOFA+,basal,50,-0.6295577712175325,50,0.0,2,107
MOFA+,her2,50,-0.1805068327645391,50,0.0,5,107
MOFA+,luminal,50,-0.2814919824448904,50,0.02,2,107
R,basal,50,-0.5609976154727289,50,0.0,3,108
R,her2,50,-0.314965918602112,50,0.02,7,108
R,luminal,50,-0.13177980213319784,50,0.06,1,108
R+P,basal,50,-0.4094274405799199,50,0.0,1,108
R+P,her2,50,-0.24377486347487945,50,0.02,4,108
R+P,luminal,50,-0.14193663892538008,50,0.06,2,108
R+D,basal,50,-0.6951823678126228,50,0.0,2,108
R+D,her2,50,-0.4802433088831164,50,0.02,4,108
R+D,luminal,50,-0.2916556448707941,50,0.06,2,108
R+P+D,basal,50,-0.6391625055466098,50,0.0,2,108
R+P+D,her2,50,-0.464454011652348,50,0.02,6,108
R+P+D,luminal,50,-0.28420164008613436,50,0.06,2,108
MOFA+,basal,50,-0.7107082831275399,50,0.0,5,108
MOFA+,her2,50,-0.3828740295082149,50,0.04,5,108
MOFA+,luminal,50,-0.267443522315675,50,0.0,2,108
R,basal,50,-0.4819024876004166,50,0.0,2,109
R,her2,50,-0.5661563834969476,50,0.02,8,109
R,luminal,50,-0.17873515313871827,50,0.06,2,109
R+P,basal,50,-0.4101812852748084,50,0.0,3,109
R+P,her2,50,-0.3040586858812713,50,0.02,3,109
R+P,luminal,50,-0.15029528999340408,50,0.06,2,109
R+D,basal,50,-0.6380055927665991,50,0.0,1,109
R+D,her2,50,-0.55035803536642,50,0.02,6,109
R+D,luminal,50,-0.2760285409411347,50,0.04,2,109
R+P+D,basal,50,-0.5129327508072756,50,0.0,2,109
R+P+D,her2,50,-0.437802525216133,50,0.02,4,109
R+P+D,luminal,50,-0.14168667344817348,50,0.04,1,109
MOFA+,basal,50,-0.42439979310628795,50,0.0,2,109
MOFA+,her2,50,-0.634336971258299,50,0.02,7,109
MOFA+,luminal,50,-0.2824735006305789,50,0.02,3,109
R,basal,50,-0.5919000744005681,50,0.0,3,110
R,her2,50,-0.6089708935146816,50,0.04,10,110
R,luminal,50,-0.1322019910345657,50,0.06,2,110
R+P,basal,50,-0.44971826955046235,50,0.0,1,110
R+P,her2,50,-0.37460647347755127,50,0.02,5,110
R+P,luminal,50,-0.16219727417133412,50,0.08,2,110
R+D,basal,50,-0.5863297066372379,50,0.0,1,110
R+D,her2,50,-0.7388843605851538,50,0.04,9,110
R+D,luminal,50,-0.3099904426772012,50,0.04,1,110
R+P+D,basal,50,-0.4537162143215591,50,0.0,1,110
R+P+D,her2,50,-0.6757028387704068,50,0.04,6,110
R+P+D,luminal,50,-0.23522740685620358,50,0.04,0,110
MOFA+,basal,50,-0.5014213190733663,50,0.0,3,110
MOFA+,her2,50,-0.3444430702846639,50,0.0,2,110
MOFA+,luminal,50,-0.2805250541517183,50,0.02,2,110
R,basal,50,-0.6061942470263683,50,0.0,4,111
R,her2,50,-0.5975493564973412,50,0.04,12,111
R,luminal,50,-0.15743831419798873,50,0.06,1,111
R+P,basal,50,-0.5379697831665244,50,0.0,2,111
R+P,her2,50,-0.30049744331988154,50,0.02,4,111
R+P,luminal,50,-0.10111759444241528,50,0.06,1,111
R+D,basal,50,-0.6454509520125861,50,0.0,0,111
R+D,her2,50,-0.6667259547564839,50,0.04,14,111
R+D,luminal,50,-0.3639951036866355,50,0.02,2,111
R+P+D,basal,50,-0.60349710219827,50,0.0,3,111
R+P+D,her2,50,-0.3815654741062713,50,0.02,8,111
R+P+D,luminal,50,-0.216329993293574,50,0.02,1,111
MOFA+,basal,50,-0.6244129778840972,50,0.0,4,111
MOFA+,her2,50,-0.19918958949348486,50,0.0,3,111
MOFA+,luminal,50,-0.3071187180723019,50,0.02,2,111
R,basal,50,-0.5511659763994676,50,0.0,3,112
R,her2,50,-0.34703608846324924,50,0.02,9,112
R,luminal,50,-0.13352715480457114,50,0.04,2,112
R+P,basal,50,-0.4223424886381853,50,0.0,2,112
R+P,her2,50,-0.22824102255569417,50,0.02,4,112
R+P,luminal,50,-0.12435980281712139,50,0.06,2,112
R+D,basal,50,-0.6523684169700233,50,0.0,2,112
R+D,her2,50,-0.4161838031741992,50,0.02,7,112
R+D,luminal,50,-0.4251157175760516,50,0.04,1,112
R+P+D,basal,50,-0.4684288425659562,50,0.0,3,112
R+P+D,her2,50,-0.4005591644579322,50,0.02,7,112
R+P+D,luminal,50,-0.2573027686099095,50,0.04,2,112
MOFA+,basal,50,-0.5265698263482655,50,0.0,2,112
MOFA+,her2,50,-0.23897355273820226,50,0.0,3,112
MOFA+,luminal,50,-0.2398569145761801,50,0.0,3,112
R,basal,50,-0.4256365073736276,50,0.0,0,113
R,her2,50,-0.4769153117199235,50,0.04,6,113
R,luminal,50,-0.1667184024468476,50,0.06,3,113
R+P,basal,50,-0.30180803176711274,50,0.0,0,113
R+P,her2,50,-0.18231246314109156,50,0.02,4,113
R+P,luminal,50,-0.1385472499109348,50,0.04,2,113
R+D,basal,50,-0.5750222695160735,50,0.0,1,113
R+D,her2,50,-0.655674490099141,50,0.04,11,113
R+D,luminal,50,-0.24840858332339238,50,0.04,1,113
R+P+D,basal,50,-0.4580287317956837,50,0.0,1,113
R+P+D,her2,50,-0.2927150319121783,50,0.02,5,113
R+P+D,luminal,50,-0.266963502609147,50,0.04,2,113
MOFA+,basal,50,-0.5700408209006164,50,0.0,2,113
MOFA+,her2,50,-0.5229605861289459,50,0.0,6,113
MOFA+,luminal,50,-0.305936634068656,50,0.02,3,113
R,basal,50,-0.47513418966574333,50,0.0,2,114
R,her2,50,-0.2647784650748866,50,0.02,5,114
R,luminal,50,-0.15412512662247818,50,0.06,1,114
R+P,basal,50,-0.3919557869819611,50,0.0,1,114
R+P,her2,50,-0.4800452354728669,50,0.04,2,114
R+P,luminal,50,-0.14870992722503598,50,0.04,1,114
R+D,basal,50,-0.6406059144572587,50,0.0,2,114
R+D,her2,50,-0.4468397148750477,50,0.02,5,114
R+D,luminal,50,-0.23547374549720193,50,0.02,1,114
R+P+D,basal,50,-0.37021533365153764,50,0.0,1,114
R+P+D,her2,50,-0.5049952418555514,50,0.02,6,114
R+P+D,luminal,50,-0.23841792214444335,50,0.02,1,114
MOFA+,basal,50,-0.39340534093678703,50,0.0,1,114
MOFA+,her2,50,-0.4431864779636776,50,0.02,2,114
MOFA+,luminal,50,-0.2514437450192796,50,0.02,1,114
R,basal,50,-0.5629502386838824,50,0.0,0,115
R,her2,50,-0.5401219002009269,50,0.04,7,115
R,luminal,50,-0.15156555410620454,50,0.04,2,115
R+P,basal,50,-0.5096584913782374,50,0.0,3,115
R+P,her2,50,-0.23484214520007352,50,0.02,3,115
R+P,luminal,50,-0.17899966418401708,50,0.06,2,115
R+D,basal,50,-0.6951676403254108,50,0.0,1,115
R+D,her2,50,-0.5223470967950302,50,0.02,5,115
R+D,luminal,50,-0.3043371307796238,50,0.04,3,115
R+P+D,basal,50,-0.6218697783992887,50,0.0,0,115
R+P+D,her2,50,-0.3583503630126366,50,0.02,4,115
R+P+D,luminal,50,-0.3050773637208342,50,0.04,3,115
MOFA+,basal,50,-0.4846475442949248,50,0.0,3,115
MOFA+,her2,50,-0.22975230088801188,50,0.02,5,115
MOFA+,luminal,50,-0.3359817404387022,50,0.0,2,115
R,basal,50,-0.7111073599882028,50,0.0,2,116
R,her2,50,-0.4155792796088955,50,0.04,8,116
R,luminal,50,-0.11662791376981124,50,0.04,1,116
R+P,basal,50,-0.5582523433099265,50,0.0,3,116
R+P,her2,50,-0.24812077125856244,50,0.02,4,116
R+P,luminal,50,-0.143568896753434,50,0.06,3,116
R+D,basal,50,-0.6916253441904714,50,0.0,3,116
R+D,her2,50,-0.46074679377724786,50,0.02,9,116
R+D,luminal,50,-0.3387813815327205,50,0.04,0,116
R+P+D,basal,50,-0.6913863385935443,50,0.0,2,116
R+P+D,her2,50,-0.3319472181646277,50,0.02,4,116
R+P+D,luminal,50,-0.21809054795479857,50,0.04,0,116
MOFA+,basal,50,-0.6000763734678128,50,0.0,1,116
MOFA+,her2,50,-0.18071472133289787,50,0.02,3,116
MOFA+,luminal,50,-0.20995831970241238,50,0.02,1,116
R,basal,50,-0.5049894598888607,50,0.0,1,117
R,her2,50,-0.21470381219944573,50,0.04,5,117
R,luminal,50,-0.11016696158945206,50,0.04,1,117
R+P,basal,50,-0.340994095116329,50,0.0,0,117
R+P,her2,50,-0.15554763357076531,50,0.02,4,117
R+P,luminal,50,-0.10238090047989769,50,0.04,1,117
R+D,basal,50,-0.5424239150626442,50,0.0,2,117
R+D,her2,50,-0.4091183968207954,50,0.04,8,117
R+D,luminal,50,-0.40184173691379743,50,0.02,0,117
R+P+D,basal,50,-0.43355687812164445,50,0.0,1,117
R+P+D,her2,50,-0.2999143853401182,50,0.02,6,117
R+P+D,luminal,50,-0.1191361621159906,50,0.02,0,117
MOFA+,basal,50,-0.4646101522755828,50,0.0,2,117
MOFA+,her2,50,-0.4308364907764033,50,0.0,3,117
MOFA+,luminal,50,-0.14849767733416108,50,0.02,1,117
R,basal,50,-0.5690685978298861,50,0.0,2,118
R,her2,50,-0.5462383683695312,50,0.04,10,118
R,luminal,50,-0.12781748889206343,50,0.04,2,118
R+P,basal,50,-0.4902212282889319,50,0.0,3,118
R+P,her2,50,-0.26815197283459496,50,0.02,3,118
R+P,luminal,50,-0.09390309137736975,50,0.04,1,118
R+D,basal,50,-0.6673562398570009,50,0.0,1,118
R+D,her2,50,-0.5995327682755837,50,0.02,10,118
R+D,luminal,50,-0.36177339227575905,50,0.02,2,118
R+P+D,basal,50,-0.5973657344652241,50,0.0,3,118
R+P+D,her2,50,-0.34474791210947187,50,0.02,6,118
R+P+D,luminal,50,-0.27696136883049194,50,0.02,1,118
MOFA+,basal,50,-0.4531673288666027,50,0.0,3,118
MOFA+,her2,50,-0.3429179936961997,50,0.02,4,118
MOFA+,luminal,50,-0.3487406297504034,50,0.02,2,118
R,basal,50,-0.5868681671591074,50,0.0,2,119
R,her2,50,-0.31976734757482606,50,0.02,5,119
R,luminal,50,-0.1546336430965901,50,0.06,2,119
R+P,basal,50,-0.47003599052399603,50,0.0,2,119
R+P,her2,50,-0.30568076150510026,50,0.02,2,119
R+P,luminal,50,-0.14744975660277196,50,0.06,4,119
R+D,basal,50,-0.7152631089680936,50,0.0,1,119
R+D,her2,50,-0.6100637258404459,50,0.02,4,119
R+D,luminal,50,-0.2601498930996142,50,0.02,1,119
R+P+D,basal,50,-0.4942323097789383,50,0.0,2,119
R+P+D,her2,50,-0.34402370354272294,50,0.02,4,119
R+P+D,luminal,50,-0.13207489294603658,50,0.02,1,119
MOFA+,basal,50,-0.35460778903864154,50,0.0,3,119
MOFA+,her2,50,-0.18278603191687032,50,0.0,5,119
MOFA+,luminal,50,-0.13837227946188174,50,0.02,1,119
R,basal,50,-0.4266352855467157,50,0.0,1,120
R,her2,50,-0.6049362350503058,50,0.02,6,120
R,luminal,50,-0.15943737421945825,50,0.04,2,120
R+P,basal,50,-0.21523435893188383,50,0.0,3,120
R+P,her2,50,-0.49786608088703876,50,0.02,5,120
R+P,luminal,50,-0.15329403845287487,50,0.06,2,120
R+D,basal,50,-0.5517117120537667,50,0.0,2,120
R+D,her2,50,-0.6353513904127742,50,0.02,5,120
R+D,luminal,50,-0.3523740479264227,50,0.02,2,120
R+P+D,basal,50,-0.35374955689461124,50,0.0,2,120
R+P+D,her2,50,-0.5778305769386785,50,0.02,3,120
R+P+D,luminal,50,-0.28370100241787155,50,0.02,2,120
MOFA+,basal,50,-0.42113142541266874,50,0.0,2,120
MOFA+,her2,50,-0.7317556872896545,50,0.02,6,120
MOFA+,luminal,50,-0.334725209556823,50,0.0,3,120
R,basal,50,-0.4567778645431587,50,0.0,0,121
R,her2,50,-0.30285095332733064,50,0.02,5,121
R,luminal,50,-0.1250437397514533,50,0.04,1,121
R+P,basal,50,-0.483983303460048,50,0.0,2,121
R+P,her2,50,-0.2994702785988507,50,0.02,3,121
R+P,luminal,50,-0.13660810679035026,50,0.04,1,121
R+D,basal,50,-0.6323444420588094,50,0.0,2,121
R+D,her2,50,-0.4328525759534322,50,0.02,7,121
R+D,luminal,50,-0.3331035901224509,50,0.04,2,121
R+P+D,basal,50,-0.5311491601913746,50,0.0,1,121
R+P+D,her2,50,-0.4152871272840341,50,0.02,7,121
R+P+D,luminal,50,-0.29511803704964207,50,0.04,4,121
MOFA+,basal,50,-0.6969550639536591,50,0.0,2,121
MOFA+,her2,50,-0.3082222311793757,50,0.02,6,121
MOFA+,luminal,50,-0.3331065375378697,50,0.02,1,121
R,basal,50,-0.3290230875331747,50,0.0,0,122
R,her2,50,-0.42268162130191045,50,0.02,8,122
R,luminal,50,-0.16816511873076892,50,0.04,2,122
R+P,basal,50,-0.2008219926933865,50,0.0,2,122
R+P,her2,50,-0.3473046307328637,50,0.02,3,122
R+P,luminal,50,-0.14438481704946293,50,0.04,2,122
R+D,basal,50,-0.6184973699812816,50,0.0,3,122
R+D,her2,50,-0.5471506674203401,50,0.04,6,122
R+D,luminal,50,-0.30870820956984174,50,0.04,2,122
R+P+D,basal,50,-0.42049050748060746,50,0.0,1,122
R+P+D,her2,50,-0.38259995855780005,50,0.02,3,122
R+P+D,luminal,50,-0.307241317882144,50,0.04,2,122
MOFA+,basal,50,-0.3816804661479091,50,0.0,0,122
MOFA+,her2,50,-0.25462725992996676,50,0.0,0,122
MOFA+,luminal,50,-0.2909887096685661,50,0.02,3,122
R,basal,50,-0.4958950950149837,50,0.0,0,123
R,her2,50,-0.3818030026355816,50,0.02,5,123
R,luminal,50,-0.13683920845927072,50,0.04,1,123
R+P,basal,50,-0.32329799414042926,50,0.0,3,123
R+P,her2,50,-0.223343661977642,50,0.02,4,123
R+P,luminal,50,-0.139156994036246,50,0.04,2,123
R+D,basal,50,-0.6455064029465664,50,0.0,1,123
R+D,her2,50,-0.5164372969332233,50,0.02,3,123
R+D,luminal,50,-0.3354139936700908,50,0.04,2,123
R+P+D,basal,50,-0.40216059477814203,50,0.0,1,123
R+P+D,her2,50,-0.341945527001904,50,0.02,2,123
R+P+D,luminal,50,-0.26454786483860726,50,0.04,2,123
MOFA+,basal,50,-0.5417638519100847,50,0.0,3,123
MOFA+,her2,50,-0.4621140430388091,50,0.04,7,123
MOFA+,luminal,50,-0.32741780681849797,50,0.02,3,123
R,basal,50,-0.5225407082888524,50,0.0,1,124
R,her2,50,-0.28780405134254844,50,0.02,5,124
R,luminal,50,-0.16657191941301888,50,0.06,4,124
R+P,basal,50,-0.30388424823593047,50,0.0,2,124
R+P,her2,50,-0.23094924660708938,50,0.02,1,124
R+P,luminal,50,-0.14649224386007792,50,0.06,5,124
R+D,basal,50,-0.6389458829480147,50,0.0,1,124
R+D,her2,50,-0.4772836325989438,50,0.02,4,124
R+D,luminal,50,-0.2890138273590981,50,0.02,1,124
R+P+D,basal,50,-0.4132596208806214,50,0.0,1,124
R+P+D,her2,50,-0.36233010256136355,50,0.02,2,124
R+P+D,luminal,50,-0.2303235481062577,50,0.02,1,124
MOFA+,basal,50,-0.42508806100973895,50,0.0,2,124
MOFA+,her2,50,-0.32142233785881913,50,0.02,2,124
MOFA+,luminal,50,-0.28621629582152,50,0.0,2,124
R,basal,50,-0.6053481703931451,50,0.0,0,125
R,her2,50,-0.4037597817735034,50,0.04,8,125
R,luminal,50,-0.1364501923879941,50,0.06,1,125
R+P,basal,50,-0.5669783320273919,50,0.0,1,125
R+P,her2,50,-0.22065194311989303,50,0.02,4,125
R+P,luminal,50,-0.09685652417431388,50,0.04,1,125
R+D,basal,50,-0.6606576273085939,50,0.0,1,125
R+D,her2,50,-0.5266649712028473,50,0.04,9,125
R+D,luminal,50,-0.222307696625175,50,0.04,1,125
R+P+D,basal,50,-0.5743083726389248,50,0.0,0,125
R+P+D,her2,50,-0.332182275279839,50,0.02,7,125
R+P+D,luminal,50,-0.1787992863668422,50,0.04,1,125
MOFA+,basal,50,-0.5334945614447532,50,0.0,2,125
MOFA+,her2,50,-0.4920613704175984,50,0.02,5,125
MOFA+,luminal,50,-0.16156617915372187,50,0.02,2,125
R,basal,50,-0.6430372179930217,50,0.0,2,126
R,her2,50,-0.44599117173421177,50,0.04,8,126
R,luminal,50,-0.1583542415559739,50,0.04,1,126
R+P,basal,50,-0.4101589460599776,50,0.0,1,126
R+P,her2,50,-0.20449225082268677,50,0.02,3,126
R+P,luminal,50,-0.11456729127601731,50,0.04,0,126
R+D,basal,50,-0.5476450501146322,50,0.0,1,126
R+D,her2,50,-0.5666329475851338,50,0.02,7,126
R+D,luminal,50,-0.3359749028267172,50,0.04,0,126
R+P+D,basal,50,-0.5678222323816903,50,0.0,1,126
R+P+D,her2,50,-0.4284077393578108,50,0.02,5,126
R+P+D,luminal,50,-0.2812924995838995,50,0.04,0,126
MOFA+,basal,50,-0.50945662754555,50,0.0,0,126
MOFA+,her2,50,-0.39409006111332895,50,0.02,4,126
MOFA+,luminal,50,-0.3464867446689581,50,0.02,3,126
R,basal,50,-0.5636276316688589,50,0.0,1,127
R,her2,50,-0.3042313995479388,50,0.02,5,127
R,luminal,50,-0.14359335818355223,50,0.04,2,127
R+P,basal,50,-0.42834072414015983,50,0.0,2,127
R+P,her2,50,-0.2365035571997114,50,0.02,3,127
R+P,luminal,50,-0.12132605000197673,50,0.04,0,127
R+D,basal,50,-0.6407361639653995,50,0.0,1,127
R+D,her2,50,-0.6155484742800788,50,0.02,5,127
R+D,luminal,50,-0.2768214739048313,50,0.02,2,127
R+P+D,basal,50,-0.5407175486951947,50,0.0,1,127
R+P+D,her2,50,-0.3474170469972162,50,0.02,3,127
R+P+D,luminal,50,-0.20380249760546978,50,0.02,1,127
MOFA+,basal,50,-0.5151820329766692,50,0.0,2,127
MOFA+,her2,50,-0.3151709875552694,50,0.02,2,127
MOFA+,luminal,50,-0.3066155758220018,50,0.02,2,127
R,basal,50,-0.3862783407142746,50,0.0,0,128
R,her2,50,-0.3559155129794377,50,0.02,6,128
R,luminal,50,-0.17330870213989666,50,0.04,1,128
R+P,basal,50,-0.14387647640807716,50,0.0,0,128
R+P,her2,50,-0.32510434319395115,50,0.04,2,128
R+P,luminal,50,-0.142608677485862,50,0.04,2,128
R+D,basal,50,-0.49061771240403873,50,0.0,1,128
R+D,her2,50,-0.4468570451961481,50,0.02,3,128
R+D,luminal,50,-0.3351626457166069,50,0.04,1,128
R+P+D,basal,50,-0.3733165734168437,50,0.0,0,128
R+P+D,her2,50,-0.30940972003949335,50,0.02,3,128
R+P+D,luminal,50,-0.3238012675249344,50,0.04,0,128
MOFA+,basal,50,-0.28716175065379373,50,0.0,0,128
MOFA+,her2,50,-0.4146079636719893,50,0.0,1,128
MOFA+,luminal,50,-0.34480779166712766,50,0.02,2,128
R,basal,50,-0.576675346269137,50,0.0,3,129
R,her2,50,-0.38066731214457,50,0.04,6,129
R,luminal,50,-0.12728992246528975,50,0.04,1,129
R+P,basal,50,-0.4921138530265307,50,0.0,2,129
R+P,her2,50,-0.21852923895397577,50,0.02,4,129
R+P,luminal,50,-0.12518927245547526,50,0.04,1,129
R+D,basal,50,-0.5881980916463092,50,0.0,4,129
R+D,her2,50,-0.6595906875493618,50,0.04,11,129
R+D,luminal,50,-0.3721687562995978,50,0.02,1,129
R+P+D,basal,50,-0.6368359755787055,50,0.0,3,129
R+P+D,her2,50,-0.5002153733385779,50,0.02,8,129
R+P+D,luminal,50,-0.22842472259942131,50,0.02,3,129
MOFA+,basal,50,-0.4745907770782498,50,0.0,2,129
MOFA+,her2,50,-0.2104949088430546,50,0.0,3,129
MOFA+,luminal,50,-0.30468928105892934,50,0.02,2,129
R,basal,50,-0.5061624677891333,50,0.0,2,130
R,her2,50,-0.36315096042601824,50,0.04,5,130
R,luminal,50,-0.25707176630116846,50,0.06,3,130
R+P,basal,50,-0.2783055941129043,50,0.0,2,130
R+P,her2,50,-0.2784087623395529,50,0.04,3,130
R+P,luminal,50,-0.20370060857964756,50,0.06,2,130
R+D,basal,50,-0.620010950529028,50,0.0,0,130
R+D,her2,50,-0.36136242656761014,50,0.02,5,130
R+D,luminal,50,-0.37486079253687954,50,0.06,3,130
R+P+D,basal,50,-0.5007622062276724,50,0.0,1,130
R+P+D,her2,50,-0.3926268933215066,50,0.02,4,130
R+P+D,luminal,50,-0.32771284868711414,50,0.06,2,130
MOFA+,basal,50,-0.35695502357290515,50,0.0,3,130
MOFA+,her2,50,-0.4457929593364844,50,0.02,3,130
MOFA+,luminal,50,-0.27704488537990374,50,0.04,2,130
R,basal,50,-0.5165024139906579,50,0.0,1,131
R,her2,50,-0.42003540157896424,50,0.04,4,131
R,luminal,50,-0.1526931859982103,50,0.06,2,131
R+P,basal,50,-0.5636377594976784,50,0.0,0,131
R+P,her2,50,-0.2547048758970791,50,0.02,4,131
R+P,luminal,50,-0.15929690695086074,50,0.06,2,131
R+D,basal,50,-0.6337211559203668,50,0.0,3,131
R+D,her2,50,-0.6729233408366524,50,0.04,10,131
R+D,luminal,50,-0.3380103798674798,50,0.04,0,131
R+P+D,basal,50,-0.6747989704198666,50,0.0,1,131
R+P+D,her2,50,-0.40634091480930445,50,0.02,6,131
R+P+D,luminal,50,-0.27066954409283883,50,0.04,1,131
MOFA+,basal,50,-0.6259521623051765,50,0.0,2,131
MOFA+,her2,50,-0.34133866539492064,50,0.04,4,131
MOFA+,luminal,50,-0.285796321142621,50,0.02,1,131
R,basal,50,-0.5729367475850925,50,0.0,1,132
R,her2,50,-0.28000265766924626,50,0.02,8,132
R,luminal,50,-0.15811869300566003,50,0.04,1,132
R+P,basal,50,-0.2772660076276578,50,0.0,0,132
R+P,her2,50,-0.31697681783354503,50,0.02,3,132
R+P,luminal,50,-0.1502822199785885,50,0.04,2,132
R+D,basal,50,-0.6587663773075385,50,0.0,1,132
R+D,her2,50,-0.3813109904257886,50,0.02,6,132
R+D,luminal,50,-0.3044797853471382,50,0.04,1,132
R+P+D,basal,50,-0.4846317029252188,50,0.0,1,132
R+P+D,her2,50,-0.36936015559541674,50,0.02,4,132
R+P+D,luminal,50,-0.2406702198494752,50,0.04,1,132
MOFA+,basal,50,-0.5783751024983688,50,0.0,1,132
MOFA+,her2,50,-0.4717859500103085,50,0.02,3,132
MOFA+,luminal,50,-0.2084428652020278,50,0.0,3,132
R,basal,50,-0.5013364072868611,50,0.0,2,133
R,her2,50,-0.40862386060458583,50,0.02,7,133
R,luminal,50,-0.11051562071023462,50,0.04,2,133
R+P,basal,50,-0.20505047344593144,50,0.0,2,133
R+P,her2,50,-0.2618983488937878,50,0.02,4,133
R+P,luminal,50,-0.09544225041426843,50,0.04,2,133
R+D,basal,50,-0.6018695517531939,50,0.0,3,133
R+D,her2,50,-0.48965232089343225,50,0.02,3,133
R+D,luminal,50,-0.2788732749540024,50,0.04,1,133
R+P+D,basal,50,-0.3577586771571701,50,0.0,2,133
R+P+D,her2,50,-0.4143395983390683,50,0.02,3,133
R+P+D,luminal,50,-0.2187273131979593,50,0.04,0,133
MOFA+,basal,50,-0.5337064297183979,50,0.0,2,133
MOFA+,her2,50,-0.46281865115422444,50,0.0,0,133
MOFA+,luminal,50,-0.2044741342685106,50,0.02,0,133
R,basal,50,-0.54513235363512,50,0.0,2,134
R,her2,50,-0.2745737349726571,50,0.04,5,134
R,luminal,50,-0.15352487065431186,50,0.04,3,134
R+P,basal,50,-0.21094664482678593,50,0.0,1,134
R+P,her2,50,-0.16921442956349655,50,0.02,2,134
R+P,luminal,50,-0.1398264288046719,50,0.06,1,134
R+D,basal,50,-0.5915784409435119,50,0.0,1,134
R+D,her2,50,-0.39384671714633607,50,0.06,4,134
R+D,luminal,50,-0.326005142356113,50,0.04,0,134
R+P+D,basal,50,-0.3595776497681479,50,0.0,0,134
R+P+D,her2,50,-0.40707786710096777,50,0.04,4,134
R+P+D,luminal,50,-0.25976641266610967,50,0.04,0,134
MOFA+,basal,50,-0.4292029198355575,50,0.0,0,134
MOFA+,her2,50,-0.47687450528387615,50,0.02,6,134
MOFA+,luminal,50,-0.281657259280776,50,0.02,1,134
R,basal,50,-0.4400969523406761,50,0.0,1,135
R,her2,50,-0.4563798144255199,50,0.02,4,135
R,luminal,50,-0.1486249884124246,50,0.06,3,135
R+P,basal,50,-0.3625872867575661,50,0.0,1,135
R+P,her2,50,-0.24112998997672233,50,0.02,3,135
R+P,luminal,50,-0.14928109873122924,50,0.06,1,135
R+D,basal,50,-0.58353597575125,50,0.0,2,135
R+D,her2,50,-0.552926606000504,50,0.02,5,135
R+D,luminal,50,-0.342019438394215,50,0.04,0,135
R+P+D,basal,50,-0.4459101471143503,50,0.0,0,135
R+P+D,her2,50,-0.3861238306520988,50,0.02,4,135
R+P+D,luminal,50,-0.25357705383041296,50,0.04,1,135
MOFA+,basal,50,-0.5032896967584567,50,0.0,1,135
MOFA+,her2,50,-0.23107890014149027,50,0.04,5,135
MOFA+,luminal,50,-0.2580778727705821,50,0.02,1,135
R,basal,50,-0.5019454222673158,50,0.0,1,136
R,her2,50,-0.24284106332808367,50,0.02,5,136
R,luminal,50,-0.14843738964187433,50,0.04,3,136
R+P,basal,50,-0.43793325508717407,50,0.0,1,136
R+P,her2,50,-0.22580946100599422,50,0.02,2,136
R+P,luminal,50,-0.13909120622319204,50,0.04,2,136
R+D,basal,50,-0.670601348050127,50,0.0,4,136
R+D,her2,50,-0.5154793150159445,50,0.02,5,136
R+D,luminal,50,-0.32693192541750254,50,0.04,3,136
R+P+D,basal,50,-0.48476281316583963,50,0.0,2,136
R+P+D,her2,50,-0.3177565356949375,50,0.02,2,136
R+P+D,luminal,50,-0.19415778381809148,50,0.04,2,136
MOFA+,basal,50,-0.5153700339460677,50,0.0,2,136
MOFA+,her2,50,-0.593042953314218,50,0.02,7,136
MOFA+,luminal,50,-0.28617163034748616,50,0.02,1,136
R,basal,50,-0.4373018730733098,50,0.0,1,137
R,her2,50,-0.32318041763455385,50,0.02,5,137
R,luminal,50,-0.16746199415687188,50,0.04,1,137
R+P,basal,50,-0.3888831779681739,50,0.0,1,137
R+P,her2,50,-0.36235463610056945,50,0.02,3,137
R+P,luminal,50,-0.15298577869760788,50,0.06,2,137
R+D,basal,50,-0.7878122319366873,50,0.0,2,137
R+D,her2,50,-0.48307157237638987,50,0.02,6,137
R+D,luminal,50,-0.39802538108915875,50,0.02,1,137
R+P+D,basal,50,-0.4645565450619065,50,0.0,0,137
R+P+D,her2,50,-0.44906229986076,50,0.04,6,137
R+P+D,luminal,50,-0.3824114185549391,50,0.04,2,137
MOFA+,basal,50,-0.4785275886927885,50,0.0,2,137
MOFA+,her2,50,-0.3596768672827556,50,0.04,3,137
MOFA+,luminal,50,-0.23508150680610485,50,0.02,2,137
R,basal,50,-0.44962827369098235,50,0.0,0,138
R,her2,50,-0.33691830006333945,50,0.02,6,138
R,luminal,50,-0.13865710060705635,50,0.04,1,138
R+P,basal,50,-0.23320880019687368,50,0.0,1,138
R+P,her2,50,-0.23150207620639354,50,0.02,2,138
R+P,luminal,50,-0.11135287523389346,50,0.04,2,138
R+D,basal,50,-0.6533228195960058,50,0.0,1,138
R+D,her2,50,-0.40660161254894917,50,0.02,3,138
R+D,luminal,50,-0.3185835305992157,50,0.04,2,138
R+P+D,basal,50,-0.3130536627456006,50,0.0,1,138
R+P+D,her2,50,-0.33645543780526543,50,0.02,2,138
R+P+D,luminal,50,-0.3131860727270403,50,0.04,0,138
MOFA+,basal,50,-0.5007119029017434,50,0.0,2,138
MOFA+,her2,50,-0.18673116124568018,50,0.02,1,138
MOFA+,luminal,50,-0.2792792351829146,50,0.02,1,138
R,basal,50,-0.4430870970810713,50,0.0,1,139
R,her2,50,-0.44629989749486354,50,0.02,10,139
R,luminal,50,-0.18502654578961594,50,0.04,2,139
R+P,basal,50,-0.3491667151940003,50,0.0,2,139
R+P,her2,50,-0.29542959805716235,50,0.02,2,139
R+P,luminal,50,-0.19318720027262848,50,0.04,1,139
R+D,basal,50,-0.5377406308329289,50,0.0,2,139
R+D,her2,50,-0.46476745151005716,50,0.02,6,139
R+D,luminal,50,-0.3509847756364187,50,0.02,1,139
R+P+D,basal,50,-0.3457365585070821,50,0.0,1,139
R+P+D,her2,50,-0.4808672927003357,50,0.02,4,139
R+P+D,luminal,50,-0.2795084187752542,50,0.02,1,139
MOFA+,basal,50,-0.34622659017617946,50,0.0,1,139
MOFA+,her2,50,-0.6169242324219364,50,0.02,1,139
MOFA+,luminal,50,-0.3668877090179761,50,0.02,2,139
R,basal,50,-0.5614545348177835,50,0.0,0,140
R,her2,50,-0.34393664553367986,50,0.02,8,140
R,luminal,50,-0.17067631036203512,50,0.04,1,140
R+P,basal,50,-0.43640483234164357,50,0.0,2,140
R+P,her2,50,-0.39402771987367935,50,0.04,3,140
R+P,luminal,50,-0.17990849036723133,50,0.04,1,140
R+D,basal,50,-0.5846417561217883,50,0.0,0,140
R+D,her2,50,-0.5072230654314798,50,0.02,8,140
R+D,luminal,50,-0.26558086760986277,50,0.04,2,140
R+P+D,basal,50,-0.45146379578421664,50,0.0,0,140
R+P+D,her2,50,-0.4907904072619402,50,0.02,6,140
R+P+D,luminal,50,-0.278317850643693,50,0.04,2,140
MOFA+,basal,50,-0.40724334178201405,50,0.0,1,140
MOFA+,her2,50,-0.6865014946393458,50,0.0,5,140
MOFA+,luminal,50,-0.36281655111539435,50,0.02,2,140
R,basal,50,-0.6071997225205977,50,0.0,3,141
R,her2,50,-0.48780065579884563,50,0.02,6,141
R,luminal,50,-0.13180354834257538,50,0.04,2,141
R+P,basal,50,-0.7066941716944285,50,0.0,2,141
R+P,her2,50,-0.44009489580828876,50,0.02,5,141
R+P,luminal,50,-0.10472094892997715,50,0.04,2,141
R+D,basal,50,-0.6467025198400396,50,0.0,3,141
R+D,her2,50,-0.45301232257502605,50,0.02,7,141
R+D,luminal,50,-0.25840719418486635,50,0.04,2,141
R+P+D,basal,50,-0.6170943372334649,50,0.0,1,141
R+P+D,her2,50,-0.503749305088742,50,0.02,5,141
R+P+D,luminal,50,-0.23098972128564949,50,0.04,1,141
MOFA+,basal,50,-0.7141780337235314,50,0.0,2,141
MOFA+,her2,50,-0.30530556669594106,50,0.02,0,141
MOFA+,luminal,50,-0.24642335195955453,50,0.02,2,141
R,basal,50,-0.4435000625174462,50,0.0,0,142
R,her2,50,-0.19824488448555577,50,0.02,7,142
R,luminal,50,-0.14250433644129612,50,0.04,3,142
R+P,basal,50,-0.30244866204024384,50,0.0,3,142
R+P,her2,50,-0.2490208402171966,50,0.04,3,142
R+P,luminal,50,-0.17208282171605102,50,0.04,2,142
R+D,basal,50,-0.659951343598724,50,0.0,3,142
R+D,her2,50,-0.34109555901629285,50,0.02,6,142
R+D,luminal,50,-0.2959079552245976,50,0.04,0,142
R+P+D,basal,50,-0.46176068356089056,50,0.0,1,142
R+P+D,her2,50,-0.43441442745076797,50,0.02,5,142
R+P+D,luminal,50,-0.24590140577274028,50,0.04,0,142
MOFA+,basal,50,-0.4335677552677182,50,0.0,1,142
MOFA+,her2,50,-0.2855249514602181,50,0.0,1,142
MOFA+,luminal,50,-0.2784057262690805,50,0.02,1,142
R,basal,50,-0.4830025294839841,50,0.0,2,143
R,her2,50,-0.27712795455387096,50,0.02,5,143
R,luminal,50,-0.13738337758984953,50,0.02,4,143
R+P,basal,50,-0.2576262475141057,50,0.0,1,143
R+P,her2,50,-0.25183305892555213,50,0.02,3,143
R+P,luminal,50,-0.21295102399206428,50,0.06,2,143
R+D,basal,50,-0.7318520096141623,50,0.0,3,143
R+D,her2,50,-0.39883745891540506,50,0.02,6,143
R+D,luminal,50,-0.31858926061873094,50,0.04,2,143
R+P+D,basal,50,-0.5195643162841755,50,0.0,1,143
R+P+D,her2,50,-0.2891370228119894,50,0.02,4,143
R+P+D,luminal,50,-0.31200786374483935,50,0.06,2,143
MOFA+,basal,50,-0.4998678354262405,50,0.0,1,143
MOFA+,her2,50,-0.18391915729536354,50,0.0,1,143
MOFA+,luminal,50,-0.3666494905625916,50,0.0,3,143
R,basal,50,-0.6240035193473034,50,0.0,2,144
R,her2,50,-0.23575297891491392,50,0.02,4,144
R,luminal,50,-0.18605614090337283,50,0.06,2,144
R+P,basal,50,-0.4350511740059332,50,0.0,1,144
R+P,her2,50,-0.2024047615715414,50,0.02,5,144
R+P,luminal,50,-0.15192567875462418,50,0.06,2,144
R+D,basal,50,-0.648126437243346,50,0.0,3,144
R+D,her2,50,-0.5232188757321331,50,0.02,8,144
R+D,luminal,50,-0.3288251024770028,50,0.04,0,144
R+P+D,basal,50,-0.689864009336728,50,0.0,3,144
R+P+D,her2,50,-0.3392996585866982,50,0.02,4,144
R+P+D,luminal,50,-0.19531859351364791,50,0.04,1,144
MOFA+,basal,50,-0.5236439639376848,50,0.0,4,144
MOFA+,her2,50,-0.29594796346461516,50,0.04,4,144
MOFA+,luminal,50,-0.2714709841171543,50,0.04,3,144
R,basal,50,-0.5991620410843912,50,0.0,0,145
R,her2,50,-0.2228392173801247,50,0.02,8,145
R,luminal,50,-0.18570331873170887,50,0.04,3,145
R+P,basal,50,-0.42755558919480746,50,0.0,1,145
R+P,her2,50,-0.2787294207947432,50,0.02,2,145
R+P,luminal,50,-0.1694859255179824,50,0.04,2,145
R+D,basal,50,-0.6342067920957656,50,0.0,0,145
R+D,her2,50,-0.41524287131303395,50,0.02,6,145
R+D,luminal,50,-0.30923866496496266,50,0.04,2,145
R+P+D,basal,50,-0.6206671123065273,50,0.0,2,145
R+P+D,her2,50,-0.30708366665246684,50,0.02,5,145
R+P+D,luminal,50,-0.27160381978299225,50,0.04,2,145
MOFA+,basal,50,-0.48302671127360414,50,0.0,2,145
MOFA+,her2,50,-0.27396851219698354,50,0.04,4,145
MOFA+,luminal,50,-0.30257071910577393,50,0.0,3,145
R,basal,50,-0.6713908491101681,50,0.0,0,146
R,her2,50,-0.4516824885973221,50,0.04,9,146
R,luminal,50,-0.22118846805207176,50,0.06,2,146
R+P,basal,50,-0.45209971954405903,50,0.0,2,146
R+P,her2,50,-0.3248644692099727,50,0.02,4,146
R+P,luminal,50,-0.15435909631765066,50,0.04,0,146
R+D,basal,50,-0.7294392170532754,50,0.0,1,146
R+D,her2,50,-0.5465070550153277,50,0.02,9,146
R+D,luminal,50,-0.38425853086886397,50,0.04,1,146
R+P+D,basal,50,-0.653380240706891,50,0.0,1,146
R+P+D,her2,50,-0.4038193310335491,50,0.02,5,146
R+P+D,luminal,50,-0.290877332403189,50,0.04,0,146
MOFA+,basal,50,-0.5636123870100416,50,0.0,1,146
MOFA+,her2,50,-0.5463421835666851,50,0.0,3,146
MOFA+,luminal,50,-0.29522690842566435,50,0.02,1,146
R,basal,50,-0.5892863500937984,50,0.0,2,147
R,her2,50,-0.46137125972794135,50,0.02,6,147
R,luminal,50,-0.14643041374833543,50,0.04,2,147
R+P,basal,50,-0.42970492434373503,50,0.0,1,147
R+P,her2,50,-0.1817723195357964,50,0.0,1,147
R+P,luminal,50,-0.16298923837557303,50,0.06,2,147
R+D,basal,50,-0.6364937572220419,50,0.0,2,147
R+D,her2,50,-0.47404169732009366,50,0.04,7,147
R+D,luminal,50,-0.27385523106083165,50,0.04,1,147
R+P+D,basal,50,-0.647312193866075,50,0.0,3,147
R+P+D,her2,50,-0.3609309097098751,50,0.02,4,147
R+P+D,luminal,50,-0.14224785100325,50,0.04,1,147
MOFA+,basal,50,-0.6731659482585465,50,0.0,1,147
MOFA+,her2,50,-0.32214089661318096,50,0.06,2,147
MOFA+,luminal,50,-0.2557658471533195,50,0.02,1,147
R,basal,50,-0.45300561803382683,50,0.0,1,148
R,her2,50,-0.4140004473953296,50,0.02,4,148
R,luminal,50,-0.12521148672773652,50,0.04,4,148
R+P,basal,50,-0.4399489287500187,50,0.0,1,148
R+P,her2,50,-0.2642822322875398,50,0.02,3,148
R+P,luminal,50,-0.10293169224939457,50,0.04,2,148
R+D,basal,50,-0.6841673167213108,50,0.0,3,148
R+D,her2,50,-0.471197396203932,50,0.02,4,148
R+D,luminal,50,-0.32318515197024,50,0.02,0,148
R+P+D,basal,50,-0.5895537697258347,50,0.0,1,148
R+P+D,her2,50,-0.4060293717314237,50,0.02,5,148
R+P+D,luminal,50,-0.11054276561624991,50,0.02,0,148
MOFA+,basal,50,-0.5413114366371143,50,0.0,2,148
MOFA+,her2,50,-0.32494632787481975,50,0.02,3,148
MOFA+,luminal,50,-0.1401677518295838,50,0.02,1,148
R,basal,50,-0.5944282477666043,50,0.0,2,149
R,her2,50,-0.46561208187061065,50,0.04,3,149
R,luminal,50,-0.12013800537454894,50,0.04,3,149
R+P,basal,50,-0.37501419911522865,50,0.0,2,149
R+P,her2,50,-0.1959217571702816,50,0.02,2,149
R+P,luminal,50,-0.10380568505505065,50,0.04,3,149
R+D,basal,50,-0.6013403200860431,50,0.0,1,149
R+D,her2,50,-0.5742329776732586,50,0.02,5,149
R+D,luminal,50,-0.3162193775752673,50,0.04,0,149
R+P+D,basal,50,-0.5891369634375505,50,0.0,2,149
R+P+D,her2,50,-0.32062140601684086,50,0.02,4,149
R+P+D,luminal,50,-0.2308805285102876,50,0.04,1,149
MOFA+,basal,50,-0.4188009818246334,50,0.0,2,149
MOFA+,her2,50,-0.39706847192823724,50,0.0,5,149
MOFA+,luminal,50,-0.24319583929729102,50,0.04,2,149
R,basal,50,-0.577931202163043,50,0.0,0,150
R,her2,50,-0.5219214999520857,50,0.04,6,150
R,luminal,50,-0.14314584022050358,50,0.04,3,150
R+P,basal,50,-0.26818721003975976,50,0.0,2,150
R+P,her2,50,-0.36516758703917773,50,0.02,4,150
R+P,luminal,50,-0.10215142177785701,50,0.04,2,150
R+D,basal,50,-0.6131480983543252,50,0.0,3,150
R+D,her2,50,-0.5139293900929209,50,0.02,6,150
R+D,luminal,50,-0.3923860543609844,50,0.04,2,150
R+P+D,basal,50,-0.32642072273232275,50,0.0,2,150
R+P+D,her2,50,-0.46786129102832597,50,0.02,5,150
R+P+D,luminal,50,-0.25692983549430143,50,0.04,1,150
MOFA+,basal,50,-0.4254712804756193,50,0.0,2,150
MOFA+,her2,50,-0.5449533219100411,50,0.04,4,150
MOFA+,luminal,50,-0.3436166090213292,50,0.02,3,150
R,basal,50,-0.6188186613227628,50,0.0,1,151
R,her2,50,-0.3797631645049002,50,0.02,8,151
R,luminal,50,-0.1589197745282783,50,0.06,3,151
R+P,basal,50,-0.3789468485036791,50,0.0,1,151
R+P,her2,50,-0.318753533617614,50,0.02,2,151
R+P,luminal,50,-0.17821658217681846,50,0.06,2,151
R+D,basal,50,-0.6971499223085617,50,0.0,2,151
R+D,her2,50,-0.4343295370412113,50,0.02,4,151
R+D,luminal,50,-0.2857547809674699,50,0.04,0,151
R+P+D,basal,50,-0.5160395803423059,50,0.0,1,151
R+P+D,her2,50,-0.4236365168796064,50,0.02,2,151
R+P+D,luminal,50,-0.1985688300329763,50,0.04,1,151
MOFA+,basal,50,-0.44392479551151603,50,0.0,3,151
MOFA+,her2,50,-0.48387765144387096,50,0.02,2,151
MOFA+,luminal,50,-0.29479464549890416,50,0.02,1,151
R,basal,50,-0.5550597486438322,50,0.0,1,152
R,her2,50,-0.4142161007373734,50,0.02,3,152
R,luminal,50,-0.13805230958353626,50,0.04,3,152
R+P,basal,50,-0.4734644032149617,50,0.0,1,152
R+P,her2,50,-0.20528663217308707,50,0.02,2,152
R+P,luminal,50,-0.13499361371010274,50,0.04,3,152
R+D,basal,50,-0.6880106824491489,50,0.0,3,152
R+D,her2,50,-0.619329473519746,50,0.02,3,152
R+D,luminal,50,-0.3327813120335677,50,0.04,1,152
R+P+D,basal,50,-0.567826680351947,50,0.0,3,152
R+P+D,her2,50,-0.37645624741991407,50,0.02,2,152
R+P+D,luminal,50,-0.23116112893424906,50,0.04,1,152
MOFA+,basal,50,-0.4290421146000423,50,0.0,3,152
MOFA+,her2,50,-0.5269276602519101,50,0.06,3,152
MOFA+,luminal,50,-0.27684475906749184,50,0.02,1,152
R,basal,50,-0.5783459528734273,50,0.0,1,153
R,her2,50,-0.2905352008317114,50,0.02,3,153
R,luminal,50,-0.20998027884525858,50,0.04,2,153
R+P,basal,50,-0.3706851802195906,50,0.0,2,153
R+P,her2,50,-0.2365014666732915,50,0.04,3,153
R+P,luminal,50,-0.17602715093985796,50,0.04,1,153
R+D,basal,50,-0.7456332875471133,50,0.0,2,153
R+D,her2,50,-0.39074108600019936,50,0.02,6,153
R+D,luminal,50,-0.4058168232990127,50,0.02,2,153
R+P+D,basal,50,-0.4470366704698669,50,0.0,3,153
R+P+D,her2,50,-0.3605732812187984,50,0.02,5,153
R+P+D,luminal,50,-0.3000010709246775,50,0.02,1,153
MOFA+,basal,50,-0.24717066276040953,50,0.0,2,153
MOFA+,her2,50,-0.3926119578091617,50,0.02,6,153
MOFA+,luminal,50,-0.3579687966401384,50,0.04,1,153
R,basal,50,-0.612955752372555,50,0.0,1,154
R,her2,50,-0.41563150848884556,50,0.02,6,154
R,luminal,50,-0.14767639067595284,50,0.04,2,154
R+P,basal,50,-0.4171877981844874,50,0.0,3,154
R+P,her2,50,-0.3468784419120547,50,0.02,5,154
R+P,luminal,50,-0.09359603413153307,50,0.04,2,154
R+D,basal,50,-0.6891048649100844,50,0.0,3,154
R+D,her2,50,-0.4410764428387692,50,0.02,4,154
R+D,luminal,50,-0.3969438643941835,50,0.04,1,154
R+P+D,basal,50,-0.46254669039616614,50,0.0,2,154
R+P+D,her2,50,-0.4306219129517638,50,0.02,5,154
R+P+D,luminal,50,-0.2758482011164467,50,0.04,0,154
MOFA+,basal,50,-0.5578091396346758,50,0.0,5,154
MOFA+,her2,50,-0.5440911938694778,50,0.0,2,154
MOFA+,luminal,50,-0.21703629721629064,50,0.02,2,154
R,basal,50,-0.6764987305424444,50,0.0,2,155
R,her2,50,-0.3101216341887995,50,0.04,9,155
R,luminal,50,-0.19677349547757791,50,0.04,1,155
R+P,basal,50,-0.2918751651059517,50,0.0,0,155
R+P,her2,50,-0.16547957540257097,50,0.02,5,155
R+P,luminal,50,-0.16035058075325367,50,0.06,1,155
R+D,basal,50,-0.6114507408994154,50,0.0,2,155
R+D,her2,50,-0.49739135359178377,50,0.02,10,155
R+D,luminal,50,-0.3912410456292151,50,0.04,1,155
R+P+D,basal,50,-0.54929396877289,50,0.0,3,155
R+P+D,her2,50,-0.3379962131977696,50,0.02,3,155
R+P+D,luminal,50,-0.31206520933479115,50,0.04,0,155
MOFA+,basal,50,-0.5930781794018685,50,0.0,2,155
MOFA+,her2,50,-0.5302916118321179,50,0.0,5,155
MOFA+,luminal,50,-0.3457371793239836,50,0.02,1,155
R,basal,50,-0.6095326816061314,50,0.0,1,156
R,her2,50,-0.35369333123591373,50,0.02,6,156
R,luminal,50,-0.15282611587125683,50,0.06,2,156
R+P,basal,50,-0.41926014606171946,50,0.0,2,156
R+P,her2,50,-0.3660341203608008,50,0.02,3,156
R+P,luminal,50,-0.1310270095835313,50,0.06,2,156
R+D,basal,50,-0.7216151528495034,50,0.0,2,156
R+D,her2,50,-0.5184218756521759,50,0.02,5,156
R+D,luminal,50,-0.38239305236640647,50,0.04,1,156
R+P+D,basal,50,-0.653501011845546,50,0.0,0,156
R+P+D,her2,50,-0.540370248668842,50,0.02,6,156
R+P+D,luminal,50,-0.2708591477734166,50,0.04,0,156
MOFA+,basal,50,-0.5684308481618127,50,0.0,1,156
MOFA+,her2,50,-0.4028505676570387,50,0.02,3,156
MOFA+,luminal,50,-0.3109709324222559,50,0.02,1,156
R,basal,50,-0.7950177215088398,50,0.0,3,157
R,her2,50,-0.3106527509401999,50,0.02,7,157
R,luminal,50,-0.14967359754315532,50,0.04,1,157
R+P,basal,50,-0.6397892801204957,50,0.0,2,157
R+P,her2,50,-0.22937269988939385,50,0.02,4,157
R+P,luminal,50,-0.13767248285555364,50,0.04,2,157
R+D,basal,50,-0.7249881590931865,50,0.0,0,157
R+D,her2,50,-0.4466000410007666,50,0.02,10,157
R+D,luminal,50,-0.3260658755893063,50,0.04,1,157
R+P+D,basal,50,-0.8328680592095645,50,0.0,4,157
R+P+D,her2,50,-0.442906905155329,50,0.02,5,157
R+P+D,luminal,50,-0.3030383673813273,50,0.04,2,157
MOFA+,basal,50,-0.7300437552837988,50,0.0,2,157
MOFA+,her2,50,-0.24048876203030542,50,0.02,5,157
MOFA+,luminal,50,-0.3096039325228196,50,0.02,2,157
R,basal,50,-0.6374273704784599,50,0.0,0,158
R,her2,50,-0.25576830891284297,50,0.02,4,158
R,luminal,50,-0.11595127080168252,50,0.04,1,158
R+P,basal,50,-0.37096116064807183,50,0.0,1,158
R+P,her2,50,-0.1666684716001802,50,0.04,3,158
R+P,luminal,50,-0.08341887660531919,50,0.04,1,158
R+D,basal,50,-0.7197845331025323,50,0.0,2,158
R+D,her2,50,-0.4782227089243559,50,0.02,7,158
R+D,luminal,50,-0.3137869414774055,50,0.02,2,158
R+P+D,basal,50,-0.5875748553707119,50,0.0,0,158
R+P+D,her2,50,-0.4548275355978989,50,0.02,5,158
R+P+D,luminal,50,-0.23278333555863182,50,0.02,1,158
MOFA+,basal,50,-0.796873758180204,50,0.0,1,158
MOFA+,her2,50,-0.44011446143286265,50,0.02,6,158
MOFA+,luminal,50,-0.24381819371082586,50,0.02,2,158
R,basal,50,-0.6044189634124609,50,0.0,2,159
R,her2,50,-0.3521258940136765,50,0.02,8,159
R,luminal,50,-0.14601919271387773,50,0.06,2,159
R+P,basal,50,-0.40923247731541484,50,0.0,2,159
R+P,her2,50,-0.41609346611450776,50,0.04,2,159
R+P,luminal,50,-0.1194369277870389,50,0.06,0,159
R+D,basal,50,-0.6993040873721512,50,0.0,2,159
R+D,her2,50,-0.41090446577822837,50,0.02,5,159
R+D,luminal,50,-0.3613149641488144,50,0.02,1,159
R+P+D,basal,50,-0.5078194607112397,50,0.0,2,159
R+P+D,her2,50,-0.506757741914628,50,0.02,4,159
R+P+D,luminal,50,-0.34654434935477135,50,0.04,2,159
MOFA+,basal,50,-0.5915793024986808,50,0.0,4,159
MOFA+,her2,50,-0.4570645721781456,50,0.02,6,159
MOFA+,luminal,50,-0.2579615312511928,50,0.04,2,159
R,basal,50,-0.5275564307278694,50,0.0,2,160
R,her2,50,-0.4342881359635972,50,0.02,5,160
R,luminal,50,-0.1460782378409555,50,0.06,2,160
R+P,basal,50,-0.3523215778966612,50,0.0,1,160
R+P,her2,50,-0.35534676208302457,50,0.02,4,160
R+P,luminal,50,-0.18465430713316106,50,0.06,1,160
R+D,basal,50,-0.611030380044951,50,0.0,2,160
R+D,her2,50,-0.5196233313193245,50,0.02,6,160
R+D,luminal,50,-0.39166588558655435,50,0.04,1,160
R+P+D,basal,50,-0.5418226995425106,50,0.0,1,160
R+P+D,her2,50,-0.4332499695101722,50,0.02,3,160
R+P+D,luminal,50,-0.29671351432998183,50,0.06,2,160
MOFA+,basal,50,-0.4209440108176317,50,0.0,2,160
MOFA+,her2,50,-0.3277756457595152,50,0.02,3,160
MOFA+,luminal,50,-0.30854455954299376,50,0.02,1,160
R,basal,50,-0.5436523277868479,50,0.0,0,161
R,her2,50,-0.3265566048570277,50,0.02,8,161
R,luminal,50,-0.15715378417295273,50,0.06,4,161
R+P,basal,50,-0.42931919719760997,50,0.0,3,161
R+P,her2,50,-0.31625081028513885,50,0.02,4,161
R+P,luminal,50,-0.1972458518877098,50,0.08,3,161
R+D,basal,50,-0.6215039463813432,50,0.0,0,161
R+D,her2,50,-0.5668947294648505,50,0.02,10,161
R+D,luminal,50,-0.2462674640483343,50,0.02,2,161
R+P+D,basal,50,-0.6324140941667477,50,0.0,1,161
R+P+D,her2,50,-0.3216027517594485,50,0.02,4,161
R+P+D,luminal,50,-0.2987941944410714,50,0.02,2,161
MOFA+,basal,50,-0.5031951544170663,50,0.0,3,161
MOFA+,her2,50,-0.3722178979994309,50,0.02,4,161
MOFA+,luminal,50,-0.31994108988763614,50,0.0,2,161
R,basal,50,-0.4468877970545384,50,0.0,1,162
R,her2,50,-0.36528864692695406,50,0.02,4,162
R,luminal,50,-0.10601087050472138,50,0.04,2,162
R+P,basal,50,-0.18863298924470878,50,0.0,1,162
R+P,her2,50,-0.2786726227836829,50,0.02,3,162
R+P,luminal,50,-0.1394178236031355,50,0.04,2,162
R+D,basal,50,-0.5444429997486854,50,0.0,1,162
R+D,her2,50,-0.47334347801582605,50,0.02,4,162
R+D,luminal,50,-0.2534091531664231,50,0.02,1,162
R+P+D,basal,50,-0.2748592306671464,50,0.0,0,162
R+P+D,her2,50,-0.3217274642074051,50,0.02,3,162
R+P+D,luminal,50,-0.185753810647471,50,0.02,1,162
MOFA+,basal,50,-0.29190732229345906,50,0.0,1,162
MOFA+,her2,50,-0.5288857273537119,50,0.0,2,162
MOFA+,luminal,50,-0.3406612670356701,50,0.02,2,162
R,basal,50,-0.4727773785885187,50,0.0,1,163
R,her2,50,-0.49442644365577215,50,0.02,6,163
R,luminal,50,-0.15748295149647848,50,0.04,1,163
R+P,basal,50,-0.14338169007131563,50,0.0,1,163
R+P,her2,50,-0.30657555151723637,50,0.02,4,163
R+P,luminal,50,-0.15374465180289396,50,0.04,1,163
R+D,basal,50,-0.513733490221758,50,0.0,1,163
R+D,her2,50,-0.5388934394520686,50,0.02,3,163
R+D,luminal,50,-0.2809163577183477,50,0.04,0,163
R+P+D,basal,50,-0.2724134998026392,50,0.0,1,163
R+P+D,her2,50,-0.48499623731853736,50,0.02,5,163
R+P+D,luminal,50,-0.2770001902730211,50,0.04,1,163
MOFA+,basal,50,-0.25600146983662886,50,0.0,0,163
MOFA+,her2,50,-0.623294853174976,50,0.02,6,163
MOFA+,luminal,50,-0.34427574116355986,50,0.04,3,163
R,basal,50,-0.582663262497714,50,0.0,2,164
R,her2,50,-0.2629356277986519,50,0.02,5,164
R,luminal,50,-0.1812290956846343,50,0.06,3,164
R+P,basal,50,-0.262707666023393,50,0.0,2,164
R+P,her2,50,-0.35048336525985513,50,0.02,3,164
R+P,luminal,50,-0.13539441812787792,50,0.04,1,164
R+D,basal,50,-0.5819630620762198,50,0.0,3,164
R+D,her2,50,-0.4053704135809583,50,0.02,4,164
R+D,luminal,50,-0.3798583607436442,50,0.04,0,164
R+P+D,basal,50,-0.4033775589556074,50,0.0,3,164
R+P+D,her2,50,-0.3688052819179022,50,0.04,4,164
R+P+D,luminal,50,-0.2330316490838538,50,0.04,0,164
MOFA+,basal,50,-0.44321376647953187,50,0.0,3,164
MOFA+,her2,50,-0.33330810932659644,50,0.02,5,164
MOFA+,luminal,50,-0.2542105937968975,50,0.02,0,164
R,basal,50,-0.5206488342508517,50,0.0,1,165
R,her2,50,-0.32642674144280726,50,0.02,3,165
R,luminal,50,-0.10667395001652008,50,0.04,4,165
R+P,basal,50,-0.31074667432605774,50,0.0,1,165
R+P,her2,50,-0.22278828349264007,50,0.02,1,165
R+P,luminal,50,-0.09778508078698187,50,0.04,2,165
R+D,basal,50,-0.6273499244276148,50,0.0,2,165
R+D,her2,50,-0.5162045900550323,50,0.02,3,165
R+D,luminal,50,-0.2261442971349431,50,0.02,1,165
R+P+D,basal,50,-0.4964532323117738,50,0.0,2,165
R+P+D,her2,50,-0.39974159827830874,50,0.02,3,165
R+P+D,luminal,50,-0.23240450234688714,50,0.02,2,165
MOFA+,basal,50,-0.29763596434856254,50,0.0,2,165
MOFA+,her2,50,-0.4876978888416625,50,0.04,2,165
MOFA+,luminal,50,-0.3343700949030689,50,0.04,3,165
R,basal,50,-0.779168152486612,50,0.0,2,166
R,her2,50,-0.35952286045075427,50,0.04,9,166
R,luminal,50,-0.15927729187499823,50,0.04,1,166
R+P,basal,50,-0.47393098235388875,50,0.0,1,166
R+P,her2,50,-0.23822810083012677,50,0.02,4,166
R+P,luminal,50,-0.11567272841683625,50,0.04,2,166
R+D,basal,50,-0.6468546351930158,50,0.0,4,166
R+D,her2,50,-0.6339768069549634,50,0.04,10,166
R+D,luminal,50,-0.40133165726336534,50,0.04,2,166
R+P+D,basal,50,-0.5682800083659361,50,0.0,3,166
R+P+D,her2,50,-0.5208931379253962,50,0.02,7,166
R+P+D,luminal,50,-0.31719472361661966,50,0.04,2,166
MOFA+,basal,50,-0.5441251359615731,50,0.0,1,166
MOFA+,her2,50,-0.2340544231164795,50,0.0,1,166
MOFA+,luminal,50,-0.33443227200827363,50,0.0,2,166
R,basal,50,-0.41787739708224314,50,0.0,2,167
R,her2,50,-0.3519106596972298,50,0.02,8,167
R,luminal,50,-0.2385981044622563,50,0.04,2,167
R+P,basal,50,-0.2741314564847251,50,0.0,1,167
R+P,her2,50,-0.36396556215777504,50,0.02,6,167
R+P,luminal,50,-0.1836371754615374,50,0.04,2,167
R+D,basal,50,-0.5604450615755746,50,0.0,2,167
R+D,her2,50,-0.3147346493087981,50,0.02,4,167
R+D,luminal,50,-0.43378639075708236,50,0.04,1,167
R+P+D,basal,50,-0.48432062277724464,50,0.0,1,167
R+P+D,her2,50,-0.42144078282532105,50,0.02,5,167
R+P+D,luminal,50,-0.2831205109723118,50,0.04,1,167
MOFA+,basal,50,-0.45625877090749734,50,0.0,3,167
MOFA+,her2,50,-0.24066602118363029,50,0.0,1,167
MOFA+,luminal,50,-0.3630246734292789,50,0.02,2,167
R,basal,50,-0.5407296208476781,50,0.0,1,168
R,her2,50,-0.5375064451168006,50,0.02,6,168
R,luminal,50,-0.16486815001352845,50,0.04,2,168
R+P,basal,50,-0.3175914149452845,50,0.0,4,168
R+P,her2,50,-0.30578549400434096,50,0.0,0,168
R+P,luminal,50,-0.10886121906470528,50,0.04,1,168
R+D,basal,50,-0.6172701772737169,50,0.0,1,168
R+D,her2,50,-0.5187560911038659,50,0.02,5,168
R+D,luminal,50,-0.32898239217877745,50,0.02,1,168
R+P+D,basal,50,-0.34355120488975943,50,0.0,4,168
R+P+D,her2,50,-0.5089084281355506,50,0.0,5,168
R+P+D,luminal,50,-0.24095815299123327,50,0.02,1,168
MOFA+,basal,50,-0.3821048745418445,50,0.0,4,168
MOFA+,her2,50,-0.3606465868780257,50,0.02,4,168
MOFA+,luminal,50,-0.3232020217322291,50,0.0,1,168
R,basal,50,-0.36015885677706644,50,0.0,1,169
R,her2,50,-0.36030620642947186,50,0.02,8,169
R,luminal,50,-0.16727159444689868,50,0.04,2,169
R+P,basal,50,-0.2465431107752145,50,0.0,1,169
R+P,her2,50,-0.4683061200861328,50,0.02,7,169
R+P,luminal,50,-0.13882229060542176,50,0.04,3,169
R+D,basal,50,-0.587730982500825,50,0.0,0,169
R+D,her2,50,-0.5219261541862982,50,0.02,5,169
R+D,luminal,50,-0.3030176918980179,50,0.02,1,169
R+P+D,basal,50,-0.3891913193046826,50,0.0,2,169
R+P+D,her2,50,-0.41937928506662786,50,0.02,5,169
R+P+D,luminal,50,-0.17834692066876684,50,0.02,1,169
MOFA+,basal,50,-0.407219665163513,50,0.0,4,169
MOFA+,her2,50,-0.5902349268586243,50,0.02,4,169
MOFA+,luminal,50,-0.3085079531948935,50,0.02,3,169
R,basal,50,-0.7600395005418565,50,0.0,5,170
R,her2,50,-0.3034716227830812,50,0.02,3,170
R,luminal,50,-0.12016890265004154,50,0.04,2,170
R+P,basal,50,-0.6718257508784256,50,0.0,4,170
R+P,her2,50,-0.3672507103832472,50,0.02,2,170
R+P,luminal,50,-0.15897988925300177,50,0.04,0,170
R+D,basal,50,-0.6479593669031669,50,0.0,3,170
R+D,her2,50,-0.38570894868667904,50,0.02,3,170
R+D,luminal,50,-0.18310061167027647,50,0.02,0,170
R+P+D,basal,50,-0.670575445828219,50,0.0,2,170
R+P+D,her2,50,-0.3081944847135913,50,0.02,3,170
R+P+D,luminal,50,-0.20049960690816315,50,0.02,0,170
MOFA+,basal,50,-0.41402904093760573,50,0.0,0,170
MOFA+,her2,50,-0.4422604707553214,50,0.02,2,170
MOFA+,luminal,50,-0.21556133740962577,50,0.02,2,170
R,basal,50,-0.47035168153182627,50,0.0,0,171
R,her2,50,-0.3707283253103562,50,0.02,6,171
R,luminal,50,-0.14662291838933292,50,0.04,2,171
R+P,basal,50,-0.24865237249349895,50,0.0,0,171
R+P,her2,50,-0.23002598520471004,50,0.02,2,171
R+P,luminal,50,-0.12047777524032269,50,0.04,1,171
R+D,basal,50,-0.6601513972166524,50,0.0,2,171
R+D,her2,50,-0.5475468183503501,50,0.04,7,171
R+D,luminal,50,-0.2549120068843019,50,0.02,1,171
R+P+D,basal,50,-0.43921783451390517,50,0.0,0,171
R+P+D,her2,50,-0.46942305450264965,50,0.02,6,171
R+P+D,luminal,50,-0.22119509816963845,50,0.02,0,171
MOFA+,basal,50,-0.5114440938491682,50,0.0,1,171
MOFA+,her2,50,-0.15215060785613,50,0.0,0,171
MOFA+,luminal,50,-0.23224988731022958,50,0.02,1,171
R,basal,50,-0.6354202172639348,50,0.0,2,172
R,her2,50,-0.3136891841481106,50,0.02,3,172
R,luminal,50,-0.1171347694378159,50,0.04,3,172
R+P,basal,50,-0.5732095645392018,50,0.0,2,172
R+P,her2,50,-0.19882408592583756,50,0.04,3,172
R+P,luminal,50,-0.14468962948033956,50,0.04,2,172
R+D,basal,50,-0.6525147710870565,50,0.0,3,172
R+D,her2,50,-0.42306756338782586,50,0.02,6,172
R+D,luminal,50,-0.27902308368055323,50,0.02,1,172
R+P+D,basal,50,-0.5437381146339438,50,0.0,3,172
R+P+D,her2,50,-0.4119324887191982,50,0.02,6,172
R+P+D,luminal,50,-0.23642957369524983,50,0.02,1,172
MOFA+,basal,50,-0.47848457127738875,50,0.0,1,172
MOFA+,her2,50,-0.4672249762355614,50,0.02,7,172
MOFA+,luminal,50,-0.4115294631810416,50,0.02,3,172
R,basal,50,-0.5840507532536908,50,0.0,1,173
R,her2,50,-0.41530694125809103,50,0.02,7,173
R,luminal,50,-0.11718054557590425,50,0.04,1,173
R+P,basal,50,-0.5554025504256649,50,0.0,2,173
R+P,her2,50,-0.22343257807528158,50,0.02,5,173
R+P,luminal,50,-0.09610395073678735,50,0.04,1,173
R+D,basal,50,-0.6624832218987271,50,0.0,2,173
R+D,her2,50,-0.5079449052827578,50,0.02,6,173
R+D,luminal,50,-0.2680838324332207,50,0.04,1,173
R+P+D,basal,50,-0.48852137588754824,50,0.0,1,173
R+P+D,her2,50,-0.31721858191008434,50,0.02,4,173
R+P+D,luminal,50,-0.206552133287261,50,0.04,1,173
MOFA+,basal,50,-0.3564382192610313,50,0.0,1,173
MOFA+,her2,50,-0.30401962090987195,50,0.0,3,173
MOFA+,luminal,50,-0.4228706060958202,50,0.04,4,173
R,basal,50,-0.5788745042809933,50,0.0,0,174
R,her2,50,-0.4901005226778342,50,0.02,7,174
R,luminal,50,-0.16970148909241473,50,0.06,3,174
R+P,basal,50,-0.5166284779238342,50,0.0,3,174
R+P,her2,50,-0.27909725441367944,50,0.02,4,174
R+P,luminal,50,-0.14890468649285926,50,0.06,3,174
R+D,basal,50,-0.6582951891726867,50,0.0,0,174
R+D,her2,50,-0.6977600984000489,50,0.02,9,174
R+D,luminal,50,-0.23251976990879566,50,0.02,1,174
R+P+D,basal,50,-0.6318662151434742,50,0.0,2,174
R+P+D,her2,50,-0.40425298396648995,50,0.02,6,174
R+P+D,luminal,50,-0.1976274261373253,50,0.02,1,174
MOFA+,basal,50,-0.371096597434462,50,0.0,2,174
MOFA+,her2,50,-0.3762063048618042,50,0.0,3,174
MOFA+,luminal,50,-0.24263347648185946,50,0.02,3,174
R,basal,50,-0.7211494782523643,50,0.0,1,175
R,her2,50,-0.25977348860301663,50,0.02,6,175
R,luminal,50,-0.14638620117472637,50,0.04,1,175
R+P,basal,50,-0.4149232330817263,50,0.0,1,175
R+P,her2,50,-0.20785806619921096,50,0.02,5,175
R+P,luminal,50,-0.1059133395454878,50,0.04,2,175
R+D,basal,50,-0.7051189861236787,50,0.0,1,175
R+D,her2,50,-0.3965451163462505,50,0.02,9,175
R+D,luminal,50,-0.30515364843983783,50,0.04,1,175
R+P+D,basal,50,-0.574657030278773,50,0.0,2,175
R+P+D,her2,50,-0.3089070673340968,50,0.02,6,175
R+P+D,luminal,50,-0.23638060138398945,50,0.04,0,175
MOFA+,basal,50,-0.5735171137194804,50,0.0,1,175
MOFA+,her2,50,-0.33769483553786356,50,0.02,2,175
MOFA+,luminal,50,-0.31603648955520675,50,0.02,1,175
R,basal,50,-0.4956298597882576,50,0.0,1,176
R,her2,50,-0.32524513847185554,50,0.02,6,176
R,luminal,50,-0.14747872881635718,50,0.04,1,176
R+P,basal,50,-0.2509442951434844,50,0.0,1,176
R+P,her2,50,-0.309200932902035,50,0.02,3,176
R+P,luminal,50,-0.14047339851360488,50,0.04,1,176
R+D,basal,50,-0.6489437491523868,50,0.0,2,176
R+D,her2,50,-0.45482359511355847,50,0.02,5,176
R+D,luminal,50,-0.2730061698197252,50,0.02,1,176
R+P+D,basal,50,-0.5284812189078714,50,0.0,2,176
R+P+D,her2,50,-0.3626835106677525,50,0.02,3,176
R+P+D,luminal,50,-0.22063123698293186,50,0.02,1,176
MOFA+,basal,50,-0.3881579839174607,50,0.0,2,176
MOFA+,her2,50,-0.23287026144452713,50,0.0,0,176
MOFA+,luminal,50,-0.39544785193116316,50,0.0,1,176
R,basal,50,-0.41394325999732934,50,0.0,1,177
R,her2,50,-0.5098933943726629,50,0.02,7,177
R,luminal,50,-0.15624099653505147,50,0.04,2,177
R+P,basal,50,-0.24072224044745089,50,0.0,2,177
R+P,her2,50,-0.40807027108799837,50,0.02,4,177
R+P,luminal,50,-0.1741497398865843,50,0.04,1,177
R+D,basal,50,-0.577990538779195,50,0.0,3,177
R+D,her2,50,-0.5647013971692243,50,0.02,4,177
R+D,luminal,50,-0.4081120800680767,50,0.04,2,177
R+P+D,basal,50,-0.3352499706428525,50,0.0,2,177
R+P+D,her2,50,-0.5338443929058889,50,0.02,3,177
R+P+D,luminal,50,-0.27127735350059967,50,0.04,2,177
MOFA+,basal,50,-0.49632253633284507,50,0.0,2,177
MOFA+,her2,50,-0.585332636725372,50,0.0,3,177
MOFA+,luminal,50,-0.31731473833627133,50,0.02,0,177
R,basal,50,-0.5726577099779963,50,0.0,0,178
R,her2,50,-0.47148351599605914,50,0.02,7,178
R,luminal,50,-0.11580350210121994,50,0.04,1,178
R+P,basal,50,-0.4559630467296639,50,0.0,2,178
R+P,her2,50,-0.26185826036582593,50,0.02,3,178
R+P,luminal,50,-0.11237272368657622,50,0.04,1,178
R+D,basal,50,-0.6495780735305804,50,0.0,1,178
R+D,her2,50,-0.6360300202221656,50,0.04,8,178
R+D,luminal,50,-0.27930890461731717,50,0.04,1,178
R+P+D,basal,50,-0.5494575286945454,50,0.0,1,178
R+P+D,her2,50,-0.4265578328549626,50,0.02,6,178
R+P+D,luminal,50,-0.2228445188130289,50,0.04,1,178
MOFA+,basal,50,-0.2532036691237284,50,0.0,1,178
MOFA+,her2,50,-0.49116044073565296,50,0.02,6,178
MOFA+,luminal,50,-0.20716816539790273,50,0.0,2,178
R,basal,50,-0.6011578138484304,50,0.0,1,179
R,her2,50,-0.4637811058634388,50,0.04,9,179
R,luminal,50,-0.1202403478644089,50,0.04,2,179
R+P,basal,50,-0.4238036424301172,50,0.0,2,179
R+P,her2,50,-0.2298714656196822,50,0.02,3,179
R+P,luminal,50,-0.10755647770924297,50,0.04,1,179
R+D,basal,50,-0.6311607055664026,50,0.0,0,179
R+D,her2,50,-0.6873023966099089,50,0.02,11,179
R+D,luminal,50,-0.24966519153224515,50,0.02,1,179
R+P+D,basal,50,-0.4690350484632651,50,0.0,1,179
R+P+D,her2,50,-0.3614706859662814,50,0.02,5,179
R+P+D,luminal,50,-0.20411791110655192,50,0.02,1,179
MOFA+,basal,50,-0.5339979537800955,50,0.0,1,179
MOFA+,her2,50,-0.37337646982923955,50,0.0,4,179
MOFA+,luminal,50,-0.281601272074999,50,0.02,3,179
R,basal,50,-0.5968269049528114,50,0.0,2,180
R,her2,50,-0.4161267531935328,50,0.02,7,180
R,luminal,50,-0.11846473988345284,50,0.04,3,180
R+P,basal,50,-0.4996384288972165,50,0.0,3,180
R+P,her2,50,-0.2665074824539502,50,0.02,3,180
R+P,luminal,50,-0.10188343237648598,50,0.06,1,180
R+D,basal,50,-0.6139043188004842,50,0.0,6,180
R+D,her2,50,-0.42120292383148306,50,0.02,5,180
R+D,luminal,50,-0.3518055625795819,50,0.02,1,180
R+P+D,basal,50,-0.5169940134951626,50,0.0,1,180
R+P+D,her2,50,-0.37130448441132385,50,0.02,4,180
R+P+D,luminal,50,-0.24396360497492922,50,0.02,2,180
MOFA+,basal,50,-0.3651590941571521,50,0.0,1,180
MOFA+,her2,50,-0.40434163871227674,50,0.04,3,180
MOFA+,luminal,50,-0.293993299915982,50,0.02,2,180
R,basal,50,-0.6644368030352681,50,0.0,3,181
R,her2,50,-0.4049489611233142,50,0.02,3,181
R,luminal,50,-0.17759154495379917,50,0.04,4,181
R+P,basal,50,-0.5789723575504301,50,0.0,1,181
R+P,her2,50,-0.2555205033304086,50,0.02,2,181
R+P,luminal,50,-0.13993025242717116,50,0.04,2,181
R+D,basal,50,-0.5610383395263036,50,0.0,1,181
R+D,her2,50,-0.3288149425011436,50,0.02,3,181
R+D,luminal,50,-0.35545164612373303,50,0.04,2,181
R+P+D,basal,50,-0.6485543181723599,50,0.0,1,181
R+P+D,her2,50,-0.23174397222265028,50,0.02,4,181
R+P+D,luminal,50,-0.21412628767469324,50,0.04,1,181
MOFA+,basal,50,-0.5296093986634154,50,0.0,2,181
MOFA+,her2,50,-0.38524538006182196,50,0.0,3,181
MOFA+,luminal,50,-0.3233764297182772,50,0.0,2,181
R,basal,50,-0.5247296842963832,50,0.0,1,182
R,her2,50,-0.34655148342871994,50,0.02,7,182
R,luminal,50,-0.16796458885289617,50,0.04,1,182
R+P,basal,50,-0.4121962952062872,50,0.0,1,182
R+P,her2,50,-0.33788929120681666,50,0.04,4,182
R+P,luminal,50,-0.1427506761304389,50,0.04,0,182
R+D,basal,50,-0.6341479599568107,50,0.0,2,182
R+D,her2,50,-0.38325569001940996,50,0.02,4,182
R+D,luminal,50,-0.34277736628449673,50,0.02,1,182
R+P+D,basal,50,-0.4879813667919624,50,0.0,3,182
R+P+D,her2,50,-0.40416414712895254,50,0.02,6,182
R+P+D,luminal,50,-0.2411909329789929,50,0.02,2,182
MOFA+,basal,50,-0.5158776397777245,50,0.0,4,182
MOFA+,her2,50,-0.3612205848359475,50,0.02,5,182
MOFA+,luminal,50,-0.3071898016306381,50,0.02,2,182
R,basal,50,-0.6000482076921954,50,0.0,0,183
R,her2,50,-0.45685925913524483,50,0.04,10,183
R,luminal,50,-0.15873183204971963,50,0.04,1,183
R+P,basal,50,-0.46269198397944045,50,0.0,2,183
R+P,her2,50,-0.26875932693619675,50,0.02,3,183
R+P,luminal,50,-0.13093881104850938,50,0.04,2,183
R+D,basal,50,-0.6928622844387016,50,0.0,2,183
R+D,her2,50,-0.45593858667508225,50,0.02,8,183
R+D,luminal,50,-0.38139684294669374,50,0.04,1,183
R+P+D,basal,50,-0.5281690079761622,50,0.0,1,183
R+P+D,her2,50,-0.43600965421135407,50,0.02,6,183
R+P+D,luminal,50,-0.36240881956213455,50,0.04,1,183
MOFA+,basal,50,-0.603676327699901,50,0.0,3,183
MOFA+,her2,50,-0.6948743910460228,50,0.0,4,183
MOFA+,luminal,50,-0.3402032294273074,50,0.02,1,183
R,basal,50,-0.6303719700381941,50,0.0,1,184
R,her2,50,-0.3310340714077452,50,0.02,6,184
R,luminal,50,-0.14624184041744834,50,0.04,4,184
R+P,basal,50,-0.47689687984908086,50,0.0,3,184
R+P,her2,50,-0.23259991948632827,50,0.02,3,184
R+P,luminal,50,-0.1263124065192528,50,0.04,2,184
R+D,basal,50,-0.7722076772302487,50,0.0,2,184
R+D,her2,50,-0.42708087996999666,50,0.02,6,184
R+D,luminal,50,-0.34520086164553115,50,0.02,2,184
R+P+D,basal,50,-0.5191383841566855,50,0.0,2,184
R+P+D,her2,50,-0.3464733234809757,50,0.02,4,184
R+P+D,luminal,50,-0.25160491174298993,50,0.02,2,184
MOFA+,basal,50,-0.6184460908623858,50,0.0,1,184
MOFA+,her2,50,-0.34686322875182846,50,0.0,0,184
MOFA+,luminal,50,-0.20773982102864985,50,0.0,2,184
R,basal,50,-0.5159931401849754,50,0.0,1,185
R,her2,50,-0.33539649392046245,50,0.02,9,185
R,luminal,50,-0.1430389481053864,50,0.04,1,185
R+P,basal,50,-0.4449357254110282,50,0.0,1,185
R+P,her2,50,-0.22589620263636612,50,0.02,3,185
R+P,luminal,50,-0.14027203897833737,50,0.04,2,185
R+D,basal,50,-0.5806223077697829,50,0.0,2,185
R+D,her2,50,-0.4559592393663041,50,0.02,7,185
R+D,luminal,50,-0.34292316204738915,50,0.04,1,185
R+P+D,basal,50,-0.5834732977501852,50,0.0,2,185
R+P+D,her2,50,-0.28157574113047323,50,0.02,4,185
R+P+D,luminal,50,-0.27133786335991134,50,0.04,1,185
MOFA+,basal,50,-0.6579061334531794,50,0.0,3,185
MOFA+,her2,50,-0.3010197838423637,50,0.02,8,185
MOFA+,luminal,50,-0.2995916564078495,50,0.02,2,185
R,basal,50,-0.5457980672433473,50,0.0,2,186
R,her2,50,-0.6650322884965866,50,0.02,8,186
R,luminal,50,-0.13136407957998816,50,0.04,1,186
R+P,basal,50,-0.32108265081877296,50,0.0,2,186
R+P,her2,50,-0.30005532592208195,50,0.02,4,186
R+P,luminal,50,-0.15588798805455492,50,0.04,0,186
R+D,basal,50,-0.5991442971998402,50,0.0,1,186
R+D,her2,50,-0.7337509467118426,50,0.04,8,186
R+D,luminal,50,-0.3821675302727992,50,0.04,1,186
R+P+D,basal,50,-0.5064061838330263,50,0.0,2,186
R+P+D,her2,50,-0.5137331585228936,50,0.02,6,186
R+P+D,luminal,50,-0.30184532195856884,50,0.04,3,186
MOFA+,basal,50,-0.5071006275558261,50,0.0,2,186
MOFA+,her2,50,-0.3372317839250198,50,0.02,2,186
MOFA+,luminal,50,-0.34676783264426225,50,0.02,3,186
R,basal,50,-0.6154384787334971,50,0.0,1,187
R,her2,50,-0.47668195349130316,50,0.04,9,187
R,luminal,50,-0.13650874208893474,50,0.04,1,187
R+P,basal,50,-0.20268226314376203,50,0.0,1,187
R+P,her2,50,-0.177619666985264,50,0.02,3,187
R+P,luminal,50,-0.15726692410234086,50,0.06,1,187
R+D,basal,50,-0.7496961459763781,50,0.0,1,187
R+D,her2,50,-0.5076991478054632,50,0.04,9,187
R+D,luminal,50,-0.25542864769002394,50,0.04,1,187
R+P+D,basal,50,-0.42054868163220777,50,0.0,1,187
R+P+D,her2,50,-0.3858406583237112,50,0.02,4,187
R+P+D,luminal,50,-0.2143552490950386,50,0.04,1,187
MOFA+,basal,50,-0.37336068916217824,50,0.0,2,187
MOFA+,her2,50,-0.2944925531259192,50,0.0,2,187
MOFA+,luminal,50,-0.24638921336540107,50,0.02,1,187
R,basal,50,-0.4392782422598112,50,0.0,1,188
R,her2,50,-0.4901707125544188,50,0.02,8,188
R,luminal,50,-0.10113349617441818,50,0.04,1,188
R+P,basal,50,-0.1713498050456433,50,0.0,2,188
R+P,her2,50,-0.3352173323960717,50,0.04,3,188
R+P,luminal,50,-0.09193753587214688,50,0.04,0,188
R+D,basal,50,-0.5395510456278785,50,0.0,1,188
R+D,her2,50,-0.5513344224980323,50,0.02,9,188
R+D,luminal,50,-0.2315453901454685,50,0.02,0,188
R+P+D,basal,50,-0.41133522784254434,50,0.0,0,188
R+P+D,her2,50,-0.4538122664699455,50,0.04,7,188
R+P+D,luminal,50,-0.1792854871071105,50,0.02,0,188
MOFA+,basal,50,-0.34226394821340883,50,0.0,1,188
MOFA+,her2,50,-0.5229366174703609,50,0.02,4,188
MOFA+,luminal,50,-0.21648883331520202,50,0.02,2,188
R,basal,50,-0.4983642976954206,50,0.0,1,189
R,her2,50,-0.24630141187644092,50,0.02,4,189
R,luminal,50,-0.13270944249991726,50,0.04,3,189
R+P,basal,50,-0.4082435956413837,50,0.0,0,189
R+P,her2,50,-0.33492834992969667,50,0.02,3,189
R+P,luminal,50,-0.10469868719956482,50,0.04,3,189
R+D,basal,50,-0.7147683536248658,50,0.0,2,189
R+D,her2,50,-0.40861097156506854,50,0.02,4,189
R+D,luminal,50,-0.24723422924862967,50,0.02,2,189
R+P+D,basal,50,-0.6246473738049048,50,0.0,1,189
R+P+D,her2,50,-0.45425917993942894,50,0.02,2,189
R+P+D,luminal,50,-0.1524626982648634,50,0.02,1,189
MOFA+,basal,50,-0.5781341981586727,50,0.0,1,189
MOFA+,her2,50,-0.3369994612209748,50,0.02,3,189
MOFA+,luminal,50,-0.26799380234012976,50,0.02,2,189
R,basal,50,-0.4873315742856945,50,0.0,0,190
R,her2,50,-0.3805519583865052,50,0.02,4,190
R,luminal,50,-0.11618232758914575,50,0.04,2,190
R+P,basal,50,-0.28584188789678433,50,0.0,1,190
R+P,her2,50,-0.3389449786702952,50,0.02,4,190
R+P,luminal,50,-0.12847421024523586,50,0.04,0,190
R+D,basal,50,-0.6705063069737572,50,0.0,2,190
R+D,her2,50,-0.45170881981634947,50,0.02,4,190
R+D,luminal,50,-0.26063478682284136,50,0.04,1,190
R+P+D,basal,50,-0.5364356783283938,50,0.0,0,190
R+P+D,her2,50,-0.5262274627088612,50,0.02,5,190
R+P+D,luminal,50,-0.19629704280542398,50,0.06,2,190
MOFA+,basal,50,-0.5049767581271556,50,0.0,2,190
MOFA+,her2,50,-0.506193761932387,50,0.0,2,190
MOFA+,luminal,50,-0.23639191150308028,50,0.02,3,190
R,basal,50,-0.489080729532121,50,0.0,0,191
R,her2,50,-0.3793968594681075,50,0.02,10,191
R,luminal,50,-0.11385033293808364,50,0.04,1,191
R+P,basal,50,-0.3480503353687782,50,0.0,1,191
R+P,her2,50,-0.3552107806939744,50,0.02,4,191
R+P,luminal,50,-0.08629331152714383,50,0.04,1,191
R+D,basal,50,-0.5701499739096856,50,0.0,1,191
R+D,her2,50,-0.5376287386044216,50,0.02,6,191
R+D,luminal,50,-0.26842282336160905,50,0.04,0,191
R+P+D,basal,50,-0.5403440045061799,50,0.0,1,191
R+P+D,her2,50,-0.4894616809928691,50,0.02,4,191
R+P+D,luminal,50,-0.19786836424340787,50,0.04,1,191
MOFA+,basal,50,-0.4343341862607316,50,0.0,2,191
MOFA+,her2,50,-0.15244032760623696,50,0.0,4,191
MOFA+,luminal,50,-0.22026123688308313,50,0.02,2,191
R,basal,50,-0.6435599693889742,50,0.0,0,192
R,her2,50,-0.30338319182772877,50,0.02,5,192
R,luminal,50,-0.1505851843954697,50,0.04,3,192
R+P,basal,50,-0.4226841008433755,50,0.0,2,192
R+P,her2,50,-0.23330994467995894,50,0.02,1,192
R+P,luminal,50,-0.14504982691327675,50,0.04,1,192
R+D,basal,50,-0.7077140599573913,50,0.0,0,192
R+D,her2,50,-0.32700476116433663,50,0.02,5,192
R+D,luminal,50,-0.2809827850050982,50,0.02,1,192
R+P+D,basal,50,-0.6403095968419054,50,0.0,3,192
R+P+D,her2,50,-0.12731067995998377,50,0.02,4,192
R+P+D,luminal,50,-0.22328287901675925,50,0.02,0,192
MOFA+,basal,50,-0.5903288468173065,50,0.0,4,192
MOFA+,her2,50,-0.40551583169679134,50,0.0,3,192
MOFA+,luminal,50,-0.30897528602609386,50,0.02,1,192
R,basal,50,-0.5467511185553221,50,0.0,2,193
R,her2,50,-0.2912631039569572,50,0.02,4,193
R,luminal,50,-0.19547371028560087,50,0.04,3,193
R+P,basal,50,-0.4337244613139498,50,0.0,2,193
R+P,her2,50,-0.42141437239387686,50,0.02,5,193
R+P,luminal,50,-0.1595048225475112,50,0.04,1,193
R+D,basal,50,-0.6619578153586443,50,0.0,2,193
R+D,her2,50,-0.5398300080565896,50,0.02,3,193
R+D,luminal,50,-0.3697393070014629,50,0.04,2,193
R+P+D,basal,50,-0.5457138226709862,50,0.0,2,193
R+P+D,her2,50,-0.43995873693408255,50,0.02,3,193
R+P+D,luminal,50,-0.2687109900778465,50,0.04,2,193
MOFA+,basal,50,-0.5075730781356441,50,0.0,1,193
MOFA+,her2,50,-0.46756067534371587,50,0.0,1,193
MOFA+,luminal,50,-0.2774205036731252,50,0.02,2,193
R,basal,50,-0.6355645611018909,50,0.0,2,194
R,her2,50,-0.2386537263865608,50,0.02,6,194
R,luminal,50,-0.11244476959059688,50,0.04,2,194
R+P,basal,50,-0.4092474584546704,50,0.0,2,194
R+P,her2,50,-0.408162287974869,50,0.04,3,194
R+P,luminal,50,-0.13576827840119282,50,0.04,2,194
R+D,basal,50,-0.7601974596653689,50,0.0,3,194
R+D,her2,50,-0.32524583225918413,50,0.02,3,194
R+D,luminal,50,-0.3506200557428763,50,0.04,1,194
R+P+D,basal,50,-0.5992256681926951,50,0.0,1,194
R+P+D,her2,50,-0.39691115713755126,50,0.02,3,194
R+P+D,luminal,50,-0.3556324079368325,50,0.06,3,194
MOFA+,basal,50,-0.36410028061898386,50,0.0,4,194
MOFA+,her2,50,-0.5004467170455612,50,0.0,4,194
MOFA+,luminal,50,-0.33264894443872733,50,0.02,3,194
R,basal,50,-0.5691287126455697,50,0.0,1,195
R,her2,50,-0.5021128754016678,50,0.04,6,195
R,luminal,50,-0.1570595783777838,50,0.06,2,195
R+P,basal,50,-0.38894578951753384,50,0.0,2,195
R+P,her2,50,-0.390860060710121,50,0.02,5,195
R+P,luminal,50,-0.14692199778382908,50,0.06,2,195
R+D,basal,50,-0.7310019429684484,50,0.0,2,195
R+D,her2,50,-0.552387828985504,50,0.02,4,195
R+D,luminal,50,-0.22416635163171733,50,0.04,1,195
R+P+D,basal,50,-0.58773188458457,50,0.0,1,195
R+P+D,her2,50,-0.4356539832858582,50,0.02,6,195
R+P+D,luminal,50,-0.24969141853884685,50,0.06,2,195
MOFA+,basal,50,-0.741829557156062,50,0.0,1,195
MOFA+,her2,50,-0.28784259916967564,50,0.04,4,195
MOFA+,luminal,50,-0.16544998667726396,50,0.02,1,195
R,basal,50,-0.5984244500964503,50,0.0,2,196
R,her2,50,-0.30680019749266596,50,0.02,3,196
R,luminal,50,-0.12463356521986503,50,0.04,3,196
R+P,basal,50,-0.5030296115222476,50,0.0,2,196
R+P,her2,50,-0.18864920435592733,50,0.02,2,196
R+P,luminal,50,-0.10936024902264854,50,0.04,3,196
R+D,basal,50,-0.6163089616321087,50,0.0,3,196
R+D,her2,50,-0.5445855646334572,50,0.02,6,196
R+D,luminal,50,-0.30263291450982627,50,0.04,0,196
R+P+D,basal,50,-0.6605090461199409,50,0.0,2,196
R+P+D,her2,50,-0.31943649307366845,50,0.02,5,196
R+P+D,luminal,50,-0.22551857055615748,50,0.04,2,196
MOFA+,basal,50,-0.4767564089246556,50,0.0,1,196
MOFA+,her2,50,-0.2864504226186339,50,0.0,3,196
MOFA+,luminal,50,-0.17229799803425286,50,0.02,2,196
R,basal,50,-0.4259745794513911,50,0.0,0,197
R,her2,50,-0.35002804526115056,50,0.0,6,197
R,luminal,50,-0.1486370228815726,50,0.04,2,197
R+P,basal,50,-0.36774112286511235,50,0.0,0,197
R+P,her2,50,-0.2396291997842791,50,0.02,3,197
R+P,luminal,50,-0.13489514826386245,50,0.04,3,197
R+D,basal,50,-0.6000466291951276,50,0.0,2,197
R+D,her2,50,-0.407863814865797,50,0.02,5,197
R+D,luminal,50,-0.24848105069712215,50,0.02,1,197
R+P+D,basal,50,-0.47681472157649674,50,0.0,2,197
R+P+D,her2,50,-0.3379834818417551,50,0.02,6,197
R+P+D,luminal,50,-0.18045956233665264,50,0.02,1,197
MOFA+,basal,50,-0.4342547874269412,50,0.0,3,197
MOFA+,her2,50,-0.27526989889725023,50,0.0,1,197
MOFA+,luminal,50,-0.28311535653275105,50,0.02,2,197
R,basal,50,-0.727014511502543,50,0.0,3,198
R,her2,50,-0.2749756547130248,50,0.02,9,198
R,luminal,50,-0.1737472552669807,50,0.04,2,198
R+P,basal,50,-0.5438352056016899,50,0.0,2,198
R+P,her2,50,-0.19804436584926355,50,0.02,5,198
R+P,luminal,50,-0.1073388040009393,50,0.04,2,198
R+D,basal,50,-0.6317400253126695,50,0.0,3,198
R+D,her2,50,-0.4374504007202104,50,0.02,7,198
R+D,luminal,50,-0.3549739183991345,50,0.02,1,198
R+P+D,basal,50,-0.5733775650830427,50,0.0,3,198
R+P+D,her2,50,-0.47148596972128026,50,0.02,7,198
R+P+D,luminal,50,-0.28595655161621547,50,0.02,2,198
MOFA+,basal,50,-0.5473767447249163,50,0.0,2,198
MOFA+,her2,50,-0.30110930456889895,50,0.02,4,198
MOFA+,luminal,50,-0.26024693810642796,50,0.02,2,198
R,basal,50,-0.6959126784075903,50,0.0,2,199
R,her2,50,-0.30957202709137516,50,0.02,6,199
R,luminal,50,-0.16287839435833396,50,0.06,1,199
R+P,basal,50,-0.35017661006194456,50,0.0,1,199
R+P,her2,50,-0.3031504949763672,50,0.02,2,199
R+P,luminal,50,-0.10593929313056634,50,0.06,2,199
R+D,basal,50,-0.6614755517925969,50,0.0,3,199
R+D,her2,50,-0.4663840324972985,50,0.02,5,199
R+D,luminal,50,-0.3111456339040025,50,0.02,2,199
R+P+D,basal,50,-0.6066012768508444,50,0.0,2,199
R+P+D,her2,50,-0.4501921566382228,50,0.02,3,199
R+P+D,luminal,50,-0.24357052837254684,50,0.02,2,199
MOFA+,basal,50,-0.6864535936389377,50,0.0,2,199
MOFA+,her2,50,-0.34272647441216014,50,0.0,4,199
MOFA+,luminal,50,-0.21831814691063514,50,0.02,2,199
R,basal,50,-0.5117044646111277,50,0.0,0,200
R,her2,50,-0.3166395139344724,50,0.02,5,200
R,luminal,50,-0.1716205938575931,50,0.04,2,200
R+P,basal,50,-0.3932718837290595,50,0.0,1,200
R+P,her2,50,-0.3541531491764271,50,0.02,2,200
R+P,luminal,50,-0.13280715499550494,50,0.04,2,200
R+D,basal,50,-0.5949531697193331,50,0.0,1,200
R+D,her2,50,-0.41499153713293924,50,0.02,6,200
R+D,luminal,50,-0.29851139081521016,50,0.04,1,200
R+P+D,basal,50,-0.618466790394014,50,0.0,2,200
R+P+D,her2,50,-0.37176936457089854,50,0.02,4,200
R+P+D,luminal,50,-0.23198472464353248,50,0.04,1,200
R,basal,50,-0.5771068250102528,50,0.0,2,201
R,her2,50,-0.42564928022023496,50,0.04,8,201
R,luminal,50,-0.15044459911194494,50,0.04,2,201
R+P,basal,50,-0.3424468779289597,50,0.0,1,201
R+P,her2,50,-0.26799255896292146,50,0.02,3,201
R+P,luminal,50,-0.13023376072157472,50,0.06,2,201
R+D,basal,50,-0.5680839664192391,50,0.0,3,201
R+D,her2,50,-0.5516804900512277,50,0.02,5,201
R+D,luminal,50,-0.3201174117020985,50,0.04,2,201
R+P+D,basal,50,-0.38165720445819495,50,0.0,1,201
R+P+D,her2,50,-0.38458978964721374,50,0.02,3,201
R+P+D,luminal,50,-0.2384676618464231,50,0.04,4,201
R,basal,50,-0.43540308697842356,50,0.0,0,202
R,her2,50,-0.36227103035519265,50,0.04,5,202
R,luminal,50,-0.17437384804830022,50,0.06,1,202
R+P,basal,50,-0.30197608639846113,50,0.0,2,202
R+P,her2,50,-0.21246422189421907,50,0.02,5,202
R+P,luminal,50,-0.13426090949443814,50,0.04,1,202
R+D,basal,50,-0.5466098899006464,50,0.0,2,202
R+D,her2,50,-0.49696934242930696,50,0.02,8,202
R+D,luminal,50,-0.2634806677046737,50,0.02,1,202
R+P+D,basal,50,-0.3852378854263811,50,0.0,2,202
R+P+D,her2,50,-0.40454222443035404,50,0.02,5,202
R+P+D,luminal,50,-0.21670720862689705,50,0.02,0,202
R,basal,50,-0.5403259306611393,50,0.0,0,203
R,her2,50,-0.27625721979365075,50,0.04,7,203
R,luminal,50,-0.13854076970746435,50,0.04,2,203
R+P,basal,50,-0.26548472302660914,50,0.0,1,203
R+P,her2,50,-0.37994506750189877,50,0.04,3,203
R+P,luminal,50,-0.10769872104417402,50,0.04,0,203
R+D,basal,50,-0.773141593088968,50,0.0,1,203
R+D,her2,50,-0.43614209578998,50,0.04,9,203
R+D,luminal,50,-0.3730669457331784,50,0.04,1,203
R+P+D,basal,50,-0.44416491818627535,50,0.0,1,203
R+P+D,her2,50,-0.4936727780481234,50,0.02,6,203
R+P+D,luminal,50,-0.3061173832527851,50,0.04,0,203
R,basal,50,-0.5168795938357609,50,0.0,2,204
R,her2,50,-0.3393514761190934,50,0.02,5,204
R,luminal,50,-0.19655082701160928,50,0.04,2,204
R+P,basal,50,-0.322755690792736,50,0.0,1,204
R+P,her2,50,-0.24423642303634363,50,0.02,2,204
R+P,luminal,50,-0.1304353146801471,50,0.04,1,204
R+D,basal,50,-0.6185225268869246,50,0.0,1,204
R+D,her2,50,-0.547462825398438,50,0.02,8,204
R+D,luminal,50,-0.375263184662438,50,0.02,1,204
R+P+D,basal,50,-0.5119464807495162,50,0.0,1,204
R+P+D,her2,50,-0.49774672239079115,50,0.02,6,204
R+P+D,luminal,50,-0.28009157203208,50,0.02,1,204
R,basal,50,-0.5619486904210931,50,0.0,3,205
R,her2,50,-0.23937375065294617,50,0.02,5,205
R,luminal,50,-0.17374945906565223,50,0.04,2,205
R+P,basal,50,-0.31629310263926436,50,0.0,3,205
R+P,her2,50,-0.12938208822674901,50,0.02,1,205
R+P,luminal,50,-0.12796342004528757,50,0.04,1,205
R+D,basal,50,-0.6196545796279535,50,0.0,1,205
R+D,her2,50,-0.334834136572762,50,0.02,5,205
R+D,luminal,50,-0.40974885535416017,50,0.04,1,205
R+P+D,basal,50,-0.47321744229269436,50,0.0,1,205
R+P+D,her2,50,-0.24887006516997368,50,0.02,3,205
R+P+D,luminal,50,-0.31884024637371666,50,0.04,0,205
R,basal,50,-0.6809566541848803,50,0.0,3,206
R,her2,50,-0.22456248368752296,50,0.02,4,206
R,luminal,50,-0.14288807369549425,50,0.04,2,206
R+P,basal,50,-0.5082674402490005,50,0.0,3,206
R+P,her2,50,-0.29423100756334825,50,0.02,3,206
R+P,luminal,50,-0.1237416162320959,50,0.04,1,206
R+D,basal,50,-0.750183766457792,50,0.0,1,206
R+D,her2,50,-0.32853496561271384,50,0.02,4,206
R+D,luminal,50,-0.3252928664602415,50,0.02,2,206
R+P+D,basal,50,-0.6961749921845641,50,0.0,3,206
R+P+D,her2,50,-0.2976486602850926,50,0.02,3,206
R+P+D,luminal,50,-0.26320334776219845,50,0.02,4,206
R,basal,50,-0.6307087588997999,50,0.0,1,207
R,her2,50,-0.3842432127350214,50,0.04,5,207
R,luminal,50,-0.14141697585707047,50,0.04,1,207
R+P,basal,50,-0.3915132676368561,50,0.0,1,207
R+P,her2,50,-0.397470859534338,50,0.02,6,207
R+P,luminal,50,-0.15815405271738192,50,0.06,0,207
R+D,basal,50,-0.6310895731192534,50,0.0,2,207
R+D,her2,50,-0.6116556944547473,50,0.02,9,207
R+D,luminal,50,-0.23848325175456064,50,0.04,0,207
R+P+D,basal,50,-0.5322522692913034,50,0.0,0,207
R+P+D,her2,50,-0.5138164661493021,50,0.02,7,207
R+P+D,luminal,50,-0.2505730071364872,50,0.04,0,207
R,basal,50,-0.5493784052164787,50,0.0,0,208
R,her2,50,-0.4122347891331032,50,0.02,8,208
R,luminal,50,-0.19693692501187146,50,0.04,2,208
R+P,basal,50,-0.2351698558976471,50,0.0,2,208
R+P,her2,50,-0.18856457575366078,50,0.02,3,208
R+P,luminal,50,-0.12888833826911095,50,0.04,0,208
R+D,basal,50,-0.6867639705679197,50,0.0,3,208
R+D,her2,50,-0.3995210526453943,50,0.02,4,208
R+D,luminal,50,-0.3854542291971614,50,0.04,0,208
R+P+D,basal,50,-0.39078823638293225,50,0.0,0,208
R+P+D,her2,50,-0.3294927814254646,50,0.04,4,208
R+P+D,luminal,50,-0.3348589356220596,50,0.04,0,208
R,basal,50,-0.5051295657176286,50,0.0,0,209
R,her2,50,-0.41854904236651924,50,0.04,10,209
R,luminal,50,-0.19183968093459344,50,0.04,2,209
R+P,basal,50,-0.46619300239494527,50,0.0,1,209
R+P,her2,50,-0.32648846777807317,50,0.02,4,209
R+P,luminal,50,-0.1368834153691003,50,0.04,2,209
R+D,basal,50,-0.6237989975581153,50,0.0,1,209
R+D,her2,50,-0.4932594744759837,50,0.02,11,209
R+D,luminal,50,-0.3676708709601973,50,0.04,2,209
R+P+D,basal,50,-0.4918776793140306,50,0.0,0,209
R+P+D,her2,50,-0.4332149063813289,50,0.02,7,209
R+P+D,luminal,50,-0.29355891456633587,50,0.04,1,209
R,basal,50,-0.5294519002186131,50,0.0,0,210
R,her2,50,-0.3964956276409407,50,0.02,6,210
R,luminal,50,-0.12035159045007919,50,0.04,2,210
R+P,basal,50,-0.4095346241304055,50,0.0,0,210
R+P,her2,50,-0.30147931811608525,50,0.02,4,210
R+P,luminal,50,-0.10968993650284509,50,0.04,2,210
R+D,basal,50,-0.6408739156282728,50,0.0,2,210
R+D,her2,50,-0.5353484844596096,50,0.02,5,210
R+D,luminal,50,-0.24264078662632366,50,0.04,1,210
R+P+D,basal,50,-0.5748295852142499,50,0.0,3,210
R+P+D,her2,50,-0.47705699699802756,50,0.02,6,210
R+P+D,luminal,50,-0.18739628853423013,50,0.04,1,210
R,basal,50,-0.5092740747993697,50,0.0,1,211
R,her2,50,-0.35032528307569033,50,0.02,5,211
R,luminal,50,-0.14653190387279108,50,0.04,4,211
R+P,basal,50,-0.46030748795217247,50,0.0,1,211
R+P,her2,50,-0.24657046572036573,50,0.02,3,211
R+P,luminal,50,-0.14466917982778807,50,0.04,3,211
R+D,basal,50,-0.5551060908106735,50,0.0,1,211
R+D,her2,50,-0.45851877766955085,50,0.02,6,211
R+D,luminal,50,-0.37052464721794565,50,0.04,1,211
R+P+D,basal,50,-0.5539622518941371,50,0.0,1,211
R+P+D,her2,50,-0.3950229056136031,50,0.02,6,211
R+P+D,luminal,50,-0.25115263636177476,50,0.04,2,211
R,basal,50,-0.4958997692631867,50,0.0,0,212
R,her2,50,-0.4646164997500313,50,0.02,9,212
R,luminal,50,-0.14629618995466112,50,0.04,1,212
R+P,basal,50,-0.30579382335554617,50,0.0,2,212
R+P,her2,50,-0.2922330956345588,50,0.02,4,212
R+P,luminal,50,-0.15695488415030354,50,0.04,0,212
R+D,basal,50,-0.5328557920959426,50,0.0,0,212
R+D,her2,50,-0.5089757911047521,50,0.02,6,212
R+D,luminal,50,-0.3001390308938037,50,0.02,0,212
R+P+D,basal,50,-0.5077814793222255,50,0.0,0,212
R+P+D,her2,50,-0.4078276214186217,50,0.02,4,212
R+P+D,luminal,50,-0.2562233549580197,50,0.02,0,212
R,basal,50,-0.5507329415405656,50,0.0,1,213
R,her2,50,-0.45616639158393163,50,0.02,8,213
R,luminal,50,-0.14403209547217322,50,0.04,3,213
R+P,basal,50,-0.5025494975132472,50,0.0,1,213
R+P,her2,50,-0.3077532367550122,50,0.02,6,213
R+P,luminal,50,-0.11087152803231179,50,0.04,4,213
R+D,basal,50,-0.5741497270607911,50,0.0,1,213
R+D,her2,50,-0.6081339372770974,50,0.02,9,213
R+D,luminal,50,-0.23073335680779128,50,0.04,1,213
R+P+D,basal,50,-0.6109873314601362,50,0.0,1,213
R+P+D,her2,50,-0.33825845257345205,50,0.02,5,213
R+P+D,luminal,50,-0.24125788386414831,50,0.04,2,213
R,basal,50,-0.4818605959303666,50,0.0,1,214
R,her2,50,-0.26416044235673475,50,0.02,6,214
R,luminal,50,-0.15306783958788545,50,0.04,2,214
R+P,basal,50,-0.36233313229779573,50,0.0,2,214
R+P,her2,50,-0.48586759154510484,50,0.04,4,214
R+P,luminal,50,-0.13631084205696578,50,0.04,1,214
R+D,basal,50,-0.6894834003701856,50,0.0,0,214
R+D,her2,50,-0.3828313246288863,50,0.02,5,214
R+D,luminal,50,-0.30702264006244706,50,0.02,1,214
R+P+D,basal,50,-0.5031922832444471,50,0.0,0,214
R+P+D,her2,50,-0.4620699068060865,50,0.02,4,214
R+P+D,luminal,50,-0.22445339975504408,50,0.02,2,214
R,basal,50,-0.7453102650385316,50,0.0,5,215
R,her2,50,-0.33497204500029526,50,0.02,5,215
R,luminal,50,-0.1128632773333562,50,0.04,3,215
R+P,basal,50,-0.5566226216992657,50,0.0,4,215
R+P,her2,50,-0.3676001623831685,50,0.02,2,215
R+P,luminal,50,-0.13968323775338004,50,0.04,1,215
R+D,basal,50,-0.6601365296677545,50,0.0,1,215
R+D,her2,50,-0.42125017740031867,50,0.02,5,215
R+D,luminal,50,-0.319985694155243,50,0.04,1,215
R+P+D,basal,50,-0.6743243917208426,50,0.0,1,215
R+P+D,her2,50,-0.3223781027522211,50,0.02,2,215
R+P+D,luminal,50,-0.18610651786749538,50,0.04,1,215
R,basal,50,-0.6788455845646447,50,0.0,2,216
R,her2,50,-0.3757326486160429,50,0.02,7,216
R,luminal,50,-0.1349062564123685,50,0.04,3,216
R+P,basal,50,-0.39496933291836234,50,0.0,0,216
R+P,her2,50,-0.30531948363322237,50,0.04,3,216
R+P,luminal,50,-0.13422375305079698,50,0.04,0,216
R+D,basal,50,-0.5331816135292203,50,0.0,0,216
R+D,her2,50,-0.5002656171021386,50,0.02,3,216
R+D,luminal,50,-0.28934637565637605,50,0.04,0,216
R+P+D,basal,50,-0.5055664173611951,50,0.0,0,216
R+P+D,her2,50,-0.3928165712366902,50,0.02,3,216
R+P+D,luminal,50,-0.2285919651421427,50,0.04,0,216
R,basal,50,-0.604322398302171,50,0.0,1,217
R,her2,50,-0.36965705790133485,50,0.02,8,217
R,luminal,50,-0.12531890546306304,50,0.04,2,217
R+P,basal,50,-0.4362393071460274,50,0.0,3,217
R+P,her2,50,-0.43699745046671923,50,0.02,3,217
R+P,luminal,50,-0.16606129659737587,50,0.04,2,217
R+D,basal,50,-0.6123413931446349,50,0.0,1,217
R+D,her2,50,-0.4075561437023608,50,0.02,5,217
R+D,luminal,50,-0.25247146574553264,50,0.04,1,217
R+P+D,basal,50,-0.5261576606611736,50,0.0,2,217
R+P+D,her2,50,-0.4451096169329475,50,0.02,5,217
R+P+D,luminal,50,-0.19979704508345544,50,0.04,1,217
R,basal,50,-0.5434744916607621,50,0.0,0,218
R,her2,50,-0.4633417553659125,50,0.04,7,218
R,luminal,50,-0.1119168944030543,50,0.04,1,218
R+P,basal,50,-0.3862564087403228,50,0.0,1,218
R+P,her2,50,-0.3015761514468649,50,0.02,4,218
R+P,luminal,50,-0.15443451318209753,50,0.06,3,218
R+D,basal,50,-0.6844210579046301,50,0.0,3,218
R+D,her2,50,-0.5717641291300083,50,0.02,10,218
R+D,luminal,50,-0.3113115430963648,50,0.04,2,218
R+P+D,basal,50,-0.5047850358090923,50,0.0,2,218
R+P+D,her2,50,-0.4021848184286652,50,0.02,5,218
R+P+D,luminal,50,-0.17620262528156613,50,0.04,1,218
R,basal,50,-0.38535742462351996,50,0.0,0,219
R,her2,50,-0.2683069385870546,50,0.02,6,219
R,luminal,50,-0.15067254760444082,50,0.04,3,219
R+P,basal,50,-0.3831718427621056,50,0.0,2,219
R+P,her2,50,-0.14738726254060616,50,0.02,4,219
R+P,luminal,50,-0.13570751420689406,50,0.04,1,219
R+D,basal,50,-0.5018266422728391,50,0.0,2,219
R+D,her2,50,-0.38168357136670616,50,0.02,7,219
R+D,luminal,50,-0.38682845298386304,50,0.04,0,219
R+P+D,basal,50,-0.4943759678062857,50,0.0,3,219
R+P+D,her2,50,-0.37836835922837125,50,0.02,5,219
R+P+D,luminal,50,-0.23488823479734816,50,0.04,1,219
R,basal,50,-0.5153941566817468,50,0.0,0,220
R,her2,50,-0.23630994766638463,50,0.04,6,220
R,luminal,50,-0.1355680331577125,50,0.04,1,220
R+P,basal,50,-0.290846249601536,50,0.0,2,220
R+P,her2,50,-0.1541623225978011,50,0.02,2,220
R+P,luminal,50,-0.16362466613109142,50,0.08,1,220
R+D,basal,50,-0.6687449805442391,50,0.0,0,220
R+D,her2,50,-0.38557984608990387,50,0.04,6,220
R+D,luminal,50,-0.41603555016924937,50,0.04,2,220
R+P+D,basal,50,-0.4667369152001318,50,0.0,3,220
R+P+D,her2,50,-0.26696442667349296,50,0.02,2,220
R+P+D,luminal,50,-0.33981090798792535,50,0.04,2,220
R,basal,50,-0.43873687827929614,50,0.0,0,221
R,her2,50,-0.34826331511815667,50,0.04,11,221
R,luminal,50,-0.21062680993587218,50,0.06,2,221
R+P,basal,50,-0.32020748868745563,50,0.0,1,221
R+P,her2,50,-0.3350406620673376,50,0.04,5,221
R+P,luminal,50,-0.1837893268806773,50,0.06,3,221
R+D,basal,50,-0.674149699596325,50,0.0,3,221
R+D,her2,50,-0.421385765698078,50,0.04,9,221
R+D,luminal,50,-0.3722606905980158,50,0.04,2,221
R+P+D,basal,50,-0.510475940619514,50,0.0,1,221
R+P+D,her2,50,-0.41024442590615223,50,0.02,7,221
R+P+D,luminal,50,-0.310977354112327,50,0.06,3,221
R,basal,50,-0.586708685455566,50,0.0,0,222
R,her2,50,-0.32412569140516306,50,0.02,6,222
R,luminal,50,-0.12740646072710568,50,0.04,2,222
R+P,basal,50,-0.4424592081568436,50,0.0,1,222
R+P,her2,50,-0.39093735325866147,50,0.02,4,222
R+P,luminal,50,-0.10517476848053343,50,0.04,3,222
R+D,basal,50,-0.6385103671278385,50,0.0,1,222
R+D,her2,50,-0.48597565598753917,50,0.02,3,222
R+D,luminal,50,-0.24447393961688524,50,0.02,2,222
R+P+D,basal,50,-0.5762637882738326,50,0.0,1,222
R+P+D,her2,50,-0.4897860789466402,50,0.02,4,222
R+P+D,luminal,50,-0.23097340589841078,50,0.04,3,222
R,basal,50,-0.5119239442123061,50,0.0,0,223
R,her2,50,-0.4246534404172316,50,0.02,6,223
R,luminal,50,-0.1154530570297074,50,0.04,3,223
R+P,basal,50,-0.30006398672537166,50,0.0,1,223
R+P,her2,50,-0.28548077747648715,50,0.02,3,223
R+P,luminal,50,-0.15206842865941012,50,0.04,2,223
R+D,basal,50,-0.596229295433852,50,0.0,1,223
R+D,her2,50,-0.5434436242300282,50,0.02,3,223
R+D,luminal,50,-0.1782655442874143,50,0.04,1,223
R+P+D,basal,50,-0.4942275958917939,50,0.0,0,223
R+P+D,her2,50,-0.4145422189257066,50,0.02,4,223
R+P+D,luminal,50,-0.22711230818325273,50,0.04,2,223
R,basal,50,-0.41604813645546124,50,0.0,0,224
R,her2,50,-0.47025923307737716,50,0.04,7,224
R,luminal,50,-0.12573045710829597,50,0.06,2,224
R+P,basal,50,-0.3521723081868047,50,0.0,1,224
R+P,her2,50,-0.28212250824922597,50,0.02,2,224
R+P,luminal,50,-0.10766460586945284,50,0.04,2,224
R+D,basal,50,-0.6674343850787935,50,0.0,2,224
R+D,her2,50,-0.5589896497249331,50,0.02,10,224
R+D,luminal,50,-0.2644055804985763,50,0.04,0,224
R+P+D,basal,50,-0.39873220273349524,50,0.0,1,224
R+P+D,her2,50,-0.3883723976189688,50,0.02,6,224
R+P+D,luminal,50,-0.2690212427338893,50,0.04,0,224
R,basal,50,-0.44766387639883054,50,0.0,1,225
R,her2,50,-0.27802308317403795,50,0.02,6,225
R,luminal,50,-0.11520319992260573,50,0.04,1,225
R+P,basal,50,-0.24730629330267473,50,0.0,2,225
R+P,her2,50,-0.16361896810656798,50,0.02,2,225
R+P,luminal,50,-0.16151930840663578,50,0.06,1,225
R+D,basal,50,-0.6076815596831894,50,0.0,0,225
R+D,her2,50,-0.38075759719962204,50,0.02,7,225
R+D,luminal,50,-0.32730970590031416,50,0.04,2,225
R+P+D,basal,50,-0.4560628235101197,50,0.0,1,225
R+P+D,her2,50,-0.2703603485944055,50,0.02,2,225
R+P+D,luminal,50,-0.3314767996863591,50,0.04,3,225
R,basal,50,-0.48848262971872486,50,0.0,0,226
R,her2,50,-0.38676371837880796,50,0.02,4,226
R,luminal,50,-0.1614001357369318,50,0.04,2,226
R+P,basal,50,-0.2133301173711671,50,0.0,1,226
R+P,her2,50,-0.2271252683222079,50,0.02,2,226
R+P,luminal,50,-0.12707715279324763,50,0.04,3,226
R+D,basal,50,-0.6977759566924888,50,0.0,2,226
R+D,her2,50,-0.48853340405696566,50,0.02,3,226
R+D,luminal,50,-0.3219355780351176,50,0.02,0,226
R+P+D,basal,50,-0.4685482145457662,50,0.0,1,226
R+P+D,her2,50,-0.4593591870580535,50,0.02,3,226
R+P+D,luminal,50,-0.2767887843235921,50,0.02,1,226
R,basal,50,-0.4948307145228323,50,0.0,1,227
R,her2,50,-0.33525242468662797,50,0.02,8,227
R,luminal,50,-0.14645943345508805,50,0.04,2,227
R+P,basal,50,-0.4976153665554384,50,0.0,2,227
R+P,her2,50,-0.25835769563452476,50,0.02,2,227
R+P,luminal,50,-0.10578017445354487,50,0.04,3,227
R+D,basal,50,-0.5691183656063129,50,0.0,0,227
R+D,her2,50,-0.3294339853035858,50,0.02,5,227
R+D,luminal,50,-0.25255069741805497,50,0.04,3,227
R+P+D,basal,50,-0.5770757820906768,50,0.0,0,227
R+P+D,her2,50,-0.3956302448251472,50,0.02,5,227
R+P+D,luminal,50,-0.19524536945695437,50,0.04,2,227
R,basal,50,-0.5347317308382319,50,0.0,1,228
R,her2,50,-0.41621390291007543,50,0.02,5,228
R,luminal,50,-0.1147958963063855,50,0.04,2,228
R+P,basal,50,-0.2603730542016741,50,0.0,2,228
R+P,her2,50,-0.3755450031106524,50,0.02,4,228
R+P,luminal,50,-0.15483692532727583,50,0.04,1,228
R+D,basal,50,-0.6192665292006638,50,0.0,2,228
R+D,her2,50,-0.6186775600309189,50,0.02,6,228
R+D,luminal,50,-0.35079476257178244,50,0.04,0,228
R+P+D,basal,50,-0.47971026406009726,50,0.0,3,228
R+P+D,her2,50,-0.39930294645888936,50,0.02,5,228
R+P+D,luminal,50,-0.2471192488649305,50,0.04,1,228
R,basal,50,-0.4849600711045239,50,0.0,1,229
R,her2,50,-0.5216693632732965,50,0.02,9,229
R,luminal,50,-0.1622187126304336,50,0.04,2,229
R+P,basal,50,-0.3510894636337612,50,0.0,4,229
R+P,her2,50,-0.5166018400760428,50,0.02,5,229
R+P,luminal,50,-0.12883773890463251,50,0.04,0,229
R+D,basal,50,-0.5911181011927473,50,0.0,2,229
R+D,her2,50,-0.43387245473407565,50,0.02,5,229
R+D,luminal,50,-0.2920785015062676,50,0.02,0,229
R+P+D,basal,50,-0.385944860268965,50,0.0,3,229
R+P+D,her2,50,-0.4697078278264745,50,0.02,4,229
R+P+D,luminal,50,-0.2137859147172069,50,0.02,1,229
R,basal,50,-0.5195933754098526,50,0.0,0,230
R,her2,50,-0.39055017085161026,50,0.04,6,230
R,luminal,50,-0.11718729087598392,50,0.04,4,230
R+P,basal,50,-0.33328238622901774,50,0.0,0,230
R+P,her2,50,-0.2741316344350493,50,0.02,2,230
R+P,luminal,50,-0.16275422275418258,50,0.06,3,230
R+D,basal,50,-0.6277132988287706,50,0.0,4,230
R+D,her2,50,-0.3840090504003221,50,0.02,5,230
R+D,luminal,50,-0.2954665025648968,50,0.04,1,230
R+P+D,basal,50,-0.5182223382511674,50,0.0,2,230
R+P+D,her2,50,-0.32948858277863996,50,0.02,3,230
R+P+D,luminal,50,-0.22806916364379387,50,0.04,1,230
R,basal,50,-0.507077354778876,50,0.0,1,231
R,her2,50,-0.25969310779135735,50,0.04,6,231
R,luminal,50,-0.17033940111386983,50,0.06,3,231
R+P,basal,50,-0.2954575990838217,50,0.0,1,231
R+P,her2,50,-0.26767954354849743,50,0.02,2,231
R+P,luminal,50,-0.1597788249845559,50,0.06,2,231
R+D,basal,50,-0.6363492328427645,50,0.0,2,231
R+D,her2,50,-0.3547789356703433,50,0.02,5,231
R+D,luminal,50,-0.2710485760514513,50,0.02,1,231
R+P+D,basal,50,-0.477672279868688,50,0.0,1,231
R+P+D,her2,50,-0.2543635766269344,50,0.04,3,231
R+P+D,luminal,50,-0.24635765863377948,50,0.02,2,231
R,basal,50,-0.7221507629061488,50,0.0,2,232
R,her2,50,-0.35843448464723965,50,0.04,7,232
R,luminal,50,-0.1331713049075085,50,0.06,3,232
R+P,basal,50,-0.49471259786625654,50,0.0,3,232
R+P,her2,50,-0.3565660097620191,50,0.04,6,232
R+P,luminal,50,-0.15481034599131965,50,0.06,2,232
R+D,basal,50,-0.5353644732604869,50,0.0,1,232
R+D,her2,50,-0.5387913233475803,50,0.02,9,232
R+D,luminal,50,-0.33362786522451815,50,0.04,1,232
R+P+D,basal,50,-0.445112205098063,50,0.0,2,232
R+P+D,her2,50,-0.43897155425251194,50,0.04,6,232
R+P+D,luminal,50,-0.2592571378013889,50,0.04,1,232
R,basal,50,-0.6096825104792184,50,0.0,2,233
R,her2,50,-0.29564413002102885,50,0.04,4,233
R,luminal,50,-0.18889009822079178,50,0.04,1,233
R+P,basal,50,-0.46853731095541096,50,0.0,1,233
R+P,her2,50,-0.24205036467332527,50,0.04,3,233
R+P,luminal,50,-0.10027909711025172,50,0.04,1,233
R+D,basal,50,-0.6695606527802431,50,0.0,2,233
R+D,her2,50,-0.3457815915387593,50,0.02,4,233
R+D,luminal,50,-0.4063542447186376,50,0.04,1,233
R+P+D,basal,50,-0.5095481084231988,50,0.0,2,233
R+P+D,her2,50,-0.36738788225548297,50,0.04,4,233
R+P+D,luminal,50,-0.315012125499314,50,0.04,1,233
R,basal,50,-0.5731422315530496,50,0.0,1,234
R,her2,50,-0.29460676839972466,50,0.02,4,234
R,luminal,50,-0.16594056915114458,50,0.04,2,234
R+P,basal,50,-0.39927892544356053,50,0.0,2,234
R+P,her2,50,-0.2900885042193781,50,0.02,4,234
R+P,luminal,50,-0.12701247993841872,50,0.04,2,234
R+D,basal,50,-0.6380029615313257,50,0.0,0,234
R+D,her2,50,-0.39589092020140254,50,0.02,5,234
R+D,luminal,50,-0.2880258798936226,50,0.04,1,234
R+P+D,basal,50,-0.4739124203812495,50,0.0,1,234
R+P+D,her2,50,-0.2975552863603068,50,0.02,4,234
R+P+D,luminal,50,-0.28492459788339175,50,0.06,2,234
R,basal,50,-0.7399159974772814,50,0.0,3,235
R,her2,50,-0.3073355524175773,50,0.02,4,235
R,luminal,50,-0.13243933021776141,50,0.04,2,235
R+P,basal,50,-0.6218756443853063,50,0.0,3,235
R+P,her2,50,-0.2895800206395361,50,0.02,3,235
R+P,luminal,50,-0.10885678696691818,50,0.04,1,235
R+D,basal,50,-0.6395187465044497,50,0.0,3,235
R+D,her2,50,-0.48851536421543285,50,0.02,5,235
R+D,luminal,50,-0.18424581255997485,50,0.04,0,235
R+P+D,basal,50,-0.6810012126861809,50,0.0,1,235
R+P+D,her2,50,-0.3582517067699278,50,0.02,4,235
R+P+D,luminal,50,-0.14949608269870324,50,0.04,2,235
R,basal,50,-0.6157100566305536,50,0.0,1,236
R,her2,50,-0.45546391057054997,50,0.02,7,236
R,luminal,50,-0.11147158740276604,50,0.04,3,236
R+P,basal,50,-0.47798044559389974,50,0.0,1,236
R+P,her2,50,-0.3846695551870449,50,0.02,6,236
R+P,luminal,50,-0.11887957146881112,50,0.04,3,236
R+D,basal,50,-0.611357973489756,50,0.0,2,236
R+D,her2,50,-0.5772290940444915,50,0.02,7,236
R+D,luminal,50,-0.31171974418180076,50,0.04,1,236
R+P+D,basal,50,-0.44540887248813904,50,0.0,1,236
R+P+D,her2,50,-0.466837660645838,50,0.02,6,236
R+P+D,luminal,50,-0.2855876022867977,50,0.04,1,236
R,basal,50,-0.5517946895900434,50,0.0,1,237
R,her2,50,-0.42013205471545517,50,0.02,5,237
R,luminal,50,-0.1366990767074495,50,0.04,2,237
R+P,basal,50,-0.5098787422365578,50,0.0,1,237
R+P,her2,50,-0.3265307304117646,50,0.02,3,237
R+P,luminal,50,-0.13288403767189605,50,0.04,1,237
R+D,basal,50,-0.8268806167125967,50,0.0,3,237
R+D,her2,50,-0.5042166163590008,50,0.02,2,237
R+D,luminal,50,-0.426981994051099,50,0.02,1,237
R+P+D,basal,50,-0.6093890629123426,50,0.0,1,237
R+P+D,her2,50,-0.3904264204443833,50,0.02,3,237
R+P+D,luminal,50,-0.2606853555318652,50,0.02,2,237
R,basal,50,-0.512826091395224,50,0.0,2,238
R,her2,50,-0.4096242097754716,50,0.04,8,238
R,luminal,50,-0.16248176300487155,50,0.04,1,238
R+P,basal,50,-0.28865320201583855,50,0.0,2,238
R+P,her2,50,-0.32155404841134017,50,0.02,4,238
R+P,luminal,50,-0.09173154421507246,50,0.04,0,238
R+D,basal,50,-0.6848407664113157,50,0.0,3,238
R+D,her2,50,-0.5384930165912155,50,0.02,7,238
R+D,luminal,50,-0.3517444396407358,50,0.04,0,238
R+P+D,basal,50,-0.42634231270801254,50,0.0,2,238
R+P+D,her2,50,-0.5136689837495675,50,0.02,5,238
R+P+D,luminal,50,-0.24755135615606083,50,0.04,0,238
R,basal,50,-0.5545661982916551,50,0.0,2,239
R,her2,50,-0.39142429065923634,50,0.04,9,239
R,luminal,50,-0.18497449044364558,50,0.04,1,239
R+P,basal,50,-0.4226519539619662,50,0.0,1,239
R+P,her2,50,-0.2061611836464945,50,0.02,3,239
R+P,luminal,50,-0.1253280533791821,50,0.04,2,239
R+D,basal,50,-0.7087475596579551,50,0.0,3,239
R+D,her2,50,-0.4710124807614269,50,0.04,8,239
R+D,luminal,50,-0.24548734064759314,50,0.04,1,239
R+P+D,basal,50,-0.5257450277361833,50,0.0,1,239
R+P+D,her2,50,-0.3491624015002537,50,0.02,3,239
R+P+D,luminal,50,-0.24643265734130382,50,0.06,2,239
R,basal,50,-0.7361959110566328,50,0.0,2,240
R,her2,50,-0.31162082195637064,50,0.02,4,240
R,luminal,50,-0.1297948271515951,50,0.04,3,240
R+P,basal,50,-0.3308996689787198,50,0.0,0,240
R+P,her2,50,-0.4192315221625821,50,0.04,1,240
R+P,luminal,50,-0.13340823608363897,50,0.04,1,240
R+D,basal,50,-0.6712154660051456,50,0.0,1,240
R+D,her2,50,-0.4022687958702088,50,0.02,4,240
R+D,luminal,50,-0.2689523361313945,50,0.04,0,240
R+P+D,basal,50,-0.683279329816587,50,0.0,1,240
R+P+D,her2,50,-0.4127924652702732,50,0.02,2,240
R+P+D,luminal,50,-0.1921162922792869,50,0.04,0,240
R,basal,50,-0.4672616063894338,50,0.0,1,241
R,her2,50,-0.5336786997683237,50,0.02,6,241
R,luminal,50,-0.16018430234190087,50,0.04,2,241
R+P,basal,50,-0.1816773327869848,50,0.0,1,241
R+P,her2,50,-0.5130141377483493,50,0.02,5,241
R+P,luminal,50,-0.13575983656094548,50,0.04,3,241
R+D,basal,50,-0.6395754843823895,50,0.0,2,241
R+D,her2,50,-0.5090902715268101,50,0.02,3,241
R+D,luminal,50,-0.28459163594590675,50,0.04,1,241
R+P+D,basal,50,-0.3422771126688556,50,0.0,1,241
R+P+D,her2,50,-0.535800244393513,50,0.02,4,241
R+P+D,luminal,50,-0.19499109587646352,50,0.04,1,241
R,basal,50,-0.6180235681815716,50,0.0,2,242
R,her2,50,-0.3402042998503785,50,0.04,6,242
R,luminal,50,-0.11015866119642251,50,0.04,2,242
R+P,basal,50,-0.4509240192901439,50,0.0,2,242
R+P,her2,50,-0.2058321114205302,50,0.02,4,242
R+P,luminal,50,-0.10660615201694784,50,0.04,1,242
R+D,basal,50,-0.7323819774472139,50,0.0,2,242
R+D,her2,50,-0.46452471317105526,50,0.04,6,242
R+D,luminal,50,-0.3827953770658844,50,0.04,2,242
R+P+D,basal,50,-0.5701309824771815,50,0.0,2,242
R+P+D,her2,50,-0.2915457977291728,50,0.02,4,242
R+P+D,luminal,50,-0.3072733881523749,50,0.04,2,242
R,basal,50,-0.49043874594066716,50,0.0,0,243
R,her2,50,-0.34608516476745843,50,0.02,10,243
R,luminal,50,-0.11054225015422676,50,0.04,1,243
R+P,basal,50,-0.35049051702340145,50,0.0,0,243
R+P,her2,50,-0.2860043740879081,50,0.02,3,243
R+P,luminal,50,-0.09035020857070203,50,0.04,2,243
R+D,basal,50,-0.6997420462204066,50,0.0,2,243
R+D,her2,50,-0.4131169310761467,50,0.02,9,243
R+D,luminal,50,-0.30365045691049664,50,0.04,1,243
R+P+D,basal,50,-0.6311447884589722,50,0.0,1,243
R+P+D,her2,50,-0.3691951384078617,50,0.02,4,243
R+P+D,luminal,50,-0.22498835661623218,50,0.04,1,243
R,basal,50,-0.45333025941967653,50,0.0,3,244
R,her2,50,-0.44942502908150234,50,0.02,11,244
R,luminal,50,-0.11641512272858166,50,0.04,1,244
R+P,basal,50,-0.3263718665833509,50,0.0,4,244
R+P,her2,50,-0.3598401419537781,50,0.02,4,244
R+P,luminal,50,-0.14521853663324094,50,0.06,2,244
R+D,basal,50,-0.5553812834380537,50,0.0,2,244
R+D,her2,50,-0.5331575425863546,50,0.02,8,244
R+D,luminal,50,-0.39563999541818134,50,0.04,1,244
R+P+D,basal,50,-0.3694993754643342,50,0.0,3,244
R+P+D,her2,50,-0.4665073238868345,50,0.02,6,244
R+P+D,luminal,50,-0.2782698084271016,50,0.04,1,244
R,basal,50,-0.541314920847103,50,0.0,0,245
R,her2,50,-0.25275020286441263,50,0.02,6,245
R,luminal,50,-0.11552170758156581,50,0.04,4,245
R+P,basal,50,-0.28765417629374446,50,0.0,2,245
R+P,her2,50,-0.16950252017285566,50,0.02,4,245
R+P,luminal,50,-0.1682531017935634,50,0.04,1,245
R+D,basal,50,-0.7412765860103321,50,0.0,3,245
R+D,her2,50,-0.4327544682946563,50,0.02,9,245
R+D,luminal,50,-0.3556330212702605,50,0.04,1,245
R+P+D,basal,50,-0.4356437950151863,50,0.0,3,245
R+P+D,her2,50,-0.27522631554132987,50,0.02,5,245
R+P+D,luminal,50,-0.3309504175915486,50,0.04,0,245
R,basal,50,-0.5973927190128846,50,0.0,3,246
R,her2,50,-0.3909448106395992,50,0.02,4,246
R,luminal,50,-0.15478386711910405,50,0.04,1,246
R+P,basal,50,-0.4857161863759108,50,0.0,1,246
R+P,her2,50,-0.2167242549642374,50,0.02,3,246
R+P,luminal,50,-0.16754600494325478,50,0.06,1,246
R+D,basal,50,-0.5846756465048912,50,0.0,4,246
R+D,her2,50,-0.5277574671195813,50,0.02,3,246
R+D,luminal,50,-0.3336660942034847,50,0.04,1,246
R+P+D,basal,50,-0.5411279843722308,50,0.0,2,246
R+P+D,her2,50,-0.35634583320800894,50,0.02,4,246
R+P+D,luminal,50,-0.24823530442459205,50,0.04,1,246
R,basal,50,-0.50681035633947,50,0.0,0,247
R,her2,50,-0.3938536652874896,50,0.04,9,247
R,luminal,50,-0.14983019820045582,50,0.06,2,247
R+P,basal,50,-0.3813811184149869,50,0.0,2,247
R+P,her2,50,-0.31331096182513096,50,0.02,3,247
R+P,luminal,50,-0.13437473070665923,50,0.06,2,247
R+D,basal,50,-0.6556342164031815,50,0.0,0,247
R+D,her2,50,-0.5711978053785178,50,0.02,8,247
R+D,luminal,50,-0.26138741886395617,50,0.02,2,247
R+P+D,basal,50,-0.4582212376173152,50,0.0,0,247
R+P+D,her2,50,-0.3336318316368635,50,0.02,3,247
R+P+D,luminal,50,-0.1833174312477815,50,0.02,2,247
R,basal,50,-0.487223315761055,50,0.0,1,248
R,her2,50,-0.30103516938586516,50,0.02,5,248
R,luminal,50,-0.1366065950112103,50,0.06,3,248
R+P,basal,50,-0.35021087039971754,50,0.0,2,248
R+P,her2,50,-0.19411755475181575,50,0.02,2,248
R+P,luminal,50,-0.1604475774957694,50,0.06,1,248
R+D,basal,50,-0.6323613145803861,50,0.0,1,248
R+D,her2,50,-0.3591833820132432,50,0.02,4,248
R+D,luminal,50,-0.22025495069406364,50,0.04,1,248
R+P+D,basal,50,-0.46830506358736373,50,0.0,0,248
R+P+D,her2,50,-0.35807633891933527,50,0.02,3,248
R+P+D,luminal,50,-0.20437946620472153,50,0.04,1,248
R,basal,50,-0.5855802197932543,50,0.0,2,249
R,her2,50,-0.26632452923841865,50,0.04,6,249
R,luminal,50,-0.12999372040115864,50,0.04,2,249
R+P,basal,50,-0.3364938227923872,50,0.0,3,249
R+P,her2,50,-0.18165967277036046,50,0.02,3,249
R+P,luminal,50,-0.20099201125614458,50,0.06,2,249
R+D,basal,50,-0.6479282325385485,50,0.0,1,249
R+D,her2,50,-0.5459827480294599,50,0.04,9,249
R+D,luminal,50,-0.37453109175522464,50,0.04,1,249
R+P+D,basal,50,-0.406983058495722,50,0.0,2,249
R+P+D,her2,50,-0.37230220968019107,50,0.02,6,249
R+P+D,luminal,50,-0.3556119250875564,50,0.04,1,249
R,basal,50,-0.5661510790715676,50,0.0,2,250
R,her2,50,-0.19659923768036414,50,0.02,6,250
R,luminal,50,-0.23446400944257711,50,0.02,3,250
R+P,basal,50,-0.3389387915951451,50,0.0,2,250
R+P,her2,50,-0.09301795198068415,50,0.02,3,250
R+P,luminal,50,-0.19220409311709477,50,0.04,1,250
R+D,basal,50,-0.6669453178630795,50,0.0,2,250
R+D,her2,50,-0.37289734408931857,50,0.02,5,250
R+D,luminal,50,-0.34907149973986695,50,0.04,2,250
R+P+D,basal,50,-0.4823677252775003,50,0.0,2,250
R+P+D,her2,50,-0.2341289167920989,50,0.02,3,250
R+P+D,luminal,50,-0.33222110927224785,50,0.04,2,250
R,basal,50,-0.497039606711938,50,0.0,2,251
R,her2,50,-0.35449754430133784,50,0.04,8,251
R,luminal,50,-0.12733814845173483,50,0.04,4,251
R+P,basal,50,-0.33083323149531496,50,0.0,1,251
R+P,her2,50,-0.17070470011162953,50,0.02,2,251
R+P,luminal,50,-0.1423057736788275,50,0.04,2,251
R+D,basal,50,-0.6715648246161794,50,0.0,2,251
R+D,her2,50,-0.5117467293692048,50,0.02,8,251
R+D,luminal,50,-0.2767562015002347,50,0.04,1,251
R+P+D,basal,50,-0.4852056178816158,50,0.0,1,251
R+P+D,her2,50,-0.3218389394037635,50,0.02,4,251
R+P+D,luminal,50,-0.2286637015442251,50,0.04,1,251
R,basal,50,-0.6346957677674512,50,0.0,1,252
R,her2,50,-0.47685513854203215,50,0.0,6,252
R,luminal,50,-0.14430171386392138,50,0.04,1,252
R+P,basal,50,-0.3457020054864839,50,0.0,1,252
R+P,her2,50,-0.3117600765246627,50,0.02,3,252
R+P,luminal,50,-0.12296608417259514,50,0.04,2,252
R+D,basal,50,-0.6994573829294217,50,0.0,2,252
R+D,her2,50,-0.5834572519674132,50,0.02,6,252
R+D,luminal,50,-0.22626702234978943,50,0.04,0,252
R+P+D,basal,50,-0.4117878889468185,50,0.0,0,252
R+P+D,her2,50,-0.33164691559133347,50,0.02,4,252
R+P+D,luminal,50,-0.29915625036087407,50,0.04,1,252
R,basal,50,-0.6365335644004504,50,0.0,2,253
R,her2,50,-0.325083465260356,50,0.02,6,253
R,luminal,50,-0.18746072574057387,50,0.04,2,253
R+P,basal,50,-0.6228919421904562,50,0.0,3,253
R+P,her2,50,-0.3039420583222479,50,0.04,5,253
R+P,luminal,50,-0.11874592007865466,50,0.04,1,253
R+D,basal,50,-0.7203560111097306,50,0.0,3,253
R+D,her2,50,-0.47429791346418854,50,0.02,7,253
R+D,luminal,50,-0.36186739781289856,50,0.02,2,253
R+P+D,basal,50,-0.6261688195139805,50,0.0,4,253
R+P+D,her2,50,-0.3190338020465017,50,0.02,5,253
R+P+D,luminal,50,-0.3215965683107578,50,0.02,1,253
R,basal,50,-0.5776844653896107,50,0.0,3,254
R,her2,50,-0.34401103482069134,50,0.02,6,254
R,luminal,50,-0.20057191920734488,50,0.04,1,254
R+P,basal,50,-0.5137467787290904,50,0.0,2,254
R+P,her2,50,-0.2829263152684181,50,0.04,3,254
R+P,luminal,50,-0.12331339195740153,50,0.04,1,254
R+D,basal,50,-0.6592318405853785,50,0.0,3,254
R+D,her2,50,-0.3602671374603473,50,0.02,6,254
R+D,luminal,50,-0.34590808470765916,50,0.04,1,254
R+P+D,basal,50,-0.584758727353229,50,0.0,2,254
R+P+D,her2,50,-0.35399726669093035,50,0.02,4,254
R+P+D,luminal,50,-0.2580362886848098,50,0.04,1,254
R,basal,50,-0.7242930170965322,50,0.0,3,255
R,her2,50,-0.39153391882384,50,0.04,7,255
R,luminal,50,-0.1464755683376645,50,0.04,1,255
R+P,basal,50,-0.6480822477304252,50,0.0,2,255
R+P,her2,50,-0.28888505003828213,50,0.02,5,255
R+P,luminal,50,-0.1258838605323061,50,0.04,0,255
R+D,basal,50,-0.683783911402054,50,0.0,1,255
R+D,her2,50,-0.4456956872863564,50,0.02,9,255
R+D,luminal,50,-0.28636808618547555,50,0.02,2,255
R+P+D,basal,50,-0.6198966985228191,50,0.0,1,255
R+P+D,her2,50,-0.35508296437421266,50,0.02,7,255
R+P+D,luminal,50,-0.25661498980469416,50,0.02,1,255
R,basal,50,-0.5236085888246723,50,0.0,1,256
R,her2,50,-0.3580350833527791,50,0.02,5,256
R,luminal,50,-0.11050148462919929,50,0.04,2,256
R+P,basal,50,-0.2451254147120967,50,0.0,2,256
R+P,her2,50,-0.26726734929746976,50,0.02,3,256
R+P,luminal,50,-0.14087094819788754,50,0.04,1,256
R+D,basal,50,-0.6051576907185848,50,0.0,3,256
R+D,her2,50,-0.43258796808037725,50,0.02,3,256
R+D,luminal,50,-0.25494947713675925,50,0.02,0,256
R+P+D,basal,50,-0.4238930643853779,50,0.0,1,256
R+P+D,her2,50,-0.3654739643952544,50,0.02,4,256
R+P+D,luminal,50,-0.19668659509977218,50,0.02,1,256
R,basal,50,-0.6504218516884935,50,0.0,1,257
R,her2,50,-0.2619126104517061,50,0.02,7,257
R,luminal,50,-0.18303213802749185,50,0.04,2,257
R+P,basal,50,-0.3827769970068679,50,0.0,2,257
R+P,her2,50,-0.17203013128716102,50,0.02,6,257
R+P,luminal,50,-0.20034875806682828,50,0.04,0,257
R+D,basal,50,-0.5566624931175788,50,0.0,0,257
R+D,her2,50,-0.36110339205825875,50,0.02,5,257
R+D,luminal,50,-0.4263025098704596,50,0.04,0,257
R+P+D,basal,50,-0.5684937459137515,50,0.0,0,257
R+P+D,her2,50,-0.23608048317633404,50,0.02,4,257
R+P+D,luminal,50,-0.3193632561879707,50,0.04,0,257
R,basal,50,-0.7045660819665538,50,0.0,1,258
R,her2,50,-0.32571199065227224,50,0.04,6,258
R,luminal,50,-0.17743781492240074,50,0.04,2,258
R+P,basal,50,-0.44689648561322604,50,0.0,2,258
R+P,her2,50,-0.3580254803283532,50,0.04,2,258
R+P,luminal,50,-0.14674658328540352,50,0.04,1,258
R+D,basal,50,-0.6703174335119053,50,0.0,1,258
R+D,her2,50,-0.4709433806018671,50,0.02,6,258
R+D,luminal,50,-0.3929056102096417,50,0.04,1,258
R+P+D,basal,50,-0.5237270743195517,50,0.0,0,258
R+P+D,her2,50,-0.40071585643762353,50,0.02,3,258
R+P+D,luminal,50,-0.30924320173954445,50,0.04,2,258
R,basal,50,-0.5926445861071672,50,0.0,2,259
R,her2,50,-0.23454479489897256,50,0.02,6,259
R,luminal,50,-0.15817547422539824,50,0.04,2,259
R+P,basal,50,-0.5031243079278362,50,0.0,2,259
R+P,her2,50,-0.205844125297159,50,0.02,2,259
R+P,luminal,50,-0.15320900709637061,50,0.06,1,259
R+D,basal,50,-0.641573408934005,50,0.0,2,259
R+D,her2,50,-0.36476001356338117,50,0.02,8,259
R+D,luminal,50,-0.3318957328383575,50,0.04,2,259
R+P+D,basal,50,-0.5583593189391549,50,0.0,2,259
R+P+D,her2,50,-0.2576177273516154,50,0.02,4,259
R+P+D,luminal,50,-0.2800978228330672,50,0.04,2,259
R,basal,50,-0.38162073905375754,50,0.0,0,260
R,her2,50,-0.35544552635774695,50,0.02,4,260
R,luminal,50,-0.18221960259359934,50,0.06,1,260
R+P,basal,50,-0.3223541689615144,50,0.0,1,260
R+P,her2,50,-0.23548700236149137,50,0.02,2,260
R+P,luminal,50,-0.16500929846997586,50,0.04,1,260
R+D,basal,50,-0.5598444134954861,50,0.0,2,260
R+D,her2,50,-0.3963513630572217,50,0.02,4,260
R+D,luminal,50,-0.4383743297829803,50,0.04,2,260
R+P+D,basal,50,-0.40693555922198243,50,0.0,2,260
R+P+D,her2,50,-0.24158387822436786,50,0.02,1,260
R+P+D,luminal,50,-0.2756069575144955,50,0.04,1,260
R,basal,50,-0.5727790661033916,50,0.0,2,261
R,her2,50,-0.3672370908801449,50,0.04,4,261
R,luminal,50,-0.17051567322035394,50,0.04,2,261
R+P,basal,50,-0.4696343787209796,50,0.0,0,261
R+P,her2,50,-0.33344307165387177,50,0.04,3,261
R+P,luminal,50,-0.19434755059902564,50,0.06,2,261
R+D,basal,50,-0.8598225048373928,50,0.0,3,261
R+D,her2,50,-0.4337433382964606,50,0.02,2,261
R+D,luminal,50,-0.35342139618540963,50,0.04,1,261
R+P+D,basal,50,-0.6747811977286865,50,0.0,0,261
R+P+D,her2,50,-0.44216652974263065,50,0.02,3,261
R+P+D,luminal,50,-0.2051417176780894,50,0.06,1,261
R,basal,50,-0.47930856518679316,50,0.0,0,262
R,her2,50,-0.3019950947616412,50,0.02,6,262
R,luminal,50,-0.14566741145521442,50,0.04,3,262
R+P,basal,50,-0.3879739366633907,50,0.0,3,262
R+P,her2,50,-0.39443166357775844,50,0.02,2,262
R+P,luminal,50,-0.14176839407008035,50,0.04,1,262
R+D,basal,50,-0.6144709451442126,50,0.0,3,262
R+D,her2,50,-0.4391411285659437,50,0.04,6,262
R+D,luminal,50,-0.21499444726981148,50,0.02,1,262
R+P+D,basal,50,-0.4500330526216086,50,0.0,3,262
R+P+D,her2,50,-0.3375030883410001,50,0.02,3,262
R+P+D,luminal,50,-0.20705431170652208,50,0.02,0,262
R,basal,50,-0.33732830157509497,50,0.0,1,263
R,her2,50,-0.40240165188294563,50,0.0,6,263
R,luminal,50,-0.2212362873266919,50,0.04,2,263
R+P,basal,50,-0.3165481716236264,50,0.0,1,263
R+P,her2,50,-0.34447079638941325,50,0.0,2,263
R+P,luminal,50,-0.12207839410440766,50,0.04,2,263
R+D,basal,50,-0.5270877230590313,50,0.0,1,263
R+D,her2,50,-0.4644022862926586,50,0.02,4,263
R+D,luminal,50,-0.36276092840154095,50,0.04,2,263
R+P+D,basal,50,-0.40408136711968523,50,0.0,2,263
R+P+D,her2,50,-0.46738377758180194,50,0.02,4,263
R+P+D,luminal,50,-0.23223560300959764,50,0.04,1,263
R,basal,50,-0.39698243457711696,50,0.0,1,264
R,her2,50,-0.2372891833105275,50,0.02,5,264
R,luminal,50,-0.15744345708159843,50,0.04,1,264
R+P,basal,50,-0.3133135862349632,50,0.0,2,264
R+P,her2,50,-0.3781478152325143,50,0.04,4,264
R+P,luminal,50,-0.18733347027285452,50,0.04,2,264
R+D,basal,50,-0.5939246997234676,50,0.0,2,264
R+D,her2,50,-0.37038415132163194,50,0.02,6,264
R+D,luminal,50,-0.412206657450019,50,0.04,1,264
R+P+D,basal,50,-0.5285277595613121,50,0.0,1,264
R+P+D,her2,50,-0.48147958828296467,50,0.02,4,264
R+P+D,luminal,50,-0.29103539324244154,50,0.04,2,264
R,basal,50,-0.6667087902688301,50,0.0,3,265
R,her2,50,-0.286578482675125,50,0.0,3,265
R,luminal,50,-0.130401451981654,50,0.04,3,265
R+P,basal,50,-0.6253141080685782,50,0.0,3,265
R+P,her2,50,-0.1748848665972917,50,0.02,4,265
R+P,luminal,50,-0.11057999847605085,50,0.04,2,265
R+D,basal,50,-0.6958376510944564,50,0.0,3,265
R+D,her2,50,-0.4775631584282437,50,0.02,5,265
R+D,luminal,50,-0.3217482075978781,50,0.04,0,265
R+P+D,basal,50,-0.6558876012337602,50,0.0,3,265
R+P+D,her2,50,-0.3195320056258421,50,0.02,4,265
R+P+D,luminal,50,-0.24478335921010813,50,0.04,1,265
R,basal,50,-0.55614349179338,50,0.0,0,266
R,her2,50,-0.3351557966554868,50,0.04,8,266
R,luminal,50,-0.1292329979804173,50,0.04,1,266
R+P,basal,50,-0.42788591054373953,50,0.0,2,266
R+P,her2,50,-0.2256779769113572,50,0.02,3,266
R+P,luminal,50,-0.17215819809164018,50,0.04,1,266
R+D,basal,50,-0.681987929273928,50,0.0,1,266
R+D,her2,50,-0.3302782025067526,50,0.02,4,266
R+D,luminal,50,-0.28696821157591823,50,0.02,0,266
R+P+D,basal,50,-0.4979061107644259,50,0.0,1,266
R+P+D,her2,50,-0.48624013197573845,50,0.02,6,266
R+P+D,luminal,50,-0.24370011787607457,50,0.02,0,266
R,basal,50,-0.6789450479356037,50,0.0,4,267
R,her2,50,-0.23093769022110527,50,0.02,4,267
R,luminal,50,-0.1330304296967671,50,0.04,3,267
R+P,basal,50,-0.47384708282491117,50,0.0,2,267
R+P,her2,50,-0.14860456610241204,50,0.04,3,267
R+P,luminal,50,-0.13170193431945929,50,0.04,1,267
R+D,basal,50,-0.7336288728294638,50,0.0,2,267
R+D,her2,50,-0.3284015905639469,50,0.02,6,267
R+D,luminal,50,-0.26423971263894996,50,0.04,1,267
R+P+D,basal,50,-0.5887565024733563,50,0.0,1,267
R+P+D,her2,50,-0.31058091926921,50,0.02,6,267
R+P+D,luminal,50,-0.2940828124468608,50,0.04,0,267
R,basal,50,-0.7203195860088962,50,0.0,1,268
R,her2,50,-0.3738752773346122,50,0.04,7,268
R,luminal,50,-0.1571420413357158,50,0.04,2,268
R+P,basal,50,-0.5643024424042175,50,0.0,4,268
R+P,her2,50,-0.25366336722386745,50,0.02,5,268
R+P,luminal,50,-0.11311004712659749,50,0.06,0,268
R+D,basal,50,-0.6573108862868751,50,0.0,2,268
R+D,her2,50,-0.594604131574149,50,0.04,8,268
R+D,luminal,50,-0.318322428992907,50,0.02,2,268
R+P+D,basal,50,-0.57265118642638,50,0.0,3,268
R+P+D,her2,50,-0.4072064242218377,50,0.02,4,268
R+P+D,luminal,50,-0.3031698251295291,50,0.02,2,268
R,basal,50,-0.4947383597616896,50,0.0,0,269
R,her2,50,-0.3460467400442661,50,0.04,8,269
R,luminal,50,-0.23029236036961298,50,0.06,3,269
R+P,basal,50,-0.36715898197360175,50,0.0,0,269
R+P,her2,50,-0.26708153379922583,50,0.02,6,269
R+P,luminal,50,-0.14518095842993517,50,0.04,1,269
R+D,basal,50,-0.657850511585934,50,0.0,1,269
R+D,her2,50,-0.41578915947316347,50,0.04,9,269
R+D,luminal,50,-0.2980926174475342,50,0.04,1,269
R+P+D,basal,50,-0.4917533972162174,50,0.0,1,269
R+P+D,her2,50,-0.39021313125141543,50,0.02,6,269
R+P+D,luminal,50,-0.2847346015960876,50,0.04,1,269
R,basal,50,-0.6756957964833984,50,0.0,2,270
R,her2,50,-0.28010990673421265,50,0.02,6,270
R,luminal,50,-0.13919673724548243,50,0.04,3,270
R+P,basal,50,-0.3503751863705493,50,0.0,1,270
R+P,her2,50,-0.1880504347607905,50,0.02,5,270
R+P,luminal,50,-0.1387936829649237,50,0.04,2,270
R+D,basal,50,-0.7839475177388919,50,0.0,1,270
R+D,her2,50,-0.5170722782859716,50,0.02,8,270
R+D,luminal,50,-0.3198661423076995,50,0.02,0,270
R+P+D,basal,50,-0.5444996019959274,50,0.0,3,270
R+P+D,her2,50,-0.2787367396769705,50,0.02,4,270
R+P+D,luminal,50,-0.2620810694986325,50,0.02,1,270
R,basal,50,-0.4817547641834768,50,0.0,0,271
R,her2,50,-0.3647583256145183,50,0.04,8,271
R,luminal,50,-0.17966806314049374,50,0.04,1,271
R+P,basal,50,-0.3242371384664839,50,0.0,3,271
R+P,her2,50,-0.2836641286163964,50,0.02,4,271
R+P,luminal,50,-0.13681105395223755,50,0.04,0,271
R+D,basal,50,-0.5340768732543316,50,0.0,2,271
R+D,her2,50,-0.6155881544596951,50,0.02,11,271
R+D,luminal,50,-0.31342225514209887,50,0.02,1,271
R+P+D,basal,50,-0.43119728602649177,50,0.0,3,271
R+P+D,her2,50,-0.33627474691952314,50,0.02,5,271
R+P+D,luminal,50,-0.34397193857358066,50,0.04,2,271
R,basal,50,-0.5781610108723669,50,0.0,3,272
R,her2,50,-0.2692434567627028,50,0.02,6,272
R,luminal,50,-0.12721321747224104,50,0.04,2,272
R+P,basal,50,-0.5174351691454916,50,0.0,3,272
R+P,her2,50,-0.24501436756748987,50,0.02,2,272
R+P,luminal,50,-0.14915730169771618,50,0.06,4,272
R+D,basal,50,-0.6233035576234814,50,0.0,3,272
R+D,her2,50,-0.31678813777842074,50,0.02,4,272
R+D,luminal,50,-0.26125529382234725,50,0.02,1,272
R+P+D,basal,50,-0.5394079024130706,50,0.0,7,272
R+P+D,her2,50,-0.36537114433562917,50,0.02,3,272
R+P+D,luminal,50,-0.12480905467896868,50,0.02,0,272
R,basal,50,-0.6186853929218161,50,0.0,2,273
R,her2,50,-0.3061131111164772,50,0.02,4,273
R,luminal,50,-0.1334506795253728,50,0.04,1,273
R+P,basal,50,-0.4826920404701458,50,0.0,2,273
R+P,her2,50,-0.27416800735102337,50,0.02,4,273
R+P,luminal,50,-0.1300343297044402,50,0.04,1,273
R+D,basal,50,-0.7557690132897786,50,0.0,2,273
R+D,her2,50,-0.4020387128342826,50,0.02,5,273
R+D,luminal,50,-0.3507322482168076,50,0.04,1,273
R+P+D,basal,50,-0.636078954545156,50,0.0,1,273
R+P+D,her2,50,-0.44108663324976083,50,0.02,4,273
R+P+D,luminal,50,-0.26880255595240893,50,0.04,1,273
R,basal,50,-0.4749241160124912,50,0.0,0,274
R,her2,50,-0.4972814234483002,50,0.02,5,274
R,luminal,50,-0.1024536238293317,50,0.04,2,274
R+P,basal,50,-0.22855410026980155,50,0.0,2,274
R+P,her2,50,-0.28510127489420084,50,0.02,3,274
R+P,luminal,50,-0.11818640670645562,50,0.06,2,274
R+D,basal,50,-0.6585122013274172,50,0.0,2,274
R+D,her2,50,-0.5440900531689757,50,0.02,4,274
R+D,luminal,50,-0.18173329273383415,50,0.02,1,274
R+P+D,basal,50,-0.37864524286820034,50,0.0,1,274
R+P+D,her2,50,-0.5288692147738727,50,0.04,5,274
R+P+D,luminal,50,-0.21863363876182246,50,0.02,0,274
R,basal,50,-0.5346179207349138,50,0.0,3,275
R,her2,50,-0.32689418560163935,50,0.02,8,275
R,luminal,50,-0.15211417750179695,50,0.04,2,275
R+P,basal,50,-0.3791749988953329,50,0.0,2,275
R+P,her2,50,-0.3024693745274789,50,0.02,4,275
R+P,luminal,50,-0.15221538597737308,50,0.08,3,275
R+D,basal,50,-0.6759855483895221,50,0.0,2,275
R+D,her2,50,-0.4462428906232441,50,0.02,9,275
R+D,luminal,50,-0.31726052115444375,50,0.02,1,275
R+P+D,basal,50,-0.5232132013833928,50,0.0,2,275
R+P+D,her2,50,-0.404255572018445,50,0.02,5,275
R+P+D,luminal,50,-0.34565906766828325,50,0.04,4,275
R,basal,50,-0.5761659082153683,50,0.0,1,276
R,her2,50,-0.3865639105382093,50,0.02,5,276
R,luminal,50,-0.1850500412217283,50,0.04,1,276
R+P,basal,50,-0.3177202087565277,50,0.0,2,276
R+P,her2,50,-0.3490839047191334,50,0.02,3,276
R+P,luminal,50,-0.1287466384500539,50,0.04,0,276
R+D,basal,50,-0.6632281798313042,50,0.0,1,276
R+D,her2,50,-0.39883488218383506,50,0.02,7,276
R+D,luminal,50,-0.43322001799262966,50,0.04,2,276
R+P+D,basal,50,-0.43310516574971175,50,0.0,4,276
R+P+D,her2,50,-0.4137262132076865,50,0.02,4,276
R+P+D,luminal,50,-0.3215844447658608,50,0.04,1,276
R,basal,50,-0.42436658734916227,50,0.0,1,277
R,her2,50,-0.31409026928728173,50,0.02,5,277
R,luminal,50,-0.199366593810961,50,0.04,3,277
R+P,basal,50,-0.2803292431242522,50,0.0,3,277
R+P,her2,50,-0.40026361206752165,50,0.04,5,277
R+P,luminal,50,-0.1824411748934086,50,0.04,2,277
R+D,basal,50,-0.6193110597097559,50,0.0,2,277
R+D,her2,50,-0.41992021414848746,50,0.02,4,277
R+D,luminal,50,-0.38848331463962993,50,0.02,0,277
R+P+D,basal,50,-0.3783902827068455,50,0.0,0,277
R+P+D,her2,50,-0.4061912712699122,50,0.04,4,277
R+P+D,luminal,50,-0.3327647299330259,50,0.02,1,277
R,basal,50,-0.43578077591864045,50,0.0,0,278
R,her2,50,-0.3619911233095809,50,0.02,4,278
R,luminal,50,-0.15343194246731365,50,0.04,1,278
R+P,basal,50,-0.39799768940975716,50,0.0,0,278
R+P,her2,50,-0.18880447862953217,50,0.02,2,278
R+P,luminal,50,-0.1301296721414548,50,0.04,1,278
R+D,basal,50,-0.6795701935095104,50,0.0,4,278
R+D,her2,50,-0.5788328039109749,50,0.02,3,278
R+D,luminal,50,-0.3073960376526555,50,0.02,1,278
R+P+D,basal,50,-0.4884485108795755,50,0.0,2,278
R+P+D,her2,50,-0.400178279770924,50,0.02,3,278
R+P+D,luminal,50,-0.23665795341398155,50,0.02,3,278
R,basal,50,-0.40555185690133333,50,0.0,0,279
R,her2,50,-0.5410180654794117,50,0.04,6,279
R,luminal,50,-0.13033701186621519,50,0.04,1,279
R+P,basal,50,-0.20024423018886817,50,0.0,1,279
R+P,her2,50,-0.3469270671254639,50,0.02,5,279
R+P,luminal,50,-0.14345202129659268,50,0.06,1,279
R+D,basal,50,-0.568315921223709,50,0.0,1,279
R+D,her2,50,-0.6286748648331668,50,0.04,9,279
R+D,luminal,50,-0.3674057206740135,50,0.02,1,279
R+P+D,basal,50,-0.3504353570690013,50,0.0,0,279
R+P+D,her2,50,-0.41776436641731224,50,0.02,6,279
R+P+D,luminal,50,-0.24065482510230043,50,0.02,0,279
R,basal,50,-0.5849419958916012,50,0.0,3,280
R,her2,50,-0.42961394051268875,50,0.02,4,280
R,luminal,50,-0.12668727610745525,50,0.04,2,280
R+P,basal,50,-0.3722182639697938,50,0.0,4,280
R+P,her2,50,-0.33647897753754075,50,0.02,4,280
R+P,luminal,50,-0.13821618591763962,50,0.04,1,280
R+D,basal,50,-0.6744872269261308,50,0.0,1,280
R+D,her2,50,-0.5485763035171373,50,0.02,8,280
R+D,luminal,50,-0.28177520462906935,50,0.04,0,280
R+P+D,basal,50,-0.3534443618983466,50,0.0,1,280
R+P+D,her2,50,-0.3780255021979815,50,0.02,7,280
R+P+D,luminal,50,-0.30635910280977435,50,0.04,0,280
R,basal,50,-0.5042706416302163,50,0.0,2,281
R,her2,50,-0.3114001651908125,50,0.04,8,281
R,luminal,50,-0.18501417955399418,50,0.04,3,281
R+P,basal,50,-0.315661893100725,50,0.0,1,281
R+P,her2,50,-0.20607175176477618,50,0.02,1,281
R+P,luminal,50,-0.25896543383908666,50,0.04,1,281
R+D,basal,50,-0.6125034241608064,50,0.0,2,281
R+D,her2,50,-0.4195529808347985,50,0.02,5,281
R+D,luminal,50,-0.4445842193248301,50,0.04,1,281
R+P+D,basal,50,-0.37968512561807927,50,0.0,1,281
R+P+D,her2,50,-0.3578601593621826,50,0.02,2,281
R+P+D,luminal,50,-0.30849060521086374,50,0.04,0,281
R,basal,50,-0.5160139402327144,50,0.0,4,282
R,her2,50,-0.2687047798300798,50,0.02,4,282
R,luminal,50,-0.15190121172478036,50,0.04,2,282
R+P,basal,50,-0.37460423573509166,50,0.0,3,282
R+P,her2,50,-0.1598688996298733,50,0.04,3,282
R+P,luminal,50,-0.15292928743890288,50,0.06,3,282
R+D,basal,50,-0.5659642459721865,50,0.0,0,282
R+D,her2,50,-0.5190898382966066,50,0.02,6,282
R+D,luminal,50,-0.3631196755050939,50,0.02,2,282
R+P+D,basal,50,-0.5154045324889565,50,0.0,0,282
R+P+D,her2,50,-0.366249357585498,50,0.02,4,282
R+P+D,luminal,50,-0.2854946986351273,50,0.02,2,282
R,basal,50,-0.4595925512614021,50,0.0,0,283
R,her2,50,-0.46834075239134515,50,0.02,8,283
R,luminal,50,-0.14061750789264132,50,0.04,1,283
R+P,basal,50,-0.2855985711946515,50,0.0,2,283
R+P,her2,50,-0.3751379845548036,50,0.02,3,283
R+P,luminal,50,-0.1499886229421599,50,0.06,1,283
R+D,basal,50,-0.7008341368201697,50,0.0,2,283
R+D,her2,50,-0.5950961956137442,50,0.02,5,283
R+D,luminal,50,-0.268456352155989,50,0.04,2,283
R+P+D,basal,50,-0.35994832209923616,50,0.0,1,283
R+P+D,her2,50,-0.4555099277095958,50,0.02,4,283
R+P+D,luminal,50,-0.23999609087607732,50,0.04,2,283
R,basal,50,-0.4803348854048053,50,0.0,0,284
R,her2,50,-0.3412149067837653,50,0.02,6,284
R,luminal,50,-0.1658996747556975,50,0.06,2,284
R+P,basal,50,-0.22795530149306445,50,0.0,0,284
R+P,her2,50,-0.2355765805171433,50,0.02,3,284
R+P,luminal,50,-0.1541861323755356,50,0.08,2,284
R+D,basal,50,-0.6973594043298159,50,0.0,2,284
R+D,her2,50,-0.45181356301874404,50,0.02,7,284
R+D,luminal,50,-0.31604548356322104,50,0.04,2,284
R+P+D,basal,50,-0.3742584681433177,50,0.0,1,284
R+P+D,her2,50,-0.3763727207310172,50,0.02,5,284
R+P+D,luminal,50,-0.3139224882889184,50,0.04,2,284
R,basal,50,-0.5376028467262154,50,0.0,1,285
R,her2,50,-0.29551001628421075,50,0.02,4,285
R,luminal,50,-0.13706816817780257,50,0.04,2,285
R+P,basal,50,-0.32283094484020064,50,0.0,3,285
R+P,her2,50,-0.27927206439312974,50,0.02,3,285
R+P,luminal,50,-0.14446623132741887,50,0.04,2,285
R+D,basal,50,-0.5336761471437417,50,0.0,0,285
R+D,her2,50,-0.4621382592460089,50,0.02,7,285
R+D,luminal,50,-0.19144139042801325,50,0.02,1,285
R+P+D,basal,50,-0.4569920758135196,50,0.0,1,285
R+P+D,her2,50,-0.3164221255586525,50,0.02,3,285
R+P+D,luminal,50,-0.21803821935499013,50,0.02,2,285
R,basal,50,-0.6166445757220571,50,0.0,2,286
R,her2,50,-0.40471051385250134,50,0.04,7,286
R,luminal,50,-0.13085924013047684,50,0.04,1,286
R+P,basal,50,-0.4110282546605579,50,0.0,2,286
R+P,her2,50,-0.20127828123209482,50,0.02,4,286
R+P,luminal,50,-0.14101344646561736,50,0.04,3,286
R+D,basal,50,-0.6488270956669884,50,0.0,0,286
R+D,her2,50,-0.5793667430368031,50,0.02,8,286
R+D,luminal,50,-0.2338743783208275,50,0.02,0,286
R+P+D,basal,50,-0.4832868121243473,50,0.0,1,286
R+P+D,her2,50,-0.40145977324929005,50,0.02,5,286
R+P+D,luminal,50,-0.21863722965235535,50,0.02,0,286
R,basal,50,-0.47661850361554464,50,0.0,1,287
R,her2,50,-0.4532322564128161,50,0.04,10,287
R,luminal,50,-0.1265166833923582,50,0.04,2,287
R+P,basal,50,-0.3210697266400983,50,0.0,2,287
R+P,her2,50,-0.34653296964654323,50,0.02,4,287
R+P,luminal,50,-0.126169942096411,50,0.04,1,287
R+D,basal,50,-0.6261836581455809,50,0.0,1,287
R+D,her2,50,-0.7023337029140037,50,0.02,10,287
R+D,luminal,50,-0.29607569870201317,50,0.02,2,287
R+P+D,basal,50,-0.496772125931249,50,0.0,0,287
R+P+D,her2,50,-0.3937053501887243,50,0.02,4,287
R+P+D,luminal,50,-0.18005484119194118,50,0.02,2,287
R,basal,50,-0.5067483592993038,50,0.0,0,288
R,her2,50,-0.27975197718430983,50,0.02,6,288
R,luminal,50,-0.14184698664138592,50,0.06,2,288
R+P,basal,50,-0.38030972309646005,50,0.0,0,288
R+P,her2,50,-0.4080514711342104,50,0.02,3,288
R+P,luminal,50,-0.11335053396021,50,0.06,2,288
R+D,basal,50,-0.6547935075243032,50,0.0,2,288
R+D,her2,50,-0.5840880488942579,50,0.02,11,288
R+D,luminal,50,-0.3149824428358514,50,0.04,1,288
R+P+D,basal,50,-0.5394845193442648,50,0.0,0,288
R+P+D,her2,50,-0.44983664765617315,50,0.02,6,288
R+P+D,luminal,50,-0.14770109259925718,50,0.04,1,288
R,basal,50,-0.5944589082027968,50,0.0,2,289
R,her2,50,-0.30463823572801824,50,0.02,4,289
R,luminal,50,-0.16761784360060272,50,0.04,3,289
R+P,basal,50,-0.4721412280038884,50,0.0,2,289
R+P,her2,50,-0.1596889054830797,50,0.02,1,289
R+P,luminal,50,-0.16597463085488293,50,0.04,1,289
R+D,basal,50,-0.6351523711785357,50,0.0,4,289
R+D,her2,50,-0.5669794375502597,50,0.02,3,289
R+D,luminal,50,-0.33375922781776296,50,0.04,1,289
R+P+D,basal,50,-0.5658994653043188,50,0.0,3,289
R+P+D,her2,50,-0.33737605151181127,50,0.02,2,289
R+P+D,luminal,50,-0.2974023219038492,50,0.04,2,289
R,basal,50,-0.614715878788363,50,0.0,1,290
R,her2,50,-0.38605804919282627,50,0.02,5,290
R,luminal,50,-0.14819255230956288,50,0.04,1,290
R+P,basal,50,-0.35670609020331767,50,0.0,3,290
R+P,her2,50,-0.3845686145008292,50,0.02,3,290
R+P,luminal,50,-0.16125639997800864,50,0.06,2,290
R+D,basal,50,-0.5938622633078287,50,0.0,0,290
R+D,her2,50,-0.6070816004433053,50,0.02,8,290
R+D,luminal,50,-0.326231008210007,50,0.04,1,290
R+P+D,basal,50,-0.48221138100232497,50,0.0,3,290
R+P+D,her2,50,-0.457852023697909,50,0.02,5,290
R+P+D,luminal,50,-0.29443680821447626,50,0.04,2,290
R,basal,50,-0.573383554082381,50,0.0,0,291
R,her2,50,-0.3052080746905487,50,0.02,6,291
R,luminal,50,-0.10443580473064112,50,0.04,1,291
R+P,basal,50,-0.29054704619718147,50,0.0,2,291
R+P,her2,50,-0.25624449833124663,50,0.02,4,291
R+P,luminal,50,-0.1067798684764511,50,0.04,3,291
R+D,basal,50,-0.702950797093282,50,0.0,1,291
R+D,her2,50,-0.4598683613851234,50,0.02,4,291
R+D,luminal,50,-0.24432820963372162,50,0.04,1,291
R+P+D,basal,50,-0.46274026659145695,50,0.0,2,291
R+P+D,her2,50,-0.24586411803196143,50,0.02,4,291
R+P+D,luminal,50,-0.2612067013402515,50,0.04,1,291
R,basal,50,-0.6257568427470752,50,0.0,2,292
R,her2,50,-0.3264598391924164,50,0.04,7,292
R,luminal,50,-0.11718803698935858,50,0.04,1,292
R+P,basal,50,-0.5561924565654386,50,0.0,4,292
R+P,her2,50,-0.15825980061029096,50,0.02,4,292
R+P,luminal,50,-0.10738345055079306,50,0.04,1,292
R+D,basal,50,-0.6383219076005462,50,0.0,1,292
R+D,her2,50,-0.48058280291557354,50,0.02,11,292
R+D,luminal,50,-0.3572429187226994,50,0.04,1,292
R+P+D,basal,50,-0.6538087768616537,50,0.0,2,292
R+P+D,her2,50,-0.24139001982213196,50,0.02,5,292
R+P+D,luminal,50,-0.3285646184678126,50,0.04,2,292
R,basal,50,-0.44403243568078726,50,0.0,2,293
R,her2,50,-0.31535671343805305,50,0.02,7,293
R,luminal,50,-0.13035559529788437,50,0.04,1,293
R+P,basal,50,-0.16968179710109,50,0.0,0,293
R+P,her2,50,-0.28849778517878893,50,0.04,3,293
R+P,luminal,50,-0.19972329865636532,50,0.06,1,293
R+D,basal,50,-0.6520720874576905,50,0.0,3,293
R+D,her2,50,-0.5330120524858171,50,0.02,6,293
R+D,luminal,50,-0.2790571916053192,50,0.04,0,293
R+P+D,basal,50,-0.48951956192199264,50,0.0,0,293
R+P+D,her2,50,-0.3895283918831182,50,0.02,4,293
R+P+D,luminal,50,-0.2687003400937728,50,0.04,0,293
R,basal,50,-0.6010292994343887,50,0.0,2,294
R,her2,50,-0.24311015279115122,50,0.02,4,294
R,luminal,50,-0.15520548671499892,50,0.04,1,294
R+P,basal,50,-0.27477554107490937,50,0.0,2,294
R+P,her2,50,-0.20533866081429378,50,0.02,2,294
R+P,luminal,50,-0.17648416664870542,50,0.06,1,294
R+D,basal,50,-0.6664389782422249,50,0.0,2,294
R+D,her2,50,-0.38743304357910846,50,0.02,3,294
R+D,luminal,50,-0.2760520691796485,50,0.04,0,294
R+P+D,basal,50,-0.46120680172191514,50,0.0,0,294
R+P+D,her2,50,-0.29118717126692273,50,0.02,3,294
R+P+D,luminal,50,-0.19583109557931078,50,0.06,1,294
R,basal,50,-0.5739932389514927,50,0.0,1,295
R,her2,50,-0.3916530791666419,50,0.02,7,295
R,luminal,50,-0.18500936069769455,50,0.04,2,295
R+P,basal,50,-0.2948520133152882,50,0.0,2,295
R+P,her2,50,-0.2349545657782524,50,0.02,3,295
R+P,luminal,50,-0.22299320347180288,50,0.08,2,295
R+D,basal,50,-0.6327285924068216,50,0.0,5,295
R+D,her2,50,-0.3026260157501833,50,0.02,5,295
R+D,luminal,50,-0.49632689961704946,50,0.04,2,295
R+P+D,basal,50,-0.4722326073620618,50,0.0,2,295
R+P+D,her2,50,-0.33410983100122765,50,0.02,5,295
R+P+D,luminal,50,-0.3371902338705342,50,0.06,3,295
R,basal,50,-0.44200165379364587,50,0.0,0,296
R,her2,50,-0.24200553123439963,50,0.02,7,296
R,luminal,50,-0.17271901755774988,50,0.06,2,296
R+P,basal,50,-0.3971382063532714,50,0.0,2,296
R+P,her2,50,-0.3643747722262207,50,0.02,3,296
R+P,luminal,50,-0.13999523586561907,50,0.04,2,296
R+D,basal,50,-0.5635150736418314,50,0.0,0,296
R+D,her2,50,-0.41259117623916886,50,0.02,7,296
R+D,luminal,50,-0.3219323350915201,50,0.04,1,296
R+P+D,basal,50,-0.49729949319615313,50,0.0,1,296
R+P+D,her2,50,-0.3378861867698362,50,0.02,6,296
R+P+D,luminal,50,-0.2874963085230359,50,0.04,0,296
R,basal,50,-0.8056237405937037,50,0.0,3,297
R,her2,50,-0.3680828649377022,50,0.04,4,297
R,luminal,50,-0.10697257439328535,50,0.04,2,297
R+P,basal,50,-0.3781731514463084,50,0.0,2,297
R+P,her2,50,-0.3878915613927685,50,0.04,2,297
R+P,luminal,50,-0.1583512531619395,50,0.04,1,297
R+D,basal,50,-0.7961931637838049,50,0.0,2,297
R+D,her2,50,-0.4596945671589752,50,0.02,5,297
R+D,luminal,50,-0.26240667326333567,50,0.04,1,297
R+P+D,basal,50,-0.501618016456171,50,0.0,2,297
R+P+D,her2,50,-0.42444970154826805,50,0.02,5,297
R+P+D,luminal,50,-0.19176726316470538,50,0.04,0,297
R,basal,50,-0.5522914207624816,50,0.0,2,298
R,her2,50,-0.3100843740698684,50,0.02,4,298
R,luminal,50,-0.11846667425584011,50,0.04,3,298
R+P,basal,50,-0.5172075890861036,50,0.0,3,298
R+P,her2,50,-0.2940320139239521,50,0.02,5,298
R+P,luminal,50,-0.14713113688084856,50,0.06,3,298
R+D,basal,50,-0.6182155353662245,50,0.0,0,298
R+D,her2,50,-0.28513214867948056,50,0.02,5,298
R+D,luminal,50,-0.3007918511201302,50,0.04,3,298
R+P+D,basal,50,-0.6000005086316214,50,0.0,2,298
R+P+D,her2,50,-0.35727233475768083,50,0.02,5,298
R+P+D,luminal,50,-0.25108545090875234,50,0.04,2,298
R,basal,50,-0.5008963509946626,50,0.0,0,299
R,her2,50,-0.33854494201240615,50,0.02,7,299
R,luminal,50,-0.13765215872407832,50,0.06,2,299
R+P,basal,50,-0.5378174912103986,50,0.0,2,299
R+P,her2,50,-0.4414326005235122,50,0.02,4,299
R+P,luminal,50,-0.13812257975292247,50,0.06,3,299
R+D,basal,50,-0.6157488394170428,50,0.0,1,299
R+D,her2,50,-0.3658886573783358,50,0.02,3,299
R+D,luminal,50,-0.23125176501345515,50,0.04,1,299
R+P+D,basal,50,-0.5191588100130411,50,0.0,0,299
R+P+D,her2,50,-0.36332894550045447,50,0.02,2,299
R+P+D,luminal,50,-0.20258094887927808,50,0.04,2,299
R,basal,50,-0.3917435132450147,50,0.0,0,300
R,her2,50,-0.4189396624867306,50,0.04,6,300
R,luminal,50,-0.17361029191708852,50,0.04,2,300
R+P,basal,50,-0.4282341321427737,50,0.0,2,300
R+P,her2,50,-0.21862582988670884,50,0.02,2,300
R+P,luminal,50,-0.1096951719728215,50,0.04,1,300
R+D,basal,50,-0.6772542770578538,50,0.0,1,300
R+D,her2,50,-0.4626530458527079,50,0.04,9,300
R+D,luminal,50,-0.3716660759611974,50,0.02,2,300
R+P+D,basal,50,-0.4998959467888524,50,0.0,2,300
R+P+D,her2,50,-0.3626943513697691,50,0.02,5,300
R+P+D,luminal,50,-0.30370231623835564,50,0.02,3,300
R,basal,50,-0.5842447114408769,50,0.0,2,301
R,her2,50,-0.4377124164939374,50,0.04,8,301
R,luminal,50,-0.16421013063662507,50,0.04,2,301
R+P,basal,50,-0.395052906838993,50,0.0,5,301
R+P,her2,50,-0.18356030677542587,50,0.02,3,301
R+P,luminal,50,-0.12925545512731873,50,0.04,1,301
R+D,basal,50,-0.6164464997786452,50,0.0,1,301
R+D,her2,50,-0.5343840811580997,50,0.02,10,301
R+D,luminal,50,-0.3800871567263426,50,0.04,2,301
R+P+D,basal,50,-0.5211796400501755,50,0.0,2,301
R+P+D,her2,50,-0.4226627164409305,50,0.02,8,301
R+P+D,luminal,50,-0.35702902745239273,50,0.04,2,301
R,basal,50,-0.5043873255886824,50,0.0,3,302
R,her2,50,-0.21678078562185907,50,0.02,7,302
R,luminal,50,-0.12559441722983158,50,0.04,3,302
R+P,basal,50,-0.437759984848098,50,0.0,3,302
R+P,her2,50,-0.241086203154501,50,0.02,4,302
R+P,luminal,50,-0.12013238550487998,50,0.04,1,302
R+D,basal,50,-0.614451770137859,50,0.0,1,302
R+D,her2,50,-0.4150652537615553,50,0.02,7,302
R+D,luminal,50,-0.3203578723936454,50,0.04,1,302
R+P+D,basal,50,-0.6212845198529711,50,0.0,1,302
R+P+D,her2,50,-0.32913431055805525,50,0.02,3,302
R+P+D,luminal,50,-0.25956218237645157,50,0.04,0,302
R,basal,50,-0.5253233840911906,50,0.0,1,303
R,her2,50,-0.28467626135002927,50,0.04,6,303
R,luminal,50,-0.17107077856772626,50,0.04,2,303
R+P,basal,50,-0.41209945151914873,50,0.0,2,303
R+P,her2,50,-0.17158905416444534,50,0.02,3,303
R+P,luminal,50,-0.12666678807710025,50,0.04,0,303
R+D,basal,50,-0.5849652826714822,50,0.0,1,303
R+D,her2,50,-0.5258832127782043,50,0.02,9,303
R+D,luminal,50,-0.35575800141349917,50,0.04,3,303
R+P+D,basal,50,-0.5410047419737367,50,0.0,0,303
R+P+D,her2,50,-0.2983364303221631,50,0.02,2,303
R+P+D,luminal,50,-0.26511785915486014,50,0.04,3,303
R,basal,50,-0.8133940646997736,50,0.0,2,304
R,her2,50,-0.30650040905737247,50,0.04,5,304
R,luminal,50,-0.14806088296342526,50,0.04,3,304
R+P,basal,50,-0.6168165028762931,50,0.0,4,304
R+P,her2,50,-0.27834418251309917,50,0.04,3,304
R+P,luminal,50,-0.18809264263733178,50,0.04,1,304
R+D,basal,50,-0.6796472973492229,50,0.0,3,304
R+D,her2,50,-0.4264016333010205,50,0.02,7,304
R+D,luminal,50,-0.3492318434392336,50,0.02,1,304
R+P+D,basal,50,-0.6380605862843377,50,0.0,4,304
R+P+D,her2,50,-0.424932196680835,50,0.04,6,304
R+P+D,luminal,50,-0.3225255199292114,50,0.02,2,304
R,basal,50,-0.4153778122757498,50,0.0,0,305
R,her2,50,-0.4750572704804934,50,0.0,5,305
R,luminal,50,-0.15808394977197554,50,0.04,1,305
R+P,basal,50,-0.3731909457698517,50,0.0,1,305
R+P,her2,50,-0.28194465156965065,50,0.02,5,305
R+P,luminal,50,-0.14906332987332407,50,0.06,2,305
R+D,basal,50,-0.6342312436492853,50,0.0,3,305
R+D,her2,50,-0.5409690418019817,50,0.02,2,305
R+D,luminal,50,-0.3363628612972749,50,0.04,0,305
R+P+D,basal,50,-0.5952687882688763,50,0.0,2,305
R+P+D,her2,50,-0.4675940002593123,50,0.02,4,305
R+P+D,luminal,50,-0.25655151282263305,50,0.04,1,305
R,basal,50,-0.5012330753051338,50,0.0,0,306
R,her2,50,-0.43783189453187477,50,0.04,9,306
R,luminal,50,-0.1265363958321987,50,0.04,1,306
R+P,basal,50,-0.34122684516149027,50,0.0,1,306
R+P,her2,50,-0.14808409222634425,50,0.02,3,306
R+P,luminal,50,-0.1228179148682012,50,0.04,0,306
R+D,basal,50,-0.6374823478752559,50,0.0,2,306
R+D,her2,50,-0.5218101099486018,50,0.02,9,306
R+D,luminal,50,-0.28632561309870147,50,0.02,0,306
R+P+D,basal,50,-0.43555280064209057,50,0.0,3,306
R+P+D,her2,50,-0.3560546225230461,50,0.02,5,306
R+P+D,luminal,50,-0.20565588596375858,50,0.02,0,306
R,basal,50,-0.6763481528563955,50,0.0,1,307
R,her2,50,-0.35864199696707305,50,0.02,7,307
R,luminal,50,-0.1607592217379564,50,0.06,2,307
R+P,basal,50,-0.2606374439018752,50,0.0,1,307
R+P,her2,50,-0.26064135019665846,50,0.02,3,307
R+P,luminal,50,-0.14878252271803524,50,0.04,1,307
R+D,basal,50,-0.636084112980191,50,0.0,2,307
R+D,her2,50,-0.3940474566624414,50,0.02,5,307
R+D,luminal,50,-0.2567977044460045,50,0.02,1,307
R+P+D,basal,50,-0.4209114744389924,50,0.0,1,307
R+P+D,her2,50,-0.320471941791155,50,0.02,2,307
R+P+D,luminal,50,-0.2104199288767023,50,0.02,0,307
R,basal,50,-0.48266150460088036,50,0.0,0,308
R,her2,50,-0.49311588290217634,50,0.04,7,308
R,luminal,50,-0.16836267167437036,50,0.06,2,308
R+P,basal,50,-0.3309017922145527,50,0.0,0,308
R+P,her2,50,-0.4245617462670698,50,0.02,6,308
R+P,luminal,50,-0.14524894479802491,50,0.06,2,308
R+D,basal,50,-0.6187824517769639,50,0.0,1,308
R+D,her2,50,-0.6083548581616404,50,0.02,5,308
R+D,luminal,50,-0.2689181778241184,50,0.04,0,308
R+P+D,basal,50,-0.49174879886490713,50,0.0,0,308
R+P+D,her2,50,-0.5949505498560123,50,0.02,8,308
R+P+D,luminal,50,-0.1867657331394933,50,0.04,2,308
R,basal,50,-0.6297597758846736,50,0.0,1,309
R,her2,50,-0.3970101137750546,50,0.04,5,309
R,luminal,50,-0.16218698639101864,50,0.06,3,309
R+P,basal,50,-0.6049109916839969,50,0.0,1,309
R+P,her2,50,-0.22196769448137194,50,0.02,3,309
R+P,luminal,50,-0.11503888104365624,50,0.04,1,309
R+D,basal,50,-0.7491923136677154,50,0.0,0,309
R+D,her2,50,-0.5509686276188817,50,0.02,3,309
R+D,luminal,50,-0.2869088019724846,50,0.02,2,309
R+P+D,basal,50,-0.605018355360715,50,0.0,0,309
R+P+D,her2,50,-0.36434354734626284,50,0.02,3,309
R+P+D,luminal,50,-0.21166935591030955,50,0.02,3,309
R,basal,50,-0.6234636064251061,50,0.0,2,310
R,her2,50,-0.24224469665877255,50,0.02,6,310
R,luminal,50,-0.2025414730762203,50,0.04,2,310
R+P,basal,50,-0.47370721736508287,50,0.0,2,310
R+P,her2,50,-0.15150683774796272,50,0.04,5,310
R+P,luminal,50,-0.22490773742754194,50,0.06,3,310
R+D,basal,50,-0.6663601919535203,50,0.0,3,310
R+D,her2,50,-0.4679231469638394,50,0.02,9,310
R+D,luminal,50,-0.4568619444858033,50,0.04,1,310
R+P+D,basal,50,-0.5576049424002997,50,0.0,1,310
R+P+D,her2,50,-0.3194984279712786,50,0.02,5,310
R+P+D,luminal,50,-0.3673741004129436,50,0.04,2,310
R,basal,50,-0.6710559743944705,50,0.0,2,311
R,her2,50,-0.371067860640507,50,0.04,9,311
R,luminal,50,-0.18350309373872165,50,0.04,2,311
R+P,basal,50,-0.32327193068198684,50,0.0,0,311
R+P,her2,50,-0.1529592877345821,50,0.02,4,311
R+P,luminal,50,-0.1167179895029221,50,0.04,1,311
R+D,basal,50,-0.644054336674107,50,0.0,2,311
R+D,her2,50,-0.4981143256544589,50,0.04,7,311
R+D,luminal,50,-0.23270723902295348,50,0.04,1,311
R+P+D,basal,50,-0.5611758840638978,50,0.0,0,311
R+P+D,her2,50,-0.2712566302494091,50,0.02,3,311
R+P+D,luminal,50,-0.21235661532207054,50,0.04,1,311
R,basal,50,-0.5624343502824137,50,0.0,3,312
R,her2,50,-0.2958829648680861,50,0.02,6,312
R,luminal,50,-0.13353123378358334,50,0.04,2,312
R+P,basal,50,-0.4007878201862588,50,0.0,2,312
R+P,her2,50,-0.243648670328617,50,0.02,3,312
R+P,luminal,50,-0.1459677959136182,50,0.06,2,312
R+D,basal,50,-0.5534655224375892,50,0.0,0,312
R+D,her2,50,-0.4360933544482994,50,0.02,6,312
R+D,luminal,50,-0.3313175500320338,50,0.06,2,312
R+P+D,basal,50,-0.5186884498962724,50,0.0,2,312
R+P+D,her2,50,-0.32661971720696337,50,0.02,4,312
R+P+D,luminal,50,-0.2981753944521921,50,0.06,2,312
R,basal,50,-0.5527020104537029,50,0.0,2,313
R,her2,50,-0.33991683454090144,50,0.02,4,313
R,luminal,50,-0.183813259662836,50,0.1,2,313
R+P,basal,50,-0.32764709511113055,50,0.0,3,313
R+P,her2,50,-0.34041763852542783,50,0.02,2,313
R+P,luminal,50,-0.17532334205814204,50,0.06,3,313
R+D,basal,50,-0.7955653670918285,50,0.0,3,313
R+D,her2,50,-0.48314885146950814,50,0.04,6,313
R+D,luminal,50,-0.2807505732069714,50,0.04,3,313
R+P+D,basal,50,-0.44022895985303256,50,0.0,2,313
R+P+D,her2,50,-0.43234939447465764,50,0.02,4,313
R+P+D,luminal,50,-0.2097213073282387,50,0.04,2,313
R,basal,50,-0.4733750218902886,50,0.0,0,314
R,her2,50,-0.39854131518985236,50,0.02,9,314
R,luminal,50,-0.14445509709624663,50,0.04,2,314
R+P,basal,50,-0.3862935222777977,50,0.0,1,314
R+P,her2,50,-0.5068773913091779,50,0.02,7,314
R+P,luminal,50,-0.17242102503011847,50,0.04,3,314
R+D,basal,50,-0.6710343850767657,50,0.0,2,314
R+D,her2,50,-0.4479029576115295,50,0.02,6,314
R+D,luminal,50,-0.2759130476012635,50,0.04,0,314
R+P+D,basal,50,-0.5715584394769704,50,0.0,2,314
R+P+D,her2,50,-0.4936009465733967,50,0.02,6,314
R+P+D,luminal,50,-0.2519025383712182,50,0.04,0,314
R,basal,50,-0.7245245038436251,50,0.0,2,315
R,her2,50,-0.47134510154679143,50,0.04,8,315
R,luminal,50,-0.19304650514144656,50,0.04,1,315
R+P,basal,50,-0.6065375946240512,50,0.0,3,315
R+P,her2,50,-0.2746929735562073,50,0.02,2,315
R+P,luminal,50,-0.11289324054134088,50,0.04,0,315
R+D,basal,50,-0.6965032767466228,50,0.0,2,315
R+D,her2,50,-0.42697851922057367,50,0.02,9,315
R+D,luminal,50,-0.29089647748937386,50,0.04,1,315
R+P+D,basal,50,-0.6079369878786778,50,0.0,1,315
R+P+D,her2,50,-0.35187494372572586,50,0.02,4,315
R+P+D,luminal,50,-0.29691389341360436,50,0.04,1,315
R,basal,50,-0.506378620509211,50,0.0,0,316
R,her2,50,-0.3441667641331028,50,0.02,4,316
R,luminal,50,-0.13110394516979157,50,0.04,2,316
R+P,basal,50,-0.4862155338292511,50,0.0,3,316
R+P,her2,50,-0.23710508667539407,50,0.02,2,316
R+P,luminal,50,-0.13706170275755503,50,0.04,1,316
R+D,basal,50,-0.6394013766661799,50,0.0,2,316
R+D,her2,50,-0.3563271530950922,50,0.02,3,316
R+D,luminal,50,-0.2629486734333937,50,0.04,1,316
R+P+D,basal,50,-0.49026105406451154,50,0.0,2,316
R+P+D,her2,50,-0.3103501879123041,50,0.02,3,316
R+P+D,luminal,50,-0.25958873723858483,50,0.04,2,316
R,basal,50,-0.5422562214835911,50,0.0,0,317
R,her2,50,-0.3377939419489529,50,0.02,10,317
R,luminal,50,-0.11962277487562681,50,0.04,2,317
R+P,basal,50,-0.46602092739590306,50,0.0,3,317
R+P,her2,50,-0.31920924138376305,50,0.02,3,317
R+P,luminal,50,-0.10446221776924036,50,0.04,3,317
R+D,basal,50,-0.6773951509811559,50,0.0,1,317
R+D,her2,50,-0.48246871664211227,50,0.02,9,317
R+D,luminal,50,-0.12664587753067041,50,0.02,1,317
R+P+D,basal,50,-0.38425938817079014,50,0.0,1,317
R+P+D,her2,50,-0.33350054497864867,50,0.02,4,317
R+P+D,luminal,50,-0.19527829386338294,50,0.02,1,317
R,basal,50,-0.47330230191975853,50,0.0,2,318
R,her2,50,-0.3758661628214394,50,0.04,8,318
R,luminal,50,-0.10752080469221678,50,0.04,1,318
R+P,basal,50,-0.42263120338309823,50,0.0,2,318
R+P,her2,50,-0.19115625591166083,50,0.02,5,318
R+P,luminal,50,-0.1584424047278008,50,0.06,2,318
R+D,basal,50,-0.6736613499991384,50,0.0,4,318
R+D,her2,50,-0.5628714662953105,50,0.02,9,318
R+D,luminal,50,-0.35043033700320686,50,0.04,2,318
R+P+D,basal,50,-0.5915474452083739,50,0.0,2,318
R+P+D,her2,50,-0.2363787759484316,50,0.02,4,318
R+P+D,luminal,50,-0.28946162158787087,50,0.04,1,318
R,basal,50,-0.5632056456677804,50,0.0,1,319
R,her2,50,-0.3472115710018013,50,0.02,10,319
R,luminal,50,-0.16215939037294716,50,0.04,3,319
R+P,basal,50,-0.5226529327777797,50,0.0,3,319
R+P,her2,50,-0.3100545071405161,50,0.02,4,319
R+P,luminal,50,-0.11540064968057759,50,0.04,4,319
R+D,basal,50,-0.7287522308518675,50,0.0,2,319
R+D,her2,50,-0.4307239610789618,50,0.02,5,319
R+D,luminal,50,-0.310732243687596,50,0.04,2,319
R+P+D,basal,50,-0.5878665615402661,50,0.0,2,319
R+P+D,her2,50,-0.3999201804511345,50,0.02,4,319
R+P+D,luminal,50,-0.2516289828158243,50,0.04,1,319
R,basal,50,-0.440340274331157,50,0.0,1,320
R,her2,50,-0.27183304945669473,50,0.02,6,320
R,luminal,50,-0.14442950407888236,50,0.06,3,320
R+P,basal,50,-0.3405496255071786,50,0.0,1,320
R+P,her2,50,-0.1726626583555359,50,0.04,2,320
R+P,luminal,50,-0.12197404944166747,50,0.04,2,320
R+D,basal,50,-0.6379511011186854,50,0.0,2,320
R+D,her2,50,-0.36500915774498566,50,0.02,6,320
R+D,luminal,50,-0.3828982275365931,50,0.04,2,320
R+P+D,basal,50,-0.5737226332686819,50,0.0,2,320
R+P+D,her2,50,-0.31928644301203796,50,0.02,3,320
R+P+D,luminal,50,-0.3277384565102342,50,0.04,2,320
R,basal,50,-0.5093317813596804,50,0.0,0,321
R,her2,50,-0.3847328928337424,50,0.02,3,321
R,luminal,50,-0.1521423389429208,50,0.04,3,321
R+P,basal,50,-0.30394829225808595,50,0.0,1,321
R+P,her2,50,-0.14434456810739735,50,0.02,1,321
R+P,luminal,50,-0.18385246462498778,50,0.04,3,321
R+D,basal,50,-0.656477317227898,50,0.0,1,321
R+D,her2,50,-0.44060772929540915,50,0.02,3,321
R+D,luminal,50,-0.30209955578784536,50,0.04,2,321
R+P+D,basal,50,-0.3670431349412132,50,0.0,1,321
R+P+D,her2,50,-0.29931870474125755,50,0.02,2,321
R+P+D,luminal,50,-0.3751244236939673,50,0.04,2,321
R,basal,50,-0.46772889894916164,50,0.0,1,322
R,her2,50,-0.26276440566607623,50,0.04,9,322
R,luminal,50,-0.18226317823431962,50,0.04,1,322
R+P,basal,50,-0.36778869423393495,50,0.0,1,322
R+P,her2,50,-0.2891410262073524,50,0.02,5,322
R+P,luminal,50,-0.12553296735029112,50,0.04,1,322
R+D,basal,50,-0.6666010600080848,50,0.0,2,322
R+D,her2,50,-0.553471318911049,50,0.04,11,322
R+D,luminal,50,-0.30851865985356963,50,0.02,3,322
R+P+D,basal,50,-0.49646552553985274,50,0.0,1,322
R+P+D,her2,50,-0.4250933449813105,50,0.02,7,322
R+P+D,luminal,50,-0.2885597364033496,50,0.02,3,322
R,basal,50,-0.7044475828964565,50,0.0,4,323
R,her2,50,-0.4966483139174892,50,0.04,9,323
R,luminal,50,-0.11462410180628092,50,0.04,2,323
R+P,basal,50,-0.40112556639081093,50,0.0,3,323
R+P,her2,50,-0.2838647557223353,50,0.02,3,323
R+P,luminal,50,-0.101289020328269,50,0.04,3,323
R+D,basal,50,-0.680832509167002,50,0.0,2,323
R+D,her2,50,-0.5442243539903621,50,0.04,7,323
R+D,luminal,50,-0.24518706213675232,50,0.02,2,323
R+P+D,basal,50,-0.5444696186404028,50,0.0,2,323
R+P+D,her2,50,-0.4141872964021932,50,0.02,3,323
R+P+D,luminal,50,-0.10829310722671327,50,0.02,1,323
R,basal,50,-0.7189383831224184,50,0.0,1,324
R,her2,50,-0.2783470307305022,50,0.02,3,324
R,luminal,50,-0.1253729939347213,50,0.04,3,324
R+P,basal,50,-0.47380404849517177,50,0.0,1,324
R+P,her2,50,-0.20945803412728956,50,0.02,2,324
R+P,luminal,50,-0.12624445338961424,50,0.04,3,324
R+D,basal,50,-0.6499042518797801,50,0.0,1,324
R+D,her2,50,-0.45782811739872903,50,0.02,4,324
R+D,luminal,50,-0.29885669273335697,50,0.04,1,324
R+P+D,basal,50,-0.6030040821310927,50,0.0,0,324
R+P+D,her2,50,-0.3277241374477631,50,0.02,1,324
R+P+D,luminal,50,-0.21955254632815002,50,0.04,1,324
R,basal,50,-0.6832740725758208,50,0.0,0,325
R,her2,50,-0.3224993810912369,50,0.04,3,325
R,luminal,50,-0.11083602750194511,50,0.04,1,325
R+P,basal,50,-0.5006654164664152,50,0.0,0,325
R+P,her2,50,-0.2614254904976445,50,0.02,3,325
R+P,luminal,50,-0.12623949449217772,50,0.06,1,325
R+D,basal,50,-0.7312222068151377,50,0.0,2,325
R+D,her2,50,-0.5123795662121192,50,0.02,9,325
R+D,luminal,50,-0.2317187287253143,50,0.04,1,325
R+P+D,basal,50,-0.7065783334933878,50,0.0,0,325
R+P+D,her2,50,-0.3878882195049723,50,0.02,5,325
R+P+D,luminal,50,-0.20472122014898247,50,0.04,1,325
R,basal,50,-0.5810175999257992,50,0.0,1,326
R,her2,50,-0.4469032161306329,50,0.02,6,326
R,luminal,50,-0.10384207484939997,50,0.04,2,326
R+P,basal,50,-0.30028126782557846,50,0.0,1,326
R+P,her2,50,-0.3395643710667992,50,0.02,5,326
R+P,luminal,50,-0.1344197702897039,50,0.04,1,326
R+D,basal,50,-0.5757884887329094,50,0.0,1,326
R+D,her2,50,-0.45615260342874014,50,0.02,3,326
R+D,luminal,50,-0.2768996468296857,50,0.04,1,326
R+P+D,basal,50,-0.3624213081873623,50,0.0,1,326
R+P+D,her2,50,-0.39618979365239687,50,0.02,4,326
R+P+D,luminal,50,-0.22148424937512903,50,0.04,1,326
R,basal,50,-0.490562250669287,50,0.0,0,327
R,her2,50,-0.5500707167893555,50,0.0,7,327
R,luminal,50,-0.1266957615785448,50,0.04,2,327
R+P,basal,50,-0.4024197585166377,50,0.0,2,327
R+P,her2,50,-0.35154298581132265,50,0.02,5,327
R+P,luminal,50,-0.15725619673297164,50,0.06,3,327
R+D,basal,50,-0.6226027913285394,50,0.0,0,327
R+D,her2,50,-0.7036621260624717,50,0.02,11,327
R+D,luminal,50,-0.24734686829947722,50,0.04,1,327
R+P+D,basal,50,-0.43868876764039355,50,0.0,1,327
R+P+D,her2,50,-0.452380960108712,50,0.02,5,327
R+P+D,luminal,50,-0.3067934496830353,50,0.04,1,327
R,basal,50,-0.3527554918594477,50,0.0,1,328
R,her2,50,-0.385416756869045,50,0.02,6,328
R,luminal,50,-0.22151702427487027,50,0.04,3,328
R+P,basal,50,-0.14217263486391649,50,0.0,1,328
R+P,her2,50,-0.46315022458935007,50,0.02,6,328
R+P,luminal,50,-0.19563172114525884,50,0.04,1,328
R+D,basal,50,-0.4352987285683121,50,0.0,2,328
R+D,her2,50,-0.45930064017977296,50,0.02,6,328
R+D,luminal,50,-0.42447670139192434,50,0.02,0,328
R+P+D,basal,50,-0.4415935536971777,50,0.0,2,328
R+P+D,her2,50,-0.3948845584355613,50,0.02,4,328
R+P+D,luminal,50,-0.29474037361065636,50,0.02,1,328
R,basal,50,-0.5433816521768337,50,0.0,0,329
R,her2,50,-0.241632081549951,50,0.02,7,329
R,luminal,50,-0.14573033338349284,50,0.04,3,329
R+P,basal,50,-0.3207957283723589,50,0.0,1,329
R+P,her2,50,-0.2692617386706949,50,0.04,3,329
R+P,luminal,50,-0.10316476243838986,50,0.04,2,329
R+D,basal,50,-0.6106090283523121,50,0.0,2,329
R+D,her2,50,-0.3838708941869131,50,0.02,5,329
R+D,luminal,50,-0.29340303925127736,50,0.02,1,329
R+P+D,basal,50,-0.600283617220643,50,0.0,0,329
R+P+D,her2,50,-0.3533231922174395,50,0.02,3,329
R+P+D,luminal,50,-0.19304565603271204,50,0.02,0,329
R,basal,50,-0.4979774995113621,50,0.0,1,330
R,her2,50,-0.3658452458567963,50,0.04,5,330
R,luminal,50,-0.234042548562453,50,0.06,3,330
R+P,basal,50,-0.42097663106336974,50,0.0,1,330
R+P,her2,50,-0.29408874775655686,50,0.02,4,330
R+P,luminal,50,-0.18938480881494854,50,0.06,3,330
R+D,basal,50,-0.5625695763623447,50,0.0,1,330
R+D,her2,50,-0.5548298927586687,50,0.02,7,330
R+D,luminal,50,-0.3322511248528888,50,0.04,2,330
R+P+D,basal,50,-0.5456249612019896,50,0.0,2,330
R+P+D,her2,50,-0.3551688953104033,50,0.02,4,330
R+P+D,luminal,50,-0.20667864702903088,50,0.04,2,330
R,basal,50,-0.5693693011104416,50,0.0,2,331
R,her2,50,-0.410178560727908,50,0.02,4,331
R,luminal,50,-0.11459111976501463,50,0.06,2,331
R+P,basal,50,-0.37096686749911045,50,0.0,3,331
R+P,her2,50,-0.2588616455908672,50,0.02,4,331
R+P,luminal,50,-0.10810190114358063,50,0.04,1,331
R+D,basal,50,-0.6081530543427133,50,0.0,2,331
R+D,her2,50,-0.40474743224116233,50,0.02,5,331
R+D,luminal,50,-0.24119284569923066,50,0.04,0,331
R+P+D,basal,50,-0.5899860573568517,50,0.0,2,331
R+P+D,her2,50,-0.37732553434652244,50,0.02,4,331
R+P+D,luminal,50,-0.2129269697775264,50,0.04,2,331
R,basal,50,-0.5046232259255689,50,0.0,1,332
R,her2,50,-0.16201022637013984,50,0.02,4,332
R,luminal,50,-0.16028341439691457,50,0.04,2,332
R+P,basal,50,-0.3920531443017222,50,0.0,0,332
R+P,her2,50,-0.14136853653433792,50,0.02,2,332
R+P,luminal,50,-0.12244207304644669,50,0.04,1,332
R+D,basal,50,-0.5308808067539079,50,0.0,4,332
R+D,her2,50,-0.3645644405915369,50,0.02,6,332
R+D,luminal,50,-0.3140684649740873,50,0.04,2,332
R+P+D,basal,50,-0.4499629464052613,50,0.0,2,332
R+P+D,her2,50,-0.32623566009784194,50,0.02,4,332
R+P+D,luminal,50,-0.2514958069198947,50,0.04,1,332
R,basal,50,-0.5721572062192692,50,0.0,0,333
R,her2,50,-0.3638640083748485,50,0.04,4,333
R,luminal,50,-0.15455350822999317,50,0.04,2,333
R+P,basal,50,-0.36185407019625127,50,0.0,0,333
R+P,her2,50,-0.28108393226225026,50,0.02,4,333
R+P,luminal,50,-0.1138684483176745,50,0.04,1,333
R+D,basal,50,-0.6943219194672047,50,0.0,2,333
R+D,her2,50,-0.3917813557475617,50,0.02,8,333
R+D,luminal,50,-0.21836364682707876,50,0.02,0,333
R+P+D,basal,50,-0.6036310146593776,50,0.0,1,333
R+P+D,her2,50,-0.4487369209010676,50,0.02,6,333
R+P+D,luminal,50,-0.16445561935494932,50,0.02,1,333
R,basal,50,-0.5810837357735346,50,0.0,1,334
R,her2,50,-0.3777782262677063,50,0.02,5,334
R,luminal,50,-0.1387875609970938,50,0.04,2,334
R+P,basal,50,-0.37714626069855156,50,0.0,1,334
R+P,her2,50,-0.26258553491253644,50,0.02,3,334
R+P,luminal,50,-0.12119938244233751,50,0.04,1,334
R+D,basal,50,-0.6601811073167902,50,0.0,3,334
R+D,her2,50,-0.6143510312381175,50,0.02,5,334
R+D,luminal,50,-0.3552643540555169,50,0.02,1,334
R+P+D,basal,50,-0.5646741107364722,50,0.0,3,334
R+P+D,her2,50,-0.35513951790160275,50,0.02,3,334
R+P+D,luminal,50,-0.17412208706126844,50,0.02,1,334
R,basal,50,-0.6124929697618178,50,0.0,1,335
R,her2,50,-0.2510698983569466,50,0.02,5,335
R,luminal,50,-0.1265895239419491,50,0.04,3,335
R+P,basal,50,-0.2571582350932797,50,0.0,1,335
R+P,her2,50,-0.14153685875842448,50,0.02,4,335
R+P,luminal,50,-0.23350975304119384,50,0.08,2,335
R+D,basal,50,-0.6442439356980673,50,0.0,2,335
R+D,her2,50,-0.40164607564775884,50,0.02,8,335
R+D,luminal,50,-0.27914977660922924,50,0.02,0,335
R+P+D,basal,50,-0.46792759024305935,50,0.0,1,335
R+P+D,her2,50,-0.21958422201814146,50,0.02,4,335
R+P+D,luminal,50,-0.18234969189501926,50,0.02,1,335
R,basal,50,-0.6380301296944328,50,0.0,1,336
R,her2,50,-0.3278251952916925,50,0.04,5,336
R,luminal,50,-0.12954555532512324,50,0.06,2,336
R+P,basal,50,-0.3999041282981031,50,0.0,0,336
R+P,her2,50,-0.19618560460847198,50,0.02,3,336
R+P,luminal,50,-0.11762264667285448,50,0.04,2,336
R+D,basal,50,-0.695893116007991,50,0.0,1,336
R+D,her2,50,-0.41548486826355985,50,0.04,6,336
R+D,luminal,50,-0.24576053248232782,50,0.04,2,336
R+P+D,basal,50,-0.5556339221841934,50,0.0,0,336
R+P+D,her2,50,-0.19920676179686186,50,0.02,4,336
R+P+D,luminal,50,-0.24359662892316414,50,0.04,2,336
R,basal,50,-0.6102811046493516,50,0.0,2,337
R,her2,50,-0.3424544598439423,50,0.04,8,337
R,luminal,50,-0.10310431545919821,50,0.04,1,337
R+P,basal,50,-0.46834446201735536,50,0.0,3,337
R+P,her2,50,-0.31092922200043543,50,0.04,3,337
R+P,luminal,50,-0.16870062616541642,50,0.06,2,337
R+D,basal,50,-0.6734779744930799,50,0.0,1,337
R+D,her2,50,-0.5277953463613999,50,0.04,5,337
R+D,luminal,50,-0.3375389220931786,50,0.04,2,337
R+P+D,basal,50,-0.47440307834752715,50,0.0,1,337
R+P+D,her2,50,-0.45848017732329427,50,0.02,6,337
R+P+D,luminal,50,-0.3016115951613199,50,0.06,2,337
R,basal,50,-0.655991776813916,50,0.0,1,338
R,her2,50,-0.4326517121517242,50,0.02,4,338
R,luminal,50,-0.10426450880503652,50,0.04,3,338
R+P,basal,50,-0.49306048128794094,50,0.0,2,338
R+P,her2,50,-0.28781614870793854,50,0.02,3,338
R+P,luminal,50,-0.12115585881600628,50,0.04,1,338
R+D,basal,50,-0.6869063880508406,50,0.0,1,338
R+D,her2,50,-0.36972147032182284,50,0.02,4,338
R+D,luminal,50,-0.23561435192568672,50,0.04,1,338
R+P+D,basal,50,-0.5079718057503366,50,0.0,0,338
R+P+D,her2,50,-0.3993566512220898,50,0.02,3,338
R+P+D,luminal,50,-0.14898907691347832,50,0.04,1,338
R,basal,50,-0.6114630527104555,50,0.0,1,339
R,her2,50,-0.4831388333411361,50,0.02,5,339
R,luminal,50,-0.10693626583640393,50,0.04,1,339
R+P,basal,50,-0.5401894251848607,50,0.0,3,339
R+P,her2,50,-0.31725603868138547,50,0.02,4,339
R+P,luminal,50,-0.11993736874750835,50,0.04,1,339
R+D,basal,50,-0.6565716897095603,50,0.0,1,339
R+D,her2,50,-0.5377091817184937,50,0.02,4,339
R+D,luminal,50,-0.19246765748718545,50,0.04,0,339
R+P+D,basal,50,-0.6209695207318853,50,0.0,2,339
R+P+D,her2,50,-0.43113218228380246,50,0.02,5,339
R+P+D,luminal,50,-0.20464954482566144,50,0.04,0,339
R,basal,50,-0.6595883296196914,50,0.0,3,340
R,her2,50,-0.6063435072039686,50,0.02,8,340
R,luminal,50,-0.13483948061560827,50,0.04,1,340
R+P,basal,50,-0.44319045812175484,50,0.0,2,340
R+P,her2,50,-0.3258003688193899,50,0.0,2,340
R+P,luminal,50,-0.131208783651862,50,0.06,2,340
R+D,basal,50,-0.7481735350168873,50,0.0,4,340
R+D,her2,50,-0.5572067319969194,50,0.04,8,340
R+D,luminal,50,-0.27885965188769196,50,0.04,1,340
R+P+D,basal,50,-0.5769742041640241,50,0.0,1,340
R+P+D,her2,50,-0.461577347813599,50,0.02,4,340
R+P+D,luminal,50,-0.23036515399680263,50,0.04,1,340
R,basal,50,-0.4311817986367385,50,0.0,1,341
R,her2,50,-0.2796086165817926,50,0.02,6,341
R,luminal,50,-0.1427553438172443,50,0.04,2,341
R+P,basal,50,-0.2982307248918024,50,0.0,1,341
R+P,her2,50,-0.3798869918265389,50,0.02,5,341
R+P,luminal,50,-0.13624992556195914,50,0.04,0,341
R+D,basal,50,-0.7439949948162042,50,0.0,2,341
R+D,her2,50,-0.48118485173269265,50,0.02,5,341
R+D,luminal,50,-0.34862036718485845,50,0.04,0,341
R+P+D,basal,50,-0.49167631974698933,50,0.0,0,341
R+P+D,her2,50,-0.44208709573380633,50,0.02,5,341
R+P+D,luminal,50,-0.24628899809771954,50,0.04,0,341
R,basal,50,-0.8619861730615903,50,0.0,0,342
R,her2,50,-0.23856396684766712,50,0.02,5,342
R,luminal,50,-0.12863437154739835,50,0.04,1,342
R+P,basal,50,-0.6047794987305681,50,0.0,2,342
R+P,her2,50,-0.3183576355904733,50,0.02,2,342
R+P,luminal,50,-0.10616855318420777,50,0.04,2,342
R+D,basal,50,-0.7303146301892192,50,0.0,0,342
R+D,her2,50,-0.4962459646733717,50,0.02,6,342
R+D,luminal,50,-0.38677675595865607,50,0.04,2,342
R+P+D,basal,50,-0.659028183020769,50,0.0,2,342
R+P+D,her2,50,-0.3702276765721751,50,0.02,4,342
R+P+D,luminal,50,-0.24821744797041012,50,0.04,2,342
R,basal,50,-0.3091185922884885,50,0.0,1,343
R,her2,50,-0.3510287830606274,50,0.02,6,343
R,luminal,50,-0.22555633714663104,50,0.04,1,343
R+P,basal,50,-0.24809762352976872,50,0.0,3,343
R+P,her2,50,-0.36497713226245176,50,0.04,4,343
R+P,luminal,50,-0.2124182301618159,50,0.04,1,343
R+D,basal,50,-0.6070193663907011,50,0.0,4,343
R+D,her2,50,-0.5241689615983708,50,0.02,9,343
R+D,luminal,50,-0.33654967504188027,50,0.04,1,343
R+P+D,basal,50,-0.3642980824441133,50,0.0,2,343
R+P+D,her2,50,-0.5227726720429219,50,0.02,6,343
R+P+D,luminal,50,-0.27317635685274233,50,0.04,1,343
R,basal,50,-0.5575637355060115,50,0.0,0,344
R,her2,50,-0.5520217240048267,50,0.02,8,344
R,luminal,50,-0.11365215405599073,50,0.04,2,344
R+P,basal,50,-0.31786898469085684,50,0.0,1,344
R+P,her2,50,-0.29910594377020516,50,0.0,4,344
R+P,luminal,50,-0.09324756563098081,50,0.04,2,344
R+D,basal,50,-0.6357589870308814,50,0.0,2,344
R+D,her2,50,-0.5034404163958753,50,0.04,10,344
R+D,luminal,50,-0.19788862597183082,50,0.02,1,344
R+P+D,basal,50,-0.5429666529736867,50,0.0,0,344
R+P+D,her2,50,-0.5486486181119442,50,0.04,7,344
R+P+D,luminal,50,-0.15095063911528148,50,0.02,2,344
R,basal,50,-0.5011526647221352,50,0.0,2,345
R,her2,50,-0.3383870295748239,50,0.02,7,345
R,luminal,50,-0.1465711566993051,50,0.04,2,345
R+P,basal,50,-0.28669625889440253,50,0.0,2,345
R+P,her2,50,-0.34642534623741966,50,0.04,2,345
R+P,luminal,50,-0.12850119495721765,50,0.04,1,345
R+D,basal,50,-0.6901919540660743,50,0.0,1,345
R+D,her2,50,-0.43021016127634787,50,0.02,4,345
R+D,luminal,50,-0.36429400957499036,50,0.04,1,345
R+P+D,basal,50,-0.4925842481696542,50,0.0,0,345
R+P+D,her2,50,-0.5202330124809179,50,0.04,4,345
R+P+D,luminal,50,-0.2677162853047788,50,0.04,0,345
R,basal,50,-0.3491660243762061,50,0.0,0,346
R,her2,50,-0.3334274685749408,50,0.04,6,346
R,luminal,50,-0.1527149866368296,50,0.04,1,346
R+P,basal,50,-0.1534594007638746,50,0.0,1,346
R+P,her2,50,-0.23242212696000386,50,0.02,4,346
R+P,luminal,50,-0.11463527362105251,50,0.04,1,346
R+D,basal,50,-0.627427502555994,50,0.0,2,346
R+D,her2,50,-0.5437177723135301,50,0.02,9,346
R+D,luminal,50,-0.4469323086036238,50,0.04,1,346
R+P+D,basal,50,-0.4541046434915305,50,0.0,1,346
R+P+D,her2,50,-0.35391139162377444,50,0.02,6,346
R+P+D,luminal,50,-0.40538042349992404,50,0.04,2,346
R,basal,50,-0.5989481801478372,50,0.0,1,347
R,her2,50,-0.46911352972082726,50,0.04,7,347
R,luminal,50,-0.1644237820560539,50,0.04,1,347
R+P,basal,50,-0.4640734832242955,50,0.0,2,347
R+P,her2,50,-0.3742753828446612,50,0.02,6,347
R+P,luminal,50,-0.15705858199039377,50,0.06,2,347
R+D,basal,50,-0.6011990462408697,50,0.0,1,347
R+D,her2,50,-0.49941126982670114,50,0.02,7,347
R+D,luminal,50,-0.3036981916608421,50,0.04,2,347
R+P+D,basal,50,-0.5407167506415653,50,0.0,0,347
R+P+D,her2,50,-0.4971823408838976,50,0.02,6,347
R+P+D,luminal,50,-0.2888475320353336,50,0.04,1,347
R,basal,50,-0.6843283432371214,50,0.0,3,348
R,her2,50,-0.2659688602036705,50,0.04,6,348
R,luminal,50,-0.1177251790100079,50,0.04,3,348
R+P,basal,50,-0.6491974987100115,50,0.0,3,348
R+P,her2,50,-0.19096862686855992,50,0.02,2,348
R+P,luminal,50,-0.10388395792193389,50,0.04,2,348
R+D,basal,50,-0.7040683626808601,50,0.0,1,348
R+D,her2,50,-0.4293252592288565,50,0.02,7,348
R+D,luminal,50,-0.3221137284094116,50,0.04,1,348
R+P+D,basal,50,-0.7018627109163481,50,0.0,0,348
R+P+D,her2,50,-0.32535060616060557,50,0.02,2,348
R+P+D,luminal,50,-0.28441124303323284,50,0.04,0,348
R,basal,50,-0.6148555809550624,50,0.0,1,349
R,her2,50,-0.38045980220800774,50,0.04,8,349
R,luminal,50,-0.11457902015203984,50,0.04,2,349
R+P,basal,50,-0.42546199622256986,50,0.0,0,349
R+P,her2,50,-0.2703087195955542,50,0.02,4,349
R+P,luminal,50,-0.10826225008029793,50,0.04,0,349
R+D,basal,50,-0.6628333277654126,50,0.0,2,349
R+D,her2,50,-0.40489544558561563,50,0.02,7,349
R+D,luminal,50,-0.24553852462713832,50,0.02,0,349
R+P+D,basal,50,-0.5857970596535143,50,0.0,1,349
R+P+D,her2,50,-0.2681559249320261,50,0.02,3,349
R+P+D,luminal,50,-0.17925638048498077,50,0.02,1,349
R,basal,50,-0.5758824156992509,50,0.0,3,350
R,her2,50,-0.2601899289118345,50,0.02,6,350
R,luminal,50,-0.1530787249271876,50,0.06,3,350
R+P,basal,50,-0.4332257783141167,50,0.0,3,350
R+P,her2,50,-0.29456609180224713,50,0.02,2,350
R+P,luminal,50,-0.1657993664595121,50,0.06,2,350
R+D,basal,50,-0.5544215801772652,50,0.0,0,350
R+D,her2,50,-0.4102986402828423,50,0.02,7,350
R+D,luminal,50,-0.24449086789931607,50,0.02,1,350
R+P+D,basal,50,-0.4395050460565223,50,0.0,2,350
R+P+D,her2,50,-0.45121921723751035,50,0.02,5,350
R+P+D,luminal,50,-0.12477216155597969,50,0.02,2,350
R,basal,50,-0.509690007865514,50,0.0,1,351
R,her2,50,-0.5123181540877518,50,0.02,5,351
R,luminal,50,-0.1029625792656292,50,0.04,1,351
R+P,basal,50,-0.2597393136783825,50,0.0,2,351
R+P,her2,50,-0.42581674484901866,50,0.02,2,351
R+P,luminal,50,-0.17066870320291738,50,0.06,2,351
R+D,basal,50,-0.63195786811459,50,0.0,2,351
R+D,her2,50,-0.5666852570230528,50,0.02,2,351
R+D,luminal,50,-0.29242226157469725,50,0.04,0,351
R+P+D,basal,50,-0.3611427971504728,50,0.0,1,351
R+P+D,her2,50,-0.6218687170032097,50,0.02,2,351
R+P+D,luminal,50,-0.3055377435507738,50,0.04,0,351
R,basal,50,-0.48113414176602076,50,0.0,0,352
R,her2,50,-0.43100821808937007,50,0.04,8,352
R,luminal,50,-0.13786332469036336,50,0.04,1,352
R+P,basal,50,-0.3321651594693854,50,0.0,2,352
R+P,her2,50,-0.25275972722568746,50,0.02,5,352
R+P,luminal,50,-0.15551869768121226,50,0.06,4,352
R+D,basal,50,-0.7340195708538657,50,0.0,2,352
R+D,her2,50,-0.5428513249413391,50,0.02,10,352
R+D,luminal,50,-0.27331523058138213,50,0.02,1,352
R+P+D,basal,50,-0.43468737781364986,50,0.0,2,352
R+P+D,her2,50,-0.4456562211009132,50,0.02,6,352
R+P+D,luminal,50,-0.25137586133514156,50,0.02,1,352
R,basal,50,-0.41724878742243704,50,0.0,0,353
R,her2,50,-0.2833981840215889,50,0.04,4,353
R,luminal,50,-0.15046364461498685,50,0.06,3,353
R+P,basal,50,-0.31977089793667224,50,0.0,1,353
R+P,her2,50,-0.2625861811847686,50,0.02,3,353
R+P,luminal,50,-0.08423519819027847,50,0.04,2,353
R+D,basal,50,-0.6941546189197341,50,0.0,3,353
R+D,her2,50,-0.5075375209662633,50,0.04,4,353
R+D,luminal,50,-0.2557497791793023,50,0.02,2,353
R+P+D,basal,50,-0.5021783397787667,50,0.0,0,353
R+P+D,her2,50,-0.3817914583120686,50,0.02,3,353
R+P+D,luminal,50,-0.2955666340429727,50,0.02,3,353
R,basal,50,-0.33896110446948297,50,0.0,0,354
R,her2,50,-0.41969241008325303,50,0.04,8,354
R,luminal,50,-0.10831358815499005,50,0.04,1,354
R+P,basal,50,-0.18153351955317895,50,0.0,2,354
R+P,her2,50,-0.217497746045695,50,0.02,3,354
R+P,luminal,50,-0.09912890988312657,50,0.04,0,354
R+D,basal,50,-0.5808760306899208,50,0.0,3,354
R+D,her2,50,-0.5423329747906764,50,0.04,10,354
R+D,luminal,50,-0.3446215106320355,50,0.04,1,354
R+P+D,basal,50,-0.3709910338887746,50,0.0,2,354
R+P+D,her2,50,-0.28905409561676854,50,0.02,3,354
R+P+D,luminal,50,-0.24623832396857906,50,0.04,1,354
R,basal,50,-0.5640371742787028,50,0.0,0,355
R,her2,50,-0.29930484436571286,50,0.02,5,355
R,luminal,50,-0.10806447490169128,50,0.04,2,355
R+P,basal,50,-0.388096911299068,50,0.0,0,355
R+P,her2,50,-0.20481562151010307,50,0.04,3,355
R+P,luminal,50,-0.10936457137909095,50,0.04,1,355
R+D,basal,50,-0.6096510661373546,50,0.0,0,355
R+D,her2,50,-0.3932553856839353,50,0.02,3,355
R+D,luminal,50,-0.2983570854558189,50,0.04,1,355
R+P+D,basal,50,-0.49158870764016216,50,0.0,0,355
R+P+D,her2,50,-0.3611038952980424,50,0.02,4,355
R+P+D,luminal,50,-0.20928702682059228,50,0.04,1,355
R,basal,50,-0.3860602852961836,50,0.0,1,356
R,her2,50,-0.2710291698086261,50,0.02,4,356
R,luminal,50,-0.16407434086737605,50,0.04,1,356
R+P,basal,50,-0.31024795367843505,50,0.0,1,356
R+P,her2,50,-0.20519084837133364,50,0.02,3,356
R+P,luminal,50,-0.11769882314028912,50,0.04,1,356
R+D,basal,50,-0.678360479454518,50,0.0,3,356
R+D,her2,50,-0.4929889329527677,50,0.04,6,356
R+D,luminal,50,-0.27878936317772274,50,0.04,1,356
R+P+D,basal,50,-0.4450853411058078,50,0.0,1,356
R+P+D,her2,50,-0.26386129452384255,50,0.02,5,356
R+P+D,luminal,50,-0.23987709606375282,50,0.04,1,356
R,basal,50,-0.500975096067319,50,0.0,0,357
R,her2,50,-0.427791582065572,50,0.04,10,357
R,luminal,50,-0.20978455736669208,50,0.06,2,357
R+P,basal,50,-0.29358230485156,50,0.0,1,357
R+P,her2,50,-0.3209848453037693,50,0.02,4,357
R+P,luminal,50,-0.17525572272503992,50,0.06,2,357
R+D,basal,50,-0.6724258400788208,50,0.0,1,357
R+D,her2,50,-0.5706935323447889,50,0.02,8,357
R+D,luminal,50,-0.24873568601991192,50,0.04,1,357
R+P+D,basal,50,-0.47709636323811355,50,0.0,1,357
R+P+D,her2,50,-0.44963562782055155,50,0.02,5,357
R+P+D,luminal,50,-0.29739000727992615,50,0.06,2,357
R,basal,50,-0.36462794574689,50,0.0,2,358
R,her2,50,-0.3550563511841519,50,0.02,4,358
R,luminal,50,-0.1862591148765536,50,0.04,5,358
R+P,basal,50,-0.3602641905496578,50,0.0,2,358
R+P,her2,50,-0.28649253906231104,50,0.02,5,358
R+P,luminal,50,-0.19896399430669692,50,0.04,4,358
R+D,basal,50,-0.7788249146875947,50,0.0,1,358
R+D,her2,50,-0.39780255095772654,50,0.02,2,358
R+D,luminal,50,-0.25869393126263107,50,0.04,3,358
R+P+D,basal,50,-0.4565215683908555,50,0.0,1,358
R+P+D,her2,50,-0.3135080989756243,50,0.02,3,358
R+P+D,luminal,50,-0.28936418008385956,50,0.04,2,358
R,basal,50,-0.5096698598703792,50,0.0,2,359
R,her2,50,-0.42972115367426833,50,0.02,6,359
R,luminal,50,-0.15632862059406924,50,0.04,3,359
R+P,basal,50,-0.27763489526856705,50,0.0,1,359
R+P,her2,50,-0.368912958432263,50,0.02,6,359
R+P,luminal,50,-0.13249591270384464,50,0.04,1,359
R+D,basal,50,-0.6001077590664174,50,0.0,1,359
R+D,her2,50,-0.5588406297585601,50,0.02,4,359
R+D,luminal,50,-0.3451792105568009,50,0.04,0,359
R+P+D,basal,50,-0.4870054490882672,50,0.0,0,359
R+P+D,her2,50,-0.42598556051704134,50,0.02,4,359
R+P+D,luminal,50,-0.22977508076537392,50,0.04,2,359
R,basal,50,-0.7981285689091675,50,0.0,1,360
R,her2,50,-0.29854419167538976,50,0.02,5,360
R,luminal,50,-0.1153695238935108,50,0.04,2,360
R+P,basal,50,-0.608280029717594,50,0.0,1,360
R+P,her2,50,-0.23495213208724547,50,0.02,3,360
R+P,luminal,50,-0.10984202002361652,50,0.04,0,360
R+D,basal,50,-0.6539110931873685,50,0.0,1,360
R+D,her2,50,-0.37976764470502716,50,0.02,7,360
R+D,luminal,50,-0.29923705009826146,50,0.04,1,360
R+P+D,basal,50,-0.6497785946347377,50,0.0,1,360
R+P+D,her2,50,-0.23144229758491036,50,0.02,3,360
R+P+D,luminal,50,-0.21224541030964278,50,0.04,1,360
R,basal,50,-0.6880883437174157,50,0.0,3,361
R,her2,50,-0.21252745586496133,50,0.02,4,361
R,luminal,50,-0.11155048628557347,50,0.04,2,361
R+P,basal,50,-0.6003249811667698,50,0.0,3,361
R+P,her2,50,-0.20692222199233512,50,0.02,3,361
R+P,luminal,50,-0.10670830606256415,50,0.04,0,361
R+D,basal,50,-0.613535158372605,50,0.0,2,361
R+D,her2,50,-0.5256223559396846,50,0.02,8,361
R+D,luminal,50,-0.37733434221835443,50,0.04,0,361
R+P+D,basal,50,-0.5083434633038704,50,0.0,3,361
R+P+D,her2,50,-0.415218831342402,50,0.02,4,361
R+P+D,luminal,50,-0.27561273622310983,50,0.04,0,361
R,basal,50,-0.5843202014499357,50,0.0,1,362
R,her2,50,-0.386897301754869,50,0.02,8,362
R,luminal,50,-0.15075808168025906,50,0.04,1,362
R+P,basal,50,-0.4495457677264656,50,0.0,2,362
R+P,her2,50,-0.24288372120335056,50,0.02,4,362
R+P,luminal,50,-0.13146788942209114,50,0.04,0,362
R+D,basal,50,-0.6613313124108338,50,0.0,2,362
R+D,her2,50,-0.6307176974998947,50,0.02,11,362
R+D,luminal,50,-0.36857015130408305,50,0.04,1,362
R+P+D,basal,50,-0.4989834562985698,50,0.0,3,362
R+P+D,her2,50,-0.43462614133236444,50,0.02,6,362
R+P+D,luminal,50,-0.2612484050331572,50,0.04,2,362
R,basal,50,-0.4560922590053138,50,0.0,2,363
R,her2,50,-0.4581222258266299,50,0.02,7,363
R,luminal,50,-0.14077975032403633,50,0.04,1,363
R+P,basal,50,-0.41862932699337263,50,0.0,1,363
R+P,her2,50,-0.25870132707308946,50,0.02,4,363
R+P,luminal,50,-0.11110400098482513,50,0.04,2,363
R+D,basal,50,-0.5180064401834926,50,0.0,0,363
R+D,her2,50,-0.6744278823518419,50,0.02,7,363
R+D,luminal,50,-0.2905346316884604,50,0.04,0,363
R+P+D,basal,50,-0.5184782121823214,50,0.0,1,363
R+P+D,her2,50,-0.40091202212618193,50,0.02,4,363
R+P+D,luminal,50,-0.2244723971451565,50,0.04,0,363
R,basal,50,-0.5074050891616768,50,0.0,1,364
R,her2,50,-0.2795606916800571,50,0.02,5,364
R,luminal,50,-0.18387899684193998,50,0.04,1,364
R+P,basal,50,-0.2906855551997758,50,0.0,2,364
R+P,her2,50,-0.28186015489489363,50,0.02,2,364
R+P,luminal,50,-0.1827423592657276,50,0.04,2,364
R+D,basal,50,-0.6356749466911356,50,0.0,2,364
R+D,her2,50,-0.44329690191641036,50,0.02,3,364
R+D,luminal,50,-0.39989270531146764,50,0.04,1,364
R+P+D,basal,50,-0.4846491926099348,50,0.0,1,364
R+P+D,her2,50,-0.4298050616373944,50,0.02,4,364
R+P+D,luminal,50,-0.311212174377827,50,0.04,1,364
R,basal,50,-0.5287305885780097,50,0.0,1,365
R,her2,50,-0.3753322626220458,50,0.02,9,365
R,luminal,50,-0.20943363689433053,50,0.04,2,365
R+P,basal,50,-0.4114934996119194,50,0.0,0,365
R+P,her2,50,-0.3561976932445572,50,0.02,4,365
R+P,luminal,50,-0.12234147984157032,50,0.04,2,365
R+D,basal,50,-0.702695698293046,50,0.0,1,365
R+D,her2,50,-0.3937648137725543,50,0.04,7,365
R+D,luminal,50,-0.4980458631084025,50,0.02,2,365
R+P+D,basal,50,-0.5493963634117202,50,0.0,0,365
R+P+D,her2,50,-0.43293124030233143,50,0.02,4,365
R+P+D,luminal,50,-0.28874913811199393,50,0.02,1,365
R,basal,50,-0.7053442739662598,50,0.0,2,366
R,her2,50,-0.32184060576774426,50,0.02,4,366
R,luminal,50,-0.11646686957582332,50,0.04,2,366
R+P,basal,50,-0.266110162500878,50,0.0,0,366
R+P,her2,50,-0.20728542769543434,50,0.02,4,366
R+P,luminal,50,-0.1297000156107323,50,0.04,1,366
R+D,basal,50,-0.6383728334695553,50,0.0,2,366
R+D,her2,50,-0.44869270347163187,50,0.02,7,366
R+D,luminal,50,-0.24452556638056827,50,0.04,0,366
R+P+D,basal,50,-0.5285237418544052,50,0.0,1,366
R+P+D,her2,50,-0.28403572768311103,50,0.02,5,366
R+P+D,luminal,50,-0.22009763421706563,50,0.04,0,366
R,basal,50,-0.5102194920950562,50,0.0,1,367
R,her2,50,-0.3468159474187143,50,0.02,6,367
R,luminal,50,-0.14314193172245104,50,0.04,1,367
R+P,basal,50,-0.3961932974581399,50,0.0,2,367
R+P,her2,50,-0.16764387662869729,50,0.02,3,367
R+P,luminal,50,-0.16567641235437375,50,0.04,1,367
R+D,basal,50,-0.7300997655573851,50,0.0,1,367
R+D,her2,50,-0.47613856762095724,50,0.02,7,367
R+D,luminal,50,-0.34132722744036903,50,0.04,0,367
R+P+D,basal,50,-0.5137465913072387,50,0.0,1,367
R+P+D,her2,50,-0.21932405318609163,50,0.02,4,367
R+P+D,luminal,50,-0.29292043751262825,50,0.04,1,367
R,basal,50,-0.509577943002444,50,0.0,2,368
R,her2,50,-0.4706275322527921,50,0.04,7,368
R,luminal,50,-0.19577389218126193,50,0.06,3,368
R+P,basal,50,-0.3675717810893639,50,0.0,2,368
R+P,her2,50,-0.28022277166278703,50,0.04,4,368
R+P,luminal,50,-0.18661227648886858,50,0.04,1,368
R+D,basal,50,-0.6914084664137939,50,0.0,3,368
R+D,her2,50,-0.5282612487324496,50,0.02,9,368
R+D,luminal,50,-0.35929178121618577,50,0.04,1,368
R+P+D,basal,50,-0.5060611835176934,50,0.0,1,368
R+P+D,her2,50,-0.4515114622217869,50,0.02,8,368
R+P+D,luminal,50,-0.3266376994303834,50,0.04,2,368
R,basal,50,-0.5641632879645906,50,0.0,0,369
R,her2,50,-0.17879316447607438,50,0.02,6,369
R,luminal,50,-0.10932890143064102,50,0.04,3,369
R+P,basal,50,-0.5782463362099866,50,0.0,1,369
R+P,her2,50,-0.21359584577177199,50,0.02,4,369
R+P,luminal,50,-0.10264081360561773,50,0.04,2,369
R+D,basal,50,-0.7502578636010078,50,0.0,2,369
R+D,her2,50,-0.4523773655032602,50,0.02,9,369
R+D,luminal,50,-0.35682423350323716,50,0.02,2,369
R+P+D,basal,50,-0.6702691134829041,50,0.0,1,369
R+P+D,her2,50,-0.24544496522876844,50,0.02,4,369
R+P+D,luminal,50,-0.22832360222217307,50,0.02,3,369
R,basal,50,-0.5427483830707491,50,0.0,2,370
R,her2,50,-0.27484882929360327,50,0.02,7,370
R,luminal,50,-0.14784922529332659,50,0.04,2,370
R+P,basal,50,-0.23398455464237752,50,0.0,2,370
R+P,her2,50,-0.2489155533741826,50,0.04,4,370
R+P,luminal,50,-0.10605166296586756,50,0.04,1,370
R+D,basal,50,-0.6900830302991297,50,0.0,4,370
R+D,her2,50,-0.43509579283790045,50,0.02,5,370
R+D,luminal,50,-0.2740619015413505,50,0.02,0,370
R+P+D,basal,50,-0.34867837960808545,50,0.0,1,370
R+P+D,her2,50,-0.4355538349971739,50,0.04,6,370
R+P+D,luminal,50,-0.24265325943300234,50,0.02,0,370
R,basal,50,-0.3378882007698008,50,0.0,1,371
R,her2,50,-0.31957550422144465,50,0.02,7,371
R,luminal,50,-0.13073685904915325,50,0.04,2,371
R+P,basal,50,-0.3640160129096274,50,0.0,0,371
R+P,her2,50,-0.17565653414477192,50,0.02,2,371
R+P,luminal,50,-0.10322556093762417,50,0.04,2,371
R+D,basal,50,-0.6090507842009237,50,0.0,2,371
R+D,her2,50,-0.45979797062589706,50,0.02,7,371
R+D,luminal,50,-0.39473899166549614,50,0.02,2,371
R+P+D,basal,50,-0.4562787465501333,50,0.0,2,371
R+P+D,her2,50,-0.3412385909435375,50,0.02,2,371
R+P+D,luminal,50,-0.23009144824891042,50,0.02,2,371
R,basal,50,-0.6913504491634032,50,0.0,4,372
R,her2,50,-0.3866867323684754,50,0.04,6,372
R,luminal,50,-0.15311394258097763,50,0.06,2,372
R+P,basal,50,-0.5384657196048539,50,0.0,3,372
R+P,her2,50,-0.25895049528968983,50,0.04,4,372
R+P,luminal,50,-0.1304007530144104,50,0.06,2,372
R+D,basal,50,-0.7002127371249646,50,0.0,3,372
R+D,her2,50,-0.5514548349366508,50,0.02,11,372
R+D,luminal,50,-0.2265049252379854,50,0.04,1,372
R+P+D,basal,50,-0.46303986031679484,50,0.0,3,372
R+P+D,her2,50,-0.4420676669070048,50,0.02,6,372
R+P+D,luminal,50,-0.2717521122956443,50,0.06,2,372
R,basal,50,-0.5065185940740264,50,0.0,2,373
R,her2,50,-0.2750638289972263,50,0.02,5,373
R,luminal,50,-0.1353654236733164,50,0.06,2,373
R+P,basal,50,-0.4601636511986561,50,0.0,1,373
R+P,her2,50,-0.3191429076848337,50,0.02,3,373
R+P,luminal,50,-0.09267439312550875,50,0.04,0,373
R+D,basal,50,-0.7280941843352333,50,0.0,2,373
R+D,her2,50,-0.575641877521997,50,0.02,6,373
R+D,luminal,50,-0.38927337858319416,50,0.04,3,373
R+P+D,basal,50,-0.608043741677312,50,0.0,2,373
R+P+D,her2,50,-0.28463044582950425,50,0.02,3,373
R+P+D,luminal,50,-0.28485028577452687,50,0.04,2,373
R,basal,50,-0.4926938545623781,50,0.0,1,374
R,her2,50,-0.47882657989438454,50,0.02,9,374
R,luminal,50,-0.1794036665098542,50,0.04,2,374
R+P,basal,50,-0.39291762894302623,50,0.0,2,374
R+P,her2,50,-0.3499716767225266,50,0.02,2,374
R+P,luminal,50,-0.12894384444511978,50,0.04,2,374
R+D,basal,50,-0.6622936909066399,50,0.0,1,374
R+D,her2,50,-0.47154276815309776,50,0.02,8,374
R+D,luminal,50,-0.33134111786187004,50,0.04,2,374
R+P+D,basal,50,-0.46061840913364926,50,0.0,1,374
R+P+D,her2,50,-0.39850625026749364,50,0.02,4,374
R+P+D,luminal,50,-0.25356670937299763,50,0.04,1,374
R,basal,50,-0.4975095803038336,50,0.0,0,375
R,her2,50,-0.4003228148323399,50,0.04,6,375
R,luminal,50,-0.15706395663368314,50,0.06,1,375
R+P,basal,50,-0.326020152857682,50,0.0,1,375
R+P,her2,50,-0.24310185705746762,50,0.02,3,375
R+P,luminal,50,-0.15957583049921428,50,0.04,2,375
R+D,basal,50,-0.6172599956591028,50,0.0,2,375
R+D,her2,50,-0.5101319541278788,50,0.02,6,375
R+D,luminal,50,-0.342464809829693,50,0.02,0,375
R+P+D,basal,50,-0.5488242939814959,50,0.0,2,375
R+P+D,her2,50,-0.35380411781430254,50,0.02,6,375
R+P+D,luminal,50,-0.3362100500965284,50,0.02,1,375
R,basal,50,-0.6041481933620423,50,0.0,1,376
R,her2,50,-0.35375882243248896,50,0.04,9,376
R,luminal,50,-0.10532025717016782,50,0.04,2,376
R+P,basal,50,-0.3498698684927902,50,0.0,0,376
R+P,her2,50,-0.24120920508896088,50,0.02,5,376
R+P,luminal,50,-0.09865995592631421,50,0.04,1,376
R+D,basal,50,-0.6305565398226449,50,0.0,3,376
R+D,her2,50,-0.574307247522746,50,0.04,11,376
R+D,luminal,50,-0.22186244406887576,50,0.02,0,376
R+P+D,basal,50,-0.5285921925295292,50,0.0,1,376
R+P+D,her2,50,-0.38458128804867475,50,0.02,7,376
R+P+D,luminal,50,-0.16342299684199887,50,0.02,0,376
R,basal,50,-0.45663673253625914,50,0.0,0,377
R,her2,50,-0.4731869232728595,50,0.02,7,377
R,luminal,50,-0.14709303789736233,50,0.06,3,377
R+P,basal,50,-0.47062619041317805,50,0.0,0,377
R+P,her2,50,-0.6119361941923999,50,0.02,5,377
R+P,luminal,50,-0.11472164534883442,50,0.04,3,377
R+D,basal,50,-0.5569983634720796,50,0.0,2,377
R+D,her2,50,-0.4076380602297337,50,0.02,3,377
R+D,luminal,50,-0.26306009692324805,50,0.02,1,377
R+P+D,basal,50,-0.6110664964536707,50,0.0,3,377
R+P+D,her2,50,-0.4889908500698421,50,0.02,5,377
R+P+D,luminal,50,-0.17036305117990513,50,0.02,2,377
R,basal,50,-0.43546949505916926,50,0.0,4,378
R,her2,50,-0.5092908174394695,50,0.04,8,378
R,luminal,50,-0.1618539859870938,50,0.04,1,378
R+P,basal,50,-0.2918230748398646,50,0.0,3,378
R+P,her2,50,-0.271313660471479,50,0.02,3,378
R+P,luminal,50,-0.2053153567049157,50,0.06,3,378
R+D,basal,50,-0.6889078213265077,50,0.0,1,378
R+D,her2,50,-0.48280562257866605,50,0.02,7,378
R+D,luminal,50,-0.416021740539261,50,0.04,1,378
R+P+D,basal,50,-0.5203169218202057,50,0.0,1,378
R+P+D,her2,50,-0.48445181920817904,50,0.02,6,378
R+P+D,luminal,50,-0.28928924983711396,50,0.04,2,378
R,basal,50,-0.504900209993106,50,0.0,1,379
R,her2,50,-0.22311980608500423,50,0.02,7,379
R,luminal,50,-0.1758926439997218,50,0.04,3,379
R+P,basal,50,-0.32453564333153634,50,0.0,0,379
R+P,her2,50,-0.16771401585037304,50,0.02,4,379
R+P,luminal,50,-0.1999233098564292,50,0.04,2,379
R+D,basal,50,-0.6749085033459512,50,0.0,1,379
R+D,her2,50,-0.36179587660412305,50,0.02,9,379
R+D,luminal,50,-0.3642654919890327,50,0.04,2,379
R+P+D,basal,50,-0.4624914255179053,50,0.0,1,379
R+P+D,her2,50,-0.2439132685020888,50,0.02,4,379
R+P+D,luminal,50,-0.29661485792182085,50,0.04,2,379
R,basal,50,-0.5384735372490371,50,0.0,2,380
R,her2,50,-0.27972471985494357,50,0.02,6,380
R,luminal,50,-0.11085435672696856,50,0.04,3,380
R+P,basal,50,-0.4164299583330977,50,0.0,2,380
R+P,her2,50,-0.14273115646877554,50,0.02,4,380
R+P,luminal,50,-0.1259397581609661,50,0.06,1,380
R+D,basal,50,-0.7495327908424201,50,0.0,4,380
R+D,her2,50,-0.5476446606001761,50,0.02,9,380
R+D,luminal,50,-0.21235961398172867,50,0.02,1,380
R+P+D,basal,50,-0.5321559532081513,50,0.0,2,380
R+P+D,her2,50,-0.3004719250502602,50,0.02,5,380
R+P+D,luminal,50,-0.16691672955400916,50,0.02,0,380
R,basal,50,-0.5606448276284248,50,0.0,1,381
R,her2,50,-0.5918436959178532,50,0.04,9,381
R,luminal,50,-0.11638641015971421,50,0.04,3,381
R+P,basal,50,-0.3420337849868787,50,0.0,2,381
R+P,her2,50,-0.31798402957367805,50,0.02,4,381
R+P,luminal,50,-0.14681354016324247,50,0.06,3,381
R+D,basal,50,-0.6615954711211667,50,0.0,2,381
R+D,her2,50,-0.6236107805247358,50,0.02,10,381
R+D,luminal,50,-0.18738173420480628,50,0.04,0,381
R+P+D,basal,50,-0.5442061267563524,50,0.0,2,381
R+P+D,her2,50,-0.406326513924154,50,0.02,5,381
R+P+D,luminal,50,-0.15689596764356847,50,0.04,0,381
R,basal,50,-0.6165572990283751,50,0.0,2,382
R,her2,50,-0.40505711444019676,50,0.02,7,382
R,luminal,50,-0.15066106281192393,50,0.04,1,382
R+P,basal,50,-0.4066452669717562,50,0.0,2,382
R+P,her2,50,-0.3760153121363203,50,0.02,4,382
R+P,luminal,50,-0.12851222502459375,50,0.04,0,382
R+D,basal,50,-0.5908801018520843,50,0.0,2,382
R+D,her2,50,-0.35307325451174504,50,0.02,5,382
R+D,luminal,50,-0.2275212129315426,50,0.04,0,382
R+P+D,basal,50,-0.3474088564176912,50,0.0,3,382
R+P+D,her2,50,-0.3892897725361466,50,0.02,3,382
R+P+D,luminal,50,-0.2345945235539015,50,0.04,0,382
R,basal,50,-0.40450820539078014,50,0.0,0,383
R,her2,50,-0.34042094834107334,50,0.02,4,383
R,luminal,50,-0.13951580029762845,50,0.04,2,383
R+P,basal,50,-0.2742840211115182,50,0.0,0,383
R+P,her2,50,-0.21517066139952504,50,0.02,1,383
R+P,luminal,50,-0.14074516427763054,50,0.04,2,383
R+D,basal,50,-0.7147467687481359,50,0.0,2,383
R+D,her2,50,-0.5239724849013594,50,0.02,5,383
R+D,luminal,50,-0.3776328425633213,50,0.04,2,383
R+P+D,basal,50,-0.4582597972394576,50,0.0,1,383
R+P+D,her2,50,-0.40043688420745416,50,0.02,3,383
R+P+D,luminal,50,-0.25493873654452004,50,0.04,1,383
R,basal,50,-0.4130540710909845,50,0.0,0,384
R,her2,50,-0.3734647968752796,50,0.02,6,384
R,luminal,50,-0.11621781696736576,50,0.04,1,384
R+P,basal,50,-0.2910813224598842,50,0.0,0,384
R+P,her2,50,-0.3072101708490419,50,0.02,4,384
R+P,luminal,50,-0.13876829971881802,50,0.06,2,384
R+D,basal,50,-0.77637530077088,50,0.0,2,384
R+D,her2,50,-0.48251661124175926,50,0.02,6,384
R+D,luminal,50,-0.2299082966110114,50,0.02,0,384
R+P+D,basal,50,-0.48204013286125713,50,0.0,0,384
R+P+D,her2,50,-0.44093112760498876,50,0.02,4,384
R+P+D,luminal,50,-0.15050485775591543,50,0.02,1,384
R,basal,50,-0.521974288152185,50,0.0,2,385
R,her2,50,-0.4400564851446343,50,0.04,9,385
R,luminal,50,-0.16317892897419028,50,0.06,2,385
R+P,basal,50,-0.33340799864209403,50,0.0,2,385
R+P,her2,50,-0.2903831501721234,50,0.02,3,385
R+P,luminal,50,-0.1962557052856867,50,0.06,2,385
R+D,basal,50,-0.6572592301289363,50,0.0,1,385
R+D,her2,50,-0.5619316624057266,50,0.02,11,385
R+D,luminal,50,-0.2973489201970002,50,0.04,1,385
R+P+D,basal,50,-0.4842005899068081,50,0.0,2,385
R+P+D,her2,50,-0.4095356449553646,50,0.02,5,385
R+P+D,luminal,50,-0.22934737768491323,50,0.04,2,385
R,basal,50,-0.5154568821408997,50,0.0,0,386
R,her2,50,-0.5205366533947188,50,0.02,6,386
R,luminal,50,-0.10335228012063254,50,0.04,2,386
R+P,basal,50,-0.27863867438193096,50,0.0,2,386
R+P,her2,50,-0.4539067626776697,50,0.02,6,386
R+P,luminal,50,-0.1226047913774184,50,0.06,2,386
R+D,basal,50,-0.7285042955675093,50,0.0,2,386
R+D,her2,50,-0.5960903810034599,50,0.02,4,386
R+D,luminal,50,-0.17817871273319213,50,0.02,1,386
R+P+D,basal,50,-0.6071713963530783,50,0.0,1,386
R+P+D,her2,50,-0.47273600343489447,50,0.02,4,386
R+P+D,luminal,50,-0.15151490278494534,50,0.02,1,386
R,basal,50,-0.3915476006917021,50,0.0,1,387
R,her2,50,-0.46805157586679,50,0.04,8,387
R,luminal,50,-0.15424866148867925,50,0.04,1,387
R+P,basal,50,-0.3855385020387114,50,0.0,2,387
R+P,her2,50,-0.2820643800790334,50,0.02,2,387
R+P,luminal,50,-0.10218541597144176,50,0.04,1,387
R+D,basal,50,-0.6097831760296883,50,0.0,0,387
R+D,her2,50,-0.6566792791980953,50,0.04,8,387
R+D,luminal,50,-0.322800334131759,50,0.04,0,387
R+P+D,basal,50,-0.5452132347165461,50,0.0,0,387
R+P+D,her2,50,-0.4401522518894769,50,0.02,6,387
R+P+D,luminal,50,-0.29239171135063435,50,0.04,0,387
R,basal,50,-0.5742651175488607,50,0.0,2,388
R,her2,50,-0.2913077636013056,50,0.02,6,388
R,luminal,50,-0.20682174932115302,50,0.06,2,388
R+P,basal,50,-0.42429819761924803,50,0.0,1,388
R+P,her2,50,-0.20315321272991022,50,0.02,2,388
R+P,luminal,50,-0.13884366859467132,50,0.06,2,388
R+D,basal,50,-0.5305675826149361,50,0.0,3,388
R+D,her2,50,-0.5529706072727926,50,0.02,10,388
R+D,luminal,50,-0.33247510531644514,50,0.04,2,388
R+P+D,basal,50,-0.45960866960208535,50,0.0,4,388
R+P+D,her2,50,-0.48364985438098623,50,0.02,8,388
R+P+D,luminal,50,-0.1775260405279988,50,0.04,3,388
R,basal,50,-0.6343724507333254,50,0.0,0,389
R,her2,50,-0.321918223874175,50,0.02,7,389
R,luminal,50,-0.18066255635786985,50,0.04,2,389
R+P,basal,50,-0.4175066008257704,50,0.0,0,389
R+P,her2,50,-0.1868841457358111,50,0.02,4,389
R+P,luminal,50,-0.16039644600512307,50,0.04,1,389
R+D,basal,50,-0.6193296803585564,50,0.0,3,389
R+D,her2,50,-0.35869008868027363,50,0.02,6,389
R+D,luminal,50,-0.279439821293976,50,0.04,2,389
R+P+D,basal,50,-0.579343085337449,50,0.0,3,389
R+P+D,her2,50,-0.28280857789539093,50,0.02,4,389
R+P+D,luminal,50,-0.23369983964643481,50,0.04,2,389
R,basal,50,-0.5026762730396167,50,0.0,2,390
R,her2,50,-0.4723229234727046,50,0.02,5,390
R,luminal,50,-0.17517531971827097,50,0.06,3,390
R+P,basal,50,-0.27653320185930164,50,0.0,0,390
R+P,her2,50,-0.4470119006831508,50,0.04,5,390
R+P,luminal,50,-0.16887806285624296,50,0.06,1,390
R+D,basal,50,-0.6533509516194052,50,0.0,3,390
R+D,her2,50,-0.4976051007151839,50,0.02,8,390
R+D,luminal,50,-0.3262620656362386,50,0.02,0,390
R+P+D,basal,50,-0.48696688120155024,50,0.0,0,390
R+P+D,her2,50,-0.541612636832106,50,0.04,8,390
R+P+D,luminal,50,-0.20607603840608035,50,0.02,0,390
R,basal,50,-0.5526152643513309,50,0.0,0,391
R,her2,50,-0.347810691660967,50,0.02,7,391
R,luminal,50,-0.12595698538936853,50,0.04,1,391
R+P,basal,50,-0.3312608421989929,50,0.0,1,391
R+P,her2,50,-0.4047986728093978,50,0.02,4,391
R+P,luminal,50,-0.10223181884109511,50,0.04,0,391
R+D,basal,50,-0.71671024817962,50,0.0,0,391
R+D,her2,50,-0.5150425776772879,50,0.02,7,391
R+D,luminal,50,-0.2680383906938341,50,0.02,1,391
R+P+D,basal,50,-0.5873906283506855,50,0.0,0,391
R+P+D,her2,50,-0.5154296728350826,50,0.02,5,391
R+P+D,luminal,50,-0.2486865743244952,50,0.02,1,391
R,basal,50,-0.5405894119796691,50,0.0,2,392
R,her2,50,-0.24656949956393945,50,0.02,6,392
R,luminal,50,-0.14229980704302597,50,0.04,3,392
R+P,basal,50,-0.3334015720128947,50,0.0,2,392
R+P,her2,50,-0.16203902235991854,50,0.02,3,392
R+P,luminal,50,-0.19137308190971183,50,0.06,2,392
R+D,basal,50,-0.700518921485484,50,0.0,2,392
R+D,her2,50,-0.3650625506697711,50,0.02,6,392
R+D,luminal,50,-0.33169180440058116,50,0.02,0,392
R+P+D,basal,50,-0.42008422377986604,50,0.0,3,392
R+P+D,her2,50,-0.4180838820628495,50,0.02,4,392
R+P+D,luminal,50,-0.31318843299510246,50,0.02,1,392
R,basal,50,-0.5954620215536263,50,0.0,2,393
R,her2,50,-0.28427392431205645,50,0.02,6,393
R,luminal,50,-0.21017789952709434,50,0.04,1,393
R+P,basal,50,-0.375322886740225,50,0.0,3,393
R+P,her2,50,-0.44753159072678905,50,0.04,1,393
R+P,luminal,50,-0.2021654924711668,50,0.04,1,393
R+D,basal,50,-0.5529918686899493,50,0.0,2,393
R+D,her2,50,-0.4827930776099588,50,0.02,4,393
R+D,luminal,50,-0.4026724837410651,50,0.04,0,393
R+P+D,basal,50,-0.43800002465846893,50,0.0,3,393
R+P+D,her2,50,-0.4351533760594139,50,0.02,3,393
R+P+D,luminal,50,-0.3828074686923382,50,0.04,2,393
R,basal,50,-0.6039812014215827,50,0.0,1,394
R,her2,50,-0.2807948719382713,50,0.02,7,394
R,luminal,50,-0.11720023829769995,50,0.04,2,394
R+P,basal,50,-0.2878930241857146,50,0.0,1,394
R+P,her2,50,-0.2946237167292336,50,0.02,5,394
R+P,luminal,50,-0.1388893333131748,50,0.04,2,394
R+D,basal,50,-0.6118019791745932,50,0.0,2,394
R+D,her2,50,-0.3470398666932563,50,0.02,4,394
R+D,luminal,50,-0.3191440986649971,50,0.04,0,394
R+P+D,basal,50,-0.369047977043795,50,0.0,0,394
R+P+D,her2,50,-0.3327495262087466,50,0.02,4,394
R+P+D,luminal,50,-0.22090956456995695,50,0.04,1,394
R,basal,50,-0.5822814142679146,50,0.0,1,395
R,her2,50,-0.3445795664509798,50,0.04,7,395
R,luminal,50,-0.09938917327275561,50,0.04,1,395
R+P,basal,50,-0.253566080398784,50,0.0,0,395
R+P,her2,50,-0.25238819036753357,50,0.02,3,395
R+P,luminal,50,-0.10164468183700767,50,0.04,2,395
R+D,basal,50,-0.6525341151636911,50,0.0,1,395
R+D,her2,50,-0.5397536294151398,50,0.02,8,395
R+D,luminal,50,-0.3506955992513583,50,0.02,1,395
R+P+D,basal,50,-0.46867828041100906,50,0.0,0,395
R+P+D,her2,50,-0.38611920318761783,50,0.02,5,395
R+P+D,luminal,50,-0.2791903333073895,50,0.02,1,395
R,basal,50,-0.5932133167765661,50,0.0,1,396
R,her2,50,-0.4724343681172734,50,0.04,11,396
R,luminal,50,-0.1119029263006625,50,0.04,1,396
R+P,basal,50,-0.4745043529166621,50,0.0,1,396
R+P,her2,50,-0.3215199811106222,50,0.02,4,396
R+P,luminal,50,-0.10843269506707352,50,0.04,1,396
R+D,basal,50,-0.6336539866582392,50,0.0,2,396
R+D,her2,50,-0.4390019082633401,50,0.02,6,396
R+D,luminal,50,-0.26151794475244516,50,0.02,1,396
R+P+D,basal,50,-0.6526998660711705,50,0.0,0,396
R+P+D,her2,50,-0.4057010663913874,50,0.02,4,396
R+P+D,luminal,50,-0.14672908955711866,50,0.02,1,396
R,basal,50,-0.5257577916394881,50,0.0,2,397
R,her2,50,-0.32774676605855807,50,0.04,6,397
R,luminal,50,-0.13625966972543802,50,0.04,2,397
R+P,basal,50,-0.20211010139428479,50,0.0,1,397
R+P,her2,50,-0.26034516935104357,50,0.04,5,397
R+P,luminal,50,-0.14915739691897492,50,0.06,2,397
R+D,basal,50,-0.591322097884721,50,0.0,0,397
R+D,her2,50,-0.5484314877829424,50,0.02,11,397
R+D,luminal,50,-0.4043161623046634,50,0.04,0,397
R+P+D,basal,50,-0.47635280863647217,50,0.0,1,397
R+P+D,her2,50,-0.3688192761315834,50,0.02,6,397
R+P+D,luminal,50,-0.3273855651235501,50,0.04,2,397
R,basal,50,-0.3904862363789072,50,0.0,1,398
R,her2,50,-0.66941623371721,50,0.02,8,398
R,luminal,50,-0.16865893113598776,50,0.04,2,398
R+P,basal,50,-0.33812664306072626,50,0.0,1,398
R+P,her2,50,-0.303798953179198,50,0.02,4,398
R+P,luminal,50,-0.19351339172055315,50,0.04,2,398
R+D,basal,50,-0.56079841098079,50,0.0,2,398
R+D,her2,50,-0.7444197007027507,50,0.04,11,398
R+D,luminal,50,-0.34315130913441094,50,0.02,2,398
R+P+D,basal,50,-0.39379970694389094,50,0.0,2,398
R+P+D,her2,50,-0.4455422316459019,50,0.02,6,398
R+P+D,luminal,50,-0.21904356267565794,50,0.02,1,398
R,basal,50,-0.4102306410355391,50,0.0,1,399
R,her2,50,-0.323161260027199,50,0.02,8,399
R,luminal,50,-0.15327824048551716,50,0.04,1,399
R+P,basal,50,-0.24223331522337677,50,0.0,2,399
R+P,her2,50,-0.22762862678938192,50,0.02,6,399
R+P,luminal,50,-0.14660146373359262,50,0.04,0,399
R+D,basal,50,-0.6324085597114258,50,0.0,2,399
R+D,her2,50,-0.39753815628273165,50,0.02,7,399
R+D,luminal,50,-0.2421444814284438,50,0.02,0,399
R+P+D,basal,50,-0.4721389288649037,50,0.0,1,399
R+P+D,her2,50,-0.27537646831495927,50,0.02,4,399
R+P+D,luminal,50,-0.18505283392122632,50,0.02,0,399
R,basal,50,-0.46295715071536386,50,0.0,0,400
R,her2,50,-0.44415247585332074,50,0.02,8,400
R,luminal,50,-0.1655627047175594,50,0.04,1,400
R+P,basal,50,-0.23076732420055263,50,0.0,1,400
R+P,her2,50,-0.5037586127851127,50,0.02,5,400
R+P,luminal,50,-0.1348660755864786,50,0.04,2,400
R+D,basal,50,-0.6596138705679242,50,0.0,2,400
R+D,her2,50,-0.3638227330017425,50,0.02,4,400
R+D,luminal,50,-0.2828979848667042,50,0.04,1,400
R+P+D,basal,50,-0.45032945956131426,50,0.0,0,400
R+P+D,her2,50,-0.5950715328953451,50,0.02,6,400
R+P+D,luminal,50,-0.28391143320780393,50,0.04,1,400
R,basal,50,-0.655351312041643,50,0.0,3,401
R,her2,50,-0.18356836685524527,50,0.02,6,401
R,luminal,50,-0.11322928775858358,50,0.04,2,401
R+P,basal,50,-0.37899525829354563,50,0.0,2,401
R+P,her2,50,-0.27388265689035235,50,0.04,3,401
R+P,luminal,50,-0.16467582049848667,50,0.06,2,401
R+D,basal,50,-0.6791041342384522,50,0.0,1,401
R+D,her2,50,-0.4339151681445146,50,0.02,7,401
R+D,luminal,50,-0.27840133298164443,50,0.04,1,401
R+P+D,basal,50,-0.5689157061824377,50,0.0,1,401
R+P+D,her2,50,-0.2628534945775978,50,0.02,4,401
R+P+D,luminal,50,-0.2823631849095191,50,0.04,2,401
R,basal,50,-0.5714473972701357,50,0.0,1,402
R,her2,50,-0.33103440736695006,50,0.04,4,402
R,luminal,50,-0.1536350901650385,50,0.04,2,402
R+P,basal,50,-0.28270748094001424,50,0.0,1,402
R+P,her2,50,-0.2662241205606211,50,0.02,4,402
R+P,luminal,50,-0.15625696880442033,50,0.04,1,402
R+D,basal,50,-0.6614223456734649,50,0.0,1,402
R+D,her2,50,-0.4392742381836928,50,0.04,5,402
R+D,luminal,50,-0.22642500288650994,50,0.04,1,402
R+P+D,basal,50,-0.4761175887929848,50,0.0,0,402
R+P+D,her2,50,-0.3250742769976297,50,0.02,3,402
R+P+D,luminal,50,-0.16053097559016327,50,0.04,2,402
R,basal,50,-0.4078922837666445,50,0.0,0,403
R,her2,50,-0.508636424197499,50,0.02,6,403
R,luminal,50,-0.15264293408395063,50,0.06,1,403
R+P,basal,50,-0.1922123034612042,50,0.0,1,403
R+P,her2,50,-0.23449010408999135,50,0.02,3,403
R+P,luminal,50,-0.1138409085365668,50,0.06,1,403
R+D,basal,50,-0.6482039762496751,50,0.0,2,403
R+D,her2,50,-0.5023419057043155,50,0.04,8,403
R+D,luminal,50,-0.36559353644090253,50,0.02,1,403
R+P+D,basal,50,-0.41686276137412726,50,0.0,1,403
R+P+D,her2,50,-0.27912678315074535,50,0.02,4,403
R+P+D,luminal,50,-0.21895803013154921,50,0.02,1,403
R,basal,50,-0.6570512883657454,50,0.0,1,404
R,her2,50,-0.3892700419831218,50,0.04,4,404
R,luminal,50,-0.11700520608786087,50,0.04,4,404
R+P,basal,50,-0.3756427805794607,50,0.0,2,404
R+P,her2,50,-0.2775701794387652,50,0.02,3,404
R+P,luminal,50,-0.1262434468713969,50,0.04,2,404
R+D,basal,50,-0.657907381086925,50,0.0,1,404
R+D,her2,50,-0.45404571912382075,50,0.02,5,404
R+D,luminal,50,-0.25501339329189604,50,0.02,3,404
R+P+D,basal,50,-0.4609433542411692,50,0.0,1,404
R+P+D,her2,50,-0.36159943996285693,50,0.02,1,404
R+P+D,luminal,50,-0.15804708150001207,50,0.02,2,404
R,basal,50,-0.5702146760092074,50,0.0,0,405
R,her2,50,-0.30852257588121046,50,0.02,6,405
R,luminal,50,-0.1418511420978419,50,0.04,1,405
R+P,basal,50,-0.5065263388344858,50,0.0,2,405
R+P,her2,50,-0.29084713615189495,50,0.02,4,405
R+P,luminal,50,-0.13570956796524497,50,0.04,0,405
R+D,basal,50,-0.561365346007131,50,0.0,2,405
R+D,her2,50,-0.2992522051521662,50,0.02,5,405
R+D,luminal,50,-0.3863907789508287,50,0.04,2,405
R+P+D,basal,50,-0.45558286532206327,50,0.0,1,405
R+P+D,her2,50,-0.3324013540285292,50,0.02,2,405
R+P+D,luminal,50,-0.3246783880648099,50,0.04,2,405
R,basal,50,-0.562224827454303,50,0.0,1,406
R,her2,50,-0.27424905178418435,50,0.04,5,406
R,luminal,50,-0.13252350934024942,50,0.04,2,406
R+P,basal,50,-0.3708752418581834,50,0.0,1,406
R+P,her2,50,-0.17725071267181025,50,0.04,2,406
R+P,luminal,50,-0.14796660561613875,50,0.06,3,406
R+D,basal,50,-0.6391264559126499,50,0.0,2,406
R+D,her2,50,-0.3470746279520302,50,0.02,4,406
R+D,luminal,50,-0.3289585820807309,50,0.06,2,406
R+P+D,basal,50,-0.5014661144910559,50,0.0,1,406
R+P+D,her2,50,-0.32762478650959764,50,0.02,3,406
R+P+D,luminal,50,-0.27051298386978645,50,0.06,3,406
R,basal,50,-0.5927388766095415,50,0.0,2,407
R,her2,50,-0.34346953694359317,50,0.0,3,407
R,luminal,50,-0.1452591441532773,50,0.04,2,407
R+P,basal,50,-0.43707524134635845,50,0.0,1,407
R+P,her2,50,-0.27665394060451254,50,0.02,2,407
R+P,luminal,50,-0.11411789822382964,50,0.04,1,407
R+D,basal,50,-0.5922995522852346,50,0.0,4,407
R+D,her2,50,-0.44538317928847976,50,0.02,5,407
R+D,luminal,50,-0.32850571327656575,50,0.04,1,407
R+P+D,basal,50,-0.5310393623962663,50,0.0,2,407
R+P+D,her2,50,-0.36608322451812997,50,0.02,2,407
R+P+D,luminal,50,-0.23104535587401387,50,0.04,1,407
R,basal,50,-0.5489858833907547,50,0.0,2,408
R,her2,50,-0.35362922682124553,50,0.02,8,408
R,luminal,50,-0.17699081687283602,50,0.04,2,408
R+P,basal,50,-0.44167940057049476,50,0.0,1,408
R+P,her2,50,-0.3974847084908478,50,0.04,3,408
R+P,luminal,50,-0.09253553577020725,50,0.04,2,408
R+D,basal,50,-0.6420312115958771,50,0.0,1,408
R+D,her2,50,-0.39642913195706453,50,0.02,2,408
R+D,luminal,50,-0.2430009584446445,50,0.02,1,408
R+P+D,basal,50,-0.4699981189380301,50,0.0,1,408
R+P+D,her2,50,-0.4068312987502924,50,0.02,2,408
R+P+D,luminal,50,-0.2155502833647943,50,0.02,1,408
R,basal,50,-0.5579794014292347,50,0.0,0,409
R,her2,50,-0.28444888353348735,50,0.02,7,409
R,luminal,50,-0.1786343404375993,50,0.04,3,409
R+P,basal,50,-0.4508265832617154,50,0.0,2,409
R+P,her2,50,-0.24573677972895036,50,0.02,4,409
R+P,luminal,50,-0.18253315224425878,50,0.06,4,409
R+D,basal,50,-0.6648043806062706,50,0.0,0,409
R+D,her2,50,-0.4547091150015514,50,0.02,6,409
R+D,luminal,50,-0.40290033536503506,50,0.02,2,409
R+P+D,basal,50,-0.5407759775729769,50,0.0,2,409
R+P+D,her2,50,-0.2868178450882818,50,0.02,4,409
R+P+D,luminal,50,-0.3538614862924861,50,0.04,3,409
R,basal,50,-0.45224799868473303,50,0.0,1,410
R,her2,50,-0.6204764147947602,50,0.04,7,410
R,luminal,50,-0.10239351241521184,50,0.04,1,410
R+P,basal,50,-0.39544131552059525,50,0.0,1,410
R+P,her2,50,-0.20225764929211337,50,0.02,3,410
R+P,luminal,50,-0.15003552798599387,50,0.06,3,410
R+D,basal,50,-0.7286605393125538,50,0.0,2,410
R+D,her2,50,-0.5897396931978413,50,0.04,8,410
R+D,luminal,50,-0.3769433322337246,50,0.02,0,410
R+P+D,basal,50,-0.5274058308394612,50,0.0,0,410
R+P+D,her2,50,-0.4011200516666324,50,0.04,5,410
R+P+D,luminal,50,-0.22896522256271454,50,0.02,1,410
R,basal,50,-0.48728944777357236,50,0.0,1,411
R,her2,50,-0.24710542967729357,50,0.02,3,411
R,luminal,50,-0.1400865874188288,50,0.04,4,411
R+P,basal,50,-0.40767220989518804,50,0.0,0,411
R+P,her2,50,-0.33635751005902514,50,0.02,4,411
R+P,luminal,50,-0.14041656750575954,50,0.06,2,411
R+D,basal,50,-0.6993873955029667,50,0.0,0,411
R+D,her2,50,-0.43328838602744413,50,0.02,4,411
R+D,luminal,50,-0.3016319823724879,50,0.04,0,411
R+P+D,basal,50,-0.552290681632961,50,0.0,2,411
R+P+D,her2,50,-0.4381743114372661,50,0.02,4,411
R+P+D,luminal,50,-0.2780028025682396,50,0.04,1,411
R,basal,50,-0.5335355291366686,50,0.0,3,412
R,her2,50,-0.3719719634522221,50,0.02,8,412
R,luminal,50,-0.1319114688245861,50,0.04,2,412
R+P,basal,50,-0.5461766851382358,50,0.0,2,412
R+P,her2,50,-0.1779623188142062,50,0.02,4,412
R+P,luminal,50,-0.13527371258140664,50,0.06,3,412
R+D,basal,50,-0.6355224780938404,50,0.0,1,412
R+D,her2,50,-0.423803415588226,50,0.02,8,412
R+D,luminal,50,-0.26020154746526614,50,0.02,1,412
R+P+D,basal,50,-0.5679522976561104,50,0.0,3,412
R+P+D,her2,50,-0.2877984512436231,50,0.02,4,412
R+P+D,luminal,50,-0.21274743098413995,50,0.02,2,412
R,basal,50,-0.6288756497339668,50,0.0,2,413
R,her2,50,-0.2281489344542022,50,0.02,5,413
R,luminal,50,-0.12735516223291035,50,0.04,2,413
R+P,basal,50,-0.4156468808270622,50,0.0,0,413
R+P,her2,50,-0.2544112854746632,50,0.04,2,413
R+P,luminal,50,-0.10187117167152429,50,0.04,0,413
R+D,basal,50,-0.6275661073721996,50,0.0,1,413
R+D,her2,50,-0.4340494465645793,50,0.02,5,413
R+D,luminal,50,-0.3635564001922469,50,0.04,0,413
R+P+D,basal,50,-0.4499275814886281,50,0.0,3,413
R+P+D,her2,50,-0.395484450292752,50,0.02,4,413
R+P+D,luminal,50,-0.24339299237190548,50,0.04,0,413
R,basal,50,-0.5552607066078372,50,0.0,0,414
R,her2,50,-0.28114013239346125,50,0.02,7,414
R,luminal,50,-0.1280933074937966,50,0.06,2,414
R+P,basal,50,-0.42243332584641813,50,0.0,3,414
R+P,her2,50,-0.3576580793556435,50,0.02,5,414
R+P,luminal,50,-0.1439997760585819,50,0.06,2,414
R+D,basal,50,-0.5736405121776208,50,0.0,1,414
R+D,her2,50,-0.4088045157744039,50,0.02,8,414
R+D,luminal,50,-0.28835522867128954,50,0.04,0,414
R+P+D,basal,50,-0.5409043861333145,50,0.0,3,414
R+P+D,her2,50,-0.3407150618914808,50,0.02,5,414
R+P+D,luminal,50,-0.3074127052371986,50,0.04,0,414
R,basal,50,-0.6410906183996095,50,0.0,2,415
R,her2,50,-0.39711081717036545,50,0.04,9,415
R,luminal,50,-0.14339960383527908,50,0.04,2,415
R+P,basal,50,-0.4090487078240981,50,0.0,1,415
R+P,her2,50,-0.2633776482861102,50,0.04,3,415
R+P,luminal,50,-0.11423562308229705,50,0.04,2,415
R+D,basal,50,-0.6017697816666707,50,0.0,2,415
R+D,her2,50,-0.46379872347692347,50,0.04,7,415
R+D,luminal,50,-0.2805258871605101,50,0.02,2,415
R+P+D,basal,50,-0.47922915465038196,50,0.0,3,415
R+P+D,her2,50,-0.4071088551523159,50,0.02,5,415
R+P+D,luminal,50,-0.25061561469035043,50,0.02,1,415
R,basal,50,-0.5714409497964863,50,0.0,1,416
R,her2,50,-0.3323982490992227,50,0.02,9,416
R,luminal,50,-0.12427272949145815,50,0.06,1,416
R+P,basal,50,-0.4147490659776081,50,0.0,2,416
R+P,her2,50,-0.4112861021460926,50,0.02,3,416
R+P,luminal,50,-0.15383366858044442,50,0.04,2,416
R+D,basal,50,-0.7700354858920275,50,0.0,5,416
R+D,her2,50,-0.29620133470227683,50,0.02,5,416
R+D,luminal,50,-0.2101936470378905,50,0.02,2,416
R+P+D,basal,50,-0.517266649179225,50,0.0,1,416
R+P+D,her2,50,-0.3126368395480693,50,0.02,3,416
R+P+D,luminal,50,-0.19549654181973924,50,0.04,2,416
R,basal,50,-0.7328103988312631,50,0.0,4,417
R,her2,50,-0.41468611200356614,50,0.04,8,417
R,luminal,50,-0.11933835732091357,50,0.04,3,417
R+P,basal,50,-0.5375333881504247,50,0.0,0,417
R+P,her2,50,-0.2486778677203282,50,0.02,2,417
R+P,luminal,50,-0.10648353400461547,50,0.04,1,417
R+D,basal,50,-0.635070088767684,50,0.0,2,417
R+D,her2,50,-0.459256922134809,50,0.02,9,417
R+D,luminal,50,-0.3705971107737641,50,0.04,2,417
R+P+D,basal,50,-0.6130688992602472,50,0.0,2,417
R+P+D,her2,50,-0.35258260363098015,50,0.02,4,417
R+P+D,luminal,50,-0.21405950428637233,50,0.04,1,417
R,basal,50,-0.5101773689190293,50,0.0,0,418
R,her2,50,-0.29050727624657413,50,0.02,5,418
R,luminal,50,-0.12988714652367955,50,0.04,2,418
R+P,basal,50,-0.43062535454450535,50,0.0,0,418
R+P,her2,50,-0.17944850366292023,50,0.02,2,418
R+P,luminal,50,-0.12988097810921503,50,0.04,1,418
R+D,basal,50,-0.6598756156384986,50,0.0,3,418
R+D,her2,50,-0.358673816989083,50,0.02,2,418
R+D,luminal,50,-0.3081173400668982,50,0.04,2,418
R+P+D,basal,50,-0.5071852913158615,50,0.0,3,418
R+P+D,her2,50,-0.2454197061292817,50,0.02,1,418
R+P+D,luminal,50,-0.1844751062872866,50,0.04,1,418
R,basal,50,-0.5498804953180074,50,0.0,0,419
R,her2,50,-0.25095640611012,50,0.02,9,419
R,luminal,50,-0.14949505729497617,50,0.04,1,419
R+P,basal,50,-0.40259950903948893,50,0.0,0,419
R+P,her2,50,-0.24806550988825793,50,0.02,3,419
R+P,luminal,50,-0.12220187680860997,50,0.04,1,419
R+D,basal,50,-0.7307628893112418,50,0.0,1,419
R+D,her2,50,-0.45643812626963126,50,0.02,8,419
R+D,luminal,50,-0.34304240439148587,50,0.04,1,419
R+P+D,basal,50,-0.5438334622758108,50,0.0,1,419
R+P+D,her2,50,-0.3958238165268461,50,0.02,5,419
R+P+D,luminal,50,-0.35931048885428735,50,0.04,1,419
R,basal,50,-0.6696587718590912,50,0.0,4,420
R,her2,50,-0.3825311371921361,50,0.04,7,420
R,luminal,50,-0.15599553190434884,50,0.04,2,420
R+P,basal,50,-0.4402453232398253,50,0.0,4,420
R+P,her2,50,-0.40630625175349877,50,0.02,4,420
R+P,luminal,50,-0.1428639739413312,50,0.04,0,420
R+D,basal,50,-0.6915837874570666,50,0.0,2,420
R+D,her2,50,-0.42877387298459235,50,0.04,4,420
R+D,luminal,50,-0.27453300065325237,50,0.04,1,420
R+P+D,basal,50,-0.5922918519875897,50,0.0,1,420
R+P+D,her2,50,-0.48553211631331084,50,0.02,4,420
R+P+D,luminal,50,-0.3006687143376499,50,0.04,2,420
R,basal,50,-0.4576772518475464,50,0.0,1,421
R,her2,50,-0.3022079138001348,50,0.02,6,421
R,luminal,50,-0.14107345987234576,50,0.04,4,421
R+P,basal,50,-0.3139972964541494,50,0.0,0,421
R+P,her2,50,-0.18376517454998903,50,0.02,1,421
R+P,luminal,50,-0.14000606038897107,50,0.04,3,421
R+D,basal,50,-0.5592506174043178,50,0.0,1,421
R+D,her2,50,-0.3963981207396535,50,0.02,5,421
R+D,luminal,50,-0.2774412799091698,50,0.02,2,421
R+P+D,basal,50,-0.42832119353715364,50,0.0,0,421
R+P+D,her2,50,-0.2654371724347746,50,0.02,3,421
R+P+D,luminal,50,-0.2666174920523923,50,0.02,1,421
R,basal,50,-0.6217181267562277,50,0.0,2,422
R,her2,50,-0.2531530620768758,50,0.02,4,422
R,luminal,50,-0.11967266556100388,50,0.04,3,422
R+P,basal,50,-0.3960992247767631,50,0.0,2,422
R+P,her2,50,-0.19806912534193377,50,0.02,3,422
R+P,luminal,50,-0.1442404012577341,50,0.06,2,422
R+D,basal,50,-0.7138734200398743,50,0.0,3,422
R+D,her2,50,-0.4815058721461304,50,0.02,7,422
R+D,luminal,50,-0.3346080927111029,50,0.04,1,422
R+P+D,basal,50,-0.5037085642516987,50,0.0,1,422
R+P+D,her2,50,-0.3733259083864504,50,0.02,5,422
R+P+D,luminal,50,-0.27241305088612683,50,0.04,1,422
R,basal,50,-0.7556899648002833,50,0.0,1,423
R,her2,50,-0.31688193218993715,50,0.02,5,423
R,luminal,50,-0.15394369301042138,50,0.06,3,423
R+P,basal,50,-0.6351246812878855,50,0.0,2,423
R+P,her2,50,-0.23957278821263903,50,0.02,3,423
R+P,luminal,50,-0.1443579791438842,50,0.06,2,423
R+D,basal,50,-0.7229734873604611,50,0.0,2,423
R+D,her2,50,-0.6034699172089101,50,0.02,7,423
R+D,luminal,50,-0.2653512349191164,50,0.02,0,423
R+P+D,basal,50,-0.5840716307266308,50,0.0,2,423
R+P+D,her2,50,-0.346016233857126,50,0.02,4,423
R+P+D,luminal,50,-0.14021871428614385,50,0.02,0,423
R,basal,50,-0.3954552936756205,50,0.0,2,424
R,her2,50,-0.4683703107388781,50,0.02,6,424
R,luminal,50,-0.11281141880834927,50,0.04,1,424
R+P,basal,50,-0.2715249588287896,50,0.0,2,424
R+P,her2,50,-0.2743238814724044,50,0.02,5,424
R+P,luminal,50,-0.14341525292626595,50,0.06,1,424
R+D,basal,50,-0.5399291134537819,50,0.0,1,424
R+D,her2,50,-0.5931220323444455,50,0.02,8,424
R+D,luminal,50,-0.3760371394951532,50,0.02,1,424
R+P+D,basal,50,-0.47600016579048826,50,0.0,2,424
R+P+D,her2,50,-0.407185011296288,50,0.02,5,424
R+P+D,luminal,50,-0.23684285439923258,50,0.02,1,424
R,basal,50,-0.5510707212664436,50,0.0,1,425
R,her2,50,-0.31313440271560244,50,0.02,5,425
R,luminal,50,-0.1392585350833223,50,0.04,2,425
R+P,basal,50,-0.3313158669900778,50,0.0,1,425
R+P,her2,50,-0.20948928704584877,50,0.02,4,425
R+P,luminal,50,-0.16110334990668576,50,0.06,1,425
R+D,basal,50,-0.6179127003092796,50,0.0,3,425
R+D,her2,50,-0.47673620826168367,50,0.02,5,425
R+D,luminal,50,-0.33500120512041953,50,0.02,3,425
R+P+D,basal,50,-0.4857536230481089,50,0.0,0,425
R+P+D,her2,50,-0.34080792952522193,50,0.04,4,425
R+P+D,luminal,50,-0.2325396379415264,50,0.02,2,425
R,basal,50,-0.5352439788552362,50,0.0,2,426
R,her2,50,-0.39832813428286845,50,0.02,7,426
R,luminal,50,-0.12449902320453832,50,0.04,2,426
R+P,basal,50,-0.3329938039958916,50,0.0,2,426
R+P,her2,50,-0.30932072719219755,50,0.02,4,426
R+P,luminal,50,-0.13738520022097375,50,0.06,3,426
R+D,basal,50,-0.7061586884833921,50,0.0,4,426
R+D,her2,50,-0.4376159862147981,50,0.02,7,426
R+D,luminal,50,-0.30391457214426554,50,0.04,2,426
R+P+D,basal,50,-0.48932008029677587,50,0.0,2,426
R+P+D,her2,50,-0.43651093058756985,50,0.02,6,426
R+P+D,luminal,50,-0.26576781161691226,50,0.04,2,426
R,basal,50,-0.5450789100018236,50,0.0,3,427
R,her2,50,-0.40505600389164376,50,0.02,8,427
R,luminal,50,-0.1304768047392244,50,0.04,2,427
R+P,basal,50,-0.43051773213180083,50,0.0,1,427
R+P,her2,50,-0.38838930500014684,50,0.02,4,427
R+P,luminal,50,-0.09783551450715444,50,0.04,3,427
R+D,basal,50,-0.7533634358927589,50,0.0,1,427
R+D,her2,50,-0.3897725171194983,50,0.02,6,427
R+D,luminal,50,-0.2559716645233058,50,0.04,1,427
R+P+D,basal,50,-0.5352283780810534,50,0.0,1,427
R+P+D,her2,50,-0.41533234401860286,50,0.02,7,427
R+P+D,luminal,50,-0.22870061761381513,50,0.04,1,427
R,basal,50,-0.41534076985884427,50,0.0,0,428
R,her2,50,-0.30295179566096314,50,0.02,5,428
R,luminal,50,-0.1441982034556113,50,0.04,3,428
R+P,basal,50,-0.22372843885207522,50,0.0,1,428
R+P,her2,50,-0.25433031443214354,50,0.02,2,428
R+P,luminal,50,-0.1550237394235688,50,0.04,2,428
R+D,basal,50,-0.618442595421633,50,0.0,1,428
R+D,her2,50,-0.35240442421692253,50,0.02,3,428
R+D,luminal,50,-0.25228783055175313,50,0.02,3,428
R+P+D,basal,50,-0.2942592388490956,50,0.0,0,428
R+P+D,her2,50,-0.31249479481127507,50,0.02,2,428
R+P+D,luminal,50,-0.24225002995447922,50,0.02,2,428
R,basal,50,-0.5208892435961154,50,0.0,1,429
R,her2,50,-0.6716877932991142,50,0.04,6,429
R,luminal,50,-0.15519398371912924,50,0.06,2,429
R+P,basal,50,-0.16460178402477535,50,0.0,1,429
R+P,her2,50,-0.30227160432002803,50,0.02,5,429
R+P,luminal,50,-0.16441616819789684,50,0.06,1,429
R+D,basal,50,-0.6732971070411955,50,0.0,2,429
R+D,her2,50,-0.6245831995290894,50,0.04,8,429
R+D,luminal,50,-0.17873907659552707,50,0.02,1,429
R+P+D,basal,50,-0.31785827762041136,50,0.0,1,429
R+P+D,her2,50,-0.41324631564291847,50,0.02,6,429
R+P+D,luminal,50,-0.16232718641171776,50,0.02,0,429
R,basal,50,-0.5677168765143885,50,0.0,2,430
R,her2,50,-0.4068035005453583,50,0.02,5,430
R,luminal,50,-0.1525687390843799,50,0.04,1,430
R+P,basal,50,-0.23618914934321286,50,0.0,2,430
R+P,her2,50,-0.32129665571164856,50,0.02,4,430
R+P,luminal,50,-0.16149871088026113,50,0.04,0,430
R+D,basal,50,-0.6472087545954553,50,0.0,2,430
R+D,her2,50,-0.41216957254477793,50,0.02,5,430
R+D,luminal,50,-0.3464128248385865,50,0.04,1,430
R+P+D,basal,50,-0.5428407526842434,50,0.0,0,430
R+P+D,her2,50,-0.449161357778423,50,0.02,5,430
R+P+D,luminal,50,-0.26366693751977194,50,0.04,1,430
R,basal,50,-0.571497877331829,50,0.0,0,431
R,her2,50,-0.23107469471796374,50,0.02,4,431
R,luminal,50,-0.13435317615069203,50,0.04,3,431
R+P,basal,50,-0.46343920747663536,50,0.0,0,431
R+P,her2,50,-0.16100498557541712,50,0.02,3,431
R+P,luminal,50,-0.11904006132414965,50,0.04,2,431
R+D,basal,50,-0.667920646917476,50,0.0,2,431
R+D,her2,50,-0.4325866172352375,50,0.02,7,431
R+D,luminal,50,-0.29698234220272196,50,0.04,0,431
R+P+D,basal,50,-0.4543571086899118,50,0.0,2,431
R+P+D,her2,50,-0.2181297591759144,50,0.02,3,431
R+P+D,luminal,50,-0.24327501945193725,50,0.04,1,431
R,basal,50,-0.5057303247259689,50,0.0,2,432
R,her2,50,-0.35364858660140386,50,0.02,8,432
R,luminal,50,-0.1978466619166607,50,0.06,2,432
R+P,basal,50,-0.34032109046168324,50,0.0,2,432
R+P,her2,50,-0.18515087825930618,50,0.02,4,432
R+P,luminal,50,-0.2192952985442556,50,0.06,2,432
R+D,basal,50,-0.5806705640712292,50,0.0,1,432
R+D,her2,50,-0.37551787982080476,50,0.02,5,432
R+D,luminal,50,-0.4276989202306055,50,0.04,0,432
R+P+D,basal,50,-0.4086127606228915,50,0.0,0,432
R+P+D,her2,50,-0.4069349878657876,50,0.02,4,432
R+P+D,luminal,50,-0.3457996423249651,50,0.04,1,432
R,basal,50,-0.6326566868280614,50,0.0,3,433
R,her2,50,-0.4170585321001503,50,0.02,7,433
R,luminal,50,-0.15033006848564548,50,0.04,1,433
R+P,basal,50,-0.46938348726637197,50,0.0,1,433
R+P,her2,50,-0.3899231442639792,50,0.04,4,433
R+P,luminal,50,-0.1581534295435282,50,0.06,3,433
R+D,basal,50,-0.7530655518361944,50,0.0,2,433
R+D,her2,50,-0.5060052602562232,50,0.02,7,433
R+D,luminal,50,-0.30009082835800766,50,0.02,2,433
R+P+D,basal,50,-0.5750614369314625,50,0.0,1,433
R+P+D,her2,50,-0.4220552208261589,50,0.02,6,433
R+P+D,luminal,50,-0.24910825918508653,50,0.02,1,433
R,basal,50,-0.4404168059738083,50,0.0,0,434
R,her2,50,-0.2996503332638364,50,0.02,3,434
R,luminal,50,-0.1222897116316829,50,0.04,3,434
R+P,basal,50,-0.2768930597491095,50,0.0,2,434
R+P,her2,50,-0.20469433314989613,50,0.02,1,434
R+P,luminal,50,-0.13165856801040732,50,0.06,2,434
R+D,basal,50,-0.5362455838678395,50,0.0,1,434
R+D,her2,50,-0.5492566687658117,50,0.02,3,434
R+D,luminal,50,-0.4586758409468066,50,0.04,2,434
R+P+D,basal,50,-0.40361501571645925,50,0.0,2,434
R+P+D,her2,50,-0.38674333914239567,50,0.02,2,434
R+P+D,luminal,50,-0.245424884168612,50,0.04,2,434
R,basal,50,-0.7150414785161396,50,0.0,3,435
R,her2,50,-0.37819752258457756,50,0.02,5,435
R,luminal,50,-0.12089050351322854,50,0.04,1,435
R+P,basal,50,-0.49872546060255585,50,0.0,1,435
R+P,her2,50,-0.24038181287048907,50,0.02,2,435
R+P,luminal,50,-0.11278216758126851,50,0.04,0,435
R+D,basal,50,-0.7143258015161226,50,0.0,2,435
R+D,her2,50,-0.5987498567948129,50,0.02,7,435
R+D,luminal,50,-0.3053427525396473,50,0.04,1,435
R+P+D,basal,50,-0.6296686498026435,50,0.0,0,435
R+P+D,her2,50,-0.3264839126215106,50,0.02,4,435
R+P+D,luminal,50,-0.23038553986559962,50,0.04,2,435
R,basal,50,-0.5599032327165674,50,0.0,1,436
R,her2,50,-0.3884783365947521,50,0.02,7,436
R,luminal,50,-0.13096518483980904,50,0.06,1,436
R+P,basal,50,-0.38862080106235175,50,0.0,1,436
R+P,her2,50,-0.4147042674992829,50,0.02,4,436
R+P,luminal,50,-0.09846922787531096,50,0.04,1,436
R+D,basal,50,-0.5692336789543142,50,0.0,2,436
R+D,her2,50,-0.5572205747378589,50,0.02,7,436
R+D,luminal,50,-0.2681041831295423,50,0.04,1,436
R+P+D,basal,50,-0.563009040729937,50,0.0,1,436
R+P+D,her2,50,-0.43775028917701664,50,0.02,6,436
R+P+D,luminal,50,-0.18584443190675834,50,0.04,1,436
R,basal,50,-0.48718566137231273,50,0.0,0,437
R,her2,50,-0.4155969613423148,50,0.0,3,437
R,luminal,50,-0.16416511412358115,50,0.04,2,437
R+P,basal,50,-0.19105391011167464,50,0.0,0,437
R+P,her2,50,-0.1689973724913193,50,0.02,3,437
R+P,luminal,50,-0.13795354364457232,50,0.04,1,437
R+D,basal,50,-0.5963904170677646,50,0.0,0,437
R+D,her2,50,-0.543781706459924,50,0.02,7,437
R+D,luminal,50,-0.3349942927281306,50,0.02,0,437
R+P+D,basal,50,-0.4006555602360074,50,0.0,0,437
R+P+D,her2,50,-0.3203424374632997,50,0.02,4,437
R+P+D,luminal,50,-0.23745360727572126,50,0.02,2,437
R,basal,50,-0.5786129297214083,50,0.0,2,438
R,her2,50,-0.3822817213370421,50,0.02,8,438
R,luminal,50,-0.11794556169090128,50,0.04,2,438
R+P,basal,50,-0.49234621176864385,50,0.0,3,438
R+P,her2,50,-0.2787190176388562,50,0.02,4,438
R+P,luminal,50,-0.09662574717091202,50,0.04,2,438
R+D,basal,50,-0.669237981804377,50,0.0,2,438
R+D,her2,50,-0.40241807124679946,50,0.02,6,438
R+D,luminal,50,-0.22805549724487267,50,0.02,1,438
R+P+D,basal,50,-0.5867871977088281,50,0.0,1,438
R+P+D,her2,50,-0.38400722560050116,50,0.02,3,438
R+P+D,luminal,50,-0.23563536263190837,50,0.02,0,438
R,basal,50,-0.6770696301723844,50,0.0,2,439
R,her2,50,-0.42689515867708566,50,0.02,9,439
R,luminal,50,-0.13560705427403316,50,0.04,1,439
R+P,basal,50,-0.56640238233457,50,0.0,2,439
R+P,her2,50,-0.2268190253287295,50,0.02,4,439
R+P,luminal,50,-0.18821378628003863,50,0.04,1,439
R+D,basal,50,-0.6298720869669832,50,0.0,2,439
R+D,her2,50,-0.5856228941256328,50,0.02,9,439
R+D,luminal,50,-0.29280862292855436,50,0.04,0,439
R+P+D,basal,50,-0.5860216570112332,50,0.0,2,439
R+P+D,her2,50,-0.4100558321863116,50,0.02,6,439
R+P+D,luminal,50,-0.2859380475253666,50,0.04,0,439
R,basal,50,-0.5925892555839741,50,0.0,0,440
R,her2,50,-0.3662449358593535,50,0.02,10,440
R,luminal,50,-0.10314792657054771,50,0.04,2,440
R+P,basal,50,-0.43442360921872064,50,0.0,2,440
R+P,her2,50,-0.19008220044616067,50,0.02,4,440
R+P,luminal,50,-0.10102981959801373,50,0.04,1,440
R+D,basal,50,-0.6737550971100771,50,0.0,1,440
R+D,her2,50,-0.4139053333920741,50,0.02,8,440
R+D,luminal,50,-0.3688947706730794,50,0.02,0,440
R+P+D,basal,50,-0.5733725251476148,50,0.0,1,440
R+P+D,her2,50,-0.3322596829719199,50,0.02,4,440
R+P+D,luminal,50,-0.2279174795673833,50,0.02,1,440
R,basal,50,-0.5066864176903431,50,0.0,1,441
R,her2,50,-0.5281863465431103,50,0.02,8,441
R,luminal,50,-0.17576364697104918,50,0.04,2,441
R+P,basal,50,-0.2865404501691219,50,0.0,0,441
R+P,her2,50,-0.34917507167776735,50,0.02,4,441
R+P,luminal,50,-0.09771980548018769,50,0.04,0,441
R+D,basal,50,-0.7180515672599196,50,0.0,3,441
R+D,her2,50,-0.47517684465524335,50,0.02,7,441
R+D,luminal,50,-0.39544823229371984,50,0.02,2,441
R+P+D,basal,50,-0.40413949373343366,50,0.0,1,441
R+P+D,her2,50,-0.43054976970584447,50,0.02,4,441
R+P+D,luminal,50,-0.23991193216033424,50,0.02,1,441
R,basal,50,-0.42201725628069225,50,0.0,1,442
R,her2,50,-0.2991569394496172,50,0.02,8,442
R,luminal,50,-0.2527121543435782,50,0.06,1,442
R+P,basal,50,-0.24955079562461477,50,0.0,1,442
R+P,her2,50,-0.17669312424033712,50,0.04,3,442
R+P,luminal,50,-0.160625159982838,50,0.06,0,442
R+D,basal,50,-0.6610525016114325,50,0.0,3,442
R+D,her2,50,-0.4058651669706824,50,0.02,7,442
R+D,luminal,50,-0.3937953031580628,50,0.04,1,442
R+P+D,basal,50,-0.4061195064971153,50,0.0,1,442
R+P+D,her2,50,-0.37084460401145336,50,0.04,6,442
R+P+D,luminal,50,-0.34262344638055614,50,0.04,1,442
R,basal,50,-0.4094528193817326,50,0.0,1,443
R,her2,50,-0.372791631189681,50,0.02,6,443
R,luminal,50,-0.18845390491139177,50,0.04,3,443
R+P,basal,50,-0.40198770066160755,50,0.0,2,443
R+P,her2,50,-0.28478378192303994,50,0.02,4,443
R+P,luminal,50,-0.15283281166170004,50,0.04,2,443
R+D,basal,50,-0.755427197153854,50,0.0,2,443
R+D,her2,50,-0.4012727240874092,50,0.02,4,443
R+D,luminal,50,-0.3472545083896911,50,0.02,0,443
R+P+D,basal,50,-0.4967467116024432,50,0.0,1,443
R+P+D,her2,50,-0.38142917955062977,50,0.02,5,443
R+P+D,luminal,50,-0.2625059443605713,50,0.02,0,443
R,basal,50,-0.4852157524797224,50,0.0,1,444
R,her2,50,-0.44019570908864986,50,0.02,7,444
R,luminal,50,-0.15316891832972954,50,0.06,2,444
R+P,basal,50,-0.3676906405090907,50,0.0,0,444
R+P,her2,50,-0.31076842191603954,50,0.02,4,444
R+P,luminal,50,-0.1806826182579653,50,0.06,2,444
R+D,basal,50,-0.6828092606677623,50,0.0,2,444
R+D,her2,50,-0.6405760435288572,50,0.02,6,444
R+D,luminal,50,-0.3521971367934503,50,0.04,1,444
R+P+D,basal,50,-0.5067068827829684,50,0.0,1,444
R+P+D,her2,50,-0.3305059312371966,50,0.02,3,444
R+P+D,luminal,50,-0.2709239830426658,50,0.04,2,444
R,basal,50,-0.46555558079436765,50,0.0,0,445
R,her2,50,-0.32352165478665335,50,0.02,6,445
R,luminal,50,-0.17661723341614796,50,0.04,1,445
R+P,basal,50,-0.32810060219564213,50,0.0,0,445
R+P,her2,50,-0.22340342428430407,50,0.02,4,445
R+P,luminal,50,-0.1227054700417408,50,0.04,2,445
R+D,basal,50,-0.5820679042134114,50,0.0,2,445
R+D,her2,50,-0.4776558613358205,50,0.02,6,445
R+D,luminal,50,-0.4072008342073705,50,0.02,3,445
R+P+D,basal,50,-0.4730851359507178,50,0.0,1,445
R+P+D,her2,50,-0.385837979017319,50,0.02,4,445
R+P+D,luminal,50,-0.2482454764984334,50,0.02,1,445
R,basal,50,-0.7095886956528272,50,0.0,2,446
R,her2,50,-0.3360038937374244,50,0.04,6,446
R,luminal,50,-0.1090527305055475,50,0.04,1,446
R+P,basal,50,-0.32230297982899386,50,0.0,2,446
R+P,her2,50,-0.41493530685993074,50,0.04,3,446
R+P,luminal,50,-0.11482240836413794,50,0.04,0,446
R+D,basal,50,-0.5520376198747716,50,0.0,2,446
R+D,her2,50,-0.5172114121074006,50,0.02,8,446
R+D,luminal,50,-0.20199533295817296,50,0.04,0,446
R+P+D,basal,50,-0.49611963802745573,50,0.0,3,446
R+P+D,her2,50,-0.5501701341702415,50,0.02,6,446
R+P+D,luminal,50,-0.1883597764032498,50,0.04,0,446
R,basal,50,-0.49860802122120534,50,0.0,1,447
R,her2,50,-0.2956833370923112,50,0.02,6,447
R,luminal,50,-0.14947162980665576,50,0.04,1,447
R+P,basal,50,-0.2681468876279282,50,0.0,1,447
R+P,her2,50,-0.3257294368075805,50,0.02,3,447
R+P,luminal,50,-0.12822614798600004,50,0.04,0,447
R+D,basal,50,-0.635963365133807,50,0.0,1,447
R+D,her2,50,-0.3691339304484136,50,0.02,7,447
R+D,luminal,50,-0.3305133202125491,50,0.04,1,447
R+P+D,basal,50,-0.5728647137861652,50,0.0,0,447
R+P+D,her2,50,-0.3335727328725948,50,0.02,5,447
R+P+D,luminal,50,-0.22996916168420573,50,0.04,1,447
R,basal,50,-0.5415479825128563,50,0.0,2,448
R,her2,50,-0.3289670460163099,50,0.04,8,448
R,luminal,50,-0.12225352782387747,50,0.04,2,448
R+P,basal,50,-0.5183593960496552,50,0.0,3,448
R+P,her2,50,-0.14746646536687671,50,0.02,4,448
R+P,luminal,50,-0.10363167041533153,50,0.04,2,448
R+D,basal,50,-0.6496230360636358,50,0.0,3,448
R+D,her2,50,-0.5712425148769666,50,0.04,11,448
R+D,luminal,50,-0.23807085258586333,50,0.04,0,448
R+P+D,basal,50,-0.5785310944373872,50,0.0,1,448
R+P+D,her2,50,-0.33681685799291833,50,0.02,6,448
R+P+D,luminal,50,-0.20890094932128314,50,0.04,3,448
R,basal,50,-0.7182572259365735,50,0.0,1,449
R,her2,50,-0.4277430164845201,50,0.04,11,449
R,luminal,50,-0.11973291662758649,50,0.04,1,449
R+P,basal,50,-0.5128200822606991,50,0.0,3,449
R+P,her2,50,-0.19637748508306296,50,0.02,3,449
R+P,luminal,50,-0.09889764382778625,50,0.04,1,449
R+D,basal,50,-0.7476372280354489,50,0.0,1,449
R+D,her2,50,-0.588393282298438,50,0.04,12,449
R+D,luminal,50,-0.2810263988155672,50,0.02,1,449
R+P+D,basal,50,-0.49515553254111455,50,0.0,3,449
R+P+D,her2,50,-0.43320330479134034,50,0.02,7,449
R+P+D,luminal,50,-0.2572503587614185,50,0.02,2,449
R,basal,50,-0.6259845014354201,50,0.0,1,450
R,her2,50,-0.5156011303272312,50,0.04,12,450
R,luminal,50,-0.11262761083016326,50,0.06,1,450
R+P,basal,50,-0.4080791818783951,50,0.0,2,450
R+P,her2,50,-0.3100685459863956,50,0.02,3,450
R+P,luminal,50,-0.14134950203872823,50,0.08,1,450
R+D,basal,50,-0.7398127182298637,50,0.0,1,450
R+D,her2,50,-0.44898341554401716,50,0.04,10,450
R+D,luminal,50,-0.2514343244906266,50,0.04,0,450
R+P+D,basal,50,-0.6299043810291001,50,0.0,1,450
R+P+D,her2,50,-0.4105229555786432,50,0.02,7,450
R+P+D,luminal,50,-0.1411483125585714,50,0.04,1,450
R,basal,50,-0.6702720136729267,50,0.0,1,451
R,her2,50,-0.43358668198595984,50,0.02,6,451
R,luminal,50,-0.13152361207649757,50,0.04,3,451
R+P,basal,50,-0.3557259391472213,50,0.0,1,451
R+P,her2,50,-0.3116142781631184,50,0.02,2,451
R+P,luminal,50,-0.10359639514892584,50,0.04,3,451
R+D,basal,50,-0.6848117256560787,50,0.0,3,451
R+D,her2,50,-0.5267952581872175,50,0.02,3,451
R+D,luminal,50,-0.23399130401591337,50,0.04,0,451
R+P+D,basal,50,-0.4962668056564259,50,0.0,2,451
R+P+D,her2,50,-0.4512244157927902,50,0.02,4,451
R+P+D,luminal,50,-0.20782767934514643,50,0.04,0,451
R,basal,50,-0.5766204723253572,50,0.0,1,452
R,her2,50,-0.4634917307554016,50,0.02,6,452
R,luminal,50,-0.17478581441453409,50,0.04,1,452
R+P,basal,50,-0.40455925170468743,50,0.0,0,452
R+P,her2,50,-0.25056573926486825,50,0.02,2,452
R+P,luminal,50,-0.11192319301874747,50,0.04,3,452
R+D,basal,50,-0.620379733093996,50,0.0,2,452
R+D,her2,50,-0.5313784547898187,50,0.02,5,452
R+D,luminal,50,-0.3345198254685795,50,0.04,2,452
R+P+D,basal,50,-0.5441314308787536,50,0.0,0,452
R+P+D,her2,50,-0.4039226196440812,50,0.02,3,452
R+P+D,luminal,50,-0.26173452505477907,50,0.04,1,452
R,basal,50,-0.6433138260496871,50,0.0,0,453
R,her2,50,-0.39413205853196964,50,0.02,6,453
R,luminal,50,-0.12721120377465675,50,0.06,1,453
R+P,basal,50,-0.5244333272728587,50,0.0,3,453
R+P,her2,50,-0.36840407572158784,50,0.02,5,453
R+P,luminal,50,-0.12219586569993146,50,0.06,2,453
R+D,basal,50,-0.7166545056136541,50,0.0,1,453
R+D,her2,50,-0.3817537953294308,50,0.02,3,453
R+D,luminal,50,-0.23280254073027332,50,0.04,0,453
R+P+D,basal,50,-0.7171030666981316,50,0.0,2,453
R+P+D,her2,50,-0.45881468788781526,50,0.02,5,453
R+P+D,luminal,50,-0.2644893288771154,50,0.04,0,453
R,basal,50,-0.49349148785045394,50,0.0,2,454
R,her2,50,-0.39453401295783586,50,0.02,8,454
R,luminal,50,-0.13551779628424673,50,0.04,1,454
R+P,basal,50,-0.2588370617510435,50,0.0,2,454
R+P,her2,50,-0.46558844748938566,50,0.02,3,454
R+P,luminal,50,-0.1243799854994907,50,0.04,1,454
R+D,basal,50,-0.6386486385300383,50,0.0,1,454
R+D,her2,50,-0.4743392930352146,50,0.02,7,454
R+D,luminal,50,-0.3282754400358897,50,0.02,2,454
R+P+D,basal,50,-0.44868565890776435,50,0.0,1,454
R+P+D,her2,50,-0.5105994419366806,50,0.02,6,454
R+P+D,luminal,50,-0.2477887446010033,50,0.04,3,454
R,basal,50,-0.604156279335823,50,0.0,2,455
R,her2,50,-0.3259425036380982,50,0.02,5,455
R,luminal,50,-0.13802617196032668,50,0.04,1,455
R+P,basal,50,-0.4653047009573788,50,0.0,4,455
R+P,her2,50,-0.2421988678688006,50,0.04,4,455
R+P,luminal,50,-0.15293878797362845,50,0.04,1,455
R+D,basal,50,-0.6297597187279942,50,0.0,2,455
R+D,her2,50,-0.5072823713153426,50,0.02,9,455
R+D,luminal,50,-0.3843816291559503,50,0.04,2,455
R+P+D,basal,50,-0.5566147028324033,50,0.0,2,455
R+P+D,her2,50,-0.41250689176877503,50,0.02,5,455
R+P+D,luminal,50,-0.4358896178271954,50,0.04,1,455
R,basal,50,-0.6548464856379913,50,0.0,3,456
R,her2,50,-0.24787616905520832,50,0.02,6,456
R,luminal,50,-0.12203966794069177,50,0.04,2,456
R+P,basal,50,-0.33679034417028986,50,0.0,2,456
R+P,her2,50,-0.29286256780453285,50,0.02,4,456
R+P,luminal,50,-0.13245849642340896,50,0.04,1,456
R+D,basal,50,-0.622605860023193,50,0.0,3,456
R+D,her2,50,-0.29379913288674187,50,0.02,4,456
R+D,luminal,50,-0.3164861140590214,50,0.04,1,456
R+P+D,basal,50,-0.44530070039585523,50,0.0,3,456
R+P+D,her2,50,-0.3597590090500287,50,0.02,4,456
R+P+D,luminal,50,-0.2182783110106575,50,0.04,1,456
R,basal,50,-0.5561880294266099,50,0.0,2,457
R,her2,50,-0.43144470036912397,50,0.02,7,457
R,luminal,50,-0.1549882168150407,50,0.04,1,457
R+P,basal,50,-0.28599200019205845,50,0.0,2,457
R+P,her2,50,-0.3768398589461415,50,0.02,3,457
R+P,luminal,50,-0.10306695686153215,50,0.04,2,457
R+D,basal,50,-0.7859546779470843,50,0.0,3,457
R+D,her2,50,-0.47687786685632355,50,0.02,6,457
R+D,luminal,50,-0.24339174940049316,50,0.04,2,457
R+P+D,basal,50,-0.48536219880279546,50,0.0,3,457
R+P+D,her2,50,-0.495279467230452,50,0.02,6,457
R+P+D,luminal,50,-0.2212793892998103,50,0.04,1,457
R,basal,50,-0.5241590181911427,50,0.0,0,458
R,her2,50,-0.37657904805271225,50,0.02,5,458
R,luminal,50,-0.1401589084449182,50,0.04,2,458
R+P,basal,50,-0.20340712394560487,50,0.0,1,458
R+P,her2,50,-0.11804961490784828,50,0.0,0,458
R+P,luminal,50,-0.102133135883505,50,0.04,1,458
R+D,basal,50,-0.7539972719950412,50,0.0,2,458
R+D,her2,50,-0.49013208284070614,50,0.04,7,458
R+D,luminal,50,-0.2628172961449788,50,0.04,1,458
R+P+D,basal,50,-0.43785550282709396,50,0.0,2,458
R+P+D,her2,50,-0.3589288919344005,50,0.02,3,458
R+P+D,luminal,50,-0.2954843192954133,50,0.04,1,458
R,basal,50,-0.5253587353970336,50,0.0,0,459
R,her2,50,-0.27407086302809275,50,0.02,8,459
R,luminal,50,-0.18328656244953787,50,0.04,1,459
R+P,basal,50,-0.38889324738255465,50,0.0,0,459
R+P,her2,50,-0.1466086269752272,50,0.02,4,459
R+P,luminal,50,-0.15043376975533476,50,0.06,2,459
R+D,basal,50,-0.7512773712080738,50,0.0,3,459
R+D,her2,50,-0.4704420741055215,50,0.02,8,459
R+D,luminal,50,-0.4367440970134816,50,0.04,0,459
R+P+D,basal,50,-0.4134699757881837,50,0.0,2,459
R+P+D,her2,50,-0.255030912969528,50,0.02,4,459
R+P+D,luminal,50,-0.32190118110127036,50,0.06,1,459
R,basal,50,-0.5634503879075682,50,0.0,2,460
R,her2,50,-0.30505600341323463,50,0.02,5,460
R,luminal,50,-0.11786657021911105,50,0.04,3,460
R+P,basal,50,-0.4180898473224968,50,0.0,2,460
R+P,her2,50,-0.3111371979181344,50,0.04,3,460
R+P,luminal,50,-0.13291461186719208,50,0.06,3,460
R+D,basal,50,-0.6311531511467225,50,0.0,2,460
R+D,her2,50,-0.4153244905038616,50,0.02,7,460
R+D,luminal,50,-0.27704233318993515,50,0.02,1,460
R+P+D,basal,50,-0.539192100030889,50,0.0,2,460
R+P+D,her2,50,-0.3341657886086666,50,0.02,5,460
R+P+D,luminal,50,-0.17444485065747062,50,0.02,1,460
R,basal,50,-0.6128258617875337,50,0.0,0,461
R,her2,50,-0.2950256634202849,50,0.02,6,461
R,luminal,50,-0.17311433978685212,50,0.06,4,461
R+P,basal,50,-0.4643519354979164,50,0.0,4,461
R+P,her2,50,-0.3691992811052351,50,0.02,5,461
R+P,luminal,50,-0.14335426559327227,50,0.08,3,461
R+D,basal,50,-0.778603518600663,50,0.0,1,461
R+D,her2,50,-0.5140096260695319,50,0.02,5,461
R+D,luminal,50,-0.25107672858200536,50,0.02,1,461
R+P+D,basal,50,-0.605360466073853,50,0.0,1,461
R+P+D,her2,50,-0.40645492851533677,50,0.02,4,461
R+P+D,luminal,50,-0.22065955823488817,50,0.02,2,461
R,basal,50,-0.6450981773398992,50,0.0,2,462
R,her2,50,-0.4700134071304809,50,0.04,8,462
R,luminal,50,-0.12710880635757943,50,0.04,2,462
R+P,basal,50,-0.4000495788371125,50,0.0,1,462
R+P,her2,50,-0.4016464406855534,50,0.02,4,462
R+P,luminal,50,-0.14649839417128208,50,0.06,2,462
R+D,basal,50,-0.605209013398752,50,0.0,0,462
R+D,her2,50,-0.6279326667666817,50,0.02,9,462
R+D,luminal,50,-0.3492379614800844,50,0.02,1,462
R+P+D,basal,50,-0.5282131573988981,50,0.0,2,462
R+P+D,her2,50,-0.43842650852819565,50,0.02,7,462
R+P+D,luminal,50,-0.26126569202620803,50,0.02,1,462
R,basal,50,-0.48716553257055367,50,0.0,1,463
R,her2,50,-0.39743173240775403,50,0.04,10,463
R,luminal,50,-0.10894248424872897,50,0.04,1,463
R+P,basal,50,-0.356279919433957,50,0.0,1,463
R+P,her2,50,-0.17418093442142588,50,0.02,4,463
R+P,luminal,50,-0.15866446116362132,50,0.06,1,463
R+D,basal,50,-0.6508714600952995,50,0.0,2,463
R+D,her2,50,-0.6315993543435134,50,0.04,12,463
R+D,luminal,50,-0.39001748827244065,50,0.04,1,463
R+P+D,basal,50,-0.5222754172287295,50,0.0,1,463
R+P+D,her2,50,-0.24243670170164855,50,0.02,4,463
R+P+D,luminal,50,-0.24205189520806822,50,0.04,1,463
R,basal,50,-0.4134871905198602,50,0.0,1,464
R,her2,50,-0.31386001445206846,50,0.02,7,464
R,luminal,50,-0.15314018443018396,50,0.04,1,464
R+P,basal,50,-0.401470246044573,50,0.0,3,464
R+P,her2,50,-0.30290851269359753,50,0.04,5,464
R+P,luminal,50,-0.13249586873200267,50,0.04,3,464
R+D,basal,50,-0.6373291440496611,50,0.0,0,464
R+D,her2,50,-0.39696174931586503,50,0.02,6,464
R+D,luminal,50,-0.2622855454740829,50,0.02,2,464
R+P+D,basal,50,-0.568803696273703,50,0.0,2,464
R+P+D,her2,50,-0.3561457693885835,50,0.02,4,464
R+P+D,luminal,50,-0.19502324387490824,50,0.02,2,464
R,basal,50,-0.5193484103922629,50,0.0,0,465
R,her2,50,-0.26104828243853295,50,0.02,6,465
R,luminal,50,-0.1566922384785273,50,0.06,3,465
R+P,basal,50,-0.4379427282565784,50,0.0,1,465
R+P,her2,50,-0.2514700447124414,50,0.02,3,465
R+P,luminal,50,-0.16882323377260916,50,0.06,2,465
R+D,basal,50,-0.6412142890152828,50,0.0,1,465
R+D,her2,50,-0.40903181550559375,50,0.02,9,465
R+D,luminal,50,-0.3569501818620705,50,0.02,0,465
R+P+D,basal,50,-0.5401762839473278,50,0.0,2,465
R+P+D,her2,50,-0.3457553771992125,50,0.02,4,465
R+P+D,luminal,50,-0.23040427498438074,50,0.02,1,465
R,basal,50,-0.5041742273431085,50,0.0,2,466
R,her2,50,-0.3234346117862974,50,0.02,9,466
R,luminal,50,-0.16363649915603265,50,0.04,1,466
R+P,basal,50,-0.2694507451865709,50,0.0,1,466
R+P,her2,50,-0.15880540635845614,50,0.02,3,466
R+P,luminal,50,-0.14509816995465039,50,0.04,2,466
R+D,basal,50,-0.6194613528411113,50,0.0,2,466
R+D,her2,50,-0.5351243434628504,50,0.02,7,466
R+D,luminal,50,-0.35734793106650803,50,0.04,1,466
R+P+D,basal,50,-0.468862020791516,50,0.0,3,466
R+P+D,her2,50,-0.4140942879192728,50,0.02,5,466
R+P+D,luminal,50,-0.30143842290277,50,0.04,1,466
R,basal,50,-0.5057334684055252,50,0.0,0,467
R,her2,50,-0.22518342246592507,50,0.02,6,467
R,luminal,50,-0.12624309376138815,50,0.06,2,467
R+P,basal,50,-0.4607241261631609,50,0.0,2,467
R+P,her2,50,-0.21180152298074897,50,0.02,3,467
R+P,luminal,50,-0.07480123086311431,50,0.04,2,467
R+D,basal,50,-0.7119533122320307,50,0.0,1,467
R+D,her2,50,-0.5010834233136756,50,0.02,10,467
R+D,luminal,50,-0.29438564411363616,50,0.04,1,467
R+P+D,basal,50,-0.5379924133316676,50,0.0,0,467
R+P+D,her2,50,-0.26982432786582344,50,0.02,6,467
R+P+D,luminal,50,-0.34198813345854084,50,0.04,1,467
R,basal,50,-0.5106469601713866,50,0.0,2,468
R,her2,50,-0.38616466061971716,50,0.02,5,468
R,luminal,50,-0.13234262942016917,50,0.04,2,468
R+P,basal,50,-0.42201215687112714,50,0.0,1,468
R+P,her2,50,-0.34052328070914284,50,0.04,3,468
R+P,luminal,50,-0.1337008768168409,50,0.04,2,468
R+D,basal,50,-0.6993974845257525,50,0.0,3,468
R+D,her2,50,-0.4694604713896186,50,0.02,9,468
R+D,luminal,50,-0.4327531826466769,50,0.04,1,468
R+P+D,basal,50,-0.5696454711570255,50,0.0,3,468
R+P+D,her2,50,-0.4544535975906498,50,0.02,6,468
R+P+D,luminal,50,-0.2987858002224629,50,0.04,0,468
R,basal,50,-0.5614640968821769,50,0.0,2,469
R,her2,50,-0.3117742582325903,50,0.04,7,469
R,luminal,50,-0.18422995150312904,50,0.04,1,469
R+P,basal,50,-0.3755388261972227,50,0.0,2,469
R+P,her2,50,-0.2032641737952613,50,0.02,4,469
R+P,luminal,50,-0.13014424123644408,50,0.04,0,469
R+D,basal,50,-0.5539627301812885,50,0.0,1,469
R+D,her2,50,-0.5061423037436693,50,0.04,10,469
R+D,luminal,50,-0.40329069693183606,50,0.04,0,469
R+P+D,basal,50,-0.505175169569085,50,0.0,2,469
R+P+D,her2,50,-0.4009553778407238,50,0.02,9,469
R+P+D,luminal,50,-0.29289188832678326,50,0.04,2,469
R,basal,50,-0.5303839878304154,50,0.0,0,470
R,her2,50,-0.4062828212217948,50,0.04,8,470
R,luminal,50,-0.15843149594403652,50,0.08,3,470
R+P,basal,50,-0.2252144085120507,50,0.0,1,470
R+P,her2,50,-0.18445461575845415,50,0.02,4,470
R+P,luminal,50,-0.13616313234799107,50,0.08,3,470
R+D,basal,50,-0.6306652348318527,50,0.0,2,470
R+D,her2,50,-0.49996564082622114,50,0.02,8,470
R+D,luminal,50,-0.26442877036433676,50,0.04,0,470
R+P+D,basal,50,-0.38348048501167936,50,0.0,1,470
R+P+D,her2,50,-0.3858095920964164,50,0.02,4,470
R+P+D,luminal,50,-0.2218297694723798,50,0.06,2,470
R,basal,50,-0.6483347900783556,50,0.0,0,471
R,her2,50,-0.26328340581543636,50,0.02,10,471
R,luminal,50,-0.11766789024735475,50,0.04,1,471
R+P,basal,50,-0.5640727091008149,50,0.0,1,471
R+P,her2,50,-0.19201836446677245,50,0.04,3,471
R+P,luminal,50,-0.11684786945858462,50,0.04,1,471
R+D,basal,50,-0.7086848040417698,50,0.0,2,471
R+D,her2,50,-0.420993378615437,50,0.02,8,471
R+D,luminal,50,-0.3622948513277401,50,0.04,1,471
R+P+D,basal,50,-0.7000656463876703,50,0.0,2,471
R+P+D,her2,50,-0.40408960596798665,50,0.02,5,471
R+P+D,luminal,50,-0.24468746401214322,50,0.04,2,471
R,basal,50,-0.6467807033927451,50,0.0,1,472
R,her2,50,-0.22449071366711754,50,0.02,7,472
R,luminal,50,-0.17736485386177786,50,0.08,3,472
R+P,basal,50,-0.30329188796932516,50,0.0,1,472
R+P,her2,50,-0.21890957913838194,50,0.02,2,472
R+P,luminal,50,-0.16425686446427468,50,0.06,4,472
R+D,basal,50,-0.723472262228117,50,0.0,2,472
R+D,her2,50,-0.403371782874152,50,0.02,4,472
R+D,luminal,50,-0.34212646931102625,50,0.04,1,472
R+P+D,basal,50,-0.4413304164647135,50,0.0,0,472
R+P+D,her2,50,-0.29798259478525946,50,0.02,2,472
R+P+D,luminal,50,-0.30349679394048457,50,0.06,2,472
R,basal,50,-0.4276296768988032,50,0.0,1,473
R,her2,50,-0.37968409355794824,50,0.02,9,473
R,luminal,50,-0.12665657360991964,50,0.04,2,473
R+P,basal,50,-0.3876000864377008,50,0.0,1,473
R+P,her2,50,-0.24772107643037497,50,0.02,2,473
R+P,luminal,50,-0.12388012437000347,50,0.04,1,473
R+D,basal,50,-0.5767933480949535,50,0.0,1,473
R+D,her2,50,-0.29715837277528584,50,0.02,5,473
R+D,luminal,50,-0.2961424806315508,50,0.04,2,473
R+P+D,basal,50,-0.4808905889421389,50,0.0,1,473
R+P+D,her2,50,-0.24402855090004358,50,0.02,1,473
R+P+D,luminal,50,-0.24637288143163055,50,0.04,1,473
R,basal,50,-0.6359786821700728,50,0.0,2,474
R,her2,50,-0.19922484410099423,50,0.02,6,474
R,luminal,50,-0.16097084534356285,50,0.06,4,474
R+P,basal,50,-0.5265627249360795,50,0.0,2,474
R+P,her2,50,-0.20938197670712466,50,0.02,4,474
R+P,luminal,50,-0.09899161290077897,50,0.04,2,474
R+D,basal,50,-0.7167452417954984,50,0.0,0,474
R+D,her2,50,-0.3252688271713855,50,0.02,3,474
R+D,luminal,50,-0.31271811845860314,50,0.02,1,474
R+P+D,basal,50,-0.6051248030114191,50,0.0,1,474
R+P+D,her2,50,-0.28046983010052756,50,0.02,5,474
R+P+D,luminal,50,-0.1995411092860948,50,0.02,1,474
R,basal,50,-0.38067407513411466,50,0.0,0,475
R,her2,50,-0.32702267595664675,50,0.02,5,475
R,luminal,50,-0.13109079989190853,50,0.04,3,475
R+P,basal,50,-0.34526013390503457,50,0.0,0,475
R+P,her2,50,-0.234893419405233,50,0.02,3,475
R+P,luminal,50,-0.16327134151175013,50,0.04,1,475
R+D,basal,50,-0.7537526345433381,50,0.0,1,475
R+D,her2,50,-0.4707245671265523,50,0.02,5,475
R+D,luminal,50,-0.3792338101578388,50,0.04,1,475
R+P+D,basal,50,-0.44985009017012706,50,0.0,1,475
R+P+D,her2,50,-0.3790616988933032,50,0.02,5,475
R+P+D,luminal,50,-0.2460007567948869,50,0.04,0,475
R,basal,50,-0.42096812985293547,50,0.0,1,476
R,her2,50,-0.28383225281819746,50,0.02,6,476
R,luminal,50,-0.1499175699315825,50,0.06,3,476
R+P,basal,50,-0.25973903531326453,50,0.0,1,476
R+P,her2,50,-0.22794313466243996,50,0.02,3,476
R+P,luminal,50,-0.1863480274757487,50,0.06,2,476
R+D,basal,50,-0.6227075042099157,50,0.0,2,476
R+D,her2,50,-0.5009143864164262,50,0.02,4,476
R+D,luminal,50,-0.3564573430161498,50,0.04,2,476
R+P+D,basal,50,-0.3953311847254016,50,0.0,1,476
R+P+D,her2,50,-0.3494496314148774,50,0.02,4,476
R+P+D,luminal,50,-0.32181392319955876,50,0.04,0,476
R,basal,50,-0.6093593337186818,50,0.0,0,477
R,her2,50,-0.30244500337498204,50,0.04,6,477
R,luminal,50,-0.11618414412398619,50,0.04,1,477
R+P,basal,50,-0.4837972606257938,50,0.0,1,477
R+P,her2,50,-0.16481352239647826,50,0.04,4,477
R+P,luminal,50,-0.1618440127217675,50,0.06,2,477
R+D,basal,50,-0.679843216185294,50,0.0,3,477
R+D,her2,50,-0.4919794082635316,50,0.04,6,477
R+D,luminal,50,-0.34964023256237753,50,0.02,3,477
R+P+D,basal,50,-0.5588451088849521,50,0.0,2,477
R+P+D,her2,50,-0.25234372588537873,50,0.02,3,477
R+P+D,luminal,50,-0.1670217988745819,50,0.02,2,477
R,basal,50,-0.5962224020021247,50,0.0,2,478
R,her2,50,-0.3585933335260853,50,0.04,8,478
R,luminal,50,-0.16292797122875477,50,0.06,1,478
R+P,basal,50,-0.27949932373675207,50,0.0,2,478
R+P,her2,50,-0.23760885495084558,50,0.02,2,478
R+P,luminal,50,-0.14480978149152773,50,0.04,0,478
R+D,basal,50,-0.6343734267414234,50,0.0,1,478
R+D,her2,50,-0.5495857575546348,50,0.04,10,478
R+D,luminal,50,-0.2969309826450861,50,0.04,1,478
R+P+D,basal,50,-0.4459297817945621,50,0.0,1,478
R+P+D,her2,50,-0.3494438000634442,50,0.02,6,478
R+P+D,luminal,50,-0.2924635164381373,50,0.04,2,478
R,basal,50,-0.5091252316083754,50,0.0,1,479
R,her2,50,-0.35877021985108337,50,0.02,8,479
R,luminal,50,-0.12656292537173364,50,0.04,2,479
R+P,basal,50,-0.3312867944199585,50,0.0,1,479
R+P,her2,50,-0.2760247162477545,50,0.0,3,479
R+P,luminal,50,-0.11237839523921239,50,0.04,1,479
R+D,basal,50,-0.6221779761880464,50,0.0,2,479
R+D,her2,50,-0.6095116581361809,50,0.04,11,479
R+D,luminal,50,-0.33032823624200086,50,0.04,2,479
R+P+D,basal,50,-0.48844077113186074,50,0.0,1,479
R+P+D,her2,50,-0.33406588183143543,50,0.02,6,479
R+P+D,luminal,50,-0.2628257713675877,50,0.04,1,479
R,basal,50,-0.5239512392942066,50,0.0,3,480
R,her2,50,-0.544120966047384,50,0.04,8,480
R,luminal,50,-0.14611746752568314,50,0.04,2,480
R+P,basal,50,-0.2619762217777758,50,0.0,3,480
R+P,her2,50,-0.20399935928888482,50,0.02,3,480
R+P,luminal,50,-0.15175544501050336,50,0.04,2,480
R+D,basal,50,-0.5321296224698233,50,0.0,0,480
R+D,her2,50,-0.4147342649738711,50,0.02,7,480
R+D,luminal,50,-0.3707184262248625,50,0.04,2,480
R+P+D,basal,50,-0.47791649257690183,50,0.0,0,480
R+P+D,her2,50,-0.23688374237027177,50,0.02,4,480
R+P+D,luminal,50,-0.27843953921542425,50,0.04,1,480
R,basal,50,-0.44195982091267283,50,0.0,0,481
R,her2,50,-0.6465946061282832,50,0.04,8,481
R,luminal,50,-0.10987155578994628,50,0.04,1,481
R+P,basal,50,-0.29292761070401013,50,0.0,1,481
R+P,her2,50,-0.3550639543934493,50,0.02,3,481
R+P,luminal,50,-0.08776273029978869,50,0.04,0,481
R+D,basal,50,-0.646557833701883,50,0.0,0,481
R+D,her2,50,-0.620486478119684,50,0.02,6,481
R+D,luminal,50,-0.33067891749650735,50,0.04,2,481
R+P+D,basal,50,-0.4589303271132386,50,0.0,0,481
R+P+D,her2,50,-0.349697601910989,50,0.02,4,481
R+P+D,luminal,50,-0.24770493348952816,50,0.04,1,481
R,basal,50,-0.38812387419138183,50,0.0,0,482
R,her2,50,-0.3430565319326543,50,0.02,4,482
R,luminal,50,-0.14131919770286266,50,0.04,4,482
R+P,basal,50,-0.2877840389997479,50,0.0,1,482
R+P,her2,50,-0.23096564756478372,50,0.02,1,482
R+P,luminal,50,-0.13568807892524462,50,0.04,2,482
R+D,basal,50,-0.6731563194842195,50,0.0,1,482
R+D,her2,50,-0.40913694791673,50,0.02,3,482
R+D,luminal,50,-0.3173828761193466,50,0.04,1,482
R+P+D,basal,50,-0.48929836207500854,50,0.0,0,482
R+P+D,her2,50,-0.3658767551244162,50,0.02,3,482
R+P+D,luminal,50,-0.2582947671665453,50,0.04,1,482
R,basal,50,-0.6575536848748372,50,0.0,1,483
R,her2,50,-0.41115957995811536,50,0.02,7,483
R,luminal,50,-0.17126150651226207,50,0.04,1,483
R+P,basal,50,-0.40092602033766284,50,0.0,3,483
R+P,her2,50,-0.3482737159815823,50,0.02,3,483
R+P,luminal,50,-0.15202719386871438,50,0.04,1,483
R+D,basal,50,-0.7493374524201175,50,0.0,2,483
R+D,her2,50,-0.5633087644475222,50,0.02,6,483
R+D,luminal,50,-0.35387778694120064,50,0.04,2,483
R+P+D,basal,50,-0.5447205459935588,50,0.0,2,483
R+P+D,her2,50,-0.5076151087585921,50,0.02,5,483
R+P+D,luminal,50,-0.2947027192440401,50,0.04,1,483
R,basal,50,-0.593841780810502,50,0.0,2,484
R,her2,50,-0.2771136665750026,50,0.02,6,484
R,luminal,50,-0.12404451378617243,50,0.04,1,484
R+P,basal,50,-0.4569119390502603,50,0.0,1,484
R+P,her2,50,-0.2350492979227618,50,0.02,4,484
R+P,luminal,50,-0.1185500961984195,50,0.04,1,484
R+D,basal,50,-0.6509043490938834,50,0.0,1,484
R+D,her2,50,-0.467938904535,50,0.02,9,484
R+D,luminal,50,-0.2536788460212559,50,0.04,0,484
R+P+D,basal,50,-0.5960183079506516,50,0.0,1,484
R+P+D,her2,50,-0.447195221929398,50,0.02,5,484
R+P+D,luminal,50,-0.15984839332575052,50,0.04,2,484
R,basal,50,-0.5864636041920465,50,0.0,1,485
R,her2,50,-0.29761493587742627,50,0.02,3,485
R,luminal,50,-0.17604875314255072,50,0.04,1,485
R+P,basal,50,-0.37557630208321,50,0.0,1,485
R+P,her2,50,-0.22573648109904149,50,0.02,2,485
R+P,luminal,50,-0.11891360984522185,50,0.04,1,485
R+D,basal,50,-0.6666516880196673,50,0.0,3,485
R+D,her2,50,-0.5189177822565544,50,0.04,6,485
R+D,luminal,50,-0.2985275403714398,50,0.02,2,485
R+P+D,basal,50,-0.6030909439850285,50,0.0,2,485
R+P+D,her2,50,-0.2852402769994111,50,0.02,4,485
R+P+D,luminal,50,-0.18201656428995033,50,0.02,1,485
R,basal,50,-0.5856617549867259,50,0.0,1,486
R,her2,50,-0.44953824457095864,50,0.04,9,486
R,luminal,50,-0.12635713489009726,50,0.04,1,486
R+P,basal,50,-0.32466570033719205,50,0.0,1,486
R+P,her2,50,-0.2907982380828037,50,0.02,4,486
R+P,luminal,50,-0.095125439868303,50,0.04,1,486
R+D,basal,50,-0.6804845219500558,50,0.0,2,486
R+D,her2,50,-0.6855325666434113,50,0.02,10,486
R+D,luminal,50,-0.3422347622820613,50,0.04,0,486
R+P+D,basal,50,-0.5240211623116295,50,0.0,0,486
R+P+D,her2,50,-0.36437398111782315,50,0.02,6,486
R+P+D,luminal,50,-0.3036274413284066,50,0.04,0,486
R,basal,50,-0.5143704389229532,50,0.0,0,487
R,her2,50,-0.49899114790532084,50,0.02,8,487
R,luminal,50,-0.10846939343418889,50,0.04,4,487
R+P,basal,50,-0.3408402820838831,50,0.0,1,487
R+P,her2,50,-0.32250675060274925,50,0.02,4,487
R+P,luminal,50,-0.10403639752506617,50,0.04,4,487
R+D,basal,50,-0.6651593215249793,50,0.0,1,487
R+D,her2,50,-0.5076782364839196,50,0.02,4,487
R+D,luminal,50,-0.2147275757162903,50,0.04,0,487
R+P+D,basal,50,-0.4121138189717821,50,0.0,1,487
R+P+D,her2,50,-0.3805910622336405,50,0.02,2,487
R+P+D,luminal,50,-0.2071158451182738,50,0.04,0,487
R,basal,50,-0.6002777717295548,50,0.0,0,488
R,her2,50,-0.3822294637441779,50,0.04,4,488
R,luminal,50,-0.11066158140746028,50,0.04,2,488
R+P,basal,50,-0.531008637116091,50,0.0,2,488
R+P,her2,50,-0.2874056947968716,50,0.02,1,488
R+P,luminal,50,-0.1376996833740685,50,0.06,2,488
R+D,basal,50,-0.7413256805621709,50,0.0,3,488
R+D,her2,50,-0.5345457998702235,50,0.04,5,488
R+D,luminal,50,-0.298195696167317,50,0.02,1,488
R+P+D,basal,50,-0.5601881930620091,50,0.0,1,488
R+P+D,her2,50,-0.3976464040505619,50,0.02,5,488
R+P+D,luminal,50,-0.19770010976420407,50,0.02,2,488
R,basal,50,-0.5063413500155146,50,0.0,1,489
R,her2,50,-0.3890723184125877,50,0.02,2,489
R,luminal,50,-0.10310755192732214,50,0.04,3,489
R+P,basal,50,-0.4164208670878971,50,0.0,3,489
R+P,her2,50,-0.3704822721028724,50,0.02,2,489
R+P,luminal,50,-0.09183062496423729,50,0.04,3,489
R+D,basal,50,-0.6737901514326385,50,0.0,0,489
R+D,her2,50,-0.4804564806700974,50,0.02,3,489
R+D,luminal,50,-0.22579221990966805,50,0.02,1,489
R+P+D,basal,50,-0.4819622216401925,50,0.0,1,489
R+P+D,her2,50,-0.4839719686494821,50,0.02,2,489
R+P+D,luminal,50,-0.256328300931913,50,0.02,1,489
R,basal,50,-0.4686470267127877,50,0.0,1,490
R,her2,50,-0.22999768709131024,50,0.02,5,490
R,luminal,50,-0.15561227038022693,50,0.04,2,490
R+P,basal,50,-0.3266254029895247,50,0.0,2,490
R+P,her2,50,-0.17672236384185716,50,0.02,2,490
R+P,luminal,50,-0.14538526345301267,50,0.02,3,490
R+D,basal,50,-0.5584375988286504,50,0.0,1,490
R+D,her2,50,-0.3987221133568035,50,0.02,7,490
R+D,luminal,50,-0.3539750773652894,50,0.04,3,490
R+P+D,basal,50,-0.4661104681996364,50,0.0,2,490
R+P+D,her2,50,-0.3063529117486283,50,0.02,5,490
R+P+D,luminal,50,-0.35853965665018295,50,0.04,3,490
R,basal,50,-0.6023244808678458,50,0.0,2,491
R,her2,50,-0.3560493708259309,50,0.02,7,491
R,luminal,50,-0.16075082926557,50,0.06,2,491
R+P,basal,50,-0.5643687165565173,50,0.0,2,491
R+P,her2,50,-0.33735959725377485,50,0.02,5,491
R+P,luminal,50,-0.1610737228096393,50,0.08,2,491
R+D,basal,50,-0.6672560990549036,50,0.0,2,491
R+D,her2,50,-0.5125367591173414,50,0.02,7,491
R+D,luminal,50,-0.2336673602065468,50,0.02,1,491
R+P+D,basal,50,-0.654993042819405,50,0.0,1,491
R+P+D,her2,50,-0.4840636671126707,50,0.02,6,491
R+P+D,luminal,50,-0.13424462123314437,50,0.02,1,491
R,basal,50,-0.5677743496759953,50,0.0,2,492
R,her2,50,-0.2517626848212217,50,0.02,5,492
R,luminal,50,-0.15699037937097512,50,0.04,3,492
R+P,basal,50,-0.402468777052648,50,0.0,2,492
R+P,her2,50,-0.2598165900848624,50,0.04,4,492
R+P,luminal,50,-0.1350849250770274,50,0.04,2,492
R+D,basal,50,-0.6078738353734336,50,0.0,1,492
R+D,her2,50,-0.3673291086863037,50,0.02,5,492
R+D,luminal,50,-0.2653047778592726,50,0.04,1,492
R+P+D,basal,50,-0.5213549072157297,50,0.0,2,492
R+P+D,her2,50,-0.366918039308839,50,0.02,5,492
R+P+D,luminal,50,-0.24307451515234088,50,0.04,1,492
R,basal,50,-0.6002103022688544,50,0.0,1,493
R,her2,50,-0.36941700212348044,50,0.02,6,493
R,luminal,50,-0.14691399470642866,50,0.04,2,493
R+P,basal,50,-0.3526427008314827,50,0.0,0,493
R+P,her2,50,-0.303376646559246,50,0.02,2,493
R+P,luminal,50,-0.18730760865005208,50,0.06,1,493
R+D,basal,50,-0.7044383454806016,50,0.0,2,493
R+D,her2,50,-0.4585887772860805,50,0.02,5,493
R+D,luminal,50,-0.3030601726560816,50,0.04,1,493
R+P+D,basal,50,-0.4753524116025761,50,0.0,1,493
R+P+D,her2,50,-0.3350998003313473,50,0.02,3,493
R+P+D,luminal,50,-0.2011636406048926,50,0.04,0,493
R,basal,50,-0.6900792422689663,50,0.0,4,494
R,her2,50,-0.4281461084138413,50,0.04,10,494
R,luminal,50,-0.11854709887573076,50,0.04,1,494
R+P,basal,50,-0.5306780400525999,50,0.0,2,494
R+P,her2,50,-0.1463980127135144,50,0.02,3,494
R+P,luminal,50,-0.09964069525553257,50,0.04,1,494
R+D,basal,50,-0.6617590516503438,50,0.0,1,494
R+D,her2,50,-0.5730702396956615,50,0.04,10,494
R+D,luminal,50,-0.21338981410391233,50,0.02,1,494
R+P+D,basal,50,-0.6179651504170015,50,0.0,2,494
R+P+D,her2,50,-0.1784573423333368,50,0.02,3,494
R+P+D,luminal,50,-0.2553182401959655,50,0.02,2,494
R,basal,50,-0.5684270559294098,50,0.0,1,495
R,her2,50,-0.37766355562751647,50,0.04,4,495
R,luminal,50,-0.19768191110058528,50,0.04,2,495
R+P,basal,50,-0.40477408709623325,50,0.0,2,495
R+P,her2,50,-0.3533748228807867,50,0.04,3,495
R+P,luminal,50,-0.16495464394742013,50,0.04,1,495
R+D,basal,50,-0.6889775811787708,50,0.0,1,495
R+D,her2,50,-0.46819316174658004,50,0.02,6,495
R+D,luminal,50,-0.4676506095918983,50,0.04,2,495
R+P+D,basal,50,-0.47347083539129686,50,0.0,1,495
R+P+D,her2,50,-0.4133835332082148,50,0.02,5,495
R+P+D,luminal,50,-0.3874487223237723,50,0.04,2,495
R,basal,50,-0.5523334002657472,50,0.0,2,496
R,her2,50,-0.2912845906113195,50,0.02,6,496
R,luminal,50,-0.1828695596354329,50,0.06,3,496
R+P,basal,50,-0.33319878681311577,50,0.0,1,496
R+P,her2,50,-0.371791178595975,50,0.02,5,496
R+P,luminal,50,-0.20540941153237685,50,0.06,1,496
R+D,basal,50,-0.6546889925865726,50,0.0,3,496
R+D,her2,50,-0.4712070350953265,50,0.02,7,496
R+D,luminal,50,-0.38155767328128865,50,0.02,0,496
R+P+D,basal,50,-0.4466643343884752,50,0.0,1,496
R+P+D,her2,50,-0.4668582155114669,50,0.02,4,496
R+P+D,luminal,50,-0.32595344602705223,50,0.02,0,496
R,basal,50,-0.5850678956203589,50,0.0,0,497
R,her2,50,-0.33448669169794243,50,0.04,6,497
R,luminal,50,-0.1752198969971362,50,0.06,2,497
R+P,basal,50,-0.22630739414141512,50,0.0,0,497
R+P,her2,50,-0.22455275846593975,50,0.02,3,497
R+P,luminal,50,-0.15841913877283412,50,0.06,1,497
R+D,basal,50,-0.6818433496688442,50,0.0,2,497
R+D,her2,50,-0.6075562058412769,50,0.04,9,497
R+D,luminal,50,-0.4995103696881539,50,0.06,2,497
R+P+D,basal,50,-0.30544898167507634,50,0.0,2,497
R+P+D,her2,50,-0.3764424383056914,50,0.02,4,497
R+P+D,luminal,50,-0.36233033799320274,50,0.06,2,497
R,basal,50,-0.6382645593572842,50,0.0,2,498
R,her2,50,-0.3228422746676342,50,0.04,8,498
R,luminal,50,-0.09910560145189264,50,0.04,1,498
R+P,basal,50,-0.32723265080565267,50,0.0,0,498
R+P,her2,50,-0.14552721204576885,50,0.02,4,498
R+P,luminal,50,-0.10230109271267473,50,0.06,1,498
R+D,basal,50,-0.6965667265899653,50,0.0,2,498
R+D,her2,50,-0.4577944081753007,50,0.04,7,498
R+D,luminal,50,-0.26901317917082135,50,0.02,0,498
R+P+D,basal,50,-0.5369055073860687,50,0.0,0,498
R+P+D,her2,50,-0.24248511158700148,50,0.02,6,498
R+P+D,luminal,50,-0.2947109199528596,50,0.02,2,498
R,basal,50,-0.5693193232144316,50,0.0,2,499
R,her2,50,-0.3794131624335044,50,0.04,7,499
R,luminal,50,-0.13845916656735166,50,0.04,1,499
R+P,basal,50,-0.4449550445564828,50,0.0,0,499
R+P,her2,50,-0.2165053909013569,50,0.02,4,499
R+P,luminal,50,-0.1368603865005551,50,0.04,1,499
R+D,basal,50,-0.5874081781526395,50,0.0,0,499
R+D,her2,50,-0.5021364164392876,50,0.02,9,499
R+D,luminal,50,-0.40531298511760816,50,0.02,2,499
R+P+D,basal,50,-0.5976323369467923,50,0.0,1,499
R+P+D,her2,50,-0.3538165605768027,50,0.02,4,499
R+P+D,luminal,50,-0.23540733437552838,50,0.02,2,499
R,basal,50,-0.36697781109068023,50,0.0,0,500
R,her2,50,-0.3733972779981947,50,0.02,7,500
R,luminal,50,-0.15167455376435077,50,0.04,4,500
R+P,basal,50,-0.4281055493666074,50,0.0,2,500
R+P,her2,50,-0.3700482015586827,50,0.02,2,500
R+P,luminal,50,-0.13312080446194435,50,0.04,3,500
R+D,basal,50,-0.6128833802857011,50,0.0,1,500
R+D,her2,50,-0.4027096941921534,50,0.02,4,500
R+D,luminal,50,-0.31295759997822736,50,0.04,2,500
R+P+D,basal,50,-0.4426064436401969,50,0.0,2,500
R+P+D,her2,50,-0.4802923092123232,50,0.02,4,500
R+P+D,luminal,50,-0.28038530460738437,50,0.04,2,500
R,basal,50,-0.5243420902766341,50,0.0,0,501
R,her2,50,-0.4162840109544989,50,0.04,10,501
R,luminal,50,-0.20705591834201845,50,0.06,2,501
R+P,basal,50,-0.22566221543324783,50,0.0,2,501
R+P,her2,50,-0.26441329154545634,50,0.02,4,501
R+P,luminal,50,-0.17292181841474139,50,0.06,2,501
R+D,basal,50,-0.6374636075837894,50,0.0,1,501
R+D,her2,50,-0.6510384659703273,50,0.04,12,501
R+D,luminal,50,-0.3568489871236805,50,0.04,2,501
R+P+D,basal,50,-0.3085611881156705,50,0.0,0,501
R+P+D,her2,50,-0.48159865529396123,50,0.02,7,501
R+P+D,luminal,50,-0.3521840424530178,50,0.04,2,501
R,basal,50,-0.7161858641200205,50,0.0,3,502
R,her2,50,-0.3752185894998953,50,0.04,6,502
R,luminal,50,-0.19281401360610534,50,0.04,1,502
R+P,basal,50,-0.3574968680030357,50,0.0,1,502
R+P,her2,50,-0.2999133660877179,50,0.02,4,502
R+P,luminal,50,-0.15008403442209828,50,0.06,2,502
R+D,basal,50,-0.7128307042930703,50,0.0,3,502
R+D,her2,50,-0.5715149492904144,50,0.04,11,502
R+D,luminal,50,-0.24560542678597982,50,0.04,1,502
R+P+D,basal,50,-0.49718523250156116,50,0.0,0,502
R+P+D,her2,50,-0.3086430497187851,50,0.02,6,502
R+P+D,luminal,50,-0.2555978527618427,50,0.04,1,502
R,basal,50,-0.5180161879484833,50,0.0,2,503
R,her2,50,-0.3965985849407605,50,0.02,7,503
R,luminal,50,-0.15228740505991994,50,0.08,3,503
R+P,basal,50,-0.221692686011749,50,0.0,2,503
R+P,her2,50,-0.2734277717504862,50,0.02,4,503
R+P,luminal,50,-0.15680406052889595,50,0.06,1,503
R+D,basal,50,-0.611341912794582,50,0.0,1,503
R+D,her2,50,-0.5315202738783479,50,0.02,6,503
R+D,luminal,50,-0.3243123049575184,50,0.04,0,503
R+P+D,basal,50,-0.47702400556306396,50,0.0,0,503
R+P+D,her2,50,-0.507692209552962,50,0.04,4,503
R+P+D,luminal,50,-0.3092925587729009,50,0.06,1,503
R,basal,50,-0.5241666249835127,50,0.0,0,504
R,her2,50,-0.25277516691057667,50,0.02,5,504
R,luminal,50,-0.1667958390624684,50,0.04,2,504
R+P,basal,50,-0.3802447091357832,50,0.0,0,504
R+P,her2,50,-0.1536315374104114,50,0.02,2,504
R+P,luminal,50,-0.13476770067829358,50,0.04,1,504
R+D,basal,50,-0.6357049599308242,50,0.0,0,504
R+D,her2,50,-0.39554613719012627,50,0.02,6,504
R+D,luminal,50,-0.2749218629778162,50,0.04,1,504
R+P+D,basal,50,-0.5041732914585887,50,0.0,1,504
R+P+D,her2,50,-0.2696514255490917,50,0.02,3,504
R+P+D,luminal,50,-0.21265046263246343,50,0.04,0,504
R,basal,50,-0.7298291013139617,50,0.0,3,505
R,her2,50,-0.439909074176368,50,0.02,7,505
R,luminal,50,-0.12500877328782242,50,0.06,3,505
R+P,basal,50,-0.5773717672246055,50,0.0,4,505
R+P,her2,50,-0.24257593990352277,50,0.02,3,505
R+P,luminal,50,-0.11599557356311645,50,0.04,2,505
R+D,basal,50,-0.6865517401777305,50,0.0,2,505
R+D,her2,50,-0.3943847883199615,50,0.02,6,505
R+D,luminal,50,-0.16945482254540947,50,0.02,0,505
R+P+D,basal,50,-0.5525122929931553,50,0.0,2,505
R+P+D,her2,50,-0.30608274647274486,50,0.02,4,505
R+P+D,luminal,50,-0.1688527493393189,50,0.02,1,505
R,basal,50,-0.5212326317977819,50,0.0,2,506
R,her2,50,-0.3551633360654143,50,0.0,3,506
R,luminal,50,-0.12919607131214092,50,0.06,1,506
R+P,basal,50,-0.40508409555423924,50,0.0,0,506
R+P,her2,50,-0.17856433691652196,50,0.02,2,506
R+P,luminal,50,-0.15010861367966136,50,0.06,2,506
R+D,basal,50,-0.6100683622092322,50,0.0,1,506
R+D,her2,50,-0.5533185834082932,50,0.02,7,506
R+D,luminal,50,-0.31159132619776775,50,0.02,0,506
R+P+D,basal,50,-0.5219812933177308,50,0.0,1,506
R+P+D,her2,50,-0.26342529098830236,50,0.02,5,506
R+P+D,luminal,50,-0.2589273668587365,50,0.02,0,506
R,basal,50,-0.6275698847797565,50,0.0,2,507
R,her2,50,-0.2992547918669926,50,0.0,4,507
R,luminal,50,-0.15984676285090477,50,0.06,2,507
R+P,basal,50,-0.3985247866964488,50,0.0,1,507
R+P,her2,50,-0.1799224568991151,50,0.0,3,507
R+P,luminal,50,-0.11633500472822304,50,0.06,0,507
R+D,basal,50,-0.6197438380157025,50,0.0,2,507
R+D,her2,50,-0.49538636736860847,50,0.02,6,507
R+D,luminal,50,-0.32692484148157036,50,0.04,0,507
R+P+D,basal,50,-0.530752891844142,50,0.0,2,507
R+P+D,her2,50,-0.43647973879035507,50,0.02,3,507
R+P+D,luminal,50,-0.31115176590889443,50,0.04,1,507
R,basal,50,-0.37444131382603696,50,0.0,0,508
R,her2,50,-0.2096271629026343,50,0.02,5,508
R,luminal,50,-0.15082734659456754,50,0.04,2,508
R+P,basal,50,-0.462154796781626,50,0.0,1,508
R+P,her2,50,-0.17586392964573336,50,0.02,4,508
R+P,luminal,50,-0.12765156528036598,50,0.04,1,508
R+D,basal,50,-0.624678752678848,50,0.0,3,508
R+D,her2,50,-0.4223166402282569,50,0.02,5,508
R+D,luminal,50,-0.40192300716323315,50,0.04,2,508
R+P+D,basal,50,-0.6451395567770113,50,0.0,3,508
R+P+D,her2,50,-0.3257049358040742,50,0.02,4,508
R+P+D,luminal,50,-0.280721411213138,50,0.04,1,508
R,basal,50,-0.5583476366143286,50,0.0,3,509
R,her2,50,-0.4104343415055067,50,0.04,8,509
R,luminal,50,-0.16846461756210104,50,0.04,1,509
R+P,basal,50,-0.5754017084997514,50,0.0,3,509
R+P,her2,50,-0.26869185484939045,50,0.02,4,509
R+P,luminal,50,-0.158801262006349,50,0.06,2,509
R+D,basal,50,-0.6728550102501256,50,0.0,1,509
R+D,her2,50,-0.4477247444781534,50,0.02,5,509
R+D,luminal,50,-0.35018764814935316,50,0.04,2,509
R+P+D,basal,50,-0.6046074114312221,50,0.0,3,509
R+P+D,her2,50,-0.3596601847663201,50,0.02,3,509
R+P+D,luminal,50,-0.23611989028565739,50,0.04,1,509
R,basal,50,-0.46679215127952234,50,0.0,1,510
R,her2,50,-0.27238792767296377,50,0.02,6,510
R,luminal,50,-0.14679091464868443,50,0.04,2,510
R+P,basal,50,-0.5221982875673428,50,0.0,3,510
R+P,her2,50,-0.2422266052008273,50,0.02,2,510
R+P,luminal,50,-0.15065391717463736,50,0.04,1,510
R+D,basal,50,-0.7067276289775493,50,0.0,2,510
R+D,her2,50,-0.37220043562372057,50,0.02,5,510
R+D,luminal,50,-0.2932645513915816,50,0.04,3,510
R+P+D,basal,50,-0.5743949515428826,50,0.0,2,510
R+P+D,her2,50,-0.27851065244879253,50,0.02,3,510
R+P+D,luminal,50,-0.23637486544511774,50,0.04,3,510
R,basal,50,-0.6080861950559636,50,0.0,1,511
R,her2,50,-0.21461113876073817,50,0.02,4,511
R,luminal,50,-0.2103688551839983,50,0.04,2,511
R+P,basal,50,-0.5578932072926147,50,0.0,3,511
R+P,her2,50,-0.21339654846081885,50,0.02,4,511
R+P,luminal,50,-0.1773758965532701,50,0.06,3,511
R+D,basal,50,-0.6373777708585938,50,0.0,3,511
R+D,her2,50,-0.37311700371950024,50,0.02,8,511
R+D,luminal,50,-0.43058650894193434,50,0.04,1,511
R+P+D,basal,50,-0.542734352784886,50,0.0,3,511
R+P+D,her2,50,-0.3111538123183723,50,0.04,7,511
R+P+D,luminal,50,-0.3140255203189089,50,0.04,2,511
R,basal,50,-0.4544367541588999,50,0.0,1,512
R,her2,50,-0.39627625604935524,50,0.02,9,512
R,luminal,50,-0.1508032023708142,50,0.04,1,512
R+P,basal,50,-0.38441448777966675,50,0.0,1,512
R+P,her2,50,-0.33081408670796364,50,0.04,4,512
R+P,luminal,50,-0.09933126051385567,50,0.04,2,512
R+D,basal,50,-0.6524236666612928,50,0.0,5,512
R+D,her2,50,-0.5209697332362808,50,0.02,6,512
R+D,luminal,50,-0.3678952198070633,50,0.04,1,512
R+P+D,basal,50,-0.5894126538136824,50,0.0,2,512
R+P+D,her2,50,-0.37561951394585846,50,0.02,4,512
R+P+D,luminal,50,-0.2599283983605714,50,0.04,2,512
R,basal,50,-0.5133102936055632,50,0.0,2,513
R,her2,50,-0.5700086330703737,50,0.04,8,513
R,luminal,50,-0.09664312008941048,50,0.04,1,513
R+P,basal,50,-0.4591655327416128,50,0.0,2,513
R+P,her2,50,-0.3428056515489037,50,0.02,2,513
R+P,luminal,50,-0.12088762001990931,50,0.04,3,513
R+D,basal,50,-0.6111708942220049,50,0.0,2,513
R+D,her2,50,-0.6468232575547331,50,0.02,5,513
R+D,luminal,50,-0.29952757751116565,50,0.02,1,513
R+P+D,basal,50,-0.53699005238085,50,0.0,2,513
R+P+D,her2,50,-0.5396100525486454,50,0.02,3,513
R+P+D,luminal,50,-0.16380870821156457,50,0.02,1,513
R,basal,50,-0.474512792202201,50,0.0,1,514
R,her2,50,-0.3463105442803373,50,0.04,8,514
R,luminal,50,-0.11335022130470708,50,0.04,1,514
R+P,basal,50,-0.3999384670305893,50,0.0,1,514
R+P,her2,50,-0.14105757678541253,50,0.02,3,514
R+P,luminal,50,-0.14358302618406998,50,0.06,3,514
R+D,basal,50,-0.6316237321950003,50,0.0,0,514
R+D,her2,50,-0.49492529752748593,50,0.02,9,514
R+D,luminal,50,-0.32514514131906985,50,0.04,2,514
R+P+D,basal,50,-0.4899797281055081,50,0.0,0,514
R+P+D,her2,50,-0.3396637219326743,50,0.02,6,514
R+P+D,luminal,50,-0.3403017396374024,50,0.06,3,514
R,basal,50,-0.5994839535349816,50,0.0,4,515
R,her2,50,-0.24585440765201427,50,0.02,2,515
R,luminal,50,-0.15498156712800087,50,0.04,2,515
R+P,basal,50,-0.4810518180870048,50,0.0,4,515
R+P,her2,50,-0.24025550717646826,50,0.04,3,515
R+P,luminal,50,-0.12406215853260505,50,0.04,1,515
R+D,basal,50,-0.5782923579945843,50,0.0,2,515
R+D,her2,50,-0.364861203910915,50,0.02,4,515
R+D,luminal,50,-0.4126670973070613,50,0.04,1,515
R+P+D,basal,50,-0.6454212763628346,50,0.0,2,515
R+P+D,her2,50,-0.3416320526102789,50,0.02,2,515
R+P+D,luminal,50,-0.35048476318231275,50,0.04,1,515
R,basal,50,-0.6207622719300281,50,0.0,1,516
R,her2,50,-0.24715851450315504,50,0.02,6,516
R,luminal,50,-0.16613739998111576,50,0.04,2,516
R+P,basal,50,-0.40447344717639766,50,0.0,2,516
R+P,her2,50,-0.34566308144224983,50,0.04,1,516
R+P,luminal,50,-0.1465284764981314,50,0.04,0,516
R+D,basal,50,-0.7450778289009022,50,0.0,0,516
R+D,her2,50,-0.4109259927688902,50,0.02,5,516
R+D,luminal,50,-0.29083397989045745,50,0.04,2,516
R+P+D,basal,50,-0.5150016713546041,50,0.0,2,516
R+P+D,her2,50,-0.4206038845304568,50,0.02,5,516
R+P+D,luminal,50,-0.30673855946889245,50,0.04,2,516
R,basal,50,-0.6537243924249811,50,0.0,2,517
R,her2,50,-0.28775761232368824,50,0.04,5,517
R,luminal,50,-0.12788961057010498,50,0.06,4,517
R+P,basal,50,-0.33904507635895526,50,0.0,1,517
R+P,her2,50,-0.1622805617529259,50,0.02,5,517
R+P,luminal,50,-0.14899488686851797,50,0.06,3,517
R+D,basal,50,-0.6984936391686486,50,0.0,1,517
R+D,her2,50,-0.5329965418530925,50,0.04,7,517
R+D,luminal,50,-0.31067592960764623,50,0.02,1,517
R+P+D,basal,50,-0.5241011251050908,50,0.0,1,517
R+P+D,her2,50,-0.3407157235613594,50,0.02,4,517
R+P+D,luminal,50,-0.23234888926403977,50,0.04,2,517
R,basal,50,-0.5929985509920666,50,0.0,3,518
R,her2,50,-0.2680447008826784,50,0.02,5,518
R,luminal,50,-0.1427013138308287,50,0.04,3,518
R+P,basal,50,-0.4724004365659081,50,0.0,2,518
R+P,her2,50,-0.1805603889523929,50,0.02,2,518
R+P,luminal,50,-0.1312648191912784,50,0.04,1,518
R+D,basal,50,-0.702700408963913,50,0.0,3,518
R+D,her2,50,-0.42041149866768956,50,0.02,6,518
R+D,luminal,50,-0.3002732772289385,50,0.04,1,518
R+P+D,basal,50,-0.4825644571451616,50,0.0,2,518
R+P+D,her2,50,-0.38937368817036955,50,0.02,5,518
R+P+D,luminal,50,-0.2840567257402063,50,0.04,1,518
R,basal,50,-0.6930365961012158,50,0.0,1,519
R,her2,50,-0.33602097775814843,50,0.02,9,519
R,luminal,50,-0.13687398494754335,50,0.04,1,519
R+P,basal,50,-0.6089379661328034,50,0.0,2,519
R+P,her2,50,-0.1571266571634242,50,0.02,1,519
R+P,luminal,50,-0.14143753098139766,50,0.04,1,519
R+D,basal,50,-0.6968320275765306,50,0.0,3,519
R+D,her2,50,-0.406819538199322,50,0.02,7,519
R+D,luminal,50,-0.39189450356989025,50,0.04,2,519
R+P+D,basal,50,-0.6140944867509563,50,0.0,3,519
R+P+D,her2,50,-0.29727214009897973,50,0.02,4,519
R+P+D,luminal,50,-0.29339235735857305,50,0.04,2,519
R,basal,50,-0.670293702856357,50,0.0,1,520
R,her2,50,-0.2473358885425743,50,0.02,6,520
R,luminal,50,-0.1149428459261644,50,0.04,1,520
R+P,basal,50,-0.4829544373223441,50,0.0,2,520
R+P,her2,50,-0.2671097942510076,50,0.04,4,520
R+P,luminal,50,-0.11707993162071277,50,0.04,1,520
R+D,basal,50,-0.7805462786288087,50,0.0,2,520
R+D,her2,50,-0.460060841487018,50,0.02,7,520
R+D,luminal,50,-0.29368817034387384,50,0.04,2,520
R+P+D,basal,50,-0.6389118603551445,50,0.0,2,520
R+P+D,her2,50,-0.28875767676764696,50,0.02,4,520
R+P+D,luminal,50,-0.2525502801869812,50,0.04,2,520
R,basal,50,-0.5163695119928604,50,0.0,2,521
R,her2,50,-0.26334633027050236,50,0.02,4,521
R,luminal,50,-0.10623288297796236,50,0.04,1,521
R+P,basal,50,-0.36037786416804785,50,0.0,2,521
R+P,her2,50,-0.2482292632017834,50,0.02,3,521
R+P,luminal,50,-0.153857290639898,50,0.06,1,521
R+D,basal,50,-0.5105146005363673,50,0.0,1,521
R+D,her2,50,-0.5836304095713435,50,0.02,8,521
R+D,luminal,50,-0.31100801969288194,50,0.04,0,521
R+P+D,basal,50,-0.5502134858389959,50,0.0,2,521
R+P+D,her2,50,-0.3338800141984885,50,0.02,6,521
R+P+D,luminal,50,-0.25302461513018637,50,0.04,1,521
R,basal,50,-0.5796521893046291,50,0.0,1,522
R,her2,50,-0.2580288312345207,50,0.02,4,522
R,luminal,50,-0.12436928036767238,50,0.04,2,522
R+P,basal,50,-0.3704040610147284,50,0.0,2,522
R+P,her2,50,-0.18134545088652312,50,0.02,4,522
R+P,luminal,50,-0.12383330149466974,50,0.04,2,522
R+D,basal,50,-0.761989322652604,50,0.0,1,522
R+D,her2,50,-0.38964424538162695,50,0.02,7,522
R+D,luminal,50,-0.23920972440064794,50,0.02,0,522
R+P+D,basal,50,-0.46400200382944,50,0.0,1,522
R+P+D,her2,50,-0.25860437031541517,50,0.02,5,522
R+P+D,luminal,50,-0.308935189722728,50,0.02,0,522
R,basal,50,-0.7366012711729116,50,0.0,3,523
R,her2,50,-0.39437903101375105,50,0.02,9,523
R,luminal,50,-0.1377725624214311,50,0.04,2,523
R+P,basal,50,-0.3718074232519735,50,0.0,3,523
R+P,her2,50,-0.34700105719836044,50,0.02,4,523
R+P,luminal,50,-0.11981747389926531,50,0.04,0,523
R+D,basal,50,-0.5881834934131078,50,0.0,1,523
R+D,her2,50,-0.3570136980696452,50,0.02,4,523
R+D,luminal,50,-0.35410281313967323,50,0.04,2,523
R+P+D,basal,50,-0.4715056830087326,50,0.0,3,523
R+P+D,her2,50,-0.37639285213269763,50,0.02,3,523
R+P+D,luminal,50,-0.28536485024997194,50,0.04,2,523
R,basal,50,-0.4900688004547674,50,0.0,2,524
R,her2,50,-0.28914644573995973,50,0.02,8,524
R,luminal,50,-0.1844715455417109,50,0.04,2,524
R+P,basal,50,-0.3324282253142678,50,0.0,3,524
R+P,her2,50,-0.21067748107657253,50,0.02,4,524
R+P,luminal,50,-0.18733739639252067,50,0.06,2,524
R+D,basal,50,-0.7471548232886717,50,0.0,3,524
R+D,her2,50,-0.4977667402072148,50,0.02,7,524
R+D,luminal,50,-0.36042798853930885,50,0.04,0,524
R+P+D,basal,50,-0.553041560065044,50,0.0,3,524
R+P+D,her2,50,-0.3613156545467487,50,0.02,5,524
R+P+D,luminal,50,-0.3223731850830996,50,0.04,0,524
R,basal,50,-0.642406595264325,50,0.0,2,525
R,her2,50,-0.4576300487280608,50,0.04,7,525
R,luminal,50,-0.11360825905176292,50,0.04,3,525
R+P,basal,50,-0.4026510305623002,50,0.0,0,525
R+P,her2,50,-0.3219143548084131,50,0.02,5,525
R+P,luminal,50,-0.1280318055889673,50,0.04,2,525
R+D,basal,50,-0.7452660143893385,50,0.0,2,525
R+D,her2,50,-0.4246755473666169,50,0.04,6,525
R+D,luminal,50,-0.3336487132600997,50,0.04,2,525
R+P+D,basal,50,-0.6619785580235786,50,0.0,0,525
R+P+D,her2,50,-0.5114038862382738,50,0.02,7,525
R+P+D,luminal,50,-0.25667785006262256,50,0.04,1,525
R,basal,50,-0.558266176133533,50,0.0,3,526
R,her2,50,-0.5040192795181937,50,0.02,6,526
R,luminal,50,-0.12258228775322422,50,0.04,3,526
R+P,basal,50,-0.21487248217671823,50,0.0,1,526
R+P,her2,50,-0.4369466628352143,50,0.02,5,526
R+P,luminal,50,-0.13392405025172807,50,0.06,4,526
R+D,basal,50,-0.6022076113534349,50,0.0,2,526
R+D,her2,50,-0.5452841737752101,50,0.02,5,526
R+D,luminal,50,-0.23723751678161786,50,0.04,1,526
R+P+D,basal,50,-0.4317883393232277,50,0.0,1,526
R+P+D,her2,50,-0.4969898814573663,50,0.02,4,526
R+P+D,luminal,50,-0.23666388111085696,50,0.04,1,526
R,basal,50,-0.5592080187918803,50,0.0,2,527
R,her2,50,-0.5627369904160388,50,0.02,7,527
R,luminal,50,-0.14275949994895237,50,0.06,3,527
R+P,basal,50,-0.20913078131914062,50,0.0,2,527
R+P,her2,50,-0.3355680181990103,50,0.0,3,527
R+P,luminal,50,-0.10505797733726105,50,0.04,1,527
R+D,basal,50,-0.5193018995035902,50,0.0,2,527
R+D,her2,50,-0.6406420532304378,50,0.04,8,527
R+D,luminal,50,-0.28011498418422914,50,0.02,1,527
R+P+D,basal,50,-0.28042565046842577,50,0.0,1,527
R+P+D,her2,50,-0.43797334027436335,50,0.02,2,527
R+P+D,luminal,50,-0.3048023913686506,50,0.02,1,527
R,basal,50,-0.4545346040973031,50,0.0,0,528
R,her2,50,-0.3010035183780052,50,0.02,9,528
R,luminal,50,-0.15712538240630777,50,0.04,2,528
R+P,basal,50,-0.3181142626457442,50,0.0,2,528
R+P,her2,50,-0.2950809683891798,50,0.02,4,528
R+P,luminal,50,-0.10777227844336074,50,0.04,2,528
R+D,basal,50,-0.6132575108571572,50,0.0,2,528
R+D,her2,50,-0.3779632100622075,50,0.02,5,528
R+D,luminal,50,-0.24129068099703846,50,0.04,1,528
R+P+D,basal,50,-0.30511031696211405,50,0.0,0,528
R+P+D,her2,50,-0.46922370423602433,50,0.02,4,528
R+P+D,luminal,50,-0.23216054024956012,50,0.04,0,528
R,basal,50,-0.484248932722791,50,0.0,3,529
R,her2,50,-0.320910297708785,50,0.02,4,529
R,luminal,50,-0.11101204857288867,50,0.04,3,529
R+P,basal,50,-0.37193571355504773,50,0.0,3,529
R+P,her2,50,-0.42734719521403847,50,0.02,3,529
R+P,luminal,50,-0.15799759348652567,50,0.04,2,529
R+D,basal,50,-0.6201439585255629,50,0.0,1,529
R+D,her2,50,-0.4914874901186741,50,0.02,4,529
R+D,luminal,50,-0.3171576709975229,50,0.04,3,529
R+P+D,basal,50,-0.4339220045323304,50,0.0,1,529
R+P+D,her2,50,-0.4253881248231449,50,0.02,4,529
R+P+D,luminal,50,-0.30199336593085035,50,0.04,2,529
R,basal,50,-0.48325471524024927,50,0.0,1,530
R,her2,50,-0.4120793761186499,50,0.02,3,530
R,luminal,50,-0.16985876893151275,50,0.04,1,530
R+P,basal,50,-0.2531796305560026,50,0.0,1,530
R+P,her2,50,-0.2778029640258834,50,0.02,4,530
R+P,luminal,50,-0.1622182505442959,50,0.04,3,530
R+D,basal,50,-0.6944961573038517,50,0.0,3,530
R+D,her2,50,-0.4990665270905368,50,0.02,2,530
R+D,luminal,50,-0.28551489817077974,50,0.04,0,530
R+P+D,basal,50,-0.5147871234629728,50,0.0,1,530
R+P+D,her2,50,-0.4325180448153654,50,0.02,5,530
R+P+D,luminal,50,-0.15033563769266112,50,0.04,1,530
R,basal,50,-0.594026743546959,50,0.0,1,531
R,her2,50,-0.2832167714518195,50,0.02,9,531
R,luminal,50,-0.1665042949358321,50,0.06,3,531
R+P,basal,50,-0.38276445763462,50,0.0,2,531
R+P,her2,50,-0.23154284009705906,50,0.02,4,531
R+P,luminal,50,-0.20591748345642283,50,0.06,3,531
R+D,basal,50,-0.7401166852220443,50,0.0,1,531
R+D,her2,50,-0.42373676709769725,50,0.02,6,531
R+D,luminal,50,-0.3196734993897725,50,0.04,0,531
R+P+D,basal,50,-0.37990857779596715,50,0.0,2,531
R+P+D,her2,50,-0.32958604497846294,50,0.02,4,531
R+P+D,luminal,50,-0.3096872909296212,50,0.06,1,531
R,basal,50,-0.593913423720178,50,0.0,0,532
R,her2,50,-0.2144046585474496,50,0.02,7,532
R,luminal,50,-0.17337755853080808,50,0.04,1,532
R+P,basal,50,-0.4117876360164346,50,0.0,1,532
R+P,her2,50,-0.20457872266246316,50,0.02,4,532
R+P,luminal,50,-0.14073553883269793,50,0.04,2,532
R+D,basal,50,-0.5719064858485402,50,0.0,0,532
R+D,her2,50,-0.45709820660228656,50,0.02,6,532
R+D,luminal,50,-0.3480882290894379,50,0.02,1,532
R+P+D,basal,50,-0.5698053124459208,50,0.0,0,532
R+P+D,her2,50,-0.29458350393680777,50,0.02,4,532
R+P+D,luminal,50,-0.24480874468338443,50,0.02,1,532
R,basal,50,-0.5400073342316201,50,0.0,1,533
R,her2,50,-0.41187808400393516,50,0.04,6,533
R,luminal,50,-0.07849787984119799,50,0.02,2,533
R+P,basal,50,-0.3271070382456662,50,0.0,3,533
R+P,her2,50,-0.32448689673260506,50,0.02,3,533
R+P,luminal,50,-0.1458950538984967,50,0.06,3,533
R+D,basal,50,-0.5358236221236355,50,0.0,1,533
R+D,her2,50,-0.5910060893380255,50,0.02,5,533
R+D,luminal,50,-0.2623562838699984,50,0.02,1,533
R+P+D,basal,50,-0.3704175724591055,50,0.0,1,533
R+P+D,her2,50,-0.5195772053517952,50,0.02,4,533
R+P+D,luminal,50,-0.25879411806306263,50,0.02,1,533
R,basal,50,-0.6256312813141922,50,0.0,2,534
R,her2,50,-0.30602160103866877,50,0.04,6,534
R,luminal,50,-0.14610043679438803,50,0.06,1,534
R+P,basal,50,-0.31007562580313797,50,0.0,2,534
R+P,her2,50,-0.2513738565950207,50,0.02,3,534
R+P,luminal,50,-0.14673752745166005,50,0.06,0,534
R+D,basal,50,-0.5934783981360384,50,0.0,1,534
R+D,her2,50,-0.5789903553019158,50,0.02,6,534
R+D,luminal,50,-0.2472802536607881,50,0.04,0,534
R+P+D,basal,50,-0.38279725874747916,50,0.0,0,534
R+P+D,her2,50,-0.35391139817530504,50,0.02,3,534
R+P+D,luminal,50,-0.22220007434104283,50,0.04,0,534
R,basal,50,-0.4242071057143565,50,0.0,1,535
R,her2,50,-0.4130799477590881,50,0.04,8,535
R,luminal,50,-0.15514738543908085,50,0.04,1,535
R+P,basal,50,-0.35374605712582585,50,0.0,1,535
R+P,her2,50,-0.3029446991661147,50,0.02,3,535
R+P,luminal,50,-0.177347029102359,50,0.04,2,535
R+D,basal,50,-0.6141796844068383,50,0.0,0,535
R+D,her2,50,-0.5423865741221013,50,0.02,8,535
R+D,luminal,50,-0.37020148842661277,50,0.04,2,535
R+P+D,basal,50,-0.5421112135000754,50,0.0,2,535
R+P+D,her2,50,-0.394231977377345,50,0.02,6,535
R+P+D,luminal,50,-0.29542985518013753,50,0.04,1,535
R,basal,50,-0.6586278851391686,50,0.0,1,536
R,her2,50,-0.2988984134715745,50,0.04,5,536
R,luminal,50,-0.1137112532571911,50,0.04,2,536
R+P,basal,50,-0.43016659820882014,50,0.0,1,536
R+P,her2,50,-0.1720086984201963,50,0.02,3,536
R+P,luminal,50,-0.1512624185792275,50,0.06,2,536
R+D,basal,50,-0.6648850403617494,50,0.0,2,536
R+D,her2,50,-0.46846639107660965,50,0.02,6,536
R+D,luminal,50,-0.3738107416042336,50,0.04,0,536
R+P+D,basal,50,-0.5673845122123076,50,0.0,1,536
R+P+D,her2,50,-0.32109301577241667,50,0.02,5,536
R+P+D,luminal,50,-0.22676391686622702,50,0.04,1,536
R,basal,50,-0.6166616894506817,50,0.0,2,537
R,her2,50,-0.4264972157029034,50,0.04,7,537
R,luminal,50,-0.13676099051920254,50,0.04,3,537
R+P,basal,50,-0.5083159701684146,50,0.0,2,537
R+P,her2,50,-0.18806833876372006,50,0.02,4,537
R+P,luminal,50,-0.1347532798218429,50,0.04,1,537
R+D,basal,50,-0.6847670381722635,50,0.0,3,537
R+D,her2,50,-0.4066742602305319,50,0.02,6,537
R+D,luminal,50,-0.36655371666282427,50,0.04,1,537
R+P+D,basal,50,-0.6272563765372657,50,0.0,4,537
R+P+D,her2,50,-0.32606906607665354,50,0.02,4,537
R+P+D,luminal,50,-0.32272532451227653,50,0.04,2,537
R,basal,50,-0.6518023449590956,50,0.0,1,538
R,her2,50,-0.3683256699854079,50,0.02,7,538
R,luminal,50,-0.14995934411663542,50,0.04,2,538
R+P,basal,50,-0.44478265945794104,50,0.0,2,538
R+P,her2,50,-0.33482194307597046,50,0.04,4,538
R+P,luminal,50,-0.13100049004085113,50,0.06,3,538
R+D,basal,50,-0.7080627597426254,50,0.0,3,538
R+D,her2,50,-0.4288947708736132,50,0.02,7,538
R+D,luminal,50,-0.22470857296118976,50,0.04,0,538
R+P+D,basal,50,-0.7531341331717032,50,0.0,3,538
R+P+D,her2,50,-0.2736246267297211,50,0.02,4,538
R+P+D,luminal,50,-0.18170562804469498,50,0.04,0,538
R,basal,50,-0.40250728448347833,50,0.0,1,539
R,her2,50,-0.31005130918952273,50,0.04,6,539
R,luminal,50,-0.14896423361946998,50,0.04,2,539
R+P,basal,50,-0.29252755635149164,50,0.0,1,539
R+P,her2,50,-0.24022652332084646,50,0.04,4,539
R+P,luminal,50,-0.12491762370357491,50,0.04,1,539
R+D,basal,50,-0.6767203980095395,50,0.0,1,539
R+D,her2,50,-0.4204260636501763,50,0.02,2,539
R+D,luminal,50,-0.3589972107113939,50,0.02,2,539
R+P+D,basal,50,-0.43829950808663853,50,0.0,1,539
R+P+D,her2,50,-0.3266778568872728,50,0.02,3,539
R+P+D,luminal,50,-0.3137087977928883,50,0.02,1,539
R,basal,50,-0.5893953545586235,50,0.0,0,540
R,her2,50,-0.34264121152354066,50,0.04,6,540
R,luminal,50,-0.14053637527729668,50,0.04,1,540
R+P,basal,50,-0.4800758339530355,50,0.0,1,540
R+P,her2,50,-0.27193536683281494,50,0.02,3,540
R+P,luminal,50,-0.11444163215544774,50,0.04,1,540
R+D,basal,50,-0.6694284436045579,50,0.0,0,540
R+D,her2,50,-0.43132970757112493,50,0.02,5,540
R+D,luminal,50,-0.31263019645826295,50,0.04,2,540
R+P+D,basal,50,-0.5751936975100932,50,0.0,1,540
R+P+D,her2,50,-0.3721572720965425,50,0.02,4,540
R+P+D,luminal,50,-0.2817708974700874,50,0.04,2,540
R,basal,50,-0.5311121978496884,50,0.0,0,541
R,her2,50,-0.3787276993970622,50,0.02,6,541
R,luminal,50,-0.12848726310721376,50,0.04,2,541
R+P,basal,50,-0.23198280348922798,50,0.0,0,541
R+P,her2,50,-0.3668439423419806,50,0.02,3,541
R+P,luminal,50,-0.18711502034871205,50,0.04,1,541
R+D,basal,50,-0.6218288306872519,50,0.0,3,541
R+D,her2,50,-0.6035119876272625,50,0.02,8,541
R+D,luminal,50,-0.21422648511543238,50,0.04,0,541
R+P+D,basal,50,-0.4872663438503391,50,0.0,0,541
R+P+D,her2,50,-0.44696115412198223,50,0.02,4,541
R+P+D,luminal,50,-0.2482572730587299,50,0.04,0,541
R,basal,50,-0.5704676637270277,50,0.0,2,542
R,her2,50,-0.30786946823738165,50,0.02,3,542
R,luminal,50,-0.16466293773167615,50,0.04,1,542
R+P,basal,50,-0.32809389192503885,50,0.0,2,542
R+P,her2,50,-0.26489252898586324,50,0.02,2,542
R+P,luminal,50,-0.17033980669345689,50,0.04,2,542
R+D,basal,50,-0.5887561274732958,50,0.0,0,542
R+D,her2,50,-0.33400514652710245,50,0.02,4,542
R+D,luminal,50,-0.2522704087071394,50,0.02,1,542
R+P+D,basal,50,-0.5353442996977923,50,0.0,1,542
R+P+D,her2,50,-0.2623634387073134,50,0.02,3,542
R+P+D,luminal,50,-0.23570477111616256,50,0.02,2,542
R,basal,50,-0.6325620719861866,50,0.0,0,543
R,her2,50,-0.36673622243252196,50,0.04,9,543
R,luminal,50,-0.11614670232302551,50,0.06,1,543
R+P,basal,50,-0.3630923754293331,50,0.0,1,543
R+P,her2,50,-0.34287172369522734,50,0.02,3,543
R+P,luminal,50,-0.13643482725204606,50,0.04,1,543
R+D,basal,50,-0.6835243168400887,50,0.0,1,543
R+D,her2,50,-0.5411808638336231,50,0.04,8,543
R+D,luminal,50,-0.26922449045166724,50,0.02,3,543
R+P+D,basal,50,-0.49119150890618224,50,0.0,1,543
R+P+D,her2,50,-0.4271339509228018,50,0.02,5,543
R+P+D,luminal,50,-0.20354743216381943,50,0.02,2,543
R,basal,50,-0.5283947510531493,50,0.0,1,544
R,her2,50,-0.31042988906023017,50,0.04,7,544
R,luminal,50,-0.15673978101679464,50,0.04,1,544
R+P,basal,50,-0.30925055252149286,50,0.0,1,544
R+P,her2,50,-0.2816197081895701,50,0.04,3,544
R+P,luminal,50,-0.1501473303278768,50,0.06,2,544
R+D,basal,50,-0.6629613040327632,50,0.0,2,544
R+D,her2,50,-0.41666210444615354,50,0.02,8,544
R+D,luminal,50,-0.3945753968119737,50,0.02,2,544
R+P+D,basal,50,-0.4003437677931137,50,0.0,2,544
R+P+D,her2,50,-0.3978900932044391,50,0.02,6,544
R+P+D,luminal,50,-0.31851787023882994,50,0.02,1,544
R,basal,50,-0.6880842125875087,50,0.0,2,545
R,her2,50,-0.5412894414988174,50,0.04,13,545
R,luminal,50,-0.10782680567185418,50,0.04,1,545
R+P,basal,50,-0.41959894528739566,50,0.0,3,545
R+P,her2,50,-0.3489694395646945,50,0.02,4,545
R+P,luminal,50,-0.1001203418527697,50,0.04,0,545
R+D,basal,50,-0.7196443701801666,50,0.0,2,545
R+D,her2,50,-0.6036668253152718,50,0.04,10,545
R+D,luminal,50,-0.32295104818240267,50,0.04,2,545
R+P+D,basal,50,-0.5162741849135802,50,0.0,2,545
R+P+D,her2,50,-0.41057348302984115,50,0.02,7,545
R+P+D,luminal,50,-0.3114776317918807,50,0.04,1,545
R,basal,50,-0.49210300652070715,50,0.0,0,546
R,her2,50,-0.20085440156002005,50,0.02,8,546
R,luminal,50,-0.14861687596848458,50,0.04,2,546
R+P,basal,50,-0.5353246385057888,50,0.0,4,546
R+P,her2,50,-0.1404658309419633,50,0.02,4,546
R+P,luminal,50,-0.12005602132029518,50,0.04,3,546
R+D,basal,50,-0.6820729560574155,50,0.0,2,546
R+D,her2,50,-0.43148238912605985,50,0.02,8,546
R+D,luminal,50,-0.2795197000778004,50,0.02,1,546
R+P+D,basal,50,-0.5859780083686178,50,0.0,1,546
R+P+D,her2,50,-0.2172984989891973,50,0.02,4,546
R+P+D,luminal,50,-0.2685906473901623,50,0.02,2,546
R,basal,50,-0.46273369967925526,50,0.0,0,547
R,her2,50,-0.31379494590372525,50,0.02,8,547
R,luminal,50,-0.17622832526030283,50,0.06,2,547
R+P,basal,50,-0.25868853147676946,50,0.0,1,547
R+P,her2,50,-0.33830102212928054,50,0.04,4,547
R+P,luminal,50,-0.1626375897748842,50,0.06,2,547
R+D,basal,50,-0.7101878665529037,50,0.0,2,547
R+D,her2,50,-0.4904761805338554,50,0.04,8,547
R+D,luminal,50,-0.31563304589404156,50,0.02,0,547
R+P+D,basal,50,-0.4877159630404282,50,0.0,2,547
R+P+D,her2,50,-0.44716225673646226,50,0.02,4,547
R+P+D,luminal,50,-0.2557813311004001,50,0.04,1,547
R,basal,50,-0.6402681391356561,50,0.0,1,548
R,her2,50,-0.2676127366361243,50,0.04,4,548
R,luminal,50,-0.1501617250527269,50,0.04,3,548
R+P,basal,50,-0.4524620871902879,50,0.0,3,548
R+P,her2,50,-0.244647779593373,50,0.04,2,548
R+P,luminal,50,-0.13666315043801444,50,0.04,1,548
R+D,basal,50,-0.5863677383405462,50,0.0,2,548
R+D,her2,50,-0.3989400079643546,50,0.02,3,548
R+D,luminal,50,-0.32648387138797025,50,0.02,1,548
R+P+D,basal,50,-0.5338993531033908,50,0.0,1,548
R+P+D,her2,50,-0.36674251504086014,50,0.02,3,548
R+P+D,luminal,50,-0.266784198666874,50,0.04,2,548
R,basal,50,-0.5682362665994379,50,0.0,2,549
R,her2,50,-0.36521491699830266,50,0.02,8,549
R,luminal,50,-0.13200510515644143,50,0.04,3,549
R+P,basal,50,-0.36214786807669,50,0.0,0,549
R+P,her2,50,-0.31562683610638925,50,0.02,3,549
R+P,luminal,50,-0.17307176198144325,50,0.06,4,549
R+D,basal,50,-0.7429565220209721,50,0.0,4,549
R+D,her2,50,-0.45180902294125,50,0.02,4,549
R+D,luminal,50,-0.1770780239874894,50,0.02,1,549
R+P+D,basal,50,-0.5720196215512824,50,0.0,1,549
R+P+D,her2,50,-0.4485217988776383,50,0.02,3,549
R+P+D,luminal,50,-0.1281299496845905,50,0.02,2,549
R,basal,50,-0.5835281125064713,50,0.0,1,550
R,her2,50,-0.4080746052484121,50,0.02,7,550
R,luminal,50,-0.1488349686617161,50,0.04,2,550
R+P,basal,50,-0.2573651684908148,50,0.0,2,550
R+P,her2,50,-0.4616841858495376,50,0.02,3,550
R+P,luminal,50,-0.15793419025205485,50,0.04,0,550
R+D,basal,50,-0.7043624538277288,50,0.0,1,550
R+D,her2,50,-0.4458790492690535,50,0.02,5,550
R+D,luminal,50,-0.3904435084444466,50,0.04,1,550
R+P+D,basal,50,-0.3357069671989424,50,0.0,3,550
R+P+D,her2,50,-0.46732122690249434,50,0.02,6,550
R+P+D,luminal,50,-0.2868046142893119,50,0.04,0,550
R,basal,50,-0.5034402321629746,50,0.0,2,551
R,her2,50,-0.4300409082485547,50,0.02,4,551
R,luminal,50,-0.12614903500419836,50,0.04,1,551
R+P,basal,50,-0.2640043850909949,50,0.0,2,551
R+P,her2,50,-0.26549104969240506,50,0.02,4,551
R+P,luminal,50,-0.15679110713190444,50,0.06,2,551
R+D,basal,50,-0.6367427725975977,50,0.0,2,551
R+D,her2,50,-0.5536470866097533,50,0.02,3,551
R+D,luminal,50,-0.3220899267612586,50,0.02,1,551
R+P+D,basal,50,-0.35420545258275327,50,0.0,1,551
R+P+D,her2,50,-0.4437143566953051,50,0.02,5,551
R+P+D,luminal,50,-0.27862217214380003,50,0.02,1,551
R,basal,50,-0.6371742425844894,50,0.0,2,552
R,her2,50,-0.2785872337330037,50,0.02,7,552
R,luminal,50,-0.1681756982322351,50,0.06,2,552
R+P,basal,50,-0.6587951259278114,50,0.0,4,552
R+P,her2,50,-0.36465552831657255,50,0.02,3,552
R+P,luminal,50,-0.15231541789228578,50,0.06,4,552
R+D,basal,50,-0.7048485827650859,50,0.0,0,552
R+D,her2,50,-0.47544763762557507,50,0.02,3,552
R+D,luminal,50,-0.3237998864987044,50,0.04,3,552
R+P+D,basal,50,-0.6611209762240788,50,0.0,1,552
R+P+D,her2,50,-0.40317551219718495,50,0.02,3,552
R+P+D,luminal,50,-0.2662572932270953,50,0.04,2,552
R,basal,50,-0.4835557150620694,50,0.0,0,553
R,her2,50,-0.3175659031765327,50,0.02,8,553
R,luminal,50,-0.16867322356407105,50,0.04,1,553
R+P,basal,50,-0.29926209722025016,50,0.0,2,553
R+P,her2,50,-0.2450571361879165,50,0.02,3,553
R+P,luminal,50,-0.1238831295522792,50,0.04,2,553
R+D,basal,50,-0.7655577117520806,50,0.0,2,553
R+D,her2,50,-0.3894906316463825,50,0.02,9,553
R+D,luminal,50,-0.34447778938429496,50,0.04,0,553
R+P+D,basal,50,-0.39863221159549733,50,0.0,3,553
R+P+D,her2,50,-0.4593334029978919,50,0.02,6,553
R+P+D,luminal,50,-0.3104700751798107,50,0.04,0,553
R,basal,50,-0.5824022102828281,50,0.0,1,554
R,her2,50,-0.3160056420204835,50,0.04,8,554
R,luminal,50,-0.17648911025206218,50,0.04,2,554
R+P,basal,50,-0.2365127362033476,50,0.0,2,554
R+P,her2,50,-0.13673417541426613,50,0.04,4,554
R+P,luminal,50,-0.17710784011918965,50,0.08,2,554
R+D,basal,50,-0.6509912403845768,50,0.0,1,554
R+D,her2,50,-0.46342287244394803,50,0.04,7,554
R+D,luminal,50,-0.4022910797977123,50,0.04,0,554
R+P+D,basal,50,-0.4064441747281275,50,0.0,1,554
R+P+D,her2,50,-0.35369382884209044,50,0.04,4,554
R+P+D,luminal,50,-0.3377502580347987,50,0.06,1,554
R,basal,50,-0.4502787145755447,50,0.0,0,555
R,her2,50,-0.4366938916945802,50,0.02,8,555
R,luminal,50,-0.10355827716124448,50,0.04,1,555
R+P,basal,50,-0.36374048703771306,50,0.0,0,555
R+P,her2,50,-0.23397970311800798,50,0.02,4,555
R+P,luminal,50,-0.1367236776530518,50,0.04,1,555
R+D,basal,50,-0.673246877543014,50,0.0,3,555
R+D,her2,50,-0.5839727870870952,50,0.02,7,555
R+D,luminal,50,-0.4672618858107023,50,0.04,2,555
R+P+D,basal,50,-0.529941729189914,50,0.0,3,555
R+P+D,her2,50,-0.38479748056022806,50,0.02,5,555
R+P+D,luminal,50,-0.33801160889132376,50,0.04,0,555
R,basal,50,-0.6886829351764573,50,0.0,0,556
R,her2,50,-0.37642650644256676,50,0.02,4,556
R,luminal,50,-0.16839442551320524,50,0.04,1,556
R+P,basal,50,-0.3205450146074124,50,0.0,1,556
R+P,her2,50,-0.41447208075682,50,0.02,2,556
R+P,luminal,50,-0.16693615416355798,50,0.04,2,556
R+D,basal,50,-0.6355326366934534,50,0.0,0,556
R+D,her2,50,-0.4962066247809443,50,0.02,4,556
R+D,luminal,50,-0.3575929253128604,50,0.02,2,556
R+P+D,basal,50,-0.5581404696362956,50,0.0,0,556
R+P+D,her2,50,-0.5364691706318376,50,0.02,3,556
R+P+D,luminal,50,-0.26626250442871696,50,0.02,3,556
R,basal,50,-0.5161484554597283,50,0.0,1,557
R,her2,50,-0.36341236654280606,50,0.02,6,557
R,luminal,50,-0.14992463720024615,50,0.04,1,557
R+P,basal,50,-0.34940893866440403,50,0.0,2,557
R+P,her2,50,-0.36914724128547555,50,0.04,3,557
R+P,luminal,50,-0.20996610243666955,50,0.06,2,557
R+D,basal,50,-0.5826968745042214,50,0.0,2,557
R+D,her2,50,-0.45989042972183525,50,0.02,4,557
R+D,luminal,50,-0.33304316451779387,50,0.02,1,557
R+P+D,basal,50,-0.45577840341426645,50,0.0,2,557
R+P+D,her2,50,-0.47384727864424514,50,0.02,3,557
R+P+D,luminal,50,-0.261837021773932,50,0.02,2,557
R,basal,50,-0.41724034187951875,50,0.0,0,558
R,her2,50,-0.3170524924858481,50,0.02,9,558
R,luminal,50,-0.1937430751272288,50,0.04,2,558
R+P,basal,50,-0.28172387566890245,50,0.0,2,558
R+P,her2,50,-0.29609505057794305,50,0.02,4,558
R+P,luminal,50,-0.17842118757993572,50,0.06,2,558
R+D,basal,50,-0.6505243152798427,50,0.0,3,558
R+D,her2,50,-0.35383676084158466,50,0.02,5,558
R+D,luminal,50,-0.2757782301721289,50,0.04,2,558
R+P+D,basal,50,-0.41533767678247613,50,0.0,3,558
R+P+D,her2,50,-0.32938662393129825,50,0.02,4,558
R+P+D,luminal,50,-0.1321686354633647,50,0.04,2,558
R,basal,50,-0.3724913117371696,50,0.0,2,559
R,her2,50,-0.27753330659777414,50,0.02,5,559
R,luminal,50,-0.13479005617282108,50,0.04,1,559
R+P,basal,50,-0.2822319341537141,50,0.0,2,559
R+P,her2,50,-0.22807874942111134,50,0.02,2,559
R+P,luminal,50,-0.13868027539266675,50,0.04,2,559
R+D,basal,50,-0.4224046524201656,50,0.0,1,559
R+D,her2,50,-0.4555984314714527,50,0.02,5,559
R+D,luminal,50,-0.4036893380355926,50,0.04,3,559
R+P+D,basal,50,-0.41358542341807353,50,0.0,2,559
R+P+D,her2,50,-0.39889108809625495,50,0.02,4,559
R+P+D,luminal,50,-0.29010307700446464,50,0.04,1,559
R,basal,50,-0.6438499602542359,50,0.0,1,560
R,her2,50,-0.24906947223777975,50,0.02,5,560
R,luminal,50,-0.1289721054280634,50,0.04,3,560
R+P,basal,50,-0.43694899778257384,50,0.0,1,560
R+P,her2,50,-0.17269275331624137,50,0.02,3,560
R+P,luminal,50,-0.10746297071536101,50,0.04,1,560
R+D,basal,50,-0.6728368707783635,50,0.0,0,560
R+D,her2,50,-0.47817689079746367,50,0.02,4,560
R+D,luminal,50,-0.3035834359624211,50,0.04,2,560
R+P+D,basal,50,-0.45814693321767075,50,0.0,1,560
R+P+D,her2,50,-0.2841114143954768,50,0.02,3,560
R+P+D,luminal,50,-0.23604608079035605,50,0.04,2,560
R,basal,50,-0.5750492534652458,50,0.0,2,561
R,her2,50,-0.2989246899747432,50,0.02,3,561
R,luminal,50,-0.12901592096162395,50,0.04,2,561
R+P,basal,50,-0.46294256702444087,50,0.0,2,561
R+P,her2,50,-0.25009884195056964,50,0.04,4,561
R+P,luminal,50,-0.15867674072282564,50,0.06,3,561
R+D,basal,50,-0.5640840265821766,50,0.0,2,561
R+D,her2,50,-0.43784097643236264,50,0.02,4,561
R+D,luminal,50,-0.33311280433776846,50,0.04,0,561
R+P+D,basal,50,-0.5407892827685198,50,0.0,1,561
R+P+D,her2,50,-0.3114770349769919,50,0.02,5,561
R+P+D,luminal,50,-0.16630707602618244,50,0.04,2,561
R,basal,50,-0.38541582960097104,50,0.0,3,562
R,her2,50,-0.49358387664360664,50,0.02,5,562
R,luminal,50,-0.11953025132382956,50,0.04,1,562
R+P,basal,50,-0.19212843112091743,50,0.0,2,562
R+P,her2,50,-0.34810290027003504,50,0.02,2,562
R+P,luminal,50,-0.12026206621439295,50,0.04,2,562
R+D,basal,50,-0.5662108249498486,50,0.0,1,562
R+D,her2,50,-0.48747599806542136,50,0.02,3,562
R+D,luminal,50,-0.26046633625792287,50,0.02,2,562
R+P+D,basal,50,-0.4800527274845752,50,0.0,1,562
R+P+D,her2,50,-0.4621748916142359,50,0.02,3,562
R+P+D,luminal,50,-0.24912751644702244,50,0.02,1,562
R,basal,50,-0.37451580842107574,50,0.0,2,563
R,her2,50,-0.4107523060818682,50,0.02,9,563
R,luminal,50,-0.12198684247428765,50,0.04,2,563
R+P,basal,50,-0.3695957664248113,50,0.0,1,563
R+P,her2,50,-0.27782165435346795,50,0.02,4,563
R+P,luminal,50,-0.10696763561492062,50,0.04,1,563
R+D,basal,50,-0.5764395940819406,50,0.0,2,563
R+D,her2,50,-0.6265487877893253,50,0.02,5,563
R+D,luminal,50,-0.1876000099496706,50,0.04,1,563
R+P+D,basal,50,-0.5691296136488773,50,0.0,1,563
R+P+D,her2,50,-0.44475864110627356,50,0.02,4,563
R+P+D,luminal,50,-0.1923645060516435,50,0.04,1,563
R,basal,50,-0.5381584597907288,50,0.0,0,564
R,her2,50,-0.26440345925159975,50,0.02,4,564
R,luminal,50,-0.14859978537550217,50,0.04,1,564
R+P,basal,50,-0.37371044288937816,50,0.0,1,564
R+P,her2,50,-0.2194371601163118,50,0.02,3,564
R+P,luminal,50,-0.1362389662020343,50,0.04,0,564
R+D,basal,50,-0.6682701389863246,50,0.0,3,564
R+D,her2,50,-0.4101513550514098,50,0.02,6,564
R+D,luminal,50,-0.4068207768557337,50,0.04,2,564
R+P+D,basal,50,-0.5202347024935556,50,0.0,2,564
R+P+D,her2,50,-0.32446311524006644,50,0.02,4,564
R+P+D,luminal,50,-0.19804475844410463,50,0.04,1,564
R,basal,50,-0.6018751367991905,50,0.0,0,565
R,her2,50,-0.40364760191812166,50,0.02,10,565
R,luminal,50,-0.1548269444242164,50,0.04,1,565
R+P,basal,50,-0.22697737274092947,50,0.0,2,565
R+P,her2,50,-0.38486344055876187,50,0.02,5,565
R+P,luminal,50,-0.09850208416385717,50,0.04,1,565
R+D,basal,50,-0.7221776582759921,50,0.0,2,565
R+D,her2,50,-0.534687616402198,50,0.02,9,565
R+D,luminal,50,-0.32716557268299923,50,0.04,0,565
R+P+D,basal,50,-0.3820805962485936,50,0.0,0,565
R+P+D,her2,50,-0.4160856970495081,50,0.02,4,565
R+P+D,luminal,50,-0.3434861809357767,50,0.04,0,565
R,basal,50,-0.5872511323697449,50,0.0,3,566
R,her2,50,-0.3726010911680547,50,0.02,7,566
R,luminal,50,-0.1096560751577951,50,0.04,2,566
R+P,basal,50,-0.42494128047439594,50,0.0,1,566
R+P,her2,50,-0.3353304889074276,50,0.02,3,566
R+P,luminal,50,-0.11540792509109188,50,0.04,2,566
R+D,basal,50,-0.6746350686132289,50,0.0,6,566
R+D,her2,50,-0.48458303862063395,50,0.02,4,566
R+D,luminal,50,-0.2661949370316145,50,0.04,1,566
R+P+D,basal,50,-0.5206159762912393,50,0.0,2,566
R+P+D,her2,50,-0.3125588661481839,50,0.02,3,566
R+P+D,luminal,50,-0.1824687404025418,50,0.04,1,566
R,basal,50,-0.5177272030772241,50,0.0,0,567
R,her2,50,-0.2524523117268983,50,0.02,7,567
R,luminal,50,-0.16799161621630496,50,0.06,1,567
R+P,basal,50,-0.2843977247363072,50,0.0,1,567
R+P,her2,50,-0.21968925562708844,50,0.02,4,567
R+P,luminal,50,-0.10040994167628663,50,0.04,1,567
R+D,basal,50,-0.6625611637782185,50,0.0,1,567
R+D,her2,50,-0.37395033532969246,50,0.04,7,567
R+D,luminal,50,-0.38167341906323665,50,0.04,1,567
R+P+D,basal,50,-0.6056793094009126,50,0.0,1,567
R+P+D,her2,50,-0.3121305667219633,50,0.02,5,567
R+P+D,luminal,50,-0.2743292892089721,50,0.04,1,567
R,basal,50,-0.5939217637673279,50,0.0,0,568
R,her2,50,-0.2978743123097725,50,0.02,6,568
R,luminal,50,-0.15981060819640958,50,0.04,1,568
R+P,basal,50,-0.3401379169985857,50,0.0,3,568
R+P,her2,50,-0.3627497174250094,50,0.04,4,568
R+P,luminal,50,-0.1418539915909161,50,0.04,1,568
R+D,basal,50,-0.6510962108256811,50,0.0,1,568
R+D,her2,50,-0.39567600837063227,50,0.02,8,568
R+D,luminal,50,-0.32874406359489877,50,0.02,0,568
R+P+D,basal,50,-0.4761586134142889,50,0.0,1,568
R+P+D,her2,50,-0.49066376500187403,50,0.02,7,568
R+P+D,luminal,50,-0.31636336351156547,50,0.02,2,568
R,basal,50,-0.5833855847152543,50,0.0,4,569
R,her2,50,-0.26740613948516695,50,0.02,5,569
R,luminal,50,-0.1785247212182083,50,0.04,2,569
R+P,basal,50,-0.33463148083641814,50,0.0,1,569
R+P,her2,50,-0.2960455083530222,50,0.02,3,569
R+P,luminal,50,-0.12217524563067705,50,0.04,1,569
R+D,basal,50,-0.6929193895639336,50,0.0,3,569
R+D,her2,50,-0.3804095982703278,50,0.04,3,569
R+D,luminal,50,-0.4264436144459199,50,0.04,1,569
R+P+D,basal,50,-0.5815086635577524,50,0.0,2,569
R+P+D,her2,50,-0.36101923684798465,50,0.02,3,569
R+P+D,luminal,50,-0.3005365475992947,50,0.04,0,569
R,basal,50,-0.5597041867430746,50,0.0,3,570
R,her2,50,-0.2834396934979219,50,0.04,7,570
R,luminal,50,-0.18370015114881683,50,0.04,2,570
R+P,basal,50,-0.37939273412619423,50,0.0,5,570
R+P,her2,50,-0.2644292226990346,50,0.04,2,570
R+P,luminal,50,-0.16170980720653735,50,0.04,2,570
R+D,basal,50,-0.5091586327965214,50,0.0,0,570
R+D,her2,50,-0.399067812135576,50,0.02,6,570
R+D,luminal,50,-0.3063057570410864,50,0.04,0,570
R+P+D,basal,50,-0.527092449260434,50,0.0,2,570
R+P+D,her2,50,-0.39874293557324814,50,0.02,4,570
R+P+D,luminal,50,-0.3462719308761011,50,0.04,0,570
R,basal,50,-0.490649058843962,50,0.0,0,571
R,her2,50,-0.3118535023058129,50,0.02,5,571
R,luminal,50,-0.1820734289580899,50,0.04,3,571
R+P,basal,50,-0.11702470992432834,50,0.0,0,571
R+P,her2,50,-0.19970857956511145,50,0.02,2,571
R+P,luminal,50,-0.14499527246012814,50,0.04,2,571
R+D,basal,50,-0.5639967420158247,50,0.0,0,571
R+D,her2,50,-0.41520781473502066,50,0.02,5,571
R+D,luminal,50,-0.37509899711064315,50,0.04,3,571
R+P+D,basal,50,-0.38641682725694443,50,0.0,0,571
R+P+D,her2,50,-0.28640905086727636,50,0.02,1,571
R+P+D,luminal,50,-0.31302531319400484,50,0.04,2,571
R,basal,50,-0.48736888727212585,50,0.0,1,572
R,her2,50,-0.40291586795780726,50,0.02,8,572
R,luminal,50,-0.13082065056819905,50,0.04,2,572
R+P,basal,50,-0.45737236468790443,50,0.0,2,572
R+P,her2,50,-0.42792393478552837,50,0.02,6,572
R+P,luminal,50,-0.13003214635794128,50,0.04,3,572
R+D,basal,50,-0.6205496089875581,50,0.0,0,572
R+D,her2,50,-0.5095624848578669,50,0.02,9,572
R+D,luminal,50,-0.18656560569819602,50,0.02,0,572
R+P+D,basal,50,-0.5550946891104783,50,0.0,1,572
R+P+D,her2,50,-0.4079337860991005,50,0.02,6,572
R+P+D,luminal,50,-0.16665405514204554,50,0.02,0,572
R,basal,50,-0.47294521876746315,50,0.0,0,573
R,her2,50,-0.29601965214196424,50,0.02,7,573
R,luminal,50,-0.1417847198538616,50,0.04,1,573
R+P,basal,50,-0.2776776380502366,50,0.0,0,573
R+P,her2,50,-0.17047632391129103,50,0.02,4,573
R+P,luminal,50,-0.13443297708067375,50,0.04,0,573
R+D,basal,50,-0.6284052794822044,50,0.0,0,573
R+D,her2,50,-0.48436596911799673,50,0.04,10,573
R+D,luminal,50,-0.3538098972343045,50,0.04,1,573
R+P+D,basal,50,-0.3439917167034195,50,0.0,0,573
R+P+D,her2,50,-0.3859754628989204,50,0.02,7,573
R+P+D,luminal,50,-0.3133629692363475,50,0.04,3,573
R,basal,50,-0.49613156134262687,50,0.0,1,574
R,her2,50,-0.4000790306221753,50,0.02,4,574
R,luminal,50,-0.10843011066716243,50,0.04,2,574
R+P,basal,50,-0.360518036405728,50,0.0,1,574
R+P,her2,50,-0.17256217160359694,50,0.02,3,574
R+P,luminal,50,-0.15812918258277267,50,0.06,3,574
R+D,basal,50,-0.6385382311867972,50,0.0,3,574
R+D,her2,50,-0.4880210769317657,50,0.02,7,574
R+D,luminal,50,-0.357230859283919,50,0.04,0,574
R+P+D,basal,50,-0.4993330859824619,50,0.0,2,574
R+P+D,her2,50,-0.31493813390346903,50,0.02,4,574
R+P+D,luminal,50,-0.28461657830512277,50,0.04,1,574
R,basal,50,-0.4619076130955309,50,0.0,1,575
R,her2,50,-0.35483393640443417,50,0.02,5,575
R,luminal,50,-0.1414100809715331,50,0.04,2,575
R+P,basal,50,-0.32874642269062326,50,0.0,2,575
R+P,her2,50,-0.3601142870215526,50,0.02,1,575
R+P,luminal,50,-0.1169288080803783,50,0.04,0,575
R+D,basal,50,-0.7099126375687314,50,0.0,2,575
R+D,her2,50,-0.43200247469301034,50,0.02,3,575
R+D,luminal,50,-0.30959620823315515,50,0.02,0,575
R+P+D,basal,50,-0.48430190713210075,50,0.0,1,575
R+P+D,her2,50,-0.5341295412099002,50,0.02,4,575
R+P+D,luminal,50,-0.1735370672324461,50,0.02,0,575
R,basal,50,-0.5299255454262211,50,0.0,1,576
R,her2,50,-0.30165746618915706,50,0.04,9,576
R,luminal,50,-0.1174878586482671,50,0.04,1,576
R+P,basal,50,-0.3127123382325172,50,0.0,2,576
R+P,her2,50,-0.3699069972202195,50,0.04,1,576
R+P,luminal,50,-0.20135968122578274,50,0.06,2,576
R+D,basal,50,-0.6451624957060648,50,0.0,0,576
R+D,her2,50,-0.3761906275126464,50,0.04,6,576
R+D,luminal,50,-0.3581024977260677,50,0.02,0,576
R+P+D,basal,50,-0.440786884412144,50,0.0,2,576
R+P+D,her2,50,-0.3554529589774408,50,0.02,3,576
R+P+D,luminal,50,-0.340180722226,50,0.04,1,576
R,basal,50,-0.495396651447211,50,0.0,2,577
R,her2,50,-0.5894089399102542,50,0.02,9,577
R,luminal,50,-0.15943276970860445,50,0.04,2,577
R+P,basal,50,-0.2182629615537526,50,0.0,2,577
R+P,her2,50,-0.40091587637485326,50,0.02,6,577
R+P,luminal,50,-0.16040789086321477,50,0.04,1,577
R+D,basal,50,-0.5135375489816628,50,0.0,1,577
R+D,her2,50,-0.4456691912478947,50,0.04,5,577
R+D,luminal,50,-0.3644525442156478,50,0.02,1,577
R+P+D,basal,50,-0.24595467929922457,50,0.0,0,577
R+P+D,her2,50,-0.4844231794897114,50,0.04,5,577
R+P+D,luminal,50,-0.3282151212512726,50,0.02,2,577
R,basal,50,-0.5248707975845659,50,0.0,3,578
R,her2,50,-0.3542211809175611,50,0.02,3,578
R,luminal,50,-0.13696449050779058,50,0.08,3,578
R+P,basal,50,-0.4089811426489526,50,0.0,3,578
R+P,her2,50,-0.2977237009419908,50,0.04,2,578
R+P,luminal,50,-0.1742821988416409,50,0.06,2,578
R+D,basal,50,-0.7008744663950953,50,0.0,3,578
R+D,her2,50,-0.361052968865273,50,0.02,5,578
R+D,luminal,50,-0.3872798366651764,50,0.02,1,578
R+P+D,basal,50,-0.5464225426943085,50,0.0,2,578
R+P+D,her2,50,-0.41812123212986757,50,0.04,4,578
R+P+D,luminal,50,-0.22369675149104332,50,0.02,0,578
R,basal,50,-0.6051858270536316,50,0.0,1,579
R,her2,50,-0.31778140529458054,50,0.04,3,579
R,luminal,50,-0.16867195765274848,50,0.04,2,579
R+P,basal,50,-0.2387524208600366,50,0.0,0,579
R+P,her2,50,-0.20812748820887608,50,0.02,3,579
R+P,luminal,50,-0.15636049207253833,50,0.04,1,579
R+D,basal,50,-0.6943104607315306,50,0.0,2,579
R+D,her2,50,-0.5072106698998672,50,0.04,7,579
R+D,luminal,50,-0.3357086489998168,50,0.04,0,579
R+P+D,basal,50,-0.42353964620082374,50,0.0,2,579
R+P+D,her2,50,-0.435000592126027,50,0.02,7,579
R+P+D,luminal,50,-0.38629955155971984,50,0.04,1,579
R,basal,50,-0.5323601233072512,50,0.0,1,580
R,her2,50,-0.587050738105535,50,0.02,8,580
R,luminal,50,-0.09284225524379201,50,0.04,2,580
R+P,basal,50,-0.3857583361005554,50,0.0,2,580
R+P,her2,50,-0.3288885557730522,50,0.02,2,580
R+P,luminal,50,-0.15587964096443946,50,0.06,2,580
R+D,basal,50,-0.7069191017998375,50,0.0,2,580
R+D,her2,50,-0.7232634942461721,50,0.02,8,580
R+D,luminal,50,-0.2134412450113856,50,0.02,1,580
R+P+D,basal,50,-0.5975837244018701,50,0.0,2,580
R+P+D,her2,50,-0.44295482967853994,50,0.02,6,580
R+P+D,luminal,50,-0.1994046895778918,50,0.02,1,580
R,basal,50,-0.7328566950841378,50,0.0,2,581
R,her2,50,-0.26101487746988444,50,0.02,8,581
R,luminal,50,-0.12264324092159416,50,0.06,2,581
R+P,basal,50,-0.49938633938831595,50,0.0,2,581
R+P,her2,50,-0.23389126058036816,50,0.02,5,581
R+P,luminal,50,-0.11728460297334031,50,0.04,3,581
R+D,basal,50,-0.6223558018693407,50,0.0,2,581
R+D,her2,50,-0.3382843478873994,50,0.02,5,581
R+D,luminal,50,-0.2649352485715294,50,0.02,1,581
R+P+D,basal,50,-0.5572239539375244,50,0.0,2,581
R+P+D,her2,50,-0.3536551813998301,50,0.02,5,581
R+P+D,luminal,50,-0.24293225704380203,50,0.02,1,581
R,basal,50,-0.5841604350487176,50,0.0,1,582
R,her2,50,-0.4973197303370517,50,0.02,6,582
R,luminal,50,-0.1635332888339568,50,0.04,3,582
R+P,basal,50,-0.3517726085574568,50,0.0,1,582
R+P,her2,50,-0.4139555504513637,50,0.02,5,582
R+P,luminal,50,-0.14333313826313746,50,0.04,3,582
R+D,basal,50,-0.6646294904212084,50,0.0,2,582
R+D,her2,50,-0.3681790542911131,50,0.02,4,582
R+D,luminal,50,-0.3149734009925341,50,0.04,2,582
R+P+D,basal,50,-0.57084879374631,50,0.0,1,582
R+P+D,her2,50,-0.31221667673706943,50,0.02,3,582
R+P+D,luminal,50,-0.2595608709774846,50,0.04,1,582
R,basal,50,-0.6187943197359453,50,0.0,1,583
R,her2,50,-0.18580640799323983,50,0.02,3,583
R,luminal,50,-0.12238178939507222,50,0.04,4,583
R+P,basal,50,-0.24322599106270393,50,0.0,0,583
R+P,her2,50,-0.1473465940745643,50,0.02,3,583
R+P,luminal,50,-0.13077948549173635,50,0.04,3,583
R+D,basal,50,-0.6770219213198768,50,0.0,1,583
R+D,her2,50,-0.3995157487350909,50,0.02,9,583
R+D,luminal,50,-0.37093555823589996,50,0.02,2,583
R+P+D,basal,50,-0.5356801433402214,50,0.0,1,583
R+P+D,her2,50,-0.24442370465950686,50,0.02,4,583
R+P+D,luminal,50,-0.32595746143063664,50,0.02,3,583
R,basal,50,-0.6082891016358102,50,0.0,3,584
R,her2,50,-0.35292455199204253,50,0.02,8,584
R,luminal,50,-0.20205339279727053,50,0.06,3,584
R+P,basal,50,-0.4992130214882156,50,0.0,3,584
R+P,her2,50,-0.28105807339806765,50,0.02,3,584
R+P,luminal,50,-0.13966517767872666,50,0.06,3,584
R+D,basal,50,-0.670746449349473,50,0.0,1,584
R+D,her2,50,-0.48065956446998465,50,0.02,9,584
R+D,luminal,50,-0.3090868234572172,50,0.04,1,584
R+P+D,basal,50,-0.5479740601171131,50,0.0,2,584
R+P+D,her2,50,-0.32834059726684456,50,0.02,4,584
R+P+D,luminal,50,-0.22144399642267476,50,0.04,2,584
R,basal,50,-0.5376057379119339,50,0.0,0,585
R,her2,50,-0.22391984781062774,50,0.02,7,585
R,luminal,50,-0.17617749635744115,50,0.04,1,585
R+P,basal,50,-0.47056230749980954,50,0.0,0,585
R+P,her2,50,-0.16688653622268512,50,0.02,4,585
R+P,luminal,50,-0.12083322012512582,50,0.04,1,585
R+D,basal,50,-0.6490446982140289,50,0.0,1,585
R+D,her2,50,-0.458793864083627,50,0.02,10,585
R+D,luminal,50,-0.35159151754707935,50,0.04,1,585
R+P+D,basal,50,-0.5856695546056212,50,0.0,1,585
R+P+D,her2,50,-0.2896552983190051,50,0.02,5,585
R+P+D,luminal,50,-0.2590770342079311,50,0.04,2,585
R,basal,50,-0.5450813997682715,50,0.0,1,586
R,her2,50,-0.3567531617569234,50,0.02,9,586
R,luminal,50,-0.11300422607261558,50,0.04,4,586
R+P,basal,50,-0.4158085488012725,50,0.0,0,586
R+P,her2,50,-0.4158984335905506,50,0.02,3,586
R+P,luminal,50,-0.12073192345959854,50,0.04,2,586
R+D,basal,50,-0.7468127325001791,50,0.0,1,586
R+D,her2,50,-0.31788509936968934,50,0.02,4,586
R+D,luminal,50,-0.25000450150465003,50,0.02,2,586
R+P+D,basal,50,-0.5795729401498282,50,0.0,0,586
R+P+D,her2,50,-0.3653585558794202,50,0.02,2,586
R+P+D,luminal,50,-0.12829516430430174,50,0.02,2,586
R,basal,50,-0.6368198339872061,50,0.0,0,587
R,her2,50,-0.339000441782703,50,0.02,8,587
R,luminal,50,-0.12690647363565769,50,0.04,1,587
R+P,basal,50,-0.5841665911483751,50,0.0,2,587
R+P,her2,50,-0.24248514652848235,50,0.02,4,587
R+P,luminal,50,-0.1158610445042836,50,0.04,3,587
R+D,basal,50,-0.6957531119637873,50,0.0,2,587
R+D,her2,50,-0.36008914019244076,50,0.02,8,587
R+D,luminal,50,-0.24364057831784072,50,0.04,0,587
R+P+D,basal,50,-0.5184621596902786,50,0.0,0,587
R+P+D,her2,50,-0.3543940344904963,50,0.02,5,587
R+P+D,luminal,50,-0.2587157046732223,50,0.06,2,587
R,basal,50,-0.4898300616348743,50,0.0,0,588
R,her2,50,-0.43573428316853985,50,0.02,8,588
R,luminal,50,-0.16362906800867502,50,0.04,1,588
R+P,basal,50,-0.14525933969144597,50,0.0,1,588
R+P,her2,50,-0.4112457188490077,50,0.02,5,588
R+P,luminal,50,-0.12377846825235612,50,0.04,1,588
R+D,basal,50,-0.5843044553506502,50,0.0,1,588
R+D,her2,50,-0.4344198831808718,50,0.02,4,588
R+D,luminal,50,-0.29879792912260483,50,0.04,0,588
R+P+D,basal,50,-0.33063768115914394,50,0.0,1,588
R+P+D,her2,50,-0.4031882248629458,50,0.02,4,588
R+P+D,luminal,50,-0.2816893999877897,50,0.04,1,588
R,basal,50,-0.6569733755077604,50,0.0,4,589
R,her2,50,-0.4042503413522298,50,0.04,7,589
R,luminal,50,-0.12160316214754624,50,0.04,2,589
R+P,basal,50,-0.590523075746694,50,0.0,0,589
R+P,her2,50,-0.20677006917507515,50,0.02,2,589
R+P,luminal,50,-0.09838158032401428,50,0.04,1,589
R+D,basal,50,-0.7441986812838046,50,0.0,3,589
R+D,her2,50,-0.552232838499153,50,0.04,10,589
R+D,luminal,50,-0.3026214974630316,50,0.02,2,589
R+P+D,basal,50,-0.6807555169599588,50,0.0,4,589
R+P+D,her2,50,-0.3835421802832971,50,0.02,4,589
R+P+D,luminal,50,-0.16636597414722862,50,0.02,2,589
R,basal,50,-0.5621831089829993,50,0.0,2,590
R,her2,50,-0.34245058213248064,50,0.04,9,590
R,luminal,50,-0.16941810900004256,50,0.04,1,590
R+P,basal,50,-0.24527685037759298,50,0.0,0,590
R+P,her2,50,-0.3088454883016763,50,0.02,4,590
R+P,luminal,50,-0.16582271455720995,50,0.06,2,590
R+D,basal,50,-0.6478360438408286,50,0.0,2,590
R+D,her2,50,-0.512344152130629,50,0.04,4,590
R+D,luminal,50,-0.37251000312862514,50,0.04,1,590
R+P+D,basal,50,-0.4728104304218123,50,0.0,0,590
R+P+D,her2,50,-0.44664204936362195,50,0.02,4,590
R+P+D,luminal,50,-0.28681356573191275,50,0.04,0,590
R,basal,50,-0.39572503502247314,50,0.0,0,591
R,her2,50,-0.258482193279988,50,0.02,6,591
R,luminal,50,-0.14623473943478993,50,0.04,2,591
R+P,basal,50,-0.21202112043295987,50,0.0,2,591
R+P,her2,50,-0.20537277665364684,50,0.02,4,591
R+P,luminal,50,-0.19981949430149556,50,0.06,2,591
R+D,basal,50,-0.5553269903182807,50,0.0,2,591
R+D,her2,50,-0.3021394475506577,50,0.02,5,591
R+D,luminal,50,-0.4338368897944996,50,0.04,1,591
R+P+D,basal,50,-0.3472009953865545,50,0.0,2,591
R+P+D,her2,50,-0.25146360985630817,50,0.02,4,591
R+P+D,luminal,50,-0.38958916936206506,50,0.06,1,591
R,basal,50,-0.4329355689370058,50,0.0,1,592
R,her2,50,-0.33404492596534735,50,0.02,7,592
R,luminal,50,-0.14628141500184952,50,0.06,3,592
R+P,basal,50,-0.3125683054479534,50,0.0,1,592
R+P,her2,50,-0.17564558672665606,50,0.02,2,592
R+P,luminal,50,-0.11778687387086155,50,0.06,1,592
R+D,basal,50,-0.6821365422170771,50,0.0,2,592
R+D,her2,50,-0.45291323014019846,50,0.02,4,592
R+D,luminal,50,-0.33638623311583055,50,0.02,2,592
R+P+D,basal,50,-0.45748162647487606,50,0.0,2,592
R+P+D,her2,50,-0.31995149189556465,50,0.02,1,592
R+P+D,luminal,50,-0.3042755573862612,50,0.02,3,592
R,basal,50,-0.612055769068548,50,0.0,4,593
R,her2,50,-0.3347611863938987,50,0.02,7,593
R,luminal,50,-0.22550961356051583,50,0.06,3,593
R+P,basal,50,-0.31385602784203037,50,0.0,2,593
R+P,her2,50,-0.34538925078595584,50,0.04,5,593
R+P,luminal,50,-0.1792859387896599,50,0.06,2,593
R+D,basal,50,-0.6701712228001974,50,0.0,1,593
R+D,her2,50,-0.41279017557664177,50,0.02,4,593
R+D,luminal,50,-0.3296953000766694,50,0.04,2,593
R+P+D,basal,50,-0.4358488290955346,50,0.0,2,593
R+P+D,her2,50,-0.39883488576475334,50,0.02,5,593
R+P+D,luminal,50,-0.27882673681675096,50,0.04,2,593
R,basal,50,-0.6056667021748697,50,0.0,0,594
R,her2,50,-0.2917585010275402,50,0.02,5,594
R,luminal,50,-0.200117077712265,50,0.04,2,594
R+P,basal,50,-0.4541086028978347,50,0.0,0,594
R+P,her2,50,-0.28842137406438145,50,0.02,3,594
R+P,luminal,50,-0.14074960973237408,50,0.04,2,594
R+D,basal,50,-0.6460172449085284,50,0.0,2,594
R+D,her2,50,-0.40032650388910684,50,0.02,4,594
R+D,luminal,50,-0.3229438272052505,50,0.04,2,594
R+P+D,basal,50,-0.4441339763870479,50,0.0,0,594
R+P+D,her2,50,-0.46855822056570207,50,0.02,6,594
R+P+D,luminal,50,-0.2603900715467022,50,0.04,1,594
R,basal,50,-0.5345241605516601,50,0.0,2,595
R,her2,50,-0.27826376213746606,50,0.02,8,595
R,luminal,50,-0.15644042993026328,50,0.06,4,595
R+P,basal,50,-0.41086198347690256,50,0.0,1,595
R+P,her2,50,-0.17354100801525946,50,0.02,5,595
R+P,luminal,50,-0.12931144473310535,50,0.06,3,595
R+D,basal,50,-0.6026579811662297,50,0.0,3,595
R+D,her2,50,-0.37583300995870955,50,0.02,7,595
R+D,luminal,50,-0.3770812683069188,50,0.04,1,595
R+P+D,basal,50,-0.4339626770452293,50,0.0,1,595
R+P+D,her2,50,-0.2347509295475894,50,0.02,4,595
R+P+D,luminal,50,-0.3186669492547734,50,0.04,1,595
R,basal,50,-0.6625425625884697,50,0.0,3,596
R,her2,50,-0.282414913061073,50,0.02,5,596
R,luminal,50,-0.14048252962045063,50,0.04,1,596
R+P,basal,50,-0.5720311678534548,50,0.0,2,596
R+P,her2,50,-0.24396394280278655,50,0.02,3,596
R+P,luminal,50,-0.14212021239927777,50,0.04,1,596
R+D,basal,50,-0.6930671246719902,50,0.0,1,596
R+D,her2,50,-0.4857586111109139,50,0.02,6,596
R+D,luminal,50,-0.3295872679652929,50,0.04,0,596
R+P+D,basal,50,-0.5738125865304127,50,0.0,2,596
R+P+D,her2,50,-0.37465428021850433,50,0.02,5,596
R+P+D,luminal,50,-0.2788046358828428,50,0.04,0,596
R,basal,50,-0.7035759912747233,50,0.0,2,597
R,her2,50,-0.29957175079957776,50,0.0,6,597
R,luminal,50,-0.10423877167934953,50,0.06,2,597
R+P,basal,50,-0.5410289544057069,50,0.0,2,597
R+P,her2,50,-0.17046630266520663,50,0.02,4,597
R+P,luminal,50,-0.10646796071470027,50,0.06,1,597
R+D,basal,50,-0.6177873317174682,50,0.0,3,597
R+D,her2,50,-0.5443152657046242,50,0.02,10,597
R+D,luminal,50,-0.19755865265589997,50,0.04,0,597
R+P+D,basal,50,-0.5676970542391455,50,0.0,2,597
R+P+D,her2,50,-0.3081006482680808,50,0.02,4,597
R+P+D,luminal,50,-0.16840533462360632,50,0.04,0,597
R,basal,50,-0.4728500912565987,50,0.0,0,598
R,her2,50,-0.39482409575220356,50,0.02,7,598
R,luminal,50,-0.13505689533017276,50,0.04,2,598
R+P,basal,50,-0.41475643396313233,50,0.0,1,598
R+P,her2,50,-0.36727199721703796,50,0.02,6,598
R+P,luminal,50,-0.1486357702699393,50,0.06,2,598
R+D,basal,50,-0.6478018496680275,50,0.0,2,598
R+D,her2,50,-0.5705894789806965,50,0.02,8,598
R+D,luminal,50,-0.3064705774206724,50,0.04,0,598
R+P+D,basal,50,-0.5186307139431273,50,0.0,1,598
R+P+D,her2,50,-0.44262307797943284,50,0.02,6,598
R+P+D,luminal,50,-0.2842240996093356,50,0.04,0,598
R,basal,50,-0.5156168404718549,50,0.0,2,599
R,her2,50,-0.29180695203185963,50,0.02,8,599
R,luminal,50,-0.11360979728780819,50,0.04,1,599
R+P,basal,50,-0.38578843108655486,50,0.0,2,599
R+P,her2,50,-0.30239408894599534,50,0.02,4,599
R+P,luminal,50,-0.12826937981536385,50,0.04,2,599
R+D,basal,50,-0.5097801759998085,50,0.0,0,599
R+D,her2,50,-0.3991756900360717,50,0.02,7,599
R+D,luminal,50,-0.19999951925934803,50,0.02,1,599
R+P+D,basal,50,-0.5183344792874083,50,0.0,1,599
R+P+D,her2,50,-0.3404829013755621,50,0.02,5,599
R+P+D,luminal,50,-0.21136951438930068,50,0.02,1,599
R,basal,50,-0.5167496356728676,50,0.0,1,600
R,her2,50,-0.2711201058454236,50,0.02,7,600
R,luminal,50,-0.11734862987457952,50,0.04,1,600
R+P,basal,50,-0.5096718158409622,50,0.0,3,600
R+P,her2,50,-0.1788684270276333,50,0.02,4,600
R+P,luminal,50,-0.10315904498721672,50,0.04,3,600
R+D,basal,50,-0.6592659479528089,50,0.0,0,600
R+D,her2,50,-0.4924848860011293,50,0.02,9,600
R+D,luminal,50,-0.22165438861814024,50,0.02,1,600
R+P+D,basal,50,-0.45631551888479144,50,0.0,0,600
R+P+D,her2,50,-0.3883732492159366,50,0.02,5,600
R+P+D,luminal,50,-0.15315744024420283,50,0.02,3,600
R,basal,50,-0.38255223346923034,50,0.0,2,601
R,her2,50,-0.45533157979847133,50,0.04,8,601
R,luminal,50,-0.1725772677201573,50,0.04,1,601
R+P,basal,50,-0.23392701724581805,50,0.0,1,601
R+P,her2,50,-0.26985300848191,50,0.02,2,601
R+P,luminal,50,-0.09493254838475323,50,0.04,1,601
R+D,basal,50,-0.634458842713634,50,0.0,1,601
R+D,her2,50,-0.5227145909693247,50,0.04,9,601
R+D,luminal,50,-0.36893481907406667,50,0.04,3,601
R+P+D,basal,50,-0.39154633912261694,50,0.0,0,601
R+P+D,her2,50,-0.49759046255983846,50,0.04,7,601
R+P+D,luminal,50,-0.2724830110380026,50,0.04,2,601
R,basal,50,-0.4909663981475449,50,0.0,2,602
R,her2,50,-0.41045485495865264,50,0.02,5,602
R,luminal,50,-0.14295189854506285,50,0.08,2,602
R+P,basal,50,-0.2646452641935587,50,0.0,3,602
R+P,her2,50,-0.3793533026356166,50,0.02,2,602
R+P,luminal,50,-0.12517542981424012,50,0.04,1,602
R+D,basal,50,-0.6463301883258212,50,0.0,1,602
R+D,her2,50,-0.448421033722986,50,0.02,5,602
R+D,luminal,50,-0.23093095809356906,50,0.04,1,602
R+P+D,basal,50,-0.36774673668563324,50,0.0,2,602
R+P+D,her2,50,-0.45595210460691193,50,0.04,4,602
R+P+D,luminal,50,-0.23853988957114353,50,0.04,0,602
R,basal,50,-0.3665903522577008,50,0.0,0,603
R,her2,50,-0.4499892437845422,50,0.02,5,603
R,luminal,50,-0.2660646973794814,50,0.06,2,603
R+P,basal,50,-0.19349849117905024,50,0.0,1,603
R+P,her2,50,-0.3677663671563483,50,0.04,2,603
R+P,luminal,50,-0.20390059430706692,50,0.04,0,603
R+D,basal,50,-0.48574287379745906,50,0.0,1,603
R+D,her2,50,-0.47143246654620646,50,0.02,4,603
R+D,luminal,50,-0.2694524115604281,50,0.04,0,603
R+P+D,basal,50,-0.32829418513105557,50,0.0,2,603
R+P+D,her2,50,-0.5378598717622026,50,0.02,4,603
R+P+D,luminal,50,-0.2609917038809411,50,0.04,1,603
R,basal,50,-0.5548862722199995,50,0.0,0,604
R,her2,50,-0.4903226778054646,50,0.0,8,604
R,luminal,50,-0.10877447135524845,50,0.04,1,604
R+P,basal,50,-0.32742199010909523,50,0.0,1,604
R+P,her2,50,-0.22858161279369074,50,0.02,3,604
R+P,luminal,50,-0.10038081567435692,50,0.04,1,604
R+D,basal,50,-0.6198606910805434,50,0.0,1,604
R+D,her2,50,-0.6764829105367434,50,0.02,8,604
R+D,luminal,50,-0.25598793454128443,50,0.02,1,604
R+P+D,basal,50,-0.4207570782385643,50,0.0,0,604
R+P+D,her2,50,-0.5106721551805036,50,0.02,6,604
R+P+D,luminal,50,-0.22135435067466233,50,0.02,2,604
R,basal,50,-0.45401648655636095,50,0.0,0,605
R,her2,50,-0.3931343245552508,50,0.04,9,605
R,luminal,50,-0.22130228536890761,50,0.04,1,605
R+P,basal,50,-0.4707033961012909,50,0.0,1,605
R+P,her2,50,-0.27933113650708963,50,0.02,4,605
R+P,luminal,50,-0.17017504811048684,50,0.04,1,605
R+D,basal,50,-0.6598986666877609,50,0.0,4,605
R+D,her2,50,-0.5014424017957572,50,0.02,9,605
R+D,luminal,50,-0.3452546033613336,50,0.04,1,605
R+P+D,basal,50,-0.6165214492386759,50,0.0,2,605
R+P+D,her2,50,-0.3328606672051441,50,0.02,6,605
R+P+D,luminal,50,-0.27380086862547137,50,0.04,1,605
R,basal,50,-0.6890133495135063,50,0.0,2,606
R,her2,50,-0.3437676062125464,50,0.02,4,606
R,luminal,50,-0.13434322041228067,50,0.04,2,606
R+P,basal,50,-0.6101823514893641,50,0.0,3,606
R+P,her2,50,-0.3449797949029582,50,0.02,2,606
R+P,luminal,50,-0.14084181930778364,50,0.04,4,606
R+D,basal,50,-0.6995814644895114,50,0.0,2,606
R+D,her2,50,-0.3781759534866599,50,0.02,3,606
R+D,luminal,50,-0.3043985063026782,50,0.04,1,606
R+P+D,basal,50,-0.6148765069548929,50,0.0,4,606
R+P+D,her2,50,-0.3719332904210571,50,0.02,3,606
R+P+D,luminal,50,-0.24390546203384356,50,0.04,1,606
R,basal,50,-0.5239208021325098,50,0.0,1,607
R,her2,50,-0.4551186858149006,50,0.04,6,607
R,luminal,50,-0.14667336625430133,50,0.06,2,607
R+P,basal,50,-0.46208502250978944,50,0.0,2,607
R+P,her2,50,-0.3678117167026538,50,0.02,4,607
R+P,luminal,50,-0.13686664330052795,50,0.06,1,607
R+D,basal,50,-0.6147623320355259,50,0.0,1,607
R+D,her2,50,-0.6540649926109233,50,0.02,9,607
R+D,luminal,50,-0.32291620615578354,50,0.04,1,607
R+P+D,basal,50,-0.48841608233918987,50,0.0,2,607
R+P+D,her2,50,-0.388385437015191,50,0.02,7,607
R+P+D,luminal,50,-0.21716242437233427,50,0.06,2,607
R,basal,50,-0.5613355730071461,50,0.0,3,608
R,her2,50,-0.3662979318614115,50,0.02,6,608
R,luminal,50,-0.15985258492432564,50,0.04,3,608
R+P,basal,50,-0.4564738221910648,50,0.0,2,608
R+P,her2,50,-0.3051926624081132,50,0.04,2,608
R+P,luminal,50,-0.13025903715468737,50,0.04,2,608
R+D,basal,50,-0.5299317758930296,50,0.0,2,608
R+D,her2,50,-0.46641607504928784,50,0.02,7,608
R+D,luminal,50,-0.38711762364793983,50,0.04,1,608
R+P+D,basal,50,-0.4461871424597031,50,0.0,1,608
R+P+D,her2,50,-0.3859866909175432,50,0.02,4,608
R+P+D,luminal,50,-0.28349410682461107,50,0.04,0,608
R,basal,50,-0.548535506722946,50,0.0,1,609
R,her2,50,-0.3794474090784611,50,0.02,6,609
R,luminal,50,-0.18755610699246947,50,0.06,1,609
R+P,basal,50,-0.34609473535674395,50,0.0,1,609
R+P,her2,50,-0.34866002969329574,50,0.02,3,609
R+P,luminal,50,-0.11386425475506842,50,0.04,0,609
R+D,basal,50,-0.6810267614258124,50,0.0,2,609
R+D,her2,50,-0.4413301154956845,50,0.02,4,609
R+D,luminal,50,-0.29426858578640763,50,0.04,1,609
R+P+D,basal,50,-0.5449173471875888,50,0.0,2,609
R+P+D,her2,50,-0.46919410339691253,50,0.02,5,609
R+P+D,luminal,50,-0.2254180631069676,50,0.04,1,609
R,basal,50,-0.44384327211995084,50,0.0,0,610
R,her2,50,-0.22144421120628785,50,0.04,4,610
R,luminal,50,-0.11787667738080121,50,0.06,2,610
R+P,basal,50,-0.2608886184156926,50,0.0,1,610
R+P,her2,50,-0.18819932985387078,50,0.02,2,610
R+P,luminal,50,-0.1594699881966689,50,0.06,2,610
R+D,basal,50,-0.6502066705177877,50,0.0,2,610
R+D,her2,50,-0.45966184726206427,50,0.02,6,610
R+D,luminal,50,-0.26084199739392394,50,0.02,1,610
R+P+D,basal,50,-0.3628381799364751,50,0.0,1,610
R+P+D,her2,50,-0.2552728264074153,50,0.02,3,610
R+P+D,luminal,50,-0.3325090892336079,50,0.02,0,610
R,basal,50,-0.37607874136254327,50,0.0,0,611
R,her2,50,-0.24097481534452891,50,0.02,4,611
R,luminal,50,-0.13145552515269437,50,0.06,3,611
R+P,basal,50,-0.2572594762280349,50,0.0,1,611
R+P,her2,50,-0.3622156478095438,50,0.02,3,611
R+P,luminal,50,-0.14831011943268846,50,0.04,2,611
R+D,basal,50,-0.6985285124561529,50,0.0,4,611
R+D,her2,50,-0.3873824669534755,50,0.02,6,611
R+D,luminal,50,-0.3105092352781725,50,0.04,1,611
R+P+D,basal,50,-0.4286291490907632,50,0.0,2,611
R+P+D,her2,50,-0.2826268968192046,50,0.02,2,611
R+P+D,luminal,50,-0.2648682717379603,50,0.06,4,611
R,basal,50,-0.46940989890573953,50,0.0,2,612
R,her2,50,-0.36848105760098326,50,0.02,10,612
R,luminal,50,-0.150566157870434,50,0.04,2,612
R+P,basal,50,-0.2784121646967808,50,0.0,1,612
R+P,her2,50,-0.325487624177395,50,0.02,2,612
R+P,luminal,50,-0.13007833154935422,50,0.06,1,612
R+D,basal,50,-0.6513177929491717,50,0.0,3,612
R+D,her2,50,-0.34168458619486763,50,0.02,4,612
R+D,luminal,50,-0.343823298359911,50,0.02,0,612
R+P+D,basal,50,-0.4936744927432932,50,0.0,2,612
R+P+D,her2,50,-0.32900852200551484,50,0.02,1,612
R+P+D,luminal,50,-0.33235637334397095,50,0.02,2,612
R,basal,50,-0.6333876007855046,50,0.0,0,613
R,her2,50,-0.26977250030867844,50,0.02,5,613
R,luminal,50,-0.14534978864781384,50,0.04,1,613
R+P,basal,50,-0.3730683503783749,50,0.0,1,613
R+P,her2,50,-0.21583542040164702,50,0.04,3,613
R+P,luminal,50,-0.11761663785840164,50,0.04,1,613
R+D,basal,50,-0.8126728303766686,50,0.0,2,613
R+D,her2,50,-0.4908369765947838,50,0.02,7,613
R+D,luminal,50,-0.3575680030646889,50,0.04,1,613
R+P+D,basal,50,-0.654654070726357,50,0.0,1,613
R+P+D,her2,50,-0.45573447545926027,50,0.02,7,613
R+P+D,luminal,50,-0.25001354611159127,50,0.04,2,613
R,basal,50,-0.7284936103966038,50,0.0,2,614
R,her2,50,-0.28021377874212183,50,0.02,6,614
R,luminal,50,-0.11381737602237207,50,0.04,3,614
R+P,basal,50,-0.4556980341416627,50,0.0,3,614
R+P,her2,50,-0.3216935315917692,50,0.02,4,614
R+P,luminal,50,-0.17493198675422164,50,0.06,2,614
R+D,basal,50,-0.7047243657304341,50,0.0,3,614
R+D,her2,50,-0.4481392466225798,50,0.02,7,614
R+D,luminal,50,-0.2309990896036936,50,0.02,1,614
R+P+D,basal,50,-0.5744976091359421,50,0.0,1,614
R+P+D,her2,50,-0.34196139866022357,50,0.04,6,614
R+P+D,luminal,50,-0.20963222136333523,50,0.02,1,614
R,basal,50,-0.571384218600299,50,0.0,4,615
R,her2,50,-0.427501453475503,50,0.02,7,615
R,luminal,50,-0.11572638741476217,50,0.04,3,615
R+P,basal,50,-0.46334435378450256,50,0.0,3,615
R+P,her2,50,-0.2522280104320791,50,0.02,3,615
R+P,luminal,50,-0.10335110279782,50,0.04,1,615
R+D,basal,50,-0.6617594047066397,50,0.0,3,615
R+D,her2,50,-0.5284267015334609,50,0.02,3,615
R+D,luminal,50,-0.2535100103902743,50,0.02,2,615
R+P+D,basal,50,-0.494834655444781,50,0.0,3,615
R+P+D,her2,50,-0.28369488076341143,50,0.02,3,615
R+P+D,luminal,50,-0.2736685394842231,50,0.02,2,615
R,basal,50,-0.5048337664307606,50,0.0,2,616
R,her2,50,-0.34598329445614323,50,0.04,3,616
R,luminal,50,-0.1615211379185711,50,0.06,3,616
R+P,basal,50,-0.38998504327229017,50,0.0,4,616
R+P,her2,50,-0.23309523316888367,50,0.02,3,616
R+P,luminal,50,-0.1628999519259939,50,0.08,3,616
R+D,basal,50,-0.7039372649699114,50,0.0,2,616
R+D,her2,50,-0.4567797096993887,50,0.02,10,616
R+D,luminal,50,-0.25458307245149275,50,0.02,0,616
R+P+D,basal,50,-0.4828817633364196,50,0.0,1,616
R+P+D,her2,50,-0.3689969981640801,50,0.02,6,616
R+P+D,luminal,50,-0.28239121200517564,50,0.02,0,616
R,basal,50,-0.6105598662323949,50,0.0,4,617
R,her2,50,-0.2594618377337442,50,0.02,3,617
R,luminal,50,-0.1642017794801762,50,0.06,3,617
R+P,basal,50,-0.5250964192308646,50,0.0,4,617
R+P,her2,50,-0.2588555012114191,50,0.02,2,617
R+P,luminal,50,-0.1457226928928723,50,0.06,3,617
R+D,basal,50,-0.7318707848715574,50,0.0,5,617
R+D,her2,50,-0.4630974671407053,50,0.04,6,617
R+D,luminal,50,-0.3899558421847257,50,0.04,1,617
R+P+D,basal,50,-0.6027136944798047,50,0.0,4,617
R+P+D,her2,50,-0.4110816196285995,50,0.02,5,617
R+P+D,luminal,50,-0.29560328602809566,50,0.06,2,617
R,basal,50,-0.4808958671107866,50,0.0,0,618
R,her2,50,-0.38419174404903167,50,0.02,7,618
R,luminal,50,-0.1114127274632773,50,0.04,2,618
R+P,basal,50,-0.2992212900165665,50,0.0,2,618
R+P,her2,50,-0.3320277013207673,50,0.02,4,618
R+P,luminal,50,-0.15247305849026396,50,0.04,1,618
R+D,basal,50,-0.6445525846428248,50,0.0,2,618
R+D,her2,50,-0.4713555974392057,50,0.02,5,618
R+D,luminal,50,-0.2922581101758473,50,0.02,1,618
R+P+D,basal,50,-0.400953448013291,50,0.0,1,618
R+P+D,her2,50,-0.38553826404028785,50,0.02,3,618
R+P+D,luminal,50,-0.16222704131812232,50,0.02,1,618
R,basal,50,-0.47326208504649314,50,0.0,0,619
R,her2,50,-0.25094627740327047,50,0.02,6,619
R,luminal,50,-0.17021341062909517,50,0.06,1,619
R+P,basal,50,-0.3175682847975083,50,0.0,1,619
R+P,her2,50,-0.2675979816064676,50,0.02,2,619
R+P,luminal,50,-0.13490280781020209,50,0.06,2,619
R+D,basal,50,-0.7225181236535616,50,0.0,3,619
R+D,her2,50,-0.42622585308881533,50,0.02,7,619
R+D,luminal,50,-0.2111474574025481,50,0.02,1,619
R+P+D,basal,50,-0.39669791506353363,50,0.0,1,619
R+P+D,her2,50,-0.4256214218695448,50,0.02,3,619
R+P+D,luminal,50,-0.23411115719713418,50,0.02,0,619
R,basal,50,-0.5579997272000083,50,0.0,2,620
R,her2,50,-0.338691155877946,50,0.02,6,620
R,luminal,50,-0.107287115992135,50,0.04,3,620
R+P,basal,50,-0.46655602105624544,50,0.0,1,620
R+P,her2,50,-0.19062291638944986,50,0.02,3,620
R+P,luminal,50,-0.12127415186920505,50,0.04,1,620
R+D,basal,50,-0.700271922215496,50,0.0,2,620
R+D,her2,50,-0.45234686291719556,50,0.02,3,620
R+D,luminal,50,-0.3040896895147388,50,0.04,2,620
R+P+D,basal,50,-0.6022889759221354,50,0.0,1,620
R+P+D,her2,50,-0.26423075876042884,50,0.02,3,620
R+P+D,luminal,50,-0.23967872988607003,50,0.04,2,620
R,basal,50,-0.553115195819607,50,0.0,1,621
R,her2,50,-0.29973487381136044,50,0.02,5,621
R,luminal,50,-0.15690761306704484,50,0.04,1,621
R+P,basal,50,-0.25066179905658226,50,0.0,2,621
R+P,her2,50,-0.3068579022595696,50,0.02,2,621
R+P,luminal,50,-0.13473840347993185,50,0.04,0,621
R+D,basal,50,-0.6165686264196633,50,0.0,1,621
R+D,her2,50,-0.4339659999017934,50,0.04,5,621
R+D,luminal,50,-0.43243591479666754,50,0.04,3,621
R+P+D,basal,50,-0.42782226050005184,50,0.0,1,621
R+P+D,her2,50,-0.4779193978391547,50,0.04,3,621
R+P+D,luminal,50,-0.31506299174286184,50,0.04,2,621
R,basal,50,-0.4720121833922073,50,0.0,0,622
R,her2,50,-0.3559439815699029,50,0.0,2,622
R,luminal,50,-0.1666525388419358,50,0.04,2,622
R+P,basal,50,-0.45473212099931914,50,0.0,2,622
R+P,her2,50,-0.3309288935916042,50,0.02,2,622
R+P,luminal,50,-0.12821089771300076,50,0.04,2,622
R+D,basal,50,-0.71859850105715,50,0.0,0,622
R+D,her2,50,-0.37926766386848987,50,0.02,4,622
R+D,luminal,50,-0.3506532893502659,50,0.04,3,622
R+P+D,basal,50,-0.7804120002825737,50,0.0,2,622
R+P+D,her2,50,-0.36932004589235684,50,0.02,2,622
R+P+D,luminal,50,-0.3291154079943383,50,0.04,3,622
R,basal,50,-0.49106347815606477,50,0.0,2,623
R,her2,50,-0.32498808321141076,50,0.02,6,623
R,luminal,50,-0.19257755419906852,50,0.06,4,623
R+P,basal,50,-0.22598857623699387,50,0.0,1,623
R+P,her2,50,-0.31971419169485604,50,0.02,3,623
R+P,luminal,50,-0.2655653084777025,50,0.08,3,623
R+D,basal,50,-0.6598882157687997,50,0.0,4,623
R+D,her2,50,-0.3951126648604168,50,0.02,5,623
R+D,luminal,50,-0.26384213511789106,50,0.04,0,623
R+P+D,basal,50,-0.33546660343131557,50,0.0,0,623
R+P+D,her2,50,-0.32113165820548334,50,0.02,4,623
R+P+D,luminal,50,-0.305176338312476,50,0.04,1,623
R,basal,50,-0.4883685992153351,50,0.0,0,624
R,her2,50,-0.4419426377616742,50,0.0,4,624
R,luminal,50,-0.12195162568214168,50,0.04,1,624
R+P,basal,50,-0.3243809868966963,50,0.0,1,624
R+P,her2,50,-0.4048979996717692,50,0.0,2,624
R+P,luminal,50,-0.14817812571779185,50,0.04,1,624
R+D,basal,50,-0.6574687447437917,50,0.0,0,624
R+D,her2,50,-0.47636419167814836,50,0.02,3,624
R+D,luminal,50,-0.320966011562265,50,0.02,1,624
R+P+D,basal,50,-0.47265113393908537,50,0.0,1,624
R+P+D,her2,50,-0.500711622310125,50,0.02,4,624
R+P+D,luminal,50,-0.2539551509065347,50,0.02,2,624
R,basal,50,-0.6024969485991732,50,0.0,2,625
R,her2,50,-0.4320890520669133,50,0.02,11,625
R,luminal,50,-0.09930569289341092,50,0.02,2,625
R+P,basal,50,-0.33932705904476995,50,0.0,2,625
R+P,her2,50,-0.2158248293651195,50,0.02,4,625
R+P,luminal,50,-0.1352256851466033,50,0.04,1,625
R+D,basal,50,-0.6019970803497174,50,0.0,1,625
R+D,her2,50,-0.6619398577053701,50,0.02,7,625
R+D,luminal,50,-0.3417646276366302,50,0.04,1,625
R+P+D,basal,50,-0.5455516065924152,50,0.0,3,625
R+P+D,her2,50,-0.32782052514176785,50,0.02,4,625
R+P+D,luminal,50,-0.2640105998387542,50,0.04,2,625
R,basal,50,-0.4731387884192169,50,0.0,2,626
R,her2,50,-0.4273368479974728,50,0.02,7,626
R,luminal,50,-0.1333738246777891,50,0.04,4,626
R+P,basal,50,-0.42400322227059095,50,0.0,0,626
R+P,her2,50,-0.29328197916105314,50,0.02,2,626
R+P,luminal,50,-0.14091237524385358,50,0.04,2,626
R+D,basal,50,-0.7084937442745247,50,0.0,3,626
R+D,her2,50,-0.5185781454439471,50,0.02,5,626
R+D,luminal,50,-0.3036730381584915,50,0.02,2,626
R+P+D,basal,50,-0.5091501468217561,50,0.0,4,626
R+P+D,her2,50,-0.3606773026492355,50,0.02,3,626
R+P+D,luminal,50,-0.15200576323155562,50,0.02,3,626
R,basal,50,-0.30196013673543265,50,0.0,2,627
R,her2,50,-0.4243748113672279,50,0.04,7,627
R,luminal,50,-0.22494735105540165,50,0.04,2,627
R+P,basal,50,-0.24394312525725803,50,0.0,2,627
R+P,her2,50,-0.21186580730909754,50,0.02,3,627
R+P,luminal,50,-0.15452790597062493,50,0.04,2,627
R+D,basal,50,-0.44930219172655095,50,0.0,2,627
R+D,her2,50,-0.5749639821683012,50,0.02,5,627
R+D,luminal,50,-0.38528092817291265,50,0.04,2,627
R+P+D,basal,50,-0.43111829885227826,50,0.0,2,627
R+P+D,her2,50,-0.3732436346552434,50,0.02,4,627
R+P+D,luminal,50,-0.23099771914300576,50,0.04,0,627
R,basal,50,-0.477362083418396,50,0.0,1,628
R,her2,50,-0.236537991037691,50,0.02,3,628
R,luminal,50,-0.12010469954093488,50,0.04,4,628
R+P,basal,50,-0.28289572208856706,50,0.0,1,628
R+P,her2,50,-0.21661170238939803,50,0.02,2,628
R+P,luminal,50,-0.17187874070848333,50,0.06,4,628
R+D,basal,50,-0.6790519027933132,50,0.0,3,628
R+D,her2,50,-0.3892088935582151,50,0.02,7,628
R+D,luminal,50,-0.3102509943802675,50,0.04,0,628
R+P+D,basal,50,-0.4535798661482856,50,0.0,0,628
R+P+D,her2,50,-0.3345853557461864,50,0.02,5,628
R+P+D,luminal,50,-0.35609299518890675,50,0.04,2,628
R,basal,50,-0.4018422511266138,50,0.0,0,629
R,her2,50,-0.3903609090664869,50,0.02,5,629
R,luminal,50,-0.15258010365196403,50,0.04,1,629
R+P,basal,50,-0.21865123141024237,50,0.0,3,629
R+P,her2,50,-0.3347823174856023,50,0.02,3,629
R+P,luminal,50,-0.14016431393517892,50,0.04,0,629
R+D,basal,50,-0.5187510054204703,50,0.0,1,629
R+D,her2,50,-0.51522934206227,50,0.02,5,629
R+D,luminal,50,-0.2977585128480855,50,0.02,1,629
R+P+D,basal,50,-0.38701597235176977,50,0.0,0,629
R+P+D,her2,50,-0.4234811004627402,50,0.02,4,629
R+P+D,luminal,50,-0.2425679933762526,50,0.02,1,629
R,basal,50,-0.683076960681108,50,0.0,3,630
R,her2,50,-0.33830337568125324,50,0.02,4,630
R,luminal,50,-0.18922596237859313,50,0.04,1,630
R+P,basal,50,-0.20182908089824309,50,0.0,3,630
R+P,her2,50,-0.2860742310510205,50,0.02,4,630
R+P,luminal,50,-0.1632814999023317,50,0.06,1,630
R+D,basal,50,-0.7430834080965099,50,0.0,3,630
R+D,her2,50,-0.37330708473062296,50,0.02,6,630
R+D,luminal,50,-0.41578963803785096,50,0.04,2,630
R+P+D,basal,50,-0.5745308349013981,50,0.0,4,630
R+P+D,her2,50,-0.47218224656140156,50,0.04,3,630
R+P+D,luminal,50,-0.3302261146914595,50,0.04,1,630
R,basal,50,-0.5129829084214935,50,0.0,1,631
R,her2,50,-0.30169000829083936,50,0.04,6,631
R,luminal,50,-0.2407664676320953,50,0.04,1,631
R+P,basal,50,-0.2323890667895471,50,0.0,2,631
R+P,her2,50,-0.3350074588000869,50,0.04,3,631
R+P,luminal,50,-0.22618309527692496,50,0.06,2,631
R+D,basal,50,-0.674007020538644,50,0.0,4,631
R+D,her2,50,-0.47508440448329753,50,0.02,7,631
R+D,luminal,50,-0.3898786124395211,50,0.04,1,631
R+P+D,basal,50,-0.43411909037216695,50,0.0,2,631
R+P+D,her2,50,-0.3967296152599182,50,0.04,6,631
R+P+D,luminal,50,-0.3127882440397084,50,0.04,0,631
R,basal,50,-0.5017269451374835,50,0.0,1,632
R,her2,50,-0.41040436232322725,50,0.04,8,632
R,luminal,50,-0.1352771372502631,50,0.04,2,632
R+P,basal,50,-0.4405554615900392,50,0.0,2,632
R+P,her2,50,-0.1706164973392495,50,0.02,4,632
R+P,luminal,50,-0.1756812097160968,50,0.06,2,632
R+D,basal,50,-0.684175546229534,50,0.0,2,632
R+D,her2,50,-0.5249958973816393,50,0.02,9,632
R+D,luminal,50,-0.3945256685683599,50,0.04,2,632
R+P+D,basal,50,-0.5627915471736923,50,0.0,3,632
R+P+D,her2,50,-0.2908364326599689,50,0.02,5,632
R+P+D,luminal,50,-0.2320377335155083,50,0.04,1,632
R,basal,50,-0.5935571981487383,50,0.0,2,633
R,her2,50,-0.3291722870526615,50,0.02,5,633
R,luminal,50,-0.12951090283201194,50,0.04,3,633
R+P,basal,50,-0.315929846205675,50,0.0,2,633
R+P,her2,50,-0.3246076687189581,50,0.02,2,633
R+P,luminal,50,-0.1292053934120224,50,0.04,1,633
R+D,basal,50,-0.7053505431251922,50,0.0,2,633
R+D,her2,50,-0.41059935928217617,50,0.02,5,633
R+D,luminal,50,-0.2827538051883587,50,0.04,0,633
R+P+D,basal,50,-0.44037279972641785,50,0.0,1,633
R+P+D,her2,50,-0.4392668280956936,50,0.02,5,633
R+P+D,luminal,50,-0.29519293867573376,50,0.04,1,633
R,basal,50,-0.4854229068870367,50,0.0,2,634
R,her2,50,-0.3312872198309257,50,0.02,3,634
R,luminal,50,-0.15409122409119985,50,0.04,1,634
R+P,basal,50,-0.37058279137079003,50,0.0,4,634
R+P,her2,50,-0.17637754944000197,50,0.02,2,634
R+P,luminal,50,-0.11026648288491371,50,0.04,1,634
R+D,basal,50,-0.5948185032506871,50,0.0,0,634
R+D,her2,50,-0.46503725271217283,50,0.02,5,634
R+D,luminal,50,-0.39028970521851697,50,0.04,3,634
R+P+D,basal,50,-0.4844096294333534,50,0.0,1,634
R+P+D,her2,50,-0.46886599974795623,50,0.02,5,634
R+P+D,luminal,50,-0.2618334259886483,50,0.04,2,634
R,basal,50,-0.49084103422958203,50,0.0,0,635
R,her2,50,-0.3055054294155369,50,0.02,9,635
R,luminal,50,-0.1424072995169606,50,0.04,1,635
R+P,basal,50,-0.45321207252384044,50,0.0,1,635
R+P,her2,50,-0.2656931996728777,50,0.02,5,635
R+P,luminal,50,-0.19674818794752166,50,0.04,2,635
R+D,basal,50,-0.5895401575422751,50,0.0,2,635
R+D,her2,50,-0.37318516716640354,50,0.02,3,635
R+D,luminal,50,-0.3004679331679087,50,0.04,2,635
R+P+D,basal,50,-0.5407516828950347,50,0.0,1,635
R+P+D,her2,50,-0.4120691656991805,50,0.02,4,635
R+P+D,luminal,50,-0.2833364970866414,50,0.04,1,635
R,basal,50,-0.44702700372712134,50,0.0,0,636
R,her2,50,-0.26486135549648365,50,0.02,7,636
R,luminal,50,-0.10341133790197073,50,0.04,1,636
R+P,basal,50,-0.2590885885380259,50,0.0,0,636
R+P,her2,50,-0.20968726549749409,50,0.02,4,636
R+P,luminal,50,-0.11200098575108264,50,0.04,2,636
R+D,basal,50,-0.6370565316470098,50,0.0,1,636
R+D,her2,50,-0.3959609056307211,50,0.02,6,636
R+D,luminal,50,-0.37616248927145407,50,0.02,2,636
R+P+D,basal,50,-0.5690788378523652,50,0.0,1,636
R+P+D,her2,50,-0.36461039707351867,50,0.02,6,636
R+P+D,luminal,50,-0.24464867248302824,50,0.02,1,636
R,basal,50,-0.6082406445620494,50,0.0,2,637
R,her2,50,-0.2686640111397961,50,0.04,6,637
R,luminal,50,-0.11677052775762943,50,0.06,2,637
R+P,basal,50,-0.5191439918117308,50,0.0,0,637
R+P,her2,50,-0.25640830431189704,50,0.02,4,637
R+P,luminal,50,-0.13332803593457077,50,0.04,2,637
R+D,basal,50,-0.6934947111278585,50,0.0,0,637
R+D,her2,50,-0.541442066733393,50,0.04,7,637
R+D,luminal,50,-0.32571250292145926,50,0.04,2,637
R+P+D,basal,50,-0.5797852584354475,50,0.0,1,637
R+P+D,her2,50,-0.3399784873362334,50,0.02,4,637
R+P+D,luminal,50,-0.23627480944214202,50,0.04,1,637
R,basal,50,-0.45551762087458647,50,0.0,1,638
R,her2,50,-0.3828484152771266,50,0.04,8,638
R,luminal,50,-0.11600824899111295,50,0.04,4,638
R+P,basal,50,-0.3499780777006054,50,0.0,1,638
R+P,her2,50,-0.18273755807864756,50,0.02,4,638
R+P,luminal,50,-0.10410764074626952,50,0.04,2,638
R+D,basal,50,-0.5771374956617629,50,0.0,1,638
R+D,her2,50,-0.5208714798942993,50,0.04,9,638
R+D,luminal,50,-0.3066576071524304,50,0.04,2,638
R+P+D,basal,50,-0.44381999280604284,50,0.0,2,638
R+P+D,her2,50,-0.29177222109337264,50,0.02,4,638
R+P+D,luminal,50,-0.31338398462891565,50,0.04,1,638
R,basal,50,-0.5305036550651187,50,0.0,1,639
R,her2,50,-0.4552350088212458,50,0.04,6,639
R,luminal,50,-0.16741339600273686,50,0.04,2,639
R+P,basal,50,-0.40318058566337767,50,0.0,0,639
R+P,her2,50,-0.35494600274689575,50,0.04,3,639
R+P,luminal,50,-0.1075898965411504,50,0.04,1,639
R+D,basal,50,-0.740587586591872,50,0.0,2,639
R+D,her2,50,-0.45504555138007824,50,0.02,7,639
R+D,luminal,50,-0.3605979387714155,50,0.04,1,639
R+P+D,basal,50,-0.525728323362145,50,0.0,0,639
R+P+D,her2,50,-0.3338572778804164,50,0.02,4,639
R+P+D,luminal,50,-0.25578140808365385,50,0.04,0,639
R,basal,50,-0.46103816544086784,50,0.0,2,640
R,her2,50,-0.4684825003060742,50,0.02,9,640
R,luminal,50,-0.15435393761151892,50,0.04,1,640
R+P,basal,50,-0.3628435362968039,50,0.0,2,640
R+P,her2,50,-0.37673452362657955,50,0.02,2,640
R+P,luminal,50,-0.14687114635349696,50,0.06,2,640
R+D,basal,50,-0.5857303395970686,50,0.0,0,640
R+D,her2,50,-0.5671497507428989,50,0.02,8,640
R+D,luminal,50,-0.268605435997171,50,0.04,1,640
R+P+D,basal,50,-0.46977930617449787,50,0.0,1,640
R+P+D,her2,50,-0.5015826914635089,50,0.02,5,640
R+P+D,luminal,50,-0.21452455754488628,50,0.04,1,640
R,basal,50,-0.6287570405664383,50,0.0,2,641
R,her2,50,-0.5674356276964472,50,0.02,10,641
R,luminal,50,-0.16188618199408328,50,0.04,1,641
R+P,basal,50,-0.3247710264067585,50,0.0,2,641
R+P,her2,50,-0.4435524559476244,50,0.02,4,641
R+P,luminal,50,-0.1501823129039846,50,0.04,0,641
R+D,basal,50,-0.6275495308521731,50,0.0,1,641
R+D,her2,50,-0.7549797326603873,50,0.02,11,641
R+D,luminal,50,-0.3395637661773195,50,0.04,2,641
R+P+D,basal,50,-0.5272720324207081,50,0.0,1,641
R+P+D,her2,50,-0.4671672352678252,50,0.02,5,641
R+P+D,luminal,50,-0.21718772113718315,50,0.04,1,641
R,basal,50,-0.6570512118208822,50,0.0,2,642
R,her2,50,-0.3631191608623529,50,0.02,7,642
R,luminal,50,-0.11382020747147015,50,0.04,1,642
R+P,basal,50,-0.4800337438642193,50,0.0,0,642
R+P,her2,50,-0.22252894068409418,50,0.02,3,642
R+P,luminal,50,-0.14525976748492966,50,0.04,2,642
R+D,basal,50,-0.6510816646687304,50,0.0,3,642
R+D,her2,50,-0.34789577851544984,50,0.02,6,642
R+D,luminal,50,-0.33633448304821345,50,0.02,2,642
R+P+D,basal,50,-0.6100139376455208,50,0.0,1,642
R+P+D,her2,50,-0.30475795915317705,50,0.02,6,642
R+P+D,luminal,50,-0.20947477979424112,50,0.02,2,642
R,basal,50,-0.5610698567169117,50,0.0,0,643
R,her2,50,-0.38936591768846607,50,0.04,6,643
R,luminal,50,-0.12935196349365255,50,0.04,1,643
R+P,basal,50,-0.2842635986082326,50,0.0,1,643
R+P,her2,50,-0.35314283078781594,50,0.02,5,643
R+P,luminal,50,-0.11571397026137185,50,0.06,1,643
R+D,basal,50,-0.6334591357604431,50,0.0,2,643
R+D,her2,50,-0.6176011065027578,50,0.04,9,643
R+D,luminal,50,-0.38616096845402553,50,0.04,0,643
R+P+D,basal,50,-0.540170519611176,50,0.0,1,643
R+P+D,her2,50,-0.5541310672628638,50,0.02,8,643
R+P+D,luminal,50,-0.300575787298862,50,0.04,1,643
R,basal,50,-0.5685496238384609,50,0.0,4,644
R,her2,50,-0.32710153031900363,50,0.02,5,644
R,luminal,50,-0.18828702740431943,50,0.04,3,644
R+P,basal,50,-0.5884337570133581,50,0.0,2,644
R+P,her2,50,-0.2604303310684464,50,0.04,1,644
R+P,luminal,50,-0.13303416778921567,50,0.04,2,644
R+D,basal,50,-0.637278146454792,50,0.0,3,644
R+D,her2,50,-0.4357261659031675,50,0.02,4,644
R+D,luminal,50,-0.35119255658200293,50,0.04,1,644
R+P+D,basal,50,-0.7029957225891995,50,0.0,2,644
R+P+D,her2,50,-0.34699270803310184,50,0.02,4,644
R+P+D,luminal,50,-0.22470160149496038,50,0.04,1,644
R,basal,50,-0.37333421957002805,50,0.0,0,645
R,her2,50,-0.3594766372130873,50,0.02,4,645
R,luminal,50,-0.1867599780801686,50,0.06,3,645
R+P,basal,50,-0.3410253778556504,50,0.0,3,645
R+P,her2,50,-0.34166287139275925,50,0.02,3,645
R+P,luminal,50,-0.1595002912739739,50,0.04,3,645
R+D,basal,50,-0.6624312164214445,50,0.0,2,645
R+D,her2,50,-0.5020120192702519,50,0.02,2,645
R+D,luminal,50,-0.467114491767631,50,0.04,2,645
R+P+D,basal,50,-0.40292929215399836,50,0.0,3,645
R+P+D,her2,50,-0.4300298830181606,50,0.02,3,645
R+P+D,luminal,50,-0.3133490027231212,50,0.04,1,645
R,basal,50,-0.4809655384764018,50,0.0,2,646
R,her2,50,-0.2900934869934524,50,0.02,7,646
R,luminal,50,-0.1675440583154889,50,0.06,3,646
R+P,basal,50,-0.43974395666748556,50,0.0,2,646
R+P,her2,50,-0.21145493203730056,50,0.04,3,646
R+P,luminal,50,-0.19486825125498455,50,0.06,3,646
R+D,basal,50,-0.6092635257894493,50,0.0,1,646
R+D,her2,50,-0.39414430395960776,50,0.02,4,646
R+D,luminal,50,-0.38596627765642355,50,0.04,2,646
R+P+D,basal,50,-0.5640084599068884,50,0.0,1,646
R+P+D,her2,50,-0.3479919184795773,50,0.02,3,646
R+P+D,luminal,50,-0.3378123150444034,50,0.06,3,646
R,basal,50,-0.5874684882570552,50,0.0,1,647
R,her2,50,-0.38586091065119105,50,0.02,7,647
R,luminal,50,-0.12352984061305593,50,0.04,2,647
R+P,basal,50,-0.39462261418245015,50,0.0,2,647
R+P,her2,50,-0.3054381653367631,50,0.02,5,647
R+P,luminal,50,-0.13104735886627233,50,0.04,2,647
R+D,basal,50,-0.6533029585847396,50,0.0,2,647
R+D,her2,50,-0.5187615824716141,50,0.02,9,647
R+D,luminal,50,-0.3700070478941113,50,0.04,0,647
R+P+D,basal,50,-0.44971019387727507,50,0.0,1,647
R+P+D,her2,50,-0.40419960833819024,50,0.02,7,647
R+P+D,luminal,50,-0.2947943663402521,50,0.04,0,647
R,basal,50,-0.49424485032504345,50,0.0,0,648
R,her2,50,-0.42715582252743983,50,0.04,6,648
R,luminal,50,-0.1526412513957455,50,0.04,2,648
R+P,basal,50,-0.24511934316696035,50,0.0,0,648
R+P,her2,50,-0.2644678204093538,50,0.02,3,648
R+P,luminal,50,-0.14101352970408512,50,0.04,1,648
R+D,basal,50,-0.5592080942891329,50,0.0,2,648
R+D,her2,50,-0.5185671946432574,50,0.04,5,648
R+D,luminal,50,-0.26029978131377485,50,0.02,1,648
R+P+D,basal,50,-0.5483775448344583,50,0.0,1,648
R+P+D,her2,50,-0.4519160520458629,50,0.02,3,648
R+P+D,luminal,50,-0.1122367837321355,50,0.02,1,648
R,basal,50,-0.40992227415880245,50,0.0,0,649
R,her2,50,-0.3594100994081984,50,0.02,6,649
R,luminal,50,-0.1698767104694332,50,0.04,3,649
R+P,basal,50,-0.3211676378707223,50,0.0,3,649
R+P,her2,50,-0.18149540773037753,50,0.02,4,649
R+P,luminal,50,-0.17772277394051192,50,0.04,2,649
R+D,basal,50,-0.5540943180508002,50,0.0,1,649
R+D,her2,50,-0.5470143846976847,50,0.02,9,649
R+D,luminal,50,-0.3247117511945096,50,0.02,0,649
R+P+D,basal,50,-0.48748555486675316,50,0.0,3,649
R+P+D,her2,50,-0.32539321724795217,50,0.02,4,649
R+P+D,luminal,50,-0.3570224325196314,50,0.02,0,649
R,basal,50,-0.5734755503538557,50,0.0,1,650
R,her2,50,-0.4116186671280673,50,0.04,9,650
R,luminal,50,-0.16579398430391812,50,0.06,3,650
R+P,basal,50,-0.31653807804416806,50,0.0,2,650
R+P,her2,50,-0.38633383822242334,50,0.02,5,650
R+P,luminal,50,-0.1727200702230066,50,0.06,1,650
R+D,basal,50,-0.7427883998831717,50,0.0,3,650
R+D,her2,50,-0.4434306172601791,50,0.02,4,650
R+D,luminal,50,-0.2531248016890282,50,0.04,0,650
R+P+D,basal,50,-0.4257147718765007,50,0.0,1,650
R+P+D,her2,50,-0.3986404373827172,50,0.02,3,650
R+P+D,luminal,50,-0.15322126211125645,50,0.04,2,650
R,basal,50,-0.6268236630208254,50,0.0,4,651
R,her2,50,-0.46549882002837784,50,0.02,9,651
R,luminal,50,-0.18033118444608778,50,0.04,1,651
R+P,basal,50,-0.4858087397367652,50,0.0,3,651
R+P,her2,50,-0.2884836797391679,50,0.02,2,651
R+P,luminal,50,-0.13236832368076076,50,0.04,1,651
R+D,basal,50,-0.5576444905147858,50,0.0,0,651
R+D,her2,50,-0.523155513160394,50,0.02,6,651
R+D,luminal,50,-0.3771491416957148,50,0.04,1,651
R+P+D,basal,50,-0.4721398854365073,50,0.0,1,651
R+P+D,her2,50,-0.4475107667209355,50,0.02,2,651
R+P+D,luminal,50,-0.2975597620183333,50,0.04,1,651
R,basal,50,-0.3864162878886339,50,0.0,0,652
R,her2,50,-0.4346402201577131,50,0.04,10,652
R,luminal,50,-0.12107657896048828,50,0.06,2,652
R+P,basal,50,-0.45097765421825,50,0.0,0,652
R+P,her2,50,-0.18596326257153437,50,0.02,5,652
R+P,luminal,50,-0.14350676399834084,50,0.06,1,652
R+D,basal,50,-0.5912651424310439,50,0.0,2,652
R+D,her2,50,-0.49212159616357487,50,0.02,8,652
R+D,luminal,50,-0.2740821125386579,50,0.04,2,652
R+P+D,basal,50,-0.5945368463349134,50,0.0,2,652
R+P+D,her2,50,-0.26670195086884907,50,0.02,5,652
R+P+D,luminal,50,-0.1928393018183115,50,0.04,1,652
R,basal,50,-0.7482224183685036,50,0.0,2,653
R,her2,50,-0.2385156215448812,50,0.02,6,653
R,luminal,50,-0.12517888428520474,50,0.04,1,653
R+P,basal,50,-0.27339897063876,50,0.0,2,653
R+P,her2,50,-0.4154529793245823,50,0.02,6,653
R+P,luminal,50,-0.14166603355737895,50,0.02,3,653
R+D,basal,50,-0.6715552462976291,50,0.0,1,653
R+D,her2,50,-0.5079085346578832,50,0.02,7,653
R+D,luminal,50,-0.27477173404382227,50,0.02,1,653
R+P+D,basal,50,-0.513014113485061,50,0.0,1,653
R+P+D,her2,50,-0.524138079955874,50,0.02,5,653
R+P+D,luminal,50,-0.2780651133308128,50,0.02,2,653
R,basal,50,-0.4001023259670085,50,0.0,0,654
R,her2,50,-0.32919451390579674,50,0.02,5,654
R,luminal,50,-0.10985770626871176,50,0.04,3,654
R+P,basal,50,-0.30235826860492976,50,0.0,1,654
R+P,her2,50,-0.29140934916579153,50,0.02,6,654
R+P,luminal,50,-0.11425185538201407,50,0.04,2,654
R+D,basal,50,-0.6535041137942469,50,0.0,2,654
R+D,her2,50,-0.4512700424465143,50,0.02,5,654
R+D,luminal,50,-0.22907583191358533,50,0.02,1,654
R+P+D,basal,50,-0.4967839625617561,50,0.0,1,654
R+P+D,her2,50,-0.37610890135672237,50,0.02,4,654
R+P+D,luminal,50,-0.1545535050590307,50,0.02,3,654
R,basal,50,-0.6596184952625195,50,0.0,3,655
R,her2,50,-0.41556597809880463,50,0.04,6,655
R,luminal,50,-0.11272496727565087,50,0.04,1,655
R+P,basal,50,-0.6576767547527264,50,0.0,4,655
R+P,her2,50,-0.22565870421450954,50,0.02,4,655
R+P,luminal,50,-0.12867492905834943,50,0.04,1,655
R+D,basal,50,-0.6663009901768158,50,0.0,3,655
R+D,her2,50,-0.44492071867242977,50,0.02,8,655
R+D,luminal,50,-0.3715218674358198,50,0.04,2,655
R+P+D,basal,50,-0.6669763033418257,50,0.0,2,655
R+P+D,her2,50,-0.2885091287939797,50,0.02,3,655
R+P+D,luminal,50,-0.26165816434422223,50,0.04,4,655
R,basal,50,-0.5326212612509886,50,0.0,1,656
R,her2,50,-0.37186799885505323,50,0.02,9,656
R,luminal,50,-0.16494766358217752,50,0.06,1,656
R+P,basal,50,-0.27280357984429005,50,0.0,2,656
R+P,her2,50,-0.2673793105517271,50,0.02,5,656
R+P,luminal,50,-0.08891809897229391,50,0.04,1,656
R+D,basal,50,-0.6578440582855172,50,0.0,4,656
R+D,her2,50,-0.4413709594351549,50,0.02,9,656
R+D,luminal,50,-0.25621769349091017,50,0.04,1,656
R+P+D,basal,50,-0.4146421183217508,50,0.0,3,656
R+P+D,her2,50,-0.41101026456930795,50,0.02,4,656
R+P+D,luminal,50,-0.22728287507387665,50,0.04,1,656
R,basal,50,-0.4851242282642572,50,0.0,1,657
R,her2,50,-0.2581911953275054,50,0.02,6,657
R,luminal,50,-0.1508377652939174,50,0.04,1,657
R+P,basal,50,-0.44564282465983385,50,0.0,2,657
R+P,her2,50,-0.17723520350787045,50,0.02,4,657
R+P,luminal,50,-0.1621825277647453,50,0.04,0,657
R+D,basal,50,-0.6543544136277681,50,0.0,2,657
R+D,her2,50,-0.5667119181359267,50,0.02,9,657
R+D,luminal,50,-0.35548538997384377,50,0.02,0,657
R+P+D,basal,50,-0.5388671115179696,50,0.0,2,657
R+P+D,her2,50,-0.22421707225624715,50,0.02,4,657
R+P+D,luminal,50,-0.24340895430009468,50,0.02,0,657
R,basal,50,-0.7237742391607553,50,0.0,5,658
R,her2,50,-0.31709770913125734,50,0.02,7,658
R,luminal,50,-0.156297502110325,50,0.02,2,658
R+P,basal,50,-0.4960594278010478,50,0.0,2,658
R+P,her2,50,-0.27159977000500013,50,0.02,4,658
R+P,luminal,50,-0.20013054523473897,50,0.06,2,658
R+D,basal,50,-0.6854156574635236,50,0.0,3,658
R+D,her2,50,-0.45864770944515015,50,0.02,7,658
R+D,luminal,50,-0.40585893545473595,50,0.04,0,658
R+P+D,basal,50,-0.614594033428384,50,0.0,1,658
R+P+D,her2,50,-0.30087780040773693,50,0.02,3,658
R+P+D,luminal,50,-0.33574727755615236,50,0.04,0,658
R,basal,50,-0.48248780495633126,50,0.0,1,659
R,her2,50,-0.39726150954611206,50,0.02,8,659
R,luminal,50,-0.16030865256889315,50,0.04,2,659
R+P,basal,50,-0.297744616592931,50,0.0,1,659
R+P,her2,50,-0.22964662291554014,50,0.02,3,659
R+P,luminal,50,-0.16741099533040835,50,0.06,1,659
R+D,basal,50,-0.5793761919419224,50,0.0,1,659
R+D,her2,50,-0.426001590767519,50,0.02,3,659
R+D,luminal,50,-0.3025542302091477,50,0.02,2,659
R+P+D,basal,50,-0.4629402853228818,50,0.0,1,659
R+P+D,her2,50,-0.41728339324120356,50,0.02,4,659
R+P+D,luminal,50,-0.22500776447134946,50,0.02,2,659
R,basal,50,-0.514518631381194,50,0.0,0,660
R,her2,50,-0.4312199826892882,50,0.04,5,660
R,luminal,50,-0.1442670307396938,50,0.04,2,660
R+P,basal,50,-0.30218809436159444,50,0.0,1,660
R+P,her2,50,-0.18175810241123588,50,0.02,4,660
R+P,luminal,50,-0.1432086021969932,50,0.06,2,660
R+D,basal,50,-0.7378142452225609,50,0.0,2,660
R+D,her2,50,-0.589152738999241,50,0.02,9,660
R+D,luminal,50,-0.39488372120999393,50,0.02,1,660
R+P+D,basal,50,-0.5459538283793146,50,0.0,1,660
R+P+D,her2,50,-0.2824464213877307,50,0.02,5,660
R+P+D,luminal,50,-0.3245521047541375,50,0.02,1,660
R,basal,50,-0.6098445048246635,50,0.0,3,661
R,her2,50,-0.41133228252620385,50,0.04,6,661
R,luminal,50,-0.12615965908487722,50,0.04,2,661
R+P,basal,50,-0.5031947244219547,50,0.0,0,661
R+P,her2,50,-0.21006324001011326,50,0.02,3,661
R+P,luminal,50,-0.0926478790762382,50,0.04,1,661
R+D,basal,50,-0.6841704592245051,50,0.0,2,661
R+D,her2,50,-0.49170203473253743,50,0.02,9,661
R+D,luminal,50,-0.30022023989344065,50,0.04,1,661
R+P+D,basal,50,-0.722795788766622,50,0.0,1,661
R+P+D,her2,50,-0.3743314140734092,50,0.02,4,661
R+P+D,luminal,50,-0.15338824346984117,50,0.04,1,661
R,basal,50,-0.5238532972006754,50,0.0,2,662
R,her2,50,-0.3109503251695359,50,0.02,6,662
R,luminal,50,-0.14255125808037392,50,0.04,1,662
R+P,basal,50,-0.15814296816292825,50,0.0,1,662
R+P,her2,50,-0.29699500317645944,50,0.04,3,662
R+P,luminal,50,-0.21938195714082337,50,0.06,1,662
R+D,basal,50,-0.5970325997674724,50,0.0,1,662
R+D,her2,50,-0.41040771286457717,50,0.02,4,662
R+D,luminal,50,-0.4902706871466014,50,0.04,2,662
R+P+D,basal,50,-0.4181686293146914,50,0.0,0,662
R+P+D,her2,50,-0.3767094198615355,50,0.02,5,662
R+P+D,luminal,50,-0.3879085722699658,50,0.04,2,662
R,basal,50,-0.4679398531441097,50,0.0,0,663
R,her2,50,-0.48058962840946334,50,0.04,10,663
R,luminal,50,-0.13545504822156626,50,0.04,1,663
R+P,basal,50,-0.38310955760362264,50,0.0,3,663
R+P,her2,50,-0.2952059048086635,50,0.02,3,663
R+P,luminal,50,-0.12823788066792263,50,0.04,0,663
R+D,basal,50,-0.6979469152709176,50,0.0,1,663
R+D,her2,50,-0.4411984972811443,50,0.04,6,663
R+D,luminal,50,-0.3125734803968673,50,0.04,2,663
R+P+D,basal,50,-0.467664189020259,50,0.0,2,663
R+P+D,her2,50,-0.39410978121501616,50,0.02,7,663
R+P+D,luminal,50,-0.2255269682839075,50,0.04,2,663
R,basal,50,-0.5927102395112974,50,0.0,1,664
R,her2,50,-0.5766604224657308,50,0.04,6,664
R,luminal,50,-0.14025388979716255,50,0.04,2,664
R+P,basal,50,-0.4270123339172336,50,0.0,2,664
R+P,her2,50,-0.3857969831269342,50,0.02,5,664
R+P,luminal,50,-0.10551046978448925,50,0.04,0,664
R+D,basal,50,-0.6713898716772227,50,0.0,1,664
R+D,her2,50,-0.5656378330971686,50,0.04,7,664
R+D,luminal,50,-0.32042642722903303,50,0.04,2,664
R+P+D,basal,50,-0.5233476360544091,50,0.0,1,664
R+P+D,her2,50,-0.42269034004720657,50,0.02,5,664
R+P+D,luminal,50,-0.23820006028403326,50,0.04,1,664
R,basal,50,-0.7785401400809533,50,0.0,4,665
R,her2,50,-0.5444506694168677,50,0.02,6,665
R,luminal,50,-0.14186210489076953,50,0.04,1,665
R+P,basal,50,-0.5848804914206618,50,0.0,3,665
R+P,her2,50,-0.36714859815724343,50,0.02,4,665
R+P,luminal,50,-0.17862140521144945,50,0.06,1,665
R+D,basal,50,-0.7302057236733991,50,0.0,2,665
R+D,her2,50,-0.5485218968857335,50,0.02,9,665
R+D,luminal,50,-0.2726510617873937,50,0.02,1,665
R+P+D,basal,50,-0.6150915594979454,50,0.0,1,665
R+P+D,her2,50,-0.39616753695877294,50,0.02,4,665
R+P+D,luminal,50,-0.23841831603036012,50,0.02,1,665
R,basal,50,-0.544134856621125,50,0.0,1,666
R,her2,50,-0.3131267370263753,50,0.04,7,666
R,luminal,50,-0.18124101219480948,50,0.04,1,666
R+P,basal,50,-0.4984852469773589,50,0.0,1,666
R+P,her2,50,-0.32519429401603717,50,0.02,3,666
R+P,luminal,50,-0.14120220737172762,50,0.04,1,666
R+D,basal,50,-0.5661030020846584,50,0.0,1,666
R+D,her2,50,-0.3903080927881296,50,0.04,6,666
R+D,luminal,50,-0.31460899728948594,50,0.04,1,666
R+P+D,basal,50,-0.5404194164215954,50,0.0,2,666
R+P+D,her2,50,-0.3708452161970892,50,0.02,6,666
R+P+D,luminal,50,-0.2880542507973207,50,0.04,1,666
R,basal,50,-0.5804478545293066,50,0.0,1,667
R,her2,50,-0.5367008129838157,50,0.02,5,667
R,luminal,50,-0.12419528087781803,50,0.04,1,667
R+P,basal,50,-0.3296325302924282,50,0.0,3,667
R+P,her2,50,-0.3437529296101296,50,0.0,2,667
R+P,luminal,50,-0.15642929430258873,50,0.06,1,667
R+D,basal,50,-0.6653084151938456,50,0.0,2,667
R+D,her2,50,-0.5598298544203597,50,0.04,5,667
R+D,luminal,50,-0.3092708812352995,50,0.02,1,667
R+P+D,basal,50,-0.4618574870395926,50,0.0,2,667
R+P+D,her2,50,-0.5255435727335057,50,0.02,3,667
R+P+D,luminal,50,-0.19988832877255353,50,0.02,1,667
R,basal,50,-0.5337892375298149,50,0.0,0,668
R,her2,50,-0.4095931776803161,50,0.0,8,668
R,luminal,50,-0.15009751339235763,50,0.04,1,668
R+P,basal,50,-0.29315268640287057,50,0.0,0,668
R+P,her2,50,-0.36339249086995656,50,0.02,2,668
R+P,luminal,50,-0.12447755917761281,50,0.04,1,668
R+D,basal,50,-0.5873500336185549,50,0.0,1,668
R+D,her2,50,-0.5218786304762344,50,0.02,7,668
R+D,luminal,50,-0.2713024403918503,50,0.04,1,668
R+P+D,basal,50,-0.522034479437255,50,0.0,1,668
R+P+D,her2,50,-0.40767811828954437,50,0.02,6,668
R+P+D,luminal,50,-0.2510013967418914,50,0.04,1,668
R,basal,50,-0.636809339837572,50,0.0,2,669
R,her2,50,-0.3512744277117592,50,0.04,9,669
R,luminal,50,-0.20126051302516543,50,0.04,1,669
R+P,basal,50,-0.5372858335688372,50,0.0,3,669
R+P,her2,50,-0.16046896127231347,50,0.02,5,669
R+P,luminal,50,-0.12370936476717555,50,0.04,0,669
R+D,basal,50,-0.6474395317066519,50,0.0,2,669
R+D,her2,50,-0.45095135689891735,50,0.02,10,669
R+D,luminal,50,-0.32807932946822127,50,0.04,1,669
R+P+D,basal,50,-0.6359420504799773,50,0.0,1,669
R+P+D,her2,50,-0.42354831371787655,50,0.02,6,669
R+P+D,luminal,50,-0.26180480103226295,50,0.04,1,669
R,basal,50,-0.6086722227013514,50,0.0,1,670
R,her2,50,-0.3954919594963327,50,0.02,4,670
R,luminal,50,-0.12423320635823903,50,0.04,2,670
R+P,basal,50,-0.6549582703173753,50,0.0,4,670
R+P,her2,50,-0.2593080618407432,50,0.02,3,670
R+P,luminal,50,-0.1314273211183415,50,0.04,0,670
R+D,basal,50,-0.6782276107432799,50,0.0,3,670
R+D,her2,50,-0.5586511181997997,50,0.02,9,670
R+D,luminal,50,-0.259242516733466,50,0.04,2,670
R+P+D,basal,50,-0.4427390904962585,50,0.0,3,670
R+P+D,her2,50,-0.30300762171626777,50,0.02,4,670
R+P+D,luminal,50,-0.19738721600434353,50,0.04,1,670
R,basal,50,-0.632478805337568,50,0.0,0,671
R,her2,50,-0.32053925677447415,50,0.02,7,671
R,luminal,50,-0.1151836168623475,50,0.04,4,671
R+P,basal,50,-0.5146371613705586,50,0.0,2,671
R+P,her2,50,-0.14508323519538416,50,0.02,7,671
R+P,luminal,50,-0.11628770796671371,50,0.04,2,671
R+D,basal,50,-0.587928014320532,50,0.0,0,671
R+D,her2,50,-0.3392861864436039,50,0.02,7,671
R+D,luminal,50,-0.3066446742609685,50,0.04,2,671
R+P+D,basal,50,-0.5788622806210187,50,0.0,1,671
R+P+D,her2,50,-0.25474602115220063,50,0.02,4,671
R+P+D,luminal,50,-0.2510254507292548,50,0.04,2,671
R,basal,50,-0.5082783469092557,50,0.0,2,672
R,her2,50,-0.35980370224829145,50,0.02,5,672
R,luminal,50,-0.11361219454353827,50,0.04,1,672
R+P,basal,50,-0.323141325968335,50,0.0,1,672
R+P,her2,50,-0.18135162992294873,50,0.02,3,672
R+P,luminal,50,-0.11585212591319871,50,0.04,1,672
R+D,basal,50,-0.5030084738386512,50,0.0,1,672
R+D,her2,50,-0.36712265732531757,50,0.02,2,672
R+D,luminal,50,-0.2754207875387609,50,0.02,2,672
R+P+D,basal,50,-0.5051663263184387,50,0.0,1,672
R+P+D,her2,50,-0.29390777604518376,50,0.02,3,672
R+P+D,luminal,50,-0.19022394278820498,50,0.02,2,672
R,basal,50,-0.7048827893070082,50,0.0,3,673
R,her2,50,-0.30407605640266816,50,0.02,5,673
R,luminal,50,-0.11711468293894377,50,0.04,2,673
R+P,basal,50,-0.5432150224535661,50,0.0,1,673
R+P,her2,50,-0.22448009905801242,50,0.02,2,673
R+P,luminal,50,-0.10629470148471254,50,0.04,1,673
R+D,basal,50,-0.7318319255456409,50,0.0,2,673
R+D,her2,50,-0.4316477862891761,50,0.02,5,673
R+D,luminal,50,-0.2910873347864201,50,0.02,2,673
R+P+D,basal,50,-0.5973612379771062,50,0.0,2,673
R+P+D,her2,50,-0.2944072997083312,50,0.02,3,673
R+P+D,luminal,50,-0.20082690537065762,50,0.02,2,673
R,basal,50,-0.6622444596533638,50,0.0,3,674
R,her2,50,-0.5046687456989948,50,0.02,8,674
R,luminal,50,-0.1446081022759774,50,0.04,2,674
R+P,basal,50,-0.37801889851803216,50,0.0,1,674
R+P,her2,50,-0.24260549544667082,50,0.02,2,674
R+P,luminal,50,-0.10809712028377146,50,0.04,0,674
R+D,basal,50,-0.635803224609899,50,0.0,0,674
R+D,her2,50,-0.6710247047203999,50,0.04,9,674
R+D,luminal,50,-0.2593761758355808,50,0.04,0,674
R+P+D,basal,50,-0.5100029353461306,50,0.0,0,674
R+P+D,her2,50,-0.3706065097965765,50,0.04,5,674
R+P+D,luminal,50,-0.19353655180289753,50,0.04,1,674
R,basal,50,-0.5754589875011007,50,0.0,0,675
R,her2,50,-0.4411700007862754,50,0.04,8,675
R,luminal,50,-0.12077037319155126,50,0.04,1,675
R+P,basal,50,-0.4891796534857466,50,0.0,1,675
R+P,her2,50,-0.21437776521746166,50,0.02,2,675
R+P,luminal,50,-0.1061953693664154,50,0.04,0,675
R+D,basal,50,-0.67024393268192,50,0.0,2,675
R+D,her2,50,-0.6176903965301909,50,0.02,8,675
R+D,luminal,50,-0.3118328801157717,50,0.04,3,675
R+P+D,basal,50,-0.6089228160058299,50,0.0,1,675
R+P+D,her2,50,-0.46487269525360586,50,0.02,4,675
R+P+D,luminal,50,-0.21282140549035483,50,0.04,2,675
R,basal,50,-0.5130088957458969,50,0.0,0,676
R,her2,50,-0.21976148163454787,50,0.02,7,676
R,luminal,50,-0.14337560069660948,50,0.04,2,676
R+P,basal,50,-0.368395084914256,50,0.0,3,676
R+P,her2,50,-0.2996213334953232,50,0.02,2,676
R+P,luminal,50,-0.2100079449841229,50,0.04,0,676
R+D,basal,50,-0.7114082711928247,50,0.0,1,676
R+D,her2,50,-0.30045724517530525,50,0.02,5,676
R+D,luminal,50,-0.3947997899414819,50,0.04,1,676
R+P+D,basal,50,-0.44266471496980847,50,0.0,1,676
R+P+D,her2,50,-0.4567601892033262,50,0.02,7,676
R+P+D,luminal,50,-0.40339707034990857,50,0.04,0,676
R,basal,50,-0.5615143384063033,50,0.0,2,677
R,her2,50,-0.3243878444735601,50,0.02,7,677
R,luminal,50,-0.13693469103734532,50,0.04,2,677
R+P,basal,50,-0.4598859758303927,50,0.0,3,677
R+P,her2,50,-0.28099306118311207,50,0.02,3,677
R+P,luminal,50,-0.11451151770397043,50,0.04,2,677
R+D,basal,50,-0.6856445441217538,50,0.0,1,677
R+D,her2,50,-0.5374673047267428,50,0.02,7,677
R+D,luminal,50,-0.25922697692963015,50,0.02,1,677
R+P+D,basal,50,-0.39254195699915884,50,0.0,2,677
R+P+D,her2,50,-0.4463592285040265,50,0.02,3,677
R+P+D,luminal,50,-0.2848957718603489,50,0.02,1,677
R,basal,50,-0.5877416809983107,50,0.0,1,678
R,her2,50,-0.3224848036677655,50,0.02,5,678
R,luminal,50,-0.15867262834439902,50,0.04,1,678
R+P,basal,50,-0.4702527570571521,50,0.0,2,678
R+P,her2,50,-0.2257518375475311,50,0.04,3,678
R+P,luminal,50,-0.12871577367445805,50,0.04,0,678
R+D,basal,50,-0.565533400444081,50,0.0,2,678
R+D,her2,50,-0.48230513488148574,50,0.02,5,678
R+D,luminal,50,-0.34674970625278334,50,0.04,0,678
R+P+D,basal,50,-0.6222699880695961,50,0.0,2,678
R+P+D,her2,50,-0.26605264014127805,50,0.02,3,678
R+P+D,luminal,50,-0.30588503414321194,50,0.04,1,678
R,basal,50,-0.6762558632971988,50,0.0,2,679
R,her2,50,-0.2663409518170663,50,0.02,4,679
R,luminal,50,-0.1138236031850121,50,0.04,1,679
R+P,basal,50,-0.5339547488105548,50,0.0,2,679
R+P,her2,50,-0.2599009945066135,50,0.02,2,679
R+P,luminal,50,-0.11186864054954469,50,0.04,2,679
R+D,basal,50,-0.7090564635167369,50,0.0,2,679
R+D,her2,50,-0.4487848198573413,50,0.02,7,679
R+D,luminal,50,-0.3912665660620946,50,0.04,1,679
R+P+D,basal,50,-0.6942750511417752,50,0.0,2,679
R+P+D,her2,50,-0.42262721020692895,50,0.02,7,679
R+P+D,luminal,50,-0.2577880980900708,50,0.04,1,679
R,basal,50,-0.5088669133086254,50,0.0,2,680
R,her2,50,-0.444413305621743,50,0.02,9,680
R,luminal,50,-0.13237553808396746,50,0.04,1,680
R+P,basal,50,-0.4996758544785379,50,0.0,0,680
R+P,her2,50,-0.4679057696733003,50,0.02,4,680
R+P,luminal,50,-0.11409603988896361,50,0.04,4,680
R+D,basal,50,-0.578284360899231,50,0.0,2,680
R+D,her2,50,-0.5398753048864203,50,0.02,5,680
R+D,luminal,50,-0.32182642762474495,50,0.04,1,680
R+P+D,basal,50,-0.5609752050071309,50,0.0,1,680
R+P+D,her2,50,-0.5618601052988174,50,0.02,6,680
R+P+D,luminal,50,-0.17502509455229157,50,0.04,1,680
R,basal,50,-0.45431399333130495,50,0.0,0,681
R,her2,50,-0.19900933382456365,50,0.02,5,681
R,luminal,50,-0.15669938503575,50,0.04,2,681
R+P,basal,50,-0.1829943463036532,50,0.0,2,681
R+P,her2,50,-0.21838230437605735,50,0.02,3,681
R+P,luminal,50,-0.1784107942325363,50,0.04,1,681
R+D,basal,50,-0.5755724569044858,50,0.0,1,681
R+D,her2,50,-0.3520344790291421,50,0.02,8,681
R+D,luminal,50,-0.30997401674924313,50,0.02,0,681
R+P+D,basal,50,-0.4474418422285094,50,0.0,2,681
R+P+D,her2,50,-0.23411358828203394,50,0.02,4,681
R+P+D,luminal,50,-0.2742211119440967,50,0.02,0,681
R,basal,50,-0.5555218190915356,50,0.0,2,682
R,her2,50,-0.38391611652312874,50,0.02,7,682
R,luminal,50,-0.16944720479766098,50,0.06,3,682
R+P,basal,50,-0.26822688014888557,50,0.0,2,682
R+P,her2,50,-0.39118939860803387,50,0.04,3,682
R+P,luminal,50,-0.19078548330502743,50,0.06,2,682
R+D,basal,50,-0.6665747798150911,50,0.0,2,682
R+D,her2,50,-0.5309271108929217,50,0.02,9,682
R+D,luminal,50,-0.24324628238790968,50,0.02,0,682
R+P+D,basal,50,-0.31013611967440396,50,0.0,2,682
R+P+D,her2,50,-0.4735188603140918,50,0.02,7,682
R+P+D,luminal,50,-0.27094612878659474,50,0.02,1,682
R,basal,50,-0.4567654864002811,50,0.0,2,683
R,her2,50,-0.2821082236753122,50,0.04,5,683
R,luminal,50,-0.11018961902814484,50,0.04,1,683
R+P,basal,50,-0.23805567997883412,50,0.0,2,683
R+P,her2,50,-0.20878470202431587,50,0.02,4,683
R+P,luminal,50,-0.14747670585266387,50,0.06,2,683
R+D,basal,50,-0.6301837193598163,50,0.0,3,683
R+D,her2,50,-0.4108395251204931,50,0.04,6,683
R+D,luminal,50,-0.4066644407784486,50,0.04,2,683
R+P+D,basal,50,-0.39852927959831547,50,0.0,2,683
R+P+D,her2,50,-0.2625642732125174,50,0.02,5,683
R+P+D,luminal,50,-0.29927725780180553,50,0.06,2,683
R,basal,50,-0.4872530913270694,50,0.0,0,684
R,her2,50,-0.21952379823191903,50,0.02,5,684
R,luminal,50,-0.18566118195199727,50,0.04,3,684
R+P,basal,50,-0.3930708563717832,50,0.0,1,684
R+P,her2,50,-0.24212619407960193,50,0.04,1,684
R+P,luminal,50,-0.14919105482040115,50,0.04,2,684
R+D,basal,50,-0.7018656581857441,50,0.0,3,684
R+D,her2,50,-0.30550352360546545,50,0.02,4,684
R+D,luminal,50,-0.35543925619633754,50,0.04,2,684
R+P+D,basal,50,-0.566970949590858,50,0.0,1,684
R+P+D,her2,50,-0.3007875830432595,50,0.02,4,684
R+P+D,luminal,50,-0.24238631633631055,50,0.04,1,684
R,basal,50,-0.5860416519600125,50,0.0,1,685
R,her2,50,-0.34534190600388004,50,0.04,6,685
R,luminal,50,-0.12256060304977762,50,0.04,2,685
R+P,basal,50,-0.28586889043033975,50,0.0,2,685
R+P,her2,50,-0.23784159767310592,50,0.02,4,685
R+P,luminal,50,-0.16185758646024329,50,0.06,2,685
R+D,basal,50,-0.6115300940119665,50,0.0,1,685
R+D,her2,50,-0.6259553910981877,50,0.04,10,685
R+D,luminal,50,-0.3009364901022559,50,0.02,1,685
R+P+D,basal,50,-0.4539134184565782,50,0.0,0,685
R+P+D,her2,50,-0.39763367016937906,50,0.02,5,685
R+P+D,luminal,50,-0.2649576018104322,50,0.02,1,685
R,basal,50,-0.6522894954887798,50,0.0,0,686
R,her2,50,-0.25263405380796744,50,0.02,4,686
R,luminal,50,-0.16302521448831161,50,0.04,1,686
R+P,basal,50,-0.46910875870501867,50,0.0,3,686
R+P,her2,50,-0.26943988489457993,50,0.02,4,686
R+P,luminal,50,-0.13940734748993966,50,0.04,1,686
R+D,basal,50,-0.7607186890109099,50,0.0,2,686
R+D,her2,50,-0.48785109547535965,50,0.02,9,686
R+D,luminal,50,-0.309403116121349,50,0.04,1,686
R+P+D,basal,50,-0.5937047160185954,50,0.0,3,686
R+P+D,her2,50,-0.41391800076252766,50,0.02,6,686
R+P+D,luminal,50,-0.2998369954425312,50,0.04,0,686
R,basal,50,-0.6093683218282258,50,0.0,1,687
R,her2,50,-0.35044812209265613,50,0.04,7,687
R,luminal,50,-0.12108678805571076,50,0.04,1,687
R+P,basal,50,-0.5005310012823618,50,0.0,3,687
R+P,her2,50,-0.40741282800904605,50,0.04,2,687
R+P,luminal,50,-0.14830174950938027,50,0.04,1,687
R+D,basal,50,-0.6688415609699816,50,0.0,0,687
R+D,her2,50,-0.4136093469538807,50,0.02,6,687
R+D,luminal,50,-0.25151638766479095,50,0.04,1,687
R+P+D,basal,50,-0.5018919854889814,50,0.0,2,687
R+P+D,her2,50,-0.45093221644790676,50,0.02,6,687
R+P+D,luminal,50,-0.31531888387341644,50,0.04,1,687
R,basal,50,-0.5429258701613184,50,0.0,0,688
R,her2,50,-0.37361981315302023,50,0.02,5,688
R,luminal,50,-0.13799774612372842,50,0.04,2,688
R+P,basal,50,-0.2325973487386986,50,0.0,2,688
R+P,her2,50,-0.2912888971268854,50,0.02,3,688
R+P,luminal,50,-0.16041654614936,50,0.04,1,688
R+D,basal,50,-0.6195461056313154,50,0.0,0,688
R+D,her2,50,-0.46943742943835753,50,0.02,6,688
R+D,luminal,50,-0.262386213988583,50,0.02,0,688
R+P+D,basal,50,-0.36521155142147976,50,0.0,1,688
R+P+D,her2,50,-0.5252099914084518,50,0.02,5,688
R+P+D,luminal,50,-0.210917704515287,50,0.02,1,688
R,basal,50,-0.47070128617572604,50,0.0,1,689
R,her2,50,-0.5976932885650986,50,0.04,7,689
R,luminal,50,-0.12786573239992893,50,0.04,1,689
R+P,basal,50,-0.2576774928711883,50,0.0,1,689
R+P,her2,50,-0.38702690327708444,50,0.02,4,689
R+P,luminal,50,-0.16012244992930597,50,0.06,2,689
R+D,basal,50,-0.6115179699355943,50,0.0,2,689
R+D,her2,50,-0.7191532095761234,50,0.02,9,689
R+D,luminal,50,-0.30639616847942164,50,0.04,0,689
R+P+D,basal,50,-0.4923335397788361,50,0.0,1,689
R+P+D,her2,50,-0.5581782670795977,50,0.04,8,689
R+P+D,luminal,50,-0.24402458622613832,50,0.04,1,689
R,basal,50,-0.6687006963908807,50,0.0,2,690
R,her2,50,-0.4859867795915765,50,0.02,5,690
R,luminal,50,-0.1143606814560128,50,0.04,1,690
R+P,basal,50,-0.25816420770173715,50,0.0,1,690
R+P,her2,50,-0.3504749310232619,50,0.02,6,690
R+P,luminal,50,-0.14929059738233189,50,0.06,2,690
R+D,basal,50,-0.6707806973168298,50,0.0,2,690
R+D,her2,50,-0.5201726202143935,50,0.02,6,690
R+D,luminal,50,-0.309267373792501,50,0.04,0,690
R+P+D,basal,50,-0.4325367150746501,50,0.0,0,690
R+P+D,her2,50,-0.3935303525939435,50,0.02,4,690
R+P+D,luminal,50,-0.21351316681756752,50,0.04,1,690
R,basal,50,-0.6052969474714351,50,0.0,1,691
R,her2,50,-0.2748896033223344,50,0.02,7,691
R,luminal,50,-0.1553313290386477,50,0.04,1,691
R+P,basal,50,-0.3656190386918042,50,0.0,1,691
R+P,her2,50,-0.25166552216776267,50,0.02,3,691
R+P,luminal,50,-0.12755862688782532,50,0.04,1,691
R+D,basal,50,-0.6042469727911609,50,0.0,2,691
R+D,her2,50,-0.4951943499375791,50,0.02,4,691
R+D,luminal,50,-0.3054524131847083,50,0.04,3,691
R+P+D,basal,50,-0.5120493029360709,50,0.0,3,691
R+P+D,her2,50,-0.4421654604087565,50,0.02,4,691
R+P+D,luminal,50,-0.26738146853266387,50,0.04,3,691
R,basal,50,-0.5435679865992218,50,0.0,0,692
R,her2,50,-0.4029776486165976,50,0.04,8,692
R,luminal,50,-0.13584306986971362,50,0.04,1,692
R+P,basal,50,-0.34004672833881316,50,0.0,1,692
R+P,her2,50,-0.20853224190222425,50,0.02,4,692
R+P,luminal,50,-0.17044653395805437,50,0.06,1,692
R+D,basal,50,-0.6624107202167225,50,0.0,2,692
R+D,her2,50,-0.5312047169571357,50,0.04,10,692
R+D,luminal,50,-0.28799445358337694,50,0.04,1,692
R+P+D,basal,50,-0.47284402747774174,50,0.0,1,692
R+P+D,her2,50,-0.29904338476029346,50,0.02,5,692
R+P+D,luminal,50,-0.21561342658147606,50,0.04,0,692
R,basal,50,-0.5608280620288331,50,0.0,2,693
R,her2,50,-0.39329052760685757,50,0.04,4,693
R,luminal,50,-0.16016746618374939,50,0.06,4,693
R+P,basal,50,-0.18279514531633048,50,0.0,3,693
R+P,her2,50,-0.38131788914441095,50,0.04,3,693
R+P,luminal,50,-0.1722669457248568,50,0.06,2,693
R+D,basal,50,-0.5404797613604463,50,0.0,0,693
R+D,her2,50,-0.35668917317102644,50,0.02,3,693
R+D,luminal,50,-0.29766744898985203,50,0.04,1,693
R+P+D,basal,50,-0.39459092121924455,50,0.0,0,693
R+P+D,her2,50,-0.43703041221291755,50,0.04,4,693
R+P+D,luminal,50,-0.31239796145169074,50,0.06,2,693
R,basal,50,-0.4299958284514769,50,0.0,2,694
R,her2,50,-0.48322601923610464,50,0.04,9,694
R,luminal,50,-0.16956479898088833,50,0.06,2,694
R+P,basal,50,-0.2104325940112375,50,0.0,3,694
R+P,her2,50,-0.3248825753303493,50,0.02,7,694
R+P,luminal,50,-0.14966736087503585,50,0.06,3,694
R+D,basal,50,-0.5641451933005189,50,0.0,1,694
R+D,her2,50,-0.44379605357237767,50,0.02,9,694
R+D,luminal,50,-0.3949375498427615,50,0.04,3,694
R+P+D,basal,50,-0.3871096937116017,50,0.0,2,694
R+P+D,her2,50,-0.37389131751066046,50,0.02,6,694
R+P+D,luminal,50,-0.26211037646299523,50,0.04,1,694
R,basal,50,-0.5868831597306816,50,0.0,1,695
R,her2,50,-0.2742637528489895,50,0.02,7,695
R,luminal,50,-0.14632429118084223,50,0.04,3,695
R+P,basal,50,-0.3579495884477705,50,0.0,1,695
R+P,her2,50,-0.18091994021262495,50,0.02,5,695
R+P,luminal,50,-0.13943842689616814,50,0.04,2,695
R+D,basal,50,-0.8208133274335122,50,0.0,1,695
R+D,her2,50,-0.330834118298722,50,0.02,5,695
R+D,luminal,50,-0.35742706401807134,50,0.02,1,695
R+P+D,basal,50,-0.5116458905388132,50,0.0,0,695
R+P+D,her2,50,-0.3417729515354687,50,0.02,5,695
R+P+D,luminal,50,-0.2035368832002224,50,0.02,1,695
R,basal,50,-0.35903542735814964,50,0.0,1,696
R,her2,50,-0.4307276577294001,50,0.04,7,696
R,luminal,50,-0.1504195070449738,50,0.04,2,696
R+P,basal,50,-0.26816168792389133,50,0.0,1,696
R+P,her2,50,-0.26707808609573336,50,0.02,4,696
R+P,luminal,50,-0.1413476051804534,50,0.04,2,696
R+D,basal,50,-0.6619352482282914,50,0.0,2,696
R+D,her2,50,-0.5969448325133119,50,0.04,8,696
R+D,luminal,50,-0.28810934315439085,50,0.02,2,696
R+P+D,basal,50,-0.42717070844964156,50,0.0,2,696
R+P+D,her2,50,-0.4252073161047633,50,0.02,7,696
R+P+D,luminal,50,-0.2755839922331843,50,0.02,1,696
R,basal,50,-0.4766556328236774,50,0.0,2,697
R,her2,50,-0.3379947305426972,50,0.02,6,697
R,luminal,50,-0.1477699339025829,50,0.06,2,697
R+P,basal,50,-0.4648503804080308,50,0.0,2,697
R+P,her2,50,-0.44193112662483713,50,0.02,3,697
R+P,luminal,50,-0.14724190577362228,50,0.06,4,697
R+D,basal,50,-0.7422433992356325,50,0.0,1,697
R+D,her2,50,-0.4775256716031339,50,0.02,5,697
R+D,luminal,50,-0.3187600467348883,50,0.02,1,697
R+P+D,basal,50,-0.5200348601637704,50,0.0,1,697
R+P+D,her2,50,-0.6102348518943029,50,0.02,3,697
R+P+D,luminal,50,-0.2349452151524008,50,0.02,1,697
R,basal,50,-0.6074194015026633,50,0.0,3,698
R,her2,50,-0.23590754289268256,50,0.04,4,698
R,luminal,50,-0.16759832565060662,50,0.04,2,698
R+P,basal,50,-0.34616914480310923,50,0.0,0,698
R+P,her2,50,-0.21093108467529068,50,0.04,2,698
R+P,luminal,50,-0.15624738941230057,50,0.06,2,698
R+D,basal,50,-0.5716917720414855,50,0.0,2,698
R+D,her2,50,-0.34193636472507066,50,0.02,7,698
R+D,luminal,50,-0.30590874775677335,50,0.04,1,698
R+P+D,basal,50,-0.3587598029011606,50,0.0,3,698
R+P+D,her2,50,-0.4812863169138569,50,0.02,2,698
R+P+D,luminal,50,-0.2375232772670987,50,0.04,0,698
R,basal,50,-0.6603048666237123,50,0.0,2,699
R,her2,50,-0.2509127795262595,50,0.02,5,699
R,luminal,50,-0.15798557013219622,50,0.04,3,699
R+P,basal,50,-0.5404634814864295,50,0.0,2,699
R+P,her2,50,-0.18164462359651082,50,0.02,3,699
R+P,luminal,50,-0.10118237444154575,50,0.04,2,699
R+D,basal,50,-0.7171634235787459,50,0.0,3,699
R+D,her2,50,-0.4852375448168194,50,0.02,5,699
R+D,luminal,50,-0.2347506613279741,50,0.02,2,699
R+P+D,basal,50,-0.6265454170966569,50,0.0,3,699
R+P+D,her2,50,-0.35631082821486837,50,0.02,4,699
R+P+D,luminal,50,-0.24703160906667385,50,0.02,2,699
R,basal,50,-0.717577672383236,50,0.0,3,700
R,her2,50,-0.2288885893380376,50,0.02,4,700
R,luminal,50,-0.14641774721375522,50,0.04,1,700
R+P,basal,50,-0.5895453475800059,50,0.0,2,700
R+P,her2,50,-0.21995035828794549,50,0.02,2,700
R+P,luminal,50,-0.1345404270381954,50,0.04,1,700
R+D,basal,50,-0.7106078858720979,50,0.0,1,700
R+D,her2,50,-0.4215599448188276,50,0.02,4,700
R+D,luminal,50,-0.35243729958069936,50,0.04,2,700
R+P+D,basal,50,-0.6493143203886974,50,0.0,2,700
R+P+D,her2,50,-0.34394295856724966,50,0.02,3,700
R+P+D,luminal,50,-0.2734376041564216,50,0.04,2,700
R,basal,50,-0.5856142199566021,50,0.0,1,701
R,her2,50,-0.4306411447780705,50,0.02,8,701
R,luminal,50,-0.12052862299803618,50,0.04,2,701
R+P,basal,50,-0.4820520485886395,50,0.0,2,701
R+P,her2,50,-0.3906886433928374,50,0.02,5,701
R+P,luminal,50,-0.13102772053131437,50,0.06,2,701
R+D,basal,50,-0.6792981171885855,50,0.0,1,701
R+D,her2,50,-0.5200011324779864,50,0.02,3,701
R+D,luminal,50,-0.3649043603366241,50,0.04,2,701
R+P+D,basal,50,-0.6198071467899653,50,0.0,2,701
R+P+D,her2,50,-0.4860942287612376,50,0.02,4,701
R+P+D,luminal,50,-0.29947932068088917,50,0.06,2,701
R,basal,50,-0.4925798184796083,50,0.0,0,702
R,her2,50,-0.5668717182074764,50,0.04,6,702
R,luminal,50,-0.12375346331046956,50,0.04,1,702
R+P,basal,50,-0.33552656789908153,50,0.0,2,702
R+P,her2,50,-0.25949923086333554,50,0.02,4,702
R+P,luminal,50,-0.11575084503727241,50,0.04,0,702
R+D,basal,50,-0.6836856148628915,50,0.0,3,702
R+D,her2,50,-0.6461377031438643,50,0.02,5,702
R+D,luminal,50,-0.28645861970407366,50,0.04,1,702
R+P+D,basal,50,-0.5334658319077373,50,0.0,1,702
R+P+D,her2,50,-0.4448707947685321,50,0.02,6,702
R+P+D,luminal,50,-0.24899239224312808,50,0.04,1,702
R,basal,50,-0.4416393010022361,50,0.0,1,703
R,her2,50,-0.3692692988456414,50,0.02,5,703
R,luminal,50,-0.12508653133136194,50,0.04,2,703
R+P,basal,50,-0.430395194407561,50,0.0,2,703
R+P,her2,50,-0.2998592438721444,50,0.04,4,703
R+P,luminal,50,-0.13766137838561035,50,0.06,3,703
R+D,basal,50,-0.6956561278421595,50,0.0,2,703
R+D,her2,50,-0.5240455420290677,50,0.02,6,703
R+D,luminal,50,-0.22820460664065328,50,0.02,1,703
R+P+D,basal,50,-0.3842913827274082,50,0.0,1,703
R+P+D,her2,50,-0.27375990070369627,50,0.02,4,703
R+P+D,luminal,50,-0.24499316798245904,50,0.02,1,703
R,basal,50,-0.467192000562931,50,0.0,0,704
R,her2,50,-0.23743876469455633,50,0.02,8,704
R,luminal,50,-0.13065867360558264,50,0.04,3,704
R+P,basal,50,-0.23521343019891305,50,0.0,0,704
R+P,her2,50,-0.07659043375569816,50,0.02,2,704
R+P,luminal,50,-0.1236550466673384,50,0.04,3,704
R+D,basal,50,-0.672065250934343,50,0.0,1,704
R+D,her2,50,-0.3424598656455695,50,0.02,7,704
R+D,luminal,50,-0.31101522818279026,50,0.04,1,704
R+P+D,basal,50,-0.41796075915910946,50,0.0,1,704
R+P+D,her2,50,-0.26709367085091135,50,0.02,3,704
R+P+D,luminal,50,-0.23555683310477327,50,0.04,0,704
R,basal,50,-0.5036319301746484,50,0.0,0,705
R,her2,50,-0.30729311461939934,50,0.02,5,705
R,luminal,50,-0.16621600848835544,50,0.06,3,705
R+P,basal,50,-0.4784424262921155,50,0.0,2,705
R+P,her2,50,-0.20442375556116482,50,0.04,4,705
R+P,luminal,50,-0.1897458313516912,50,0.06,3,705
R+D,basal,50,-0.6531683278353668,50,0.0,2,705
R+D,her2,50,-0.5453149380932817,50,0.02,7,705
R+D,luminal,50,-0.35026109971111663,50,0.04,0,705
R+P+D,basal,50,-0.5828517878991376,50,0.0,1,705
R+P+D,her2,50,-0.3877403670482532,50,0.02,5,705
R+P+D,luminal,50,-0.29516567634764956,50,0.04,0,705
R,basal,50,-0.6699335087818412,50,0.0,1,706
R,her2,50,-0.2474160566118964,50,0.02,7,706
R,luminal,50,-0.19613706410194862,50,0.08,4,706
R+P,basal,50,-0.32924204519734274,50,0.0,2,706
R+P,her2,50,-0.3333465290797312,50,0.02,2,706
R+P,luminal,50,-0.16385098003724607,50,0.04,2,706
R+D,basal,50,-0.6294626285878894,50,0.0,0,706
R+D,her2,50,-0.48272454217520666,50,0.02,6,706
R+D,luminal,50,-0.2840643025114049,50,0.02,1,706
R+P+D,basal,50,-0.4220235248291057,50,0.0,3,706
R+P+D,her2,50,-0.3604669268002442,50,0.02,3,706
R+P+D,luminal,50,-0.2688746789895331,50,0.04,2,706
R,basal,50,-0.44148300954904907,50,0.0,0,707
R,her2,50,-0.3754882707417174,50,0.04,9,707
R,luminal,50,-0.1540122676055244,50,0.04,1,707
R+P,basal,50,-0.2771584433218011,50,0.0,2,707
R+P,her2,50,-0.23227267602643398,50,0.02,5,707
R+P,luminal,50,-0.11264781896487974,50,0.04,1,707
R+D,basal,50,-0.5363715542503411,50,0.0,0,707
R+D,her2,50,-0.6012905320111767,50,0.02,9,707
R+D,luminal,50,-0.3977846673559796,50,0.02,1,707
R+P+D,basal,50,-0.40279125359917733,50,0.0,1,707
R+P+D,her2,50,-0.40907619359749037,50,0.02,6,707
R+P+D,luminal,50,-0.36340756020581727,50,0.02,1,707
R,basal,50,-0.5977341577023999,50,0.0,3,708
R,her2,50,-0.2893602893619924,50,0.04,8,708
R,luminal,50,-0.1869808094953156,50,0.04,1,708
R+P,basal,50,-0.5851536206234615,50,0.0,2,708
R+P,her2,50,-0.3001329104976112,50,0.02,4,708
R+P,luminal,50,-0.11081505809685221,50,0.04,1,708
R+D,basal,50,-0.6829170798135114,50,0.0,5,708
R+D,her2,50,-0.4273144792741737,50,0.04,7,708
R+D,luminal,50,-0.35114337869981155,50,0.04,1,708
R+P+D,basal,50,-0.6950887614979281,50,0.0,3,708
R+P+D,her2,50,-0.32109886848630753,50,0.02,3,708
R+P+D,luminal,50,-0.2924330459447336,50,0.04,3,708
R,basal,50,-0.6771853040779823,50,0.0,1,709
R,her2,50,-0.3171076705090031,50,0.02,4,709
R,luminal,50,-0.18291168966919968,50,0.04,2,709
R+P,basal,50,-0.4510954492264734,50,0.0,2,709
R+P,her2,50,-0.22606954854409192,50,0.02,2,709
R+P,luminal,50,-0.1450271040146506,50,0.04,1,709
R+D,basal,50,-0.6241574942444794,50,0.0,2,709
R+D,her2,50,-0.5068951754695078,50,0.02,4,709
R+D,luminal,50,-0.26380146830441153,50,0.02,0,709
R+P+D,basal,50,-0.482560129876462,50,0.0,2,709
R+P+D,her2,50,-0.3627751403567784,50,0.02,4,709
R+P+D,luminal,50,-0.1907331704709035,50,0.02,1,709
R,basal,50,-0.4017717138384277,50,0.0,0,710
R,her2,50,-0.48077802558754745,50,0.04,9,710
R,luminal,50,-0.14506555917309755,50,0.04,2,710
R+P,basal,50,-0.3321199278028424,50,0.0,1,710
R+P,her2,50,-0.29195849717252376,50,0.02,5,710
R+P,luminal,50,-0.14417343530199486,50,0.04,0,710
R+D,basal,50,-0.7115541653343562,50,0.0,2,710
R+D,her2,50,-0.5423142538110162,50,0.04,9,710
R+D,luminal,50,-0.34019076805558107,50,0.04,1,710
R+P+D,basal,50,-0.5996562815382859,50,0.0,1,710
R+P+D,her2,50,-0.47964659616252114,50,0.02,6,710
R+P+D,luminal,50,-0.25847514377469016,50,0.04,2,710
R,basal,50,-0.5506731687031514,50,0.0,2,711
R,her2,50,-0.41130114152225533,50,0.02,10,711
R,luminal,50,-0.13762861221417622,50,0.04,1,711
R+P,basal,50,-0.5535462815733595,50,0.0,3,711
R+P,her2,50,-0.3851488604918869,50,0.02,5,711
R+P,luminal,50,-0.12314372018721392,50,0.04,1,711
R+D,basal,50,-0.7086996404183449,50,0.0,1,711
R+D,her2,50,-0.4120067149732286,50,0.02,5,711
R+D,luminal,50,-0.28256291755234697,50,0.02,1,711
R+P+D,basal,50,-0.5185349001304046,50,0.0,1,711
R+P+D,her2,50,-0.4253224870011181,50,0.02,7,711
R+P+D,luminal,50,-0.23516129727747453,50,0.02,1,711
R,basal,50,-0.4849006852380518,50,0.0,2,712
R,her2,50,-0.3344241305744823,50,0.02,5,712
R,luminal,50,-0.11688023827140638,50,0.04,2,712
R+P,basal,50,-0.3129410363962681,50,0.0,2,712
R+P,her2,50,-0.2785432719578371,50,0.02,3,712
R+P,luminal,50,-0.17937966125392044,50,0.06,2,712
R+D,basal,50,-0.6431282233233152,50,0.0,2,712
R+D,her2,50,-0.4230933686440125,50,0.02,4,712
R+D,luminal,50,-0.41492356215767645,50,0.02,1,712
R+P+D,basal,50,-0.37718326302806493,50,0.0,0,712
R+P+D,her2,50,-0.3084476540463662,50,0.02,3,712
R+P+D,luminal,50,-0.3002583065028892,50,0.02,1,712
R,basal,50,-0.5490138181549749,50,0.0,3,713
R,her2,50,-0.3304547740415941,50,0.04,6,713
R,luminal,50,-0.12696505715045203,50,0.04,2,713
R+P,basal,50,-0.49993193394138574,50,0.0,2,713
R+P,her2,50,-0.2725525542311915,50,0.02,3,713
R+P,luminal,50,-0.16675695822704778,50,0.06,2,713
R+D,basal,50,-0.6974170388283448,50,0.0,1,713
R+D,her2,50,-0.5942318615436526,50,0.02,11,713
R+D,luminal,50,-0.3092744300865637,50,0.04,1,713
R+P+D,basal,50,-0.53836632555966,50,0.0,1,713
R+P+D,her2,50,-0.38241292195239523,50,0.02,7,713
R+P+D,luminal,50,-0.246478944357716,50,0.04,0,713
R,basal,50,-0.4701446264994985,50,0.0,0,714
R,her2,50,-0.5322928560073761,50,0.02,5,714
R,luminal,50,-0.11931984709896551,50,0.04,4,714
R+P,basal,50,-0.30616929417907646,50,0.0,1,714
R+P,her2,50,-0.3495479315314058,50,0.02,6,714
R+P,luminal,50,-0.15445153655944488,50,0.04,3,714
R+D,basal,50,-0.598619632171357,50,0.0,2,714
R+D,her2,50,-0.5671097569783623,50,0.02,3,714
R+D,luminal,50,-0.3131850210914492,50,0.02,2,714
R+P+D,basal,50,-0.40472140681052216,50,0.0,3,714
R+P+D,her2,50,-0.5183325450877971,50,0.02,4,714
R+P+D,luminal,50,-0.30996463195439433,50,0.02,1,714
R,basal,50,-0.6180550484732364,50,0.0,3,715
R,her2,50,-0.4800276997755785,50,0.04,10,715
R,luminal,50,-0.15239603453148992,50,0.04,3,715
R+P,basal,50,-0.3324139777847298,50,0.0,1,715
R+P,her2,50,-0.36424823059317357,50,0.02,5,715
R+P,luminal,50,-0.17058762251925738,50,0.06,3,715
R+D,basal,50,-0.7108377407788339,50,0.0,4,715
R+D,her2,50,-0.5119370352520556,50,0.02,5,715
R+D,luminal,50,-0.2785973892882062,50,0.02,0,715
R+P+D,basal,50,-0.4945065096262716,50,0.0,2,715
R+P+D,her2,50,-0.4288136401660639,50,0.02,4,715
R+P+D,luminal,50,-0.17125026400186552,50,0.02,2,715
R,basal,50,-0.577445073819666,50,0.0,0,716
R,her2,50,-0.29049260732059046,50,0.02,9,716
R,luminal,50,-0.1343569290476055,50,0.04,2,716
R+P,basal,50,-0.34375544691017523,50,0.0,0,716
R+P,her2,50,-0.26359645205209886,50,0.02,3,716
R+P,luminal,50,-0.1329161383577587,50,0.04,2,716
R+D,basal,50,-0.6372886816351253,50,0.0,1,716
R+D,her2,50,-0.47525603656927023,50,0.02,8,716
R+D,luminal,50,-0.26186013506848677,50,0.04,2,716
R+P+D,basal,50,-0.6198837613088785,50,0.0,1,716
R+P+D,her2,50,-0.3279526163601314,50,0.02,4,716
R+P+D,luminal,50,-0.25616166147851344,50,0.04,3,716
R,basal,50,-0.5492140193374917,50,0.0,0,717
R,her2,50,-0.37679362287504076,50,0.02,9,717
R,luminal,50,-0.1192348261719006,50,0.04,1,717
R+P,basal,50,-0.4170236217704089,50,0.0,2,717
R+P,her2,50,-0.42279874811476165,50,0.02,6,717
R+P,luminal,50,-0.0971761790582872,50,0.04,1,717
R+D,basal,50,-0.6982081160239987,50,0.0,2,717
R+D,her2,50,-0.47043273625008863,50,0.02,8,717
R+D,luminal,50,-0.2765129324216855,50,0.02,2,717
R+P+D,basal,50,-0.5937404941105437,50,0.0,0,717
R+P+D,her2,50,-0.46681651872914687,50,0.02,5,717
R+P+D,luminal,50,-0.16658691650930327,50,0.02,1,717
R,basal,50,-0.6143627429568548,50,0.0,2,718
R,her2,50,-0.5912554357760084,50,0.04,7,718
R,luminal,50,-0.12475631785421969,50,0.04,2,718
R+P,basal,50,-0.3693903412091639,50,0.0,3,718
R+P,her2,50,-0.22588618303963803,50,0.02,1,718
R+P,luminal,50,-0.10368600749023349,50,0.04,1,718
R+D,basal,50,-0.7238906804083071,50,0.0,0,718
R+D,her2,50,-0.540160434437216,50,0.04,6,718
R+D,luminal,50,-0.31373511877573035,50,0.04,1,718
R+P+D,basal,50,-0.5255201106435441,50,0.0,1,718
R+P+D,her2,50,-0.42873087827598555,50,0.02,5,718
R+P+D,luminal,50,-0.27427424234961,50,0.04,1,718
R,basal,50,-0.38105959299157016,50,0.0,2,719
R,her2,50,-0.39498025083275023,50,0.04,7,719
R,luminal,50,-0.20053695057887777,50,0.06,3,719
R+P,basal,50,-0.2528842238361861,50,0.0,1,719
R+P,her2,50,-0.21429630560991772,50,0.04,3,719
R+P,luminal,50,-0.13795656419542718,50,0.06,1,719
R+D,basal,50,-0.5490894623531747,50,0.0,2,719
R+D,her2,50,-0.5130666426529832,50,0.02,7,719
R+D,luminal,50,-0.40358802752480477,50,0.04,0,719
R+P+D,basal,50,-0.5073361923231614,50,0.0,3,719
R+P+D,her2,50,-0.39275178894500373,50,0.02,5,719
R+P+D,luminal,50,-0.24218436125648865,50,0.04,0,719
R,basal,50,-0.4253189683737561,50,0.0,0,720
R,her2,50,-0.3259641940347613,50,0.02,5,720
R,luminal,50,-0.13610617176689754,50,0.04,2,720
R+P,basal,50,-0.244567190794373,50,0.0,1,720
R+P,her2,50,-0.2965622277079297,50,0.02,4,720
R+P,luminal,50,-0.1297580543551097,50,0.04,0,720
R+D,basal,50,-0.5526845229830692,50,0.0,1,720
R+D,her2,50,-0.49851591693916125,50,0.02,4,720
R+D,luminal,50,-0.28170995579471103,50,0.04,1,720
R+P+D,basal,50,-0.4326958949741584,50,0.0,1,720
R+P+D,her2,50,-0.444082625231709,50,0.02,5,720
R+P+D,luminal,50,-0.20255847254389575,50,0.04,2,720
R,basal,50,-0.8665261773594043,50,0.0,5,721
R,her2,50,-0.3337803723422943,50,0.04,7,721
R,luminal,50,-0.16800144118366642,50,0.04,1,721
R+P,basal,50,-0.5170469377992982,50,0.0,3,721
R+P,her2,50,-0.17022612036390758,50,0.02,5,721
R+P,luminal,50,-0.14665811887305188,50,0.04,1,721
R+D,basal,50,-0.6654975286157538,50,0.0,2,721
R+D,her2,50,-0.5975749227468493,50,0.04,9,721
R+D,luminal,50,-0.42679223030177665,50,0.06,0,721
R+P+D,basal,50,-0.5804723472506415,50,0.0,1,721
R+P+D,her2,50,-0.33738369188622236,50,0.02,7,721
R+P+D,luminal,50,-0.28406066071426844,50,0.04,2,721
R,basal,50,-0.497657181185508,50,0.0,3,722
R,her2,50,-0.4682102686361898,50,0.04,8,722
R,luminal,50,-0.14099154019131274,50,0.04,1,722
R+P,basal,50,-0.38411224646042674,50,0.0,0,722
R+P,her2,50,-0.29771189970134965,50,0.02,2,722
R+P,luminal,50,-0.12041075929302954,50,0.04,0,722
R+D,basal,50,-0.6978737683419841,50,0.0,4,722
R+D,her2,50,-0.5703617414805779,50,0.04,8,722
R+D,luminal,50,-0.30272229781926563,50,0.04,1,722
R+P+D,basal,50,-0.45017823901221093,50,0.0,3,722
R+P+D,her2,50,-0.4111263794302065,50,0.02,3,722
R+P+D,luminal,50,-0.27002756395815597,50,0.04,2,722
R,basal,50,-0.6106759911459594,50,0.0,1,723
R,her2,50,-0.4323154815025267,50,0.02,6,723
R,luminal,50,-0.11876808995078278,50,0.04,1,723
R+P,basal,50,-0.479261914521961,50,0.0,3,723
R+P,her2,50,-0.24110101985895835,50,0.02,2,723
R+P,luminal,50,-0.09821036132675655,50,0.04,1,723
R+D,basal,50,-0.6382206840538054,50,0.0,5,723
R+D,her2,50,-0.6015559604165854,50,0.02,8,723
R+D,luminal,50,-0.32822407367146084,50,0.02,2,723
R+P+D,basal,50,-0.5642019275084356,50,0.0,3,723
R+P+D,her2,50,-0.3455998699730939,50,0.02,4,723
R+P+D,luminal,50,-0.20518365167407546,50,0.02,2,723
R,basal,50,-0.5070111844728996,50,0.0,1,724
R,her2,50,-0.41309648769567736,50,0.02,7,724
R,luminal,50,-0.1532068512319373,50,0.04,1,724
R+P,basal,50,-0.2607953465726653,50,0.0,2,724
R+P,her2,50,-0.3436996374118616,50,0.02,2,724
R+P,luminal,50,-0.1040293114289447,50,0.04,0,724
R+D,basal,50,-0.666225244266347,50,0.0,1,724
R+D,her2,50,-0.5987799506064356,50,0.02,6,724
R+D,luminal,50,-0.275681662145447,50,0.04,2,724
R+P+D,basal,50,-0.3606581891558776,50,0.0,1,724
R+P+D,her2,50,-0.5359415583594473,50,0.02,7,724
R+P+D,luminal,50,-0.24337075181152307,50,0.04,3,724
R,basal,50,-0.6226794049818751,50,0.0,5,725
R,her2,50,-0.30553764633951386,50,0.02,3,725
R,luminal,50,-0.13031729478038964,50,0.04,2,725
R+P,basal,50,-0.4966598495448538,50,0.0,4,725
R+P,her2,50,-0.2683483269098362,50,0.04,2,725
R+P,luminal,50,-0.08995216179286607,50,0.02,2,725
R+D,basal,50,-0.6703434793224406,50,0.0,3,725
R+D,her2,50,-0.415376362195859,50,0.02,8,725
R+D,luminal,50,-0.3096554695791582,50,0.04,2,725
R+P+D,basal,50,-0.5084625738998548,50,0.0,2,725
R+P+D,her2,50,-0.4020296188961565,50,0.02,7,725
R+P+D,luminal,50,-0.28431692431467465,50,0.04,1,725
R,basal,50,-0.5096252591205781,50,0.0,0,726
R,her2,50,-0.3985722032618723,50,0.02,8,726
R,luminal,50,-0.14690989608765975,50,0.04,1,726
R+P,basal,50,-0.27442161351490957,50,0.0,0,726
R+P,her2,50,-0.2780709310459957,50,0.02,4,726
R+P,luminal,50,-0.16150392559278806,50,0.04,1,726
R+D,basal,50,-0.629002083343963,50,0.0,1,726
R+D,her2,50,-0.568001492099569,50,0.02,7,726
R+D,luminal,50,-0.4023431946628528,50,0.04,1,726
R+P+D,basal,50,-0.37697772754476927,50,0.0,1,726
R+P+D,her2,50,-0.37112963520296516,50,0.02,4,726
R+P+D,luminal,50,-0.3489353125583148,50,0.04,0,726
R,basal,50,-0.3966844960685338,50,0.0,0,727
R,her2,50,-0.3416291914047757,50,0.02,6,727
R,luminal,50,-0.1356192241655101,50,0.04,1,727
R+P,basal,50,-0.3094728082372147,50,0.0,0,727
R+P,her2,50,-0.27237260847987405,50,0.02,3,727
R+P,luminal,50,-0.17259681952699474,50,0.06,3,727
R+D,basal,50,-0.6326398970465406,50,0.0,1,727
R+D,her2,50,-0.456128057742179,50,0.02,5,727
R+D,luminal,50,-0.3157811412357745,50,0.04,2,727
R+P+D,basal,50,-0.5388871413233656,50,0.0,1,727
R+P+D,her2,50,-0.24845881365345548,50,0.02,2,727
R+P+D,luminal,50,-0.28212104135005683,50,0.06,3,727
R,basal,50,-0.5049604662725173,50,0.0,0,728
R,her2,50,-0.24280609562377337,50,0.02,5,728
R,luminal,50,-0.15780358145481638,50,0.04,1,728
R+P,basal,50,-0.2932977684568268,50,0.0,1,728
R+P,her2,50,-0.3542160282434937,50,0.02,2,728
R+P,luminal,50,-0.14005245350454354,50,0.04,3,728
R+D,basal,50,-0.6324429912638427,50,0.0,1,728
R+D,her2,50,-0.4463287383901623,50,0.02,3,728
R+D,luminal,50,-0.35253341840896213,50,0.04,1,728
R+P+D,basal,50,-0.4110879078225794,50,0.0,2,728
R+P+D,her2,50,-0.4561612152503547,50,0.02,2,728
R+P+D,luminal,50,-0.2655510647456348,50,0.04,2,728
R,basal,50,-0.6349960344571908,50,0.0,1,729
R,her2,50,-0.404084418764841,50,0.02,7,729
R,luminal,50,-0.1501128757052696,50,0.04,2,729
R+P,basal,50,-0.5219882435604628,50,0.0,2,729
R+P,her2,50,-0.32373765853583714,50,0.02,2,729
R+P,luminal,50,-0.14200125920468187,50,0.04,3,729
R+D,basal,50,-0.5917399301687114,50,0.0,0,729
R+D,her2,50,-0.5410979562447517,50,0.02,9,729
R+D,luminal,50,-0.28084924371369113,50,0.04,2,729
R+P+D,basal,50,-0.5508997706947523,50,0.0,2,729
R+P+D,her2,50,-0.39233131382210756,50,0.02,4,729
R+P+D,luminal,50,-0.2878676723806992,50,0.04,2,729
R,basal,50,-0.4476682996918964,50,0.0,1,730
R,her2,50,-0.6704641112317765,50,0.02,10,730
R,luminal,50,-0.137262691044526,50,0.06,1,730
R+P,basal,50,-0.3213752039988151,50,0.0,1,730
R+P,her2,50,-0.222916629357229,50,0.02,3,730
R+P,luminal,50,-0.12494741133159014,50,0.06,2,730
R+D,basal,50,-0.6336264994044996,50,0.0,3,730
R+D,her2,50,-0.6043229323010868,50,0.02,8,730
R+D,luminal,50,-0.26618266469766416,50,0.02,1,730
R+P+D,basal,50,-0.44299626497394873,50,0.0,1,730
R+P+D,her2,50,-0.27629042337225057,50,0.02,3,730
R+P+D,luminal,50,-0.2069862858848884,50,0.02,2,730
R,basal,50,-0.3191385394503483,50,0.0,0,731
R,her2,50,-0.5449372823960971,50,0.02,4,731
R,luminal,50,-0.09362629682151241,50,0.04,2,731
R+P,basal,50,-0.23649821201372234,50,0.0,2,731
R+P,her2,50,-0.4747091965983422,50,0.02,6,731
R+P,luminal,50,-0.08959127087542385,50,0.04,0,731
R+D,basal,50,-0.559878536948348,50,0.0,2,731
R+D,her2,50,-0.5454300890386864,50,0.02,5,731
R+D,luminal,50,-0.3245409374731403,50,0.02,1,731
R+P+D,basal,50,-0.43210360613693005,50,0.0,2,731
R+P+D,her2,50,-0.5536736757476787,50,0.02,7,731
R+P+D,luminal,50,-0.18310690712313857,50,0.02,1,731
R,basal,50,-0.5322290772900004,50,0.0,0,732
R,her2,50,-0.45031385561059417,50,0.04,8,732
R,luminal,50,-0.14185248657697025,50,0.04,2,732
R+P,basal,50,-0.33223276738106255,50,0.0,2,732
R+P,her2,50,-0.37032197466350925,50,0.02,5,732
R+P,luminal,50,-0.12570573131976423,50,0.04,0,732
R+D,basal,50,-0.7037965648195879,50,0.0,2,732
R+D,her2,50,-0.4797321556510337,50,0.02,6,732
R+D,luminal,50,-0.34849907648276646,50,0.04,2,732
R+P+D,basal,50,-0.4357288712770555,50,0.0,1,732
R+P+D,her2,50,-0.42934197201887003,50,0.02,4,732
R+P+D,luminal,50,-0.24698462179933373,50,0.04,1,732
R,basal,50,-0.5743216328848928,50,0.0,2,733
R,her2,50,-0.26439167498548455,50,0.02,6,733
R,luminal,50,-0.12828647583944175,50,0.04,2,733
R+P,basal,50,-0.2391343049436856,50,0.0,2,733
R+P,her2,50,-0.2566367659661402,50,0.04,4,733
R+P,luminal,50,-0.14589585989550544,50,0.06,2,733
R+D,basal,50,-0.6570314006129613,50,0.0,2,733
R+D,her2,50,-0.3754260855673659,50,0.02,4,733
R+D,luminal,50,-0.3867713736018342,50,0.04,1,733
R+P+D,basal,50,-0.37891265448197475,50,0.0,1,733
R+P+D,her2,50,-0.2947747709749466,50,0.04,3,733
R+P+D,luminal,50,-0.28527266750112246,50,0.04,2,733
R,basal,50,-0.36578248928293455,50,0.0,0,734
R,her2,50,-0.3099193289335713,50,0.02,6,734
R,luminal,50,-0.19607772707089943,50,0.04,2,734
R+P,basal,50,-0.29916285996928893,50,0.0,2,734
R+P,her2,50,-0.24463743976663682,50,0.02,4,734
R+P,luminal,50,-0.1281276446168283,50,0.04,1,734
R+D,basal,50,-0.6431063752905929,50,0.0,0,734
R+D,her2,50,-0.3953458711614428,50,0.02,5,734
R+D,luminal,50,-0.39570027244158235,50,0.04,1,734
R+P+D,basal,50,-0.33674150598760355,50,0.0,1,734
R+P+D,her2,50,-0.3224816144949131,50,0.02,4,734
R+P+D,luminal,50,-0.3134712618344065,50,0.04,1,734
R,basal,50,-0.589873492103443,50,0.0,0,735
R,her2,50,-0.39830312393609846,50,0.04,9,735
R,luminal,50,-0.14449127424914252,50,0.04,1,735
R+P,basal,50,-0.33687026887982846,50,0.0,1,735
R+P,her2,50,-0.21687092766269345,50,0.02,3,735
R+P,luminal,50,-0.16794114326505657,50,0.06,2,735
R+D,basal,50,-0.5985218832059311,50,0.0,0,735
R+D,her2,50,-0.4462913625315914,50,0.02,6,735
R+D,luminal,50,-0.3260981968209212,50,0.04,2,735
R+P+D,basal,50,-0.5219797900859268,50,0.0,1,735
R+P+D,her2,50,-0.237495759161826,50,0.02,2,735
R+P+D,luminal,50,-0.19990405165226308,50,0.04,2,735
R,basal,50,-0.5229990411763246,50,0.0,2,736
R,her2,50,-0.30305170661909053,50,0.02,6,736
R,luminal,50,-0.15866980260439983,50,0.04,2,736
R+P,basal,50,-0.24544027189901096,50,0.0,1,736
R+P,her2,50,-0.2237416411642747,50,0.02,3,736
R+P,luminal,50,-0.12154279106666689,50,0.04,1,736
R+D,basal,50,-0.6717674964187336,50,0.0,3,736
R+D,her2,50,-0.5169009781057073,50,0.02,8,736
R+D,luminal,50,-0.27624038191387423,50,0.02,1,736
R+P+D,basal,50,-0.36709535223729006,50,0.0,2,736
R+P+D,her2,50,-0.5155236575537857,50,0.02,6,736
R+P+D,luminal,50,-0.22643326340917297,50,0.02,2,736
R,basal,50,-0.523351336133131,50,0.0,1,737
R,her2,50,-0.3277589765693505,50,0.04,7,737
R,luminal,50,-0.21298334371887445,50,0.06,3,737
R+P,basal,50,-0.39136055253093566,50,0.0,0,737
R+P,her2,50,-0.1611596633714977,50,0.02,3,737
R+P,luminal,50,-0.1390941158862434,50,0.06,2,737
R+D,basal,50,-0.5893494089341538,50,0.0,1,737
R+D,her2,50,-0.5757329214938238,50,0.04,8,737
R+D,luminal,50,-0.3300752569525954,50,0.04,0,737
R+P+D,basal,50,-0.4100830548508514,50,0.0,1,737
R+P+D,her2,50,-0.326909353167598,50,0.02,4,737
R+P+D,luminal,50,-0.29456317196734877,50,0.04,0,737
R,basal,50,-0.5258553341020341,50,0.0,2,738
R,her2,50,-0.40217848451926264,50,0.02,7,738
R,luminal,50,-0.20399610796210838,50,0.04,1,738
R+P,basal,50,-0.17078774168828642,50,0.0,1,738
R+P,her2,50,-0.2924743360555758,50,0.02,2,738
R+P,luminal,50,-0.1725247113788319,50,0.06,0,738
R+D,basal,50,-0.7287949958513077,50,0.0,3,738
R+D,her2,50,-0.4497099062224815,50,0.02,3,738
R+D,luminal,50,-0.40100990266734643,50,0.02,1,738
R+P+D,basal,50,-0.40762533410888097,50,0.0,1,738
R+P+D,her2,50,-0.3766120013129015,50,0.02,1,738
R+P+D,luminal,50,-0.34772002421329945,50,0.02,1,738
R,basal,50,-0.5465313389726739,50,0.0,1,739
R,her2,50,-0.4496668319716659,50,0.02,7,739
R,luminal,50,-0.12142949499968912,50,0.04,1,739
R+P,basal,50,-0.3453242465550808,50,0.0,0,739
R+P,her2,50,-0.2894729207249545,50,0.02,4,739
R+P,luminal,50,-0.1370786860147818,50,0.04,0,739
R+D,basal,50,-0.7176754112036925,50,0.0,3,739
R+D,her2,50,-0.5601140627865145,50,0.02,7,739
R+D,luminal,50,-0.2928582142447206,50,0.04,1,739
R+P+D,basal,50,-0.5499112698276065,50,0.0,2,739
R+P+D,her2,50,-0.4599737044502643,50,0.02,6,739
R+P+D,luminal,50,-0.22294698212689026,50,0.04,1,739
R,basal,50,-0.6258158282950134,50,0.0,2,740
R,her2,50,-0.2687506703452333,50,0.02,6,740
R,luminal,50,-0.11598988657103926,50,0.04,2,740
R+P,basal,50,-0.4195837432335051,50,0.02,0,740
R+P,her2,50,-0.19094573427509878,50,0.02,2,740
R+P,luminal,50,-0.1445110982982624,50,0.06,1,740
R+D,basal,50,-0.6711694179713212,50,0.0,2,740
R+D,her2,50,-0.38006882709411166,50,0.02,7,740
R+D,luminal,50,-0.2680560438394741,50,0.04,0,740
R+P+D,basal,50,-0.46039707190372836,50,0.0,2,740
R+P+D,her2,50,-0.2807327137501042,50,0.02,4,740
R+P+D,luminal,50,-0.18491616623318322,50,0.04,1,740
R,basal,50,-0.5262975164394278,50,0.0,2,741
R,her2,50,-0.47692223818563617,50,0.02,4,741
R,luminal,50,-0.16029021078356182,50,0.04,2,741
R+P,basal,50,-0.15931997488602767,50,0.0,1,741
R+P,her2,50,-0.3733472526162272,50,0.02,3,741
R+P,luminal,50,-0.12493612287309372,50,0.04,3,741
R+D,basal,50,-0.6186406397968159,50,0.0,3,741
R+D,her2,50,-0.5370977874294005,50,0.02,3,741
R+D,luminal,50,-0.2096643240188398,50,0.02,0,741
R+P+D,basal,50,-0.4039320556514451,50,0.0,2,741
R+P+D,her2,50,-0.5045491665476755,50,0.02,2,741
R+P+D,luminal,50,-0.1893863299238289,50,0.02,2,741
R,basal,50,-0.4669747609141037,50,0.0,2,742
R,her2,50,-0.4329258550863784,50,0.02,7,742
R,luminal,50,-0.12070579568597055,50,0.04,1,742
R+P,basal,50,-0.17832552880240363,50,0.0,1,742
R+P,her2,50,-0.33969130616734483,50,0.02,7,742
R+P,luminal,50,-0.09849920161820806,50,0.04,2,742
R+D,basal,50,-0.6661588326881359,50,0.0,1,742
R+D,her2,50,-0.5313051748947273,50,0.02,7,742
R+D,luminal,50,-0.3635447462441787,50,0.04,1,742
R+P+D,basal,50,-0.48707077964945794,50,0.0,0,742
R+P+D,her2,50,-0.3179439907095143,50,0.02,5,742
R+P+D,luminal,50,-0.24072533469741128,50,0.04,0,742
R,basal,50,-0.470155963056653,50,0.0,1,743
R,her2,50,-0.3301148524495603,50,0.02,10,743
R,luminal,50,-0.1595708243345454,50,0.06,2,743
R+P,basal,50,-0.2303502548894596,50,0.0,1,743
R+P,her2,50,-0.20233553974804405,50,0.02,3,743
R+P,luminal,50,-0.17470364187454127,50,0.06,2,743
R+D,basal,50,-0.6436271147529764,50,0.0,1,743
R+D,her2,50,-0.43340730986558235,50,0.02,8,743
R+D,luminal,50,-0.27453505992809385,50,0.04,2,743
R+P+D,basal,50,-0.4011923723741888,50,0.0,2,743
R+P+D,her2,50,-0.3348122624501685,50,0.02,4,743
R+P+D,luminal,50,-0.27298605769832396,50,0.06,2,743
R,basal,50,-0.45553298201038755,50,0.0,0,744
R,her2,50,-0.4349589346669421,50,0.02,6,744
R,luminal,50,-0.16827033040120265,50,0.04,1,744
R+P,basal,50,-0.3599349744679191,50,0.0,2,744
R+P,her2,50,-0.47124648144243125,50,0.02,5,744
R+P,luminal,50,-0.14704769681771246,50,0.04,2,744
R+D,basal,50,-0.639477124059483,50,0.0,2,744
R+D,her2,50,-0.5447441037576792,50,0.02,6,744
R+D,luminal,50,-0.37872883961807624,50,0.04,1,744
R+P+D,basal,50,-0.44135991796680857,50,0.0,1,744
R+P+D,her2,50,-0.47399123954063904,50,0.02,5,744
R+P+D,luminal,50,-0.29993055440594785,50,0.04,1,744
R,basal,50,-0.6468520025947605,50,0.0,3,745
R,her2,50,-0.4387253380425193,50,0.04,5,745
R,luminal,50,-0.10409741074357762,50,0.04,2,745
R+P,basal,50,-0.6567113067112791,50,0.0,2,745
R+P,her2,50,-0.3862945409044606,50,0.02,2,745
R+P,luminal,50,-0.11882048448039507,50,0.04,1,745
R+D,basal,50,-0.7159272522211889,50,0.0,2,745
R+D,her2,50,-0.5951632472961452,50,0.02,8,745
R+D,luminal,50,-0.2890100598689118,50,0.04,1,745
R+P+D,basal,50,-0.6220635160302451,50,0.0,2,745
R+P+D,her2,50,-0.3778456003295606,50,0.02,4,745
R+P+D,luminal,50,-0.207362426847625,50,0.04,1,745
R,basal,50,-0.5800156289645342,50,0.0,2,746
R,her2,50,-0.256253084928639,50,0.02,3,746
R,luminal,50,-0.11296039674949504,50,0.04,3,746
R+P,basal,50,-0.20332592268389033,50,0.0,1,746
R+P,her2,50,-0.20968107068014682,50,0.02,3,746
R+P,luminal,50,-0.17912075430711602,50,0.06,3,746
R+D,basal,50,-0.6840832993681881,50,0.0,3,746
R+D,her2,50,-0.48794821261760374,50,0.02,5,746
R+D,luminal,50,-0.18850160973551808,50,0.02,0,746
R+P+D,basal,50,-0.5068876202161734,50,0.0,2,746
R+P+D,her2,50,-0.3385284498471088,50,0.02,4,746
R+P+D,luminal,50,-0.19569358482542484,50,0.04,2,746
R,basal,50,-0.4186836699671199,50,0.0,1,747
R,her2,50,-0.21922772329597984,50,0.02,7,747
R,luminal,50,-0.1594926241325062,50,0.04,4,747
R+P,basal,50,-0.35003804108881936,50,0.0,1,747
R+P,her2,50,-0.15574109298218802,50,0.02,4,747
R+P,luminal,50,-0.12966436040750678,50,0.04,2,747
R+D,basal,50,-0.6197515007133503,50,0.0,2,747
R+D,her2,50,-0.3569628902602119,50,0.02,7,747
R+D,luminal,50,-0.2349393423380272,50,0.04,2,747
R+P+D,basal,50,-0.6033049050627052,50,0.0,1,747
R+P+D,her2,50,-0.26649724024037585,50,0.02,3,747
R+P+D,luminal,50,-0.2730822653974718,50,0.04,2,747
R,basal,50,-0.6594131178979397,50,0.0,0,748
R,her2,50,-0.4256912184459926,50,0.02,9,748
R,luminal,50,-0.10690966396123885,50,0.04,2,748
R+P,basal,50,-0.3362698432361094,50,0.0,2,748
R+P,her2,50,-0.34412063599221576,50,0.02,6,748
R+P,luminal,50,-0.1530284472145887,50,0.06,3,748
R+D,basal,50,-0.7925873046388489,50,0.0,2,748
R+D,her2,50,-0.44105774837569894,50,0.02,7,748
R+D,luminal,50,-0.35844504675688116,50,0.04,1,748
R+P+D,basal,50,-0.45900543446167824,50,0.0,0,748
R+P+D,her2,50,-0.5224296244647519,50,0.02,5,748
R+P+D,luminal,50,-0.310078086857753,50,0.04,1,748
R,basal,50,-0.666175559621254,50,0.0,1,749
R,her2,50,-0.1787873786876456,50,0.02,5,749
R,luminal,50,-0.1782282867069142,50,0.04,2,749
R+P,basal,50,-0.2618177335299553,50,0.0,2,749
R+P,her2,50,-0.16719494722724107,50,0.02,1,749
R+P,luminal,50,-0.23264344764704695,50,0.04,0,749
R+D,basal,50,-0.6795715370688176,50,0.0,2,749
R+D,her2,50,-0.38235318971442894,50,0.02,5,749
R+D,luminal,50,-0.42217305220595086,50,0.04,0,749
R+P+D,basal,50,-0.39253493515251087,50,0.0,1,749
R+P+D,her2,50,-0.4036371800063915,50,0.02,3,749
R+P+D,luminal,50,-0.3305726929985156,50,0.04,0,749
R,basal,50,-0.5167514974603824,50,0.0,1,750
R,her2,50,-0.3034986359667744,50,0.02,5,750
R,luminal,50,-0.1554437117003935,50,0.04,3,750
R+P,basal,50,-0.4506684512946997,50,0.0,1,750
R+P,her2,50,-0.14341000749404761,50,0.02,3,750
R+P,luminal,50,-0.1708772150027249,50,0.04,1,750
R+D,basal,50,-0.5169264130458919,50,0.0,2,750
R+D,her2,50,-0.4065075521664949,50,0.02,6,750
R+D,luminal,50,-0.3659826084776611,50,0.04,1,750
R+P+D,basal,50,-0.48488840222265783,50,0.0,2,750
R+P+D,her2,50,-0.2591897148610129,50,0.02,3,750
R+P+D,luminal,50,-0.2910618183493678,50,0.04,1,750
R,basal,50,-0.5086953281090506,50,0.0,0,751
R,her2,50,-0.40584867071527436,50,0.02,6,751
R,luminal,50,-0.11073834021469826,50,0.04,2,751
R+P,basal,50,-0.3683443590042597,50,0.0,1,751
R+P,her2,50,-0.23935464411238175,50,0.02,5,751
R+P,luminal,50,-0.1367423785854198,50,0.04,3,751
R+D,basal,50,-0.6489443951574898,50,0.0,1,751
R+D,her2,50,-0.48109596230172025,50,0.02,6,751
R+D,luminal,50,-0.3226932661871765,50,0.04,2,751
R+P+D,basal,50,-0.5026515469344254,50,0.0,1,751
R+P+D,her2,50,-0.309798453054679,50,0.02,5,751
R+P+D,luminal,50,-0.26785614015077147,50,0.04,1,751
R,basal,50,-0.4663257540981007,50,0.0,3,752
R,her2,50,-0.3501265677670785,50,0.02,8,752
R,luminal,50,-0.18469394451707624,50,0.04,2,752
R+P,basal,50,-0.39508861915141663,50,0.0,2,752
R+P,her2,50,-0.22711028438225767,50,0.02,4,752
R+P,luminal,50,-0.15819963732450118,50,0.04,2,752
R+D,basal,50,-0.5637042732340962,50,0.0,3,752
R+D,her2,50,-0.3627542588104614,50,0.02,8,752
R+D,luminal,50,-0.3465295160286381,50,0.02,2,752
R+P+D,basal,50,-0.531175222700982,50,0.0,4,752
R+P+D,her2,50,-0.28221093587262985,50,0.02,4,752
R+P+D,luminal,50,-0.267575194215884,50,0.02,2,752
R,basal,50,-0.6213476504714934,50,0.0,2,753
R,her2,50,-0.36026463750872423,50,0.02,9,753
R,luminal,50,-0.14846326597287568,50,0.04,1,753
R+P,basal,50,-0.29825376495453476,50,0.0,4,753
R+P,her2,50,-0.40694238372889335,50,0.02,4,753
R+P,luminal,50,-0.10922066346728804,50,0.04,3,753
R+D,basal,50,-0.7709454431305471,50,0.0,2,753
R+D,her2,50,-0.47747980458115796,50,0.02,5,753
R+D,luminal,50,-0.2731333259555557,50,0.04,0,753
R+P+D,basal,50,-0.5006746215517557,50,0.0,3,753
R+P+D,her2,50,-0.4911744927471282,50,0.02,4,753
R+P+D,luminal,50,-0.1983300304672441,50,0.04,1,753
R,basal,50,-0.45774995757350184,50,0.0,1,754
R,her2,50,-0.36886036026216634,50,0.04,11,754
R,luminal,50,-0.16583814001332756,50,0.04,1,754
R+P,basal,50,-0.17450362235288622,50,0.0,0,754
R+P,her2,50,-0.4036586904104071,50,0.02,5,754
R+P,luminal,50,-0.12473645679455359,50,0.04,0,754
R+D,basal,50,-0.6580644071462364,50,0.0,1,754
R+D,her2,50,-0.4835094297783487,50,0.04,7,754
R+D,luminal,50,-0.36099084047737845,50,0.02,1,754
R+P+D,basal,50,-0.39557667142469655,50,0.0,0,754
R+P+D,her2,50,-0.589098433999214,50,0.02,3,754
R+P+D,luminal,50,-0.2988101072392587,50,0.02,0,754
R,basal,50,-0.5391672900886112,50,0.0,1,755
R,her2,50,-0.35024437633959743,50,0.02,4,755
R,luminal,50,-0.11891216577861241,50,0.04,3,755
R+P,basal,50,-0.4971136360323461,50,0.0,1,755
R+P,her2,50,-0.24242194718445043,50,0.02,3,755
R+P,luminal,50,-0.14632603068139616,50,0.06,3,755
R+D,basal,50,-0.6257113992516775,50,0.0,2,755
R+D,her2,50,-0.4178511514709556,50,0.02,3,755
R+D,luminal,50,-0.1934654981101206,50,0.02,0,755
R+P+D,basal,50,-0.6576148379584993,50,0.0,2,755
R+P+D,her2,50,-0.3688812399620319,50,0.02,3,755
R+P+D,luminal,50,-0.17661795563271013,50,0.02,1,755
R,basal,50,-0.6326483736465989,50,0.0,3,756
R,her2,50,-0.388059278216871,50,0.02,3,756
R,luminal,50,-0.1631749567992642,50,0.06,2,756
R+P,basal,50,-0.4650173229163317,50,0.0,3,756
R+P,her2,50,-0.21063221742343186,50,0.02,3,756
R+P,luminal,50,-0.15628530053793363,50,0.06,1,756
R+D,basal,50,-0.6612871409253188,50,0.0,2,756
R+D,her2,50,-0.5372854022051903,50,0.02,7,756
R+D,luminal,50,-0.3161840208849243,50,0.04,1,756
R+P+D,basal,50,-0.5622283229931814,50,0.0,2,756
R+P+D,her2,50,-0.33943187868471164,50,0.02,5,756
R+P+D,luminal,50,-0.2226504178459221,50,0.04,1,756
R,basal,50,-0.5736648528752415,50,0.0,1,757
R,her2,50,-0.2669007163345196,50,0.02,8,757
R,luminal,50,-0.10084668504557089,50,0.04,2,757
R+P,basal,50,-0.34718121181281825,50,0.0,1,757
R+P,her2,50,-0.21107322519805075,50,0.02,4,757
R+P,luminal,50,-0.12838804494912032,50,0.06,1,757
R+D,basal,50,-0.6107518498601958,50,0.0,2,757
R+D,her2,50,-0.36310048861739136,50,0.02,6,757
R+D,luminal,50,-0.24302325581541256,50,0.02,0,757
R+P+D,basal,50,-0.41314675944494206,50,0.0,2,757
R+P+D,her2,50,-0.2376866917917374,50,0.02,4,757
R+P+D,luminal,50,-0.2655189153356657,50,0.02,1,757
R,basal,50,-0.5045981799914616,50,0.0,2,758
R,her2,50,-0.3067636211756392,50,0.02,6,758
R,luminal,50,-0.1295714705943141,50,0.06,1,758
R+P,basal,50,-0.23670590564731886,50,0.0,0,758
R+P,her2,50,-0.13724948947252946,50,0.02,3,758
R+P,luminal,50,-0.14201505877691226,50,0.04,2,758
R+D,basal,50,-0.6035264906915858,50,0.0,2,758
R+D,her2,50,-0.4662973872645051,50,0.04,9,758
R+D,luminal,50,-0.41846181066524113,50,0.02,1,758
R+P+D,basal,50,-0.38716353054966923,50,0.0,0,758
R+P+D,her2,50,-0.26194908896741553,50,0.02,4,758
R+P+D,luminal,50,-0.2553850974177926,50,0.02,1,758
R,basal,50,-0.35843916903823475,50,0.0,3,759
R,her2,50,-0.325081275702081,50,0.02,8,759
R,luminal,50,-0.13541957187543774,50,0.04,1,759
R+P,basal,50,-0.41872437199062323,50,0.0,1,759
R+P,her2,50,-0.22685901865016195,50,0.02,4,759
R+P,luminal,50,-0.13136709351850676,50,0.04,1,759
R+D,basal,50,-0.5898317426247176,50,0.0,4,759
R+D,her2,50,-0.4900366896887904,50,0.02,7,759
R+D,luminal,50,-0.2750837408426118,50,0.02,1,759
R+P+D,basal,50,-0.494330649821727,50,0.0,3,759
R+P+D,her2,50,-0.301945694626605,50,0.02,4,759
R+P+D,luminal,50,-0.21187177349673145,50,0.02,1,759
R,basal,50,-0.6196704307388874,50,0.0,2,760
R,her2,50,-0.2662187472196389,50,0.02,3,760
R,luminal,50,-0.10724095977068457,50,0.04,3,760
R+P,basal,50,-0.48475379831078946,50,0.0,2,760
R+P,her2,50,-0.14559510349728733,50,0.02,2,760
R+P,luminal,50,-0.13644090892063937,50,0.04,3,760
R+D,basal,50,-0.7033818112909566,50,0.0,0,760
R+D,her2,50,-0.35934709118464836,50,0.02,5,760
R+D,luminal,50,-0.3300861041691722,50,0.02,2,760
R+P+D,basal,50,-0.633986887823718,50,0.0,0,760
R+P+D,her2,50,-0.275612595423128,50,0.02,4,760
R+P+D,luminal,50,-0.26006017981707813,50,0.02,3,760
R,basal,50,-0.5638023872482578,50,0.0,1,761
R,her2,50,-0.33699450906390377,50,0.04,5,761
R,luminal,50,-0.2239207254725602,50,0.06,1,761
R+P,basal,50,-0.275908426458883,50,0.0,2,761
R+P,her2,50,-0.23965939080058335,50,0.02,4,761
R+P,luminal,50,-0.13025957612816583,50,0.04,0,761
R+D,basal,50,-0.6245506837674109,50,0.0,1,761
R+D,her2,50,-0.4084248630576503,50,0.04,8,761
R+D,luminal,50,-0.41195915287938784,50,0.04,0,761
R+P+D,basal,50,-0.5571511703447305,50,0.0,0,761
R+P+D,her2,50,-0.35666961344768583,50,0.02,6,761
R+P+D,luminal,50,-0.22063710300334072,50,0.04,0,761
R,basal,50,-0.5812777737657553,50,0.0,0,762
R,her2,50,-0.530914917639796,50,0.04,10,762
R,luminal,50,-0.13902642346468566,50,0.04,2,762
R+P,basal,50,-0.30099207458559357,50,0.0,2,762
R+P,her2,50,-0.2133252829066164,50,0.02,2,762
R+P,luminal,50,-0.1435978122790462,50,0.06,3,762
R+D,basal,50,-0.6504988607046261,50,0.0,2,762
R+D,her2,50,-0.4692599896597104,50,0.04,10,762
R+D,luminal,50,-0.30054927571688833,50,0.04,1,762
R+P+D,basal,50,-0.48117696100260715,50,0.0,1,762
R+P+D,her2,50,-0.2654122859940616,50,0.02,5,762
R+P+D,luminal,50,-0.2636500159340225,50,0.04,2,762
R,basal,50,-0.7653992682497001,50,0.0,3,763
R,her2,50,-0.22255813602625873,50,0.02,8,763
R,luminal,50,-0.16477876173335962,50,0.04,2,763
R+P,basal,50,-0.32899654967316105,50,0.0,1,763
R+P,her2,50,-0.11610939747387632,50,0.02,2,763
R+P,luminal,50,-0.14467912779189865,50,0.04,1,763
R+D,basal,50,-0.6803579977296217,50,0.0,2,763
R+D,her2,50,-0.3173616358914251,50,0.02,4,763
R+D,luminal,50,-0.36148471024878015,50,0.04,0,763
R+P+D,basal,50,-0.5508750830046449,50,0.0,1,763
R+P+D,her2,50,-0.2611133197212909,50,0.02,4,763
R+P+D,luminal,50,-0.23257496883637058,50,0.04,0,763
R,basal,50,-0.399203535017101,50,0.0,1,764
R,her2,50,-0.26723372709685744,50,0.02,4,764
R,luminal,50,-0.14332470686003565,50,0.04,2,764
R+P,basal,50,-0.29446201681193623,50,0.0,1,764
R+P,her2,50,-0.23669044667249903,50,0.02,2,764
R+P,luminal,50,-0.1151008317812638,50,0.04,1,764
R+D,basal,50,-0.5930883107936967,50,0.0,3,764
R+D,her2,50,-0.26411809048595764,50,0.02,4,764
R+D,luminal,50,-0.36702275710483606,50,0.04,1,764
R+P+D,basal,50,-0.5493246120022914,50,0.0,1,764
R+P+D,her2,50,-0.2649175118058818,50,0.02,5,764
R+P+D,luminal,50,-0.24453310105590156,50,0.04,1,764
R,basal,50,-0.5620865256366231,50,0.0,1,765
R,her2,50,-0.2950821993136139,50,0.02,8,765
R,luminal,50,-0.15876818566431483,50,0.04,1,765
R+P,basal,50,-0.2616083222528808,50,0.0,0,765
R+P,her2,50,-0.3746371138739344,50,0.02,5,765
R+P,luminal,50,-0.14465961420168788,50,0.04,0,765
R+D,basal,50,-0.6690619967399551,50,0.0,1,765
R+D,her2,50,-0.4103949666243521,50,0.02,7,765
R+D,luminal,50,-0.27812369702760087,50,0.04,0,765
R+P+D,basal,50,-0.37928961668156264,50,0.0,0,765
R+P+D,her2,50,-0.42168316530278205,50,0.02,5,765
R+P+D,luminal,50,-0.23748492981295052,50,0.04,1,765
R,basal,50,-0.45322273354726955,50,0.0,0,766
R,her2,50,-0.397389884391226,50,0.02,6,766
R,luminal,50,-0.2189853205477549,50,0.04,2,766
R+P,basal,50,-0.39660628329571096,50,0.0,1,766
R+P,her2,50,-0.22207909933068193,50,0.02,2,766
R+P,luminal,50,-0.1651892482246984,50,0.04,3,766
R+D,basal,50,-0.6179696446211035,50,0.0,1,766
R+D,her2,50,-0.4528599284682997,50,0.02,5,766
R+D,luminal,50,-0.3026165939366818,50,0.0,2,766
R+P+D,basal,50,-0.46488589740940506,50,0.0,2,766
R+P+D,her2,50,-0.2812979044132443,50,0.02,3,766
R+P+D,luminal,50,-0.274292325402659,50,0.0,1,766
R,basal,50,-0.6099093377857574,50,0.0,1,767
R,her2,50,-0.21452915150572832,50,0.02,5,767
R,luminal,50,-0.20994524157619576,50,0.04,2,767
R+P,basal,50,-0.4743762583669715,50,0.0,2,767
R+P,her2,50,-0.19920284858189835,50,0.06,3,767
R+P,luminal,50,-0.12726504150884277,50,0.04,2,767
R+D,basal,50,-0.727724251431797,50,0.0,1,767
R+D,her2,50,-0.431554521598528,50,0.02,7,767
R+D,luminal,50,-0.4042151599355849,50,0.04,2,767
R+P+D,basal,50,-0.5370525475613073,50,0.0,2,767
R+P+D,her2,50,-0.2784574082887554,50,0.04,4,767
R+P+D,luminal,50,-0.3682727753618385,50,0.04,2,767
R,basal,50,-0.6340463943800247,50,0.0,3,768
R,her2,50,-0.2788832055721774,50,0.02,3,768
R,luminal,50,-0.15537083784030056,50,0.06,4,768
R+P,basal,50,-0.4769640584855965,50,0.0,3,768
R+P,her2,50,-0.34133630591877906,50,0.04,3,768
R+P,luminal,50,-0.1489827980667006,50,0.06,2,768
R+D,basal,50,-0.6576272620142452,50,0.0,2,768
R+D,her2,50,-0.34955885801876796,50,0.02,5,768
R+D,luminal,50,-0.34704569333374186,50,0.04,0,768
R+P+D,basal,50,-0.5811586526544825,50,0.0,3,768
R+P+D,her2,50,-0.3194952216790294,50,0.02,4,768
R+P+D,luminal,50,-0.24342021932126304,50,0.06,2,768
R,basal,50,-0.6471767365141067,50,0.0,2,769
R,her2,50,-0.30532536825032686,50,0.02,5,769
R,luminal,50,-0.13695642122502397,50,0.04,4,769
R+P,basal,50,-0.4871150803879655,50,0.0,1,769
R+P,her2,50,-0.2584180879756222,50,0.02,3,769
R+P,luminal,50,-0.16752747098293447,50,0.06,2,769
R+D,basal,50,-0.7579557977844008,50,0.0,3,769
R+D,her2,50,-0.3838759263058066,50,0.02,6,769
R+D,luminal,50,-0.23487573481236534,50,0.04,1,769
R+P+D,basal,50,-0.6641460398798616,50,0.0,1,769
R+P+D,her2,50,-0.3808259681590516,50,0.02,4,769
R+P+D,luminal,50,-0.29005163779523807,50,0.04,0,769
R,basal,50,-0.43769971475866093,50,0.0,1,770
R,her2,50,-0.4577892755056232,50,0.04,8,770
R,luminal,50,-0.1451185734184516,50,0.04,1,770
R+P,basal,50,-0.164393554141624,50,0.0,1,770
R+P,her2,50,-0.2666283946845135,50,0.02,4,770
R+P,luminal,50,-0.14520953618757657,50,0.06,1,770
R+D,basal,50,-0.509569607781781,50,0.0,1,770
R+D,her2,50,-0.5233882403472958,50,0.02,6,770
R+D,luminal,50,-0.3165092648397084,50,0.04,0,770
R+P+D,basal,50,-0.34217305673433784,50,0.0,1,770
R+P+D,her2,50,-0.2955724181198249,50,0.02,4,770
R+P+D,luminal,50,-0.28175046933329534,50,0.04,1,770
R,basal,50,-0.5386870067040751,50,0.0,0,771
R,her2,50,-0.38284349311950583,50,0.04,7,771
R,luminal,50,-0.20010856895506485,50,0.06,2,771
R+P,basal,50,-0.26069699626698906,50,0.0,1,771
R+P,her2,50,-0.22184305157947812,50,0.02,3,771
R+P,luminal,50,-0.13280877198576757,50,0.06,2,771
R+D,basal,50,-0.6220504859983045,50,0.0,3,771
R+D,her2,50,-0.522485672408039,50,0.02,6,771
R+D,luminal,50,-0.33576526778740456,50,0.02,1,771
R+P+D,basal,50,-0.4606539317338412,50,0.0,1,771
R+P+D,her2,50,-0.3855094769609517,50,0.02,4,771
R+P+D,luminal,50,-0.1905023820190587,50,0.02,2,771
R,basal,50,-0.5210364278964642,50,0.0,1,772
R,her2,50,-0.24815744809747806,50,0.02,4,772
R,luminal,50,-0.14650417090333492,50,0.04,3,772
R+P,basal,50,-0.4333311442918683,50,0.0,1,772
R+P,her2,50,-0.2650847766875125,50,0.04,2,772
R+P,luminal,50,-0.17152627485745522,50,0.06,2,772
R+D,basal,50,-0.6630789414277902,50,0.0,2,772
R+D,her2,50,-0.4384186813842795,50,0.04,5,772
R+D,luminal,50,-0.32619637377680843,50,0.04,1,772
R+P+D,basal,50,-0.5625742217390859,50,0.0,3,772
R+P+D,her2,50,-0.40145373682680313,50,0.04,4,772
R+P+D,luminal,50,-0.2878313395629122,50,0.04,1,772
R,basal,50,-0.3994527178575888,50,0.0,1,773
R,her2,50,-0.37676681702692255,50,0.02,5,773
R,luminal,50,-0.12712150062514577,50,0.04,1,773
R+P,basal,50,-0.3135483857581705,50,0.0,1,773
R+P,her2,50,-0.15560096357917158,50,0.02,3,773
R+P,luminal,50,-0.14316033545525464,50,0.06,1,773
R+D,basal,50,-0.699920142854123,50,0.0,3,773
R+D,her2,50,-0.5781385555952907,50,0.02,9,773
R+D,luminal,50,-0.4306477395937771,50,0.02,2,773
R+P+D,basal,50,-0.48597379255002016,50,0.0,2,773
R+P+D,her2,50,-0.36817587749247793,50,0.02,6,773
R+P+D,luminal,50,-0.2598303604389501,50,0.02,2,773
R,basal,50,-0.7412890276559009,50,0.0,1,774
R,her2,50,-0.4398146193120949,50,0.04,8,774
R,luminal,50,-0.12340711363813454,50,0.06,2,774
R+P,basal,50,-0.580915630258253,50,0.0,2,774
R+P,her2,50,-0.22208384237416368,50,0.02,3,774
R+P,luminal,50,-0.11481074547639128,50,0.06,2,774
R+D,basal,50,-0.743752899956735,50,0.0,3,774
R+D,her2,50,-0.7334550689962123,50,0.02,13,774
R+D,luminal,50,-0.21347777521721806,50,0.04,0,774
R+P+D,basal,50,-0.6616421702422083,50,0.0,1,774
R+P+D,her2,50,-0.4201565421143444,50,0.02,8,774
R+P+D,luminal,50,-0.1522631211118078,50,0.04,0,774
R,basal,50,-0.7632545753539361,50,0.0,2,775
R,her2,50,-0.4816539261913128,50,0.04,8,775
R,luminal,50,-0.10573464182745748,50,0.04,1,775
R+P,basal,50,-0.5789841250034048,50,0.0,2,775
R+P,her2,50,-0.24075781170111538,50,0.02,3,775
R+P,luminal,50,-0.1283232482684091,50,0.06,2,775
R+D,basal,50,-0.642029190412375,50,0.0,1,775
R+D,her2,50,-0.5855587772790715,50,0.04,11,775
R+D,luminal,50,-0.3689559072449834,50,0.04,2,775
R+P+D,basal,50,-0.7125963006924821,50,0.0,1,775
R+P+D,her2,50,-0.39164231827427054,50,0.02,4,775
R+P+D,luminal,50,-0.3002907476118817,50,0.04,1,775
R,basal,50,-0.5878387927561826,50,0.0,0,776
R,her2,50,-0.3362432416953132,50,0.04,6,776
R,luminal,50,-0.12360224669121267,50,0.04,1,776
R+P,basal,50,-0.4391375675258656,50,0.0,2,776
R+P,her2,50,-0.26603148784231206,50,0.04,3,776
R+P,luminal,50,-0.11038338582584804,50,0.04,2,776
R+D,basal,50,-0.8090107982220829,50,0.0,2,776
R+D,her2,50,-0.4886034847693624,50,0.02,8,776
R+D,luminal,50,-0.41934487632642264,50,0.02,1,776
R+P+D,basal,50,-0.5909557556697894,50,0.0,3,776
R+P+D,her2,50,-0.42092399232851213,50,0.02,5,776
R+P+D,luminal,50,-0.3095734048429417,50,0.02,3,776
R,basal,50,-0.6852106916588252,50,0.0,1,777
R,her2,50,-0.36024132426058214,50,0.02,8,777
R,luminal,50,-0.12266929828539724,50,0.04,2,777
R+P,basal,50,-0.4588138385714877,50,0.0,0,777
R+P,her2,50,-0.20055942250401698,50,0.02,3,777
R+P,luminal,50,-0.09783634633350216,50,0.04,3,777
R+D,basal,50,-0.7930359577037717,50,0.0,0,777
R+D,her2,50,-0.46371820454741486,50,0.02,8,777
R+D,luminal,50,-0.3600922254901328,50,0.04,1,777
R+P+D,basal,50,-0.5160385662309163,50,0.0,1,777
R+P+D,her2,50,-0.45389519506467296,50,0.02,6,777
R+P+D,luminal,50,-0.25466206576376194,50,0.04,2,777
R,basal,50,-0.5833797146175764,50,0.0,2,778
R,her2,50,-0.30889060725622514,50,0.04,4,778
R,luminal,50,-0.23189409384621043,50,0.04,3,778
R+P,basal,50,-0.5320661141585324,50,0.0,2,778
R+P,her2,50,-0.32845714398769776,50,0.04,3,778
R+P,luminal,50,-0.13993242154456606,50,0.04,2,778
R+D,basal,50,-0.7056751612224264,50,0.0,1,778
R+D,her2,50,-0.3358238456223435,50,0.02,6,778
R+D,luminal,50,-0.41441169435795805,50,0.04,2,778
R+P+D,basal,50,-0.5167170865614731,50,0.0,0,778
R+P+D,her2,50,-0.3985374710502928,50,0.02,4,778
R+P+D,luminal,50,-0.3508185023201165,50,0.04,2,778
R,basal,50,-0.5245070155301651,50,0.0,0,779
R,her2,50,-0.22649588538687912,50,0.02,5,779
R,luminal,50,-0.1167455959197051,50,0.04,1,779
R+P,basal,50,-0.3072365778194239,50,0.0,1,779
R+P,her2,50,-0.1557528895776589,50,0.02,4,779
R+P,luminal,50,-0.1291874145431009,50,0.04,1,779
R+D,basal,50,-0.5968321004755877,50,0.0,1,779
R+D,her2,50,-0.4275078308914733,50,0.02,4,779
R+D,luminal,50,-0.21605650087511993,50,0.02,0,779
R+P+D,basal,50,-0.5508135034390829,50,0.0,1,779
R+P+D,her2,50,-0.41963672602172336,50,0.02,4,779
R+P+D,luminal,50,-0.22000817821785149,50,0.02,0,779
R,basal,50,-0.5960404489340637,50,0.0,0,780
R,her2,50,-0.35611588841620695,50,0.04,7,780
R,luminal,50,-0.14289238198249257,50,0.04,2,780
R+P,basal,50,-0.41917980392852017,50,0.0,0,780
R+P,her2,50,-0.3314440513784123,50,0.02,3,780
R+P,luminal,50,-0.13430383351926906,50,0.04,1,780
R+D,basal,50,-0.6848744160611059,50,0.0,3,780
R+D,her2,50,-0.43098376121738163,50,0.04,8,780
R+D,luminal,50,-0.22498188169177946,50,0.02,1,780
R+P+D,basal,50,-0.6363145877949896,50,0.0,2,780
R+P+D,her2,50,-0.3614637063689285,50,0.02,4,780
R+P+D,luminal,50,-0.193860720767328,50,0.02,1,780
R,basal,50,-0.5436692697989992,50,0.0,0,781
R,her2,50,-0.3260482439440888,50,0.02,6,781
R,luminal,50,-0.17253456553425447,50,0.06,3,781
R+P,basal,50,-0.2840416553018451,50,0.0,0,781
R+P,her2,50,-0.2055851297269406,50,0.02,3,781
R+P,luminal,50,-0.14182808924561693,50,0.06,1,781
R+D,basal,50,-0.6470560855728175,50,0.0,0,781
R+D,her2,50,-0.4873547358699792,50,0.02,3,781
R+D,luminal,50,-0.24221881601841094,50,0.04,0,781
R+P+D,basal,50,-0.45295484486619225,50,0.0,0,781
R+P+D,her2,50,-0.38153339570343,50,0.02,3,781
R+P+D,luminal,50,-0.18048243250527216,50,0.04,1,781
R,basal,50,-0.6552355268429941,50,0.0,2,782
R,her2,50,-0.3424303738760372,50,0.02,7,782
R,luminal,50,-0.17104991796334792,50,0.06,2,782
R+P,basal,50,-0.478686525143152,50,0.0,3,782
R+P,her2,50,-0.42467630186581706,50,0.04,3,782
R+P,luminal,50,-0.2175211541755025,50,0.06,2,782
R+D,basal,50,-0.7160639992318424,50,0.0,1,782
R+D,her2,50,-0.5430432612428041,50,0.02,7,782
R+D,luminal,50,-0.36280201979134447,50,0.04,2,782
R+P+D,basal,50,-0.5211030187788023,50,0.0,2,782
R+P+D,her2,50,-0.4263905387905937,50,0.02,5,782
R+P+D,luminal,50,-0.26668523654379844,50,0.04,1,782
R,basal,50,-0.45447693102229153,50,0.0,0,783
R,her2,50,-0.22858222503517628,50,0.04,4,783
R,luminal,50,-0.13248207214191468,50,0.04,2,783
R+P,basal,50,-0.23767052925743276,50,0.0,1,783
R+P,her2,50,-0.15106017175473765,50,0.02,2,783
R+P,luminal,50,-0.15650963789784156,50,0.06,2,783
R+D,basal,50,-0.6747904604693846,50,0.0,1,783
R+D,her2,50,-0.4142206731501386,50,0.04,6,783
R+D,luminal,50,-0.37728549085319557,50,0.04,2,783
R+P+D,basal,50,-0.4585759019905264,50,0.0,1,783
R+P+D,her2,50,-0.2342434986555136,50,0.02,3,783
R+P+D,luminal,50,-0.3121020977891358,50,0.04,2,783
R,basal,50,-0.6506632528055074,50,0.0,1,784
R,her2,50,-0.2886195637941363,50,0.04,4,784
R,luminal,50,-0.12117976232817783,50,0.04,3,784
R+P,basal,50,-0.4414990269882519,50,0.0,1,784
R+P,her2,50,-0.18142166759668632,50,0.02,3,784
R+P,luminal,50,-0.11100636960729549,50,0.04,1,784
R+D,basal,50,-0.7050380604807914,50,0.0,2,784
R+D,her2,50,-0.4538022281678183,50,0.04,8,784
R+D,luminal,50,-0.4180070958731883,50,0.04,2,784
R+P+D,basal,50,-0.5250370913237701,50,0.0,1,784
R+P+D,her2,50,-0.2507635492465369,50,0.02,4,784
R+P+D,luminal,50,-0.26075285100619716,50,0.04,2,784
R,basal,50,-0.5678546467509744,50,0.0,2,785
R,her2,50,-0.3347574905370541,50,0.02,8,785
R,luminal,50,-0.1670088996691018,50,0.06,2,785
R+P,basal,50,-0.39590447473408896,50,0.0,2,785
R+P,her2,50,-0.35408111419145355,50,0.02,4,785
R+P,luminal,50,-0.13437558618926926,50,0.06,2,785
R+D,basal,50,-0.6278984394086913,50,0.0,1,785
R+D,her2,50,-0.5210563324538665,50,0.02,5,785
R+D,luminal,50,-0.22413564832654476,50,0.04,0,785
R+P+D,basal,50,-0.5106626901413766,50,0.0,1,785
R+P+D,her2,50,-0.43922010649780563,50,0.02,4,785
R+P+D,luminal,50,-0.2254876374391795,50,0.04,0,785
R,basal,50,-0.6892598568396779,50,0.0,3,786
R,her2,50,-0.2641552302154533,50,0.02,7,786
R,luminal,50,-0.17311555740728754,50,0.04,1,786
R+P,basal,50,-0.38732533773341055,50,0.0,1,786
R+P,her2,50,-0.29103108800756994,50,0.02,2,786
R+P,luminal,50,-0.16013744425749554,50,0.04,2,786
R+D,basal,50,-0.5794928827733018,50,0.0,0,786
R+D,her2,50,-0.4681053803792124,50,0.02,7,786
R+D,luminal,50,-0.3960251937513302,50,0.04,1,786
R+P+D,basal,50,-0.5502308235895723,50,0.0,0,786
R+P+D,her2,50,-0.41585568132850137,50,0.02,5,786
R+P+D,luminal,50,-0.2934421226420543,50,0.04,0,786
R,basal,50,-0.6376842348347855,50,0.0,1,787
R,her2,50,-0.2924982091047766,50,0.02,8,787
R,luminal,50,-0.15634718081124485,50,0.04,3,787
R+P,basal,50,-0.4771300745541771,50,0.0,1,787
R+P,her2,50,-0.2031931222940991,50,0.02,3,787
R+P,luminal,50,-0.1532272107063977,50,0.04,3,787
R+D,basal,50,-0.7121939868814309,50,0.0,2,787
R+D,her2,50,-0.4610478003048216,50,0.02,6,787
R+D,luminal,50,-0.3934083351274943,50,0.04,1,787
R+P+D,basal,50,-0.5182820456417094,50,0.0,2,787
R+P+D,her2,50,-0.3246752715667408,50,0.02,4,787
R+P+D,luminal,50,-0.2903302024393661,50,0.04,2,787
R,basal,50,-0.5354812472719749,50,0.0,1,788
R,her2,50,-0.4410310740722636,50,0.02,9,788
R,luminal,50,-0.16232195920498918,50,0.04,1,788
R+P,basal,50,-0.23640799045674274,50,0.0,1,788
R+P,her2,50,-0.4374980969369055,50,0.02,3,788
R+P,luminal,50,-0.21611589279632443,50,0.06,3,788
R+D,basal,50,-0.606426521116403,50,0.0,2,788
R+D,her2,50,-0.4846314556731355,50,0.02,6,788
R+D,luminal,50,-0.30297602853924743,50,0.04,1,788
R+P+D,basal,50,-0.44721935303983995,50,0.0,1,788
R+P+D,her2,50,-0.4428985567867821,50,0.02,4,788
R+P+D,luminal,50,-0.2975541565305766,50,0.04,2,788
R,basal,50,-0.4543574000832703,50,0.0,1,789
R,her2,50,-0.37165289467579,50,0.02,7,789
R,luminal,50,-0.1854150585837984,50,0.06,1,789
R+P,basal,50,-0.42007453205118067,50,0.0,1,789
R+P,her2,50,-0.19491865388048313,50,0.02,2,789
R+P,luminal,50,-0.13204935835090634,50,0.04,1,789
R+D,basal,50,-0.7468298709323083,50,0.0,2,789
R+D,her2,50,-0.5252500346003712,50,0.02,7,789
R+D,luminal,50,-0.3280686812446924,50,0.04,1,789
R+P+D,basal,50,-0.6791399417972179,50,0.0,1,789
R+P+D,her2,50,-0.28467833843880264,50,0.02,7,789
R+P+D,luminal,50,-0.2949862988495757,50,0.04,1,789
R,basal,50,-0.5327345523590324,50,0.0,1,790
R,her2,50,-0.28869848232700307,50,0.02,6,790
R,luminal,50,-0.17146930031662394,50,0.06,3,790
R+P,basal,50,-0.3399186576413655,50,0.0,2,790
R+P,her2,50,-0.34916752368455556,50,0.04,4,790
R+P,luminal,50,-0.1328122262632074,50,0.04,1,790
R+D,basal,50,-0.7124031886573854,50,0.0,3,790
R+D,her2,50,-0.6414682781976896,50,0.02,8,790
R+D,luminal,50,-0.29187119700957037,50,0.04,0,790
R+P+D,basal,50,-0.4511035658496367,50,0.0,2,790
R+P+D,her2,50,-0.4189522458895326,50,0.02,5,790
R+P+D,luminal,50,-0.25476865741649335,50,0.06,1,790
R,basal,50,-0.47195285502612594,50,0.0,1,791
R,her2,50,-0.27381381059719095,50,0.02,7,791
R,luminal,50,-0.13949525900554174,50,0.06,1,791
R+P,basal,50,-0.2974050099526352,50,0.0,2,791
R+P,her2,50,-0.1449909865652354,50,0.02,3,791
R+P,luminal,50,-0.09674743077495494,50,0.04,2,791
R+D,basal,50,-0.5746593612080552,50,0.0,1,791
R+D,her2,50,-0.4300790691003973,50,0.02,7,791
R+D,luminal,50,-0.27260418001423675,50,0.04,0,791
R+P+D,basal,50,-0.42600575538046487,50,0.0,1,791
R+P+D,her2,50,-0.20059757133039544,50,0.02,3,791
R+P+D,luminal,50,-0.3840702625334728,50,0.06,1,791
R,basal,50,-0.38526862399630146,50,0.0,1,792
R,her2,50,-0.38168841926213226,50,0.04,5,792
R,luminal,50,-0.22276671741026977,50,0.06,4,792
R+P,basal,50,-0.4456761024510743,50,0.0,3,792
R+P,her2,50,-0.3107661729089852,50,0.04,2,792
R+P,luminal,50,-0.16930457056637668,50,0.04,2,792
R+D,basal,50,-0.6525224799598098,50,0.0,0,792
R+D,her2,50,-0.47960961352173365,50,0.02,4,792
R+D,luminal,50,-0.3020860644957034,50,0.02,1,792
R+P+D,basal,50,-0.4803363377072278,50,0.0,0,792
R+P+D,her2,50,-0.4324089538546867,50,0.02,5,792
R+P+D,luminal,50,-0.24801190369107712,50,0.02,1,792
R,basal,50,-0.694279381989178,50,0.0,1,793
R,her2,50,-0.44763516038584134,50,0.04,9,793
R,luminal,50,-0.130455647207862,50,0.04,1,793
R+P,basal,50,-0.46791696154184764,50,0.0,1,793
R+P,her2,50,-0.2409146861149988,50,0.02,4,793
R+P,luminal,50,-0.11937559529551724,50,0.06,1,793
R+D,basal,50,-0.6650447826963192,50,0.0,1,793
R+D,her2,50,-0.5393616963062636,50,0.02,9,793
R+D,luminal,50,-0.3321889329105406,50,0.02,2,793
R+P+D,basal,50,-0.5479260478759721,50,0.0,1,793
R+P+D,her2,50,-0.27723734616349716,50,0.02,4,793
R+P+D,luminal,50,-0.2646653202983618,50,0.02,2,793
R,basal,50,-0.5806925424238899,50,0.0,0,794
R,her2,50,-0.557679632593137,50,0.04,8,794
R,luminal,50,-0.11652807211745758,50,0.04,2,794
R+P,basal,50,-0.39243316592875493,50,0.0,3,794
R+P,her2,50,-0.22151420555128049,50,0.02,4,794
R+P,luminal,50,-0.10656219432162502,50,0.04,2,794
R+D,basal,50,-0.6800208024298371,50,0.0,1,794
R+D,her2,50,-0.6226014055678845,50,0.02,9,794
R+D,luminal,50,-0.22932406848115072,50,0.02,3,794
R+P+D,basal,50,-0.4247457591187551,50,0.0,0,794
R+P+D,her2,50,-0.29422336837859503,50,0.02,4,794
R+P+D,luminal,50,-0.1562188089689305,50,0.02,2,794
R,basal,50,-0.5824172001120784,50,0.0,2,795
R,her2,50,-0.35742171894465125,50,0.02,5,795
R,luminal,50,-0.10986572871751556,50,0.04,3,795
R+P,basal,50,-0.3814222266123782,50,0.0,3,795
R+P,her2,50,-0.24441115786815665,50,0.02,3,795
R+P,luminal,50,-0.15305968682620216,50,0.06,2,795
R+D,basal,50,-0.568370659381651,50,0.0,3,795
R+D,her2,50,-0.4715493168760043,50,0.02,5,795
R+D,luminal,50,-0.2834724412640033,50,0.02,1,795
R+P+D,basal,50,-0.4583788742098951,50,0.0,5,795
R+P+D,her2,50,-0.4633073804297256,50,0.02,6,795
R+P+D,luminal,50,-0.22208510371069043,50,0.02,1,795
R,basal,50,-0.5236578696539752,50,0.0,1,796
R,her2,50,-0.31483591898050894,50,0.02,6,796
R,luminal,50,-0.10891050603608977,50,0.04,2,796
R+P,basal,50,-0.30401309106922175,50,0.0,2,796
R+P,her2,50,-0.22049275111812847,50,0.02,4,796
R+P,luminal,50,-0.1524829200869888,50,0.06,2,796
R+D,basal,50,-0.6669421223415221,50,0.0,2,796
R+D,her2,50,-0.42026011428993043,50,0.02,5,796
R+D,luminal,50,-0.2627738959362032,50,0.04,1,796
R+P+D,basal,50,-0.5692040134675892,50,0.0,3,796
R+P+D,her2,50,-0.4467988778627597,50,0.02,5,796
R+P+D,luminal,50,-0.1717149882349975,50,0.04,0,796
R,basal,50,-0.6777690770040943,50,0.0,2,797
R,her2,50,-0.4469465359344533,50,0.02,6,797
R,luminal,50,-0.14257098336045368,50,0.06,3,797
R+P,basal,50,-0.4741973754668504,50,0.0,2,797
R+P,her2,50,-0.3914244929402029,50,0.04,3,797
R+P,luminal,50,-0.12669185116141432,50,0.06,3,797
R+D,basal,50,-0.7777032755548671,50,0.0,1,797
R+D,her2,50,-0.5419455353499655,50,0.02,5,797
R+D,luminal,50,-0.3318559008733096,50,0.04,0,797
R+P+D,basal,50,-0.4329701537391828,50,0.0,0,797
R+P+D,her2,50,-0.47921548268449465,50,0.02,4,797
R+P+D,luminal,50,-0.3401192432287663,50,0.04,0,797
R,basal,50,-0.6719409624374422,50,0.0,4,798
R,her2,50,-0.3038011956545659,50,0.02,5,798
R,luminal,50,-0.13831529163750922,50,0.04,2,798
R+P,basal,50,-0.48821234240463435,50,0.0,3,798
R+P,her2,50,-0.23843692342293923,50,0.02,3,798
R+P,luminal,50,-0.1772872267597758,50,0.06,3,798
R+D,basal,50,-0.5951048788159716,50,0.0,1,798
R+D,her2,50,-0.5341809698731617,50,0.02,11,798
R+D,luminal,50,-0.29535674795139516,50,0.02,0,798
R+P+D,basal,50,-0.5023759728183016,50,0.0,2,798
R+P+D,her2,50,-0.19018920012068535,50,0.02,4,798
R+P+D,luminal,50,-0.2575795870297635,50,0.04,2,798
R,basal,50,-0.5649610772227451,50,0.0,2,799
R,her2,50,-0.4863660219943165,50,0.02,10,799
R,luminal,50,-0.1364792777834313,50,0.04,1,799
R+P,basal,50,-0.5420360216035482,50,0.0,4,799
R+P,her2,50,-0.2801471042549884,50,0.02,4,799
R+P,luminal,50,-0.11510717993582315,50,0.04,2,799
R+D,basal,50,-0.5711284166958946,50,0.0,0,799
R+D,her2,50,-0.5425203234737226,50,0.02,8,799
R+D,luminal,50,-0.2822698870246082,50,0.04,1,799
R+P+D,basal,50,-0.6579135142084384,50,0.0,1,799
R+P+D,her2,50,-0.4314588171427882,50,0.02,7,799
R+P+D,luminal,50,-0.20999521632498003,50,0.04,1,799
R,basal,50,-0.5730164676039083,50,0.0,1,800
R,her2,50,-0.2945799243916535,50,0.02,5,800
R,luminal,50,-0.11571188055971396,50,0.04,2,800
R+P,basal,50,-0.48818353786475904,50,0.0,2,800
R+P,her2,50,-0.221793894778385,50,0.02,5,800
R+P,luminal,50,-0.10746306246261642,50,0.04,0,800
R+D,basal,50,-0.6850277084009592,50,0.0,0,800
R+D,her2,50,-0.42567097048222247,50,0.02,8,800
R+D,luminal,50,-0.18468241721207743,50,0.04,0,800
R+P+D,basal,50,-0.607820285560171,50,0.0,1,800
R+P+D,her2,50,-0.30871782290413863,50,0.02,5,800
R+P+D,luminal,50,-0.22865497528061063,50,0.06,2,800
R,basal,50,-0.47142373209110694,50,0.0,1,801
R,her2,50,-0.2661915435937918,50,0.02,4,801
R,luminal,50,-0.11409034279711554,50,0.04,2,801
R+P,basal,50,-0.423349784544818,50,0.0,2,801
R+P,her2,50,-0.3094665507271925,50,0.02,3,801
R+P,luminal,50,-0.12914619144880704,50,0.04,2,801
R+D,basal,50,-0.6576361570447168,50,0.0,2,801
R+D,her2,50,-0.43582367050008064,50,0.02,6,801
R+D,luminal,50,-0.3789973230151943,50,0.04,2,801
R+P+D,basal,50,-0.527224944394179,50,0.0,2,801
R+P+D,her2,50,-0.3704579546691912,50,0.02,4,801
R+P+D,luminal,50,-0.219385300487881,50,0.04,2,801
R,basal,50,-0.4442093265543072,50,0.0,1,802
R,her2,50,-0.5888579197306961,50,0.04,7,802
R,luminal,50,-0.15616364606200425,50,0.04,2,802
R+P,basal,50,-0.24399204657703813,50,0.0,1,802
R+P,her2,50,-0.25845706911652444,50,0.02,2,802
R+P,luminal,50,-0.11358746174330053,50,0.04,0,802
R+D,basal,50,-0.6885280833731947,50,0.0,2,802
R+D,her2,50,-0.5671763976199494,50,0.04,7,802
R+D,luminal,50,-0.3995854607282694,50,0.04,1,802
R+P+D,basal,50,-0.45083983625670526,50,0.0,3,802
R+P+D,her2,50,-0.32731108456500996,50,0.02,4,802
R+P+D,luminal,50,-0.2956812309982768,50,0.04,1,802
R,basal,50,-0.49655003900317934,50,0.0,1,803
R,her2,50,-0.3467568976601222,50,0.02,6,803
R,luminal,50,-0.1336930022691466,50,0.04,3,803
R+P,basal,50,-0.5131971998606731,50,0.0,4,803
R+P,her2,50,-0.17743616853847627,50,0.02,3,803
R+P,luminal,50,-0.11916662722721759,50,0.04,2,803
R+D,basal,50,-0.6059974981942973,50,0.0,0,803
R+D,her2,50,-0.42547917974087157,50,0.02,8,803
R+D,luminal,50,-0.26567800191711244,50,0.02,0,803
R+P+D,basal,50,-0.6035204047932501,50,0.0,3,803
R+P+D,her2,50,-0.29359357384533086,50,0.02,4,803
R+P+D,luminal,50,-0.16839588531006708,50,0.04,2,803
R,basal,50,-0.45208853969651797,50,0.0,1,804
R,her2,50,-0.3626027725399323,50,0.02,4,804
R,luminal,50,-0.13995565774508945,50,0.04,3,804
R+P,basal,50,-0.3501093388555233,50,0.0,3,804
R+P,her2,50,-0.22501488272962442,50,0.02,2,804
R+P,luminal,50,-0.16997999330120808,50,0.06,2,804
R+D,basal,50,-0.6589848572993431,50,0.0,2,804
R+D,her2,50,-0.5264369921746606,50,0.02,7,804
R+D,luminal,50,-0.3635798839892236,50,0.02,1,804
R+P+D,basal,50,-0.5398015524084593,50,0.0,1,804
R+P+D,her2,50,-0.33580276516156404,50,0.02,4,804
R+P+D,luminal,50,-0.2582692246299539,50,0.02,0,804
R,basal,50,-0.5089940859262448,50,0.0,1,805
R,her2,50,-0.41904587990963543,50,0.02,7,805
R,luminal,50,-0.18509145413403127,50,0.04,1,805
R+P,basal,50,-0.2301365095823006,50,0.0,1,805
R+P,her2,50,-0.28858573607693333,50,0.02,4,805
R+P,luminal,50,-0.18515618702999256,50,0.04,3,805
R+D,basal,50,-0.5575030128784227,50,0.0,0,805
R+D,her2,50,-0.5372701964025512,50,0.02,8,805
R+D,luminal,50,-0.3271737945285561,50,0.02,2,805
R+P+D,basal,50,-0.479254627890205,50,0.0,0,805
R+P+D,her2,50,-0.3397929608005981,50,0.02,7,805
R+P+D,luminal,50,-0.2818807487752194,50,0.02,1,805
R,basal,50,-0.411161629337186,50,0.0,1,806
R,her2,50,-0.3288262206832465,50,0.02,8,806
R,luminal,50,-0.13500174463531484,50,0.04,2,806
R+P,basal,50,-0.2521474850444998,50,0.0,4,806
R+P,her2,50,-0.2516981751250464,50,0.02,3,806
R+P,luminal,50,-0.13629223970970328,50,0.04,1,806
R+D,basal,50,-0.6138532358119149,50,0.0,3,806
R+D,her2,50,-0.45231567466891787,50,0.02,5,806
R+D,luminal,50,-0.16053988958613044,50,0.02,1,806
R+P+D,basal,50,-0.5109188856386438,50,0.0,2,806
R+P+D,her2,50,-0.35863076623778267,50,0.02,4,806
R+P+D,luminal,50,-0.19922972751303536,50,0.02,1,806
R,basal,50,-0.31470262594546056,50,0.0,0,807
R,her2,50,-0.43715796768209797,50,0.04,7,807
R,luminal,50,-0.1752997326303569,50,0.06,2,807
R+P,basal,50,-0.2745288224824689,50,0.0,1,807
R+P,her2,50,-0.259334089010689,50,0.02,3,807
R+P,luminal,50,-0.12650253012501161,50,0.06,1,807
R+D,basal,50,-0.5577162329709433,50,0.0,3,807
R+D,her2,50,-0.41598898173632676,50,0.04,5,807
R+D,luminal,50,-0.3299041280752277,50,0.02,2,807
R+P+D,basal,50,-0.5779451309145395,50,0.0,3,807
R+P+D,her2,50,-0.3341138015520946,50,0.02,3,807
R+P+D,luminal,50,-0.18696344668567227,50,0.02,0,807
R,basal,50,-0.41326502950153476,50,0.0,1,808
R,her2,50,-0.5483007171397185,50,0.02,8,808
R,luminal,50,-0.11461789254140503,50,0.04,2,808
R+P,basal,50,-0.415160777841572,50,0.0,1,808
R+P,her2,50,-0.3454976093290387,50,0.02,3,808
R+P,luminal,50,-0.10863709828599853,50,0.04,1,808
R+D,basal,50,-0.6115610851927888,50,0.0,2,808
R+D,her2,50,-0.6192486057150324,50,0.02,5,808
R+D,luminal,50,-0.20002751379150316,50,0.02,1,808
R+P+D,basal,50,-0.4053039633945385,50,0.0,3,808
R+P+D,her2,50,-0.39603979041308546,50,0.02,2,808
R+P+D,luminal,50,-0.21009862373722815,50,0.02,1,808
R,basal,50,-0.46430110352282605,50,0.0,2,809
R,her2,50,-0.3796716606543202,50,0.04,10,809
R,luminal,50,-0.18492996355762487,50,0.04,1,809
R+P,basal,50,-0.3029468008558005,50,0.0,1,809
R+P,her2,50,-0.3400006944890098,50,0.02,4,809
R+P,luminal,50,-0.15435766488553526,50,0.04,2,809
R+D,basal,50,-0.5075940954121045,50,0.0,1,809
R+D,her2,50,-0.36087630589426345,50,0.02,7,809
R+D,luminal,50,-0.3572257745318496,50,0.04,1,809
R+P+D,basal,50,-0.4437155729862841,50,0.0,2,809
R+P+D,her2,50,-0.4241947279706287,50,0.02,6,809
R+P+D,luminal,50,-0.24160263866956966,50,0.04,1,809
R,basal,50,-0.5763932631034242,50,0.0,1,810
R,her2,50,-0.2547930950802296,50,0.02,5,810
R,luminal,50,-0.14798463098753833,50,0.04,1,810
R+P,basal,50,-0.47178006286804786,50,0.0,3,810
R+P,her2,50,-0.14140496537781647,50,0.02,3,810
R+P,luminal,50,-0.09702674022302034,50,0.04,1,810
R+D,basal,50,-0.6851382749351004,50,0.0,1,810
R+D,her2,50,-0.5996083425861474,50,0.02,9,810
R+D,luminal,50,-0.33841827128941016,50,0.04,2,810
R+P+D,basal,50,-0.5324491797874047,50,0.0,1,810
R+P+D,her2,50,-0.3591175303216609,50,0.02,5,810
R+P+D,luminal,50,-0.2964400805111649,50,0.04,2,810
R,basal,50,-0.5744640195837757,50,0.0,0,811
R,her2,50,-0.4053100205261819,50,0.02,5,811
R,luminal,50,-0.18240870311701635,50,0.06,3,811
R+P,basal,50,-0.2960453638989287,50,0.0,0,811
R+P,her2,50,-0.2941692723987629,50,0.02,5,811
R+P,luminal,50,-0.15363982906289814,50,0.06,3,811
R+D,basal,50,-0.6207263064414046,50,0.0,1,811
R+D,her2,50,-0.45504416510742557,50,0.02,4,811
R+D,luminal,50,-0.297821810881185,50,0.04,1,811
R+P+D,basal,50,-0.4176885672584368,50,0.0,0,811
R+P+D,her2,50,-0.4726325766976809,50,0.02,6,811
R+P+D,luminal,50,-0.311167331341743,50,0.06,3,811
R,basal,50,-0.48610272202254373,50,0.0,0,812
R,her2,50,-0.2930492499505433,50,0.02,7,812
R,luminal,50,-0.1333888109001855,50,0.04,2,812
R+P,basal,50,-0.18052527521889894,50,0.0,1,812
R+P,her2,50,-0.20627290656376146,50,0.02,4,812
R+P,luminal,50,-0.11209363234063004,50,0.04,3,812
R+D,basal,50,-0.5862324796543915,50,0.0,0,812
R+D,her2,50,-0.49020913327079135,50,0.02,9,812
R+D,luminal,50,-0.3399648247887279,50,0.04,2,812
R+P+D,basal,50,-0.4912132573395522,50,0.0,0,812
R+P+D,her2,50,-0.46743854926830475,50,0.02,7,812
R+P+D,luminal,50,-0.2921007363497219,50,0.04,1,812
R,basal,50,-0.6510413461330695,50,0.0,1,813
R,her2,50,-0.18499868971781172,50,0.02,3,813
R,luminal,50,-0.13691879014372266,50,0.04,3,813
R+P,basal,50,-0.5776919349237501,50,0.0,2,813
R+P,her2,50,-0.23203254356859837,50,0.02,3,813
R+P,luminal,50,-0.16470934767653894,50,0.04,2,813
R+D,basal,50,-0.56684135529151,50,0.0,2,813
R+D,her2,50,-0.4422258731747388,50,0.02,3,813
R+D,luminal,50,-0.26010687757855594,50,0.04,2,813
R+P+D,basal,50,-0.5234841932715474,50,0.0,1,813
R+P+D,her2,50,-0.31803379085671585,50,0.02,4,813
R+P+D,luminal,50,-0.18707012255433345,50,0.04,2,813
R,basal,50,-0.4166593125005693,50,0.0,0,814
R,her2,50,-0.45221258558207933,50,0.04,11,814
R,luminal,50,-0.12707850868908005,50,0.04,1,814
R+P,basal,50,-0.3332757898049492,50,0.0,2,814
R+P,her2,50,-0.21521527265361584,50,0.02,4,814
R+P,luminal,50,-0.11437492297622018,50,0.04,0,814
R+D,basal,50,-0.6144535634971202,50,0.0,3,814
R+D,her2,50,-0.5194652938034631,50,0.04,12,814
R+D,luminal,50,-0.3509117066656829,50,0.04,2,814
R+P+D,basal,50,-0.47462481881940816,50,0.0,2,814
R+P+D,her2,50,-0.3331251130946618,50,0.02,6,814
R+P+D,luminal,50,-0.3055349193677585,50,0.04,2,814
R,basal,50,-0.418119214118911,50,0.0,0,815
R,her2,50,-0.4192170155530189,50,0.02,5,815
R,luminal,50,-0.09560384327156486,50,0.04,1,815
R+P,basal,50,-0.31130809777060303,50,0.0,2,815
R+P,her2,50,-0.2609139810785209,50,0.02,4,815
R+P,luminal,50,-0.15103836338354457,50,0.04,1,815
R+D,basal,50,-0.648458705812673,50,0.0,0,815
R+D,her2,50,-0.46763310302690597,50,0.02,4,815
R+D,luminal,50,-0.2764038237385228,50,0.02,1,815
R+P+D,basal,50,-0.33941525350298835,50,0.0,1,815
R+P+D,her2,50,-0.4030291636202271,50,0.02,5,815
R+P+D,luminal,50,-0.17648940334468194,50,0.02,1,815
R,basal,50,-0.4986801277547045,50,0.0,1,816
R,her2,50,-0.5089391411452177,50,0.02,7,816
R,luminal,50,-0.1332010582858733,50,0.04,1,816
R+P,basal,50,-0.3635709492115639,50,0.0,3,816
R+P,her2,50,-0.4198132045034025,50,0.02,4,816
R+P,luminal,50,-0.13249445261817294,50,0.06,4,816
R+D,basal,50,-0.6125818663290152,50,0.0,1,816
R+D,her2,50,-0.5244273969207989,50,0.02,4,816
R+D,luminal,50,-0.28203047633069156,50,0.04,1,816
R+P+D,basal,50,-0.3818615342789397,50,0.0,2,816
R+P+D,her2,50,-0.487839503599063,50,0.02,3,816
R+P+D,luminal,50,-0.21990588382369716,50,0.04,1,816
R,basal,50,-0.6980476020248585,50,0.0,1,817
R,her2,50,-0.2498594781856144,50,0.02,5,817
R,luminal,50,-0.11470827478656476,50,0.04,2,817
R+P,basal,50,-0.4254871558071246,50,0.0,1,817
R+P,her2,50,-0.17621085861377106,50,0.02,3,817
R+P,luminal,50,-0.12878027314595986,50,0.04,1,817
R+D,basal,50,-0.7124436799752142,50,0.0,1,817
R+D,her2,50,-0.37147244697344495,50,0.04,4,817
R+D,luminal,50,-0.3668757765880155,50,0.04,2,817
R+P+D,basal,50,-0.41908408738714364,50,0.0,1,817
R+P+D,her2,50,-0.27110285214436947,50,0.02,3,817
R+P+D,luminal,50,-0.2527140525212152,50,0.04,2,817
R,basal,50,-0.5866059332431744,50,0.0,0,818
R,her2,50,-0.3430340782267095,50,0.02,5,818
R,luminal,50,-0.12809128739210907,50,0.04,2,818
R+P,basal,50,-0.5803658385916619,50,0.0,2,818
R+P,her2,50,-0.17831322703403457,50,0.02,4,818
R+P,luminal,50,-0.14923052145864052,50,0.06,2,818
R+D,basal,50,-0.6675244787586813,50,0.0,2,818
R+D,her2,50,-0.5533202821826712,50,0.02,8,818
R+D,luminal,50,-0.26998307464735527,50,0.04,1,818
R+P+D,basal,50,-0.7106906635165737,50,0.0,2,818
R+P+D,her2,50,-0.35385790613596846,50,0.02,4,818
R+P+D,luminal,50,-0.20549615366356322,50,0.04,2,818
R,basal,50,-0.5077437589747036,50,0.0,0,819
R,her2,50,-0.37055132416172853,50,0.04,8,819
R,luminal,50,-0.1072468764226819,50,0.04,2,819
R+P,basal,50,-0.2412880416163006,50,0.0,1,819
R+P,her2,50,-0.2117385140197677,50,0.02,4,819
R+P,luminal,50,-0.13494829511781842,50,0.04,0,819
R+D,basal,50,-0.592399162050976,50,0.0,3,819
R+D,her2,50,-0.4379922606792852,50,0.02,6,819
R+D,luminal,50,-0.2549170484136434,50,0.02,1,819
R+P+D,basal,50,-0.31309778060822424,50,0.0,1,819
R+P+D,her2,50,-0.39774131928075573,50,0.02,4,819
R+P+D,luminal,50,-0.31196589235129984,50,0.02,1,819
R,basal,50,-0.47414069847243584,50,0.0,0,820
R,her2,50,-0.2658114024043848,50,0.02,6,820
R,luminal,50,-0.13200376317104695,50,0.04,3,820
R+P,basal,50,-0.23069481717967455,50,0.0,2,820
R+P,her2,50,-0.31997408094229773,50,0.02,5,820
R+P,luminal,50,-0.1970619186300274,50,0.06,3,820
R+D,basal,50,-0.6116536178439644,50,0.0,2,820
R+D,her2,50,-0.44369847995383227,50,0.02,3,820
R+D,luminal,50,-0.3130037933049088,50,0.02,2,820
R+P+D,basal,50,-0.5146576816681505,50,0.0,0,820
R+P+D,her2,50,-0.3863609990409354,50,0.02,4,820
R+P+D,luminal,50,-0.2921985216561529,50,0.02,3,820
R,basal,50,-0.453603936528938,50,0.0,1,821
R,her2,50,-0.3829041563259986,50,0.04,7,821
R,luminal,50,-0.1827214367326837,50,0.04,2,821
R+P,basal,50,-0.3199557769850634,50,0.0,1,821
R+P,her2,50,-0.14937118615363562,50,0.02,3,821
R+P,luminal,50,-0.19281381291393151,50,0.04,2,821
R+D,basal,50,-0.5660855388217026,50,0.0,1,821
R+D,her2,50,-0.6142516016728662,50,0.04,10,821
R+D,luminal,50,-0.37078224649508906,50,0.04,2,821
R+P+D,basal,50,-0.5221476422456067,50,0.0,0,821
R+P+D,her2,50,-0.21991364233902608,50,0.02,4,821
R+P+D,luminal,50,-0.343392948256378,50,0.04,2,821
R,basal,50,-0.4712761608844668,50,0.0,1,822
R,her2,50,-0.38568598322997927,50,0.02,6,822
R,luminal,50,-0.1147180942303216,50,0.04,1,822
R+P,basal,50,-0.41697398148084114,50,0.0,3,822
R+P,her2,50,-0.3901221501177546,50,0.02,5,822
R+P,luminal,50,-0.16460701461167648,50,0.06,2,822
R+D,basal,50,-0.6401064219330007,50,0.0,4,822
R+D,her2,50,-0.5101979661384012,50,0.02,9,822
R+D,luminal,50,-0.2790624143346413,50,0.02,0,822
R+P+D,basal,50,-0.45582402929452853,50,0.0,3,822
R+P+D,her2,50,-0.47406277696903104,50,0.02,7,822
R+P+D,luminal,50,-0.29812364457885066,50,0.02,0,822
R,basal,50,-0.5344540542365809,50,0.0,0,823
R,her2,50,-0.2434161742375029,50,0.02,5,823
R,luminal,50,-0.14571290861722777,50,0.04,1,823
R+P,basal,50,-0.33913070614810614,50,0.0,1,823
R+P,her2,50,-0.2675294046767886,50,0.02,3,823
R+P,luminal,50,-0.13644778905579247,50,0.04,1,823
R+D,basal,50,-0.5980539794485834,50,0.0,0,823
R+D,her2,50,-0.5688522120940681,50,0.02,11,823
R+D,luminal,50,-0.28756148029144846,50,0.04,0,823
R+P+D,basal,50,-0.4604742718390081,50,0.0,1,823
R+P+D,her2,50,-0.4060186773689914,50,0.02,5,823
R+P+D,luminal,50,-0.2951515234117466,50,0.04,0,823
R,basal,50,-0.5981169497678028,50,0.0,1,824
R,her2,50,-0.20629461474833208,50,0.02,4,824
R,luminal,50,-0.14068886701593755,50,0.04,4,824
R+P,basal,50,-0.36974184150945905,50,0.0,0,824
R+P,her2,50,-0.19493578984176488,50,0.02,4,824
R+P,luminal,50,-0.16852086749544842,50,0.04,2,824
R+D,basal,50,-0.6349459233354093,50,0.0,2,824
R+D,her2,50,-0.48625269752968153,50,0.02,9,824
R+D,luminal,50,-0.2665645209941319,50,0.02,1,824
R+P+D,basal,50,-0.5793948315264563,50,0.0,3,824
R+P+D,her2,50,-0.21662481698665853,50,0.02,4,824
R+P+D,luminal,50,-0.23623969578844972,50,0.02,2,824
R,basal,50,-0.5862087047028582,50,0.0,2,825
R,her2,50,-0.21425260480638117,50,0.02,6,825
R,luminal,50,-0.17377672550733053,50,0.06,3,825
R+P,basal,50,-0.32553353247142397,50,0.0,1,825
R+P,her2,50,-0.2307524258047277,50,0.02,3,825
R+P,luminal,50,-0.1590255243088046,50,0.04,2,825
R+D,basal,50,-0.5825575078976505,50,0.0,1,825
R+D,her2,50,-0.3339707285348179,50,0.02,5,825
R+D,luminal,50,-0.3902692173991209,50,0.02,3,825
R+P+D,basal,50,-0.42657337876241735,50,0.0,4,825
R+P+D,her2,50,-0.3229568767592957,50,0.02,3,825
R+P+D,luminal,50,-0.33880284052552634,50,0.02,1,825
R,basal,50,-0.5568333278340161,50,0.0,0,826
R,her2,50,-0.2733679667444202,50,0.02,5,826
R,luminal,50,-0.1744919646323332,50,0.04,1,826
R+P,basal,50,-0.2662425659437347,50,0.0,2,826
R+P,her2,50,-0.2698691451064997,50,0.02,2,826
R+P,luminal,50,-0.15169216780451358,50,0.04,1,826
R+D,basal,50,-0.679291043406512,50,0.0,3,826
R+D,her2,50,-0.4431545281688649,50,0.02,4,826
R+D,luminal,50,-0.37028256589011027,50,0.04,0,826
R+P+D,basal,50,-0.47014894338915847,50,0.0,1,826
R+P+D,her2,50,-0.4688662643970913,50,0.02,5,826
R+P+D,luminal,50,-0.30182775669480943,50,0.04,0,826
R,basal,50,-0.5266526798047798,50,0.0,1,827
R,her2,50,-0.3527830119251172,50,0.02,8,827
R,luminal,50,-0.1735493595558354,50,0.04,1,827
R+P,basal,50,-0.2873921412215566,50,0.0,1,827
R+P,her2,50,-0.24729774087450637,50,0.02,4,827
R+P,luminal,50,-0.1711572522197922,50,0.04,1,827
R+D,basal,50,-0.6694097695043493,50,0.0,1,827
R+D,her2,50,-0.4174616422660636,50,0.02,9,827
R+D,luminal,50,-0.3233690708185564,50,0.04,1,827
R+P+D,basal,50,-0.41902145289032333,50,0.0,2,827
R+P+D,her2,50,-0.3944262401273365,50,0.02,5,827
R+P+D,luminal,50,-0.36006211066061966,50,0.04,0,827
R,basal,50,-0.4477920121733036,50,0.0,1,828
R,her2,50,-0.4449462764222728,50,0.04,7,828
R,luminal,50,-0.15651243482057345,50,0.04,3,828
R+P,basal,50,-0.31590489294682556,50,0.0,1,828
R+P,her2,50,-0.3147580587378304,50,0.02,2,828
R+P,luminal,50,-0.14021742663105474,50,0.04,2,828
R+D,basal,50,-0.6649046350910741,50,0.0,2,828
R+D,her2,50,-0.41615219310139806,50,0.02,5,828
R+D,luminal,50,-0.3625704291013057,50,0.02,2,828
R+P+D,basal,50,-0.5488910814698172,50,0.0,1,828
R+P+D,her2,50,-0.38536439863182187,50,0.02,5,828
R+P+D,luminal,50,-0.25533704680836866,50,0.02,3,828
R,basal,50,-0.5012310390083369,50,0.0,0,829
R,her2,50,-0.3447980338915124,50,0.02,5,829
R,luminal,50,-0.11793356492951641,50,0.04,2,829
R+P,basal,50,-0.3384055677273507,50,0.0,2,829
R+P,her2,50,-0.33495712363123964,50,0.02,4,829
R+P,luminal,50,-0.18057771181428375,50,0.04,1,829
R+D,basal,50,-0.6805085519288495,50,0.0,0,829
R+D,her2,50,-0.4102713839849813,50,0.02,7,829
R+D,luminal,50,-0.37610013544243814,50,0.04,0,829
R+P+D,basal,50,-0.4952522750448585,50,0.0,2,829
R+P+D,her2,50,-0.2575836791559299,50,0.02,3,829
R+P+D,luminal,50,-0.3185541247948553,50,0.04,1,829
R,basal,50,-0.44307356615069565,50,0.0,0,830
R,her2,50,-0.29085884221631736,50,0.02,3,830
R,luminal,50,-0.1727450360300776,50,0.04,3,830
R+P,basal,50,-0.4069655437460902,50,0.0,1,830
R+P,her2,50,-0.34225646563822487,50,0.02,2,830
R+P,luminal,50,-0.1439302733632767,50,0.04,2,830
R+D,basal,50,-0.5783174306544249,50,0.0,2,830
R+D,her2,50,-0.3058944055996184,50,0.02,4,830
R+D,luminal,50,-0.2792559027633005,50,0.04,0,830
R+P+D,basal,50,-0.5271766197587988,50,0.0,1,830
R+P+D,her2,50,-0.28128808261880167,50,0.02,3,830
R+P+D,luminal,50,-0.23751924966907598,50,0.04,0,830
R,basal,50,-0.6584275512112623,50,0.0,1,831
R,her2,50,-0.4454413211983416,50,0.02,10,831
R,luminal,50,-0.16752941726430234,50,0.06,2,831
R+P,basal,50,-0.6269573108832764,50,0.0,2,831
R+P,her2,50,-0.2820391507671378,50,0.02,3,831
R+P,luminal,50,-0.13649605553917202,50,0.06,2,831
R+D,basal,50,-0.7054575605781834,50,0.0,3,831
R+D,her2,50,-0.48818703757605775,50,0.02,9,831
R+D,luminal,50,-0.27631472551566844,50,0.06,2,831
R+P+D,basal,50,-0.6478861974661424,50,0.0,2,831
R+P+D,her2,50,-0.380881154167494,50,0.02,6,831
R+P+D,luminal,50,-0.24276890989328276,50,0.06,2,831
R,basal,50,-0.5045676393523199,50,0.0,2,832
R,her2,50,-0.2772473131260911,50,0.02,5,832
R,luminal,50,-0.13218697443360983,50,0.04,1,832
R+P,basal,50,-0.40248840491189475,50,0.0,1,832
R+P,her2,50,-0.3206693597670448,50,0.02,4,832
R+P,luminal,50,-0.10165133448656766,50,0.04,1,832
R+D,basal,50,-0.622930474479915,50,0.0,1,832
R+D,her2,50,-0.48444156913503106,50,0.02,8,832
R+D,luminal,50,-0.3445295794946715,50,0.04,2,832
R+P+D,basal,50,-0.6335358400506925,50,0.0,2,832
R+P+D,her2,50,-0.38248541274597614,50,0.02,5,832
R+P+D,luminal,50,-0.24633828306627423,50,0.06,3,832
R,basal,50,-0.505577278160265,50,0.0,1,833
R,her2,50,-0.2844417273932864,50,0.04,6,833
R,luminal,50,-0.10391540738175217,50,0.04,2,833
R+P,basal,50,-0.28587573223728907,50,0.0,0,833
R+P,her2,50,-0.22493393186662872,50,0.04,4,833
R+P,luminal,50,-0.1448521743884647,50,0.06,2,833
R+D,basal,50,-0.5918384998965083,50,0.0,0,833
R+D,her2,50,-0.45476324528237344,50,0.02,5,833
R+D,luminal,50,-0.302984645002701,50,0.04,0,833
R+P+D,basal,50,-0.4936071827474043,50,0.0,0,833
R+P+D,her2,50,-0.3239399897302392,50,0.02,5,833
R+P+D,luminal,50,-0.20712983552782557,50,0.04,0,833
R,basal,50,-0.5239958559835171,50,0.0,0,834
R,her2,50,-0.4697642088120444,50,0.02,9,834
R,luminal,50,-0.1020048791054303,50,0.04,1,834
R+P,basal,50,-0.3930740232102472,50,0.0,0,834
R+P,her2,50,-0.3120647395045879,50,0.04,4,834
R+P,luminal,50,-0.09795019223650153,50,0.04,0,834
R+D,basal,50,-0.6872558551262071,50,0.0,2,834
R+D,her2,50,-0.5829538174176148,50,0.04,10,834
R+D,luminal,50,-0.3306505022339145,50,0.04,1,834
R+P+D,basal,50,-0.6401827105938608,50,0.0,0,834
R+P+D,her2,50,-0.45685878727693285,50,0.04,7,834
R+P+D,luminal,50,-0.3265214510049713,50,0.04,0,834
R,basal,50,-0.36209445242448607,50,0.0,1,835
R,her2,50,-0.3975382265998034,50,0.02,7,835
R,luminal,50,-0.12384508991188568,50,0.04,2,835
R+P,basal,50,-0.3977832176410375,50,0.0,2,835
R+P,her2,50,-0.3283179656689509,50,0.02,4,835
R+P,luminal,50,-0.126966903412499,50,0.04,1,835
R+D,basal,50,-0.5314650146581008,50,0.0,3,835
R+D,her2,50,-0.5390332059272984,50,0.02,7,835
R+D,luminal,50,-0.33634247582092724,50,0.02,1,835
R+P+D,basal,50,-0.4914642006821729,50,0.0,2,835
R+P+D,her2,50,-0.38379929776083943,50,0.02,5,835
R+P+D,luminal,50,-0.23953292667416448,50,0.02,3,835
R,basal,50,-0.6716732959653308,50,0.0,1,836
R,her2,50,-0.2881118615578357,50,0.02,4,836
R,luminal,50,-0.21883501613157094,50,0.06,3,836
R+P,basal,50,-0.38680968905315416,50,0.0,2,836
R+P,her2,50,-0.16958170722998617,50,0.02,2,836
R+P,luminal,50,-0.16502256536119192,50,0.06,2,836
R+D,basal,50,-0.6882887064649437,50,0.0,2,836
R+D,her2,50,-0.4518098968348433,50,0.02,3,836
R+D,luminal,50,-0.3632631720752019,50,0.04,2,836
R+P+D,basal,50,-0.5406660796412759,50,0.0,2,836
R+P+D,her2,50,-0.3750098690178726,50,0.02,3,836
R+P+D,luminal,50,-0.2958141639255649,50,0.06,2,836
R,basal,50,-0.7061995602368668,50,0.0,3,837
R,her2,50,-0.37758303329380927,50,0.02,5,837
R,luminal,50,-0.17442446722348012,50,0.04,1,837
R+P,basal,50,-0.6748628164247846,50,0.0,3,837
R+P,her2,50,-0.23773652470614415,50,0.04,3,837
R+P,luminal,50,-0.11817320426740867,50,0.04,2,837
R+D,basal,50,-0.5905641363548484,50,0.0,2,837
R+D,her2,50,-0.46493379484778347,50,0.02,6,837
R+D,luminal,50,-0.3614481944284985,50,0.02,2,837
R+P+D,basal,50,-0.6689297155783868,50,0.0,4,837
R+P+D,her2,50,-0.3845333886611025,50,0.04,6,837
R+P+D,luminal,50,-0.2348679101410022,50,0.02,2,837
R,basal,50,-0.5822289340392636,50,0.0,1,838
R,her2,50,-0.29503872204187703,50,0.04,5,838
R,luminal,50,-0.1462283009493592,50,0.04,1,838
R+P,basal,50,-0.34046781618214494,50,0.0,0,838
R+P,her2,50,-0.15041621370449426,50,0.02,3,838
R+P,luminal,50,-0.12977141893621735,50,0.04,0,838
R+D,basal,50,-0.6472314444562541,50,0.0,1,838
R+D,her2,50,-0.4114643265870359,50,0.04,8,838
R+D,luminal,50,-0.4214642329418489,50,0.04,1,838
R+P+D,basal,50,-0.5523686293216019,50,0.0,2,838
R+P+D,her2,50,-0.30984966959007915,50,0.02,5,838
R+P+D,luminal,50,-0.23839231155469162,50,0.04,1,838
R,basal,50,-0.3851204531915667,50,0.0,1,839
R,her2,50,-0.25943935600106444,50,0.02,6,839
R,luminal,50,-0.1246928454491624,50,0.04,1,839
R+P,basal,50,-0.339853634275232,50,0.0,3,839
R+P,her2,50,-0.20647462624496474,50,0.02,2,839
R+P,luminal,50,-0.1277676699042753,50,0.04,1,839
R+D,basal,50,-0.6445120406981757,50,0.0,3,839
R+D,her2,50,-0.41692223935480915,50,0.02,6,839
R+D,luminal,50,-0.3181108063904057,50,0.04,0,839
R+P+D,basal,50,-0.45917178993389535,50,0.0,2,839
R+P+D,her2,50,-0.3484460320202474,50,0.02,5,839
R+P+D,luminal,50,-0.2827593196796903,50,0.04,1,839
R,basal,50,-0.48362563725105223,50,0.0,1,840
R,her2,50,-0.25482903053743305,50,0.02,3,840
R,luminal,50,-0.12318049175737895,50,0.04,3,840
R+P,basal,50,-0.3841169740976054,50,0.0,0,840
R+P,her2,50,-0.16296294113785298,50,0.02,2,840
R+P,luminal,50,-0.08909522007926363,50,0.04,2,840
R+D,basal,50,-0.4828108218631696,50,0.0,1,840
R+D,her2,50,-0.3735352842495171,50,0.02,6,840
R+D,luminal,50,-0.29733082683820433,50,0.02,1,840
R+P+D,basal,50,-0.5387734589170888,50,0.0,2,840
R+P+D,her2,50,-0.25443759949538297,50,0.02,3,840
R+P+D,luminal,50,-0.3210594679717324,50,0.02,1,840
R,basal,50,-0.5469665100389914,50,0.0,1,841
R,her2,50,-0.5207744448273582,50,0.04,8,841
R,luminal,50,-0.13042266148518805,50,0.04,3,841
R+P,basal,50,-0.3927281589221749,50,0.0,1,841
R+P,her2,50,-0.251348235250641,50,0.02,3,841
R+P,luminal,50,-0.12222371608216884,50,0.04,2,841
R+D,basal,50,-0.606546639167356,50,0.0,3,841
R+D,her2,50,-0.6071965342074748,50,0.04,8,841
R+D,luminal,50,-0.2959807880958494,50,0.02,2,841
R+P+D,basal,50,-0.47506511386471995,50,0.0,1,841
R+P+D,her2,50,-0.520104171807675,50,0.02,6,841
R+P+D,luminal,50,-0.19715174717416403,50,0.02,1,841
R,basal,50,-0.4623299145620431,50,0.0,1,842
R,her2,50,-0.31335283137869274,50,0.02,6,842
R,luminal,50,-0.13623106010868252,50,0.06,2,842
R+P,basal,50,-0.23205341479465538,50,0.0,3,842
R+P,her2,50,-0.3177447606465515,50,0.04,5,842
R+P,luminal,50,-0.15544827135103031,50,0.04,0,842
R+D,basal,50,-0.6844655042042136,50,0.0,3,842
R+D,her2,50,-0.40652758772501846,50,0.02,4,842
R+D,luminal,50,-0.4370133506171517,50,0.02,1,842
R+P+D,basal,50,-0.36814870642839126,50,0.0,4,842
R+P+D,her2,50,-0.4134748965708691,50,0.02,4,842
R+P+D,luminal,50,-0.34051577265535626,50,0.04,2,842
R,basal,50,-0.427583001612892,50,0.0,0,843
R,her2,50,-0.5106196513220588,50,0.02,7,843
R,luminal,50,-0.20083576648407866,50,0.06,2,843
R+P,basal,50,-0.15517760918401893,50,0.0,1,843
R+P,her2,50,-0.21508437824156257,50,0.02,3,843
R+P,luminal,50,-0.1470252561634775,50,0.06,1,843
R+D,basal,50,-0.677110867959972,50,0.0,1,843
R+D,her2,50,-0.701667459129886,50,0.02,10,843
R+D,luminal,50,-0.37335775773495217,50,0.04,1,843
R+P+D,basal,50,-0.3668318544257994,50,0.0,0,843
R+P+D,her2,50,-0.35733923408397156,50,0.02,5,843
R+P+D,luminal,50,-0.37753576176468856,50,0.04,1,843
R,basal,50,-0.5329676119424276,50,0.0,0,844
R,her2,50,-0.4080722898187508,50,0.02,7,844
R,luminal,50,-0.1563941761373516,50,0.04,1,844
R+P,basal,50,-0.3297171542620713,50,0.0,1,844
R+P,her2,50,-0.3700538392753798,50,0.02,4,844
R+P,luminal,50,-0.17240742534349654,50,0.04,2,844
R+D,basal,50,-0.5852077045552406,50,0.0,0,844
R+D,her2,50,-0.4554703760187786,50,0.04,7,844
R+D,luminal,50,-0.3330888534835493,50,0.02,1,844
R+P+D,basal,50,-0.5093854671670577,50,0.0,2,844
R+P+D,her2,50,-0.4814787926190324,50,0.02,6,844
R+P+D,luminal,50,-0.29242711160934975,50,0.02,1,844
R,basal,50,-0.6102253476644024,50,0.0,1,845
R,her2,50,-0.3785258997385067,50,0.04,7,845
R,luminal,50,-0.1595100812657686,50,0.04,3,845
R+P,basal,50,-0.4755329406459068,50,0.0,1,845
R+P,her2,50,-0.20141978627066107,50,0.02,3,845
R+P,luminal,50,-0.1627519510373578,50,0.04,1,845
R+D,basal,50,-0.5518232914727326,50,0.0,3,845
R+D,her2,50,-0.4810161671843447,50,0.04,8,845
R+D,luminal,50,-0.23547082922352533,50,0.02,1,845
R+P+D,basal,50,-0.5456054991285348,50,0.0,3,845
R+P+D,her2,50,-0.19903583614408993,50,0.02,3,845
R+P+D,luminal,50,-0.1959814431985242,50,0.02,1,845
R,basal,50,-0.537840557215335,50,0.0,1,846
R,her2,50,-0.35565140259616457,50,0.02,8,846
R,luminal,50,-0.13809641453965543,50,0.04,2,846
R+P,basal,50,-0.49025100837072977,50,0.0,2,846
R+P,her2,50,-0.1643250561194329,50,0.02,3,846
R+P,luminal,50,-0.1626031140529821,50,0.06,1,846
R+D,basal,50,-0.6730400828221419,50,0.0,2,846
R+D,her2,50,-0.5748889389796542,50,0.02,5,846
R+D,luminal,50,-0.3260652220619606,50,0.04,2,846
R+P+D,basal,50,-0.5928545166118775,50,0.0,1,846
R+P+D,her2,50,-0.3094866255527596,50,0.02,4,846
R+P+D,luminal,50,-0.28835477145105215,50,0.04,2,846
R,basal,50,-0.4409742318492585,50,0.0,2,847
R,her2,50,-0.28147221530664124,50,0.02,8,847
R,luminal,50,-0.13009608702657538,50,0.04,1,847
R+P,basal,50,-0.36044047303205196,50,0.0,1,847
R+P,her2,50,-0.20653818617865383,50,0.04,4,847
R+P,luminal,50,-0.12819804363111106,50,0.06,1,847
R+D,basal,50,-0.6225317963019736,50,0.0,2,847
R+D,her2,50,-0.4540216996282373,50,0.02,8,847
R+D,luminal,50,-0.3690992757021816,50,0.04,2,847
R+P+D,basal,50,-0.5914849239129226,50,0.0,3,847
R+P+D,her2,50,-0.3425164805852601,50,0.02,5,847
R+P+D,luminal,50,-0.31443625254777013,50,0.06,3,847
R,basal,50,-0.5174884443939047,50,0.0,0,848
R,her2,50,-0.23732230334150115,50,0.04,6,848
R,luminal,50,-0.11852464858547215,50,0.04,1,848
R+P,basal,50,-0.5029973815165544,50,0.0,1,848
R+P,her2,50,-0.19706642924021608,50,0.02,3,848
R+P,luminal,50,-0.11767174199632943,50,0.04,0,848
R+D,basal,50,-0.6444443646233998,50,0.0,2,848
R+D,her2,50,-0.5493002721447101,50,0.04,9,848
R+D,luminal,50,-0.34078136774025447,50,0.04,1,848
R+P+D,basal,50,-0.5544017486211383,50,0.0,1,848
R+P+D,her2,50,-0.29662316778450387,50,0.02,5,848
R+P+D,luminal,50,-0.3182338574650958,50,0.04,1,848
R,basal,50,-0.6806088956061305,50,0.0,3,849
R,her2,50,-0.518896618547662,50,0.04,10,849
R,luminal,50,-0.12194587554140249,50,0.04,2,849
R+P,basal,50,-0.48737432838952693,50,0.0,4,849
R+P,her2,50,-0.2861466394128,50,0.02,3,849
R+P,luminal,50,-0.13017772755799928,50,0.04,0,849
R+D,basal,50,-0.6797409941772239,50,0.0,2,849
R+D,her2,50,-0.5725856075949174,50,0.02,10,849
R+D,luminal,50,-0.36461687547894717,50,0.04,2,849
R+P+D,basal,50,-0.6657154920263604,50,0.0,2,849
R+P+D,her2,50,-0.40973162209426234,50,0.02,6,849
R+P+D,luminal,50,-0.2967284240196426,50,0.04,1,849
R,basal,50,-0.4703417445836401,50,0.0,0,850
R,her2,50,-0.32349501432071004,50,0.02,5,850
R,luminal,50,-0.12575383946605098,50,0.04,1,850
R+P,basal,50,-0.2139251466059973,50,0.0,0,850
R+P,her2,50,-0.2729591657903876,50,0.02,1,850
R+P,luminal,50,-0.12191124713096606,50,0.04,1,850
R+D,basal,50,-0.595822302938367,50,0.0,2,850
R+D,her2,50,-0.4678287390516904,50,0.02,2,850
R+D,luminal,50,-0.3741197866669909,50,0.04,1,850
R+P+D,basal,50,-0.4499986967684309,50,0.0,1,850
R+P+D,her2,50,-0.4315272408166459,50,0.02,4,850
R+P+D,luminal,50,-0.285878071814804,50,0.04,0,850
R,basal,50,-0.6025076900336797,50,0.0,3,851
R,her2,50,-0.2855626114754026,50,0.04,6,851
R,luminal,50,-0.10975385064727355,50,0.04,1,851
R+P,basal,50,-0.4183186239814784,50,0.0,2,851
R+P,her2,50,-0.2644512855086788,50,0.02,4,851
R+P,luminal,50,-0.1239219389334065,50,0.04,0,851
R+D,basal,50,-0.6492605778693055,50,0.0,2,851
R+D,her2,50,-0.42525198925560476,50,0.02,7,851
R+D,luminal,50,-0.3318634760804211,50,0.04,1,851
R+P+D,basal,50,-0.5562327903864446,50,0.0,2,851
R+P+D,her2,50,-0.38586854563168127,50,0.02,5,851
R+P+D,luminal,50,-0.28596439056316264,50,0.04,0,851
R,basal,50,-0.5205393337586491,50,0.0,3,852
R,her2,50,-0.2982535325610662,50,0.04,5,852
R,luminal,50,-0.1387135186227401,50,0.04,1,852
R+P,basal,50,-0.16415916509510609,50,0.0,0,852
R+P,her2,50,-0.15546335062674674,50,0.02,3,852
R+P,luminal,50,-0.14293690942362614,50,0.08,2,852
R+D,basal,50,-0.6515053876635618,50,0.0,2,852
R+D,her2,50,-0.4788823399751281,50,0.04,9,852
R+D,luminal,50,-0.34669815165708084,50,0.04,0,852
R+P+D,basal,50,-0.4074767657726083,50,0.0,0,852
R+P+D,her2,50,-0.30043782821001763,50,0.02,5,852
R+P+D,luminal,50,-0.31846234848818306,50,0.04,1,852
R,basal,50,-0.6465863445925545,50,0.0,2,853
R,her2,50,-0.4352192715372745,50,0.04,6,853
R,luminal,50,-0.12872372939850146,50,0.04,2,853
R+P,basal,50,-0.5027620291734528,50,0.0,2,853
R+P,her2,50,-0.19597376098577096,50,0.02,3,853
R+P,luminal,50,-0.13206527051127934,50,0.06,2,853
R+D,basal,50,-0.7371125450657232,50,0.0,3,853
R+D,her2,50,-0.4380907364967596,50,0.04,6,853
R+D,luminal,50,-0.2710869566739833,50,0.02,2,853
R+P+D,basal,50,-0.6498053138511777,50,0.0,2,853
R+P+D,her2,50,-0.28089510457918687,50,0.02,3,853
R+P+D,luminal,50,-0.23740071231068746,50,0.02,2,853
R,basal,50,-0.3338849954540221,50,0.0,1,854
R,her2,50,-0.24893223654915256,50,0.02,5,854
R,luminal,50,-0.22199637931975083,50,0.04,2,854
R+P,basal,50,-0.18684966319169516,50,0.0,0,854
R+P,her2,50,-0.21268135900933657,50,0.02,2,854
R+P,luminal,50,-0.18923998096072153,50,0.04,1,854
R+D,basal,50,-0.48642054557989617,50,0.0,2,854
R+D,her2,50,-0.35216277367306215,50,0.02,6,854
R+D,luminal,50,-0.40726706566199167,50,0.04,2,854
R+P+D,basal,50,-0.425063460929162,50,0.0,2,854
R+P+D,her2,50,-0.3179461790500458,50,0.02,3,854
R+P+D,luminal,50,-0.2968683989804025,50,0.04,2,854
R,basal,50,-0.502442831820731,50,0.0,2,855
R,her2,50,-0.25772532770263834,50,0.04,4,855
R,luminal,50,-0.1824339791911352,50,0.04,2,855
R+P,basal,50,-0.429243939853199,50,0.0,1,855
R+P,her2,50,-0.2338863329126232,50,0.04,2,855
R+P,luminal,50,-0.13210785153759447,50,0.04,2,855
R+D,basal,50,-0.6390187148254668,50,0.0,5,855
R+D,her2,50,-0.4379413959554131,50,0.02,2,855
R+D,luminal,50,-0.29211298702031463,50,0.02,1,855
R+P+D,basal,50,-0.521800655613097,50,0.0,4,855
R+P+D,her2,50,-0.4274653734330627,50,0.02,1,855
R+P+D,luminal,50,-0.24872367855156438,50,0.02,1,855
R,basal,50,-0.6039128760605876,50,0.0,2,856
R,her2,50,-0.35396238848046685,50,0.02,4,856
R,luminal,50,-0.11752780248826188,50,0.04,2,856
R+P,basal,50,-0.3084076541492253,50,0.0,2,856
R+P,her2,50,-0.17534723089411067,50,0.02,3,856
R+P,luminal,50,-0.1355661599515873,50,0.04,1,856
R+D,basal,50,-0.6358323555034217,50,0.0,2,856
R+D,her2,50,-0.3691324603319827,50,0.04,4,856
R+D,luminal,50,-0.2151119996501056,50,0.02,0,856
R+P+D,basal,50,-0.3458970284260638,50,0.0,1,856
R+P+D,her2,50,-0.3173980813862466,50,0.02,6,856
R+P+D,luminal,50,-0.19251367673331152,50,0.02,0,856
R,basal,50,-0.6131091361603319,50,0.0,0,857
R,her2,50,-0.2776307785289029,50,0.02,8,857
R,luminal,50,-0.1446536751717696,50,0.04,1,857
R+P,basal,50,-0.32782519969409596,50,0.0,0,857
R+P,her2,50,-0.23440141843621448,50,0.02,3,857
R+P,luminal,50,-0.10653570457255836,50,0.04,1,857
R+D,basal,50,-0.6731119723522552,50,0.0,2,857
R+D,her2,50,-0.4988296466272898,50,0.02,8,857
R+D,luminal,50,-0.4070485539716422,50,0.04,0,857
R+P+D,basal,50,-0.6471154091204308,50,0.0,1,857
R+P+D,her2,50,-0.3180911562794011,50,0.02,6,857
R+P+D,luminal,50,-0.34927266575883414,50,0.04,1,857
R,basal,50,-0.45324821581135555,50,0.0,1,858
R,her2,50,-0.3828963668896781,50,0.04,9,858
R,luminal,50,-0.14168524904072619,50,0.04,2,858
R+P,basal,50,-0.23467839572349214,50,0.0,1,858
R+P,her2,50,-0.26147310706953314,50,0.02,3,858
R+P,luminal,50,-0.11809095944761702,50,0.04,1,858
R+D,basal,50,-0.6811245412598477,50,0.0,2,858
R+D,her2,50,-0.4696302258715165,50,0.02,9,858
R+D,luminal,50,-0.468995980506323,50,0.04,0,858
R+P+D,basal,50,-0.5374556825294583,50,0.0,1,858
R+P+D,her2,50,-0.3131275662060735,50,0.02,5,858
R+P+D,luminal,50,-0.36960793052049545,50,0.04,1,858
R,basal,50,-0.4748140197771625,50,0.0,0,859
R,her2,50,-0.32427978695535237,50,0.02,9,859
R,luminal,50,-0.17392024344982734,50,0.04,1,859
R+P,basal,50,-0.3652044025116619,50,0.0,1,859
R+P,her2,50,-0.3477818251615652,50,0.02,6,859
R+P,luminal,50,-0.10509672561849571,50,0.04,1,859
R+D,basal,50,-0.6416389514690565,50,0.0,0,859
R+D,her2,50,-0.5117254748011826,50,0.02,7,859
R+D,luminal,50,-0.3526628061387035,50,0.04,1,859
R+P+D,basal,50,-0.43426413850050943,50,0.0,0,859
R+P+D,her2,50,-0.4323426302198733,50,0.02,6,859
R+P+D,luminal,50,-0.2639535023693837,50,0.04,1,859
R,basal,50,-0.524374573676967,50,0.0,2,860
R,her2,50,-0.4062050081563713,50,0.04,11,860
R,luminal,50,-0.13656948118414122,50,0.04,2,860
R+P,basal,50,-0.3383929415479334,50,0.0,1,860
R+P,her2,50,-0.21041009830862356,50,0.02,2,860
R+P,luminal,50,-0.1718725620935944,50,0.06,2,860
R+D,basal,50,-0.579732301399486,50,0.0,1,860
R+D,her2,50,-0.4762179270563751,50,0.04,8,860
R+D,luminal,50,-0.31259274308295526,50,0.04,2,860
R+P+D,basal,50,-0.44307200876674296,50,0.0,1,860
R+P+D,her2,50,-0.26901546242820584,50,0.02,3,860
R+P+D,luminal,50,-0.27009763352600946,50,0.04,1,860
R,basal,50,-0.5648736110010537,50,0.0,1,861
R,her2,50,-0.3394668257089718,50,0.04,6,861
R,luminal,50,-0.17219504119609533,50,0.04,1,861
R+P,basal,50,-0.33866082200068914,50,0.0,2,861
R+P,her2,50,-0.2779545917625976,50,0.02,4,861
R+P,luminal,50,-0.13119292414935457,50,0.04,1,861
R+D,basal,50,-0.6947879790891633,50,0.0,2,861
R+D,her2,50,-0.6159025373381255,50,0.02,7,861
R+D,luminal,50,-0.3769038793163555,50,0.04,1,861
R+P+D,basal,50,-0.609250705441535,50,0.0,1,861
R+P+D,her2,50,-0.47392889214339257,50,0.02,6,861
R+P+D,luminal,50,-0.3649500069395988,50,0.04,2,861
R,basal,50,-0.41454313907688833,50,0.0,1,862
R,her2,50,-0.22272890856444255,50,0.02,6,862
R,luminal,50,-0.15889749835759853,50,0.04,2,862
R+P,basal,50,-0.40418220461277093,50,0.0,2,862
R+P,her2,50,-0.18377214973900102,50,0.04,3,862
R+P,luminal,50,-0.13253157210216993,50,0.04,2,862
R+D,basal,50,-0.6063978242081235,50,0.0,3,862
R+D,her2,50,-0.4777634586956292,50,0.02,7,862
R+D,luminal,50,-0.3640982220147238,50,0.02,1,862
R+P+D,basal,50,-0.5300135334607383,50,0.0,2,862
R+P+D,her2,50,-0.4583647714828494,50,0.02,7,862
R+P+D,luminal,50,-0.24676628405961185,50,0.02,0,862
R,basal,50,-0.4093948478555092,50,0.0,1,863
R,her2,50,-0.5984528284145738,50,0.04,9,863
R,luminal,50,-0.1985588295715094,50,0.04,1,863
R+P,basal,50,-0.2580229012953843,50,0.0,0,863
R+P,her2,50,-0.43870868081467296,50,0.02,4,863
R+P,luminal,50,-0.12758609190466014,50,0.04,1,863
R+D,basal,50,-0.5657576781243869,50,0.0,2,863
R+D,her2,50,-0.6044008975540468,50,0.04,9,863
R+D,luminal,50,-0.2818758751380524,50,0.04,2,863
R+P+D,basal,50,-0.35621032364948646,50,0.0,1,863
R+P+D,her2,50,-0.4718999901343136,50,0.02,4,863
R+P+D,luminal,50,-0.23970101425082446,50,0.04,1,863
R,basal,50,-0.4405724811755285,50,0.0,0,864
R,her2,50,-0.5052193899161107,50,0.04,8,864
R,luminal,50,-0.15972787196343072,50,0.04,2,864
R+P,basal,50,-0.190888291914999,50,0.0,1,864
R+P,her2,50,-0.36027270520052845,50,0.02,3,864
R+P,luminal,50,-0.13440946557279498,50,0.04,1,864
R+D,basal,50,-0.6126750733410692,50,0.0,0,864
R+D,her2,50,-0.5126413236576378,50,0.04,9,864
R+D,luminal,50,-0.3184106193311973,50,0.04,1,864
R+P+D,basal,50,-0.43874259590108133,50,0.0,0,864
R+P+D,her2,50,-0.4622367241056085,50,0.02,6,864
R+P+D,luminal,50,-0.2665286268120237,50,0.04,1,864
R,basal,50,-0.5486725678810369,50,0.0,0,865
R,her2,50,-0.27890510793635004,50,0.02,7,865
R,luminal,50,-0.11505072343328876,50,0.04,1,865
R+P,basal,50,-0.4683101912168719,50,0.0,1,865
R+P,her2,50,-0.3728244986764041,50,0.02,3,865
R+P,luminal,50,-0.09155647108358571,50,0.04,3,865
R+D,basal,50,-0.6723602032155205,50,0.0,0,865
R+D,her2,50,-0.4047798805126678,50,0.02,3,865
R+D,luminal,50,-0.39958918939678284,50,0.02,2,865
R+P+D,basal,50,-0.5241970813153066,50,0.0,0,865
R+P+D,her2,50,-0.4337542215971256,50,0.02,3,865
R+P+D,luminal,50,-0.27696366237812964,50,0.02,1,865
R,basal,50,-0.5409087208235426,50,0.0,3,866
R,her2,50,-0.44885778982151686,50,0.02,8,866
R,luminal,50,-0.11558163672885598,50,0.04,3,866
R+P,basal,50,-0.5091339126500166,50,0.0,1,866
R+P,her2,50,-0.24670095856007046,50,0.04,3,866
R+P,luminal,50,-0.16024305470806166,50,0.06,2,866
R+D,basal,50,-0.6646280170320219,50,0.0,4,866
R+D,her2,50,-0.434418552382969,50,0.02,5,866
R+D,luminal,50,-0.314407237925683,50,0.04,2,866
R+P+D,basal,50,-0.5239595074378118,50,0.0,3,866
R+P+D,her2,50,-0.5119342917892259,50,0.04,5,866
R+P+D,luminal,50,-0.22549144471719512,50,0.04,3,866
R,basal,50,-0.6278014836706067,50,0.0,1,867
R,her2,50,-0.35260252217779203,50,0.02,7,867
R,luminal,50,-0.13637884424054536,50,0.04,2,867
R+P,basal,50,-0.24038326326734097,50,0.0,2,867
R+P,her2,50,-0.3285012682498057,50,0.04,3,867
R+P,luminal,50,-0.1483058751554391,50,0.04,1,867
R+D,basal,50,-0.7271290778813291,50,0.0,2,867
R+D,her2,50,-0.5180961830810564,50,0.02,5,867
R+D,luminal,50,-0.3220325042963351,50,0.04,1,867
R+P+D,basal,50,-0.42319610488599496,50,0.0,0,867
R+P+D,her2,50,-0.4261924541525257,50,0.04,3,867
R+P+D,luminal,50,-0.22586866750606105,50,0.04,1,867
R,basal,50,-0.5124455501640327,50,0.0,1,868
R,her2,50,-0.455659555409483,50,0.04,10,868
R,luminal,50,-0.14745161634905166,50,0.04,2,868
R+P,basal,50,-0.35525549010433904,50,0.0,2,868
R+P,her2,50,-0.3413178983171021,50,0.02,4,868
R+P,luminal,50,-0.11892551833991236,50,0.06,1,868
R+D,basal,50,-0.6218389379295176,50,0.0,2,868
R+D,her2,50,-0.5067489631772708,50,0.04,10,868
R+D,luminal,50,-0.3764590527522571,50,0.02,2,868
R+P+D,basal,50,-0.5014789355369846,50,0.0,1,868
R+P+D,her2,50,-0.4633094765326944,50,0.04,8,868
R+P+D,luminal,50,-0.3400742310786925,50,0.02,1,868
R,basal,50,-0.5107433266965912,50,0.0,0,869
R,her2,50,-0.3335535074576561,50,0.02,5,869
R,luminal,50,-0.12825495137143483,50,0.06,3,869
R+P,basal,50,-0.19530971172046357,50,0.0,0,869
R+P,her2,50,-0.29649063536086323,50,0.02,4,869
R+P,luminal,50,-0.12978755372988438,50,0.04,3,869
R+D,basal,50,-0.651955268722269,50,0.0,1,869
R+D,her2,50,-0.4615934066212404,50,0.04,8,869
R+D,luminal,50,-0.2761145429074864,50,0.04,3,869
R+P+D,basal,50,-0.5054534622794712,50,0.0,2,869
R+P+D,her2,50,-0.17511666022865172,50,0.02,3,869
R+P+D,luminal,50,-0.20232009420245858,50,0.04,2,869
R,basal,50,-0.7934267149156891,50,0.0,4,870
R,her2,50,-0.2931215700380019,50,0.02,6,870
R,luminal,50,-0.12047249377566559,50,0.04,2,870
R+P,basal,50,-0.5372019790628337,50,0.0,3,870
R+P,her2,50,-0.17585225917928204,50,0.04,3,870
R+P,luminal,50,-0.11482617396910687,50,0.04,0,870
R+D,basal,50,-0.6151647482885165,50,0.0,2,870
R+D,her2,50,-0.328119061775045,50,0.02,6,870
R+D,luminal,50,-0.21715421666176074,50,0.04,0,870
R+P+D,basal,50,-0.6175203863156642,50,0.0,2,870
R+P+D,her2,50,-0.3232387784057574,50,0.02,4,870
R+P+D,luminal,50,-0.15671572397755823,50,0.04,0,870
R,basal,50,-0.6717795069991455,50,0.0,2,871
R,her2,50,-0.26199329962229595,50,0.02,7,871
R,luminal,50,-0.11358826458955992,50,0.04,3,871
R+P,basal,50,-0.5281907480816888,50,0.0,3,871
R+P,her2,50,-0.14111560591426725,50,0.02,4,871
R+P,luminal,50,-0.11431010791252595,50,0.06,2,871
R+D,basal,50,-0.6367772261897704,50,0.0,2,871
R+D,her2,50,-0.44762690961924084,50,0.02,9,871
R+D,luminal,50,-0.32791706763677625,50,0.02,1,871
R+P+D,basal,50,-0.5795903944812946,50,0.0,1,871
R+P+D,her2,50,-0.2501095009272212,50,0.02,4,871
R+P+D,luminal,50,-0.3225488326292242,50,0.02,1,871
R,basal,50,-0.5181276306126231,50,0.0,1,872
R,her2,50,-0.47989512771955334,50,0.04,7,872
R,luminal,50,-0.12445183366736753,50,0.04,3,872
R+P,basal,50,-0.49864811431449185,50,0.0,3,872
R+P,her2,50,-0.3355912622007051,50,0.02,6,872
R+P,luminal,50,-0.10715511546357791,50,0.04,3,872
R+D,basal,50,-0.5804317336926473,50,0.0,0,872
R+D,her2,50,-0.5164606179626053,50,0.02,5,872
R+D,luminal,50,-0.19786178220338654,50,0.04,2,872
R+P+D,basal,50,-0.49729792919578214,50,0.0,0,872
R+P+D,her2,50,-0.3642239016324067,50,0.02,4,872
R+P+D,luminal,50,-0.1848600927178454,50,0.04,3,872
R,basal,50,-0.5575840223657582,50,0.0,1,873
R,her2,50,-0.27317792051660617,50,0.02,7,873
R,luminal,50,-0.12979980922059373,50,0.04,2,873
R+P,basal,50,-0.3313946689484164,50,0.0,1,873
R+P,her2,50,-0.3211291457785472,50,0.02,5,873
R+P,luminal,50,-0.1417855355762757,50,0.04,1,873
R+D,basal,50,-0.6818821915566349,50,0.0,2,873
R+D,her2,50,-0.534872807960847,50,0.02,5,873
R+D,luminal,50,-0.3748708739677302,50,0.04,0,873
R+P+D,basal,50,-0.49561977543645014,50,0.0,0,873
R+P+D,her2,50,-0.49934341514653496,50,0.02,5,873
R+P+D,luminal,50,-0.31081010367700285,50,0.04,0,873
R,basal,50,-0.5052031234572941,50,0.0,3,874
R,her2,50,-0.4206470114254848,50,0.04,8,874
R,luminal,50,-0.14075357181036485,50,0.04,1,874
R+P,basal,50,-0.4303852587330298,50,0.0,3,874
R+P,her2,50,-0.13858598787966608,50,0.02,3,874
R+P,luminal,50,-0.15013398011014648,50,0.06,2,874
R+D,basal,50,-0.70502350764453,50,0.0,3,874
R+D,her2,50,-0.5764998440106377,50,0.02,9,874
R+D,luminal,50,-0.3592991279508486,50,0.04,1,874
R+P+D,basal,50,-0.5139661380391067,50,0.0,4,874
R+P+D,her2,50,-0.31760450565763443,50,0.02,5,874
R+P+D,luminal,50,-0.2624999325753713,50,0.04,1,874
R,basal,50,-0.4749581313525303,50,0.0,1,875
R,her2,50,-0.4682835104107057,50,0.04,8,875
R,luminal,50,-0.2004867230939009,50,0.06,2,875
R+P,basal,50,-0.39507355342236244,50,0.0,1,875
R+P,her2,50,-0.399513103955436,50,0.02,2,875
R+P,luminal,50,-0.13267990239895372,50,0.06,2,875
R+D,basal,50,-0.5421303231274558,50,0.0,3,875
R+D,her2,50,-0.6038704473694575,50,0.02,9,875
R+D,luminal,50,-0.33234584897745306,50,0.04,1,875
R+P+D,basal,50,-0.506563283251299,50,0.0,2,875
R+P+D,her2,50,-0.4776725540294804,50,0.02,7,875
R+P+D,luminal,50,-0.22711391748099344,50,0.04,1,875
R,basal,50,-0.5406946200209132,50,0.0,2,876
R,her2,50,-0.5646721713913002,50,0.04,11,876
R,luminal,50,-0.11857439756939739,50,0.04,1,876
R+P,basal,50,-0.45089152846035346,50,0.0,0,876
R+P,her2,50,-0.24602330849528584,50,0.02,3,876
R+P,luminal,50,-0.09998789857623736,50,0.04,1,876
R+D,basal,50,-0.7141952264352431,50,0.0,1,876
R+D,her2,50,-0.5972414235508294,50,0.04,10,876
R+D,luminal,50,-0.22916177250587086,50,0.02,2,876
R+P+D,basal,50,-0.606404739454243,50,0.0,1,876
R+P+D,her2,50,-0.46135527430757983,50,0.02,5,876
R+P+D,luminal,50,-0.14300251363127178,50,0.02,1,876
R,basal,50,-0.515259705125464,50,0.0,1,877
R,her2,50,-0.43865500010064756,50,0.02,6,877
R,luminal,50,-0.18450986789967272,50,0.06,2,877
R+P,basal,50,-0.5247842617483565,50,0.0,1,877
R+P,her2,50,-0.22829504544686519,50,0.02,5,877
R+P,luminal,50,-0.1425239215700154,50,0.06,2,877
R+D,basal,50,-0.6553380559653779,50,0.0,1,877
R+D,her2,50,-0.621849780262364,50,0.02,10,877
R+D,luminal,50,-0.2586404031579825,50,0.04,1,877
R+P+D,basal,50,-0.5178947780500568,50,0.0,1,877
R+P+D,her2,50,-0.3388405930627889,50,0.02,4,877
R+P+D,luminal,50,-0.1886881442742396,50,0.04,2,877
R,basal,50,-0.6305845884030833,50,0.0,2,878
R,her2,50,-0.4082167442598733,50,0.02,3,878
R,luminal,50,-0.11195300400556808,50,0.04,1,878
R+P,basal,50,-0.348947632467847,50,0.0,2,878
R+P,her2,50,-0.17587131382425106,50,0.02,2,878
R+P,luminal,50,-0.13893062213472593,50,0.04,0,878
R+D,basal,50,-0.709045549125991,50,0.0,1,878
R+D,her2,50,-0.578793722826083,50,0.04,9,878
R+D,luminal,50,-0.33542087545199,50,0.02,1,878
R+P+D,basal,50,-0.503493349676178,50,0.0,1,878
R+P+D,her2,50,-0.35960052756807687,50,0.02,4,878
R+P+D,luminal,50,-0.26695219335803433,50,0.02,1,878
R,basal,50,-0.74977445317793,50,0.0,0,879
R,her2,50,-0.3355907987588709,50,0.02,3,879
R,luminal,50,-0.09491156499698086,50,0.04,2,879
R+P,basal,50,-0.462773036461318,50,0.0,1,879
R+P,her2,50,-0.34447206278933534,50,0.04,2,879
R+P,luminal,50,-0.09113427467528945,50,0.04,2,879
R+D,basal,50,-0.7296739390624408,50,0.0,0,879
R+D,her2,50,-0.5832310265740593,50,0.02,6,879
R+D,luminal,50,-0.2865507917713053,50,0.04,1,879
R+P+D,basal,50,-0.5732479838580619,50,0.0,2,879
R+P+D,her2,50,-0.4869127605937445,50,0.02,5,879
R+P+D,luminal,50,-0.16133966892727025,50,0.04,0,879
R,basal,50,-0.46610841879058584,50,0.0,2,880
R,her2,50,-0.2854319158351244,50,0.02,6,880
R,luminal,50,-0.11479809348053127,50,0.04,2,880
R+P,basal,50,-0.3308323283638006,50,0.0,1,880
R+P,her2,50,-0.19288117059944146,50,0.02,4,880
R+P,luminal,50,-0.12896487707874363,50,0.06,1,880
R+D,basal,50,-0.6488560368860082,50,0.0,1,880
R+D,her2,50,-0.37774438382576214,50,0.02,6,880
R+D,luminal,50,-0.38621419201832813,50,0.02,0,880
R+P+D,basal,50,-0.518617939341799,50,0.0,1,880
R+P+D,her2,50,-0.2604185044922376,50,0.02,3,880
R+P+D,luminal,50,-0.19139422709910897,50,0.02,0,880
R,basal,50,-0.49360734253097005,50,0.0,2,881
R,her2,50,-0.22772484353823658,50,0.02,6,881
R,luminal,50,-0.11861265611794346,50,0.04,2,881
R+P,basal,50,-0.2979013428568724,50,0.0,2,881
R+P,her2,50,-0.17597091076118856,50,0.04,4,881
R+P,luminal,50,-0.11679845946843873,50,0.04,1,881
R+D,basal,50,-0.6318808385842327,50,0.0,1,881
R+D,her2,50,-0.3760357468028444,50,0.02,6,881
R+D,luminal,50,-0.2888119133629434,50,0.02,0,881
R+P+D,basal,50,-0.4335844768604637,50,0.0,1,881
R+P+D,her2,50,-0.26319688377305456,50,0.04,3,881
R+P+D,luminal,50,-0.22352652251812366,50,0.02,0,881
R,basal,50,-0.6080342668664928,50,0.0,3,882
R,her2,50,-0.3449835997346317,50,0.02,5,882
R,luminal,50,-0.1939127808767982,50,0.04,3,882
R+P,basal,50,-0.38154531997284097,50,0.0,2,882
R+P,her2,50,-0.19554914308917146,50,0.02,2,882
R+P,luminal,50,-0.1184004382950153,50,0.04,1,882
R+D,basal,50,-0.6776635043706867,50,0.0,3,882
R+D,her2,50,-0.4102501870013965,50,0.02,6,882
R+D,luminal,50,-0.32390334678093446,50,0.04,2,882
R+P+D,basal,50,-0.4824031400750613,50,0.0,2,882
R+P+D,her2,50,-0.328207213882782,50,0.02,3,882
R+P+D,luminal,50,-0.3604530868857333,50,0.04,2,882
R,basal,50,-0.6672139175812909,50,0.0,0,883
R,her2,50,-0.4137651535806133,50,0.02,7,883
R,luminal,50,-0.12059996940951974,50,0.04,1,883
R+P,basal,50,-0.5106119401611905,50,0.0,0,883
R+P,her2,50,-0.32475905065776167,50,0.02,5,883
R+P,luminal,50,-0.10197993743830619,50,0.04,1,883
R+D,basal,50,-0.6209602866974951,50,0.0,1,883
R+D,her2,50,-0.43764829343502987,50,0.02,5,883
R+D,luminal,50,-0.2191413107751783,50,0.04,1,883
R+P+D,basal,50,-0.4714604096107065,50,0.0,1,883
R+P+D,her2,50,-0.39239131719357095,50,0.02,4,883
R+P+D,luminal,50,-0.17573419038892119,50,0.04,1,883
R,basal,50,-0.6482535084812336,50,0.0,2,884
R,her2,50,-0.2601370365259271,50,0.02,7,884
R,luminal,50,-0.11835494798163776,50,0.04,3,884
R+P,basal,50,-0.7124637709382022,50,0.0,3,884
R+P,her2,50,-0.20254142237645514,50,0.02,3,884
R+P,luminal,50,-0.147772026724892,50,0.04,1,884
R+D,basal,50,-0.6685078396222133,50,0.0,1,884
R+D,her2,50,-0.4072363626535544,50,0.02,9,884
R+D,luminal,50,-0.29141876824796453,50,0.04,2,884
R+P+D,basal,50,-0.4874537927511507,50,0.0,1,884
R+P+D,her2,50,-0.23011988075595627,50,0.02,4,884
R+P+D,luminal,50,-0.2437543475234353,50,0.04,3,884
R,basal,50,-0.5935093241863074,50,0.0,0,885
R,her2,50,-0.4023064500823239,50,0.04,7,885
R,luminal,50,-0.10989286628328783,50,0.04,1,885
R+P,basal,50,-0.49523275423928126,50,0.0,1,885
R+P,her2,50,-0.2750623474003153,50,0.02,6,885
R+P,luminal,50,-0.13348217721473477,50,0.06,2,885
R+D,basal,50,-0.6827498229106769,50,0.0,1,885
R+D,her2,50,-0.5269338026528662,50,0.02,9,885
R+D,luminal,50,-0.27286194939282493,50,0.02,0,885
R+P+D,basal,50,-0.5162842122107076,50,0.0,1,885
R+P+D,her2,50,-0.3351631156430846,50,0.02,6,885
R+P+D,luminal,50,-0.22231637688415826,50,0.02,1,885
R,basal,50,-0.6346076293804637,50,0.0,2,886
R,her2,50,-0.43346517935880563,50,0.02,9,886
R,luminal,50,-0.1295782537819906,50,0.04,2,886
R+P,basal,50,-0.5236205062307804,50,0.0,1,886
R+P,her2,50,-0.17214535635459588,50,0.02,3,886
R+P,luminal,50,-0.1131289262477193,50,0.04,1,886
R+D,basal,50,-0.6862827546530835,50,0.0,3,886
R+D,her2,50,-0.4921842268788415,50,0.02,7,886
R+D,luminal,50,-0.31965390152749973,50,0.04,1,886
R+P+D,basal,50,-0.6576557436032777,50,0.0,2,886
R+P+D,her2,50,-0.4038160357752262,50,0.02,2,886
R+P+D,luminal,50,-0.13468921511928858,50,0.04,2,886
R,basal,50,-0.6654380351212242,50,0.0,1,887
R,her2,50,-0.27546364292912706,50,0.04,6,887
R,luminal,50,-0.1726885424586633,50,0.04,2,887
R+P,basal,50,-0.34665510081342693,50,0.0,0,887
R+P,her2,50,-0.19201674040199418,50,0.02,5,887
R+P,luminal,50,-0.11618320155226539,50,0.04,1,887
R+D,basal,50,-0.662044151424097,50,0.0,2,887
R+D,her2,50,-0.5256627974117921,50,0.02,7,887
R+D,luminal,50,-0.32888999477944253,50,0.06,0,887
R+P+D,basal,50,-0.5223974526340246,50,0.0,2,887
R+P+D,her2,50,-0.4010518550441647,50,0.02,4,887
R+P+D,luminal,50,-0.35794131622803765,50,0.06,1,887
R,basal,50,-0.44539220557684295,50,0.0,1,888
R,her2,50,-0.2648228792435809,50,0.04,5,888
R,luminal,50,-0.14947284892301504,50,0.06,2,888
R+P,basal,50,-0.32178235299288394,50,0.0,3,888
R+P,her2,50,-0.26345189273955283,50,0.04,4,888
R+P,luminal,50,-0.17196982473088812,50,0.06,2,888
R+D,basal,50,-0.7563659789345807,50,0.0,3,888
R+D,her2,50,-0.4779008178154942,50,0.02,7,888
R+D,luminal,50,-0.3051895521943749,50,0.04,1,888
R+P+D,basal,50,-0.34710443785591866,50,0.0,3,888
R+P+D,her2,50,-0.4393806155468102,50,0.02,5,888
R+P+D,luminal,50,-0.2592950216409409,50,0.04,2,888
R,basal,50,-0.46672727713561124,50,0.0,1,889
R,her2,50,-0.39739805127340583,50,0.02,9,889
R,luminal,50,-0.09534821529860216,50,0.02,1,889
R+P,basal,50,-0.28016796973971425,50,0.0,2,889
R+P,her2,50,-0.3015135504724116,50,0.02,4,889
R+P,luminal,50,-0.12994343274716408,50,0.04,0,889
R+D,basal,50,-0.7236948572518949,50,0.0,2,889
R+D,her2,50,-0.3299243432085723,50,0.02,3,889
R+D,luminal,50,-0.3092584044245101,50,0.02,2,889
R+P+D,basal,50,-0.4836609890990221,50,0.0,1,889
R+P+D,her2,50,-0.4445136625954754,50,0.02,3,889
R+P+D,luminal,50,-0.2608281786951132,50,0.02,2,889
R,basal,50,-0.5763435516033402,50,0.0,1,890
R,her2,50,-0.34573504335973915,50,0.02,6,890
R,luminal,50,-0.13458507281104606,50,0.04,3,890
R+P,basal,50,-0.45480265688084887,50,0.0,2,890
R+P,her2,50,-0.2702704932558387,50,0.02,2,890
R+P,luminal,50,-0.12921205378509729,50,0.04,2,890
R+D,basal,50,-0.7029763613751184,50,0.0,2,890
R+D,her2,50,-0.5451994474509204,50,0.02,7,890
R+D,luminal,50,-0.24982739000796728,50,0.04,1,890
R+P+D,basal,50,-0.5694841716300648,50,0.0,2,890
R+P+D,her2,50,-0.4880963926423105,50,0.02,5,890
R+P+D,luminal,50,-0.2121949890390995,50,0.04,1,890
R,basal,50,-0.47111532960722635,50,0.0,0,891
R,her2,50,-0.09579383612222506,50,0.04,2,891
R,luminal,50,-0.1532673867294889,50,0.04,2,891
R+P,basal,50,-0.2631747031349695,50,0.0,0,891
R+P,her2,50,-0.0877878406897443,50,0.02,2,891
R+P,luminal,50,-0.12903749710493065,50,0.04,1,891
R+D,basal,50,-0.6455681923317994,50,0.0,2,891
R+D,her2,50,-0.45482256627554307,50,0.04,8,891
R+D,luminal,50,-0.3394802177509835,50,0.02,3,891
R+P+D,basal,50,-0.30682098817713277,50,0.0,1,891
R+P+D,her2,50,-0.24382500757811465,50,0.02,3,891
R+P+D,luminal,50,-0.290616375989464,50,0.02,1,891
R,basal,50,-0.32664726983179626,50,0.0,1,892
R,her2,50,-0.30824441713409595,50,0.02,6,892
R,luminal,50,-0.1885737411822206,50,0.04,1,892
R+P,basal,50,-0.21551743034359105,50,0.0,0,892
R+P,her2,50,-0.2881100901313147,50,0.02,4,892
R+P,luminal,50,-0.20450554361549667,50,0.04,2,892
R+D,basal,50,-0.6839126036843927,50,0.0,2,892
R+D,her2,50,-0.38896339415021436,50,0.02,7,892
R+D,luminal,50,-0.36919337482681075,50,0.04,1,892
R+P+D,basal,50,-0.46558768462395106,50,0.0,0,892
R+P+D,her2,50,-0.4403112699600767,50,0.02,5,892
R+P+D,luminal,50,-0.31073121110288915,50,0.04,0,892
R,basal,50,-0.451744443738881,50,0.0,1,893
R,her2,50,-0.4370039334244655,50,0.04,5,893
R,luminal,50,-0.14954902486309696,50,0.04,3,893
R+P,basal,50,-0.2974650315960793,50,0.0,1,893
R+P,her2,50,-0.18381129062430163,50,0.02,2,893
R+P,luminal,50,-0.1497188810207252,50,0.04,4,893
R+D,basal,50,-0.5937730647652728,50,0.0,1,893
R+D,her2,50,-0.4040574701454435,50,0.02,3,893
R+D,luminal,50,-0.27610723529343406,50,0.04,2,893
R+P+D,basal,50,-0.44852262839520984,50,0.0,2,893
R+P+D,her2,50,-0.2579662990332834,50,0.02,3,893
R+P+D,luminal,50,-0.2792194967950374,50,0.04,3,893
R,basal,50,-0.5888786074123467,50,0.0,1,894
R,her2,50,-0.237528594046609,50,0.02,4,894
R,luminal,50,-0.15935078720853646,50,0.04,2,894
R+P,basal,50,-0.43583908755004613,50,0.0,3,894
R+P,her2,50,-0.2595560002312151,50,0.02,3,894
R+P,luminal,50,-0.10669290224312349,50,0.04,1,894
R+D,basal,50,-0.6164435846520191,50,0.0,0,894
R+D,her2,50,-0.48838495889094835,50,0.02,6,894
R+D,luminal,50,-0.30886441415236277,50,0.04,1,894
R+P+D,basal,50,-0.4839250951565952,50,0.0,1,894
R+P+D,her2,50,-0.3143931228063292,50,0.02,3,894
R+P+D,luminal,50,-0.2072910658377144,50,0.04,1,894
R,basal,50,-0.5042896980375101,50,0.0,3,895
R,her2,50,-0.46147030792470395,50,0.04,4,895
R,luminal,50,-0.11143426866100073,50,0.04,1,895
R+P,basal,50,-0.2991713897375726,50,0.0,1,895
R+P,her2,50,-0.3066208387007883,50,0.02,4,895
R+P,luminal,50,-0.10226187242757236,50,0.04,0,895
R+D,basal,50,-0.5069784928307512,50,0.0,0,895
R+D,her2,50,-0.6834035517438525,50,0.04,10,895
R+D,luminal,50,-0.38977142452205293,50,0.02,2,895
R+P+D,basal,50,-0.44031741639846217,50,0.0,0,895
R+P+D,her2,50,-0.3517344745056814,50,0.02,5,895
R+P+D,luminal,50,-0.23448004467834635,50,0.02,1,895
R,basal,50,-0.7364207258800429,50,0.0,3,896
R,her2,50,-0.3035597609602941,50,0.04,6,896
R,luminal,50,-0.15222140152545002,50,0.06,2,896
R+P,basal,50,-0.3002206726111826,50,0.0,2,896
R+P,her2,50,-0.25558708581278816,50,0.02,5,896
R+P,luminal,50,-0.16110704142646384,50,0.06,2,896
R+D,basal,50,-0.5982149587904868,50,0.0,3,896
R+D,her2,50,-0.4464088231242922,50,0.02,6,896
R+D,luminal,50,-0.3420143544546174,50,0.02,0,896
R+P+D,basal,50,-0.45934954736521505,50,0.0,2,896
R+P+D,her2,50,-0.41749918954425264,50,0.02,5,896
R+P+D,luminal,50,-0.27639032985578044,50,0.02,2,896
R,basal,50,-0.5920854797046864,50,0.0,1,897
R,her2,50,-0.370669110024908,50,0.02,5,897
R,luminal,50,-0.13294045287514028,50,0.04,3,897
R+P,basal,50,-0.3666542818313201,50,0.0,1,897
R+P,her2,50,-0.34390890504027744,50,0.04,2,897
R+P,luminal,50,-0.12286072594166532,50,0.04,1,897
R+D,basal,50,-0.7077060665672116,50,0.0,3,897
R+D,her2,50,-0.4683839147907641,50,0.02,4,897
R+D,luminal,50,-0.31179867334714806,50,0.04,1,897
R+P+D,basal,50,-0.6005166672614431,50,0.0,0,897
R+P+D,her2,50,-0.43550325220096864,50,0.04,4,897
R+P+D,luminal,50,-0.19042308584509723,50,0.04,1,897
R,basal,50,-0.4109311838210645,50,0.0,0,898
R,her2,50,-0.43276112512410136,50,0.02,3,898
R,luminal,50,-0.17448919268575216,50,0.04,1,898
R+P,basal,50,-0.3215661330853844,50,0.0,1,898
R+P,her2,50,-0.19507311152610413,50,0.02,2,898
R+P,luminal,50,-0.11590841707011947,50,0.04,1,898
R+D,basal,50,-0.49328299817883464,50,0.0,0,898
R+D,her2,50,-0.5976675103160364,50,0.04,9,898
R+D,luminal,50,-0.37669507342813935,50,0.02,2,898
R+P+D,basal,50,-0.44710402825670825,50,0.0,1,898
R+P+D,her2,50,-0.3920772512260114,50,0.02,6,898
R+P+D,luminal,50,-0.35145031438781293,50,0.02,2,898
R,basal,50,-0.5195720117537188,50,0.0,3,899
R,her2,50,-0.38235518939475044,50,0.04,6,899
R,luminal,50,-0.1356278278371716,50,0.04,1,899
R+P,basal,50,-0.42735300198829423,50,0.0,2,899
R+P,her2,50,-0.1675365577954581,50,0.02,6,899
R+P,luminal,50,-0.13428354863650177,50,0.04,1,899
R+D,basal,50,-0.6791027761694872,50,0.0,4,899
R+D,her2,50,-0.5503784063476026,50,0.04,11,899
R+D,luminal,50,-0.3880720479304555,50,0.02,1,899
R+P+D,basal,50,-0.541316293146494,50,0.0,4,899
R+P+D,her2,50,-0.374041241450433,50,0.02,4,899
R+P+D,luminal,50,-0.3927110708029214,50,0.04,3,899
R,basal,50,-0.42664814092966835,50,0.0,1,900
R,her2,50,-0.6762254057216098,50,0.02,6,900
R,luminal,50,-0.10664264419630397,50,0.04,1,900
R+P,basal,50,-0.31837673363189994,50,0.0,1,900
R+P,her2,50,-0.5376425458800428,50,0.02,4,900
R+P,luminal,50,-0.09627324399051648,50,0.04,2,900
R+D,basal,50,-0.6375245304119546,50,0.0,2,900
R+D,her2,50,-0.6001897480083236,50,0.02,7,900
R+D,luminal,50,-0.227713342727062,50,0.02,1,900
R+P+D,basal,50,-0.4994226789817139,50,0.0,1,900
R+P+D,her2,50,-0.5545098255536414,50,0.02,5,900
R+P+D,luminal,50,-0.18693040522742574,50,0.02,1,900
R,basal,50,-0.44347190850210494,50,0.0,0,901
R,her2,50,-0.48636313456938907,50,0.02,4,901
R,luminal,50,-0.12432726715579502,50,0.04,3,901
R+P,basal,50,-0.25958294022413947,50,0.0,0,901
R+P,her2,50,-0.3009109025496595,50,0.02,4,901
R+P,luminal,50,-0.16946347581900084,50,0.06,4,901
R+D,basal,50,-0.6829875474999031,50,0.0,2,901
R+D,her2,50,-0.4268821229693536,50,0.02,4,901
R+D,luminal,50,-0.17359353020618112,50,0.02,1,901
R+P+D,basal,50,-0.3583535320886779,50,0.0,0,901
R+P+D,her2,50,-0.3658164622740319,50,0.02,4,901
R+P+D,luminal,50,-0.11003910461882707,50,0.02,1,901
R,basal,50,-0.5187982535400079,50,0.0,0,902
R,her2,50,-0.3971656515012617,50,0.02,8,902
R,luminal,50,-0.16657373015071075,50,0.04,1,902
R+P,basal,50,-0.3233807614183731,50,0.0,4,902
R+P,her2,50,-0.4023478870247013,50,0.02,4,902
R+P,luminal,50,-0.13990481359411003,50,0.04,1,902
R+D,basal,50,-0.5636690443972117,50,0.0,2,902
R+D,her2,50,-0.41071666473936785,50,0.02,5,902
R+D,luminal,50,-0.323373215585458,50,0.04,2,902
R+P+D,basal,50,-0.5571297140513628,50,0.0,3,902
R+P+D,her2,50,-0.4149511800785764,50,0.02,4,902
R+P+D,luminal,50,-0.28517819355935914,50,0.04,1,902
R,basal,50,-0.6834288990485861,50,0.0,0,903
R,her2,50,-0.3221347818118192,50,0.04,5,903
R,luminal,50,-0.1701513568491262,50,0.04,2,903
R+P,basal,50,-0.4990170169282703,50,0.0,1,903
R+P,her2,50,-0.20401557583085927,50,0.02,4,903
R+P,luminal,50,-0.19536299269347132,50,0.04,0,903
R+D,basal,50,-0.6143051757591438,50,0.0,1,903
R+D,her2,50,-0.3779946315932134,50,0.04,5,903
R+D,luminal,50,-0.36695803965768115,50,0.04,1,903
R+P+D,basal,50,-0.7248342666796733,50,0.0,0,903
R+P+D,her2,50,-0.4120279772312108,50,0.02,5,903
R+P+D,luminal,50,-0.32212792455038547,50,0.04,1,903
R,basal,50,-0.5305064875456597,50,0.0,1,904
R,her2,50,-0.1933245100658307,50,0.02,5,904
R,luminal,50,-0.13984924771019455,50,0.04,4,904
R+P,basal,50,-0.39008174551081437,50,0.0,1,904
R+P,her2,50,-0.22917547014182882,50,0.04,3,904
R+P,luminal,50,-0.16493555249785402,50,0.04,1,904
R+D,basal,50,-0.6312823479300975,50,0.0,1,904
R+D,her2,50,-0.46622971885787146,50,0.02,5,904
R+D,luminal,50,-0.326133183561083,50,0.02,1,904
R+P+D,basal,50,-0.385101854409068,50,0.0,0,904
R+P+D,her2,50,-0.3308675751340057,50,0.04,6,904
R+P+D,luminal,50,-0.26740181719026757,50,0.02,1,904
R,basal,50,-0.3861309494807717,50,0.0,0,905
R,her2,50,-0.3554856456783888,50,0.02,8,905
R,luminal,50,-0.16096167214483792,50,0.04,2,905
R+P,basal,50,-0.2428866829934436,50,0.0,0,905
R+P,her2,50,-0.30876287852463824,50,0.02,4,905
R+P,luminal,50,-0.1319284314753857,50,0.04,3,905
R+D,basal,50,-0.5525183883229979,50,0.0,1,905
R+D,her2,50,-0.509357022947093,50,0.02,6,905
R+D,luminal,50,-0.3089889965149608,50,0.02,2,905
R+P+D,basal,50,-0.4025582706321197,50,0.0,0,905
R+P+D,her2,50,-0.48105662153209816,50,0.02,5,905
R+P+D,luminal,50,-0.23051358892690396,50,0.02,2,905
R,basal,50,-0.5048141165843597,50,0.0,0,906
R,her2,50,-0.46341606396731144,50,0.02,10,906
R,luminal,50,-0.15054340158822493,50,0.04,1,906
R+P,basal,50,-0.20975972919616126,50,0.0,2,906
R+P,her2,50,-0.3753027670383702,50,0.02,4,906
R+P,luminal,50,-0.17474933781163962,50,0.06,2,906
R+D,basal,50,-0.6229950641044971,50,0.0,1,906
R+D,her2,50,-0.5633932481476893,50,0.02,4,906
R+D,luminal,50,-0.31200312680495784,50,0.04,2,906
R+P+D,basal,50,-0.2930512569054187,50,0.0,1,906
R+P+D,her2,50,-0.5461737382772563,50,0.02,4,906
R+P+D,luminal,50,-0.2608721953985524,50,0.04,1,906
R,basal,50,-0.5144044360316126,50,0.0,0,907
R,her2,50,-0.28972666250067997,50,0.02,7,907
R,luminal,50,-0.1447542241383089,50,0.04,3,907
R+P,basal,50,-0.43025080162193435,50,0.0,2,907
R+P,her2,50,-0.22028729328572477,50,0.02,4,907
R+P,luminal,50,-0.13021267455537577,50,0.04,1,907
R+D,basal,50,-0.6508339616524836,50,0.0,2,907
R+D,her2,50,-0.40483250085972405,50,0.02,7,907
R+D,luminal,50,-0.2713863746786075,50,0.04,1,907
R+P+D,basal,50,-0.5909944757652381,50,0.0,1,907
R+P+D,her2,50,-0.330979460053525,50,0.02,3,907
R+P+D,luminal,50,-0.1930828327854565,50,0.04,1,907
R,basal,50,-0.6570140536126378,50,0.0,2,908
R,her2,50,-0.35065709352806834,50,0.02,3,908
R,luminal,50,-0.14725487066236045,50,0.06,1,908
R+P,basal,50,-0.49764975038903275,50,0.0,3,908
R+P,her2,50,-0.2555099054121464,50,0.02,3,908
R+P,luminal,50,-0.1151227880344429,50,0.04,0,908
R+D,basal,50,-0.7747644339253914,50,0.0,1,908
R+D,her2,50,-0.5847678266042705,50,0.02,7,908
R+D,luminal,50,-0.19033282456480868,50,0.04,0,908
R+P+D,basal,50,-0.6274868643735337,50,0.0,1,908
R+P+D,her2,50,-0.3956963301490597,50,0.02,5,908
R+P+D,luminal,50,-0.2372175124949468,50,0.04,1,908
R,basal,50,-0.41475046959006856,50,0.0,1,909
R,her2,50,-0.29040750843140983,50,0.02,5,909
R,luminal,50,-0.1364103674753557,50,0.04,2,909
R+P,basal,50,-0.2265517795602549,50,0.0,1,909
R+P,her2,50,-0.1691398077206249,50,0.02,3,909
R+P,luminal,50,-0.12218480641489636,50,0.04,2,909
R+D,basal,50,-0.6467438515665295,50,0.0,2,909
R+D,her2,50,-0.5462118141057946,50,0.02,5,909
R+D,luminal,50,-0.33115280617778775,50,0.02,1,909
R+P+D,basal,50,-0.4550600789836246,50,0.0,1,909
R+P+D,her2,50,-0.45867592609900987,50,0.02,4,909
R+P+D,luminal,50,-0.22432689085734647,50,0.02,2,909
R,basal,50,-0.6801357183939812,50,0.0,5,910
R,her2,50,-0.3626367931370861,50,0.02,5,910
R,luminal,50,-0.1436610740329554,50,0.04,1,910
R+P,basal,50,-0.685619558345666,50,0.0,2,910
R+P,her2,50,-0.45340656413630565,50,0.04,3,910
R+P,luminal,50,-0.09831010041450522,50,0.04,1,910
R+D,basal,50,-0.6826782444083996,50,0.0,3,910
R+D,her2,50,-0.5073220812226192,50,0.02,7,910
R+D,luminal,50,-0.2816683611066315,50,0.02,1,910
R+P+D,basal,50,-0.7475194303656612,50,0.0,1,910
R+P+D,her2,50,-0.5216471781761481,50,0.02,5,910
R+P+D,luminal,50,-0.19446873629280126,50,0.02,1,910
R,basal,50,-0.4092737493337056,50,0.0,1,911
R,her2,50,-0.4074272933403043,50,0.04,7,911
R,luminal,50,-0.1467405868642938,50,0.04,1,911
R+P,basal,50,-0.27252105004403915,50,0.0,2,911
R+P,her2,50,-0.27823875184447416,50,0.02,3,911
R+P,luminal,50,-0.11361064196070486,50,0.04,1,911
R+D,basal,50,-0.6404152644224917,50,0.0,2,911
R+D,her2,50,-0.5825081272403646,50,0.02,6,911
R+D,luminal,50,-0.31662445398872585,50,0.02,1,911
R+P+D,basal,50,-0.45491127204646836,50,0.0,1,911
R+P+D,her2,50,-0.4496419830388605,50,0.02,5,911
R+P+D,luminal,50,-0.25492094193963744,50,0.02,2,911
R,basal,50,-0.7219705983837765,50,0.0,4,912
R,her2,50,-0.5508417930934396,50,0.04,10,912
R,luminal,50,-0.11349951694338392,50,0.04,1,912
R+P,basal,50,-0.5382988269916928,50,0.0,2,912
R+P,her2,50,-0.3515559347479866,50,0.02,5,912
R+P,luminal,50,-0.1245288467930036,50,0.06,1,912
R+D,basal,50,-0.6609386566165704,50,0.0,1,912
R+D,her2,50,-0.6722502401803121,50,0.04,11,912
R+D,luminal,50,-0.35116236627895303,50,0.02,1,912
R+P+D,basal,50,-0.6008854065834094,50,0.0,2,912
R+P+D,her2,50,-0.47621164738242555,50,0.02,7,912
R+P+D,luminal,50,-0.22476955829742362,50,0.02,2,912
R,basal,50,-0.602951169824494,50,0.0,0,913
R,her2,50,-0.43441324403149134,50,0.0,3,913
R,luminal,50,-0.14128924049844382,50,0.04,3,913
R+P,basal,50,-0.3774442773342939,50,0.0,0,913
R+P,her2,50,-0.34386924920243733,50,0.02,4,913
R+P,luminal,50,-0.14865879208273344,50,0.04,2,913
R+D,basal,50,-0.7044205229964633,50,0.0,2,913
R+D,her2,50,-0.5537364270788185,50,0.02,6,913
R+D,luminal,50,-0.1654005611745199,50,0.02,0,913
R+P+D,basal,50,-0.5742611026492498,50,0.0,1,913
R+P+D,her2,50,-0.4080605081185203,50,0.02,3,913
R+P+D,luminal,50,-0.13805688955967027,50,0.02,2,913
R,basal,50,-0.5573115997830654,50,0.0,0,914
R,her2,50,-0.35932855091192883,50,0.02,6,914
R,luminal,50,-0.1577035802078454,50,0.04,1,914
R+P,basal,50,-0.4332403700042409,50,0.0,1,914
R+P,her2,50,-0.3741368518221536,50,0.02,5,914
R+P,luminal,50,-0.14143112265490035,50,0.04,1,914
R+D,basal,50,-0.6961421922435573,50,0.0,1,914
R+D,her2,50,-0.6326339406579445,50,0.02,8,914
R+D,luminal,50,-0.19550503862102184,50,0.02,1,914
R+P+D,basal,50,-0.5157788243086313,50,0.0,0,914
R+P+D,her2,50,-0.3323897175247997,50,0.02,5,914
R+P+D,luminal,50,-0.15826835999016833,50,0.02,1,914
R,basal,50,-0.45427467280156997,50,0.0,1,915
R,her2,50,-0.41051583012846443,50,0.02,7,915
R,luminal,50,-0.11825153812184835,50,0.04,1,915
R+P,basal,50,-0.2615279728125267,50,0.0,2,915
R+P,her2,50,-0.29272290451393684,50,0.02,2,915
R+P,luminal,50,-0.14494660613771612,50,0.04,2,915
R+D,basal,50,-0.5582328587229213,50,0.0,0,915
R+D,her2,50,-0.5721332619986433,50,0.02,5,915
R+D,luminal,50,-0.17356511013926126,50,0.02,0,915
R+P+D,basal,50,-0.36954597810719714,50,0.0,1,915
R+P+D,her2,50,-0.49183069245584704,50,0.02,4,915
R+P+D,luminal,50,-0.20529951028596893,50,0.02,1,915
R,basal,50,-0.6139072090110829,50,0.0,0,916
R,her2,50,-0.28589443001988546,50,0.04,5,916
R,luminal,50,-0.12198897063689407,50,0.04,3,916
R+P,basal,50,-0.6003802283632046,50,0.0,2,916
R+P,her2,50,-0.16277866512339517,50,0.04,3,916
R+P,luminal,50,-0.0865940823529698,50,0.04,1,916
R+D,basal,50,-0.7332843679658952,50,0.0,2,916
R+D,her2,50,-0.40222444441652877,50,0.02,3,916
R+D,luminal,50,-0.24263376065935083,50,0.04,1,916
R+P+D,basal,50,-0.7301367711557186,50,0.0,2,916
R+P+D,her2,50,-0.315201645681636,50,0.04,3,916
R+P+D,luminal,50,-0.1587779655699468,50,0.04,1,916
R,basal,50,-0.5404279635155326,50,0.0,1,917
R,her2,50,-0.4130867366901343,50,0.02,7,917
R,luminal,50,-0.16960549100783992,50,0.06,2,917
R+P,basal,50,-0.47254060355121746,50,0.0,1,917
R+P,her2,50,-0.44457269363406865,50,0.04,6,917
R+P,luminal,50,-0.16307511573716538,50,0.06,3,917
R+D,basal,50,-0.5956298954098381,50,0.0,2,917
R+D,her2,50,-0.5332328025251742,50,0.02,4,917
R+D,luminal,50,-0.28874238127405366,50,0.04,1,917
R+P+D,basal,50,-0.6162938799076559,50,0.0,2,917
R+P+D,her2,50,-0.48731214914222376,50,0.02,4,917
R+P+D,luminal,50,-0.27508720378052504,50,0.04,1,917
R,basal,50,-0.6812038295094258,50,0.0,1,918
R,her2,50,-0.21977769259736554,50,0.02,5,918
R,luminal,50,-0.17713613147270169,50,0.04,1,918
R+P,basal,50,-0.461234281030403,50,0.0,1,918
R+P,her2,50,-0.26098719064153153,50,0.04,4,918
R+P,luminal,50,-0.16213710037176732,50,0.06,1,918
R+D,basal,50,-0.6578626767057695,50,0.0,3,918
R+D,her2,50,-0.29295066926397445,50,0.02,8,918
R+D,luminal,50,-0.38543660007682623,50,0.02,1,918
R+P+D,basal,50,-0.5584671466611089,50,0.0,2,918
R+P+D,her2,50,-0.3607823318107459,50,0.02,4,918
R+P+D,luminal,50,-0.33188714281803783,50,0.02,2,918
R,basal,50,-0.5230785260900259,50,0.0,1,919
R,her2,50,-0.25119737398514935,50,0.02,7,919
R,luminal,50,-0.16243216043330555,50,0.04,1,919
R+P,basal,50,-0.4376593430992313,50,0.0,2,919
R+P,her2,50,-0.20526106707899072,50,0.04,2,919
R+P,luminal,50,-0.12887869206966499,50,0.04,2,919
R+D,basal,50,-0.612885927292254,50,0.0,2,919
R+D,her2,50,-0.41128888729528634,50,0.02,5,919
R+D,luminal,50,-0.4292351391573031,50,0.04,2,919
R+P+D,basal,50,-0.5223288219884951,50,0.0,2,919
R+P+D,her2,50,-0.3779351144725868,50,0.02,5,919
R+P+D,luminal,50,-0.34113098741166253,50,0.04,2,919
R,basal,50,-0.604018164980694,50,0.0,1,920
R,her2,50,-0.2872916307992035,50,0.02,9,920
R,luminal,50,-0.17808053570346152,50,0.04,1,920
R+P,basal,50,-0.4311015203392065,50,0.0,0,920
R+P,her2,50,-0.3413618794661577,50,0.02,2,920
R+P,luminal,50,-0.10872292511462932,50,0.04,2,920
R+D,basal,50,-0.7161651689194862,50,0.0,1,920
R+D,her2,50,-0.3804462113743927,50,0.02,4,920
R+D,luminal,50,-0.3439336864563337,50,0.04,1,920
R+P+D,basal,50,-0.6365013886286728,50,0.0,1,920
R+P+D,her2,50,-0.4505016065109669,50,0.02,4,920
R+P+D,luminal,50,-0.2716024982103804,50,0.04,1,920
R,basal,50,-0.5982265906815555,50,0.0,1,921
R,her2,50,-0.4197286621014406,50,0.04,7,921
R,luminal,50,-0.1520041892422492,50,0.06,2,921
R+P,basal,50,-0.2433958924091639,50,0.0,2,921
R+P,her2,50,-0.2703225005264735,50,0.02,5,921
R+P,luminal,50,-0.17626525288365666,50,0.06,3,921
R+D,basal,50,-0.6546401846737071,50,0.0,2,921
R+D,her2,50,-0.5095242198749207,50,0.02,10,921
R+D,luminal,50,-0.20942318950061786,50,0.02,1,921
R+P+D,basal,50,-0.4308117195035408,50,0.0,2,921
R+P+D,her2,50,-0.3330749354796849,50,0.02,7,921
R+P+D,luminal,50,-0.17319176724914376,50,0.02,1,921
R,basal,50,-0.5814613871420522,50,0.0,1,922
R,her2,50,-0.41493745494574563,50,0.0,6,922
R,luminal,50,-0.11481401651533592,50,0.04,1,922
R+P,basal,50,-0.3263824877461578,50,0.0,2,922
R+P,her2,50,-0.2296958238741615,50,0.0,1,922
R+P,luminal,50,-0.14661633939701044,50,0.04,0,922
R+D,basal,50,-0.5951425913305424,50,0.0,0,922
R+D,her2,50,-0.5876990287367178,50,0.04,6,922
R+D,luminal,50,-0.2935066554451905,50,0.04,0,922
R+P+D,basal,50,-0.5387488776678464,50,0.0,1,922
R+P+D,her2,50,-0.4704461386760749,50,0.02,4,922
R+P+D,luminal,50,-0.27965472534686114,50,0.04,1,922
R,basal,50,-0.49372509235191875,50,0.0,1,923
R,her2,50,-0.2941586009360668,50,0.02,7,923
R,luminal,50,-0.20194607954352256,50,0.04,1,923
R+P,basal,50,-0.39857201969030626,50,0.0,2,923
R+P,her2,50,-0.20857908735919775,50,0.02,1,923
R+P,luminal,50,-0.10700142196998808,50,0.04,1,923
R+D,basal,50,-0.656060682472296,50,0.0,3,923
R+D,her2,50,-0.5012226161525445,50,0.02,5,923
R+D,luminal,50,-0.4002713769915492,50,0.04,2,923
R+P+D,basal,50,-0.5683066521839586,50,0.0,3,923
R+P+D,her2,50,-0.3615531520015716,50,0.02,3,923
R+P+D,luminal,50,-0.3115034269259622,50,0.04,2,923
R,basal,50,-0.6359093771865145,50,0.0,0,924
R,her2,50,-0.2979863520368787,50,0.04,4,924
R,luminal,50,-0.1828738057235517,50,0.06,3,924
R+P,basal,50,-0.41925491506117163,50,0.0,1,924
R+P,her2,50,-0.1912892259621227,50,0.04,5,924
R+P,luminal,50,-0.14541041871750682,50,0.06,1,924
R+D,basal,50,-0.7112101874775183,50,0.0,2,924
R+D,her2,50,-0.5618758675739742,50,0.02,9,924
R+D,luminal,50,-0.33358255644283796,50,0.02,2,924
R+P+D,basal,50,-0.4659884348335972,50,0.0,3,924
R+P+D,her2,50,-0.46289843356730304,50,0.02,5,924
R+P+D,luminal,50,-0.3110852226240035,50,0.04,3,924
R,basal,50,-0.6381902628411089,50,0.0,0,925
R,her2,50,-0.3635190991741314,50,0.04,6,925
R,luminal,50,-0.11335244325331616,50,0.04,3,925
R+P,basal,50,-0.36327814297836936,50,0.0,0,925
R+P,her2,50,-0.20774301765897774,50,0.02,2,925
R+P,luminal,50,-0.1707264497157353,50,0.06,2,925
R+D,basal,50,-0.760341928561976,50,0.0,1,925
R+D,her2,50,-0.39625610909365716,50,0.02,3,925
R+D,luminal,50,-0.23513085021485464,50,0.04,2,925
R+P+D,basal,50,-0.4870161232024661,50,0.0,1,925
R+P+D,her2,50,-0.3971289530975027,50,0.02,2,925
R+P+D,luminal,50,-0.15661725460154968,50,0.04,2,925
R,basal,50,-0.599379016286542,50,0.0,1,926
R,her2,50,-0.33573365814027967,50,0.02,5,926
R,luminal,50,-0.1589955493294436,50,0.06,2,926
R+P,basal,50,-0.23732931881547906,50,0.0,1,926
R+P,her2,50,-0.2648430427267663,50,0.04,1,926
R+P,luminal,50,-0.15379303276181477,50,0.04,0,926
R+D,basal,50,-0.6120705473512348,50,0.0,1,926
R+D,her2,50,-0.3835880209373893,50,0.02,4,926
R+D,luminal,50,-0.40512898146472665,50,0.04,1,926
R+P+D,basal,50,-0.4390879897764362,50,0.0,0,926
R+P+D,her2,50,-0.3928337636805852,50,0.02,3,926
R+P+D,luminal,50,-0.29146069972265937,50,0.06,1,926
R,basal,50,-0.5100576195349918,50,0.0,2,927
R,her2,50,-0.2909693112946815,50,0.02,6,927
R,luminal,50,-0.15087767612750722,50,0.04,2,927
R+P,basal,50,-0.47918443590353066,50,0.0,4,927
R+P,her2,50,-0.2233720767565542,50,0.02,4,927
R+P,luminal,50,-0.13049147320291501,50,0.04,1,927
R+D,basal,50,-0.551803734663395,50,0.0,4,927
R+D,her2,50,-0.49300287328006087,50,0.02,5,927
R+D,luminal,50,-0.3469367362769398,50,0.04,1,927
R+P+D,basal,50,-0.5545062681814137,50,0.0,4,927
R+P+D,her2,50,-0.34665610975445327,50,0.02,4,927
R+P+D,luminal,50,-0.2946621458068379,50,0.04,1,927
R,basal,50,-0.550540964045906,50,0.0,2,928
R,her2,50,-0.341234639688054,50,0.02,5,928
R,luminal,50,-0.13013210876069975,50,0.04,2,928
R+P,basal,50,-0.5473033026678532,50,0.0,2,928
R+P,her2,50,-0.30300254085293504,50,0.04,3,928
R+P,luminal,50,-0.11351851576201391,50,0.04,2,928
R+D,basal,50,-0.7412334180612641,50,0.0,2,928
R+D,her2,50,-0.40811202964330995,50,0.02,5,928
R+D,luminal,50,-0.32316766034497346,50,0.04,1,928
R+P+D,basal,50,-0.6055713543919566,50,0.0,2,928
R+P+D,her2,50,-0.34817736255723725,50,0.02,4,928
R+P+D,luminal,50,-0.28315517347830094,50,0.04,3,928
R,basal,50,-0.7652413346774345,50,0.0,2,929
R,her2,50,-0.36610398899441393,50,0.02,10,929
R,luminal,50,-0.18077219586099574,50,0.04,1,929
R+P,basal,50,-0.4642620640402943,50,0.0,2,929
R+P,her2,50,-0.3084018946491483,50,0.02,5,929
R+P,luminal,50,-0.12634341302946683,50,0.04,2,929
R+D,basal,50,-0.684181229145788,50,0.0,0,929
R+D,her2,50,-0.44245691592770714,50,0.02,5,929
R+D,luminal,50,-0.25226048443622856,50,0.04,1,929
R+P+D,basal,50,-0.6241248226893991,50,0.0,3,929
R+P+D,her2,50,-0.39434789620102684,50,0.02,3,929
R+P+D,luminal,50,-0.20725107052355932,50,0.04,1,929
R,basal,50,-0.32652827776367177,50,0.0,0,930
R,her2,50,-0.32622854615708,50,0.02,4,930
R,luminal,50,-0.10578202380394497,50,0.04,1,930
R+P,basal,50,-0.23637863219532673,50,0.0,0,930
R+P,her2,50,-0.24088223764936514,50,0.02,1,930
R+P,luminal,50,-0.12421365983816485,50,0.04,1,930
R+D,basal,50,-0.6979785023587374,50,0.0,1,930
R+D,her2,50,-0.47519390625328894,50,0.02,3,930
R+D,luminal,50,-0.4393021208254951,50,0.02,1,930
R+P+D,basal,50,-0.2966368585907184,50,0.0,1,930
R+P+D,her2,50,-0.49032123415067674,50,0.02,3,930
R+P+D,luminal,50,-0.3183008565569474,50,0.02,1,930
R,basal,50,-0.4890520339647674,50,0.0,3,931
R,her2,50,-0.36567289522249785,50,0.02,6,931
R,luminal,50,-0.14383347238831518,50,0.04,1,931
R+P,basal,50,-0.3908081840502275,50,0.0,1,931
R+P,her2,50,-0.3271332931075397,50,0.02,2,931
R+P,luminal,50,-0.1533813753664164,50,0.04,1,931
R+D,basal,50,-0.6083375948213314,50,0.0,4,931
R+D,her2,50,-0.46129878928327017,50,0.02,3,931
R+D,luminal,50,-0.2568187472476202,50,0.02,2,931
R+P+D,basal,50,-0.5479459202295991,50,0.0,3,931
R+P+D,her2,50,-0.42763428039971624,50,0.02,3,931
R+P+D,luminal,50,-0.2026530608157616,50,0.02,2,931
R,basal,50,-0.4984636531355615,50,0.0,0,932
R,her2,50,-0.2888808254277032,50,0.02,7,932
R,luminal,50,-0.13087103764670607,50,0.06,1,932
R+P,basal,50,-0.27010801812547897,50,0.0,1,932
R+P,her2,50,-0.09704410287065658,50,0.02,4,932
R+P,luminal,50,-0.0955602473645515,50,0.04,1,932
R+D,basal,50,-0.6708186374010358,50,0.0,4,932
R+D,her2,50,-0.37333020190141875,50,0.02,7,932
R+D,luminal,50,-0.26823057909984926,50,0.02,1,932
R+P+D,basal,50,-0.5383440061647311,50,0.0,1,932
R+P+D,her2,50,-0.20806407031316318,50,0.02,3,932
R+P+D,luminal,50,-0.16336779648751512,50,0.02,0,932
R,basal,50,-0.43627117813908467,50,0.0,0,933
R,her2,50,-0.3750572938114444,50,0.02,6,933
R,luminal,50,-0.15151722947069865,50,0.06,1,933
R+P,basal,50,-0.30250020568048364,50,0.0,2,933
R+P,her2,50,-0.25745196545682175,50,0.02,4,933
R+P,luminal,50,-0.15947798043948985,50,0.04,2,933
R+D,basal,50,-0.5570009371008904,50,0.0,0,933
R+D,her2,50,-0.44511039829647847,50,0.02,6,933
R+D,luminal,50,-0.3938058169759312,50,0.02,1,933
R+P+D,basal,50,-0.4097351123809053,50,0.0,1,933
R+P+D,her2,50,-0.40402603454182207,50,0.02,5,933
R+P+D,luminal,50,-0.35261335572905367,50,0.02,2,933
R,basal,50,-0.423907238706324,50,0.0,0,934
R,her2,50,-0.38924585160541125,50,0.02,6,934
R,luminal,50,-0.14322190372876306,50,0.04,1,934
R+P,basal,50,-0.37750153697169075,50,0.0,1,934
R+P,her2,50,-0.3655016178276745,50,0.02,6,934
R+P,luminal,50,-0.1403673309076971,50,0.04,1,934
R+D,basal,50,-0.6709661622078564,50,0.0,2,934
R+D,her2,50,-0.57401103442301,50,0.02,3,934
R+D,luminal,50,-0.26930385931574163,50,0.02,1,934
R+P+D,basal,50,-0.590769536237353,50,0.0,1,934
R+P+D,her2,50,-0.48493631480813837,50,0.02,5,934
R+P+D,luminal,50,-0.2795220366150997,50,0.04,1,934
R,basal,50,-0.6404227346024625,50,0.0,2,935
R,her2,50,-0.2952766350300975,50,0.02,5,935
R,luminal,50,-0.1547669384498734,50,0.04,3,935
R+P,basal,50,-0.5136632103945378,50,0.0,2,935
R+P,her2,50,-0.21308986668211932,50,0.04,2,935
R+P,luminal,50,-0.16903292324657102,50,0.04,1,935
R+D,basal,50,-0.6834572282528627,50,0.0,0,935
R+D,her2,50,-0.34279490172517524,50,0.02,3,935
R+D,luminal,50,-0.29484637963837734,50,0.04,1,935
R+P+D,basal,50,-0.5869789337871474,50,0.0,1,935
R+P+D,her2,50,-0.2926022801441544,50,0.02,4,935
R+P+D,luminal,50,-0.22202589379239746,50,0.04,0,935
R,basal,50,-0.4457973918741765,50,0.0,1,936
R,her2,50,-0.5373169182737968,50,0.04,8,936
R,luminal,50,-0.12969704122633516,50,0.04,3,936
R+P,basal,50,-0.2540735685776558,50,0.0,2,936
R+P,her2,50,-0.35912046423223537,50,0.02,4,936
R+P,luminal,50,-0.10073333611424415,50,0.04,2,936
R+D,basal,50,-0.7162644250810019,50,0.0,3,936
R+D,her2,50,-0.4424350582599088,50,0.04,6,936
R+D,luminal,50,-0.3650486383492791,50,0.04,2,936
R+P+D,basal,50,-0.4911018607783893,50,0.0,1,936
R+P+D,her2,50,-0.5197913864986208,50,0.02,3,936
R+P+D,luminal,50,-0.35023419351332613,50,0.04,2,936
R,basal,50,-0.6346984957812755,50,0.0,1,937
R,her2,50,-0.39414521937596425,50,0.02,5,937
R,luminal,50,-0.10067409521617593,50,0.04,2,937
R+P,basal,50,-0.34703419904819055,50,0.0,2,937
R+P,her2,50,-0.24455128894133493,50,0.02,3,937
R+P,luminal,50,-0.09824218432478225,50,0.04,1,937
R+D,basal,50,-0.6339142050012939,50,0.0,2,937
R+D,her2,50,-0.4754404793059745,50,0.02,5,937
R+D,luminal,50,-0.2568013605339034,50,0.02,2,937
R+P+D,basal,50,-0.39622647051036464,50,0.0,1,937
R+P+D,her2,50,-0.37570948538484294,50,0.02,4,937
R+P+D,luminal,50,-0.24539466276716368,50,0.02,1,937
R,basal,50,-0.5810275804147368,50,0.0,0,938
R,her2,50,-0.37077329352620636,50,0.02,8,938
R,luminal,50,-0.14680124819086499,50,0.06,3,938
R+P,basal,50,-0.49568289718086533,50,0.0,2,938
R+P,her2,50,-0.247599113996711,50,0.02,4,938
R+P,luminal,50,-0.12420156013515542,50,0.08,2,938
R+D,basal,50,-0.6752161952142202,50,0.0,1,938
R+D,her2,50,-0.47646482425490694,50,0.02,9,938
R+D,luminal,50,-0.37789432318504707,50,0.02,1,938
R+P+D,basal,50,-0.597390589789625,50,0.0,1,938
R+P+D,her2,50,-0.34516733552021245,50,0.02,5,938
R+P+D,luminal,50,-0.2453741252363504,50,0.02,1,938
R,basal,50,-0.5174938498798651,50,0.0,0,939
R,her2,50,-0.3936255866594206,50,0.02,4,939
R,luminal,50,-0.13558569183272298,50,0.04,4,939
R+P,basal,50,-0.33233612751968855,50,0.0,2,939
R+P,her2,50,-0.18474390046993214,50,0.02,2,939
R+P,luminal,50,-0.2061561007235008,50,0.04,2,939
R+D,basal,50,-0.635003510936715,50,0.0,1,939
R+D,her2,50,-0.47526051493437954,50,0.02,4,939
R+D,luminal,50,-0.3146563152389393,50,0.04,2,939
R+P+D,basal,50,-0.4004569908555053,50,0.0,1,939
R+P+D,her2,50,-0.4075361834149422,50,0.02,1,939
R+P+D,luminal,50,-0.24932053427638418,50,0.04,1,939
R,basal,50,-0.7335794293870715,50,0.0,3,940
R,her2,50,-0.39819685502324303,50,0.04,9,940
R,luminal,50,-0.15345502158244936,50,0.04,1,940
R+P,basal,50,-0.561503162035781,50,0.0,0,940
R+P,her2,50,-0.4154931016065592,50,0.02,5,940
R+P,luminal,50,-0.1432025693001289,50,0.06,2,940
R+D,basal,50,-0.6585267266842904,50,0.0,3,940
R+D,her2,50,-0.5803177197146614,50,0.02,9,940
R+D,luminal,50,-0.24387725799323498,50,0.04,0,940
R+P+D,basal,50,-0.6300485794862586,50,0.0,0,940
R+P+D,her2,50,-0.5040173338643257,50,0.02,7,940
R+P+D,luminal,50,-0.2068658035807388,50,0.04,0,940
R,basal,50,-0.5395221027461398,50,0.0,0,941
R,her2,50,-0.1972772641755247,50,0.02,3,941
R,luminal,50,-0.14848054089525003,50,0.04,3,941
R+P,basal,50,-0.3780832340091785,50,0.0,2,941
R+P,her2,50,-0.16979003754625158,50,0.02,2,941
R+P,luminal,50,-0.13786202838271008,50,0.04,1,941
R+D,basal,50,-0.5924157925472057,50,0.0,2,941
R+D,her2,50,-0.41691614980406244,50,0.02,4,941
R+D,luminal,50,-0.3917686475668202,50,0.04,1,941
R+P+D,basal,50,-0.4445193769241032,50,0.0,2,941
R+P+D,her2,50,-0.3008052625438533,50,0.02,2,941
R+P+D,luminal,50,-0.3132932385125873,50,0.04,1,941
R,basal,50,-0.4481944983051695,50,0.0,0,942
R,her2,50,-0.39838441787498524,50,0.02,8,942
R,luminal,50,-0.15954940352411462,50,0.06,2,942
R+P,basal,50,-0.15674696484466,50,0.0,0,942
R+P,her2,50,-0.3552955739632057,50,0.02,5,942
R+P,luminal,50,-0.14331738538934238,50,0.06,2,942
R+D,basal,50,-0.5637337378177234,50,0.0,1,942
R+D,her2,50,-0.5599244338793489,50,0.02,7,942
R+D,luminal,50,-0.32955670350101707,50,0.04,0,942
R+P+D,basal,50,-0.4050296984118161,50,0.0,0,942
R+P+D,her2,50,-0.5209955521757968,50,0.02,7,942
R+P+D,luminal,50,-0.2674541328828755,50,0.04,2,942
R,basal,50,-0.47858051229741244,50,0.0,0,943
R,her2,50,-0.3452565756611332,50,0.02,10,943
R,luminal,50,-0.1705236131809196,50,0.04,1,943
R+P,basal,50,-0.3646244248756275,50,0.0,1,943
R+P,her2,50,-0.27856941282653763,50,0.02,5,943
R+P,luminal,50,-0.16823719979373275,50,0.04,1,943
R+D,basal,50,-0.6451890183714764,50,0.0,1,943
R+D,her2,50,-0.4776524561790968,50,0.02,10,943
R+D,luminal,50,-0.36104166041060287,50,0.04,1,943
R+P+D,basal,50,-0.46969901106216383,50,0.0,1,943
R+P+D,her2,50,-0.5378345994041913,50,0.02,5,943
R+P+D,luminal,50,-0.2611387764040333,50,0.04,1,943
R,basal,50,-0.474622255075851,50,0.0,0,944
R,her2,50,-0.36894323721729905,50,0.02,8,944
R,luminal,50,-0.13261528569885964,50,0.04,3,944
R+P,basal,50,-0.37615913451456046,50,0.0,0,944
R+P,her2,50,-0.2897657847830269,50,0.02,5,944
R+P,luminal,50,-0.15255403905983914,50,0.06,2,944
R+D,basal,50,-0.6037139564947477,50,0.0,1,944
R+D,her2,50,-0.5519937429265003,50,0.02,4,944
R+D,luminal,50,-0.3439414978330819,50,0.04,1,944
R+P+D,basal,50,-0.5025504359436543,50,0.0,1,944
R+P+D,her2,50,-0.4351450930916241,50,0.02,4,944
R+P+D,luminal,50,-0.2542910090780327,50,0.04,0,944
R,basal,50,-0.633116668403606,50,0.0,2,945
R,her2,50,-0.29567612246249214,50,0.02,4,945
R,luminal,50,-0.1696535417074807,50,0.06,3,945
R+P,basal,50,-0.3811157989524178,50,0.0,4,945
R+P,her2,50,-0.19737045127179853,50,0.02,3,945
R+P,luminal,50,-0.14258928970982074,50,0.06,3,945
R+D,basal,50,-0.6076175877944464,50,0.0,2,945
R+D,her2,50,-0.4953114386836521,50,0.02,7,945
R+D,luminal,50,-0.30400806482818754,50,0.04,1,945
R+P+D,basal,50,-0.6294603748800857,50,0.0,3,945
R+P+D,her2,50,-0.23945221253429555,50,0.02,3,945
R+P+D,luminal,50,-0.30575576653891423,50,0.04,2,945
R,basal,50,-0.5828655956346284,50,0.0,2,946
R,her2,50,-0.35406498382916346,50,0.04,7,946
R,luminal,50,-0.10385680259486525,50,0.04,1,946
R+P,basal,50,-0.3799681291589883,50,0.0,1,946
R+P,her2,50,-0.3678402842102304,50,0.04,6,946
R+P,luminal,50,-0.11484666380512404,50,0.04,0,946
R+D,basal,50,-0.6663056178506891,50,0.0,4,946
R+D,her2,50,-0.46879744196937956,50,0.04,8,946
R+D,luminal,50,-0.33293974842723684,50,0.04,2,946
R+P+D,basal,50,-0.460680339506761,50,0.0,3,946
R+P+D,her2,50,-0.4883593667654065,50,0.02,4,946
R+P+D,luminal,50,-0.23352798564054172,50,0.04,1,946
R,basal,50,-0.6903486446284465,50,0.0,2,947
R,her2,50,-0.3604518607821469,50,0.02,6,947
R,luminal,50,-0.10249070032420389,50,0.04,3,947
R+P,basal,50,-0.6548246880592246,50,0.0,5,947
R+P,her2,50,-0.25558070171096814,50,0.04,3,947
R+P,luminal,50,-0.15907549373622326,50,0.06,2,947
R+D,basal,50,-0.7162275756867393,50,0.0,2,947
R+D,her2,50,-0.4469786496079176,50,0.02,6,947
R+D,luminal,50,-0.3154618034574346,50,0.04,1,947
R+P+D,basal,50,-0.5703077513532004,50,0.0,2,947
R+P+D,her2,50,-0.37995917182423106,50,0.04,4,947
R+P+D,luminal,50,-0.3175149135583604,50,0.06,2,947
R,basal,50,-0.43174147928172124,50,0.0,1,948
R,her2,50,-0.36987668249025396,50,0.02,3,948
R,luminal,50,-0.14973730512165895,50,0.04,2,948
R+P,basal,50,-0.5576187276830438,50,0.0,1,948
R+P,her2,50,-0.2720700589687498,50,0.02,3,948
R+P,luminal,50,-0.12559550335601646,50,0.04,3,948
R+D,basal,50,-0.6331169589175026,50,0.0,3,948
R+D,her2,50,-0.48041204971175466,50,0.02,8,948
R+D,luminal,50,-0.3217668612126519,50,0.04,1,948
R+P+D,basal,50,-0.5757436070350701,50,0.0,1,948
R+P+D,her2,50,-0.2657051852589027,50,0.02,4,948
R+P+D,luminal,50,-0.23119470702075692,50,0.06,2,948
R,basal,50,-0.552707069180988,50,0.0,2,949
R,her2,50,-0.29105116184508967,50,0.02,5,949
R,luminal,50,-0.1162294306113756,50,0.04,1,949
R+P,basal,50,-0.4356601224894609,50,0.0,1,949
R+P,her2,50,-0.25898595488146114,50,0.04,4,949
R+P,luminal,50,-0.11194868224811479,50,0.04,0,949
R+D,basal,50,-0.6516147280066314,50,0.0,1,949
R+D,her2,50,-0.5355075482171809,50,0.02,6,949
R+D,luminal,50,-0.3591497820842532,50,0.04,1,949
R+P+D,basal,50,-0.48690700471674864,50,0.0,1,949
R+P+D,her2,50,-0.4002449207838547,50,0.02,5,949
R+P+D,luminal,50,-0.20804013139836708,50,0.04,1,949
R,basal,50,-0.5529118711103014,50,0.0,0,950
R,her2,50,-0.1890585285475,50,0.04,9,950
R,luminal,50,-0.14140785124159985,50,0.04,2,950
R+P,basal,50,-0.28816896392450214,50,0.0,1,950
R+P,her2,50,-0.13915081570091473,50,0.02,5,950
R+P,luminal,50,-0.10133812258259547,50,0.04,1,950
R+D,basal,50,-0.6157858564391068,50,0.0,2,950
R+D,her2,50,-0.4313550782267287,50,0.04,10,950
R+D,luminal,50,-0.387715363664301,50,0.04,1,950
R+P+D,basal,50,-0.3998959810293589,50,0.0,0,950
R+P+D,her2,50,-0.2063756231352321,50,0.02,5,950
R+P+D,luminal,50,-0.27542614766811346,50,0.04,2,950
R,basal,50,-0.48881328754413245,50,0.0,0,951
R,her2,50,-0.3132015376372903,50,0.02,8,951
R,luminal,50,-0.1721675745940418,50,0.06,2,951
R+P,basal,50,-0.3762647165258412,50,0.0,1,951
R+P,her2,50,-0.26753704322960137,50,0.02,5,951
R+P,luminal,50,-0.1067917293282591,50,0.04,1,951
R+D,basal,50,-0.5918152584763317,50,0.0,0,951
R+D,her2,50,-0.5285866393693225,50,0.02,10,951
R+D,luminal,50,-0.3253716948730332,50,0.04,1,951
R+P+D,basal,50,-0.5625556273929849,50,0.0,0,951
R+P+D,her2,50,-0.49762288377729935,50,0.02,6,951
R+P+D,luminal,50,-0.26185645688881043,50,0.06,2,951
R,basal,50,-0.474333290689021,50,0.0,1,952
R,her2,50,-0.2859872069501689,50,0.02,8,952
R,luminal,50,-0.1606763775737029,50,0.04,3,952
R+P,basal,50,-0.36460196849284665,50,0.0,1,952
R+P,her2,50,-0.13879252374763765,50,0.02,1,952
R+P,luminal,50,-0.09860622769300983,50,0.04,1,952
R+D,basal,50,-0.648290037140989,50,0.0,3,952
R+D,her2,50,-0.3911262947059448,50,0.02,4,952
R+D,luminal,50,-0.39689274906900324,50,0.04,1,952
R+P+D,basal,50,-0.5842581364192848,50,0.0,2,952
R+P+D,her2,50,-0.304876477899661,50,0.02,3,952
R+P+D,luminal,50,-0.27101473260120623,50,0.04,1,952
R,basal,50,-0.6638160871368681,50,0.0,2,953
R,her2,50,-0.37326074511970164,50,0.04,5,953
R,luminal,50,-0.13086170753381599,50,0.06,1,953
R+P,basal,50,-0.49537784916454164,50,0.0,2,953
R+P,her2,50,-0.24597309512872523,50,0.02,4,953
R+P,luminal,50,-0.13824634350859655,50,0.06,1,953
R+D,basal,50,-0.6149733010098756,50,0.0,2,953
R+D,her2,50,-0.6850919523338521,50,0.04,9,953
R+D,luminal,50,-0.3349691829255745,50,0.04,2,953
R+P+D,basal,50,-0.5001373517206562,50,0.0,1,953
R+P+D,her2,50,-0.3131360269751001,50,0.02,5,953
R+P+D,luminal,50,-0.27129663737213117,50,0.04,1,953
R,basal,50,-0.43434830645959527,50,0.0,1,954
R,her2,50,-0.3955089437361372,50,0.02,6,954
R,luminal,50,-0.12623955278883658,50,0.04,2,954
R+P,basal,50,-0.4584651653378392,50,0.0,1,954
R+P,her2,50,-0.4058465518435945,50,0.02,5,954
R+P,luminal,50,-0.10679828337998407,50,0.04,3,954
R+D,basal,50,-0.6971247168587049,50,0.0,0,954
R+D,her2,50,-0.4284516341452606,50,0.02,2,954
R+D,luminal,50,-0.2935227372082467,50,0.02,2,954
R+P+D,basal,50,-0.4995500407435837,50,0.0,1,954
R+P+D,her2,50,-0.41562987966524007,50,0.02,4,954
R+P+D,luminal,50,-0.24013141021596937,50,0.02,3,954
R,basal,50,-0.4113298136706721,50,0.0,0,955
R,her2,50,-0.4925444959613193,50,0.04,11,955
R,luminal,50,-0.15086942908540066,50,0.04,2,955
R+P,basal,50,-0.31846201155761994,50,0.0,2,955
R+P,her2,50,-0.19703397003139606,50,0.02,2,955
R+P,luminal,50,-0.09786889641424358,50,0.04,2,955
R+D,basal,50,-0.5418644637175912,50,0.0,1,955
R+D,her2,50,-0.5570093078745312,50,0.04,10,955
R+D,luminal,50,-0.27407070693945484,50,0.02,2,955
R+P+D,basal,50,-0.4780094045519558,50,0.0,1,955
R+P+D,her2,50,-0.33662863862037395,50,0.02,6,955
R+P+D,luminal,50,-0.2630367250578111,50,0.02,1,955
R,basal,50,-0.689330616568869,50,0.0,1,956
R,her2,50,-0.314942228649876,50,0.02,3,956
R,luminal,50,-0.1457602441585469,50,0.04,2,956
R+P,basal,50,-0.42730610463106905,50,0.0,0,956
R+P,her2,50,-0.14568111116895963,50,0.02,2,956
R+P,luminal,50,-0.1394667443115401,50,0.06,3,956
R+D,basal,50,-0.7209881539131093,50,0.0,0,956
R+D,her2,50,-0.46255394285297763,50,0.02,6,956
R+D,luminal,50,-0.37138187802932604,50,0.04,1,956
R+P+D,basal,50,-0.6082689212558732,50,0.0,1,956
R+P+D,her2,50,-0.33097858965399896,50,0.02,4,956
R+P+D,luminal,50,-0.2845914747734896,50,0.04,2,956
R,basal,50,-0.5002115068769496,50,0.0,2,957
R,her2,50,-0.40078379582607354,50,0.02,8,957
R,luminal,50,-0.16174798999031265,50,0.04,1,957
R+P,basal,50,-0.4270202377576247,50,0.0,3,957
R+P,her2,50,-0.32025876147997856,50,0.02,5,957
R+P,luminal,50,-0.12538395301787733,50,0.04,0,957
R+D,basal,50,-0.6357913815111756,50,0.0,1,957
R+D,her2,50,-0.5117234642538085,50,0.02,6,957
R+D,luminal,50,-0.2894368145963891,50,0.02,2,957
R+P+D,basal,50,-0.5777362111424008,50,0.0,3,957
R+P+D,her2,50,-0.47170003305389374,50,0.02,6,957
R+P+D,luminal,50,-0.19741141229327247,50,0.02,1,957
R,basal,50,-0.7684456167846685,50,0.0,2,958
R,her2,50,-0.2898814715108263,50,0.02,7,958
R,luminal,50,-0.15288625646778808,50,0.06,1,958
R+P,basal,50,-0.5749855831856597,50,0.0,2,958
R+P,her2,50,-0.14716074505225885,50,0.02,2,958
R+P,luminal,50,-0.1081607127830411,50,0.04,2,958
R+D,basal,50,-0.6437400799027111,50,0.0,3,958
R+D,her2,50,-0.42040381620941525,50,0.02,7,958
R+D,luminal,50,-0.310945325168775,50,0.04,1,958
R+P+D,basal,50,-0.6276360764037637,50,0.0,2,958
R+P+D,her2,50,-0.2483331382552213,50,0.02,3,958
R+P+D,luminal,50,-0.28612258801942775,50,0.04,1,958
R,basal,50,-0.5809955584940901,50,0.0,3,959
R,her2,50,-0.3815969938436272,50,0.02,6,959
R,luminal,50,-0.20391677959494076,50,0.06,1,959
R+P,basal,50,-0.2001744405793286,50,0.0,1,959
R+P,her2,50,-0.24406056162934336,50,0.02,3,959
R+P,luminal,50,-0.16782693225474948,50,0.06,2,959
R+D,basal,50,-0.5888641354963204,50,0.0,3,959
R+D,her2,50,-0.5275213297674551,50,0.02,5,959
R+D,luminal,50,-0.30264194515753196,50,0.04,1,959
R+P+D,basal,50,-0.4464444660879622,50,0.0,1,959
R+P+D,her2,50,-0.4366757196782645,50,0.02,4,959
R+P+D,luminal,50,-0.2664180562829026,50,0.04,2,959
R,basal,50,-0.4212436396792551,50,0.0,2,960
R,her2,50,-0.30885522812769267,50,0.02,5,960
R,luminal,50,-0.13890197961792036,50,0.06,3,960
R+P,basal,50,-0.3384948334469785,50,0.0,4,960
R+P,her2,50,-0.14463201752254895,50,0.02,2,960
R+P,luminal,50,-0.23131088694463425,50,0.04,0,960
R+D,basal,50,-0.5780032923966874,50,0.0,3,960
R+D,her2,50,-0.39290180425897453,50,0.02,5,960
R+D,luminal,50,-0.3635968088346275,50,0.02,1,960
R+P+D,basal,50,-0.45172079880723787,50,0.0,3,960
R+P+D,her2,50,-0.24785300312902991,50,0.02,2,960
R+P+D,luminal,50,-0.3186400371138493,50,0.02,1,960
R,basal,50,-0.5795628535173489,50,0.0,1,961
R,her2,50,-0.41009340965497676,50,0.02,6,961
R,luminal,50,-0.14995601299282982,50,0.04,3,961
R+P,basal,50,-0.5151330024317994,50,0.0,3,961
R+P,her2,50,-0.30445628262857594,50,0.04,3,961
R+P,luminal,50,-0.149472839158597,50,0.04,2,961
R+D,basal,50,-0.6011802075535069,50,0.0,2,961
R+D,her2,50,-0.4827609293935098,50,0.02,5,961
R+D,luminal,50,-0.3610776078906053,50,0.04,1,961
R+P+D,basal,50,-0.5941718051228535,50,0.0,3,961
R+P+D,her2,50,-0.3689081079205105,50,0.02,6,961
R+P+D,luminal,50,-0.28421770236811306,50,0.04,2,961
R,basal,50,-0.5915476532451802,50,0.0,1,962
R,her2,50,-0.30984063077144636,50,0.02,9,962
R,luminal,50,-0.22971243168711503,50,0.06,3,962
R+P,basal,50,-0.44837461951509366,50,0.0,1,962
R+P,her2,50,-0.399148751066705,50,0.02,4,962
R+P,luminal,50,-0.17402624661649188,50,0.06,3,962
R+D,basal,50,-0.557210411999934,50,0.0,1,962
R+D,her2,50,-0.4200302662582477,50,0.02,4,962
R+D,luminal,50,-0.39539849894145235,50,0.04,0,962
R+P+D,basal,50,-0.503712989046847,50,0.0,3,962
R+P+D,her2,50,-0.33414728219228335,50,0.02,3,962
R+P+D,luminal,50,-0.2854096951021435,50,0.04,1,962
R,basal,50,-0.5219789615478997,50,0.0,1,963
R,her2,50,-0.338361495056841,50,0.02,7,963
R,luminal,50,-0.18530731111242435,50,0.04,2,963
R+P,basal,50,-0.22411521850548227,50,0.0,0,963
R+P,her2,50,-0.2802464604983135,50,0.02,4,963
R+P,luminal,50,-0.17798111982684842,50,0.04,1,963
R+D,basal,50,-0.5325521202331526,50,0.0,3,963
R+D,her2,50,-0.4863981984726174,50,0.04,10,963
R+D,luminal,50,-0.29462443020940604,50,0.02,1,963
R+P+D,basal,50,-0.29941081281521276,50,0.0,3,963
R+P+D,her2,50,-0.43098492546097006,50,0.02,5,963
R+P+D,luminal,50,-0.27649188909339417,50,0.02,0,963
R,basal,50,-0.38925010406006977,50,0.0,0,964
R,her2,50,-0.2726951970043101,50,0.02,8,964
R,luminal,50,-0.12037316286324817,50,0.04,2,964
R+P,basal,50,-0.27561716183463303,50,0.0,0,964
R+P,her2,50,-0.2492579850040727,50,0.02,6,964
R+P,luminal,50,-0.16097488594872494,50,0.04,1,964
R+D,basal,50,-0.4588497338744591,50,0.0,0,964
R+D,her2,50,-0.423944301849888,50,0.02,9,964
R+D,luminal,50,-0.40910241296955263,50,0.04,1,964
R+P+D,basal,50,-0.46653014099845097,50,0.0,0,964
R+P+D,her2,50,-0.38977551772528896,50,0.02,7,964
R+P+D,luminal,50,-0.343365709860453,50,0.04,1,964
R,basal,50,-0.4909292134568248,50,0.0,1,965
R,her2,50,-0.31274064086588876,50,0.02,4,965
R,luminal,50,-0.11413346590841632,50,0.04,2,965
R+P,basal,50,-0.22194254142090475,50,0.0,1,965
R+P,her2,50,-0.24544837468047423,50,0.02,3,965
R+P,luminal,50,-0.17211437358126738,50,0.06,2,965
R+D,basal,50,-0.6326094901409046,50,0.0,2,965
R+D,her2,50,-0.4278265054145977,50,0.04,3,965
R+D,luminal,50,-0.2365181323709792,50,0.0,0,965
R+P+D,basal,50,-0.3770992778730535,50,0.0,1,965
R+P+D,her2,50,-0.2282855114796221,50,0.02,2,965
R+P+D,luminal,50,-0.17259583221282238,50,0.0,0,965
R,basal,50,-0.46237502351062626,50,0.0,0,966
R,her2,50,-0.503597038560157,50,0.02,9,966
R,luminal,50,-0.1521372926018301,50,0.04,1,966
R+P,basal,50,-0.3358276756667537,50,0.0,3,966
R+P,her2,50,-0.3213672789114095,50,0.02,5,966
R+P,luminal,50,-0.12464518653457925,50,0.04,1,966
R+D,basal,50,-0.5851120821915651,50,0.0,3,966
R+D,her2,50,-0.6787819824852435,50,0.02,8,966
R+D,luminal,50,-0.35977989018255385,50,0.02,2,966
R+P+D,basal,50,-0.44484206058356535,50,0.0,2,966
R+P+D,her2,50,-0.5214462539230749,50,0.02,8,966
R+P+D,luminal,50,-0.20966978489920637,50,0.02,2,966
R,basal,50,-0.6229006605101881,50,0.0,1,967
R,her2,50,-0.289670575239663,50,0.02,5,967
R,luminal,50,-0.14359476460154186,50,0.04,2,967
R+P,basal,50,-0.4102512709227825,50,0.0,1,967
R+P,her2,50,-0.33977338627972864,50,0.02,4,967
R+P,luminal,50,-0.10753469980302378,50,0.04,2,967
R+D,basal,50,-0.6721023279103915,50,0.0,2,967
R+D,her2,50,-0.4654918941415289,50,0.02,5,967
R+D,luminal,50,-0.35756734872280566,50,0.04,0,967
R+P+D,basal,50,-0.5419546028704514,50,0.0,0,967
R+P+D,her2,50,-0.40579732600767493,50,0.02,5,967
R+P+D,luminal,50,-0.19688661463475085,50,0.04,1,967
R,basal,50,-0.4856229797413673,50,0.0,3,968
R,her2,50,-0.30700211472374145,50,0.02,5,968
R,luminal,50,-0.17082988759242895,50,0.06,3,968
R+P,basal,50,-0.4364226031449096,50,0.0,2,968
R+P,her2,50,-0.2747187539797125,50,0.02,4,968
R+P,luminal,50,-0.13684262074825645,50,0.06,4,968
R+D,basal,50,-0.6519445575113794,50,0.0,0,968
R+D,her2,50,-0.48804541818469027,50,0.02,6,968
R+D,luminal,50,-0.23762451547624366,50,0.02,1,968
R+P+D,basal,50,-0.45414018544507906,50,0.0,1,968
R+P+D,her2,50,-0.3763751534660432,50,0.02,5,968
R+P+D,luminal,50,-0.4010143904058433,50,0.04,2,968
R,basal,50,-0.552993787776309,50,0.0,0,969
R,her2,50,-0.35372142430315046,50,0.02,4,969
R,luminal,50,-0.14215050128640733,50,0.04,2,969
R+P,basal,50,-0.587027711858397,50,0.0,1,969
R+P,her2,50,-0.3927927054527208,50,0.02,2,969
R+P,luminal,50,-0.12695718914771004,50,0.04,2,969
R+D,basal,50,-0.7175806586837976,50,0.0,1,969
R+D,her2,50,-0.46024379079311717,50,0.02,4,969
R+D,luminal,50,-0.364553041133523,50,0.04,2,969
R+P+D,basal,50,-0.6763017130632549,50,0.0,1,969
R+P+D,her2,50,-0.4046511865899181,50,0.02,3,969
R+P+D,luminal,50,-0.2570567109331008,50,0.04,1,969
R,basal,50,-0.5827750614870143,50,0.0,0,970
R,her2,50,-0.25453945917417653,50,0.02,6,970
R,luminal,50,-0.14313095553323008,50,0.06,4,970
R+P,basal,50,-0.3982095061448691,50,0.0,2,970
R+P,her2,50,-0.19912442428397983,50,0.02,2,970
R+P,luminal,50,-0.11800887031545741,50,0.04,3,970
R+D,basal,50,-0.7007083639151778,50,0.0,1,970
R+D,her2,50,-0.4296219429654437,50,0.04,5,970
R+D,luminal,50,-0.24521662575121492,50,0.02,2,970
R+P+D,basal,50,-0.6300083713989703,50,0.0,2,970
R+P+D,her2,50,-0.23217095083953862,50,0.02,3,970
R+P+D,luminal,50,-0.2233391588133323,50,0.02,3,970
R,basal,50,-0.6252715823931017,50,0.0,5,971
R,her2,50,-0.30433893072255835,50,0.02,4,971
R,luminal,50,-0.17317539702474455,50,0.04,2,971
R+P,basal,50,-0.37964475636453754,50,0.0,1,971
R+P,her2,50,-0.2681342312069154,50,0.04,4,971
R+P,luminal,50,-0.11340474863184465,50,0.06,2,971
R+D,basal,50,-0.6388779177996626,50,0.0,2,971
R+D,her2,50,-0.4099254113924609,50,0.02,6,971
R+D,luminal,50,-0.40170989709702376,50,0.04,2,971
R+P+D,basal,50,-0.5365995368001429,50,0.0,1,971
R+P+D,her2,50,-0.3017248862662877,50,0.02,4,971
R+P+D,luminal,50,-0.3212534722454108,50,0.04,2,971
R,basal,50,-0.6095653322166814,50,0.0,3,972
R,her2,50,-0.2265273382374641,50,0.02,5,972
R,luminal,50,-0.16201692858643058,50,0.04,2,972
R+P,basal,50,-0.4670752216189507,50,0.0,0,972
R+P,her2,50,-0.16268511040246025,50,0.02,4,972
R+P,luminal,50,-0.13564420365343013,50,0.04,2,972
R+D,basal,50,-0.6442559636763749,50,0.0,1,972
R+D,her2,50,-0.47137019536572816,50,0.02,10,972
R+D,luminal,50,-0.31247663704745804,50,0.04,0,972
R+P+D,basal,50,-0.6174587222026442,50,0.0,0,972
R+P+D,her2,50,-0.24418351151325685,50,0.02,4,972
R+P+D,luminal,50,-0.27726589188952716,50,0.04,1,972
R,basal,50,-0.45549565200249587,50,0.0,2,973
R,her2,50,-0.36685014792031445,50,0.04,7,973
R,luminal,50,-0.10363343702154762,50,0.04,1,973
R+P,basal,50,-0.3988344082418179,50,0.0,2,973
R+P,her2,50,-0.33539071126710046,50,0.02,5,973
R+P,luminal,50,-0.15294605153959587,50,0.06,1,973
R+D,basal,50,-0.6922640906509391,50,0.0,2,973
R+D,her2,50,-0.4377517621175302,50,0.04,7,973
R+D,luminal,50,-0.2949788166988894,50,0.02,0,973
R+P+D,basal,50,-0.5995204671384562,50,0.0,2,973
R+P+D,her2,50,-0.4842500253496229,50,0.02,8,973
R+P+D,luminal,50,-0.11938976745309411,50,0.02,1,973
R,basal,50,-0.5311746828680506,50,0.0,1,974
R,her2,50,-0.3438513709926735,50,0.04,7,974
R,luminal,50,-0.12134323925829847,50,0.04,1,974
R+P,basal,50,-0.28075918189694543,50,0.0,0,974
R+P,her2,50,-0.21419924756510553,50,0.02,5,974
R+P,luminal,50,-0.1354088180791363,50,0.06,1,974
R+D,basal,50,-0.69234618539024,50,0.0,3,974
R+D,her2,50,-0.5390835913569326,50,0.04,10,974
R+D,luminal,50,-0.28399677439031573,50,0.02,0,974
R+P+D,basal,50,-0.5402286658443134,50,0.0,2,974
R+P+D,her2,50,-0.30597679248109216,50,0.02,7,974
R+P+D,luminal,50,-0.268698242442599,50,0.04,1,974
R,basal,50,-0.42580404423083656,50,0.0,1,975
R,her2,50,-0.2555586282375951,50,0.02,3,975
R,luminal,50,-0.24401047803398385,50,0.04,3,975
R+P,basal,50,-0.3759595843675725,50,0.0,1,975
R+P,her2,50,-0.17798608807056063,50,0.02,2,975
R+P,luminal,50,-0.1799839915015369,50,0.04,1,975
R+D,basal,50,-0.542567844229691,50,0.0,3,975
R+D,her2,50,-0.4958123691391516,50,0.02,3,975
R+D,luminal,50,-0.4164153267665806,50,0.04,1,975
R+P+D,basal,50,-0.48805667918502516,50,0.0,4,975
R+P+D,her2,50,-0.38390665259977813,50,0.02,2,975
R+P+D,luminal,50,-0.2344139088876784,50,0.04,0,975
R,basal,50,-0.6279826160044949,50,0.0,1,976
R,her2,50,-0.39019045579442435,50,0.04,10,976
R,luminal,50,-0.16328921690960263,50,0.04,1,976
R+P,basal,50,-0.3696314727755064,50,0.0,2,976
R+P,her2,50,-0.1456824647680176,50,0.02,5,976
R+P,luminal,50,-0.12479903205452497,50,0.04,1,976
R+D,basal,50,-0.7027279412616388,50,0.0,2,976
R+D,her2,50,-0.6129556491377541,50,0.04,11,976
R+D,luminal,50,-0.289573400904934,50,0.04,1,976
R+P+D,basal,50,-0.5617297731243831,50,0.0,1,976
R+P+D,her2,50,-0.30346908976247433,50,0.02,5,976
R+P+D,luminal,50,-0.2821921000372429,50,0.04,2,976
R,basal,50,-0.7019586181753193,50,0.0,1,977
R,her2,50,-0.29912971700766283,50,0.02,7,977
R,luminal,50,-0.17968071704453892,50,0.04,1,977
R+P,basal,50,-0.6291521380209373,50,0.0,2,977
R+P,her2,50,-0.24457022455812932,50,0.02,3,977
R+P,luminal,50,-0.14372640435044667,50,0.04,3,977
R+D,basal,50,-0.7135387467807831,50,0.0,3,977
R+D,her2,50,-0.5037071588164302,50,0.02,6,977
R+D,luminal,50,-0.3794798893442526,50,0.04,2,977
R+P+D,basal,50,-0.5754215923629421,50,0.0,2,977
R+P+D,her2,50,-0.431546277896222,50,0.02,6,977
R+P+D,luminal,50,-0.29690536161309883,50,0.04,1,977
R,basal,50,-0.4858770674288735,50,0.0,1,978
R,her2,50,-0.21976833749023938,50,0.02,4,978
R,luminal,50,-0.16217448845404522,50,0.06,2,978
R+P,basal,50,-0.41784705729969945,50,0.0,0,978
R+P,her2,50,-0.20931532133326136,50,0.02,3,978
R+P,luminal,50,-0.10223475075925922,50,0.04,1,978
R+D,basal,50,-0.5998763774241574,50,0.0,2,978
R+D,her2,50,-0.4231635455173693,50,0.02,5,978
R+D,luminal,50,-0.3462976789539852,50,0.04,0,978
R+P+D,basal,50,-0.5800004686354671,50,0.0,1,978
R+P+D,her2,50,-0.37731352708227467,50,0.02,4,978
R+P+D,luminal,50,-0.18139378723299132,50,0.04,1,978
R,basal,50,-0.5389960059620675,50,0.0,2,979
R,her2,50,-0.3646137576909766,50,0.02,8,979
R,luminal,50,-0.12725791737114023,50,0.04,3,979
R+P,basal,50,-0.2570895816433652,50,0.0,1,979
R+P,her2,50,-0.18532799787771817,50,0.02,3,979
R+P,luminal,50,-0.13941591891214467,50,0.04,1,979
R+D,basal,50,-0.5312512040761652,50,0.0,0,979
R+D,her2,50,-0.47453785692115963,50,0.02,5,979
R+D,luminal,50,-0.36288184907870913,50,0.04,0,979
R+P+D,basal,50,-0.4582770392303898,50,0.0,1,979
R+P+D,her2,50,-0.3312440499297611,50,0.02,3,979
R+P+D,luminal,50,-0.24727135777542478,50,0.04,1,979
R,basal,50,-0.5693681694372089,50,0.0,0,980
R,her2,50,-0.4042485893695374,50,0.02,4,980
R,luminal,50,-0.1799312338723949,50,0.06,3,980
R+P,basal,50,-0.3217833048823128,50,0.0,2,980
R+P,her2,50,-0.34660554046088043,50,0.02,5,980
R+P,luminal,50,-0.1610977050198558,50,0.06,3,980
R+D,basal,50,-0.5685643408078318,50,0.0,1,980
R+D,her2,50,-0.5169031986839484,50,0.02,6,980
R+D,luminal,50,-0.22675570082822452,50,0.02,0,980
R+P+D,basal,50,-0.45459716320367394,50,0.0,2,980
R+P+D,her2,50,-0.462790484622689,50,0.02,5,980
R+P+D,luminal,50,-0.25186342074425705,50,0.04,1,980
R,basal,50,-0.5428667197615379,50,0.0,1,981
R,her2,50,-0.23720643356435617,50,0.02,7,981
R,luminal,50,-0.15487411660298206,50,0.06,2,981
R+P,basal,50,-0.40180412022482614,50,0.0,2,981
R+P,her2,50,-0.26205573467651416,50,0.04,4,981
R+P,luminal,50,-0.10167990255736034,50,0.04,2,981
R+D,basal,50,-0.5278388950971988,50,0.0,2,981
R+D,her2,50,-0.40348324674326064,50,0.02,9,981
R+D,luminal,50,-0.27671437585684444,50,0.04,1,981
R+P+D,basal,50,-0.43159929772833727,50,0.0,2,981
R+P+D,her2,50,-0.3090705658926755,50,0.02,4,981
R+P+D,luminal,50,-0.17634938432437758,50,0.04,1,981
R,basal,50,-0.5471301030660132,50,0.0,2,982
R,her2,50,-0.3557280463787291,50,0.02,5,982
R,luminal,50,-0.14206485477088948,50,0.06,3,982
R+P,basal,50,-0.4380147052657273,50,0.0,2,982
R+P,her2,50,-0.2073591214082983,50,0.02,4,982
R+P,luminal,50,-0.16057811028773666,50,0.06,2,982
R+D,basal,50,-0.5720436217804118,50,0.0,2,982
R+D,her2,50,-0.5085523435881257,50,0.02,7,982
R+D,luminal,50,-0.31525611633071804,50,0.04,0,982
R+P+D,basal,50,-0.5026290924948096,50,0.0,2,982
R+P+D,her2,50,-0.3512914767437394,50,0.02,4,982
R+P+D,luminal,50,-0.2496541569017074,50,0.04,0,982
R,basal,50,-0.6055557361577144,50,0.0,0,983
R,her2,50,-0.2834762957545959,50,0.02,4,983
R,luminal,50,-0.12166476317870006,50,0.04,1,983
R+P,basal,50,-0.2809570384136796,50,0.0,1,983
R+P,her2,50,-0.20969652672065414,50,0.02,2,983
R+P,luminal,50,-0.134243710931094,50,0.04,1,983
R+D,basal,50,-0.5319270882773699,50,0.0,2,983
R+D,her2,50,-0.4325367782126935,50,0.02,4,983
R+D,luminal,50,-0.25038760031220864,50,0.04,1,983
R+P+D,basal,50,-0.4160795971120326,50,0.0,1,983
R+P+D,her2,50,-0.49882035029211347,50,0.02,4,983
R+P+D,luminal,50,-0.1487423109521235,50,0.04,2,983
R,basal,50,-0.5895154386582204,50,0.0,2,984
R,her2,50,-0.41318895087533286,50,0.02,4,984
R,luminal,50,-0.12063875822216355,50,0.04,1,984
R+P,basal,50,-0.3959428253955614,50,0.0,2,984
R+P,her2,50,-0.35705356027867957,50,0.02,5,984
R+P,luminal,50,-0.14532374195310357,50,0.04,0,984
R+D,basal,50,-0.5692378641379068,50,0.0,0,984
R+D,her2,50,-0.5503219622921897,50,0.02,3,984
R+D,luminal,50,-0.29726338419990805,50,0.04,2,984
R+P+D,basal,50,-0.5543083380312165,50,0.0,0,984
R+P+D,her2,50,-0.41461585129115675,50,0.02,5,984
R+P+D,luminal,50,-0.21236428250425748,50,0.04,1,984
R,basal,50,-0.4955360706672576,50,0.0,1,985
R,her2,50,-0.31101386731137654,50,0.02,7,985
R,luminal,50,-0.21759530002609126,50,0.06,3,985
R+P,basal,50,-0.3224265262767364,50,0.0,1,985
R+P,her2,50,-0.4239552492293075,50,0.02,6,985
R+P,luminal,50,-0.1994814263625207,50,0.08,3,985
R+D,basal,50,-0.6400376486544773,50,0.0,3,985
R+D,her2,50,-0.42806785750604576,50,0.02,7,985
R+D,luminal,50,-0.3809533269135342,50,0.04,2,985
R+P+D,basal,50,-0.44201752136555456,50,0.0,2,985
R+P+D,her2,50,-0.43689767756887127,50,0.02,4,985
R+P+D,luminal,50,-0.38907188020501665,50,0.06,2,985
R,basal,50,-0.5334041155012532,50,0.0,0,986
R,her2,50,-0.42750135816007523,50,0.04,10,986
R,luminal,50,-0.14512328022040308,50,0.06,2,986
R+P,basal,50,-0.20263222917689544,50,0.0,2,986
R+P,her2,50,-0.2863067509595737,50,0.02,3,986
R+P,luminal,50,-0.1557645055499925,50,0.06,1,986
R+D,basal,50,-0.7161196546851913,50,0.0,2,986
R+D,her2,50,-0.5455647979450537,50,0.02,10,986
R+D,luminal,50,-0.33234856613364533,50,0.04,0,986
R+P+D,basal,50,-0.38410103211652585,50,0.0,1,986
R+P+D,her2,50,-0.5544320077743952,50,0.02,6,986
R+P+D,luminal,50,-0.2321944930439458,50,0.04,1,986
R,basal,50,-0.5030059578910062,50,0.0,3,987
R,her2,50,-0.25835887369271293,50,0.02,6,987
R,luminal,50,-0.12338938446519075,50,0.04,3,987
R+P,basal,50,-0.39103072879397255,50,0.0,1,987
R+P,her2,50,-0.1953588077307008,50,0.04,2,987
R+P,luminal,50,-0.11566858382995171,50,0.04,1,987
R+D,basal,50,-0.7094296308485771,50,0.0,1,987
R+D,her2,50,-0.4872486923594699,50,0.02,2,987
R+D,luminal,50,-0.34101510939654667,50,0.04,1,987
R+P+D,basal,50,-0.5237917665856451,50,0.0,1,987
R+P+D,her2,50,-0.3299101478781447,50,0.02,2,987
R+P+D,luminal,50,-0.20124576405739603,50,0.04,1,987
R,basal,50,-0.4242232405522505,50,0.0,1,988
R,her2,50,-0.4534808050184554,50,0.02,12,988
R,luminal,50,-0.14456700426108776,50,0.04,2,988
R+P,basal,50,-0.14898926095202014,50,0.0,1,988
R+P,her2,50,-0.32938608339113445,50,0.02,6,988
R+P,luminal,50,-0.12671900182152382,50,0.04,2,988
R+D,basal,50,-0.6695628096108429,50,0.0,3,988
R+D,her2,50,-0.47865995602976985,50,0.02,6,988
R+D,luminal,50,-0.41173117830600114,50,0.04,3,988
R+P+D,basal,50,-0.4065048518954209,50,0.0,1,988
R+P+D,her2,50,-0.34855193854143407,50,0.02,5,988
R+P+D,luminal,50,-0.2916096178459248,50,0.04,2,988
R,basal,50,-0.4497327566867796,50,0.0,0,989
R,her2,50,-0.15892920936686805,50,0.02,5,989
R,luminal,50,-0.12473960393010007,50,0.04,2,989
R+P,basal,50,-0.17536287257708577,50,0.0,1,989
R+P,her2,50,-0.31119585933432586,50,0.02,3,989
R+P,luminal,50,-0.1561027967221737,50,0.04,1,989
R+D,basal,50,-0.5404535856159953,50,0.0,0,989
R+D,her2,50,-0.29232835589669004,50,0.02,4,989
R+D,luminal,50,-0.41439413462704494,50,0.04,0,989
R+P+D,basal,50,-0.40448454682407653,50,0.0,0,989
R+P+D,her2,50,-0.31117262543174257,50,0.02,4,989
R+P+D,luminal,50,-0.2621623294066625,50,0.04,1,989
R,basal,50,-0.4260775633431351,50,0.0,1,990
R,her2,50,-0.27240652116722336,50,0.02,4,990
R,luminal,50,-0.14751371610372652,50,0.04,1,990
R+P,basal,50,-0.38988014240354807,50,0.0,2,990
R+P,her2,50,-0.2859459118405083,50,0.02,2,990
R+P,luminal,50,-0.13527894242596475,50,0.04,1,990
R+D,basal,50,-0.7155682275427614,50,0.0,2,990
R+D,her2,50,-0.41185297880376237,50,0.02,2,990
R+D,luminal,50,-0.34891312040189626,50,0.02,2,990
R+P+D,basal,50,-0.4363853449539449,50,0.0,1,990
R+P+D,her2,50,-0.37124677522484106,50,0.02,4,990
R+P+D,luminal,50,-0.2548959114624758,50,0.02,2,990
R,basal,50,-0.5795970892058318,50,0.0,1,991
R,her2,50,-0.25583247625538635,50,0.04,4,991
R,luminal,50,-0.10384858134992857,50,0.04,1,991
R+P,basal,50,-0.2144776746471655,50,0.0,1,991
R+P,her2,50,-0.22905041356571387,50,0.02,3,991
R+P,luminal,50,-0.1008433464669806,50,0.04,0,991
R+D,basal,50,-0.8023962397047282,50,0.0,2,991
R+D,her2,50,-0.6213364116169415,50,0.04,7,991
R+D,luminal,50,-0.29384423667267123,50,0.02,1,991
R+P+D,basal,50,-0.4769736934435798,50,0.0,0,991
R+P+D,her2,50,-0.3935043342680376,50,0.02,3,991
R+P+D,luminal,50,-0.1880044298301221,50,0.02,1,991
R,basal,50,-0.43267583306312934,50,0.0,0,992
R,her2,50,-0.37776063582164054,50,0.04,11,992
R,luminal,50,-0.15731361327857094,50,0.06,2,992
R+P,basal,50,-0.24853042976120499,50,0.0,0,992
R+P,her2,50,-0.32470805946815817,50,0.02,5,992
R+P,luminal,50,-0.1473352393180981,50,0.06,2,992
R+D,basal,50,-0.6144567122005273,50,0.0,1,992
R+D,her2,50,-0.48185034607421817,50,0.02,9,992
R+D,luminal,50,-0.2245685902298561,50,0.02,0,992
R+P+D,basal,50,-0.38045389840441374,50,0.0,2,992
R+P+D,her2,50,-0.42335245292459545,50,0.02,6,992
R+P+D,luminal,50,-0.3111259660562271,50,0.04,2,992
R,basal,50,-0.6898585959319857,50,0.0,3,993
R,her2,50,-0.3719141348597981,50,0.04,5,993
R,luminal,50,-0.15126544089211302,50,0.04,1,993
R+P,basal,50,-0.37108051743036236,50,0.0,2,993
R+P,her2,50,-0.21094210263669924,50,0.02,4,993
R+P,luminal,50,-0.11616302662239669,50,0.04,0,993
R+D,basal,50,-0.5677898505475361,50,0.0,0,993
R+D,her2,50,-0.5483673383898765,50,0.02,8,993
R+D,luminal,50,-0.3027191374978118,50,0.02,0,993
R+P+D,basal,50,-0.5241306671806832,50,0.0,0,993
R+P+D,her2,50,-0.34228509271126456,50,0.02,4,993
R+P+D,luminal,50,-0.21844224382933447,50,0.02,2,993
R,basal,50,-0.5440060501280223,50,0.0,0,994
R,her2,50,-0.3273066166651638,50,0.02,7,994
R,luminal,50,-0.17606581334333474,50,0.06,2,994
R+P,basal,50,-0.25999349615829936,50,0.0,3,994
R+P,her2,50,-0.18125448495657268,50,0.02,5,994
R+P,luminal,50,-0.13800706346316083,50,0.06,2,994
R+D,basal,50,-0.5780715072493176,50,0.0,1,994
R+D,her2,50,-0.46609657357278145,50,0.02,8,994
R+D,luminal,50,-0.24456087811642324,50,0.02,0,994
R+P+D,basal,50,-0.48369059773023265,50,0.0,1,994
R+P+D,her2,50,-0.3083864428513297,50,0.02,5,994
R+P+D,luminal,50,-0.28984039769260955,50,0.04,1,994
R,basal,50,-0.56856750108189,50,0.0,0,995
R,her2,50,-0.3996285688005817,50,0.04,6,995
R,luminal,50,-0.18291514917285362,50,0.06,2,995
R+P,basal,50,-0.32692311210324165,50,0.0,0,995
R+P,her2,50,-0.25083433162911306,50,0.02,3,995
R+P,luminal,50,-0.14469518469838719,50,0.06,1,995
R+D,basal,50,-0.7366714944319449,50,0.0,1,995
R+D,her2,50,-0.436948711141517,50,0.02,6,995
R+D,luminal,50,-0.32851330176505406,50,0.04,1,995
R+P+D,basal,50,-0.5329797533582743,50,0.0,1,995
R+P+D,her2,50,-0.41813520584222125,50,0.02,5,995
R+P+D,luminal,50,-0.24574024184973417,50,0.04,1,995
R,basal,50,-0.6159537011402053,50,0.0,2,996
R,her2,50,-0.35257710805985476,50,0.02,6,996
R,luminal,50,-0.1130352363554657,50,0.06,1,996
R+P,basal,50,-0.4632477418183146,50,0.0,2,996
R+P,her2,50,-0.3316230347322023,50,0.04,2,996
R+P,luminal,50,-0.1307208154410622,50,0.04,1,996
R+D,basal,50,-0.6802025298619072,50,0.0,1,996
R+D,her2,50,-0.4156712122013341,50,0.02,3,996
R+D,luminal,50,-0.29079133475595115,50,0.04,2,996
R+P+D,basal,50,-0.6211303012543646,50,0.0,3,996
R+P+D,her2,50,-0.4665702450081909,50,0.02,3,996
R+P+D,luminal,50,-0.24956330907794708,50,0.04,2,996
R,basal,50,-0.511908739447053,50,0.0,0,997
R,her2,50,-0.34194008021660144,50,0.02,7,997
R,luminal,50,-0.13904082130085105,50,0.04,1,997
R+P,basal,50,-0.5153661166582707,50,0.0,2,997
R+P,her2,50,-0.3081861153260808,50,0.02,3,997
R+P,luminal,50,-0.1011534296437007,50,0.04,2,997
R+D,basal,50,-0.7669301638110106,50,0.0,4,997
R+D,her2,50,-0.6681491701208141,50,0.02,7,997
R+D,luminal,50,-0.3687660581112792,50,0.04,1,997
R+P+D,basal,50,-0.548593828045156,50,0.0,2,997
R+P+D,her2,50,-0.5336914235850546,50,0.02,5,997
R+P+D,luminal,50,-0.28331296064743744,50,0.04,1,997
R,basal,50,-0.6234542246070207,50,0.0,1,998
R,her2,50,-0.35552388226843123,50,0.04,6,998
R,luminal,50,-0.1478427919078406,50,0.06,3,998
R+P,basal,50,-0.556918485257317,50,0.0,2,998
R+P,her2,50,-0.23596268874277754,50,0.02,4,998
R+P,luminal,50,-0.1087057315767388,50,0.04,2,998
R+D,basal,50,-0.6946462987310928,50,0.0,3,998
R+D,her2,50,-0.4203671115539306,50,0.02,4,998
R+D,luminal,50,-0.29105858999304557,50,0.02,1,998
R+P+D,basal,50,-0.6522935089590227,50,0.0,2,998
R+P+D,her2,50,-0.3834859448606721,50,0.02,4,998
R+P+D,luminal,50,-0.16641841577921002,50,0.02,1,998
R,basal,50,-0.7206937556983091,50,0.0,1,999
R,her2,50,-0.34833682746293954,50,0.02,8,999
R,luminal,50,-0.17225938406888766,50,0.04,1,999
R+P,basal,50,-0.671996189051539,50,0.0,3,999
R+P,her2,50,-0.3560074150582815,50,0.02,5,999
R+P,luminal,50,-0.14094253879540955,50,0.04,2,999
R+D,basal,50,-0.6582317316410138,50,0.0,2,999
R+D,her2,50,-0.4034333540132167,50,0.02,4,999
R+D,luminal,50,-0.3482782575628176,50,0.02,1,999
R+P+D,basal,50,-0.6072684556696,50,0.0,2,999
R+P+D,her2,50,-0.4079237816492527,50,0.02,5,999
R+P+D,luminal,50,-0.2490809783128584,50,0.02,1,999
