arm,subtype,n,mean_effect,n_scored,precision,n_t2,perm
R,basal,50,-0.16914980373741606,50,0.0,3,0
R,her2,50,-0.1868371623814591,50,0.02,1,0
R,luminal,50,-0.4098352483264395,50,0.0,4,0
R+P,basal,50,-0.18710473083494755,50,0.0,2,0
R+P,her2,50,-0.2989787971771392,50,0.04,2,0
R+P,luminal,50,-0.2455184500350712,50,0.0,4,0
R+D,basal,50,-0.42134273383316057,50,0.0,3,0
R+D,her2,50,-0.41884732675016084,50,0.02,1,0
R+D,luminal,50,-0.32210282654506045,50,0.0,3,0
R+P+D,basal,50,-0.45592056538103015,50,0.0,4,0
R+P+D,her2,50,-0.42980369871464175,50,0.02,2,0
R+P+D,luminal,50,-0.3331509034201127,50,0.0,5,0
MOFA+,basal,50,-0.07330649288426355,50,0.0,0,0
MOFA+,her2,50,-0.5652605157510739,50,0.0,1,0
MOFA+,luminal,50,-0.22472778073296432,50,0.0,1,0
R,basal,50,-0.37364915385041614,50,0.0,2,1
R,her2,50,-0.25394887249187476,50,0.0,1,1
R,luminal,50,-0.4164053714460977,50,0.0,5,1
R+P,basal,50,-0.3412125193339105,50,0.0,1,1
R+P,her2,50,-0.22832934784412853,50,0.0,2,1
R+P,luminal,50,-0.24997589157958683,50,0.0,4,1
R+D,basal,50,-0.5516530781676289,50,0.0,2,1
R+D,her2,50,-0.3797777158742197,50,0.0,2,1
R+D,luminal,50,-0.40134940583133166,50,0.04,3,1
R+P+D,basal,50,-0.47403006884198534,50,0.0,2,1
R+P+D,her2,50,-0.26982625091601053,50,0.0,2,1
R+P+D,luminal,50,-0.46679620552743073,50,0.04,4,1
MOFA+,basal,50,-0.5624526968256038,50,0.0,1,1
MOFA+,her2,50,-0.2768959773562112,50,0.02,1,1
MOFA+,luminal,50,-0.33866773742407064,50,0.0,2,1
R,basal,50,-0.3250846145705172,50,0.0,0,2
R,her2,50,-0.6768482626386104,50,0.0,1,2
R,luminal,50,-0.23843609652473785,50,0.0,1,2
R+P,basal,50,-0.15764420294910886,50,0.0,0,2
R+P,her2,50,-0.4229656064397741,50,0.02,1,2
R+P,luminal,50,-0.2375419893716534,50,0.02,0,2
R+D,basal,50,-0.37287084467554665,50,0.0,1,2
R+D,her2,50,-0.5527775388698786,50,0.0,1,2
R+D,luminal,50,-0.3563697381730558,50,0.0,1,2
R+P+D,basal,50,-0.2736429085352201,50,0.0,0,2
R+P+D,her2,50,-0.5229552753769339,50,0.0,2,2
R+P+D,luminal,50,-0.3263209993232607,50,0.02,0,2
MOFA+,basal,50,-0.28982350086081005,50,0.0,2,2
MOFA+,her2,50,-0.7022956727559374,50,0.0,3,2
MOFA+,luminal,50,-0.38706270944304655,50,0.0,1,2
R,basal,50,-0.6383548346197878,50,0.0,3,3
R,her2,50,-0.5051562195921422,50,0.0,2,3
R,luminal,50,-0.23954989991533782,50,0.0,3,3
R+P,basal,50,-0.17532766904779998,50,0.0,4,3
R+P,her2,50,-0.3057432597430775,50,0.0,1,3
R+P,luminal,50,-0.18387354143952195,50,0.0,0,3
R+D,basal,50,-0.7356476180210311,50,0.0,5,3
R+D,her2,50,-0.611245704717697,50,0.0,2,3
R+D,luminal,50,-0.331467001465823,50,0.0,2,3
R+P+D,basal,50,-0.5214438189811724,50,0.0,4,3
R+P+D,her2,50,-0.5068405593818285,50,0.06,2,3
R+P+D,luminal,50,-0.24943436994254198,50,0.0,2,3
MOFA+,basal,50,-0.5159430532564055,50,0.0,5,3
MOFA+,her2,50,-0.42313238618869314,50,0.02,1,3
MOFA+,luminal,50,-0.38706270944304655,50,0.0,1,3
R,basal,50,-0.4767064123769061,50,0.0,3,4
R,her2,50,-0.22086088161279308,50,0.0,0,4
R,luminal,50,-0.3826012829282469,50,0.0,1,4
R+P,basal,50,-0.34232513789270597,50,0.0,2,4
R+P,her2,50,-0.07324177391034038,50,0.0,0,4
R+P,luminal,50,-0.4146280929954034,50,0.0,2,4
R+D,basal,50,-0.4005334470743136,50,0.0,3,4
R+D,her2,50,-0.28532170983291283,50,0.0,0,4
R+D,luminal,50,-0.5541526559250608,50,0.0,2,4
R+P+D,basal,50,-0.34907365318128103,50,0.0,2,4
R+P+D,her2,50,-0.2055699709805188,50,0.0,1,4
R+P+D,luminal,50,-0.5065922006084319,50,0.0,4,4
MOFA+,basal,50,-0.21929701202341526,50,0.0,1,4
MOFA+,her2,50,-0.2768959773562112,50,0.02,1,4
MOFA+,luminal,50,-0.4605362947843053,50,0.0,5,4
R,basal,50,-0.2294552926233843,50,0.0,2,5
R,her2,50,-0.3268810170884052,50,0.0,1,5
R,luminal,50,-0.3150633698195267,50,0.0,2,5
R+P,basal,50,-0.21170687202357702,50,0.0,1,5
R+P,her2,50,-0.38793177161838893,50,0.0,2,5
R+P,luminal,50,-0.1644700572552675,50,0.04,2,5
R+D,basal,50,-0.3374681924971144,50,0.0,2,5
R+D,her2,50,-0.34310555260055503,50,0.0,1,5
R+D,luminal,50,-0.4093916926220477,50,0.0,3,5
R+P+D,basal,50,-0.3320005868412952,50,0.0,0,5
R+P+D,her2,50,-0.2872588156129615,50,0.02,1,5
R+P+D,luminal,50,-0.2585703582674854,50,0.02,2,5
MOFA+,basal,50,-0.5624526968256038,50,0.0,1,5
MOFA+,her2,50,-0.2768959773562112,50,0.02,1,5
MOFA+,luminal,50,-0.5614016197427435,50,0.0,3,5
R,basal,50,-0.14907277443365488,50,0.0,1,6
R,her2,50,-0.13439030574729652,50,0.0,0,6
R,luminal,50,-0.38961334383362106,50,0.0,2,6
R+P,basal,50,-0.1883563466865411,50,0.0,2,6
R+P,her2,50,-0.15278987296882376,50,0.02,1,6
R+P,luminal,50,-0.19342212905922593,50,0.0,4,6
R+D,basal,50,-0.41836852359068116,50,0.0,1,6
R+D,her2,50,-0.3326199595851614,50,0.0,0,6
R+D,luminal,50,-0.5533719950492264,50,0.0,4,6
R+P+D,basal,50,-0.3681164008980415,50,0.0,0,6
R+P+D,her2,50,-0.27446428044839605,50,0.02,1,6
R+P+D,luminal,50,-0.5075682655888286,50,0.0,7,6
MOFA+,basal,50,-0.3915193340880218,50,0.0,2,6
MOFA+,her2,50,-0.04592504717146089,50,0.0,3,6
MOFA+,luminal,50,-0.7166178630053172,50,0.0,3,6
R,basal,50,-0.29397145772681466,50,0.0,3,7
R,her2,50,-0.6853803960236161,50,0.02,3,7
R,luminal,50,-0.4188620821693113,50,0.0,4,7
R+P,basal,50,-0.20964832829544364,50,0.0,2,7
R+P,her2,50,-0.45632913914124,50,0.0,3,7
R+P,luminal,50,-0.422365044984639,50,0.0,4,7
R+D,basal,50,-0.27906972383038525,50,0.0,2,7
R+D,her2,50,-0.60667222252769,50,0.0,1,7
R+D,luminal,50,-0.3973654309173952,50,0.0,2,7
R+P+D,basal,50,-0.21446671129314704,50,0.0,1,7
R+P+D,her2,50,-0.5577419023056547,50,0.02,2,7
R+P+D,luminal,50,-0.3463420122085303,50,0.0,1,7
MOFA+,basal,50,-0.053421368184589986,50,0.0,3,7
MOFA+,her2,50,-0.40456322390936145,50,0.0,2,7
MOFA+,luminal,50,-0.08707907674069461,50,0.0,0,7
R,basal,50,-0.2371988852376975,50,0.0,0,8
R,her2,50,-0.18891891601686436,50,0.0,0,8
R,luminal,50,-0.2960770103432638,50,0.02,1,8
R+P,basal,50,-0.3272554432581895,50,0.0,0,8
R+P,her2,50,-0.09662429664961505,50,0.0,0,8
R+P,luminal,50,-0.2930231027604319,50,0.0,2,8
R+D,basal,50,-0.36432508967830174,50,0.0,2,8
R+D,her2,50,-0.31780557886380667,50,0.0,0,8
R+D,luminal,50,-0.36078522849790867,50,0.02,3,8
R+P+D,basal,50,-0.39593734946933024,50,0.0,1,8
R+P+D,her2,50,-0.33850270722856857,50,0.02,2,8
R+P+D,luminal,50,-0.3611591908945846,50,0.02,3,8
MOFA+,basal,50,-0.5463558416948096,50,0.0,3,8
MOFA+,her2,50,-0.08379133735789089,50,0.0,0,8
MOFA+,luminal,50,-0.22472778073296432,50,0.0,1,8
R,basal,50,-0.045647431928941634,50,0.0,0,9
R,her2,50,-0.11304497448461477,50,0.0,1,9
R,luminal,50,-0.5691135845075999,50,0.0,5,9
R+P,basal,50,-0.21666533189789636,50,0.02,2,9
R+P,her2,50,-0.14662378968645487,50,0.0,1,9
R+P,luminal,50,-0.23545655820808536,50,0.0,3,9
R+D,basal,50,-0.3631691094956955,50,0.0,1,9
R+D,her2,50,-0.24274396016292943,50,0.0,3,9
R+D,luminal,50,-0.4968095413853868,50,0.0,5,9
R+P+D,basal,50,-0.42023697917163977,50,0.0,2,9
R+P+D,her2,50,-0.26008381948607384,50,0.0,2,9
R+P+D,luminal,50,-0.291307536390399,50,0.0,3,9
MOFA+,basal,50,-0.5159430532564055,50,0.0,5,9
MOFA+,her2,50,-0.40456322390936145,50,0.0,2,9
MOFA+,luminal,50,-0.33866773742407064,50,0.0,2,9
R,basal,50,-0.3001730184701542,50,0.0,6,10
R,her2,50,-0.4539571757891373,50,0.0,0,10
R,luminal,50,-0.3666538632863297,50,0.0,2,10
R+P,basal,50,-0.2734493373896114,50,0.0,3,10
R+P,her2,50,-0.33435637685252656,50,0.0,0,10
R+P,luminal,50,-0.23786294105786676,50,0.02,2,10
R+D,basal,50,-0.45168145899365064,50,0.0,3,10
R+D,her2,50,-0.5168253689925028,50,0.0,2,10
R+D,luminal,50,-0.4723203305383998,50,0.0,3,10
R+P+D,basal,50,-0.3895576811530615,50,0.0,2,10
R+P+D,her2,50,-0.5815186921540767,50,0.0,0,10
R+P+D,luminal,50,-0.341992585694139,50,0.02,2,10
MOFA+,basal,50,-0.39079658001654743,50,0.0,5,10
MOFA+,her2,50,-0.5067927857540258,50,0.0,2,10
MOFA+,luminal,50,-0.4336475234046903,50,0.0,2,10
R,basal,50,-0.4831164433632537,50,0.0,1,11
R,her2,50,-0.1753531284894688,50,0.0,0,11
R,luminal,50,-0.29135601269672795,50,0.0,3,11
R+P,basal,50,-0.3085242365669084,50,0.0,3,11
R+P,her2,50,-0.16951135196000236,50,0.0,0,11
R+P,luminal,50,-0.19098152913034025,50,0.06,3,11
R+D,basal,50,-0.580105267837567,50,0.0,3,11
R+D,her2,50,-0.2860788111841412,50,0.0,0,11
R+D,luminal,50,-0.34089071301833407,50,0.02,4,11
R+P+D,basal,50,-0.41839789604720823,50,0.0,3,11
R+P+D,her2,50,-0.25936206531772027,50,0.0,0,11
R+P+D,luminal,50,-0.2950552583340663,50,0.02,1,11
MOFA+,basal,50,-0.5178778430235921,50,0.0,2,11
MOFA+,her2,50,-0.30258820694702326,50,0.02,2,11
MOFA+,luminal,50,-0.32524904615232936,50,0.0,1,11
R,basal,50,-0.22948813409316718,50,0.0,1,12
R,her2,50,-0.43433935900268134,50,0.02,1,12
R,luminal,50,-0.4041419972949254,50,0.0,4,12
R+P,basal,50,-0.21911604061422627,50,0.0,1,12
R+P,her2,50,-0.520085166612782,50,0.04,1,12
R+P,luminal,50,-0.2161978722942835,50,0.0,4,12
R+D,basal,50,-0.2173359006905898,50,0.0,2,12
R+D,her2,50,-0.43111312030720406,50,0.0,1,12
R+D,luminal,50,-0.400742426205817,50,0.02,1,12
R+P+D,basal,50,-0.26138368224244113,50,0.0,2,12
R+P+D,her2,50,-0.5524336204260798,50,0.02,2,12
R+P+D,luminal,50,-0.32489634621062274,50,0.02,5,12
MOFA+,basal,50,-0.39079658001654743,50,0.0,5,12
MOFA+,her2,50,-0.5652605157510739,50,0.0,1,12
MOFA+,luminal,50,-0.4605362947843053,50,0.0,5,12
R,basal,50,-0.2558903314123841,50,0.0,2,13
R,her2,50,-0.3724226673626332,50,0.02,5,13
R,luminal,50,-0.26487516013235424,50,0.0,2,13
R+P,basal,50,-0.18053274114849896,50,0.0,1,13
R+P,her2,50,-0.2121491570204804,50,0.04,6,13
R+P,luminal,50,-0.3260406160755931,50,0.0,5,13
R+D,basal,50,-0.3971312354704661,50,0.0,2,13
R+D,her2,50,-0.4319709834905575,50,0.02,4,13
R+D,luminal,50,-0.36211125176738856,50,0.0,4,13
R+P+D,basal,50,-0.2500429606852434,50,0.0,2,13
R+P+D,her2,50,-0.3882088526553661,50,0.06,4,13
R+P+D,luminal,50,-0.46062402309607386,50,0.0,5,13
MOFA+,basal,50,-0.07330649288426355,50,0.0,0,13
MOFA+,her2,50,-0.31448275361111183,50,0.04,2,13
MOFA+,luminal,50,-0.22472778073296432,50,0.0,1,13
R,basal,50,-0.3889299174863311,50,0.0,6,14
R,her2,50,-0.19576373256135504,50,0.06,2,14
R,luminal,50,-0.42843406041376414,50,0.0,2,14
R+P,basal,50,-0.29099811985141566,50,0.0,1,14
R+P,her2,50,-0.16379458850172918,50,0.06,1,14
R+P,luminal,50,-0.597125367184672,50,0.0,2,14
R+D,basal,50,-0.5123209416279315,50,0.0,4,14
R+D,her2,50,-0.37139124091598774,50,0.02,2,14
R+D,luminal,50,-0.3912254845092743,50,0.0,4,14
R+P+D,basal,50,-0.3062401845863279,50,0.0,2,14
R+P+D,her2,50,-0.34861056634582616,50,0.06,2,14
R+P+D,luminal,50,-0.4773991297466504,50,0.0,1,14
MOFA+,basal,50,-0.3212467034974735,50,0.0,1,14
MOFA+,her2,50,-0.39835941672586217,50,0.02,5,14
MOFA+,luminal,50,-0.33866773742407064,50,0.0,2,14
R,basal,50,-0.32371487177535535,50,0.0,4,15
R,her2,50,-0.17806288545117216,50,0.0,3,15
R,luminal,50,-0.12508825848892596,50,0.0,0,15
R+P,basal,50,-0.25753586223080593,50,0.0,3,15
R+P,her2,50,-0.25766571840091546,50,0.0,3,15
R+P,luminal,50,-0.12708585900652453,50,0.0,0,15
R+D,basal,50,-0.4921071627938913,50,0.0,3,15
R+D,her2,50,-0.3498756490943949,50,0.0,4,15
R+D,luminal,50,-0.27803622428083075,50,0.0,3,15
R+P+D,basal,50,-0.3652345179760382,50,0.0,3,15
R+P+D,her2,50,-0.332906137832573,50,0.0,4,15
R+P+D,luminal,50,-0.334474797143985,50,0.0,2,15
MOFA+,basal,50,-0.5159430532564055,50,0.0,5,15
MOFA+,her2,50,-0.21672749174668915,50,0.0,1,15
MOFA+,luminal,50,-0.08707907674069461,50,0.0,0,15
R,basal,50,-0.13597904690629822,50,0.0,1,16
R,her2,50,-0.25677700724637165,50,0.02,3,16
R,luminal,50,-0.4221299944900916,50,0.04,4,16
R+P,basal,50,-0.09471036033338102,50,0.0,1,16
R+P,her2,50,-0.2706223446706499,50,0.02,2,16
R+P,luminal,50,-0.383811333026679,50,0.02,0,16
R+D,basal,50,-0.3943535672253471,50,0.0,1,16
R+D,her2,50,-0.3736598246700491,50,0.02,2,16
R+D,luminal,50,-0.5469216817803921,50,0.02,7,16
R+P+D,basal,50,-0.27873662504869157,50,0.0,0,16
R+P+D,her2,50,-0.335671505112968,50,0.0,1,16
R+P+D,luminal,50,-0.46377080115180547,50,0.02,4,16
MOFA+,basal,50,-0.5624526968256038,50,0.0,1,16
MOFA+,her2,50,-0.3782726858472879,50,0.0,2,16
MOFA+,luminal,50,-0.22472778073296432,50,0.0,1,16
R,basal,50,-0.1426357918453043,50,0.0,0,17
R,her2,50,-0.38850728025330733,50,0.0,4,17
R,luminal,50,-0.24597791751795348,50,0.0,2,17
R+P,basal,50,-0.17825833833443092,50,0.0,2,17
R+P,her2,50,-0.2919084863674453,50,0.0,0,17
R+P,luminal,50,-0.25600281349751286,50,0.02,1,17
R+D,basal,50,-0.3537341262934807,50,0.0,1,17
R+D,her2,50,-0.5548722231982195,50,0.0,2,17
R+D,luminal,50,-0.42824755489412275,50,0.0,1,17
R+P+D,basal,50,-0.4324786551071727,50,0.0,4,17
R+P+D,her2,50,-0.38971760155550006,50,0.0,1,17
R+P+D,luminal,50,-0.2681963515519529,50,0.0,2,17
MOFA+,basal,50,-0.28982350086081005,50,0.0,2,17
MOFA+,her2,50,-0.08379133735789089,50,0.0,0,17
MOFA+,luminal,50,-0.32524904615232936,50,0.0,1,17
R,basal,50,-0.14261565209565585,50,0.0,1,18
R,her2,50,-0.24563754036321192,50,0.02,1,18
R,luminal,50,-0.47541702644099165,50,0.0,0,18
R+P,basal,50,-0.11473038306359364,50,0.0,0,18
R+P,her2,50,-0.3808796402515228,50,0.02,2,18
R+P,luminal,50,-0.45596820532180976,50,0.0,2,18
R+D,basal,50,-0.14853152922738766,50,0.0,1,18
R+D,her2,50,-0.522832618251621,50,0.02,7,18
R+D,luminal,50,-0.5986157063725582,50,0.0,0,18
R+P+D,basal,50,-0.16004864975573446,50,0.0,0,18
R+P+D,her2,50,-0.43405574042115225,50,0.0,5,18
R+P+D,luminal,50,-0.6613152927733164,50,0.0,1,18
MOFA+,basal,50,-0.28769486971114927,50,0.0,2,18
MOFA+,her2,50,-0.08379133735789089,50,0.0,0,18
MOFA+,luminal,50,-0.5336617848574897,50,0.0,2,18
R,basal,50,-0.22568373111886428,50,0.0,2,19
R,her2,50,-0.27085499295948584,50,0.02,1,19
R,luminal,50,-0.24781502898968152,50,0.0,1,19
R+P,basal,50,-0.16177431319481436,50,0.0,2,19
R+P,her2,50,-0.2683798128196645,50,0.0,1,19
R+P,luminal,50,-0.24413304304893357,50,0.0,2,19
R+D,basal,50,-0.35611247654855155,50,0.0,3,19
R+D,her2,50,-0.5660626016717597,50,0.02,1,19
R+D,luminal,50,-0.2683008587787659,50,0.0,3,19
R+P+D,basal,50,-0.19049266602318712,50,0.0,5,19
R+P+D,her2,50,-0.40166014733601907,50,0.02,3,19
R+P+D,luminal,50,-0.34040309846469463,50,0.02,3,19
MOFA+,basal,50,-0.5054582191460999,50,0.0,4,19
MOFA+,her2,50,-0.3930197206468565,50,0.02,2,19
MOFA+,luminal,50,-0.32575067826405774,50,0.02,2,19
R,basal,50,-0.5307092414407288,50,0.0,4,20
R,her2,50,-0.355147778021264,50,0.02,3,20
R,luminal,50,-0.16585639385022344,50,0.0,0,20
R+P,basal,50,-0.12122028568692292,50,0.0,0,20
R+P,her2,50,-0.4073709908575569,50,0.02,5,20
R+P,luminal,50,-0.1500870381561121,50,0.0,0,20
R+D,basal,50,-0.37550770793615357,50,0.0,1,20
R+D,her2,50,-0.4697906839605062,50,0.02,5,20
R+D,luminal,50,-0.3850131508563689,50,0.0,1,20
R+P+D,basal,50,-0.26064552639273403,50,0.0,0,20
R+P+D,her2,50,-0.5128861698601733,50,0.02,4,20
R+P+D,luminal,50,-0.3020088268817404,50,0.0,1,20
MOFA+,basal,50,-0.39079658001654743,50,0.0,5,20
MOFA+,her2,50,-0.40456322390936145,50,0.0,2,20
MOFA+,luminal,50,-0.014035583308286484,50,0.0,4,20
R,basal,50,-0.6570438735023854,50,0.0,5,21
R,her2,50,-0.2621668616893882,50,0.0,2,21
R,luminal,50,-0.21438828795550038,50,0.0,1,21
R+P,basal,50,-0.5398194567566058,50,0.0,4,21
R+P,her2,50,-0.1740795666022992,50,0.02,0,21
R+P,luminal,50,-0.10754554952763615,50,0.0,0,21
R+D,basal,50,-0.5292389815292854,50,0.0,1,21
R+D,her2,50,-0.2758793502110048,50,0.0,3,21
R+D,luminal,50,-0.3888881582645084,50,0.0,0,21
R+P+D,basal,50,-0.49368216650194713,50,0.0,1,21
R+P+D,her2,50,-0.12946606484099768,50,0.0,2,21
R+P+D,luminal,50,-0.3533203769029143,50,0.0,1,21
MOFA+,basal,50,-0.40261158750576387,50,0.0,1,21
MOFA+,her2,50,-0.21672749174668915,50,0.0,1,21
MOFA+,luminal,50,-0.014035583308286484,50,0.0,4,21
R,basal,50,-0.05122855018160927,50,0.0,0,22
R,her2,50,-0.5234173987960129,50,0.0,3,22
R,luminal,50,-0.3891761619822034,50,0.04,0,22
R+P,basal,50,-0.0409765588052421,50,0.0,1,22
R+P,her2,50,-0.4521228494154799,50,0.0,2,22
R+P,luminal,50,-0.20003013051025864,50,0.0,1,22
R+D,basal,50,-0.23758310454074605,50,0.0,0,22
R+D,her2,50,-0.42561868726309143,50,0.0,2,22
R+D,luminal,50,-0.3999710950822626,50,0.04,1,22
R+P+D,basal,50,-0.10901760457936277,50,0.0,0,22
R+P+D,her2,50,-0.4324740071440199,50,0.0,0,22
R+P+D,luminal,50,-0.41372171802621194,50,0.02,1,22
MOFA+,basal,50,-0.07330649288426355,50,0.0,0,22
MOFA+,her2,50,-0.21672749174668915,50,0.0,1,22
MOFA+,luminal,50,-0.4875302239750314,50,0.0,4,22
R,basal,50,-0.20793234267113317,50,0.0,3,23
R,her2,50,-0.3261044812875845,50,0.02,1,23
R,luminal,50,-0.43802028209820854,50,0.0,6,23
R+P,basal,50,-0.23377504418849385,50,0.0,1,23
R+P,her2,50,-0.31594114866416667,50,0.02,3,23
R+P,luminal,50,-0.2448292329174142,50,0.02,4,23
R+D,basal,50,-0.2576433836294601,50,0.0,0,23
R+D,her2,50,-0.6425765248194935,50,0.02,4,23
R+D,luminal,50,-0.358326366486167,50,0.0,3,23
R+P+D,basal,50,-0.37078651579707556,50,0.0,1,23
R+P+D,her2,50,-0.5989984976389927,50,0.02,4,23
R+P+D,luminal,50,-0.3002999832031006,50,0.0,2,23
MOFA+,basal,50,-0.5159430532564055,50,0.0,5,23
MOFA+,her2,50,-0.7022956727559374,50,0.0,3,23
MOFA+,luminal,50,-0.38706270944304655,50,0.0,1,23
R,basal,50,-0.7582749193766338,50,0.0,2,24
R,her2,50,-0.10140958992427036,50,0.0,1,24
R,luminal,50,-0.3414314510282471,50,0.02,4,24
R+P,basal,50,-0.5765079315682364,50,0.0,1,24
R+P,her2,50,-0.10664665873182105,50,0.0,2,24
R+P,luminal,50,-0.26331273839878494,50,0.0,3,24
R+D,basal,50,-0.5731618563353108,50,0.0,3,24
R+D,her2,50,-0.2707486032878036,50,0.0,1,24
R+D,luminal,50,-0.40452099995009333,50,0.0,5,24
R+P+D,basal,50,-0.5730023188012623,50,0.0,1,24
R+P+D,her2,50,-0.2227780178726807,50,0.0,1,24
R+P+D,luminal,50,-0.3042833058925837,50,0.0,2,24
MOFA+,basal,50,-0.3889951945560759,50,0.0,1,24
MOFA+,her2,50,-0.40456322390936145,50,0.0,2,24
MOFA+,luminal,50,-0.4605362947843053,50,0.0,5,24
R,basal,50,-0.5433107449604561,50,0.0,2,25
R,her2,50,-0.12485507448813879,50,0.0,0,25
R,luminal,50,-0.34816709088255543,50,0.02,0,25
R+P,basal,50,-0.4198964483873509,50,0.0,2,25
R+P,her2,50,-0.18315850488870722,50,0.02,1,25
R+P,luminal,50,-0.22230796512352768,50,0.0,2,25
R+D,basal,50,-0.5395056117826843,50,0.0,4,25
R+D,her2,50,-0.28071966310222984,50,0.0,0,25
R+D,luminal,50,-0.43430277191004946,50,0.02,3,25
R+P+D,basal,50,-0.6291505912935924,50,0.0,2,25
R+P+D,her2,50,-0.2609407241810619,50,0.04,2,25
R+P+D,luminal,50,-0.333457615564468,50,0.0,2,25
MOFA+,basal,50,-0.3915193340880218,50,0.0,2,25
MOFA+,her2,50,-0.5652605157510739,50,0.0,1,25
MOFA+,luminal,50,-0.4875302239750314,50,0.0,4,25
R,basal,50,-0.5333333135080337,50,0.0,2,26
R,her2,50,-0.3624733848096603,50,0.0,2,26
R,luminal,50,-0.15940008871460418,50,0.0,2,26
R+P,basal,50,-0.66038052475778,50,0.0,3,26
R+P,her2,50,-0.29247028913300055,50,0.0,1,26
R+P,luminal,50,-0.16011804419525547,50,0.0,1,26
R+D,basal,50,-0.6520564056354569,50,0.0,1,26
R+D,her2,50,-0.5448773399255586,50,0.0,5,26
R+D,luminal,50,-0.2746422554352648,50,0.0,2,26
R+P+D,basal,50,-0.7196971784366442,50,0.0,2,26
R+P+D,her2,50,-0.30896594614013073,50,0.0,3,26
R+P+D,luminal,50,-0.2568467061731939,50,0.0,2,26
MOFA+,basal,50,-0.5159430532564055,50,0.0,5,26
MOFA+,her2,50,-0.3782726858472879,50,0.0,2,26
MOFA+,luminal,50,-0.014035583308286484,50,0.0,4,26
R,basal,50,-0.1472833747209832,50,0.0,5,27
R,her2,50,-0.8899582363853743,50,0.02,2,27
R,luminal,50,-0.32612823013311387,50,0.0,1,27
R+P,basal,50,-0.12278739428419774,50,0.0,4,27
R+P,her2,50,-0.7970898375983516,50,0.02,3,27
R+P,luminal,50,-0.120390039580698,50,0.0,2,27
R+D,basal,50,-0.25685955955161593,50,0.0,2,27
R+D,her2,50,-0.6578997417436316,50,0.02,4,27
R+D,luminal,50,-0.39706453434787226,50,0.0,2,27
R+P+D,basal,50,-0.1493263880857574,50,0.0,2,27
R+P+D,her2,50,-0.7827749431181542,50,0.02,2,27
R+P+D,luminal,50,-0.17844126317863127,50,0.0,4,27
MOFA+,basal,50,-0.28769486971114927,50,0.0,2,27
MOFA+,her2,50,-0.7022956727559374,50,0.0,3,27
MOFA+,luminal,50,-0.32179389140566017,50,0.0,2,27
R,basal,50,-0.24405348936818388,50,0.0,1,28
R,her2,50,-0.721308273466804,50,0.0,4,28
R,luminal,50,-0.21204939167412193,50,0.02,5,28
R+P,basal,50,-0.20090591730493793,50,0.0,2,28
R+P,her2,50,-0.4053959997179941,50,0.0,3,28
R+P,luminal,50,-0.22831016220940412,50,0.02,5,28
R+D,basal,50,-0.4503811411392239,50,0.0,0,28
R+D,her2,50,-0.5987021604835412,50,0.0,4,28
R+D,luminal,50,-0.3230786280599232,50,0.02,2,28
R+P+D,basal,50,-0.3054128640503583,50,0.0,2,28
R+P+D,her2,50,-0.5759005727630632,50,0.0,0,28
R+P+D,luminal,50,-0.23111839967772826,50,0.02,3,28
MOFA+,basal,50,-0.21929701202341526,50,0.0,1,28
MOFA+,her2,50,-0.5491719546595314,50,0.0,3,28
MOFA+,luminal,50,-0.27498818356268634,50,0.0,1,28
R,basal,50,-0.18745473973235202,50,0.0,0,29
R,her2,50,-0.24955617998474874,50,0.0,0,29
R,luminal,50,-0.22846365407014152,50,0.0,0,29
R+P,basal,50,-0.28370323383599244,50,0.0,0,29
R+P,her2,50,-0.26853910990709656,50,0.0,2,29
R+P,luminal,50,-0.26585369654944246,50,0.0,3,29
R+D,basal,50,-0.39345270188419235,50,0.0,4,29
R+D,her2,50,-0.4792196415707317,50,0.0,3,29
R+D,luminal,50,-0.3394450572862777,50,0.02,1,29
R+P+D,basal,50,-0.5159508325023827,50,0.0,3,29
R+P+D,her2,50,-0.40896038666361434,50,0.0,3,29
R+P+D,luminal,50,-0.257996875707053,50,0.02,2,29
MOFA+,basal,50,-0.07330649288426355,50,0.0,0,29
MOFA+,her2,50,-0.3120793521641551,50,0.0,1,29
MOFA+,luminal,50,-0.22472778073296432,50,0.0,1,29
R,basal,50,-0.29971286384659657,50,0.0,2,30
R,her2,50,-0.1882771696981925,50,0.02,2,30
R,luminal,50,-0.35819073578500626,50,0.0,1,30
R+P,basal,50,-0.276535980150629,50,0.0,1,30
R+P,her2,50,-0.10736566991572183,50,0.0,2,30
R+P,luminal,50,-0.498279570238503,50,0.0,2,30
R+D,basal,50,-0.48115142848336556,50,0.0,2,30
R+D,her2,50,-0.34290182182956824,50,0.0,1,30
R+D,luminal,50,-0.4798630693029596,50,0.0,2,30
R+P+D,basal,50,-0.34652848385100826,50,0.0,3,30
R+P+D,her2,50,-0.28838146997102077,50,0.0,0,30
R+P+D,luminal,50,-0.5457823766160395,50,0.0,2,30
MOFA+,basal,50,-0.5054582191460999,50,0.0,4,30
MOFA+,her2,50,-0.01313290143070867,50,0.0,4,30
MOFA+,luminal,50,-0.42447621761666204,50,0.0,2,30
R,basal,50,-0.43745175902032957,50,0.0,2,31
R,her2,50,-0.1617073681359467,50,0.0,0,31
R,luminal,50,-0.26251165429215145,50,0.0,2,31
R+P,basal,50,-0.3674495597787686,50,0.0,2,31
R+P,her2,50,-0.14286545995260716,50,0.02,2,31
R+P,luminal,50,-0.1920619019147389,50,0.0,0,31
R+D,basal,50,-0.4879583540277328,50,0.0,4,31
R+D,her2,50,-0.22438099457618602,50,0.02,1,31
R+D,luminal,50,-0.4808236169239459,50,0.0,1,31
R+P+D,basal,50,-0.4000376305922771,50,0.0,3,31
R+P+D,her2,50,-0.2205533452945687,50,0.04,4,31
R+P+D,luminal,50,-0.39152636421776804,50,0.0,0,31
MOFA+,basal,50,-0.3889951945560759,50,0.0,1,31
MOFA+,her2,50,-0.42313238618869314,50,0.02,1,31
MOFA+,luminal,50,-0.014035583308286484,50,0.0,4,31
R,basal,50,-0.3564582082890859,50,0.0,2,32
R,her2,50,-0.08650725429178169,50,0.02,0,32
R,luminal,50,-0.6637532917678748,50,0.02,6,32
R+P,basal,50,-0.23272504686433101,50,0.0,0,32
R+P,her2,50,-0.23023996477958214,50,0.02,1,32
R+P,luminal,50,-0.6257218820413168,50,0.0,8,32
R+D,basal,50,-0.5112396540263265,50,0.0,2,32
R+D,her2,50,-0.27872088202054196,50,0.0,1,32
R+D,luminal,50,-0.572676025607096,50,0.02,5,32
R+P+D,basal,50,-0.34045018932415055,50,0.0,0,32
R+P+D,her2,50,-0.32732806316478325,50,0.0,1,32
R+P+D,luminal,50,-0.5690477212738366,50,0.02,6,32
MOFA+,basal,50,-0.3212467034974735,50,0.0,1,32
MOFA+,her2,50,-0.40456322390936145,50,0.0,2,32
MOFA+,luminal,50,-0.7166178630053172,50,0.0,3,32
R,basal,50,-0.16421121844708036,50,0.0,3,33
R,her2,50,-0.6189630242875124,50,0.02,2,33
R,luminal,50,-0.3583757430439627,50,0.0,4,33
R+P,basal,50,-0.11768504179747637,50,0.0,3,33
R+P,her2,50,-0.4228376835694128,50,0.0,0,33
R+P,luminal,50,-0.2221705551670559,50,0.0,4,33
R+D,basal,50,-0.17908087331963674,50,0.0,4,33
R+D,her2,50,-0.5612927359165719,50,0.0,4,33
R+D,luminal,50,-0.3687443191376105,50,0.02,3,33
R+P+D,basal,50,-0.15002525194396843,50,0.0,2,33
R+P+D,her2,50,-0.388864656207484,50,0.0,2,33
R+P+D,luminal,50,-0.2829709268526005,50,0.0,3,33
MOFA+,basal,50,-0.28769486971114927,50,0.0,2,33
MOFA+,her2,50,-0.5159761307760569,50,0.0,4,33
MOFA+,luminal,50,-0.32524904615232936,50,0.0,1,33
R,basal,50,-0.2799640464352661,50,0.0,2,34
R,her2,50,-0.2765188585319093,50,0.0,1,34
R,luminal,50,-0.17814063308129893,50,0.02,2,34
R+P,basal,50,-0.4032028751260737,50,0.0,1,34
R+P,her2,50,-0.19695937109922398,50,0.0,1,34
R+P,luminal,50,-0.2966088338713928,50,0.02,3,34
R+D,basal,50,-0.3675225441400016,50,0.0,2,34
R+D,her2,50,-0.3262262907782342,50,0.0,2,34
R+D,luminal,50,-0.5172708645029603,50,0.0,3,34
R+P+D,basal,50,-0.44607816164012754,50,0.0,2,34
R+P+D,her2,50,-0.20814816783804976,50,0.0,0,34
R+P+D,luminal,50,-0.3822482752547793,50,0.02,5,34
MOFA+,basal,50,-0.39079658001654743,50,0.0,5,34
MOFA+,her2,50,-0.3930197206468565,50,0.02,2,34
MOFA+,luminal,50,-0.32575067826405774,50,0.02,2,34
R,basal,50,-0.4191001914186807,50,0.0,2,35
R,her2,50,-0.26290559663864355,50,0.04,1,35
R,luminal,50,-0.11116717220721921,50,0.0,1,35
R+P,basal,50,-0.3609992733960462,50,0.0,2,35
R+P,her2,50,-0.21981851657146734,50,0.04,1,35
R+P,luminal,50,-0.14550743366139834,50,0.0,2,35
R+D,basal,50,-0.4923401887837713,50,0.0,4,35
R+D,her2,50,-0.44213151146717794,50,0.04,1,35
R+D,luminal,50,-0.3005685299543412,50,0.0,1,35
R+P+D,basal,50,-0.36499073665637083,50,0.0,2,35
R+P+D,her2,50,-0.3090610404505689,50,0.02,0,35
R+P+D,luminal,50,-0.2748677419882978,50,0.0,6,35
MOFA+,basal,50,-0.368276449712905,50,0.02,2,35
MOFA+,her2,50,-0.5159761307760569,50,0.0,4,35
MOFA+,luminal,50,-0.014035583308286484,50,0.0,4,35
R,basal,50,-0.38170666318051255,50,0.0,0,36
R,her2,50,-0.231559937319821,50,0.0,1,36
R,luminal,50,-0.4671561741032992,50,0.0,5,36
R+P,basal,50,-0.35051948216059353,50,0.0,1,36
R+P,her2,50,-0.08436100726702651,50,0.0,2,36
R+P,luminal,50,-0.3657844372615851,50,0.0,7,36
R+D,basal,50,-0.3830827460448058,50,0.0,1,36
R+D,her2,50,-0.3711714614292744,50,0.0,2,36
R+D,luminal,50,-0.37299841090685726,50,0.0,2,36
R+P+D,basal,50,-0.41400648739721346,50,0.0,1,36
R+P+D,her2,50,-0.2834193679291068,50,0.0,2,36
R+P+D,luminal,50,-0.41197109546394706,50,0.0,1,36
MOFA+,basal,50,-0.4181651333139253,50,0.0,2,36
MOFA+,her2,50,-0.01313290143070867,50,0.0,4,36
MOFA+,luminal,50,-0.4108772374338225,50,0.02,1,36
R,basal,50,-0.6071672129704573,50,0.0,3,37
R,her2,50,-0.635745782404674,50,0.0,3,37
R,luminal,50,-0.13869363172364887,50,0.0,0,37
R+P,basal,50,-0.3581341303033656,50,0.0,2,37
R+P,her2,50,-0.5347491914294834,50,0.0,3,37
R+P,luminal,50,-0.1539233846416093,50,0.0,1,37
R+D,basal,50,-0.5529393540064186,50,0.0,3,37
R+D,her2,50,-0.5873284756906112,50,0.0,2,37
R+D,luminal,50,-0.16475960282203025,50,0.0,1,37
R+P+D,basal,50,-0.3354488149970165,50,0.0,1,37
R+P+D,her2,50,-0.6275785943244402,50,0.0,4,37
R+P+D,luminal,50,-0.11482736454423982,50,0.0,1,37
MOFA+,basal,50,-0.3212467034974735,50,0.0,1,37
MOFA+,her2,50,-0.5067927857540258,50,0.0,2,37
MOFA+,luminal,50,-0.049338171842283035,50,0.0,3,37
R,basal,50,-0.30344851769665804,50,0.0,1,38
R,her2,50,-0.5622654234347758,50,0.0,3,38
R,luminal,50,-0.21926201844770812,50,0.0,2,38
R+P,basal,50,-0.22286755263506738,50,0.0,0,38
R+P,her2,50,-0.18992528261909197,50,0.0,2,38
R+P,luminal,50,-0.17696478130601567,50,0.0,3,38
R+D,basal,50,-0.48818020556279157,50,0.0,2,38
R+D,her2,50,-0.6626832680843497,50,0.0,8,38
R+D,luminal,50,-0.3329950835124958,50,0.0,1,38
R+P+D,basal,50,-0.4623112060084065,50,0.0,2,38
R+P+D,her2,50,-0.5740586570107604,50,0.0,7,38
R+P+D,luminal,50,-0.41672072877981703,50,0.0,3,38
MOFA+,basal,50,-0.4181651333139253,50,0.0,2,38
MOFA+,her2,50,-0.36001283190272754,50,0.0,1,38
MOFA+,luminal,50,-0.4605362947843053,50,0.0,5,38
R,basal,50,-0.19696518895396703,50,0.0,0,39
R,her2,50,-0.1919056767268316,50,0.0,5,39
R,luminal,50,-0.4822329215780967,50,0.0,2,39
R+P,basal,50,-0.13553222471903753,50,0.0,1,39
R+P,her2,50,-0.1939237908470225,50,0.0,3,39
R+P,luminal,50,-0.25270314315790116,50,0.0,0,39
R+D,basal,50,-0.47648279969113033,50,0.0,4,39
R+D,her2,50,-0.2795139861072893,50,0.0,3,39
R+D,luminal,50,-0.5891372830138323,50,0.0,1,39
R+P+D,basal,50,-0.2660115836348974,50,0.0,2,39
R+P+D,her2,50,-0.3326124582031042,50,0.02,4,39
R+P+D,luminal,50,-0.38144523082752174,50,0.0,0,39
MOFA+,basal,50,-0.28982350086081005,50,0.0,2,39
MOFA+,her2,50,-0.31448275361111183,50,0.04,2,39
MOFA+,luminal,50,-0.5336617848574897,50,0.0,2,39
R,basal,50,-0.5118045500191359,50,0.0,1,40
R,her2,50,-0.3202977333880535,50,0.0,2,40
R,luminal,50,-0.32359009002448075,50,0.0,3,40
R+P,basal,50,-0.23349490768075598,50,0.0,0,40
R+P,her2,50,-0.21827930974615356,50,0.0,1,40
R+P,luminal,50,-0.1675916068604898,50,0.0,2,40
R+D,basal,50,-0.3868715441231738,50,0.0,1,40
R+D,her2,50,-0.404350690192389,50,0.0,4,40
R+D,luminal,50,-0.324386553279576,50,0.0,1,40
R+P+D,basal,50,-0.3062497978280512,50,0.0,0,40
R+P+D,her2,50,-0.3956941782322771,50,0.0,3,40
R+P+D,luminal,50,-0.3326667542527742,50,0.0,1,40
MOFA+,basal,50,-0.3212467034974735,50,0.0,1,40
MOFA+,her2,50,-0.5652605157510739,50,0.0,1,40
MOFA+,luminal,50,-0.32179389140566017,50,0.0,2,40
R,basal,50,-0.392180126855137,50,0.0,3,41
R,her2,50,-0.30813348995603507,50,0.0,1,41
R,luminal,50,-0.13984232746617795,50,0.0,1,41
R+P,basal,50,-0.26074065915811667,50,0.0,4,41
R+P,her2,50,-0.3822994824766151,50,0.0,0,41
R+P,luminal,50,-0.10944756207320833,50,0.0,0,41
R+D,basal,50,-0.5530286308507548,50,0.0,2,41
R+D,her2,50,-0.5000542009890758,50,0.0,3,41
R+D,luminal,50,-0.26787416211597387,50,0.0,2,41
R+P+D,basal,50,-0.42535591079823276,50,0.0,3,41
R+P+D,her2,50,-0.581156233752647,50,0.0,2,41
R+P+D,luminal,50,-0.09787715212842198,50,0.0,1,41
MOFA+,basal,50,-0.5054582191460999,50,0.0,4,41
MOFA+,her2,50,-0.3120793521641551,50,0.0,1,41
MOFA+,luminal,50,-0.33866773742407064,50,0.0,2,41
R,basal,50,-0.41809374888898276,50,0.0,2,42
R,her2,50,-0.5954225683294996,50,0.0,6,42
R,luminal,50,-0.4299128246844785,50,0.0,3,42
R+P,basal,50,-0.20788560124851432,50,0.0,1,42
R+P,her2,50,-0.399248005283024,50,0.0,1,42
R+P,luminal,50,-0.30401488641756425,50,0.0,5,42
R+D,basal,50,-0.48823405409146275,50,0.0,5,42
R+D,her2,50,-0.4413814425676011,50,0.0,4,42
R+D,luminal,50,-0.47660585123537413,50,0.0,2,42
R+P+D,basal,50,-0.336053348808521,50,0.0,2,42
R+P+D,her2,50,-0.44271736776920323,50,0.0,2,42
R+P+D,luminal,50,-0.3198814109584986,50,0.0,2,42
MOFA+,basal,50,-0.3212467034974735,50,0.0,1,42
MOFA+,her2,50,-0.42313238618869314,50,0.02,1,42
MOFA+,luminal,50,-0.4605362947843053,50,0.0,5,42
R,basal,50,-0.22450023884303025,50,0.0,2,43
R,her2,50,-0.18249507723453576,50,0.02,2,43
R,luminal,50,-0.6379162412143806,50,0.0,2,43
R+P,basal,50,-0.17128558041547098,50,0.0,1,43
R+P,her2,50,-0.16402463777291282,50,0.02,3,43
R+P,luminal,50,-0.7287922996949344,50,0.0,5,43
R+D,basal,50,-0.34227799418853655,50,0.0,1,43
R+D,her2,50,-0.35980574900718215,50,0.02,3,43
R+D,luminal,50,-0.6066218117373964,50,0.0,3,43
R+P+D,basal,50,-0.2253281192504439,50,0.0,2,43
R+P+D,her2,50,-0.25541672991649933,50,0.02,2,43
R+P+D,luminal,50,-0.6291554794922353,50,0.0,3,43
MOFA+,basal,50,-0.28769486971114927,50,0.0,2,43
MOFA+,her2,50,-0.3120793521641551,50,0.0,1,43
MOFA+,luminal,50,-0.5336617848574897,50,0.0,2,43
R,basal,50,-0.28491423312319886,50,0.0,3,44
R,her2,50,-0.16911349256197056,50,0.02,0,44
R,luminal,50,-0.41260724665121473,50,0.02,3,44
R+P,basal,50,-0.43543488904429073,50,0.0,2,44
R+P,her2,50,-0.09256062564442231,50,0.0,1,44
R+P,luminal,50,-0.3573569378616688,50,0.0,4,44
R+D,basal,50,-0.5048966266947043,50,0.0,6,44
R+D,her2,50,-0.2956251859082357,50,0.02,1,44
R+D,luminal,50,-0.6605614984641466,50,0.0,8,44
R+P+D,basal,50,-0.49974452412161424,50,0.0,2,44
R+P+D,her2,50,-0.24399028430453742,50,0.0,1,44
R+P+D,luminal,50,-0.6575826846637214,50,0.0,7,44
MOFA+,basal,50,-0.21929701202341526,50,0.0,1,44
MOFA+,her2,50,-0.3930197206468565,50,0.02,2,44
MOFA+,luminal,50,-0.4875302239750314,50,0.0,4,44
R,basal,50,-0.23460720766190807,50,0.0,2,45
R,her2,50,-0.5037597872105843,50,0.0,1,45
R,luminal,50,-0.33729888858825724,50,0.0,3,45
R+P,basal,50,-0.07452250416373647,50,0.0,3,45
R+P,her2,50,-0.52821541741998,50,0.0,2,45
R+P,luminal,50,-0.21012529238806318,50,0.0,2,45
R+D,basal,50,-0.27561765782455067,50,0.0,0,45
R+D,her2,50,-0.4435339225231487,50,0.0,1,45
R+D,luminal,50,-0.5965478962472219,50,0.0,6,45
R+P+D,basal,50,-0.20772381694412315,50,0.0,1,45
R+P+D,her2,50,-0.6359966594348886,50,0.0,3,45
R+P+D,luminal,50,-0.4235360854020173,50,0.0,4,45
MOFA+,basal,50,-0.28982350086081005,50,0.0,2,45
MOFA+,her2,50,-0.5067927857540258,50,0.0,2,45
MOFA+,luminal,50,-0.08707907674069461,50,0.0,0,45
R,basal,50,-0.5929493267641429,50,0.0,5,46
R,her2,50,-0.2653781951099233,50,0.02,5,46
R,luminal,50,-0.23103776972803758,50,0.0,1,46
R+P,basal,50,-0.6125352702097002,50,0.0,3,46
R+P,her2,50,-0.16250227334463355,50,0.0,5,46
R+P,luminal,50,-0.15362269128017159,50,0.0,0,46
R+D,basal,50,-0.36838034355203886,50,0.0,2,46
R+D,her2,50,-0.3851465593154268,50,0.02,4,46
R+D,luminal,50,-0.307141144117293,50,0.0,2,46
R+P+D,basal,50,-0.4558024580163492,50,0.0,2,46
R+P+D,her2,50,-0.3353211266937371,50,0.0,5,46
R+P+D,luminal,50,-0.27222596469817667,50,0.0,2,46
MOFA+,basal,50,-0.7399409894194376,50,0.0,3,46
MOFA+,her2,50,-0.04592504717146089,50,0.0,3,46
MOFA+,luminal,50,-0.08707907674069461,50,0.0,0,46
R,basal,50,-0.14720721338884102,50,0.0,0,47
R,her2,50,-0.17207688830283982,50,0.02,1,47
R,luminal,50,-0.26257862398780807,50,0.0,5,47
R+P,basal,50,-0.19489287124502985,50,0.0,0,47
R+P,her2,50,-0.19016297691140477,50,0.0,1,47
R+P,luminal,50,-0.18594906620857254,50,0.0,2,47
R+D,basal,50,-0.2232664780923842,50,0.0,2,47
R+D,her2,50,-0.17616957222507196,50,0.0,1,47
R+D,luminal,50,-0.34734357973248736,50,0.0,5,47
R+P+D,basal,50,-0.24306857815967375,50,0.0,2,47
R+P+D,her2,50,-0.2525738238467489,50,0.0,3,47
R+P+D,luminal,50,-0.32246652180761903,50,0.0,4,47
MOFA+,basal,50,-0.27447206105048505,50,0.0,1,47
MOFA+,her2,50,-0.42313238618869314,50,0.02,1,47
MOFA+,luminal,50,-0.4875302239750314,50,0.0,4,47
R,basal,50,-0.30974344858329067,50,0.0,2,48
R,her2,50,-0.5567566189610507,50,0.0,6,48
R,luminal,50,-0.3573403546724411,50,0.0,2,48
R+P,basal,50,-0.2137231781913988,50,0.0,1,48
R+P,her2,50,-0.5069071435706416,50,0.0,3,48
R+P,luminal,50,-0.2740422224093171,50,0.02,1,48
R+D,basal,50,-0.335118821217537,50,0.0,0,48
R+D,her2,50,-0.548285717467988,50,0.0,3,48
R+D,luminal,50,-0.46455909501596465,50,0.02,4,48
R+P+D,basal,50,-0.269937735482201,50,0.0,0,48
R+P+D,her2,50,-0.5764855982511888,50,0.0,4,48
R+P+D,luminal,50,-0.27986293514480876,50,0.02,4,48
MOFA+,basal,50,-0.5178778430235921,50,0.0,2,48
MOFA+,her2,50,-0.5491719546595314,50,0.0,3,48
MOFA+,luminal,50,-0.32524904615232936,50,0.0,1,48
R,basal,50,-0.17200037886816477,50,0.0,2,49
R,her2,50,-0.44407001925729717,50,0.0,2,49
R,luminal,50,-0.29435224189002496,50,0.02,1,49
R+P,basal,50,-0.10608963288847327,50,0.0,0,49
R+P,her2,50,-0.3796434757818409,50,0.0,4,49
R+P,luminal,50,-0.22773834761237732,50,0.02,0,49
R+D,basal,50,-0.28215160383844173,50,0.0,3,49
R+D,her2,50,-0.36455939021169104,50,0.0,1,49
R+D,luminal,50,-0.3241702554883635,50,0.0,3,49
R+P+D,basal,50,-0.2039961382380998,50,0.0,2,49
R+P+D,her2,50,-0.43452082746359644,50,0.0,2,49
R+P+D,luminal,50,-0.3744845916516546,50,0.02,1,49
MOFA+,basal,50,-0.053421368184589986,50,0.0,3,49
MOFA+,her2,50,-0.7022956727559374,50,0.0,3,49
MOFA+,luminal,50,-0.08707907674069461,50,0.0,0,49
R,basal,50,-0.41106956993744675,50,0.0,3,50
R,her2,50,-0.415316840617298,50,0.0,2,50
R,luminal,50,-0.21946555575830945,50,0.02,2,50
R+P,basal,50,-0.17670468702469994,50,0.0,0,50
R+P,her2,50,-0.17265465423960402,50,0.0,0,50
R+P,luminal,50,-0.2257073876229225,50,0.0,1,50
R+D,basal,50,-0.39190133705105273,50,0.0,1,50
R+D,her2,50,-0.4738755813231002,50,0.0,4,50
R+D,luminal,50,-0.3662190274815283,50,0.02,3,50
R+P+D,basal,50,-0.36252790643281935,50,0.0,1,50
R+P+D,her2,50,-0.2891919733443055,50,0.0,2,50
R+P+D,luminal,50,-0.35943279325242883,50,0.02,3,50
MOFA+,basal,50,-0.368276449712905,50,0.02,2,50
MOFA+,her2,50,-0.5491719546595314,50,0.0,3,50
MOFA+,luminal,50,-0.5834359116792033,50,0.0,1,50
R,basal,50,-0.2900433188722159,50,0.0,2,51
R,her2,50,-0.27399834140478685,50,0.0,1,51
R,luminal,50,-0.38237145707200215,50,0.0,5,51
R+P,basal,50,-0.23429388588838987,50,0.0,1,51
R+P,her2,50,-0.062453609553651875,50,0.0,0,51
R+P,luminal,50,-0.33941439072107005,50,0.0,2,51
R+D,basal,50,-0.4482759199135866,50,0.0,3,51
R+D,her2,50,-0.3415647118121546,50,0.0,1,51
R+D,luminal,50,-0.4441608762427684,50,0.0,4,51
R+P+D,basal,50,-0.3267620509191772,50,0.0,2,51
R+P+D,her2,50,-0.24368020218609787,50,0.02,1,51
R+P+D,luminal,50,-0.45084613650259675,50,0.0,1,51
MOFA+,basal,50,-0.28769486971114927,50,0.0,2,51
MOFA+,her2,50,-0.5491719546595314,50,0.0,3,51
MOFA+,luminal,50,-0.5336617848574897,50,0.0,2,51
R,basal,50,-0.5398105090142612,50,0.0,2,52
R,her2,50,-0.2633863661955493,50,0.02,1,52
R,luminal,50,-0.2938567629571246,50,0.02,4,52
R+P,basal,50,-0.5291645514143444,50,0.0,2,52
R+P,her2,50,-0.33750686986923134,50,0.02,1,52
R+P,luminal,50,-0.07827564917279278,50,0.02,1,52
R+D,basal,50,-0.5216801108024568,50,0.0,4,52
R+D,her2,50,-0.41082063387573436,50,0.02,0,52
R+D,luminal,50,-0.35824156326280454,50,0.0,5,52
R+P+D,basal,50,-0.5368268052741544,50,0.0,4,52
R+P+D,her2,50,-0.4247801357406253,50,0.02,1,52
R+P+D,luminal,50,-0.25499532022417293,50,0.02,3,52
MOFA+,basal,50,-0.5178778430235921,50,0.0,2,52
MOFA+,her2,50,-0.5652605157510739,50,0.0,1,52
MOFA+,luminal,50,-0.049338171842283035,50,0.0,3,52
R,basal,50,-0.16661685621859743,50,0.0,3,53
R,her2,50,-0.4536205457387839,50,0.0,3,53
R,luminal,50,-0.3027800469987594,50,0.0,1,53
R+P,basal,50,-0.23484066337812046,50,0.0,2,53
R+P,her2,50,-0.18022464118294917,50,0.0,1,53
R+P,luminal,50,-0.22375579528339098,50,0.06,0,53
R+D,basal,50,-0.4472396849303621,50,0.0,1,53
R+D,her2,50,-0.43266920677514137,50,0.0,3,53
R+D,luminal,50,-0.35931973646205284,50,0.04,0,53
R+P+D,basal,50,-0.3023379017117441,50,0.0,0,53
R+P+D,her2,50,-0.3197857598739975,50,0.0,2,53
R+P+D,luminal,50,-0.35036469010344673,50,0.04,0,53
MOFA+,basal,50,-0.5624526968256038,50,0.0,1,53
MOFA+,her2,50,-0.5491719546595314,50,0.0,3,53
MOFA+,luminal,50,-0.33866773742407064,50,0.0,2,53
R,basal,50,-0.27679330210635716,50,0.0,0,54
R,her2,50,-0.09484310895165318,50,0.0,0,54
R,luminal,50,-0.49307834642114856,50,0.0,3,54
R+P,basal,50,-0.08668226056157391,50,0.0,0,54
R+P,her2,50,-0.1327236997424703,50,0.0,1,54
R+P,luminal,50,-0.6261061600821567,50,0.0,2,54
R+D,basal,50,-0.23809512296281427,50,0.0,1,54
R+D,her2,50,-0.23464369765446072,50,0.02,3,54
R+D,luminal,50,-0.5259790647526082,50,0.0,3,54
R+P+D,basal,50,-0.15959651875551,50,0.0,1,54
R+P+D,her2,50,-0.2834343335514534,50,0.0,1,54
R+P+D,luminal,50,-0.5755275626076685,50,0.0,4,54
MOFA+,basal,50,-0.27447206105048505,50,0.0,1,54
MOFA+,her2,50,-0.08379133735789089,50,0.0,0,54
MOFA+,luminal,50,-0.4108772374338225,50,0.02,1,54
R,basal,50,-0.4056944308115793,50,0.0,1,55
R,her2,50,-0.09708990078331448,50,0.0,1,55
R,luminal,50,-0.28315937805985647,50,0.0,2,55
R+P,basal,50,-0.5064852432761315,50,0.0,1,55
R+P,her2,50,-0.07947203384869388,50,0.0,1,55
R+P,luminal,50,-0.2332859993484017,50,0.0,0,55
R+D,basal,50,-0.5125432741618549,50,0.0,2,55
R+D,her2,50,-0.25488869868374603,50,0.0,2,55
R+D,luminal,50,-0.2636907030345327,50,0.0,1,55
R+P+D,basal,50,-0.6574584198421581,50,0.0,2,55
R+P+D,her2,50,-0.08627753649284632,50,0.0,4,55
R+P+D,luminal,50,-0.2512665114326263,50,0.0,1,55
MOFA+,basal,50,-0.7399409894194376,50,0.0,3,55
MOFA+,her2,50,-0.36001283190272754,50,0.0,1,55
MOFA+,luminal,50,-0.049338171842283035,50,0.0,3,55
R,basal,50,-0.5767741857413453,50,0.0,3,56
R,her2,50,-0.49329459217667776,50,0.0,3,56
R,luminal,50,-0.16656975838813295,50,0.02,0,56
R+P,basal,50,-0.5231996408339742,50,0.0,3,56
R+P,her2,50,-0.24508887876639304,50,0.0,0,56
R+P,luminal,50,-0.2503541900580002,50,0.0,1,56
R+D,basal,50,-0.49560685257749426,50,0.0,1,56
R+D,her2,50,-0.5675512418890644,50,0.0,3,56
R+D,luminal,50,-0.4201668041939699,50,0.0,1,56
R+P+D,basal,50,-0.4797215860187078,50,0.0,2,56
R+P+D,her2,50,-0.33997456591518677,50,0.0,2,56
R+P+D,luminal,50,-0.3602931145461155,50,0.0,1,56
MOFA+,basal,50,-0.5624526968256038,50,0.0,1,56
MOFA+,her2,50,-0.3782726858472879,50,0.0,2,56
MOFA+,luminal,50,-0.5834359116792033,50,0.0,1,56
R,basal,50,-0.3269619994730192,50,0.0,2,57
R,her2,50,-0.49307747777476607,50,0.02,3,57
R,luminal,50,-0.3710353279159814,50,0.0,0,57
R+P,basal,50,-0.1571289812461931,50,0.0,1,57
R+P,her2,50,-0.5325915074369485,50,0.04,4,57
R+P,luminal,50,-0.1650587873995142,50,0.0,0,57
R+D,basal,50,-0.42751602142005024,50,0.0,1,57
R+D,her2,50,-0.5227072154519595,50,0.0,6,57
R+D,luminal,50,-0.3800591573802093,50,0.0,3,57
R+P+D,basal,50,-0.3478352448754791,50,0.0,2,57
R+P+D,her2,50,-0.6459424095918912,50,0.0,7,57
R+P+D,luminal,50,-0.23562969201355663,50,0.0,1,57
MOFA+,basal,50,-0.39079658001654743,50,0.0,5,57
MOFA+,her2,50,-0.42313238618869314,50,0.02,1,57
MOFA+,luminal,50,-0.42447621761666204,50,0.0,2,57
R,basal,50,-0.35046205006364617,50,0.0,6,58
R,her2,50,-0.3692806029344983,50,0.0,0,58
R,luminal,50,-0.4752691882025533,50,0.0,5,58
R+P,basal,50,-0.1711529094401637,50,0.0,1,58
R+P,her2,50,-0.20140218146154418,50,0.02,0,58
R+P,luminal,50,-0.39271725823708686,50,0.0,6,58
R+D,basal,50,-0.4176646510857121,50,0.0,5,58
R+D,her2,50,-0.5040009364604144,50,0.0,2,58
R+D,luminal,50,-0.5756106699894239,50,0.0,5,58
R+P+D,basal,50,-0.41723610524755195,50,0.0,5,58
R+P+D,her2,50,-0.43955929238911196,50,0.0,0,58
R+P+D,luminal,50,-0.47032752247129905,50,0.02,5,58
MOFA+,basal,50,-0.3212467034974735,50,0.0,1,58
MOFA+,her2,50,-0.5067927857540258,50,0.0,2,58
MOFA+,luminal,50,-0.5614016197427435,50,0.0,3,58
R,basal,50,-0.2498165661554067,50,0.0,0,59
R,her2,50,-0.62799559459557,50,0.0,0,59
R,luminal,50,-0.1354276997167689,50,0.0,1,59
R+P,basal,50,-0.25449732060747765,50,0.0,2,59
R+P,her2,50,-0.4565320219291379,50,0.0,4,59
R+P,luminal,50,-0.23508094205118737,50,0.0,0,59
R+D,basal,50,-0.5142406403154055,50,0.0,3,59
R+D,her2,50,-0.6718555430363077,50,0.0,0,59
R+D,luminal,50,-0.34453400667923506,50,0.0,1,59
R+P+D,basal,50,-0.34094229015787675,50,0.0,4,59
R+P+D,her2,50,-0.5623751780224202,50,0.0,1,59
R+P+D,luminal,50,-0.3016531945567981,50,0.0,0,59
MOFA+,basal,50,-0.21929701202341526,50,0.0,1,59
MOFA+,her2,50,-0.5652605157510739,50,0.0,1,59
MOFA+,luminal,50,-0.049338171842283035,50,0.0,3,59
R,basal,50,-0.3851251456806889,50,0.0,4,60
R,her2,50,-0.31436660717624804,50,0.0,5,60
R,luminal,50,-0.2310165441961898,50,0.04,1,60
R+P,basal,50,-0.3182372551424021,50,0.0,3,60
R+P,her2,50,-0.3622783849058162,50,0.0,2,60
R+P,luminal,50,-0.16137937128321655,50,0.04,0,60
R+D,basal,50,-0.5267328083511649,50,0.0,3,60
R+D,her2,50,-0.2784420086456248,50,0.0,3,60
R+D,luminal,50,-0.3048872016131149,50,0.0,1,60
R+P+D,basal,50,-0.411211909697331,50,0.0,0,60
R+P+D,her2,50,-0.31611494642021043,50,0.0,2,60
R+P+D,luminal,50,-0.22436102943364836,50,0.0,1,60
MOFA+,basal,50,-0.5624526968256038,50,0.0,1,60
MOFA+,her2,50,-0.3930197206468565,50,0.02,2,60
MOFA+,luminal,50,-0.4875302239750314,50,0.0,4,60
R,basal,50,-0.17106037059412185,50,0.0,4,61
R,her2,50,-0.23405997597186498,50,0.02,2,61
R,luminal,50,-0.7827299518437145,50,0.0,3,61
R+P,basal,50,-0.11791279848152542,50,0.0,2,61
R+P,her2,50,-0.2843843981779561,50,0.0,0,61
R+P,luminal,50,-0.8546136429477607,50,0.0,1,61
R+D,basal,50,-0.269547624172518,50,0.0,3,61
R+D,her2,50,-0.255710818141919,50,0.0,2,61
R+D,luminal,50,-0.7114546029209776,50,0.0,4,61
R+P+D,basal,50,-0.19735692289364173,50,0.0,3,61
R+P+D,her2,50,-0.2815366824958506,50,0.0,3,61
R+P+D,luminal,50,-0.8494092095182505,50,0.0,4,61
MOFA+,basal,50,-0.28769486971114927,50,0.0,2,61
MOFA+,her2,50,-0.30258820694702326,50,0.02,2,61
MOFA+,luminal,50,-0.5336617848574897,50,0.0,2,61
R,basal,50,-0.5241365747882005,50,0.0,5,62
R,her2,50,-0.37095953707341406,50,0.0,2,62
R,luminal,50,-0.22065880052852674,50,0.0,2,62
R+P,basal,50,-0.5075233363925493,50,0.0,2,62
R+P,her2,50,-0.23532542977645649,50,0.0,2,62
R+P,luminal,50,-0.16906699908474518,50,0.0,3,62
R+D,basal,50,-0.43182409247023607,50,0.0,4,62
R+D,her2,50,-0.4278521991321036,50,0.0,3,62
R+D,luminal,50,-0.259961361073855,50,0.0,0,62
R+P+D,basal,50,-0.4537852006959401,50,0.0,3,62
R+P+D,her2,50,-0.3247524178034999,50,0.0,2,62
R+P+D,luminal,50,-0.19260346530488207,50,0.0,0,62
MOFA+,basal,50,-0.7399409894194376,50,0.0,3,62
MOFA+,her2,50,-0.5652605157510739,50,0.0,1,62
MOFA+,luminal,50,-0.049338171842283035,50,0.0,3,62
R,basal,50,-0.33243586784016826,50,0.0,3,63
R,her2,50,-0.5154731078698017,50,0.0,4,63
R,luminal,50,-0.13409396083868494,50,0.02,1,63
R+P,basal,50,-0.312756533905949,50,0.0,1,63
R+P,her2,50,-0.5371017705183475,50,0.0,3,63
R+P,luminal,50,-0.07958765913671971,50,0.0,0,63
R+D,basal,50,-0.4030277619409472,50,0.0,1,63
R+D,her2,50,-0.4054870739725356,50,0.0,4,63
R+D,luminal,50,-0.24823003492732096,50,0.0,1,63
R+P+D,basal,50,-0.34547022147334105,50,0.0,2,63
R+P+D,her2,50,-0.4344379367476175,50,0.0,3,63
R+P+D,luminal,50,-0.262359783161857,50,0.0,0,63
MOFA+,basal,50,-0.3915193340880218,50,0.0,2,63
MOFA+,her2,50,-0.5491719546595314,50,0.0,3,63
MOFA+,luminal,50,-0.4875302239750314,50,0.0,4,63
R,basal,50,-0.4010826593468921,50,0.0,0,64
R,her2,50,-0.7531323374181379,50,0.0,6,64
R,luminal,50,-0.24724413413872603,50,0.0,0,64
R+P,basal,50,-0.32038888754941275,50,0.0,2,64
R+P,her2,50,-0.5533926558800419,50,0.0,3,64
R+P,luminal,50,-0.13099870433477345,50,0.0,0,64
R+D,basal,50,-0.4451665167224473,50,0.0,1,64
R+D,her2,50,-0.6405869833866343,50,0.0,3,64
R+D,luminal,50,-0.4381220706018653,50,0.0,0,64
R+P+D,basal,50,-0.4360278323963814,50,0.0,2,64
R+P+D,her2,50,-0.6414125766462915,50,0.0,2,64
R+P+D,luminal,50,-0.29164213849115717,50,0.0,1,64
MOFA+,basal,50,-0.27447206105048505,50,0.0,1,64
MOFA+,her2,50,-0.42313238618869314,50,0.02,1,64
MOFA+,luminal,50,-0.5614016197427435,50,0.0,3,64
R,basal,50,-0.461905884073588,50,0.0,2,65
R,her2,50,-0.5930509076617537,50,0.02,0,65
R,luminal,50,-0.1182182368444233,50,0.0,0,65
R+P,basal,50,-0.44455902878632597,50,0.0,3,65
R+P,her2,50,-0.4822584256143662,50,0.0,2,65
R+P,luminal,50,-0.10211825043270563,50,0.0,0,65
R+D,basal,50,-0.5251875083892091,50,0.0,5,65
R+D,her2,50,-0.5363348237333857,50,0.0,2,65
R+D,luminal,50,-0.2160707213285634,50,0.0,0,65
R+P+D,basal,50,-0.5973515193522664,50,0.0,4,65
R+P+D,her2,50,-0.42723091426015763,50,0.0,1,65
R+P+D,luminal,50,-0.2550811630339654,50,0.0,1,65
MOFA+,basal,50,-0.3212467034974735,50,0.0,1,65
MOFA+,her2,50,-0.5159761307760569,50,0.0,4,65
MOFA+,luminal,50,-0.42447621761666204,50,0.0,2,65
R,basal,50,-0.797774490560457,50,0.0,5,66
R,her2,50,-0.47079228209592877,50,0.0,1,66
R,luminal,50,-0.12869497307234404,50,0.0,0,66
R+P,basal,50,-0.7468268273577174,50,0.0,6,66
R+P,her2,50,-0.580001958010292,50,0.0,2,66
R+P,luminal,50,-0.19838909192144047,50,0.0,2,66
R+D,basal,50,-0.6431424556341114,50,0.0,1,66
R+D,her2,50,-0.6339243148890159,50,0.0,1,66
R+D,luminal,50,-0.20076622256202736,50,0.0,0,66
R+P+D,basal,50,-0.6437518502528105,50,0.0,2,66
R+P+D,her2,50,-0.6628442468397345,50,0.0,1,66
R+P+D,luminal,50,-0.18545301054991067,50,0.0,1,66
MOFA+,basal,50,-0.7399409894194376,50,0.0,3,66
MOFA+,her2,50,-0.7022956727559374,50,0.0,3,66
MOFA+,luminal,50,-0.049338171842283035,50,0.0,3,66
R,basal,50,-0.276059798103238,50,0.0,2,67
R,her2,50,-0.2765595280044008,50,0.02,1,67
R,luminal,50,-0.13878288389226512,50,0.0,0,67
R+P,basal,50,-0.3035436943284858,50,0.0,2,67
R+P,her2,50,-0.3572461268036957,50,0.02,3,67
R+P,luminal,50,-0.11695558040125194,50,0.0,0,67
R+D,basal,50,-0.41020565212012833,50,0.0,2,67
R+D,her2,50,-0.4401257869925888,50,0.0,0,67
R+D,luminal,50,-0.29951093226725356,50,0.02,1,67
R+P+D,basal,50,-0.4931408480860649,50,0.0,3,67
R+P+D,her2,50,-0.3606878338778998,50,0.02,2,67
R+P+D,luminal,50,-0.2715359702641307,50,0.0,0,67
MOFA+,basal,50,-0.3915193340880218,50,0.0,2,67
MOFA+,her2,50,-0.31448275361111183,50,0.04,2,67
MOFA+,luminal,50,-0.4336475234046903,50,0.0,2,67
R,basal,50,-0.180496175135213,50,0.0,1,68
R,her2,50,-0.40497633328341565,50,0.0,2,68
R,luminal,50,-0.40129805321948114,50,0.02,3,68
R+P,basal,50,-0.21918935153338837,50,0.0,0,68
R+P,her2,50,-0.4687653139353097,50,0.0,4,68
R+P,luminal,50,-0.22703895408373465,50,0.0,0,68
R+D,basal,50,-0.30841356996778096,50,0.0,0,68
R+D,her2,50,-0.3355951523302536,50,0.0,2,68
R+D,luminal,50,-0.4484025590130035,50,0.0,3,68
R+P+D,basal,50,-0.3156393351830644,50,0.0,2,68
R+P+D,her2,50,-0.5326991528523436,50,0.0,3,68
R+P+D,luminal,50,-0.32221782474361144,50,0.0,1,68
MOFA+,basal,50,-0.3889951945560759,50,0.0,1,68
MOFA+,her2,50,-0.39835941672586217,50,0.02,5,68
MOFA+,luminal,50,-0.4336475234046903,50,0.0,2,68
R,basal,50,-0.28491740872475557,50,0.0,2,69
R,her2,50,-0.2586350380563107,50,0.02,5,69
R,luminal,50,-0.4312361151983302,50,0.0,4,69
R+P,basal,50,-0.2521343581173925,50,0.0,0,69
R+P,her2,50,-0.22781630134133496,50,0.02,5,69
R+P,luminal,50,-0.46551153245506927,50,0.0,2,69
R+D,basal,50,-0.27430619996086214,50,0.0,3,69
R+D,her2,50,-0.44383314170984134,50,0.02,6,69
R+D,luminal,50,-0.5532061993676175,50,0.0,3,69
R+P+D,basal,50,-0.26439663269144364,50,0.0,0,69
R+P+D,her2,50,-0.35164411525364137,50,0.02,6,69
R+P+D,luminal,50,-0.47824725380193295,50,0.0,2,69
MOFA+,basal,50,-0.28769486971114927,50,0.0,2,69
MOFA+,her2,50,-0.21672749174668915,50,0.0,1,69
MOFA+,luminal,50,-0.5336617848574897,50,0.0,2,69
R,basal,50,-0.3197194617621293,50,0.0,1,70
R,her2,50,-0.42689975538498404,50,0.02,1,70
R,luminal,50,-0.41627666702751825,50,0.0,2,70
R+P,basal,50,-0.23505946233339395,50,0.0,0,70
R+P,her2,50,-0.43537397571576686,50,0.02,2,70
R+P,luminal,50,-0.2776265794081109,50,0.0,0,70
R+D,basal,50,-0.47943097004050095,50,0.0,4,70
R+D,her2,50,-0.35222291336394534,50,0.0,1,70
R+D,luminal,50,-0.6133259605249153,50,0.0,2,70
R+P+D,basal,50,-0.2254479607401249,50,0.0,0,70
R+P+D,her2,50,-0.41123941312397977,50,0.02,0,70
R+P+D,luminal,50,-0.4423618231659758,50,0.0,1,70
MOFA+,basal,50,-0.27447206105048505,50,0.0,1,70
MOFA+,her2,50,-0.30258820694702326,50,0.02,2,70
MOFA+,luminal,50,-0.014035583308286484,50,0.0,4,70
R,basal,50,-0.18578798281186412,50,0.0,2,71
R,her2,50,-0.2418974166503605,50,0.0,0,71
R,luminal,50,-0.43156653475087375,50,0.0,0,71
R+P,basal,50,-0.11520228200824933,50,0.0,0,71
R+P,her2,50,-0.23888906494711137,50,0.0,2,71
R+P,luminal,50,-0.45886285809481464,50,0.0,0,71
R+D,basal,50,-0.4646845443896723,50,0.0,4,71
R+D,her2,50,-0.4163310092286159,50,0.0,3,71
R+D,luminal,50,-0.4480081475233617,50,0.0,2,71
R+P+D,basal,50,-0.2611860780897664,50,0.0,2,71
R+P+D,her2,50,-0.2798591174160793,50,0.0,1,71
R+P+D,luminal,50,-0.512522214201657,50,0.0,1,71
MOFA+,basal,50,-0.053421368184589986,50,0.0,3,71
MOFA+,her2,50,-0.08379133735789089,50,0.0,0,71
MOFA+,luminal,50,-0.7166178630053172,50,0.0,3,71
R,basal,50,-0.33866218274076343,50,0.0,1,72
R,her2,50,-0.20206870956769546,50,0.02,0,72
R,luminal,50,-0.48149879556327363,50,0.02,3,72
R+P,basal,50,-0.18756456490509915,50,0.0,3,72
R+P,her2,50,-0.22397630788911763,50,0.0,3,72
R+P,luminal,50,-0.425040895852834,50,0.02,1,72
R+D,basal,50,-0.41370552713609227,50,0.0,1,72
R+D,her2,50,-0.44517196181297597,50,0.02,4,72
R+D,luminal,50,-0.4477661158099625,50,0.02,4,72
R+P+D,basal,50,-0.3806348506915446,50,0.0,1,72
R+P+D,her2,50,-0.3917012755170237,50,0.0,5,72
R+P+D,luminal,50,-0.4192182296401561,50,0.02,2,72
MOFA+,basal,50,-0.28982350086081005,50,0.0,2,72
MOFA+,her2,50,-0.04592504717146089,50,0.0,3,72
MOFA+,luminal,50,-0.4108772374338225,50,0.02,1,72
R,basal,50,-0.3494145654153739,50,0.0,0,73
R,her2,50,-0.33978297367055654,50,0.0,3,73
R,luminal,50,-0.3129471351309768,50,0.0,0,73
R+P,basal,50,-0.2233535445458486,50,0.0,3,73
R+P,her2,50,-0.10756829303040666,50,0.0,1,73
R+P,luminal,50,-0.33923204793087924,50,0.0,0,73
R+D,basal,50,-0.29229506568719016,50,0.0,5,73
R+D,her2,50,-0.5044844393286251,50,0.0,3,73
R+D,luminal,50,-0.43972035919849584,50,0.0,0,73
R+P+D,basal,50,-0.2971794748915701,50,0.0,5,73
R+P+D,her2,50,-0.17081646047262378,50,0.0,0,73
R+P+D,luminal,50,-0.54491662308937,50,0.0,1,73
MOFA+,basal,50,-0.3915193340880218,50,0.0,2,73
MOFA+,her2,50,-0.04592504717146089,50,0.0,3,73
MOFA+,luminal,50,-0.32179389140566017,50,0.0,2,73
R,basal,50,-0.28521323321398656,50,0.0,1,74
R,her2,50,-0.09443521373185888,50,0.0,2,74
R,luminal,50,-0.5335234408649173,50,0.0,1,74
R+P,basal,50,-0.18836709091385895,50,0.0,0,74
R+P,her2,50,-0.09546464484991571,50,0.0,0,74
R+P,luminal,50,-0.5970779712703256,50,0.0,4,74
R+D,basal,50,-0.41171812779578526,50,0.0,2,74
R+D,her2,50,-0.22711630410897388,50,0.02,1,74
R+D,luminal,50,-0.603484281918242,50,0.02,2,74
R+P+D,basal,50,-0.3384056061682803,50,0.0,1,74
R+P+D,her2,50,-0.15998978954740833,50,0.02,1,74
R+P+D,luminal,50,-0.5148190293683151,50,0.02,2,74
MOFA+,basal,50,-0.28982350086081005,50,0.0,2,74
MOFA+,her2,50,-0.04592504717146089,50,0.0,3,74
MOFA+,luminal,50,-0.7166178630053172,50,0.0,3,74
R,basal,50,-0.4384687746829439,50,0.0,0,75
R,her2,50,-0.587403285438747,50,0.0,5,75
R,luminal,50,-0.17665470945186434,50,0.0,1,75
R+P,basal,50,-0.6122786330006854,50,0.0,3,75
R+P,her2,50,-0.6630036064856091,50,0.0,6,75
R+P,luminal,50,-0.21549427673676586,50,0.0,1,75
R+D,basal,50,-0.5341283785858126,50,0.0,3,75
R+D,her2,50,-0.5617583500588625,50,0.0,5,75
R+D,luminal,50,-0.38346767345103544,50,0.0,3,75
R+P+D,basal,50,-0.4785246277300794,50,0.0,3,75
R+P+D,her2,50,-0.5948832912167268,50,0.0,5,75
R+P+D,luminal,50,-0.28649631904858713,50,0.0,2,75
MOFA+,basal,50,-0.21929701202341526,50,0.0,1,75
MOFA+,her2,50,-0.08379133735789089,50,0.0,0,75
MOFA+,luminal,50,-0.049338171842283035,50,0.0,3,75
R,basal,50,-0.2791546799858315,50,0.0,1,76
R,her2,50,-0.10760097803834773,50,0.0,1,76
R,luminal,50,-0.5246569680691975,50,0.04,3,76
R+P,basal,50,-0.3867467669444383,50,0.0,1,76
R+P,her2,50,-0.09356645454782331,50,0.0,3,76
R+P,luminal,50,-0.3391615273046934,50,0.0,0,76
R+D,basal,50,-0.3607998093219573,50,0.0,2,76
R+D,her2,50,-0.20938317713084248,50,0.0,1,76
R+D,luminal,50,-0.6544941548504055,50,0.04,5,76
R+P+D,basal,50,-0.3861200892487489,50,0.0,2,76
R+P+D,her2,50,-0.19781912714528535,50,0.0,2,76
R+P+D,luminal,50,-0.4001307143462472,50,0.0,2,76
MOFA+,basal,50,-0.27447206105048505,50,0.0,1,76
MOFA+,her2,50,-0.04592504717146089,50,0.0,3,76
MOFA+,luminal,50,-0.5614016197427435,50,0.0,3,76
R,basal,50,-0.3937568249444421,50,0.0,3,77
R,her2,50,-0.46219712667244517,50,0.0,2,77
R,luminal,50,-0.40620172525484394,50,0.0,4,77
R+P,basal,50,-0.25936183078386654,50,0.0,4,77
R+P,her2,50,-0.16372837482319652,50,0.0,1,77
R+P,luminal,50,-0.3069072514159236,50,0.0,3,77
R+D,basal,50,-0.3702472594771703,50,0.0,6,77
R+D,her2,50,-0.5090237838076647,50,0.0,1,77
R+D,luminal,50,-0.5894058033526534,50,0.0,6,77
R+P+D,basal,50,-0.38350487284391815,50,0.0,6,77
R+P+D,her2,50,-0.32655133694100696,50,0.0,2,77
R+P+D,luminal,50,-0.38387108006204707,50,0.0,3,77
MOFA+,basal,50,-0.27447206105048505,50,0.0,1,77
MOFA+,her2,50,-0.5067927857540258,50,0.0,2,77
MOFA+,luminal,50,-0.5614016197427435,50,0.0,3,77
R,basal,50,-0.049985828076908795,50,0.0,1,78
R,her2,50,-0.22319426823411576,50,0.0,0,78
R,luminal,50,-0.37375086012807684,50,0.02,4,78
R+P,basal,50,-0.09379635595331637,50,0.0,1,78
R+P,her2,50,-0.15219549202965849,50,0.0,1,78
R+P,luminal,50,-0.5507024929708304,50,0.0,3,78
R+D,basal,50,-0.15131768458701483,50,0.0,0,78
R+D,her2,50,-0.30294080113423155,50,0.0,1,78
R+D,luminal,50,-0.5914356603681545,50,0.02,2,78
R+P+D,basal,50,-0.1676568631922227,50,0.0,1,78
R+P+D,her2,50,-0.24116518789304892,50,0.0,0,78
R+P+D,luminal,50,-0.6036113902447213,50,0.02,1,78
MOFA+,basal,50,-0.07330649288426355,50,0.0,0,78
MOFA+,her2,50,-0.30258820694702326,50,0.02,2,78
MOFA+,luminal,50,-0.22472778073296432,50,0.0,1,78
R,basal,50,-0.267413797743493,50,0.0,4,79
R,her2,50,-0.4061375647814227,50,0.02,0,79
R,luminal,50,-0.2833453581666841,50,0.02,1,79
R+P,basal,50,-0.3435005297791671,50,0.0,5,79
R+P,her2,50,-0.20961344604464888,50,0.02,1,79
R+P,luminal,50,-0.1715932525189065,50,0.0,1,79
R+D,basal,50,-0.4305952277887953,50,0.0,5,79
R+D,her2,50,-0.4176521247328011,50,0.02,0,79
R+D,luminal,50,-0.37061240079490093,50,0.0,1,79
R+P+D,basal,50,-0.5869190069318949,50,0.0,4,79
R+P+D,her2,50,-0.2628983838819832,50,0.02,1,79
R+P+D,luminal,50,-0.14732037641790105,50,0.0,2,79
MOFA+,basal,50,-0.39079658001654743,50,0.0,5,79
MOFA+,her2,50,-0.5652605157510739,50,0.0,1,79
MOFA+,luminal,50,-0.5614016197427435,50,0.0,3,79
R,basal,50,-0.47994746693383433,50,0.0,3,80
R,her2,50,-0.3764468849349925,50,0.0,2,80
R,luminal,50,-0.13049371243744867,50,0.02,2,80
R+P,basal,50,-0.29562296788543757,50,0.0,3,80
R+P,her2,50,-0.29887434224529597,50,0.0,1,80
R+P,luminal,50,-0.179324015773007,50,0.0,2,80
R+D,basal,50,-0.6380154932436628,50,0.0,4,80
R+D,her2,50,-0.4431444100450201,50,0.0,2,80
R+D,luminal,50,-0.3722920738089456,50,0.02,3,80
R+P+D,basal,50,-0.4801404478821702,50,0.0,4,80
R+P+D,her2,50,-0.27426775952992577,50,0.0,2,80
R+P+D,luminal,50,-0.306623101227371,50,0.0,3,80
MOFA+,basal,50,-0.5159430532564055,50,0.0,5,80
MOFA+,her2,50,-0.3930197206468565,50,0.02,2,80
MOFA+,luminal,50,-0.38706270944304655,50,0.0,1,80
R,basal,50,-0.48437666696757725,50,0.0,3,81
R,her2,50,-0.4524559127101274,50,0.0,1,81
R,luminal,50,-0.17616774164581808,50,0.0,1,81
R+P,basal,50,-0.4051521853900052,50,0.0,2,81
R+P,her2,50,-0.35361458601853996,50,0.02,0,81
R+P,luminal,50,-0.10943630416108194,50,0.0,3,81
R+D,basal,50,-0.6966425225174574,50,0.0,3,81
R+D,her2,50,-0.4002120712242922,50,0.0,1,81
R+D,luminal,50,-0.31623155841159806,50,0.0,1,81
R+P+D,basal,50,-0.6071482437575778,50,0.0,2,81
R+P+D,her2,50,-0.5269252878177074,50,0.0,1,81
R+P+D,luminal,50,-0.14060476539453937,50,0.02,0,81
MOFA+,basal,50,-0.5178778430235921,50,0.0,2,81
MOFA+,her2,50,-0.39835941672586217,50,0.02,5,81
MOFA+,luminal,50,-0.32179389140566017,50,0.0,2,81
R,basal,50,-0.28394965782387255,50,0.0,2,82
R,her2,50,-0.3778624326398415,50,0.0,1,82
R,luminal,50,-0.174948704573717,50,0.02,2,82
R+P,basal,50,-0.23401509304154236,50,0.0,3,82
R+P,her2,50,-0.29058760496206354,50,0.0,2,82
R+P,luminal,50,-0.037644111993926914,50,0.0,2,82
R+D,basal,50,-0.4171006093015199,50,0.0,1,82
R+D,her2,50,-0.5311611153853945,50,0.0,1,82
R+D,luminal,50,-0.42560518222422966,50,0.02,5,82
R+P+D,basal,50,-0.4443053434607434,50,0.0,2,82
R+P+D,her2,50,-0.3270833446823244,50,0.0,1,82
R+P+D,luminal,50,-0.16364920403276786,50,0.0,5,82
MOFA+,basal,50,-0.7399409894194376,50,0.0,3,82
MOFA+,her2,50,-0.42313238618869314,50,0.02,1,82
MOFA+,luminal,50,-0.014035583308286484,50,0.0,4,82
R,basal,50,-0.47497287039420466,50,0.0,2,83
R,her2,50,-0.3312535909618174,50,0.0,0,83
R,luminal,50,-0.1372201153098884,50,0.0,1,83
R+P,basal,50,-0.35901400760235325,50,0.0,2,83
R+P,her2,50,-0.2442284375470317,50,0.0,1,83
R+P,luminal,50,-0.18357437981242966,50,0.0,2,83
R+D,basal,50,-0.5077372117204532,50,0.0,2,83
R+D,her2,50,-0.54328381066985,50,0.0,2,83
R+D,luminal,50,-0.36820668825451613,50,0.02,1,83
R+P+D,basal,50,-0.359676797632445,50,0.0,0,83
R+P+D,her2,50,-0.49941112028803814,50,0.0,4,83
R+P+D,luminal,50,-0.2952904751380048,50,0.02,1,83
MOFA+,basal,50,-0.40261158750576387,50,0.0,1,83
MOFA+,her2,50,-0.5159761307760569,50,0.0,4,83
MOFA+,luminal,50,-0.014035583308286484,50,0.0,4,83
R,basal,50,-0.3816879638996735,50,0.0,0,84
R,her2,50,-0.2831574944656372,50,0.02,4,84
R,luminal,50,-0.01816153930126227,50,0.0,3,84
R+P,basal,50,-0.14706710280463772,50,0.0,2,84
R+P,her2,50,-0.284295078302903,50,0.0,1,84
R+P,luminal,50,-0.24949033828624534,50,0.0,1,84
R+D,basal,50,-0.6280160971418167,50,0.0,3,84
R+D,her2,50,-0.3443976566651429,50,0.0,2,84
R+D,luminal,50,-0.23514096665390066,50,0.0,5,84
R+P+D,basal,50,-0.26103687419606414,50,0.0,2,84
R+P+D,her2,50,-0.2638683595611954,50,0.0,1,84
R+P+D,luminal,50,-0.31198524070914996,50,0.0,4,84
MOFA+,basal,50,-0.5054582191460999,50,0.0,4,84
MOFA+,her2,50,-0.3930197206468565,50,0.02,2,84
MOFA+,luminal,50,-0.7166178630053172,50,0.0,3,84
R,basal,50,-0.1896953309859811,50,0.0,2,85
R,her2,50,-0.21112555602270405,50,0.0,1,85
R,luminal,50,-0.23799669929594797,50,0.02,0,85
R+P,basal,50,-0.11814871420009393,50,0.0,0,85
R+P,her2,50,-0.16743635061415474,50,0.0,1,85
R+P,luminal,50,-0.19852972019008647,50,0.02,0,85
R+D,basal,50,-0.3655608354849522,50,0.0,1,85
R+D,her2,50,-0.3561408089108406,50,0.0,3,85
R+D,luminal,50,-0.3611011358584635,50,0.02,0,85
R+P+D,basal,50,-0.21081014774891826,50,0.0,1,85
R+P+D,her2,50,-0.352623418591579,50,0.0,1,85
R+P+D,luminal,50,-0.3952315733309388,50,0.02,2,85
MOFA+,basal,50,-0.5624526968256038,50,0.0,1,85
MOFA+,her2,50,-0.5491719546595314,50,0.0,3,85
MOFA+,luminal,50,-0.33866773742407064,50,0.0,2,85
R,basal,50,-0.33965794477278904,50,0.0,0,86
R,her2,50,-0.43784937885824926,50,0.0,4,86
R,luminal,50,-0.08856711028456171,50,0.0,0,86
R+P,basal,50,-0.1335648724496725,50,0.0,1,86
R+P,her2,50,-0.4533087649501129,50,0.0,2,86
R+P,luminal,50,-0.09449865733280706,50,0.0,0,86
R+D,basal,50,-0.3185143667727748,50,0.0,1,86
R+D,her2,50,-0.3965232721271028,50,0.0,2,86
R+D,luminal,50,-0.47766526551415334,50,0.0,4,86
R+P+D,basal,50,-0.1519106778481766,50,0.0,1,86
R+P+D,her2,50,-0.4141242112438884,50,0.02,4,86
R+P+D,luminal,50,-0.23310857033092913,50,0.0,3,86
MOFA+,basal,50,-0.21929701202341526,50,0.0,1,86
MOFA+,her2,50,-0.42313238618869314,50,0.02,1,86
MOFA+,luminal,50,-0.08707907674069461,50,0.0,0,86
R,basal,50,-0.05451359679007774,50,0.0,2,87
R,her2,50,-0.2957536892087285,50,0.0,3,87
R,luminal,50,-0.36161929547004684,50,0.0,1,87
R+P,basal,50,-0.019604031907950917,50,0.0,2,87
R+P,her2,50,-0.23037250942781345,50,0.0,2,87
R+P,luminal,50,-0.38281696397473525,50,0.0,2,87
R+D,basal,50,-0.16190137896506188,50,0.0,1,87
R+D,her2,50,-0.42087924313294034,50,0.02,3,87
R+D,luminal,50,-0.4858933981376809,50,0.0,1,87
R+P+D,basal,50,-0.1522620303212369,50,0.0,1,87
R+P+D,her2,50,-0.27083875856548745,50,0.0,0,87
R+P+D,luminal,50,-0.39661650012039273,50,0.0,2,87
MOFA+,basal,50,-0.28769486971114927,50,0.0,2,87
MOFA+,her2,50,-0.04592504717146089,50,0.0,3,87
MOFA+,luminal,50,-0.5336617848574897,50,0.0,2,87
R,basal,50,-0.16987987275558314,50,0.0,2,88
R,her2,50,-0.34812919765055134,50,0.0,0,88
R,luminal,50,-0.5177836369499115,50,0.04,1,88
R+P,basal,50,-0.10050180256916434,50,0.0,1,88
R+P,her2,50,-0.18307775678781504,50,0.0,3,88
R+P,luminal,50,-0.41972733451984107,50,0.02,3,88
R+D,basal,50,-0.31292992673396447,50,0.0,2,88
R+D,her2,50,-0.4082644593226594,50,0.0,2,88
R+D,luminal,50,-0.453798549678407,50,0.02,0,88
R+P+D,basal,50,-0.1947214820234271,50,0.0,0,88
R+P+D,her2,50,-0.27711107244401406,50,0.0,2,88
R+P+D,luminal,50,-0.5141699026368823,50,0.02,3,88
MOFA+,basal,50,-0.053421368184589986,50,0.0,3,88
MOFA+,her2,50,-0.36001283190272754,50,0.0,1,88
MOFA+,luminal,50,-0.4605362947843053,50,0.0,5,88
R,basal,50,-0.13245477604972034,50,0.0,2,89
R,her2,50,-0.3505242609497569,50,0.0,1,89
R,luminal,50,-0.18400105465695535,50,0.0,1,89
R+P,basal,50,-0.19205425432798917,50,0.0,1,89
R+P,her2,50,-0.2993875642481943,50,0.0,2,89
R+P,luminal,50,-0.304854712837116,50,0.0,2,89
R+D,basal,50,-0.41718936887922076,50,0.0,4,89
R+D,her2,50,-0.5757074638937908,50,0.0,1,89
R+D,luminal,50,-0.35832838668095124,50,0.0,2,89
R+P+D,basal,50,-0.23074700727482708,50,0.0,2,89
R+P+D,her2,50,-0.4358839220835833,50,0.0,3,89
R+P+D,luminal,50,-0.403926288735063,50,0.04,2,89
MOFA+,basal,50,-0.012019998178718974,50,0.0,4,89
MOFA+,her2,50,-0.3930197206468565,50,0.02,2,89
MOFA+,luminal,50,-0.4605362947843053,50,0.0,5,89
R,basal,50,-0.18397357571708212,50,0.0,4,90
R,her2,50,-0.3739660931992067,50,0.0,4,90
R,luminal,50,-0.6079509076258771,50,0.0,1,90
R+P,basal,50,-0.13367544341358664,50,0.0,3,90
R+P,her2,50,-0.1914701386122083,50,0.0,1,90
R+P,luminal,50,-0.6427113306849265,50,0.0,2,90
R+D,basal,50,-0.32465335157536646,50,0.0,4,90
R+D,her2,50,-0.559259642586545,50,0.02,2,90
R+D,luminal,50,-0.556648076099501,50,0.0,1,90
R+P+D,basal,50,-0.22517832556312303,50,0.0,1,90
R+P+D,her2,50,-0.26876638981502,50,0.02,2,90
R+P+D,luminal,50,-0.6089639224042428,50,0.0,1,90
MOFA+,basal,50,-0.5624526968256038,50,0.0,1,90
MOFA+,her2,50,-0.3120793521641551,50,0.0,1,90
MOFA+,luminal,50,-0.08707907674069461,50,0.0,0,90
R,basal,50,-0.455992963464104,50,0.0,3,91
R,her2,50,-0.36141276867007405,50,0.0,1,91
R,luminal,50,-0.3127934602316622,50,0.0,1,91
R+P,basal,50,-0.29747673183323986,50,0.0,1,91
R+P,her2,50,-0.3771150982177307,50,0.0,2,91
R+P,luminal,50,-0.26741135017056483,50,0.02,2,91
R+D,basal,50,-0.430457490662775,50,0.0,6,91
R+D,her2,50,-0.4179184485070536,50,0.0,7,91
R+D,luminal,50,-0.4617269211095307,50,0.0,2,91
R+P+D,basal,50,-0.28981874931900475,50,0.0,4,91
R+P+D,her2,50,-0.4080357864995909,50,0.0,4,91
R+P+D,luminal,50,-0.25258823421453636,50,0.0,0,91
MOFA+,basal,50,-0.3212467034974735,50,0.0,1,91
MOFA+,her2,50,-0.40456322390936145,50,0.0,2,91
MOFA+,luminal,50,-0.32179389140566017,50,0.0,2,91
R,basal,50,-0.6455739860138858,50,0.0,5,92
R,her2,50,-0.3803087045042575,50,0.0,2,92
R,luminal,50,-0.1839666021643416,50,0.0,1,92
R+P,basal,50,-0.323353931110095,50,0.0,1,92
R+P,her2,50,-0.34524666980763896,50,0.0,2,92
R+P,luminal,50,-0.1497359243695501,50,0.0,0,92
R+D,basal,50,-0.7235992350371567,50,0.0,6,92
R+D,her2,50,-0.4992222733474104,50,0.0,1,92
R+D,luminal,50,-0.21859630714822376,50,0.0,1,92
R+P+D,basal,50,-0.44337868505562406,50,0.0,1,92
R+P+D,her2,50,-0.4465350465598249,50,0.0,3,92
R+P+D,luminal,50,-0.28355834335682595,50,0.0,1,92
MOFA+,basal,50,-0.5054582191460999,50,0.0,4,92
MOFA+,her2,50,-0.39835941672586217,50,0.02,5,92
MOFA+,luminal,50,-0.32179389140566017,50,0.0,2,92
R,basal,50,-0.5705227056334854,50,0.0,1,93
R,her2,50,-0.21388410339640365,50,0.0,2,93
R,luminal,50,-0.19088189555141388,50,0.0,0,93
R+P,basal,50,-0.4116267852449999,50,0.0,2,93
R+P,her2,50,-0.22451514632352917,50,0.0,2,93
R+P,luminal,50,-0.21865108859206472,50,0.02,2,93
R+D,basal,50,-0.41154215415443884,50,0.0,0,93
R+D,her2,50,-0.29307919109369385,50,0.0,3,93
R+D,luminal,50,-0.5753656259121105,50,0.02,4,93
R+P+D,basal,50,-0.3608494178471166,50,0.0,1,93
R+P+D,her2,50,-0.24274065178203177,50,0.0,2,93
R+P+D,luminal,50,-0.3941242702361182,50,0.02,3,93
MOFA+,basal,50,-0.5054582191460999,50,0.0,4,93
MOFA+,her2,50,-0.3930197206468565,50,0.02,2,93
MOFA+,luminal,50,-0.4108772374338225,50,0.02,1,93
R,basal,50,-0.20959521670833797,50,0.0,1,94
R,her2,50,-0.34873406584431016,50,0.0,0,94
R,luminal,50,-0.38821550212021316,50,0.04,2,94
R+P,basal,50,-0.1390417379018172,50,0.0,1,94
R+P,her2,50,-0.3103110867682572,50,0.02,1,94
R+P,luminal,50,-0.24332746982274642,50,0.02,0,94
R+D,basal,50,-0.33358295654493597,50,0.0,0,94
R+D,her2,50,-0.48127672460230586,50,0.02,3,94
R+D,luminal,50,-0.5426821968843641,50,0.02,4,94
R+P+D,basal,50,-0.22412937034638708,50,0.0,2,94
R+P+D,her2,50,-0.32129001901682025,50,0.04,3,94
R+P+D,luminal,50,-0.49128319137121423,50,0.0,0,94
MOFA+,basal,50,-0.07330649288426355,50,0.0,0,94
MOFA+,her2,50,-0.21672749174668915,50,0.0,1,94
MOFA+,luminal,50,-0.22472778073296432,50,0.0,1,94
R,basal,50,-0.26713527374178303,50,0.0,4,95
R,her2,50,-0.3470659361480918,50,0.0,3,95
R,luminal,50,-0.42102882443460676,50,0.02,1,95
R+P,basal,50,-0.2674371199681076,50,0.0,2,95
R+P,her2,50,-0.27272910844169573,50,0.0,0,95
R+P,luminal,50,-0.30722394857330576,50,0.0,2,95
R+D,basal,50,-0.3148497857610626,50,0.0,3,95
R+D,her2,50,-0.484207172304197,50,0.0,2,95
R+D,luminal,50,-0.4813035722357387,50,0.02,2,95
R+P+D,basal,50,-0.3371231070305996,50,0.0,2,95
R+P+D,her2,50,-0.32363396467102035,50,0.0,1,95
R+P+D,luminal,50,-0.3387669976713062,50,0.02,2,95
MOFA+,basal,50,-0.07330649288426355,50,0.0,0,95
MOFA+,her2,50,-0.2768959773562112,50,0.02,1,95
MOFA+,luminal,50,-0.5614016197427435,50,0.0,3,95
R,basal,50,-0.5372298258259499,50,0.0,3,96
R,her2,50,-0.1081905787330429,50,0.0,2,96
R,luminal,50,-0.18906783955230924,50,0.0,4,96
R+P,basal,50,-0.561815914480645,50,0.0,6,96
R+P,her2,50,-0.10830209671205003,50,0.0,1,96
R+P,luminal,50,-0.06013100523316609,50,0.0,2,96
R+D,basal,50,-0.36025916758985366,50,0.0,5,96
R+D,her2,50,-0.29278233143505644,50,0.0,3,96
R+D,luminal,50,-0.32037399643911657,50,0.0,2,96
R+P+D,basal,50,-0.3927422665404079,50,0.0,3,96
R+P+D,her2,50,-0.18472283395690883,50,0.0,1,96
R+P+D,luminal,50,-0.17844668957464166,50,0.0,2,96
MOFA+,basal,50,-0.368276449712905,50,0.02,2,96
MOFA+,her2,50,-0.04592504717146089,50,0.0,3,96
MOFA+,luminal,50,-0.014035583308286484,50,0.0,4,96
R,basal,50,-0.29535931495069884,50,0.0,2,97
R,her2,50,-0.346163305969902,50,0.0,2,97
R,luminal,50,-0.17390045648931862,50,0.0,1,97
R+P,basal,50,-0.3694279713296773,50,0.0,1,97
R+P,her2,50,-0.3087907896831441,50,0.0,2,97
R+P,luminal,50,-0.23615121403867767,50,0.0,1,97
R+D,basal,50,-0.41918104252023286,50,0.0,3,97
R+D,her2,50,-0.521581504684366,50,0.0,4,97
R+D,luminal,50,-0.38036114032230456,50,0.0,3,97
R+P+D,basal,50,-0.3854861756891592,50,0.0,2,97
R+P+D,her2,50,-0.39731179394524474,50,0.02,3,97
R+P+D,luminal,50,-0.3222857047737201,50,0.02,1,97
MOFA+,basal,50,-0.40261158750576387,50,0.0,1,97
MOFA+,her2,50,-0.3930197206468565,50,0.02,2,97
MOFA+,luminal,50,-0.4875302239750314,50,0.0,4,97
R,basal,50,-0.5225662805339152,50,0.0,9,98
R,her2,50,-0.4380761017131449,50,0.02,2,98
R,luminal,50,-0.3742966766532293,50,0.0,1,98
R+P,basal,50,-0.2891279264072657,50,0.0,3,98
R+P,her2,50,-0.5068214059203194,50,0.02,2,98
R+P,luminal,50,-0.3168253400073722,50,0.02,0,98
R+D,basal,50,-0.7466946570258756,50,0.0,6,98
R+D,her2,50,-0.46167209884688903,50,0.02,3,98
R+D,luminal,50,-0.3822220945839053,50,0.02,1,98
R+P+D,basal,50,-0.2927512988675842,50,0.0,4,98
R+P+D,her2,50,-0.5144186537439809,50,0.02,1,98
R+P+D,luminal,50,-0.40564305992312233,50,0.02,2,98
MOFA+,basal,50,-0.5054582191460999,50,0.0,4,98
MOFA+,her2,50,-0.5159761307760569,50,0.0,4,98
MOFA+,luminal,50,-0.42447621761666204,50,0.0,2,98
R,basal,50,-0.7840462951487872,50,0.0,2,99
R,her2,50,-0.5134720808317442,50,0.0,1,99
R,luminal,50,-0.11978086579898166,50,0.04,1,99
R+P,basal,50,-0.7841593743805981,50,0.0,3,99
R+P,her2,50,-0.6309429303914849,50,0.02,3,99
R+P,luminal,50,-0.15255864819601683,50,0.04,1,99
R+D,basal,50,-0.7184900506668346,50,0.0,5,99
R+D,her2,50,-0.6287997533113266,50,0.0,3,99
R+D,luminal,50,-0.1717121205162658,50,0.02,2,99
R+P+D,basal,50,-0.6251772358608336,50,0.0,3,99
R+P+D,her2,50,-0.5907608746711955,50,0.02,3,99
R+P+D,luminal,50,-0.1200620570659553,50,0.02,1,99
MOFA+,basal,50,-0.5178778430235921,50,0.0,2,99
MOFA+,her2,50,-0.5067927857540258,50,0.0,2,99
MOFA+,luminal,50,-0.32575067826405774,50,0.02,2,99
R,basal,50,-0.4533075628858318,50,0.0,2,100
R,her2,50,-0.5547447109841677,50,0.0,3,100
R,luminal,50,-0.241061551136127,50,0.02,4,100
R+P,basal,50,-0.4274706795006673,50,0.0,1,100
R+P,her2,50,-0.586418140636753,50,0.0,2,100
R+P,luminal,50,-0.2934778721257669,50,0.02,3,100
R+D,basal,50,-0.40615895379367506,50,0.0,4,100
R+D,her2,50,-0.539598766790217,50,0.02,5,100
R+D,luminal,50,-0.27040236957909314,50,0.02,1,100
R+P+D,basal,50,-0.44704622372757014,50,0.0,4,100
R+P+D,her2,50,-0.5139073690179351,50,0.02,1,100
R+P+D,luminal,50,-0.3279423262981723,50,0.02,1,100
MOFA+,basal,50,-0.3889951945560759,50,0.0,1,100
MOFA+,her2,50,-0.7022956727559374,50,0.0,3,100
MOFA+,luminal,50,-0.4605362947843053,50,0.0,5,100
R,basal,50,-0.42877996633454907,50,0.0,4,101
R,her2,50,-0.3881459555512798,50,0.02,5,101
R,luminal,50,-0.049192862673863545,50,0.0,1,101
R+P,basal,50,-0.46984441877958766,50,0.0,1,101
R+P,her2,50,-0.31142307319106693,50,0.02,3,101
R+P,luminal,50,-0.05091330351151881,50,0.0,1,101
R+D,basal,50,-0.44865870328155916,50,0.0,1,101
R+D,her2,50,-0.5966101973523649,50,0.02,3,101
R+D,luminal,50,-0.20357514734450052,50,0.0,2,101
R+P+D,basal,50,-0.5080997682970014,50,0.0,1,101
R+P+D,her2,50,-0.41561751984212447,50,0.02,1,101
R+P+D,luminal,50,-0.20444740122187802,50,0.0,1,101
MOFA+,basal,50,-0.21929701202341526,50,0.0,1,101
MOFA+,her2,50,-0.5491719546595314,50,0.0,3,101
MOFA+,luminal,50,-0.014035583308286484,50,0.0,4,101
R,basal,50,-0.26081405870890273,50,0.0,1,102
R,her2,50,-0.41726771738279894,50,0.0,5,102
R,luminal,50,-0.2713003295942154,50,0.04,4,102
R+P,basal,50,-0.2611645170051495,50,0.0,0,102
R+P,her2,50,-0.1825384281033527,50,0.0,1,102
R+P,luminal,50,-0.2240084809844739,50,0.0,0,102
R+D,basal,50,-0.49515418192954086,50,0.0,0,102
R+D,her2,50,-0.41744278989781214,50,0.0,4,102
R+D,luminal,50,-0.4558285943298753,50,0.0,1,102
R+P+D,basal,50,-0.5228291728582722,50,0.0,0,102
R+P+D,her2,50,-0.21018261008717823,50,0.0,1,102
R+P+D,luminal,50,-0.3318364502713702,50,0.0,1,102
MOFA+,basal,50,-0.368276449712905,50,0.02,2,102
MOFA+,her2,50,-0.3930197206468565,50,0.02,2,102
MOFA+,luminal,50,-0.5834359116792033,50,0.0,1,102
R,basal,50,-0.47691128132348304,50,0.0,1,103
R,her2,50,-0.26323666772705945,50,0.0,2,103
R,luminal,50,-0.2545825990126258,50,0.04,2,103
R+P,basal,50,-0.4087561684617666,50,0.0,2,103
R+P,her2,50,-0.2502583326667503,50,0.0,0,103
R+P,luminal,50,-0.11170265904191039,50,0.0,1,103
R+D,basal,50,-0.630308696000642,50,0.0,3,103
R+D,her2,50,-0.5820505134712228,50,0.0,3,103
R+D,luminal,50,-0.3512413398376018,50,0.06,2,103
R+P+D,basal,50,-0.47724913531615415,50,0.0,5,103
R+P+D,her2,50,-0.46855560724652934,50,0.0,2,103
R+P+D,luminal,50,-0.23185693596072515,50,0.04,2,103
MOFA+,basal,50,-0.27447206105048505,50,0.0,1,103
MOFA+,her2,50,-0.5491719546595314,50,0.0,3,103
MOFA+,luminal,50,-0.32575067826405774,50,0.02,2,103
R,basal,50,-0.24459533401861658,50,0.0,2,104
R,her2,50,-0.4527190046868065,50,0.02,5,104
R,luminal,50,-0.3508728084411743,50,0.0,1,104
R+P,basal,50,-0.1510705978534822,50,0.0,1,104
R+P,her2,50,-0.11340005852416007,50,0.02,1,104
R+P,luminal,50,-0.3676941962326838,50,0.0,1,104
R+D,basal,50,-0.2894470224224079,50,0.0,4,104
R+D,her2,50,-0.5210104347614134,50,0.02,3,104
R+D,luminal,50,-0.5140211308776962,50,0.0,1,104
R+P+D,basal,50,-0.2681095242015117,50,0.0,4,104
R+P+D,her2,50,-0.2304361601040623,50,0.02,2,104
R+P+D,luminal,50,-0.3893464358433947,50,0.0,1,104
MOFA+,basal,50,-0.5463558416948096,50,0.0,3,104
MOFA+,her2,50,-0.5159761307760569,50,0.0,4,104
MOFA+,luminal,50,-0.42447621761666204,50,0.0,2,104
R,basal,50,-0.5195274888232482,50,0.0,3,105
R,her2,50,-0.28909927154082055,50,0.0,1,105
R,luminal,50,-0.18292380908846456,50,0.0,1,105
R+P,basal,50,-0.4704318590267566,50,0.0,1,105
R+P,her2,50,-0.17514492067700452,50,0.0,4,105
R+P,luminal,50,-0.33085894200653604,50,0.0,3,105
R+D,basal,50,-0.5682310650656356,50,0.0,1,105
R+D,her2,50,-0.5460207556054383,50,0.0,5,105
R+D,luminal,50,-0.44071192352576183,50,0.02,3,105
R+P+D,basal,50,-0.48338455636230493,50,0.0,2,105
R+P+D,her2,50,-0.398129491509561,50,0.0,5,105
R+P+D,luminal,50,-0.38438534821387554,50,0.0,2,105
MOFA+,basal,50,-0.27447206105048505,50,0.0,1,105
MOFA+,her2,50,-0.31448275361111183,50,0.04,2,105
MOFA+,luminal,50,-0.049338171842283035,50,0.0,3,105
R,basal,50,-0.09324036867025703,50,0.0,2,106
R,her2,50,-0.4010871162701129,50,0.02,2,106
R,luminal,50,-0.45794897073045376,50,0.0,4,106
R+P,basal,50,-0.10822539887271437,50,0.0,2,106
R+P,her2,50,-0.4027344960621029,50,0.02,3,106
R+P,luminal,50,-0.29341419529083584,50,0.0,2,106
R+D,basal,50,-0.26505870103471313,50,0.0,2,106
R+D,her2,50,-0.44575135785390707,50,0.04,2,106
R+D,luminal,50,-0.6052689799035632,50,0.0,8,106
R+P+D,basal,50,-0.15299069096550993,50,0.0,3,106
R+P+D,her2,50,-0.4401954357956837,50,0.02,3,106
R+P+D,luminal,50,-0.41598921559686275,50,0.0,2,106
MOFA+,basal,50,-0.012019998178718974,50,0.0,4,106
MOFA+,her2,50,-0.30258820694702326,50,0.02,2,106
MOFA+,luminal,50,-0.33866773742407064,50,0.0,2,106
R,basal,50,-0.07260683094451892,50,0.0,2,107
R,her2,50,-0.17489446994734856,50,0.0,0,107
R,luminal,50,-0.7669971116591471,50,0.0,2,107
R+P,basal,50,-0.1597065556527879,50,0.0,1,107
R+P,her2,50,-0.13509362115019471,50,0.04,1,107
R+P,luminal,50,-0.29652612616205487,50,0.0,2,107
R+D,basal,50,-0.23527461995523327,50,0.0,1,107
R+D,her2,50,-0.29216314516867997,50,0.02,1,107
R+D,luminal,50,-0.7446331782527777,50,0.0,4,107
R+P+D,basal,50,-0.2761175523208126,50,0.0,0,107
R+P+D,her2,50,-0.25075027502881064,50,0.02,3,107
R+P+D,luminal,50,-0.5887033701915332,50,0.0,2,107
MOFA+,basal,50,-0.28769486971114927,50,0.0,2,107
MOFA+,her2,50,-0.3930197206468565,50,0.02,2,107
MOFA+,luminal,50,-0.5336617848574897,50,0.0,2,107
R,basal,50,-0.34700821507868507,50,0.0,2,108
R,her2,50,-0.4906443128605594,50,0.0,2,108
R,luminal,50,-0.21939795417372654,50,0.0,3,108
R+P,basal,50,-0.29332586834301694,50,0.0,2,108
R+P,her2,50,-0.6924988144122486,50,0.0,2,108
R+P,luminal,50,-0.06873686140267099,50,0.0,4,108
R+D,basal,50,-0.4379482646538554,50,0.0,3,108
R+D,her2,50,-0.5485504310681412,50,0.0,2,108
R+D,luminal,50,-0.3194842334950559,50,0.0,3,108
R+P+D,basal,50,-0.31709990201653254,50,0.0,2,108
R+P+D,her2,50,-0.6583620170360749,50,0.04,1,108
R+P+D,luminal,50,-0.19212228395369857,50,0.0,2,108
MOFA+,basal,50,-0.40261158750576387,50,0.0,1,108
MOFA+,her2,50,-0.7022956727559374,50,0.0,3,108
MOFA+,luminal,50,-0.014035583308286484,50,0.0,4,108
R,basal,50,-0.2802118060708761,50,0.0,3,109
R,her2,50,-0.5448153645513191,50,0.0,7,109
R,luminal,50,-0.4403949409508776,50,0.0,1,109
R+P,basal,50,-0.37604896940661187,50,0.0,5,109
R+P,her2,50,-0.35282352733786704,50,0.0,1,109
R+P,luminal,50,-0.2155924889838544,50,0.0,1,109
R+D,basal,50,-0.4373158978093813,50,0.0,1,109
R+D,her2,50,-0.33167288116224436,50,0.02,5,109
R+D,luminal,50,-0.4255116674103666,50,0.0,1,109
R+P+D,basal,50,-0.4079624146974513,50,0.0,1,109
R+P+D,her2,50,-0.25821903178777555,50,0.02,3,109
R+P+D,luminal,50,-0.3930305420716483,50,0.0,2,109
MOFA+,basal,50,-0.7399409894194376,50,0.0,3,109
MOFA+,her2,50,-0.3120793521641551,50,0.0,1,109
MOFA+,luminal,50,-0.32179389140566017,50,0.0,2,109
R,basal,50,-0.29163803543244265,50,0.0,3,110
R,her2,50,-0.4397461272271951,50,0.04,3,110
R,luminal,50,-0.2968435677252967,50,0.0,1,110
R+P,basal,50,-0.20978991106230369,50,0.0,1,110
R+P,her2,50,-0.3781104173635216,50,0.04,2,110
R+P,luminal,50,-0.35908718793444927,50,0.0,0,110
R+D,basal,50,-0.3672661672207996,50,0.0,3,110
R+D,her2,50,-0.6711248898086803,50,0.04,3,110
R+D,luminal,50,-0.546500363778096,50,0.0,2,110
R+P+D,basal,50,-0.3914461909107098,50,0.0,3,110
R+P+D,her2,50,-0.5478665742177573,50,0.04,4,110
R+P+D,luminal,50,-0.40588836908238485,50,0.0,0,110
MOFA+,basal,50,-0.28769486971114927,50,0.0,2,110
MOFA+,her2,50,-0.40456322390936145,50,0.0,2,110
MOFA+,luminal,50,-0.3952030647717412,50,0.0,5,110
R,basal,50,-0.21067720535087767,50,0.0,1,111
R,her2,50,-0.357171896863198,50,0.0,5,111
R,luminal,50,-0.2996229070750092,50,0.0,1,111
R+P,basal,50,-0.24661909425901127,50,0.0,1,111
R+P,her2,50,-0.166359487031683,50,0.0,1,111
R+P,luminal,50,-0.33665127855762705,50,0.02,1,111
R+D,basal,50,-0.4553798369555,50,0.0,3,111
R+D,her2,50,-0.5293000129267635,50,0.0,4,111
R+D,luminal,50,-0.37279142687113537,50,0.02,3,111
R+P+D,basal,50,-0.4471527754300871,50,0.0,2,111
R+P+D,her2,50,-0.38250983100184177,50,0.0,0,111
R+P+D,luminal,50,-0.3148340408458765,50,0.02,0,111
MOFA+,basal,50,-0.21929701202341526,50,0.0,1,111
MOFA+,her2,50,-0.5067927857540258,50,0.0,2,111
MOFA+,luminal,50,-0.32575067826405774,50,0.02,2,111
R,basal,50,-0.129863881959002,50,0.0,0,112
R,her2,50,-0.4945675961663499,50,0.0,1,112
R,luminal,50,-0.18258138227037193,50,0.0,3,112
R+P,basal,50,-0.15604415361998558,50,0.0,1,112
R+P,her2,50,-0.3877057867341868,50,0.0,0,112
R+P,luminal,50,-0.2640019898322872,50,0.0,4,112
R+D,basal,50,-0.37982967075962043,50,0.0,2,112
R+D,her2,50,-0.6028572998389206,50,0.0,2,112
R+D,luminal,50,-0.29441350488574863,50,0.02,3,112
R+P+D,basal,50,-0.3423660421035044,50,0.0,1,112
R+P+D,her2,50,-0.44621672118187383,50,0.0,1,112
R+P+D,luminal,50,-0.2843670792395494,50,0.02,3,112
MOFA+,basal,50,-0.053421368184589986,50,0.0,3,112
MOFA+,her2,50,-0.7022956727559374,50,0.0,3,112
MOFA+,luminal,50,-0.4336475234046903,50,0.0,2,112
R,basal,50,-0.32069241479756,50,0.0,1,113
R,her2,50,-0.3169080465232511,50,0.0,2,113
R,luminal,50,-0.15768365893341854,50,0.0,0,113
R+P,basal,50,-0.2954895253180144,50,0.0,3,113
R+P,her2,50,-0.3610303920161344,50,0.0,0,113
R+P,luminal,50,-0.05853017919319956,50,0.0,0,113
R+D,basal,50,-0.38328233523154964,50,0.0,4,113
R+D,her2,50,-0.2724860364318865,50,0.0,2,113
R+D,luminal,50,-0.364527368027441,50,0.0,1,113
R+P+D,basal,50,-0.4254573535710177,50,0.0,5,113
R+P+D,her2,50,-0.39735915695284846,50,0.02,0,113
R+P+D,luminal,50,-0.18887934050141086,50,0.0,1,113
MOFA+,basal,50,-0.5463558416948096,50,0.0,3,113
MOFA+,her2,50,-0.2768959773562112,50,0.02,1,113
MOFA+,luminal,50,-0.08707907674069461,50,0.0,0,113
R,basal,50,-0.24164706384548038,50,0.0,1,114
R,her2,50,-0.27645192032118415,50,0.0,1,114
R,luminal,50,-0.4974363008867271,50,0.0,4,114
R+P,basal,50,-0.28190409629209345,50,0.0,2,114
R+P,her2,50,-0.20868628798918804,50,0.0,1,114
R+P,luminal,50,-0.4009085459228324,50,0.0,3,114
R+D,basal,50,-0.3562973253817948,50,0.0,1,114
R+D,her2,50,-0.4460234006054529,50,0.0,2,114
R+D,luminal,50,-0.49262038046547174,50,0.0,3,114
R+P+D,basal,50,-0.35783496530309017,50,0.0,2,114
R+P+D,her2,50,-0.2934515655907903,50,0.0,1,114
R+P+D,luminal,50,-0.5090919877423837,50,0.0,1,114
MOFA+,basal,50,-0.3889951945560759,50,0.0,1,114
MOFA+,her2,50,-0.04592504717146089,50,0.0,3,114
MOFA+,luminal,50,-0.4875302239750314,50,0.0,4,114
R,basal,50,-0.3749354837970849,50,0.0,2,115
R,her2,50,-0.12434432170557772,50,0.0,3,115
R,luminal,50,-0.5242439084178284,50,0.02,1,115
R+P,basal,50,-0.40690546584267123,50,0.0,5,115
R+P,her2,50,-0.12905287672465657,50,0.02,3,115
R+P,luminal,50,-0.3594573090481893,50,0.0,3,115
R+D,basal,50,-0.3784546147155372,50,0.0,4,115
R+D,her2,50,-0.2564318611921703,50,0.0,0,115
R+D,luminal,50,-0.6114247545587431,50,0.02,3,115
R+P+D,basal,50,-0.4855990082782664,50,0.0,5,115
R+P+D,her2,50,-0.17010607826479998,50,0.0,1,115
R+P+D,luminal,50,-0.4668891388443273,50,0.0,2,115
MOFA+,basal,50,-0.5159430532564055,50,0.0,5,115
MOFA+,her2,50,-0.40456322390936145,50,0.0,2,115
MOFA+,luminal,50,-0.3952030647717412,50,0.0,5,115
R,basal,50,-0.4737423504508125,50,0.0,2,116
R,her2,50,-0.23601833736033992,50,0.0,1,116
R,luminal,50,-0.26046708671967167,50,0.0,2,116
R+P,basal,50,-0.40402336028320995,50,0.0,1,116
R+P,her2,50,-0.24021163925115618,50,0.0,3,116
R+P,luminal,50,-0.24787773377180644,50,0.0,2,116
R+D,basal,50,-0.5121316671195792,50,0.0,2,116
R+D,her2,50,-0.35122581985022117,50,0.0,0,116
R+D,luminal,50,-0.3766481630646893,50,0.0,2,116
R+P+D,basal,50,-0.5359831042013158,50,0.0,2,116
R+P+D,her2,50,-0.2775660449778378,50,0.0,1,116
R+P+D,luminal,50,-0.3494276532405934,50,0.0,4,116
MOFA+,basal,50,-0.3915193340880218,50,0.0,2,116
MOFA+,her2,50,-0.04592504717146089,50,0.0,3,116
MOFA+,luminal,50,-0.4875302239750314,50,0.0,4,116
R,basal,50,-0.48810013674520847,50,0.0,5,117
R,her2,50,-0.46773309634644683,50,0.02,6,117
R,luminal,50,-0.22140729924950503,50,0.0,1,117
R+P,basal,50,-0.22410254750045133,50,0.0,1,117
R+P,her2,50,-0.3732657829668193,50,0.0,6,117
R+P,luminal,50,-0.09600060720420503,50,0.0,1,117
R+D,basal,50,-0.48413237432897416,50,0.0,1,117
R+D,her2,50,-0.46702088460322194,50,0.02,5,117
R+D,luminal,50,-0.2774721657073838,50,0.02,1,117
R+P+D,basal,50,-0.41829315893517743,50,0.0,3,117
R+P+D,her2,50,-0.4866486487841542,50,0.02,7,117
R+P+D,luminal,50,-0.25226093716927367,50,0.04,3,117
MOFA+,basal,50,-0.3212467034974735,50,0.0,1,117
MOFA+,her2,50,-0.21672749174668915,50,0.0,1,117
MOFA+,luminal,50,-0.32179389140566017,50,0.0,2,117
R,basal,50,-0.12467958940728098,50,0.0,5,118
R,her2,50,-0.54973201166114,50,0.02,3,118
R,luminal,50,-0.2787341679984001,50,0.0,3,118
R+P,basal,50,-0.10262651488684979,50,0.0,3,118
R+P,her2,50,-0.2836859034166457,50,0.02,3,118
R+P,luminal,50,-0.2034956288678253,50,0.0,2,118
R+D,basal,50,-0.41077754186632764,50,0.0,4,118
R+D,her2,50,-0.43178800191172684,50,0.0,2,118
R+D,luminal,50,-0.3409559881556385,50,0.0,1,118
R+P+D,basal,50,-0.35919094282689257,50,0.0,3,118
R+P+D,her2,50,-0.32777572381569814,50,0.0,1,118
R+P+D,luminal,50,-0.3157852927640141,50,0.0,2,118
MOFA+,basal,50,-0.5054582191460999,50,0.0,4,118
MOFA+,her2,50,-0.21672749174668915,50,0.0,1,118
MOFA+,luminal,50,-0.08707907674069461,50,0.0,0,118
R,basal,50,-0.3698427202801073,50,0.0,2,119
R,her2,50,-0.3215005512319843,50,0.0,2,119
R,luminal,50,-0.2733376261589443,50,0.0,2,119
R+P,basal,50,-0.2700830939215354,50,0.0,0,119
R+P,her2,50,-0.18034557536754736,50,0.0,0,119
R+P,luminal,50,-0.08117525169712718,50,0.0,1,119
R+D,basal,50,-0.42934237932555513,50,0.0,2,119
R+D,her2,50,-0.41314828899344114,50,0.0,4,119
R+D,luminal,50,-0.48773412718853437,50,0.0,3,119
R+P+D,basal,50,-0.25616502452923223,50,0.0,0,119
R+P+D,her2,50,-0.3505135765579681,50,0.0,2,119
R+P+D,luminal,50,-0.457241857122298,50,0.0,5,119
MOFA+,basal,50,-0.5178778430235921,50,0.0,2,119
MOFA+,her2,50,-0.42313238618869314,50,0.02,1,119
MOFA+,luminal,50,-0.32575067826405774,50,0.02,2,119
R,basal,50,-0.13959750612043378,50,0.0,0,120
R,her2,50,-0.44193807760362347,50,0.0,2,120
R,luminal,50,-0.422325237726499,50,0.0,6,120
R+P,basal,50,-0.19815604435595247,50,0.0,0,120
R+P,her2,50,-0.2682595214295507,50,0.0,2,120
R+P,luminal,50,-0.21264810505519102,50,0.0,1,120
R+D,basal,50,-0.22691177894934117,50,0.0,2,120
R+D,her2,50,-0.5277945083262702,50,0.0,2,120
R+D,luminal,50,-0.43072859632006305,50,0.02,2,120
R+P+D,basal,50,-0.21743964411648978,50,0.0,0,120
R+P+D,her2,50,-0.4789038547079983,50,0.0,4,120
R+P+D,luminal,50,-0.38437628640646054,50,0.02,1,120
MOFA+,basal,50,-0.012019998178718974,50,0.0,4,120
MOFA+,her2,50,-0.5491719546595314,50,0.0,3,120
MOFA+,luminal,50,-0.32524904615232936,50,0.0,1,120
R,basal,50,-0.19360770366016614,50,0.0,0,121
R,her2,50,-0.29465095939724906,50,0.0,3,121
R,luminal,50,-0.358899578995405,50,0.0,1,121
R+P,basal,50,-0.20647717931180865,50,0.0,0,121
R+P,her2,50,-0.40195651489908685,50,0.02,5,121
R+P,luminal,50,-0.3150887279616211,50,0.0,2,121
R+D,basal,50,-0.4923738511787986,50,0.0,2,121
R+D,her2,50,-0.41273122807269497,50,0.0,7,121
R+D,luminal,50,-0.5339373923138492,50,0.0,1,121
R+P+D,basal,50,-0.273752265819555,50,0.0,2,121
R+P+D,her2,50,-0.3810319662374458,50,0.02,6,121
R+P+D,luminal,50,-0.5734058144519035,50,0.0,2,121
MOFA+,basal,50,-0.21929701202341526,50,0.0,1,121
MOFA+,her2,50,-0.5652605157510739,50,0.0,1,121
MOFA+,luminal,50,-0.08707907674069461,50,0.0,0,121
R,basal,50,-0.1835449709393854,50,0.0,0,122
R,her2,50,-0.4983183850093829,50,0.0,1,122
R,luminal,50,-0.2909155903239568,50,0.0,3,122
R+P,basal,50,-0.2160405953664452,50,0.0,0,122
R+P,her2,50,-0.30322885675413214,50,0.02,1,122
R+P,luminal,50,-0.44494200455106603,50,0.02,5,122
R+D,basal,50,-0.354561891113103,50,0.0,0,122
R+D,her2,50,-0.5654881027171706,50,0.0,2,122
R+D,luminal,50,-0.5823414174129932,50,0.0,4,122
R+P+D,basal,50,-0.25077401343172906,50,0.0,0,122
R+P+D,her2,50,-0.46546476403493997,50,0.0,5,122
R+P+D,luminal,50,-0.6444036066691362,50,0.0,4,122
MOFA+,basal,50,-0.3915193340880218,50,0.0,2,122
MOFA+,her2,50,-0.7022956727559374,50,0.0,3,122
MOFA+,luminal,50,-0.5336617848574897,50,0.0,2,122
R,basal,50,-0.2557656183511481,50,0.0,0,123
R,her2,50,-0.47651871902064824,50,0.0,2,123
R,luminal,50,-0.29680632344031677,50,0.0,2,123
R+P,basal,50,-0.22015949824047712,50,0.0,1,123
R+P,her2,50,-0.3927666512837935,50,0.0,2,123
R+P,luminal,50,-0.2163347882766431,50,0.0,1,123
R+D,basal,50,-0.34080123471028323,50,0.0,1,123
R+D,her2,50,-0.38801323660975584,50,0.0,1,123
R+D,luminal,50,-0.516836680901902,50,0.0,1,123
R+P+D,basal,50,-0.3977876398195152,50,0.0,0,123
R+P+D,her2,50,-0.4143818196197803,50,0.0,1,123
R+P+D,luminal,50,-0.23992152425559912,50,0.0,0,123
MOFA+,basal,50,-0.3915193340880218,50,0.0,2,123
MOFA+,her2,50,-0.08379133735789089,50,0.0,0,123
MOFA+,luminal,50,-0.4875302239750314,50,0.0,4,123
R,basal,50,-0.26461778314246237,50,0.0,0,124
R,her2,50,-0.5322066892406212,50,0.0,1,124
R,luminal,50,-0.3270566457801171,50,0.0,0,124
R+P,basal,50,-0.17543359960875368,50,0.0,1,124
R+P,her2,50,-0.2675172521587676,50,0.0,1,124
R+P,luminal,50,-0.44419335255986225,50,0.0,2,124
R+D,basal,50,-0.3273284390162985,50,0.0,0,124
R+D,her2,50,-0.5715878212561737,50,0.0,2,124
R+D,luminal,50,-0.6277750927541199,50,0.0,3,124
R+P+D,basal,50,-0.2782409057839585,50,0.0,2,124
R+P+D,her2,50,-0.384598397544439,50,0.0,0,124
R+P+D,luminal,50,-0.591206090696256,50,0.0,3,124
MOFA+,basal,50,-0.053421368184589986,50,0.0,3,124
MOFA+,her2,50,-0.5652605157510739,50,0.0,1,124
MOFA+,luminal,50,-0.33866773742407064,50,0.0,2,124
R,basal,50,-0.4190408666825693,50,0.0,0,125
R,her2,50,-0.6968405950203685,50,0.0,6,125
R,luminal,50,-0.30958594240211335,50,0.0,3,125
R+P,basal,50,-0.4671306887673324,50,0.0,3,125
R+P,her2,50,-0.7354277380390651,50,0.02,4,125
R+P,luminal,50,-0.15265129157168203,50,0.0,1,125
R+D,basal,50,-0.3248071087940958,50,0.0,0,125
R+D,her2,50,-0.6164754461734929,50,0.0,2,125
R+D,luminal,50,-0.49234282481096747,50,0.02,3,125
R+P+D,basal,50,-0.5251267191916912,50,0.0,1,125
R+P+D,her2,50,-0.6418793455650809,50,0.02,3,125
R+P+D,luminal,50,-0.20694456518266932,50,0.0,0,125
MOFA+,basal,50,-0.28982350086081005,50,0.0,2,125
MOFA+,her2,50,-0.3782726858472879,50,0.0,2,125
MOFA+,luminal,50,-0.32524904615232936,50,0.0,1,125
R,basal,50,-0.3992955647154286,50,0.0,7,126
R,her2,50,-0.41226533702603246,50,0.0,6,126
R,luminal,50,-0.21726014617951436,50,0.0,1,126
R+P,basal,50,-0.12845130318306508,50,0.0,0,126
R+P,her2,50,-0.4374098677639928,50,0.0,1,126
R+P,luminal,50,-0.43213423852901456,50,0.0,3,126
R+D,basal,50,-0.3832008095571243,50,0.0,3,126
R+D,her2,50,-0.5233078084075337,50,0.0,3,126
R+D,luminal,50,-0.39898023443687103,50,0.0,0,126
R+P+D,basal,50,-0.18560837562786228,50,0.0,2,126
R+P+D,her2,50,-0.5130214504202897,50,0.0,2,126
R+P+D,luminal,50,-0.4320480351420383,50,0.0,2,126
MOFA+,basal,50,-0.3212467034974735,50,0.0,1,126
MOFA+,her2,50,-0.4928444076680832,50,0.0,5,126
MOFA+,luminal,50,-0.08707907674069461,50,0.0,0,126
R,basal,50,-0.2292260520372309,50,0.0,0,127
R,her2,50,-0.30996559261038353,50,0.0,1,127
R,luminal,50,-0.3586782133439284,50,0.02,2,127
R+P,basal,50,-0.11859741867344155,50,0.0,2,127
R+P,her2,50,-0.43611572104410745,50,0.0,1,127
R+P,luminal,50,-0.4019308345229786,50,0.0,1,127
R+D,basal,50,-0.40840681917014016,50,0.0,1,127
R+D,her2,50,-0.42953754204329087,50,0.0,2,127
R+D,luminal,50,-0.5419712339506766,50,0.02,1,127
R+P+D,basal,50,-0.18778112025795368,50,0.0,1,127
R+P+D,her2,50,-0.4727274954303853,50,0.0,3,127
R+P+D,luminal,50,-0.48914376108856245,50,0.02,0,127
MOFA+,basal,50,-0.27447206105048505,50,0.0,1,127
MOFA+,her2,50,-0.42313238618869314,50,0.02,1,127
MOFA+,luminal,50,-0.5336617848574897,50,0.0,2,127
R,basal,50,-0.1700831719811909,50,0.0,1,128
R,her2,50,-0.5516615240718441,50,0.02,1,128
R,luminal,50,-0.5937891743198057,50,0.0,5,128
R+P,basal,50,-0.17386927507635505,50,0.0,0,128
R+P,her2,50,-0.5869344392925759,50,0.0,2,128
R+P,luminal,50,-0.38972421212231495,50,0.0,3,128
R+D,basal,50,-0.21604534908158668,50,0.0,1,128
R+D,her2,50,-0.4189415415451661,50,0.0,2,128
R+D,luminal,50,-0.6426239496651094,50,0.0,5,128
R+P+D,basal,50,-0.19331499185715761,50,0.0,1,128
R+P+D,her2,50,-0.42335031296094167,50,0.0,2,128
R+P+D,luminal,50,-0.5969136433168495,50,0.0,6,128
MOFA+,basal,50,-0.053421368184589986,50,0.0,3,128
MOFA+,her2,50,-0.40456322390936145,50,0.0,2,128
MOFA+,luminal,50,-0.33866773742407064,50,0.0,2,128
R,basal,50,-0.5499883677324185,50,0.0,2,129
R,her2,50,-0.38644730687850265,50,0.02,2,129
R,luminal,50,-0.13273579383807438,50,0.0,0,129
R+P,basal,50,-0.3668561535979908,50,0.0,1,129
R+P,her2,50,-0.551297205456671,50,0.02,3,129
R+P,luminal,50,-0.17532004969682408,50,0.0,0,129
R+D,basal,50,-0.45803645323494685,50,0.0,1,129
R+D,her2,50,-0.48323263923107346,50,0.02,0,129
R+D,luminal,50,-0.35216592041671535,50,0.0,3,129
R+P+D,basal,50,-0.5192865895319959,50,0.0,2,129
R+P+D,her2,50,-0.6258319333302741,50,0.0,2,129
R+P+D,luminal,50,-0.19750972695174668,50,0.0,1,129
MOFA+,basal,50,-0.7399409894194376,50,0.0,3,129
MOFA+,her2,50,-0.5652605157510739,50,0.0,1,129
MOFA+,luminal,50,-0.049338171842283035,50,0.0,3,129
R,basal,50,-0.49531884429202255,50,0.0,3,130
R,her2,50,-0.19346250955201477,50,0.0,2,130
R,luminal,50,-0.28477720652800115,50,0.02,0,130
R+P,basal,50,-0.5427414147143123,50,0.0,4,130
R+P,her2,50,-0.17650043584112857,50,0.0,1,130
R+P,luminal,50,-0.13803512208461396,50,0.0,1,130
R+D,basal,50,-0.4927260088748971,50,0.0,5,130
R+D,her2,50,-0.3569805971985653,50,0.0,2,130
R+D,luminal,50,-0.3108734718271099,50,0.0,1,130
R+P+D,basal,50,-0.5311446411279401,50,0.0,3,130
R+P+D,her2,50,-0.18246204613893302,50,0.0,2,130
R+P+D,luminal,50,-0.19642331946902952,50,0.0,1,130
MOFA+,basal,50,-0.5178778430235921,50,0.0,2,130
MOFA+,her2,50,-0.3120793521641551,50,0.0,1,130
MOFA+,luminal,50,-0.32575067826405774,50,0.02,2,130
R,basal,50,-0.19471994134606777,50,0.0,3,131
R,her2,50,-0.35266783187366374,50,0.0,5,131
R,luminal,50,-0.2223184054862775,50,0.0,4,131
R+P,basal,50,-0.17833371888878893,50,0.0,2,131
R+P,her2,50,-0.2727739568346112,50,0.0,1,131
R+P,luminal,50,-0.27349666574815434,50,0.04,3,131
R+D,basal,50,-0.2945260906794873,50,0.0,3,131
R+D,her2,50,-0.4211290422594204,50,0.0,3,131
R+D,luminal,50,-0.4973440434592859,50,0.02,8,131
R+P+D,basal,50,-0.31942174237963594,50,0.0,1,131
R+P+D,her2,50,-0.3314073901190748,50,0.0,1,131
R+P+D,luminal,50,-0.2978453236764,50,0.02,5,131
MOFA+,basal,50,-0.5159430532564055,50,0.0,5,131
MOFA+,her2,50,-0.3120793521641551,50,0.0,1,131
MOFA+,luminal,50,-0.32575067826405774,50,0.02,2,131
R,basal,50,-0.2906204367361219,50,0.0,0,132
R,her2,50,-0.15969366289874778,50,0.0,2,132
R,luminal,50,-0.36233752687051896,50,0.04,4,132
R+P,basal,50,-0.16339617532330347,50,0.0,0,132
R+P,her2,50,-0.12901470586006433,50,0.0,1,132
R+P,luminal,50,-0.3475936983991237,50,0.02,3,132
R+D,basal,50,-0.369400460978723,50,0.0,0,132
R+D,her2,50,-0.23031537651375428,50,0.02,3,132
R+D,luminal,50,-0.4644406751905867,50,0.0,4,132
R+P+D,basal,50,-0.31835835887875263,50,0.0,0,132
R+P+D,her2,50,-0.18816518207644836,50,0.02,2,132
R+P+D,luminal,50,-0.4699691730299466,50,0.02,6,132
MOFA+,basal,50,-0.40261158750576387,50,0.0,1,132
MOFA+,her2,50,-0.30258820694702326,50,0.02,2,132
MOFA+,luminal,50,-0.32524904615232936,50,0.0,1,132
R,basal,50,-0.6534084244788524,50,0.0,6,133
R,her2,50,-0.40909783793930077,50,0.0,2,133
R,luminal,50,-0.13500625535367283,50,0.0,1,133
R+P,basal,50,-0.33553410449645615,50,0.0,1,133
R+P,her2,50,-0.4846594175148296,50,0.0,3,133
R+P,luminal,50,-0.08697788025099977,50,0.0,1,133
R+D,basal,50,-0.7469634365697586,50,0.0,7,133
R+D,her2,50,-0.4120462538599543,50,0.0,0,133
R+D,luminal,50,-0.1818141482876337,50,0.0,2,133
R+P+D,basal,50,-0.4593428096666488,50,0.0,1,133
R+P+D,her2,50,-0.5331084797963408,50,0.0,1,133
R+P+D,luminal,50,-0.2071855110231809,50,0.0,2,133
MOFA+,basal,50,-0.3889951945560759,50,0.0,1,133
MOFA+,her2,50,-0.7022956727559374,50,0.0,3,133
MOFA+,luminal,50,-0.4605362947843053,50,0.0,5,133
R,basal,50,-0.3556839318777022,50,0.0,1,134
R,her2,50,-0.18456834078701076,50,0.0,0,134
R,luminal,50,-0.4358872535937902,50,0.0,5,134
R+P,basal,50,-0.3858868205891202,50,0.0,2,134
R+P,her2,50,-0.07751515616661035,50,0.0,0,134
R+P,luminal,50,-0.27855048774848723,50,0.0,5,134
R+D,basal,50,-0.4361296266521018,50,0.0,0,134
R+D,her2,50,-0.4087783224126012,50,0.0,2,134
R+D,luminal,50,-0.42995014066048803,50,0.02,3,134
R+P+D,basal,50,-0.43253758527087366,50,0.0,1,134
R+P+D,her2,50,-0.36436944183763736,50,0.0,2,134
R+P+D,luminal,50,-0.36454299305720544,50,0.0,4,134
MOFA+,basal,50,-0.7399409894194376,50,0.0,3,134
MOFA+,her2,50,-0.08379133735789089,50,0.0,0,134
MOFA+,luminal,50,-0.4605362947843053,50,0.0,5,134
R,basal,50,-0.37987337335759536,50,0.0,2,135
R,her2,50,-0.3959827435398073,50,0.0,2,135
R,luminal,50,-0.2925807460114917,50,0.0,1,135
R+P,basal,50,-0.42696802890556945,50,0.0,2,135
R+P,her2,50,-0.4178112258081096,50,0.0,3,135
R+P,luminal,50,-0.16743587933202467,50,0.0,2,135
R+D,basal,50,-0.5777740397831742,50,0.0,3,135
R+D,her2,50,-0.38315633860677795,50,0.0,1,135
R+D,luminal,50,-0.3895786388049197,50,0.02,2,135
R+P+D,basal,50,-0.6224408073949539,50,0.0,3,135
R+P+D,her2,50,-0.3786814453738399,50,0.0,0,135
R+P+D,luminal,50,-0.18945453636249113,50,0.0,2,135
MOFA+,basal,50,-0.5463558416948096,50,0.0,3,135
MOFA+,her2,50,-0.4928444076680832,50,0.0,5,135
MOFA+,luminal,50,-0.38706270944304655,50,0.0,1,135
R,basal,50,-0.38534650055748704,50,0.0,2,136
R,her2,50,-0.2536817751151942,50,0.0,0,136
R,luminal,50,-0.2589398084520559,50,0.0,1,136
R+P,basal,50,-0.3220790377957891,50,0.0,4,136
R+P,her2,50,-0.28352038488935016,50,0.0,2,136
R+P,luminal,50,-0.10715482822244093,50,0.0,0,136
R+D,basal,50,-0.5041180206130921,50,0.0,2,136
R+D,her2,50,-0.4133440227208498,50,0.0,2,136
R+D,luminal,50,-0.435480444442148,50,0.02,4,136
R+P+D,basal,50,-0.4495159861673396,50,0.0,3,136
R+P+D,her2,50,-0.5195684933618725,50,0.0,3,136
R+P+D,luminal,50,-0.18556671465735852,50,0.02,3,136
MOFA+,basal,50,-0.07330649288426355,50,0.0,0,136
MOFA+,her2,50,-0.4928444076680832,50,0.0,5,136
MOFA+,luminal,50,-0.22472778073296432,50,0.0,1,136
R,basal,50,-0.6262023045107985,50,0.0,4,137
R,her2,50,-0.45143153318998636,50,0.02,1,137
R,luminal,50,-0.1644094522365539,50,0.0,2,137
R+P,basal,50,-0.42685630715418915,50,0.0,1,137
R+P,her2,50,-0.5578524936167542,50,0.02,2,137
R+P,luminal,50,-0.1486010548238605,50,0.0,1,137
R+D,basal,50,-0.5762031775231011,50,0.0,3,137
R+D,her2,50,-0.5254395542713142,50,0.0,2,137
R+D,luminal,50,-0.3005621587241018,50,0.0,1,137
R+P+D,basal,50,-0.601077240771134,50,0.0,3,137
R+P+D,her2,50,-0.5483634160973679,50,0.0,2,137
R+P+D,luminal,50,-0.2097589354731443,50,0.02,1,137
MOFA+,basal,50,-0.27447206105048505,50,0.0,1,137
MOFA+,her2,50,-0.40456322390936145,50,0.0,2,137
MOFA+,luminal,50,-0.5614016197427435,50,0.0,3,137
R,basal,50,-0.16132861100230614,50,0.0,0,138
R,her2,50,-0.3275556271258219,50,0.02,1,138
R,luminal,50,-0.3088798833322349,50,0.0,5,138
R+P,basal,50,-0.22005493461514825,50,0.0,1,138
R+P,her2,50,-0.1920404185028705,50,0.0,1,138
R+P,luminal,50,-0.3378420000652357,50,0.0,7,138
R+D,basal,50,-0.3610733469182069,50,0.0,1,138
R+D,her2,50,-0.3509876476762539,50,0.0,2,138
R+D,luminal,50,-0.4472699396502826,50,0.02,6,138
R+P+D,basal,50,-0.39860488917007075,50,0.0,1,138
R+P+D,her2,50,-0.2596854737210037,50,0.0,0,138
R+P+D,luminal,50,-0.44340043926995326,50,0.0,7,138
MOFA+,basal,50,-0.07330649288426355,50,0.0,0,138
MOFA+,her2,50,-0.04592504717146089,50,0.0,3,138
MOFA+,luminal,50,-0.7166178630053172,50,0.0,3,138
R,basal,50,-0.44012582822979107,50,0.0,3,139
R,her2,50,-0.33319146186807935,50,0.0,4,139
R,luminal,50,-0.18037080313164322,50,0.06,2,139
R+P,basal,50,-0.37300092291986076,50,0.0,2,139
R+P,her2,50,-0.25635211724117,50,0.0,4,139
R+P,luminal,50,-0.17812807025996805,50,0.06,1,139
R+D,basal,50,-0.6886791857099699,50,0.0,3,139
R+D,her2,50,-0.4303058795971175,50,0.0,4,139
R+D,luminal,50,-0.2957589118822446,50,0.04,2,139
R+P+D,basal,50,-0.5694415720000453,50,0.0,1,139
R+P+D,her2,50,-0.4195169529495945,50,0.02,4,139
R+P+D,luminal,50,-0.24847175827229573,50,0.04,1,139
MOFA+,basal,50,-0.5178778430235921,50,0.0,2,139
MOFA+,her2,50,-0.3930197206468565,50,0.02,2,139
MOFA+,luminal,50,-0.32575067826405774,50,0.02,2,139
R,basal,50,-0.32541716247978963,50,0.0,3,140
R,her2,50,-0.1711819478736424,50,0.04,2,140
R,luminal,50,-0.7260257326712747,50,0.0,1,140
R+P,basal,50,-0.15265905980529396,50,0.0,2,140
R+P,her2,50,-0.1623543109608798,50,0.0,2,140
R+P,luminal,50,-0.5205596069099543,50,0.0,1,140
R+D,basal,50,-0.3277505404500039,50,0.0,3,140
R+D,her2,50,-0.23545072111451773,50,0.04,5,140
R+D,luminal,50,-0.7296882860178411,50,0.0,2,140
R+P+D,basal,50,-0.23061912992972544,50,0.0,2,140
R+P+D,her2,50,-0.3081662123412968,50,0.02,2,140
R+P+D,luminal,50,-0.5252778064593956,50,0.0,1,140
MOFA+,basal,50,-0.27447206105048505,50,0.0,1,140
MOFA+,her2,50,-0.4928444076680832,50,0.0,5,140
MOFA+,luminal,50,-0.5614016197427435,50,0.0,3,140
R,basal,50,-0.3767278510545778,50,0.0,2,141
R,her2,50,-0.5030860395514068,50,0.0,0,141
R,luminal,50,-0.22200687512074815,50,0.02,4,141
R+P,basal,50,-0.4046370538876157,50,0.0,4,141
R+P,her2,50,-0.23000265326696032,50,0.0,1,141
R+P,luminal,50,-0.27032044258017807,50,0.02,3,141
R+D,basal,50,-0.43088933333619556,50,0.0,3,141
R+D,her2,50,-0.5081979012870006,50,0.0,2,141
R+D,luminal,50,-0.4115012425186705,50,0.0,3,141
R+P+D,basal,50,-0.3391770812262046,50,0.0,4,141
R+P+D,her2,50,-0.36395948602703015,50,0.0,3,141
R+P+D,luminal,50,-0.4543938477340862,50,0.02,1,141
MOFA+,basal,50,-0.5159430532564055,50,0.0,5,141
MOFA+,her2,50,-0.40456322390936145,50,0.0,2,141
MOFA+,luminal,50,-0.5834359116792033,50,0.0,1,141
R,basal,50,-0.24040555761879887,50,0.0,0,142
R,her2,50,-0.49149782932874386,50,0.0,3,142
R,luminal,50,-0.3981559950288567,50,0.0,0,142
R+P,basal,50,-0.1435026977193909,50,0.0,1,142
R+P,her2,50,-0.5412494648771136,50,0.0,7,142
R+P,luminal,50,-0.23583726677768002,50,0.0,1,142
R+D,basal,50,-0.39390589826322725,50,0.0,2,142
R+D,her2,50,-0.4095300584020399,50,0.0,1,142
R+D,luminal,50,-0.41032504686114957,50,0.0,0,142
R+P+D,basal,50,-0.36389647875216063,50,0.0,1,142
R+P+D,her2,50,-0.4337600896371018,50,0.0,2,142
R+P+D,luminal,50,-0.2984157808599105,50,0.0,0,142
MOFA+,basal,50,-0.5624526968256038,50,0.0,1,142
MOFA+,her2,50,-0.3782726858472879,50,0.0,2,142
MOFA+,luminal,50,-0.38706270944304655,50,0.0,1,142
R,basal,50,-0.3021200079254986,50,0.0,0,143
R,her2,50,-0.510268545427374,50,0.0,9,143
R,luminal,50,-0.24761064048398104,50,0.06,2,143
R+P,basal,50,-0.28110506957034775,50,0.0,2,143
R+P,her2,50,-0.2578950618112815,50,0.0,1,143
R+P,luminal,50,-0.21659628991922733,50,0.06,3,143
R+D,basal,50,-0.5814812156727394,50,0.0,2,143
R+D,her2,50,-0.45181276930503667,50,0.0,5,143
R+D,luminal,50,-0.3360421195694655,50,0.04,2,143
R+P+D,basal,50,-0.3696926311299476,50,0.0,1,143
R+P+D,her2,50,-0.4472333947836975,50,0.0,3,143
R+P+D,luminal,50,-0.29010088652154464,50,0.06,4,143
MOFA+,basal,50,-0.012019998178718974,50,0.0,4,143
MOFA+,her2,50,-0.21672749174668915,50,0.0,1,143
MOFA+,luminal,50,-0.27498818356268634,50,0.0,1,143
R,basal,50,-0.1170980770751106,50,0.0,0,144
R,her2,50,-0.332838221145173,50,0.0,3,144
R,luminal,50,-0.38913507126093966,50,0.02,5,144
R+P,basal,50,-0.06662543257879543,50,0.0,1,144
R+P,her2,50,-0.24838639343365268,50,0.0,5,144
R+P,luminal,50,-0.5597468350378846,50,0.04,4,144
R+D,basal,50,-0.23040038962564702,50,0.0,2,144
R+D,her2,50,-0.31413911228040736,50,0.0,4,144
R+D,luminal,50,-0.3693343597372947,50,0.02,3,144
R+P+D,basal,50,-0.199133911526172,50,0.0,1,144
R+P+D,her2,50,-0.2639247425793915,50,0.0,5,144
R+P+D,luminal,50,-0.47167454196354547,50,0.02,3,144
MOFA+,basal,50,-0.012019998178718974,50,0.0,4,144
MOFA+,her2,50,-0.04592504717146089,50,0.0,3,144
MOFA+,luminal,50,-0.7166178630053172,50,0.0,3,144
R,basal,50,-0.4665838696758208,50,0.0,0,145
R,her2,50,-0.4471754258413459,50,0.0,0,145
R,luminal,50,-0.1574767874781954,50,0.0,1,145
R+P,basal,50,-0.40979096818988614,50,0.0,2,145
R+P,her2,50,-0.3262806536695278,50,0.02,2,145
R+P,luminal,50,-0.10256425270957893,50,0.0,1,145
R+D,basal,50,-0.5063130332455129,50,0.0,1,145
R+D,her2,50,-0.44495058323955833,50,0.02,1,145
R+D,luminal,50,-0.3083890477902686,50,0.0,1,145
R+P+D,basal,50,-0.5231986653329973,50,0.0,1,145
R+P+D,her2,50,-0.4052438999170833,50,0.02,1,145
R+P+D,luminal,50,-0.2557508119433785,50,0.0,0,145
MOFA+,basal,50,-0.5463558416948096,50,0.0,3,145
MOFA+,her2,50,-0.5159761307760569,50,0.0,4,145
MOFA+,luminal,50,-0.42447621761666204,50,0.0,2,145
R,basal,50,-0.24243504305570682,50,0.0,1,146
R,her2,50,-0.26325330480974196,50,0.0,0,146
R,luminal,50,-0.08649996928388692,50,0.0,2,146
R+P,basal,50,-0.1207387284026373,50,0.0,0,146
R+P,her2,50,-0.18020903996179125,50,0.0,2,146
R+P,luminal,50,-0.3034337304725442,50,0.0,2,146
R+D,basal,50,-0.3315441430217371,50,0.0,2,146
R+D,her2,50,-0.280561502371541,50,0.0,1,146
R+D,luminal,50,-0.3219475977774932,50,0.0,0,146
R+P+D,basal,50,-0.3013505061124498,50,0.0,3,146
R+P+D,her2,50,-0.2592735914376844,50,0.0,0,146
R+P+D,luminal,50,-0.39808440920629495,50,0.0,2,146
MOFA+,basal,50,-0.3889951945560759,50,0.0,1,146
MOFA+,her2,50,-0.5652605157510739,50,0.0,1,146
MOFA+,luminal,50,-0.4605362947843053,50,0.0,5,146
R,basal,50,-0.71594416614849,50,0.0,3,147
R,her2,50,-0.13150918294079528,50,0.0,2,147
R,luminal,50,-0.24310779293407475,50,0.0,6,147
R+P,basal,50,-0.6358916246076672,50,0.0,3,147
R+P,her2,50,-0.22358421356679492,50,0.0,2,147
R+P,luminal,50,-0.22053351453664188,50,0.0,2,147
R+D,basal,50,-0.6574390123221289,50,0.0,2,147
R+D,her2,50,-0.38151623154700837,50,0.0,1,147
R+D,luminal,50,-0.4980534207666117,50,0.0,3,147
R+P+D,basal,50,-0.6278914093609006,50,0.0,2,147
R+P+D,her2,50,-0.3656519529462959,50,0.0,1,147
R+P+D,luminal,50,-0.324154407204511,50,0.0,2,147
MOFA+,basal,50,-0.28982350086081005,50,0.0,2,147
MOFA+,her2,50,-0.5652605157510739,50,0.0,1,147
MOFA+,luminal,50,-0.32524904615232936,50,0.0,1,147
R,basal,50,-0.16866981444573803,50,0.0,0,148
R,her2,50,-0.16988114099807194,50,0.0,0,148
R,luminal,50,-0.5558102501037231,50,0.0,6,148
R+P,basal,50,-0.15649684525038232,50,0.0,1,148
R+P,her2,50,-0.2635339365653924,50,0.0,0,148
R+P,luminal,50,-0.6075579999112803,50,0.0,3,148
R+D,basal,50,-0.31011403741199944,50,0.0,0,148
R+D,her2,50,-0.3147072237202495,50,0.02,2,148
R+D,luminal,50,-0.5371827856259617,50,0.0,2,148
R+P+D,basal,50,-0.22375792661606153,50,0.0,1,148
R+P+D,her2,50,-0.2895269058340746,50,0.02,1,148
R+P+D,luminal,50,-0.6105179985519575,50,0.0,3,148
MOFA+,basal,50,-0.053421368184589986,50,0.0,3,148
MOFA+,her2,50,-0.3782726858472879,50,0.0,2,148
MOFA+,luminal,50,-0.7166178630053172,50,0.0,3,148
R,basal,50,-0.29713943067994963,50,0.0,3,149
R,her2,50,-0.330975099204681,50,0.02,1,149
R,luminal,50,-0.23149430259400156,50,0.02,4,149
R+P,basal,50,-0.20662534924400386,50,0.0,2,149
R+P,her2,50,-0.23866535669091882,50,0.02,2,149
R+P,luminal,50,-0.41359312549457017,50,0.04,2,149
R+D,basal,50,-0.44912541850768506,50,0.0,3,149
R+D,her2,50,-0.5011823671664852,50,0.02,5,149
R+D,luminal,50,-0.4491675797268195,50,0.0,3,149
R+P+D,basal,50,-0.3820652010290584,50,0.0,3,149
R+P+D,her2,50,-0.3199466048662904,50,0.02,3,149
R+P+D,luminal,50,-0.390193703575901,50,0.02,3,149
MOFA+,basal,50,-0.368276449712905,50,0.02,2,149
MOFA+,her2,50,-0.5652605157510739,50,0.0,1,149
MOFA+,luminal,50,-0.4605362947843053,50,0.0,5,149
R,basal,50,-0.386690895957856,50,0.0,2,150
R,her2,50,-0.4471853054603717,50,0.0,1,150
R,luminal,50,-0.18808465907896707,50,0.0,0,150
R+P,basal,50,-0.44263645294944154,50,0.0,2,150
R+P,her2,50,-0.34851090490355974,50,0.0,0,150
R+P,luminal,50,-0.13305643328717434,50,0.02,2,150
R+D,basal,50,-0.4241144739267566,50,0.0,4,150
R+D,her2,50,-0.5477235761379187,50,0.0,2,150
R+D,luminal,50,-0.41285337625365687,50,0.0,2,150
R+P+D,basal,50,-0.48575317987417693,50,0.0,3,150
R+P+D,her2,50,-0.4627304416466877,50,0.02,2,150
R+P+D,luminal,50,-0.2211187505434911,50,0.0,2,150
MOFA+,basal,50,-0.3915193340880218,50,0.0,2,150
MOFA+,her2,50,-0.5067927857540258,50,0.0,2,150
MOFA+,luminal,50,-0.014035583308286484,50,0.0,4,150
R,basal,50,-0.4771055944116283,50,0.0,1,151
R,her2,50,-0.5077159089226548,50,0.04,4,151
R,luminal,50,-0.24076168929007496,50,0.0,0,151
R+P,basal,50,-0.5583488931238151,50,0.0,2,151
R+P,her2,50,-0.34346964808204367,50,0.02,3,151
R+P,luminal,50,-0.254223440092224,50,0.02,1,151
R+D,basal,50,-0.5102043905649963,50,0.0,1,151
R+D,her2,50,-0.5411998181003979,50,0.02,6,151
R+D,luminal,50,-0.440160104155449,50,0.0,2,151
R+P+D,basal,50,-0.5277585399698996,50,0.0,0,151
R+P+D,her2,50,-0.3427993370010777,50,0.02,4,151
R+P+D,luminal,50,-0.38421365523724416,50,0.04,0,151
MOFA+,basal,50,-0.7399409894194376,50,0.0,3,151
MOFA+,her2,50,-0.39835941672586217,50,0.02,5,151
MOFA+,luminal,50,-0.4336475234046903,50,0.0,2,151
R,basal,50,-0.3005286382649205,50,0.0,1,152
R,her2,50,-0.49909686997850017,50,0.02,0,152
R,luminal,50,-0.2639642998698445,50,0.0,4,152
R+P,basal,50,-0.3855516102440828,50,0.0,1,152
R+P,her2,50,-0.40828203068316893,50,0.04,1,152
R+P,luminal,50,-0.21768991115504185,50,0.0,2,152
R+D,basal,50,-0.45943161322052295,50,0.0,2,152
R+D,her2,50,-0.42493195191105465,50,0.04,3,152
R+D,luminal,50,-0.4654239620201313,50,0.0,6,152
R+P+D,basal,50,-0.3782431527377209,50,0.0,2,152
R+P+D,her2,50,-0.471300205242878,50,0.02,2,152
R+P+D,luminal,50,-0.265474164314129,50,0.02,4,152
MOFA+,basal,50,-0.4181651333139253,50,0.0,2,152
MOFA+,her2,50,-0.2768959773562112,50,0.02,1,152
MOFA+,luminal,50,-0.049338171842283035,50,0.0,3,152
R,basal,50,-0.6006362471451564,50,0.0,4,153
R,her2,50,-0.2624514534276028,50,0.0,0,153
R,luminal,50,-0.31204242286270406,50,0.0,1,153
R+P,basal,50,-0.4138331957002653,50,0.0,1,153
R+P,her2,50,-0.3689111953794009,50,0.0,2,153
R+P,luminal,50,-0.26296211512771456,50,0.0,2,153
R+D,basal,50,-0.5632200490227564,50,0.0,3,153
R+D,her2,50,-0.44729947725340025,50,0.02,2,153
R+D,luminal,50,-0.38844143491275185,50,0.0,2,153
R+P+D,basal,50,-0.43241547880264686,50,0.0,2,153
R+P+D,her2,50,-0.5087227577052944,50,0.0,2,153
R+P+D,luminal,50,-0.24236109585150317,50,0.0,2,153
MOFA+,basal,50,-0.5159430532564055,50,0.0,5,153
MOFA+,her2,50,-0.5652605157510739,50,0.0,1,153
MOFA+,luminal,50,-0.38706270944304655,50,0.0,1,153
R,basal,50,-0.5878391838971646,50,0.0,7,154
R,her2,50,-0.2189959486146768,50,0.0,2,154
R,luminal,50,-0.09952843265883543,50,0.0,2,154
R+P,basal,50,-0.5945497266433788,50,0.0,1,154
R+P,her2,50,-0.3519376104727662,50,0.0,4,154
R+P,luminal,50,-0.1027909458003061,50,0.0,0,154
R+D,basal,50,-0.47902230031567633,50,0.0,3,154
R+D,her2,50,-0.30217062312708376,50,0.0,4,154
R+D,luminal,50,-0.25387077451206796,50,0.0,1,154
R+P+D,basal,50,-0.631830320109646,50,0.0,2,154
R+P+D,her2,50,-0.3314271156799431,50,0.0,4,154
R+P+D,luminal,50,-0.22078706207565357,50,0.0,1,154
MOFA+,basal,50,-0.7399409894194376,50,0.0,3,154
MOFA+,her2,50,-0.21672749174668915,50,0.0,1,154
MOFA+,luminal,50,-0.049338171842283035,50,0.0,3,154
R,basal,50,-0.38406393173966696,50,0.0,1,155
R,her2,50,-0.6525492551201322,50,0.0,0,155
R,luminal,50,-0.1591910567826207,50,0.0,4,155
R+P,basal,50,-0.13902558151796374,50,0.0,2,155
R+P,her2,50,-0.529426186946242,50,0.02,2,155
R+P,luminal,50,-0.15561493821984923,50,0.0,2,155
R+D,basal,50,-0.4216078518237066,50,0.0,1,155
R+D,her2,50,-0.6132624583415531,50,0.0,1,155
R+D,luminal,50,-0.27642102703911964,50,0.0,1,155
R+P+D,basal,50,-0.2950436166370458,50,0.0,2,155
R+P+D,her2,50,-0.4436111399755592,50,0.0,0,155
R+P+D,luminal,50,-0.29699618038939174,50,0.0,0,155
MOFA+,basal,50,-0.5463558416948096,50,0.0,3,155
MOFA+,her2,50,-0.4928444076680832,50,0.0,5,155
MOFA+,luminal,50,-0.27498818356268634,50,0.0,1,155
R,basal,50,-0.40001811807787335,50,0.0,7,156
R,her2,50,-0.2850125439469646,50,0.0,2,156
R,luminal,50,-0.27303386687212655,50,0.0,3,156
R+P,basal,50,-0.30015619605108496,50,0.0,1,156
R+P,her2,50,-0.22161147473794404,50,0.0,1,156
R+P,luminal,50,-0.13462477275710216,50,0.0,1,156
R+D,basal,50,-0.3968290887524158,50,0.0,6,156
R+D,her2,50,-0.41510842566605455,50,0.0,4,156
R+D,luminal,50,-0.41872917815724164,50,0.0,1,156
R+P+D,basal,50,-0.3882376090147405,50,0.0,3,156
R+P+D,her2,50,-0.4951661263405501,50,0.0,2,156
R+P+D,luminal,50,-0.2338491879014588,50,0.0,1,156
MOFA+,basal,50,-0.40261158750576387,50,0.0,1,156
MOFA+,her2,50,-0.4928444076680832,50,0.0,5,156
MOFA+,luminal,50,-0.5834359116792033,50,0.0,1,156
R,basal,50,-0.36972780022161145,50,0.0,3,157
R,her2,50,-0.5834344511121461,50,0.0,5,157
R,luminal,50,-0.16864693017491814,50,0.0,0,157
R+P,basal,50,-0.3442751722461103,50,0.0,1,157
R+P,her2,50,-0.5976717973902449,50,0.0,5,157
R+P,luminal,50,-0.20365329245066457,50,0.0,0,157
R+D,basal,50,-0.5363528583898396,50,0.0,1,157
R+D,her2,50,-0.381708611232798,50,0.0,4,157
R+D,luminal,50,-0.29382627786524135,50,0.0,1,157
R+P+D,basal,50,-0.38654164938326063,50,0.0,3,157
R+P+D,her2,50,-0.3654554912832434,50,0.0,3,157
R+P+D,luminal,50,-0.4043023106953915,50,0.0,0,157
MOFA+,basal,50,-0.3212467034974735,50,0.0,1,157
MOFA+,her2,50,-0.7022956727559374,50,0.0,3,157
MOFA+,luminal,50,-0.32179389140566017,50,0.0,2,157
R,basal,50,-0.4598072025967604,50,0.0,3,158
R,her2,50,-0.14070248806980457,50,0.0,0,158
R,luminal,50,-0.54995430565407,50,0.0,3,158
R+P,basal,50,-0.3210629060333434,50,0.0,4,158
R+P,her2,50,-0.15740435840969974,50,0.0,0,158
R+P,luminal,50,-0.5725069870936406,50,0.0,4,158
R+D,basal,50,-0.4442330555829583,50,0.0,1,158
R+D,her2,50,-0.28551714194067557,50,0.0,1,158
R+D,luminal,50,-0.5593739744934465,50,0.0,1,158
R+P+D,basal,50,-0.4279181675554819,50,0.0,4,158
R+P+D,her2,50,-0.25796148341797454,50,0.0,0,158
R+P+D,luminal,50,-0.5196466858618901,50,0.0,2,158
MOFA+,basal,50,-0.21929701202341526,50,0.0,1,158
MOFA+,her2,50,-0.5491719546595314,50,0.0,3,158
MOFA+,luminal,50,-0.27498818356268634,50,0.0,1,158
R,basal,50,-0.30498158886168597,50,0.0,2,159
R,her2,50,-0.13870039982607368,50,0.0,0,159
R,luminal,50,-0.5527616650215341,50,0.0,3,159
R+P,basal,50,-0.363831837196249,50,0.0,1,159
R+P,her2,50,-0.13699828753887755,50,0.0,1,159
R+P,luminal,50,-0.44707169059731927,50,0.02,2,159
R+D,basal,50,-0.45616271661630153,50,0.0,2,159
R+D,her2,50,-0.22061160758917991,50,0.02,2,159
R+D,luminal,50,-0.5316965995082794,50,0.02,1,159
R+P+D,basal,50,-0.4762253287635766,50,0.0,1,159
R+P+D,her2,50,-0.3073957596340908,50,0.02,3,159
R+P+D,luminal,50,-0.4136917953502301,50,0.02,1,159
MOFA+,basal,50,-0.012019998178718974,50,0.0,4,159
MOFA+,her2,50,-0.2768959773562112,50,0.02,1,159
MOFA+,luminal,50,-0.4108772374338225,50,0.02,1,159
R,basal,50,-0.5274035874916965,50,0.0,2,160
R,her2,50,-0.3023638766363836,50,0.0,1,160
R,luminal,50,-0.35385539418731476,50,0.0,6,160
R+P,basal,50,-0.42527709537085023,50,0.0,1,160
R+P,her2,50,-0.17984845529135388,50,0.0,1,160
R+P,luminal,50,-0.32040702947905525,50,0.02,6,160
R+D,basal,50,-0.6523757189458226,50,0.0,3,160
R+D,her2,50,-0.6218018301151125,50,0.02,2,160
R+D,luminal,50,-0.3962905721405898,50,0.04,6,160
R+P+D,basal,50,-0.6353409727611996,50,0.0,2,160
R+P+D,her2,50,-0.2993932429102955,50,0.02,2,160
R+P+D,luminal,50,-0.42424097507828995,50,0.06,4,160
MOFA+,basal,50,-0.5178778430235921,50,0.0,2,160
MOFA+,her2,50,-0.21672749174668915,50,0.0,1,160
MOFA+,luminal,50,-0.27498818356268634,50,0.0,1,160
R,basal,50,-0.3218975619560822,50,0.0,1,161
R,her2,50,-0.3833825457936436,50,0.0,1,161
R,luminal,50,-0.39304430922066025,50,0.0,3,161
R+P,basal,50,-0.28306693815135875,50,0.0,1,161
R+P,her2,50,-0.24542893076371033,50,0.0,0,161
R+P,luminal,50,-0.13838859185049027,50,0.0,3,161
R+D,basal,50,-0.24593614557243998,50,0.0,1,161
R+D,her2,50,-0.45688156449605144,50,0.02,2,161
R+D,luminal,50,-0.47890775359868276,50,0.0,4,161
R+P+D,basal,50,-0.24942557681126026,50,0.0,0,161
R+P+D,her2,50,-0.32061136436586574,50,0.02,1,161
R+P+D,luminal,50,-0.3282261807522251,50,0.0,2,161
MOFA+,basal,50,-0.28982350086081005,50,0.0,2,161
MOFA+,her2,50,-0.31448275361111183,50,0.04,2,161
MOFA+,luminal,50,-0.32524904615232936,50,0.0,1,161
R,basal,50,-0.04581696215635298,50,0.0,1,162
R,her2,50,-0.12115328548901444,50,0.0,1,162
R,luminal,50,-0.5680449404167494,50,0.0,2,162
R+P,basal,50,-0.06747251820506267,50,0.0,3,162
R+P,her2,50,-0.13477087296855172,50,0.0,2,162
R+P,luminal,50,-0.6729106871275617,50,0.0,3,162
R+D,basal,50,-0.29764505046084133,50,0.0,1,162
R+D,her2,50,-0.3111058846279965,50,0.0,3,162
R+D,luminal,50,-0.5970075147385385,50,0.0,6,162
R+P+D,basal,50,-0.3422712244427303,50,0.0,2,162
R+P+D,her2,50,-0.20904305267597031,50,0.0,1,162
R+P+D,luminal,50,-0.6261365348021573,50,0.0,3,162
MOFA+,basal,50,-0.012019998178718974,50,0.0,4,162
MOFA+,her2,50,-0.3782726858472879,50,0.0,2,162
MOFA+,luminal,50,-0.4875302239750314,50,0.0,4,162
R,basal,50,-0.1865771994392287,50,0.0,0,163
R,her2,50,-0.1918930583994838,50,0.02,0,163
R,luminal,50,-0.18138644829426404,50,0.0,2,163
R+P,basal,50,-0.1540344503354848,50,0.0,0,163
R+P,her2,50,-0.10301342981343552,50,0.0,1,163
R+P,luminal,50,-0.4053758956843344,50,0.0,3,163
R+D,basal,50,-0.4312989461736436,50,0.0,2,163
R+D,her2,50,-0.2892028867591217,50,0.0,1,163
R+D,luminal,50,-0.3821348717462405,50,0.0,2,163
R+P+D,basal,50,-0.2871618241041594,50,0.0,2,163
R+P+D,her2,50,-0.21715113031485625,50,0.0,2,163
R+P+D,luminal,50,-0.4358983234451508,50,0.0,3,163
MOFA+,basal,50,-0.5463558416948096,50,0.0,3,163
MOFA+,her2,50,-0.30258820694702326,50,0.02,2,163
MOFA+,luminal,50,-0.5336617848574897,50,0.0,2,163
R,basal,50,-0.2871533330575995,50,0.0,2,164
R,her2,50,-0.037794269492581585,50,0.0,0,164
R,luminal,50,-0.5320659103373563,50,0.02,2,164
R+P,basal,50,-0.25848122307333865,50,0.0,2,164
R+P,her2,50,-0.05708800038329353,50,0.0,0,164
R+P,luminal,50,-0.6709825823363809,50,0.0,2,164
R+D,basal,50,-0.40317523271458866,50,0.0,4,164
R+D,her2,50,-0.13860380945001757,50,0.0,1,164
R+D,luminal,50,-0.6243621650251853,50,0.0,1,164
R+P+D,basal,50,-0.36923116063072314,50,0.0,2,164
R+P+D,her2,50,-0.09854691281214648,50,0.0,1,164
R+P+D,luminal,50,-0.6652470361251234,50,0.0,1,164
MOFA+,basal,50,-0.5054582191460999,50,0.0,4,164
MOFA+,her2,50,-0.01313290143070867,50,0.0,4,164
MOFA+,luminal,50,-0.5336617848574897,50,0.0,2,164
R,basal,50,-0.5544409453212134,50,0.0,2,165
R,her2,50,-0.2492607351260216,50,0.0,1,165
R,luminal,50,-0.2652206571560247,50,0.0,4,165
R+P,basal,50,-0.5480685660909664,50,0.0,2,165
R+P,her2,50,-0.19264880348886124,50,0.0,1,165
R+P,luminal,50,-0.21073105772539427,50,0.0,2,165
R+D,basal,50,-0.632242250953887,50,0.0,1,165
R+D,her2,50,-0.2768983620872778,50,0.0,2,165
R+D,luminal,50,-0.323798641716763,50,0.0,2,165
R+P+D,basal,50,-0.5486009875617603,50,0.0,3,165
R+P+D,her2,50,-0.291677717264708,50,0.0,1,165
R+P+D,luminal,50,-0.25671519378488283,50,0.02,2,165
MOFA+,basal,50,-0.5054582191460999,50,0.0,4,165
MOFA+,her2,50,-0.3782726858472879,50,0.0,2,165
MOFA+,luminal,50,-0.38706270944304655,50,0.0,1,165
R,basal,50,-0.2510898016032078,50,0.0,1,166
R,her2,50,-0.5245323450566736,50,0.0,2,166
R,luminal,50,-0.36865893190271143,50,0.0,4,166
R+P,basal,50,-0.13635268922030314,50,0.0,2,166
R+P,her2,50,-0.30242156030392175,50,0.0,1,166
R+P,luminal,50,-0.3638104972816301,50,0.0,1,166
R+D,basal,50,-0.46138749535752976,50,0.0,2,166
R+D,her2,50,-0.36522120708127637,50,0.0,0,166
R+D,luminal,50,-0.46651670897187647,50,0.0,5,166
R+P+D,basal,50,-0.41359272905829814,50,0.0,2,166
R+P+D,her2,50,-0.3610374586595529,50,0.0,1,166
R+P+D,luminal,50,-0.3754582644384897,50,0.0,0,166
MOFA+,basal,50,-0.39079658001654743,50,0.0,5,166
MOFA+,her2,50,-0.30258820694702326,50,0.02,2,166
MOFA+,luminal,50,-0.32524904615232936,50,0.0,1,166
R,basal,50,-0.28182071849389795,50,0.0,1,167
R,her2,50,-0.25481129791317814,50,0.0,3,167
R,luminal,50,-0.4231764701604803,50,0.0,3,167
R+P,basal,50,-0.2870170382277514,50,0.02,3,167
R+P,her2,50,-0.3430171946514657,50,0.0,4,167
R+P,luminal,50,-0.4645150011960058,50,0.0,4,167
R+D,basal,50,-0.31919252734216585,50,0.0,1,167
R+D,her2,50,-0.469520666901581,50,0.0,3,167
R+D,luminal,50,-0.6021110221073736,50,0.02,6,167
R+P+D,basal,50,-0.38980870254757405,50,0.0,3,167
R+P+D,her2,50,-0.4111481205574043,50,0.0,4,167
R+P+D,luminal,50,-0.5126599027372963,50,0.02,6,167
MOFA+,basal,50,-0.39079658001654743,50,0.0,5,167
MOFA+,her2,50,-0.3120793521641551,50,0.0,1,167
MOFA+,luminal,50,-0.5614016197427435,50,0.0,3,167
R,basal,50,-0.6220111191194547,50,0.0,2,168
R,her2,50,-0.42455173743124663,50,0.0,2,168
R,luminal,50,-0.1440674207383354,50,0.0,2,168
R+P,basal,50,-0.5043523453183295,50,0.0,3,168
R+P,her2,50,-0.2995531573028353,50,0.0,2,168
R+P,luminal,50,-0.15771160521975985,50,0.0,2,168
R+D,basal,50,-0.5901139386489432,50,0.0,3,168
R+D,her2,50,-0.4368264049267384,50,0.0,3,168
R+D,luminal,50,-0.2563332687713983,50,0.0,1,168
R+P+D,basal,50,-0.5316173250147702,50,0.0,1,168
R+P+D,her2,50,-0.5457115104413268,50,0.0,3,168
R+P+D,luminal,50,-0.26661057268827315,50,0.0,2,168
MOFA+,basal,50,-0.7399409894194376,50,0.0,3,168
MOFA+,her2,50,-0.42313238618869314,50,0.02,1,168
MOFA+,luminal,50,-0.049338171842283035,50,0.0,3,168
R,basal,50,-0.20129048259580334,50,0.0,1,169
R,her2,50,-0.35120613577249005,50,0.02,1,169
R,luminal,50,-0.2573908475942225,50,0.0,1,169
R+P,basal,50,-0.2819817223158789,50,0.0,0,169
R+P,her2,50,-0.4620392738168592,50,0.0,1,169
R+P,luminal,50,-0.08944689846910313,50,0.0,2,169
R+D,basal,50,-0.4874314990660563,50,0.0,1,169
R+D,her2,50,-0.4831309872308822,50,0.02,2,169
R+D,luminal,50,-0.39902911540495895,50,0.0,1,169
R+P+D,basal,50,-0.43373149629234076,50,0.0,0,169
R+P+D,her2,50,-0.4296312398687885,50,0.02,2,169
R+P+D,luminal,50,-0.22288384273563122,50,0.02,3,169
MOFA+,basal,50,-0.07330649288426355,50,0.0,0,169
MOFA+,her2,50,-0.42313238618869314,50,0.02,1,169
MOFA+,luminal,50,-0.014035583308286484,50,0.0,4,169
R,basal,50,-0.12027903441728556,50,0.0,1,170
R,her2,50,-0.15563903049106226,50,0.0,1,170
R,luminal,50,-0.5916127425263287,50,0.0,4,170
R+P,basal,50,-0.06485081671299642,50,0.0,0,170
R+P,her2,50,-0.3455708554089448,50,0.0,1,170
R+P,luminal,50,-0.5197117969994799,50,0.02,3,170
R+D,basal,50,-0.2360026619188943,50,0.0,2,170
R+D,her2,50,-0.3303396288846091,50,0.02,2,170
R+D,luminal,50,-0.6082172739290512,50,0.04,4,170
R+P+D,basal,50,-0.2611617721035622,50,0.0,1,170
R+P+D,her2,50,-0.3511743336085722,50,0.0,1,170
R+P+D,luminal,50,-0.5249354321280827,50,0.02,3,170
MOFA+,basal,50,-0.07330649288426355,50,0.0,0,170
MOFA+,her2,50,-0.2768959773562112,50,0.02,1,170
MOFA+,luminal,50,-0.5614016197427435,50,0.0,3,170
R,basal,50,-0.3092116465922542,50,0.0,1,171
R,her2,50,-0.7213906756961955,50,0.0,4,171
R,luminal,50,-0.14455189654564127,50,0.0,1,171
R+P,basal,50,-0.10575133898991668,50,0.0,0,171
R+P,her2,50,-0.4936153886173169,50,0.0,1,171
R+P,luminal,50,-0.07699604176312042,50,0.0,2,171
R+D,basal,50,-0.4977378617616346,50,0.0,0,171
R+D,her2,50,-0.6992312620889233,50,0.0,1,171
R+D,luminal,50,-0.3480774082209328,50,0.0,1,171
R+P+D,basal,50,-0.22892874739975405,50,0.0,0,171
R+P+D,her2,50,-0.668212333757999,50,0.0,0,171
R+P+D,luminal,50,-0.17217053061154097,50,0.0,1,171
MOFA+,basal,50,-0.28769486971114927,50,0.0,2,171
MOFA+,her2,50,-0.5159761307760569,50,0.0,4,171
MOFA+,luminal,50,-0.42447621761666204,50,0.0,2,171
R,basal,50,-0.3974233114770995,50,0.0,2,172
R,her2,50,-0.1335195424387029,50,0.0,0,172
R,luminal,50,-0.3987490958510621,50,0.0,4,172
R+P,basal,50,-0.38323875287298015,50,0.0,2,172
R+P,her2,50,-0.0511508065447651,50,0.0,1,172
R+P,luminal,50,-0.262068485782621,50,0.0,2,172
R+D,basal,50,-0.3168992906460106,50,0.0,1,172
R+D,her2,50,-0.3699201307137152,50,0.0,2,172
R+D,luminal,50,-0.42515207852932024,50,0.0,4,172
R+P+D,basal,50,-0.3278849011177866,50,0.0,2,172
R+P+D,her2,50,-0.27131727232927716,50,0.0,0,172
R+P+D,luminal,50,-0.2292765295185132,50,0.0,2,172
MOFA+,basal,50,-0.4181651333139253,50,0.0,2,172
MOFA+,her2,50,-0.04592504717146089,50,0.0,3,172
MOFA+,luminal,50,-0.32179389140566017,50,0.0,2,172
R,basal,50,-0.4525618314778799,50,0.0,3,173
R,her2,50,-0.34047766065481855,50,0.0,3,173
R,luminal,50,-0.10913324055776971,50,0.0,1,173
R+P,basal,50,-0.25785283684119514,50,0.0,1,173
R+P,her2,50,-0.2717521544628464,50,0.0,2,173
R+P,luminal,50,-0.19126429620934368,50,0.0,1,173
R+D,basal,50,-0.5729612397941554,50,0.0,4,173
R+D,her2,50,-0.48798338479015796,50,0.04,6,173
R+D,luminal,50,-0.37105419314706295,50,0.0,0,173
R+P+D,basal,50,-0.4449714273710699,50,0.0,2,173
R+P+D,her2,50,-0.36254106904901456,50,0.0,1,173
R+P+D,luminal,50,-0.26121251795031847,50,0.0,1,173
MOFA+,basal,50,-0.368276449712905,50,0.02,2,173
MOFA+,her2,50,-0.39835941672586217,50,0.02,5,173
MOFA+,luminal,50,-0.5834359116792033,50,0.0,1,173
R,basal,50,-0.3683922027358096,50,0.0,7,174
R,her2,50,-0.36222646657963087,50,0.0,4,174
R,luminal,50,-0.1629063556958609,50,0.0,0,174
R+P,basal,50,-0.265809472860447,50,0.0,4,174
R+P,her2,50,-0.39828829467880456,50,0.0,3,174
R+P,luminal,50,-0.12133362193464581,50,0.0,2,174
R+D,basal,50,-0.3664041606333157,50,0.0,6,174
R+D,her2,50,-0.4972998368837883,50,0.0,4,174
R+D,luminal,50,-0.2393746268555195,50,0.0,1,174
R+P+D,basal,50,-0.4112406610004316,50,0.0,6,174
R+P+D,her2,50,-0.45821186935020997,50,0.0,1,174
R+P+D,luminal,50,-0.18616520319475596,50,0.0,1,174
MOFA+,basal,50,-0.28769486971114927,50,0.0,2,174
MOFA+,her2,50,-0.36001283190272754,50,0.0,1,174
MOFA+,luminal,50,-0.5336617848574897,50,0.0,2,174
R,basal,50,-0.5243219842303355,50,0.0,4,175
R,her2,50,-0.14030917593885672,50,0.0,2,175
R,luminal,50,-0.2096567134921758,50,0.0,0,175
R+P,basal,50,-0.5461254150541289,50,0.0,2,175
R+P,her2,50,-0.09309795435410077,50,0.0,1,175
R+P,luminal,50,-0.1545328192322272,50,0.02,0,175
R+D,basal,50,-0.5771864423627124,50,0.0,3,175
R+D,her2,50,-0.32766671893351934,50,0.02,1,175
R+D,luminal,50,-0.32987973142690635,50,0.02,0,175
R+P+D,basal,50,-0.6087858052504747,50,0.0,2,175
R+P+D,her2,50,-0.2671401709706753,50,0.02,1,175
R+P+D,luminal,50,-0.19006299966838028,50,0.02,0,175
MOFA+,basal,50,-0.5054582191460999,50,0.0,4,175
MOFA+,her2,50,-0.31448275361111183,50,0.04,2,175
MOFA+,luminal,50,-0.049338171842283035,50,0.0,3,175
R,basal,50,-0.22692687652463597,50,0.0,2,176
R,her2,50,-0.43559225839303606,50,0.04,5,176
R,luminal,50,-0.40804609054371793,50,0.0,3,176
R+P,basal,50,-0.218042190086353,50,0.0,2,176
R+P,her2,50,-0.3461654682191979,50,0.0,2,176
R+P,luminal,50,-0.2580436500859474,50,0.0,3,176
R+D,basal,50,-0.35479162410826964,50,0.0,3,176
R+D,her2,50,-0.5578627443527325,50,0.02,5,176
R+D,luminal,50,-0.4940602312898118,50,0.0,1,176
R+P+D,basal,50,-0.27350469726516463,50,0.0,3,176
R+P+D,her2,50,-0.43505142063209457,50,0.02,3,176
R+P+D,luminal,50,-0.32671631155966063,50,0.0,2,176
MOFA+,basal,50,-0.5624526968256038,50,0.0,1,176
MOFA+,her2,50,-0.5067927857540258,50,0.0,2,176
MOFA+,luminal,50,-0.33866773742407064,50,0.0,2,176
R,basal,50,-0.3561908026426978,50,0.0,2,177
R,her2,50,-0.3685645749453942,50,0.0,1,177
R,luminal,50,-0.3343191588244158,50,0.0,4,177
R+P,basal,50,-0.41183344308507835,50,0.0,0,177
R+P,her2,50,-0.21376718798997565,50,0.0,1,177
R+P,luminal,50,-0.17898110653315272,50,0.0,2,177
R+D,basal,50,-0.3241673218875571,50,0.0,2,177
R+D,her2,50,-0.38668553026760416,50,0.0,2,177
R+D,luminal,50,-0.3605973378364923,50,0.0,2,177
R+P+D,basal,50,-0.5237119490584803,50,0.0,0,177
R+P+D,her2,50,-0.2981998068938507,50,0.0,1,177
R+P+D,luminal,50,-0.2795622927062896,50,0.0,3,177
MOFA+,basal,50,-0.3212467034974735,50,0.0,1,177
MOFA+,her2,50,-0.08379133735789089,50,0.0,0,177
MOFA+,luminal,50,-0.3952030647717412,50,0.0,5,177
R,basal,50,-0.21370366794840526,50,0.0,2,178
R,her2,50,-0.5521658868614646,50,0.0,3,178
R,luminal,50,-0.29424234055801207,50,0.0,6,178
R+P,basal,50,-0.17464980284288387,50,0.0,1,178
R+P,her2,50,-0.4028666676181796,50,0.0,3,178
R+P,luminal,50,-0.14843092325525245,50,0.0,3,178
R+D,basal,50,-0.24769517711760108,50,0.0,2,178
R+D,her2,50,-0.5421068131964075,50,0.0,1,178
R+D,luminal,50,-0.37727719330221915,50,0.0,4,178
R+P+D,basal,50,-0.32430177180264147,50,0.0,1,178
R+P+D,her2,50,-0.5370853530004845,50,0.02,2,178
R+P+D,luminal,50,-0.23547043514680968,50,0.0,0,178
MOFA+,basal,50,-0.5159430532564055,50,0.0,5,178
MOFA+,her2,50,-0.7022956727559374,50,0.0,3,178
MOFA+,luminal,50,-0.22472778073296432,50,0.0,1,178
R,basal,50,-0.3790202161046207,50,0.0,2,179
R,her2,50,-0.32183273382673905,50,0.0,0,179
R,luminal,50,-0.17634903778367583,50,0.0,1,179
R+P,basal,50,-0.4530385790535203,50,0.0,0,179
R+P,her2,50,-0.2852349131475648,50,0.0,1,179
R+P,luminal,50,-0.2451510199081691,50,0.02,0,179
R+D,basal,50,-0.49896975622340894,50,0.0,1,179
R+D,her2,50,-0.3925051117513512,50,0.0,1,179
R+D,luminal,50,-0.33913198493661356,50,0.02,0,179
R+P+D,basal,50,-0.5824255233949017,50,0.0,2,179
R+P+D,her2,50,-0.3320629404154527,50,0.0,1,179
R+P+D,luminal,50,-0.32485232268645403,50,0.02,0,179
MOFA+,basal,50,-0.5178778430235921,50,0.0,2,179
MOFA+,her2,50,-0.5067927857540258,50,0.0,2,179
MOFA+,luminal,50,-0.32575067826405774,50,0.02,2,179
R,basal,50,-0.4919629383573382,50,0.0,5,180
R,her2,50,-0.1463015512167869,50,0.02,0,180
R,luminal,50,-0.34493964875926636,50,0.0,4,180
R+P,basal,50,-0.42085164484323173,50,0.0,6,180
R+P,her2,50,-0.15947376636299704,50,0.02,1,180
R+P,luminal,50,-0.2117582827269066,50,0.0,5,180
R+D,basal,50,-0.4813229148316345,50,0.0,2,180
R+D,her2,50,-0.44580044429718446,50,0.0,3,180
R+D,luminal,50,-0.3636855584981316,50,0.0,2,180
R+P+D,basal,50,-0.6512378133514213,50,0.0,6,180
R+P+D,her2,50,-0.28874945681280223,50,0.0,2,180
R+P+D,luminal,50,-0.3179508061486128,50,0.0,4,180
MOFA+,basal,50,-0.7399409894194376,50,0.0,3,180
MOFA+,her2,50,-0.3120793521641551,50,0.0,1,180
MOFA+,luminal,50,-0.049338171842283035,50,0.0,3,180
R,basal,50,-0.4716602932398802,50,0.0,7,181
R,her2,50,-0.44191994095848264,50,0.0,3,181
R,luminal,50,-0.26722389252122813,50,0.04,0,181
R+P,basal,50,-0.07675250615585644,50,0.0,4,181
R+P,her2,50,-0.46017062253170143,50,0.0,0,181
R+P,luminal,50,-0.21115608676634257,50,0.02,0,181
R+D,basal,50,-0.5230705712149042,50,0.0,6,181
R+D,her2,50,-0.5624565424936431,50,0.0,2,181
R+D,luminal,50,-0.34823583504065087,50,0.02,3,181
R+P+D,basal,50,-0.3286900280469569,50,0.0,3,181
R+P+D,her2,50,-0.698875974147497,50,0.0,1,181
R+P+D,luminal,50,-0.19388914783439037,50,0.02,0,181
MOFA+,basal,50,-0.21929701202341526,50,0.0,1,181
MOFA+,her2,50,-0.5652605157510739,50,0.0,1,181
MOFA+,luminal,50,-0.4336475234046903,50,0.0,2,181
R,basal,50,-0.17986438169559263,50,0.0,0,182
R,her2,50,-0.26135023747789016,50,0.0,1,182
R,luminal,50,-0.38217347704199595,50,0.0,3,182
R+P,basal,50,-0.10321633182695582,50,0.0,0,182
R+P,her2,50,-0.3584214399031284,50,0.02,3,182
R+P,luminal,50,-0.26346399765978695,50,0.0,3,182
R+D,basal,50,-0.4228372357504935,50,0.0,0,182
R+D,her2,50,-0.3530897359294844,50,0.0,2,182
R+D,luminal,50,-0.5645346012109008,50,0.0,7,182
R+P+D,basal,50,-0.25153745702617814,50,0.0,0,182
R+P+D,her2,50,-0.37959279911677124,50,0.0,2,182
R+P+D,luminal,50,-0.4160440350341657,50,0.0,3,182
MOFA+,basal,50,-0.4181651333139253,50,0.0,2,182
MOFA+,her2,50,-0.4928444076680832,50,0.0,5,182
MOFA+,luminal,50,-0.3952030647717412,50,0.0,5,182
R,basal,50,-0.3470214085919484,50,0.0,0,183
R,her2,50,-0.24863020254737808,50,0.0,1,183
R,luminal,50,-0.2902035912901852,50,0.02,2,183
R+P,basal,50,-0.5047607204639531,50,0.0,1,183
R+P,her2,50,-0.28516162140145407,50,0.0,3,183
R+P,luminal,50,-0.1267689941661136,50,0.0,3,183
R+D,basal,50,-0.6070013774595097,50,0.0,2,183
R+D,her2,50,-0.3657070913814458,50,0.0,0,183
R+D,luminal,50,-0.5314020098998945,50,0.0,3,183
R+P+D,basal,50,-0.5485708750439909,50,0.0,0,183
R+P+D,her2,50,-0.2689968589376841,50,0.0,1,183
R+P+D,luminal,50,-0.338283617780289,50,0.0,4,183
MOFA+,basal,50,-0.368276449712905,50,0.02,2,183
MOFA+,her2,50,-0.7022956727559374,50,0.0,3,183
MOFA+,luminal,50,-0.049338171842283035,50,0.0,3,183
R,basal,50,-0.4070463442650791,50,0.0,1,184
R,her2,50,-0.25600162448303965,50,0.02,5,184
R,luminal,50,-0.3912129161959415,50,0.0,3,184
R+P,basal,50,-0.3415743157127798,50,0.0,2,184
R+P,her2,50,-0.29836212772446474,50,0.02,3,184
R+P,luminal,50,-0.3202795827099292,50,0.0,1,184
R+D,basal,50,-0.37090170740265305,50,0.0,1,184
R+D,her2,50,-0.5204400642312603,50,0.04,5,184
R+D,luminal,50,-0.49048846912215227,50,0.0,3,184
R+P+D,basal,50,-0.4130630469747619,50,0.0,2,184
R+P+D,her2,50,-0.4769579818605702,50,0.02,3,184
R+P+D,luminal,50,-0.3943865556328056,50,0.0,2,184
MOFA+,basal,50,-0.07330649288426355,50,0.0,0,184
MOFA+,her2,50,-0.39835941672586217,50,0.02,5,184
MOFA+,luminal,50,-0.32524904615232936,50,0.0,1,184
R,basal,50,-0.2760181698918347,50,0.0,4,185
R,her2,50,-0.2325551690076496,50,0.0,5,185
R,luminal,50,-0.4036214106623914,50,0.0,1,185
R+P,basal,50,-0.22302651520471817,50,0.0,2,185
R+P,her2,50,-0.17462200931287516,50,0.0,0,185
R+P,luminal,50,-0.33447878466002123,50,0.02,0,185
R+D,basal,50,-0.40809415108283786,50,0.0,5,185
R+D,her2,50,-0.49115132080252893,50,0.0,2,185
R+D,luminal,50,-0.43289944649853523,50,0.0,1,185
R+P+D,basal,50,-0.4899180523370545,50,0.0,4,185
R+P+D,her2,50,-0.30040628320694385,50,0.0,0,185
R+P+D,luminal,50,-0.38879034647325306,50,0.0,0,185
MOFA+,basal,50,-0.39079658001654743,50,0.0,5,185
MOFA+,her2,50,-0.40456322390936145,50,0.0,2,185
MOFA+,luminal,50,-0.42447621761666204,50,0.0,2,185
R,basal,50,-0.3606361079091943,50,0.0,0,186
R,her2,50,-0.5000699553598851,50,0.0,3,186
R,luminal,50,-0.16443327983616224,50,0.0,1,186
R+P,basal,50,-0.24081447067756762,50,0.0,1,186
R+P,her2,50,-0.250087038440858,50,0.0,2,186
R+P,luminal,50,-0.15409865931708905,50,0.0,0,186
R+D,basal,50,-0.6437922420562456,50,0.0,0,186
R+D,her2,50,-0.5540447486625006,50,0.0,2,186
R+D,luminal,50,-0.1505010203489103,50,0.0,1,186
R+P+D,basal,50,-0.41598667255382726,50,0.0,1,186
R+P+D,her2,50,-0.439881775901126,50,0.02,1,186
R+P+D,luminal,50,-0.193132345154607,50,0.0,1,186
MOFA+,basal,50,-0.28982350086081005,50,0.0,2,186
MOFA+,her2,50,-0.42313238618869314,50,0.02,1,186
MOFA+,luminal,50,-0.08707907674069461,50,0.0,0,186
R,basal,50,-0.3751971941193489,50,0.0,5,187
R,her2,50,-0.23889478317912058,50,0.0,1,187
R,luminal,50,-0.34503877158341856,50,0.0,1,187
R+P,basal,50,-0.2867814197068032,50,0.0,0,187
R+P,her2,50,-0.2201252514746287,50,0.0,2,187
R+P,luminal,50,-0.16134136516594197,50,0.0,0,187
R+D,basal,50,-0.45300281883611526,50,0.0,3,187
R+D,her2,50,-0.4535593704968645,50,0.0,3,187
R+D,luminal,50,-0.354219036124818,50,0.0,1,187
R+P+D,basal,50,-0.4185545777962514,50,0.0,0,187
R+P+D,her2,50,-0.35872003801408325,50,0.0,5,187
R+P+D,luminal,50,-0.31830956207166006,50,0.0,0,187
MOFA+,basal,50,-0.21929701202341526,50,0.0,1,187
MOFA+,her2,50,-0.36001283190272754,50,0.0,1,187
MOFA+,luminal,50,-0.4875302239750314,50,0.0,4,187
R,basal,50,-0.3061047223272801,50,0.0,1,188
R,her2,50,-0.5356338968035995,50,0.0,1,188
R,luminal,50,-0.14462317214993095,50,0.0,2,188
R+P,basal,50,-0.28519981790993876,50,0.0,5,188
R+P,her2,50,-0.3411205829358696,50,0.0,3,188
R+P,luminal,50,-0.12023699362690744,50,0.02,1,188
R+D,basal,50,-0.4793647737296379,50,0.0,2,188
R+D,her2,50,-0.5214688147717847,50,0.0,5,188
R+D,luminal,50,-0.28288881670461924,50,0.04,0,188
R+P+D,basal,50,-0.4087468454353258,50,0.0,6,188
R+P+D,her2,50,-0.5043105839245347,50,0.0,2,188
R+P+D,luminal,50,-0.28591058866528274,50,0.04,2,188
MOFA+,basal,50,-0.368276449712905,50,0.02,2,188
MOFA+,her2,50,-0.3120793521641551,50,0.0,1,188
MOFA+,luminal,50,-0.5834359116792033,50,0.0,1,188
R,basal,50,-0.45737717432427194,50,0.0,2,189
R,her2,50,-0.3207136166147023,50,0.0,1,189
R,luminal,50,-0.4176157704961117,50,0.0,2,189
R+P,basal,50,-0.4918276194589483,50,0.0,2,189
R+P,her2,50,-0.2825750979888269,50,0.0,4,189
R+P,luminal,50,-0.24683821740124176,50,0.0,2,189
R+D,basal,50,-0.46642485029380354,50,0.0,2,189
R+D,her2,50,-0.31231816947474084,50,0.0,0,189
R+D,luminal,50,-0.4898209664205696,50,0.0,2,189
R+P+D,basal,50,-0.4954789351911601,50,0.0,2,189
R+P+D,her2,50,-0.330078274540913,50,0.0,1,189
R+P+D,luminal,50,-0.3537991309195953,50,0.0,2,189
MOFA+,basal,50,-0.7399409894194376,50,0.0,3,189
MOFA+,her2,50,-0.5652605157510739,50,0.0,1,189
MOFA+,luminal,50,-0.33866773742407064,50,0.0,2,189
R,basal,50,-0.25800970014696456,50,0.0,3,190
R,her2,50,-0.31969152370932563,50,0.0,2,190
R,luminal,50,-0.2359272059439483,50,0.0,2,190
R+P,basal,50,-0.35604783562056624,50,0.0,3,190
R+P,her2,50,-0.2566687903436804,50,0.02,1,190
R+P,luminal,50,-0.15909120629995663,50,0.0,2,190
R+D,basal,50,-0.3527994787477131,50,0.0,2,190
R+D,her2,50,-0.32966304099987487,50,0.0,2,190
R+D,luminal,50,-0.336695383838029,50,0.0,0,190
R+P+D,basal,50,-0.3078123227641477,50,0.0,3,190
R+P+D,her2,50,-0.2547884037834228,50,0.0,2,190
R+P+D,luminal,50,-0.2510747041793865,50,0.0,1,190
MOFA+,basal,50,-0.40261158750576387,50,0.0,1,190
MOFA+,her2,50,-0.08379133735789089,50,0.0,0,190
MOFA+,luminal,50,-0.5834359116792033,50,0.0,1,190
R,basal,50,-0.3216007713376572,50,0.0,4,191
R,her2,50,-0.2403901685178681,50,0.0,1,191
R,luminal,50,-0.2400542457867738,50,0.02,5,191
R+P,basal,50,-0.26938922435564305,50,0.0,3,191
R+P,her2,50,-0.30079622267654654,50,0.0,0,191
R+P,luminal,50,-0.11355172253055251,50,0.0,1,191
R+D,basal,50,-0.42751361501397334,50,0.0,0,191
R+D,her2,50,-0.37641847337829515,50,0.0,1,191
R+D,luminal,50,-0.5028119650328604,50,0.02,3,191
R+P+D,basal,50,-0.3630673219879745,50,0.0,1,191
R+P+D,her2,50,-0.40863848124351176,50,0.0,0,191
R+P+D,luminal,50,-0.3767234607277273,50,0.0,1,191
MOFA+,basal,50,-0.40261158750576387,50,0.0,1,191
MOFA+,her2,50,-0.3930197206468565,50,0.02,2,191
MOFA+,luminal,50,-0.014035583308286484,50,0.0,4,191
R,basal,50,-0.14317253128495916,50,0.0,1,192
R,her2,50,-0.4872487577901209,50,0.0,1,192
R,luminal,50,-0.4535161511507774,50,0.02,1,192
R+P,basal,50,-0.18939297452402287,50,0.0,1,192
R+P,her2,50,-0.32936544836748327,50,0.0,1,192
R+P,luminal,50,-0.4817138866035647,50,0.0,1,192
R+D,basal,50,-0.12893078572694253,50,0.0,2,192
R+D,her2,50,-0.5237113924044633,50,0.02,3,192
R+D,luminal,50,-0.5374990269575334,50,0.0,3,192
R+P+D,basal,50,-0.32530941496045934,50,0.0,3,192
R+P+D,her2,50,-0.31238446692241856,50,0.02,3,192
R+P+D,luminal,50,-0.5604431273066623,50,0.0,2,192
MOFA+,basal,50,-0.5159430532564055,50,0.0,5,192
MOFA+,her2,50,-0.5067927857540258,50,0.0,2,192
MOFA+,luminal,50,-0.5614016197427435,50,0.0,3,192
R,basal,50,-0.3135835600845537,50,0.0,3,193
R,her2,50,-0.45988378448514183,50,0.0,2,193
R,luminal,50,-0.08304649345956347,50,0.0,2,193
R+P,basal,50,-0.5402186604418676,50,0.0,2,193
R+P,her2,50,-0.2775424754761827,50,0.0,2,193
R+P,luminal,50,-0.12007068724006711,50,0.02,2,193
R+D,basal,50,-0.6322787421823437,50,0.0,4,193
R+D,her2,50,-0.5277352328562768,50,0.0,3,193
R+D,luminal,50,-0.22074998493371176,50,0.0,3,193
R+P+D,basal,50,-0.6639877059203944,50,0.0,2,193
R+P+D,her2,50,-0.389156276696723,50,0.0,2,193
R+P+D,luminal,50,-0.13855074154270897,50,0.0,3,193
MOFA+,basal,50,-0.3889951945560759,50,0.0,1,193
MOFA+,her2,50,-0.3120793521641551,50,0.0,1,193
MOFA+,luminal,50,-0.4605362947843053,50,0.0,5,193
R,basal,50,-0.2660018609060935,50,0.0,1,194
R,her2,50,-0.25429198956621196,50,0.0,3,194
R,luminal,50,-0.48140886490390433,50,0.0,2,194
R+P,basal,50,-0.15012669232497844,50,0.0,2,194
R+P,her2,50,-0.17938920690363325,50,0.0,2,194
R+P,luminal,50,-0.4661741850948804,50,0.0,5,194
R+D,basal,50,-0.3333754552257815,50,0.0,2,194
R+D,her2,50,-0.5541966084080706,50,0.0,3,194
R+D,luminal,50,-0.4325516317964179,50,0.0,3,194
R+P+D,basal,50,-0.3641827915427454,50,0.0,2,194
R+P+D,her2,50,-0.26274617820231183,50,0.0,1,194
R+P+D,luminal,50,-0.3883883836879401,50,0.0,3,194
MOFA+,basal,50,-0.27447206105048505,50,0.0,1,194
MOFA+,her2,50,-0.04592504717146089,50,0.0,3,194
MOFA+,luminal,50,-0.32179389140566017,50,0.0,2,194
R,basal,50,-0.219283672990868,50,0.0,2,195
R,her2,50,-0.28612076868868813,50,0.0,0,195
R,luminal,50,-0.564507489816758,50,0.0,4,195
R+P,basal,50,-0.15579123114420076,50,0.0,2,195
R+P,her2,50,-0.3386356380979317,50,0.0,1,195
R+P,luminal,50,-0.6158967545992042,50,0.0,1,195
R+D,basal,50,-0.4190325003590401,50,0.0,4,195
R+D,her2,50,-0.3896501048138738,50,0.0,0,195
R+D,luminal,50,-0.5549435110698855,50,0.0,3,195
R+P+D,basal,50,-0.2693791541079606,50,0.0,1,195
R+P+D,her2,50,-0.31972318950409284,50,0.0,0,195
R+P+D,luminal,50,-0.4786446401036752,50,0.0,0,195
MOFA+,basal,50,-0.27447206105048505,50,0.0,1,195
MOFA+,her2,50,-0.2768959773562112,50,0.02,1,195
MOFA+,luminal,50,-0.5614016197427435,50,0.0,3,195
R,basal,50,-0.26047288298736865,50,0.0,3,196
R,her2,50,-0.17464282369959805,50,0.0,1,196
R,luminal,50,-0.4398379645817201,50,0.0,4,196
R+P,basal,50,-0.2308585784350375,50,0.0,1,196
R+P,her2,50,-0.20798305228471992,50,0.02,1,196
R+P,luminal,50,-0.17494349333205286,50,0.0,2,196
R+D,basal,50,-0.37023120505001267,50,0.0,1,196
R+D,her2,50,-0.2789143097232724,50,0.0,0,196
R+D,luminal,50,-0.5274328626015822,50,0.0,7,196
R+P+D,basal,50,-0.36027678079999786,50,0.0,1,196
R+P+D,her2,50,-0.2751162998756163,50,0.0,0,196
R+P+D,luminal,50,-0.26398519417081623,50,0.0,4,196
MOFA+,basal,50,-0.21929701202341526,50,0.0,1,196
MOFA+,her2,50,-0.36001283190272754,50,0.0,1,196
MOFA+,luminal,50,-0.4875302239750314,50,0.0,4,196
R,basal,50,-0.30746853808394997,50,0.0,2,197
R,her2,50,-0.2992615150785778,50,0.0,0,197
R,luminal,50,-0.33797851300517495,50,0.0,6,197
R+P,basal,50,-0.3123774836537974,50,0.0,2,197
R+P,her2,50,-0.340227386667736,50,0.0,3,197
R+P,luminal,50,-0.22091277614625374,50,0.0,5,197
R+D,basal,50,-0.5069433935661256,50,0.0,3,197
R+D,her2,50,-0.6291377686117481,50,0.0,2,197
R+D,luminal,50,-0.48495124216673313,50,0.0,5,197
R+P+D,basal,50,-0.4024844898569194,50,0.0,1,197
R+P+D,her2,50,-0.6225015000652336,50,0.02,1,197
R+P+D,luminal,50,-0.24977634136183435,50,0.0,5,197
MOFA+,basal,50,-0.28982350086081005,50,0.0,2,197
MOFA+,her2,50,-0.08379133735789089,50,0.0,0,197
MOFA+,luminal,50,-0.22472778073296432,50,0.0,1,197
R,basal,50,-0.08074967073485388,50,0.0,2,198
R,her2,50,-0.2423023044674484,50,0.0,0,198
R,luminal,50,-0.6140215348871749,50,0.02,3,198
R+P,basal,50,-0.07145712380781437,50,0.0,0,198
R+P,her2,50,-0.226436885126079,50,0.0,0,198
R+P,luminal,50,-0.5727384714777913,50,0.0,2,198
R+D,basal,50,-0.23406181848038476,50,0.0,1,198
R+D,her2,50,-0.35559738959359266,50,0.0,1,198
R+D,luminal,50,-0.6269414148125325,50,0.0,5,198
R+P+D,basal,50,-0.20501380988941956,50,0.0,1,198
R+P+D,her2,50,-0.36496044071589223,50,0.0,1,198
R+P+D,luminal,50,-0.6204369282263993,50,0.0,6,198
MOFA+,basal,50,-0.5159430532564055,50,0.0,5,198
MOFA+,her2,50,-0.5652605157510739,50,0.0,1,198
MOFA+,luminal,50,-0.7166178630053172,50,0.0,3,198
R,basal,50,-0.4563613782199775,50,0.0,3,199
R,her2,50,-0.3350787119426924,50,0.04,4,199
R,luminal,50,-0.23025031739697843,50,0.0,1,199
R+P,basal,50,-0.31045095382071836,50,0.0,2,199
R+P,her2,50,-0.1876225365584176,50,0.04,5,199
R+P,luminal,50,-0.14010684171369342,50,0.0,1,199
R+D,basal,50,-0.43571553592601686,50,0.0,4,199
R+D,her2,50,-0.48506801074020706,50,0.06,6,199
R+D,luminal,50,-0.35913288981719044,50,0.0,1,199
R+P+D,basal,50,-0.5252910380009027,50,0.0,3,199
R+P+D,her2,50,-0.4483959287056524,50,0.04,5,199
R+P+D,luminal,50,-0.40462138739858317,50,0.0,0,199
MOFA+,basal,50,-0.3889951945560759,50,0.0,1,199
MOFA+,her2,50,-0.31448275361111183,50,0.04,2,199
MOFA+,luminal,50,-0.08707907674069461,50,0.0,0,199
R,basal,50,-0.26671894141552877,50,0.0,1,200
R,her2,50,-0.3323296697013858,50,0.02,0,200
R,luminal,50,-0.2535550692258343,50,0.0,1,200
R+P,basal,50,-0.4403402654842265,50,0.0,0,200
R+P,her2,50,-0.3010306739159405,50,0.02,1,200
R+P,luminal,50,-0.2991206713461965,50,0.02,0,200
R+D,basal,50,-0.4111335098575914,50,0.0,2,200
R+D,her2,50,-0.4643088704069204,50,0.02,1,200
R+D,luminal,50,-0.3560266347322545,50,0.0,2,200
R+P+D,basal,50,-0.4561973350401774,50,0.0,1,200
R+P+D,her2,50,-0.42260441374173235,50,0.04,4,200
R+P+D,luminal,50,-0.32970828182522227,50,0.0,1,200
MOFA+,basal,50,-0.3889951945560759,50,0.0,1,200
MOFA+,her2,50,-0.31448275361111183,50,0.04,2,200
MOFA+,luminal,50,-0.33866773742407064,50,0.0,2,200
R,basal,50,-0.5993684338650926,50,0.0,4,201
R,her2,50,-0.3782128614145143,50,0.0,7,201
R,luminal,50,-0.13199934230770025,50,0.02,2,201
R+P,basal,50,-0.7007912959913765,50,0.0,5,201
R+P,her2,50,-0.42068256810170657,50,0.0,3,201
R+P,luminal,50,-0.18039064773771496,50,0.02,2,201
R+D,basal,50,-0.49956408218622705,50,0.0,2,201
R+D,her2,50,-0.4499804021759383,50,0.0,5,201
R+D,luminal,50,-0.2586639901222965,50,0.02,1,201
R+P+D,basal,50,-0.5111496005468324,50,0.0,4,201
R+P+D,her2,50,-0.47977654321488367,50,0.0,4,201
R+P+D,luminal,50,-0.24929296563431388,50,0.0,2,201
MOFA+,basal,50,-0.5463558416948096,50,0.0,3,201
MOFA+,her2,50,-0.5159761307760569,50,0.0,4,201
MOFA+,luminal,50,-0.27498818356268634,50,0.0,1,201
R,basal,50,-0.4083974903588253,50,0.0,0,202
R,her2,50,-0.1264783317130983,50,0.0,1,202
R,luminal,50,-0.4117468817999768,50,0.0,3,202
R+P,basal,50,-0.2506525206442262,50,0.0,0,202
R+P,her2,50,-0.17812881010531467,50,0.02,3,202
R+P,luminal,50,-0.20803980361699473,50,0.0,3,202
R+D,basal,50,-0.43769311559901325,50,0.0,0,202
R+D,her2,50,-0.2960429597670694,50,0.04,2,202
R+D,luminal,50,-0.4929031902170668,50,0.0,5,202
R+P+D,basal,50,-0.367505344571067,50,0.0,0,202
R+P+D,her2,50,-0.3289726371291758,50,0.04,3,202
R+P+D,luminal,50,-0.319695918360152,50,0.0,3,202
MOFA+,basal,50,-0.5624526968256038,50,0.0,1,202
MOFA+,her2,50,-0.31448275361111183,50,0.04,2,202
MOFA+,luminal,50,-0.27498818356268634,50,0.0,1,202
R,basal,50,-0.2739359805096241,50,0.0,1,203
R,her2,50,-0.2180839287972301,50,0.02,2,203
R,luminal,50,-0.5476133371029919,50,0.0,4,203
R+P,basal,50,-0.20276676390617948,50,0.0,0,203
R+P,her2,50,-0.21311314344014767,50,0.0,1,203
R+P,luminal,50,-0.35288592609366864,50,0.0,2,203
R+D,basal,50,-0.40255193028544567,50,0.0,1,203
R+D,her2,50,-0.36141107011655343,50,0.04,3,203
R+D,luminal,50,-0.5324039969847548,50,0.0,3,203
R+P+D,basal,50,-0.25644027964434923,50,0.0,0,203
R+P+D,her2,50,-0.3627095809666102,50,0.04,3,203
R+P+D,luminal,50,-0.38313627882294937,50,0.0,2,203
MOFA+,basal,50,-0.07330649288426355,50,0.0,0,203
MOFA+,her2,50,-0.5652605157510739,50,0.0,1,203
MOFA+,luminal,50,-0.4605362947843053,50,0.0,5,203
R,basal,50,-0.1736724060429501,50,0.0,1,204
R,her2,50,-0.46667308739494195,50,0.02,4,204
R,luminal,50,-0.37908952895745557,50,0.0,1,204
R+P,basal,50,-0.1297076935426705,50,0.0,1,204
R+P,her2,50,-0.38549093122791445,50,0.02,5,204
R+P,luminal,50,-0.34337526217150455,50,0.0,1,204
R+D,basal,50,-0.31036902596500404,50,0.0,2,204
R+D,her2,50,-0.40672729174345007,50,0.0,2,204
R+D,luminal,50,-0.4376524784481419,50,0.0,3,204
R+P+D,basal,50,-0.18727469729570528,50,0.0,1,204
R+P+D,her2,50,-0.47339743931713385,50,0.0,3,204
R+P+D,luminal,50,-0.46244681727996784,50,0.0,3,204
MOFA+,basal,50,-0.053421368184589986,50,0.0,3,204
MOFA+,her2,50,-0.4928444076680832,50,0.0,5,204
MOFA+,luminal,50,-0.7166178630053172,50,0.0,3,204
R,basal,50,-0.4046524321660145,50,0.02,2,205
R,her2,50,-0.30481338124013635,50,0.02,1,205
R,luminal,50,-0.36803763433547865,50,0.0,7,205
R+P,basal,50,-0.2960362850631225,50,0.02,1,205
R+P,her2,50,-0.25059037083851204,50,0.0,0,205
R+P,luminal,50,-0.3062285593297138,50,0.0,1,205
R+D,basal,50,-0.428469737654954,50,0.0,5,205
R+D,her2,50,-0.5204632430169557,50,0.04,1,205
R+D,luminal,50,-0.43801989118448914,50,0.0,3,205
R+P+D,basal,50,-0.3743462288974393,50,0.0,3,205
R+P+D,her2,50,-0.4528995934959792,50,0.0,1,205
R+P+D,luminal,50,-0.3192797492535555,50,0.0,3,205
MOFA+,basal,50,-0.5054582191460999,50,0.0,4,205
MOFA+,her2,50,-0.08379133735789089,50,0.0,0,205
MOFA+,luminal,50,-0.32575067826405774,50,0.02,2,205
R,basal,50,-0.24736815977620277,50,0.0,3,206
R,her2,50,-0.19868884162623707,50,0.0,0,206
R,luminal,50,-0.6709307289700664,50,0.02,4,206
R+P,basal,50,-0.11734157203561038,50,0.0,1,206
R+P,her2,50,-0.1672473630703397,50,0.0,1,206
R+P,luminal,50,-0.4429967086550758,50,0.02,1,206
R+D,basal,50,-0.43696994508664466,50,0.0,3,206
R+D,her2,50,-0.257112894566291,50,0.0,0,206
R+D,luminal,50,-0.6368093921508318,50,0.0,3,206
R+P+D,basal,50,-0.27901621683500555,50,0.0,2,206
R+P+D,her2,50,-0.20968817767388478,50,0.0,1,206
R+P+D,luminal,50,-0.6895851879677123,50,0.0,3,206
MOFA+,basal,50,-0.28769486971114927,50,0.0,2,206
MOFA+,her2,50,-0.31448275361111183,50,0.04,2,206
MOFA+,luminal,50,-0.5336617848574897,50,0.0,2,206
R,basal,50,-0.16476097589093605,50,0.0,2,207
R,her2,50,-0.442016672370185,50,0.0,2,207
R,luminal,50,-0.5438782789845868,50,0.02,0,207
R+P,basal,50,-0.19996237629992095,50,0.0,1,207
R+P,her2,50,-0.3364387521682981,50,0.0,2,207
R+P,luminal,50,-0.2469170942834532,50,0.02,0,207
R+D,basal,50,-0.3850715416456144,50,0.0,2,207
R+D,her2,50,-0.3195148491327936,50,0.0,2,207
R+D,luminal,50,-0.4648854835199204,50,0.0,2,207
R+P+D,basal,50,-0.3570428811114382,50,0.0,4,207
R+P+D,her2,50,-0.288034823486094,50,0.0,4,207
R+P+D,luminal,50,-0.3521333397765337,50,0.02,1,207
MOFA+,basal,50,-0.5159430532564055,50,0.0,5,207
MOFA+,her2,50,-0.3120793521641551,50,0.0,1,207
MOFA+,luminal,50,-0.33866773742407064,50,0.0,2,207
R,basal,50,-0.34796294395421506,50,0.0,0,208
R,her2,50,-0.14844333650084685,50,0.0,2,208
R,luminal,50,-0.4269341192884039,50,0.0,2,208
R+P,basal,50,-0.3897507041281994,50,0.0,0,208
R+P,her2,50,-0.19726585055927778,50,0.0,3,208
R+P,luminal,50,-0.2618318891018269,50,0.0,2,208
R+D,basal,50,-0.519534387261117,50,0.0,1,208
R+D,her2,50,-0.2913082346745639,50,0.0,3,208
R+D,luminal,50,-0.4550533630387268,50,0.0,1,208
R+P+D,basal,50,-0.5818750637482704,50,0.0,0,208
R+P+D,her2,50,-0.18972574487027605,50,0.0,1,208
R+P+D,luminal,50,-0.40297468869168496,50,0.0,0,208
MOFA+,basal,50,-0.5178778430235921,50,0.0,2,208
MOFA+,her2,50,-0.42313238618869314,50,0.02,1,208
MOFA+,luminal,50,-0.014035583308286484,50,0.0,4,208
R,basal,50,-0.6063869755492285,50,0.0,4,209
R,her2,50,-0.5789955677000254,50,0.02,6,209
R,luminal,50,-0.17425119782784076,50,0.0,2,209
R+P,basal,50,-0.5533294456954322,50,0.0,5,209
R+P,her2,50,-0.5398855616192999,50,0.0,8,209
R+P,luminal,50,-0.24564424644023355,50,0.0,0,209
R+D,basal,50,-0.5066182393262089,50,0.0,2,209
R+D,her2,50,-0.5577128667168314,50,0.0,5,209
R+D,luminal,50,-0.32727800830701975,50,0.0,2,209
R+P+D,basal,50,-0.5467298918979038,50,0.0,2,209
R+P+D,her2,50,-0.5009336194536703,50,0.0,7,209
R+P+D,luminal,50,-0.2702140124882798,50,0.0,0,209
MOFA+,basal,50,-0.5463558416948096,50,0.0,3,209
MOFA+,her2,50,-0.5159761307760569,50,0.0,4,209
MOFA+,luminal,50,-0.42447621761666204,50,0.0,2,209
R,basal,50,-0.4593212786733039,50,0.0,0,210
R,her2,50,-0.24384516075232354,50,0.02,2,210
R,luminal,50,-0.19435447868768724,50,0.02,3,210
R+P,basal,50,-0.343191762681632,50,0.0,0,210
R+P,her2,50,-0.18838418072052968,50,0.02,2,210
R+P,luminal,50,-0.1729883553105217,50,0.04,1,210
R+D,basal,50,-0.5213709969338121,50,0.0,1,210
R+D,her2,50,-0.388361156592573,50,0.0,3,210
R+D,luminal,50,-0.3567185268840391,50,0.02,3,210
R+P+D,basal,50,-0.4379505250200475,50,0.0,1,210
R+P+D,her2,50,-0.293983941600854,50,0.0,3,210
R+P+D,luminal,50,-0.3769336064759115,50,0.02,3,210
MOFA+,basal,50,-0.40261158750576387,50,0.0,1,210
MOFA+,her2,50,-0.5491719546595314,50,0.0,3,210
MOFA+,luminal,50,-0.42447621761666204,50,0.0,2,210
R,basal,50,-0.33884388663078613,50,0.0,4,211
R,her2,50,-0.45628598874455045,50,0.0,1,211
R,luminal,50,-0.3068551741331235,50,0.0,1,211
R+P,basal,50,-0.16044372953824562,50,0.0,1,211
R+P,her2,50,-0.29166596412544754,50,0.04,4,211
R+P,luminal,50,-0.33542200530193844,50,0.02,1,211
R+D,basal,50,-0.4435785400140633,50,0.0,5,211
R+D,her2,50,-0.45180118162456745,50,0.02,2,211
R+D,luminal,50,-0.3395804327386815,50,0.02,3,211
R+P+D,basal,50,-0.2796658600156483,50,0.0,3,211
R+P+D,her2,50,-0.30818411354744574,50,0.04,2,211
R+P+D,luminal,50,-0.3435030544807675,50,0.02,2,211
MOFA+,basal,50,-0.3212467034974735,50,0.0,1,211
MOFA+,her2,50,-0.30258820694702326,50,0.02,2,211
MOFA+,luminal,50,-0.7166178630053172,50,0.0,3,211
R,basal,50,-0.6995254595331737,50,0.0,5,212
R,her2,50,-0.4387866347480436,50,0.0,2,212
R,luminal,50,-0.14996263690979353,50,0.02,1,212
R+P,basal,50,-0.5315847623767342,50,0.0,2,212
R+P,her2,50,-0.1747355493544826,50,0.0,3,212
R+P,luminal,50,-0.1170983617518743,50,0.04,2,212
R+D,basal,50,-0.5736302944887569,50,0.0,4,212
R+D,her2,50,-0.4561100116454865,50,0.0,4,212
R+D,luminal,50,-0.2857519076225868,50,0.02,2,212
R+P+D,basal,50,-0.675513254519926,50,0.0,3,212
R+P+D,her2,50,-0.2699963273357495,50,0.0,1,212
R+P+D,luminal,50,-0.24309835989274353,50,0.04,4,212
MOFA+,basal,50,-0.27447206105048505,50,0.0,1,212
MOFA+,her2,50,-0.5491719546595314,50,0.0,3,212
MOFA+,luminal,50,-0.33866773742407064,50,0.0,2,212
R,basal,50,-0.2260254315867116,50,0.0,2,213
R,her2,50,-0.26304903039529315,50,0.0,0,213
R,luminal,50,-0.23359837647986192,50,0.0,2,213
R+P,basal,50,-0.195510814913713,50,0.0,2,213
R+P,her2,50,-0.2589614507094326,50,0.0,2,213
R+P,luminal,50,-0.2562248430010591,50,0.0,1,213
R+D,basal,50,-0.37075481432135654,50,0.0,3,213
R+D,her2,50,-0.5474734586151935,50,0.0,2,213
R+D,luminal,50,-0.5130917303680406,50,0.0,0,213
R+P+D,basal,50,-0.2605792535183079,50,0.0,3,213
R+P+D,her2,50,-0.4782972016448694,50,0.0,2,213
R+P+D,luminal,50,-0.48423304248131843,50,0.0,0,213
MOFA+,basal,50,-0.28769486971114927,50,0.0,2,213
MOFA+,her2,50,-0.08379133735789089,50,0.0,0,213
MOFA+,luminal,50,-0.5336617848574897,50,0.0,2,213
R,basal,50,-0.11080453005124574,50,0.0,0,214
R,her2,50,-0.45244300107987984,50,0.0,1,214
R,luminal,50,-0.2661275263570962,50,0.02,1,214
R+P,basal,50,-0.13887624301453386,50,0.0,1,214
R+P,her2,50,-0.38739569032373417,50,0.0,3,214
R+P,luminal,50,-0.39998007135741426,50,0.0,0,214
R+D,basal,50,-0.2222757715063642,50,0.0,0,214
R+D,her2,50,-0.5141600458438498,50,0.0,3,214
R+D,luminal,50,-0.35685524262292195,50,0.0,1,214
R+P+D,basal,50,-0.23658332689447426,50,0.0,1,214
R+P+D,her2,50,-0.40676232268335616,50,0.0,2,214
R+P+D,luminal,50,-0.3989995817059574,50,0.02,0,214
MOFA+,basal,50,-0.3889951945560759,50,0.0,1,214
MOFA+,her2,50,-0.39835941672586217,50,0.02,5,214
MOFA+,luminal,50,-0.4605362947843053,50,0.0,5,214
R,basal,50,-0.24512768545760927,50,0.0,2,215
R,her2,50,-0.45406141312702764,50,0.0,2,215
R,luminal,50,-0.36376801367640793,50,0.0,2,215
R+P,basal,50,-0.1406804668186831,50,0.0,3,215
R+P,her2,50,-0.15392940087744011,50,0.02,3,215
R+P,luminal,50,-0.2674067124769424,50,0.0,1,215
R+D,basal,50,-0.32950175053873587,50,0.0,3,215
R+D,her2,50,-0.5826268885981676,50,0.02,5,215
R+D,luminal,50,-0.5163833957787176,50,0.0,1,215
R+P+D,basal,50,-0.24000008807301898,50,0.0,4,215
R+P+D,her2,50,-0.3986092939447765,50,0.02,6,215
R+P+D,luminal,50,-0.5419667144376412,50,0.0,2,215
MOFA+,basal,50,-0.3212467034974735,50,0.0,1,215
MOFA+,her2,50,-0.01313290143070867,50,0.0,4,215
MOFA+,luminal,50,-0.5336617848574897,50,0.0,2,215
R,basal,50,-0.32012461470229103,50,0.0,6,216
R,her2,50,-0.21171665417791266,50,0.0,2,216
R,luminal,50,-0.5833279174864722,50,0.02,4,216
R+P,basal,50,-0.16623179080263228,50,0.0,3,216
R+P,her2,50,-0.15337725755617237,50,0.0,1,216
R+P,luminal,50,-0.2674964573884473,50,0.0,0,216
R+D,basal,50,-0.3652018748630749,50,0.0,4,216
R+D,her2,50,-0.29425885400400215,50,0.0,2,216
R+D,luminal,50,-0.6248041348339859,50,0.0,3,216
R+P+D,basal,50,-0.3636002422166896,50,0.0,3,216
R+P+D,her2,50,-0.22012440190608693,50,0.0,1,216
R+P+D,luminal,50,-0.49321561452082135,50,0.0,0,216
MOFA+,basal,50,-0.27447206105048505,50,0.0,1,216
MOFA+,her2,50,-0.04592504717146089,50,0.0,3,216
MOFA+,luminal,50,-0.5614016197427435,50,0.0,3,216
R,basal,50,-0.1420872303253249,50,0.0,3,217
R,her2,50,-0.5582566339216909,50,0.02,3,217
R,luminal,50,-0.42983033272323234,50,0.0,2,217
R+P,basal,50,-0.08058906564500244,50,0.0,2,217
R+P,her2,50,-0.2517517925365864,50,0.04,2,217
R+P,luminal,50,-0.46553941496968826,50,0.0,1,217
R+D,basal,50,-0.3376873821251891,50,0.0,0,217
R+D,her2,50,-0.541924843116012,50,0.0,3,217
R+D,luminal,50,-0.5091941594842726,50,0.0,4,217
R+P+D,basal,50,-0.21734889058280335,50,0.0,2,217
R+P+D,her2,50,-0.37835518649640826,50,0.0,2,217
R+P+D,luminal,50,-0.42552443958436403,50,0.0,1,217
MOFA+,basal,50,-0.28769486971114927,50,0.0,2,217
MOFA+,her2,50,-0.40456322390936145,50,0.0,2,217
MOFA+,luminal,50,-0.3952030647717412,50,0.0,5,217
R,basal,50,-0.44143926515916865,50,0.0,6,218
R,her2,50,-0.6007956442883048,50,0.0,5,218
R,luminal,50,-0.16334119453191603,50,0.0,1,218
R+P,basal,50,-0.3935926098790732,50,0.0,2,218
R+P,her2,50,-0.3792380392543848,50,0.02,2,218
R+P,luminal,50,-0.18163170573133913,50,0.0,2,218
R+D,basal,50,-0.43944238461658036,50,0.0,2,218
R+D,her2,50,-0.6292630676242433,50,0.0,5,218
R+D,luminal,50,-0.2598255934644466,50,0.02,2,218
R+P+D,basal,50,-0.27503113750707275,50,0.0,2,218
R+P+D,her2,50,-0.4406240838752343,50,0.02,2,218
R+P+D,luminal,50,-0.22812484826863583,50,0.0,2,218
MOFA+,basal,50,-0.3212467034974735,50,0.0,1,218
MOFA+,her2,50,-0.42313238618869314,50,0.02,1,218
MOFA+,luminal,50,-0.32179389140566017,50,0.0,2,218
R,basal,50,-0.09499870223356507,50,0.0,0,219
R,her2,50,-0.3861667068760342,50,0.0,1,219
R,luminal,50,-0.31406209842836674,50,0.0,0,219
R+P,basal,50,-0.04098866275693561,50,0.0,0,219
R+P,her2,50,-0.46693488447928994,50,0.02,1,219
R+P,luminal,50,-0.27036209882795814,50,0.0,1,219
R+D,basal,50,-0.3783159705337975,50,0.0,5,219
R+D,her2,50,-0.414969661146288,50,0.0,3,219
R+D,luminal,50,-0.49108670090741796,50,0.0,1,219
R+P+D,basal,50,-0.22614383046925404,50,0.0,3,219
R+P+D,her2,50,-0.5145366938234536,50,0.0,2,219
R+P+D,luminal,50,-0.42932009509066327,50,0.0,1,219
MOFA+,basal,50,-0.012019998178718974,50,0.0,4,219
MOFA+,her2,50,-0.4928444076680832,50,0.0,5,219
MOFA+,luminal,50,-0.42447621761666204,50,0.0,2,219
R,basal,50,-0.3018703315352488,50,0.0,0,220
R,her2,50,-0.47466358060945635,50,0.0,1,220
R,luminal,50,-0.25099584416575454,50,0.0,0,220
R+P,basal,50,-0.2207731512191178,50,0.0,1,220
R+P,her2,50,-0.40133927511376855,50,0.0,3,220
R+P,luminal,50,-0.4409480076080375,50,0.0,0,220
R+D,basal,50,-0.4181042173406644,50,0.0,0,220
R+D,her2,50,-0.4060638541568531,50,0.02,2,220
R+D,luminal,50,-0.41041791126750504,50,0.0,0,220
R+P+D,basal,50,-0.22767118608059086,50,0.0,1,220
R+P+D,her2,50,-0.4116234534982638,50,0.0,2,220
R+P+D,luminal,50,-0.3416608629077122,50,0.0,1,220
MOFA+,basal,50,-0.053421368184589986,50,0.0,3,220
MOFA+,her2,50,-0.36001283190272754,50,0.0,1,220
MOFA+,luminal,50,-0.33866773742407064,50,0.0,2,220
R,basal,50,-0.5417131390712647,50,0.0,2,221
R,her2,50,-0.30343831080560024,50,0.0,0,221
R,luminal,50,-0.202634936929875,50,0.0,2,221
R+P,basal,50,-0.3311007714279237,50,0.0,3,221
R+P,her2,50,-0.3096255977094193,50,0.0,1,221
R+P,luminal,50,-0.19751226042542222,50,0.0,2,221
R+D,basal,50,-0.41807802240530995,50,0.0,1,221
R+D,her2,50,-0.3809297654842355,50,0.02,1,221
R+D,luminal,50,-0.27500963767856057,50,0.0,3,221
R+P+D,basal,50,-0.4252064557961186,50,0.0,2,221
R+P+D,her2,50,-0.44702854959926946,50,0.0,2,221
R+P+D,luminal,50,-0.2406321324168422,50,0.0,1,221
MOFA+,basal,50,-0.40261158750576387,50,0.0,1,221
MOFA+,her2,50,-0.5652605157510739,50,0.0,1,221
MOFA+,luminal,50,-0.33866773742407064,50,0.0,2,221
R,basal,50,-0.11639104992616725,50,0.0,1,222
R,her2,50,-0.6578118166699326,50,0.02,3,222
R,luminal,50,-0.4156607918763378,50,0.0,1,222
R+P,basal,50,-0.06616026474238595,50,0.0,3,222
R+P,her2,50,-0.8106457348057097,50,0.04,2,222
R+P,luminal,50,-0.25731720777608397,50,0.0,2,222
R+D,basal,50,-0.26588264653353516,50,0.0,3,222
R+D,her2,50,-0.7581015085580796,50,0.02,5,222
R+D,luminal,50,-0.4200928004148804,50,0.0,1,222
R+P+D,basal,50,-0.07257501675637669,50,0.0,0,222
R+P+D,her2,50,-0.8384752507378195,50,0.04,4,222
R+P+D,luminal,50,-0.4879537556835903,50,0.0,7,222
MOFA+,basal,50,-0.053421368184589986,50,0.0,3,222
MOFA+,her2,50,-0.7022956727559374,50,0.0,3,222
MOFA+,luminal,50,-0.32179389140566017,50,0.0,2,222
R,basal,50,-0.609664800976996,50,0.0,1,223
R,her2,50,-0.39289007302436363,50,0.0,1,223
R,luminal,50,-0.3177420138784348,50,0.0,3,223
R+P,basal,50,-0.5188959394601352,50,0.0,0,223
R+P,her2,50,-0.3523473753549667,50,0.0,1,223
R+P,luminal,50,-0.14637572888630732,50,0.0,1,223
R+D,basal,50,-0.4752764407801587,50,0.0,0,223
R+D,her2,50,-0.41877031031715317,50,0.0,3,223
R+D,luminal,50,-0.36125445889635055,50,0.0,1,223
R+P+D,basal,50,-0.485047481368629,50,0.0,0,223
R+P+D,her2,50,-0.5022357279749357,50,0.0,4,223
R+P+D,luminal,50,-0.32498781753865136,50,0.0,2,223
MOFA+,basal,50,-0.7399409894194376,50,0.0,3,223
MOFA+,her2,50,-0.31448275361111183,50,0.04,2,223
MOFA+,luminal,50,-0.049338171842283035,50,0.0,3,223
R,basal,50,-0.3312833847099976,50,0.0,0,224
R,her2,50,-0.5484759352522146,50,0.0,3,224
R,luminal,50,-0.4072667685564791,50,0.02,3,224
R+P,basal,50,-0.2308844037567242,50,0.0,1,224
R+P,her2,50,-0.42567825599432146,50,0.0,3,224
R+P,luminal,50,-0.3649303086340302,50,0.02,2,224
R+D,basal,50,-0.3837362605560795,50,0.0,2,224
R+D,her2,50,-0.462426876805534,50,0.0,2,224
R+D,luminal,50,-0.5673586880680401,50,0.04,4,224
R+P+D,basal,50,-0.3817867881259776,50,0.0,1,224
R+P+D,her2,50,-0.3412216442281201,50,0.0,1,224
R+P+D,luminal,50,-0.5264847935460686,50,0.04,3,224
MOFA+,basal,50,-0.28982350086081005,50,0.0,2,224
MOFA+,her2,50,-0.3120793521641551,50,0.0,1,224
MOFA+,luminal,50,-0.5614016197427435,50,0.0,3,224
R,basal,50,-0.22096774553117288,50,0.0,0,225
R,her2,50,-0.23591481132133427,50,0.0,1,225
R,luminal,50,-0.4946150934325024,50,0.0,3,225
R+P,basal,50,-0.1471876254996253,50,0.0,2,225
R+P,her2,50,-0.31910465921638037,50,0.0,1,225
R+P,luminal,50,-0.38661694500774807,50,0.0,4,225
R+D,basal,50,-0.38184390032164034,50,0.0,1,225
R+D,her2,50,-0.4202129499440382,50,0.02,3,225
R+D,luminal,50,-0.6320133430145715,50,0.0,4,225
R+P+D,basal,50,-0.2400397538143138,50,0.0,1,225
R+P+D,her2,50,-0.5203648785699903,50,0.0,2,225
R+P+D,luminal,50,-0.4722669598033983,50,0.0,2,225
MOFA+,basal,50,-0.012019998178718974,50,0.0,4,225
MOFA+,her2,50,-0.08379133735789089,50,0.0,0,225
MOFA+,luminal,50,-0.4108772374338225,50,0.02,1,225
R,basal,50,-0.22498837864999152,50,0.0,5,226
R,her2,50,-0.12744598122861533,50,0.0,4,226
R,luminal,50,-0.5271469506780795,50,0.0,3,226
R+P,basal,50,-0.07477505996781743,50,0.0,1,226
R+P,her2,50,-0.09495835978210086,50,0.0,3,226
R+P,luminal,50,-0.3291250305160772,50,0.0,0,226
R+D,basal,50,-0.2814144072543996,50,0.0,5,226
R+D,her2,50,-0.3600162037983607,50,0.0,3,226
R+D,luminal,50,-0.5639916194941084,50,0.0,1,226
R+P+D,basal,50,-0.18333345165816772,50,0.0,3,226
R+P+D,her2,50,-0.33472797319560826,50,0.0,3,226
R+P+D,luminal,50,-0.44341914270485533,50,0.0,0,226
MOFA+,basal,50,-0.3889951945560759,50,0.0,1,226
MOFA+,her2,50,-0.39835941672586217,50,0.02,5,226
MOFA+,luminal,50,-0.4336475234046903,50,0.0,2,226
R,basal,50,-0.46347130668547315,50,0.0,1,227
R,her2,50,-0.37172603531126214,50,0.0,1,227
R,luminal,50,-0.2722826555826116,50,0.02,0,227
R+P,basal,50,-0.49505790916431514,50,0.0,2,227
R+P,her2,50,-0.25138188995426924,50,0.0,3,227
R+P,luminal,50,-0.25580742420432295,50,0.04,2,227
R+D,basal,50,-0.5411585638694195,50,0.0,1,227
R+D,her2,50,-0.43988017881966157,50,0.02,3,227
R+D,luminal,50,-0.4106943235863745,50,0.0,1,227
R+P+D,basal,50,-0.6072841816677247,50,0.0,2,227
R+P+D,her2,50,-0.34856506099449125,50,0.0,3,227
R+P+D,luminal,50,-0.22778444620037563,50,0.0,0,227
MOFA+,basal,50,-0.368276449712905,50,0.02,2,227
MOFA+,her2,50,-0.5491719546595314,50,0.0,3,227
MOFA+,luminal,50,-0.5834359116792033,50,0.0,1,227
R,basal,50,-0.4385676581326214,50,0.0,1,228
R,her2,50,-0.5403286657322428,50,0.0,3,228
R,luminal,50,-0.13446006164965826,50,0.0,2,228
R+P,basal,50,-0.23017947170692313,50,0.0,1,228
R+P,her2,50,-0.543782513342264,50,0.0,4,228
R+P,luminal,50,-0.1726582994621453,50,0.0,2,228
R+D,basal,50,-0.3667551113897645,50,0.0,0,228
R+D,her2,50,-0.5988503959512804,50,0.0,2,228
R+D,luminal,50,-0.25347907571526024,50,0.0,1,228
R+P+D,basal,50,-0.27580666133871873,50,0.0,0,228
R+P+D,her2,50,-0.5876944779170743,50,0.0,2,228
R+P+D,luminal,50,-0.2767654571777595,50,0.02,2,228
MOFA+,basal,50,-0.07330649288426355,50,0.0,0,228
MOFA+,her2,50,-0.5491719546595314,50,0.0,3,228
MOFA+,luminal,50,-0.4605362947843053,50,0.0,5,228
R,basal,50,-0.1157215195941054,50,0.0,2,229
R,her2,50,-0.3768721030607459,50,0.0,2,229
R,luminal,50,-0.4251359888206131,50,0.0,4,229
R+P,basal,50,-0.1348032371178368,50,0.0,2,229
R+P,her2,50,-0.3647181478338519,50,0.04,1,229
R+P,luminal,50,-0.35744287300598365,50,0.0,4,229
R+D,basal,50,-0.23100362848508652,50,0.0,2,229
R+D,her2,50,-0.3601674354938778,50,0.0,3,229
R+D,luminal,50,-0.5000072533056135,50,0.0,3,229
R+P+D,basal,50,-0.19968088152031424,50,0.0,1,229
R+P+D,her2,50,-0.36918508764618013,50,0.02,1,229
R+P+D,luminal,50,-0.45068117807389074,50,0.0,4,229
MOFA+,basal,50,-0.5624526968256038,50,0.0,1,229
MOFA+,her2,50,-0.5159761307760569,50,0.0,4,229
MOFA+,luminal,50,-0.4605362947843053,50,0.0,5,229
R,basal,50,-0.32764126076159733,50,0.0,1,230
R,her2,50,-0.4675067914727309,50,0.0,1,230
R,luminal,50,-0.23339438392394296,50,0.0,2,230
R+P,basal,50,-0.2166810024899522,50,0.0,1,230
R+P,her2,50,-0.37326013619993903,50,0.0,2,230
R+P,luminal,50,-0.2671647590057622,50,0.0,1,230
R+D,basal,50,-0.40530285151821777,50,0.0,2,230
R+D,her2,50,-0.4586019926940771,50,0.0,1,230
R+D,luminal,50,-0.4567833657577151,50,0.02,1,230
R+P+D,basal,50,-0.4107102095864585,50,0.0,2,230
R+P+D,her2,50,-0.30903489856847327,50,0.0,1,230
R+P+D,luminal,50,-0.3724102223509359,50,0.02,3,230
MOFA+,basal,50,-0.21929701202341526,50,0.0,1,230
MOFA+,her2,50,-0.5159761307760569,50,0.0,4,230
MOFA+,luminal,50,-0.42447621761666204,50,0.0,2,230
R,basal,50,-0.24943016650379632,50,0.0,2,231
R,her2,50,-0.3090878953142479,50,0.0,2,231
R,luminal,50,-0.5010273720549399,50,0.02,2,231
R+P,basal,50,-0.15189020348511068,50,0.0,1,231
R+P,her2,50,-0.2034340947050057,50,0.0,1,231
R+P,luminal,50,-0.7732554330725478,50,0.02,2,231
R+D,basal,50,-0.3499697128947919,50,0.0,2,231
R+D,her2,50,-0.37664513832165547,50,0.0,2,231
R+D,luminal,50,-0.46269632559760593,50,0.02,2,231
R+P+D,basal,50,-0.19641265823197634,50,0.0,1,231
R+P+D,her2,50,-0.2653747770753994,50,0.0,2,231
R+P+D,luminal,50,-0.8052378274884027,50,0.02,3,231
MOFA+,basal,50,-0.012019998178718974,50,0.0,4,231
MOFA+,her2,50,-0.3930197206468565,50,0.02,2,231
MOFA+,luminal,50,-0.7166178630053172,50,0.0,3,231
R,basal,50,-0.2836141460225332,50,0.0,2,232
R,her2,50,-0.39907509843147015,50,0.0,2,232
R,luminal,50,-0.22454395415423825,50,0.0,3,232
R+P,basal,50,-0.22628181570545944,50,0.0,2,232
R+P,her2,50,-0.317581874474153,50,0.0,2,232
R+P,luminal,50,-0.19059694188561754,50,0.0,1,232
R+D,basal,50,-0.39344708366921766,50,0.0,5,232
R+D,her2,50,-0.44818478163829534,50,0.0,2,232
R+D,luminal,50,-0.3636599557883697,50,0.02,5,232
R+P+D,basal,50,-0.36237973192648076,50,0.0,5,232
R+P+D,her2,50,-0.30533713109297755,50,0.0,2,232
R+P+D,luminal,50,-0.34402878512510254,50,0.0,1,232
MOFA+,basal,50,-0.28982350086081005,50,0.0,2,232
MOFA+,her2,50,-0.42313238618869314,50,0.02,1,232
MOFA+,luminal,50,-0.32524904615232936,50,0.0,1,232
R,basal,50,-0.7172434855267821,50,0.0,6,233
R,her2,50,-0.5705210751868818,50,0.02,2,233
R,luminal,50,-0.23500183744881528,50,0.0,2,233
R+P,basal,50,-0.49819289191869914,50,0.0,3,233
R+P,her2,50,-0.36968371941934697,50,0.02,1,233
R+P,luminal,50,-0.15320502533638053,50,0.02,0,233
R+D,basal,50,-0.5911811237957887,50,0.0,4,233
R+D,her2,50,-0.5830217171357809,50,0.0,3,233
R+D,luminal,50,-0.3432690014807573,50,0.02,4,233
R+P+D,basal,50,-0.6108146488459618,50,0.0,6,233
R+P+D,her2,50,-0.3593667045797115,50,0.0,0,233
R+P+D,luminal,50,-0.4210814379113299,50,0.0,4,233
MOFA+,basal,50,-0.368276449712905,50,0.02,2,233
MOFA+,her2,50,-0.5067927857540258,50,0.0,2,233
MOFA+,luminal,50,-0.5834359116792033,50,0.0,1,233
R,basal,50,-0.289832525203053,50,0.0,4,234
R,her2,50,-0.09772754320683534,50,0.0,0,234
R,luminal,50,-0.23316713732773234,50,0.04,0,234
R+P,basal,50,-0.3406859350827247,50,0.0,2,234
R+P,her2,50,-0.10950823128941613,50,0.02,1,234
R+P,luminal,50,-0.2024592684958998,50,0.0,2,234
R+D,basal,50,-0.4663679619468723,50,0.0,2,234
R+D,her2,50,-0.6034295024873131,50,0.0,2,234
R+D,luminal,50,-0.4043775859311935,50,0.04,2,234
R+P+D,basal,50,-0.38801043443290917,50,0.0,4,234
R+P+D,her2,50,-0.2699785661830522,50,0.0,1,234
R+P+D,luminal,50,-0.35237336443099154,50,0.02,2,234
MOFA+,basal,50,-0.21929701202341526,50,0.0,1,234
MOFA+,her2,50,-0.08379133735789089,50,0.0,0,234
MOFA+,luminal,50,-0.3952030647717412,50,0.0,5,234
R,basal,50,-0.3820260069423869,50,0.0,0,235
R,her2,50,-0.2900598714443562,50,0.0,1,235
R,luminal,50,-0.1567820547663949,50,0.0,0,235
R+P,basal,50,-0.461226653824456,50,0.0,1,235
R+P,her2,50,-0.3190348786791336,50,0.0,1,235
R+P,luminal,50,-0.1665634966375887,50,0.0,1,235
R+D,basal,50,-0.5290446614811948,50,0.0,1,235
R+D,her2,50,-0.4987051079483776,50,0.0,2,235
R+D,luminal,50,-0.2950453057893503,50,0.0,1,235
R+P+D,basal,50,-0.6750547658759483,50,0.0,2,235
R+P+D,her2,50,-0.431031672997123,50,0.0,1,235
R+P+D,luminal,50,-0.19631099039381733,50,0.0,1,235
MOFA+,basal,50,-0.5178778430235921,50,0.0,2,235
MOFA+,her2,50,-0.3930197206468565,50,0.02,2,235
MOFA+,luminal,50,-0.4875302239750314,50,0.0,4,235
R,basal,50,-0.42802444453020344,50,0.0,2,236
R,her2,50,-0.36070652060992314,50,0.0,0,236
R,luminal,50,-0.10134733831862779,50,0.0,0,236
R+P,basal,50,-0.5294363204693849,50,0.0,4,236
R+P,her2,50,-0.29341043415806367,50,0.02,1,236
R+P,luminal,50,-0.08899152537247998,50,0.0,0,236
R+D,basal,50,-0.5925114997414392,50,0.0,2,236
R+D,her2,50,-0.3636541015024289,50,0.0,0,236
R+D,luminal,50,-0.2852859894134874,50,0.0,0,236
R+P+D,basal,50,-0.44238638670605956,50,0.0,2,236
R+P+D,her2,50,-0.451031652343027,50,0.0,0,236
R+P+D,luminal,50,-0.19413282764887527,50,0.0,0,236
MOFA+,basal,50,-0.3889951945560759,50,0.0,1,236
MOFA+,her2,50,-0.7022956727559374,50,0.0,3,236
MOFA+,luminal,50,-0.27498818356268634,50,0.0,1,236
R,basal,50,-0.43256324293671655,50,0.0,1,237
R,her2,50,-0.3510867230728914,50,0.0,1,237
R,luminal,50,-0.1577073290117523,50,0.0,1,237
R+P,basal,50,-0.4792542405272932,50,0.0,3,237
R+P,her2,50,-0.2814492915595674,50,0.0,2,237
R+P,luminal,50,-0.10419180056782276,50,0.0,0,237
R+D,basal,50,-0.587303823625175,50,0.0,1,237
R+D,her2,50,-0.494130654212087,50,0.02,5,237
R+D,luminal,50,-0.23043595461302993,50,0.0,0,237
R+P+D,basal,50,-0.6351941683453659,50,0.0,2,237
R+P+D,her2,50,-0.28101992363881645,50,0.0,4,237
R+P+D,luminal,50,-0.20090953879309845,50,0.0,0,237
MOFA+,basal,50,-0.5178778430235921,50,0.0,2,237
MOFA+,her2,50,-0.3782726858472879,50,0.0,2,237
MOFA+,luminal,50,-0.4605362947843053,50,0.0,5,237
R,basal,50,-0.3927257952530242,50,0.02,3,238
R,her2,50,-0.28279985836963195,50,0.0,2,238
R,luminal,50,-0.30489896293330915,50,0.0,0,238
R+P,basal,50,-0.44980313773572456,50,0.0,3,238
R+P,her2,50,-0.18014621576175116,50,0.06,4,238
R+P,luminal,50,-0.27769052300951325,50,0.02,2,238
R+D,basal,50,-0.5584744189756241,50,0.0,3,238
R+D,her2,50,-0.37830052847926254,50,0.04,3,238
R+D,luminal,50,-0.5153972599842429,50,0.0,1,238
R+P+D,basal,50,-0.619587944925383,50,0.0,2,238
R+P+D,her2,50,-0.30036530531888433,50,0.04,3,238
R+P+D,luminal,50,-0.30349245829671256,50,0.02,2,238
MOFA+,basal,50,-0.7399409894194376,50,0.0,3,238
MOFA+,her2,50,-0.31448275361111183,50,0.04,2,238
MOFA+,luminal,50,-0.32524904615232936,50,0.0,1,238
R,basal,50,-0.24560785880241284,50,0.0,1,239
R,her2,50,-0.3572659846745341,50,0.02,1,239
R,luminal,50,-0.24166853029909352,50,0.0,1,239
R+P,basal,50,-0.14944898056160766,50,0.0,1,239
R+P,her2,50,-0.37201164583415286,50,0.02,1,239
R+P,luminal,50,-0.17863824857000413,50,0.0,2,239
R+D,basal,50,-0.3603150423413448,50,0.0,1,239
R+D,her2,50,-0.3415917695937072,50,0.0,2,239
R+D,luminal,50,-0.295178051272959,50,0.0,1,239
R+P+D,basal,50,-0.22672144073646613,50,0.0,1,239
R+P+D,her2,50,-0.40009719025460777,50,0.0,3,239
R+P+D,luminal,50,-0.3382142673061614,50,0.02,2,239
MOFA+,basal,50,-0.07330649288426355,50,0.0,0,239
MOFA+,her2,50,-0.5159761307760569,50,0.0,4,239
MOFA+,luminal,50,-0.22472778073296432,50,0.0,1,239
R,basal,50,-0.149598179375806,50,0.0,2,240
R,her2,50,-0.635508395261875,50,0.02,1,240
R,luminal,50,-0.44214723808702083,50,0.0,5,240
R+P,basal,50,-0.17239744965871887,50,0.0,2,240
R+P,her2,50,-0.5998994786062252,50,0.02,1,240
R+P,luminal,50,-0.3072677684030431,50,0.0,4,240
R+D,basal,50,-0.40562211278846066,50,0.0,2,240
R+D,her2,50,-0.5543118954243607,50,0.0,2,240
R+D,luminal,50,-0.46096192016255694,50,0.0,4,240
R+P+D,basal,50,-0.2039811692813198,50,0.0,3,240
R+P+D,her2,50,-0.5523151340406439,50,0.0,2,240
R+P+D,luminal,50,-0.39756004069561557,50,0.0,3,240
MOFA+,basal,50,-0.5624526968256038,50,0.0,1,240
MOFA+,her2,50,-0.40456322390936145,50,0.0,2,240
MOFA+,luminal,50,-0.3952030647717412,50,0.0,5,240
R,basal,50,-0.19370895782206918,50,0.0,2,241
R,her2,50,-0.4100841308863448,50,0.02,1,241
R,luminal,50,-0.4047449849014164,50,0.0,2,241
R+P,basal,50,-0.10992110597163501,50,0.0,4,241
R+P,her2,50,-0.3030708191970449,50,0.0,1,241
R+P,luminal,50,-0.4295814357801499,50,0.02,3,241
R+D,basal,50,-0.30425475099713545,50,0.0,6,241
R+D,her2,50,-0.5301862469272073,50,0.02,2,241
R+D,luminal,50,-0.5083091247050006,50,0.0,5,241
R+P+D,basal,50,-0.23609558246878237,50,0.0,3,241
R+P+D,her2,50,-0.42973907161934377,50,0.02,1,241
R+P+D,luminal,50,-0.468481559437057,50,0.0,2,241
MOFA+,basal,50,-0.28982350086081005,50,0.0,2,241
MOFA+,her2,50,-0.42313238618869314,50,0.02,1,241
MOFA+,luminal,50,-0.32524904615232936,50,0.0,1,241
R,basal,50,-0.23743637972488812,50,0.0,1,242
R,her2,50,-0.5129682790369744,50,0.0,0,242
R,luminal,50,-0.170055815267981,50,0.04,5,242
R+P,basal,50,-0.16040823675770904,50,0.0,0,242
R+P,her2,50,-0.36245953045227014,50,0.0,2,242
R+P,luminal,50,-0.15114792698557364,50,0.0,2,242
R+D,basal,50,-0.4024097022954462,50,0.0,0,242
R+D,her2,50,-0.6668567083474144,50,0.0,0,242
R+D,luminal,50,-0.17369735305963477,50,0.02,6,242
R+P+D,basal,50,-0.2678299258899097,50,0.0,0,242
R+P+D,her2,50,-0.6603208028140679,50,0.0,1,242
R+P+D,luminal,50,-0.16197574391881236,50,0.02,4,242
MOFA+,basal,50,-0.28769486971114927,50,0.0,2,242
MOFA+,her2,50,-0.5067927857540258,50,0.0,2,242
MOFA+,luminal,50,-0.22472778073296432,50,0.0,1,242
R,basal,50,-0.24215205442641474,50,0.0,4,243
R,her2,50,-0.16788080613227543,50,0.0,2,243
R,luminal,50,-0.2530177557671733,50,0.0,0,243
R+P,basal,50,-0.28561675386662666,50,0.0,4,243
R+P,her2,50,-0.15778338150403942,50,0.0,1,243
R+P,luminal,50,-0.2146153930922229,50,0.0,2,243
R+D,basal,50,-0.3484816447116088,50,0.0,3,243
R+D,her2,50,-0.2967488450205419,50,0.02,3,243
R+D,luminal,50,-0.44421743960336846,50,0.0,1,243
R+P+D,basal,50,-0.366862112069132,50,0.0,2,243
R+P+D,her2,50,-0.2335302371766216,50,0.02,0,243
R+P+D,luminal,50,-0.3879621584708895,50,0.0,2,243
MOFA+,basal,50,-0.3212467034974735,50,0.0,1,243
MOFA+,her2,50,-0.3930197206468565,50,0.02,2,243
MOFA+,luminal,50,-0.5336617848574897,50,0.0,2,243
R,basal,50,-0.4583865643927936,50,0.0,4,244
R,her2,50,-0.44572528077893847,50,0.02,2,244
R,luminal,50,-0.2030481545520007,50,0.02,0,244
R+P,basal,50,-0.3346892755867766,50,0.0,2,244
R+P,her2,50,-0.26172242800382944,50,0.02,1,244
R+P,luminal,50,-0.19527253897400976,50,0.04,1,244
R+D,basal,50,-0.6642991794028816,50,0.0,6,244
R+D,her2,50,-0.5116160807198505,50,0.0,3,244
R+D,luminal,50,-0.2429512865205979,50,0.02,2,244
R+P+D,basal,50,-0.41811628205316714,50,0.0,4,244
R+P+D,her2,50,-0.2673537482602329,50,0.0,1,244
R+P+D,luminal,50,-0.2523055713436298,50,0.02,3,244
MOFA+,basal,50,-0.5054582191460999,50,0.0,4,244
MOFA+,her2,50,-0.5067927857540258,50,0.0,2,244
MOFA+,luminal,50,-0.32179389140566017,50,0.0,2,244
R,basal,50,-0.31274373552563417,50,0.0,1,245
R,her2,50,-0.693245673000417,50,0.02,3,245
R,luminal,50,-0.2995514078851988,50,0.02,5,245
R+P,basal,50,-0.287569111968747,50,0.0,1,245
R+P,her2,50,-0.45370396836746535,50,0.02,3,245
R+P,luminal,50,-0.17311611130352997,50,0.0,5,245
R+D,basal,50,-0.40481581649325377,50,0.0,0,245
R+D,her2,50,-0.5374005240897586,50,0.0,1,245
R+D,luminal,50,-0.47017368681958177,50,0.0,3,245
R+P+D,basal,50,-0.540885037722241,50,0.0,1,245
R+P+D,her2,50,-0.5215543490952586,50,0.02,1,245
R+P+D,luminal,50,-0.1946109632363773,50,0.0,1,245
MOFA+,basal,50,-0.5463558416948096,50,0.0,3,245
MOFA+,her2,50,-0.2768959773562112,50,0.02,1,245
MOFA+,luminal,50,-0.014035583308286484,50,0.0,4,245
R,basal,50,-0.6292315607210898,50,0.0,2,246
R,her2,50,-0.25521782291564654,50,0.0,1,246
R,luminal,50,-0.17329211597014665,50,0.0,0,246
R+P,basal,50,-0.7669248108169398,50,0.0,3,246
R+P,her2,50,-0.29543711506398695,50,0.0,5,246
R+P,luminal,50,-0.09932621806164194,50,0.0,1,246
R+D,basal,50,-0.3657645955609765,50,0.0,0,246
R+D,her2,50,-0.4718109186365099,50,0.0,6,246
R+D,luminal,50,-0.3653530359200866,50,0.0,1,246
R+P+D,basal,50,-0.5554599588333402,50,0.0,1,246
R+P+D,her2,50,-0.3957600460134371,50,0.0,5,246
R+P+D,luminal,50,-0.243637919458124,50,0.0,0,246
MOFA+,basal,50,-0.7399409894194376,50,0.0,3,246
MOFA+,her2,50,-0.31448275361111183,50,0.04,2,246
MOFA+,luminal,50,-0.049338171842283035,50,0.0,3,246
R,basal,50,-0.6226311981746391,50,0.0,2,247
R,her2,50,-0.2837581725572692,50,0.02,0,247
R,luminal,50,-0.3242567873121414,50,0.0,1,247
R+P,basal,50,-0.6962340139394391,50,0.0,2,247
R+P,her2,50,-0.29048930337219825,50,0.02,1,247
R+P,luminal,50,-0.2748670847300058,50,0.0,2,247
R+D,basal,50,-0.6893781348465796,50,0.0,6,247
R+D,her2,50,-0.43034249665710644,50,0.0,2,247
R+D,luminal,50,-0.32550236086560924,50,0.0,0,247
R+P+D,basal,50,-0.6581957371833755,50,0.0,6,247
R+P+D,her2,50,-0.43311249617548264,50,0.0,2,247
R+P+D,luminal,50,-0.37222153366706734,50,0.0,1,247
MOFA+,basal,50,-0.5463558416948096,50,0.0,3,247
MOFA+,her2,50,-0.08379133735789089,50,0.0,0,247
MOFA+,luminal,50,-0.27498818356268634,50,0.0,1,247
R,basal,50,-0.1131913705982735,50,0.0,1,248
R,her2,50,-0.4968216476725526,50,0.02,5,248
R,luminal,50,-0.3140000579214273,50,0.0,4,248
R+P,basal,50,-0.17818150515394035,50,0.0,1,248
R+P,her2,50,-0.4942698212265951,50,0.02,2,248
R+P,luminal,50,-0.5599198598458329,50,0.0,6,248
R+D,basal,50,-0.3208268137126207,50,0.0,0,248
R+D,her2,50,-0.525762371570053,50,0.02,4,248
R+D,luminal,50,-0.328109527907827,50,0.0,3,248
R+P+D,basal,50,-0.2782951839292128,50,0.0,1,248
R+P+D,her2,50,-0.5193707838316529,50,0.02,3,248
R+P+D,luminal,50,-0.4496837168460144,50,0.0,2,248
MOFA+,basal,50,-0.053421368184589986,50,0.0,3,248
MOFA+,her2,50,-0.36001283190272754,50,0.0,1,248
MOFA+,luminal,50,-0.4605362947843053,50,0.0,5,248
R,basal,50,-0.18978512964593494,50,0.0,2,249
R,her2,50,-0.45208661626534025,50,0.0,1,249
R,luminal,50,-0.32655618995051,50,0.0,0,249
R+P,basal,50,-0.18425367020578398,50,0.0,2,249
R+P,her2,50,-0.44781519308129025,50,0.0,1,249
R+P,luminal,50,-0.30716585772916,50,0.0,0,249
R+D,basal,50,-0.3070419100553784,50,0.0,1,249
R+D,her2,50,-0.5653077665587501,50,0.0,2,249
R+D,luminal,50,-0.37028043572928127,50,0.0,1,249
R+P+D,basal,50,-0.34280432163609403,50,0.0,5,249
R+P+D,her2,50,-0.46193504619998194,50,0.0,1,249
R+P+D,luminal,50,-0.3300769539967772,50,0.0,0,249
MOFA+,basal,50,-0.27447206105048505,50,0.0,1,249
MOFA+,her2,50,-0.7022956727559374,50,0.0,3,249
MOFA+,luminal,50,-0.32179389140566017,50,0.0,2,249
R,basal,50,-0.3214307036068414,50,0.0,1,250
R,her2,50,-0.489960040004685,50,0.0,1,250
R,luminal,50,-0.31497198199929766,50,0.0,3,250
R+P,basal,50,-0.37755784787738345,50,0.0,3,250
R+P,her2,50,-0.6039139928634005,50,0.0,3,250
R+P,luminal,50,-0.18913632072194994,50,0.0,1,250
R+D,basal,50,-0.44463134104009017,50,0.0,3,250
R+D,her2,50,-0.46434969301898443,50,0.0,3,250
R+D,luminal,50,-0.32273857054605853,50,0.0,2,250
R+P+D,basal,50,-0.5356265406704758,50,0.0,5,250
R+P+D,her2,50,-0.5579980461148188,50,0.0,2,250
R+P+D,luminal,50,-0.22045947420655423,50,0.0,2,250
MOFA+,basal,50,-0.3915193340880218,50,0.0,2,250
MOFA+,her2,50,-0.5491719546595314,50,0.0,3,250
MOFA+,luminal,50,-0.27498818356268634,50,0.0,1,250
R,basal,50,-0.22580384493870878,50,0.0,4,251
R,her2,50,-0.29626943707515396,50,0.0,1,251
R,luminal,50,-0.38611686095098435,50,0.04,1,251
R+P,basal,50,-0.1372211232339771,50,0.0,2,251
R+P,her2,50,-0.24906896484125934,50,0.0,4,251
R+P,luminal,50,-0.4713219496310827,50,0.04,1,251
R+D,basal,50,-0.3725439505763979,50,0.0,2,251
R+D,her2,50,-0.3076589187738837,50,0.0,2,251
R+D,luminal,50,-0.4823661440008552,50,0.02,2,251
R+P+D,basal,50,-0.3194648611854827,50,0.0,2,251
R+P+D,her2,50,-0.26995526909447065,50,0.0,3,251
R+P+D,luminal,50,-0.5936804223943759,50,0.02,1,251
MOFA+,basal,50,-0.40261158750576387,50,0.0,1,251
MOFA+,her2,50,-0.3782726858472879,50,0.0,2,251
MOFA+,luminal,50,-0.5336617848574897,50,0.0,2,251
R,basal,50,-0.2212356828636658,50,0.0,1,252
R,her2,50,-0.2713595962733422,50,0.0,1,252
R,luminal,50,-0.46603281061586316,50,0.0,0,252
R+P,basal,50,-0.09065686890181444,50,0.0,3,252
R+P,her2,50,-0.09846656878978736,50,0.0,0,252
R+P,luminal,50,-0.4737996675616904,50,0.0,2,252
R+D,basal,50,-0.3222187078287073,50,0.0,6,252
R+D,her2,50,-0.6253267602459556,50,0.0,1,252
R+D,luminal,50,-0.48498272744667487,50,0.0,2,252
R+P+D,basal,50,-0.16289866560574734,50,0.0,3,252
R+P+D,her2,50,-0.39635256552319115,50,0.0,1,252
R+P+D,luminal,50,-0.5975532744859049,50,0.0,2,252
MOFA+,basal,50,-0.21929701202341526,50,0.0,1,252
MOFA+,her2,50,-0.08379133735789089,50,0.0,0,252
MOFA+,luminal,50,-0.42447621761666204,50,0.0,2,252
R,basal,50,-0.3544045506810816,50,0.0,3,253
R,her2,50,-0.23440986113095438,50,0.0,1,253
R,luminal,50,-0.4822729200199943,50,0.0,1,253
R+P,basal,50,-0.1256090811061178,50,0.0,0,253
R+P,her2,50,-0.07796576026864445,50,0.02,1,253
R+P,luminal,50,-0.5623846990626911,50,0.0,0,253
R+D,basal,50,-0.3947752751552532,50,0.0,2,253
R+D,her2,50,-0.3640544511469585,50,0.02,1,253
R+D,luminal,50,-0.7333531294782886,50,0.0,1,253
R+P+D,basal,50,-0.31285075091300724,50,0.0,4,253
R+P+D,her2,50,-0.2742727157364358,50,0.02,3,253
R+P+D,luminal,50,-0.6451925133290799,50,0.0,0,253
MOFA+,basal,50,-0.07330649288426355,50,0.0,0,253
MOFA+,her2,50,-0.31448275361111183,50,0.04,2,253
MOFA+,luminal,50,-0.5336617848574897,50,0.0,2,253
R,basal,50,-0.672402182132525,50,0.0,2,254
R,her2,50,-0.2886554799079111,50,0.0,0,254
R,luminal,50,-0.12555429801324253,50,0.0,5,254
R+P,basal,50,-0.5974472900742718,50,0.0,4,254
R+P,her2,50,-0.2837547705761026,50,0.02,1,254
R+P,luminal,50,-0.1062413334758468,50,0.0,3,254
R+D,basal,50,-0.7082422280120468,50,0.0,4,254
R+D,her2,50,-0.4487224102240173,50,0.02,4,254
R+D,luminal,50,-0.25534559107255084,50,0.02,4,254
R+P+D,basal,50,-0.5613388099458968,50,0.0,3,254
R+P+D,her2,50,-0.5820874198470027,50,0.02,3,254
R+P+D,luminal,50,-0.21626253816118374,50,0.02,3,254
MOFA+,basal,50,-0.5463558416948096,50,0.0,3,254
MOFA+,her2,50,-0.7022956727559374,50,0.0,3,254
MOFA+,luminal,50,-0.27498818356268634,50,0.0,1,254
R,basal,50,-0.2096131119987277,50,0.0,0,255
R,her2,50,-0.3769745921527195,50,0.0,4,255
R,luminal,50,-0.2873203216909916,50,0.0,2,255
R+P,basal,50,-0.1947877604681043,50,0.0,2,255
R+P,her2,50,-0.3551558422793385,50,0.0,5,255
R+P,luminal,50,-0.18389116260394497,50,0.0,2,255
R+D,basal,50,-0.3567597825134765,50,0.0,2,255
R+D,her2,50,-0.5020570964010207,50,0.0,4,255
R+D,luminal,50,-0.3701800449869348,50,0.0,0,255
R+P+D,basal,50,-0.26464249405127244,50,0.0,1,255
R+P+D,her2,50,-0.4797000042084801,50,0.0,4,255
R+P+D,luminal,50,-0.4067646625743692,50,0.0,2,255
MOFA+,basal,50,-0.3889951945560759,50,0.0,1,255
MOFA+,her2,50,-0.3930197206468565,50,0.02,2,255
MOFA+,luminal,50,-0.5336617848574897,50,0.0,2,255
R,basal,50,-0.5607339151775926,50,0.0,5,256
R,her2,50,-0.2869590977151815,50,0.02,2,256
R,luminal,50,-0.11943746428695251,50,0.0,2,256
R+P,basal,50,-0.43592980648844887,50,0.0,1,256
R+P,her2,50,-0.3419199267060061,50,0.02,3,256
R+P,luminal,50,-0.24817332091340924,50,0.0,2,256
R+D,basal,50,-0.4498884103966682,50,0.0,2,256
R+D,her2,50,-0.5303962341570092,50,0.0,2,256
R+D,luminal,50,-0.3298909201345292,50,0.0,2,256
R+P+D,basal,50,-0.4148539792655251,50,0.0,1,256
R+P+D,her2,50,-0.4639525733963128,50,0.02,2,256
R+P+D,luminal,50,-0.1948697092276691,50,0.0,2,256
MOFA+,basal,50,-0.3212467034974735,50,0.0,1,256
MOFA+,her2,50,-0.08379133735789089,50,0.0,0,256
MOFA+,luminal,50,-0.32179389140566017,50,0.0,2,256
R,basal,50,-0.2978141311183856,50,0.0,1,257
R,her2,50,-0.24006436301079287,50,0.0,2,257
R,luminal,50,-0.5710570711547792,50,0.0,2,257
R+P,basal,50,-0.2681672010245163,50,0.0,1,257
R+P,her2,50,-0.3110662791887469,50,0.02,0,257
R+P,luminal,50,-0.4079922687425643,50,0.0,3,257
R+D,basal,50,-0.37184189345567503,50,0.0,0,257
R+D,her2,50,-0.2807744085591029,50,0.0,2,257
R+D,luminal,50,-0.6026006329346237,50,0.0,1,257
R+P+D,basal,50,-0.40958300640783785,50,0.0,1,257
R+P+D,her2,50,-0.36001721395046515,50,0.0,1,257
R+P+D,luminal,50,-0.4699561138265439,50,0.0,2,257
MOFA+,basal,50,-0.368276449712905,50,0.02,2,257
MOFA+,her2,50,-0.3930197206468565,50,0.02,2,257
MOFA+,luminal,50,-0.4875302239750314,50,0.0,4,257
R,basal,50,-0.2456439749358641,50,0.0,4,258
R,her2,50,-0.19733997649025783,50,0.0,2,258
R,luminal,50,-0.4865979433275793,50,0.0,1,258
R+P,basal,50,-0.18874446147618493,50,0.0,4,258
R+P,her2,50,-0.13369269969195247,50,0.0,3,258
R+P,luminal,50,-0.2865041566113814,50,0.02,3,258
R+D,basal,50,-0.3930886068540495,50,0.0,1,258
R+D,her2,50,-0.22942939531613665,50,0.0,0,258
R+D,luminal,50,-0.4575039764911501,50,0.02,3,258
R+P+D,basal,50,-0.4048518016258629,50,0.0,2,258
R+P+D,her2,50,-0.20048383937926673,50,0.0,4,258
R+P+D,luminal,50,-0.2909816357111758,50,0.02,2,258
MOFA+,basal,50,-0.5159430532564055,50,0.0,5,258
MOFA+,her2,50,-0.31448275361111183,50,0.04,2,258
MOFA+,luminal,50,-0.22472778073296432,50,0.0,1,258
R,basal,50,-0.6291830852006907,50,0.0,3,259
R,her2,50,-0.21994298401929313,50,0.0,1,259
R,luminal,50,-0.2745148855791284,50,0.0,3,259
R+P,basal,50,-0.4341694159248679,50,0.0,1,259
R+P,her2,50,-0.16941729184526438,50,0.0,1,259
R+P,luminal,50,-0.21871807350277536,50,0.0,1,259
R+D,basal,50,-0.6555828166352948,50,0.0,4,259
R+D,her2,50,-0.3989598238403599,50,0.0,1,259
R+D,luminal,50,-0.3235160713926901,50,0.0,3,259
R+P+D,basal,50,-0.5068730812075176,50,0.0,3,259
R+P+D,her2,50,-0.3399758272975502,50,0.0,1,259
R+P+D,luminal,50,-0.20159470369485608,50,0.0,1,259
MOFA+,basal,50,-0.5054582191460999,50,0.0,4,259
MOFA+,her2,50,-0.3120793521641551,50,0.0,1,259
MOFA+,luminal,50,-0.32179389140566017,50,0.0,2,259
R,basal,50,-0.2917742304732872,50,0.0,0,260
R,her2,50,-0.3209823827534501,50,0.0,1,260
R,luminal,50,-0.3701948587156128,50,0.0,3,260
R+P,basal,50,-0.25709097847586154,50,0.0,2,260
R+P,her2,50,-0.17056458962820428,50,0.0,0,260
R+P,luminal,50,-0.30843651675124617,50,0.0,4,260
R+D,basal,50,-0.5327745089551235,50,0.0,2,260
R+D,her2,50,-0.4103872161993946,50,0.0,3,260
R+D,luminal,50,-0.4348530486222946,50,0.0,2,260
R+P+D,basal,50,-0.40485716307957537,50,0.0,2,260
R+P+D,her2,50,-0.329691388546782,50,0.02,3,260
R+P+D,luminal,50,-0.4357759469269448,50,0.0,3,260
MOFA+,basal,50,-0.053421368184589986,50,0.0,3,260
MOFA+,her2,50,-0.31448275361111183,50,0.04,2,260
MOFA+,luminal,50,-0.4605362947843053,50,0.0,5,260
R,basal,50,-0.2137983995887969,50,0.0,2,261
R,her2,50,-0.31624122012570066,50,0.0,0,261
R,luminal,50,-0.6756926135570422,50,0.0,3,261
R+P,basal,50,-0.10718900076239966,50,0.0,2,261
R+P,her2,50,-0.3895651176690936,50,0.0,1,261
R+P,luminal,50,-0.6595949467512277,50,0.0,3,261
R+D,basal,50,-0.4810069970328151,50,0.0,2,261
R+D,her2,50,-0.38123601137384455,50,0.02,0,261
R+D,luminal,50,-0.6002971340146847,50,0.0,4,261
R+P+D,basal,50,-0.37643191774862617,50,0.0,1,261
R+P+D,her2,50,-0.4449616487558867,50,0.0,1,261
R+P+D,luminal,50,-0.5702741471842372,50,0.0,7,261
MOFA+,basal,50,-0.39079658001654743,50,0.0,5,261
MOFA+,her2,50,-0.31448275361111183,50,0.04,2,261
MOFA+,luminal,50,-0.4336475234046903,50,0.0,2,261
R,basal,50,-0.5369895394771482,50,0.0,3,262
R,her2,50,-0.1608519679900603,50,0.0,2,262
R,luminal,50,-0.3233356872161178,50,0.0,4,262
R+P,basal,50,-0.39003170551068445,50,0.0,1,262
R+P,her2,50,-0.1977454825220189,50,0.02,3,262
R+P,luminal,50,-0.32059573517797973,50,0.0,4,262
R+D,basal,50,-0.4880466047144335,50,0.0,2,262
R+D,her2,50,-0.3191445378201704,50,0.0,1,262
R+D,luminal,50,-0.5017153538476007,50,0.0,1,262
R+P+D,basal,50,-0.5755191313906465,50,0.0,1,262
R+P+D,her2,50,-0.2901823214742508,50,0.0,1,262
R+P+D,luminal,50,-0.4093973882946296,50,0.0,4,262
MOFA+,basal,50,-0.5463558416948096,50,0.0,3,262
MOFA+,her2,50,-0.31448275361111183,50,0.04,2,262
MOFA+,luminal,50,-0.27498818356268634,50,0.0,1,262
R,basal,50,-0.0890607869903794,50,0.0,2,263
R,her2,50,-0.3654498729472194,50,0.0,1,263
R,luminal,50,-0.5754495509371504,50,0.0,3,263
R+P,basal,50,-0.11860091036296773,50,0.0,1,263
R+P,her2,50,-0.41085272898517144,50,0.0,3,263
R+P,luminal,50,-0.45744622785191064,50,0.0,5,263
R+D,basal,50,-0.3294618114645214,50,0.0,2,263
R+D,her2,50,-0.44983839063996245,50,0.0,1,263
R+D,luminal,50,-0.5362643931033735,50,0.02,4,263
R+P+D,basal,50,-0.2348990604934957,50,0.0,1,263
R+P+D,her2,50,-0.47395036749495817,50,0.0,1,263
R+P+D,luminal,50,-0.4442541599328951,50,0.02,4,263
MOFA+,basal,50,-0.5159430532564055,50,0.0,5,263
MOFA+,her2,50,-0.4928444076680832,50,0.0,5,263
MOFA+,luminal,50,-0.38706270944304655,50,0.0,1,263
R,basal,50,-0.23230913843450682,50,0.0,1,264
R,her2,50,-0.416787956852206,50,0.0,5,264
R,luminal,50,-0.43557958391293106,50,0.0,3,264
R+P,basal,50,-0.2323543907709148,50,0.0,3,264
R+P,her2,50,-0.44567163167050183,50,0.0,1,264
R+P,luminal,50,-0.7000799124897386,50,0.0,5,264
R+D,basal,50,-0.42107104333817086,50,0.0,2,264
R+D,her2,50,-0.5987617923191821,50,0.0,4,264
R+D,luminal,50,-0.5877462620406008,50,0.0,7,264
R+P+D,basal,50,-0.3009805094670776,50,0.0,2,264
R+P+D,her2,50,-0.5794435096442975,50,0.02,2,264
R+P+D,luminal,50,-0.6739342432366097,50,0.0,3,264
MOFA+,basal,50,-0.28982350086081005,50,0.0,2,264
MOFA+,her2,50,-0.3120793521641551,50,0.0,1,264
MOFA+,luminal,50,-0.27498818356268634,50,0.0,1,264
R,basal,50,-0.3377683432127641,50,0.0,0,265
R,her2,50,-0.3254868184721434,50,0.0,0,265
R,luminal,50,-0.32994924201577824,50,0.0,0,265
R+P,basal,50,-0.4150321523044484,50,0.0,2,265
R+P,her2,50,-0.11958455086442099,50,0.0,1,265
R+P,luminal,50,-0.22452266796672465,50,0.0,2,265
R+D,basal,50,-0.4488900733678636,50,0.0,3,265
R+D,her2,50,-0.4926021993937162,50,0.0,1,265
R+D,luminal,50,-0.303007018923442,50,0.0,1,265
R+P+D,basal,50,-0.5219585993631244,50,0.0,1,265
R+P+D,her2,50,-0.22652576117126022,50,0.0,1,265
R+P+D,luminal,50,-0.2593260239043007,50,0.0,1,265
MOFA+,basal,50,-0.3889951945560759,50,0.0,1,265
MOFA+,her2,50,-0.5491719546595314,50,0.0,3,265
MOFA+,luminal,50,-0.22472778073296432,50,0.0,1,265
R,basal,50,-0.381768528462402,50,0.0,3,266
R,her2,50,-0.38947996939228674,50,0.0,1,266
R,luminal,50,-0.2831237531929746,50,0.0,2,266
R+P,basal,50,-0.4308971975280552,50,0.0,0,266
R+P,her2,50,-0.21299125366453428,50,0.0,2,266
R+P,luminal,50,-0.33352587637430914,50,0.0,3,266
R+D,basal,50,-0.3907203265725539,50,0.0,3,266
R+D,her2,50,-0.37710470640156474,50,0.0,1,266
R+D,luminal,50,-0.3817589503998848,50,0.0,1,266
R+P+D,basal,50,-0.340446768555,50,0.0,1,266
R+P+D,her2,50,-0.37633652661086864,50,0.0,2,266
R+P+D,luminal,50,-0.3761883606821704,50,0.0,3,266
MOFA+,basal,50,-0.4181651333139253,50,0.0,2,266
MOFA+,her2,50,-0.31448275361111183,50,0.04,2,266
MOFA+,luminal,50,-0.38706270944304655,50,0.0,1,266
R,basal,50,-0.5747307924725894,50,0.0,3,267
R,her2,50,-0.2989583546868831,50,0.0,2,267
R,luminal,50,-0.24940922835792115,50,0.0,4,267
R+P,basal,50,-0.3671689541934362,50,0.0,1,267
R+P,her2,50,-0.26000839752481253,50,0.0,1,267
R+P,luminal,50,-0.11208120548014314,50,0.0,1,267
R+D,basal,50,-0.6540355773903813,50,0.0,4,267
R+D,her2,50,-0.3746803167990245,50,0.0,3,267
R+D,luminal,50,-0.5120777646608403,50,0.0,3,267
R+P+D,basal,50,-0.4018393140911041,50,0.0,2,267
R+P+D,her2,50,-0.3144629464257168,50,0.0,3,267
R+P+D,luminal,50,-0.3761282465039357,50,0.0,3,267
MOFA+,basal,50,-0.21929701202341526,50,0.0,1,267
MOFA+,her2,50,-0.3782726858472879,50,0.0,2,267
MOFA+,luminal,50,-0.08707907674069461,50,0.0,0,267
R,basal,50,-0.36835428495694617,50,0.0,0,268
R,her2,50,-0.25059784291028714,50,0.0,5,268
R,luminal,50,-0.3202565702428579,50,0.0,5,268
R+P,basal,50,-0.19645775036384297,50,0.0,1,268
R+P,her2,50,-0.24414467309555468,50,0.0,1,268
R+P,luminal,50,-0.1659776322820965,50,0.0,2,268
R+D,basal,50,-0.5269325996461984,50,0.0,2,268
R+D,her2,50,-0.40767284478937554,50,0.0,5,268
R+D,luminal,50,-0.47856375221248953,50,0.02,4,268
R+P+D,basal,50,-0.33405112341208854,50,0.0,2,268
R+P+D,her2,50,-0.41722000924289737,50,0.0,1,268
R+P+D,luminal,50,-0.45154780636994896,50,0.0,5,268
MOFA+,basal,50,-0.28982350086081005,50,0.0,2,268
MOFA+,her2,50,-0.3782726858472879,50,0.0,2,268
MOFA+,luminal,50,-0.5834359116792033,50,0.0,1,268
R,basal,50,-0.3093679000287176,50,0.0,2,269
R,her2,50,-0.46840747986092546,50,0.0,5,269
R,luminal,50,-0.4827930387677762,50,0.0,1,269
R+P,basal,50,-0.24389643982009285,50,0.0,2,269
R+P,her2,50,-0.211001102030851,50,0.0,1,269
R+P,luminal,50,-0.31715470923700156,50,0.0,1,269
R+D,basal,50,-0.422003956530847,50,0.0,5,269
R+D,her2,50,-0.6804737049025094,50,0.02,4,269
R+D,luminal,50,-0.500905655246607,50,0.0,1,269
R+P+D,basal,50,-0.3817236592753461,50,0.0,4,269
R+P+D,her2,50,-0.38668368384673807,50,0.02,1,269
R+P+D,luminal,50,-0.35725871860008196,50,0.0,0,269
MOFA+,basal,50,-0.39079658001654743,50,0.0,5,269
MOFA+,her2,50,-0.3120793521641551,50,0.0,1,269
MOFA+,luminal,50,-0.42447621761666204,50,0.0,2,269
R,basal,50,-0.4364526631900001,50,0.0,0,270
R,her2,50,-0.14267337007732153,50,0.04,4,270
R,luminal,50,-0.671880361302706,50,0.0,3,270
R+P,basal,50,-0.4591646050294287,50,0.0,1,270
R+P,her2,50,-0.09871784435198969,50,0.0,3,270
R+P,luminal,50,-0.33380927826011586,50,0.0,1,270
R+D,basal,50,-0.4988448892006456,50,0.0,2,270
R+D,her2,50,-0.37619241949810767,50,0.04,7,270
R+D,luminal,50,-0.7238400233865586,50,0.0,4,270
R+P+D,basal,50,-0.56386729032086,50,0.0,0,270
R+P+D,her2,50,-0.37318868713610875,50,0.02,4,270
R+P+D,luminal,50,-0.4351295852523137,50,0.0,1,270
MOFA+,basal,50,-0.28982350086081005,50,0.0,2,270
MOFA+,her2,50,-0.30258820694702326,50,0.02,2,270
MOFA+,luminal,50,-0.32524904615232936,50,0.0,1,270
R,basal,50,-0.26872884572766453,50,0.0,1,271
R,her2,50,-0.3817136196941259,50,0.02,3,271
R,luminal,50,-0.34397539793141824,50,0.0,2,271
R+P,basal,50,-0.1953094115378502,50,0.0,1,271
R+P,her2,50,-0.4274663989077638,50,0.02,6,271
R+P,luminal,50,-0.23632453512789695,50,0.0,1,271
R+D,basal,50,-0.3668148445784083,50,0.0,1,271
R+D,her2,50,-0.44015431561649343,50,0.0,3,271
R+D,luminal,50,-0.32634221638756744,50,0.02,1,271
R+P+D,basal,50,-0.25775597504302705,50,0.0,0,271
R+P+D,her2,50,-0.3953588119249811,50,0.02,4,271
R+P+D,luminal,50,-0.3052299869513927,50,0.02,2,271
MOFA+,basal,50,-0.3889951945560759,50,0.0,1,271
MOFA+,her2,50,-0.42313238618869314,50,0.02,1,271
MOFA+,luminal,50,-0.4605362947843053,50,0.0,5,271
R,basal,50,-0.16381201638476436,50,0.0,1,272
R,her2,50,-0.3140201899262111,50,0.0,3,272
R,luminal,50,-0.2436006871027621,50,0.0,0,272
R+P,basal,50,-0.1989643025857393,50,0.0,2,272
R+P,her2,50,-0.3286912896760288,50,0.0,2,272
R+P,luminal,50,-0.1244682288342096,50,0.0,1,272
R+D,basal,50,-0.34411737640038614,50,0.0,2,272
R+D,her2,50,-0.37298265113927137,50,0.0,4,272
R+D,luminal,50,-0.37669507877126734,50,0.0,2,272
R+P+D,basal,50,-0.29110877032975097,50,0.0,0,272
R+P+D,her2,50,-0.34134013091348514,50,0.0,1,272
R+P+D,luminal,50,-0.2215863016502302,50,0.0,1,272
MOFA+,basal,50,-0.368276449712905,50,0.02,2,272
MOFA+,her2,50,-0.5652605157510739,50,0.0,1,272
MOFA+,luminal,50,-0.4875302239750314,50,0.0,4,272
R,basal,50,-0.3671938417939623,50,0.0,1,273
R,her2,50,-0.13778258538880953,50,0.0,1,273
R,luminal,50,-0.20652756643305295,50,0.02,0,273
R+P,basal,50,-0.610410339230789,50,0.0,2,273
R+P,her2,50,-0.11773603883022232,50,0.0,2,273
R+P,luminal,50,-0.1580133681824247,50,0.0,0,273
R+D,basal,50,-0.4188999051937488,50,0.0,2,273
R+D,her2,50,-0.41598390461756424,50,0.0,2,273
R+D,luminal,50,-0.2651720926524492,50,0.02,0,273
R+P+D,basal,50,-0.46411697554828335,50,0.0,2,273
R+P+D,her2,50,-0.33017687705361104,50,0.02,1,273
R+P+D,luminal,50,-0.2667303669882125,50,0.0,2,273
MOFA+,basal,50,-0.7399409894194376,50,0.0,3,273
MOFA+,her2,50,-0.01313290143070867,50,0.0,4,273
MOFA+,luminal,50,-0.049338171842283035,50,0.0,3,273
R,basal,50,-0.3092597528380907,50,0.0,0,274
R,her2,50,-0.31673481866968317,50,0.0,1,274
R,luminal,50,-0.28618274376151637,50,0.0,0,274
R+P,basal,50,-0.5080179695094127,50,0.0,1,274
R+P,her2,50,-0.24773952098784985,50,0.02,2,274
R+P,luminal,50,-0.1543209202048886,50,0.0,2,274
R+D,basal,50,-0.44022612989243937,50,0.0,1,274
R+D,her2,50,-0.34059125333615164,50,0.0,1,274
R+D,luminal,50,-0.2612112155806842,50,0.0,2,274
R+P+D,basal,50,-0.6002080121185103,50,0.0,0,274
R+P+D,her2,50,-0.3181382832139144,50,0.02,2,274
R+P+D,luminal,50,-0.26411911643049657,50,0.02,2,274
MOFA+,basal,50,-0.3915193340880218,50,0.0,2,274
MOFA+,her2,50,-0.36001283190272754,50,0.0,1,274
MOFA+,luminal,50,-0.4875302239750314,50,0.0,4,274
R,basal,50,-0.2965507411912069,50,0.0,2,275
R,her2,50,-0.43194380351552125,50,0.0,2,275
R,luminal,50,-0.4346151408853295,50,0.0,3,275
R+P,basal,50,-0.28447815116335584,50,0.0,0,275
R+P,her2,50,-0.29384514685744656,50,0.0,3,275
R+P,luminal,50,-0.2953068993389485,50,0.0,2,275
R+D,basal,50,-0.43156059523064494,50,0.0,5,275
R+D,her2,50,-0.5428445951927808,50,0.02,4,275
R+D,luminal,50,-0.4186683667909761,50,0.02,3,275
R+P+D,basal,50,-0.3548760359968336,50,0.0,1,275
R+P+D,her2,50,-0.3835437144847307,50,0.0,1,275
R+P+D,luminal,50,-0.32045071423538085,50,0.02,2,275
MOFA+,basal,50,-0.07330649288426355,50,0.0,0,275
MOFA+,her2,50,-0.7022956727559374,50,0.0,3,275
MOFA+,luminal,50,-0.22472778073296432,50,0.0,1,275
R,basal,50,-0.24951975682782185,50,0.0,1,276
R,her2,50,-0.14980303544715856,50,0.0,1,276
R,luminal,50,-0.2797895737916397,50,0.02,2,276
R+P,basal,50,-0.23080912337536952,50,0.0,2,276
R+P,her2,50,-0.11221374738879852,50,0.0,0,276
R+P,luminal,50,-0.30892472591556497,50,0.0,3,276
R+D,basal,50,-0.42301328300725366,50,0.0,2,276
R+D,her2,50,-0.39156068765975666,50,0.02,1,276
R+D,luminal,50,-0.47795035358317634,50,0.0,2,276
R+P+D,basal,50,-0.3959476680942198,50,0.0,3,276
R+P+D,her2,50,-0.1165922321579186,50,0.02,1,276
R+P+D,luminal,50,-0.44467782229345737,50,0.02,3,276
MOFA+,basal,50,-0.5463558416948096,50,0.0,3,276
MOFA+,her2,50,-0.31448275361111183,50,0.04,2,276
MOFA+,luminal,50,-0.27498818356268634,50,0.0,1,276
R,basal,50,-0.4391738991312495,50,0.0,2,277
R,her2,50,-0.3963939264320019,50,0.0,4,277
R,luminal,50,-0.37134025531947373,50,0.0,2,277
R+P,basal,50,-0.2782385596141893,50,0.0,1,277
R+P,her2,50,-0.3470319383818819,50,0.0,0,277
R+P,luminal,50,-0.3775012314476091,50,0.0,5,277
R+D,basal,50,-0.3755959262331463,50,0.0,3,277
R+D,her2,50,-0.36506661721597927,50,0.0,4,277
R+D,luminal,50,-0.3300851537046566,50,0.0,1,277
R+P+D,basal,50,-0.4220038481303427,50,0.0,4,277
R+P+D,her2,50,-0.3136508231247903,50,0.0,1,277
R+P+D,luminal,50,-0.3468259568147052,50,0.0,3,277
MOFA+,basal,50,-0.28982350086081005,50,0.0,2,277
MOFA+,her2,50,-0.5067927857540258,50,0.0,2,277
MOFA+,luminal,50,-0.5834359116792033,50,0.0,1,277
R,basal,50,-0.1759217850020554,50,0.0,1,278
R,her2,50,-0.20099517474728096,50,0.0,3,278
R,luminal,50,-0.4345182936996956,50,0.04,1,278
R+P,basal,50,-0.15904310973440494,50,0.0,1,278
R+P,her2,50,-0.4093488682717607,50,0.0,4,278
R+P,luminal,50,-0.46497816639762496,50,0.04,1,278
R+D,basal,50,-0.2868588405797972,50,0.0,1,278
R+D,her2,50,-0.2943724967345654,50,0.0,5,278
R+D,luminal,50,-0.6060763227201362,50,0.02,1,278
R+P+D,basal,50,-0.2909012054661377,50,0.0,0,278
R+P+D,her2,50,-0.4024744742224874,50,0.02,6,278
R+P+D,luminal,50,-0.6169134558806524,50,0.02,2,278
MOFA+,basal,50,-0.07330649288426355,50,0.0,0,278
MOFA+,her2,50,-0.21672749174668915,50,0.0,1,278
MOFA+,luminal,50,-0.7166178630053172,50,0.0,3,278
R,basal,50,-0.4958864969228001,50,0.0,3,279
R,her2,50,-0.38516682556402265,50,0.0,1,279
R,luminal,50,-0.12646541869478914,50,0.0,0,279
R+P,basal,50,-0.7574230139396799,50,0.0,4,279
R+P,her2,50,-0.15790686788342406,50,0.0,4,279
R+P,luminal,50,-0.16153230556492965,50,0.0,1,279
R+D,basal,50,-0.5093703823239858,50,0.0,2,279
R+D,her2,50,-0.32706844919913164,50,0.0,3,279
R+D,luminal,50,-0.1820252487466073,50,0.0,0,279
R+P+D,basal,50,-0.4924050612633154,50,0.0,2,279
R+P+D,her2,50,-0.3748177351552739,50,0.02,2,279
R+P+D,luminal,50,-0.20169054390851293,50,0.02,0,279
MOFA+,basal,50,-0.7399409894194376,50,0.0,3,279
MOFA+,her2,50,-0.3120793521641551,50,0.0,1,279
MOFA+,luminal,50,-0.049338171842283035,50,0.0,3,279
R,basal,50,-0.3737732968281477,50,0.0,3,280
R,her2,50,-0.24712229730945992,50,0.0,0,280
R,luminal,50,-0.14569084523949433,50,0.0,1,280
R+P,basal,50,-0.37064383162798464,50,0.0,2,280
R+P,her2,50,-0.07880904590273378,50,0.0,1,280
R+P,luminal,50,-0.1887755909669803,50,0.0,1,280
R+D,basal,50,-0.35890086241366825,50,0.0,2,280
R+D,her2,50,-0.45678686225031806,50,0.0,1,280
R+D,luminal,50,-0.3512927305056424,50,0.02,1,280
R+P+D,basal,50,-0.3779541885151677,50,0.0,3,280
R+P+D,her2,50,-0.32353202788336083,50,0.0,2,280
R+P+D,luminal,50,-0.30089667548266374,50,0.0,1,280
MOFA+,basal,50,-0.27447206105048505,50,0.0,1,280
MOFA+,her2,50,-0.04592504717146089,50,0.0,3,280
MOFA+,luminal,50,-0.5614016197427435,50,0.0,3,280
R,basal,50,-0.41383363946322016,50,0.0,5,281
R,her2,50,-0.30560034175046424,50,0.0,1,281
R,luminal,50,-0.2578239630225181,50,0.0,1,281
R+P,basal,50,-0.24967107638956468,50,0.0,4,281
R+P,her2,50,-0.19876122369875954,50,0.0,0,281
R+P,luminal,50,-0.293261703204628,50,0.04,0,281
R+D,basal,50,-0.5396500371874642,50,0.0,6,281
R+D,her2,50,-0.5301336333147573,50,0.0,2,281
R+D,luminal,50,-0.421314512153778,50,0.0,2,281
R+P+D,basal,50,-0.4026341133437073,50,0.0,6,281
R+P+D,her2,50,-0.3486333723005741,50,0.0,0,281
R+P+D,luminal,50,-0.43132712074756846,50,0.02,0,281
MOFA+,basal,50,-0.39079658001654743,50,0.0,5,281
MOFA+,her2,50,-0.5491719546595314,50,0.0,3,281
MOFA+,luminal,50,-0.4336475234046903,50,0.0,2,281
R,basal,50,-0.2037419031056796,50,0.0,2,282
R,her2,50,-0.5630588141365755,50,0.0,7,282
R,luminal,50,-0.2246478023721873,50,0.0,0,282
R+P,basal,50,-0.320503781575256,50,0.0,2,282
R+P,her2,50,-0.8301290478789874,50,0.0,6,282
R+P,luminal,50,-0.2656682626418734,50,0.0,1,282
R+D,basal,50,-0.30459546419785677,50,0.0,2,282
R+D,her2,50,-0.75091251937363,50,0.02,10,282
R+D,luminal,50,-0.3118602748498764,50,0.0,0,282
R+P+D,basal,50,-0.37405732470197883,50,0.0,1,282
R+P+D,her2,50,-0.4499972126689303,50,0.0,3,282
R+P+D,luminal,50,-0.21388283277475598,50,0.0,1,282
MOFA+,basal,50,-0.40261158750576387,50,0.0,1,282
MOFA+,her2,50,-0.36001283190272754,50,0.0,1,282
MOFA+,luminal,50,-0.27498818356268634,50,0.0,1,282
R,basal,50,-0.30608503602882164,50,0.0,1,283
R,her2,50,-0.19803933681722416,50,0.0,1,283
R,luminal,50,-0.574119762220971,50,0.02,7,283
R+P,basal,50,-0.17117119397515418,50,0.0,0,283
R+P,her2,50,-0.1517090503237199,50,0.02,1,283
R+P,luminal,50,-0.6896651070154595,50,0.0,4,283
R+D,basal,50,-0.4016104425846614,50,0.0,0,283
R+D,her2,50,-0.26875264209366617,50,0.02,1,283
R+D,luminal,50,-0.536479863823008,50,0.02,4,283
R+P+D,basal,50,-0.23830833509528715,50,0.0,1,283
R+P+D,her2,50,-0.23730421089922918,50,0.02,1,283
R+P+D,luminal,50,-0.5819280843213892,50,0.02,3,283
MOFA+,basal,50,-0.053421368184589986,50,0.0,3,283
MOFA+,her2,50,-0.31448275361111183,50,0.04,2,283
MOFA+,luminal,50,-0.33866773742407064,50,0.0,2,283
R,basal,50,-0.2155442188067,50,0.0,0,284
R,her2,50,-0.25530752527332146,50,0.0,2,284
R,luminal,50,-0.41436265843959047,50,0.02,1,284
R+P,basal,50,-0.20558141355059278,50,0.0,0,284
R+P,her2,50,-0.35385678085575234,50,0.02,2,284
R+P,luminal,50,-0.3983952456474666,50,0.0,3,284
R+D,basal,50,-0.28289263385549007,50,0.0,2,284
R+D,her2,50,-0.4051765354955951,50,0.02,3,284
R+D,luminal,50,-0.39969510801111174,50,0.02,3,284
R+P+D,basal,50,-0.3020302788293527,50,0.0,0,284
R+P+D,her2,50,-0.48349481841897474,50,0.02,3,284
R+P+D,luminal,50,-0.4377302036842027,50,0.02,5,284
MOFA+,basal,50,-0.5159430532564055,50,0.0,5,284
MOFA+,her2,50,-0.30258820694702326,50,0.02,2,284
MOFA+,luminal,50,-0.38706270944304655,50,0.0,1,284
R,basal,50,-0.4544713198075174,50,0.0,5,285
R,her2,50,-0.6358932875218517,50,0.0,1,285
R,luminal,50,-0.12088324947462517,50,0.0,2,285
R+P,basal,50,-0.32206421147915276,50,0.0,1,285
R+P,her2,50,-0.3701038878681819,50,0.0,1,285
R+P,luminal,50,-0.14925353108498182,50,0.0,1,285
R+D,basal,50,-0.37886726007032906,50,0.0,2,285
R+D,her2,50,-0.7505320241150203,50,0.0,1,285
R+D,luminal,50,-0.2866247694037322,50,0.02,1,285
R+P+D,basal,50,-0.38984561429061126,50,0.0,1,285
R+P+D,her2,50,-0.40639663382907193,50,0.02,2,285
R+P+D,luminal,50,-0.25950557488508524,50,0.0,1,285
MOFA+,basal,50,-0.5463558416948096,50,0.0,3,285
MOFA+,her2,50,-0.30258820694702326,50,0.02,2,285
MOFA+,luminal,50,-0.014035583308286484,50,0.0,4,285
R,basal,50,-0.19591821350041733,50,0.0,2,286
R,her2,50,-0.10927097203912244,50,0.02,5,286
R,luminal,50,-0.3783570529106177,50,0.0,4,286
R+P,basal,50,-0.09337518508984582,50,0.0,0,286
R+P,her2,50,-0.23887956730246668,50,0.02,6,286
R+P,luminal,50,-0.2321092244461012,50,0.0,0,286
R+D,basal,50,-0.5063212002358107,50,0.0,5,286
R+D,her2,50,-0.30138633984019025,50,0.02,7,286
R+D,luminal,50,-0.4424680140260622,50,0.0,2,286
R+P+D,basal,50,-0.34234050922449505,50,0.0,2,286
R+P+D,her2,50,-0.28329503510741094,50,0.02,7,286
R+P+D,luminal,50,-0.323385781635384,50,0.0,1,286
MOFA+,basal,50,-0.07330649288426355,50,0.0,0,286
MOFA+,her2,50,-0.39835941672586217,50,0.02,5,286
MOFA+,luminal,50,-0.4336475234046903,50,0.0,2,286
R,basal,50,-0.45437650789693296,50,0.0,0,287
R,her2,50,-0.47591352177691504,50,0.0,4,287
R,luminal,50,-0.20454635228993304,50,0.0,2,287
R+P,basal,50,-0.6064366380948161,50,0.0,2,287
R+P,her2,50,-0.3486258424049938,50,0.0,2,287
R+P,luminal,50,-0.19824179478233905,50,0.0,0,287
R+D,basal,50,-0.580373522806973,50,0.0,2,287
R+D,her2,50,-0.38405460086222737,50,0.02,3,287
R+D,luminal,50,-0.4239333999507221,50,0.0,1,287
R+P+D,basal,50,-0.6608616060203459,50,0.0,3,287
R+P+D,her2,50,-0.3832418384220794,50,0.02,3,287
R+P+D,luminal,50,-0.4064411165562705,50,0.0,1,287
MOFA+,basal,50,-0.27447206105048505,50,0.0,1,287
MOFA+,her2,50,-0.5159761307760569,50,0.0,4,287
MOFA+,luminal,50,-0.22472778073296432,50,0.0,1,287
R,basal,50,-0.13614946838198302,50,0.0,2,288
R,her2,50,-0.4777674819389754,50,0.0,1,288
R,luminal,50,-0.2825472199945694,50,0.0,3,288
R+P,basal,50,-0.062185740308060344,50,0.0,2,288
R+P,her2,50,-0.30770623137636527,50,0.0,0,288
R+P,luminal,50,-0.6358432505547265,50,0.0,2,288
R+D,basal,50,-0.3096081865031677,50,0.0,1,288
R+D,her2,50,-0.5127310276759468,50,0.0,2,288
R+D,luminal,50,-0.3848439371162647,50,0.0,2,288
R+P+D,basal,50,-0.19378803233751757,50,0.0,1,288
R+P+D,her2,50,-0.37485030731547075,50,0.0,1,288
R+P+D,luminal,50,-0.7250388142470351,50,0.0,5,288
MOFA+,basal,50,-0.053421368184589986,50,0.0,3,288
MOFA+,her2,50,-0.5159761307760569,50,0.0,4,288
MOFA+,luminal,50,-0.33866773742407064,50,0.0,2,288
R,basal,50,-0.33500069024153434,50,0.0,3,289
R,her2,50,-0.17326652685316588,50,0.0,2,289
R,luminal,50,-0.31443917575487457,50,0.0,2,289
R+P,basal,50,-0.41745414874752074,50,0.0,0,289
R+P,her2,50,-0.12627385669307897,50,0.0,1,289
R+P,luminal,50,-0.20559983094272474,50,0.0,2,289
R+D,basal,50,-0.6769209227468758,50,0.0,2,289
R+D,her2,50,-0.42574639409332937,50,0.04,2,289
R+D,luminal,50,-0.4362812601277865,50,0.0,0,289
R+P+D,basal,50,-0.5936131437785077,50,0.0,0,289
R+P+D,her2,50,-0.37084678053914116,50,0.04,3,289
R+P+D,luminal,50,-0.35921470100529385,50,0.0,1,289
MOFA+,basal,50,-0.40261158750576387,50,0.0,1,289
MOFA+,her2,50,-0.31448275361111183,50,0.04,2,289
MOFA+,luminal,50,-0.08707907674069461,50,0.0,0,289
R,basal,50,-0.3340301026973097,50,0.0,2,290
R,her2,50,-0.17950048129202717,50,0.0,1,290
R,luminal,50,-0.43812549799574035,50,0.02,5,290
R+P,basal,50,-0.20118210591328267,50,0.0,3,290
R+P,her2,50,-0.13652938329704326,50,0.0,1,290
R+P,luminal,50,-0.5087840880750559,50,0.0,9,290
R+D,basal,50,-0.31261193840264573,50,0.0,1,290
R+D,her2,50,-0.40420198687998093,50,0.0,2,290
R+D,luminal,50,-0.4178864015668912,50,0.02,4,290
R+P+D,basal,50,-0.2904117155763386,50,0.0,2,290
R+P+D,her2,50,-0.2567293837793381,50,0.0,0,290
R+P+D,luminal,50,-0.5403593777688538,50,0.0,8,290
MOFA+,basal,50,-0.3915193340880218,50,0.0,2,290
MOFA+,her2,50,-0.36001283190272754,50,0.0,1,290
MOFA+,luminal,50,-0.4605362947843053,50,0.0,5,290
R,basal,50,-0.6208310653717091,50,0.0,4,291
R,her2,50,-0.105219190220003,50,0.0,1,291
R,luminal,50,-0.11734347363023473,50,0.0,3,291
R+P,basal,50,-0.7232576073123834,50,0.0,6,291
R+P,her2,50,-0.15362556580868345,50,0.0,1,291
R+P,luminal,50,-0.1320846633693393,50,0.0,3,291
R+D,basal,50,-0.5730009488342186,50,0.0,1,291
R+D,her2,50,-0.3536470746666383,50,0.0,3,291
R+D,luminal,50,-0.28742031561958775,50,0.04,3,291
R+P+D,basal,50,-0.5380039090342382,50,0.0,3,291
R+P+D,her2,50,-0.2151886994079671,50,0.0,2,291
R+P+D,luminal,50,-0.30194923065239787,50,0.02,2,291
MOFA+,basal,50,-0.7399409894194376,50,0.0,3,291
MOFA+,her2,50,-0.08379133735789089,50,0.0,0,291
MOFA+,luminal,50,-0.3952030647717412,50,0.0,5,291
R,basal,50,-0.5230325252549634,50,0.0,3,292
R,her2,50,-0.348098746220248,50,0.0,2,292
R,luminal,50,-0.40344897316476036,50,0.0,0,292
R+P,basal,50,-0.337439943121119,50,0.0,3,292
R+P,her2,50,-0.1557852362043456,50,0.0,0,292
R+P,luminal,50,-0.4150964321317089,50,0.0,1,292
R+D,basal,50,-0.4095468945051066,50,0.0,1,292
R+D,her2,50,-0.3272154152717887,50,0.0,0,292
R+D,luminal,50,-0.33303227023409293,50,0.0,3,292
R+P+D,basal,50,-0.3918164267414261,50,0.0,1,292
R+P+D,her2,50,-0.28997577308288014,50,0.0,1,292
R+P+D,luminal,50,-0.47871443122290663,50,0.0,2,292
MOFA+,basal,50,-0.27447206105048505,50,0.0,1,292
MOFA+,her2,50,-0.01313290143070867,50,0.0,4,292
MOFA+,luminal,50,-0.5614016197427435,50,0.0,3,292
R,basal,50,-0.6207600396177714,50,0.0,3,293
R,her2,50,-0.2152213367092749,50,0.0,3,293
R,luminal,50,-0.21197936843634582,50,0.02,3,293
R+P,basal,50,-0.7614541964304131,50,0.0,3,293
R+P,her2,50,-0.1354563338002188,50,0.0,2,293
R+P,luminal,50,-0.24220563587418625,50,0.02,0,293
R+D,basal,50,-0.6403837032579887,50,0.0,3,293
R+D,her2,50,-0.38818180118192963,50,0.0,0,293
R+D,luminal,50,-0.32994369111276756,50,0.0,3,293
R+P+D,basal,50,-0.6410803399741802,50,0.0,2,293
R+P+D,her2,50,-0.2673630699330199,50,0.0,0,293
R+P+D,luminal,50,-0.2660228983980414,50,0.02,0,293
MOFA+,basal,50,-0.368276449712905,50,0.02,2,293
MOFA+,her2,50,-0.08379133735789089,50,0.0,0,293
MOFA+,luminal,50,-0.22472778073296432,50,0.0,1,293
R,basal,50,-0.6050411212546823,50,0.02,2,294
R,her2,50,-0.02919385488164815,50,0.0,0,294
R,luminal,50,-0.1408632141909205,50,0.02,1,294
R+P,basal,50,-0.7315091097246637,50,0.0,4,294
R+P,her2,50,-0.0833385772161539,50,0.0,0,294
R+P,luminal,50,-0.08392172470757567,50,0.02,1,294
R+D,basal,50,-0.6046244332790279,50,0.0,3,294
R+D,her2,50,-0.4796400594724063,50,0.0,1,294
R+D,luminal,50,-0.1774265612765388,50,0.02,5,294
R+P+D,basal,50,-0.5185801740806525,50,0.0,5,294
R+P+D,her2,50,-0.37775424462041973,50,0.0,3,294
R+P+D,luminal,50,-0.22462541494194382,50,0.02,4,294
MOFA+,basal,50,-0.7399409894194376,50,0.0,3,294
MOFA+,her2,50,-0.08379133735789089,50,0.0,0,294
MOFA+,luminal,50,-0.22472778073296432,50,0.0,1,294
R,basal,50,-0.2652504048381901,50,0.0,1,295
R,her2,50,-0.28036156582177724,50,0.0,2,295
R,luminal,50,-0.6218403157581439,50,0.0,9,295
R+P,basal,50,-0.20955294819107048,50,0.0,2,295
R+P,her2,50,-0.11028572683338425,50,0.02,3,295
R+P,luminal,50,-0.3895134261171849,50,0.0,4,295
R+D,basal,50,-0.356748438014066,50,0.0,2,295
R+D,her2,50,-0.34273086936733416,50,0.02,2,295
R+D,luminal,50,-0.5134326172479193,50,0.0,8,295
R+P+D,basal,50,-0.29451964333657804,50,0.0,0,295
R+P+D,her2,50,-0.3345998988342264,50,0.02,3,295
R+P+D,luminal,50,-0.553256946041985,50,0.0,5,295
MOFA+,basal,50,-0.39079658001654743,50,0.0,5,295
MOFA+,her2,50,-0.3930197206468565,50,0.02,2,295
MOFA+,luminal,50,-0.5614016197427435,50,0.0,3,295
R,basal,50,-0.2858714493640368,50,0.0,0,296
R,her2,50,-0.24742370741668412,50,0.0,5,296
R,luminal,50,-0.1921472767834761,50,0.02,3,296
R+P,basal,50,-0.21918054666549003,50,0.0,0,296
R+P,her2,50,-0.22825946711262304,50,0.0,2,296
R+P,luminal,50,-0.08506571207219826,50,0.0,1,296
R+D,basal,50,-0.365909912980698,50,0.0,1,296
R+D,her2,50,-0.43400791689923646,50,0.0,4,296
R+D,luminal,50,-0.3404497515199867,50,0.0,5,296
R+P+D,basal,50,-0.40714883596149853,50,0.0,0,296
R+P+D,her2,50,-0.29210132616901524,50,0.0,4,296
R+P+D,luminal,50,-0.19667283891034906,50,0.0,2,296
MOFA+,basal,50,-0.5159430532564055,50,0.0,5,296
MOFA+,her2,50,-0.3120793521641551,50,0.0,1,296
MOFA+,luminal,50,-0.049338171842283035,50,0.0,3,296
R,basal,50,-0.2246019753284143,50,0.0,1,297
R,her2,50,-0.30742730066006246,50,0.0,1,297
R,luminal,50,-0.4045517155283593,50,0.0,6,297
R+P,basal,50,-0.21890605418541284,50,0.0,0,297
R+P,her2,50,-0.6054391535046278,50,0.0,1,297
R+P,luminal,50,-0.06694120575210558,50,0.0,3,297
R+D,basal,50,-0.2437482451704659,50,0.0,1,297
R+D,her2,50,-0.4580478204594031,50,0.0,2,297
R+D,luminal,50,-0.38148869282898973,50,0.0,7,297
R+P+D,basal,50,-0.2662951175752229,50,0.0,0,297
R+P+D,her2,50,-0.559210270030801,50,0.0,0,297
R+P+D,luminal,50,-0.15830105777419312,50,0.0,3,297
MOFA+,basal,50,-0.28769486971114927,50,0.0,2,297
MOFA+,her2,50,-0.42313238618869314,50,0.02,1,297
MOFA+,luminal,50,-0.014035583308286484,50,0.0,4,297
R,basal,50,-0.46649340692259583,50,0.0,4,298
R,her2,50,-0.457535125228662,50,0.0,5,298
R,luminal,50,-0.35772659186253075,50,0.0,0,298
R+P,basal,50,-0.6179987481167728,50,0.02,5,298
R+P,her2,50,-0.28353000487851426,50,0.0,2,298
R+P,luminal,50,-0.35879811450716603,50,0.0,2,298
R+D,basal,50,-0.6708093708048886,50,0.0,6,298
R+D,her2,50,-0.44189809304506605,50,0.0,5,298
R+D,luminal,50,-0.4867215474660877,50,0.0,0,298
R+P+D,basal,50,-0.6940376928724017,50,0.0,5,298
R+P+D,her2,50,-0.44170437766964205,50,0.02,4,298
R+P+D,luminal,50,-0.40544584523946037,50,0.0,1,298
MOFA+,basal,50,-0.7399409894194376,50,0.0,3,298
MOFA+,her2,50,-0.40456322390936145,50,0.0,2,298
MOFA+,luminal,50,-0.3952030647717412,50,0.0,5,298
R,basal,50,-0.5143280458021884,50,0.0,4,299
R,her2,50,-0.2936840792107681,50,0.04,2,299
R,luminal,50,-0.30335889798365057,50,0.0,0,299
R+P,basal,50,-0.6466859310597237,50,0.0,6,299
R+P,her2,50,-0.2154936493131167,50,0.04,4,299
R+P,luminal,50,-0.22901392679443713,50,0.0,0,299
R+D,basal,50,-0.6290161140601721,50,0.0,2,299
R+D,her2,50,-0.41552400119129523,50,0.0,3,299
R+D,luminal,50,-0.4664485159395628,50,0.0,2,299
R+P+D,basal,50,-0.6762144421867506,50,0.0,4,299
R+P+D,her2,50,-0.33916771434396964,50,0.04,7,299
R+P+D,luminal,50,-0.21954286785758526,50,0.0,0,299
MOFA+,basal,50,-0.5624526968256038,50,0.0,1,299
MOFA+,her2,50,-0.2768959773562112,50,0.02,1,299
MOFA+,luminal,50,-0.5614016197427435,50,0.0,3,299
R,basal,50,-0.3576180482459699,50,0.0,2,300
R,her2,50,-0.5232444435886556,50,0.0,1,300
R,luminal,50,-0.25261011411948997,50,0.02,3,300
R+P,basal,50,-0.45562886438218686,50,0.0,3,300
R+P,her2,50,-0.4006330536415711,50,0.0,2,300
R+P,luminal,50,-0.1044170308838336,50,0.0,2,300
R+D,basal,50,-0.3441889854020268,50,0.0,3,300
R+D,her2,50,-0.4882831326664793,50,0.0,2,300
R+D,luminal,50,-0.28980251323111156,50,0.0,4,300
R+P+D,basal,50,-0.4683306216710712,50,0.0,3,300
R+P+D,her2,50,-0.5063428130643466,50,0.0,5,300
R+P+D,luminal,50,-0.2868579663010406,50,0.0,5,300
MOFA+,basal,50,-0.28982350086081005,50,0.0,2,300
MOFA+,her2,50,-0.7022956727559374,50,0.0,3,300
MOFA+,luminal,50,-0.014035583308286484,50,0.0,4,300
R,basal,50,-0.45731958985540233,50,0.0,3,301
R,her2,50,-0.25628112730227853,50,0.0,0,301
R,luminal,50,-0.12363586553271506,50,0.0,6,301
R+P,basal,50,-0.4591922048315886,50,0.0,3,301
R+P,her2,50,-0.12751087725375435,50,0.0,0,301
R+P,luminal,50,-0.08940121140575284,50,0.0,1,301
R+D,basal,50,-0.2763356602811312,50,0.0,1,301
R+D,her2,50,-0.32878124410913495,50,0.0,0,301
R+D,luminal,50,-0.568120274737084,50,0.02,4,301
R+P+D,basal,50,-0.37545425461772164,50,0.0,0,301
R+P+D,her2,50,-0.2295479211423977,50,0.0,0,301
R+P+D,luminal,50,-0.3325454124493083,50,0.0,2,301
MOFA+,basal,50,-0.7399409894194376,50,0.0,3,301
MOFA+,her2,50,-0.42313238618869314,50,0.02,1,301
MOFA+,luminal,50,-0.014035583308286484,50,0.0,4,301
R,basal,50,-0.3746836651771401,50,0.0,3,302
R,her2,50,-0.2933557710099279,50,0.0,2,302
R,luminal,50,-0.053149294709144874,50,0.0,0,302
R+P,basal,50,-0.31244576972806126,50,0.0,1,302
R+P,her2,50,-0.2114693410874642,50,0.0,4,302
R+P,luminal,50,-0.1119831854155591,50,0.0,0,302
R+D,basal,50,-0.4264247841663714,50,0.0,1,302
R+D,her2,50,-0.41046624871127174,50,0.0,1,302
R+D,luminal,50,-0.29506781094867784,50,0.0,0,302
R+P+D,basal,50,-0.39590953504572235,50,0.0,3,302
R+P+D,her2,50,-0.2797543817703255,50,0.0,3,302
R+P+D,luminal,50,-0.2191560690213097,50,0.0,1,302
MOFA+,basal,50,-0.3889951945560759,50,0.0,1,302
MOFA+,her2,50,-0.4928444076680832,50,0.0,5,302
MOFA+,luminal,50,-0.08707907674069461,50,0.0,0,302
R,basal,50,-0.12692550190588248,50,0.0,3,303
R,her2,50,-0.3450694544900444,50,0.02,3,303
R,luminal,50,-0.5460530826212774,50,0.0,4,303
R+P,basal,50,-0.031482761386505596,50,0.0,2,303
R+P,her2,50,-0.32736521270127816,50,0.02,2,303
R+P,luminal,50,-0.38206637415971345,50,0.0,2,303
R+D,basal,50,-0.1530972663067104,50,0.0,3,303
R+D,her2,50,-0.3884505687209004,50,0.0,2,303
R+D,luminal,50,-0.7634926093856481,50,0.0,3,303
R+P+D,basal,50,-0.047718189700957196,50,0.0,3,303
R+P+D,her2,50,-0.46480076901015843,50,0.0,3,303
R+P+D,luminal,50,-0.42667931598770154,50,0.0,2,303
MOFA+,basal,50,-0.28769486971114927,50,0.0,2,303
MOFA+,her2,50,-0.4928444076680832,50,0.0,5,303
MOFA+,luminal,50,-0.5336617848574897,50,0.0,2,303
R,basal,50,-0.5215030922705877,50,0.0,2,304
R,her2,50,-0.20406580928905357,50,0.02,4,304
R,luminal,50,-0.4981359302962677,50,0.0,2,304
R+P,basal,50,-0.2727994058372779,50,0.0,3,304
R+P,her2,50,-0.26998726699241166,50,0.0,1,304
R+P,luminal,50,-0.311754721980685,50,0.0,2,304
R+D,basal,50,-0.5715254473853842,50,0.0,1,304
R+D,her2,50,-0.3442396753303458,50,0.02,3,304
R+D,luminal,50,-0.5222308130321737,50,0.0,3,304
R+P+D,basal,50,-0.47745148321050956,50,0.0,4,304
R+P+D,her2,50,-0.3600304907479998,50,0.0,0,304
R+P+D,luminal,50,-0.34796577475772994,50,0.0,4,304
MOFA+,basal,50,-0.5624526968256038,50,0.0,1,304
MOFA+,her2,50,-0.31448275361111183,50,0.04,2,304
MOFA+,luminal,50,-0.3952030647717412,50,0.0,5,304
R,basal,50,-0.12683703530158277,50,0.0,0,305
R,her2,50,-0.1142039549130982,50,0.0,2,305
R,luminal,50,-0.5293258602866113,50,0.0,2,305
R+P,basal,50,-0.1415603650732101,50,0.0,1,305
R+P,her2,50,-0.07791323377855953,50,0.02,2,305
R+P,luminal,50,-0.485610430202572,50,0.0,2,305
R+D,basal,50,-0.24665830744280925,50,0.0,0,305
R+D,her2,50,-0.3116078522140736,50,0.0,4,305
R+D,luminal,50,-0.70555572276144,50,0.0,3,305
R+P+D,basal,50,-0.2070882386240715,50,0.0,0,305
R+P+D,her2,50,-0.18945669688936978,50,0.0,0,305
R+P+D,luminal,50,-0.5441679896111149,50,0.0,3,305
MOFA+,basal,50,-0.07330649288426355,50,0.0,0,305
MOFA+,her2,50,-0.5652605157510739,50,0.0,1,305
MOFA+,luminal,50,-0.22472778073296432,50,0.0,1,305
R,basal,50,-0.5592249494738738,50,0.0,2,306
R,her2,50,-0.27444475218660075,50,0.0,2,306
R,luminal,50,-0.18197485971853117,50,0.02,2,306
R+P,basal,50,-0.31615578311185344,50,0.0,0,306
R+P,her2,50,-0.19971418898722032,50,0.0,1,306
R+P,luminal,50,-0.11280211412643239,50,0.02,3,306
R+D,basal,50,-0.5052565624902654,50,0.0,1,306
R+D,her2,50,-0.4752829641384888,50,0.0,4,306
R+D,luminal,50,-0.39715642804285034,50,0.02,2,306
R+P+D,basal,50,-0.36121736415109196,50,0.0,0,306
R+P+D,her2,50,-0.3671909788434581,50,0.0,3,306
R+P+D,luminal,50,-0.2602322573960167,50,0.02,2,306
MOFA+,basal,50,-0.5054582191460999,50,0.0,4,306
MOFA+,her2,50,-0.08379133735789089,50,0.0,0,306
MOFA+,luminal,50,-0.22472778073296432,50,0.0,1,306
R,basal,50,-0.2528405305024954,50,0.0,2,307
R,her2,50,-0.20855351815816797,50,0.02,5,307
R,luminal,50,-0.2339678097940029,50,0.0,1,307
R+P,basal,50,-0.3165459887042885,50,0.0,3,307
R+P,her2,50,-0.20935384913603078,50,0.02,5,307
R+P,luminal,50,-0.3078265233876604,50,0.0,0,307
R+D,basal,50,-0.5237218930790215,50,0.0,3,307
R+D,her2,50,-0.3954306948785512,50,0.02,5,307
R+D,luminal,50,-0.5109182891533436,50,0.0,4,307
R+P+D,basal,50,-0.26069265133271957,50,0.0,2,307
R+P+D,her2,50,-0.30110198822553663,50,0.02,4,307
R+P+D,luminal,50,-0.49915650638291503,50,0.0,3,307
MOFA+,basal,50,-0.012019998178718974,50,0.0,4,307
MOFA+,her2,50,-0.4928444076680832,50,0.0,5,307
MOFA+,luminal,50,-0.4336475234046903,50,0.0,2,307
R,basal,50,-0.44238105747065487,50,0.0,4,308
R,her2,50,-0.2897026251508227,50,0.0,0,308
R,luminal,50,-0.23835421476526997,50,0.0,3,308
R+P,basal,50,-0.5536418432651283,50,0.0,2,308
R+P,her2,50,-0.21598933185375935,50,0.0,2,308
R+P,luminal,50,-0.1942556809401206,50,0.02,5,308
R+D,basal,50,-0.47131512438913814,50,0.0,3,308
R+D,her2,50,-0.5380454933003814,50,0.02,1,308
R+D,luminal,50,-0.5646020102791117,50,0.0,3,308
R+P+D,basal,50,-0.5426332854355148,50,0.0,2,308
R+P+D,her2,50,-0.40542826568517276,50,0.02,1,308
R+P+D,luminal,50,-0.3807073695145619,50,0.0,3,308
MOFA+,basal,50,-0.3915193340880218,50,0.0,2,308
MOFA+,her2,50,-0.7022956727559374,50,0.0,3,308
MOFA+,luminal,50,-0.049338171842283035,50,0.0,3,308
R,basal,50,-0.5621727361133128,50,0.0,2,309
R,her2,50,-0.07661582759475769,50,0.0,2,309
R,luminal,50,-0.316828583026737,50,0.0,1,309
R+P,basal,50,-0.6104559087560711,50,0.0,3,309
R+P,her2,50,-0.06943647563694504,50,0.0,1,309
R+P,luminal,50,-0.24524258490565878,50,0.0,0,309
R+D,basal,50,-0.5220139732440593,50,0.0,3,309
R+D,her2,50,-0.30672244838319535,50,0.02,4,309
R+D,luminal,50,-0.46328567054413305,50,0.0,1,309
R+P+D,basal,50,-0.5480954950334845,50,0.0,4,309
R+P+D,her2,50,-0.35705061729614124,50,0.02,4,309
R+P+D,luminal,50,-0.3433170519179531,50,0.0,0,309
MOFA+,basal,50,-0.3915193340880218,50,0.0,2,309
MOFA+,her2,50,-0.31448275361111183,50,0.04,2,309
MOFA+,luminal,50,-0.4875302239750314,50,0.0,4,309
R,basal,50,-0.5105041052993957,50,0.0,6,310
R,her2,50,-0.1692956105845898,50,0.02,3,310
R,luminal,50,-0.4086694631130974,50,0.02,2,310
R+P,basal,50,-0.3651629491230943,50,0.0,2,310
R+P,her2,50,-0.1984203682903045,50,0.0,2,310
R+P,luminal,50,-0.30440457083715844,50,0.02,1,310
R+D,basal,50,-0.4883434093533776,50,0.0,3,310
R+D,her2,50,-0.3901157687084862,50,0.04,5,310
R+D,luminal,50,-0.5329972267258861,50,0.0,2,310
R+P+D,basal,50,-0.45367610172380984,50,0.0,2,310
R+P+D,her2,50,-0.3978915484089171,50,0.0,4,310
R+P+D,luminal,50,-0.45531719831964623,50,0.0,2,310
MOFA+,basal,50,-0.3212467034974735,50,0.0,1,310
MOFA+,her2,50,-0.4928444076680832,50,0.0,5,310
MOFA+,luminal,50,-0.5336617848574897,50,0.0,2,310
R,basal,50,-0.5249999173778509,50,0.0,3,311
R,her2,50,-0.22384462414273806,50,0.02,0,311
R,luminal,50,-0.11998177831036586,50,0.0,1,311
R+P,basal,50,-0.49726618128460337,50,0.0,4,311
R+P,her2,50,-0.23391880004281823,50,0.02,1,311
R+P,luminal,50,-0.0943252058623308,50,0.0,1,311
R+D,basal,50,-0.5105926515729832,50,0.0,3,311
R+D,her2,50,-0.386443702352763,50,0.02,3,311
R+D,luminal,50,-0.331061096117541,50,0.0,0,311
R+P+D,basal,50,-0.43340786465189796,50,0.0,2,311
R+P+D,her2,50,-0.34641842653064386,50,0.02,2,311
R+P+D,luminal,50,-0.32478593750961204,50,0.0,1,311
MOFA+,basal,50,-0.7399409894194376,50,0.0,3,311
MOFA+,her2,50,-0.31448275361111183,50,0.04,2,311
MOFA+,luminal,50,-0.5336617848574897,50,0.0,2,311
R,basal,50,-0.2690113711153526,50,0.0,1,312
R,her2,50,-0.1043771204924023,50,0.02,3,312
R,luminal,50,-0.27526654561070246,50,0.0,2,312
R+P,basal,50,-0.13205684565759473,50,0.0,2,312
R+P,her2,50,-0.03990180977253537,50,0.0,2,312
R+P,luminal,50,-0.277013900091998,50,0.04,4,312
R+D,basal,50,-0.40370946493196624,50,0.0,6,312
R+D,her2,50,-0.44654575656217355,50,0.0,2,312
R+D,luminal,50,-0.4309763186378684,50,0.0,2,312
R+P+D,basal,50,-0.25966514035905447,50,0.0,2,312
R+P+D,her2,50,-0.3802621549722424,50,0.0,1,312
R+P+D,luminal,50,-0.46625832666699885,50,0.0,4,312
MOFA+,basal,50,-0.368276449712905,50,0.02,2,312
MOFA+,her2,50,-0.01313290143070867,50,0.0,4,312
MOFA+,luminal,50,-0.42447621761666204,50,0.0,2,312
R,basal,50,-0.3458789029538201,50,0.0,1,313
R,her2,50,-0.3362333495788036,50,0.0,1,313
R,luminal,50,-0.3046342638155786,50,0.0,3,313
R+P,basal,50,-0.26959571228479784,50,0.0,3,313
R+P,her2,50,-0.40228746782335356,50,0.0,0,313
R+P,luminal,50,-0.22810915291387737,50,0.0,2,313
R+D,basal,50,-0.4968415879383183,50,0.0,5,313
R+D,her2,50,-0.48459486852448563,50,0.0,0,313
R+D,luminal,50,-0.32474894078440136,50,0.0,3,313
R+P+D,basal,50,-0.41050893735440935,50,0.0,6,313
R+P+D,her2,50,-0.41823223698103346,50,0.0,0,313
R+P+D,luminal,50,-0.3557410423467365,50,0.0,1,313
MOFA+,basal,50,-0.5159430532564055,50,0.0,5,313
MOFA+,her2,50,-0.21672749174668915,50,0.0,1,313
MOFA+,luminal,50,-0.08707907674069461,50,0.0,0,313
R,basal,50,-0.4810201227628005,50,0.0,2,314
R,her2,50,-0.3133509707488592,50,0.0,1,314
R,luminal,50,-0.23556989871412679,50,0.0,0,314
R+P,basal,50,-0.45283417970545115,50,0.02,0,314
R+P,her2,50,-0.18874291342970115,50,0.0,1,314
R+P,luminal,50,-0.31022277446870317,50,0.0,2,314
R+D,basal,50,-0.48838897049863206,50,0.0,3,314
R+D,her2,50,-0.25533742660382136,50,0.02,0,314
R+D,luminal,50,-0.4782996750035747,50,0.0,1,314
R+P+D,basal,50,-0.6055165185727692,50,0.0,1,314
R+P+D,her2,50,-0.2623132381794601,50,0.02,1,314
R+P+D,luminal,50,-0.3625703825623562,50,0.0,1,314
MOFA+,basal,50,-0.368276449712905,50,0.02,2,314
MOFA+,her2,50,-0.3120793521641551,50,0.0,1,314
MOFA+,luminal,50,-0.5834359116792033,50,0.0,1,314
R,basal,50,-0.4021904209500796,50,0.0,3,315
R,her2,50,-0.18161709799640083,50,0.0,0,315
R,luminal,50,-0.3395913845266699,50,0.0,2,315
R+P,basal,50,-0.4980203207463996,50,0.0,0,315
R+P,her2,50,-0.14502163878207472,50,0.0,1,315
R+P,luminal,50,-0.22349048984354655,50,0.0,0,315
R+D,basal,50,-0.48917663215794405,50,0.0,4,315
R+D,her2,50,-0.21402918020975595,50,0.0,0,315
R+D,luminal,50,-0.3332640630733137,50,0.0,1,315
R+P+D,basal,50,-0.6131025963964367,50,0.0,2,315
R+P+D,her2,50,-0.32905440069813585,50,0.0,0,315
R+P+D,luminal,50,-0.37401823848597415,50,0.0,2,315
MOFA+,basal,50,-0.7399409894194376,50,0.0,3,315
MOFA+,her2,50,-0.01313290143070867,50,0.0,4,315
MOFA+,luminal,50,-0.049338171842283035,50,0.0,3,315
R,basal,50,-0.348082585160623,50,0.0,2,316
R,her2,50,-0.33150148314543443,50,0.0,2,316
R,luminal,50,-0.32645891660094406,50,0.0,3,316
R+P,basal,50,-0.3252977530939835,50,0.0,1,316
R+P,her2,50,-0.32139312488974975,50,0.0,1,316
R+P,luminal,50,-0.1874833689684567,50,0.0,6,316
R+D,basal,50,-0.415388929745362,50,0.0,4,316
R+D,her2,50,-0.431991239801294,50,0.0,2,316
R+D,luminal,50,-0.4447055208814703,50,0.0,4,316
R+P+D,basal,50,-0.44251832245578293,50,0.0,2,316
R+P+D,her2,50,-0.22578616712062133,50,0.0,1,316
R+P+D,luminal,50,-0.25864409064301325,50,0.0,5,316
MOFA+,basal,50,-0.3889951945560759,50,0.0,1,316
MOFA+,her2,50,-0.3120793521641551,50,0.0,1,316
MOFA+,luminal,50,-0.5336617848574897,50,0.0,2,316
R,basal,50,-0.33274027138488016,50,0.0,1,317
R,her2,50,-0.5111166882757793,50,0.0,1,317
R,luminal,50,-0.2242204329399901,50,0.0,0,317
R+P,basal,50,-0.30199672204029165,50,0.0,1,317
R+P,her2,50,-0.435309762586914,50,0.02,1,317
R+P,luminal,50,-0.1364814800516553,50,0.0,0,317
R+D,basal,50,-0.31780303262175286,50,0.0,1,317
R+D,her2,50,-0.4658376667045429,50,0.0,0,317
R+D,luminal,50,-0.24097966431950266,50,0.0,0,317
R+P+D,basal,50,-0.39902761443207446,50,0.0,2,317
R+P+D,her2,50,-0.330287342035069,50,0.02,0,317
R+P+D,luminal,50,-0.18763172862286887,50,0.0,0,317
MOFA+,basal,50,-0.3212467034974735,50,0.0,1,317
MOFA+,her2,50,-0.21672749174668915,50,0.0,1,317
MOFA+,luminal,50,-0.32179389140566017,50,0.0,2,317
R,basal,50,-0.25463783027305303,50,0.0,0,318
R,her2,50,-0.24984614321551057,50,0.0,0,318
R,luminal,50,-0.36695446204748533,50,0.0,2,318
R+P,basal,50,-0.21790063342500268,50,0.0,2,318
R+P,her2,50,-0.18489118542962799,50,0.0,0,318
R+P,luminal,50,-0.465305069981621,50,0.0,1,318
R+D,basal,50,-0.3763068118966049,50,0.0,1,318
R+D,her2,50,-0.3744560328795655,50,0.0,0,318
R+D,luminal,50,-0.4613474308590363,50,0.0,2,318
R+P+D,basal,50,-0.28165712185811836,50,0.0,1,318
R+P+D,her2,50,-0.4093217072656204,50,0.02,0,318
R+P+D,luminal,50,-0.49565688031756266,50,0.0,2,318
MOFA+,basal,50,-0.012019998178718974,50,0.0,4,318
MOFA+,her2,50,-0.3930197206468565,50,0.02,2,318
MOFA+,luminal,50,-0.4875302239750314,50,0.0,4,318
R,basal,50,-0.15960995819056292,50,0.0,2,319
R,her2,50,-0.7072060728216626,50,0.0,2,319
R,luminal,50,-0.46686644287009604,50,0.0,0,319
R+P,basal,50,-0.1145890058892036,50,0.0,2,319
R+P,her2,50,-0.6351561995199091,50,0.0,3,319
R+P,luminal,50,-0.3724887512203297,50,0.0,0,319
R+D,basal,50,-0.26656297337202595,50,0.0,2,319
R+D,her2,50,-0.6953447010476159,50,0.0,5,319
R+D,luminal,50,-0.4083002629724669,50,0.02,0,319
R+P+D,basal,50,-0.20370966310585115,50,0.0,4,319
R+P+D,her2,50,-0.4646932437355528,50,0.0,4,319
R+P+D,luminal,50,-0.4912861427340789,50,0.02,0,319
MOFA+,basal,50,-0.368276449712905,50,0.02,2,319
MOFA+,her2,50,-0.5067927857540258,50,0.0,2,319
MOFA+,luminal,50,-0.5834359116792033,50,0.0,1,319
R,basal,50,-0.2162380544810759,50,0.0,1,320
R,her2,50,-0.2056492502107967,50,0.0,1,320
R,luminal,50,-0.5777330671953096,50,0.02,4,320
R+P,basal,50,-0.10196010380528246,50,0.0,0,320
R+P,her2,50,-0.12210638331317299,50,0.0,0,320
R+P,luminal,50,-0.5605651608186878,50,0.0,2,320
R+D,basal,50,-0.34349841921963714,50,0.0,3,320
R+D,her2,50,-0.3271818387518437,50,0.0,2,320
R+D,luminal,50,-0.7699214576398083,50,0.0,3,320
R+P+D,basal,50,-0.2572985193753784,50,0.0,1,320
R+P+D,her2,50,-0.17488134026308877,50,0.0,2,320
R+P+D,luminal,50,-0.6049735168290377,50,0.0,1,320
MOFA+,basal,50,-0.28769486971114927,50,0.0,2,320
MOFA+,her2,50,-0.4928444076680832,50,0.0,5,320
MOFA+,luminal,50,-0.5614016197427435,50,0.0,3,320
R,basal,50,-0.5254917959502281,50,0.0,1,321
R,her2,50,-0.3836970183191707,50,0.06,1,321
R,luminal,50,-0.2636234868799431,50,0.02,4,321
R+P,basal,50,-0.23614876789403044,50,0.0,0,321
R+P,her2,50,-0.3079799390653763,50,0.0,1,321
R+P,luminal,50,-0.2914716243944349,50,0.02,3,321
R+D,basal,50,-0.4225246411680065,50,0.0,3,321
R+D,her2,50,-0.38750375352315425,50,0.0,1,321
R+D,luminal,50,-0.3540624013418683,50,0.0,4,321
R+P+D,basal,50,-0.21611134612322933,50,0.0,0,321
R+P+D,her2,50,-0.3895218793276856,50,0.0,1,321
R+P+D,luminal,50,-0.32601219635695755,50,0.0,2,321
MOFA+,basal,50,-0.3212467034974735,50,0.0,1,321
MOFA+,her2,50,-0.30258820694702326,50,0.02,2,321
MOFA+,luminal,50,-0.4875302239750314,50,0.0,4,321
R,basal,50,-0.19108273440539023,50,0.0,1,322
R,her2,50,-0.5827919881438172,50,0.0,3,322
R,luminal,50,-0.37182717572438034,50,0.02,3,322
R+P,basal,50,-0.10760100251381356,50,0.0,0,322
R+P,her2,50,-0.46006860034551345,50,0.02,0,322
R+P,luminal,50,-0.2573216683325862,50,0.0,2,322
R+D,basal,50,-0.1863920405222836,50,0.0,0,322
R+D,her2,50,-0.5093117680313867,50,0.04,4,322
R+D,luminal,50,-0.4653896953909424,50,0.02,5,322
R+P+D,basal,50,-0.23151778246477087,50,0.0,0,322
R+P+D,her2,50,-0.5797918585576924,50,0.04,4,322
R+P+D,luminal,50,-0.32825477033445905,50,0.0,2,322
MOFA+,basal,50,-0.27447206105048505,50,0.0,1,322
MOFA+,her2,50,-0.7022956727559374,50,0.0,3,322
MOFA+,luminal,50,-0.5614016197427435,50,0.0,3,322
R,basal,50,-0.34472642569843925,50,0.0,2,323
R,her2,50,-0.4599918737954013,50,0.0,3,323
R,luminal,50,-0.4549849309179862,50,0.02,5,323
R+P,basal,50,-0.31341657326169764,50,0.0,2,323
R+P,her2,50,-0.38240981539360885,50,0.02,2,323
R+P,luminal,50,-0.24834218588466908,50,0.0,4,323
R+D,basal,50,-0.46241461090908503,50,0.0,5,323
R+D,her2,50,-0.46879523684950386,50,0.0,2,323
R+D,luminal,50,-0.439024212882155,50,0.04,2,323
R+P+D,basal,50,-0.44695242758469084,50,0.0,2,323
R+P+D,her2,50,-0.4433074981160068,50,0.0,3,323
R+P+D,luminal,50,-0.37328742379836943,50,0.04,3,323
MOFA+,basal,50,-0.28982350086081005,50,0.0,2,323
MOFA+,her2,50,-0.7022956727559374,50,0.0,3,323
MOFA+,luminal,50,-0.32524904615232936,50,0.0,1,323
R,basal,50,-0.08908988579988585,50,0.0,0,324
R,her2,50,-0.3865634092794338,50,0.0,2,324
R,luminal,50,-0.22936779921812012,50,0.02,0,324
R+P,basal,50,-0.0657451467763346,50,0.0,0,324
R+P,her2,50,-0.5512725716246039,50,0.0,3,324
R+P,luminal,50,-0.1220025934287923,50,0.02,1,324
R+D,basal,50,-0.33030808911640586,50,0.0,1,324
R+D,her2,50,-0.3276112733479282,50,0.0,2,324
R+D,luminal,50,-0.417517269252306,50,0.02,1,324
R+P+D,basal,50,-0.30102325920090645,50,0.0,0,324
R+P+D,her2,50,-0.4206823999713604,50,0.0,4,324
R+P+D,luminal,50,-0.3165257186093093,50,0.02,2,324
MOFA+,basal,50,-0.07330649288426355,50,0.0,0,324
MOFA+,her2,50,-0.7022956727559374,50,0.0,3,324
MOFA+,luminal,50,-0.4875302239750314,50,0.0,4,324
R,basal,50,-0.28627090440233893,50,0.0,2,325
R,her2,50,-0.4175926533248049,50,0.0,4,325
R,luminal,50,-0.22514675573751078,50,0.0,0,325
R+P,basal,50,-0.2578435625803155,50,0.0,1,325
R+P,her2,50,-0.29946052637892606,50,0.0,0,325
R+P,luminal,50,-0.2669577146218951,50,0.0,1,325
R+D,basal,50,-0.38219184060455114,50,0.0,2,325
R+D,her2,50,-0.4688931328613448,50,0.0,4,325
R+D,luminal,50,-0.3082271255874612,50,0.0,2,325
R+P+D,basal,50,-0.1723616968293843,50,0.0,0,325
R+P+D,her2,50,-0.3782013578175135,50,0.0,1,325
R+P+D,luminal,50,-0.2845046878394999,50,0.0,2,325
MOFA+,basal,50,-0.28982350086081005,50,0.0,2,325
MOFA+,her2,50,-0.3782726858472879,50,0.0,2,325
MOFA+,luminal,50,-0.27498818356268634,50,0.0,1,325
R,basal,50,-0.47256106696236444,50,0.0,2,326
R,her2,50,-0.19015850974749568,50,0.0,1,326
R,luminal,50,-0.4125092620866904,50,0.0,3,326
R+P,basal,50,-0.4805342114157455,50,0.0,0,326
R+P,her2,50,-0.14943918247631344,50,0.0,3,326
R+P,luminal,50,-0.10870559014885708,50,0.0,0,326
R+D,basal,50,-0.5548908147503981,50,0.0,3,326
R+D,her2,50,-0.2830057179733608,50,0.02,2,326
R+D,luminal,50,-0.48565090094318614,50,0.0,3,326
R+P+D,basal,50,-0.5058428737465529,50,0.0,2,326
R+P+D,her2,50,-0.3499873576184374,50,0.0,3,326
R+P+D,luminal,50,-0.33519124338549494,50,0.0,1,326
MOFA+,basal,50,-0.4181651333139253,50,0.0,2,326
MOFA+,her2,50,-0.3120793521641551,50,0.0,1,326
MOFA+,luminal,50,-0.32179389140566017,50,0.0,2,326
R,basal,50,-0.08826333834106556,50,0.0,1,327
R,her2,50,-0.33469724673826107,50,0.0,3,327
R,luminal,50,-0.5198753204682625,50,0.0,2,327
R+P,basal,50,-0.09842523998363571,50,0.0,1,327
R+P,her2,50,-0.2899252487552789,50,0.0,3,327
R+P,luminal,50,-0.40150212536803637,50,0.0,1,327
R+D,basal,50,-0.2281249268460641,50,0.0,1,327
R+D,her2,50,-0.3453130247253188,50,0.0,2,327
R+D,luminal,50,-0.5852503836691413,50,0.0,1,327
R+P+D,basal,50,-0.32740944134687927,50,0.0,1,327
R+P+D,her2,50,-0.36101683965351605,50,0.0,2,327
R+P+D,luminal,50,-0.3991673779603029,50,0.0,1,327
MOFA+,basal,50,-0.21929701202341526,50,0.0,1,327
MOFA+,her2,50,-0.08379133735789089,50,0.0,0,327
MOFA+,luminal,50,-0.3952030647717412,50,0.0,5,327
R,basal,50,-0.07908593378721682,50,0.0,1,328
R,her2,50,-0.7559393401961176,50,0.0,3,328
R,luminal,50,-0.1451621170849984,50,0.0,1,328
R+P,basal,50,-0.03577438124967259,50,0.0,2,328
R+P,her2,50,-1.005179034318313,50,0.0,3,328
R+P,luminal,50,-0.24707136555146308,50,0.02,2,328
R+D,basal,50,-0.23960244691155871,50,0.0,3,328
R+D,her2,50,-0.5533201405732383,50,0.02,2,328
R+D,luminal,50,-0.46179037782915705,50,0.04,3,328
R+P+D,basal,50,-0.17957029647707656,50,0.0,3,328
R+P+D,her2,50,-0.755720071259419,50,0.0,4,328
R+P+D,luminal,50,-0.37390636538613337,50,0.02,4,328
MOFA+,basal,50,-0.5624526968256038,50,0.0,1,328
MOFA+,her2,50,-0.7022956727559374,50,0.0,3,328
MOFA+,luminal,50,-0.08707907674069461,50,0.0,0,328
R,basal,50,-0.32281268668422497,50,0.0,2,329
R,her2,50,-0.5928582006243933,50,0.0,1,329
R,luminal,50,-0.11494024671979935,50,0.0,2,329
R+P,basal,50,-0.23180736644059097,50,0.0,1,329
R+P,her2,50,-0.3178870861588065,50,0.0,4,329
R+P,luminal,50,-0.11992696391561034,50,0.0,5,329
R+D,basal,50,-0.3212143261814138,50,0.0,4,329
R+D,her2,50,-0.5306294841258496,50,0.0,4,329
R+D,luminal,50,-0.2962429982068142,50,0.0,2,329
R+P+D,basal,50,-0.41080435093966705,50,0.0,3,329
R+P+D,her2,50,-0.48053526966622984,50,0.0,1,329
R+P+D,luminal,50,-0.22611706027743253,50,0.0,2,329
MOFA+,basal,50,-0.40261158750576387,50,0.0,1,329
MOFA+,her2,50,-0.5491719546595314,50,0.0,3,329
MOFA+,luminal,50,-0.014035583308286484,50,0.0,4,329
R,basal,50,-0.16394002762274082,50,0.0,1,330
R,her2,50,-0.6617623881818767,50,0.0,4,330
R,luminal,50,-0.30797165937268695,50,0.02,2,330
R+P,basal,50,-0.08832047419782837,50,0.0,2,330
R+P,her2,50,-0.6296353127868136,50,0.0,4,330
R+P,luminal,50,-0.18342613418335915,50,0.02,1,330
R+D,basal,50,-0.3091076292758924,50,0.0,2,330
R+D,her2,50,-0.5554623756491712,50,0.0,2,330
R+D,luminal,50,-0.3766552133631823,50,0.02,1,330
R+P+D,basal,50,-0.28352121796146557,50,0.0,3,330
R+P+D,her2,50,-0.5280625826148766,50,0.0,2,330
R+P+D,luminal,50,-0.3176007168577193,50,0.02,1,330
MOFA+,basal,50,-0.012019998178718974,50,0.0,4,330
MOFA+,her2,50,-0.5067927857540258,50,0.0,2,330
MOFA+,luminal,50,-0.4108772374338225,50,0.02,1,330
R,basal,50,-0.6633356593031947,50,0.0,3,331
R,her2,50,-0.5361746060949941,50,0.0,1,331
R,luminal,50,-0.14155311893537792,50,0.0,1,331
R+P,basal,50,-0.5912213366482194,50,0.0,4,331
R+P,her2,50,-0.3782890017605476,50,0.02,1,331
R+P,luminal,50,-0.17506822655795123,50,0.0,0,331
R+D,basal,50,-0.49798552938521357,50,0.0,2,331
R+D,her2,50,-0.47732145577258644,50,0.0,1,331
R+D,luminal,50,-0.36174333666899317,50,0.0,2,331
R+P+D,basal,50,-0.4371728061577347,50,0.0,1,331
R+P+D,her2,50,-0.3202824570148001,50,0.0,0,331
R+P+D,luminal,50,-0.25587276551360694,50,0.0,1,331
MOFA+,basal,50,-0.3212467034974735,50,0.0,1,331
MOFA+,her2,50,-0.5159761307760569,50,0.0,4,331
MOFA+,luminal,50,-0.42447621761666204,50,0.0,2,331
R,basal,50,-0.31854202862867287,50,0.0,5,332
R,her2,50,-0.353860655268862,50,0.0,1,332
R,luminal,50,-0.26912246155126224,50,0.0,5,332
R+P,basal,50,-0.22338522059586322,50,0.0,1,332
R+P,her2,50,-0.23654646452267222,50,0.0,2,332
R+P,luminal,50,-0.26953794998595204,50,0.02,4,332
R+D,basal,50,-0.43152109949224043,50,0.0,3,332
R+D,her2,50,-0.41841064218541313,50,0.0,3,332
R+D,luminal,50,-0.3816271316898839,50,0.0,4,332
R+P+D,basal,50,-0.2710261710757248,50,0.0,1,332
R+P+D,her2,50,-0.3099102208026503,50,0.0,2,332
R+P+D,luminal,50,-0.3367134037954812,50,0.0,3,332
MOFA+,basal,50,-0.3889951945560759,50,0.0,1,332
MOFA+,her2,50,-0.40456322390936145,50,0.0,2,332
MOFA+,luminal,50,-0.4605362947843053,50,0.0,5,332
R,basal,50,-0.26744283582855494,50,0.0,0,333
R,her2,50,-0.2844813800169369,50,0.04,4,333
R,luminal,50,-0.3694155748659118,50,0.0,2,333
R+P,basal,50,-0.3861494418030327,50,0.0,0,333
R+P,her2,50,-0.14568647789034328,50,0.02,2,333
R+P,luminal,50,-0.2509569959253783,50,0.0,4,333
R+D,basal,50,-0.5207420442273524,50,0.0,4,333
R+D,her2,50,-0.3100306091974316,50,0.02,1,333
R+D,luminal,50,-0.5136491924807887,50,0.0,3,333
R+P+D,basal,50,-0.44495613611053153,50,0.0,2,333
R+P+D,her2,50,-0.3307937788834824,50,0.04,4,333
R+P+D,luminal,50,-0.3074527087516148,50,0.0,3,333
MOFA+,basal,50,-0.3889951945560759,50,0.0,1,333
MOFA+,her2,50,-0.42313238618869314,50,0.02,1,333
MOFA+,luminal,50,-0.4605362947843053,50,0.0,5,333
R,basal,50,-0.35694484330113097,50,0.0,2,334
R,her2,50,-0.26569045891905707,50,0.0,3,334
R,luminal,50,-0.26433816291791157,50,0.0,2,334
R+P,basal,50,-0.20475054019393493,50,0.0,0,334
R+P,her2,50,-0.4487100858289966,50,0.02,4,334
R+P,luminal,50,-0.1804263359959102,50,0.0,2,334
R+D,basal,50,-0.4571265060474772,50,0.0,0,334
R+D,her2,50,-0.38209402784732766,50,0.02,3,334
R+D,luminal,50,-0.5405752632695776,50,0.0,3,334
R+P+D,basal,50,-0.23767344750902544,50,0.0,0,334
R+P+D,her2,50,-0.45286687517678603,50,0.02,4,334
R+P+D,luminal,50,-0.23697339560108183,50,0.0,1,334
MOFA+,basal,50,-0.27447206105048505,50,0.0,1,334
MOFA+,her2,50,-0.40456322390936145,50,0.0,2,334
MOFA+,luminal,50,-0.3952030647717412,50,0.0,5,334
R,basal,50,-0.4131597835059212,50,0.0,2,335
R,her2,50,-0.3437851869753489,50,0.02,2,335
R,luminal,50,-0.15991637615060128,50,0.0,2,335
R+P,basal,50,-0.28490538867121634,50,0.0,1,335
R+P,her2,50,-0.23970648574308712,50,0.02,3,335
R+P,luminal,50,-0.07186555338315694,50,0.0,2,335
R+D,basal,50,-0.588692610816484,50,0.0,3,335
R+D,her2,50,-0.4793840713582684,50,0.02,4,335
R+D,luminal,50,-0.18926715674839464,50,0.02,1,335
R+P+D,basal,50,-0.4596155108131855,50,0.0,2,335
R+P+D,her2,50,-0.3512044790180006,50,0.02,4,335
R+P+D,luminal,50,-0.13769250975641076,50,0.0,1,335
MOFA+,basal,50,-0.40261158750576387,50,0.0,1,335
MOFA+,her2,50,-0.31448275361111183,50,0.04,2,335
MOFA+,luminal,50,-0.014035583308286484,50,0.0,4,335
R,basal,50,-0.4861315394770241,50,0.0,1,336
R,her2,50,-0.4567255374746416,50,0.0,2,336
R,luminal,50,-0.12191688972273479,50,0.02,0,336
R+P,basal,50,-0.49027264491427297,50,0.0,5,336
R+P,her2,50,-0.35463112348232173,50,0.0,2,336
R+P,luminal,50,-0.19445025040956185,50,0.02,0,336
R+D,basal,50,-0.4776549801059957,50,0.0,1,336
R+D,her2,50,-0.5051789815860517,50,0.02,3,336
R+D,luminal,50,-0.19275918947024417,50,0.02,2,336
R+P+D,basal,50,-0.5946030816402467,50,0.0,5,336
R+P+D,her2,50,-0.29674894188203793,50,0.0,2,336
R+P+D,luminal,50,-0.1907368393245212,50,0.0,1,336
MOFA+,basal,50,-0.27447206105048505,50,0.0,1,336
MOFA+,her2,50,-0.3930197206468565,50,0.02,2,336
MOFA+,luminal,50,-0.32575067826405774,50,0.02,2,336
R,basal,50,-0.27117099429806407,50,0.0,0,337
R,her2,50,-0.49629145705362065,50,0.02,3,337
R,luminal,50,-0.37075428804980676,50,0.02,3,337
R+P,basal,50,-0.2152927094082145,50,0.0,1,337
R+P,her2,50,-0.3662999250141463,50,0.04,2,337
R+P,luminal,50,-0.2882972306791792,50,0.02,3,337
R+D,basal,50,-0.309696454243616,50,0.0,0,337
R+D,her2,50,-0.5540424103206156,50,0.02,4,337
R+D,luminal,50,-0.40576218888211535,50,0.02,3,337
R+P+D,basal,50,-0.3636078556143963,50,0.0,2,337
R+P+D,her2,50,-0.4067560816146239,50,0.02,2,337
R+P+D,luminal,50,-0.3519525135369288,50,0.02,2,337
MOFA+,basal,50,-0.3915193340880218,50,0.0,2,337
MOFA+,her2,50,-0.5491719546595314,50,0.0,3,337
MOFA+,luminal,50,-0.4336475234046903,50,0.0,2,337
R,basal,50,-0.3986852191422576,50,0.0,2,338
R,her2,50,-0.19755502352765147,50,0.0,1,338
R,luminal,50,-0.21968888782454102,50,0.0,0,338
R+P,basal,50,-0.6846133280364515,50,0.0,1,338
R+P,her2,50,-0.14969478333580527,50,0.02,2,338
R+P,luminal,50,-0.12887866732402797,50,0.0,0,338
R+D,basal,50,-0.4963531626569976,50,0.0,2,338
R+D,her2,50,-0.16740607841202124,50,0.0,1,338
R+D,luminal,50,-0.4096633237543561,50,0.0,4,338
R+P+D,basal,50,-0.5509639175971149,50,0.0,2,338
R+P+D,her2,50,-0.17943291699177155,50,0.0,0,338
R+P+D,luminal,50,-0.2028654809580933,50,0.0,1,338
MOFA+,basal,50,-0.21929701202341526,50,0.0,1,338
MOFA+,her2,50,-0.40456322390936145,50,0.0,2,338
MOFA+,luminal,50,-0.27498818356268634,50,0.0,1,338
R,basal,50,-0.3557829924097265,50,0.0,3,339
R,her2,50,-0.3884614788115308,50,0.0,0,339
R,luminal,50,-0.43390656353858664,50,0.0,4,339
R+P,basal,50,-0.4335625393264088,50,0.0,2,339
R+P,her2,50,-0.2044177693535391,50,0.0,0,339
R+P,luminal,50,-0.1938453091035585,50,0.0,5,339
R+D,basal,50,-0.3996637189456916,50,0.0,3,339
R+D,her2,50,-0.46636607943668396,50,0.0,1,339
R+D,luminal,50,-0.5711193518313379,50,0.0,4,339
R+P+D,basal,50,-0.3789624885367003,50,0.0,1,339
R+P+D,her2,50,-0.2624813213122679,50,0.0,1,339
R+P+D,luminal,50,-0.27297326383365433,50,0.0,3,339
MOFA+,basal,50,-0.5054582191460999,50,0.0,4,339
MOFA+,her2,50,-0.3930197206468565,50,0.02,2,339
MOFA+,luminal,50,-0.22472778073296432,50,0.0,1,339
R,basal,50,-0.2238835520743628,50,0.0,2,340
R,her2,50,-0.2055072938142889,50,0.02,0,340
R,luminal,50,-0.627393235799119,50,0.0,2,340
R+P,basal,50,-0.23702738165908133,50,0.0,3,340
R+P,her2,50,-0.09476350112940396,50,0.02,0,340
R+P,luminal,50,-0.457883444736307,50,0.0,1,340
R+D,basal,50,-0.238619116499701,50,0.0,2,340
R+D,her2,50,-0.4065281928447376,50,0.0,1,340
R+D,luminal,50,-0.626021611232581,50,0.0,2,340
R+P+D,basal,50,-0.31925645801909086,50,0.0,3,340
R+P+D,her2,50,-0.17896217317868357,50,0.0,1,340
R+P+D,luminal,50,-0.5400601027878985,50,0.0,1,340
MOFA+,basal,50,-0.40261158750576387,50,0.0,1,340
MOFA+,her2,50,-0.5491719546595314,50,0.0,3,340
MOFA+,luminal,50,-0.27498818356268634,50,0.0,1,340
R,basal,50,-0.41501172056418284,50,0.0,1,341
R,her2,50,-0.23385232920465537,50,0.0,2,341
R,luminal,50,-0.32515257081177823,50,0.02,0,341
R+P,basal,50,-0.18189765986845693,50,0.0,0,341
R+P,her2,50,-0.1700440461785264,50,0.0,0,341
R+P,luminal,50,-0.2924591294165239,50,0.0,1,341
R+D,basal,50,-0.31376624914151235,50,0.0,1,341
R+D,her2,50,-0.4330359467616751,50,0.0,5,341
R+D,luminal,50,-0.34703530000668276,50,0.02,2,341
R+P+D,basal,50,-0.21007127011482077,50,0.0,0,341
R+P+D,her2,50,-0.23294336108556363,50,0.0,0,341
R+P+D,luminal,50,-0.45478469520801773,50,0.0,0,341
MOFA+,basal,50,-0.5624526968256038,50,0.0,1,341
MOFA+,her2,50,-0.40456322390936145,50,0.0,2,341
MOFA+,luminal,50,-0.3952030647717412,50,0.0,5,341
R,basal,50,-0.426955709691571,50,0.0,3,342
R,her2,50,-0.6726138880744158,50,0.0,4,342
R,luminal,50,-0.1738819925353484,50,0.02,2,342
R+P,basal,50,-0.16512608197612685,50,0.0,1,342
R+P,her2,50,-0.7744365018647698,50,0.0,3,342
R+P,luminal,50,-0.175642736179635,50,0.0,1,342
R+D,basal,50,-0.4140635730863918,50,0.0,3,342
R+D,her2,50,-0.6503795461349458,50,0.0,4,342
R+D,luminal,50,-0.329756947041468,50,0.02,0,342
R+P+D,basal,50,-0.30800098970715606,50,0.0,3,342
R+P+D,her2,50,-0.7947974154306846,50,0.0,4,342
R+P+D,luminal,50,-0.23945055530425308,50,0.02,1,342
MOFA+,basal,50,-0.5159430532564055,50,0.0,5,342
MOFA+,her2,50,-0.5067927857540258,50,0.0,2,342
MOFA+,luminal,50,-0.08707907674069461,50,0.0,0,342
R,basal,50,-0.11529666347804818,50,0.0,2,343
R,her2,50,-0.5956934137785296,50,0.02,4,343
R,luminal,50,-0.3128062076271741,50,0.02,2,343
R+P,basal,50,-0.2010836685696922,50,0.0,3,343
R+P,her2,50,-0.2503599333021108,50,0.0,1,343
R+P,luminal,50,-0.35995337396641197,50,0.02,1,343
R+D,basal,50,-0.41293947233421835,50,0.0,2,343
R+D,her2,50,-0.620335062958155,50,0.0,2,343
R+D,luminal,50,-0.4380739863075216,50,0.02,4,343
R+P+D,basal,50,-0.23006994667466604,50,0.0,2,343
R+P+D,her2,50,-0.4078008256225148,50,0.0,1,343
R+P+D,luminal,50,-0.5078710254727224,50,0.04,6,343
MOFA+,basal,50,-0.28769486971114927,50,0.0,2,343
MOFA+,her2,50,-0.4928444076680832,50,0.0,5,343
MOFA+,luminal,50,-0.5614016197427435,50,0.0,3,343
R,basal,50,-0.2538221967233872,50,0.0,2,344
R,her2,50,-0.18488309044048826,50,0.02,6,344
R,luminal,50,-0.5191400986346136,50,0.02,1,344
R+P,basal,50,-0.2823924338458273,50,0.0,1,344
R+P,her2,50,-0.19686744178149443,50,0.0,4,344
R+P,luminal,50,-0.39212566634255175,50,0.0,0,344
R+D,basal,50,-0.38268460711001223,50,0.0,0,344
R+D,her2,50,-0.39328344546148025,50,0.0,7,344
R+D,luminal,50,-0.5432031314519595,50,0.02,2,344
R+P+D,basal,50,-0.33428983308952587,50,0.0,0,344
R+P+D,her2,50,-0.28747248209681525,50,0.0,4,344
R+P+D,luminal,50,-0.37205925171960785,50,0.02,0,344
MOFA+,basal,50,-0.3915193340880218,50,0.0,2,344
MOFA+,her2,50,-0.01313290143070867,50,0.0,4,344
MOFA+,luminal,50,-0.3952030647717412,50,0.0,5,344
R,basal,50,-0.27485505089423684,50,0.0,1,345
R,her2,50,-0.5696172372248351,50,0.0,2,345
R,luminal,50,-0.103010418413416,50,0.0,1,345
R+P,basal,50,-0.16854259672084335,50,0.0,1,345
R+P,her2,50,-0.39233092826008475,50,0.0,2,345
R+P,luminal,50,-0.25105009813832313,50,0.0,1,345
R+D,basal,50,-0.36385079212548627,50,0.0,1,345
R+D,her2,50,-0.5690741207647799,50,0.0,2,345
R+D,luminal,50,-0.3329252406621523,50,0.0,2,345
R+P+D,basal,50,-0.2227843051457633,50,0.0,0,345
R+P+D,her2,50,-0.5661445925540545,50,0.0,2,345
R+P+D,luminal,50,-0.2931287253585261,50,0.04,1,345
MOFA+,basal,50,-0.3915193340880218,50,0.0,2,345
MOFA+,her2,50,-0.3782726858472879,50,0.0,2,345
MOFA+,luminal,50,-0.32575067826405774,50,0.02,2,345
R,basal,50,-0.5400476483909662,50,0.0,1,346
R,her2,50,-0.19630521805351248,50,0.0,8,346
R,luminal,50,-0.1901867611062125,50,0.0,2,346
R+P,basal,50,-0.7075321264789506,50,0.0,5,346
R+P,her2,50,-0.1643810040622778,50,0.0,4,346
R+P,luminal,50,-0.10585445535699416,50,0.0,0,346
R+D,basal,50,-0.7310531930945555,50,0.0,1,346
R+D,her2,50,-0.46839310876228674,50,0.0,3,346
R+D,luminal,50,-0.367480495368131,50,0.0,1,346
R+P+D,basal,50,-0.6043856964608725,50,0.0,2,346
R+P+D,her2,50,-0.2951225936843524,50,0.0,2,346
R+P+D,luminal,50,-0.17396892571215358,50,0.0,1,346
MOFA+,basal,50,-0.07330649288426355,50,0.0,0,346
MOFA+,her2,50,-0.04592504717146089,50,0.0,3,346
MOFA+,luminal,50,-0.32179389140566017,50,0.0,2,346
R,basal,50,-0.5212286288467093,50,0.0,1,347
R,her2,50,-0.2746623827814456,50,0.0,1,347
R,luminal,50,-0.11967442705871673,50,0.0,2,347
R+P,basal,50,-0.28172853114671165,50,0.0,2,347
R+P,her2,50,-0.2622687604331121,50,0.0,0,347
R+P,luminal,50,-0.12801863795096635,50,0.0,3,347
R+D,basal,50,-0.5529613203399268,50,0.0,1,347
R+D,her2,50,-0.27116685871767243,50,0.0,2,347
R+D,luminal,50,-0.22178929979825987,50,0.0,3,347
R+P+D,basal,50,-0.4682451748161536,50,0.0,2,347
R+P+D,her2,50,-0.43365485447518914,50,0.0,2,347
R+P+D,luminal,50,-0.19700075031229758,50,0.0,3,347
MOFA+,basal,50,-0.28982350086081005,50,0.0,2,347
MOFA+,her2,50,-0.3120793521641551,50,0.0,1,347
MOFA+,luminal,50,-0.22472778073296432,50,0.0,1,347
R,basal,50,-0.48498380174871536,50,0.0,4,348
R,her2,50,-0.27319146124138466,50,0.0,3,348
R,luminal,50,-0.3171132476275578,50,0.0,0,348
R+P,basal,50,-0.33380858764705595,50,0.0,5,348
R+P,her2,50,-0.2804799532189251,50,0.0,3,348
R+P,luminal,50,-0.2550162857742382,50,0.0,1,348
R+D,basal,50,-0.4947300142037678,50,0.0,4,348
R+D,her2,50,-0.3664010536162555,50,0.02,4,348
R+D,luminal,50,-0.43650676030843444,50,0.0,2,348
R+P+D,basal,50,-0.42040719666745147,50,0.0,4,348
R+P+D,her2,50,-0.3587396892842311,50,0.0,4,348
R+P+D,luminal,50,-0.3396500482654159,50,0.0,2,348
MOFA+,basal,50,-0.5159430532564055,50,0.0,5,348
MOFA+,her2,50,-0.42313238618869314,50,0.02,1,348
MOFA+,luminal,50,-0.38706270944304655,50,0.0,1,348
R,basal,50,-0.5135833755616299,50,0.0,1,349
R,her2,50,-0.17893513819542636,50,0.0,0,349
R,luminal,50,-0.2732321656489714,50,0.0,0,349
R+P,basal,50,-0.38421777729521983,50,0.0,2,349
R+P,her2,50,-0.12692226173433427,50,0.0,2,349
R+P,luminal,50,-0.31789691775689594,50,0.0,1,349
R+D,basal,50,-0.5257886794838265,50,0.0,0,349
R+D,her2,50,-0.3132270663971733,50,0.0,1,349
R+D,luminal,50,-0.3922182771588276,50,0.0,1,349
R+P+D,basal,50,-0.3550261227277172,50,0.0,0,349
R+P+D,her2,50,-0.39753976609827946,50,0.0,2,349
R+P+D,luminal,50,-0.2603828212453543,50,0.0,0,349
MOFA+,basal,50,-0.5054582191460999,50,0.0,4,349
MOFA+,her2,50,-0.5159761307760569,50,0.0,4,349
MOFA+,luminal,50,-0.42447621761666204,50,0.0,2,349
R,basal,50,-0.4339322025545296,50,0.0,2,350
R,her2,50,-0.17737788347119962,50,0.0,0,350
R,luminal,50,-0.28119261932902784,50,0.0,1,350
R+P,basal,50,-0.2477578586623197,50,0.0,1,350
R+P,her2,50,-0.22582170318802156,50,0.0,2,350
R+P,luminal,50,-0.34810304347179155,50,0.0,0,350
R+D,basal,50,-0.5089831957912071,50,0.0,3,350
R+D,her2,50,-0.3263605582416422,50,0.0,1,350
R+D,luminal,50,-0.4939336050511418,50,0.0,3,350
R+P+D,basal,50,-0.4719250184383228,50,0.0,2,350
R+P+D,her2,50,-0.2854485232713593,50,0.02,1,350
R+P+D,luminal,50,-0.4581742844083292,50,0.02,1,350
MOFA+,basal,50,-0.39079658001654743,50,0.0,5,350
MOFA+,her2,50,-0.2768959773562112,50,0.02,1,350
MOFA+,luminal,50,-0.4336475234046903,50,0.0,2,350
R,basal,50,-0.39140821411947807,50,0.0,1,351
R,her2,50,-0.6288198611377083,50,0.0,2,351
R,luminal,50,-0.12301500668521025,50,0.0,1,351
R+P,basal,50,-0.32294705654293004,50,0.0,2,351
R+P,her2,50,-0.24494435438344556,50,0.0,0,351
R+P,luminal,50,-0.15001196820921642,50,0.02,1,351
R+D,basal,50,-0.5415069785132883,50,0.0,1,351
R+D,her2,50,-0.6393021498545801,50,0.0,3,351
R+D,luminal,50,-0.3193893383646902,50,0.04,1,351
R+P+D,basal,50,-0.40592184310774804,50,0.0,1,351
R+P+D,her2,50,-0.3303715893102038,50,0.02,2,351
R+P+D,luminal,50,-0.33763165691280617,50,0.04,1,351
MOFA+,basal,50,-0.5178778430235921,50,0.0,2,351
MOFA+,her2,50,-0.08379133735789089,50,0.0,0,351
MOFA+,luminal,50,-0.32575067826405774,50,0.02,2,351
R,basal,50,-0.6266863125149902,50,0.0,2,352
R,her2,50,-0.31306623868400496,50,0.02,2,352
R,luminal,50,-0.1717323308435062,50,0.0,3,352
R+P,basal,50,-0.42061109377439054,50,0.0,2,352
R+P,her2,50,-0.08904420339536469,50,0.02,1,352
R+P,luminal,50,-0.11031296601042151,50,0.0,4,352
R+D,basal,50,-0.5634463761971901,50,0.0,0,352
R+D,her2,50,-0.41095193388145,50,0.0,3,352
R+D,luminal,50,-0.52964997246392,50,0.0,5,352
R+P+D,basal,50,-0.5634120429522873,50,0.0,2,352
R+P+D,her2,50,-0.22769677214479636,50,0.0,3,352
R+P+D,luminal,50,-0.29206742697042753,50,0.0,1,352
MOFA+,basal,50,-0.21929701202341526,50,0.0,1,352
MOFA+,her2,50,-0.31448275361111183,50,0.04,2,352
MOFA+,luminal,50,-0.08707907674069461,50,0.0,0,352
R,basal,50,-0.38735625298416965,50,0.0,2,353
R,her2,50,-0.38599760104500014,50,0.04,3,353
R,luminal,50,-0.3334651027536348,50,0.0,2,353
R+P,basal,50,-0.38164667964249127,50,0.0,2,353
R+P,her2,50,-0.3193728744652973,50,0.04,2,353
R+P,luminal,50,-0.31541504587646635,50,0.0,2,353
R+D,basal,50,-0.43653333387501175,50,0.0,1,353
R+D,her2,50,-0.6012243267080675,50,0.04,6,353
R+D,luminal,50,-0.5240530259238984,50,0.0,1,353
R+P+D,basal,50,-0.4798489181080779,50,0.0,2,353
R+P+D,her2,50,-0.3974506849338269,50,0.04,3,353
R+P+D,luminal,50,-0.46637116751534996,50,0.0,2,353
MOFA+,basal,50,-0.4181651333139253,50,0.0,2,353
MOFA+,her2,50,-0.31448275361111183,50,0.04,2,353
MOFA+,luminal,50,-0.38706270944304655,50,0.0,1,353
R,basal,50,-0.10389829537682319,50,0.0,2,354
R,her2,50,-0.2334703159710836,50,0.0,3,354
R,luminal,50,-0.5097931250555379,50,0.0,1,354
R+P,basal,50,-0.25306335234176297,50,0.0,1,354
R+P,her2,50,-0.15680393718878338,50,0.0,1,354
R+P,luminal,50,-0.43782578639314573,50,0.04,2,354
R+D,basal,50,-0.3207355990593974,50,0.0,0,354
R+D,her2,50,-0.38957264407286524,50,0.0,5,354
R+D,luminal,50,-0.4538527600792147,50,0.0,0,354
R+P+D,basal,50,-0.4026713531317879,50,0.0,0,354
R+P+D,her2,50,-0.3295804541003891,50,0.0,4,354
R+P+D,luminal,50,-0.3092553387066718,50,0.02,2,354
MOFA+,basal,50,-0.5159430532564055,50,0.0,5,354
MOFA+,her2,50,-0.3782726858472879,50,0.0,2,354
MOFA+,luminal,50,-0.5834359116792033,50,0.0,1,354
R,basal,50,-0.5472784366981651,50,0.0,6,355
R,her2,50,-0.4111345256243378,50,0.0,0,355
R,luminal,50,-0.26789798047752517,50,0.0,2,355
R+P,basal,50,-0.379467699330743,50,0.0,5,355
R+P,her2,50,-0.24459069333228847,50,0.0,1,355
R+P,luminal,50,-0.33398249063594065,50,0.0,2,355
R+D,basal,50,-0.4921915410795665,50,0.0,6,355
R+D,her2,50,-0.4601483702327121,50,0.0,0,355
R+D,luminal,50,-0.4657311145356208,50,0.0,3,355
R+P+D,basal,50,-0.4448669619030639,50,0.0,6,355
R+P+D,her2,50,-0.3037297808355586,50,0.0,1,355
R+P+D,luminal,50,-0.3340717313600099,50,0.0,3,355
MOFA+,basal,50,-0.3889951945560759,50,0.0,1,355
MOFA+,her2,50,-0.5491719546595314,50,0.0,3,355
MOFA+,luminal,50,-0.32179389140566017,50,0.0,2,355
R,basal,50,-0.4524825879907796,50,0.0,1,356
R,her2,50,-0.19850508434179667,50,0.0,0,356
R,luminal,50,-0.29967102006472746,50,0.0,3,356
R+P,basal,50,-0.5153128709099561,50,0.0,3,356
R+P,her2,50,-0.10952107809841684,50,0.0,2,356
R+P,luminal,50,-0.27247097929940073,50,0.0,1,356
R+D,basal,50,-0.5269494348359056,50,0.0,3,356
R+D,her2,50,-0.28291506459690974,50,0.0,2,356
R+D,luminal,50,-0.39269172586172046,50,0.0,3,356
R+P+D,basal,50,-0.6542352516346485,50,0.0,7,356
R+P+D,her2,50,-0.2283012564910456,50,0.0,3,356
R+P+D,luminal,50,-0.4367921212268158,50,0.0,0,356
MOFA+,basal,50,-0.5178778430235921,50,0.0,2,356
MOFA+,her2,50,-0.30258820694702326,50,0.02,2,356
MOFA+,luminal,50,-0.5614016197427435,50,0.0,3,356
R,basal,50,-0.5204434785919758,50,0.0,8,357
R,her2,50,-0.4463490437581281,50,0.02,1,357
R,luminal,50,-0.23810618583992535,50,0.0,0,357
R+P,basal,50,-0.3516798605634392,50,0.0,3,357
R+P,her2,50,-0.19147157046121166,50,0.02,2,357
R+P,luminal,50,-0.138940566569563,50,0.0,0,357
R+D,basal,50,-0.6396378194450907,50,0.0,8,357
R+D,her2,50,-0.43807855649454025,50,0.0,2,357
R+D,luminal,50,-0.22887026489734605,50,0.0,1,357
R+P+D,basal,50,-0.44313935863499443,50,0.0,2,357
R+P+D,her2,50,-0.3302653341527023,50,0.02,1,357
R+P+D,luminal,50,-0.1449381993878045,50,0.0,3,357
MOFA+,basal,50,-0.5054582191460999,50,0.0,4,357
MOFA+,her2,50,-0.5159761307760569,50,0.0,4,357
MOFA+,luminal,50,-0.42447621761666204,50,0.0,2,357
R,basal,50,-0.3941745495093095,50,0.0,3,358
R,her2,50,-0.03887898654442277,50,0.0,0,358
R,luminal,50,-0.5631575627612674,50,0.0,4,358
R+P,basal,50,-0.25615061782742754,50,0.0,2,358
R+P,her2,50,-0.03795790762156346,50,0.0,0,358
R+P,luminal,50,-0.6651958742872207,50,0.0,5,358
R+D,basal,50,-0.5469196148675164,50,0.0,3,358
R+D,her2,50,-0.23094445952178988,50,0.0,3,358
R+D,luminal,50,-0.5446385439582822,50,0.0,3,358
R+P+D,basal,50,-0.2883863156952892,50,0.0,1,358
R+P+D,her2,50,-0.13228222010043938,50,0.0,4,358
R+P+D,luminal,50,-0.521427153753167,50,0.02,4,358
MOFA+,basal,50,-0.053421368184589986,50,0.0,3,358
MOFA+,her2,50,-0.2768959773562112,50,0.02,1,358
MOFA+,luminal,50,-0.7166178630053172,50,0.0,3,358
R,basal,50,-0.5008251843160395,50,0.0,2,359
R,her2,50,-0.27647210527633986,50,0.02,1,359
R,luminal,50,-0.17277344857788335,50,0.0,1,359
R+P,basal,50,-0.3043915449526722,50,0.0,0,359
R+P,her2,50,-0.2038084908740159,50,0.0,3,359
R+P,luminal,50,-0.13002024751340963,50,0.0,1,359
R+D,basal,50,-0.45634926977822504,50,0.0,1,359
R+D,her2,50,-0.4195739418691442,50,0.0,2,359
R+D,luminal,50,-0.32879390210602066,50,0.0,1,359
R+P+D,basal,50,-0.21388238808530954,50,0.0,0,359
R+P+D,her2,50,-0.40180735106811416,50,0.0,3,359
R+P+D,luminal,50,-0.2343303697649617,50,0.02,2,359
MOFA+,basal,50,-0.5463558416948096,50,0.0,3,359
MOFA+,her2,50,-0.39835941672586217,50,0.02,5,359
MOFA+,luminal,50,-0.4336475234046903,50,0.0,2,359
R,basal,50,-0.1627141812705397,50,0.0,0,360
R,her2,50,-0.3958223950768581,50,0.04,4,360
R,luminal,50,-0.4672446112944014,50,0.0,0,360
R+P,basal,50,-0.07077483774212673,50,0.0,0,360
R+P,her2,50,-0.4375456947582305,50,0.06,4,360
R+P,luminal,50,-0.2378566814723617,50,0.0,0,360
R+D,basal,50,-0.3692091187023271,50,0.0,0,360
R+D,her2,50,-0.44463210465092123,50,0.04,4,360
R+D,luminal,50,-0.5601969101836343,50,0.0,1,360
R+P+D,basal,50,-0.15395774888752478,50,0.0,1,360
R+P+D,her2,50,-0.4761144021961207,50,0.06,4,360
R+P+D,luminal,50,-0.3458715035775075,50,0.0,1,360
MOFA+,basal,50,-0.3915193340880218,50,0.0,2,360
MOFA+,her2,50,-0.42313238618869314,50,0.02,1,360
MOFA+,luminal,50,-0.5336617848574897,50,0.0,2,360
R,basal,50,-0.16045610811753552,50,0.0,1,361
R,her2,50,-0.30660775977933935,50,0.0,4,361
R,luminal,50,-0.23710586940133066,50,0.0,0,361
R+P,basal,50,-0.17603736397623884,50,0.0,1,361
R+P,her2,50,-0.23671717225060082,50,0.0,2,361
R+P,luminal,50,-0.25054719563525263,50,0.0,0,361
R+D,basal,50,-0.2785764945871724,50,0.0,2,361
R+D,her2,50,-0.32091822214144755,50,0.0,3,361
R+D,luminal,50,-0.33943354476021104,50,0.02,2,361
R+P+D,basal,50,-0.27623922552854574,50,0.0,3,361
R+P+D,her2,50,-0.2985503698462001,50,0.0,3,361
R+P+D,luminal,50,-0.3804858513130258,50,0.0,2,361
MOFA+,basal,50,-0.3915193340880218,50,0.0,2,361
MOFA+,her2,50,-0.08379133735789089,50,0.0,0,361
MOFA+,luminal,50,-0.4875302239750314,50,0.0,4,361
R,basal,50,-0.20909613805971217,50,0.0,1,362
R,her2,50,-0.3094895236576015,50,0.0,2,362
R,luminal,50,-0.7102026869774294,50,0.0,3,362
R+P,basal,50,-0.2257657643519383,50,0.0,1,362
R+P,her2,50,-0.2875467699868219,50,0.0,0,362
R+P,luminal,50,-0.37466212147293076,50,0.0,2,362
R+D,basal,50,-0.348627724334049,50,0.0,2,362
R+D,her2,50,-0.46123061708455587,50,0.0,2,362
R+D,luminal,50,-0.5914989477895221,50,0.0,4,362
R+P+D,basal,50,-0.24007698883903597,50,0.0,1,362
R+P+D,her2,50,-0.3668087691592489,50,0.0,2,362
R+P+D,luminal,50,-0.540525625060416,50,0.0,3,362
MOFA+,basal,50,-0.27447206105048505,50,0.0,1,362
MOFA+,her2,50,-0.08379133735789089,50,0.0,0,362
MOFA+,luminal,50,-0.5614016197427435,50,0.0,3,362
R,basal,50,-0.551717993690585,50,0.0,6,363
R,her2,50,-0.0932746177873221,50,0.04,0,363
R,luminal,50,-0.28484285237929596,50,0.0,2,363
R+P,basal,50,-0.3930561375992413,50,0.0,3,363
R+P,her2,50,-0.16452549501592822,50,0.02,0,363
R+P,luminal,50,-0.439667067633452,50,0.0,0,363
R+D,basal,50,-0.7419081702370489,50,0.0,7,363
R+D,her2,50,-0.2737906323881159,50,0.0,1,363
R+D,luminal,50,-0.3280376518559466,50,0.0,4,363
R+P+D,basal,50,-0.47503421722180145,50,0.0,5,363
R+P+D,her2,50,-0.34528772777900935,50,0.0,0,363
R+P+D,luminal,50,-0.46135518937733677,50,0.0,2,363
MOFA+,basal,50,-0.5054582191460999,50,0.0,4,363
MOFA+,her2,50,-0.01313290143070867,50,0.0,4,363
MOFA+,luminal,50,-0.22472778073296432,50,0.0,1,363
R,basal,50,-0.3620676487684723,50,0.0,4,364
R,her2,50,-0.34808678436113266,50,0.0,2,364
R,luminal,50,-0.2717018390819807,50,0.06,4,364
R+P,basal,50,-0.22684067762495932,50,0.0,2,364
R+P,her2,50,-0.4689635131874339,50,0.0,4,364
R+P,luminal,50,-0.25517966613752924,50,0.04,3,364
R+D,basal,50,-0.5740838167992215,50,0.0,9,364
R+D,her2,50,-0.4306946804264639,50,0.0,2,364
R+D,luminal,50,-0.28696441177071974,50,0.02,4,364
R+P+D,basal,50,-0.3549008254237853,50,0.0,3,364
R+P+D,her2,50,-0.44969194308613547,50,0.0,2,364
R+P+D,luminal,50,-0.39280213523246155,50,0.02,3,364
MOFA+,basal,50,-0.012019998178718974,50,0.0,4,364
MOFA+,her2,50,-0.5491719546595314,50,0.0,3,364
MOFA+,luminal,50,-0.3952030647717412,50,0.0,5,364
R,basal,50,-0.18561235103472012,50,0.0,0,365
R,her2,50,-0.6323594805212012,50,0.0,4,365
R,luminal,50,-0.3894197610049993,50,0.02,1,365
R+P,basal,50,-0.2731463250725695,50,0.02,1,365
R+P,her2,50,-0.40897757732843876,50,0.0,2,365
R+P,luminal,50,-0.3137077192545584,50,0.0,4,365
R+D,basal,50,-0.2785229132977388,50,0.0,1,365
R+D,her2,50,-0.5674207217776857,50,0.0,5,365
R+D,luminal,50,-0.43811901279986193,50,0.04,2,365
R+P+D,basal,50,-0.2471796713240688,50,0.0,2,365
R+P+D,her2,50,-0.437240008741138,50,0.0,4,365
R+P+D,luminal,50,-0.4580312820603317,50,0.04,1,365
MOFA+,basal,50,-0.5159430532564055,50,0.0,5,365
MOFA+,her2,50,-0.7022956727559374,50,0.0,3,365
MOFA+,luminal,50,-0.38706270944304655,50,0.0,1,365
R,basal,50,-0.2524731540362989,50,0.0,2,366
R,her2,50,-0.4775435083987372,50,0.0,1,366
R,luminal,50,-0.3003218701748699,50,0.0,1,366
R+P,basal,50,-0.2513330561856149,50,0.0,0,366
R+P,her2,50,-0.5403399011184231,50,0.0,4,366
R+P,luminal,50,-0.28615248917139524,50,0.0,1,366
R+D,basal,50,-0.4770147112720107,50,0.0,3,366
R+D,her2,50,-0.5043936505487592,50,0.02,1,366
R+D,luminal,50,-0.44240296523247397,50,0.0,2,366
R+P+D,basal,50,-0.40439653013605764,50,0.0,1,366
R+P+D,her2,50,-0.479314314219991,50,0.04,1,366
R+P+D,luminal,50,-0.368328980033972,50,0.0,0,366
MOFA+,basal,50,-0.368276449712905,50,0.02,2,366
MOFA+,her2,50,-0.42313238618869314,50,0.02,1,366
MOFA+,luminal,50,-0.5834359116792033,50,0.0,1,366
R,basal,50,-0.38166872522974027,50,0.0,4,367
R,her2,50,-0.31798667456086044,50,0.02,5,367
R,luminal,50,-0.4792167012454781,50,0.02,3,367
R+P,basal,50,-0.163612031871419,50,0.0,3,367
R+P,her2,50,-0.32770539497418255,50,0.0,5,367
R+P,luminal,50,-0.3614987414497029,50,0.02,0,367
R+D,basal,50,-0.435691589039642,50,0.0,3,367
R+D,her2,50,-0.34757502960926856,50,0.02,2,367
R+D,luminal,50,-0.6294184744973933,50,0.02,3,367
R+P+D,basal,50,-0.28950562927924767,50,0.0,5,367
R+P+D,her2,50,-0.3692865740912837,50,0.0,4,367
R+P+D,luminal,50,-0.4923367208808051,50,0.02,2,367
MOFA+,basal,50,-0.368276449712905,50,0.02,2,367
MOFA+,her2,50,-0.3930197206468565,50,0.02,2,367
MOFA+,luminal,50,-0.32524904615232936,50,0.0,1,367
R,basal,50,-0.23716594789026663,50,0.0,1,368
R,her2,50,-0.47797508129182964,50,0.0,4,368
R,luminal,50,-0.28731372619115797,50,0.02,1,368
R+P,basal,50,-0.11234093015026897,50,0.0,0,368
R+P,her2,50,-0.14112305300369601,50,0.0,1,368
R+P,luminal,50,-0.23683827775773938,50,0.02,5,368
R+D,basal,50,-0.19599054844989847,50,0.0,1,368
R+D,her2,50,-0.6225972597480207,50,0.0,3,368
R+D,luminal,50,-0.41902551469318466,50,0.0,2,368
R+P+D,basal,50,-0.19755954225389744,50,0.0,0,368
R+P+D,her2,50,-0.38525909331182606,50,0.0,2,368
R+P+D,luminal,50,-0.5521133415403936,50,0.0,4,368
MOFA+,basal,50,-0.27447206105048505,50,0.0,1,368
MOFA+,her2,50,-0.3120793521641551,50,0.0,1,368
MOFA+,luminal,50,-0.5614016197427435,50,0.0,3,368
R,basal,50,-0.30486478768488734,50,0.0,4,369
R,her2,50,-0.2328432818013305,50,0.02,2,369
R,luminal,50,-0.18805973976646873,50,0.0,3,369
R+P,basal,50,-0.13089874813967162,50,0.0,3,369
R+P,her2,50,-0.17939459723174206,50,0.02,4,369
R+P,luminal,50,-0.2903101833639583,50,0.0,2,369
R+D,basal,50,-0.5752943853589777,50,0.0,4,369
R+D,her2,50,-0.35662481554122777,50,0.02,3,369
R+D,luminal,50,-0.3562187272207929,50,0.0,2,369
R+P+D,basal,50,-0.3021991229807072,50,0.0,3,369
R+P+D,her2,50,-0.2955935026252151,50,0.0,3,369
R+P+D,luminal,50,-0.3917702883930742,50,0.0,4,369
MOFA+,basal,50,-0.4181651333139253,50,0.0,2,369
MOFA+,her2,50,-0.30258820694702326,50,0.02,2,369
MOFA+,luminal,50,-0.3952030647717412,50,0.0,5,369
R,basal,50,-0.5684102109271226,50,0.0,1,370
R,her2,50,-0.31933316762829345,50,0.02,3,370
R,luminal,50,-0.30568266922368126,50,0.0,3,370
R+P,basal,50,-0.2578522154703492,50,0.0,4,370
R+P,her2,50,-0.38741890034032267,50,0.02,3,370
R+P,luminal,50,-0.32798905474971235,50,0.02,3,370
R+D,basal,50,-0.522766550883762,50,0.0,0,370
R+D,her2,50,-0.493422723721339,50,0.0,4,370
R+D,luminal,50,-0.33366331576214464,50,0.0,3,370
R+P+D,basal,50,-0.1981345731513024,50,0.0,2,370
R+P+D,her2,50,-0.4442261452839091,50,0.02,4,370
R+P+D,luminal,50,-0.364083458914733,50,0.0,3,370
MOFA+,basal,50,-0.3212467034974735,50,0.0,1,370
MOFA+,her2,50,-0.5159761307760569,50,0.0,4,370
MOFA+,luminal,50,-0.27498818356268634,50,0.0,1,370
R,basal,50,-0.1694753487308358,50,0.0,3,371
R,her2,50,-0.5854971994704451,50,0.0,2,371
R,luminal,50,-0.6310263300402164,50,0.0,4,371
R+P,basal,50,-0.1920850725860185,50,0.0,3,371
R+P,her2,50,-0.5791527101043448,50,0.02,5,371
R+P,luminal,50,-0.35215424870884804,50,0.0,2,371
R+D,basal,50,-0.23859737883097432,50,0.0,2,371
R+D,her2,50,-0.5774559306761495,50,0.0,2,371
R+D,luminal,50,-0.5843510983379038,50,0.0,4,371
R+P+D,basal,50,-0.3424990947120431,50,0.0,4,371
R+P+D,her2,50,-0.5364908291476422,50,0.0,1,371
R+P+D,luminal,50,-0.46033293343248927,50,0.0,3,371
MOFA+,basal,50,-0.5624526968256038,50,0.0,1,371
MOFA+,her2,50,-0.08379133735789089,50,0.0,0,371
MOFA+,luminal,50,-0.33866773742407064,50,0.0,2,371
R,basal,50,-0.36879076005238803,50,0.0,1,372
R,her2,50,-0.29326208792410596,50,0.0,5,372
R,luminal,50,-0.428084728015219,50,0.02,3,372
R+P,basal,50,-0.26056843712805267,50,0.0,1,372
R+P,her2,50,-0.4300163897968038,50,0.0,5,372
R+P,luminal,50,-0.2650745848114303,50,0.02,2,372
R+D,basal,50,-0.4417830157951753,50,0.0,0,372
R+D,her2,50,-0.4337788027202852,50,0.0,5,372
R+D,luminal,50,-0.4752258945876931,50,0.02,2,372
R+P+D,basal,50,-0.3796697937545549,50,0.0,1,372
R+P+D,her2,50,-0.41801496244293174,50,0.0,3,372
R+P+D,luminal,50,-0.2970990537713558,50,0.02,1,372
MOFA+,basal,50,-0.3915193340880218,50,0.0,2,372
MOFA+,her2,50,-0.08379133735789089,50,0.0,0,372
MOFA+,luminal,50,-0.4875302239750314,50,0.0,4,372
R,basal,50,-0.4617573306889554,50,0.0,1,373
R,her2,50,-0.5603268231429364,50,0.0,3,373
R,luminal,50,-0.19671051120951705,50,0.0,0,373
R+P,basal,50,-0.3435028119514014,50,0.0,1,373
R+P,her2,50,-0.4578337515660934,50,0.0,7,373
R+P,luminal,50,-0.10794875094203622,50,0.0,0,373
R+D,basal,50,-0.5568799158108542,50,0.0,1,373
R+D,her2,50,-0.5720273512734305,50,0.0,4,373
R+D,luminal,50,-0.16114917708518262,50,0.0,0,373
R+P+D,basal,50,-0.36795227971560585,50,0.0,3,373
R+P+D,her2,50,-0.41893614859496625,50,0.0,3,373
R+P+D,luminal,50,-0.21113892119897856,50,0.0,0,373
MOFA+,basal,50,-0.21929701202341526,50,0.0,1,373
MOFA+,her2,50,-0.5491719546595314,50,0.0,3,373
MOFA+,luminal,50,-0.049338171842283035,50,0.0,3,373
R,basal,50,-0.41771169759858856,50,0.0,0,374
R,her2,50,-0.5607384567997211,50,0.0,2,374
R,luminal,50,-0.17853064494118917,50,0.02,3,374
R+P,basal,50,-0.4364098544691023,50,0.0,0,374
R+P,her2,50,-0.4619767595839439,50,0.0,5,374
R+P,luminal,50,-0.16140457426407143,50,0.02,3,374
R+D,basal,50,-0.4985531370148464,50,0.0,3,374
R+D,her2,50,-0.4787158785379053,50,0.0,1,374
R+D,luminal,50,-0.324237859139639,50,0.02,5,374
R+P+D,basal,50,-0.5592127109138039,50,0.0,2,374
R+P+D,her2,50,-0.49128161802164483,50,0.0,3,374
R+P+D,luminal,50,-0.22984576352854375,50,0.02,4,374
MOFA+,basal,50,-0.5178778430235921,50,0.0,2,374
MOFA+,her2,50,-0.42313238618869314,50,0.02,1,374
MOFA+,luminal,50,-0.014035583308286484,50,0.0,4,374
R,basal,50,-0.2732720242346266,50,0.0,1,375
R,her2,50,-0.3159922766332933,50,0.0,4,375
R,luminal,50,-0.10217004091607887,50,0.0,2,375
R+P,basal,50,-0.2583429349607651,50,0.0,1,375
R+P,her2,50,-0.28651757719766935,50,0.0,2,375
R+P,luminal,50,-0.25052685451166395,50,0.02,3,375
R+D,basal,50,-0.37551354669589954,50,0.0,2,375
R+D,her2,50,-0.5787271267837523,50,0.0,4,375
R+D,luminal,50,-0.3486621984834577,50,0.0,2,375
R+P+D,basal,50,-0.3350023424098624,50,0.0,2,375
R+P+D,her2,50,-0.4130357623714928,50,0.0,1,375
R+P+D,luminal,50,-0.33086251855030063,50,0.02,4,375
MOFA+,basal,50,-0.27447206105048505,50,0.0,1,375
MOFA+,her2,50,-0.5652605157510739,50,0.0,1,375
MOFA+,luminal,50,-0.5614016197427435,50,0.0,3,375
R,basal,50,-0.4733190176694746,50,0.0,2,376
R,her2,50,-0.5680531244661932,50,0.0,3,376
R,luminal,50,-0.08690378724132497,50,0.0,3,376
R+P,basal,50,-0.48457972763584534,50,0.0,2,376
R+P,her2,50,-0.37321187215230417,50,0.0,2,376
R+P,luminal,50,-0.08435188885299061,50,0.0,3,376
R+D,basal,50,-0.5738796116932722,50,0.0,1,376
R+D,her2,50,-0.5798135429634307,50,0.0,2,376
R+D,luminal,50,-0.23018414798770795,50,0.02,5,376
R+P+D,basal,50,-0.5318970021732661,50,0.0,0,376
R+P+D,her2,50,-0.3509112116974341,50,0.0,2,376
R+P+D,luminal,50,-0.18749466405485218,50,0.0,4,376
MOFA+,basal,50,-0.5624526968256038,50,0.0,1,376
MOFA+,her2,50,-0.3120793521641551,50,0.0,1,376
MOFA+,luminal,50,-0.014035583308286484,50,0.0,4,376
R,basal,50,-0.21589347680851642,50,0.0,1,377
R,her2,50,-0.2870649251615024,50,0.0,1,377
R,luminal,50,-0.32758507341849125,50,0.0,4,377
R+P,basal,50,-0.33664552648535084,50,0.0,0,377
R+P,her2,50,-0.3567498756503148,50,0.0,1,377
R+P,luminal,50,-0.4104528494540655,50,0.0,1,377
R+D,basal,50,-0.4604637032779142,50,0.0,3,377
R+D,her2,50,-0.497857712803128,50,0.0,3,377
R+D,luminal,50,-0.4777545683462737,50,0.02,2,377
R+P+D,basal,50,-0.41655957124258797,50,0.0,1,377
R+P+D,her2,50,-0.39984672769550783,50,0.0,0,377
R+P+D,luminal,50,-0.3667722462463336,50,0.0,1,377
MOFA+,basal,50,-0.3889951945560759,50,0.0,1,377
MOFA+,her2,50,-0.5652605157510739,50,0.0,1,377
MOFA+,luminal,50,-0.33866773742407064,50,0.0,2,377
R,basal,50,-0.2246124918040909,50,0.0,3,378
R,her2,50,-0.2950577933025993,50,0.0,5,378
R,luminal,50,-0.5108503909551788,50,0.0,4,378
R+P,basal,50,-0.15251038969371053,50,0.0,3,378
R+P,her2,50,-0.15836902895510477,50,0.0,2,378
R+P,luminal,50,-0.2919129230298099,50,0.0,2,378
R+D,basal,50,-0.27438244420335683,50,0.0,3,378
R+D,her2,50,-0.4433506469744652,50,0.02,2,378
R+D,luminal,50,-0.5070408065380518,50,0.0,1,378
R+P+D,basal,50,-0.3604918483638349,50,0.0,3,378
R+P+D,her2,50,-0.45515620235393206,50,0.02,1,378
R+P+D,luminal,50,-0.42114000976725663,50,0.0,2,378
MOFA+,basal,50,-0.3915193340880218,50,0.0,2,378
MOFA+,her2,50,-0.04592504717146089,50,0.0,3,378
MOFA+,luminal,50,-0.4336475234046903,50,0.0,2,378
R,basal,50,-0.064408796108004,50,0.0,4,379
R,her2,50,-0.5088208740951043,50,0.0,0,379
R,luminal,50,-0.39632037866912617,50,0.0,3,379
R+P,basal,50,-0.0380961509815458,50,0.0,3,379
R+P,her2,50,-0.5544384165181188,50,0.0,2,379
R+P,luminal,50,-0.41783130220727904,50,0.0,4,379
R+D,basal,50,-0.12724781552604505,50,0.0,2,379
R+D,her2,50,-0.5631321784876178,50,0.0,2,379
R+D,luminal,50,-0.3351484585998577,50,0.0,2,379
R+P+D,basal,50,-0.09682375753739614,50,0.0,1,379
R+P+D,her2,50,-0.5662239670634435,50,0.0,1,379
R+P+D,luminal,50,-0.38877119699686424,50,0.02,2,379
MOFA+,basal,50,-0.012019998178718974,50,0.0,4,379
MOFA+,her2,50,-0.40456322390936145,50,0.0,2,379
MOFA+,luminal,50,-0.3952030647717412,50,0.0,5,379
R,basal,50,-0.25569826952648544,50,0.0,2,380
R,her2,50,-0.6535455343980147,50,0.0,2,380
R,luminal,50,-0.26674295606216625,50,0.02,2,380
R+P,basal,50,-0.21842925192208645,50,0.0,2,380
R+P,her2,50,-0.5010641274206192,50,0.0,3,380
R+P,luminal,50,-0.2626786911019079,50,0.0,2,380
R+D,basal,50,-0.38139150328519833,50,0.0,2,380
R+D,her2,50,-0.6534082728302305,50,0.0,4,380
R+D,luminal,50,-0.3395823388413291,50,0.02,0,380
R+P+D,basal,50,-0.41568817238941497,50,0.0,3,380
R+P+D,her2,50,-0.643028740127604,50,0.0,3,380
R+P+D,luminal,50,-0.3059391969218406,50,0.0,1,380
MOFA+,basal,50,-0.5159430532564055,50,0.0,5,380
MOFA+,her2,50,-0.36001283190272754,50,0.0,1,380
MOFA+,luminal,50,-0.38706270944304655,50,0.0,1,380
R,basal,50,-0.298456073033758,50,0.0,3,381
R,her2,50,-0.4987712572087035,50,0.0,4,381
R,luminal,50,-0.07860061275423501,50,0.0,0,381
R+P,basal,50,-0.24936497362386942,50,0.0,1,381
R+P,her2,50,-0.340764463679148,50,0.0,4,381
R+P,luminal,50,-0.13109082720738205,50,0.02,0,381
R+D,basal,50,-0.37676076554945,50,0.0,4,381
R+D,her2,50,-0.46930385622152954,50,0.0,4,381
R+D,luminal,50,-0.2768647778910368,50,0.0,0,381
R+P+D,basal,50,-0.3375323031074157,50,0.0,3,381
R+P+D,her2,50,-0.4364322223955038,50,0.0,2,381
R+P+D,luminal,50,-0.2636502354505969,50,0.0,0,381
MOFA+,basal,50,-0.39079658001654743,50,0.0,5,381
MOFA+,her2,50,-0.21672749174668915,50,0.0,1,381
MOFA+,luminal,50,-0.4336475234046903,50,0.0,2,381
R,basal,50,-0.2281707039711367,50,0.0,2,382
R,her2,50,-0.317009501960895,50,0.0,1,382
R,luminal,50,-0.43488851522113464,50,0.0,2,382
R+P,basal,50,-0.11129408086169681,50,0.0,1,382
R+P,her2,50,-0.40249488880602596,50,0.02,1,382
R+P,luminal,50,-0.5012495169479265,50,0.0,2,382
R+D,basal,50,-0.35364369134953827,50,0.0,3,382
R+D,her2,50,-0.5530109860941697,50,0.0,2,382
R+D,luminal,50,-0.46331899806025384,50,0.0,1,382
R+P+D,basal,50,-0.21712436474712285,50,0.0,0,382
R+P+D,her2,50,-0.4428437705260111,50,0.0,3,382
R+P+D,luminal,50,-0.3704555927661268,50,0.0,1,382
MOFA+,basal,50,-0.012019998178718974,50,0.0,4,382
MOFA+,her2,50,-0.42313238618869314,50,0.02,1,382
MOFA+,luminal,50,-0.7166178630053172,50,0.0,3,382
R,basal,50,-0.41450946785825576,50,0.0,1,383
R,her2,50,-0.31720925491294305,50,0.0,1,383
R,luminal,50,-0.2917178759757599,50,0.0,1,383
R+P,basal,50,-0.4350644314080205,50,0.0,2,383
R+P,her2,50,-0.37981617094543735,50,0.04,1,383
R+P,luminal,50,-0.23725125626573554,50,0.0,1,383
R+D,basal,50,-0.417941947770916,50,0.0,3,383
R+D,her2,50,-0.40723368507654145,50,0.0,2,383
R+D,luminal,50,-0.5471323336093501,50,0.0,3,383
R+P+D,basal,50,-0.43710417590127953,50,0.0,3,383
R+P+D,her2,50,-0.44767168156051695,50,0.0,2,383
R+P+D,luminal,50,-0.4561558501149871,50,0.04,0,383
MOFA+,basal,50,-0.5624526968256038,50,0.0,1,383
MOFA+,her2,50,-0.4928444076680832,50,0.0,5,383
MOFA+,luminal,50,-0.33866773742407064,50,0.0,2,383
R,basal,50,-0.09927517366399678,50,0.0,3,384
R,her2,50,-0.21141620445846954,50,0.0,1,384
R,luminal,50,-0.7198132816396611,50,0.0,5,384
R+P,basal,50,-0.08347145206227244,50,0.0,3,384
R+P,her2,50,-0.10782109876484927,50,0.0,2,384
R+P,luminal,50,-0.6903731696976806,50,0.0,4,384
R+D,basal,50,-0.24837175088459504,50,0.0,4,384
R+D,her2,50,-0.36423086476905736,50,0.0,2,384
R+D,luminal,50,-0.6258217876034428,50,0.0,2,384
R+P+D,basal,50,-0.17472725514832838,50,0.0,5,384
R+P+D,her2,50,-0.1559493499164816,50,0.0,2,384
R+P+D,luminal,50,-0.4836216035083868,50,0.0,2,384
MOFA+,basal,50,-0.28769486971114927,50,0.0,2,384
MOFA+,her2,50,-0.40456322390936145,50,0.0,2,384
MOFA+,luminal,50,-0.5336617848574897,50,0.0,2,384
R,basal,50,-0.3548791342013138,50,0.0,4,385
R,her2,50,-0.1515678873905409,50,0.0,1,385
R,luminal,50,-0.5201003050649591,50,0.0,3,385
R+P,basal,50,-0.5240997105411632,50,0.0,1,385
R+P,her2,50,-0.06511600638923298,50,0.02,4,385
R+P,luminal,50,-0.7949349724891475,50,0.0,3,385
R+D,basal,50,-0.5400529305775287,50,0.0,4,385
R+D,her2,50,-0.26665496788630655,50,0.0,0,385
R+D,luminal,50,-0.5741467979590738,50,0.0,3,385
R+P+D,basal,50,-0.538580405072286,50,0.0,1,385
R+P+D,her2,50,-0.23051602878785957,50,0.02,3,385
R+P+D,luminal,50,-0.6876264613062776,50,0.0,2,385
MOFA+,basal,50,-0.27447206105048505,50,0.0,1,385
MOFA+,her2,50,-0.04592504717146089,50,0.0,3,385
MOFA+,luminal,50,-0.5336617848574897,50,0.0,2,385
R,basal,50,-0.4254609512113948,50,0.0,3,386
R,her2,50,-0.36186590978074995,50,0.0,5,386
R,luminal,50,-0.11058719399853999,50,0.0,4,386
R+P,basal,50,-0.3380273024995072,50,0.0,4,386
R+P,her2,50,-0.1590568199559919,50,0.0,2,386
R+P,luminal,50,-0.16497918069715112,50,0.0,1,386
R+D,basal,50,-0.44280101920669224,50,0.0,2,386
R+D,her2,50,-0.5610220542763038,50,0.0,5,386
R+D,luminal,50,-0.33909166734087376,50,0.02,1,386
R+P+D,basal,50,-0.39943577066605324,50,0.0,3,386
R+P+D,her2,50,-0.3460330761247944,50,0.0,3,386
R+P+D,luminal,50,-0.43349409388723514,50,0.04,1,386
MOFA+,basal,50,-0.40261158750576387,50,0.0,1,386
MOFA+,her2,50,-0.5067927857540258,50,0.0,2,386
MOFA+,luminal,50,-0.32575067826405774,50,0.02,2,386
R,basal,50,-0.09910530252184978,50,0.0,0,387
R,her2,50,-0.1892050455573622,50,0.0,1,387
R,luminal,50,-0.7362583949000903,50,0.0,5,387
R+P,basal,50,-0.025561802251586056,50,0.0,1,387
R+P,her2,50,-0.04043170693883665,50,0.0,0,387
R+P,luminal,50,-0.5678605998683672,50,0.0,4,387
R+D,basal,50,-0.2330287202562052,50,0.0,0,387
R+D,her2,50,-0.2071599323059947,50,0.02,1,387
R+D,luminal,50,-0.4020079871221871,50,0.0,3,387
R+P+D,basal,50,-0.26674363466187667,50,0.0,1,387
R+P+D,her2,50,-0.1560534864424027,50,0.02,1,387
R+P+D,luminal,50,-0.34455415497428526,50,0.0,2,387
MOFA+,basal,50,-0.012019998178718974,50,0.0,4,387
MOFA+,her2,50,-0.31448275361111183,50,0.04,2,387
MOFA+,luminal,50,-0.4875302239750314,50,0.0,4,387
R,basal,50,-0.14491841385001744,50,0.0,0,388
R,her2,50,-0.3381127132772727,50,0.0,0,388
R,luminal,50,-0.3763652541749496,50,0.0,2,388
R+P,basal,50,-0.13097361479691552,50,0.0,1,388
R+P,her2,50,-0.48982092877604816,50,0.0,0,388
R+P,luminal,50,-0.24242660356478526,50,0.0,1,388
R+D,basal,50,-0.22147833139222897,50,0.0,0,388
R+D,her2,50,-0.406865421683816,50,0.0,1,388
R+D,luminal,50,-0.4154941196054932,50,0.0,2,388
R+P+D,basal,50,-0.18401759356883374,50,0.0,2,388
R+P+D,her2,50,-0.49849505609802536,50,0.0,1,388
R+P+D,luminal,50,-0.378192225300053,50,0.0,3,388
MOFA+,basal,50,-0.012019998178718974,50,0.0,4,388
MOFA+,her2,50,-0.30258820694702326,50,0.02,2,388
MOFA+,luminal,50,-0.08707907674069461,50,0.0,0,388
R,basal,50,-0.14937006979545486,50,0.0,3,389
R,her2,50,-0.5520966711936259,50,0.0,3,389
R,luminal,50,-0.4759983392737167,50,0.02,0,389
R+P,basal,50,-0.056874523661890934,50,0.0,1,389
R+P,her2,50,-0.46037702524513086,50,0.0,4,389
R+P,luminal,50,-0.3672575412302632,50,0.0,2,389
R+D,basal,50,-0.23905783474207254,50,0.0,2,389
R+D,her2,50,-0.5727349191109524,50,0.0,3,389
R+D,luminal,50,-0.5824571867275737,50,0.02,1,389
R+P+D,basal,50,-0.1949805686838718,50,0.0,1,389
R+P+D,her2,50,-0.3973085737436057,50,0.0,3,389
R+P+D,luminal,50,-0.5497000631096688,50,0.0,2,389
MOFA+,basal,50,-0.5624526968256038,50,0.0,1,389
MOFA+,her2,50,-0.7022956727559374,50,0.0,3,389
MOFA+,luminal,50,-0.3952030647717412,50,0.0,5,389
R,basal,50,-0.18138590527700618,50,0.0,2,390
R,her2,50,-0.4715123083209252,50,0.0,3,390
R,luminal,50,-0.31995350129556926,50,0.0,2,390
R+P,basal,50,-0.15732289393431445,50,0.0,2,390
R+P,her2,50,-0.6152227006061186,50,0.0,2,390
R+P,luminal,50,-0.2538414566341531,50,0.0,2,390
R+D,basal,50,-0.29312167816887247,50,0.0,2,390
R+D,her2,50,-0.6114119576554057,50,0.0,4,390
R+D,luminal,50,-0.41666100452254334,50,0.0,2,390
R+P+D,basal,50,-0.19381155148787563,50,0.0,1,390
R+P+D,her2,50,-0.6146200401352598,50,0.0,1,390
R+P+D,luminal,50,-0.35666540668842595,50,0.0,2,390
MOFA+,basal,50,-0.5463558416948096,50,0.0,3,390
MOFA+,her2,50,-0.5159761307760569,50,0.0,4,390
MOFA+,luminal,50,-0.42447621761666204,50,0.0,2,390
R,basal,50,-0.2853918332692291,50,0.0,0,391
R,her2,50,-0.3064156001563669,50,0.02,1,391
R,luminal,50,-0.4417641902653753,50,0.0,4,391
R+P,basal,50,-0.19809636081394666,50,0.0,1,391
R+P,her2,50,-0.14213000988320282,50,0.0,2,391
R+P,luminal,50,-0.4316902630507944,50,0.0,3,391
R+D,basal,50,-0.33364838590496754,50,0.0,1,391
R+D,her2,50,-0.3238311327380084,50,0.0,0,391
R+D,luminal,50,-0.4754310206026679,50,0.0,1,391
R+P+D,basal,50,-0.31792386723751553,50,0.0,1,391
R+P+D,her2,50,-0.17903428599956886,50,0.0,1,391
R+P+D,luminal,50,-0.5590787465350814,50,0.0,6,391
MOFA+,basal,50,-0.28769486971114927,50,0.0,2,391
MOFA+,her2,50,-0.30258820694702326,50,0.02,2,391
MOFA+,luminal,50,-0.5336617848574897,50,0.0,2,391
R,basal,50,-0.07244014827024521,50,0.0,1,392
R,her2,50,-0.39807268677427887,50,0.02,2,392
R,luminal,50,-0.5066369354467506,50,0.0,3,392
R+P,basal,50,-0.2078771953949019,50,0.0,3,392
R+P,her2,50,-0.4662417426076157,50,0.02,1,392
R+P,luminal,50,-0.14067252582585096,50,0.0,2,392
R+D,basal,50,-0.23038901116092073,50,0.0,1,392
R+D,her2,50,-0.6400266024765341,50,0.02,4,392
R+D,luminal,50,-0.502601382005196,50,0.0,1,392
R+P+D,basal,50,-0.19043106212229638,50,0.0,1,392
R+P+D,her2,50,-0.5140434201925526,50,0.02,0,392
R+P+D,luminal,50,-0.2159225964453121,50,0.0,0,392
MOFA+,basal,50,-0.39079658001654743,50,0.0,5,392
MOFA+,her2,50,-0.7022956727559374,50,0.0,3,392
MOFA+,luminal,50,-0.4336475234046903,50,0.0,2,392
R,basal,50,-0.15654286770875867,50,0.0,1,393
R,her2,50,-0.30588309653740425,50,0.02,6,393
R,luminal,50,-0.3563880144756853,50,0.0,1,393
R+P,basal,50,-0.17680472419417184,50,0.0,1,393
R+P,her2,50,-0.28003429609978187,50,0.02,3,393
R+P,luminal,50,-0.382878110681528,50,0.0,1,393
R+D,basal,50,-0.2329435247291968,50,0.0,1,393
R+D,her2,50,-0.31853617078979896,50,0.02,5,393
R+D,luminal,50,-0.4315830345401974,50,0.02,2,393
R+P+D,basal,50,-0.19023085823601982,50,0.0,1,393
R+P+D,her2,50,-0.3619016795521221,50,0.02,4,393
R+P+D,luminal,50,-0.42781965298715163,50,0.02,0,393
MOFA+,basal,50,-0.21929701202341526,50,0.0,1,393
MOFA+,her2,50,-0.39835941672586217,50,0.02,5,393
MOFA+,luminal,50,-0.5834359116792033,50,0.0,1,393
R,basal,50,-0.4711321276508289,50,0.0,2,394
R,her2,50,-0.3514597406495603,50,0.0,2,394
R,luminal,50,-0.35723436094057076,50,0.0,2,394
R+P,basal,50,-0.28228490048839183,50,0.0,4,394
R+P,her2,50,-0.24251471106458625,50,0.0,3,394
R+P,luminal,50,-0.3896140597074988,50,0.0,3,394
R+D,basal,50,-0.48605482440601266,50,0.0,3,394
R+D,her2,50,-0.4341159609366311,50,0.0,2,394
R+D,luminal,50,-0.37825133597809135,50,0.0,1,394
R+P+D,basal,50,-0.39179189432467504,50,0.0,5,394
R+P+D,her2,50,-0.23576230560624997,50,0.0,1,394
R+P+D,luminal,50,-0.40599773292745966,50,0.0,2,394
MOFA+,basal,50,-0.28982350086081005,50,0.0,2,394
MOFA+,her2,50,-0.21672749174668915,50,0.0,1,394
MOFA+,luminal,50,-0.7166178630053172,50,0.0,3,394
R,basal,50,-0.31852273702346084,50,0.0,4,395
R,her2,50,-0.26157179545096576,50,0.04,2,395
R,luminal,50,-0.49856954545460724,50,0.0,1,395
R+P,basal,50,-0.25222619762826,50,0.0,0,395
R+P,her2,50,-0.25863205969921865,50,0.02,2,395
R+P,luminal,50,-0.3229776071326811,50,0.0,3,395
R+D,basal,50,-0.3813597699250144,50,0.0,2,395
R+D,her2,50,-0.361422647387331,50,0.02,3,395
R+D,luminal,50,-0.477324928393822,50,0.0,4,395
R+P+D,basal,50,-0.4526254721090467,50,0.0,1,395
R+P+D,her2,50,-0.37091383272460143,50,0.02,3,395
R+P+D,luminal,50,-0.32451021394148477,50,0.0,2,395
MOFA+,basal,50,-0.5159430532564055,50,0.0,5,395
MOFA+,her2,50,-0.2768959773562112,50,0.02,1,395
MOFA+,luminal,50,-0.5614016197427435,50,0.0,3,395
R,basal,50,-0.17171328887784199,50,0.0,2,396
R,her2,50,-0.16027215412044535,50,0.0,0,396
R,luminal,50,-0.2036775624457588,50,0.02,5,396
R+P,basal,50,-0.2379587914774005,50,0.0,0,396
R+P,her2,50,-0.21446143544866816,50,0.0,3,396
R+P,luminal,50,-0.245559588366182,50,0.06,4,396
R+D,basal,50,-0.4964794193519093,50,0.0,2,396
R+D,her2,50,-0.41024567155495556,50,0.0,4,396
R+D,luminal,50,-0.3744553876859756,50,0.04,3,396
R+P+D,basal,50,-0.37389844173548625,50,0.0,1,396
R+P+D,her2,50,-0.25897939366491224,50,0.0,3,396
R+P+D,luminal,50,-0.3811083053052256,50,0.04,2,396
MOFA+,basal,50,-0.07330649288426355,50,0.0,0,396
MOFA+,her2,50,-0.04592504717146089,50,0.0,3,396
MOFA+,luminal,50,-0.22472778073296432,50,0.0,1,396
R,basal,50,-0.4190818782941422,50,0.0,1,397
R,her2,50,-0.2626938688094936,50,0.0,2,397
R,luminal,50,-0.1381353465051612,50,0.0,4,397
R+P,basal,50,-0.47645132210299385,50,0.0,4,397
R+P,her2,50,-0.29977555900151215,50,0.0,3,397
R+P,luminal,50,-0.12988965016080606,50,0.0,2,397
R+D,basal,50,-0.58651575545892,50,0.0,5,397
R+D,her2,50,-0.4493992838825531,50,0.04,3,397
R+D,luminal,50,-0.19665634225719103,50,0.0,1,397
R+P+D,basal,50,-0.4969229488240736,50,0.0,3,397
R+P+D,her2,50,-0.3506020393936817,50,0.04,4,397
R+P+D,luminal,50,-0.1018952565324212,50,0.0,2,397
MOFA+,basal,50,-0.7399409894194376,50,0.0,3,397
MOFA+,her2,50,-0.5067927857540258,50,0.0,2,397
MOFA+,luminal,50,-0.38706270944304655,50,0.0,1,397
R,basal,50,-0.20933028352904004,50,0.0,3,398
R,her2,50,-0.2197998918670859,50,0.0,2,398
R,luminal,50,-0.3193349136856894,50,0.02,0,398
R+P,basal,50,-0.2963933874722312,50,0.0,3,398
R+P,her2,50,-0.1032264336956271,50,0.0,1,398
R+P,luminal,50,-0.22279416292867513,50,0.02,0,398
R+D,basal,50,-0.44775750829584837,50,0.0,5,398
R+D,her2,50,-0.40403243557367097,50,0.0,4,398
R+D,luminal,50,-0.45124646316176703,50,0.0,2,398
R+P+D,basal,50,-0.42036544942501336,50,0.0,2,398
R+P+D,her2,50,-0.2731847083246015,50,0.0,4,398
R+P+D,luminal,50,-0.22252175443094813,50,0.0,0,398
MOFA+,basal,50,-0.21929701202341526,50,0.0,1,398
MOFA+,her2,50,-0.01313290143070867,50,0.0,4,398
MOFA+,luminal,50,-0.38706270944304655,50,0.0,1,398
R,basal,50,-0.4694588171131656,50,0.0,3,399
R,her2,50,-0.31647173057358546,50,0.0,1,399
R,luminal,50,-0.20177977640220138,50,0.0,2,399
R+P,basal,50,-0.37432622753905626,50,0.0,2,399
R+P,her2,50,-0.37231483938467574,50,0.0,2,399
R+P,luminal,50,-0.1451081273357828,50,0.0,3,399
R+D,basal,50,-0.3989335927365672,50,0.0,3,399
R+D,her2,50,-0.4753151165922332,50,0.0,2,399
R+D,luminal,50,-0.28956402130385756,50,0.0,2,399
R+P+D,basal,50,-0.4083263100707317,50,0.0,3,399
R+P+D,her2,50,-0.4110857044731893,50,0.0,2,399
R+P+D,luminal,50,-0.21871726245242948,50,0.0,1,399
MOFA+,basal,50,-0.27447206105048505,50,0.0,1,399
MOFA+,her2,50,-0.5491719546595314,50,0.0,3,399
MOFA+,luminal,50,-0.049338171842283035,50,0.0,3,399
R,basal,50,-0.6147882412988895,50,0.0,5,400
R,her2,50,-0.30912895860145106,50,0.0,1,400
R,luminal,50,-0.2043269389000489,50,0.0,5,400
R+P,basal,50,-0.639453787880445,50,0.0,4,400
R+P,her2,50,-0.22032581483095534,50,0.0,2,400
R+P,luminal,50,-0.1514323691818941,50,0.0,2,400
R+D,basal,50,-0.5408171942883764,50,0.0,1,400
R+D,her2,50,-0.4925126481500228,50,0.0,2,400
R+D,luminal,50,-0.2648120876449904,50,0.0,4,400
R+P+D,basal,50,-0.6459808106203346,50,0.0,2,400
R+P+D,her2,50,-0.2743764560231733,50,0.0,2,400
R+P+D,luminal,50,-0.3073001547195034,50,0.0,3,400
MOFA+,basal,50,-0.5463558416948096,50,0.0,3,400
MOFA+,her2,50,-0.3782726858472879,50,0.0,2,400
MOFA+,luminal,50,-0.27498818356268634,50,0.0,1,400
R,basal,50,-0.32671684483610686,50,0.0,1,401
R,her2,50,-0.46988709381635246,50,0.0,1,401
R,luminal,50,-0.15906096694684213,50,0.0,1,401
R+P,basal,50,-0.3386387642782015,50,0.0,3,401
R+P,her2,50,-0.17709669135899972,50,0.0,1,401
R+P,luminal,50,-0.08576287517011276,50,0.0,2,401
R+D,basal,50,-0.42870207208917466,50,0.0,2,401
R+D,her2,50,-0.3714747739562452,50,0.02,3,401
R+D,luminal,50,-0.2872734868883331,50,0.0,2,401
R+P+D,basal,50,-0.4111358307509903,50,0.0,3,401
R+P+D,her2,50,-0.2539276250456274,50,0.0,3,401
R+P+D,luminal,50,-0.2626666314985274,50,0.0,2,401
MOFA+,basal,50,-0.3915193340880218,50,0.0,2,401
MOFA+,her2,50,-0.42313238618869314,50,0.02,1,401
MOFA+,luminal,50,-0.014035583308286484,50,0.0,4,401
R,basal,50,-0.34001564930721706,50,0.0,1,402
R,her2,50,-0.4954745047484665,50,0.0,3,402
R,luminal,50,-0.5484536486674665,50,0.0,3,402
R+P,basal,50,-0.23983250334866899,50,0.0,2,402
R+P,her2,50,-0.23502826544430622,50,0.0,3,402
R+P,luminal,50,-0.3930385434957609,50,0.0,2,402
R+D,basal,50,-0.4832596966465642,50,0.0,2,402
R+D,her2,50,-0.3353261900778404,50,0.0,3,402
R+D,luminal,50,-0.5522004019698534,50,0.0,5,402
R+P+D,basal,50,-0.5670705063213105,50,0.0,2,402
R+P+D,her2,50,-0.3303782552578025,50,0.0,1,402
R+P+D,luminal,50,-0.401773403510748,50,0.0,6,402
MOFA+,basal,50,-0.012019998178718974,50,0.0,4,402
MOFA+,her2,50,-0.39835941672586217,50,0.02,5,402
MOFA+,luminal,50,-0.4108772374338225,50,0.02,1,402
R,basal,50,-0.24201194440187274,50,0.0,1,403
R,her2,50,-0.5047981147775055,50,0.0,1,403
R,luminal,50,-0.17087709082951644,50,0.0,3,403
R+P,basal,50,-0.25268839010101407,50,0.0,1,403
R+P,her2,50,-0.48624812343947194,50,0.0,1,403
R+P,luminal,50,-0.08014136562738798,50,0.0,2,403
R+D,basal,50,-0.3990943026608486,50,0.0,3,403
R+D,her2,50,-0.5037650641434686,50,0.0,1,403
R+D,luminal,50,-0.3986295531913868,50,0.0,3,403
R+P+D,basal,50,-0.3994052949231019,50,0.0,3,403
R+P+D,her2,50,-0.3683239168437757,50,0.0,0,403
R+P+D,luminal,50,-0.33157441661366166,50,0.0,1,403
MOFA+,basal,50,-0.368276449712905,50,0.02,2,403
MOFA+,her2,50,-0.42313238618869314,50,0.02,1,403
MOFA+,luminal,50,-0.014035583308286484,50,0.0,4,403
R,basal,50,-0.4426099683026943,50,0.0,4,404
R,her2,50,-0.27316797262273856,50,0.02,0,404
R,luminal,50,-0.3364308214190317,50,0.0,6,404
R+P,basal,50,-0.46506329003210145,50,0.0,4,404
R+P,her2,50,-0.07772346537266561,50,0.0,2,404
R+P,luminal,50,-0.34419110250438123,50,0.0,5,404
R+D,basal,50,-0.5329132319201141,50,0.0,2,404
R+D,her2,50,-0.3134928843979845,50,0.0,0,404
R+D,luminal,50,-0.31258921022770497,50,0.0,6,404
R+P+D,basal,50,-0.5462978373967229,50,0.0,3,404
R+P+D,her2,50,-0.16879194346114168,50,0.02,1,404
R+P+D,luminal,50,-0.32275600934349735,50,0.0,4,404
MOFA+,basal,50,-0.40261158750576387,50,0.0,1,404
MOFA+,her2,50,-0.04592504717146089,50,0.0,3,404
MOFA+,luminal,50,-0.3952030647717412,50,0.0,5,404
R,basal,50,-0.6765440258465225,50,0.0,3,405
R,her2,50,-0.3714323115653494,50,0.0,4,405
R,luminal,50,-0.13696628385247764,50,0.0,3,405
R+P,basal,50,-0.7674644551318696,50,0.0,2,405
R+P,her2,50,-0.1793251060660053,50,0.0,1,405
R+P,luminal,50,-0.1411616624437043,50,0.0,2,405
R+D,basal,50,-0.5901643516319255,50,0.0,2,405
R+D,her2,50,-0.45115062263742667,50,0.0,1,405
R+D,luminal,50,-0.2769166367877825,50,0.0,2,405
R+P+D,basal,50,-0.6985886084029969,50,0.0,3,405
R+P+D,her2,50,-0.27899714093556865,50,0.0,0,405
R+P+D,luminal,50,-0.15233366338698712,50,0.0,1,405
MOFA+,basal,50,-0.7399409894194376,50,0.0,3,405
MOFA+,her2,50,-0.21672749174668915,50,0.0,1,405
MOFA+,luminal,50,-0.014035583308286484,50,0.0,4,405
R,basal,50,-0.3952727252045935,50,0.0,1,406
R,her2,50,-0.2079480268563035,50,0.0,1,406
R,luminal,50,-0.3535912888872179,50,0.04,0,406
R+P,basal,50,-0.40142865093017044,50,0.0,2,406
R+P,her2,50,-0.22758834071153866,50,0.0,0,406
R+P,luminal,50,-0.21941076240791813,50,0.0,0,406
R+D,basal,50,-0.5420590176283865,50,0.0,4,406
R+D,her2,50,-0.3740218591243728,50,0.02,1,406
R+D,luminal,50,-0.43031026002345685,50,0.02,0,406
R+P+D,basal,50,-0.557432981114613,50,0.0,3,406
R+P+D,her2,50,-0.40603896194745354,50,0.02,3,406
R+P+D,luminal,50,-0.35160660447519976,50,0.0,0,406
MOFA+,basal,50,-0.27447206105048505,50,0.0,1,406
MOFA+,her2,50,-0.31448275361111183,50,0.04,2,406
MOFA+,luminal,50,-0.4108772374338225,50,0.02,1,406
R,basal,50,-0.032597624276801795,50,0.0,3,407
R,her2,50,-0.16112341721679685,50,0.0,4,407
R,luminal,50,-0.3084226360312519,50,0.0,2,407
R+P,basal,50,-0.06537007463706411,50,0.0,2,407
R+P,her2,50,-0.1449392771128672,50,0.0,4,407
R+P,luminal,50,-0.30606779931626926,50,0.0,1,407
R+D,basal,50,-0.38790326452300067,50,0.0,0,407
R+D,her2,50,-0.40599135006682574,50,0.02,5,407
R+D,luminal,50,-0.4831970222907425,50,0.0,3,407
R+P+D,basal,50,-0.4085582412011019,50,0.0,0,407
R+P+D,her2,50,-0.19499069174178923,50,0.0,1,407
R+P+D,luminal,50,-0.4155035653203702,50,0.0,2,407
MOFA+,basal,50,-0.012019998178718974,50,0.0,4,407
MOFA+,her2,50,-0.5652605157510739,50,0.0,1,407
MOFA+,luminal,50,-0.4108772374338225,50,0.02,1,407
R,basal,50,-0.31291820890116573,50,0.0,2,408
R,her2,50,-0.291581433573485,50,0.0,0,408
R,luminal,50,-0.3038952679335971,50,0.02,3,408
R+P,basal,50,-0.35838161783303435,50,0.0,0,408
R+P,her2,50,-0.2503422948154412,50,0.0,0,408
R+P,luminal,50,-0.12567190174039186,50,0.0,1,408
R+D,basal,50,-0.3706304945283618,50,0.0,3,408
R+D,her2,50,-0.3329172278423426,50,0.0,0,408
R+D,luminal,50,-0.5487022442036584,50,0.0,5,408
R+P+D,basal,50,-0.3646192871118871,50,0.0,0,408
R+P+D,her2,50,-0.3594585132924417,50,0.0,2,408
R+P+D,luminal,50,-0.16892908010453742,50,0.0,3,408
MOFA+,basal,50,-0.3915193340880218,50,0.0,2,408
MOFA+,her2,50,-0.3782726858472879,50,0.0,2,408
MOFA+,luminal,50,-0.4875302239750314,50,0.0,4,408
R,basal,50,-0.33955687250920796,50,0.0,3,409
R,her2,50,-0.5143868982882808,50,0.0,1,409
R,luminal,50,-0.18534003796139067,50,0.0,0,409
R+P,basal,50,-0.3027236924263254,50,0.0,1,409
R+P,her2,50,-0.41738220295855527,50,0.0,2,409
R+P,luminal,50,-0.16647270200531636,50,0.0,0,409
R+D,basal,50,-0.4454519897316802,50,0.0,1,409
R+D,her2,50,-0.5402294055491893,50,0.0,1,409
R+D,luminal,50,-0.33580576367453174,50,0.0,0,409
R+P+D,basal,50,-0.3112616001200516,50,0.0,2,409
R+P+D,her2,50,-0.42232032182528334,50,0.0,2,409
R+P+D,luminal,50,-0.27658362133870823,50,0.0,2,409
MOFA+,basal,50,-0.3212467034974735,50,0.0,1,409
MOFA+,her2,50,-0.4928444076680832,50,0.0,5,409
MOFA+,luminal,50,-0.08707907674069461,50,0.0,0,409
R,basal,50,-0.33543304768305066,50,0.0,1,410
R,her2,50,-0.4153672139673224,50,0.0,0,410
R,luminal,50,-0.314003618118278,50,0.0,3,410
R+P,basal,50,-0.24768497895927236,50,0.0,1,410
R+P,her2,50,-0.3337507032832927,50,0.0,2,410
R+P,luminal,50,-0.07735305030306473,50,0.0,1,410
R+D,basal,50,-0.5823516904899876,50,0.0,2,410
R+D,her2,50,-0.3079500337731226,50,0.0,2,410
R+D,luminal,50,-0.4473534693674399,50,0.0,4,410
R+P+D,basal,50,-0.49506786343703146,50,0.0,3,410
R+P+D,her2,50,-0.3994148343864991,50,0.0,2,410
R+P+D,luminal,50,-0.26427631585798017,50,0.02,4,410
MOFA+,basal,50,-0.4181651333139253,50,0.0,2,410
MOFA+,her2,50,-0.7022956727559374,50,0.0,3,410
MOFA+,luminal,50,-0.5614016197427435,50,0.0,3,410
R,basal,50,-0.11413445756763205,50,0.0,1,411
R,her2,50,-0.5908776725040916,50,0.0,2,411
R,luminal,50,-0.3051101456201875,50,0.0,0,411
R+P,basal,50,-0.36363587273565173,50,0.0,1,411
R+P,her2,50,-0.4644639164987362,50,0.0,5,411
R+P,luminal,50,-0.20254288945795423,50,0.0,0,411
R+D,basal,50,-0.27466450570091827,50,0.0,2,411
R+D,her2,50,-0.5732893021222008,50,0.0,4,411
R+D,luminal,50,-0.4319691636458962,50,0.02,0,411
R+P+D,basal,50,-0.3760422639755827,50,0.0,1,411
R+P+D,her2,50,-0.6776859701955806,50,0.0,6,411
R+P+D,luminal,50,-0.30172775832548876,50,0.0,1,411
MOFA+,basal,50,-0.7399409894194376,50,0.0,3,411
MOFA+,her2,50,-0.3120793521641551,50,0.0,1,411
MOFA+,luminal,50,-0.4336475234046903,50,0.0,2,411
R,basal,50,-0.4648067963971728,50,0.0,4,412
R,her2,50,-0.34356637454582994,50,0.0,3,412
R,luminal,50,-0.2593630667022411,50,0.02,1,412
R+P,basal,50,-0.2524153712685645,50,0.0,2,412
R+P,her2,50,-0.27234423423689924,50,0.0,3,412
R+P,luminal,50,-0.19463251756003264,50,0.02,2,412
R+D,basal,50,-0.586070854410485,50,0.0,1,412
R+D,her2,50,-0.41813380110707493,50,0.0,1,412
R+D,luminal,50,-0.4102451818852763,50,0.02,1,412
R+P+D,basal,50,-0.4104401060523032,50,0.0,3,412
R+P+D,her2,50,-0.32909815137904774,50,0.0,3,412
R+P+D,luminal,50,-0.2806021234369037,50,0.02,2,412
MOFA+,basal,50,-0.5178778430235921,50,0.0,2,412
MOFA+,her2,50,-0.39835941672586217,50,0.02,5,412
MOFA+,luminal,50,-0.4336475234046903,50,0.0,2,412
R,basal,50,-0.08669644927961194,50,0.0,1,413
R,her2,50,-0.28833612086415605,50,0.0,0,413
R,luminal,50,-0.6221844852211752,50,0.0,0,413
R+P,basal,50,-0.08816859206902959,50,0.0,0,413
R+P,her2,50,-0.19330700465418096,50,0.0,1,413
R+P,luminal,50,-0.6974588015775401,50,0.0,2,413
R+D,basal,50,-0.37619321474443523,50,0.0,2,413
R+D,her2,50,-0.408966555258203,50,0.0,0,413
R+D,luminal,50,-0.43071202650935725,50,0.0,1,413
R+P+D,basal,50,-0.1673003124332687,50,0.0,1,413
R+P+D,her2,50,-0.21996431118524842,50,0.0,0,413
R+P+D,luminal,50,-0.6021285537257526,50,0.0,1,413
MOFA+,basal,50,-0.07330649288426355,50,0.0,0,413
MOFA+,her2,50,-0.3930197206468565,50,0.02,2,413
MOFA+,luminal,50,-0.7166178630053172,50,0.0,3,413
R,basal,50,-0.46274188169552,50,0.0,2,414
R,her2,50,-0.30100075983459273,50,0.0,1,414
R,luminal,50,-0.20849473205918778,50,0.02,5,414
R+P,basal,50,-0.3140762228519046,50,0.0,2,414
R+P,her2,50,-0.17431672299657236,50,0.0,1,414
R+P,luminal,50,-0.13636690321869346,50,0.0,2,414
R+D,basal,50,-0.6948651811932309,50,0.0,1,414
R+D,her2,50,-0.3593673390745023,50,0.0,2,414
R+D,luminal,50,-0.3364179871008012,50,0.02,4,414
R+P+D,basal,50,-0.5359337449547933,50,0.0,2,414
R+P+D,her2,50,-0.4021071350447075,50,0.0,2,414
R+P+D,luminal,50,-0.2309890160804251,50,0.02,2,414
MOFA+,basal,50,-0.5624526968256038,50,0.0,1,414
MOFA+,her2,50,-0.08379133735789089,50,0.0,0,414
MOFA+,luminal,50,-0.33866773742407064,50,0.0,2,414
R,basal,50,-0.2602356987976641,50,0.0,1,415
R,her2,50,-0.20317453698813678,50,0.02,3,415
R,luminal,50,-0.5985405581050616,50,0.0,5,415
R+P,basal,50,-0.2010982909507001,50,0.0,0,415
R+P,her2,50,-0.16199127279257297,50,0.02,2,415
R+P,luminal,50,-0.3601794099083769,50,0.0,3,415
R+D,basal,50,-0.310114479863739,50,0.0,4,415
R+D,her2,50,-0.25062795366815344,50,0.0,0,415
R+D,luminal,50,-0.6065509154171865,50,0.0,2,415
R+P+D,basal,50,-0.25676416082958575,50,0.0,2,415
R+P+D,her2,50,-0.3233766346453961,50,0.02,3,415
R+P+D,luminal,50,-0.3565830808450637,50,0.0,1,415
MOFA+,basal,50,-0.5624526968256038,50,0.0,1,415
MOFA+,her2,50,-0.31448275361111183,50,0.04,2,415
MOFA+,luminal,50,-0.5336617848574897,50,0.0,2,415
R,basal,50,-0.4952158471971328,50,0.0,2,416
R,her2,50,-0.2910977221000184,50,0.0,6,416
R,luminal,50,-0.22260202880642502,50,0.02,1,416
R+P,basal,50,-0.5257793003849132,50,0.0,2,416
R+P,her2,50,-0.1753145218106504,50,0.0,1,416
R+P,luminal,50,-0.17615534333835314,50,0.06,1,416
R+D,basal,50,-0.6170374170166314,50,0.0,2,416
R+D,her2,50,-0.36354538719894025,50,0.0,3,416
R+D,luminal,50,-0.3904835933639188,50,0.04,3,416
R+P+D,basal,50,-0.5344346383337335,50,0.0,2,416
R+P+D,her2,50,-0.5282802881586375,50,0.0,4,416
R+P+D,luminal,50,-0.28010811520882295,50,0.04,2,416
MOFA+,basal,50,-0.40261158750576387,50,0.0,1,416
MOFA+,her2,50,-0.5491719546595314,50,0.0,3,416
MOFA+,luminal,50,-0.32575067826405774,50,0.02,2,416
R,basal,50,-0.38459204966461163,50,0.0,0,417
R,her2,50,-0.5470031282651028,50,0.0,2,417
R,luminal,50,-0.36305705239251507,50,0.0,2,417
R+P,basal,50,-0.3113308354387375,50,0.0,1,417
R+P,her2,50,-0.33203007566682563,50,0.0,1,417
R+P,luminal,50,-0.3885752202123107,50,0.0,1,417
R+D,basal,50,-0.43784974615878275,50,0.0,2,417
R+D,her2,50,-0.5263721844758641,50,0.0,3,417
R+D,luminal,50,-0.446433552408848,50,0.0,4,417
R+P+D,basal,50,-0.3659505598603323,50,0.0,2,417
R+P+D,her2,50,-0.3670536001625069,50,0.0,2,417
R+P+D,luminal,50,-0.38869319600509705,50,0.0,2,417
MOFA+,basal,50,-0.28982350086081005,50,0.0,2,417
MOFA+,her2,50,-0.5067927857540258,50,0.0,2,417
MOFA+,luminal,50,-0.32575067826405774,50,0.02,2,417
R,basal,50,-0.26073335131752406,50,0.0,3,418
R,her2,50,-0.7698260075712358,50,0.0,11,418
R,luminal,50,-0.3999444543508443,50,0.0,2,418
R+P,basal,50,-0.11325474309081049,50,0.0,0,418
R+P,her2,50,-0.5096117415889837,50,0.0,3,418
R+P,luminal,50,-0.20871272334939522,50,0.0,2,418
R+D,basal,50,-0.34286228450928646,50,0.0,2,418
R+D,her2,50,-0.5742989779289551,50,0.0,5,418
R+D,luminal,50,-0.2950974739170427,50,0.02,2,418
R+P+D,basal,50,-0.22103517781387577,50,0.0,0,418
R+P+D,her2,50,-0.5181038863149601,50,0.0,2,418
R+P+D,luminal,50,-0.3029372199211914,50,0.02,5,418
MOFA+,basal,50,-0.3212467034974735,50,0.0,1,418
MOFA+,her2,50,-0.7022956727559374,50,0.0,3,418
MOFA+,luminal,50,-0.32179389140566017,50,0.0,2,418
R,basal,50,-0.24995090624700417,50,0.0,0,419
R,her2,50,-0.22830668677415722,50,0.0,2,419
R,luminal,50,-0.5792643758880203,50,0.02,0,419
R+P,basal,50,-0.24064755148457653,50,0.0,0,419
R+P,her2,50,-0.2466955158420935,50,0.0,1,419
R+P,luminal,50,-0.6658229468571494,50,0.0,0,419
R+D,basal,50,-0.38947679958003606,50,0.0,2,419
R+D,her2,50,-0.30207073717647254,50,0.02,4,419
R+D,luminal,50,-0.5531528697184754,50,0.02,2,419
R+P+D,basal,50,-0.30321854982037355,50,0.0,2,419
R+P+D,her2,50,-0.2483539225344489,50,0.0,2,419
R+P+D,luminal,50,-0.46283851870628057,50,0.02,2,419
MOFA+,basal,50,-0.3889951945560759,50,0.0,1,419
MOFA+,her2,50,-0.04592504717146089,50,0.0,3,419
MOFA+,luminal,50,-0.4875302239750314,50,0.0,4,419
R,basal,50,-0.21897559165453503,50,0.0,2,420
R,her2,50,-0.31056377392015827,50,0.0,1,420
R,luminal,50,-0.26495096677919516,50,0.0,1,420
R+P,basal,50,-0.24940202263473946,50,0.0,1,420
R+P,her2,50,-0.15242600139803197,50,0.0,0,420
R+P,luminal,50,-0.3921929561392809,50,0.0,5,420
R+D,basal,50,-0.3129902342583712,50,0.0,3,420
R+D,her2,50,-0.46687091908661205,50,0.0,2,420
R+D,luminal,50,-0.44392477545916564,50,0.0,4,420
R+P+D,basal,50,-0.3187057396522843,50,0.0,2,420
R+P+D,her2,50,-0.23355063624493616,50,0.0,0,420
R+P+D,luminal,50,-0.48818689342294264,50,0.0,2,420
MOFA+,basal,50,-0.3889951945560759,50,0.0,1,420
MOFA+,her2,50,-0.5159761307760569,50,0.0,4,420
MOFA+,luminal,50,-0.4605362947843053,50,0.0,5,420
R,basal,50,-0.13842354348256022,50,0.0,3,421
R,her2,50,-0.298357327923981,50,0.02,2,421
R,luminal,50,-0.3787080032314089,50,0.0,8,421
R+P,basal,50,-0.14113316827033548,50,0.0,3,421
R+P,her2,50,-0.19973977252611672,50,0.0,4,421
R+P,luminal,50,-0.3814394605911772,50,0.02,4,421
R+D,basal,50,-0.3484675823944723,50,0.0,0,421
R+D,her2,50,-0.4346733702192218,50,0.04,2,421
R+D,luminal,50,-0.5000380362534877,50,0.0,4,421
R+P+D,basal,50,-0.32263419517420355,50,0.0,0,421
R+P+D,her2,50,-0.4256733513320108,50,0.04,4,421
R+P+D,luminal,50,-0.5112660168767601,50,0.02,4,421
MOFA+,basal,50,-0.012019998178718974,50,0.0,4,421
MOFA+,her2,50,-0.36001283190272754,50,0.0,1,421
MOFA+,luminal,50,-0.4605362947843053,50,0.0,5,421
R,basal,50,-0.4750123270769744,50,0.0,2,422
R,her2,50,-0.42009063028167115,50,0.02,1,422
R,luminal,50,-0.11209300816614133,50,0.0,2,422
R+P,basal,50,-0.35818845609927036,50,0.0,4,422
R+P,her2,50,-0.448883822118666,50,0.02,3,422
R+P,luminal,50,-0.0144563604734774,50,0.0,1,422
R+D,basal,50,-0.49550367038357107,50,0.0,4,422
R+D,her2,50,-0.43917185331132935,50,0.0,2,422
R+D,luminal,50,-0.15827383191355365,50,0.0,2,422
R+P+D,basal,50,-0.538310894831967,50,0.0,4,422
R+P+D,her2,50,-0.4720998583707623,50,0.0,3,422
R+P+D,luminal,50,-0.12225298377988036,50,0.0,2,422
MOFA+,basal,50,-0.5463558416948096,50,0.0,3,422
MOFA+,her2,50,-0.2768959773562112,50,0.02,1,422
MOFA+,luminal,50,-0.08707907674069461,50,0.0,0,422
R,basal,50,-0.18260634126467123,50,0.0,0,423
R,her2,50,-0.20144767199719027,50,0.0,1,423
R,luminal,50,-0.5404555812570354,50,0.0,1,423
R+P,basal,50,-0.2620940236650549,50,0.0,1,423
R+P,her2,50,-0.11983221472469693,50,0.0,1,423
R+P,luminal,50,-0.4017072997458703,50,0.02,1,423
R+D,basal,50,-0.42684969046603216,50,0.0,2,423
R+D,her2,50,-0.33830752058686414,50,0.0,1,423
R+D,luminal,50,-0.5880902120540981,50,0.0,3,423
R+P+D,basal,50,-0.41562833019854983,50,0.0,3,423
R+P+D,her2,50,-0.2932999825193309,50,0.0,3,423
R+P+D,luminal,50,-0.4953740925069575,50,0.0,1,423
MOFA+,basal,50,-0.28769486971114927,50,0.0,2,423
MOFA+,her2,50,-0.4928444076680832,50,0.0,5,423
MOFA+,luminal,50,-0.5336617848574897,50,0.0,2,423
R,basal,50,-0.34533621904566336,50,0.0,2,424
R,her2,50,-0.2913391131872746,50,0.0,4,424
R,luminal,50,-0.450520058550836,50,0.0,3,424
R+P,basal,50,-0.2675725296624469,50,0.0,1,424
R+P,her2,50,-0.2860117680615998,50,0.0,2,424
R+P,luminal,50,-0.19812454795841017,50,0.0,0,424
R+D,basal,50,-0.5002552218172138,50,0.0,4,424
R+D,her2,50,-0.3946401560725403,50,0.02,2,424
R+D,luminal,50,-0.484130833589161,50,0.0,3,424
R+P+D,basal,50,-0.3841169708524151,50,0.0,4,424
R+P+D,her2,50,-0.3156357933961933,50,0.02,1,424
R+P+D,luminal,50,-0.39744136733842855,50,0.0,1,424
MOFA+,basal,50,-0.27447206105048505,50,0.0,1,424
MOFA+,her2,50,-0.5067927857540258,50,0.0,2,424
MOFA+,luminal,50,-0.5614016197427435,50,0.0,3,424
R,basal,50,-0.2238541820726104,50,0.0,3,425
R,her2,50,-0.4219460483770964,50,0.0,5,425
R,luminal,50,-0.21621230033871705,50,0.0,1,425
R+P,basal,50,-0.3690513203099312,50,0.0,3,425
R+P,her2,50,-0.5556628136077431,50,0.0,3,425
R+P,luminal,50,-0.08326718071721798,50,0.0,2,425
R+D,basal,50,-0.5254613093103866,50,0.0,2,425
R+D,her2,50,-0.5597665685669472,50,0.0,4,425
R+D,luminal,50,-0.25132404879780224,50,0.0,2,425
R+P+D,basal,50,-0.4870606981614294,50,0.0,3,425
R+P+D,her2,50,-0.7582336825518448,50,0.0,5,425
R+P+D,luminal,50,-0.1941462631221268,50,0.0,4,425
MOFA+,basal,50,-0.368276449712905,50,0.02,2,425
MOFA+,her2,50,-0.42313238618869314,50,0.02,1,425
MOFA+,luminal,50,-0.32179389140566017,50,0.0,2,425
R,basal,50,-0.17520846294193804,50,0.0,1,426
R,her2,50,-0.3508681387890992,50,0.0,5,426
R,luminal,50,-0.839130807573872,50,0.0,2,426
R+P,basal,50,-0.12927876185233994,50,0.0,1,426
R+P,her2,50,-0.26008181605734093,50,0.0,2,426
R+P,luminal,50,-0.6936133594337912,50,0.0,2,426
R+D,basal,50,-0.27127223065860245,50,0.0,1,426
R+D,her2,50,-0.35927061791300957,50,0.0,3,426
R+D,luminal,50,-0.6211259269721506,50,0.0,1,426
R+P+D,basal,50,-0.22080194414160237,50,0.0,0,426
R+P+D,her2,50,-0.3866763959094574,50,0.0,4,426
R+P+D,luminal,50,-0.5109312821958091,50,0.0,2,426
MOFA+,basal,50,-0.053421368184589986,50,0.0,3,426
MOFA+,her2,50,-0.31448275361111183,50,0.04,2,426
MOFA+,luminal,50,-0.7166178630053172,50,0.0,3,426
R,basal,50,-0.1944356617035073,50,0.0,0,427
R,her2,50,-0.3685956172083232,50,0.0,2,427
R,luminal,50,-0.6631751519167125,50,0.0,4,427
R+P,basal,50,-0.149878169892834,50,0.0,0,427
R+P,her2,50,-0.19785628142785242,50,0.0,2,427
R+P,luminal,50,-0.4571611692703694,50,0.0,4,427
R+D,basal,50,-0.34009342010591387,50,0.0,0,427
R+D,her2,50,-0.5020497865753188,50,0.0,6,427
R+D,luminal,50,-0.6422645212784626,50,0.0,4,427
R+P+D,basal,50,-0.18958550430913224,50,0.0,0,427
R+P+D,her2,50,-0.38615006862916323,50,0.0,3,427
R+P+D,luminal,50,-0.6197972282397959,50,0.02,3,427
MOFA+,basal,50,-0.053421368184589986,50,0.0,3,427
MOFA+,her2,50,-0.5652605157510739,50,0.0,1,427
MOFA+,luminal,50,-0.33866773742407064,50,0.0,2,427
R,basal,50,-0.3012476944788182,50,0.0,3,428
R,her2,50,-0.1036381799157921,50,0.0,1,428
R,luminal,50,-0.7317761951806072,50,0.0,1,428
R+P,basal,50,-0.22044543372314288,50,0.0,3,428
R+P,her2,50,-0.08528622103088457,50,0.0,1,428
R+P,luminal,50,-0.6883204762460943,50,0.02,2,428
R+D,basal,50,-0.3457146168218297,50,0.0,2,428
R+D,her2,50,-0.21680996529148303,50,0.0,0,428
R+D,luminal,50,-0.6847933829615437,50,0.02,4,428
R+P+D,basal,50,-0.33551905842789526,50,0.0,2,428
R+P+D,her2,50,-0.24115460221384297,50,0.0,1,428
R+P+D,luminal,50,-0.6227215092697105,50,0.0,3,428
MOFA+,basal,50,-0.39079658001654743,50,0.0,5,428
MOFA+,her2,50,-0.31448275361111183,50,0.04,2,428
MOFA+,luminal,50,-0.4336475234046903,50,0.0,2,428
R,basal,50,-0.6867490921866228,50,0.0,4,429
R,her2,50,-0.4130654963890244,50,0.0,2,429
R,luminal,50,-0.09323284089126334,50,0.02,1,429
R+P,basal,50,-0.4965600702143182,50,0.0,3,429
R+P,her2,50,-0.4346567035702856,50,0.0,1,429
R+P,luminal,50,-0.07064290108992971,50,0.02,4,429
R+D,basal,50,-0.5922870743813226,50,0.0,4,429
R+D,her2,50,-0.4148363781157074,50,0.0,5,429
R+D,luminal,50,-0.1803837313927777,50,0.02,0,429
R+P+D,basal,50,-0.6365163343597238,50,0.0,2,429
R+P+D,her2,50,-0.3652645377754908,50,0.0,3,429
R+P+D,luminal,50,-0.22473307445662283,50,0.04,1,429
MOFA+,basal,50,-0.5178778430235921,50,0.0,2,429
MOFA+,her2,50,-0.08379133735789089,50,0.0,0,429
MOFA+,luminal,50,-0.22472778073296432,50,0.0,1,429
R,basal,50,-0.04440940921009643,50,0.0,0,430
R,her2,50,-0.23481032553246745,50,0.0,4,430
R,luminal,50,-0.5426158854436725,50,0.0,3,430
R+P,basal,50,-0.20066128934317642,50,0.0,0,430
R+P,her2,50,-0.2386003680193207,50,0.02,3,430
R+P,luminal,50,-0.3892722098704916,50,0.0,2,430
R+D,basal,50,-0.2416764329995662,50,0.0,2,430
R+D,her2,50,-0.4037859048712524,50,0.0,3,430
R+D,luminal,50,-0.523903333634191,50,0.02,3,430
R+P+D,basal,50,-0.2820278569588625,50,0.0,3,430
R+P+D,her2,50,-0.28681440578654344,50,0.0,2,430
R+P+D,luminal,50,-0.4904899358262443,50,0.0,4,430
MOFA+,basal,50,-0.07330649288426355,50,0.0,0,430
MOFA+,her2,50,-0.5652605157510739,50,0.0,1,430
MOFA+,luminal,50,-0.22472778073296432,50,0.0,1,430
R,basal,50,-0.6739831161874895,50,0.0,4,431
R,her2,50,-0.36993001511467966,50,0.0,2,431
R,luminal,50,-0.2120598330658878,50,0.04,1,431
R+P,basal,50,-0.5108217344759217,50,0.0,1,431
R+P,her2,50,-0.41037598659223645,50,0.0,2,431
R+P,luminal,50,-0.26995467177081595,50,0.06,1,431
R+D,basal,50,-0.6224547938367522,50,0.0,2,431
R+D,her2,50,-0.34564481891661525,50,0.02,2,431
R+D,luminal,50,-0.28737330399845773,50,0.02,2,431
R+P+D,basal,50,-0.6120351028828832,50,0.0,1,431
R+P+D,her2,50,-0.5275631281324928,50,0.0,2,431
R+P+D,luminal,50,-0.27047565494339837,50,0.02,2,431
MOFA+,basal,50,-0.5178778430235921,50,0.0,2,431
MOFA+,her2,50,-0.3782726858472879,50,0.0,2,431
MOFA+,luminal,50,-0.32575067826405774,50,0.02,2,431
R,basal,50,-0.21956505119007455,50,0.0,1,432
R,her2,50,-0.5316082491801368,50,0.0,1,432
R,luminal,50,-0.28430132823331516,50,0.0,2,432
R+P,basal,50,-0.09275453592291175,50,0.0,0,432
R+P,her2,50,-0.5426384134953607,50,0.0,1,432
R+P,luminal,50,-0.19320282898222474,50,0.0,1,432
R+D,basal,50,-0.32743501677543063,50,0.0,2,432
R+D,her2,50,-0.6474187981049241,50,0.0,2,432
R+D,luminal,50,-0.5050025447365695,50,0.02,2,432
R+P+D,basal,50,-0.12900423279863,50,0.0,1,432
R+P+D,her2,50,-0.5798534497981703,50,0.0,3,432
R+P+D,luminal,50,-0.263641368015681,50,0.0,1,432
MOFA+,basal,50,-0.27447206105048505,50,0.0,1,432
MOFA+,her2,50,-0.7022956727559374,50,0.0,3,432
MOFA+,luminal,50,-0.5614016197427435,50,0.0,3,432
R,basal,50,-0.25308772058829365,50,0.0,3,433
R,her2,50,-0.21400053892842535,50,0.0,1,433
R,luminal,50,-0.13764139658499314,50,0.02,1,433
R+P,basal,50,-0.19013473513765983,50,0.0,1,433
R+P,her2,50,-0.3523231674415028,50,0.0,2,433
R+P,luminal,50,-0.07462992633957807,50,0.02,0,433
R+D,basal,50,-0.4683461390790584,50,0.0,2,433
R+D,her2,50,-0.3914607292195007,50,0.0,1,433
R+D,luminal,50,-0.32294157947312785,50,0.0,2,433
R+P+D,basal,50,-0.22263949745479222,50,0.0,0,433
R+P+D,her2,50,-0.5024821519785359,50,0.0,0,433
R+P+D,luminal,50,-0.3185306828936256,50,0.0,3,433
MOFA+,basal,50,-0.3212467034974735,50,0.0,1,433
MOFA+,her2,50,-0.42313238618869314,50,0.02,1,433
MOFA+,luminal,50,-0.014035583308286484,50,0.0,4,433
R,basal,50,-0.305354171566173,50,0.0,2,434
R,her2,50,-0.21072587594883058,50,0.02,0,434
R,luminal,50,-0.18405351817758805,50,0.06,2,434
R+P,basal,50,-0.20870472630405043,50,0.0,2,434
R+P,her2,50,-0.32622214693560836,50,0.02,0,434
R+P,luminal,50,-0.221553467580627,50,0.04,2,434
R+D,basal,50,-0.5422779167273295,50,0.0,2,434
R+D,her2,50,-0.3420022046290554,50,0.02,1,434
R+D,luminal,50,-0.3421964545381686,50,0.04,3,434
R+P+D,basal,50,-0.45578030291047883,50,0.0,2,434
R+P+D,her2,50,-0.42505768885224626,50,0.02,2,434
R+P+D,luminal,50,-0.3805677008241408,50,0.04,3,434
MOFA+,basal,50,-0.3212467034974735,50,0.0,1,434
MOFA+,her2,50,-0.5067927857540258,50,0.0,2,434
MOFA+,luminal,50,-0.32575067826405774,50,0.02,2,434
R,basal,50,-0.4374275350942833,50,0.0,3,435
R,her2,50,-0.29822655928105923,50,0.0,0,435
R,luminal,50,-0.27726622121414246,50,0.0,0,435
R+P,basal,50,-0.52517954109407,50,0.0,4,435
R+P,her2,50,-0.24325526286063284,50,0.0,2,435
R+P,luminal,50,-0.19982945912483427,50,0.0,0,435
R+D,basal,50,-0.5211725472465796,50,0.0,4,435
R+D,her2,50,-0.48435656366781,50,0.02,4,435
R+D,luminal,50,-0.35907819479863085,50,0.0,2,435
R+P+D,basal,50,-0.5591418107982374,50,0.0,3,435
R+P+D,her2,50,-0.46801469314381533,50,0.04,5,435
R+P+D,luminal,50,-0.25013993740543705,50,0.0,1,435
MOFA+,basal,50,-0.7399409894194376,50,0.0,3,435
MOFA+,her2,50,-0.42313238618869314,50,0.02,1,435
MOFA+,luminal,50,-0.5614016197427435,50,0.0,3,435
R,basal,50,-0.40212108736049695,50,0.0,0,436
R,her2,50,-0.13169203359098344,50,0.0,2,436
R,luminal,50,-0.5157631454749361,50,0.0,4,436
R+P,basal,50,-0.4254037119857835,50,0.0,1,436
R+P,her2,50,-0.23387079470931063,50,0.0,3,436
R+P,luminal,50,-0.4065300696909791,50,0.0,7,436
R+D,basal,50,-0.3776370671756139,50,0.0,1,436
R+D,her2,50,-0.32681442034937114,50,0.04,4,436
R+D,luminal,50,-0.5676577588314362,50,0.0,2,436
R+P+D,basal,50,-0.5339280663807302,50,0.0,1,436
R+P+D,her2,50,-0.2916379678622135,50,0.02,4,436
R+P+D,luminal,50,-0.47260924140971816,50,0.0,3,436
MOFA+,basal,50,-0.5624526968256038,50,0.0,1,436
MOFA+,her2,50,-0.08379133735789089,50,0.0,0,436
MOFA+,luminal,50,-0.27498818356268634,50,0.0,1,436
R,basal,50,-0.29715048704942676,50,0.0,6,437
R,her2,50,-0.32794579396485857,50,0.0,1,437
R,luminal,50,-0.4458632426409161,50,0.0,0,437
R+P,basal,50,-0.21595858172991264,50,0.0,3,437
R+P,her2,50,-0.2658522941630224,50,0.0,1,437
R+P,luminal,50,-0.213258219607585,50,0.0,3,437
R+D,basal,50,-0.4384475213682231,50,0.0,5,437
R+D,her2,50,-0.504993220046064,50,0.02,2,437
R+D,luminal,50,-0.4761745003909181,50,0.02,3,437
R+P+D,basal,50,-0.379490590550559,50,0.0,5,437
R+P+D,her2,50,-0.42752573324858967,50,0.02,1,437
R+P+D,luminal,50,-0.3221275928302406,50,0.02,2,437
MOFA+,basal,50,-0.5054582191460999,50,0.0,4,437
MOFA+,her2,50,-0.5067927857540258,50,0.0,2,437
MOFA+,luminal,50,-0.42447621761666204,50,0.0,2,437
R,basal,50,-0.19617351782517045,50,0.0,4,438
R,her2,50,-0.2637100647702658,50,0.02,4,438
R,luminal,50,-0.49504545964895974,50,0.0,0,438
R+P,basal,50,-0.10571489872997322,50,0.0,1,438
R+P,her2,50,-0.31566683364257175,50,0.04,2,438
R+P,luminal,50,-0.3787035896201235,50,0.02,2,438
R+D,basal,50,-0.30114038429445505,50,0.0,3,438
R+D,her2,50,-0.45214931975383654,50,0.02,6,438
R+D,luminal,50,-0.6138528414955328,50,0.0,1,438
R+P+D,basal,50,-0.2455675414561779,50,0.0,2,438
R+P+D,her2,50,-0.3757746540301003,50,0.04,4,438
R+P+D,luminal,50,-0.36877654370626317,50,0.0,1,438
MOFA+,basal,50,-0.28769486971114927,50,0.0,2,438
MOFA+,her2,50,-0.39835941672586217,50,0.02,5,438
MOFA+,luminal,50,-0.4336475234046903,50,0.0,2,438
R,basal,50,-0.08030108452194677,50,0.0,1,439
R,her2,50,-0.3681175925094465,50,0.0,0,439
R,luminal,50,-0.2855014903552335,50,0.0,1,439
R+P,basal,50,-0.17714705776198503,50,0.0,3,439
R+P,her2,50,-0.2029432476376074,50,0.0,0,439
R+P,luminal,50,-0.20659194477130874,50,0.0,2,439
R+D,basal,50,-0.33416550315612237,50,0.0,5,439
R+D,her2,50,-0.5728517279655009,50,0.0,2,439
R+D,luminal,50,-0.4853182458225524,50,0.02,2,439
R+P+D,basal,50,-0.28050067078977725,50,0.0,3,439
R+P+D,her2,50,-0.4212832588510665,50,0.0,0,439
R+P+D,luminal,50,-0.3256274338474791,50,0.0,1,439
MOFA+,basal,50,-0.28769486971114927,50,0.0,2,439
MOFA+,her2,50,-0.5067927857540258,50,0.0,2,439
MOFA+,luminal,50,-0.27498818356268634,50,0.0,1,439
R,basal,50,-0.05642260403038892,50,0.0,1,440
R,her2,50,-0.291622234865014,50,0.02,3,440
R,luminal,50,-0.468909270025529,50,0.0,1,440
R+P,basal,50,-0.046996269773391136,50,0.0,0,440
R+P,her2,50,-0.2066233931048452,50,0.02,4,440
R+P,luminal,50,-0.4293130848220794,50,0.0,0,440
R+D,basal,50,-0.2934487538341759,50,0.0,2,440
R+D,her2,50,-0.32547072953264333,50,0.02,3,440
R+D,luminal,50,-0.5419730631887123,50,0.0,1,440
R+P+D,basal,50,-0.2636549851035127,50,0.0,1,440
R+P+D,her2,50,-0.2750623928839243,50,0.02,1,440
R+P+D,luminal,50,-0.5100670781184686,50,0.0,1,440
MOFA+,basal,50,-0.012019998178718974,50,0.0,4,440
MOFA+,her2,50,-0.2768959773562112,50,0.02,1,440
MOFA+,luminal,50,-0.4108772374338225,50,0.02,1,440
R,basal,50,-0.2815235732580054,50,0.0,1,441
R,her2,50,-0.6331461537764068,50,0.0,5,441
R,luminal,50,-0.2696757562690153,50,0.06,2,441
R+P,basal,50,-0.19752688125540618,50,0.0,1,441
R+P,her2,50,-0.4711468580501845,50,0.0,3,441
R+P,luminal,50,-0.1333920115697266,50,0.06,1,441
R+D,basal,50,-0.5569795664302365,50,0.0,0,441
R+D,her2,50,-0.5122316648719293,50,0.02,5,441
R+D,luminal,50,-0.4449122901205987,50,0.0,3,441
R+P+D,basal,50,-0.4260417873347078,50,0.0,1,441
R+P+D,her2,50,-0.47631461663399505,50,0.02,3,441
R+P+D,luminal,50,-0.23496986202926493,50,0.0,3,441
MOFA+,basal,50,-0.5178778430235921,50,0.0,2,441
MOFA+,her2,50,-0.3120793521641551,50,0.0,1,441
MOFA+,luminal,50,-0.32575067826405774,50,0.02,2,441
R,basal,50,-0.6453986167282355,50,0.0,3,442
R,her2,50,-0.3872831398582914,50,0.02,0,442
R,luminal,50,-0.21602438600413265,50,0.0,5,442
R+P,basal,50,-0.5725000521760256,50,0.0,4,442
R+P,her2,50,-0.3846002678576035,50,0.02,1,442
R+P,luminal,50,-0.18340558114723854,50,0.0,5,442
R+D,basal,50,-0.5251849722767149,50,0.0,4,442
R+D,her2,50,-0.43792153822281976,50,0.02,0,442
R+D,luminal,50,-0.2777529536052977,50,0.0,2,442
R+P+D,basal,50,-0.532186163198334,50,0.0,2,442
R+P+D,her2,50,-0.5278646714750413,50,0.02,0,442
R+P+D,luminal,50,-0.2744317645736908,50,0.0,3,442
MOFA+,basal,50,-0.7399409894194376,50,0.0,3,442
MOFA+,her2,50,-0.2768959773562112,50,0.02,1,442
MOFA+,luminal,50,-0.049338171842283035,50,0.0,3,442
R,basal,50,-0.30597961274062824,50,0.0,2,443
R,her2,50,-0.07069505547270695,50,0.0,1,443
R,luminal,50,-0.3993305340512302,50,0.0,1,443
R+P,basal,50,-0.1841360943053666,50,0.0,0,443
R+P,her2,50,-0.12063385893607174,50,0.02,2,443
R+P,luminal,50,-0.27944321560627267,50,0.02,5,443
R+D,basal,50,-0.38147936267135735,50,0.0,1,443
R+D,her2,50,-0.3244396377947094,50,0.0,3,443
R+D,luminal,50,-0.41539277055248486,50,0.0,3,443
R+P+D,basal,50,-0.38722959746630325,50,0.0,0,443
R+P+D,her2,50,-0.36233614952325494,50,0.0,1,443
R+P+D,luminal,50,-0.462177547859355,50,0.0,4,443
MOFA+,basal,50,-0.3915193340880218,50,0.0,2,443
MOFA+,her2,50,-0.08379133735789089,50,0.0,0,443
MOFA+,luminal,50,-0.32575067826405774,50,0.02,2,443
R,basal,50,-0.10270540313877903,50,0.0,4,444
R,her2,50,-0.5694851762547369,50,0.02,3,444
R,luminal,50,-0.6008103858812953,50,0.02,2,444
R+P,basal,50,-0.11102910073248397,50,0.0,3,444
R+P,her2,50,-0.5396249850906072,50,0.0,1,444
R+P,luminal,50,-0.6075041523771118,50,0.0,1,444
R+D,basal,50,-0.287920505355647,50,0.0,3,444
R+D,her2,50,-0.5739596004613585,50,0.0,2,444
R+D,luminal,50,-0.4832862643354216,50,0.0,0,444
R+P+D,basal,50,-0.1741488565132504,50,0.0,1,444
R+P+D,her2,50,-0.6163812328632888,50,0.0,3,444
R+P+D,luminal,50,-0.6389550500859884,50,0.0,1,444
MOFA+,basal,50,-0.28769486971114927,50,0.0,2,444
MOFA+,her2,50,-0.5491719546595314,50,0.0,3,444
MOFA+,luminal,50,-0.5336617848574897,50,0.0,2,444
R,basal,50,-0.09517836061357227,50,0.0,1,445
R,her2,50,-0.4472961920486581,50,0.0,1,445
R,luminal,50,-0.3744290581587456,50,0.0,2,445
R+P,basal,50,-0.13230422646023793,50,0.0,2,445
R+P,her2,50,-0.401859561555547,50,0.0,5,445
R+P,luminal,50,-0.40001290487054464,50,0.0,3,445
R+D,basal,50,-0.25870443326819076,50,0.0,2,445
R+D,her2,50,-0.5775181008449556,50,0.0,1,445
R+D,luminal,50,-0.5902306456616603,50,0.0,1,445
R+P+D,basal,50,-0.35451040159874836,50,0.0,1,445
R+P+D,her2,50,-0.42353556011996124,50,0.0,0,445
R+P+D,luminal,50,-0.5042581312297153,50,0.02,1,445
MOFA+,basal,50,-0.28769486971114927,50,0.0,2,445
MOFA+,her2,50,-0.2768959773562112,50,0.02,1,445
MOFA+,luminal,50,-0.5834359116792033,50,0.0,1,445
R,basal,50,-0.13001517484047556,50,0.0,1,446
R,her2,50,-0.29658705433934285,50,0.0,8,446
R,luminal,50,-0.5206491023503282,50,0.0,2,446
R+P,basal,50,-0.07479613281088784,50,0.0,1,446
R+P,her2,50,-0.2235828747263834,50,0.0,4,446
R+P,luminal,50,-0.46658200644645126,50,0.02,2,446
R+D,basal,50,-0.3361787623236578,50,0.0,2,446
R+D,her2,50,-0.5641394242623076,50,0.0,3,446
R+D,luminal,50,-0.6341433907860904,50,0.04,2,446
R+P+D,basal,50,-0.1298427664820288,50,0.0,3,446
R+P+D,her2,50,-0.42031255352568936,50,0.0,3,446
R+P+D,luminal,50,-0.5413459033670103,50,0.02,2,446
MOFA+,basal,50,-0.28982350086081005,50,0.0,2,446
MOFA+,her2,50,-0.3120793521641551,50,0.0,1,446
MOFA+,luminal,50,-0.7166178630053172,50,0.0,3,446
R,basal,50,-0.13324760889165968,50,0.0,3,447
R,her2,50,-0.39284276757920117,50,0.0,4,447
R,luminal,50,-0.3912952523293919,50,0.0,2,447
R+P,basal,50,-0.08732423271384443,50,0.0,2,447
R+P,her2,50,-0.3221461263128777,50,0.0,0,447
R+P,luminal,50,-0.20139927424491982,50,0.0,6,447
R+D,basal,50,-0.2406741843225826,50,0.0,1,447
R+D,her2,50,-0.5427249685933121,50,0.0,1,447
R+D,luminal,50,-0.544990026565001,50,0.0,3,447
R+P+D,basal,50,-0.15060770969457427,50,0.0,2,447
R+P+D,her2,50,-0.5271863201430523,50,0.0,3,447
R+P+D,luminal,50,-0.3674534735190877,50,0.02,4,447
MOFA+,basal,50,-0.28769486971114927,50,0.0,2,447
MOFA+,her2,50,-0.5159761307760569,50,0.0,4,447
MOFA+,luminal,50,-0.5336617848574897,50,0.0,2,447
R,basal,50,-0.3522200170840425,50,0.0,1,448
R,her2,50,-0.22521111572630165,50,0.0,2,448
R,luminal,50,-0.3111429958740051,50,0.0,1,448
R+P,basal,50,-0.3230537744684402,50,0.0,2,448
R+P,her2,50,-0.15157890240082555,50,0.0,1,448
R+P,luminal,50,-0.5166575228082143,50,0.0,3,448
R+D,basal,50,-0.5360824236031871,50,0.0,4,448
R+D,her2,50,-0.29958867370423153,50,0.0,1,448
R+D,luminal,50,-0.47872800829853096,50,0.0,3,448
R+P+D,basal,50,-0.4272167099953871,50,0.0,3,448
R+P+D,her2,50,-0.2540637886648673,50,0.0,1,448
R+P+D,luminal,50,-0.4497925089802224,50,0.0,2,448
MOFA+,basal,50,-0.4181651333139253,50,0.0,2,448
MOFA+,her2,50,-0.04592504717146089,50,0.0,3,448
MOFA+,luminal,50,-0.3952030647717412,50,0.0,5,448
R,basal,50,-0.2121053148310131,50,0.0,0,449
R,her2,50,-0.3511973920391792,50,0.0,0,449
R,luminal,50,-0.5558333164147841,50,0.0,4,449
R+P,basal,50,-0.17583952298852265,50,0.0,0,449
R+P,her2,50,-0.33786930814929567,50,0.0,1,449
R+P,luminal,50,-0.5264163281266755,50,0.0,2,449
R+D,basal,50,-0.273717627258052,50,0.0,2,449
R+D,her2,50,-0.4063870041932837,50,0.0,1,449
R+D,luminal,50,-0.6015418087353436,50,0.0,1,449
R+P+D,basal,50,-0.21399598620023016,50,0.0,2,449
R+P+D,her2,50,-0.3767318852000732,50,0.0,0,449
R+P+D,luminal,50,-0.5712997689978946,50,0.0,2,449
MOFA+,basal,50,-0.40261158750576387,50,0.0,1,449
MOFA+,her2,50,-0.21672749174668915,50,0.0,1,449
MOFA+,luminal,50,-0.5336617848574897,50,0.0,2,449
R,basal,50,-0.17310918466576156,50,0.0,1,450
R,her2,50,-0.42406753722774965,50,0.02,2,450
R,luminal,50,-0.14099705076959823,50,0.0,1,450
R+P,basal,50,-0.15769408549440297,50,0.0,1,450
R+P,her2,50,-0.4663022273604431,50,0.02,2,450
R+P,luminal,50,-0.18676713536069336,50,0.0,0,450
R+D,basal,50,-0.4805348785250873,50,0.0,3,450
R+D,her2,50,-0.4356771945946855,50,0.02,0,450
R+D,luminal,50,-0.3657519758475918,50,0.02,5,450
R+P+D,basal,50,-0.24287039266814012,50,0.0,0,450
R+P+D,her2,50,-0.38535507688382575,50,0.02,2,450
R+P+D,luminal,50,-0.23696043991782267,50,0.02,2,450
MOFA+,basal,50,-0.012019998178718974,50,0.0,4,450
MOFA+,her2,50,-0.7022956727559374,50,0.0,3,450
MOFA+,luminal,50,-0.4108772374338225,50,0.02,1,450
R,basal,50,-0.26954456984832414,50,0.0,0,451
R,her2,50,-0.5122524810274792,50,0.0,2,451
R,luminal,50,-0.41852998633537675,50,0.0,2,451
R+P,basal,50,-0.30820104793645364,50,0.0,1,451
R+P,her2,50,-0.34973194083425146,50,0.0,2,451
R+P,luminal,50,-0.2621214216645227,50,0.0,2,451
R+D,basal,50,-0.38368060964980627,50,0.0,2,451
R+D,her2,50,-0.49392275790852347,50,0.0,3,451
R+D,luminal,50,-0.5351830014507228,50,0.02,4,451
R+P+D,basal,50,-0.45583591314944305,50,0.0,2,451
R+P+D,her2,50,-0.4466357185471112,50,0.02,4,451
R+P+D,luminal,50,-0.3708397327691658,50,0.0,3,451
MOFA+,basal,50,-0.28982350086081005,50,0.0,2,451
MOFA+,her2,50,-0.5652605157510739,50,0.0,1,451
MOFA+,luminal,50,-0.32524904615232936,50,0.0,1,451
R,basal,50,-0.3407979726071763,50,0.0,3,452
R,her2,50,-0.2496065774111741,50,0.0,3,452
R,luminal,50,-0.26126299855241275,50,0.0,0,452
R+P,basal,50,-0.2795375060344012,50,0.02,7,452
R+P,her2,50,-0.07495984934139494,50,0.0,1,452
R+P,luminal,50,-0.30175975007735995,50,0.02,0,452
R+D,basal,50,-0.4216598804272262,50,0.0,5,452
R+D,her2,50,-0.26064535997651,50,0.0,3,452
R+D,luminal,50,-0.39720463767669245,50,0.0,1,452
R+P+D,basal,50,-0.38089015241603363,50,0.0,5,452
R+P+D,her2,50,-0.15320231200433582,50,0.0,3,452
R+P+D,luminal,50,-0.4525201371094113,50,0.0,1,452
MOFA+,basal,50,-0.5159430532564055,50,0.0,5,452
MOFA+,her2,50,-0.2768959773562112,50,0.02,1,452
MOFA+,luminal,50,-0.5614016197427435,50,0.0,3,452
R,basal,50,-0.4036848619990751,50,0.0,4,453
R,her2,50,-0.26487259677226616,50,0.0,0,453
R,luminal,50,-0.3820675836491031,50,0.0,2,453
R+P,basal,50,-0.17666694236119906,50,0.0,2,453
R+P,her2,50,-0.5090317790879603,50,0.0,0,453
R+P,luminal,50,-0.1643957699328477,50,0.0,1,453
R+D,basal,50,-0.372722019216154,50,0.0,2,453
R+D,her2,50,-0.3407267909542125,50,0.02,1,453
R+D,luminal,50,-0.3576383283399434,50,0.0,3,453
R+P+D,basal,50,-0.27059508217561545,50,0.0,1,453
R+P+D,her2,50,-0.4398169404842695,50,0.0,0,453
R+P+D,luminal,50,-0.27495677963716425,50,0.0,1,453
MOFA+,basal,50,-0.012019998178718974,50,0.0,4,453
MOFA+,her2,50,-0.30258820694702326,50,0.02,2,453
MOFA+,luminal,50,-0.33866773742407064,50,0.0,2,453
R,basal,50,-0.5778568754457417,50,0.0,3,454
R,her2,50,-0.39806153394573274,50,0.0,2,454
R,luminal,50,-0.13153292414863482,50,0.0,0,454
R+P,basal,50,-0.41392955941158555,50,0.0,3,454
R+P,her2,50,-0.3586963767900464,50,0.0,2,454
R+P,luminal,50,-0.1062835424089,50,0.0,2,454
R+D,basal,50,-0.6378320362104928,50,0.0,2,454
R+D,her2,50,-0.38355769911335086,50,0.0,2,454
R+D,luminal,50,-0.33125460341493546,50,0.0,0,454
R+P+D,basal,50,-0.7056657787199637,50,0.0,4,454
R+P+D,her2,50,-0.5380085237533201,50,0.02,2,454
R+P+D,luminal,50,-0.21760981868562135,50,0.0,0,454
MOFA+,basal,50,-0.7399409894194376,50,0.0,3,454
MOFA+,her2,50,-0.42313238618869314,50,0.02,1,454
MOFA+,luminal,50,-0.38706270944304655,50,0.0,1,454
R,basal,50,-0.16592654842853105,50,0.0,2,455
R,her2,50,-0.4999125801087569,50,0.0,1,455
R,luminal,50,-0.5016048569684762,50,0.0,2,455
R+P,basal,50,-0.1284567821389295,50,0.0,3,455
R+P,her2,50,-0.4034689485904109,50,0.0,1,455
R+P,luminal,50,-0.2668330023035259,50,0.0,5,455
R+D,basal,50,-0.2167997413670434,50,0.0,0,455
R+D,her2,50,-0.6320837534661602,50,0.0,3,455
R+D,luminal,50,-0.3265011487312672,50,0.0,5,455
R+P+D,basal,50,-0.13185332066279035,50,0.0,1,455
R+P+D,her2,50,-0.7308947443343544,50,0.02,3,455
R+P+D,luminal,50,-0.3000805679214904,50,0.0,5,455
MOFA+,basal,50,-0.012019998178718974,50,0.0,4,455
MOFA+,her2,50,-0.5491719546595314,50,0.0,3,455
MOFA+,luminal,50,-0.3952030647717412,50,0.0,5,455
R,basal,50,-0.13733324986891918,50,0.0,3,456
R,her2,50,-0.23454807768286334,50,0.0,0,456
R,luminal,50,-0.529962684676862,50,0.0,1,456
R+P,basal,50,-0.14532037772813175,50,0.0,2,456
R+P,her2,50,-0.09540942305348712,50,0.0,0,456
R+P,luminal,50,-0.7450096582946627,50,0.0,3,456
R+D,basal,50,-0.2022281181415266,50,0.0,4,456
R+D,her2,50,-0.4658985804045692,50,0.02,0,456
R+D,luminal,50,-0.5274049372974047,50,0.02,3,456
R+P+D,basal,50,-0.22993410180083418,50,0.0,3,456
R+P+D,her2,50,-0.16199662322274797,50,0.02,0,456
R+P+D,luminal,50,-0.45837764551397625,50,0.02,2,456
MOFA+,basal,50,-0.4181651333139253,50,0.0,2,456
MOFA+,her2,50,-0.40456322390936145,50,0.0,2,456
MOFA+,luminal,50,-0.3952030647717412,50,0.0,5,456
R,basal,50,-0.2612663442422905,50,0.0,0,457
R,her2,50,-0.5926560876246755,50,0.0,5,457
R,luminal,50,-0.22975325733020152,50,0.0,0,457
R+P,basal,50,-0.2110049714941089,50,0.0,0,457
R+P,her2,50,-0.3495682121527508,50,0.0,3,457
R+P,luminal,50,-0.28936694638491806,50,0.0,0,457
R+D,basal,50,-0.3351493917506623,50,0.0,1,457
R+D,her2,50,-0.6128401976946448,50,0.0,10,457
R+D,luminal,50,-0.38980730568547983,50,0.0,3,457
R+P+D,basal,50,-0.34574122798958035,50,0.0,0,457
R+P+D,her2,50,-0.435425486378781,50,0.02,8,457
R+P+D,luminal,50,-0.24041052218670886,50,0.0,2,457
MOFA+,basal,50,-0.28982350086081005,50,0.0,2,457
MOFA+,her2,50,-0.36001283190272754,50,0.0,1,457
MOFA+,luminal,50,-0.27498818356268634,50,0.0,1,457
R,basal,50,-0.1596616933167195,50,0.0,1,458
R,her2,50,-0.3828132785280938,50,0.0,4,458
R,luminal,50,-0.8005509729399065,50,0.0,3,458
R+P,basal,50,-0.25236953212826174,50,0.0,1,458
R+P,her2,50,-0.34683737843497275,50,0.0,2,458
R+P,luminal,50,-0.4619416425724227,50,0.0,2,458
R+D,basal,50,-0.336549460294702,50,0.0,1,458
R+D,her2,50,-0.700406528028143,50,0.0,3,458
R+D,luminal,50,-0.4878423684672022,50,0.0,0,458
R+P+D,basal,50,-0.41699108384050054,50,0.0,1,458
R+P+D,her2,50,-0.455155279631841,50,0.0,2,458
R+P+D,luminal,50,-0.31946255694191583,50,0.02,3,458
MOFA+,basal,50,-0.28982350086081005,50,0.0,2,458
MOFA+,her2,50,-0.36001283190272754,50,0.0,1,458
MOFA+,luminal,50,-0.4605362947843053,50,0.0,5,458
R,basal,50,-0.4545056003514517,50,0.0,3,459
R,her2,50,-0.44032548432228547,50,0.02,1,459
R,luminal,50,-0.25871472123050276,50,0.0,4,459
R+P,basal,50,-0.1594332464463973,50,0.0,1,459
R+P,her2,50,-0.33456007495747214,50,0.02,3,459
R+P,luminal,50,-0.3834107802119114,50,0.0,3,459
R+D,basal,50,-0.6010273474490603,50,0.0,1,459
R+D,her2,50,-0.4335839201356781,50,0.0,2,459
R+D,luminal,50,-0.40158951042552327,50,0.0,4,459
R+P+D,basal,50,-0.2942632409672517,50,0.0,1,459
R+P+D,her2,50,-0.3863911900021079,50,0.0,4,459
R+P+D,luminal,50,-0.46457087494984706,50,0.0,2,459
MOFA+,basal,50,-0.07330649288426355,50,0.0,0,459
MOFA+,her2,50,-0.5652605157510739,50,0.0,1,459
MOFA+,luminal,50,-0.33866773742407064,50,0.0,2,459
R,basal,50,-0.11592014139801242,50,0.0,1,460
R,her2,50,-0.3915851408966254,50,0.0,3,460
R,luminal,50,-0.3900408032923878,50,0.0,3,460
R+P,basal,50,-0.21639175252003653,50,0.0,1,460
R+P,her2,50,-0.4002521629368271,50,0.0,5,460
R+P,luminal,50,-0.3096559007536224,50,0.0,3,460
R+D,basal,50,-0.2830210806895242,50,0.0,0,460
R+D,her2,50,-0.585585429370748,50,0.0,4,460
R+D,luminal,50,-0.31352818295727114,50,0.0,2,460
R+P+D,basal,50,-0.24322608858973452,50,0.0,0,460
R+P+D,her2,50,-0.47898039470367154,50,0.0,3,460
R+P+D,luminal,50,-0.3826041655818833,50,0.0,3,460
MOFA+,basal,50,-0.07330649288426355,50,0.0,0,460
MOFA+,her2,50,-0.7022956727559374,50,0.0,3,460
MOFA+,luminal,50,-0.4605362947843053,50,0.0,5,460
R,basal,50,-0.35349020633986755,50,0.02,1,461
R,her2,50,-0.02368973991757788,50,0.0,1,461
R,luminal,50,-0.3243312402091577,50,0.0,3,461
R+P,basal,50,-0.12828974924091352,50,0.0,1,461
R+P,her2,50,-0.11809296176746732,50,0.0,2,461
R+P,luminal,50,-0.37232420711964215,50,0.02,3,461
R+D,basal,50,-0.607627062553265,50,0.0,2,461
R+D,her2,50,-0.2624610933482721,50,0.0,1,461
R+D,luminal,50,-0.5923079127127319,50,0.0,5,461
R+P+D,basal,50,-0.3051612122698992,50,0.0,1,461
R+P+D,her2,50,-0.2404284365948272,50,0.0,1,461
R+P+D,luminal,50,-0.4441496246411611,50,0.0,2,461
MOFA+,basal,50,-0.07330649288426355,50,0.0,0,461
MOFA+,her2,50,-0.5652605157510739,50,0.0,1,461
MOFA+,luminal,50,-0.4108772374338225,50,0.02,1,461
R,basal,50,-0.6125584501525702,50,0.0,2,462
R,her2,50,-0.5455069687674835,50,0.0,7,462
R,luminal,50,-0.055172843989724864,50,0.0,0,462
R+P,basal,50,-0.6239316965740656,50,0.0,3,462
R+P,her2,50,-0.35600756618419643,50,0.0,2,462
R+P,luminal,50,-0.0348436467531254,50,0.0,1,462
R+D,basal,50,-0.6484386016826252,50,0.0,3,462
R+D,her2,50,-0.6367866775657254,50,0.0,4,462
R+D,luminal,50,-0.0674357404564216,50,0.0,2,462
R+P+D,basal,50,-0.563545643433881,50,0.0,2,462
R+P+D,her2,50,-0.49188717046799646,50,0.0,6,462
R+P+D,luminal,50,-0.1282923337333656,50,0.0,1,462
MOFA+,basal,50,-0.5463558416948096,50,0.0,3,462
MOFA+,her2,50,-0.3782726858472879,50,0.0,2,462
MOFA+,luminal,50,-0.049338171842283035,50,0.0,3,462
R,basal,50,-0.4280878280278175,50,0.0,1,463
R,her2,50,-0.16701517535345256,50,0.0,1,463
R,luminal,50,-0.3496762641207913,50,0.0,3,463
R+P,basal,50,-0.3068362523519267,50,0.0,4,463
R+P,her2,50,-0.1504808318940899,50,0.0,2,463
R+P,luminal,50,-0.4081391201587017,50,0.0,2,463
R+D,basal,50,-0.4756065976780271,50,0.0,1,463
R+D,her2,50,-0.2461457844205163,50,0.0,3,463
R+D,luminal,50,-0.38958472129268756,50,0.0,3,463
R+P+D,basal,50,-0.3280398725757951,50,0.0,5,463
R+P+D,her2,50,-0.2572068072062575,50,0.02,3,463
R+P+D,luminal,50,-0.408123651455243,50,0.0,3,463
MOFA+,basal,50,-0.5178778430235921,50,0.0,2,463
MOFA+,her2,50,-0.01313290143070867,50,0.0,4,463
MOFA+,luminal,50,-0.5834359116792033,50,0.0,1,463
R,basal,50,-0.4001686764516996,50,0.0,4,464
R,her2,50,-0.3330668658163237,50,0.0,3,464
R,luminal,50,-0.7294458503146615,50,0.0,4,464
R+P,basal,50,-0.28656194757514514,50,0.0,2,464
R+P,her2,50,-0.21392091395282076,50,0.0,1,464
R+P,luminal,50,-0.7778089526890792,50,0.0,8,464
R+D,basal,50,-0.5722210818809842,50,0.0,5,464
R+D,her2,50,-0.27393318721513704,50,0.02,2,464
R+D,luminal,50,-0.5600812088310243,50,0.0,3,464
R+P+D,basal,50,-0.41299289788290566,50,0.0,2,464
R+P+D,her2,50,-0.27545387052518405,50,0.02,2,464
R+P+D,luminal,50,-0.6138678320387486,50,0.0,5,464
MOFA+,basal,50,-0.012019998178718974,50,0.0,4,464
MOFA+,her2,50,-0.21672749174668915,50,0.0,1,464
MOFA+,luminal,50,-0.4108772374338225,50,0.02,1,464
R,basal,50,-0.42547995273431644,50,0.0,3,465
R,her2,50,-0.2766012288305097,50,0.0,2,465
R,luminal,50,-0.0967666543470923,50,0.0,2,465
R+P,basal,50,-0.37302842539877035,50,0.0,3,465
R+P,her2,50,-0.24915008719874168,50,0.0,2,465
R+P,luminal,50,-0.17695981395426116,50,0.0,2,465
R+D,basal,50,-0.4687895361425909,50,0.0,4,465
R+D,her2,50,-0.47070615768852975,50,0.0,2,465
R+D,luminal,50,-0.31661901009505783,50,0.0,1,465
R+P+D,basal,50,-0.46030771451698593,50,0.0,5,465
R+P+D,her2,50,-0.29368627604056463,50,0.0,1,465
R+P+D,luminal,50,-0.15361963747249902,50,0.0,1,465
MOFA+,basal,50,-0.3212467034974735,50,0.0,1,465
MOFA+,her2,50,-0.30258820694702326,50,0.02,2,465
MOFA+,luminal,50,-0.38706270944304655,50,0.0,1,465
R,basal,50,-0.43885316713500677,50,0.0,1,466
R,her2,50,-0.07685904995347362,50,0.0,1,466
R,luminal,50,-0.3843158904778622,50,0.0,3,466
R+P,basal,50,-0.4893111488797711,50,0.0,2,466
R+P,her2,50,-0.14921598642008788,50,0.02,1,466
R+P,luminal,50,-0.19473656052117533,50,0.0,2,466
R+D,basal,50,-0.42119954128727666,50,0.0,1,466
R+D,her2,50,-0.3490076402634417,50,0.04,3,466
R+D,luminal,50,-0.6211650934727276,50,0.0,6,466
R+P+D,basal,50,-0.4711031472468447,50,0.0,2,466
R+P+D,her2,50,-0.2659060044205413,50,0.04,4,466
R+P+D,luminal,50,-0.4295417355769738,50,0.0,4,466
MOFA+,basal,50,-0.3915193340880218,50,0.0,2,466
MOFA+,her2,50,-0.4928444076680832,50,0.0,5,466
MOFA+,luminal,50,-0.4875302239750314,50,0.0,4,466
R,basal,50,-0.260476854074153,50,0.0,1,467
R,her2,50,-0.361884469055497,50,0.0,1,467
R,luminal,50,-0.2670142978017738,50,0.02,4,467
R+P,basal,50,-0.24885291512619062,50,0.0,0,467
R+P,her2,50,-0.4462612909451743,50,0.0,2,467
R+P,luminal,50,-0.11984466831985856,50,0.0,2,467
R+D,basal,50,-0.38262166669588255,50,0.0,1,467
R+D,her2,50,-0.4341808413088831,50,0.0,2,467
R+D,luminal,50,-0.4189271722275115,50,0.02,4,467
R+P+D,basal,50,-0.3619287536202583,50,0.0,1,467
R+P+D,her2,50,-0.4326443555512416,50,0.0,4,467
R+P+D,luminal,50,-0.22218134876571857,50,0.02,0,467
MOFA+,basal,50,-0.5624526968256038,50,0.0,1,467
MOFA+,her2,50,-0.3930197206468565,50,0.02,2,467
MOFA+,luminal,50,-0.33866773742407064,50,0.0,2,467
R,basal,50,-0.30950515999719674,50,0.0,3,468
R,her2,50,-0.3290554951203889,50,0.02,2,468
R,luminal,50,-0.33504006622618493,50,0.0,3,468
R+P,basal,50,-0.15392827115343344,50,0.0,1,468
R+P,her2,50,-0.4207443876023407,50,0.04,3,468
R+P,luminal,50,-0.3528814710459789,50,0.0,0,468
R+D,basal,50,-0.40441313666099205,50,0.0,3,468
R+D,her2,50,-0.364497979580913,50,0.02,2,468
R+D,luminal,50,-0.4303884792106408,50,0.0,4,468
R+P+D,basal,50,-0.2985744734660636,50,0.0,2,468
R+P+D,her2,50,-0.4919278123329373,50,0.02,3,468
R+P+D,luminal,50,-0.43794064857561305,50,0.0,2,468
MOFA+,basal,50,-0.5463558416948096,50,0.0,3,468
MOFA+,her2,50,-0.4928444076680832,50,0.0,5,468
MOFA+,luminal,50,-0.27498818356268634,50,0.0,1,468
R,basal,50,-0.0958123005985901,50,0.0,0,469
R,her2,50,-0.39340268079134383,50,0.0,1,469
R,luminal,50,-0.33876447433833623,50,0.02,2,469
R+P,basal,50,-0.10456479625992372,50,0.0,0,469
R+P,her2,50,-0.26563224880026215,50,0.0,1,469
R+P,luminal,50,-0.26984365442905367,50,0.0,3,469
R+D,basal,50,-0.35358859679449745,50,0.0,2,469
R+D,her2,50,-0.5039745802209018,50,0.02,1,469
R+D,luminal,50,-0.3553273551198595,50,0.04,5,469
R+P+D,basal,50,-0.37330560756274683,50,0.0,2,469
R+P+D,her2,50,-0.3519963713427938,50,0.0,1,469
R+P+D,luminal,50,-0.4121451738522272,50,0.04,4,469
MOFA+,basal,50,-0.012019998178718974,50,0.0,4,469
MOFA+,her2,50,-0.5067927857540258,50,0.0,2,469
MOFA+,luminal,50,-0.33866773742407064,50,0.0,2,469
R,basal,50,-0.4105118823063275,50,0.0,1,470
R,her2,50,-0.4642714359192642,50,0.02,2,470
R,luminal,50,-0.22550946673935587,50,0.0,2,470
R+P,basal,50,-0.2729868931419327,50,0.0,3,470
R+P,her2,50,-0.38113298930055284,50,0.02,1,470
R+P,luminal,50,-0.17065755204145472,50,0.02,0,470
R+D,basal,50,-0.5734201822119744,50,0.0,4,470
R+D,her2,50,-0.5320752517428956,50,0.02,3,470
R+D,luminal,50,-0.30987659294981673,50,0.02,1,470
R+P+D,basal,50,-0.44638002936331556,50,0.0,4,470
R+P+D,her2,50,-0.5641900447277678,50,0.0,3,470
R+P+D,luminal,50,-0.2329880493091084,50,0.02,1,470
MOFA+,basal,50,-0.5624526968256038,50,0.0,1,470
MOFA+,her2,50,-0.7022956727559374,50,0.0,3,470
MOFA+,luminal,50,-0.049338171842283035,50,0.0,3,470
R,basal,50,-0.4111733983524762,50,0.0,5,471
R,her2,50,-0.1357542670087491,50,0.0,0,471
R,luminal,50,-0.1361267102008642,50,0.0,1,471
R+P,basal,50,-0.5137032883703986,50,0.0,3,471
R+P,her2,50,-0.084465190750142,50,0.0,0,471
R+P,luminal,50,-0.23252333001355857,50,0.0,1,471
R+D,basal,50,-0.3902421050366297,50,0.0,3,471
R+D,her2,50,-0.40063040592688226,50,0.0,0,471
R+D,luminal,50,-0.3457960216875381,50,0.04,2,471
R+P+D,basal,50,-0.38078670296156697,50,0.0,3,471
R+P+D,her2,50,-0.29952951294096053,50,0.0,0,471
R+P+D,luminal,50,-0.30799727534536625,50,0.06,1,471
MOFA+,basal,50,-0.5178778430235921,50,0.0,2,471
MOFA+,her2,50,-0.30258820694702326,50,0.02,2,471
MOFA+,luminal,50,-0.22472778073296432,50,0.0,1,471
R,basal,50,-0.3943045536388176,50,0.0,3,472
R,her2,50,-0.10229532467184241,50,0.0,1,472
R,luminal,50,-0.25713458956615753,50,0.0,0,472
R+P,basal,50,-0.3262740519158399,50,0.0,3,472
R+P,her2,50,-0.08572606846681628,50,0.0,1,472
R+P,luminal,50,-0.12708591926561638,50,0.0,1,472
R+D,basal,50,-0.435492297397709,50,0.0,3,472
R+D,her2,50,-0.2268985905986999,50,0.0,3,472
R+D,luminal,50,-0.30603431351066623,50,0.0,1,472
R+P+D,basal,50,-0.4654247560515143,50,0.0,6,472
R+P+D,her2,50,-0.22337042265863985,50,0.0,1,472
R+P+D,luminal,50,-0.31442398276662653,50,0.0,0,472
MOFA+,basal,50,-0.39079658001654743,50,0.0,5,472
MOFA+,her2,50,-0.01313290143070867,50,0.0,4,472
MOFA+,luminal,50,-0.4108772374338225,50,0.02,1,472
R,basal,50,-0.1776635178982555,50,0.0,1,473
R,her2,50,-0.44217110553703487,50,0.02,3,473
R,luminal,50,-0.26612360151174796,50,0.02,1,473
R+P,basal,50,-0.16744422928820996,50,0.0,2,473
R+P,her2,50,-0.5305913033098534,50,0.0,1,473
R+P,luminal,50,-0.13310739018530898,50,0.0,1,473
R+D,basal,50,-0.26899501937666054,50,0.0,1,473
R+D,her2,50,-0.48887822170805284,50,0.02,4,473
R+D,luminal,50,-0.38430165843464836,50,0.0,2,473
R+P+D,basal,50,-0.24519444427992865,50,0.0,2,473
R+P+D,her2,50,-0.4515420092599406,50,0.02,2,473
R+P+D,luminal,50,-0.2595375747106406,50,0.0,2,473
MOFA+,basal,50,-0.28982350086081005,50,0.0,2,473
MOFA+,her2,50,-0.21672749174668915,50,0.0,1,473
MOFA+,luminal,50,-0.32524904615232936,50,0.0,1,473
R,basal,50,-0.5311270652484081,50,0.0,1,474
R,her2,50,-0.49575003042696475,50,0.0,1,474
R,luminal,50,-0.23373596356810789,50,0.02,0,474
R+P,basal,50,-0.44962688646823495,50,0.0,5,474
R+P,her2,50,-0.24078017097006024,50,0.0,2,474
R+P,luminal,50,-0.28004582264439926,50,0.04,2,474
R+D,basal,50,-0.4866808791456749,50,0.0,1,474
R+D,her2,50,-0.49553937896047734,50,0.0,1,474
R+D,luminal,50,-0.39190800210638504,50,0.02,1,474
R+P+D,basal,50,-0.5399306728442853,50,0.0,2,474
R+P+D,her2,50,-0.44720354383140637,50,0.0,1,474
R+P+D,luminal,50,-0.34214275762721735,50,0.02,2,474
MOFA+,basal,50,-0.07330649288426355,50,0.0,0,474
MOFA+,her2,50,-0.5491719546595314,50,0.0,3,474
MOFA+,luminal,50,-0.27498818356268634,50,0.0,1,474
R,basal,50,-0.3868835463165505,50,0.0,2,475
R,her2,50,-0.33349354519166213,50,0.0,4,475
R,luminal,50,-0.18038386807970666,50,0.0,3,475
R+P,basal,50,-0.33518995631242177,50,0.0,2,475
R+P,her2,50,-0.3041807945777765,50,0.02,5,475
R+P,luminal,50,-0.168612744874079,50,0.0,2,475
R+D,basal,50,-0.3898396398822056,50,0.0,2,475
R+D,her2,50,-0.47586221446823496,50,0.0,2,475
R+D,luminal,50,-0.33592143848534234,50,0.0,3,475
R+P+D,basal,50,-0.37767902079854254,50,0.0,1,475
R+P+D,her2,50,-0.4246948673108409,50,0.02,3,475
R+P+D,luminal,50,-0.6182125877900719,50,0.02,4,475
MOFA+,basal,50,-0.4181651333139253,50,0.0,2,475
MOFA+,her2,50,-0.39835941672586217,50,0.02,5,475
MOFA+,luminal,50,-0.5614016197427435,50,0.0,3,475
R,basal,50,-0.44306682944015335,50,0.0,3,476
R,her2,50,-0.30599531648138795,50,0.0,0,476
R,luminal,50,-0.2861996762463183,50,0.0,3,476
R+P,basal,50,-0.3078894612327646,50,0.0,1,476
R+P,her2,50,-0.14096588684113776,50,0.0,2,476
R+P,luminal,50,-0.20145073118987886,50,0.0,1,476
R+D,basal,50,-0.5493473234666123,50,0.0,5,476
R+D,her2,50,-0.21448354574206266,50,0.0,0,476
R+D,luminal,50,-0.295200713642784,50,0.0,1,476
R+P+D,basal,50,-0.3614435319792637,50,0.0,1,476
R+P+D,her2,50,-0.1972231122541801,50,0.0,0,476
R+P+D,luminal,50,-0.32594535168818906,50,0.0,1,476
MOFA+,basal,50,-0.5054582191460999,50,0.0,4,476
MOFA+,her2,50,-0.30258820694702326,50,0.02,2,476
MOFA+,luminal,50,-0.4605362947843053,50,0.0,5,476
R,basal,50,-0.26976323821722675,50,0.0,1,477
R,her2,50,-0.30888290505094873,50,0.0,2,477
R,luminal,50,-0.36344956088920183,50,0.0,4,477
R+P,basal,50,-0.2833925253991119,50,0.0,1,477
R+P,her2,50,-0.1985923633136325,50,0.0,1,477
R+P,luminal,50,-0.43418112945816856,50,0.0,3,477
R+D,basal,50,-0.3441723215854556,50,0.0,1,477
R+D,her2,50,-0.4863866985517791,50,0.02,4,477
R+D,luminal,50,-0.34890370963627393,50,0.0,3,477
R+P+D,basal,50,-0.34957432981485353,50,0.0,1,477
R+P+D,her2,50,-0.2638192541792602,50,0.02,5,477
R+P+D,luminal,50,-0.42473881016815895,50,0.0,2,477
MOFA+,basal,50,-0.368276449712905,50,0.02,2,477
MOFA+,her2,50,-0.40456322390936145,50,0.0,2,477
MOFA+,luminal,50,-0.32524904615232936,50,0.0,1,477
R,basal,50,-0.5818714418424977,50,0.0,5,478
R,her2,50,-0.24059381976109484,50,0.02,2,478
R,luminal,50,-0.06521904818747981,50,0.0,2,478
R+P,basal,50,-0.5842657325887507,50,0.0,5,478
R+P,her2,50,-0.26451082081851696,50,0.0,1,478
R+P,luminal,50,-0.09627956199809852,50,0.0,2,478
R+D,basal,50,-0.3108218505034693,50,0.0,6,478
R+D,her2,50,-0.3506327587387474,50,0.0,2,478
R+D,luminal,50,-0.1787160239316053,50,0.0,0,478
R+P+D,basal,50,-0.4247035865768558,50,0.0,3,478
R+P+D,her2,50,-0.2576406066810964,50,0.0,2,478
R+P+D,luminal,50,-0.2585458173132007,50,0.0,1,478
MOFA+,basal,50,-0.7399409894194376,50,0.0,3,478
MOFA+,her2,50,-0.42313238618869314,50,0.02,1,478
MOFA+,luminal,50,-0.08707907674069461,50,0.0,0,478
R,basal,50,-0.21879585834463242,50,0.0,4,479
R,her2,50,-0.1738006886682901,50,0.04,1,479
R,luminal,50,-0.6930800233750624,50,0.02,3,479
R+P,basal,50,-0.17725011158522544,50,0.0,3,479
R+P,her2,50,-0.10345294500192866,50,0.04,2,479
R+P,luminal,50,-0.7196676379045414,50,0.02,2,479
R+D,basal,50,-0.23157606039300418,50,0.0,5,479
R+D,her2,50,-0.2726291602077776,50,0.0,0,479
R+D,luminal,50,-0.6236162965304486,50,0.0,3,479
R+P+D,basal,50,-0.23289150170441786,50,0.0,3,479
R+P+D,her2,50,-0.1132502759230073,50,0.02,2,479
R+P+D,luminal,50,-0.5091154222682347,50,0.0,2,479
MOFA+,basal,50,-0.5159430532564055,50,0.0,5,479
MOFA+,her2,50,-0.31448275361111183,50,0.04,2,479
MOFA+,luminal,50,-0.7166178630053172,50,0.0,3,479
R,basal,50,-0.5080936638149257,50,0.02,5,480
R,her2,50,-0.24816496172292268,50,0.02,3,480
R,luminal,50,-0.24255788711264725,50,0.0,2,480
R+P,basal,50,-0.4782353962454106,50,0.02,3,480
R+P,her2,50,-0.15539760987638235,50,0.02,3,480
R+P,luminal,50,-0.21410134795500302,50,0.0,0,480
R+D,basal,50,-0.5227481923758996,50,0.0,5,480
R+D,her2,50,-0.34670554927896435,50,0.02,2,480
R+D,luminal,50,-0.3290352315330442,50,0.0,0,480
R+P+D,basal,50,-0.6111740642741564,50,0.0,3,480
R+P+D,her2,50,-0.3174246642731354,50,0.02,2,480
R+P+D,luminal,50,-0.3011826114205903,50,0.0,1,480
MOFA+,basal,50,-0.5463558416948096,50,0.0,3,480
MOFA+,her2,50,-0.2768959773562112,50,0.02,1,480
MOFA+,luminal,50,-0.38706270944304655,50,0.0,1,480
R,basal,50,-0.6297043166751594,50,0.02,3,481
R,her2,50,-0.2790100745615705,50,0.0,0,481
R,luminal,50,-0.32768883785757474,50,0.0,1,481
R+P,basal,50,-0.42669183054251375,50,0.02,0,481
R+P,her2,50,-0.25466369435357145,50,0.0,0,481
R+P,luminal,50,-0.31259030510691377,50,0.0,2,481
R+D,basal,50,-0.5550246775880019,50,0.0,2,481
R+D,her2,50,-0.394870789743656,50,0.0,1,481
R+D,luminal,50,-0.3664487672940623,50,0.0,2,481
R+P+D,basal,50,-0.4735021644398807,50,0.0,1,481
R+P+D,her2,50,-0.32887737232039577,50,0.0,2,481
R+P+D,luminal,50,-0.3965101541279044,50,0.0,1,481
MOFA+,basal,50,-0.5054582191460999,50,0.0,4,481
MOFA+,her2,50,-0.30258820694702326,50,0.02,2,481
MOFA+,luminal,50,-0.42447621761666204,50,0.0,2,481
R,basal,50,-0.5008544994067085,50,0.0,3,482
R,her2,50,-0.58192374083659,50,0.0,5,482
R,luminal,50,-0.10404734146640396,50,0.0,2,482
R+P,basal,50,-0.412991379754923,50,0.0,3,482
R+P,her2,50,-0.5459792204822915,50,0.0,4,482
R+P,luminal,50,-0.14906043946029807,50,0.04,1,482
R+D,basal,50,-0.4999365586224684,50,0.0,1,482
R+D,her2,50,-0.5055976587752747,50,0.0,3,482
R+D,luminal,50,-0.2042399720744168,50,0.02,2,482
R+P+D,basal,50,-0.5202608347462255,50,0.0,1,482
R+P+D,her2,50,-0.5842147098352567,50,0.0,2,482
R+P+D,luminal,50,-0.21662248231776948,50,0.02,1,482
MOFA+,basal,50,-0.28982350086081005,50,0.0,2,482
MOFA+,her2,50,-0.3120793521641551,50,0.0,1,482
MOFA+,luminal,50,-0.32575067826405774,50,0.02,2,482
R,basal,50,-0.1712759832740008,50,0.0,1,483
R,her2,50,-0.4664870576214345,50,0.02,3,483
R,luminal,50,-0.3593511946961671,50,0.04,5,483
R+P,basal,50,-0.12320229459702645,50,0.0,0,483
R+P,her2,50,-0.4038681493325844,50,0.02,1,483
R+P,luminal,50,-0.26536074487020506,50,0.02,3,483
R+D,basal,50,-0.25811437064281395,50,0.0,3,483
R+D,her2,50,-0.5490398475162466,50,0.0,4,483
R+D,luminal,50,-0.6409848495950747,50,0.04,7,483
R+P+D,basal,50,-0.1558991959579565,50,0.0,1,483
R+P+D,her2,50,-0.47518833542567024,50,0.0,1,483
R+P+D,luminal,50,-0.4814631017899742,50,0.02,7,483
MOFA+,basal,50,-0.053421368184589986,50,0.0,3,483
MOFA+,her2,50,-0.2768959773562112,50,0.02,1,483
MOFA+,luminal,50,-0.3952030647717412,50,0.0,5,483
R,basal,50,-0.2226737929068745,50,0.0,3,484
R,her2,50,-0.28877898100737986,50,0.02,1,484
R,luminal,50,-0.3209896745039945,50,0.0,1,484
R+P,basal,50,-0.13542583816693013,50,0.0,2,484
R+P,her2,50,-0.5061033383272597,50,0.02,3,484
R+P,luminal,50,-0.15632380101629478,50,0.02,0,484
R+D,basal,50,-0.33970532646335394,50,0.0,4,484
R+D,her2,50,-0.5111366067133101,50,0.0,2,484
R+D,luminal,50,-0.47078859035708404,50,0.0,1,484
R+P+D,basal,50,-0.3312923887585374,50,0.0,2,484
R+P+D,her2,50,-0.49446836580232123,50,0.02,3,484
R+P+D,luminal,50,-0.36922203893460614,50,0.02,2,484
MOFA+,basal,50,-0.39079658001654743,50,0.0,5,484
MOFA+,her2,50,-0.42313238618869314,50,0.02,1,484
MOFA+,luminal,50,-0.4336475234046903,50,0.0,2,484
R,basal,50,-0.5848703784782366,50,0.0,2,485
R,her2,50,-0.5503179750258265,50,0.0,5,485
R,luminal,50,-0.33248204113728813,50,0.0,2,485
R+P,basal,50,-0.20781489149535567,50,0.0,1,485
R+P,her2,50,-0.48875007889320154,50,0.0,4,485
R+P,luminal,50,-0.29711636035902733,50,0.0,4,485
R+D,basal,50,-0.4490509785142245,50,0.0,0,485
R+D,her2,50,-0.5441306760147695,50,0.0,4,485
R+D,luminal,50,-0.42449003363462046,50,0.0,1,485
R+P+D,basal,50,-0.38396022549741454,50,0.0,1,485
R+P+D,her2,50,-0.56225289622509,50,0.0,5,485
R+P+D,luminal,50,-0.490085279936138,50,0.0,2,485
MOFA+,basal,50,-0.5624526968256038,50,0.0,1,485
MOFA+,her2,50,-0.5159761307760569,50,0.0,4,485
MOFA+,luminal,50,-0.33866773742407064,50,0.0,2,485
R,basal,50,-0.6173940255237639,50,0.0,1,486
R,her2,50,-0.2598288804127605,50,0.0,2,486
R,luminal,50,-0.4034180643196902,50,0.0,0,486
R+P,basal,50,-0.4904462579276732,50,0.0,1,486
R+P,her2,50,-0.26089034948944884,50,0.04,2,486
R+P,luminal,50,-0.20728767361636657,50,0.0,0,486
R+D,basal,50,-0.3910388260440986,50,0.0,1,486
R+D,her2,50,-0.49551152962112793,50,0.02,5,486
R+D,luminal,50,-0.602879020611533,50,0.0,2,486
R+P+D,basal,50,-0.5270703427611698,50,0.0,3,486
R+P+D,her2,50,-0.46201044097491056,50,0.06,5,486
R+P+D,luminal,50,-0.455660050521002,50,0.0,1,486
MOFA+,basal,50,-0.7399409894194376,50,0.0,3,486
MOFA+,her2,50,-0.30258820694702326,50,0.02,2,486
MOFA+,luminal,50,-0.32524904615232936,50,0.0,1,486
R,basal,50,-0.4069107242422849,50,0.0,2,487
R,her2,50,-0.28026739900278813,50,0.0,0,487
R,luminal,50,-0.5381358325334333,50,0.0,2,487
R+P,basal,50,-0.22696406328206106,50,0.0,0,487
R+P,her2,50,-0.2979042696082408,50,0.0,2,487
R+P,luminal,50,-0.3343878664046898,50,0.0,1,487
R+D,basal,50,-0.41049345683145233,50,0.0,3,487
R+D,her2,50,-0.3536122938303178,50,0.0,1,487
R+D,luminal,50,-0.5051357654564804,50,0.0,1,487
R+P+D,basal,50,-0.3581206589676734,50,0.0,1,487
R+P+D,her2,50,-0.43021032344436677,50,0.0,2,487
R+P+D,luminal,50,-0.44861256804748784,50,0.0,1,487
MOFA+,basal,50,-0.3212467034974735,50,0.0,1,487
MOFA+,her2,50,-0.3930197206468565,50,0.02,2,487
MOFA+,luminal,50,-0.4875302239750314,50,0.0,4,487
R,basal,50,-0.2538936753706092,50,0.0,0,488
R,her2,50,-0.3761569889306351,50,0.0,1,488
R,luminal,50,-0.3965386551580353,50,0.0,0,488
R+P,basal,50,-0.2911164856364003,50,0.0,2,488
R+P,her2,50,-0.3696868717461442,50,0.0,1,488
R+P,luminal,50,-0.2355029893870639,50,0.0,1,488
R+D,basal,50,-0.3598205228381351,50,0.0,1,488
R+D,her2,50,-0.5923142717490535,50,0.0,2,488
R+D,luminal,50,-0.41716244705549277,50,0.0,4,488
R+P+D,basal,50,-0.28380604091340333,50,0.0,1,488
R+P+D,her2,50,-0.39352477554070453,50,0.0,0,488
R+P+D,luminal,50,-0.2813723010803394,50,0.0,2,488
MOFA+,basal,50,-0.5159430532564055,50,0.0,5,488
MOFA+,her2,50,-0.3930197206468565,50,0.02,2,488
MOFA+,luminal,50,-0.5614016197427435,50,0.0,3,488
R,basal,50,-0.6583845291919787,50,0.0,1,489
R,her2,50,-0.4146702711243232,50,0.0,1,489
R,luminal,50,-0.11124584249759079,50,0.02,1,489
R+P,basal,50,-0.5858196245465948,50,0.0,0,489
R+P,her2,50,-0.27847509756329125,50,0.0,2,489
R+P,luminal,50,-0.2027017047082481,50,0.02,1,489
R+D,basal,50,-0.5849927305517748,50,0.0,4,489
R+D,her2,50,-0.5065669417119664,50,0.0,2,489
R+D,luminal,50,-0.268106093116243,50,0.04,4,489
R+P+D,basal,50,-0.6789896903086092,50,0.0,1,489
R+P+D,her2,50,-0.24931244962542298,50,0.0,1,489
R+P+D,luminal,50,-0.3171172349235206,50,0.06,4,489
MOFA+,basal,50,-0.5463558416948096,50,0.0,3,489
MOFA+,her2,50,-0.5652605157510739,50,0.0,1,489
MOFA+,luminal,50,-0.27498818356268634,50,0.0,1,489
R,basal,50,-0.4254092747398646,50,0.0,1,490
R,her2,50,-0.3790883979748425,50,0.0,2,490
R,luminal,50,-0.05026314414632368,50,0.0,0,490
R+P,basal,50,-0.15774263372143812,50,0.0,3,490
R+P,her2,50,-0.4638936677471163,50,0.0,5,490
R+P,luminal,50,-0.04668624209002407,50,0.0,2,490
R+D,basal,50,-0.6762573817878434,50,0.0,0,490
R+D,her2,50,-0.34677385381711917,50,0.0,3,490
R+D,luminal,50,-0.29962778727924366,50,0.0,0,490
R+P+D,basal,50,-0.4156366656799346,50,0.0,2,490
R+P+D,her2,50,-0.39541786820711416,50,0.02,3,490
R+P+D,luminal,50,-0.22963203904969348,50,0.02,1,490
MOFA+,basal,50,-0.4181651333139253,50,0.0,2,490
MOFA+,her2,50,-0.21672749174668915,50,0.0,1,490
MOFA+,luminal,50,-0.42447621761666204,50,0.0,2,490
R,basal,50,-0.22642764490238498,50,0.0,0,491
R,her2,50,-0.23070386950820496,50,0.0,2,491
R,luminal,50,-0.30439223526867676,50,0.0,2,491
R+P,basal,50,-0.18289872898003698,50,0.0,2,491
R+P,her2,50,-0.09215176951165223,50,0.0,0,491
R+P,luminal,50,-0.2787456441302208,50,0.0,4,491
R+D,basal,50,-0.3121187303199415,50,0.0,1,491
R+D,her2,50,-0.3287275433500759,50,0.0,5,491
R+D,luminal,50,-0.3630147229949064,50,0.02,3,491
R+P+D,basal,50,-0.29247255349570556,50,0.0,1,491
R+P+D,her2,50,-0.19532801149544812,50,0.0,2,491
R+P+D,luminal,50,-0.36759211490033755,50,0.0,2,491
MOFA+,basal,50,-0.21929701202341526,50,0.0,1,491
MOFA+,her2,50,-0.01313290143070867,50,0.0,4,491
MOFA+,luminal,50,-0.4108772374338225,50,0.02,1,491
R,basal,50,-0.21797475866134572,50,0.0,3,492
R,her2,50,-0.22901339918740832,50,0.0,3,492
R,luminal,50,-0.2922006413207294,50,0.04,1,492
R+P,basal,50,-0.16794575935201408,50,0.0,0,492
R+P,her2,50,-0.2728675178731388,50,0.0,3,492
R+P,luminal,50,-0.35698273502131994,50,0.02,0,492
R+D,basal,50,-0.47751753448340856,50,0.0,3,492
R+D,her2,50,-0.42185131458887154,50,0.0,2,492
R+D,luminal,50,-0.4809656960381827,50,0.02,1,492
R+P+D,basal,50,-0.4348069290600208,50,0.0,2,492
R+P+D,her2,50,-0.3811971730118006,50,0.0,2,492
R+P+D,luminal,50,-0.35136843221377617,50,0.02,0,492
MOFA+,basal,50,-0.07330649288426355,50,0.0,0,492
MOFA+,her2,50,-0.3782726858472879,50,0.0,2,492
MOFA+,luminal,50,-0.5834359116792033,50,0.0,1,492
R,basal,50,-0.2722285035134012,50,0.0,2,493
R,her2,50,-0.27541850792163475,50,0.02,2,493
R,luminal,50,-0.6213704519818499,50,0.02,5,493
R+P,basal,50,-0.2546184279192609,50,0.0,0,493
R+P,her2,50,-0.22219251089431638,50,0.0,3,493
R+P,luminal,50,-0.5523447249207853,50,0.0,3,493
R+D,basal,50,-0.4682883434886105,50,0.0,2,493
R+D,her2,50,-0.3466218315924804,50,0.0,1,493
R+D,luminal,50,-0.5494845679197858,50,0.02,2,493
R+P+D,basal,50,-0.3984213275855961,50,0.0,1,493
R+P+D,her2,50,-0.3683424073970906,50,0.0,2,493
R+P+D,luminal,50,-0.5021822448802024,50,0.0,1,493
MOFA+,basal,50,-0.07330649288426355,50,0.0,0,493
MOFA+,her2,50,-0.30258820694702326,50,0.02,2,493
MOFA+,luminal,50,-0.32524904615232936,50,0.0,1,493
R,basal,50,-0.43713424813147617,50,0.0,4,494
R,her2,50,-0.7418977518971757,50,0.0,6,494
R,luminal,50,-0.11729476446558149,50,0.0,0,494
R+P,basal,50,-0.2798489353784585,50,0.0,2,494
R+P,her2,50,-0.36950371707044055,50,0.0,2,494
R+P,luminal,50,-0.19555956724959395,50,0.0,1,494
R+D,basal,50,-0.3969436679251398,50,0.0,0,494
R+D,her2,50,-0.7322009360927042,50,0.02,4,494
R+D,luminal,50,-0.25893294565501734,50,0.0,3,494
R+P+D,basal,50,-0.36638670787362104,50,0.0,2,494
R+P+D,her2,50,-0.550949476431664,50,0.02,4,494
R+P+D,luminal,50,-0.4065132371722426,50,0.0,1,494
MOFA+,basal,50,-0.5624526968256038,50,0.0,1,494
MOFA+,her2,50,-0.36001283190272754,50,0.0,1,494
MOFA+,luminal,50,-0.4605362947843053,50,0.0,5,494
R,basal,50,-0.4307681598237653,50,0.0,3,495
R,her2,50,-0.18550351044101063,50,0.02,1,495
R,luminal,50,-0.3032054438364351,50,0.02,1,495
R+P,basal,50,-0.29918292030872995,50,0.0,2,495
R+P,her2,50,-0.13248037380118505,50,0.0,1,495
R+P,luminal,50,-0.20979177148524075,50,0.0,1,495
R+D,basal,50,-0.26294890033747065,50,0.0,3,495
R+D,her2,50,-0.17554071556114312,50,0.0,2,495
R+D,luminal,50,-0.31585062091316146,50,0.02,2,495
R+P+D,basal,50,-0.24255783591565408,50,0.0,3,495
R+P+D,her2,50,-0.17444177998134014,50,0.0,0,495
R+P+D,luminal,50,-0.266299767378065,50,0.0,2,495
MOFA+,basal,50,-0.40261158750576387,50,0.0,1,495
MOFA+,her2,50,-0.40456322390936145,50,0.0,2,495
MOFA+,luminal,50,-0.014035583308286484,50,0.0,4,495
R,basal,50,-0.22377654431166444,50,0.0,0,496
R,her2,50,-0.44465406906661636,50,0.0,4,496
R,luminal,50,-0.478534973954473,50,0.0,3,496
R+P,basal,50,-0.3424253409625138,50,0.0,1,496
R+P,her2,50,-0.5179425585653835,50,0.02,2,496
R+P,luminal,50,-0.6000118968592559,50,0.0,4,496
R+D,basal,50,-0.38339427127815107,50,0.0,1,496
R+D,her2,50,-0.683630002726357,50,0.0,6,496
R+D,luminal,50,-0.3627747979261507,50,0.04,5,496
R+P+D,basal,50,-0.1863547126165061,50,0.0,1,496
R+P+D,her2,50,-0.4345218242709967,50,0.0,6,496
R+P+D,luminal,50,-0.39453722311316897,50,0.0,2,496
MOFA+,basal,50,-0.07330649288426355,50,0.0,0,496
MOFA+,her2,50,-0.21672749174668915,50,0.0,1,496
MOFA+,luminal,50,-0.5834359116792033,50,0.0,1,496
R,basal,50,-0.4822791187400411,50,0.0,1,497
R,her2,50,-0.2642627362099136,50,0.0,3,497
R,luminal,50,-0.1839117192091766,50,0.0,1,497
R+P,basal,50,-0.6418322604160481,50,0.0,0,497
R+P,her2,50,-0.430232834901234,50,0.02,2,497
R+P,luminal,50,-0.0680929911788988,50,0.0,1,497
R+D,basal,50,-0.4367333708566767,50,0.0,2,497
R+D,her2,50,-0.3414381910788316,50,0.02,1,497
R+D,luminal,50,-0.21780471184753838,50,0.0,1,497
R+P+D,basal,50,-0.571356561255951,50,0.0,2,497
R+P+D,her2,50,-0.5678474484911505,50,0.02,1,497
R+P+D,luminal,50,-0.1374795781693805,50,0.0,1,497
MOFA+,basal,50,-0.40261158750576387,50,0.0,1,497
MOFA+,her2,50,-0.3782726858472879,50,0.0,2,497
MOFA+,luminal,50,-0.014035583308286484,50,0.0,4,497
R,basal,50,-0.4586553843920732,50,0.0,5,498
R,her2,50,-0.15308096648969313,50,0.0,2,498
R,luminal,50,-0.4191391279045368,50,0.0,2,498
R+P,basal,50,-0.23965128679907818,50,0.0,3,498
R+P,her2,50,-0.1848849817993972,50,0.0,0,498
R+P,luminal,50,-0.5075506160837964,50,0.0,4,498
R+D,basal,50,-0.5500974126497092,50,0.0,4,498
R+D,her2,50,-0.3764939287475875,50,0.02,3,498
R+D,luminal,50,-0.43133287429472617,50,0.0,2,498
R+P+D,basal,50,-0.30734211839837394,50,0.0,4,498
R+P+D,her2,50,-0.3604029559189066,50,0.02,1,498
R+P+D,luminal,50,-0.5126980584451841,50,0.02,3,498
MOFA+,basal,50,-0.3212467034974735,50,0.0,1,498
MOFA+,her2,50,-0.21672749174668915,50,0.0,1,498
MOFA+,luminal,50,-0.32179389140566017,50,0.0,2,498
R,basal,50,-0.20118171665832524,50,0.0,2,499
R,her2,50,-0.4071644743088793,50,0.0,1,499
R,luminal,50,-0.17181058354990103,50,0.0,0,499
R+P,basal,50,-0.22094121641933012,50,0.0,2,499
R+P,her2,50,-0.2169849210650907,50,0.0,2,499
R+P,luminal,50,-0.2702506334780121,50,0.02,1,499
R+D,basal,50,-0.3633284252339189,50,0.0,5,499
R+D,her2,50,-0.7400704842211513,50,0.0,1,499
R+D,luminal,50,-0.4098856155754831,50,0.0,1,499
R+P+D,basal,50,-0.3786558479675105,50,0.0,4,499
R+P+D,her2,50,-0.501607316002207,50,0.0,0,499
R+P+D,luminal,50,-0.4177806079078748,50,0.0,4,499
MOFA+,basal,50,-0.39079658001654743,50,0.0,5,499
MOFA+,her2,50,-0.5067927857540258,50,0.0,2,499
MOFA+,luminal,50,-0.4336475234046903,50,0.0,2,499
R,basal,50,-0.31040341374540104,50,0.0,2,500
R,her2,50,-0.33614051254024907,50,0.0,2,500
R,luminal,50,-0.33234854851948364,50,0.0,2,500
R+P,basal,50,-0.2620742753555197,50,0.0,1,500
R+P,her2,50,-0.3130476591299657,50,0.0,2,500
R+P,luminal,50,-0.20673636310619653,50,0.0,1,500
R+D,basal,50,-0.502859049777758,50,0.0,1,500
R+D,her2,50,-0.4106820458896137,50,0.0,1,500
R+D,luminal,50,-0.31260902749104963,50,0.0,0,500
R+P+D,basal,50,-0.4700141555530654,50,0.0,2,500
R+P+D,her2,50,-0.5137608851654444,50,0.0,2,500
R+P+D,luminal,50,-0.26737859869285846,50,0.0,0,500
MOFA+,basal,50,-0.27447206105048505,50,0.0,1,500
MOFA+,her2,50,-0.5067927857540258,50,0.0,2,500
MOFA+,luminal,50,-0.5614016197427435,50,0.0,3,500
R,basal,50,-0.3267594374434664,50,0.0,3,501
R,her2,50,-0.09112723028822503,50,0.0,1,501
R,luminal,50,-0.342632252396875,50,0.0,3,501
R+P,basal,50,-0.20235440434763874,50,0.0,2,501
R+P,her2,50,-0.05245911404383921,50,0.0,1,501
R+P,luminal,50,-0.2800552420149833,50,0.0,4,501
R+D,basal,50,-0.36595819410546554,50,0.0,3,501
R+D,her2,50,-0.1592288166239282,50,0.0,0,501
R+D,luminal,50,-0.5334536299356512,50,0.0,3,501
R+P+D,basal,50,-0.3172952677614448,50,0.0,2,501
R+P+D,her2,50,-0.08270996559754884,50,0.0,1,501
R+P+D,luminal,50,-0.4202139972910168,50,0.0,3,501
MOFA+,basal,50,-0.27447206105048505,50,0.0,1,501
MOFA+,her2,50,-0.01313290143070867,50,0.0,4,501
MOFA+,luminal,50,-0.4108772374338225,50,0.02,1,501
R,basal,50,-0.20235596678101334,50,0.0,1,502
R,her2,50,-0.6845100262003843,50,0.0,5,502
R,luminal,50,-0.26273546998164243,50,0.0,2,502
R+P,basal,50,-0.07480825904701177,50,0.0,0,502
R+P,her2,50,-0.5849513671388151,50,0.0,2,502
R+P,luminal,50,-0.09259464320346776,50,0.0,1,502
R+D,basal,50,-0.42012373648856327,50,0.0,4,502
R+D,her2,50,-0.5414074812733026,50,0.0,4,502
R+D,luminal,50,-0.38787514726663497,50,0.02,3,502
R+P+D,basal,50,-0.3078872621474867,50,0.0,2,502
R+P+D,her2,50,-0.5876476359993876,50,0.0,2,502
R+P+D,luminal,50,-0.29981890588803156,50,0.02,1,502
MOFA+,basal,50,-0.3889951945560759,50,0.0,1,502
MOFA+,her2,50,-0.7022956727559374,50,0.0,3,502
MOFA+,luminal,50,-0.42447621761666204,50,0.0,2,502
R,basal,50,-0.43334579116968297,50,0.0,3,503
R,her2,50,-0.3727333699710307,50,0.0,0,503
R,luminal,50,-0.2292186577532865,50,0.0,2,503
R+P,basal,50,-0.2999097796587536,50,0.0,2,503
R+P,her2,50,-0.0793140124028924,50,0.0,0,503
R+P,luminal,50,-0.1900409385907603,50,0.0,2,503
R+D,basal,50,-0.43519093321194086,50,0.0,3,503
R+D,her2,50,-0.4982961550697766,50,0.0,0,503
R+D,luminal,50,-0.2676680263129243,50,0.0,2,503
R+P+D,basal,50,-0.4621920179821954,50,0.0,4,503
R+P+D,her2,50,-0.27790052067170945,50,0.0,0,503
R+P+D,luminal,50,-0.2719312779687297,50,0.02,3,503
MOFA+,basal,50,-0.5054582191460999,50,0.0,4,503
MOFA+,her2,50,-0.04592504717146089,50,0.0,3,503
MOFA+,luminal,50,-0.42447621761666204,50,0.0,2,503
R,basal,50,-0.45494319507653314,50,0.0,1,504
R,her2,50,-0.2580441707109817,50,0.0,1,504
R,luminal,50,-0.36446623735755035,50,0.02,1,504
R+P,basal,50,-0.3753957786790082,50,0.0,1,504
R+P,her2,50,-0.42398090631956437,50,0.02,9,504
R+P,luminal,50,-0.3037145798135343,50,0.02,3,504
R+D,basal,50,-0.5802849840727837,50,0.0,2,504
R+D,her2,50,-0.5957339316854224,50,0.02,4,504
R+D,luminal,50,-0.3338148720196268,50,0.0,1,504
R+P+D,basal,50,-0.5478056879514849,50,0.0,3,504
R+P+D,her2,50,-0.5932877218140067,50,0.02,6,504
R+P+D,luminal,50,-0.3126142719332182,50,0.02,2,504
MOFA+,basal,50,-0.5463558416948096,50,0.0,3,504
MOFA+,her2,50,-0.21672749174668915,50,0.0,1,504
MOFA+,luminal,50,-0.27498818356268634,50,0.0,1,504
R,basal,50,-0.23809870346527673,50,0.0,0,505
R,her2,50,-0.09406104440280659,50,0.0,2,505
R,luminal,50,-0.9278479363307638,50,0.0,3,505
R+P,basal,50,-0.13844246943781952,50,0.0,0,505
R+P,her2,50,-0.1130834006707887,50,0.02,0,505
R+P,luminal,50,-0.9830996617062354,50,0.0,3,505
R+D,basal,50,-0.28688757870318304,50,0.0,1,505
R+D,her2,50,-0.177293288257163,50,0.02,2,505
R+D,luminal,50,-0.5292667092106261,50,0.0,1,505
R+P+D,basal,50,-0.21243513582842194,50,0.0,0,505
R+P+D,her2,50,-0.22712367656490082,50,0.02,1,505
R+P+D,luminal,50,-0.7382376660385478,50,0.0,4,505
MOFA+,basal,50,-0.28769486971114927,50,0.0,2,505
MOFA+,her2,50,-0.3930197206468565,50,0.02,2,505
MOFA+,luminal,50,-0.5336617848574897,50,0.0,2,505
R,basal,50,-0.31083662165787773,50,0.0,1,506
R,her2,50,-0.34328143973409686,50,0.0,6,506
R,luminal,50,-0.34420177652738554,50,0.0,0,506
R+P,basal,50,-0.16964285321872755,50,0.0,1,506
R+P,her2,50,-0.20818199279324243,50,0.02,3,506
R+P,luminal,50,-0.5259504184544679,50,0.0,1,506
R+D,basal,50,-0.37466784856764895,50,0.0,2,506
R+D,her2,50,-0.5719043581402103,50,0.0,6,506
R+D,luminal,50,-0.6003908546294978,50,0.0,2,506
R+P+D,basal,50,-0.14370342700356606,50,0.0,1,506
R+P+D,her2,50,-0.43225655717607625,50,0.0,4,506
R+P+D,luminal,50,-0.6337931067093077,50,0.0,4,506
MOFA+,basal,50,-0.053421368184589986,50,0.0,3,506
MOFA+,her2,50,-0.5159761307760569,50,0.0,4,506
MOFA+,luminal,50,-0.38706270944304655,50,0.0,1,506
R,basal,50,-0.3489845902166299,50,0.0,1,507
R,her2,50,-0.39266795115548786,50,0.0,1,507
R,luminal,50,-0.4022812975229031,50,0.0,3,507
R+P,basal,50,-0.39094019520694323,50,0.0,1,507
R+P,her2,50,-0.1542161700477579,50,0.04,0,507
R+P,luminal,50,-0.2998872966686279,50,0.0,1,507
R+D,basal,50,-0.47978906880012834,50,0.0,2,507
R+D,her2,50,-0.34443085058031436,50,0.02,1,507
R+D,luminal,50,-0.42043305711389356,50,0.02,4,507
R+P+D,basal,50,-0.5232147597868315,50,0.0,0,507
R+P+D,her2,50,-0.33153539507406854,50,0.02,2,507
R+P+D,luminal,50,-0.33660589101257293,50,0.02,1,507
MOFA+,basal,50,-0.5178778430235921,50,0.0,2,507
MOFA+,her2,50,-0.01313290143070867,50,0.0,4,507
MOFA+,luminal,50,-0.4108772374338225,50,0.02,1,507
R,basal,50,-0.45851260851517955,50,0.0,4,508
R,her2,50,-0.21442870199045722,50,0.02,2,508
R,luminal,50,-0.17525630589686755,50,0.0,3,508
R+P,basal,50,-0.5650733592664857,50,0.0,5,508
R+P,her2,50,-0.22982633172405398,50,0.0,2,508
R+P,luminal,50,-0.14810439333317585,50,0.0,2,508
R+D,basal,50,-0.6475624505108446,50,0.0,4,508
R+D,her2,50,-0.46154176758855314,50,0.02,4,508
R+D,luminal,50,-0.25670533130144607,50,0.0,1,508
R+P+D,basal,50,-0.7491929548700936,50,0.0,5,508
R+P+D,her2,50,-0.3621946987381549,50,0.0,1,508
R+P+D,luminal,50,-0.24644342871159897,50,0.0,0,508
MOFA+,basal,50,-0.5178778430235921,50,0.0,2,508
MOFA+,her2,50,-0.36001283190272754,50,0.0,1,508
MOFA+,luminal,50,-0.049338171842283035,50,0.0,3,508
R,basal,50,-0.09750596025013855,50,0.0,1,509
R,her2,50,-0.5241724799913737,50,0.0,3,509
R,luminal,50,-0.7401930138101362,50,0.0,1,509
R+P,basal,50,-0.06003753426400975,50,0.0,1,509
R+P,her2,50,-0.4682433162801153,50,0.0,2,509
R+P,luminal,50,-0.2918811655430234,50,0.0,4,509
R+D,basal,50,-0.2002083231605851,50,0.0,2,509
R+D,her2,50,-0.4734492656045887,50,0.0,6,509
R+D,luminal,50,-0.5359705895243746,50,0.0,5,509
R+P+D,basal,50,-0.18314071491206346,50,0.0,1,509
R+P+D,her2,50,-0.5970481211032759,50,0.0,4,509
R+P+D,luminal,50,-0.41421041473536546,50,0.02,2,509
MOFA+,basal,50,-0.3915193340880218,50,0.0,2,509
MOFA+,her2,50,-0.5067927857540258,50,0.0,2,509
MOFA+,luminal,50,-0.4875302239750314,50,0.0,4,509
R,basal,50,-0.1625878535411089,50,0.0,0,510
R,her2,50,-0.2983463407809532,50,0.02,0,510
R,luminal,50,-0.2156131752145112,50,0.04,2,510
R+P,basal,50,-0.12396385060248136,50,0.0,0,510
R+P,her2,50,-0.1846634332320932,50,0.02,0,510
R+P,luminal,50,-0.438705725338764,50,0.02,0,510
R+D,basal,50,-0.34442160472474853,50,0.0,1,510
R+D,her2,50,-0.38697439622466534,50,0.0,2,510
R+D,luminal,50,-0.38644003938368016,50,0.04,2,510
R+P+D,basal,50,-0.26712575125549703,50,0.0,3,510
R+P+D,her2,50,-0.32106828519505676,50,0.0,3,510
R+P+D,luminal,50,-0.47615162857698534,50,0.02,0,510
MOFA+,basal,50,-0.5624526968256038,50,0.0,1,510
MOFA+,her2,50,-0.2768959773562112,50,0.02,1,510
MOFA+,luminal,50,-0.5614016197427435,50,0.0,3,510
R,basal,50,-0.19858141021540343,50,0.0,2,511
R,her2,50,-0.35103666255484073,50,0.0,1,511
R,luminal,50,-0.6601650477537625,50,0.0,5,511
R+P,basal,50,-0.12125628414025756,50,0.0,2,511
R+P,her2,50,-0.13674571335941765,50,0.0,1,511
R+P,luminal,50,-0.4510086006233618,50,0.0,5,511
R+D,basal,50,-0.3217299057436398,50,0.0,2,511
R+D,her2,50,-0.4479972070038243,50,0.0,2,511
R+D,luminal,50,-0.5223514913552328,50,0.0,1,511
R+P+D,basal,50,-0.2176302843712085,50,0.0,1,511
R+P+D,her2,50,-0.39935836559597077,50,0.0,2,511
R+P+D,luminal,50,-0.5479453422657135,50,0.0,4,511
MOFA+,basal,50,-0.27447206105048505,50,0.0,1,511
MOFA+,her2,50,-0.42313238618869314,50,0.02,1,511
MOFA+,luminal,50,-0.4605362947843053,50,0.0,5,511
R,basal,50,-0.12740825549780074,50,0.0,1,512
R,her2,50,-0.400662449544283,50,0.0,2,512
R,luminal,50,-0.3556023126649853,50,0.02,4,512
R+P,basal,50,-0.10897607405768861,50,0.0,1,512
R+P,her2,50,-0.3394379151038166,50,0.0,3,512
R+P,luminal,50,-0.5187350183084497,50,0.0,5,512
R+D,basal,50,-0.23979484148625663,50,0.0,2,512
R+D,her2,50,-0.47652682371265853,50,0.0,0,512
R+D,luminal,50,-0.3981010170511545,50,0.0,1,512
R+P+D,basal,50,-0.14397577744146497,50,0.0,2,512
R+P+D,her2,50,-0.41625463702546406,50,0.0,1,512
R+P+D,luminal,50,-0.5403908329240428,50,0.0,3,512
MOFA+,basal,50,-0.012019998178718974,50,0.0,4,512
MOFA+,her2,50,-0.42313238618869314,50,0.02,1,512
MOFA+,luminal,50,-0.4875302239750314,50,0.0,4,512
R,basal,50,-0.3125994306617421,50,0.0,2,513
R,her2,50,-0.44530492754023826,50,0.0,0,513
R,luminal,50,-0.26364790098528595,50,0.0,1,513
R+P,basal,50,-0.4480322053882743,50,0.0,3,513
R+P,her2,50,-0.1440830509705814,50,0.0,0,513
R+P,luminal,50,-0.31438233283441114,50,0.0,0,513
R+D,basal,50,-0.4685444192177309,50,0.0,1,513
R+D,her2,50,-0.31240190691610265,50,0.0,3,513
R+D,luminal,50,-0.252175394218873,50,0.0,3,513
R+P+D,basal,50,-0.5495122001707636,50,0.0,2,513
R+P+D,her2,50,-0.2792678689863694,50,0.0,0,513
R+P+D,luminal,50,-0.23487367223574804,50,0.0,1,513
MOFA+,basal,50,-0.3915193340880218,50,0.0,2,513
MOFA+,her2,50,-0.04592504717146089,50,0.0,3,513
MOFA+,luminal,50,-0.27498818356268634,50,0.0,1,513
R,basal,50,-0.3430114143517081,50,0.0,6,514
R,her2,50,-0.2519982008245098,50,0.0,1,514
R,luminal,50,-0.4063386037629726,50,0.02,0,514
R+P,basal,50,-0.26069113402382416,50,0.0,3,514
R+P,her2,50,-0.173052647961151,50,0.0,0,514
R+P,luminal,50,-0.24152230156620574,50,0.02,0,514
R+D,basal,50,-0.6038216218131949,50,0.0,7,514
R+D,her2,50,-0.4426579725157591,50,0.0,2,514
R+D,luminal,50,-0.4898961226656893,50,0.02,1,514
R+P+D,basal,50,-0.40910610362599903,50,0.0,4,514
R+P+D,her2,50,-0.314073045264753,50,0.0,1,514
R+P+D,luminal,50,-0.3129161232441145,50,0.02,2,514
MOFA+,basal,50,-0.28769486971114927,50,0.0,2,514
MOFA+,her2,50,-0.36001283190272754,50,0.0,1,514
MOFA+,luminal,50,-0.42447621761666204,50,0.0,2,514
R,basal,50,-0.6560150262466279,50,0.0,1,515
R,her2,50,-0.19482793913431581,50,0.0,1,515
R,luminal,50,-0.2504164944742041,50,0.0,0,515
R+P,basal,50,-0.4645942170790782,50,0.0,0,515
R+P,her2,50,-0.0952279624588185,50,0.0,0,515
R+P,luminal,50,-0.12407479431018668,50,0.0,1,515
R+D,basal,50,-0.5649206232498261,50,0.0,1,515
R+D,her2,50,-0.27859706149422037,50,0.0,1,515
R+D,luminal,50,-0.3540776416711877,50,0.0,1,515
R+P+D,basal,50,-0.4707406577800347,50,0.0,0,515
R+P+D,her2,50,-0.32760357366334397,50,0.0,1,515
R+P+D,luminal,50,-0.2217724885014913,50,0.0,2,515
MOFA+,basal,50,-0.5178778430235921,50,0.0,2,515
MOFA+,her2,50,-0.31448275361111183,50,0.04,2,515
MOFA+,luminal,50,-0.08707907674069461,50,0.0,0,515
R,basal,50,-0.46570598371654504,50,0.0,2,516
R,her2,50,-0.18561595011804954,50,0.0,1,516
R,luminal,50,-0.30293476600563685,50,0.02,3,516
R+P,basal,50,-0.3530683824915233,50,0.0,1,516
R+P,her2,50,-0.15823317419173275,50,0.0,1,516
R+P,luminal,50,-0.2869993590403644,50,0.08,1,516
R+D,basal,50,-0.49871396446673155,50,0.0,3,516
R+D,her2,50,-0.44764798938838196,50,0.0,2,516
R+D,luminal,50,-0.2982506629662943,50,0.04,2,516
R+P+D,basal,50,-0.39033870655950176,50,0.0,2,516
R+P+D,her2,50,-0.44066670210372527,50,0.0,1,516
R+P+D,luminal,50,-0.3375206111789749,50,0.04,2,516
MOFA+,basal,50,-0.5054582191460999,50,0.0,4,516
MOFA+,her2,50,-0.5067927857540258,50,0.0,2,516
MOFA+,luminal,50,-0.22472778073296432,50,0.0,1,516
R,basal,50,-0.1803254237215347,50,0.0,1,517
R,her2,50,-0.42637511339488243,50,0.0,7,517
R,luminal,50,-0.5835060591480413,50,0.0,3,517
R+P,basal,50,-0.1174905205364695,50,0.0,3,517
R+P,her2,50,-0.33036722083178843,50,0.02,5,517
R+P,luminal,50,-0.2956874946761905,50,0.02,2,517
R+D,basal,50,-0.20833224428988717,50,0.0,1,517
R+D,her2,50,-0.6090259584492234,50,0.02,6,517
R+D,luminal,50,-0.5602359235272292,50,0.0,3,517
R+P+D,basal,50,-0.2930240257360767,50,0.0,2,517
R+P+D,her2,50,-0.4271750770662694,50,0.02,5,517
R+P+D,luminal,50,-0.4378245293472645,50,0.04,3,517
MOFA+,basal,50,-0.053421368184589986,50,0.0,3,517
MOFA+,her2,50,-0.5159761307760569,50,0.0,4,517
MOFA+,luminal,50,-0.5614016197427435,50,0.0,3,517
R,basal,50,-0.2592032026127077,50,0.0,0,518
R,her2,50,-0.2383304078433735,50,0.0,3,518
R,luminal,50,-0.33495641405065685,50,0.0,2,518
R+P,basal,50,-0.18122095699598956,50,0.0,1,518
R+P,her2,50,-0.20060499990043174,50,0.04,2,518
R+P,luminal,50,-0.2554861279636461,50,0.0,4,518
R+D,basal,50,-0.3261875191248907,50,0.0,0,518
R+D,her2,50,-0.43641590793988155,50,0.02,5,518
R+D,luminal,50,-0.4369941748060095,50,0.0,6,518
R+P+D,basal,50,-0.23767408999799944,50,0.0,1,518
R+P+D,her2,50,-0.31907003788649774,50,0.02,5,518
R+P+D,luminal,50,-0.3751701015190259,50,0.02,3,518
MOFA+,basal,50,-0.3889951945560759,50,0.0,1,518
MOFA+,her2,50,-0.31448275361111183,50,0.04,2,518
MOFA+,luminal,50,-0.4605362947843053,50,0.0,5,518
R,basal,50,-0.4454525852438989,50,0.0,3,519
R,her2,50,-0.13903213266916992,50,0.0,2,519
R,luminal,50,-0.3394400978600283,50,0.0,2,519
R+P,basal,50,-0.27823359532130704,50,0.0,2,519
R+P,her2,50,-0.08671105944223935,50,0.0,2,519
R+P,luminal,50,-0.33336354102065147,50,0.0,0,519
R+D,basal,50,-0.39612917279253557,50,0.0,3,519
R+D,her2,50,-0.3297713481682939,50,0.02,4,519
R+D,luminal,50,-0.43656042809605067,50,0.0,1,519
R+P+D,basal,50,-0.20968485439860057,50,0.0,2,519
R+P+D,her2,50,-0.19187190099283427,50,0.0,3,519
R+P+D,luminal,50,-0.3513504047472843,50,0.0,2,519
MOFA+,basal,50,-0.7399409894194376,50,0.0,3,519
MOFA+,her2,50,-0.5652605157510739,50,0.0,1,519
MOFA+,luminal,50,-0.33866773742407064,50,0.0,2,519
R,basal,50,-0.31912535631397754,50,0.0,7,520
R,her2,50,-0.3898238713264842,50,0.0,1,520
R,luminal,50,-0.23380916649236158,50,0.0,2,520
R+P,basal,50,-0.23440372125668685,50,0.0,2,520
R+P,her2,50,-0.2913515932576404,50,0.0,2,520
R+P,luminal,50,-0.36466207223669594,50,0.02,0,520
R+D,basal,50,-0.5651639051621644,50,0.0,6,520
R+D,her2,50,-0.6098141180428543,50,0.02,2,520
R+D,luminal,50,-0.348110261127008,50,0.02,4,520
R+P+D,basal,50,-0.2545591634607242,50,0.0,5,520
R+P+D,her2,50,-0.5682472154601054,50,0.02,2,520
R+P+D,luminal,50,-0.4132191164118091,50,0.04,2,520
MOFA+,basal,50,-0.5054582191460999,50,0.0,4,520
MOFA+,her2,50,-0.08379133735789089,50,0.0,0,520
MOFA+,luminal,50,-0.32179389140566017,50,0.0,2,520
R,basal,50,-0.3608586856141244,50,0.0,1,521
R,her2,50,-0.35163237003561454,50,0.0,2,521
R,luminal,50,-0.22085068841908392,50,0.0,0,521
R+P,basal,50,-0.38093502957484554,50,0.0,1,521
R+P,her2,50,-0.28924209949597834,50,0.0,3,521
R+P,luminal,50,-0.05895614504207576,50,0.0,5,521
R+D,basal,50,-0.42745591287561224,50,0.0,2,521
R+D,her2,50,-0.40097266975178464,50,0.02,3,521
R+D,luminal,50,-0.249393404908601,50,0.0,1,521
R+P+D,basal,50,-0.3369136554396416,50,0.0,1,521
R+P+D,her2,50,-0.269661118825805,50,0.0,2,521
R+P+D,luminal,50,-0.20732042818408217,50,0.0,2,521
MOFA+,basal,50,-0.27447206105048505,50,0.0,1,521
MOFA+,her2,50,-0.42313238618869314,50,0.02,1,521
MOFA+,luminal,50,-0.014035583308286484,50,0.0,4,521
R,basal,50,-0.09679532835806479,50,0.0,0,522
R,her2,50,-0.5772192262300172,50,0.02,2,522
R,luminal,50,-0.4193588026147792,50,0.02,3,522
R+P,basal,50,-0.08101925505215743,50,0.0,1,522
R+P,her2,50,-0.4860232597083167,50,0.0,2,522
R+P,luminal,50,-0.6670493468412565,50,0.0,4,522
R+D,basal,50,-0.18013364734470508,50,0.0,0,522
R+D,her2,50,-0.5278440917122887,50,0.0,2,522
R+D,luminal,50,-0.5201633712146708,50,0.0,1,522
R+P+D,basal,50,-0.21038081300582678,50,0.0,1,522
R+P+D,her2,50,-0.6573071572223921,50,0.0,4,522
R+P+D,luminal,50,-0.6091715954146836,50,0.0,1,522
MOFA+,basal,50,-0.27447206105048505,50,0.0,1,522
MOFA+,her2,50,-0.5159761307760569,50,0.0,4,522
MOFA+,luminal,50,-0.5614016197427435,50,0.0,3,522
R,basal,50,-0.4193598072137541,50,0.0,1,523
R,her2,50,-0.304754541697165,50,0.0,0,523
R,luminal,50,-0.19581894251603593,50,0.0,3,523
R+P,basal,50,-0.3057424114193066,50,0.0,1,523
R+P,her2,50,-0.4527212428162437,50,0.02,3,523
R+P,luminal,50,-0.21420079011137225,50,0.0,1,523
R+D,basal,50,-0.4118473640822821,50,0.0,0,523
R+D,her2,50,-0.42814315701956074,50,0.0,2,523
R+D,luminal,50,-0.2559907594023732,50,0.02,3,523
R+P+D,basal,50,-0.47894117493258265,50,0.0,0,523
R+P+D,her2,50,-0.47036084751036755,50,0.02,2,523
R+P+D,luminal,50,-0.19680238717921192,50,0.02,2,523
MOFA+,basal,50,-0.5054582191460999,50,0.0,4,523
MOFA+,her2,50,-0.7022956727559374,50,0.0,3,523
MOFA+,luminal,50,-0.32524904615232936,50,0.0,1,523
R,basal,50,-0.4257855837109053,50,0.0,2,524
R,her2,50,-0.15954792130812584,50,0.0,2,524
R,luminal,50,-0.44813092679916017,50,0.0,1,524
R+P,basal,50,-0.39741570196636755,50,0.0,4,524
R+P,her2,50,-0.23591665417830984,50,0.02,3,524
R+P,luminal,50,-0.4793264067563075,50,0.0,1,524
R+D,basal,50,-0.4329257608269892,50,0.0,2,524
R+D,her2,50,-0.3198779663432153,50,0.0,1,524
R+D,luminal,50,-0.48795796228933164,50,0.0,0,524
R+P+D,basal,50,-0.5608037379995797,50,0.0,2,524
R+P+D,her2,50,-0.2984616019183559,50,0.0,1,524
R+P+D,luminal,50,-0.3812342250647855,50,0.0,1,524
MOFA+,basal,50,-0.5159430532564055,50,0.0,5,524
MOFA+,her2,50,-0.21672749174668915,50,0.0,1,524
MOFA+,luminal,50,-0.38706270944304655,50,0.0,1,524
R,basal,50,-0.31249660498982595,50,0.0,2,525
R,her2,50,-0.42805990967745267,50,0.02,3,525
R,luminal,50,-0.1831991295510033,50,0.0,1,525
R+P,basal,50,-0.18674512589692804,50,0.0,0,525
R+P,her2,50,-0.317347614973747,50,0.0,3,525
R+P,luminal,50,-0.1261818797280119,50,0.0,1,525
R+D,basal,50,-0.4065331942745831,50,0.0,2,525
R+D,her2,50,-0.5997531114601986,50,0.0,3,525
R+D,luminal,50,-0.36160817521251687,50,0.0,2,525
R+P+D,basal,50,-0.2538176433005589,50,0.0,2,525
R+P+D,her2,50,-0.5369057170733873,50,0.02,4,525
R+P+D,luminal,50,-0.2458779798807534,50,0.0,1,525
MOFA+,basal,50,-0.3212467034974735,50,0.0,1,525
MOFA+,her2,50,-0.5159761307760569,50,0.0,4,525
MOFA+,luminal,50,-0.22472778073296432,50,0.0,1,525
R,basal,50,-0.31977395682582377,50,0.0,1,526
R,her2,50,-0.2671979732710567,50,0.0,4,526
R,luminal,50,-0.4594572470366337,50,0.02,4,526
R+P,basal,50,-0.36032350827974396,50,0.0,1,526
R+P,her2,50,-0.22098324026178123,50,0.0,2,526
R+P,luminal,50,-0.42473547492765895,50,0.0,1,526
R+D,basal,50,-0.3771087558720591,50,0.0,2,526
R+D,her2,50,-0.44370548622425937,50,0.0,3,526
R+D,luminal,50,-0.4310264141263703,50,0.02,3,526
R+P+D,basal,50,-0.4165673050960919,50,0.0,0,526
R+P+D,her2,50,-0.4172419123800157,50,0.0,3,526
R+P+D,luminal,50,-0.44123873137196207,50,0.02,2,526
MOFA+,basal,50,-0.012019998178718974,50,0.0,4,526
MOFA+,her2,50,-0.7022956727559374,50,0.0,3,526
MOFA+,luminal,50,-0.4108772374338225,50,0.02,1,526
R,basal,50,-0.4418407458974329,50,0.0,1,527
R,her2,50,-0.14126370745050187,50,0.02,0,527
R,luminal,50,-0.2723149414864074,50,0.02,3,527
R+P,basal,50,-0.4975004501054148,50,0.0,3,527
R+P,her2,50,-0.16010809408304186,50,0.0,0,527
R+P,luminal,50,-0.30602700280500506,50,0.02,2,527
R+D,basal,50,-0.44881567406204537,50,0.0,0,527
R+D,her2,50,-0.4028218481173503,50,0.0,1,527
R+D,luminal,50,-0.3711307610529601,50,0.02,2,527
R+P+D,basal,50,-0.5386023967064457,50,0.0,2,527
R+P+D,her2,50,-0.19928154854926028,50,0.0,0,527
R+P+D,luminal,50,-0.3278318745762688,50,0.02,2,527
MOFA+,basal,50,-0.5463558416948096,50,0.0,3,527
MOFA+,her2,50,-0.39835941672586217,50,0.02,5,527
MOFA+,luminal,50,-0.4605362947843053,50,0.0,5,527
R,basal,50,-0.4682317181301432,50,0.0,2,528
R,her2,50,-0.3420577293953528,50,0.0,2,528
R,luminal,50,-0.3175337632282036,50,0.0,1,528
R+P,basal,50,-0.41337357184720985,50,0.0,4,528
R+P,her2,50,-0.37562328151851404,50,0.0,1,528
R+P,luminal,50,-0.1843873037313581,50,0.02,1,528
R+D,basal,50,-0.4023576050976132,50,0.0,1,528
R+D,her2,50,-0.41295941718182866,50,0.0,2,528
R+D,luminal,50,-0.2900213988423348,50,0.0,1,528
R+P+D,basal,50,-0.36887598970616614,50,0.0,2,528
R+P+D,her2,50,-0.4979889456899682,50,0.0,4,528
R+P+D,luminal,50,-0.2564464988295582,50,0.0,2,528
MOFA+,basal,50,-0.28982350086081005,50,0.0,2,528
MOFA+,her2,50,-0.5652605157510739,50,0.0,1,528
MOFA+,luminal,50,-0.049338171842283035,50,0.0,3,528
R,basal,50,-0.2701815480477387,50,0.0,3,529
R,her2,50,-0.714505351443309,50,0.0,5,529
R,luminal,50,-0.2780941593920967,50,0.0,3,529
R+P,basal,50,-0.18022408592792952,50,0.0,0,529
R+P,her2,50,-0.3784707064816856,50,0.02,3,529
R+P,luminal,50,-0.3227743043817287,50,0.0,2,529
R+D,basal,50,-0.4012120999957782,50,0.0,5,529
R+D,her2,50,-0.612836730488603,50,0.02,4,529
R+D,luminal,50,-0.34964841384969175,50,0.0,2,529
R+P+D,basal,50,-0.40137989848660743,50,0.0,1,529
R+P+D,her2,50,-0.429445212647232,50,0.02,3,529
R+P+D,luminal,50,-0.4891465521405341,50,0.0,3,529
MOFA+,basal,50,-0.368276449712905,50,0.02,2,529
MOFA+,her2,50,-0.40456322390936145,50,0.0,2,529
MOFA+,luminal,50,-0.3952030647717412,50,0.0,5,529
R,basal,50,-0.3210735989268167,50,0.0,2,530
R,her2,50,-0.04812592656918886,50,0.0,1,530
R,luminal,50,-0.35343488439293397,50,0.0,2,530
R+P,basal,50,-0.2631732083182877,50,0.02,2,530
R+P,her2,50,-0.13879426849662113,50,0.0,1,530
R+P,luminal,50,-0.3528418949964465,50,0.02,2,530
R+D,basal,50,-0.41228697585953106,50,0.0,2,530
R+D,her2,50,-0.3598640206956165,50,0.0,0,530
R+D,luminal,50,-0.42569867533399874,50,0.02,3,530
R+P+D,basal,50,-0.4438031657269924,50,0.0,2,530
R+P+D,her2,50,-0.35074065707901575,50,0.0,2,530
R+P+D,luminal,50,-0.30674772355475405,50,0.04,3,530
MOFA+,basal,50,-0.368276449712905,50,0.02,2,530
MOFA+,her2,50,-0.08379133735789089,50,0.0,0,530
MOFA+,luminal,50,-0.38706270944304655,50,0.0,1,530
R,basal,50,-0.5395930338789348,50,0.0,1,531
R,her2,50,-0.06852055890125261,50,0.0,0,531
R,luminal,50,-0.5148588011686026,50,0.0,4,531
R+P,basal,50,-0.47331081167008093,50,0.0,1,531
R+P,her2,50,-0.059056799201604095,50,0.0,1,531
R+P,luminal,50,-0.43592128373607886,50,0.0,3,531
R+D,basal,50,-0.5462943381442716,50,0.0,2,531
R+D,her2,50,-0.18333431847828005,50,0.02,1,531
R+D,luminal,50,-0.48698235400572965,50,0.0,2,531
R+P+D,basal,50,-0.48000619164750064,50,0.0,1,531
R+P+D,her2,50,-0.11970737659362779,50,0.04,2,531
R+P+D,luminal,50,-0.32055591251785764,50,0.0,2,531
MOFA+,basal,50,-0.40261158750576387,50,0.0,1,531
MOFA+,her2,50,-0.01313290143070867,50,0.0,4,531
MOFA+,luminal,50,-0.32524904615232936,50,0.0,1,531
R,basal,50,-0.35793545530627774,50,0.0,1,532
R,her2,50,-0.20955141329998483,50,0.0,0,532
R,luminal,50,-0.33736250109273913,50,0.02,3,532
R+P,basal,50,-0.29833416428547005,50,0.0,2,532
R+P,her2,50,-0.23439011635053691,50,0.0,2,532
R+P,luminal,50,-0.27218428177957904,50,0.0,0,532
R+D,basal,50,-0.2726848362321337,50,0.0,2,532
R+D,her2,50,-0.37555433188397996,50,0.0,0,532
R+D,luminal,50,-0.6055992815155673,50,0.02,7,532
R+P+D,basal,50,-0.25348235886043546,50,0.0,3,532
R+P+D,her2,50,-0.3738491217627628,50,0.0,0,532
R+P+D,luminal,50,-0.3725394132029268,50,0.0,6,532
MOFA+,basal,50,-0.368276449712905,50,0.02,2,532
MOFA+,her2,50,-0.08379133735789089,50,0.0,0,532
MOFA+,luminal,50,-0.5614016197427435,50,0.0,3,532
R,basal,50,-0.25663573798891887,50,0.0,7,533
R,her2,50,-0.4460797478454972,50,0.0,0,533
R,luminal,50,-0.40307884196330235,50,0.0,2,533
R+P,basal,50,-0.21891704696850098,50,0.0,0,533
R+P,her2,50,-0.29216588124514886,50,0.0,0,533
R+P,luminal,50,-0.19171616986606974,50,0.0,4,533
R+D,basal,50,-0.5976743502923544,50,0.0,3,533
R+D,her2,50,-0.4506226980724628,50,0.0,0,533
R+D,luminal,50,-0.489097699726604,50,0.0,4,533
R+P+D,basal,50,-0.37877621579774695,50,0.0,2,533
R+P+D,her2,50,-0.4548275916466951,50,0.0,2,533
R+P+D,luminal,50,-0.31991341131716694,50,0.0,3,533
MOFA+,basal,50,-0.3212467034974735,50,0.0,1,533
MOFA+,her2,50,-0.40456322390936145,50,0.0,2,533
MOFA+,luminal,50,-0.32179389140566017,50,0.0,2,533
R,basal,50,-0.4840721786770047,50,0.0,5,534
R,her2,50,-0.23282201690898535,50,0.0,0,534
R,luminal,50,-0.5079596930154469,50,0.02,3,534
R+P,basal,50,-0.21223491812979497,50,0.0,3,534
R+P,her2,50,-0.3876118945574665,50,0.0,0,534
R+P,luminal,50,-0.22555634458321283,50,0.0,2,534
R+D,basal,50,-0.6144948088456968,50,0.0,4,534
R+D,her2,50,-0.3331682086376332,50,0.0,1,534
R+D,luminal,50,-0.432064290840677,50,0.02,1,534
R+P+D,basal,50,-0.25849311592338486,50,0.0,4,534
R+P+D,her2,50,-0.3865831235303401,50,0.0,0,534
R+P+D,luminal,50,-0.4693083715339843,50,0.02,4,534
MOFA+,basal,50,-0.3212467034974735,50,0.0,1,534
MOFA+,her2,50,-0.3930197206468565,50,0.02,2,534
MOFA+,luminal,50,-0.4605362947843053,50,0.0,5,534
R,basal,50,-0.3644797122976096,50,0.0,2,535
R,her2,50,-0.1764530645038338,50,0.0,2,535
R,luminal,50,-0.5644197551966331,50,0.0,2,535
R+P,basal,50,-0.28803085543365947,50,0.0,2,535
R+P,her2,50,-0.11300497464273969,50,0.02,2,535
R+P,luminal,50,-0.4419300544681969,50,0.02,0,535
R+D,basal,50,-0.5153852007948202,50,0.0,3,535
R+D,her2,50,-0.20504243732882815,50,0.02,2,535
R+D,luminal,50,-0.5142047473414286,50,0.0,1,535
R+P+D,basal,50,-0.47156571912758266,50,0.0,2,535
R+P+D,her2,50,-0.2930780213737378,50,0.02,3,535
R+P+D,luminal,50,-0.5207201138841182,50,0.0,1,535
MOFA+,basal,50,-0.21929701202341526,50,0.0,1,535
MOFA+,her2,50,-0.39835941672586217,50,0.02,5,535
MOFA+,luminal,50,-0.4336475234046903,50,0.0,2,535
R,basal,50,-0.4079364079439242,50,0.0,0,536
R,her2,50,-0.19690022967136586,50,0.02,1,536
R,luminal,50,-0.2196531465177023,50,0.0,0,536
R+P,basal,50,-0.2715872984719104,50,0.0,0,536
R+P,her2,50,-0.12933902354888616,50,0.02,1,536
R+P,luminal,50,-0.12328827103488794,50,0.0,0,536
R+D,basal,50,-0.42371585235405845,50,0.0,1,536
R+D,her2,50,-0.2999393440077917,50,0.0,3,536
R+D,luminal,50,-0.285848406324393,50,0.0,0,536
R+P+D,basal,50,-0.37728091518833223,50,0.0,0,536
R+P+D,her2,50,-0.270022541928348,50,0.0,1,536
R+P+D,luminal,50,-0.29231171105193493,50,0.0,1,536
MOFA+,basal,50,-0.5624526968256038,50,0.0,1,536
MOFA+,her2,50,-0.01313290143070867,50,0.0,4,536
MOFA+,luminal,50,-0.33866773742407064,50,0.0,2,536
R,basal,50,-0.17452691510740184,50,0.0,4,537
R,her2,50,-0.5162108044671706,50,0.0,1,537
R,luminal,50,-0.347316378933657,50,0.0,3,537
R+P,basal,50,-0.2290948890764318,50,0.0,5,537
R+P,her2,50,-0.3276658708866965,50,0.0,1,537
R+P,luminal,50,-0.30420299119967364,50,0.0,3,537
R+D,basal,50,-0.36057467623253453,50,0.0,4,537
R+D,her2,50,-0.49943113612181433,50,0.02,1,537
R+D,luminal,50,-0.28305234215642455,50,0.0,1,537
R+P+D,basal,50,-0.276191542978404,50,0.0,4,537
R+P+D,her2,50,-0.4131882907955582,50,0.02,2,537
R+P+D,luminal,50,-0.43003606568562913,50,0.0,3,537
MOFA+,basal,50,-0.3889951945560759,50,0.0,1,537
MOFA+,her2,50,-0.21672749174668915,50,0.0,1,537
MOFA+,luminal,50,-0.42447621761666204,50,0.0,2,537
R,basal,50,-0.4131185349005376,50,0.0,1,538
R,her2,50,-0.3799466635736081,50,0.0,2,538
R,luminal,50,-0.5915776884205104,50,0.0,3,538
R+P,basal,50,-0.2302691195691139,50,0.0,1,538
R+P,her2,50,-0.10887618999901712,50,0.0,0,538
R+P,luminal,50,-0.7649805577789351,50,0.0,8,538
R+D,basal,50,-0.34789727451075775,50,0.0,1,538
R+D,her2,50,-0.5183547240183306,50,0.0,5,538
R+D,luminal,50,-0.6756238833394747,50,0.0,4,538
R+P+D,basal,50,-0.22880962452179315,50,0.0,2,538
R+P+D,her2,50,-0.3749319756894034,50,0.0,1,538
R+P+D,luminal,50,-0.6853499055324791,50,0.0,6,538
MOFA+,basal,50,-0.27447206105048505,50,0.0,1,538
MOFA+,her2,50,-0.5652605157510739,50,0.0,1,538
MOFA+,luminal,50,-0.5614016197427435,50,0.0,3,538
R,basal,50,-0.19771377518259986,50,0.0,1,539
R,her2,50,-0.3605112988072565,50,0.0,2,539
R,luminal,50,-0.5459160280162622,50,0.02,4,539
R+P,basal,50,-0.22300879865420178,50,0.0,1,539
R+P,her2,50,-0.37966857043433117,50,0.02,3,539
R+P,luminal,50,-0.30196513951721543,50,0.02,3,539
R+D,basal,50,-0.2733484396517751,50,0.0,4,539
R+D,her2,50,-0.4047451871732346,50,0.04,3,539
R+D,luminal,50,-0.5296497777573834,50,0.02,4,539
R+P+D,basal,50,-0.31739661034570593,50,0.0,0,539
R+P+D,her2,50,-0.40218924696839,50,0.04,2,539
R+P+D,luminal,50,-0.381574504098918,50,0.02,1,539
MOFA+,basal,50,-0.07330649288426355,50,0.0,0,539
MOFA+,her2,50,-0.2768959773562112,50,0.02,1,539
MOFA+,luminal,50,-0.5834359116792033,50,0.0,1,539
R,basal,50,-0.22703975498099604,50,0.0,5,540
R,her2,50,-0.40403320269057247,50,0.02,2,540
R,luminal,50,-0.39728956364767853,50,0.0,1,540
R+P,basal,50,-0.2166698827858934,50,0.0,5,540
R+P,her2,50,-0.23341936374673694,50,0.0,3,540
R+P,luminal,50,-0.41985714607967795,50,0.02,0,540
R+D,basal,50,-0.4597515854648379,50,0.0,4,540
R+D,her2,50,-0.384840166230498,50,0.02,3,540
R+D,luminal,50,-0.36792921478697777,50,0.0,1,540
R+P+D,basal,50,-0.39110005610832954,50,0.0,4,540
R+P+D,her2,50,-0.2792789897505098,50,0.0,0,540
R+P+D,luminal,50,-0.43394718416411643,50,0.02,1,540
MOFA+,basal,50,-0.5463558416948096,50,0.0,3,540
MOFA+,her2,50,-0.3930197206468565,50,0.02,2,540
MOFA+,luminal,50,-0.27498818356268634,50,0.0,1,540
R,basal,50,-0.23013825421452774,50,0.0,3,541
R,her2,50,-0.25702756109732106,50,0.0,3,541
R,luminal,50,-0.27975759764429375,50,0.0,0,541
R+P,basal,50,-0.2985796409117012,50,0.0,2,541
R+P,her2,50,-0.14973290329346745,50,0.0,4,541
R+P,luminal,50,-0.18960043120771136,50,0.0,0,541
R+D,basal,50,-0.3824742859924635,50,0.0,1,541
R+D,her2,50,-0.3831659264956192,50,0.0,3,541
R+D,luminal,50,-0.4021033340271822,50,0.0,2,541
R+P+D,basal,50,-0.3395437149509698,50,0.0,1,541
R+P+D,her2,50,-0.36691182564560804,50,0.0,3,541
R+P+D,luminal,50,-0.35165359647103983,50,0.0,2,541
MOFA+,basal,50,-0.5463558416948096,50,0.0,3,541
MOFA+,her2,50,-0.4928444076680832,50,0.0,5,541
MOFA+,luminal,50,-0.08707907674069461,50,0.0,0,541
R,basal,50,-0.6464037523732314,50,0.0,2,542
R,her2,50,-0.3790607171959687,50,0.02,2,542
R,luminal,50,-0.32294170637718395,50,0.0,5,542
R+P,basal,50,-0.4551498809547956,50,0.0,2,542
R+P,her2,50,-0.25335846081185365,50,0.04,0,542
R+P,luminal,50,-0.2370080071111,50,0.0,2,542
R+D,basal,50,-0.5058045434366347,50,0.0,1,542
R+D,her2,50,-0.4720291283715285,50,0.02,2,542
R+D,luminal,50,-0.26859564274937464,50,0.0,3,542
R+P+D,basal,50,-0.419250674596418,50,0.0,2,542
R+P+D,her2,50,-0.3604817618621779,50,0.02,1,542
R+P+D,luminal,50,-0.3424484135932257,50,0.0,4,542
MOFA+,basal,50,-0.368276449712905,50,0.02,2,542
MOFA+,her2,50,-0.31448275361111183,50,0.04,2,542
MOFA+,luminal,50,-0.3952030647717412,50,0.0,5,542
R,basal,50,-0.5384882478156642,50,0.0,4,543
R,her2,50,-0.5654173294837999,50,0.0,4,543
R,luminal,50,-0.17859303286141287,50,0.0,2,543
R+P,basal,50,-0.5629537811544124,50,0.0,2,543
R+P,her2,50,-0.38109634468572423,50,0.0,1,543
R+P,luminal,50,-0.19132993032025078,50,0.0,3,543
R+D,basal,50,-0.6495749272491568,50,0.0,2,543
R+D,her2,50,-0.5173961500470203,50,0.0,1,543
R+D,luminal,50,-0.3034466819655218,50,0.0,3,543
R+P+D,basal,50,-0.40692078199441417,50,0.0,1,543
R+P+D,her2,50,-0.4943676947478559,50,0.0,1,543
R+P+D,luminal,50,-0.2752513140335535,50,0.02,3,543
MOFA+,basal,50,-0.5463558416948096,50,0.0,3,543
MOFA+,her2,50,-0.42313238618869314,50,0.02,1,543
MOFA+,luminal,50,-0.08707907674069461,50,0.0,0,543
R,basal,50,-0.6519629654140405,50,0.0,5,544
R,her2,50,-0.054635694752012166,50,0.0,0,544
R,luminal,50,-0.17048874529408006,50,0.02,1,544
R+P,basal,50,-0.5797466388703703,50,0.0,4,544
R+P,her2,50,-0.016578160516935028,50,0.0,0,544
R+P,luminal,50,-0.159303575705305,50,0.0,2,544
R+D,basal,50,-0.44462977961293715,50,0.0,4,544
R+D,her2,50,-0.3476425434364622,50,0.0,0,544
R+D,luminal,50,-0.21150760067848628,50,0.0,1,544
R+P+D,basal,50,-0.6340957696016498,50,0.0,3,544
R+P+D,her2,50,-0.27303905513038684,50,0.0,1,544
R+P+D,luminal,50,-0.15927461042954247,50,0.0,1,544
MOFA+,basal,50,-0.39079658001654743,50,0.0,5,544
MOFA+,her2,50,-0.08379133735789089,50,0.0,0,544
MOFA+,luminal,50,-0.22472778073296432,50,0.0,1,544
R,basal,50,-0.448655051121587,50,0.0,3,545
R,her2,50,-0.14648670507105918,50,0.02,1,545
R,luminal,50,-0.32642878227307714,50,0.0,0,545
R+P,basal,50,-0.32849373107867225,50,0.0,2,545
R+P,her2,50,-0.17170385657117554,50,0.0,0,545
R+P,luminal,50,-0.32795867917504085,50,0.0,0,545
R+D,basal,50,-0.5247452657452825,50,0.0,4,545
R+D,her2,50,-0.2766972608662104,50,0.02,1,545
R+D,luminal,50,-0.318226801069106,50,0.0,0,545
R+P+D,basal,50,-0.46071743869455317,50,0.0,4,545
R+P+D,her2,50,-0.1983975132502681,50,0.02,1,545
R+P+D,luminal,50,-0.30259002856446016,50,0.0,0,545
MOFA+,basal,50,-0.3212467034974735,50,0.0,1,545
MOFA+,her2,50,-0.01313290143070867,50,0.0,4,545
MOFA+,luminal,50,-0.32179389140566017,50,0.0,2,545
R,basal,50,-0.23009214816180823,50,0.0,0,546
R,her2,50,-0.5450209027477692,50,0.0,1,546
R,luminal,50,-0.35405377174153957,50,0.0,3,546
R+P,basal,50,-0.18699941720134292,50,0.0,2,546
R+P,her2,50,-0.3012972597983156,50,0.0,1,546
R+P,luminal,50,-0.4005265879468205,50,0.0,1,546
R+D,basal,50,-0.37132794025763066,50,0.0,2,546
R+D,her2,50,-0.4540330152577713,50,0.0,1,546
R+D,luminal,50,-0.4006565266189186,50,0.0,2,546
R+P+D,basal,50,-0.27591055140984744,50,0.0,1,546
R+P+D,her2,50,-0.3723601612237857,50,0.0,1,546
R+P+D,luminal,50,-0.3744752165430871,50,0.0,3,546
MOFA+,basal,50,-0.5624526968256038,50,0.0,1,546
MOFA+,her2,50,-0.5491719546595314,50,0.0,3,546
MOFA+,luminal,50,-0.4605362947843053,50,0.0,5,546
R,basal,50,-0.4766427313587473,50,0.0,8,547
R,her2,50,-0.1242614049091684,50,0.02,1,547
R,luminal,50,-0.18239949700798533,50,0.02,1,547
R+P,basal,50,-0.38140288035002,50,0.0,2,547
R+P,her2,50,-0.20453720320052982,50,0.02,2,547
R+P,luminal,50,-0.17246064489021587,50,0.02,1,547
R+D,basal,50,-0.6139611646523564,50,0.0,5,547
R+D,her2,50,-0.2889145577253226,50,0.02,1,547
R+D,luminal,50,-0.3621778927773251,50,0.02,2,547
R+P+D,basal,50,-0.49591534621639005,50,0.0,3,547
R+P+D,her2,50,-0.2922186103740202,50,0.02,0,547
R+P+D,luminal,50,-0.28327600538587844,50,0.02,0,547
MOFA+,basal,50,-0.3212467034974735,50,0.0,1,547
MOFA+,her2,50,-0.5067927857540258,50,0.0,2,547
MOFA+,luminal,50,-0.32179389140566017,50,0.0,2,547
R,basal,50,-0.20581416296816737,50,0.0,0,548
R,her2,50,-0.3336211584341883,50,0.0,5,548
R,luminal,50,-0.6594078859423473,50,0.0,5,548
R+P,basal,50,-0.14390216552782537,50,0.0,1,548
R+P,her2,50,-0.2045758053353104,50,0.0,0,548
R+P,luminal,50,-0.7527070682832298,50,0.0,4,548
R+D,basal,50,-0.36576612873016534,50,0.0,2,548
R+D,her2,50,-0.45723679882895224,50,0.02,7,548
R+D,luminal,50,-0.5049575068974659,50,0.02,5,548
R+P+D,basal,50,-0.24331538362088595,50,0.0,1,548
R+P+D,her2,50,-0.3600883666650862,50,0.04,2,548
R+P+D,luminal,50,-0.5068817381530983,50,0.0,3,548
MOFA+,basal,50,-0.28982350086081005,50,0.0,2,548
MOFA+,her2,50,-0.42313238618869314,50,0.02,1,548
MOFA+,luminal,50,-0.7166178630053172,50,0.0,3,548
R,basal,50,-0.351949008614081,50,0.0,3,549
R,her2,50,-0.24542600511225252,50,0.0,1,549
R,luminal,50,-0.27114726860646077,50,0.0,1,549
R+P,basal,50,-0.3611089797327906,50,0.0,2,549
R+P,her2,50,-0.24560439420006425,50,0.0,2,549
R+P,luminal,50,-0.19353801056046818,50,0.0,2,549
R+D,basal,50,-0.44938354554512405,50,0.0,5,549
R+D,her2,50,-0.3655883035603339,50,0.0,0,549
R+D,luminal,50,-0.5899127245021921,50,0.0,3,549
R+P+D,basal,50,-0.4194834851134079,50,0.0,3,549
R+P+D,her2,50,-0.2777624143419645,50,0.0,1,549
R+P+D,luminal,50,-0.40477954827338647,50,0.0,1,549
MOFA+,basal,50,-0.5159430532564055,50,0.0,5,549
MOFA+,her2,50,-0.21672749174668915,50,0.0,1,549
MOFA+,luminal,50,-0.5336617848574897,50,0.0,2,549
R,basal,50,-0.27503979779688503,50,0.0,2,550
R,her2,50,-0.3394836868052992,50,0.0,1,550
R,luminal,50,-0.2752139502577823,50,0.0,1,550
R+P,basal,50,-0.30424174966845124,50,0.0,3,550
R+P,her2,50,-0.4544362160147189,50,0.0,1,550
R+P,luminal,50,-0.27463246340801556,50,0.0,1,550
R+D,basal,50,-0.43766449842619815,50,0.0,4,550
R+D,her2,50,-0.4057290607976206,50,0.0,2,550
R+D,luminal,50,-0.46551254735569614,50,0.0,1,550
R+P+D,basal,50,-0.3844653203271292,50,0.0,3,550
R+P+D,her2,50,-0.5728511980450323,50,0.02,4,550
R+P+D,luminal,50,-0.31598266956137455,50,0.0,2,550
MOFA+,basal,50,-0.28982350086081005,50,0.0,2,550
MOFA+,her2,50,-0.2768959773562112,50,0.02,1,550
MOFA+,luminal,50,-0.32524904615232936,50,0.0,1,550
R,basal,50,-0.1575764531398778,50,0.0,2,551
R,her2,50,-0.5516860101463507,50,0.0,3,551
R,luminal,50,-0.622596490734176,50,0.0,4,551
R+P,basal,50,-0.049566874594851346,50,0.0,1,551
R+P,her2,50,-0.1907541573083625,50,0.0,3,551
R+P,luminal,50,-0.6061298506043366,50,0.0,5,551
R+D,basal,50,-0.2693942297289901,50,0.0,5,551
R+D,her2,50,-0.4186468459834237,50,0.0,0,551
R+D,luminal,50,-0.543498945854818,50,0.0,3,551
R+P+D,basal,50,-0.20190559123361043,50,0.0,6,551
R+P+D,her2,50,-0.2915872354588981,50,0.0,1,551
R+P+D,luminal,50,-0.5817741765672256,50,0.0,3,551
MOFA+,basal,50,-0.053421368184589986,50,0.0,3,551
MOFA+,her2,50,-0.5491719546595314,50,0.0,3,551
MOFA+,luminal,50,-0.7166178630053172,50,0.0,3,551
R,basal,50,-0.1721746764328503,50,0.0,1,552
R,her2,50,-0.39412401512026235,50,0.0,3,552
R,luminal,50,-0.511495890381644,50,0.0,1,552
R+P,basal,50,-0.1515448228122629,50,0.0,0,552
R+P,her2,50,-0.12243668354824155,50,0.0,1,552
R+P,luminal,50,-0.3684750214207401,50,0.0,1,552
R+D,basal,50,-0.23199232717918183,50,0.0,2,552
R+D,her2,50,-0.35713365077812453,50,0.04,2,552
R+D,luminal,50,-0.5784677892294696,50,0.0,3,552
R+P+D,basal,50,-0.19605094363216516,50,0.0,0,552
R+P+D,her2,50,-0.2944325492036288,50,0.02,3,552
R+P+D,luminal,50,-0.4330014923180979,50,0.0,2,552
MOFA+,basal,50,-0.5624526968256038,50,0.0,1,552
MOFA+,her2,50,-0.04592504717146089,50,0.0,3,552
MOFA+,luminal,50,-0.3952030647717412,50,0.0,5,552
R,basal,50,-0.43961957311525746,50,0.0,3,553
R,her2,50,-0.38478645392060756,50,0.02,1,553
R,luminal,50,-0.22574361850801242,50,0.02,3,553
R+P,basal,50,-0.41929510594992025,50,0.0,2,553
R+P,her2,50,-0.2524128060501353,50,0.02,0,553
R+P,luminal,50,-0.24572734283797196,50,0.02,2,553
R+D,basal,50,-0.4750128411363697,50,0.0,2,553
R+D,her2,50,-0.3745324094721202,50,0.02,4,553
R+D,luminal,50,-0.3427573942528211,50,0.02,3,553
R+P+D,basal,50,-0.5908832122373726,50,0.0,3,553
R+P+D,her2,50,-0.3302118140597718,50,0.0,3,553
R+P+D,luminal,50,-0.35814472576186496,50,0.02,3,553
MOFA+,basal,50,-0.5178778430235921,50,0.0,2,553
MOFA+,her2,50,-0.30258820694702326,50,0.02,2,553
MOFA+,luminal,50,-0.22472778073296432,50,0.0,1,553
R,basal,50,-0.16490714664183842,50,0.0,2,554
R,her2,50,-0.2475872531256197,50,0.0,3,554
R,luminal,50,-0.6358307019418199,50,0.0,1,554
R+P,basal,50,-0.2293881162519276,50,0.0,2,554
R+P,her2,50,-0.1976857392399703,50,0.02,1,554
R+P,luminal,50,-0.6321405567551439,50,0.0,3,554
R+D,basal,50,-0.26824046274473307,50,0.0,1,554
R+D,her2,50,-0.2824181053332459,50,0.02,2,554
R+D,luminal,50,-0.6723205364416225,50,0.0,2,554
R+P+D,basal,50,-0.30588144748634677,50,0.0,3,554
R+P+D,her2,50,-0.2645936613292071,50,0.02,2,554
R+P+D,luminal,50,-0.6362634309477793,50,0.0,2,554
MOFA+,basal,50,-0.5159430532564055,50,0.0,5,554
MOFA+,her2,50,-0.36001283190272754,50,0.0,1,554
MOFA+,luminal,50,-0.4875302239750314,50,0.0,4,554
R,basal,50,-0.4727155106392735,50,0.0,2,555
R,her2,50,-0.4784032804965762,50,0.0,6,555
R,luminal,50,-0.322767429651241,50,0.0,0,555
R+P,basal,50,-0.3813151124949814,50,0.0,2,555
R+P,her2,50,-0.30889978641589466,50,0.0,0,555
R+P,luminal,50,-0.1935837926280087,50,0.0,0,555
R+D,basal,50,-0.44049364936909724,50,0.0,4,555
R+D,her2,50,-0.466597029987622,50,0.0,3,555
R+D,luminal,50,-0.5039702963780238,50,0.0,2,555
R+P+D,basal,50,-0.48205717510740514,50,0.0,3,555
R+P+D,her2,50,-0.4179315409091015,50,0.0,1,555
R+P+D,luminal,50,-0.31868071451278435,50,0.0,0,555
MOFA+,basal,50,-0.5463558416948096,50,0.0,3,555
MOFA+,her2,50,-0.5652605157510739,50,0.0,1,555
MOFA+,luminal,50,-0.38706270944304655,50,0.0,1,555
R,basal,50,-0.4108923090183066,50,0.0,2,556
R,her2,50,-0.6218669291718967,50,0.02,2,556
R,luminal,50,-0.35534064029420587,50,0.0,2,556
R+P,basal,50,-0.3695191261673327,50,0.0,2,556
R+P,her2,50,-0.4974572762745546,50,0.0,1,556
R+P,luminal,50,-0.14103019213544019,50,0.0,0,556
R+D,basal,50,-0.4600053414809324,50,0.0,4,556
R+D,her2,50,-0.5439056121519606,50,0.0,2,556
R+D,luminal,50,-0.3737768031997185,50,0.0,2,556
R+P+D,basal,50,-0.4786254527848783,50,0.0,2,556
R+P+D,her2,50,-0.5886472339483477,50,0.02,2,556
R+P+D,luminal,50,-0.23605607993382458,50,0.02,1,556
MOFA+,basal,50,-0.5178778430235921,50,0.0,2,556
MOFA+,her2,50,-0.7022956727559374,50,0.0,3,556
MOFA+,luminal,50,-0.049338171842283035,50,0.0,3,556
R,basal,50,-0.47813006944524694,50,0.0,4,557
R,her2,50,-0.37990762247700943,50,0.0,1,557
R,luminal,50,-0.10373340580246396,50,0.0,3,557
R+P,basal,50,-0.4082105760352565,50,0.0,1,557
R+P,her2,50,-0.25045889291980894,50,0.0,3,557
R+P,luminal,50,-0.3145907950338819,50,0.0,2,557
R+D,basal,50,-0.4621581637963476,50,0.0,2,557
R+D,her2,50,-0.48967259043643435,50,0.0,2,557
R+D,luminal,50,-0.3197054583815573,50,0.02,3,557
R+P+D,basal,50,-0.4398261074256215,50,0.0,3,557
R+P+D,her2,50,-0.3620938064576642,50,0.0,1,557
R+P+D,luminal,50,-0.5148513543212292,50,0.02,3,557
MOFA+,basal,50,-0.28982350086081005,50,0.0,2,557
MOFA+,her2,50,-0.3120793521641551,50,0.0,1,557
MOFA+,luminal,50,-0.08707907674069461,50,0.0,0,557
R,basal,50,-0.234719569022597,50,0.0,3,558
R,her2,50,-0.41717245792730895,50,0.0,1,558
R,luminal,50,-0.30108659172664287,50,0.0,5,558
R+P,basal,50,-0.09295283998559979,50,0.0,1,558
R+P,her2,50,-0.16192099160144496,50,0.0,0,558
R+P,luminal,50,-0.41802209246831395,50,0.0,6,558
R+D,basal,50,-0.22203446949333203,50,0.0,2,558
R+D,her2,50,-0.4316821164877345,50,0.0,2,558
R+D,luminal,50,-0.4683357269581449,50,0.0,6,558
R+P+D,basal,50,-0.21499344947278418,50,0.0,1,558
R+P+D,her2,50,-0.2558136351856586,50,0.0,1,558
R+P+D,luminal,50,-0.4054320813254872,50,0.0,5,558
MOFA+,basal,50,-0.5463558416948096,50,0.0,3,558
MOFA+,her2,50,-0.3782726858472879,50,0.0,2,558
MOFA+,luminal,50,-0.27498818356268634,50,0.0,1,558
R,basal,50,-0.40895557052535864,50,0.0,5,559
R,her2,50,-0.37576946260196464,50,0.02,2,559
R,luminal,50,-0.21303225658945263,50,0.02,1,559
R+P,basal,50,-0.2500664906408402,50,0.0,1,559
R+P,her2,50,-0.4081867203080954,50,0.08,4,559
R+P,luminal,50,-0.23883635061033018,50,0.0,1,559
R+D,basal,50,-0.5046716986615226,50,0.0,4,559
R+D,her2,50,-0.5244173250551477,50,0.02,1,559
R+D,luminal,50,-0.35329642656587934,50,0.02,0,559
R+P+D,basal,50,-0.48798165677303695,50,0.0,1,559
R+P+D,her2,50,-0.4078881873059712,50,0.04,1,559
R+P+D,luminal,50,-0.29236706122195455,50,0.0,1,559
MOFA+,basal,50,-0.5463558416948096,50,0.0,3,559
MOFA+,her2,50,-0.39835941672586217,50,0.02,5,559
MOFA+,luminal,50,-0.27498818356268634,50,0.0,1,559
R,basal,50,-0.35771820533620463,50,0.0,0,560
R,her2,50,-0.5268540425659225,50,0.0,0,560
R,luminal,50,-0.20442177723406732,50,0.0,0,560
R+P,basal,50,-0.30096240100223,50,0.0,1,560
R+P,her2,50,-0.38269390592994607,50,0.02,1,560
R+P,luminal,50,-0.1409897221012122,50,0.0,1,560
R+D,basal,50,-0.3415641265165719,50,0.0,1,560
R+D,her2,50,-0.4687865433855595,50,0.0,1,560
R+D,luminal,50,-0.3927368111792592,50,0.0,2,560
R+P+D,basal,50,-0.38271331119975893,50,0.0,2,560
R+P+D,her2,50,-0.5006255292737182,50,0.02,2,560
R+P+D,luminal,50,-0.25418187122672864,50,0.0,0,560
MOFA+,basal,50,-0.40261158750576387,50,0.0,1,560
MOFA+,her2,50,-0.2768959773562112,50,0.02,1,560
MOFA+,luminal,50,-0.014035583308286484,50,0.0,4,560
R,basal,50,-0.5946606068379137,50,0.0,2,561
R,her2,50,-0.07228509060718592,50,0.0,1,561
R,luminal,50,-0.4272243664809298,50,0.0,5,561
R+P,basal,50,-0.8125433991140696,50,0.0,2,561
R+P,her2,50,-0.11294501297207407,50,0.0,1,561
R+P,luminal,50,-0.1363265929878753,50,0.0,0,561
R+D,basal,50,-0.5109869744268143,50,0.0,0,561
R+D,her2,50,-0.39102369089118727,50,0.02,2,561
R+D,luminal,50,-0.4910075084760875,50,0.0,5,561
R+P+D,basal,50,-0.6541656431580022,50,0.0,2,561
R+P+D,her2,50,-0.26370569751243017,50,0.0,2,561
R+P+D,luminal,50,-0.3121957871656659,50,0.0,2,561
MOFA+,basal,50,-0.7399409894194376,50,0.0,3,561
MOFA+,her2,50,-0.40456322390936145,50,0.0,2,561
MOFA+,luminal,50,-0.049338171842283035,50,0.0,3,561
R,basal,50,-0.5623574532039328,50,0.0,4,562
R,her2,50,-0.1560081258908731,50,0.0,0,562
R,luminal,50,-0.4310758395834328,50,0.0,3,562
R+P,basal,50,-0.4181088843082526,50,0.0,4,562
R+P,her2,50,-0.05813517920710254,50,0.0,2,562
R+P,luminal,50,-0.22567628753323302,50,0.0,2,562
R+D,basal,50,-0.6413262335792466,50,0.0,3,562
R+D,her2,50,-0.3805827899078671,50,0.0,1,562
R+D,luminal,50,-0.5381051670501045,50,0.0,4,562
R+P+D,basal,50,-0.5853535463761855,50,0.0,5,562
R+P+D,her2,50,-0.2111845952712063,50,0.0,1,562
R+P+D,luminal,50,-0.33402348286777206,50,0.0,5,562
MOFA+,basal,50,-0.3889951945560759,50,0.0,1,562
MOFA+,her2,50,-0.08379133735789089,50,0.0,0,562
MOFA+,luminal,50,-0.3952030647717412,50,0.0,5,562
R,basal,50,-0.5792056717245323,50,0.0,4,563
R,her2,50,-0.5402927408067655,50,0.0,3,563
R,luminal,50,-0.1929072616258819,50,0.0,1,563
R+P,basal,50,-0.552628239321097,50,0.0,4,563
R+P,her2,50,-0.37458026749808804,50,0.0,1,563
R+P,luminal,50,-0.08786381181923639,50,0.0,0,563
R+D,basal,50,-0.4836615155564454,50,0.0,3,563
R+D,her2,50,-0.5115189946695173,50,0.0,2,563
R+D,luminal,50,-0.2690643524082556,50,0.02,1,563
R+P+D,basal,50,-0.6241564447567596,50,0.0,4,563
R+P+D,her2,50,-0.34809714357096466,50,0.0,1,563
R+P+D,luminal,50,-0.17884250994346215,50,0.02,0,563
MOFA+,basal,50,-0.28982350086081005,50,0.0,2,563
MOFA+,her2,50,-0.3120793521641551,50,0.0,1,563
MOFA+,luminal,50,-0.049338171842283035,50,0.0,3,563
R,basal,50,-0.22670011632560677,50,0.0,1,564
R,her2,50,-0.5329450242540128,50,0.0,1,564
R,luminal,50,-0.24485988417490995,50,0.0,2,564
R+P,basal,50,-0.26334594580957654,50,0.0,2,564
R+P,her2,50,-0.25430803785726097,50,0.0,2,564
R+P,luminal,50,-0.19067025994993314,50,0.0,1,564
R+D,basal,50,-0.37584688338472283,50,0.0,1,564
R+D,her2,50,-0.7471306942173989,50,0.0,5,564
R+D,luminal,50,-0.38946461839032565,50,0.0,3,564
R+P+D,basal,50,-0.3329882739553983,50,0.0,1,564
R+P+D,her2,50,-0.44863365008026757,50,0.0,2,564
R+P+D,luminal,50,-0.5095682674823504,50,0.0,5,564
MOFA+,basal,50,-0.5624526968256038,50,0.0,1,564
MOFA+,her2,50,-0.5491719546595314,50,0.0,3,564
MOFA+,luminal,50,-0.33866773742407064,50,0.0,2,564
R,basal,50,-0.28723486383338037,50,0.0,2,565
R,her2,50,-0.24414782169486293,50,0.0,1,565
R,luminal,50,-0.33086506704906016,50,0.02,3,565
R+P,basal,50,-0.4803210845451169,50,0.0,5,565
R+P,her2,50,-0.3756782716651694,50,0.0,3,565
R+P,luminal,50,-0.37405559867625304,50,0.02,1,565
R+D,basal,50,-0.5026319773749759,50,0.0,4,565
R+D,her2,50,-0.23356288062441208,50,0.0,3,565
R+D,luminal,50,-0.3920857829486146,50,0.06,4,565
R+P+D,basal,50,-0.38234430762016286,50,0.0,5,565
R+P+D,her2,50,-0.2870121971071031,50,0.0,2,565
R+P+D,luminal,50,-0.36791812744885066,50,0.06,2,565
MOFA+,basal,50,-0.5463558416948096,50,0.0,3,565
MOFA+,her2,50,-0.5652605157510739,50,0.0,1,565
MOFA+,luminal,50,-0.27498818356268634,50,0.0,1,565
R,basal,50,-0.586423876562192,50,0.0,4,566
R,her2,50,-0.17920134603766116,50,0.0,5,566
R,luminal,50,-0.41740825190794006,50,0.02,2,566
R+P,basal,50,-0.51873731023178,50,0.0,1,566
R+P,her2,50,-0.21433649675569746,50,0.02,3,566
R+P,luminal,50,-0.23931687158649517,50,0.0,3,566
R+D,basal,50,-0.5221345090759205,50,0.0,3,566
R+D,her2,50,-0.2534346432004244,50,0.02,3,566
R+D,luminal,50,-0.4527316446907727,50,0.02,4,566
R+P+D,basal,50,-0.4817401984103294,50,0.0,2,566
R+P+D,her2,50,-0.2075207344632712,50,0.02,4,566
R+P+D,luminal,50,-0.3967229723215777,50,0.02,4,566
MOFA+,basal,50,-0.7399409894194376,50,0.0,3,566
MOFA+,her2,50,-0.2768959773562112,50,0.02,1,566
MOFA+,luminal,50,-0.32179389140566017,50,0.0,2,566
R,basal,50,-0.16480592391946808,50,0.0,0,567
R,her2,50,-0.44642380802657333,50,0.0,2,567
R,luminal,50,-0.5837021049058082,50,0.02,2,567
R+P,basal,50,-0.12572831946956511,50,0.0,1,567
R+P,her2,50,-0.4033422860094988,50,0.02,4,567
R+P,luminal,50,-0.48869209688800763,50,0.02,2,567
R+D,basal,50,-0.49306357492045455,50,0.0,0,567
R+D,her2,50,-0.40036684994441635,50,0.0,4,567
R+D,luminal,50,-0.4626621215512459,50,0.04,6,567
R+P+D,basal,50,-0.2418623851490943,50,0.0,0,567
R+P+D,her2,50,-0.4349526184740696,50,0.02,3,567
R+P+D,luminal,50,-0.5930258526269232,50,0.0,1,567
MOFA+,basal,50,-0.28982350086081005,50,0.0,2,567
MOFA+,her2,50,-0.30258820694702326,50,0.02,2,567
MOFA+,luminal,50,-0.32524904615232936,50,0.0,1,567
R,basal,50,-0.10595605239927836,50,0.0,0,568
R,her2,50,-0.47909164423578765,50,0.0,1,568
R,luminal,50,-0.19240960093670384,50,0.0,1,568
R+P,basal,50,-0.09788099068911181,50,0.0,1,568
R+P,her2,50,-0.7759239596130627,50,0.0,1,568
R+P,luminal,50,-0.12355076533506208,50,0.0,1,568
R+D,basal,50,-0.21333575945663522,50,0.0,2,568
R+D,her2,50,-0.5964514513707075,50,0.0,1,568
R+D,luminal,50,-0.3512440243174857,50,0.02,2,568
R+P+D,basal,50,-0.1729642757747292,50,0.0,1,568
R+P+D,her2,50,-0.6207660345038214,50,0.0,2,568
R+P+D,luminal,50,-0.20417548301833094,50,0.02,1,568
MOFA+,basal,50,-0.07330649288426355,50,0.0,0,568
MOFA+,her2,50,-0.7022956727559374,50,0.0,3,568
MOFA+,luminal,50,-0.42447621761666204,50,0.0,2,568
R,basal,50,-0.7341440233403149,50,0.0,2,569
R,her2,50,-0.16203212921713292,50,0.0,1,569
R,luminal,50,-0.2331393800697884,50,0.0,1,569
R+P,basal,50,-0.6162325092683227,50,0.0,2,569
R+P,her2,50,-0.2584322754227283,50,0.0,0,569
R+P,luminal,50,-0.1322119258472469,50,0.0,3,569
R+D,basal,50,-0.6107853622681058,50,0.0,1,569
R+D,her2,50,-0.3341679596584462,50,0.0,0,569
R+D,luminal,50,-0.3154046858238156,50,0.0,1,569
R+P+D,basal,50,-0.5085955965887557,50,0.0,3,569
R+P+D,her2,50,-0.3407100417500926,50,0.0,2,569
R+P+D,luminal,50,-0.29244205893158637,50,0.0,2,569
MOFA+,basal,50,-0.7399409894194376,50,0.0,3,569
MOFA+,her2,50,-0.36001283190272754,50,0.0,1,569
MOFA+,luminal,50,-0.5614016197427435,50,0.0,3,569
R,basal,50,-0.18445704502774615,50,0.0,1,570
R,her2,50,-0.4462184407948543,50,0.0,2,570
R,luminal,50,-0.17582337669058604,50,0.0,1,570
R+P,basal,50,-0.1213691786683645,50,0.0,3,570
R+P,her2,50,-0.2851762211469938,50,0.0,3,570
R+P,luminal,50,-0.1667563800999069,50,0.0,2,570
R+D,basal,50,-0.40908014265885323,50,0.0,0,570
R+D,her2,50,-0.41377236196855177,50,0.0,0,570
R+D,luminal,50,-0.30453525525646374,50,0.0,1,570
R+P+D,basal,50,-0.2884481318996581,50,0.0,1,570
R+P+D,her2,50,-0.3160590111962428,50,0.0,1,570
R+P+D,luminal,50,-0.20229658096413755,50,0.0,3,570
MOFA+,basal,50,-0.012019998178718974,50,0.0,4,570
MOFA+,her2,50,-0.42313238618869314,50,0.02,1,570
MOFA+,luminal,50,-0.4875302239750314,50,0.0,4,570
R,basal,50,-0.15929246715212236,50,0.0,1,571
R,her2,50,-0.5081794911491713,50,0.0,3,571
R,luminal,50,-0.24331417583895734,50,0.0,2,571
R+P,basal,50,-0.1696888953267991,50,0.0,0,571
R+P,her2,50,-0.528905751443207,50,0.0,2,571
R+P,luminal,50,-0.25370999198377003,50,0.0,4,571
R+D,basal,50,-0.29632497861091206,50,0.0,1,571
R+D,her2,50,-0.5606477799160376,50,0.0,4,571
R+D,luminal,50,-0.38582555783889,50,0.0,4,571
R+P+D,basal,50,-0.31831158065441495,50,0.0,0,571
R+P+D,her2,50,-0.5926526880506756,50,0.0,3,571
R+P+D,luminal,50,-0.29239490411396635,50,0.0,4,571
MOFA+,basal,50,-0.21929701202341526,50,0.0,1,571
MOFA+,her2,50,-0.08379133735789089,50,0.0,0,571
MOFA+,luminal,50,-0.4875302239750314,50,0.0,4,571
R,basal,50,-0.19645753329574892,50,0.0,1,572
R,her2,50,-0.4869561816948842,50,0.0,2,572
R,luminal,50,-0.143579553594897,50,0.0,0,572
R+P,basal,50,-0.21309148701494543,50,0.0,1,572
R+P,her2,50,-0.3594134025701763,50,0.0,2,572
R+P,luminal,50,-0.15029151048736408,50,0.0,0,572
R+D,basal,50,-0.2749696755797199,50,0.0,0,572
R+D,her2,50,-0.5196019861206258,50,0.02,2,572
R+D,luminal,50,-0.34807398464626293,50,0.0,3,572
R+P+D,basal,50,-0.37588322561616266,50,0.0,0,572
R+P+D,her2,50,-0.4180786964280165,50,0.02,3,572
R+P+D,luminal,50,-0.263012636959877,50,0.0,3,572
MOFA+,basal,50,-0.3915193340880218,50,0.0,2,572
MOFA+,her2,50,-0.21672749174668915,50,0.0,1,572
MOFA+,luminal,50,-0.08707907674069461,50,0.0,0,572
R,basal,50,-0.17598451618842945,50,0.0,3,573
R,her2,50,-0.15156456416177794,50,0.0,1,573
R,luminal,50,-0.46124335404080163,50,0.02,4,573
R+P,basal,50,-0.19764955099333498,50,0.0,4,573
R+P,her2,50,-0.15693590594162507,50,0.02,1,573
R+P,luminal,50,-0.4062568642551355,50,0.0,3,573
R+D,basal,50,-0.3411565327483215,50,0.0,1,573
R+D,her2,50,-0.36920204490281144,50,0.0,0,573
R+D,luminal,50,-0.7388948850537359,50,0.02,5,573
R+P+D,basal,50,-0.3592381088718389,50,0.0,3,573
R+P+D,her2,50,-0.2260455533572145,50,0.0,1,573
R+P+D,luminal,50,-0.5086887858667151,50,0.0,3,573
MOFA+,basal,50,-0.27447206105048505,50,0.0,1,573
MOFA+,her2,50,-0.3930197206468565,50,0.02,2,573
MOFA+,luminal,50,-0.5336617848574897,50,0.0,2,573
R,basal,50,-0.2792097646816305,50,0.0,3,574
R,her2,50,-0.35069078398965736,50,0.0,2,574
R,luminal,50,-0.3070209540914874,50,0.0,0,574
R+P,basal,50,-0.39980769757885753,50,0.0,1,574
R+P,her2,50,-0.11320344975047535,50,0.0,0,574
R+P,luminal,50,-0.3705788756896314,50,0.0,1,574
R+D,basal,50,-0.4145760731475343,50,0.0,3,574
R+D,her2,50,-0.453283377404798,50,0.0,4,574
R+D,luminal,50,-0.3957492471666619,50,0.0,0,574
R+P+D,basal,50,-0.47381347445923616,50,0.0,1,574
R+P+D,her2,50,-0.31444373160402395,50,0.0,2,574
R+P+D,luminal,50,-0.375307163846475,50,0.0,0,574
MOFA+,basal,50,-0.4181651333139253,50,0.0,2,574
MOFA+,her2,50,-0.01313290143070867,50,0.0,4,574
MOFA+,luminal,50,-0.3952030647717412,50,0.0,5,574
R,basal,50,-0.4447282389084535,50,0.0,3,575
R,her2,50,-0.41563179573794157,50,0.02,4,575
R,luminal,50,-0.094488712148796,50,0.0,3,575
R+P,basal,50,-0.25147235902097376,50,0.0,1,575
R+P,her2,50,-0.5450500863993455,50,0.0,4,575
R+P,luminal,50,-0.13751575476535632,50,0.02,6,575
R+D,basal,50,-0.39566921905329944,50,0.0,2,575
R+D,her2,50,-0.5732038141683138,50,0.02,3,575
R+D,luminal,50,-0.28515649365236784,50,0.0,2,575
R+P+D,basal,50,-0.27136550670493254,50,0.0,1,575
R+P+D,her2,50,-0.571266184093545,50,0.0,3,575
R+P+D,luminal,50,-0.1561254059492388,50,0.02,3,575
MOFA+,basal,50,-0.21929701202341526,50,0.0,1,575
MOFA+,her2,50,-0.4928444076680832,50,0.0,5,575
MOFA+,luminal,50,-0.38706270944304655,50,0.0,1,575
R,basal,50,-0.40677444867277657,50,0.0,2,576
R,her2,50,-0.27221107724006416,50,0.02,1,576
R,luminal,50,-0.4465465645766747,50,0.0,0,576
R+P,basal,50,-0.43772787246094114,50,0.0,4,576
R+P,her2,50,-0.08932742679611304,50,0.0,2,576
R+P,luminal,50,-0.3192832729859338,50,0.0,0,576
R+D,basal,50,-0.40469323082387254,50,0.0,2,576
R+D,her2,50,-0.34083935313477376,50,0.02,3,576
R+D,luminal,50,-0.47362254141092924,50,0.02,1,576
R+P+D,basal,50,-0.374475269826545,50,0.0,2,576
R+P+D,her2,50,-0.19339312329036548,50,0.0,3,576
R+P+D,luminal,50,-0.35655327022397004,50,0.0,0,576
MOFA+,basal,50,-0.5054582191460999,50,0.0,4,576
MOFA+,her2,50,-0.5652605157510739,50,0.0,1,576
MOFA+,luminal,50,-0.4108772374338225,50,0.02,1,576
R,basal,50,-0.46724695018267143,50,0.0,1,577
R,her2,50,-0.4330600143882035,50,0.0,3,577
R,luminal,50,-0.36692726710670576,50,0.0,5,577
R+P,basal,50,-0.28730044610170785,50,0.0,0,577
R+P,her2,50,-0.30209286194416035,50,0.02,1,577
R+P,luminal,50,-0.20215962112577618,50,0.0,2,577
R+D,basal,50,-0.3059579219961238,50,0.0,5,577
R+D,her2,50,-0.5345283898075841,50,0.02,5,577
R+D,luminal,50,-0.48376637313619425,50,0.0,1,577
R+P+D,basal,50,-0.38262716256593216,50,0.0,2,577
R+P+D,her2,50,-0.43975175073762757,50,0.0,1,577
R+P+D,luminal,50,-0.5910403444875356,50,0.0,1,577
MOFA+,basal,50,-0.5054582191460999,50,0.0,4,577
MOFA+,her2,50,-0.5491719546595314,50,0.0,3,577
MOFA+,luminal,50,-0.27498818356268634,50,0.0,1,577
R,basal,50,-0.21697881528505886,50,0.0,0,578
R,her2,50,-0.28892932076074823,50,0.02,1,578
R,luminal,50,-0.28435388582343807,50,0.0,1,578
R+P,basal,50,-0.16951590370749095,50,0.0,0,578
R+P,her2,50,-0.23095710615833867,50,0.0,1,578
R+P,luminal,50,-0.14507526182166636,50,0.0,2,578
R+D,basal,50,-0.3316643772549476,50,0.0,0,578
R+D,her2,50,-0.40031115336942713,50,0.02,1,578
R+D,luminal,50,-0.35415308033400433,50,0.04,2,578
R+P+D,basal,50,-0.4100346798140185,50,0.0,0,578
R+P+D,her2,50,-0.30491437834173557,50,0.02,1,578
R+P+D,luminal,50,-0.3362098072917864,50,0.04,5,578
MOFA+,basal,50,-0.3915193340880218,50,0.0,2,578
MOFA+,her2,50,-0.3782726858472879,50,0.0,2,578
MOFA+,luminal,50,-0.32575067826405774,50,0.02,2,578
R,basal,50,-0.10658911324312388,50,0.0,0,579
R,her2,50,-0.30923263103993753,50,0.0,2,579
R,luminal,50,-0.5899596274046196,50,0.0,4,579
R+P,basal,50,-0.14273407826921464,50,0.0,1,579
R+P,her2,50,-0.2350942690137747,50,0.0,2,579
R+P,luminal,50,-0.3944083562524367,50,0.0,1,579
R+D,basal,50,-0.19423825165121092,50,0.0,1,579
R+D,her2,50,-0.4115931192432993,50,0.0,5,579
R+D,luminal,50,-0.6240952685473048,50,0.0,3,579
R+P+D,basal,50,-0.1622295824611322,50,0.0,1,579
R+P+D,her2,50,-0.30449503040872167,50,0.0,2,579
R+P+D,luminal,50,-0.3812206485069129,50,0.0,0,579
MOFA+,basal,50,-0.28769486971114927,50,0.0,2,579
MOFA+,her2,50,-0.39835941672586217,50,0.02,5,579
MOFA+,luminal,50,-0.4336475234046903,50,0.0,2,579
R,basal,50,-0.10764603121635778,50,0.0,1,580
R,her2,50,-0.5918687697226909,50,0.0,2,580
R,luminal,50,-0.329784462334109,50,0.0,1,580
R+P,basal,50,-0.1190201548153092,50,0.0,3,580
R+P,her2,50,-0.4404259955807614,50,0.0,3,580
R+P,luminal,50,-0.19414374926256653,50,0.0,1,580
R+D,basal,50,-0.23692264033158753,50,0.0,3,580
R+D,her2,50,-0.5331288066432539,50,0.0,5,580
R+D,luminal,50,-0.4431665863397393,50,0.0,3,580
R+P+D,basal,50,-0.21896482832101763,50,0.0,2,580
R+P+D,her2,50,-0.5053563951684875,50,0.0,2,580
R+P+D,luminal,50,-0.3236409414102613,50,0.0,2,580
MOFA+,basal,50,-0.39079658001654743,50,0.0,5,580
MOFA+,her2,50,-0.3782726858472879,50,0.0,2,580
MOFA+,luminal,50,-0.5614016197427435,50,0.0,3,580
R,basal,50,-0.253823664536486,50,0.0,1,581
R,her2,50,-0.5236822322628694,50,0.0,3,581
R,luminal,50,-0.250131722857589,50,0.0,0,581
R+P,basal,50,-0.12403956381452957,50,0.0,0,581
R+P,her2,50,-0.5443807894820105,50,0.0,2,581
R+P,luminal,50,-0.2320341548055204,50,0.0,0,581
R+D,basal,50,-0.49359307394855784,50,0.0,4,581
R+D,her2,50,-0.5655296128678944,50,0.0,3,581
R+D,luminal,50,-0.39382049220841275,50,0.0,3,581
R+P+D,basal,50,-0.3126913537587894,50,0.0,2,581
R+P+D,her2,50,-0.5357615823802693,50,0.0,3,581
R+P+D,luminal,50,-0.48277769266474585,50,0.0,1,581
MOFA+,basal,50,-0.053421368184589986,50,0.0,3,581
MOFA+,her2,50,-0.3120793521641551,50,0.0,1,581
MOFA+,luminal,50,-0.32179389140566017,50,0.0,2,581
R,basal,50,-0.25080335156621364,50,0.0,1,582
R,her2,50,-0.5455479164219306,50,0.0,5,582
R,luminal,50,-0.15552369505356706,50,0.0,2,582
R+P,basal,50,-0.16002167031011805,50,0.0,1,582
R+P,her2,50,-0.5851339333027878,50,0.0,4,582
R+P,luminal,50,-0.10400978622028578,50,0.0,1,582
R+D,basal,50,-0.3303281600689038,50,0.0,0,582
R+D,her2,50,-0.5912654216122808,50,0.0,4,582
R+D,luminal,50,-0.3181285621183437,50,0.0,2,582
R+P+D,basal,50,-0.1820992134432849,50,0.0,0,582
R+P+D,her2,50,-0.5854033719653923,50,0.0,2,582
R+P+D,luminal,50,-0.20982057863039788,50,0.0,2,582
MOFA+,basal,50,-0.4181651333139253,50,0.0,2,582
MOFA+,her2,50,-0.3120793521641551,50,0.0,1,582
MOFA+,luminal,50,-0.27498818356268634,50,0.0,1,582
R,basal,50,-0.18545810340683164,50,0.0,1,583
R,her2,50,-0.5369221287469984,50,0.0,3,583
R,luminal,50,-0.29257643121257554,50,0.0,1,583
R+P,basal,50,-0.13528710595005194,50,0.0,2,583
R+P,her2,50,-0.5299038670452345,50,0.0,1,583
R+P,luminal,50,-0.3103512672716184,50,0.02,1,583
R+D,basal,50,-0.35396840540151536,50,0.0,3,583
R+D,her2,50,-0.578560787327306,50,0.0,5,583
R+D,luminal,50,-0.35628849730081436,50,0.0,2,583
R+P+D,basal,50,-0.19812374100297056,50,0.0,0,583
R+P+D,her2,50,-0.5010182949226811,50,0.0,2,583
R+P+D,luminal,50,-0.40670897402520084,50,0.0,0,583
MOFA+,basal,50,-0.053421368184589986,50,0.0,3,583
MOFA+,her2,50,-0.42313238618869314,50,0.02,1,583
MOFA+,luminal,50,-0.5614016197427435,50,0.0,3,583
R,basal,50,-0.282991124148902,50,0.0,0,584
R,her2,50,-0.1587767370335734,50,0.0,2,584
R,luminal,50,-0.5231978086108345,50,0.0,0,584
R+P,basal,50,-0.20873244698108612,50,0.02,1,584
R+P,her2,50,-0.1845657791628033,50,0.0,3,584
R+P,luminal,50,-0.46593423369653947,50,0.0,1,584
R+D,basal,50,-0.5371714294453411,50,0.0,2,584
R+D,her2,50,-0.33361251375366263,50,0.0,3,584
R+D,luminal,50,-0.4853382293243126,50,0.0,1,584
R+P+D,basal,50,-0.3864144218972057,50,0.0,0,584
R+P+D,her2,50,-0.25995804222569424,50,0.0,3,584
R+P+D,luminal,50,-0.4442692158499187,50,0.0,1,584
MOFA+,basal,50,-0.5178778430235921,50,0.0,2,584
MOFA+,her2,50,-0.21672749174668915,50,0.0,1,584
MOFA+,luminal,50,-0.08707907674069461,50,0.0,0,584
R,basal,50,-0.2723559500032606,50,0.0,0,585
R,her2,50,-0.34605407907042157,50,0.02,2,585
R,luminal,50,-0.629415215454206,50,0.0,5,585
R+P,basal,50,-0.3573705291222251,50,0.0,1,585
R+P,her2,50,-0.20445636097215625,50,0.0,1,585
R+P,luminal,50,-0.34618723634417164,50,0.0,4,585
R+D,basal,50,-0.3707448268270187,50,0.0,1,585
R+D,her2,50,-0.4334548862925557,50,0.02,1,585
R+D,luminal,50,-0.5267834275382725,50,0.0,4,585
R+P+D,basal,50,-0.3386113771333714,50,0.0,0,585
R+P+D,her2,50,-0.26490555693873996,50,0.0,2,585
R+P+D,luminal,50,-0.3603550326133793,50,0.0,4,585
MOFA+,basal,50,-0.4181651333139253,50,0.0,2,585
MOFA+,her2,50,-0.30258820694702326,50,0.02,2,585
MOFA+,luminal,50,-0.3952030647717412,50,0.0,5,585
R,basal,50,-0.1397589791444257,50,0.0,1,586
R,her2,50,-0.4441506383713788,50,0.0,3,586
R,luminal,50,-0.3395022859130601,50,0.02,4,586
R+P,basal,50,-0.2308561815460854,50,0.0,3,586
R+P,her2,50,-0.3265196432475523,50,0.0,0,586
R+P,luminal,50,-0.327841128936772,50,0.0,1,586
R+D,basal,50,-0.3934863795372185,50,0.0,2,586
R+D,her2,50,-0.45708439526383926,50,0.0,3,586
R+D,luminal,50,-0.4142256365242244,50,0.0,2,586
R+P+D,basal,50,-0.3478237488728078,50,0.0,2,586
R+P+D,her2,50,-0.4228558668724522,50,0.0,3,586
R+P+D,luminal,50,-0.42723006606683106,50,0.0,1,586
MOFA+,basal,50,-0.40261158750576387,50,0.0,1,586
MOFA+,her2,50,-0.01313290143070867,50,0.0,4,586
MOFA+,luminal,50,-0.7166178630053172,50,0.0,3,586
R,basal,50,-0.2940542384705699,50,0.0,1,587
R,her2,50,-0.06706751809289054,50,0.0,0,587
R,luminal,50,-0.3885918892507432,50,0.0,3,587
R+P,basal,50,-0.24307603497210045,50,0.0,0,587
R+P,her2,50,-0.12728306497023512,50,0.0,1,587
R+P,luminal,50,-0.45488549281928853,50,0.04,2,587
R+D,basal,50,-0.3715730214897535,50,0.0,2,587
R+D,her2,50,-0.3788686225073801,50,0.0,1,587
R+D,luminal,50,-0.3623370092347498,50,0.02,4,587
R+P+D,basal,50,-0.2903154328761061,50,0.0,0,587
R+P+D,her2,50,-0.20342951220859345,50,0.0,0,587
R+P+D,luminal,50,-0.43439277746024957,50,0.04,4,587
MOFA+,basal,50,-0.5624526968256038,50,0.0,1,587
MOFA+,her2,50,-0.08379133735789089,50,0.0,0,587
MOFA+,luminal,50,-0.33866773742407064,50,0.0,2,587
R,basal,50,-0.14476656629974635,50,0.0,0,588
R,her2,50,-0.5834027040181333,50,0.0,7,588
R,luminal,50,-0.21454041817906128,50,0.02,3,588
R+P,basal,50,-0.20010741561337514,50,0.0,0,588
R+P,her2,50,-0.49105222562580875,50,0.02,6,588
R+P,luminal,50,-0.13801772993107575,50,0.0,0,588
R+D,basal,50,-0.3760501112431477,50,0.0,1,588
R+D,her2,50,-0.535233892383494,50,0.0,5,588
R+D,luminal,50,-0.2700157123401145,50,0.0,3,588
R+P+D,basal,50,-0.3131835673712958,50,0.0,0,588
R+P+D,her2,50,-0.560590785769193,50,0.0,9,588
R+P+D,luminal,50,-0.22710642506290593,50,0.0,0,588
MOFA+,basal,50,-0.3889951945560759,50,0.0,1,588
MOFA+,her2,50,-0.7022956727559374,50,0.0,3,588
MOFA+,luminal,50,-0.049338171842283035,50,0.0,3,588
R,basal,50,-0.38986723399077955,50,0.0,2,589
R,her2,50,-0.15205393336095618,50,0.02,0,589
R,luminal,50,-0.36267298550568733,50,0.02,4,589
R+P,basal,50,-0.25571897371752983,50,0.0,2,589
R+P,her2,50,-0.18881506398917153,50,0.04,0,589
R+P,luminal,50,-0.21226297061068883,50,0.02,4,589
R+D,basal,50,-0.4841484442151803,50,0.0,3,589
R+D,her2,50,-0.3359758676260971,50,0.02,0,589
R+D,luminal,50,-0.35260756165640766,50,0.0,4,589
R+P+D,basal,50,-0.2674825776058574,50,0.0,2,589
R+P+D,her2,50,-0.33571942400843957,50,0.02,0,589
R+P+D,luminal,50,-0.23072737400640822,50,0.02,3,589
MOFA+,basal,50,-0.3212467034974735,50,0.0,1,589
MOFA+,her2,50,-0.08379133735789089,50,0.0,0,589
MOFA+,luminal,50,-0.22472778073296432,50,0.0,1,589
R,basal,50,-0.3395911349814898,50,0.0,2,590
R,her2,50,-0.431682014949634,50,0.0,3,590
R,luminal,50,-0.45066360032503655,50,0.02,3,590
R+P,basal,50,-0.2625320814109326,50,0.0,1,590
R+P,her2,50,-0.5266692187357173,50,0.0,1,590
R+P,luminal,50,-0.41556601468765975,50,0.0,3,590
R+D,basal,50,-0.34730959314708704,50,0.0,1,590
R+D,her2,50,-0.49631184405715945,50,0.0,4,590
R+D,luminal,50,-0.5710735212072858,50,0.0,5,590
R+P+D,basal,50,-0.29732657993993283,50,0.0,1,590
R+P+D,her2,50,-0.4565009280650996,50,0.0,1,590
R+P+D,luminal,50,-0.4957324031508998,50,0.0,4,590
MOFA+,basal,50,-0.3212467034974735,50,0.0,1,590
MOFA+,her2,50,-0.4928444076680832,50,0.0,5,590
MOFA+,luminal,50,-0.32179389140566017,50,0.0,2,590
R,basal,50,-0.5191955264719342,50,0.0,1,591
R,her2,50,-0.14080992823582186,50,0.0,1,591
R,luminal,50,-0.25929258300930663,50,0.0,0,591
R+P,basal,50,-0.6470098189595558,50,0.02,1,591
R+P,her2,50,-0.23056558673511116,50,0.0,1,591
R+P,luminal,50,-0.22952800079590752,50,0.0,1,591
R+D,basal,50,-0.5690245291748292,50,0.0,1,591
R+D,her2,50,-0.20504013808894048,50,0.02,0,591
R+D,luminal,50,-0.37406940222688123,50,0.0,2,591
R+P+D,basal,50,-0.6460865676060957,50,0.0,2,591
R+P+D,her2,50,-0.2789406432243069,50,0.0,1,591
R+P+D,luminal,50,-0.29528328301343754,50,0.0,2,591
MOFA+,basal,50,-0.7399409894194376,50,0.0,3,591
MOFA+,her2,50,-0.3930197206468565,50,0.02,2,591
MOFA+,luminal,50,-0.4875302239750314,50,0.0,4,591
R,basal,50,-0.46699087036642,50,0.0,1,592
R,her2,50,-0.38691755512446946,50,0.0,3,592
R,luminal,50,-0.04309646552317252,50,0.0,0,592
R+P,basal,50,-0.3329985867168564,50,0.0,3,592
R+P,her2,50,-0.23201901586521545,50,0.0,3,592
R+P,luminal,50,-0.20048703357012723,50,0.0,2,592
R+D,basal,50,-0.5205218211816046,50,0.0,0,592
R+D,her2,50,-0.4562398370337117,50,0.0,2,592
R+D,luminal,50,-0.2595850143847443,50,0.0,2,592
R+P+D,basal,50,-0.4678215907416603,50,0.0,1,592
R+P+D,her2,50,-0.37263954523982645,50,0.0,3,592
R+P+D,luminal,50,-0.22719811226430078,50,0.0,1,592
MOFA+,basal,50,-0.21929701202341526,50,0.0,1,592
MOFA+,her2,50,-0.21672749174668915,50,0.0,1,592
MOFA+,luminal,50,-0.08707907674069461,50,0.0,0,592
R,basal,50,-0.3149206441878377,50,0.0,0,593
R,her2,50,-0.1648190699638473,50,0.0,0,593
R,luminal,50,-0.360678364618838,50,0.02,0,593
R+P,basal,50,-0.3691179403942517,50,0.0,0,593
R+P,her2,50,-0.08456303085811777,50,0.0,0,593
R+P,luminal,50,-0.5192788494091771,50,0.02,3,593
R+D,basal,50,-0.5695640642345036,50,0.0,4,593
R+D,her2,50,-0.2786814993002681,50,0.02,1,593
R+D,luminal,50,-0.5182579660826405,50,0.02,3,593
R+P+D,basal,50,-0.44108229851785696,50,0.0,1,593
R+P+D,her2,50,-0.25518815336062056,50,0.0,2,593
R+P+D,luminal,50,-0.5770454024173334,50,0.0,5,593
MOFA+,basal,50,-0.012019998178718974,50,0.0,4,593
MOFA+,her2,50,-0.30258820694702326,50,0.02,2,593
MOFA+,luminal,50,-0.3952030647717412,50,0.0,5,593
R,basal,50,-0.5781543485832856,50,0.0,6,594
R,her2,50,-0.14114139074722667,50,0.0,0,594
R,luminal,50,-0.27191567111825515,50,0.0,2,594
R+P,basal,50,-0.4669618741757728,50,0.0,3,594
R+P,her2,50,-0.07467063063549906,50,0.0,2,594
R+P,luminal,50,-0.15067847684227262,50,0.0,2,594
R+D,basal,50,-0.6322598304539173,50,0.0,7,594
R+D,her2,50,-0.16059684551351672,50,0.02,0,594
R+D,luminal,50,-0.5634168671485906,50,0.0,1,594
R+P+D,basal,50,-0.4912122031241092,50,0.0,3,594
R+P+D,her2,50,-0.2550117878557356,50,0.02,1,594
R+P+D,luminal,50,-0.33784110961459324,50,0.0,1,594
MOFA+,basal,50,-0.7399409894194376,50,0.0,3,594
MOFA+,her2,50,-0.42313238618869314,50,0.02,1,594
MOFA+,luminal,50,-0.014035583308286484,50,0.0,4,594
R,basal,50,-0.5841694361276272,50,0.0,5,595
R,her2,50,-0.1280231141335655,50,0.0,1,595
R,luminal,50,-0.1898702684724517,50,0.0,1,595
R+P,basal,50,-0.5190971639585891,50,0.0,2,595
R+P,her2,50,-0.10346394633888806,50,0.0,1,595
R+P,luminal,50,-0.28080864028694774,50,0.0,2,595
R+D,basal,50,-0.7557743921123223,50,0.0,7,595
R+D,her2,50,-0.2565322057260979,50,0.0,2,595
R+D,luminal,50,-0.47913864453254135,50,0.0,4,595
R+P+D,basal,50,-0.3776550367917963,50,0.0,5,595
R+P+D,her2,50,-0.2791816024307604,50,0.0,2,595
R+P+D,luminal,50,-0.30371087604954383,50,0.0,2,595
MOFA+,basal,50,-0.40261158750576387,50,0.0,1,595
MOFA+,her2,50,-0.5159761307760569,50,0.0,4,595
MOFA+,luminal,50,-0.5834359116792033,50,0.0,1,595
R,basal,50,-0.6466312005164738,50,0.0,2,596
R,her2,50,-0.2906583954156238,50,0.0,2,596
R,luminal,50,-0.1684399194752036,50,0.0,1,596
R+P,basal,50,-0.8632666536286285,50,0.0,5,596
R+P,her2,50,-0.14847828295785084,50,0.04,2,596
R+P,luminal,50,-0.09264092450631821,50,0.0,0,596
R+D,basal,50,-0.522998783214469,50,0.0,2,596
R+D,her2,50,-0.4302669841950494,50,0.02,3,596
R+D,luminal,50,-0.23098002023584097,50,0.0,1,596
R+P+D,basal,50,-0.6456045569759712,50,0.0,3,596
R+P+D,her2,50,-0.22580466804294028,50,0.02,2,596
R+P+D,luminal,50,-0.3251576225972786,50,0.0,1,596
MOFA+,basal,50,-0.7399409894194376,50,0.0,3,596
MOFA+,her2,50,-0.04592504717146089,50,0.0,3,596
MOFA+,luminal,50,-0.38706270944304655,50,0.0,1,596
R,basal,50,-0.3056761260260096,50,0.0,2,597
R,her2,50,-0.44795048607726934,50,0.0,5,597
R,luminal,50,-0.17116668445677566,50,0.0,4,597
R+P,basal,50,-0.5947138729057209,50,0.0,2,597
R+P,her2,50,-0.4357759904917467,50,0.0,1,597
R+P,luminal,50,-0.2169352306194881,50,0.0,3,597
R+D,basal,50,-0.5439792083019156,50,0.0,1,597
R+D,her2,50,-0.45005916815416086,50,0.0,4,597
R+D,luminal,50,-0.28348790315345535,50,0.0,1,597
R+P+D,basal,50,-0.47476885659069157,50,0.0,0,597
R+P+D,her2,50,-0.408555043611836,50,0.0,1,597
R+P+D,luminal,50,-0.24556397659451393,50,0.0,0,597
MOFA+,basal,50,-0.3889951945560759,50,0.0,1,597
MOFA+,her2,50,-0.3120793521641551,50,0.0,1,597
MOFA+,luminal,50,-0.08707907674069461,50,0.0,0,597
R,basal,50,-0.5025574794970502,50,0.0,7,598
R,her2,50,-0.26659739466094284,50,0.02,1,598
R,luminal,50,-0.3469257945985801,50,0.0,2,598
R+P,basal,50,-0.3452560075471775,50,0.0,3,598
R+P,her2,50,-0.17138347314069724,50,0.02,1,598
R+P,luminal,50,-0.457899352679053,50,0.0,2,598
R+D,basal,50,-0.5610507865763298,50,0.0,4,598
R+D,her2,50,-0.4251498212641631,50,0.0,2,598
R+D,luminal,50,-0.4085136408876139,50,0.0,4,598
R+P+D,basal,50,-0.41312756123362,50,0.0,2,598
R+P+D,her2,50,-0.271046877028136,50,0.02,2,598
R+P+D,luminal,50,-0.5195728378599118,50,0.0,3,598
MOFA+,basal,50,-0.3212467034974735,50,0.0,1,598
MOFA+,her2,50,-0.40456322390936145,50,0.0,2,598
MOFA+,luminal,50,-0.32179389140566017,50,0.0,2,598
R,basal,50,-0.25509148910515583,50,0.0,3,599
R,her2,50,-0.27512817574160114,50,0.02,2,599
R,luminal,50,-0.34599348869239954,50,0.0,3,599
R+P,basal,50,-0.37679218097416217,50,0.0,3,599
R+P,her2,50,-0.36616781427689304,50,0.0,2,599
R+P,luminal,50,-0.1167213054114198,50,0.0,3,599
R+D,basal,50,-0.5240920611250005,50,0.0,3,599
R+D,her2,50,-0.35613932145877897,50,0.02,2,599
R+D,luminal,50,-0.4910982785381872,50,0.0,3,599
R+P+D,basal,50,-0.4369839908176955,50,0.0,1,599
R+P+D,her2,50,-0.41982672627105977,50,0.02,2,599
R+P+D,luminal,50,-0.26414019257802485,50,0.0,3,599
MOFA+,basal,50,-0.3889951945560759,50,0.0,1,599
MOFA+,her2,50,-0.7022956727559374,50,0.0,3,599
MOFA+,luminal,50,-0.27498818356268634,50,0.0,1,599
R,basal,50,-0.5500307342825217,50,0.0,4,600
R,her2,50,-0.11364035031889431,50,0.0,0,600
R,luminal,50,-0.36759335888006034,50,0.0,2,600
R+P,basal,50,-0.3437779361974356,50,0.0,4,600
R+P,her2,50,-0.15173478250933636,50,0.0,2,600
R+P,luminal,50,-0.2931243809079539,50,0.0,2,600
R+D,basal,50,-0.6297611609358134,50,0.0,5,600
R+D,her2,50,-0.20540743379383258,50,0.0,0,600
R+D,luminal,50,-0.4260309964634713,50,0.0,2,600
R+P+D,basal,50,-0.36540213431081603,50,0.0,2,600
R+P+D,her2,50,-0.20295900192445715,50,0.0,1,600
R+P+D,luminal,50,-0.35152296241448816,50,0.0,2,600
MOFA+,basal,50,-0.5054582191460999,50,0.0,4,600
MOFA+,her2,50,-0.40456322390936145,50,0.0,2,600
MOFA+,luminal,50,-0.42447621761666204,50,0.0,2,600
R,basal,50,-0.3072913550738331,50,0.0,2,601
R,her2,50,-0.35571462599567966,50,0.0,5,601
R,luminal,50,-0.24664696834404662,50,0.02,2,601
R+P,basal,50,-0.3002737725830941,50,0.0,1,601
R+P,her2,50,-0.16063709757958405,50,0.0,2,601
R+P,luminal,50,-0.17550739656919973,50,0.02,1,601
R+D,basal,50,-0.3604864113152988,50,0.0,3,601
R+D,her2,50,-0.4147831547736305,50,0.0,3,601
R+D,luminal,50,-0.37650020030187753,50,0.02,3,601
R+P+D,basal,50,-0.39119663515639636,50,0.0,2,601
R+P+D,her2,50,-0.3188703196444287,50,0.0,4,601
R+P+D,luminal,50,-0.33674872636871145,50,0.04,2,601
MOFA+,basal,50,-0.3915193340880218,50,0.0,2,601
MOFA+,her2,50,-0.08379133735789089,50,0.0,0,601
MOFA+,luminal,50,-0.4875302239750314,50,0.0,4,601
R,basal,50,-0.4539293877389837,50,0.0,4,602
R,her2,50,-0.24741008814162932,50,0.0,0,602
R,luminal,50,-0.4027699388938798,50,0.02,5,602
R+P,basal,50,-0.17062813611691244,50,0.0,2,602
R+P,her2,50,-0.1391042803449462,50,0.0,1,602
R+P,luminal,50,-0.21717072825867867,50,0.02,3,602
R+D,basal,50,-0.6180277218182639,50,0.0,2,602
R+D,her2,50,-0.3809029172565325,50,0.0,2,602
R+D,luminal,50,-0.48786949555923753,50,0.06,7,602
R+P+D,basal,50,-0.33349529273855305,50,0.0,2,602
R+P+D,her2,50,-0.2205845864091929,50,0.02,2,602
R+P+D,luminal,50,-0.2761662138782959,50,0.02,4,602
MOFA+,basal,50,-0.5159430532564055,50,0.0,5,602
MOFA+,her2,50,-0.5652605157510739,50,0.0,1,602
MOFA+,luminal,50,-0.38706270944304655,50,0.0,1,602
R,basal,50,-0.3814814112473283,50,0.0,5,603
R,her2,50,-0.5991448227652666,50,0.0,4,603
R,luminal,50,-0.13993125089226702,50,0.02,0,603
R+P,basal,50,-0.24422750153079303,50,0.0,5,603
R+P,her2,50,-0.4965599773845116,50,0.0,5,603
R+P,luminal,50,-0.12150908981906784,50,0.0,2,603
R+D,basal,50,-0.4305300799099451,50,0.0,4,603
R+D,her2,50,-0.5186878698946462,50,0.02,3,603
R+D,luminal,50,-0.2121249564041221,50,0.0,0,603
R+P+D,basal,50,-0.29019296125643224,50,0.0,4,603
R+P+D,her2,50,-0.4884333196350401,50,0.02,2,603
R+P+D,luminal,50,-0.21483596446369319,50,0.0,1,603
MOFA+,basal,50,-0.368276449712905,50,0.02,2,603
MOFA+,her2,50,-0.5067927857540258,50,0.0,2,603
MOFA+,luminal,50,-0.32575067826405774,50,0.02,2,603
R,basal,50,-0.25551925925997243,50,0.0,2,604
R,her2,50,-0.4232560164795518,50,0.02,2,604
R,luminal,50,-0.2014404992074741,50,0.0,1,604
R+P,basal,50,-0.21888912822395767,50,0.0,2,604
R+P,her2,50,-0.43134525138542273,50,0.02,3,604
R+P,luminal,50,-0.2850870917236652,50,0.0,4,604
R+D,basal,50,-0.2890609998273669,50,0.0,3,604
R+D,her2,50,-0.46400426231223874,50,0.0,3,604
R+D,luminal,50,-0.36819378253768015,50,0.0,3,604
R+P+D,basal,50,-0.3138765727711554,50,0.0,5,604
R+P+D,her2,50,-0.37579561559746966,50,0.02,1,604
R+P+D,luminal,50,-0.48166575273088674,50,0.0,6,604
MOFA+,basal,50,-0.3212467034974735,50,0.0,1,604
MOFA+,her2,50,-0.21672749174668915,50,0.0,1,604
MOFA+,luminal,50,-0.4875302239750314,50,0.0,4,604
R,basal,50,-0.34325879904373835,50,0.0,0,605
R,her2,50,-0.3197047232543967,50,0.0,2,605
R,luminal,50,-0.16538349576852648,50,0.0,3,605
R+P,basal,50,-0.3080161860465767,50,0.0,0,605
R+P,her2,50,-0.3332039532156548,50,0.0,5,605
R+P,luminal,50,-0.21530556262441244,50,0.0,4,605
R+D,basal,50,-0.4452443457013809,50,0.0,0,605
R+D,her2,50,-0.6259048158829074,50,0.0,2,605
R+D,luminal,50,-0.415803135528847,50,0.0,5,605
R+P+D,basal,50,-0.2915684518682895,50,0.0,2,605
R+P+D,her2,50,-0.3902748061407153,50,0.0,3,605
R+P+D,luminal,50,-0.45964771516042935,50,0.0,5,605
MOFA+,basal,50,-0.5463558416948096,50,0.0,3,605
MOFA+,her2,50,-0.3782726858472879,50,0.0,2,605
MOFA+,luminal,50,-0.5834359116792033,50,0.0,1,605
R,basal,50,-0.4631370030417355,50,0.0,3,606
R,her2,50,-0.3104091070193503,50,0.04,4,606
R,luminal,50,-0.22390011851418357,50,0.0,2,606
R+P,basal,50,-0.427660239102485,50,0.0,4,606
R+P,her2,50,-0.25276291364495085,50,0.04,4,606
R+P,luminal,50,-0.17357327801578876,50,0.0,0,606
R+D,basal,50,-0.4935540214055774,50,0.0,3,606
R+D,her2,50,-0.47929590338218053,50,0.04,3,606
R+D,luminal,50,-0.5454269607769464,50,0.0,6,606
R+P+D,basal,50,-0.41952967381190065,50,0.0,4,606
R+P+D,her2,50,-0.39728632486078075,50,0.04,2,606
R+P+D,luminal,50,-0.33098078412899085,50,0.0,2,606
MOFA+,basal,50,-0.40261158750576387,50,0.0,1,606
MOFA+,her2,50,-0.2768959773562112,50,0.02,1,606
MOFA+,luminal,50,-0.5614016197427435,50,0.0,3,606
R,basal,50,-0.32372889518912984,50,0.0,2,607
R,her2,50,-0.3068645606115728,50,0.02,4,607
R,luminal,50,-0.32916304568015997,50,0.02,2,607
R+P,basal,50,-0.46535745048357524,50,0.0,4,607
R+P,her2,50,-0.34886345930177953,50,0.02,4,607
R+P,luminal,50,-0.3978227830957944,50,0.02,1,607
R+D,basal,50,-0.518645593920196,50,0.0,3,607
R+D,her2,50,-0.5357868807346046,50,0.02,5,607
R+D,luminal,50,-0.5718001315340733,50,0.02,2,607
R+P+D,basal,50,-0.5687598398441298,50,0.0,4,607
R+P+D,her2,50,-0.31230885868145764,50,0.02,4,607
R+P+D,luminal,50,-0.46609192883994,50,0.02,3,607
MOFA+,basal,50,-0.07330649288426355,50,0.0,0,607
MOFA+,her2,50,-0.5159761307760569,50,0.0,4,607
MOFA+,luminal,50,-0.27498818356268634,50,0.0,1,607
R,basal,50,-0.24265344183815438,50,0.0,3,608
R,her2,50,-0.12653010583103813,50,0.02,2,608
R,luminal,50,-0.7106962880602862,50,0.0,2,608
R+P,basal,50,-0.1396043371740731,50,0.0,2,608
R+P,her2,50,-0.1418856947507769,50,0.0,0,608
R+P,luminal,50,-0.6243877396267882,50,0.0,3,608
R+D,basal,50,-0.29817612936839377,50,0.0,2,608
R+D,her2,50,-0.22060187299208248,50,0.02,2,608
R+D,luminal,50,-0.6444051624215255,50,0.02,2,608
R+P+D,basal,50,-0.20133074563591358,50,0.0,2,608
R+P+D,her2,50,-0.19128847019576473,50,0.02,2,608
R+P+D,luminal,50,-0.48966132385266015,50,0.0,1,608
MOFA+,basal,50,-0.3212467034974735,50,0.0,1,608
MOFA+,her2,50,-0.04592504717146089,50,0.0,3,608
MOFA+,luminal,50,-0.33866773742407064,50,0.0,2,608
R,basal,50,-0.2477059898421183,50,0.0,3,609
R,her2,50,-0.20715243467621522,50,0.0,2,609
R,luminal,50,-0.46848041646363603,50,0.0,1,609
R+P,basal,50,-0.25205105428841584,50,0.02,3,609
R+P,her2,50,-0.08451316885486541,50,0.0,0,609
R+P,luminal,50,-0.525964191324348,50,0.0,2,609
R+D,basal,50,-0.42022045474997843,50,0.0,2,609
R+D,her2,50,-0.31174469480897865,50,0.0,0,609
R+D,luminal,50,-0.4887016194190135,50,0.0,2,609
R+P+D,basal,50,-0.2482741364436628,50,0.0,2,609
R+P+D,her2,50,-0.24106346021688022,50,0.0,0,609
R+P+D,luminal,50,-0.5371604898663,50,0.02,2,609
MOFA+,basal,50,-0.39079658001654743,50,0.0,5,609
MOFA+,her2,50,-0.5652605157510739,50,0.0,1,609
MOFA+,luminal,50,-0.7166178630053172,50,0.0,3,609
R,basal,50,-0.4237896145144863,50,0.0,2,610
R,her2,50,-0.5396028580898519,50,0.0,6,610
R,luminal,50,-0.2593236726173509,50,0.0,1,610
R+P,basal,50,-0.37641804306874804,50,0.0,1,610
R+P,her2,50,-0.3218605336458809,50,0.0,3,610
R+P,luminal,50,-0.14402722245904648,50,0.0,1,610
R+D,basal,50,-0.554333404607019,50,0.0,2,610
R+D,her2,50,-0.5079645850030411,50,0.0,8,610
R+D,luminal,50,-0.3603950068401878,50,0.0,2,610
R+P+D,basal,50,-0.5475533057329486,50,0.0,2,610
R+P+D,her2,50,-0.32170662432416,50,0.0,3,610
R+P+D,luminal,50,-0.16013687137873564,50,0.0,4,610
MOFA+,basal,50,-0.07330649288426355,50,0.0,0,610
MOFA+,her2,50,-0.21672749174668915,50,0.0,1,610
MOFA+,luminal,50,-0.38706270944304655,50,0.0,1,610
R,basal,50,-0.4412827558704764,50,0.0,2,611
R,her2,50,-0.19226820054322122,50,0.0,1,611
R,luminal,50,-0.48475272545131,50,0.0,1,611
R+P,basal,50,-0.44125844800134184,50,0.0,1,611
R+P,her2,50,-0.1855871781003873,50,0.0,2,611
R+P,luminal,50,-0.32616912298631595,50,0.0,1,611
R+D,basal,50,-0.5744279698938957,50,0.0,4,611
R+D,her2,50,-0.3140047504569189,50,0.02,4,611
R+D,luminal,50,-0.4789129969790313,50,0.0,1,611
R+P+D,basal,50,-0.4212638740306226,50,0.0,1,611
R+P+D,her2,50,-0.23563306671446022,50,0.02,3,611
R+P+D,luminal,50,-0.25199192205967036,50,0.0,1,611
MOFA+,basal,50,-0.3889951945560759,50,0.0,1,611
MOFA+,her2,50,-0.2768959773562112,50,0.02,1,611
MOFA+,luminal,50,-0.5614016197427435,50,0.0,3,611
R,basal,50,-0.46215954356842354,50,0.0,2,612
R,her2,50,-0.23162225782555168,50,0.0,0,612
R,luminal,50,-0.33372616359870255,50,0.02,2,612
R+P,basal,50,-0.2034390899653503,50,0.0,3,612
R+P,her2,50,-0.2213235117110241,50,0.0,0,612
R+P,luminal,50,-0.17674465321510013,50,0.02,2,612
R+D,basal,50,-0.6383663949688936,50,0.0,2,612
R+D,her2,50,-0.3745787877969989,50,0.0,2,612
R+D,luminal,50,-0.374990183308879,50,0.02,3,612
R+P+D,basal,50,-0.24402612269189955,50,0.0,3,612
R+P+D,her2,50,-0.42323460851760103,50,0.0,0,612
R+P+D,luminal,50,-0.27872241300273726,50,0.02,2,612
MOFA+,basal,50,-0.4181651333139253,50,0.0,2,612
MOFA+,her2,50,-0.3930197206468565,50,0.02,2,612
MOFA+,luminal,50,-0.3952030647717412,50,0.0,5,612
R,basal,50,-0.37912892285549626,50,0.0,2,613
R,her2,50,-0.718429912477788,50,0.0,5,613
R,luminal,50,-0.16334783031661934,50,0.0,1,613
R+P,basal,50,-0.2548759446893251,50,0.0,1,613
R+P,her2,50,-0.9388039857536273,50,0.02,8,613
R+P,luminal,50,-0.11266219982937076,50,0.0,2,613
R+D,basal,50,-0.5933431464982342,50,0.0,4,613
R+D,her2,50,-0.5406081204061605,50,0.0,4,613
R+D,luminal,50,-0.2751600242579622,50,0.0,1,613
R+P+D,basal,50,-0.48697310758055307,50,0.0,2,613
R+P+D,her2,50,-0.6705741714327584,50,0.0,6,613
R+P+D,luminal,50,-0.1317939835608896,50,0.0,1,613
MOFA+,basal,50,-0.27447206105048505,50,0.0,1,613
MOFA+,her2,50,-0.5159761307760569,50,0.0,4,613
MOFA+,luminal,50,-0.049338171842283035,50,0.0,3,613
R,basal,50,-0.5018680373893002,50,0.0,3,614
R,her2,50,-0.4806536342128633,50,0.0,4,614
R,luminal,50,-0.313942765328123,50,0.0,0,614
R+P,basal,50,-0.3818821715222232,50,0.0,1,614
R+P,her2,50,-0.4907315953594179,50,0.0,5,614
R+P,luminal,50,-0.18164981299173488,50,0.02,1,614
R+D,basal,50,-0.4715473349120229,50,0.0,2,614
R+D,her2,50,-0.3842393353034186,50,0.0,2,614
R+D,luminal,50,-0.30443772788942547,50,0.0,1,614
R+P+D,basal,50,-0.5055539684448058,50,0.0,1,614
R+P+D,her2,50,-0.43801092921508483,50,0.0,1,614
R+P+D,luminal,50,-0.25001435467236893,50,0.02,1,614
MOFA+,basal,50,-0.3212467034974735,50,0.0,1,614
MOFA+,her2,50,-0.5491719546595314,50,0.0,3,614
MOFA+,luminal,50,-0.32575067826405774,50,0.02,2,614
R,basal,50,-0.3333236060082727,50,0.0,0,615
R,her2,50,-0.2819789247887896,50,0.0,1,615
R,luminal,50,-0.1827709349131955,50,0.0,2,615
R+P,basal,50,-0.30380769589462653,50,0.0,1,615
R+P,her2,50,-0.1608617084816456,50,0.0,1,615
R+P,luminal,50,-0.13234847597348526,50,0.0,2,615
R+D,basal,50,-0.3368605168016016,50,0.0,0,615
R+D,her2,50,-0.3758944262992121,50,0.0,0,615
R+D,luminal,50,-0.39881985369670986,50,0.0,2,615
R+P+D,basal,50,-0.31762606086776857,50,0.0,1,615
R+P+D,her2,50,-0.20423045162923217,50,0.0,0,615
R+P+D,luminal,50,-0.21557319354332538,50,0.0,1,615
MOFA+,basal,50,-0.4181651333139253,50,0.0,2,615
MOFA+,her2,50,-0.42313238618869314,50,0.02,1,615
MOFA+,luminal,50,-0.014035583308286484,50,0.0,4,615
R,basal,50,-0.3016254156016815,50,0.0,4,616
R,her2,50,-0.4772476287087407,50,0.0,3,616
R,luminal,50,-0.311811012674109,50,0.02,2,616
R+P,basal,50,-0.24487247546757313,50,0.0,1,616
R+P,her2,50,-0.2451488666544714,50,0.0,1,616
R+P,luminal,50,-0.2849628421636196,50,0.02,2,616
R+D,basal,50,-0.4016827064664515,50,0.0,4,616
R+D,her2,50,-0.3859016731436386,50,0.0,1,616
R+D,luminal,50,-0.273059023481342,50,0.0,0,616
R+P+D,basal,50,-0.34654281530924513,50,0.0,0,616
R+P+D,her2,50,-0.32834299085526664,50,0.0,0,616
R+P+D,luminal,50,-0.3656047111855628,50,0.0,3,616
MOFA+,basal,50,-0.3212467034974735,50,0.0,1,616
MOFA+,her2,50,-0.5159761307760569,50,0.0,4,616
MOFA+,luminal,50,-0.32179389140566017,50,0.0,2,616
R,basal,50,-0.28379310468808105,50,0.0,0,617
R,her2,50,-0.3862151118298558,50,0.0,1,617
R,luminal,50,-0.4305073114538613,50,0.0,2,617
R+P,basal,50,-0.24116523359240122,50,0.0,2,617
R+P,her2,50,-0.31790292973157963,50,0.0,1,617
R+P,luminal,50,-0.28198504404673164,50,0.0,2,617
R+D,basal,50,-0.36159337545155795,50,0.0,3,617
R+D,her2,50,-0.5083285648934072,50,0.0,1,617
R+D,luminal,50,-0.44238883654029926,50,0.04,1,617
R+P+D,basal,50,-0.3845061060666661,50,0.0,1,617
R+P+D,her2,50,-0.33400892782836744,50,0.0,1,617
R+P+D,luminal,50,-0.328606709387927,50,0.0,2,617
MOFA+,basal,50,-0.012019998178718974,50,0.0,4,617
MOFA+,her2,50,-0.3930197206468565,50,0.02,2,617
MOFA+,luminal,50,-0.4108772374338225,50,0.02,1,617
R,basal,50,-0.4826241893241912,50,0.0,2,618
R,her2,50,-0.15574095752064704,50,0.0,4,618
R,luminal,50,-0.48932907945697374,50,0.0,2,618
R+P,basal,50,-0.47781659153856415,50,0.0,2,618
R+P,her2,50,-0.14068786977116335,50,0.0,1,618
R+P,luminal,50,-0.2637254009307644,50,0.0,0,618
R+D,basal,50,-0.5124247974658203,50,0.0,1,618
R+D,her2,50,-0.2899289937748019,50,0.02,1,618
R+D,luminal,50,-0.519887033258205,50,0.0,3,618
R+P+D,basal,50,-0.43381695475914134,50,0.0,2,618
R+P+D,her2,50,-0.33639664144971143,50,0.02,2,618
R+P+D,luminal,50,-0.31933335412467145,50,0.0,1,618
MOFA+,basal,50,-0.5054582191460999,50,0.0,4,618
MOFA+,her2,50,-0.31448275361111183,50,0.04,2,618
MOFA+,luminal,50,-0.33866773742407064,50,0.0,2,618
R,basal,50,-0.17644111631579087,50,0.0,0,619
R,her2,50,-0.5289415648136333,50,0.0,4,619
R,luminal,50,-0.27651924139929474,50,0.02,2,619
R+P,basal,50,-0.26561793492127295,50,0.02,0,619
R+P,her2,50,-0.35454005510561004,50,0.0,5,619
R+P,luminal,50,-0.321726354096478,50,0.02,2,619
R+D,basal,50,-0.32413078514195,50,0.0,1,619
R+D,her2,50,-0.5406589135705052,50,0.02,4,619
R+D,luminal,50,-0.4085451244092291,50,0.02,2,619
R+P+D,basal,50,-0.3161231066557724,50,0.0,1,619
R+P+D,her2,50,-0.3964983407918857,50,0.02,4,619
R+P+D,luminal,50,-0.4529438328938744,50,0.0,1,619
MOFA+,basal,50,-0.27447206105048505,50,0.0,1,619
MOFA+,her2,50,-0.5159761307760569,50,0.0,4,619
MOFA+,luminal,50,-0.42447621761666204,50,0.0,2,619
R,basal,50,-0.6521744846858567,50,0.0,3,620
R,her2,50,-0.14622568097039357,50,0.02,0,620
R,luminal,50,-0.1995589116242252,50,0.0,2,620
R+P,basal,50,-0.45339980666954305,50,0.0,2,620
R+P,her2,50,-0.11783612548864973,50,0.0,0,620
R+P,luminal,50,-0.22171987611145727,50,0.0,0,620
R+D,basal,50,-0.5802384147463833,50,0.0,3,620
R+D,her2,50,-0.31516174495893295,50,0.0,0,620
R+D,luminal,50,-0.33793263400561413,50,0.02,3,620
R+P+D,basal,50,-0.5972709680534447,50,0.0,4,620
R+P+D,her2,50,-0.26711673240195566,50,0.0,0,620
R+P+D,luminal,50,-0.19917438959887743,50,0.0,1,620
MOFA+,basal,50,-0.7399409894194376,50,0.0,3,620
MOFA+,her2,50,-0.04592504717146089,50,0.0,3,620
MOFA+,luminal,50,-0.5614016197427435,50,0.0,3,620
R,basal,50,-0.349358251432553,50,0.0,1,621
R,her2,50,-0.5326425910446136,50,0.02,3,621
R,luminal,50,-0.13346303560782796,50,0.0,3,621
R+P,basal,50,-0.21787102477988352,50,0.02,3,621
R+P,her2,50,-0.4415966206944267,50,0.0,3,621
R+P,luminal,50,-0.11669129817573555,50,0.02,3,621
R+D,basal,50,-0.44162928222578357,50,0.0,3,621
R+D,her2,50,-0.4629940051924931,50,0.0,1,621
R+D,luminal,50,-0.2654854296297166,50,0.02,3,621
R+P+D,basal,50,-0.3056445974596731,50,0.0,0,621
R+P+D,her2,50,-0.4400109913873308,50,0.0,3,621
R+P+D,luminal,50,-0.2535919358941975,50,0.02,3,621
MOFA+,basal,50,-0.3212467034974735,50,0.0,1,621
MOFA+,her2,50,-0.5159761307760569,50,0.0,4,621
MOFA+,luminal,50,-0.5834359116792033,50,0.0,1,621
R,basal,50,-0.2836602686655195,50,0.0,2,622
R,her2,50,-0.344325103752574,50,0.0,1,622
R,luminal,50,-0.2141466346264994,50,0.0,0,622
R+P,basal,50,-0.15837939276597696,50,0.0,4,622
R+P,her2,50,-0.26954539021951673,50,0.04,1,622
R+P,luminal,50,-0.22620238355850045,50,0.0,2,622
R+D,basal,50,-0.619619260190451,50,0.0,5,622
R+D,her2,50,-0.42054191855158557,50,0.02,1,622
R+D,luminal,50,-0.355125831593675,50,0.0,1,622
R+P+D,basal,50,-0.22312497037269136,50,0.0,4,622
R+P+D,her2,50,-0.3286067203081236,50,0.02,1,622
R+P+D,luminal,50,-0.5217077418156547,50,0.0,3,622
MOFA+,basal,50,-0.5178778430235921,50,0.0,2,622
MOFA+,her2,50,-0.3782726858472879,50,0.0,2,622
MOFA+,luminal,50,-0.5614016197427435,50,0.0,3,622
R,basal,50,-0.5191832903639305,50,0.0,6,623
R,her2,50,-0.5528494591496912,50,0.0,4,623
R,luminal,50,-0.22322129678963015,50,0.0,2,623
R+P,basal,50,-0.49957680029043994,50,0.0,4,623
R+P,her2,50,-0.38474616306900844,50,0.0,2,623
R+P,luminal,50,-0.20674205195389095,50,0.0,2,623
R+D,basal,50,-0.5107461269110618,50,0.0,4,623
R+D,her2,50,-0.6593554137243158,50,0.02,4,623
R+D,luminal,50,-0.41858364072574067,50,0.0,2,623
R+P+D,basal,50,-0.5353178494639838,50,0.0,4,623
R+P+D,her2,50,-0.5266717456936134,50,0.0,2,623
R+P+D,luminal,50,-0.3502737333706946,50,0.0,3,623
MOFA+,basal,50,-0.7399409894194376,50,0.0,3,623
MOFA+,her2,50,-0.5491719546595314,50,0.0,3,623
MOFA+,luminal,50,-0.049338171842283035,50,0.0,3,623
R,basal,50,-0.3622832430777121,50,0.0,1,624
R,her2,50,-0.24375235814489737,50,0.02,5,624
R,luminal,50,-0.5463020634944059,50,0.0,2,624
R+P,basal,50,-0.4684782896705519,50,0.0,1,624
R+P,her2,50,-0.14155172609721417,50,0.02,3,624
R+P,luminal,50,-0.45836961955354416,50,0.0,5,624
R+D,basal,50,-0.5144395699258028,50,0.0,0,624
R+D,her2,50,-0.4092606067551508,50,0.02,4,624
R+D,luminal,50,-0.5003868697656979,50,0.02,1,624
R+P+D,basal,50,-0.5783379445879215,50,0.0,2,624
R+P+D,her2,50,-0.21813897973431776,50,0.02,3,624
R+P+D,luminal,50,-0.48156683800580635,50,0.02,2,624
MOFA+,basal,50,-0.5054582191460999,50,0.0,4,624
MOFA+,her2,50,-0.36001283190272754,50,0.0,1,624
MOFA+,luminal,50,-0.42447621761666204,50,0.0,2,624
R,basal,50,-0.581527986726808,50,0.0,1,625
R,her2,50,-0.40693049021457817,50,0.02,0,625
R,luminal,50,-0.26704244992872034,50,0.02,2,625
R+P,basal,50,-0.6508024398869336,50,0.0,2,625
R+P,her2,50,-0.26584617611003125,50,0.02,0,625
R+P,luminal,50,-0.2728612562377107,50,0.02,2,625
R+D,basal,50,-0.5893230746029938,50,0.0,3,625
R+D,her2,50,-0.6847856871414223,50,0.0,1,625
R+D,luminal,50,-0.3014208347197665,50,0.02,0,625
R+P+D,basal,50,-0.5836150803188002,50,0.0,3,625
R+P+D,her2,50,-0.4378699971889002,50,0.0,1,625
R+P+D,luminal,50,-0.25218554918352604,50,0.02,1,625
MOFA+,basal,50,-0.7399409894194376,50,0.0,3,625
MOFA+,her2,50,-0.5067927857540258,50,0.0,2,625
MOFA+,luminal,50,-0.42447621761666204,50,0.0,2,625
R,basal,50,-0.397108606166905,50,0.0,0,626
R,her2,50,-0.2630775376337512,50,0.0,1,626
R,luminal,50,-0.11543974551440447,50,0.0,2,626
R+P,basal,50,-0.45861783264302713,50,0.0,1,626
R+P,her2,50,-0.19946817888200857,50,0.02,1,626
R+P,luminal,50,-0.1605237815341734,50,0.0,1,626
R+D,basal,50,-0.37233776612776287,50,0.0,1,626
R+D,her2,50,-0.38857850687251266,50,0.02,2,626
R+D,luminal,50,-0.385339708325959,50,0.0,5,626
R+P+D,basal,50,-0.4664980401484581,50,0.0,2,626
R+P+D,her2,50,-0.44899834046507187,50,0.02,2,626
R+P+D,luminal,50,-0.2630873631982632,50,0.0,3,626
MOFA+,basal,50,-0.5178778430235921,50,0.0,2,626
MOFA+,her2,50,-0.31448275361111183,50,0.04,2,626
MOFA+,luminal,50,-0.049338171842283035,50,0.0,3,626
R,basal,50,-0.3254704245604394,50,0.0,1,627
R,her2,50,-0.24769288336709536,50,0.02,0,627
R,luminal,50,-0.2545037731631792,50,0.02,2,627
R+P,basal,50,-0.33761549047062334,50,0.0,1,627
R+P,her2,50,-0.2805928934166376,50,0.02,0,627
R+P,luminal,50,-0.1720944731723219,50,0.02,1,627
R+D,basal,50,-0.5898027736002451,50,0.0,0,627
R+D,her2,50,-0.5240903129551111,50,0.0,1,627
R+D,luminal,50,-0.45242478581992424,50,0.02,1,627
R+P+D,basal,50,-0.43132324783502674,50,0.0,0,627
R+P+D,her2,50,-0.5973265480752414,50,0.02,1,627
R+P+D,luminal,50,-0.30177450327651306,50,0.02,2,627
MOFA+,basal,50,-0.7399409894194376,50,0.0,3,627
MOFA+,her2,50,-0.5067927857540258,50,0.0,2,627
MOFA+,luminal,50,-0.38706270944304655,50,0.0,1,627
R,basal,50,-0.11506456881022396,50,0.0,0,628
R,her2,50,-0.17109977314316813,50,0.0,0,628
R,luminal,50,-0.497571920245191,50,0.02,6,628
R+P,basal,50,-0.15308940558452622,50,0.0,1,628
R+P,her2,50,-0.17610643859318137,50,0.0,1,628
R+P,luminal,50,-0.4845322669467918,50,0.02,0,628
R+D,basal,50,-0.18962149681075807,50,0.0,1,628
R+D,her2,50,-0.5680075186825968,50,0.0,2,628
R+D,luminal,50,-0.4573216036441666,50,0.0,5,628
R+P+D,basal,50,-0.20662404292904862,50,0.0,2,628
R+P+D,her2,50,-0.3719485568369457,50,0.0,0,628
R+P+D,luminal,50,-0.3907488798082763,50,0.0,3,628
MOFA+,basal,50,-0.28982350086081005,50,0.0,2,628
MOFA+,her2,50,-0.40456322390936145,50,0.0,2,628
MOFA+,luminal,50,-0.3952030647717412,50,0.0,5,628
R,basal,50,-0.46873847269851515,50,0.0,0,629
R,her2,50,-0.5165760627769135,50,0.02,3,629
R,luminal,50,-0.12976173878957292,50,0.0,1,629
R+P,basal,50,-0.40496706011742367,50,0.0,3,629
R+P,her2,50,-0.6207932228924276,50,0.0,6,629
R+P,luminal,50,-0.20014816842965769,50,0.0,3,629
R+D,basal,50,-0.5634087923939077,50,0.0,2,629
R+D,her2,50,-0.6041507378552271,50,0.0,7,629
R+D,luminal,50,-0.20849708451990667,50,0.0,2,629
R+P+D,basal,50,-0.438266666845086,50,0.0,3,629
R+P+D,her2,50,-0.6060952423503069,50,0.0,4,629
R+P+D,luminal,50,-0.2303934763547785,50,0.0,2,629
MOFA+,basal,50,-0.7399409894194376,50,0.0,3,629
MOFA+,her2,50,-0.21672749174668915,50,0.0,1,629
MOFA+,luminal,50,-0.049338171842283035,50,0.0,3,629
R,basal,50,-0.30156921846353674,50,0.0,4,630
R,her2,50,-0.20031070676968912,50,0.0,2,630
R,luminal,50,-0.5019266157343111,50,0.0,1,630
R+P,basal,50,-0.15677317411428693,50,0.0,1,630
R+P,her2,50,-0.1875693311831123,50,0.0,1,630
R+P,luminal,50,-0.6103880544616258,50,0.0,1,630
R+D,basal,50,-0.45781196085296755,50,0.0,3,630
R+D,her2,50,-0.3248806078609024,50,0.0,2,630
R+D,luminal,50,-0.4366083708651758,50,0.0,0,630
R+P+D,basal,50,-0.3401774756814329,50,0.0,4,630
R+P+D,her2,50,-0.2738518279576294,50,0.0,1,630
R+P+D,luminal,50,-0.503692147809646,50,0.0,0,630
MOFA+,basal,50,-0.5054582191460999,50,0.0,4,630
MOFA+,her2,50,-0.4928444076680832,50,0.0,5,630
MOFA+,luminal,50,-0.22472778073296432,50,0.0,1,630
R,basal,50,-0.2865120943018413,50,0.0,2,631
R,her2,50,-0.39487781181937587,50,0.0,0,631
R,luminal,50,-0.20504840615718542,50,0.02,2,631
R+P,basal,50,-0.15842879701529541,50,0.0,0,631
R+P,her2,50,-0.3919661368961809,50,0.0,2,631
R+P,luminal,50,-0.315084220745476,50,0.02,2,631
R+D,basal,50,-0.3142569319266928,50,0.0,0,631
R+D,her2,50,-0.46710086885432117,50,0.0,3,631
R+D,luminal,50,-0.3293390334532021,50,0.0,1,631
R+P+D,basal,50,-0.23162100387670687,50,0.0,1,631
R+P+D,her2,50,-0.4453810461528465,50,0.0,1,631
R+P+D,luminal,50,-0.37547504992563163,50,0.0,0,631
MOFA+,basal,50,-0.07330649288426355,50,0.0,0,631
MOFA+,her2,50,-0.7022956727559374,50,0.0,3,631
MOFA+,luminal,50,-0.22472778073296432,50,0.0,1,631
R,basal,50,-0.24433664154440482,50,0.0,0,632
R,her2,50,-0.29180678674846894,50,0.0,0,632
R,luminal,50,-0.07207386773661414,50,0.0,1,632
R+P,basal,50,-0.13043036399333757,50,0.0,2,632
R+P,her2,50,-0.1899516679426435,50,0.0,0,632
R+P,luminal,50,-0.19648302911343657,50,0.0,1,632
R+D,basal,50,-0.36512539991836185,50,0.0,1,632
R+D,her2,50,-0.26865290940921754,50,0.0,2,632
R+D,luminal,50,-0.40243772476003314,50,0.0,3,632
R+P+D,basal,50,-0.321134081751219,50,0.0,1,632
R+P+D,her2,50,-0.27725159623615847,50,0.0,1,632
R+P+D,luminal,50,-0.31887363126854656,50,0.0,3,632
MOFA+,basal,50,-0.21929701202341526,50,0.0,1,632
MOFA+,her2,50,-0.3782726858472879,50,0.0,2,632
MOFA+,luminal,50,-0.08707907674069461,50,0.0,0,632
R,basal,50,-0.517019076168272,50,0.0,3,633
R,her2,50,-0.1784661475714194,50,0.0,0,633
R,luminal,50,-0.35139606198547196,50,0.02,3,633
R+P,basal,50,-0.5484247404437802,50,0.0,2,633
R+P,her2,50,-0.1220170383555558,50,0.0,1,633
R+P,luminal,50,-0.2855947474799556,50,0.02,1,633
R+D,basal,50,-0.48861370527340364,50,0.0,3,633
R+D,her2,50,-0.342084040517698,50,0.0,0,633
R+D,luminal,50,-0.41702190505081155,50,0.0,5,633
R+P+D,basal,50,-0.5673138753534994,50,0.0,2,633
R+P+D,her2,50,-0.22246369594621462,50,0.0,2,633
R+P+D,luminal,50,-0.2669958087436356,50,0.02,4,633
MOFA+,basal,50,-0.3915193340880218,50,0.0,2,633
MOFA+,her2,50,-0.5652605157510739,50,0.0,1,633
MOFA+,luminal,50,-0.3952030647717412,50,0.0,5,633
R,basal,50,-0.5897494472751388,50,0.0,7,634
R,her2,50,-0.21275694164900188,50,0.0,1,634
R,luminal,50,-0.35123925422866586,50,0.0,0,634
R+P,basal,50,-0.49760306796840986,50,0.02,8,634
R+P,her2,50,-0.14519149251618743,50,0.0,1,634
R+P,luminal,50,-0.18913999225267447,50,0.0,0,634
R+D,basal,50,-0.44072474520942,50,0.0,4,634
R+D,her2,50,-0.3179148177405052,50,0.04,3,634
R+D,luminal,50,-0.3199474892253646,50,0.0,0,634
R+P+D,basal,50,-0.40686002356430717,50,0.0,5,634
R+P+D,her2,50,-0.2103012518588136,50,0.02,1,634
R+P+D,luminal,50,-0.23655123918698007,50,0.0,1,634
MOFA+,basal,50,-0.5054582191460999,50,0.0,4,634
MOFA+,her2,50,-0.3930197206468565,50,0.02,2,634
MOFA+,luminal,50,-0.33866773742407064,50,0.0,2,634
R,basal,50,-0.2867725583387804,50,0.0,0,635
R,her2,50,-0.30075421371196415,50,0.0,1,635
R,luminal,50,-0.34752785437510164,50,0.02,3,635
R+P,basal,50,-0.23075938960175027,50,0.0,0,635
R+P,her2,50,-0.29261001680243637,50,0.0,2,635
R+P,luminal,50,-0.34463320707862793,50,0.0,5,635
R+D,basal,50,-0.49524721560359886,50,0.0,1,635
R+D,her2,50,-0.40805974437493403,50,0.0,1,635
R+D,luminal,50,-0.4566595749784941,50,0.0,3,635
R+P+D,basal,50,-0.46201380373588924,50,0.0,0,635
R+P+D,her2,50,-0.4027667221603775,50,0.0,3,635
R+P+D,luminal,50,-0.40520099588572445,50,0.02,4,635
MOFA+,basal,50,-0.4181651333139253,50,0.0,2,635
MOFA+,her2,50,-0.04592504717146089,50,0.0,3,635
MOFA+,luminal,50,-0.32575067826405774,50,0.02,2,635
R,basal,50,-0.24818909861465027,50,0.0,0,636
R,her2,50,-0.4703149776249208,50,0.0,2,636
R,luminal,50,-0.4056979897287602,50,0.0,3,636
R+P,basal,50,-0.11321916879856875,50,0.0,0,636
R+P,her2,50,-0.3788262886395985,50,0.0,1,636
R+P,luminal,50,-0.2793939156522842,50,0.0,2,636
R+D,basal,50,-0.34755912973456377,50,0.0,1,636
R+D,her2,50,-0.45364382934724296,50,0.0,1,636
R+D,luminal,50,-0.4239312016685692,50,0.02,0,636
R+P+D,basal,50,-0.2070094731471096,50,0.0,1,636
R+P+D,her2,50,-0.3804776793821409,50,0.0,0,636
R+P+D,luminal,50,-0.4266899016330737,50,0.0,3,636
MOFA+,basal,50,-0.3915193340880218,50,0.0,2,636
MOFA+,her2,50,-0.7022956727559374,50,0.0,3,636
MOFA+,luminal,50,-0.32524904615232936,50,0.0,1,636
R,basal,50,-0.3899158808619253,50,0.0,0,637
R,her2,50,-0.2402893602734913,50,0.02,1,637
R,luminal,50,-0.14637470382378379,50,0.0,3,637
R+P,basal,50,-0.29886158605128554,50,0.0,1,637
R+P,her2,50,-0.35279983929067604,50,0.02,2,637
R+P,luminal,50,-0.17367151309921558,50,0.0,4,637
R+D,basal,50,-0.4125262572607763,50,0.0,0,637
R+D,her2,50,-0.45073730639871196,50,0.0,0,637
R+D,luminal,50,-0.5535531984229464,50,0.0,5,637
R+P+D,basal,50,-0.2982484983983053,50,0.0,1,637
R+P+D,her2,50,-0.5385839292074343,50,0.0,1,637
R+P+D,luminal,50,-0.219827381060099,50,0.0,4,637
MOFA+,basal,50,-0.3915193340880218,50,0.0,2,637
MOFA+,her2,50,-0.5652605157510739,50,0.0,1,637
MOFA+,luminal,50,-0.4875302239750314,50,0.0,4,637
R,basal,50,-0.225763173440252,50,0.0,1,638
R,her2,50,-0.4591505514790639,50,0.02,10,638
R,luminal,50,-0.385424140821896,50,0.0,0,638
R+P,basal,50,-0.14547527143228622,50,0.0,2,638
R+P,her2,50,-0.4815304234982142,50,0.02,8,638
R+P,luminal,50,-0.2481176587463349,50,0.0,1,638
R+D,basal,50,-0.36581219224254385,50,0.0,1,638
R+D,her2,50,-0.5923247086603994,50,0.0,4,638
R+D,luminal,50,-0.429982161039908,50,0.0,1,638
R+P+D,basal,50,-0.20367416430102506,50,0.0,3,638
R+P+D,her2,50,-0.6062193345302073,50,0.02,5,638
R+P+D,luminal,50,-0.29775347457194035,50,0.0,2,638
MOFA+,basal,50,-0.368276449712905,50,0.02,2,638
MOFA+,her2,50,-0.39835941672586217,50,0.02,5,638
MOFA+,luminal,50,-0.4336475234046903,50,0.0,2,638
R,basal,50,-0.2902893011442439,50,0.0,0,639
R,her2,50,-0.5098740620508885,50,0.02,3,639
R,luminal,50,-0.27687836495214424,50,0.0,0,639
R+P,basal,50,-0.17984426939600884,50,0.0,3,639
R+P,her2,50,-0.33402204156066795,50,0.0,2,639
R+P,luminal,50,-0.1955052709142406,50,0.0,2,639
R+D,basal,50,-0.32944956485734167,50,0.0,2,639
R+D,her2,50,-0.6241151980720975,50,0.0,5,639
R+D,luminal,50,-0.32585416183963156,50,0.0,1,639
R+P+D,basal,50,-0.3013071396800443,50,0.0,5,639
R+P+D,her2,50,-0.4328379491967362,50,0.0,2,639
R+P+D,luminal,50,-0.26221979693276265,50,0.0,0,639
MOFA+,basal,50,-0.07330649288426355,50,0.0,0,639
MOFA+,her2,50,-0.5067927857540258,50,0.0,2,639
MOFA+,luminal,50,-0.4605362947843053,50,0.0,5,639
R,basal,50,-0.39834325990601693,50,0.0,2,640
R,her2,50,-0.18951943634410182,50,0.0,5,640
R,luminal,50,-0.28212173504682836,50,0.0,1,640
R+P,basal,50,-0.29373032864018467,50,0.0,1,640
R+P,her2,50,-0.5373104767418844,50,0.02,5,640
R+P,luminal,50,-0.20405430118942802,50,0.0,0,640
R+D,basal,50,-0.39420583277502763,50,0.0,0,640
R+D,her2,50,-0.36820194106966553,50,0.0,6,640
R+D,luminal,50,-0.3959761010142996,50,0.0,2,640
R+P+D,basal,50,-0.30231267107648646,50,0.0,0,640
R+P+D,her2,50,-0.5271812531362533,50,0.02,5,640
R+P+D,luminal,50,-0.3150412823913935,50,0.0,2,640
MOFA+,basal,50,-0.27447206105048505,50,0.0,1,640
MOFA+,her2,50,-0.39835941672586217,50,0.02,5,640
MOFA+,luminal,50,-0.33866773742407064,50,0.0,2,640
R,basal,50,-0.4601483516514554,50,0.0,3,641
R,her2,50,-0.12081969308490939,50,0.0,2,641
R,luminal,50,-0.32358085183220175,50,0.02,1,641
R+P,basal,50,-0.4206755233465516,50,0.0,1,641
R+P,her2,50,-0.09097532930375751,50,0.0,1,641
R+P,luminal,50,-0.3491582759171845,50,0.02,2,641
R+D,basal,50,-0.43403165019402834,50,0.0,3,641
R+D,her2,50,-0.2461209858688877,50,0.0,2,641
R+D,luminal,50,-0.4335548246368164,50,0.02,0,641
R+P+D,basal,50,-0.40200303226375106,50,0.0,1,641
R+P+D,her2,50,-0.3846627405132819,50,0.0,3,641
R+P+D,luminal,50,-0.4035047118433962,50,0.02,0,641
MOFA+,basal,50,-0.5624526968256038,50,0.0,1,641
MOFA+,her2,50,-0.31448275361111183,50,0.04,2,641
MOFA+,luminal,50,-0.33866773742407064,50,0.0,2,641
R,basal,50,-0.14963997920709843,50,0.0,3,642
R,her2,50,-0.18418611500387352,50,0.0,1,642
R,luminal,50,-0.6126974557996242,50,0.0,5,642
R+P,basal,50,-0.18720628970598,50,0.0,2,642
R+P,her2,50,-0.1445818281614927,50,0.0,0,642
R+P,luminal,50,-0.6794200743679534,50,0.02,6,642
R+D,basal,50,-0.2262616408278428,50,0.0,1,642
R+D,her2,50,-0.24442070354971038,50,0.0,2,642
R+D,luminal,50,-0.5066852373702023,50,0.0,2,642
R+P+D,basal,50,-0.2928379489866505,50,0.0,1,642
R+P+D,her2,50,-0.20363660423606011,50,0.0,2,642
R+P+D,luminal,50,-0.44988919765154,50,0.0,2,642
MOFA+,basal,50,-0.5159430532564055,50,0.0,5,642
MOFA+,her2,50,-0.3930197206468565,50,0.02,2,642
MOFA+,luminal,50,-0.5834359116792033,50,0.0,1,642
R,basal,50,-0.6581309976738282,50,0.02,1,643
R,her2,50,-0.19393485798628254,50,0.0,1,643
R,luminal,50,-0.20536571557857144,50,0.0,1,643
R+P,basal,50,-0.8464749207630337,50,0.02,3,643
R+P,her2,50,-0.25183886199570843,50,0.0,1,643
R+P,luminal,50,-0.1751442810015535,50,0.0,1,643
R+D,basal,50,-0.5393249847926318,50,0.0,3,643
R+D,her2,50,-0.2700944898505054,50,0.0,0,643
R+D,luminal,50,-0.27956407047445525,50,0.02,1,643
R+P+D,basal,50,-0.7177434075924037,50,0.0,5,643
R+P+D,her2,50,-0.25916126416848817,50,0.0,0,643
R+P+D,luminal,50,-0.21825957885297653,50,0.0,3,643
MOFA+,basal,50,-0.5178778430235921,50,0.0,2,643
MOFA+,her2,50,-0.04592504717146089,50,0.0,3,643
MOFA+,luminal,50,-0.4336475234046903,50,0.0,2,643
R,basal,50,-0.26698790503136144,50,0.0,1,644
R,her2,50,-0.3318562852568137,50,0.0,4,644
R,luminal,50,-0.28794098144774155,50,0.0,2,644
R+P,basal,50,-0.2645041611303157,50,0.0,2,644
R+P,her2,50,-0.1976014511008681,50,0.0,1,644
R+P,luminal,50,-0.3436694407885409,50,0.0,3,644
R+D,basal,50,-0.30290653311670157,50,0.0,4,644
R+D,her2,50,-0.46005380691447817,50,0.0,4,644
R+D,luminal,50,-0.5224830854836049,50,0.0,2,644
R+P+D,basal,50,-0.40659930350713686,50,0.0,3,644
R+P+D,her2,50,-0.22509541981686795,50,0.0,2,644
R+P+D,luminal,50,-0.3404361829389619,50,0.0,2,644
MOFA+,basal,50,-0.39079658001654743,50,0.0,5,644
MOFA+,her2,50,-0.5159761307760569,50,0.0,4,644
MOFA+,luminal,50,-0.42447621761666204,50,0.0,2,644
R,basal,50,-0.37133433291060597,50,0.0,2,645
R,her2,50,-0.27361283765915817,50,0.04,5,645
R,luminal,50,-0.5209344229240935,50,0.0,2,645
R+P,basal,50,-0.40716322697662544,50,0.0,2,645
R+P,her2,50,-0.16942824228829992,50,0.02,3,645
R+P,luminal,50,-0.33690181046336903,50,0.0,1,645
R+D,basal,50,-0.4547589075422524,50,0.0,1,645
R+D,her2,50,-0.4479264424461812,50,0.0,2,645
R+D,luminal,50,-0.45769595955047876,50,0.0,2,645
R+P+D,basal,50,-0.3003885050450496,50,0.0,1,645
R+P+D,her2,50,-0.358621649203129,50,0.02,3,645
R+P+D,luminal,50,-0.4492936860638763,50,0.0,2,645
MOFA+,basal,50,-0.3915193340880218,50,0.0,2,645
MOFA+,her2,50,-0.5652605157510739,50,0.0,1,645
MOFA+,luminal,50,-0.33866773742407064,50,0.0,2,645
R,basal,50,-0.21214160931826645,50,0.0,0,646
R,her2,50,-0.33699155590138724,50,0.02,0,646
R,luminal,50,-0.31099346954331497,50,0.02,2,646
R+P,basal,50,-0.13062650244070215,50,0.0,0,646
R+P,her2,50,-0.43041660950418115,50,0.0,1,646
R+P,luminal,50,-0.3013000762813833,50,0.0,2,646
R+D,basal,50,-0.363857211909289,50,0.0,2,646
R+D,her2,50,-0.4342660067884055,50,0.0,2,646
R+D,luminal,50,-0.3697996523545919,50,0.0,1,646
R+P+D,basal,50,-0.3460690336806303,50,0.0,1,646
R+P+D,her2,50,-0.45784743402311984,50,0.0,1,646
R+P+D,luminal,50,-0.39779661437649816,50,0.0,0,646
MOFA+,basal,50,-0.053421368184589986,50,0.0,3,646
MOFA+,her2,50,-0.36001283190272754,50,0.0,1,646
MOFA+,luminal,50,-0.4605362947843053,50,0.0,5,646
R,basal,50,-0.25973332854978604,50,0.0,2,647
R,her2,50,-0.22263105239827485,50,0.02,2,647
R,luminal,50,-0.38100089791597386,50,0.04,2,647
R+P,basal,50,-0.10892108786468203,50,0.0,5,647
R+P,her2,50,-0.27454474318011124,50,0.0,4,647
R+P,luminal,50,-0.30447173716464193,50,0.0,3,647
R+D,basal,50,-0.45937890232233747,50,0.0,3,647
R+D,her2,50,-0.274004543517555,50,0.02,2,647
R+D,luminal,50,-0.4826930491664668,50,0.02,3,647
R+P+D,basal,50,-0.2874607165162555,50,0.0,3,647
R+P+D,her2,50,-0.34808417515247375,50,0.02,4,647
R+P+D,luminal,50,-0.46293102018467197,50,0.0,3,647
MOFA+,basal,50,-0.012019998178718974,50,0.0,4,647
MOFA+,her2,50,-0.3930197206468565,50,0.02,2,647
MOFA+,luminal,50,-0.4108772374338225,50,0.02,1,647
R,basal,50,-0.178309601801103,50,0.0,2,648
R,her2,50,-0.583844478075624,50,0.0,2,648
R,luminal,50,-0.13400157230548485,50,0.0,0,648
R+P,basal,50,-0.2142966592209003,50,0.0,0,648
R+P,her2,50,-0.2522163944511027,50,0.02,2,648
R+P,luminal,50,-0.27374977413257223,50,0.0,0,648
R+D,basal,50,-0.5098060014846709,50,0.0,3,648
R+D,her2,50,-0.5510757636990913,50,0.0,0,648
R+D,luminal,50,-0.3338604315121281,50,0.02,1,648
R+P+D,basal,50,-0.4845831967731495,50,0.0,2,648
R+P+D,her2,50,-0.43777656768384554,50,0.0,1,648
R+P+D,luminal,50,-0.24277976884363497,50,0.0,0,648
MOFA+,basal,50,-0.07330649288426355,50,0.0,0,648
MOFA+,her2,50,-0.3120793521641551,50,0.0,1,648
MOFA+,luminal,50,-0.4108772374338225,50,0.02,1,648
R,basal,50,-0.1467671246282278,50,0.0,1,649
R,her2,50,-0.3488160719139014,50,0.0,1,649
R,luminal,50,-0.2633880070231544,50,0.02,3,649
R+P,basal,50,-0.0409724480866609,50,0.0,0,649
R+P,her2,50,-0.37456340155029877,50,0.0,1,649
R+P,luminal,50,-0.2624861034391317,50,0.02,1,649
R+D,basal,50,-0.5166867454612498,50,0.0,1,649
R+D,her2,50,-0.45666793480711626,50,0.0,2,649
R+D,luminal,50,-0.47620174931548276,50,0.04,2,649
R+P+D,basal,50,-0.46899411935061125,50,0.0,3,649
R+P+D,her2,50,-0.4993672764085805,50,0.0,0,649
R+P+D,luminal,50,-0.43151240776704924,50,0.02,3,649
MOFA+,basal,50,-0.07330649288426355,50,0.0,0,649
MOFA+,her2,50,-0.4928444076680832,50,0.0,5,649
MOFA+,luminal,50,-0.32575067826405774,50,0.02,2,649
R,basal,50,-0.10361709539544671,50,0.0,3,650
R,her2,50,-0.2854710826913533,50,0.0,2,650
R,luminal,50,-0.6563887406970836,50,0.0,4,650
R+P,basal,50,-0.100128681959095,50,0.0,3,650
R+P,her2,50,-0.25520059232040404,50,0.0,1,650
R+P,luminal,50,-0.47607711611183595,50,0.0,2,650
R+D,basal,50,-0.3639661963945191,50,0.0,5,650
R+D,her2,50,-0.25457844213805847,50,0.0,3,650
R+D,luminal,50,-0.6453574461302304,50,0.0,5,650
R+P+D,basal,50,-0.3702504856140881,50,0.0,5,650
R+P+D,her2,50,-0.2740477052319212,50,0.0,2,650
R+P+D,luminal,50,-0.518642830799571,50,0.0,1,650
MOFA+,basal,50,-0.012019998178718974,50,0.0,4,650
MOFA+,her2,50,-0.31448275361111183,50,0.04,2,650
MOFA+,luminal,50,-0.5336617848574897,50,0.0,2,650
R,basal,50,-0.6171997080377399,50,0.02,3,651
R,her2,50,-0.5745756000707046,50,0.0,1,651
R,luminal,50,-0.012353376806193693,50,0.0,1,651
R+P,basal,50,-0.6073314184485814,50,0.02,2,651
R+P,her2,50,-0.29513555360788923,50,0.0,2,651
R+P,luminal,50,-0.020793666469268467,50,0.0,0,651
R+D,basal,50,-0.5841159453164704,50,0.0,2,651
R+D,her2,50,-0.5103469731595277,50,0.02,2,651
R+D,luminal,50,-0.2519173513565607,50,0.0,2,651
R+P+D,basal,50,-0.681770637078718,50,0.0,1,651
R+P+D,her2,50,-0.34661388912689267,50,0.0,4,651
R+P+D,luminal,50,-0.162847645704744,50,0.0,1,651
MOFA+,basal,50,-0.5159430532564055,50,0.0,5,651
MOFA+,her2,50,-0.36001283190272754,50,0.0,1,651
MOFA+,luminal,50,-0.08707907674069461,50,0.0,0,651
R,basal,50,-0.22030047796560573,50,0.0,3,652
R,her2,50,-0.5736139780990004,50,0.02,1,652
R,luminal,50,-0.43240956060771796,50,0.0,4,652
R+P,basal,50,-0.37467517952018986,50,0.0,1,652
R+P,her2,50,-0.4395724598795405,50,0.02,2,652
R+P,luminal,50,-0.1415047304194228,50,0.0,2,652
R+D,basal,50,-0.3917341331960891,50,0.0,3,652
R+D,her2,50,-0.5029470023308145,50,0.0,4,652
R+D,luminal,50,-0.5096881498198763,50,0.0,3,652
R+P+D,basal,50,-0.378445417131037,50,0.0,2,652
R+P+D,her2,50,-0.5416487930920982,50,0.0,4,652
R+P+D,luminal,50,-0.24185039453903712,50,0.0,2,652
MOFA+,basal,50,-0.21929701202341526,50,0.0,1,652
MOFA+,her2,50,-0.3120793521641551,50,0.0,1,652
MOFA+,luminal,50,-0.4605362947843053,50,0.0,5,652
R,basal,50,-0.5483011779608084,50,0.0,5,653
R,her2,50,-0.6244486577286497,50,0.0,7,653
R,luminal,50,-0.2652896067959002,50,0.0,0,653
R+P,basal,50,-0.33897258218910264,50,0.0,1,653
R+P,her2,50,-0.45209172057511443,50,0.0,4,653
R+P,luminal,50,-0.13711388156538773,50,0.0,0,653
R+D,basal,50,-0.5558248925431386,50,0.0,4,653
R+D,her2,50,-0.7025124881527463,50,0.0,6,653
R+D,luminal,50,-0.3033664495100832,50,0.0,0,653
R+P+D,basal,50,-0.4794991992758,50,0.0,2,653
R+P+D,her2,50,-0.475664410855378,50,0.0,3,653
R+P+D,luminal,50,-0.25115494021420753,50,0.0,1,653
MOFA+,basal,50,-0.5463558416948096,50,0.0,3,653
MOFA+,her2,50,-0.7022956727559374,50,0.0,3,653
MOFA+,luminal,50,-0.27498818356268634,50,0.0,1,653
R,basal,50,-0.3300356024363248,50,0.0,2,654
R,her2,50,-0.10418506921843193,50,0.0,1,654
R,luminal,50,-0.4233638381618627,50,0.0,4,654
R+P,basal,50,-0.15101911683610936,50,0.0,5,654
R+P,her2,50,-0.16664687160399808,50,0.0,2,654
R+P,luminal,50,-0.9261796120492132,50,0.0,3,654
R+D,basal,50,-0.44626536570585196,50,0.0,1,654
R+D,her2,50,-0.32374816674240087,50,0.0,3,654
R+D,luminal,50,-0.6613697947119228,50,0.0,4,654
R+P+D,basal,50,-0.28706266957411325,50,0.0,1,654
R+P+D,her2,50,-0.4094383808929074,50,0.0,4,654
R+P+D,luminal,50,-0.6695678110911717,50,0.0,4,654
MOFA+,basal,50,-0.27447206105048505,50,0.0,1,654
MOFA+,her2,50,-0.31448275361111183,50,0.04,2,654
MOFA+,luminal,50,-0.5336617848574897,50,0.0,2,654
R,basal,50,-0.1894677508676269,50,0.0,5,655
R,her2,50,-0.5893663753217453,50,0.0,2,655
R,luminal,50,-0.10525559345326797,50,0.0,0,655
R+P,basal,50,-0.3208333107692129,50,0.0,3,655
R+P,her2,50,-0.37694826289713407,50,0.0,5,655
R+P,luminal,50,-0.32129091191354386,50,0.0,0,655
R+D,basal,50,-0.3753691517632948,50,0.0,4,655
R+D,her2,50,-0.6448557539384354,50,0.02,1,655
R+D,luminal,50,-0.204189559402361,50,0.0,0,655
R+P+D,basal,50,-0.2763740535256354,50,0.0,2,655
R+P+D,her2,50,-0.35281759280357927,50,0.02,1,655
R+P+D,luminal,50,-0.295668724039143,50,0.0,0,655
MOFA+,basal,50,-0.012019998178718974,50,0.0,4,655
MOFA+,her2,50,-0.5159761307760569,50,0.0,4,655
MOFA+,luminal,50,-0.42447621761666204,50,0.0,2,655
R,basal,50,-0.3357421658534818,50,0.0,0,656
R,her2,50,-0.2080774994175127,50,0.0,2,656
R,luminal,50,-0.600683826448965,50,0.0,1,656
R+P,basal,50,-0.184894509441565,50,0.0,1,656
R+P,her2,50,-0.29392004072891753,50,0.0,3,656
R+P,luminal,50,-0.4418118425444637,50,0.0,2,656
R+D,basal,50,-0.4808140966093204,50,0.0,0,656
R+D,her2,50,-0.3963359755292388,50,0.0,1,656
R+D,luminal,50,-0.6869221625011499,50,0.0,3,656
R+P+D,basal,50,-0.33812715332487353,50,0.0,1,656
R+P+D,her2,50,-0.42661405594261353,50,0.02,1,656
R+P+D,luminal,50,-0.48190831627618436,50,0.0,2,656
MOFA+,basal,50,-0.28982350086081005,50,0.0,2,656
MOFA+,her2,50,-0.21672749174668915,50,0.0,1,656
MOFA+,luminal,50,-0.08707907674069461,50,0.0,0,656
R,basal,50,-0.30734411005437673,50,0.0,3,657
R,her2,50,-0.2953227059931221,50,0.02,0,657
R,luminal,50,-0.5905787516234838,50,0.0,2,657
R+P,basal,50,-0.2355107732741028,50,0.0,2,657
R+P,her2,50,-0.14579761912324385,50,0.02,1,657
R+P,luminal,50,-0.7281411689798603,50,0.0,4,657
R+D,basal,50,-0.3922639105547168,50,0.0,2,657
R+D,her2,50,-0.44765960556512074,50,0.02,3,657
R+D,luminal,50,-0.6153965250030065,50,0.0,2,657
R+P+D,basal,50,-0.3075173041819869,50,0.0,3,657
R+P+D,her2,50,-0.256725243085929,50,0.02,1,657
R+P+D,luminal,50,-0.537525456463458,50,0.0,2,657
MOFA+,basal,50,-0.5624526968256038,50,0.0,1,657
MOFA+,her2,50,-0.2768959773562112,50,0.02,1,657
MOFA+,luminal,50,-0.5614016197427435,50,0.0,3,657
R,basal,50,-0.56251695635477,50,0.0,3,658
R,her2,50,-0.23305250991386248,50,0.0,0,658
R,luminal,50,-0.26787083139623064,50,0.0,2,658
R+P,basal,50,-0.44246234509329146,50,0.0,2,658
R+P,her2,50,-0.16929260900586407,50,0.0,1,658
R+P,luminal,50,-0.13586771739352335,50,0.0,2,658
R+D,basal,50,-0.6624739151810476,50,0.0,5,658
R+D,her2,50,-0.48072493084123996,50,0.02,0,658
R+D,luminal,50,-0.23915757030783646,50,0.0,2,658
R+P+D,basal,50,-0.36083996401091967,50,0.0,4,658
R+P+D,her2,50,-0.2657837557518865,50,0.0,1,658
R+P+D,luminal,50,-0.25201479957351497,50,0.0,2,658
MOFA+,basal,50,-0.39079658001654743,50,0.0,5,658
MOFA+,her2,50,-0.4928444076680832,50,0.0,5,658
MOFA+,luminal,50,-0.32179389140566017,50,0.0,2,658
R,basal,50,-0.3469705358647227,50,0.0,1,659
R,her2,50,-0.25677517871833966,50,0.0,2,659
R,luminal,50,-0.22447270914809148,50,0.0,2,659
R+P,basal,50,-0.18613575811615646,50,0.0,1,659
R+P,her2,50,-0.19982033633981597,50,0.0,3,659
R+P,luminal,50,-0.30709642010288357,50,0.02,4,659
R+D,basal,50,-0.4070322470927391,50,0.0,2,659
R+D,her2,50,-0.3084784940713191,50,0.0,1,659
R+D,luminal,50,-0.4392923746155284,50,0.0,5,659
R+P+D,basal,50,-0.3209456686325703,50,0.0,1,659
R+P+D,her2,50,-0.23119323093081157,50,0.0,1,659
R+P+D,luminal,50,-0.4100966366475011,50,0.0,5,659
MOFA+,basal,50,-0.07330649288426355,50,0.0,0,659
MOFA+,her2,50,-0.04592504717146089,50,0.0,3,659
MOFA+,luminal,50,-0.7166178630053172,50,0.0,3,659
R,basal,50,-0.4755963371769985,50,0.0,1,660
R,her2,50,-0.22979138752994438,50,0.0,4,660
R,luminal,50,-0.5938342775790697,50,0.02,2,660
R+P,basal,50,-0.3499268793098363,50,0.0,0,660
R+P,her2,50,-0.11195914491587551,50,0.0,2,660
R+P,luminal,50,-0.5230275066293825,50,0.0,2,660
R+D,basal,50,-0.4321807473954368,50,0.0,0,660
R+D,her2,50,-0.3324313705101219,50,0.0,4,660
R+D,luminal,50,-0.5892358568400268,50,0.0,2,660
R+P+D,basal,50,-0.39005282494966337,50,0.0,0,660
R+P+D,her2,50,-0.33351012839876565,50,0.0,1,660
R+P+D,luminal,50,-0.49638425369455474,50,0.0,3,660
MOFA+,basal,50,-0.27447206105048505,50,0.0,1,660
MOFA+,her2,50,-0.36001283190272754,50,0.0,1,660
MOFA+,luminal,50,-0.5614016197427435,50,0.0,3,660
R,basal,50,-0.5073561567057755,50,0.0,2,661
R,her2,50,-0.2985000288935186,50,0.0,5,661
R,luminal,50,-0.30191814650363424,50,0.0,0,661
R+P,basal,50,-0.5688176878126114,50,0.0,6,661
R+P,her2,50,-0.5053007464354691,50,0.0,8,661
R+P,luminal,50,-0.11039381129614673,50,0.0,1,661
R+D,basal,50,-0.5979442157773951,50,0.0,4,661
R+D,her2,50,-0.38749823930472466,50,0.0,3,661
R+D,luminal,50,-0.3400186665779967,50,0.0,1,661
R+P+D,basal,50,-0.559304431062763,50,0.0,5,661
R+P+D,her2,50,-0.5307903754473902,50,0.0,6,661
R+P+D,luminal,50,-0.16608173293843018,50,0.0,0,661
MOFA+,basal,50,-0.7399409894194376,50,0.0,3,661
MOFA+,her2,50,-0.08379133735789089,50,0.0,0,661
MOFA+,luminal,50,-0.32179389140566017,50,0.0,2,661
R,basal,50,-0.3028480781140052,50,0.0,0,662
R,her2,50,-0.11023979782508489,50,0.0,0,662
R,luminal,50,-0.2984843296222368,50,0.02,3,662
R+P,basal,50,-0.360058415224037,50,0.0,2,662
R+P,her2,50,-0.1684807319993107,50,0.0,2,662
R+P,luminal,50,-0.36387805992494604,50,0.0,1,662
R+D,basal,50,-0.39428720699658826,50,0.0,1,662
R+D,her2,50,-0.15536090222344878,50,0.0,1,662
R+D,luminal,50,-0.48578726781853376,50,0.0,2,662
R+P+D,basal,50,-0.34611555600516325,50,0.0,1,662
R+P+D,her2,50,-0.16783958099127602,50,0.0,2,662
R+P+D,luminal,50,-0.4436280961408553,50,0.0,3,662
MOFA+,basal,50,-0.5054582191460999,50,0.0,4,662
MOFA+,her2,50,-0.40456322390936145,50,0.0,2,662
MOFA+,luminal,50,-0.5336617848574897,50,0.0,2,662
R,basal,50,-0.7514843297036251,50,0.0,5,663
R,her2,50,-0.2610388507891412,50,0.0,1,663
R,luminal,50,-0.15764586128060679,50,0.0,2,663
R+P,basal,50,-0.7118921644137624,50,0.0,5,663
R+P,her2,50,-0.16922630321259105,50,0.0,2,663
R+P,luminal,50,-0.17304534339589714,50,0.0,2,663
R+D,basal,50,-0.460403030475425,50,0.0,5,663
R+D,her2,50,-0.19573897807994578,50,0.0,2,663
R+D,luminal,50,-0.2982370509176632,50,0.0,2,663
R+P+D,basal,50,-0.5392887902952354,50,0.0,2,663
R+P+D,her2,50,-0.23904781824002402,50,0.0,1,663
R+P+D,luminal,50,-0.2854040518242931,50,0.0,3,663
MOFA+,basal,50,-0.5054582191460999,50,0.0,4,663
MOFA+,her2,50,-0.3930197206468565,50,0.02,2,663
MOFA+,luminal,50,-0.4336475234046903,50,0.0,2,663
R,basal,50,-0.3832830844855621,50,0.0,1,664
R,her2,50,-0.4575503487487867,50,0.0,2,664
R,luminal,50,-0.2023641581246816,50,0.04,0,664
R+P,basal,50,-0.20350462591569157,50,0.0,2,664
R+P,her2,50,-0.42115457218598357,50,0.0,2,664
R+P,luminal,50,-0.23832365735914154,50,0.06,3,664
R+D,basal,50,-0.48051716077330264,50,0.0,3,664
R+D,her2,50,-0.49568100053570757,50,0.02,0,664
R+D,luminal,50,-0.4059580051269387,50,0.02,5,664
R+P+D,basal,50,-0.3536882392116575,50,0.0,0,664
R+P+D,her2,50,-0.5483550608632946,50,0.0,1,664
R+P+D,luminal,50,-0.46950810665575804,50,0.02,5,664
MOFA+,basal,50,-0.5463558416948096,50,0.0,3,664
MOFA+,her2,50,-0.5067927857540258,50,0.0,2,664
MOFA+,luminal,50,-0.4605362947843053,50,0.0,5,664
R,basal,50,-0.7562535192319788,50,0.0,4,665
R,her2,50,-0.22171595585334733,50,0.0,0,665
R,luminal,50,-0.11825083031169484,50,0.02,3,665
R+P,basal,50,-0.5416377711128828,50,0.0,3,665
R+P,her2,50,-0.3152254795477001,50,0.02,1,665
R+P,luminal,50,-0.15869509316161287,50,0.02,2,665
R+D,basal,50,-0.48809115348817,50,0.0,3,665
R+D,her2,50,-0.35004766036768026,50,0.0,1,665
R+D,luminal,50,-0.3093580115645838,50,0.0,0,665
R+P+D,basal,50,-0.6516998870958204,50,0.0,4,665
R+P+D,her2,50,-0.34328231810258814,50,0.0,0,665
R+P+D,luminal,50,-0.23297408581646153,50,0.0,0,665
MOFA+,basal,50,-0.368276449712905,50,0.02,2,665
MOFA+,her2,50,-0.5652605157510739,50,0.0,1,665
MOFA+,luminal,50,-0.32179389140566017,50,0.0,2,665
R,basal,50,-0.3811212381807767,50,0.0,2,666
R,her2,50,-0.2739638546051237,50,0.0,2,666
R,luminal,50,-0.35706573236648664,50,0.0,3,666
R+P,basal,50,-0.2000075719091622,50,0.0,1,666
R+P,her2,50,-0.38528468455804665,50,0.0,1,666
R+P,luminal,50,-0.3932334274842614,50,0.0,3,666
R+D,basal,50,-0.4042448704811764,50,0.0,1,666
R+D,her2,50,-0.4726857682027357,50,0.02,2,666
R+D,luminal,50,-0.5879038655458545,50,0.0,8,666
R+P+D,basal,50,-0.3450671557850747,50,0.0,0,666
R+P+D,her2,50,-0.544560205563874,50,0.02,2,666
R+P+D,luminal,50,-0.39001352346576135,50,0.0,5,666
MOFA+,basal,50,-0.27447206105048505,50,0.0,1,666
MOFA+,her2,50,-0.4928444076680832,50,0.0,5,666
MOFA+,luminal,50,-0.33866773742407064,50,0.0,2,666
R,basal,50,-0.11916053965978715,50,0.0,2,667
R,her2,50,-0.41084988386100785,50,0.0,0,667
R,luminal,50,-0.6384069164079282,50,0.02,3,667
R+P,basal,50,-0.05929883100376139,50,0.0,3,667
R+P,her2,50,-0.19473790219005657,50,0.0,2,667
R+P,luminal,50,-0.5611955194327606,50,0.0,0,667
R+D,basal,50,-0.32500240554942184,50,0.0,4,667
R+D,her2,50,-0.5868886212487119,50,0.0,3,667
R+D,luminal,50,-0.5304684173217161,50,0.0,1,667
R+P+D,basal,50,-0.20540511994163047,50,0.0,2,667
R+P+D,her2,50,-0.3198786612282573,50,0.02,3,667
R+P+D,luminal,50,-0.44338662716950467,50,0.0,0,667
MOFA+,basal,50,-0.07330649288426355,50,0.0,0,667
MOFA+,her2,50,-0.5067927857540258,50,0.0,2,667
MOFA+,luminal,50,-0.3952030647717412,50,0.0,5,667
R,basal,50,-0.09081112988738743,50,0.0,0,668
R,her2,50,-0.4265856001338753,50,0.0,4,668
R,luminal,50,-0.3823339008646977,50,0.0,1,668
R+P,basal,50,-0.09867459508957607,50,0.0,1,668
R+P,her2,50,-0.2768487959779879,50,0.0,2,668
R+P,luminal,50,-0.40701049819242263,50,0.0,3,668
R+D,basal,50,-0.25612547612212766,50,0.0,1,668
R+D,her2,50,-0.46183898848160077,50,0.0,3,668
R+D,luminal,50,-0.5263206843078753,50,0.0,3,668
R+P+D,basal,50,-0.4655288326156264,50,0.0,4,668
R+P+D,her2,50,-0.3319298207263731,50,0.0,2,668
R+P+D,luminal,50,-0.4540671528788331,50,0.0,2,668
MOFA+,basal,50,-0.27447206105048505,50,0.0,1,668
MOFA+,her2,50,-0.01313290143070867,50,0.0,4,668
MOFA+,luminal,50,-0.38706270944304655,50,0.0,1,668
R,basal,50,-0.2721238740108416,50,0.0,0,669
R,her2,50,-0.1549738730963346,50,0.0,0,669
R,luminal,50,-0.3383444346058754,50,0.0,4,669
R+P,basal,50,-0.22289581617223114,50,0.0,4,669
R+P,her2,50,-0.05900970231751602,50,0.0,2,669
R+P,luminal,50,-0.42338030794246023,50,0.0,4,669
R+D,basal,50,-0.4178425204968131,50,0.0,5,669
R+D,her2,50,-0.34856184982665744,50,0.0,2,669
R+D,luminal,50,-0.4408155468795824,50,0.0,4,669
R+P+D,basal,50,-0.2299708501283806,50,0.0,4,669
R+P+D,her2,50,-0.2767830733604247,50,0.0,2,669
R+P+D,luminal,50,-0.4800403918329158,50,0.02,4,669
MOFA+,basal,50,-0.28769486971114927,50,0.0,2,669
MOFA+,her2,50,-0.01313290143070867,50,0.0,4,669
MOFA+,luminal,50,-0.4108772374338225,50,0.02,1,669
R,basal,50,-0.1678798076838116,50,0.0,1,670
R,her2,50,-0.35763457752383127,50,0.0,2,670
R,luminal,50,-0.3119637355409034,50,0.0,4,670
R+P,basal,50,-0.10861243782186253,50,0.0,1,670
R+P,her2,50,-0.36897103564686445,50,0.02,3,670
R+P,luminal,50,-0.4598054227859325,50,0.0,5,670
R+D,basal,50,-0.3281464616644669,50,0.0,0,670
R+D,her2,50,-0.48472045657940777,50,0.0,0,670
R+D,luminal,50,-0.35697456869080474,50,0.0,2,670
R+P+D,basal,50,-0.18887347091771178,50,0.0,0,670
R+P+D,her2,50,-0.40602653750437234,50,0.02,3,670
R+P+D,luminal,50,-0.4618574861246131,50,0.0,3,670
MOFA+,basal,50,-0.3915193340880218,50,0.0,2,670
MOFA+,her2,50,-0.5491719546595314,50,0.0,3,670
MOFA+,luminal,50,-0.22472778073296432,50,0.0,1,670
R,basal,50,-0.5097868679716178,50,0.0,3,671
R,her2,50,-0.42515647160949166,50,0.0,4,671
R,luminal,50,-0.19316407920630027,50,0.0,1,671
R+P,basal,50,-0.4115991572821911,50,0.0,2,671
R+P,her2,50,-0.2684679484549056,50,0.02,1,671
R+P,luminal,50,-0.1700109675584728,50,0.0,4,671
R+D,basal,50,-0.4537276216291095,50,0.0,1,671
R+D,her2,50,-0.6433010206751049,50,0.04,4,671
R+D,luminal,50,-0.3719745855511706,50,0.0,3,671
R+P+D,basal,50,-0.45793297266734934,50,0.0,1,671
R+P+D,her2,50,-0.5123902602225673,50,0.04,2,671
R+P+D,luminal,50,-0.24809787013136408,50,0.0,4,671
MOFA+,basal,50,-0.07330649288426355,50,0.0,0,671
MOFA+,her2,50,-0.4928444076680832,50,0.0,5,671
MOFA+,luminal,50,-0.38706270944304655,50,0.0,1,671
R,basal,50,-0.4244926280704966,50,0.0,0,672
R,her2,50,-0.4330390292639432,50,0.0,0,672
R,luminal,50,-0.1851404235313615,50,0.0,2,672
R+P,basal,50,-0.4812658298107623,50,0.0,2,672
R+P,her2,50,-0.14355312542728482,50,0.0,0,672
R+P,luminal,50,-0.2121596628238131,50,0.0,2,672
R+D,basal,50,-0.45391135698399127,50,0.0,2,672
R+D,her2,50,-0.5354833345029754,50,0.0,0,672
R+D,luminal,50,-0.34523088930625057,50,0.0,2,672
R+P+D,basal,50,-0.5580211578019509,50,0.0,3,672
R+P+D,her2,50,-0.38927102755372084,50,0.0,0,672
R+P+D,luminal,50,-0.33897158916221753,50,0.0,0,672
MOFA+,basal,50,-0.5178778430235921,50,0.0,2,672
MOFA+,her2,50,-0.40456322390936145,50,0.0,2,672
MOFA+,luminal,50,-0.3952030647717412,50,0.0,5,672
R,basal,50,-0.24029307758069712,50,0.0,1,673
R,her2,50,-0.4032174077051161,50,0.0,1,673
R,luminal,50,-0.4647768789242575,50,0.0,2,673
R+P,basal,50,-0.2962782643432764,50,0.0,1,673
R+P,her2,50,-0.20007948887820884,50,0.0,1,673
R+P,luminal,50,-0.6598415193598249,50,0.0,2,673
R+D,basal,50,-0.260985072306177,50,0.0,1,673
R+D,her2,50,-0.5203271836374079,50,0.0,4,673
R+D,luminal,50,-0.538878375347183,50,0.02,5,673
R+P+D,basal,50,-0.39051576396691057,50,0.0,1,673
R+P+D,her2,50,-0.35308474263582296,50,0.0,2,673
R+P+D,luminal,50,-0.5397764866987761,50,0.02,2,673
MOFA+,basal,50,-0.3915193340880218,50,0.0,2,673
MOFA+,her2,50,-0.5491719546595314,50,0.0,3,673
MOFA+,luminal,50,-0.014035583308286484,50,0.0,4,673
R,basal,50,-0.6745317298793055,50,0.0,5,674
R,her2,50,-0.13530767758790696,50,0.0,1,674
R,luminal,50,-0.2194495714641464,50,0.0,1,674
R+P,basal,50,-0.4275718584963559,50,0.0,2,674
R+P,her2,50,-0.16997044372204861,50,0.0,2,674
R+P,luminal,50,-0.16702683975173765,50,0.02,4,674
R+D,basal,50,-0.6086556632798934,50,0.0,5,674
R+D,her2,50,-0.47199510510285864,50,0.0,0,674
R+D,luminal,50,-0.3494704646962336,50,0.0,0,674
R+P+D,basal,50,-0.5722625099873114,50,0.0,2,674
R+P+D,her2,50,-0.4113811275160169,50,0.0,0,674
R+P+D,luminal,50,-0.2562015952059277,50,0.0,0,674
MOFA+,basal,50,-0.5054582191460999,50,0.0,4,674
MOFA+,her2,50,-0.01313290143070867,50,0.0,4,674
MOFA+,luminal,50,-0.42447621761666204,50,0.0,2,674
R,basal,50,-0.38991780719845187,50,0.0,3,675
R,her2,50,-0.23174331604930687,50,0.0,2,675
R,luminal,50,-0.25609296830302297,50,0.0,0,675
R+P,basal,50,-0.4068169829340838,50,0.0,3,675
R+P,her2,50,-0.06023184889652595,50,0.0,1,675
R+P,luminal,50,-0.2623520635164722,50,0.0,1,675
R+D,basal,50,-0.4909359147182096,50,0.0,4,675
R+D,her2,50,-0.2965879182121929,50,0.0,6,675
R+D,luminal,50,-0.42344580515268804,50,0.0,0,675
R+P+D,basal,50,-0.5508185914424402,50,0.0,3,675
R+P+D,her2,50,-0.2191453080687228,50,0.0,2,675
R+P+D,luminal,50,-0.3561923371317256,50,0.0,1,675
MOFA+,basal,50,-0.7399409894194376,50,0.0,3,675
MOFA+,her2,50,-0.01313290143070867,50,0.0,4,675
MOFA+,luminal,50,-0.5336617848574897,50,0.0,2,675
R,basal,50,-0.1921447103674491,50,0.0,1,676
R,her2,50,-0.5220764699048027,50,0.0,5,676
R,luminal,50,-0.2614360319058804,50,0.02,1,676
R+P,basal,50,-0.09695771117741993,50,0.0,0,676
R+P,her2,50,-0.24371413465491326,50,0.0,2,676
R+P,luminal,50,-0.42082555827235496,50,0.02,0,676
R+D,basal,50,-0.33529329026032906,50,0.0,2,676
R+D,her2,50,-0.4822693723815079,50,0.0,1,676
R+D,luminal,50,-0.3270150813228592,50,0.0,2,676
R+P+D,basal,50,-0.24559451760071271,50,0.0,0,676
R+P+D,her2,50,-0.17587654796562383,50,0.0,1,676
R+P+D,luminal,50,-0.44741080191264265,50,0.02,1,676
MOFA+,basal,50,-0.3212467034974735,50,0.0,1,676
MOFA+,her2,50,-0.5067927857540258,50,0.0,2,676
MOFA+,luminal,50,-0.7166178630053172,50,0.0,3,676
R,basal,50,-0.5239392343470284,50,0.0,1,677
R,her2,50,-0.3416776588151883,50,0.0,4,677
R,luminal,50,-0.352637289844581,50,0.02,1,677
R+P,basal,50,-0.49341361401425643,50,0.0,2,677
R+P,her2,50,-0.35028490066241025,50,0.02,1,677
R+P,luminal,50,-0.27924856424547706,50,0.0,1,677
R+D,basal,50,-0.45012219725083474,50,0.0,0,677
R+D,her2,50,-0.2906328274484235,50,0.0,2,677
R+D,luminal,50,-0.41434569025514884,50,0.0,0,677
R+P+D,basal,50,-0.4366972714211168,50,0.0,2,677
R+P+D,her2,50,-0.3857865045946238,50,0.0,3,677
R+P+D,luminal,50,-0.3831656048211409,50,0.0,1,677
MOFA+,basal,50,-0.5054582191460999,50,0.0,4,677
MOFA+,her2,50,-0.7022956727559374,50,0.0,3,677
MOFA+,luminal,50,-0.42447621761666204,50,0.0,2,677
R,basal,50,-0.43532513342614576,50,0.0,1,678
R,her2,50,-0.0989560910795826,50,0.0,0,678
R,luminal,50,-0.3332328457123488,50,0.02,4,678
R+P,basal,50,-0.6590431731839428,50,0.0,2,678
R+P,her2,50,-0.1381521012451071,50,0.0,0,678
R+P,luminal,50,-0.15567929310125858,50,0.0,2,678
R+D,basal,50,-0.5196202073420815,50,0.0,2,678
R+D,her2,50,-0.6151714909026071,50,0.0,4,678
R+D,luminal,50,-0.42774891109050167,50,0.0,4,678
R+P+D,basal,50,-0.5883491059486179,50,0.0,3,678
R+P+D,her2,50,-0.3584229519348199,50,0.0,1,678
R+P+D,luminal,50,-0.35710572608721397,50,0.0,4,678
MOFA+,basal,50,-0.7399409894194376,50,0.0,3,678
MOFA+,her2,50,-0.04592504717146089,50,0.0,3,678
MOFA+,luminal,50,-0.32575067826405774,50,0.02,2,678
R,basal,50,-0.5016035385452204,50,0.0,5,679
R,her2,50,-0.27552779317144876,50,0.0,2,679
R,luminal,50,-0.2502176829577412,50,0.0,2,679
R+P,basal,50,-0.5916377770129436,50,0.0,3,679
R+P,her2,50,-0.11953872236955093,50,0.0,0,679
R+P,luminal,50,-0.18549847414862083,50,0.0,2,679
R+D,basal,50,-0.5363446605012475,50,0.0,3,679
R+D,her2,50,-0.4690674052036677,50,0.0,1,679
R+D,luminal,50,-0.44352511113738613,50,0.04,2,679
R+P+D,basal,50,-0.5964240611172253,50,0.0,4,679
R+P+D,her2,50,-0.2650273813878576,50,0.0,1,679
R+P+D,luminal,50,-0.295758092187589,50,0.02,2,679
MOFA+,basal,50,-0.7399409894194376,50,0.0,3,679
MOFA+,her2,50,-0.3120793521641551,50,0.0,1,679
MOFA+,luminal,50,-0.08707907674069461,50,0.0,0,679
R,basal,50,-0.6124400695447524,50,0.0,2,680
R,her2,50,-0.31140428077772975,50,0.02,1,680
R,luminal,50,-0.3209575492305111,50,0.0,2,680
R+P,basal,50,-0.30135201632914066,50,0.0,0,680
R+P,her2,50,-0.2047724956688683,50,0.02,1,680
R+P,luminal,50,-0.48898729384987766,50,0.0,2,680
R+D,basal,50,-0.5411549933040445,50,0.0,1,680
R+D,her2,50,-0.48570285990302026,50,0.04,5,680
R+D,luminal,50,-0.3040368155786707,50,0.0,1,680
R+P+D,basal,50,-0.4778014049031521,50,0.0,0,680
R+P+D,her2,50,-0.42741451474401315,50,0.04,5,680
R+P+D,luminal,50,-0.3718937730940292,50,0.0,1,680
MOFA+,basal,50,-0.3212467034974735,50,0.0,1,680
MOFA+,her2,50,-0.30258820694702326,50,0.02,2,680
MOFA+,luminal,50,-0.4605362947843053,50,0.0,5,680
R,basal,50,-0.45223746768619527,50,0.0,1,681
R,her2,50,-0.17687348876050055,50,0.02,4,681
R,luminal,50,-0.24057796831164896,50,0.02,4,681
R+P,basal,50,-0.7118147543389515,50,0.0,3,681
R+P,her2,50,-0.04855864590984014,50,0.0,2,681
R+P,luminal,50,-0.17910709954838663,50,0.02,3,681
R+D,basal,50,-0.550947185517391,50,0.0,1,681
R+D,her2,50,-0.34695584032157883,50,0.02,3,681
R+D,luminal,50,-0.3986209153549916,50,0.0,4,681
R+P+D,basal,50,-0.6993986309587104,50,0.0,2,681
R+P+D,her2,50,-0.37057362791381687,50,0.04,5,681
R+P+D,luminal,50,-0.29184734187811984,50,0.0,1,681
MOFA+,basal,50,-0.3212467034974735,50,0.0,1,681
MOFA+,her2,50,-0.01313290143070867,50,0.0,4,681
MOFA+,luminal,50,-0.38706270944304655,50,0.0,1,681
R,basal,50,-0.1703928473442258,50,0.0,1,682
R,her2,50,-0.2624214052378903,50,0.0,5,682
R,luminal,50,-0.345857742824513,50,0.0,1,682
R+P,basal,50,-0.2145146514513634,50,0.0,2,682
R+P,her2,50,-0.3026268937441979,50,0.0,2,682
R+P,luminal,50,-0.2889787780838726,50,0.0,2,682
R+D,basal,50,-0.2989503577096834,50,0.0,2,682
R+D,her2,50,-0.45506556771417467,50,0.0,6,682
R+D,luminal,50,-0.511398221690645,50,0.0,3,682
R+P+D,basal,50,-0.358180475279817,50,0.0,3,682
R+P+D,her2,50,-0.3917724337581322,50,0.0,3,682
R+P+D,luminal,50,-0.466901886975938,50,0.0,3,682
MOFA+,basal,50,-0.5624526968256038,50,0.0,1,682
MOFA+,her2,50,-0.3120793521641551,50,0.0,1,682
MOFA+,luminal,50,-0.4605362947843053,50,0.0,5,682
R,basal,50,-0.5548139016840703,50,0.0,0,683
R,her2,50,-0.5229182525784426,50,0.0,1,683
R,luminal,50,-0.20227053838978826,50,0.0,0,683
R+P,basal,50,-0.43127465157172545,50,0.0,3,683
R+P,her2,50,-0.4071944076681052,50,0.0,3,683
R+P,luminal,50,-0.21483415767291486,50,0.0,1,683
R+D,basal,50,-0.5448970641131998,50,0.0,4,683
R+D,her2,50,-0.5119114859478228,50,0.0,4,683
R+D,luminal,50,-0.34828723436645526,50,0.04,0,683
R+P+D,basal,50,-0.3904215525889554,50,0.0,1,683
R+P+D,her2,50,-0.4877679462765753,50,0.0,3,683
R+P+D,luminal,50,-0.37024626370006614,50,0.04,0,683
MOFA+,basal,50,-0.5054582191460999,50,0.0,4,683
MOFA+,her2,50,-0.5067927857540258,50,0.0,2,683
MOFA+,luminal,50,-0.32575067826405774,50,0.02,2,683
R,basal,50,-0.22256528859592833,50,0.0,2,684
R,her2,50,-0.3470642683967091,50,0.0,7,684
R,luminal,50,-0.2182532031828716,50,0.0,2,684
R+P,basal,50,-0.19715525527567038,50,0.0,3,684
R+P,her2,50,-0.3539405884641582,50,0.0,5,684
R+P,luminal,50,-0.2107217284439025,50,0.02,2,684
R+D,basal,50,-0.3356911276984962,50,0.0,3,684
R+D,her2,50,-0.5799059264787322,50,0.0,3,684
R+D,luminal,50,-0.4005940822809364,50,0.0,2,684
R+P+D,basal,50,-0.19067511561198988,50,0.0,3,684
R+P+D,her2,50,-0.3298949217212557,50,0.0,2,684
R+P+D,luminal,50,-0.3461333689859954,50,0.0,2,684
MOFA+,basal,50,-0.012019998178718974,50,0.0,4,684
MOFA+,her2,50,-0.3120793521641551,50,0.0,1,684
MOFA+,luminal,50,-0.42447621761666204,50,0.0,2,684
R,basal,50,-0.23516408760263477,50,0.0,3,685
R,her2,50,-0.3478187800241796,50,0.0,3,685
R,luminal,50,-0.29178031277465766,50,0.02,2,685
R+P,basal,50,-0.30564092494259165,50,0.0,2,685
R+P,her2,50,-0.268974594241592,50,0.0,3,685
R+P,luminal,50,-0.2332658808644223,50,0.0,1,685
R+D,basal,50,-0.4380677460304346,50,0.0,2,685
R+D,her2,50,-0.4725965735691345,50,0.02,2,685
R+D,luminal,50,-0.3503791697116002,50,0.0,3,685
R+P+D,basal,50,-0.467383139201871,50,0.0,1,685
R+P+D,her2,50,-0.5104822174613926,50,0.02,4,685
R+P+D,luminal,50,-0.3055639215520699,50,0.0,3,685
MOFA+,basal,50,-0.5463558416948096,50,0.0,3,685
MOFA+,her2,50,-0.4928444076680832,50,0.0,5,685
MOFA+,luminal,50,-0.7166178630053172,50,0.0,3,685
R,basal,50,-0.3697448164914476,50,0.0,3,686
R,her2,50,-0.4637836157909433,50,0.0,1,686
R,luminal,50,-0.20723902288801008,50,0.0,4,686
R+P,basal,50,-0.21413510160770882,50,0.0,1,686
R+P,her2,50,-0.509038099364484,50,0.0,3,686
R+P,luminal,50,-0.2340098344706924,50,0.0,3,686
R+D,basal,50,-0.4545672564966269,50,0.0,2,686
R+D,her2,50,-0.4680076958096058,50,0.0,2,686
R+D,luminal,50,-0.6677504665929582,50,0.0,7,686
R+P+D,basal,50,-0.34899485874813607,50,0.0,2,686
R+P+D,her2,50,-0.5452754199092934,50,0.0,4,686
R+P+D,luminal,50,-0.3948333191921033,50,0.0,3,686
MOFA+,basal,50,-0.5054582191460999,50,0.0,4,686
MOFA+,her2,50,-0.3930197206468565,50,0.02,2,686
MOFA+,luminal,50,-0.049338171842283035,50,0.0,3,686
R,basal,50,-0.3456407215447001,50,0.0,3,687
R,her2,50,-0.24484592765358212,50,0.02,2,687
R,luminal,50,-0.5991128040825827,50,0.02,2,687
R+P,basal,50,-0.1883007234522208,50,0.02,2,687
R+P,her2,50,-0.149164813424186,50,0.04,3,687
R+P,luminal,50,-0.6243909270957742,50,0.04,2,687
R+D,basal,50,-0.3121051021358702,50,0.0,4,687
R+D,her2,50,-0.3307581224705399,50,0.04,3,687
R+D,luminal,50,-0.5248942191475131,50,0.0,3,687
R+P+D,basal,50,-0.25402288381528004,50,0.0,1,687
R+P+D,her2,50,-0.23176152146183773,50,0.02,1,687
R+P+D,luminal,50,-0.6484541904111498,50,0.02,2,687
MOFA+,basal,50,-0.5159430532564055,50,0.0,5,687
MOFA+,her2,50,-0.31448275361111183,50,0.04,2,687
MOFA+,luminal,50,-0.7166178630053172,50,0.0,3,687
R,basal,50,-0.3174405582499555,50,0.0,0,688
R,her2,50,-0.2501686995359119,50,0.0,2,688
R,luminal,50,-0.32325098433214705,50,0.0,0,688
R+P,basal,50,-0.21137070192930696,50,0.0,1,688
R+P,her2,50,-0.2726525869518987,50,0.0,4,688
R+P,luminal,50,-0.344571157844871,50,0.0,0,688
R+D,basal,50,-0.370238595219009,50,0.0,2,688
R+D,her2,50,-0.47898795469434985,50,0.02,5,688
R+D,luminal,50,-0.5139451180752843,50,0.0,2,688
R+P+D,basal,50,-0.4140259884387889,50,0.0,4,688
R+P+D,her2,50,-0.4838258024330787,50,0.02,6,688
R+P+D,luminal,50,-0.34053895455814076,50,0.02,1,688
MOFA+,basal,50,-0.4181651333139253,50,0.0,2,688
MOFA+,her2,50,-0.4928444076680832,50,0.0,5,688
MOFA+,luminal,50,-0.38706270944304655,50,0.0,1,688
R,basal,50,-0.2565374015380764,50,0.0,0,689
R,her2,50,-0.3757670485070004,50,0.0,3,689
R,luminal,50,-0.2979209999650175,50,0.0,1,689
R+P,basal,50,-0.22816155706885968,50,0.0,1,689
R+P,her2,50,-0.38722134116367285,50,0.0,2,689
R+P,luminal,50,-0.4117208590557187,50,0.0,2,689
R+D,basal,50,-0.3632816011006539,50,0.0,0,689
R+D,her2,50,-0.33309766888573855,50,0.0,1,689
R+D,luminal,50,-0.4460516306303797,50,0.0,2,689
R+P+D,basal,50,-0.19707950777965472,50,0.0,1,689
R+P+D,her2,50,-0.3827867073241225,50,0.0,1,689
R+P+D,luminal,50,-0.5153605776022794,50,0.0,2,689
MOFA+,basal,50,-0.368276449712905,50,0.02,2,689
MOFA+,her2,50,-0.36001283190272754,50,0.0,1,689
MOFA+,luminal,50,-0.5834359116792033,50,0.0,1,689
R,basal,50,-0.528766128988416,50,0.0,2,690
R,her2,50,-0.27551013430771554,50,0.02,2,690
R,luminal,50,-0.1657404677359222,50,0.0,1,690
R+P,basal,50,-0.31021627509347377,50,0.0,3,690
R+P,her2,50,-0.139602749826206,50,0.02,1,690
R+P,luminal,50,-0.14034910423626867,50,0.0,2,690
R+D,basal,50,-0.5312584606949673,50,0.0,3,690
R+D,her2,50,-0.29635985266231096,50,0.0,0,690
R+D,luminal,50,-0.3776773849905717,50,0.0,3,690
R+P+D,basal,50,-0.4656162045328106,50,0.0,1,690
R+P+D,her2,50,-0.22735527734078567,50,0.0,1,690
R+P+D,luminal,50,-0.22856051731313404,50,0.0,2,690
MOFA+,basal,50,-0.5463558416948096,50,0.0,3,690
MOFA+,her2,50,-0.40456322390936145,50,0.0,2,690
MOFA+,luminal,50,-0.27498818356268634,50,0.0,1,690
R,basal,50,-0.41609353173283803,50,0.0,0,691
R,her2,50,-0.49538745551745555,50,0.0,1,691
R,luminal,50,-0.21895099641122417,50,0.0,1,691
R+P,basal,50,-0.5152722646756995,50,0.0,0,691
R+P,her2,50,-0.5127821536895067,50,0.02,1,691
R+P,luminal,50,-0.15542477324285067,50,0.0,1,691
R+D,basal,50,-0.4981307781413385,50,0.0,0,691
R+D,her2,50,-0.5728266659918303,50,0.0,1,691
R+D,luminal,50,-0.3926544378220385,50,0.0,4,691
R+P+D,basal,50,-0.5388317407417901,50,0.0,0,691
R+P+D,her2,50,-0.5056140461824722,50,0.0,0,691
R+P+D,luminal,50,-0.200718012230058,50,0.0,3,691
MOFA+,basal,50,-0.27447206105048505,50,0.0,1,691
MOFA+,her2,50,-0.7022956727559374,50,0.0,3,691
MOFA+,luminal,50,-0.33866773742407064,50,0.0,2,691
R,basal,50,-0.10710148893516715,50,0.0,2,692
R,her2,50,-0.47940207318444,50,0.0,2,692
R,luminal,50,-0.3380196516927134,50,0.0,1,692
R+P,basal,50,-0.1185872025730529,50,0.0,1,692
R+P,her2,50,-0.5129111331912398,50,0.0,3,692
R+P,luminal,50,-0.3495909000401802,50,0.0,0,692
R+D,basal,50,-0.2897565893730252,50,0.0,1,692
R+D,her2,50,-0.4875216022038726,50,0.0,4,692
R+D,luminal,50,-0.34704321536947047,50,0.0,1,692
R+P+D,basal,50,-0.3288416481457178,50,0.0,0,692
R+P+D,her2,50,-0.653232413593475,50,0.0,4,692
R+P+D,luminal,50,-0.40655117977351685,50,0.0,1,692
MOFA+,basal,50,-0.07330649288426355,50,0.0,0,692
MOFA+,her2,50,-0.30258820694702326,50,0.02,2,692
MOFA+,luminal,50,-0.4336475234046903,50,0.0,2,692
R,basal,50,-0.22761819129921926,50,0.0,0,693
R,her2,50,-0.22684938856380413,50,0.02,6,693
R,luminal,50,-0.5874756095291875,50,0.02,1,693
R+P,basal,50,-0.07990500965745173,50,0.0,2,693
R+P,her2,50,-0.39258090903800613,50,0.02,4,693
R+P,luminal,50,-0.44264653671377296,50,0.02,3,693
R+D,basal,50,-0.3167397889807372,50,0.0,1,693
R+D,her2,50,-0.37120352063426665,50,0.02,4,693
R+D,luminal,50,-0.5624390330550026,50,0.0,1,693
R+P+D,basal,50,-0.23033399446045258,50,0.0,2,693
R+P+D,her2,50,-0.3934433593968364,50,0.02,3,693
R+P+D,luminal,50,-0.3703429410817348,50,0.0,0,693
MOFA+,basal,50,-0.4181651333139253,50,0.0,2,693
MOFA+,her2,50,-0.39835941672586217,50,0.02,5,693
MOFA+,luminal,50,-0.5336617848574897,50,0.0,2,693
R,basal,50,-0.5025703477913278,50,0.0,2,694
R,her2,50,-0.3538968753750731,50,0.0,2,694
R,luminal,50,-0.13910222838286157,50,0.0,3,694
R+P,basal,50,-0.2969736132374754,50,0.0,2,694
R+P,her2,50,-0.0750401689830875,50,0.0,2,694
R+P,luminal,50,-0.07839796555344827,50,0.0,2,694
R+D,basal,50,-0.7136143199660296,50,0.0,4,694
R+D,her2,50,-0.4424392286932667,50,0.0,1,694
R+D,luminal,50,-0.35362317045823954,50,0.02,2,694
R+P+D,basal,50,-0.3160172180903029,50,0.0,1,694
R+P+D,her2,50,-0.30942818015857515,50,0.0,1,694
R+P+D,luminal,50,-0.31272331006305015,50,0.0,1,694
MOFA+,basal,50,-0.053421368184589986,50,0.0,3,694
MOFA+,her2,50,-0.01313290143070867,50,0.0,4,694
MOFA+,luminal,50,-0.27498818356268634,50,0.0,1,694
R,basal,50,-0.4415077513069248,50,0.0,0,695
R,her2,50,-0.6051714758904556,50,0.0,1,695
R,luminal,50,-0.10897187420845585,50,0.0,2,695
R+P,basal,50,-0.27377720040329684,50,0.0,1,695
R+P,her2,50,-0.5526201706120759,50,0.02,3,695
R+P,luminal,50,-0.1510504698306576,50,0.0,0,695
R+D,basal,50,-0.43248596748960233,50,0.0,1,695
R+D,her2,50,-0.6546709430630999,50,0.0,2,695
R+D,luminal,50,-0.32747194673455726,50,0.0,2,695
R+P+D,basal,50,-0.4345313935675671,50,0.0,1,695
R+P+D,her2,50,-0.5806396301733362,50,0.0,2,695
R+P+D,luminal,50,-0.15801782824493085,50,0.0,2,695
MOFA+,basal,50,-0.5159430532564055,50,0.0,5,695
MOFA+,her2,50,-0.5159761307760569,50,0.0,4,695
MOFA+,luminal,50,-0.38706270944304655,50,0.0,1,695
R,basal,50,-0.29105417261429933,50,0.0,4,696
R,her2,50,-0.3649125153966187,50,0.0,1,696
R,luminal,50,-0.2988758875457505,50,0.0,3,696
R+P,basal,50,-0.2781828073482555,50,0.0,4,696
R+P,her2,50,-0.3384603643638687,50,0.0,1,696
R+P,luminal,50,-0.20882724852315568,50,0.0,1,696
R+D,basal,50,-0.34600359626005356,50,0.0,4,696
R+D,her2,50,-0.5423166510929099,50,0.02,4,696
R+D,luminal,50,-0.5262065571687322,50,0.0,6,696
R+P+D,basal,50,-0.42484286450511455,50,0.0,4,696
R+P+D,her2,50,-0.423126499042588,50,0.02,2,696
R+P+D,luminal,50,-0.3350669901135487,50,0.0,2,696
MOFA+,basal,50,-0.5159430532564055,50,0.0,5,696
MOFA+,her2,50,-0.5159761307760569,50,0.0,4,696
MOFA+,luminal,50,-0.38706270944304655,50,0.0,1,696
R,basal,50,-0.29378514391069194,50,0.0,3,697
R,her2,50,-0.3622019625802163,50,0.02,5,697
R,luminal,50,-0.3895935745064874,50,0.0,2,697
R+P,basal,50,-0.12381845217485285,50,0.0,2,697
R+P,her2,50,-0.11324586972350463,50,0.0,2,697
R+P,luminal,50,-0.5437433138991488,50,0.0,3,697
R+D,basal,50,-0.3117906569754738,50,0.0,3,697
R+D,her2,50,-0.499181520038276,50,0.02,2,697
R+D,luminal,50,-0.5183770573575308,50,0.0,3,697
R+P+D,basal,50,-0.13498170767367607,50,0.0,1,697
R+P+D,her2,50,-0.26979145722428555,50,0.0,1,697
R+P+D,luminal,50,-0.7021610653677999,50,0.0,5,697
MOFA+,basal,50,-0.21929701202341526,50,0.0,1,697
MOFA+,her2,50,-0.01313290143070867,50,0.0,4,697
MOFA+,luminal,50,-0.4108772374338225,50,0.02,1,697
R,basal,50,-0.19517601561363665,50,0.0,1,698
R,her2,50,-0.3727161160055475,50,0.0,4,698
R,luminal,50,-0.46635006310811483,50,0.02,2,698
R+P,basal,50,-0.12385525812458802,50,0.0,1,698
R+P,her2,50,-0.3514292617799206,50,0.0,2,698
R+P,luminal,50,-0.1752547415328821,50,0.0,0,698
R+D,basal,50,-0.3393763294251882,50,0.0,1,698
R+D,her2,50,-0.4067515036334455,50,0.0,1,698
R+D,luminal,50,-0.48924242275023894,50,0.02,6,698
R+P+D,basal,50,-0.3096393968945642,50,0.0,1,698
R+P+D,her2,50,-0.29322623650581425,50,0.0,0,698
R+P+D,luminal,50,-0.27926902778445617,50,0.0,4,698
MOFA+,basal,50,-0.4181651333139253,50,0.0,2,698
MOFA+,her2,50,-0.42313238618869314,50,0.02,1,698
MOFA+,luminal,50,-0.4875302239750314,50,0.0,4,698
R,basal,50,-0.36959623758700233,50,0.0,1,699
R,her2,50,-0.35390083585093884,50,0.0,4,699
R,luminal,50,-0.07683709225896736,50,0.0,1,699
R+P,basal,50,-0.3241299283265138,50,0.0,5,699
R+P,her2,50,-0.4578894045672383,50,0.0,1,699
R+P,luminal,50,-0.04616211760997325,50,0.0,0,699
R+D,basal,50,-0.4965068829600778,50,0.0,6,699
R+D,her2,50,-0.473456281226642,50,0.0,4,699
R+D,luminal,50,-0.25226004943883334,50,0.0,2,699
R+P+D,basal,50,-0.3915068171494742,50,0.0,5,699
R+P+D,her2,50,-0.5568560367533897,50,0.0,4,699
R+P+D,luminal,50,-0.15489009405990534,50,0.0,3,699
MOFA+,basal,50,-0.21929701202341526,50,0.0,1,699
MOFA+,her2,50,-0.5652605157510739,50,0.0,1,699
MOFA+,luminal,50,-0.08707907674069461,50,0.0,0,699
R,basal,50,-0.1972561494312343,50,0.0,4,700
R,her2,50,-0.3530429987691125,50,0.0,2,700
R,luminal,50,-0.2647936071240615,50,0.0,0,700
R+P,basal,50,-0.23545275547716557,50,0.0,4,700
R+P,her2,50,-0.5651509949485038,50,0.0,1,700
R+P,luminal,50,-0.2914378236176165,50,0.0,1,700
R+D,basal,50,-0.3651775639930876,50,0.0,3,700
R+D,her2,50,-0.40863324536280216,50,0.0,3,700
R+D,luminal,50,-0.4826978027988514,50,0.0,1,700
R+P+D,basal,50,-0.32747080138401247,50,0.0,3,700
R+P+D,her2,50,-0.39471287265544197,50,0.0,2,700
R+P+D,luminal,50,-0.3521578034816488,50,0.0,2,700
MOFA+,basal,50,-0.39079658001654743,50,0.0,5,700
MOFA+,her2,50,-0.42313238618869314,50,0.02,1,700
MOFA+,luminal,50,-0.4336475234046903,50,0.0,2,700
R,basal,50,-0.46954652253988954,50,0.0,3,701
R,her2,50,-0.5705626596838047,50,0.0,3,701
R,luminal,50,-0.3154840025472128,50,0.02,2,701
R+P,basal,50,-0.40628411195979597,50,0.0,3,701
R+P,her2,50,-0.47926905130841335,50,0.02,0,701
R+P,luminal,50,-0.18617155054630122,50,0.0,0,701
R+D,basal,50,-0.31430806325905125,50,0.0,2,701
R+D,her2,50,-0.5576084804117232,50,0.02,4,701
R+D,luminal,50,-0.36431977857462194,50,0.02,1,701
R+P+D,basal,50,-0.37148610802107124,50,0.0,2,701
R+P+D,her2,50,-0.6736353023167697,50,0.02,3,701
R+P+D,luminal,50,-0.24751443734467027,50,0.0,1,701
MOFA+,basal,50,-0.28982350086081005,50,0.0,2,701
MOFA+,her2,50,-0.40456322390936145,50,0.0,2,701
MOFA+,luminal,50,-0.32524904615232936,50,0.0,1,701
R,basal,50,-0.12126296403341312,50,0.0,7,702
R,her2,50,-0.22228989368989255,50,0.0,0,702
R,luminal,50,-0.4500803271045281,50,0.02,0,702
R+P,basal,50,-0.15511664579460577,50,0.0,6,702
R+P,her2,50,-0.13404200454393236,50,0.0,0,702
R+P,luminal,50,-0.3102974247958301,50,0.02,1,702
R+D,basal,50,-0.2455855899864164,50,0.0,5,702
R+D,her2,50,-0.3389934015475645,50,0.0,1,702
R+D,luminal,50,-0.4066395206985588,50,0.02,0,702
R+P+D,basal,50,-0.30197157324629614,50,0.0,5,702
R+P+D,her2,50,-0.23833672170783438,50,0.0,0,702
R+P+D,luminal,50,-0.35480234345710726,50,0.0,1,702
MOFA+,basal,50,-0.39079658001654743,50,0.0,5,702
MOFA+,her2,50,-0.08379133735789089,50,0.0,0,702
MOFA+,luminal,50,-0.4108772374338225,50,0.02,1,702
R,basal,50,-0.21459746823537998,50,0.0,2,703
R,her2,50,-0.7093536976648442,50,0.0,4,703
R,luminal,50,-0.20044634069254685,50,0.0,0,703
R+P,basal,50,-0.12989815375392424,50,0.0,1,703
R+P,her2,50,-0.8871664733661128,50,0.0,6,703
R+P,luminal,50,-0.12289724293951675,50,0.0,1,703
R+D,basal,50,-0.32095224985653514,50,0.0,2,703
R+D,her2,50,-0.5829503346133399,50,0.0,6,703
R+D,luminal,50,-0.30565227922216986,50,0.0,1,703
R+P+D,basal,50,-0.2404093815275862,50,0.0,3,703
R+P+D,her2,50,-0.6335056035345757,50,0.0,4,703
R+P+D,luminal,50,-0.14885076349317491,50,0.0,0,703
MOFA+,basal,50,-0.5054582191460999,50,0.0,4,703
MOFA+,her2,50,-0.7022956727559374,50,0.0,3,703
MOFA+,luminal,50,-0.049338171842283035,50,0.0,3,703
R,basal,50,-0.44187974011654013,50,0.0,1,704
R,her2,50,-0.19277107548341607,50,0.0,0,704
R,luminal,50,-0.20690948226814562,50,0.0,2,704
R+P,basal,50,-0.4524572399397343,50,0.0,3,704
R+P,her2,50,-0.10543886347402617,50,0.0,0,704
R+P,luminal,50,-0.25113069785078684,50,0.0,3,704
R+D,basal,50,-0.5432834950087116,50,0.0,2,704
R+D,her2,50,-0.4839722974577654,50,0.0,2,704
R+D,luminal,50,-0.345351476601167,50,0.0,4,704
R+P+D,basal,50,-0.4553135715787741,50,0.0,2,704
R+P+D,her2,50,-0.24935650714539306,50,0.0,0,704
R+P+D,luminal,50,-0.33167665335314106,50,0.0,5,704
MOFA+,basal,50,-0.012019998178718974,50,0.0,4,704
MOFA+,her2,50,-0.5491719546595314,50,0.0,3,704
MOFA+,luminal,50,-0.27498818356268634,50,0.0,1,704
R,basal,50,-0.3012243655530726,50,0.0,2,705
R,her2,50,-0.30227567162165225,50,0.02,1,705
R,luminal,50,-0.3377739241124911,50,0.02,1,705
R+P,basal,50,-0.2537270449070228,50,0.0,2,705
R+P,her2,50,-0.1330985975083318,50,0.0,2,705
R+P,luminal,50,-0.4467190674085081,50,0.02,4,705
R+D,basal,50,-0.2541877387844217,50,0.0,1,705
R+D,her2,50,-0.2584059888572493,50,0.0,0,705
R+D,luminal,50,-0.39038374053363156,50,0.0,3,705
R+P+D,basal,50,-0.28047333832810556,50,0.0,0,705
R+P+D,her2,50,-0.19553147072275753,50,0.0,1,705
R+P+D,luminal,50,-0.4712004137400847,50,0.0,4,705
MOFA+,basal,50,-0.053421368184589986,50,0.0,3,705
MOFA+,her2,50,-0.4928444076680832,50,0.0,5,705
MOFA+,luminal,50,-0.7166178630053172,50,0.0,3,705
R,basal,50,-0.4264338693947791,50,0.0,3,706
R,her2,50,-0.32717909805281586,50,0.02,0,706
R,luminal,50,-0.19879972461423315,50,0.0,3,706
R+P,basal,50,-0.13427081041133943,50,0.0,2,706
R+P,her2,50,-0.2742202389190854,50,0.0,1,706
R+P,luminal,50,-0.19059127787356142,50,0.0,1,706
R+D,basal,50,-0.3435038703102768,50,0.0,0,706
R+D,her2,50,-0.5137391326972433,50,0.02,3,706
R+D,luminal,50,-0.3291952623726189,50,0.0,3,706
R+P+D,basal,50,-0.31017833017843127,50,0.0,2,706
R+P+D,her2,50,-0.3615824176892215,50,0.0,2,706
R+P+D,luminal,50,-0.3390786585594079,50,0.02,5,706
MOFA+,basal,50,-0.27447206105048505,50,0.0,1,706
MOFA+,her2,50,-0.30258820694702326,50,0.02,2,706
MOFA+,luminal,50,-0.22472778073296432,50,0.0,1,706
R,basal,50,-0.05543621218793016,50,0.0,2,707
R,her2,50,-0.5673835854114201,50,0.02,0,707
R,luminal,50,-0.4704600888040789,50,0.0,2,707
R+P,basal,50,-0.07038804357322699,50,0.0,2,707
R+P,her2,50,-0.5485538097486032,50,0.04,2,707
R+P,luminal,50,-0.1776045484028549,50,0.0,0,707
R+D,basal,50,-0.20255642599468712,50,0.0,1,707
R+D,her2,50,-0.5121315833383379,50,0.02,2,707
R+D,luminal,50,-0.5055511722921981,50,0.0,2,707
R+P+D,basal,50,-0.18728002628498083,50,0.0,2,707
R+P+D,her2,50,-0.5262203141707065,50,0.04,2,707
R+P+D,luminal,50,-0.3038967778229149,50,0.0,1,707
MOFA+,basal,50,-0.7399409894194376,50,0.0,3,707
MOFA+,her2,50,-0.7022956727559374,50,0.0,3,707
MOFA+,luminal,50,-0.049338171842283035,50,0.0,3,707
R,basal,50,-0.4834644970124032,50,0.0,3,708
R,her2,50,-0.10279953523862036,50,0.02,3,708
R,luminal,50,-0.2600948035461078,50,0.0,0,708
R+P,basal,50,-0.5039602835329727,50,0.0,3,708
R+P,her2,50,-0.1567759881376129,50,0.02,1,708
R+P,luminal,50,-0.24544974600333214,50,0.0,2,708
R+D,basal,50,-0.49701487144159656,50,0.0,3,708
R+D,her2,50,-0.2181176415118555,50,0.04,2,708
R+D,luminal,50,-0.41078392767779215,50,0.0,2,708
R+P+D,basal,50,-0.5546217304044935,50,0.0,1,708
R+P+D,her2,50,-0.3059125135025739,50,0.04,2,708
R+P+D,luminal,50,-0.330244994932405,50,0.0,2,708
MOFA+,basal,50,-0.7399409894194376,50,0.0,3,708
MOFA+,her2,50,-0.2768959773562112,50,0.02,1,708
MOFA+,luminal,50,-0.049338171842283035,50,0.0,3,708
R,basal,50,-0.44370941670248243,50,0.0,1,709
R,her2,50,-0.3244685004795462,50,0.02,2,709
R,luminal,50,-0.32026298205460146,50,0.0,2,709
R+P,basal,50,-0.5616712606896315,50,0.0,1,709
R+P,her2,50,-0.2748415334917051,50,0.0,1,709
R+P,luminal,50,-0.37289484677116774,50,0.0,1,709
R+D,basal,50,-0.4989335526663766,50,0.0,2,709
R+D,her2,50,-0.5209663592073199,50,0.02,5,709
R+D,luminal,50,-0.4166561276353557,50,0.0,0,709
R+P+D,basal,50,-0.5014343402117294,50,0.0,2,709
R+P+D,her2,50,-0.373152703171523,50,0.0,5,709
R+P+D,luminal,50,-0.34248310188991277,50,0.0,3,709
MOFA+,basal,50,-0.5463558416948096,50,0.0,3,709
MOFA+,her2,50,-0.30258820694702326,50,0.02,2,709
MOFA+,luminal,50,-0.4605362947843053,50,0.0,5,709
R,basal,50,-0.19011428031632888,50,0.0,2,710
R,her2,50,-0.2553340593248255,50,0.0,1,710
R,luminal,50,-0.2529887592489115,50,0.02,3,710
R+P,basal,50,-0.18452011119487488,50,0.0,1,710
R+P,her2,50,-0.17476949039366318,50,0.0,2,710
R+P,luminal,50,-0.17025537778127708,50,0.0,2,710
R+D,basal,50,-0.346608764394827,50,0.0,1,710
R+D,her2,50,-0.346777752348049,50,0.0,1,710
R+D,luminal,50,-0.3125584716894554,50,0.02,3,710
R+P+D,basal,50,-0.24860810218735527,50,0.0,2,710
R+P+D,her2,50,-0.35583387127005656,50,0.0,2,710
R+P+D,luminal,50,-0.2699165681100105,50,0.0,3,710
MOFA+,basal,50,-0.012019998178718974,50,0.0,4,710
MOFA+,her2,50,-0.08379133735789089,50,0.0,0,710
MOFA+,luminal,50,-0.4108772374338225,50,0.02,1,710
R,basal,50,-0.4602839007904143,50,0.0,2,711
R,her2,50,-0.34878398995081933,50,0.0,2,711
R,luminal,50,-0.22999004457344502,50,0.0,0,711
R+P,basal,50,-0.37309744523112515,50,0.0,2,711
R+P,her2,50,-0.331470211369652,50,0.02,2,711
R+P,luminal,50,-0.2807627997762944,50,0.02,1,711
R+D,basal,50,-0.5356714406206282,50,0.0,0,711
R+D,her2,50,-0.5878493399260896,50,0.04,6,711
R+D,luminal,50,-0.32757311378985876,50,0.0,1,711
R+P+D,basal,50,-0.4015805592550088,50,0.0,1,711
R+P+D,her2,50,-0.5333000716765688,50,0.02,7,711
R+P+D,luminal,50,-0.2913756453694571,50,0.02,0,711
MOFA+,basal,50,-0.5178778430235921,50,0.0,2,711
MOFA+,her2,50,-0.5491719546595314,50,0.0,3,711
MOFA+,luminal,50,-0.5834359116792033,50,0.0,1,711
R,basal,50,-0.4744448597727354,50,0.0,1,712
R,her2,50,-0.08662626659906811,50,0.0,0,712
R,luminal,50,-0.2846133469573555,50,0.0,5,712
R+P,basal,50,-0.4884306093924893,50,0.0,3,712
R+P,her2,50,-0.16170879972906038,50,0.0,2,712
R+P,luminal,50,-0.26566962651966114,50,0.0,2,712
R+D,basal,50,-0.5657244735265408,50,0.0,3,712
R+D,her2,50,-0.3072022186847318,50,0.0,0,712
R+D,luminal,50,-0.3184929912928366,50,0.04,2,712
R+P+D,basal,50,-0.3984317540707073,50,0.0,2,712
R+P+D,her2,50,-0.5295536878069109,50,0.02,1,712
R+P+D,luminal,50,-0.22805329710213446,50,0.0,3,712
MOFA+,basal,50,-0.012019998178718974,50,0.0,4,712
MOFA+,her2,50,-0.08379133735789089,50,0.0,0,712
MOFA+,luminal,50,-0.22472778073296432,50,0.0,1,712
R,basal,50,-0.4341068942843467,50,0.0,1,713
R,her2,50,-0.44060255294792244,50,0.02,3,713
R,luminal,50,-0.33964213732673754,50,0.02,1,713
R+P,basal,50,-0.5510256662306914,50,0.0,2,713
R+P,her2,50,-0.3833782235484881,50,0.04,4,713
R+P,luminal,50,-0.2386189161385021,50,0.02,1,713
R+D,basal,50,-0.5119446469668361,50,0.0,1,713
R+D,her2,50,-0.49461470850918376,50,0.02,4,713
R+D,luminal,50,-0.4255076406141823,50,0.02,2,713
R+P+D,basal,50,-0.5817699166392964,50,0.0,3,713
R+P+D,her2,50,-0.47628422823019234,50,0.04,5,713
R+P+D,luminal,50,-0.27489740555140135,50,0.02,1,713
MOFA+,basal,50,-0.5178778430235921,50,0.0,2,713
MOFA+,her2,50,-0.39835941672586217,50,0.02,5,713
MOFA+,luminal,50,-0.32575067826405774,50,0.02,2,713
R,basal,50,-0.6718759511849034,50,0.0,5,714
R,her2,50,-0.3762632512656009,50,0.0,3,714
R,luminal,50,-0.2381875593694544,50,0.0,1,714
R+P,basal,50,-0.5592716642707811,50,0.0,5,714
R+P,her2,50,-0.29655058845176663,50,0.0,1,714
R+P,luminal,50,-0.17295482673497578,50,0.0,1,714
R+D,basal,50,-0.4471392961988515,50,0.0,2,714
R+D,her2,50,-0.5425010712304964,50,0.0,2,714
R+D,luminal,50,-0.4556410587459508,50,0.04,3,714
R+P+D,basal,50,-0.4055504106900352,50,0.0,3,714
R+P+D,her2,50,-0.368102011156904,50,0.0,2,714
R+P+D,luminal,50,-0.4058399547270083,50,0.04,3,714
MOFA+,basal,50,-0.5463558416948096,50,0.0,3,714
MOFA+,her2,50,-0.5067927857540258,50,0.0,2,714
MOFA+,luminal,50,-0.32575067826405774,50,0.02,2,714
R,basal,50,-0.3945771036301667,50,0.0,3,715
R,her2,50,-0.259497613974172,50,0.02,0,715
R,luminal,50,-0.3688734698096395,50,0.0,2,715
R+P,basal,50,-0.35300814258604185,50,0.0,2,715
R+P,her2,50,-0.13045351958830328,50,0.0,1,715
R+P,luminal,50,-0.3776056925653604,50,0.0,2,715
R+D,basal,50,-0.46193413432342767,50,0.0,4,715
R+D,her2,50,-0.3038274245625491,50,0.02,0,715
R+D,luminal,50,-0.47091655611952105,50,0.0,2,715
R+P+D,basal,50,-0.23971571736126207,50,0.0,2,715
R+P+D,her2,50,-0.24049220093379542,50,0.0,1,715
R+P+D,luminal,50,-0.4334043307035811,50,0.02,1,715
MOFA+,basal,50,-0.3212467034974735,50,0.0,1,715
MOFA+,her2,50,-0.3930197206468565,50,0.02,2,715
MOFA+,luminal,50,-0.33866773742407064,50,0.0,2,715
R,basal,50,-0.32213855463389685,50,0.0,2,716
R,her2,50,-0.272829620640649,50,0.0,2,716
R,luminal,50,-0.22187976837131307,50,0.02,1,716
R+P,basal,50,-0.25799433373051334,50,0.0,0,716
R+P,her2,50,-0.34255741640977705,50,0.0,7,716
R+P,luminal,50,-0.24483393666213882,50,0.0,1,716
R+D,basal,50,-0.3346606750554288,50,0.0,0,716
R+D,her2,50,-0.49019864151248305,50,0.02,5,716
R+D,luminal,50,-0.4101948238317914,50,0.0,1,716
R+P+D,basal,50,-0.2433358637613326,50,0.0,1,716
R+P+D,her2,50,-0.4628102715182063,50,0.02,6,716
R+P+D,luminal,50,-0.37297869835620184,50,0.0,2,716
MOFA+,basal,50,-0.5624526968256038,50,0.0,1,716
MOFA+,her2,50,-0.4928444076680832,50,0.0,5,716
MOFA+,luminal,50,-0.38706270944304655,50,0.0,1,716
R,basal,50,-0.14199355899842386,50,0.0,0,717
R,her2,50,-0.3139939704969957,50,0.0,3,717
R,luminal,50,-0.6956085008569289,50,0.0,2,717
R+P,basal,50,-0.14026140482005053,50,0.0,1,717
R+P,her2,50,-0.08833837832867107,50,0.0,1,717
R+P,luminal,50,-0.8230597897842762,50,0.0,4,717
R+D,basal,50,-0.24323987352867946,50,0.0,0,717
R+D,her2,50,-0.5415968720271507,50,0.04,3,717
R+D,luminal,50,-0.581255913695209,50,0.0,2,717
R+P+D,basal,50,-0.1522732703808484,50,0.0,1,717
R+P+D,her2,50,-0.26338039385361733,50,0.04,1,717
R+P+D,luminal,50,-0.8520384770233543,50,0.0,1,717
MOFA+,basal,50,-0.053421368184589986,50,0.0,3,717
MOFA+,her2,50,-0.42313238618869314,50,0.02,1,717
MOFA+,luminal,50,-0.5336617848574897,50,0.0,2,717
R,basal,50,-0.31662468134279165,50,0.0,0,718
R,her2,50,-0.18891974196231193,50,0.0,0,718
R,luminal,50,-0.3701295048695576,50,0.0,3,718
R+P,basal,50,-0.3587353937828843,50,0.0,0,718
R+P,her2,50,-0.1960113053287566,50,0.0,0,718
R+P,luminal,50,-0.37111198706926496,50,0.0,3,718
R+D,basal,50,-0.33332112319560386,50,0.0,1,718
R+D,her2,50,-0.2955536905485383,50,0.0,0,718
R+D,luminal,50,-0.3982354410182179,50,0.0,2,718
R+P+D,basal,50,-0.4954625210421956,50,0.0,0,718
R+P+D,her2,50,-0.32350907028769316,50,0.0,0,718
R+P+D,luminal,50,-0.3501380582610282,50,0.0,4,718
MOFA+,basal,50,-0.28982350086081005,50,0.0,2,718
MOFA+,her2,50,-0.01313290143070867,50,0.0,4,718
MOFA+,luminal,50,-0.32524904615232936,50,0.0,1,718
R,basal,50,-0.2809722376741396,50,0.0,1,719
R,her2,50,-0.224270114825595,50,0.0,1,719
R,luminal,50,-0.32389368107742106,50,0.0,1,719
R+P,basal,50,-0.362160931977326,50,0.0,4,719
R+P,her2,50,-0.14554602099611272,50,0.0,1,719
R+P,luminal,50,-0.19797964172007051,50,0.0,1,719
R+D,basal,50,-0.29700317610247967,50,0.0,2,719
R+D,her2,50,-0.23364991448981243,50,0.0,1,719
R+D,luminal,50,-0.4510004379283278,50,0.0,1,719
R+P+D,basal,50,-0.5536913340185443,50,0.0,4,719
R+P+D,her2,50,-0.2586322231925995,50,0.0,1,719
R+P+D,luminal,50,-0.3433376287250336,50,0.02,2,719
MOFA+,basal,50,-0.5159430532564055,50,0.0,5,719
MOFA+,her2,50,-0.40456322390936145,50,0.0,2,719
MOFA+,luminal,50,-0.5336617848574897,50,0.0,2,719
R,basal,50,-0.31324043982611643,50,0.0,1,720
R,her2,50,-0.3891660702008723,50,0.0,2,720
R,luminal,50,-0.4374378717373223,50,0.0,0,720
R+P,basal,50,-0.2592367077429339,50,0.0,1,720
R+P,her2,50,-0.2733568285978726,50,0.0,1,720
R+P,luminal,50,-0.35893991404231196,50,0.0,3,720
R+D,basal,50,-0.3883709968208743,50,0.0,2,720
R+D,her2,50,-0.5627009130355376,50,0.0,5,720
R+D,luminal,50,-0.47232712898935814,50,0.0,4,720
R+P+D,basal,50,-0.3228828821241848,50,0.0,4,720
R+P+D,her2,50,-0.3389322768333761,50,0.0,0,720
R+P+D,luminal,50,-0.4315449356096227,50,0.04,3,720
MOFA+,basal,50,-0.27447206105048505,50,0.0,1,720
MOFA+,her2,50,-0.5491719546595314,50,0.0,3,720
MOFA+,luminal,50,-0.4605362947843053,50,0.0,5,720
R,basal,50,-0.4126551596075737,50,0.0,2,721
R,her2,50,-0.34097912040589284,50,0.0,3,721
R,luminal,50,-0.36336482770912815,50,0.0,1,721
R+P,basal,50,-0.26540494747973753,50,0.0,3,721
R+P,her2,50,-0.3492293517037025,50,0.0,3,721
R+P,luminal,50,-0.3087128351343223,50,0.0,2,721
R+D,basal,50,-0.5083726686045867,50,0.0,2,721
R+D,her2,50,-0.5310743266865269,50,0.0,6,721
R+D,luminal,50,-0.4279774755740045,50,0.0,2,721
R+P+D,basal,50,-0.4364189369766599,50,0.0,2,721
R+P+D,her2,50,-0.46913967806307594,50,0.0,5,721
R+P+D,luminal,50,-0.45035879496459386,50,0.0,0,721
MOFA+,basal,50,-0.3915193340880218,50,0.0,2,721
MOFA+,her2,50,-0.4928444076680832,50,0.0,5,721
MOFA+,luminal,50,-0.38706270944304655,50,0.0,1,721
R,basal,50,-0.1971000263900687,50,0.0,2,722
R,her2,50,-0.24926796910863147,50,0.0,2,722
R,luminal,50,-0.42575784445967757,50,0.0,1,722
R+P,basal,50,-0.3141436704353357,50,0.0,3,722
R+P,her2,50,-0.2662711436378994,50,0.02,3,722
R+P,luminal,50,-0.31744499334727616,50,0.02,2,722
R+D,basal,50,-0.5010883659515813,50,0.0,4,722
R+D,her2,50,-0.4259027524189736,50,0.02,6,722
R+D,luminal,50,-0.7072028922410528,50,0.02,3,722
R+P+D,basal,50,-0.5675544953365749,50,0.0,3,722
R+P+D,her2,50,-0.35397817366731843,50,0.02,4,722
R+P+D,luminal,50,-0.6015183610164115,50,0.02,3,722
MOFA+,basal,50,-0.012019998178718974,50,0.0,4,722
MOFA+,her2,50,-0.21672749174668915,50,0.0,1,722
MOFA+,luminal,50,-0.08707907674069461,50,0.0,0,722
R,basal,50,-0.26651668921508326,50,0.0,1,723
R,her2,50,-0.13214910076756956,50,0.0,2,723
R,luminal,50,-0.17964276147189862,50,0.02,1,723
R+P,basal,50,-0.3755521187067819,50,0.0,0,723
R+P,her2,50,-0.15854179397791449,50,0.02,3,723
R+P,luminal,50,-0.17844062709001243,50,0.0,1,723
R+D,basal,50,-0.37817683630676846,50,0.0,3,723
R+D,her2,50,-0.3635839518492884,50,0.0,3,723
R+D,luminal,50,-0.5229625887058814,50,0.0,1,723
R+P+D,basal,50,-0.4164266720331519,50,0.0,2,723
R+P+D,her2,50,-0.3424765614158234,50,0.02,4,723
R+P+D,luminal,50,-0.3543052109207553,50,0.0,0,723
MOFA+,basal,50,-0.28769486971114927,50,0.0,2,723
MOFA+,her2,50,-0.5159761307760569,50,0.0,4,723
MOFA+,luminal,50,-0.5336617848574897,50,0.0,2,723
R,basal,50,-0.320214214060654,50,0.0,0,724
R,her2,50,-0.3043883187073391,50,0.02,1,724
R,luminal,50,-0.48406283795762645,50,0.0,1,724
R+P,basal,50,-0.2788332319110175,50,0.0,0,724
R+P,her2,50,-0.2625582001449342,50,0.0,0,724
R+P,luminal,50,-0.38522094090704656,50,0.0,1,724
R+D,basal,50,-0.31762951205729745,50,0.0,2,724
R+D,her2,50,-0.35630110675727567,50,0.02,0,724
R+D,luminal,50,-0.4808416147414243,50,0.0,1,724
R+P+D,basal,50,-0.261081843286776,50,0.0,1,724
R+P+D,her2,50,-0.28379800657458304,50,0.0,0,724
R+P+D,luminal,50,-0.2951622827783855,50,0.0,2,724
MOFA+,basal,50,-0.28982350086081005,50,0.0,2,724
MOFA+,her2,50,-0.4928444076680832,50,0.0,5,724
MOFA+,luminal,50,-0.32524904615232936,50,0.0,1,724
R,basal,50,-0.34915325669169894,50,0.0,6,725
R,her2,50,-0.33982060610753045,50,0.0,1,725
R,luminal,50,-0.31479509083815205,50,0.0,0,725
R+P,basal,50,-0.34298007322265966,50,0.0,3,725
R+P,her2,50,-0.42643385221790386,50,0.04,2,725
R+P,luminal,50,-0.18772582624002151,50,0.0,1,725
R+D,basal,50,-0.5476222864207184,50,0.0,4,725
R+D,her2,50,-0.61156496102735,50,0.0,4,725
R+D,luminal,50,-0.25422020538507867,50,0.02,1,725
R+P+D,basal,50,-0.34168811381437736,50,0.0,2,725
R+P+D,her2,50,-0.5284815285838915,50,0.0,3,725
R+P+D,luminal,50,-0.21742414825921652,50,0.02,1,725
MOFA+,basal,50,-0.5054582191460999,50,0.0,4,725
MOFA+,her2,50,-0.3930197206468565,50,0.02,2,725
MOFA+,luminal,50,-0.42447621761666204,50,0.0,2,725
R,basal,50,-0.21897019614098628,50,0.0,1,726
R,her2,50,-0.3389487048330595,50,0.0,1,726
R,luminal,50,-0.37986541828598436,50,0.0,3,726
R+P,basal,50,-0.2751759514369003,50,0.0,2,726
R+P,her2,50,-0.12475808945217044,50,0.0,2,726
R+P,luminal,50,-0.42841322128318415,50,0.0,0,726
R+D,basal,50,-0.3955005515316989,50,0.0,1,726
R+D,her2,50,-0.39378582793381267,50,0.0,2,726
R+D,luminal,50,-0.4921255531451205,50,0.0,3,726
R+P+D,basal,50,-0.4245113496572678,50,0.0,3,726
R+P+D,her2,50,-0.20271396443796763,50,0.0,3,726
R+P+D,luminal,50,-0.43367167772306325,50,0.0,2,726
MOFA+,basal,50,-0.27447206105048505,50,0.0,1,726
MOFA+,her2,50,-0.3782726858472879,50,0.0,2,726
MOFA+,luminal,50,-0.5614016197427435,50,0.0,3,726
R,basal,50,-0.2542173567106494,50,0.0,4,727
R,her2,50,-0.25982820663627265,50,0.0,7,727
R,luminal,50,-0.44331040981123726,50,0.0,1,727
R+P,basal,50,-0.25596417660748905,50,0.0,1,727
R+P,her2,50,-0.23393188231847664,50,0.0,1,727
R+P,luminal,50,-0.4022005932152687,50,0.02,2,727
R+D,basal,50,-0.44988700454478847,50,0.0,6,727
R+D,her2,50,-0.37520956676751493,50,0.0,4,727
R+D,luminal,50,-0.4108132247975368,50,0.0,0,727
R+P+D,basal,50,-0.4362988142630099,50,0.0,1,727
R+P+D,her2,50,-0.3159136206000863,50,0.0,4,727
R+P+D,luminal,50,-0.4030272656612596,50,0.02,1,727
MOFA+,basal,50,-0.5624526968256038,50,0.0,1,727
MOFA+,her2,50,-0.36001283190272754,50,0.0,1,727
MOFA+,luminal,50,-0.33866773742407064,50,0.0,2,727
R,basal,50,-0.3710339298609494,50,0.0,3,728
R,her2,50,-0.35381344354686367,50,0.0,1,728
R,luminal,50,-0.19357279986211215,50,0.0,3,728
R+P,basal,50,-0.25401523652630004,50,0.0,2,728
R+P,her2,50,-0.1956609996870768,50,0.02,1,728
R+P,luminal,50,-0.2856376977646461,50,0.0,4,728
R+D,basal,50,-0.4208807258249629,50,0.0,1,728
R+D,her2,50,-0.4421927882140669,50,0.0,1,728
R+D,luminal,50,-0.4158113099245251,50,0.0,3,728
R+P+D,basal,50,-0.3025871697769265,50,0.0,1,728
R+P+D,her2,50,-0.30746926836478594,50,0.02,1,728
R+P+D,luminal,50,-0.33881204793220704,50,0.0,2,728
MOFA+,basal,50,-0.7399409894194376,50,0.0,3,728
MOFA+,her2,50,-0.5652605157510739,50,0.0,1,728
MOFA+,luminal,50,-0.33866773742407064,50,0.0,2,728
R,basal,50,-0.4636062868428043,50,0.0,1,729
R,her2,50,-0.08265816158506879,50,0.0,2,729
R,luminal,50,-0.16664387382274143,50,0.0,0,729
R+P,basal,50,-0.6165987464640696,50,0.0,2,729
R+P,her2,50,-0.07355067306732346,50,0.0,0,729
R+P,luminal,50,-0.14947193188694083,50,0.0,0,729
R+D,basal,50,-0.5753923450540264,50,0.0,1,729
R+D,her2,50,-0.29389575135077156,50,0.02,3,729
R+D,luminal,50,-0.2784303986618313,50,0.0,0,729
R+P+D,basal,50,-0.568259308240398,50,0.0,1,729
R+P+D,her2,50,-0.17736117382307082,50,0.02,2,729
R+P+D,luminal,50,-0.2859721338881613,50,0.0,0,729
MOFA+,basal,50,-0.5178778430235921,50,0.0,2,729
MOFA+,her2,50,-0.42313238618869314,50,0.02,1,729
MOFA+,luminal,50,-0.5614016197427435,50,0.0,3,729
R,basal,50,-0.4404861390462677,50,0.0,2,730
R,her2,50,-0.6431628240085039,50,0.0,3,730
R,luminal,50,-0.3947570719235174,50,0.0,2,730
R+P,basal,50,-0.5756168865823879,50,0.0,3,730
R+P,her2,50,-0.4148873835131981,50,0.0,3,730
R+P,luminal,50,-0.2756445040655189,50,0.0,1,730
R+D,basal,50,-0.4956991527435928,50,0.0,1,730
R+D,her2,50,-0.40423449289962876,50,0.0,1,730
R+D,luminal,50,-0.3234428115018563,50,0.0,2,730
R+P+D,basal,50,-0.5946825590435296,50,0.0,2,730
R+P+D,her2,50,-0.3414371691080283,50,0.0,1,730
R+P+D,luminal,50,-0.28854341937457006,50,0.0,2,730
MOFA+,basal,50,-0.4181651333139253,50,0.0,2,730
MOFA+,her2,50,-0.01313290143070867,50,0.0,4,730
MOFA+,luminal,50,-0.3952030647717412,50,0.0,5,730
R,basal,50,-0.24009792735347615,50,0.0,2,731
R,her2,50,-0.5755046717581883,50,0.0,4,731
R,luminal,50,-0.40025788377405874,50,0.0,1,731
R+P,basal,50,-0.32055929356704715,50,0.0,2,731
R+P,her2,50,-0.36806557825800207,50,0.0,2,731
R+P,luminal,50,-0.23234931278320153,50,0.0,0,731
R+D,basal,50,-0.2744076917720655,50,0.0,3,731
R+D,her2,50,-0.46223512384815857,50,0.0,3,731
R+D,luminal,50,-0.39361756245474433,50,0.0,0,731
R+P+D,basal,50,-0.46160104699544263,50,0.0,3,731
R+P+D,her2,50,-0.34778302708957126,50,0.0,2,731
R+P+D,luminal,50,-0.29074821760976244,50,0.02,2,731
MOFA+,basal,50,-0.39079658001654743,50,0.0,5,731
MOFA+,her2,50,-0.3782726858472879,50,0.0,2,731
MOFA+,luminal,50,-0.4336475234046903,50,0.0,2,731
R,basal,50,-0.17251426383135787,50,0.0,2,732
R,her2,50,-0.058409315378295655,50,0.0,2,732
R,luminal,50,-0.5600903891934287,50,0.0,6,732
R+P,basal,50,-0.29994021849315244,50,0.0,1,732
R+P,her2,50,-0.10278654763340214,50,0.0,1,732
R+P,luminal,50,-0.40452018288902136,50,0.0,2,732
R+D,basal,50,-0.34564366065780705,50,0.0,0,732
R+D,her2,50,-0.2715559713889948,50,0.0,1,732
R+D,luminal,50,-0.592412554025024,50,0.0,0,732
R+P+D,basal,50,-0.3438780133190938,50,0.0,2,732
R+P+D,her2,50,-0.21705361595846576,50,0.0,1,732
R+P+D,luminal,50,-0.4452491822937324,50,0.0,1,732
MOFA+,basal,50,-0.40261158750576387,50,0.0,1,732
MOFA+,her2,50,-0.01313290143070867,50,0.0,4,732
MOFA+,luminal,50,-0.5336617848574897,50,0.0,2,732
R,basal,50,-0.24286317653298908,50,0.0,0,733
R,her2,50,-0.12945276330609784,50,0.02,0,733
R,luminal,50,-0.6987221849950377,50,0.0,3,733
R+P,basal,50,-0.18212880098380854,50,0.0,2,733
R+P,her2,50,-0.08929860825047342,50,0.0,0,733
R+P,luminal,50,-0.7493515879686861,50,0.0,3,733
R+D,basal,50,-0.3513390625920802,50,0.0,1,733
R+D,her2,50,-0.3628666707719877,50,0.0,3,733
R+D,luminal,50,-0.430060218897377,50,0.0,3,733
R+P+D,basal,50,-0.3662264306357445,50,0.0,1,733
R+P+D,her2,50,-0.2342797151868396,50,0.0,1,733
R+P+D,luminal,50,-0.5163788052600538,50,0.0,2,733
MOFA+,basal,50,-0.07330649288426355,50,0.0,0,733
MOFA+,her2,50,-0.36001283190272754,50,0.0,1,733
MOFA+,luminal,50,-0.22472778073296432,50,0.0,1,733
R,basal,50,-0.4001227857073912,50,0.0,1,734
R,her2,50,-0.19296249321105186,50,0.0,0,734
R,luminal,50,-0.3646362612067927,50,0.0,3,734
R+P,basal,50,-0.3992193742921294,50,0.0,3,734
R+P,her2,50,-0.2430462916401182,50,0.02,3,734
R+P,luminal,50,-0.29781419438061457,50,0.0,1,734
R+D,basal,50,-0.4022838494101076,50,0.0,1,734
R+D,her2,50,-0.393519434760049,50,0.0,2,734
R+D,luminal,50,-0.49308021643620037,50,0.0,1,734
R+P+D,basal,50,-0.35671628058379234,50,0.0,2,734
R+P+D,her2,50,-0.4272730211254499,50,0.0,1,734
R+P+D,luminal,50,-0.3627010180074297,50,0.0,1,734
MOFA+,basal,50,-0.5054582191460999,50,0.0,4,734
MOFA+,her2,50,-0.2768959773562112,50,0.02,1,734
MOFA+,luminal,50,-0.42447621761666204,50,0.0,2,734
R,basal,50,-0.39036755923321637,50,0.0,2,735
R,her2,50,-0.28621677956248825,50,0.0,0,735
R,luminal,50,-0.32315330286194743,50,0.04,1,735
R+P,basal,50,-0.47334625372693606,50,0.0,0,735
R+P,her2,50,-0.20137719239744828,50,0.0,0,735
R+P,luminal,50,-0.2075849810380429,50,0.02,2,735
R+D,basal,50,-0.5942933532511403,50,0.0,3,735
R+D,her2,50,-0.25465953901827754,50,0.0,2,735
R+D,luminal,50,-0.5780442846941668,50,0.04,2,735
R+P+D,basal,50,-0.716289781706447,50,0.0,2,735
R+P+D,her2,50,-0.250194717967676,50,0.0,1,735
R+P+D,luminal,50,-0.33580354251520717,50,0.02,1,735
MOFA+,basal,50,-0.5178778430235921,50,0.0,2,735
MOFA+,her2,50,-0.36001283190272754,50,0.0,1,735
MOFA+,luminal,50,-0.4336475234046903,50,0.0,2,735
R,basal,50,-0.516733955252051,50,0.0,1,736
R,her2,50,-0.610834359661822,50,0.0,4,736
R,luminal,50,-0.180850814279283,50,0.0,1,736
R+P,basal,50,-0.25438087886159094,50,0.0,1,736
R+P,her2,50,-0.49256505902562864,50,0.0,3,736
R+P,luminal,50,-0.1090729892558943,50,0.0,0,736
R+D,basal,50,-0.5222828052579065,50,0.0,1,736
R+D,her2,50,-0.5386034745488478,50,0.0,4,736
R+D,luminal,50,-0.23418913397364358,50,0.0,1,736
R+P+D,basal,50,-0.5380941836948865,50,0.0,3,736
R+P+D,her2,50,-0.3147438840582779,50,0.0,1,736
R+P+D,luminal,50,-0.21437811281126684,50,0.0,2,736
MOFA+,basal,50,-0.5159430532564055,50,0.0,5,736
MOFA+,her2,50,-0.7022956727559374,50,0.0,3,736
MOFA+,luminal,50,-0.049338171842283035,50,0.0,3,736
R,basal,50,-0.2957436383938645,50,0.0,2,737
R,her2,50,-0.49067488394471587,50,0.0,0,737
R,luminal,50,-0.5180906439353437,50,0.02,5,737
R+P,basal,50,-0.3254106385503392,50,0.0,4,737
R+P,her2,50,-0.36486665690914727,50,0.02,0,737
R+P,luminal,50,-0.3293558199043648,50,0.0,3,737
R+D,basal,50,-0.44437021372594976,50,0.0,5,737
R+D,her2,50,-0.37936976774045483,50,0.0,0,737
R+D,luminal,50,-0.47241885728764826,50,0.02,4,737
R+P+D,basal,50,-0.5967137616353159,50,0.0,2,737
R+P+D,her2,50,-0.412404920540706,50,0.0,0,737
R+P+D,luminal,50,-0.4441585832343653,50,0.02,4,737
MOFA+,basal,50,-0.5159430532564055,50,0.0,5,737
MOFA+,her2,50,-0.7022956727559374,50,0.0,3,737
MOFA+,luminal,50,-0.049338171842283035,50,0.0,3,737
R,basal,50,-0.5121588426100864,50,0.0,1,738
R,her2,50,-0.42273919102453233,50,0.02,2,738
R,luminal,50,-0.3682984764194265,50,0.0,1,738
R+P,basal,50,-0.3402052640070372,50,0.0,0,738
R+P,her2,50,-0.19300078817471605,50,0.0,2,738
R+P,luminal,50,-0.31435642483656107,50,0.0,1,738
R+D,basal,50,-0.4984066273952065,50,0.0,1,738
R+D,her2,50,-0.5243464832271506,50,0.0,4,738
R+D,luminal,50,-0.555413389809112,50,0.0,2,738
R+P+D,basal,50,-0.3855750967106974,50,0.0,2,738
R+P+D,her2,50,-0.3271224045057972,50,0.0,2,738
R+P+D,luminal,50,-0.34792543921027286,50,0.0,3,738
MOFA+,basal,50,-0.27447206105048505,50,0.0,1,738
MOFA+,her2,50,-0.5652605157510739,50,0.0,1,738
MOFA+,luminal,50,-0.33866773742407064,50,0.0,2,738
R,basal,50,-0.4504047606044705,50,0.0,3,739
R,her2,50,-0.3504449310519193,50,0.02,1,739
R,luminal,50,-0.4145112515838401,50,0.06,1,739
R+P,basal,50,-0.1515388436096166,50,0.0,1,739
R+P,her2,50,-0.39264996698373467,50,0.02,2,739
R+P,luminal,50,-0.3682399286872436,50,0.0,1,739
R+D,basal,50,-0.41676094684719245,50,0.0,2,739
R+D,her2,50,-0.4538060231603492,50,0.0,2,739
R+D,luminal,50,-0.41038278595490324,50,0.0,1,739
R+P+D,basal,50,-0.2783370307486295,50,0.0,1,739
R+P+D,her2,50,-0.5830435859938827,50,0.02,3,739
R+P+D,luminal,50,-0.4918154586143676,50,0.0,0,739
MOFA+,basal,50,-0.368276449712905,50,0.02,2,739
MOFA+,her2,50,-0.39835941672586217,50,0.02,5,739
MOFA+,luminal,50,-0.38706270944304655,50,0.0,1,739
R,basal,50,-0.4346146118588119,50,0.0,2,740
R,her2,50,-0.45781774340035397,50,0.0,3,740
R,luminal,50,-0.20421471861834117,50,0.0,0,740
R+P,basal,50,-0.5862285385077247,50,0.0,2,740
R+P,her2,50,-0.4834644732686262,50,0.0,3,740
R+P,luminal,50,-0.1818092379884256,50,0.0,2,740
R+D,basal,50,-0.5417382509312538,50,0.0,2,740
R+D,her2,50,-0.4789145429354304,50,0.0,3,740
R+D,luminal,50,-0.3917166906637313,50,0.0,2,740
R+P+D,basal,50,-0.5252933088325277,50,0.0,2,740
R+P+D,her2,50,-0.5008721727291112,50,0.0,4,740
R+P+D,luminal,50,-0.18314268439598075,50,0.0,1,740
MOFA+,basal,50,-0.28982350086081005,50,0.0,2,740
MOFA+,her2,50,-0.7022956727559374,50,0.0,3,740
MOFA+,luminal,50,-0.32524904615232936,50,0.0,1,740
R,basal,50,-0.5156672450610459,50,0.02,4,741
R,her2,50,-0.3811328361411271,50,0.0,2,741
R,luminal,50,-0.26132486602652333,50,0.0,2,741
R+P,basal,50,-0.26050533860109626,50,0.0,4,741
R+P,her2,50,-0.2159403897595312,50,0.0,3,741
R+P,luminal,50,-0.17860339296385735,50,0.02,0,741
R+D,basal,50,-0.5026149265389397,50,0.0,2,741
R+D,her2,50,-0.4096639324581696,50,0.0,4,741
R+D,luminal,50,-0.32737582085662,50,0.0,4,741
R+P+D,basal,50,-0.28691063068473854,50,0.0,1,741
R+P+D,her2,50,-0.34974948304198256,50,0.0,3,741
R+P+D,luminal,50,-0.1745001869956768,50,0.0,1,741
MOFA+,basal,50,-0.5054582191460999,50,0.0,4,741
MOFA+,her2,50,-0.4928444076680832,50,0.0,5,741
MOFA+,luminal,50,-0.42447621761666204,50,0.0,2,741
R,basal,50,-0.48783989350994067,50,0.0,2,742
R,her2,50,-0.41207648412505926,50,0.0,4,742
R,luminal,50,-0.2979864814133257,50,0.0,0,742
R+P,basal,50,-0.6362680611201214,50,0.0,2,742
R+P,her2,50,-0.1693718468010108,50,0.0,1,742
R+P,luminal,50,-0.2160303965749155,50,0.02,0,742
R+D,basal,50,-0.6306532265518157,50,0.0,4,742
R+D,her2,50,-0.5458675446057291,50,0.0,2,742
R+D,luminal,50,-0.44854000308544506,50,0.04,3,742
R+P+D,basal,50,-0.6568140407573452,50,0.0,3,742
R+P+D,her2,50,-0.27401380637164313,50,0.0,1,742
R+P+D,luminal,50,-0.4815509990338868,50,0.04,2,742
MOFA+,basal,50,-0.5178778430235921,50,0.0,2,742
MOFA+,her2,50,-0.5491719546595314,50,0.0,3,742
MOFA+,luminal,50,-0.27498818356268634,50,0.0,1,742
R,basal,50,-0.4971729965263949,50,0.0,5,743
R,her2,50,-0.4033116257371407,50,0.0,0,743
R,luminal,50,-0.262409568940486,50,0.0,1,743
R+P,basal,50,-0.2606683618170873,50,0.0,0,743
R+P,her2,50,-0.38359253487806927,50,0.06,1,743
R+P,luminal,50,-0.17877048773898122,50,0.0,1,743
R+D,basal,50,-0.29412130159235994,50,0.0,3,743
R+D,her2,50,-0.47350553614072005,50,0.02,3,743
R+D,luminal,50,-0.31168248009835176,50,0.0,3,743
R+P+D,basal,50,-0.25470952449900197,50,0.0,0,743
R+P+D,her2,50,-0.4648459838129414,50,0.02,0,743
R+P+D,luminal,50,-0.185225525417348,50,0.0,1,743
MOFA+,basal,50,-0.3915193340880218,50,0.0,2,743
MOFA+,her2,50,-0.7022956727559374,50,0.0,3,743
MOFA+,luminal,50,-0.049338171842283035,50,0.0,3,743
R,basal,50,-0.2819414046769046,50,0.0,1,744
R,her2,50,-0.5135702010846113,50,0.0,4,744
R,luminal,50,-0.4302016141393837,50,0.0,3,744
R+P,basal,50,-0.24037027895150995,50,0.0,2,744
R+P,her2,50,-0.2806617441541109,50,0.0,5,744
R+P,luminal,50,-0.3379459274370033,50,0.0,1,744
R+D,basal,50,-0.45606967736258097,50,0.0,2,744
R+D,her2,50,-0.50680462262855,50,0.0,2,744
R+D,luminal,50,-0.41444351763469184,50,0.0,2,744
R+P+D,basal,50,-0.41924881957577,50,0.0,4,744
R+P+D,her2,50,-0.3483820217110859,50,0.0,4,744
R+P+D,luminal,50,-0.41172941654977246,50,0.0,1,744
MOFA+,basal,50,-0.5054582191460999,50,0.0,4,744
MOFA+,her2,50,-0.3930197206468565,50,0.02,2,744
MOFA+,luminal,50,-0.4336475234046903,50,0.0,2,744
R,basal,50,-0.11758424818723137,50,0.0,1,745
R,her2,50,-0.2928439786397891,50,0.02,0,745
R,luminal,50,-0.3896008768045614,50,0.0,7,745
R+P,basal,50,-0.05908237805977905,50,0.0,0,745
R+P,her2,50,-0.37941171801265144,50,0.04,2,745
R+P,luminal,50,-0.27840480977848636,50,0.0,1,745
R+D,basal,50,-0.4037257472799937,50,0.0,2,745
R+D,her2,50,-0.3588216589192561,50,0.0,2,745
R+D,luminal,50,-0.4295485330345876,50,0.0,2,745
R+P+D,basal,50,-0.2594567112412282,50,0.0,2,745
R+P+D,her2,50,-0.31235712401071636,50,0.0,2,745
R+P+D,luminal,50,-0.3473918503036497,50,0.0,1,745
MOFA+,basal,50,-0.07330649288426355,50,0.0,0,745
MOFA+,her2,50,-0.40456322390936145,50,0.0,2,745
MOFA+,luminal,50,-0.3952030647717412,50,0.0,5,745
R,basal,50,-0.4551386561658046,50,0.0,1,746
R,her2,50,-0.40900772488654524,50,0.02,2,746
R,luminal,50,-0.3211654677230363,50,0.0,3,746
R+P,basal,50,-0.4086724394247255,50,0.0,1,746
R+P,her2,50,-0.33390763720694244,50,0.02,2,746
R+P,luminal,50,-0.31160336336389394,50,0.0,6,746
R+D,basal,50,-0.4005862392879482,50,0.0,0,746
R+D,her2,50,-0.45265439371168414,50,0.0,0,746
R+D,luminal,50,-0.4618872743286604,50,0.0,5,746
R+P+D,basal,50,-0.4515092266635035,50,0.0,0,746
R+P+D,her2,50,-0.34974282752527974,50,0.02,2,746
R+P+D,luminal,50,-0.5086422289751572,50,0.0,10,746
MOFA+,basal,50,-0.40261158750576387,50,0.0,1,746
MOFA+,her2,50,-0.3930197206468565,50,0.02,2,746
MOFA+,luminal,50,-0.32524904615232936,50,0.0,1,746
R,basal,50,-0.37480782197576734,50,0.0,7,747
R,her2,50,-0.38090674558385834,50,0.0,1,747
R,luminal,50,-0.2823621962007628,50,0.0,0,747
R+P,basal,50,-0.30039090268293245,50,0.0,5,747
R+P,her2,50,-0.30217610220220753,50,0.0,3,747
R+P,luminal,50,-0.27233211150225384,50,0.0,0,747
R+D,basal,50,-0.5059053624595208,50,0.0,6,747
R+D,her2,50,-0.5970614849328861,50,0.0,1,747
R+D,luminal,50,-0.31684196011179905,50,0.0,0,747
R+P+D,basal,50,-0.352717168561837,50,0.0,5,747
R+P+D,her2,50,-0.4590719242417041,50,0.0,2,747
R+P+D,luminal,50,-0.3175217287332835,50,0.0,0,747
MOFA+,basal,50,-0.3212467034974735,50,0.0,1,747
MOFA+,her2,50,-0.30258820694702326,50,0.02,2,747
MOFA+,luminal,50,-0.014035583308286484,50,0.0,4,747
R,basal,50,-0.5028085110251199,50,0.0,1,748
R,her2,50,-0.1449226917206198,50,0.0,3,748
R,luminal,50,-0.4343675234230497,50,0.02,1,748
R+P,basal,50,-0.3673861494549635,50,0.0,1,748
R+P,her2,50,-0.12868447108647874,50,0.0,1,748
R+P,luminal,50,-0.4511055351369358,50,0.0,1,748
R+D,basal,50,-0.577144770019793,50,0.0,3,748
R+D,her2,50,-0.24964796191667837,50,0.0,2,748
R+D,luminal,50,-0.5213688521736206,50,0.04,2,748
R+P+D,basal,50,-0.6068000512540749,50,0.0,1,748
R+P+D,her2,50,-0.16833704314904138,50,0.0,2,748
R+P+D,luminal,50,-0.31267213234402363,50,0.0,2,748
MOFA+,basal,50,-0.5624526968256038,50,0.0,1,748
MOFA+,her2,50,-0.3120793521641551,50,0.0,1,748
MOFA+,luminal,50,-0.33866773742407064,50,0.0,2,748
R,basal,50,-0.06134659848131514,50,0.0,3,749
R,her2,50,-0.6685127111206454,50,0.0,0,749
R,luminal,50,-0.22270615188723908,50,0.0,5,749
R+P,basal,50,-0.11580035001968056,50,0.0,1,749
R+P,her2,50,-0.4942778803851146,50,0.0,2,749
R+P,luminal,50,-0.1568959032930892,50,0.0,2,749
R+D,basal,50,-0.3035796152456324,50,0.0,1,749
R+D,her2,50,-0.7364813852054728,50,0.0,2,749
R+D,luminal,50,-0.3686237304051517,50,0.0,2,749
R+P+D,basal,50,-0.33779153068652445,50,0.0,1,749
R+P+D,her2,50,-0.6253810090256523,50,0.0,2,749
R+P+D,luminal,50,-0.285618314864194,50,0.0,2,749
MOFA+,basal,50,-0.012019998178718974,50,0.0,4,749
MOFA+,her2,50,-0.36001283190272754,50,0.0,1,749
MOFA+,luminal,50,-0.42447621761666204,50,0.0,2,749
R,basal,50,-0.1282663224953396,50,0.0,1,750
R,her2,50,-0.230774855666639,50,0.0,1,750
R,luminal,50,-0.2441250145196171,50,0.0,1,750
R+P,basal,50,-0.1328481261867082,50,0.0,2,750
R+P,her2,50,-0.17706147647358375,50,0.0,1,750
R+P,luminal,50,-0.31738879739990333,50,0.0,0,750
R+D,basal,50,-0.2926136821209584,50,0.0,2,750
R+D,her2,50,-0.3574690985809349,50,0.0,0,750
R+D,luminal,50,-0.4394411705449825,50,0.0,2,750
R+P+D,basal,50,-0.272950320118139,50,0.0,2,750
R+P+D,her2,50,-0.3634518624905549,50,0.0,0,750
R+P+D,luminal,50,-0.5162654359362882,50,0.0,1,750
MOFA+,basal,50,-0.28769486971114927,50,0.0,2,750
MOFA+,her2,50,-0.01313290143070867,50,0.0,4,750
MOFA+,luminal,50,-0.3952030647717412,50,0.0,5,750
R,basal,50,-0.23145791165772386,50,0.0,0,751
R,her2,50,-0.6051148171954174,50,0.0,1,751
R,luminal,50,-0.2089545565975805,50,0.0,1,751
R+P,basal,50,-0.10595367995078149,50,0.0,0,751
R+P,her2,50,-0.37026842433908735,50,0.0,1,751
R+P,luminal,50,-0.09289631857612501,50,0.0,1,751
R+D,basal,50,-0.5486741288503479,50,0.0,0,751
R+D,her2,50,-0.39705876638330784,50,0.0,2,751
R+D,luminal,50,-0.23792136365502237,50,0.0,2,751
R+P+D,basal,50,-0.4302509799947281,50,0.0,2,751
R+P+D,her2,50,-0.3695000509293416,50,0.0,3,751
R+P+D,luminal,50,-0.20621174636857653,50,0.0,2,751
MOFA+,basal,50,-0.28769486971114927,50,0.0,2,751
MOFA+,her2,50,-0.3120793521641551,50,0.0,1,751
MOFA+,luminal,50,-0.3952030647717412,50,0.0,5,751
R,basal,50,-0.1717351358888973,50,0.0,2,752
R,her2,50,-0.4515715851864396,50,0.02,3,752
R,luminal,50,-0.3971965907206393,50,0.0,4,752
R+P,basal,50,-0.12495488647275947,50,0.0,2,752
R+P,her2,50,-0.20993828604167117,50,0.0,3,752
R+P,luminal,50,-0.5966101263664284,50,0.0,6,752
R+D,basal,50,-0.24852856998079909,50,0.0,3,752
R+D,her2,50,-0.5031610761012817,50,0.02,3,752
R+D,luminal,50,-0.5308316940286913,50,0.02,3,752
R+P+D,basal,50,-0.263059992100691,50,0.0,1,752
R+P+D,her2,50,-0.3870864171732372,50,0.0,4,752
R+P+D,luminal,50,-0.6493991650621497,50,0.02,4,752
MOFA+,basal,50,-0.053421368184589986,50,0.0,3,752
MOFA+,her2,50,-0.30258820694702326,50,0.02,2,752
MOFA+,luminal,50,-0.7166178630053172,50,0.0,3,752
R,basal,50,-0.598311546676998,50,0.0,1,753
R,her2,50,-0.31820761738529685,50,0.02,0,753
R,luminal,50,-0.0864180552303633,50,0.0,0,753
R+P,basal,50,-0.672199446250559,50,0.0,1,753
R+P,her2,50,-0.3494760172435244,50,0.02,2,753
R+P,luminal,50,-0.1356687259347918,50,0.02,2,753
R+D,basal,50,-0.5762235587466814,50,0.0,4,753
R+D,her2,50,-0.38893397611563585,50,0.0,1,753
R+D,luminal,50,-0.32306922042227626,50,0.02,4,753
R+P+D,basal,50,-0.7435079018673144,50,0.0,1,753
R+P+D,her2,50,-0.37615002712137036,50,0.0,1,753
R+P+D,luminal,50,-0.29121051069518616,50,0.02,4,753
MOFA+,basal,50,-0.3889951945560759,50,0.0,1,753
MOFA+,her2,50,-0.40456322390936145,50,0.0,2,753
MOFA+,luminal,50,-0.049338171842283035,50,0.0,3,753
R,basal,50,-0.2085591001191723,50,0.0,0,754
R,her2,50,-0.12329187834361147,50,0.0,1,754
R,luminal,50,-0.4531744841132342,50,0.02,0,754
R+P,basal,50,-0.07373537869913639,50,0.0,0,754
R+P,her2,50,-0.09455369025910508,50,0.0,0,754
R+P,luminal,50,-0.3117119459118981,50,0.0,0,754
R+D,basal,50,-0.4043331400489518,50,0.0,1,754
R+D,her2,50,-0.2361494549757354,50,0.0,0,754
R+D,luminal,50,-0.3970569999725025,50,0.0,2,754
R+P+D,basal,50,-0.2714815785280513,50,0.0,1,754
R+P+D,her2,50,-0.1440324332215694,50,0.0,1,754
R+P+D,luminal,50,-0.4277514964674427,50,0.04,1,754
MOFA+,basal,50,-0.07330649288426355,50,0.0,0,754
MOFA+,her2,50,-0.04592504717146089,50,0.0,3,754
MOFA+,luminal,50,-0.22472778073296432,50,0.0,1,754
R,basal,50,-0.12847458930075226,50,0.0,1,755
R,her2,50,-0.36604107624134374,50,0.0,2,755
R,luminal,50,-0.5231065315854011,50,0.0,1,755
R+P,basal,50,-0.057756073699965355,50,0.0,2,755
R+P,her2,50,-0.4772572818696906,50,0.0,3,755
R+P,luminal,50,-0.13596654541170727,50,0.0,1,755
R+D,basal,50,-0.4792954292584314,50,0.0,4,755
R+D,her2,50,-0.3831186726725647,50,0.0,2,755
R+D,luminal,50,-0.4547515898114036,50,0.02,3,755
R+P+D,basal,50,-0.2615832403461017,50,0.0,2,755
R+P+D,her2,50,-0.43092479941242523,50,0.0,1,755
R+P+D,luminal,50,-0.25274377325473324,50,0.0,1,755
MOFA+,basal,50,-0.5159430532564055,50,0.0,5,755
MOFA+,her2,50,-0.5159761307760569,50,0.0,4,755
MOFA+,luminal,50,-0.3952030647717412,50,0.0,5,755
R,basal,50,-0.3317260484256054,50,0.0,3,756
R,her2,50,-0.23519166467245017,50,0.0,2,756
R,luminal,50,-0.436198135400814,50,0.02,0,756
R+P,basal,50,-0.15893580046251451,50,0.0,1,756
R+P,her2,50,-0.38143045776546886,50,0.0,1,756
R+P,luminal,50,-0.3327255093810322,50,0.0,2,756
R+D,basal,50,-0.558392408211892,50,0.0,5,756
R+D,her2,50,-0.3334236503877509,50,0.0,2,756
R+D,luminal,50,-0.4259069814099311,50,0.0,2,756
R+P+D,basal,50,-0.3585599387159653,50,0.0,1,756
R+P+D,her2,50,-0.3901179824355796,50,0.0,2,756
R+P+D,luminal,50,-0.3983864547764647,50,0.0,3,756
MOFA+,basal,50,-0.07330649288426355,50,0.0,0,756
MOFA+,her2,50,-0.5652605157510739,50,0.0,1,756
MOFA+,luminal,50,-0.32179389140566017,50,0.0,2,756
R,basal,50,-0.2811450742562652,50,0.0,0,757
R,her2,50,-0.3299109973706841,50,0.0,2,757
R,luminal,50,-0.18852491459675033,50,0.0,0,757
R+P,basal,50,-0.3709284444070778,50,0.0,2,757
R+P,her2,50,-0.23355919435845848,50,0.02,2,757
R+P,luminal,50,-0.1124356141353566,50,0.0,0,757
R+D,basal,50,-0.3955730606344269,50,0.0,4,757
R+D,her2,50,-0.517175707329064,50,0.02,2,757
R+D,luminal,50,-0.3537375664082409,50,0.02,1,757
R+P+D,basal,50,-0.46161942592995864,50,0.0,4,757
R+P+D,her2,50,-0.3668013853315892,50,0.02,2,757
R+P+D,luminal,50,-0.2310302470612921,50,0.0,2,757
MOFA+,basal,50,-0.012019998178718974,50,0.0,4,757
MOFA+,her2,50,-0.39835941672586217,50,0.02,5,757
MOFA+,luminal,50,-0.38706270944304655,50,0.0,1,757
R,basal,50,-0.4171699249998912,50,0.0,4,758
R,her2,50,-0.26204987212269126,50,0.0,4,758
R,luminal,50,-0.17430590052638106,50,0.0,0,758
R+P,basal,50,-0.3724612706011461,50,0.0,6,758
R+P,her2,50,-0.14393175828134075,50,0.0,0,758
R+P,luminal,50,-0.15836492792098894,50,0.0,0,758
R+D,basal,50,-0.39801156532702925,50,0.0,5,758
R+D,her2,50,-0.4787578830745858,50,0.0,5,758
R+D,luminal,50,-0.37839226433315476,50,0.02,1,758
R+P+D,basal,50,-0.2565124744843722,50,0.0,4,758
R+P+D,her2,50,-0.2419331758263038,50,0.0,3,758
R+P+D,luminal,50,-0.3147336912431486,50,0.02,0,758
MOFA+,basal,50,-0.5054582191460999,50,0.0,4,758
MOFA+,her2,50,-0.04592504717146089,50,0.0,3,758
MOFA+,luminal,50,-0.32575067826405774,50,0.02,2,758
R,basal,50,-0.40978932267054213,50,0.0,2,759
R,her2,50,-0.31459467833183763,50,0.0,1,759
R,luminal,50,-0.22691329977015878,50,0.0,3,759
R+P,basal,50,-0.2331492174350026,50,0.0,1,759
R+P,her2,50,-0.4157463099577879,50,0.02,3,759
R+P,luminal,50,-0.29130855136193257,50,0.0,1,759
R+D,basal,50,-0.5198537684351858,50,0.0,2,759
R+D,her2,50,-0.3883995479384763,50,0.0,4,759
R+D,luminal,50,-0.28838671449466813,50,0.0,3,759
R+P+D,basal,50,-0.32282526245011633,50,0.0,1,759
R+P+D,her2,50,-0.3445057496887457,50,0.0,4,759
R+P+D,luminal,50,-0.3818455537115914,50,0.0,2,759
MOFA+,basal,50,-0.5463558416948096,50,0.0,3,759
MOFA+,her2,50,-0.7022956727559374,50,0.0,3,759
MOFA+,luminal,50,-0.014035583308286484,50,0.0,4,759
R,basal,50,-0.20746115712217614,50,0.0,1,760
R,her2,50,-0.09972146447080213,50,0.0,1,760
R,luminal,50,-0.35448408289293026,50,0.0,2,760
R+P,basal,50,-0.14535451701825955,50,0.0,4,760
R+P,her2,50,-0.11222941738042543,50,0.0,0,760
R+P,luminal,50,-0.2218336288512975,50,0.0,1,760
R+D,basal,50,-0.3422980983976294,50,0.0,2,760
R+D,her2,50,-0.328744539765886,50,0.0,0,760
R+D,luminal,50,-0.5982206765944504,50,0.0,2,760
R+P+D,basal,50,-0.2663502747598955,50,0.0,3,760
R+P+D,her2,50,-0.25748810199131406,50,0.0,1,760
R+P+D,luminal,50,-0.2843423933813209,50,0.0,1,760
MOFA+,basal,50,-0.3889951945560759,50,0.0,1,760
MOFA+,her2,50,-0.08379133735789089,50,0.0,0,760
MOFA+,luminal,50,-0.4605362947843053,50,0.0,5,760
R,basal,50,-0.14417424771995535,50,0.0,0,761
R,her2,50,-0.5520503133950337,50,0.0,6,761
R,luminal,50,-0.2511860732287857,50,0.0,0,761
R+P,basal,50,-0.20822931362215713,50,0.0,1,761
R+P,her2,50,-0.5047158095230884,50,0.0,6,761
R+P,luminal,50,-0.14235974778667196,50,0.0,2,761
R+D,basal,50,-0.3637753606027103,50,0.0,3,761
R+D,her2,50,-0.625319162819701,50,0.0,5,761
R+D,luminal,50,-0.3832060489587094,50,0.0,1,761
R+P+D,basal,50,-0.3148117504853135,50,0.0,3,761
R+P+D,her2,50,-0.5143184846426427,50,0.0,4,761
R+P+D,luminal,50,-0.18814701171854256,50,0.0,1,761
MOFA+,basal,50,-0.27447206105048505,50,0.0,1,761
MOFA+,her2,50,-0.39835941672586217,50,0.02,5,761
MOFA+,luminal,50,-0.4336475234046903,50,0.0,2,761
R,basal,50,-0.37278354106594436,50,0.0,1,762
R,her2,50,-0.6477200229863717,50,0.0,4,762
R,luminal,50,-0.38133875861356464,50,0.0,1,762
R+P,basal,50,-0.3276076760092691,50,0.0,2,762
R+P,her2,50,-0.4224521977947782,50,0.0,0,762
R+P,luminal,50,-0.36348075398290225,50,0.0,1,762
R+D,basal,50,-0.38307577142094695,50,0.0,2,762
R+D,her2,50,-0.7200715054008805,50,0.0,1,762
R+D,luminal,50,-0.42893672985960885,50,0.0,3,762
R+P+D,basal,50,-0.3568064478598234,50,0.0,1,762
R+P+D,her2,50,-0.5348072679693378,50,0.0,0,762
R+P+D,luminal,50,-0.2581722518554366,50,0.0,1,762
MOFA+,basal,50,-0.28982350086081005,50,0.0,2,762
MOFA+,her2,50,-0.40456322390936145,50,0.0,2,762
MOFA+,luminal,50,-0.049338171842283035,50,0.0,3,762
R,basal,50,-0.5456906090239468,50,0.0,4,763
R,her2,50,-0.30518998898861627,50,0.0,1,763
R,luminal,50,-0.16357121247937503,50,0.0,1,763
R+P,basal,50,-0.5056511720500566,50,0.0,4,763
R+P,her2,50,-0.23564695025728402,50,0.0,2,763
R+P,luminal,50,-0.1712866294346491,50,0.0,1,763
R+D,basal,50,-0.48072682637084874,50,0.0,2,763
R+D,her2,50,-0.428308658965013,50,0.0,1,763
R+D,luminal,50,-0.2826887979716051,50,0.0,1,763
R+P+D,basal,50,-0.516569610891699,50,0.0,3,763
R+P+D,her2,50,-0.2588000291394141,50,0.0,2,763
R+P+D,luminal,50,-0.27284973071552454,50,0.0,1,763
MOFA+,basal,50,-0.7399409894194376,50,0.0,3,763
MOFA+,her2,50,-0.4928444076680832,50,0.0,5,763
MOFA+,luminal,50,-0.049338171842283035,50,0.0,3,763
R,basal,50,-0.611617770523184,50,0.0,1,764
R,her2,50,-0.4176295551714056,50,0.0,1,764
R,luminal,50,-0.23144662998260684,50,0.0,0,764
R+P,basal,50,-0.4224101603590648,50,0.0,2,764
R+P,her2,50,-0.4210394412779184,50,0.0,2,764
R+P,luminal,50,-0.2582578795537127,50,0.0,3,764
R+D,basal,50,-0.5413767471526598,50,0.0,4,764
R+D,her2,50,-0.3554964996744267,50,0.0,1,764
R+D,luminal,50,-0.3388038842697397,50,0.0,2,764
R+P+D,basal,50,-0.48899974220908327,50,0.0,2,764
R+P+D,her2,50,-0.46021113782631073,50,0.0,1,764
R+P+D,luminal,50,-0.348261838757879,50,0.0,3,764
MOFA+,basal,50,-0.368276449712905,50,0.02,2,764
MOFA+,her2,50,-0.4928444076680832,50,0.0,5,764
MOFA+,luminal,50,-0.5834359116792033,50,0.0,1,764
R,basal,50,-0.054479587021618106,50,0.0,0,765
R,her2,50,-0.5718017299177552,50,0.02,3,765
R,luminal,50,-0.13293021181955586,50,0.02,0,765
R+P,basal,50,-0.10467090891563602,50,0.0,0,765
R+P,her2,50,-0.4712356303470059,50,0.02,2,765
R+P,luminal,50,-0.08300518439909492,50,0.02,2,765
R+D,basal,50,-0.2963802904170364,50,0.0,2,765
R+D,her2,50,-0.46160268769956675,50,0.0,6,765
R+D,luminal,50,-0.2866225304271342,50,0.02,0,765
R+P+D,basal,50,-0.3740255226388019,50,0.0,3,765
R+P+D,her2,50,-0.5055680067807746,50,0.0,4,765
R+P+D,luminal,50,-0.14007878149398595,50,0.04,1,765
MOFA+,basal,50,-0.07330649288426355,50,0.0,0,765
MOFA+,her2,50,-0.3782726858472879,50,0.0,2,765
MOFA+,luminal,50,-0.22472778073296432,50,0.0,1,765
R,basal,50,-0.31587632683198125,50,0.0,6,766
R,her2,50,-0.15225054023231804,50,0.0,1,766
R,luminal,50,-0.25334146257783247,50,0.0,2,766
R+P,basal,50,-0.27238156193674873,50,0.0,4,766
R+P,her2,50,-0.16781050357161084,50,0.0,1,766
R+P,luminal,50,-0.373626494826157,50,0.0,3,766
R+D,basal,50,-0.4491892455953016,50,0.0,3,766
R+D,her2,50,-0.3218541208947663,50,0.0,2,766
R+D,luminal,50,-0.5489160173543334,50,0.0,4,766
R+P+D,basal,50,-0.3842453023208411,50,0.0,4,766
R+P+D,her2,50,-0.19762325914963572,50,0.0,2,766
R+P+D,luminal,50,-0.49958495352597126,50,0.0,3,766
MOFA+,basal,50,-0.3889951945560759,50,0.0,1,766
MOFA+,her2,50,-0.31448275361111183,50,0.04,2,766
MOFA+,luminal,50,-0.4605362947843053,50,0.0,5,766
R,basal,50,-0.15310430775667858,50,0.0,2,767
R,her2,50,-0.22641269085958068,50,0.0,3,767
R,luminal,50,-0.4721119103354689,50,0.04,3,767
R+P,basal,50,-0.11323608976407484,50,0.0,0,767
R+P,her2,50,-0.11582159213050013,50,0.0,1,767
R+P,luminal,50,-0.40135696286714234,50,0.02,2,767
R+D,basal,50,-0.3141481380955341,50,0.0,2,767
R+D,her2,50,-0.37783135644679455,50,0.0,2,767
R+D,luminal,50,-0.5332187772934505,50,0.02,3,767
R+P+D,basal,50,-0.43510144072475787,50,0.0,1,767
R+P+D,her2,50,-0.19210338105597152,50,0.0,0,767
R+P+D,luminal,50,-0.6022597178635472,50,0.04,3,767
MOFA+,basal,50,-0.07330649288426355,50,0.0,0,767
MOFA+,her2,50,-0.5652605157510739,50,0.0,1,767
MOFA+,luminal,50,-0.33866773742407064,50,0.0,2,767
R,basal,50,-0.18562929997893313,50,0.0,2,768
R,her2,50,-0.33073194167223513,50,0.02,3,768
R,luminal,50,-0.3148473306681389,50,0.02,2,768
R+P,basal,50,-0.3148344546785513,50,0.0,1,768
R+P,her2,50,-0.27334760290819415,50,0.0,4,768
R+P,luminal,50,-0.17855447382436168,50,0.0,0,768
R+D,basal,50,-0.4569438606058956,50,0.0,5,768
R+D,her2,50,-0.3968897837119891,50,0.04,2,768
R+D,luminal,50,-0.3707557975628659,50,0.0,3,768
R+P+D,basal,50,-0.3212741149116315,50,0.0,1,768
R+P+D,her2,50,-0.5378535330405887,50,0.02,3,768
R+P+D,luminal,50,-0.325296552611446,50,0.0,0,768
MOFA+,basal,50,-0.39079658001654743,50,0.0,5,768
MOFA+,her2,50,-0.5491719546595314,50,0.0,3,768
MOFA+,luminal,50,-0.27498818356268634,50,0.0,1,768
R,basal,50,-0.7065944844803547,50,0.0,9,769
R,her2,50,-0.22399111764029145,50,0.0,1,769
R,luminal,50,-0.2180695937370842,50,0.0,0,769
R+P,basal,50,-0.4942310918735909,50,0.0,1,769
R+P,her2,50,-0.21348783474564,50,0.02,1,769
R+P,luminal,50,-0.146296877037061,50,0.0,2,769
R+D,basal,50,-0.7494178922167282,50,0.0,10,769
R+D,her2,50,-0.8265033803136164,50,0.02,6,769
R+D,luminal,50,-0.2959025953909358,50,0.0,2,769
R+P+D,basal,50,-0.5625365581693983,50,0.0,6,769
R+P+D,her2,50,-0.4610087838917559,50,0.02,4,769
R+P+D,luminal,50,-0.23159558286517154,50,0.0,2,769
MOFA+,basal,50,-0.7399409894194376,50,0.0,3,769
MOFA+,her2,50,-0.40456322390936145,50,0.0,2,769
MOFA+,luminal,50,-0.049338171842283035,50,0.0,3,769
R,basal,50,-0.40557163364977866,50,0.0,0,770
R,her2,50,-0.3654609942960989,50,0.0,2,770
R,luminal,50,-0.2275311599931531,50,0.0,0,770
R+P,basal,50,-0.6257838523282838,50,0.0,1,770
R+P,her2,50,-0.2699457399848425,50,0.0,0,770
R+P,luminal,50,-0.11230661212326071,50,0.0,1,770
R+D,basal,50,-0.46600115129957664,50,0.0,1,770
R+D,her2,50,-0.49582318163194045,50,0.0,2,770
R+D,luminal,50,-0.33284107207162883,50,0.0,1,770
R+P+D,basal,50,-0.4683172788978964,50,0.0,1,770
R+P+D,her2,50,-0.404780942119086,50,0.0,0,770
R+P+D,luminal,50,-0.2566350232890117,50,0.0,1,770
MOFA+,basal,50,-0.28982350086081005,50,0.0,2,770
MOFA+,her2,50,-0.3930197206468565,50,0.02,2,770
MOFA+,luminal,50,-0.32575067826405774,50,0.02,2,770
R,basal,50,-0.29238677460506934,50,0.0,3,771
R,her2,50,-0.3973213290781015,50,0.0,2,771
R,luminal,50,-0.219715653517426,50,0.0,1,771
R+P,basal,50,-0.3201205635554578,50,0.0,3,771
R+P,her2,50,-0.3913549361298487,50,0.0,2,771
R+P,luminal,50,-0.19416908085749854,50,0.0,0,771
R+D,basal,50,-0.3497165816622514,50,0.0,3,771
R+D,her2,50,-0.2837666008188177,50,0.0,2,771
R+D,luminal,50,-0.38693388286173913,50,0.0,4,771
R+P+D,basal,50,-0.4136596888811897,50,0.0,3,771
R+P+D,her2,50,-0.3467270982583889,50,0.0,3,771
R+P+D,luminal,50,-0.2631417997017634,50,0.0,2,771
MOFA+,basal,50,-0.27447206105048505,50,0.0,1,771
MOFA+,her2,50,-0.08379133735789089,50,0.0,0,771
MOFA+,luminal,50,-0.22472778073296432,50,0.0,1,771
R,basal,50,-0.40273279920254235,50,0.0,3,772
R,her2,50,-0.15643184527339493,50,0.0,0,772
R,luminal,50,-0.2591416167505528,50,0.02,1,772
R+P,basal,50,-0.2995916769825078,50,0.0,3,772
R+P,her2,50,-0.14990504619361034,50,0.0,0,772
R+P,luminal,50,-0.24913140814748097,50,0.0,1,772
R+D,basal,50,-0.5137629665011096,50,0.0,3,772
R+D,her2,50,-0.369725200044806,50,0.02,1,772
R+D,luminal,50,-0.38215527590233156,50,0.0,3,772
R+P+D,basal,50,-0.5405420283281358,50,0.0,3,772
R+P+D,her2,50,-0.23371319863229234,50,0.0,1,772
R+P+D,luminal,50,-0.3477022170828111,50,0.0,2,772
MOFA+,basal,50,-0.28769486971114927,50,0.0,2,772
MOFA+,her2,50,-0.2768959773562112,50,0.02,1,772
MOFA+,luminal,50,-0.5336617848574897,50,0.0,2,772
R,basal,50,-0.1832908258815105,50,0.0,1,773
R,her2,50,-0.03950093968833339,50,0.02,0,773
R,luminal,50,-0.4566754340231837,50,0.0,1,773
R+P,basal,50,-0.17662785095788258,50,0.0,0,773
R+P,her2,50,-0.049148271766205356,50,0.02,0,773
R+P,luminal,50,-0.2860301293411664,50,0.0,1,773
R+D,basal,50,-0.41273066317897933,50,0.0,1,773
R+D,her2,50,-0.3660441631705394,50,0.02,2,773
R+D,luminal,50,-0.4562659992547847,50,0.0,2,773
R+P+D,basal,50,-0.3093995518289573,50,0.0,1,773
R+P+D,her2,50,-0.28199091619145145,50,0.02,2,773
R+P+D,luminal,50,-0.4062660897101923,50,0.0,0,773
MOFA+,basal,50,-0.28769486971114927,50,0.0,2,773
MOFA+,her2,50,-0.01313290143070867,50,0.0,4,773
MOFA+,luminal,50,-0.4108772374338225,50,0.02,1,773
R,basal,50,-0.33407969495041523,50,0.0,1,774
R,her2,50,-0.5985047425575379,50,0.02,4,774
R,luminal,50,-0.34917974230603926,50,0.02,7,774
R+P,basal,50,-0.28771527151641085,50,0.0,1,774
R+P,her2,50,-0.3864883830031186,50,0.02,1,774
R+P,luminal,50,-0.34886751087802653,50,0.0,2,774
R+D,basal,50,-0.3622669587382058,50,0.0,5,774
R+D,her2,50,-0.7289210335219818,50,0.02,3,774
R+D,luminal,50,-0.3183786454405796,50,0.0,6,774
R+P+D,basal,50,-0.27111845810294694,50,0.0,2,774
R+P+D,her2,50,-0.5237118223800927,50,0.02,0,774
R+P+D,luminal,50,-0.4288653860691071,50,0.0,3,774
MOFA+,basal,50,-0.39079658001654743,50,0.0,5,774
MOFA+,her2,50,-0.5067927857540258,50,0.0,2,774
MOFA+,luminal,50,-0.4336475234046903,50,0.0,2,774
R,basal,50,-0.341402097727503,50,0.0,1,775
R,her2,50,-0.27545724601958704,50,0.0,0,775
R,luminal,50,-0.18253817196047803,50,0.0,0,775
R+P,basal,50,-0.3315709671647818,50,0.0,0,775
R+P,her2,50,-0.38949068694186073,50,0.0,0,775
R+P,luminal,50,-0.1341737596902942,50,0.0,1,775
R+D,basal,50,-0.3947900617703255,50,0.0,1,775
R+D,her2,50,-0.4769817321953632,50,0.0,0,775
R+D,luminal,50,-0.27285000546730775,50,0.02,1,775
R+P+D,basal,50,-0.4330136815816463,50,0.0,1,775
R+P+D,her2,50,-0.4106130650432269,50,0.0,1,775
R+P+D,luminal,50,-0.15469189976531125,50,0.0,1,775
MOFA+,basal,50,-0.07330649288426355,50,0.0,0,775
MOFA+,her2,50,-0.3930197206468565,50,0.02,2,775
MOFA+,luminal,50,-0.22472778073296432,50,0.0,1,775
R,basal,50,-0.310628879139633,50,0.0,3,776
R,her2,50,-0.3229942170478417,50,0.0,1,776
R,luminal,50,-0.3553001625156636,50,0.02,0,776
R+P,basal,50,-0.15912117150650176,50,0.0,1,776
R+P,her2,50,-0.34068495801492454,50,0.0,0,776
R+P,luminal,50,-0.24630859485922138,50,0.02,2,776
R+D,basal,50,-0.5116654224330426,50,0.0,3,776
R+D,her2,50,-0.5144342361222732,50,0.02,3,776
R+D,luminal,50,-0.5266719258457553,50,0.0,3,776
R+P+D,basal,50,-0.4511244587316427,50,0.0,2,776
R+P+D,her2,50,-0.41549363643678644,50,0.02,0,776
R+P+D,luminal,50,-0.3032197986420699,50,0.0,3,776
MOFA+,basal,50,-0.28982350086081005,50,0.0,2,776
MOFA+,her2,50,-0.5067927857540258,50,0.0,2,776
MOFA+,luminal,50,-0.22472778073296432,50,0.0,1,776
R,basal,50,-0.4075222311736465,50,0.0,0,777
R,her2,50,-0.4448326033054215,50,0.02,5,777
R,luminal,50,-0.22284183557678083,50,0.0,0,777
R+P,basal,50,-0.2872622420283273,50,0.0,2,777
R+P,her2,50,-0.2831954375840342,50,0.02,3,777
R+P,luminal,50,-0.13814310905825652,50,0.0,0,777
R+D,basal,50,-0.5203750075094067,50,0.0,3,777
R+D,her2,50,-0.4309941656075526,50,0.0,4,777
R+D,luminal,50,-0.30349474736773907,50,0.02,1,777
R+P+D,basal,50,-0.30984370760300867,50,0.0,1,777
R+P+D,her2,50,-0.3260585453566626,50,0.0,2,777
R+P+D,luminal,50,-0.27245820409281396,50,0.0,0,777
MOFA+,basal,50,-0.5463558416948096,50,0.0,3,777
MOFA+,her2,50,-0.5067927857540258,50,0.0,2,777
MOFA+,luminal,50,-0.08707907674069461,50,0.0,0,777
R,basal,50,-0.2993396929516294,50,0.0,1,778
R,her2,50,-0.24574662547258458,50,0.0,3,778
R,luminal,50,-0.33031289679576475,50,0.0,0,778
R+P,basal,50,-0.3412482741939463,50,0.0,1,778
R+P,her2,50,-0.21731792178424797,50,0.0,2,778
R+P,luminal,50,-0.2370217690320533,50,0.0,1,778
R+D,basal,50,-0.37476372909394234,50,0.0,2,778
R+D,her2,50,-0.32076579986706555,50,0.0,2,778
R+D,luminal,50,-0.3940373842644481,50,0.0,2,778
R+P+D,basal,50,-0.39511743209486627,50,0.0,2,778
R+P+D,her2,50,-0.3096440702382403,50,0.0,2,778
R+P+D,luminal,50,-0.2767684005620616,50,0.0,1,778
MOFA+,basal,50,-0.5178778430235921,50,0.0,2,778
MOFA+,her2,50,-0.39835941672586217,50,0.02,5,778
MOFA+,luminal,50,-0.32575067826405774,50,0.02,2,778
R,basal,50,-0.3685604432960776,50,0.0,2,779
R,her2,50,-0.47375060794575463,50,0.0,3,779
R,luminal,50,-0.3126484124857845,50,0.02,0,779
R+P,basal,50,-0.33846132878862634,50,0.0,3,779
R+P,her2,50,-0.5995142514501194,50,0.0,5,779
R+P,luminal,50,-0.3062874060596624,50,0.02,1,779
R+D,basal,50,-0.6238076252997341,50,0.0,0,779
R+D,her2,50,-0.5798199908232609,50,0.0,2,779
R+D,luminal,50,-0.3411757407006508,50,0.0,1,779
R+P+D,basal,50,-0.4444299630694759,50,0.0,1,779
R+P+D,her2,50,-0.4279696949535909,50,0.04,4,779
R+P+D,luminal,50,-0.3317638428214499,50,0.0,2,779
MOFA+,basal,50,-0.5463558416948096,50,0.0,3,779
MOFA+,her2,50,-0.3120793521641551,50,0.0,1,779
MOFA+,luminal,50,-0.27498818356268634,50,0.0,1,779
R,basal,50,-0.275991970508518,50,0.0,3,780
R,her2,50,-0.14933402245859292,50,0.0,0,780
R,luminal,50,-0.6828944802583624,50,0.02,4,780
R+P,basal,50,-0.23015275181399047,50,0.0,3,780
R+P,her2,50,-0.11280467314560799,50,0.04,2,780
R+P,luminal,50,-0.7147563585754785,50,0.0,3,780
R+D,basal,50,-0.2864640010284718,50,0.0,0,780
R+D,her2,50,-0.2979087114642516,50,0.02,3,780
R+D,luminal,50,-0.5349138684874749,50,0.02,4,780
R+P+D,basal,50,-0.33224469417131397,50,0.0,1,780
R+P+D,her2,50,-0.1022426531470865,50,0.02,2,780
R+P+D,luminal,50,-0.7435602194544018,50,0.0,2,780
MOFA+,basal,50,-0.40261158750576387,50,0.0,1,780
MOFA+,her2,50,-0.04592504717146089,50,0.0,3,780
MOFA+,luminal,50,-0.7166178630053172,50,0.0,3,780
R,basal,50,-0.2213428479222261,50,0.0,1,781
R,her2,50,-0.22590780637140181,50,0.02,3,781
R,luminal,50,-0.4517048510071753,50,0.02,4,781
R+P,basal,50,-0.13077426928613423,50,0.0,0,781
R+P,her2,50,-0.33445439967299295,50,0.02,2,781
R+P,luminal,50,-0.4999190340509657,50,0.0,1,781
R+D,basal,50,-0.4522993265490629,50,0.0,3,781
R+D,her2,50,-0.3554492092682121,50,0.02,3,781
R+D,luminal,50,-0.4163440006382199,50,0.02,2,781
R+P+D,basal,50,-0.16345439744053902,50,0.0,1,781
R+P+D,her2,50,-0.384323883021096,50,0.04,3,781
R+P+D,luminal,50,-0.4415901424546558,50,0.02,1,781
MOFA+,basal,50,-0.3212467034974735,50,0.0,1,781
MOFA+,her2,50,-0.21672749174668915,50,0.0,1,781
MOFA+,luminal,50,-0.32179389140566017,50,0.0,2,781
R,basal,50,-0.30985984019141766,50,0.0,4,782
R,her2,50,-0.5737406956142316,50,0.0,3,782
R,luminal,50,-0.26561758606541164,50,0.02,2,782
R+P,basal,50,-0.17474698887243048,50,0.0,3,782
R+P,her2,50,-0.5955087905043982,50,0.0,3,782
R+P,luminal,50,-0.06909922302735154,50,0.0,1,782
R+D,basal,50,-0.2641854507745336,50,0.0,2,782
R+D,her2,50,-0.6777306274784911,50,0.0,3,782
R+D,luminal,50,-0.3074192976651025,50,0.02,1,782
R+P+D,basal,50,-0.28310675485865344,50,0.0,1,782
R+P+D,her2,50,-0.6931312356118489,50,0.0,2,782
R+P+D,luminal,50,-0.20490045323257114,50,0.02,1,782
MOFA+,basal,50,-0.39079658001654743,50,0.0,5,782
MOFA+,her2,50,-0.42313238618869314,50,0.02,1,782
MOFA+,luminal,50,-0.014035583308286484,50,0.0,4,782
R,basal,50,-0.28905360797762686,50,0.0,2,783
R,her2,50,-0.34883919103485544,50,0.0,1,783
R,luminal,50,-0.33220020356931373,50,0.02,3,783
R+P,basal,50,-0.19638054441711195,50,0.0,0,783
R+P,her2,50,-0.30822069593169027,50,0.0,1,783
R+P,luminal,50,-0.2795219571144504,50,0.0,2,783
R+D,basal,50,-0.34530501650092627,50,0.0,1,783
R+D,her2,50,-0.3346591338886716,50,0.0,2,783
R+D,luminal,50,-0.45539755626627404,50,0.02,2,783
R+P+D,basal,50,-0.309331612573188,50,0.0,0,783
R+P+D,her2,50,-0.5277341829425984,50,0.0,4,783
R+P+D,luminal,50,-0.3398831758926425,50,0.02,2,783
MOFA+,basal,50,-0.3915193340880218,50,0.0,2,783
MOFA+,her2,50,-0.3782726858472879,50,0.0,2,783
MOFA+,luminal,50,-0.38706270944304655,50,0.0,1,783
R,basal,50,-0.43724717132102314,50,0.0,4,784
R,her2,50,-0.28127886406882746,50,0.02,2,784
R,luminal,50,-0.2327694069311713,50,0.0,1,784
R+P,basal,50,-0.36846087185532356,50,0.0,3,784
R+P,her2,50,-0.20333933014138303,50,0.0,0,784
R+P,luminal,50,-0.11751864327190915,50,0.0,1,784
R+D,basal,50,-0.5192890857683944,50,0.0,3,784
R+D,her2,50,-0.4761313017434826,50,0.0,1,784
R+D,luminal,50,-0.34664310422788225,50,0.0,0,784
R+P+D,basal,50,-0.40003112430175547,50,0.0,3,784
R+P+D,her2,50,-0.37684907251479116,50,0.0,0,784
R+P+D,luminal,50,-0.25858688814655756,50,0.02,1,784
MOFA+,basal,50,-0.40261158750576387,50,0.0,1,784
MOFA+,her2,50,-0.5067927857540258,50,0.0,2,784
MOFA+,luminal,50,-0.08707907674069461,50,0.0,0,784
R,basal,50,-0.6433619153256503,50,0.02,4,785
R,her2,50,-0.2956649094564679,50,0.0,2,785
R,luminal,50,-0.16069803736277063,50,0.06,4,785
R+P,basal,50,-0.32949607993685603,50,0.02,3,785
R+P,her2,50,-0.24435472439382624,50,0.0,1,785
R+P,luminal,50,-0.12106576020917548,50,0.04,4,785
R+D,basal,50,-0.5251118164220717,50,0.0,1,785
R+D,her2,50,-0.31698328242236185,50,0.0,3,785
R+D,luminal,50,-0.18019915450827736,50,0.02,2,785
R+P+D,basal,50,-0.4289635094912299,50,0.0,2,785
R+P+D,her2,50,-0.2906093537145782,50,0.0,3,785
R+P+D,luminal,50,-0.2570743371229172,50,0.04,4,785
MOFA+,basal,50,-0.5159430532564055,50,0.0,5,785
MOFA+,her2,50,-0.3120793521641551,50,0.0,1,785
MOFA+,luminal,50,-0.22472778073296432,50,0.0,1,785
R,basal,50,-0.10142773796700535,50,0.0,2,786
R,her2,50,-0.4557255453368754,50,0.0,2,786
R,luminal,50,-0.27171364900053047,50,0.02,2,786
R+P,basal,50,-0.09985865111246482,50,0.0,0,786
R+P,her2,50,-0.22746266744285923,50,0.0,1,786
R+P,luminal,50,-0.35522488199142965,50,0.0,1,786
R+D,basal,50,-0.23102552605975749,50,0.0,0,786
R+D,her2,50,-0.45962772346658454,50,0.0,0,786
R+D,luminal,50,-0.4135102097020907,50,0.02,4,786
R+P+D,basal,50,-0.21867964046371938,50,0.0,1,786
R+P+D,her2,50,-0.24469146776958656,50,0.0,0,786
R+P+D,luminal,50,-0.3074434953607828,50,0.02,4,786
MOFA+,basal,50,-0.012019998178718974,50,0.0,4,786
MOFA+,her2,50,-0.3782726858472879,50,0.0,2,786
MOFA+,luminal,50,-0.5834359116792033,50,0.0,1,786
R,basal,50,-0.49679237477023336,50,0.0,4,787
R,her2,50,-0.19908779318762118,50,0.0,1,787
R,luminal,50,-0.26022684830054277,50,0.02,1,787
R+P,basal,50,-0.5174998668730735,50,0.0,3,787
R+P,her2,50,-0.21452063145189806,50,0.0,1,787
R+P,luminal,50,-0.3506379219659832,50,0.02,1,787
R+D,basal,50,-0.4747168976051343,50,0.0,7,787
R+D,her2,50,-0.5353404989316419,50,0.0,1,787
R+D,luminal,50,-0.4400077485751941,50,0.0,2,787
R+P+D,basal,50,-0.4493305049897414,50,0.0,2,787
R+P+D,her2,50,-0.31027290677369435,50,0.0,1,787
R+P+D,luminal,50,-0.40651886845739776,50,0.0,2,787
MOFA+,basal,50,-0.21929701202341526,50,0.0,1,787
MOFA+,her2,50,-0.4928444076680832,50,0.0,5,787
MOFA+,luminal,50,-0.38706270944304655,50,0.0,1,787
R,basal,50,-0.17858306377504515,50,0.0,2,788
R,her2,50,-0.27090991831886224,50,0.0,1,788
R,luminal,50,-0.34152262670053235,50,0.02,3,788
R+P,basal,50,-0.3238072144939102,50,0.0,1,788
R+P,her2,50,-0.31112930450092746,50,0.0,2,788
R+P,luminal,50,-0.22074231117864096,50,0.02,2,788
R+D,basal,50,-0.3771771993474253,50,0.0,1,788
R+D,her2,50,-0.5312137613363515,50,0.02,2,788
R+D,luminal,50,-0.5413181695123963,50,0.0,2,788
R+P+D,basal,50,-0.39617221167336736,50,0.0,2,788
R+P+D,her2,50,-0.46873877872161857,50,0.02,2,788
R+P+D,luminal,50,-0.33187469870871417,50,0.0,2,788
MOFA+,basal,50,-0.28982350086081005,50,0.0,2,788
MOFA+,her2,50,-0.3782726858472879,50,0.0,2,788
MOFA+,luminal,50,-0.3952030647717412,50,0.0,5,788
R,basal,50,-0.15951747294367855,50,0.0,2,789
R,her2,50,-0.45230863392422627,50,0.0,2,789
R,luminal,50,-0.2211174239069812,50,0.0,1,789
R+P,basal,50,-0.2889666208052118,50,0.0,1,789
R+P,her2,50,-0.7011061667396639,50,0.0,4,789
R+P,luminal,50,-0.22520212835256448,50,0.02,2,789
R+D,basal,50,-0.25452325497019207,50,0.0,2,789
R+D,her2,50,-0.5030183582447382,50,0.0,2,789
R+D,luminal,50,-0.3020337091096025,50,0.0,0,789
R+P+D,basal,50,-0.31719905923486835,50,0.0,3,789
R+P+D,her2,50,-0.5844673779653502,50,0.0,1,789
R+P+D,luminal,50,-0.20099969168811055,50,0.0,1,789
MOFA+,basal,50,-0.28982350086081005,50,0.0,2,789
MOFA+,her2,50,-0.3120793521641551,50,0.0,1,789
MOFA+,luminal,50,-0.32575067826405774,50,0.02,2,789
R,basal,50,-0.3422232326158125,50,0.0,3,790
R,her2,50,-0.5727750440957098,50,0.02,5,790
R,luminal,50,-0.19378795955331654,50,0.04,1,790
R+P,basal,50,-0.15477638531951315,50,0.0,1,790
R+P,her2,50,-0.2525672104257906,50,0.0,0,790
R+P,luminal,50,-0.19101789124528004,50,0.0,1,790
R+D,basal,50,-0.3803184103857202,50,0.0,3,790
R+D,her2,50,-0.626814288837825,50,0.02,3,790
R+D,luminal,50,-0.3244205219667611,50,0.02,1,790
R+P+D,basal,50,-0.35045281045511545,50,0.0,1,790
R+P+D,her2,50,-0.44304575079482533,50,0.02,3,790
R+P+D,luminal,50,-0.3309789533123893,50,0.02,2,790
MOFA+,basal,50,-0.5159430532564055,50,0.0,5,790
MOFA+,her2,50,-0.5491719546595314,50,0.0,3,790
MOFA+,luminal,50,-0.38706270944304655,50,0.0,1,790
R,basal,50,-0.4137037971530884,50,0.0,2,791
R,her2,50,-0.6410624258835614,50,0.0,4,791
R,luminal,50,-0.10913045009562776,50,0.0,0,791
R+P,basal,50,-0.452243304148928,50,0.0,2,791
R+P,her2,50,-0.54741723244285,50,0.02,6,791
R+P,luminal,50,-0.09183766438025738,50,0.02,2,791
R+D,basal,50,-0.44382199005954015,50,0.0,2,791
R+D,her2,50,-0.5692848124421372,50,0.02,5,791
R+D,luminal,50,-0.2865528176701705,50,0.02,1,791
R+P+D,basal,50,-0.43424019079268,50,0.0,0,791
R+P+D,her2,50,-0.5514439531385226,50,0.02,5,791
R+P+D,luminal,50,-0.13896706583402418,50,0.02,3,791
MOFA+,basal,50,-0.5178778430235921,50,0.0,2,791
MOFA+,her2,50,-0.42313238618869314,50,0.02,1,791
MOFA+,luminal,50,-0.014035583308286484,50,0.0,4,791
R,basal,50,-0.306607246759281,50,0.0,3,792
R,her2,50,-0.47784256852914625,50,0.02,2,792
R,luminal,50,-0.43612748163302517,50,0.0,5,792
R+P,basal,50,-0.3388596496920267,50,0.0,1,792
R+P,her2,50,-0.3771786834274009,50,0.02,1,792
R+P,luminal,50,-0.5354875335738758,50,0.0,4,792
R+D,basal,50,-0.3453237727479287,50,0.0,4,792
R+D,her2,50,-0.5562201443414587,50,0.02,4,792
R+D,luminal,50,-0.3897246230403665,50,0.02,1,792
R+P+D,basal,50,-0.3042506100015603,50,0.0,3,792
R+P+D,her2,50,-0.5821117771759365,50,0.04,3,792
R+P+D,luminal,50,-0.3985130959912564,50,0.0,2,792
MOFA+,basal,50,-0.3212467034974735,50,0.0,1,792
MOFA+,her2,50,-0.31448275361111183,50,0.04,2,792
MOFA+,luminal,50,-0.33866773742407064,50,0.0,2,792
R,basal,50,-0.5007732149896293,50,0.0,1,793
R,her2,50,-0.2434116811205077,50,0.0,1,793
R,luminal,50,-0.07303062794683088,50,0.0,2,793
R+P,basal,50,-0.298587160546621,50,0.0,2,793
R+P,her2,50,-0.2699271833436576,50,0.0,2,793
R+P,luminal,50,-0.09630316332533712,50,0.0,0,793
R+D,basal,50,-0.3516970878013226,50,0.0,1,793
R+D,her2,50,-0.4032630745738331,50,0.02,5,793
R+D,luminal,50,-0.16932153561113344,50,0.02,2,793
R+P+D,basal,50,-0.40304608947402154,50,0.0,2,793
R+P+D,her2,50,-0.3001776511168643,50,0.02,2,793
R+P+D,luminal,50,-0.17328659966666796,50,0.0,2,793
MOFA+,basal,50,-0.4181651333139253,50,0.0,2,793
MOFA+,her2,50,-0.39835941672586217,50,0.02,5,793
MOFA+,luminal,50,-0.33866773742407064,50,0.0,2,793
R,basal,50,-0.09043388564395133,50,0.0,3,794
R,her2,50,-0.5762442390960504,50,0.0,3,794
R,luminal,50,-0.3166688555349829,50,0.02,1,794
R+P,basal,50,-0.159925952719956,50,0.0,0,794
R+P,her2,50,-0.42490062014229824,50,0.0,3,794
R+P,luminal,50,-0.24611908934354787,50,0.02,1,794
R+D,basal,50,-0.15052750918499838,50,0.0,2,794
R+D,her2,50,-0.5311302617888544,50,0.0,1,794
R+D,luminal,50,-0.46572908903113286,50,0.0,2,794
R+P+D,basal,50,-0.2902312689612901,50,0.0,3,794
R+P+D,her2,50,-0.4671601791706345,50,0.0,3,794
R+P+D,luminal,50,-0.48894857833108674,50,0.0,2,794
MOFA+,basal,50,-0.053421368184589986,50,0.0,3,794
MOFA+,her2,50,-0.5067927857540258,50,0.0,2,794
MOFA+,luminal,50,-0.4875302239750314,50,0.0,4,794
R,basal,50,-0.1991440389313137,50,0.0,1,795
R,her2,50,-0.43733513521891093,50,0.0,5,795
R,luminal,50,-0.23580845999657585,50,0.0,2,795
R+P,basal,50,-0.14309294757122554,50,0.0,2,795
R+P,her2,50,-0.14877982314766683,50,0.0,4,795
R+P,luminal,50,-0.24479991696052456,50,0.0,4,795
R+D,basal,50,-0.24274430641804376,50,0.0,1,795
R+D,her2,50,-0.5325255827675712,50,0.0,7,795
R+D,luminal,50,-0.389117085069738,50,0.0,3,795
R+P+D,basal,50,-0.297377202220787,50,0.0,2,795
R+P+D,her2,50,-0.2513672570879881,50,0.0,2,795
R+P+D,luminal,50,-0.24741812874560312,50,0.0,4,795
MOFA+,basal,50,-0.28769486971114927,50,0.0,2,795
MOFA+,her2,50,-0.5491719546595314,50,0.0,3,795
MOFA+,luminal,50,-0.27498818356268634,50,0.0,1,795
R,basal,50,-0.45640562453488104,50,0.0,2,796
R,her2,50,-0.20543011678050047,50,0.0,0,796
R,luminal,50,-0.32437675235618785,50,0.0,2,796
R+P,basal,50,-0.4885015360688056,50,0.0,1,796
R+P,her2,50,-0.15869134585894115,50,0.0,1,796
R+P,luminal,50,-0.21079376817138445,50,0.0,0,796
R+D,basal,50,-0.469705325224086,50,0.0,3,796
R+D,her2,50,-0.31346049949715776,50,0.0,0,796
R+D,luminal,50,-0.44478927004128993,50,0.0,1,796
R+P+D,basal,50,-0.6117401262349809,50,0.0,1,796
R+P+D,her2,50,-0.3602064857095088,50,0.0,2,796
R+P+D,luminal,50,-0.3426483050638441,50,0.0,0,796
MOFA+,basal,50,-0.5624526968256038,50,0.0,1,796
MOFA+,her2,50,-0.2768959773562112,50,0.02,1,796
MOFA+,luminal,50,-0.33866773742407064,50,0.0,2,796
R,basal,50,-0.3488848531469488,50,0.0,4,797
R,her2,50,-0.6430945359112573,50,0.0,5,797
R,luminal,50,-0.29352096576964853,50,0.0,1,797
R+P,basal,50,-0.35536019157645393,50,0.0,3,797
R+P,her2,50,-0.47324752350589433,50,0.0,3,797
R+P,luminal,50,-0.07646731478403994,50,0.0,2,797
R+D,basal,50,-0.31154931932681157,50,0.0,3,797
R+D,her2,50,-0.46327774412426465,50,0.0,2,797
R+D,luminal,50,-0.48750649391312,50,0.0,2,797
R+P+D,basal,50,-0.33935969244463166,50,0.0,4,797
R+P+D,her2,50,-0.4397775533661454,50,0.0,1,797
R+P+D,luminal,50,-0.23130318744280431,50,0.0,1,797
MOFA+,basal,50,-0.40261158750576387,50,0.0,1,797
MOFA+,her2,50,-0.3782726858472879,50,0.0,2,797
MOFA+,luminal,50,-0.014035583308286484,50,0.0,4,797
R,basal,50,-0.2899854070374849,50,0.0,2,798
R,her2,50,-0.07373912164829627,50,0.0,0,798
R,luminal,50,-0.2556925587365966,50,0.0,1,798
R+P,basal,50,-0.17853104075474213,50,0.0,1,798
R+P,her2,50,-0.1508870743932867,50,0.0,1,798
R+P,luminal,50,-0.4345024014445043,50,0.0,1,798
R+D,basal,50,-0.37870295862292996,50,0.0,1,798
R+D,her2,50,-0.21817259575188683,50,0.0,3,798
R+D,luminal,50,-0.28834520064096303,50,0.02,2,798
R+P+D,basal,50,-0.37772189518518295,50,0.0,1,798
R+P+D,her2,50,-0.2168925481530562,50,0.0,1,798
R+P+D,luminal,50,-0.33809105094551745,50,0.02,1,798
MOFA+,basal,50,-0.012019998178718974,50,0.0,4,798
MOFA+,her2,50,-0.04592504717146089,50,0.0,3,798
MOFA+,luminal,50,-0.4108772374338225,50,0.02,1,798
R,basal,50,-0.1547818638441222,50,0.0,3,799
R,her2,50,-0.47121683408503373,50,0.0,4,799
R,luminal,50,-0.5162725830044194,50,0.0,2,799
R+P,basal,50,-0.16563136394326464,50,0.0,2,799
R+P,her2,50,-0.3475771195094145,50,0.0,1,799
R+P,luminal,50,-0.3969768728057549,50,0.0,2,799
R+D,basal,50,-0.2934259074552962,50,0.0,4,799
R+D,her2,50,-0.5002688209575877,50,0.0,4,799
R+D,luminal,50,-0.4707572382223908,50,0.0,2,799
R+P+D,basal,50,-0.27061190835314247,50,0.0,3,799
R+P+D,her2,50,-0.3266643253008996,50,0.0,0,799
R+P+D,luminal,50,-0.44411684808571833,50,0.0,1,799
MOFA+,basal,50,-0.3915193340880218,50,0.0,2,799
MOFA+,her2,50,-0.3120793521641551,50,0.0,1,799
MOFA+,luminal,50,-0.5336617848574897,50,0.0,2,799
R,basal,50,-0.5002856881076341,50,0.0,3,800
R,her2,50,-0.12933104423336944,50,0.0,2,800
R,luminal,50,-0.22220414044414422,50,0.0,3,800
R+P,basal,50,-0.46462846538468205,50,0.0,2,800
R+P,her2,50,-0.04932749359777157,50,0.0,3,800
R+P,luminal,50,-0.14909040858005335,50,0.0,0,800
R+D,basal,50,-0.5126902224907949,50,0.0,2,800
R+D,her2,50,-0.4177952415333578,50,0.0,2,800
R+D,luminal,50,-0.4480074285700647,50,0.0,4,800
R+P+D,basal,50,-0.5834332841847353,50,0.0,5,800
R+P+D,her2,50,-0.43914436926840805,50,0.0,4,800
R+P+D,luminal,50,-0.21851281409047066,50,0.0,0,800
MOFA+,basal,50,-0.40261158750576387,50,0.0,1,800
MOFA+,her2,50,-0.01313290143070867,50,0.0,4,800
MOFA+,luminal,50,-0.5614016197427435,50,0.0,3,800
R,basal,50,-0.3028069991390136,50,0.0,2,801
R,her2,50,-0.04248176406086291,50,0.0,3,801
R,luminal,50,-0.5645272926857421,50,0.02,4,801
R+P,basal,50,-0.2077989610885859,50,0.0,1,801
R+P,her2,50,-0.0914548029584735,50,0.0,1,801
R+P,luminal,50,-0.3504738204990862,50,0.0,2,801
R+D,basal,50,-0.4805460523439918,50,0.0,5,801
R+D,her2,50,-0.26764670788186945,50,0.0,2,801
R+D,luminal,50,-0.5256658933541435,50,0.02,2,801
R+P+D,basal,50,-0.28283574326512034,50,0.0,0,801
R+P+D,her2,50,-0.27858937418474905,50,0.0,2,801
R+P+D,luminal,50,-0.3483701872248431,50,0.02,2,801
MOFA+,basal,50,-0.5054582191460999,50,0.0,4,801
MOFA+,her2,50,-0.08379133735789089,50,0.0,0,801
MOFA+,luminal,50,-0.33866773742407064,50,0.0,2,801
R,basal,50,-0.3438400267248972,50,0.0,5,802
R,her2,50,-0.3730617886648914,50,0.0,4,802
R,luminal,50,-0.3631402369864367,50,0.0,0,802
R+P,basal,50,-0.18440681067914938,50,0.0,2,802
R+P,her2,50,-0.2936895817461416,50,0.0,4,802
R+P,luminal,50,-0.3095351320632264,50,0.02,2,802
R+D,basal,50,-0.4056739253163756,50,0.0,2,802
R+D,her2,50,-0.439187876123848,50,0.0,1,802
R+D,luminal,50,-0.5377061551538509,50,0.0,0,802
R+P+D,basal,50,-0.23277835577227013,50,0.0,2,802
R+P+D,her2,50,-0.44203602648913864,50,0.0,2,802
R+P+D,luminal,50,-0.3603562929901386,50,0.0,0,802
MOFA+,basal,50,-0.3915193340880218,50,0.0,2,802
MOFA+,her2,50,-0.3120793521641551,50,0.0,1,802
MOFA+,luminal,50,-0.4875302239750314,50,0.0,4,802
R,basal,50,-0.137939067930888,50,0.0,3,803
R,her2,50,-0.3134142972348199,50,0.0,3,803
R,luminal,50,-0.3699485361602763,50,0.0,3,803
R+P,basal,50,-0.06949308239095021,50,0.0,3,803
R+P,her2,50,-0.26218093169411566,50,0.0,3,803
R+P,luminal,50,-0.3494618214621468,50,0.0,4,803
R+D,basal,50,-0.31496365603521886,50,0.0,0,803
R+D,her2,50,-0.34398627158876804,50,0.0,3,803
R+D,luminal,50,-0.4654011684205689,50,0.02,3,803
R+P+D,basal,50,-0.2152832842384698,50,0.0,0,803
R+P+D,her2,50,-0.3106805535119396,50,0.0,2,803
R+P+D,luminal,50,-0.35567305307722435,50,0.06,6,803
MOFA+,basal,50,-0.012019998178718974,50,0.0,4,803
MOFA+,her2,50,-0.39835941672586217,50,0.02,5,803
MOFA+,luminal,50,-0.4336475234046903,50,0.0,2,803
R,basal,50,-0.46337438991469904,50,0.0,0,804
R,her2,50,-0.42896204725464904,50,0.0,1,804
R,luminal,50,-0.30384324084021086,50,0.0,1,804
R+P,basal,50,-0.43684332294723727,50,0.0,0,804
R+P,her2,50,-0.25988437694806793,50,0.0,1,804
R+P,luminal,50,-0.3265687960732223,50,0.02,1,804
R+D,basal,50,-0.4884325855401693,50,0.0,5,804
R+D,her2,50,-0.5574371924976046,50,0.02,1,804
R+D,luminal,50,-0.37401591893486164,50,0.0,0,804
R+P+D,basal,50,-0.43613636140213446,50,0.0,1,804
R+P+D,her2,50,-0.4349572710080416,50,0.0,1,804
R+P+D,luminal,50,-0.35308110441994267,50,0.0,0,804
MOFA+,basal,50,-0.3889951945560759,50,0.0,1,804
MOFA+,her2,50,-0.5491719546595314,50,0.0,3,804
MOFA+,luminal,50,-0.32524904615232936,50,0.0,1,804
R,basal,50,-0.3637374606193042,50,0.0,0,805
R,her2,50,-0.23179095140301917,50,0.02,2,805
R,luminal,50,-0.3643876748831657,50,0.0,4,805
R+P,basal,50,-0.28234030733160936,50,0.0,1,805
R+P,her2,50,-0.10278611985389319,50,0.02,3,805
R+P,luminal,50,-0.31827113861359424,50,0.0,4,805
R+D,basal,50,-0.4103927273927945,50,0.0,1,805
R+D,her2,50,-0.27951239989599336,50,0.0,3,805
R+D,luminal,50,-0.537944758710554,50,0.0,3,805
R+P+D,basal,50,-0.3834246942951052,50,0.0,1,805
R+P+D,her2,50,-0.17481302103969917,50,0.0,2,805
R+P+D,luminal,50,-0.5225621325250249,50,0.0,3,805
MOFA+,basal,50,-0.21929701202341526,50,0.0,1,805
MOFA+,her2,50,-0.36001283190272754,50,0.0,1,805
MOFA+,luminal,50,-0.08707907674069461,50,0.0,0,805
R,basal,50,-0.41063337437045866,50,0.0,2,806
R,her2,50,-0.503248612901103,50,0.0,7,806
R,luminal,50,-0.14439341206515036,50,0.0,2,806
R+P,basal,50,-0.3743199009088115,50,0.0,5,806
R+P,her2,50,-0.34072529774251314,50,0.0,3,806
R+P,luminal,50,-0.054682147991231334,50,0.0,3,806
R+D,basal,50,-0.5021134467246278,50,0.0,6,806
R+D,her2,50,-0.35772664255004266,50,0.0,3,806
R+D,luminal,50,-0.31426939567111606,50,0.04,1,806
R+P+D,basal,50,-0.48221896194190816,50,0.0,6,806
R+P+D,her2,50,-0.3758841445999427,50,0.0,3,806
R+P+D,luminal,50,-0.1254490919754,50,0.0,3,806
MOFA+,basal,50,-0.07330649288426355,50,0.0,0,806
MOFA+,her2,50,-0.42313238618869314,50,0.02,1,806
MOFA+,luminal,50,-0.014035583308286484,50,0.0,4,806
R,basal,50,-0.2320730705349166,50,0.0,2,807
R,her2,50,-0.35145697247478824,50,0.0,1,807
R,luminal,50,-0.12166510296931779,50,0.0,2,807
R+P,basal,50,-0.09352459740453475,50,0.0,1,807
R+P,her2,50,-0.4695803560930656,50,0.0,0,807
R+P,luminal,50,-0.14244581800200504,50,0.0,2,807
R+D,basal,50,-0.5395480402702243,50,0.0,3,807
R+D,her2,50,-0.4260847155941914,50,0.02,1,807
R+D,luminal,50,-0.29719970462359013,50,0.0,4,807
R+P+D,basal,50,-0.4285384839764007,50,0.0,0,807
R+P+D,her2,50,-0.5351345832911,50,0.02,3,807
R+P+D,luminal,50,-0.2269826595161578,50,0.0,2,807
MOFA+,basal,50,-0.012019998178718974,50,0.0,4,807
MOFA+,her2,50,-0.08379133735789089,50,0.0,0,807
MOFA+,luminal,50,-0.22472778073296432,50,0.0,1,807
R,basal,50,-0.5001781463254246,50,0.0,5,808
R,her2,50,-0.277689629434972,50,0.02,5,808
R,luminal,50,-0.4282012864753225,50,0.0,4,808
R+P,basal,50,-0.29710451848938,50,0.0,3,808
R+P,her2,50,-0.2461595829219493,50,0.02,4,808
R+P,luminal,50,-0.44613765738623024,50,0.02,2,808
R+D,basal,50,-0.5336804472902934,50,0.0,2,808
R+D,her2,50,-0.436113411147864,50,0.02,6,808
R+D,luminal,50,-0.4669646852136605,50,0.0,2,808
R+P+D,basal,50,-0.37245220147570457,50,0.0,1,808
R+P+D,her2,50,-0.2657022878140938,50,0.02,4,808
R+P+D,luminal,50,-0.4137361208539108,50,0.0,3,808
MOFA+,basal,50,-0.5178778430235921,50,0.0,2,808
MOFA+,her2,50,-0.39835941672586217,50,0.02,5,808
MOFA+,luminal,50,-0.4336475234046903,50,0.0,2,808
R,basal,50,-0.11219284039632182,50,0.0,0,809
R,her2,50,-0.37689286165403596,50,0.02,5,809
R,luminal,50,-0.29858701282353306,50,0.0,1,809
R+P,basal,50,-0.15850119339953797,50,0.0,2,809
R+P,her2,50,-0.49232446622458526,50,0.02,5,809
R+P,luminal,50,-0.26304460944725877,50,0.0,1,809
R+D,basal,50,-0.229396028701853,50,0.0,1,809
R+D,her2,50,-0.549980192399059,50,0.02,3,809
R+D,luminal,50,-0.43071683424997703,50,0.0,3,809
R+P+D,basal,50,-0.3270377849070838,50,0.0,2,809
R+P+D,her2,50,-0.5615103491435025,50,0.02,4,809
R+P+D,luminal,50,-0.22313068553641432,50,0.0,3,809
MOFA+,basal,50,-0.5624526968256038,50,0.0,1,809
MOFA+,her2,50,-0.4928444076680832,50,0.0,5,809
MOFA+,luminal,50,-0.38706270944304655,50,0.0,1,809
R,basal,50,-0.26660066331336424,50,0.0,0,810
R,her2,50,-0.5045212601279305,50,0.0,1,810
R,luminal,50,-0.05883792357463121,50,0.0,1,810
R+P,basal,50,-0.3882448050589201,50,0.0,1,810
R+P,her2,50,-0.4677518522304996,50,0.02,5,810
R+P,luminal,50,-0.09539573934010306,50,0.0,1,810
R+D,basal,50,-0.33140947291700285,50,0.0,2,810
R+D,her2,50,-0.40367554804597566,50,0.0,0,810
R+D,luminal,50,-0.21042109742279852,50,0.0,2,810
R+P+D,basal,50,-0.3484785748765251,50,0.0,1,810
R+P+D,her2,50,-0.40697811228504116,50,0.0,1,810
R+P+D,luminal,50,-0.22208276412167408,50,0.0,2,810
MOFA+,basal,50,-0.3889951945560759,50,0.0,1,810
MOFA+,her2,50,-0.5491719546595314,50,0.0,3,810
MOFA+,luminal,50,-0.049338171842283035,50,0.0,3,810
R,basal,50,-0.3433513509488598,50,0.0,0,811
R,her2,50,-0.0733823000586068,50,0.0,2,811
R,luminal,50,-0.5414216566115575,50,0.0,3,811
R+P,basal,50,-0.277873582538997,50,0.0,1,811
R+P,her2,50,-0.1048859460051265,50,0.0,2,811
R+P,luminal,50,-0.28202679348823434,50,0.0,1,811
R+D,basal,50,-0.471710698364072,50,0.0,1,811
R+D,her2,50,-0.33819031467652794,50,0.0,1,811
R+D,luminal,50,-0.48711050564877867,50,0.0,5,811
R+P+D,basal,50,-0.40682818746112726,50,0.0,2,811
R+P+D,her2,50,-0.18155946166974524,50,0.0,3,811
R+P+D,luminal,50,-0.3380115876845673,50,0.02,2,811
MOFA+,basal,50,-0.28982350086081005,50,0.0,2,811
MOFA+,her2,50,-0.4928444076680832,50,0.0,5,811
MOFA+,luminal,50,-0.32524904615232936,50,0.0,1,811
R,basal,50,-0.35934291142266395,50,0.0,4,812
R,her2,50,-0.34472481886561623,50,0.0,5,812
R,luminal,50,-0.36329282656653633,50,0.0,0,812
R+P,basal,50,-0.5628447250008469,50,0.0,6,812
R+P,her2,50,-0.17043619898819326,50,0.02,1,812
R+P,luminal,50,-0.21693085115389785,50,0.0,1,812
R+D,basal,50,-0.5294937324084694,50,0.0,4,812
R+D,her2,50,-0.5343458397412556,50,0.02,4,812
R+D,luminal,50,-0.4281225623189345,50,0.0,1,812
R+P+D,basal,50,-0.4598432450241692,50,0.0,1,812
R+P+D,her2,50,-0.2948040609775477,50,0.02,5,812
R+P+D,luminal,50,-0.35129789354226654,50,0.0,2,812
MOFA+,basal,50,-0.28982350086081005,50,0.0,2,812
MOFA+,her2,50,-0.3782726858472879,50,0.0,2,812
MOFA+,luminal,50,-0.5834359116792033,50,0.0,1,812
R,basal,50,-0.20775405290345803,50,0.0,3,813
R,her2,50,-0.14469382162792502,50,0.0,3,813
R,luminal,50,-0.28406836749873643,50,0.02,2,813
R+P,basal,50,-0.16368149518051012,50,0.0,0,813
R+P,her2,50,-0.13097894020785147,50,0.0,1,813
R+P,luminal,50,-0.2397362760893817,50,0.02,2,813
R+D,basal,50,-0.6514183369369504,50,0.0,4,813
R+D,her2,50,-0.2684217410277398,50,0.0,2,813
R+D,luminal,50,-0.37168546884199544,50,0.0,5,813
R+P+D,basal,50,-0.44638405512110924,50,0.0,3,813
R+P+D,her2,50,-0.3737700090402471,50,0.0,2,813
R+P+D,luminal,50,-0.4041087960067414,50,0.02,2,813
MOFA+,basal,50,-0.053421368184589986,50,0.0,3,813
MOFA+,her2,50,-0.08379133735789089,50,0.0,0,813
MOFA+,luminal,50,-0.22472778073296432,50,0.0,1,813
R,basal,50,-0.40623386874377004,50,0.0,0,814
R,her2,50,-0.3581043018898612,50,0.0,2,814
R,luminal,50,-0.3976931995674392,50,0.02,3,814
R+P,basal,50,-0.3432819117494339,50,0.0,0,814
R+P,her2,50,-0.24030506740532348,50,0.0,2,814
R+P,luminal,50,-0.3910333737981452,50,0.02,4,814
R+D,basal,50,-0.6601780380369516,50,0.0,3,814
R+D,her2,50,-0.4105402969577927,50,0.0,3,814
R+D,luminal,50,-0.5666789136797026,50,0.02,5,814
R+P+D,basal,50,-0.5225797375140131,50,0.0,2,814
R+P+D,her2,50,-0.3327105856294202,50,0.0,2,814
R+P+D,luminal,50,-0.47128204756279735,50,0.02,5,814
MOFA+,basal,50,-0.5624526968256038,50,0.0,1,814
MOFA+,her2,50,-0.31448275361111183,50,0.04,2,814
MOFA+,luminal,50,-0.4336475234046903,50,0.0,2,814
R,basal,50,-0.4189202752639592,50,0.0,2,815
R,her2,50,-0.6070150300673424,50,0.0,1,815
R,luminal,50,-0.17575669457789686,50,0.0,3,815
R+P,basal,50,-0.13681316765526083,50,0.0,0,815
R+P,her2,50,-0.42974070283613885,50,0.0,1,815
R+P,luminal,50,-0.15668921358275534,50,0.0,2,815
R+D,basal,50,-0.4106767327370512,50,0.0,1,815
R+D,her2,50,-0.4377066525102966,50,0.0,2,815
R+D,luminal,50,-0.3507025699241057,50,0.02,2,815
R+P+D,basal,50,-0.2665444386162442,50,0.0,0,815
R+P+D,her2,50,-0.44932671491046633,50,0.0,4,815
R+P+D,luminal,50,-0.1732279248276937,50,0.0,3,815
MOFA+,basal,50,-0.3915193340880218,50,0.0,2,815
MOFA+,her2,50,-0.4928444076680832,50,0.0,5,815
MOFA+,luminal,50,-0.049338171842283035,50,0.0,3,815
R,basal,50,-0.13244042698295513,50,0.0,2,816
R,her2,50,-0.4343350835105182,50,0.0,2,816
R,luminal,50,-0.5328017140165707,50,0.02,5,816
R+P,basal,50,-0.09709735300183026,50,0.0,0,816
R+P,her2,50,-0.3488920157826424,50,0.0,4,816
R+P,luminal,50,-0.6629272855808098,50,0.0,2,816
R+D,basal,50,-0.22506797672698972,50,0.0,0,816
R+D,her2,50,-0.4230888016985931,50,0.0,1,816
R+D,luminal,50,-0.6318056295660887,50,0.02,8,816
R+P+D,basal,50,-0.21926362607456754,50,0.0,1,816
R+P+D,her2,50,-0.362663759256298,50,0.0,1,816
R+P+D,luminal,50,-0.6324195790861298,50,0.0,4,816
MOFA+,basal,50,-0.012019998178718974,50,0.0,4,816
MOFA+,her2,50,-0.5067927857540258,50,0.0,2,816
MOFA+,luminal,50,-0.4108772374338225,50,0.02,1,816
R,basal,50,-0.43688329912520835,50,0.0,5,817
R,her2,50,-0.27680065727173786,50,0.0,0,817
R,luminal,50,-0.3127776893086978,50,0.0,0,817
R+P,basal,50,-0.3511968200134532,50,0.0,0,817
R+P,her2,50,-0.14893528691342894,50,0.0,2,817
R+P,luminal,50,-0.3555384246748288,50,0.0,1,817
R+D,basal,50,-0.455481215507731,50,0.0,3,817
R+D,her2,50,-0.34223712102681175,50,0.0,2,817
R+D,luminal,50,-0.47187302863959535,50,0.0,2,817
R+P+D,basal,50,-0.45407472042900154,50,0.0,2,817
R+P+D,her2,50,-0.3542125117485489,50,0.0,1,817
R+P+D,luminal,50,-0.6305071274588322,50,0.0,1,817
MOFA+,basal,50,-0.3212467034974735,50,0.0,1,817
MOFA+,her2,50,-0.40456322390936145,50,0.0,2,817
MOFA+,luminal,50,-0.32179389140566017,50,0.0,2,817
R,basal,50,-0.5413400868692341,50,0.0,0,818
R,her2,50,-0.2005750248380402,50,0.04,1,818
R,luminal,50,-0.4399247026360688,50,0.0,2,818
R+P,basal,50,-0.530349196083914,50,0.0,2,818
R+P,her2,50,-0.18113821230408142,50,0.08,1,818
R+P,luminal,50,-0.4301632150730314,50,0.0,7,818
R+D,basal,50,-0.6353489483240964,50,0.0,3,818
R+D,her2,50,-0.25726171768152173,50,0.02,3,818
R+D,luminal,50,-0.4612478797838125,50,0.0,1,818
R+P+D,basal,50,-0.6805063922366906,50,0.0,2,818
R+P+D,her2,50,-0.14955256137848377,50,0.02,3,818
R+P+D,luminal,50,-0.351011703078844,50,0.0,4,818
MOFA+,basal,50,-0.5178778430235921,50,0.0,2,818
MOFA+,her2,50,-0.31448275361111183,50,0.04,2,818
MOFA+,luminal,50,-0.4605362947843053,50,0.0,5,818
R,basal,50,-0.5067865360104961,50,0.0,0,819
R,her2,50,-0.5263050497151436,50,0.0,2,819
R,luminal,50,-0.30891748684154446,50,0.0,2,819
R+P,basal,50,-0.524837782380837,50,0.02,3,819
R+P,her2,50,-0.4705965757673216,50,0.02,2,819
R+P,luminal,50,-0.36503192537916285,50,0.02,3,819
R+D,basal,50,-0.4007984034081609,50,0.0,1,819
R+D,her2,50,-0.5573023387143052,50,0.02,2,819
R+D,luminal,50,-0.4130855793695584,50,0.0,4,819
R+P+D,basal,50,-0.4683382053029497,50,0.0,2,819
R+P+D,her2,50,-0.5437926241181189,50,0.02,2,819
R+P+D,luminal,50,-0.35853603604051626,50,0.0,3,819
MOFA+,basal,50,-0.368276449712905,50,0.02,2,819
MOFA+,her2,50,-0.5067927857540258,50,0.0,2,819
MOFA+,luminal,50,-0.32575067826405774,50,0.02,2,819
R,basal,50,-0.5010753189458166,50,0.0,5,820
R,her2,50,-0.20784675715897122,50,0.04,3,820
R,luminal,50,-0.39352696815564786,50,0.02,4,820
R+P,basal,50,-0.3671170090870949,50,0.0,0,820
R+P,her2,50,-0.1789258181075122,50,0.04,2,820
R+P,luminal,50,-0.2882061483550605,50,0.0,1,820
R+D,basal,50,-0.528519434204243,50,0.0,1,820
R+D,her2,50,-0.3649680008458941,50,0.04,4,820
R+D,luminal,50,-0.5984542373507304,50,0.0,4,820
R+P+D,basal,50,-0.48472448014377634,50,0.0,0,820
R+P+D,her2,50,-0.2640066855713696,50,0.04,5,820
R+P+D,luminal,50,-0.5112113033075601,50,0.0,4,820
MOFA+,basal,50,-0.5624526968256038,50,0.0,1,820
MOFA+,her2,50,-0.2768959773562112,50,0.02,1,820
MOFA+,luminal,50,-0.5614016197427435,50,0.0,3,820
R,basal,50,-0.3531161665851904,50,0.0,1,821
R,her2,50,-0.4630125626054386,50,0.0,1,821
R,luminal,50,-0.2091570381478821,50,0.0,2,821
R+P,basal,50,-0.19130138201319888,50,0.0,3,821
R+P,her2,50,-0.49453187086070516,50,0.0,2,821
R+P,luminal,50,-0.13950580082426592,50,0.0,1,821
R+D,basal,50,-0.34699094444126916,50,0.0,1,821
R+D,her2,50,-0.5380625499937138,50,0.0,0,821
R+D,luminal,50,-0.3413128848948649,50,0.0,1,821
R+P+D,basal,50,-0.36524782798506955,50,0.0,2,821
R+P+D,her2,50,-0.38366079516069795,50,0.0,1,821
R+P+D,luminal,50,-0.20267306851614172,50,0.0,0,821
MOFA+,basal,50,-0.012019998178718974,50,0.0,4,821
MOFA+,her2,50,-0.7022956727559374,50,0.0,3,821
MOFA+,luminal,50,-0.32524904615232936,50,0.0,1,821
R,basal,50,-0.41885454807962025,50,0.0,1,822
R,her2,50,-0.13648984230803543,50,0.02,1,822
R,luminal,50,-0.35843318484465414,50,0.0,3,822
R+P,basal,50,-0.13177602969486077,50,0.0,0,822
R+P,her2,50,-0.1455612735327887,50,0.0,1,822
R+P,luminal,50,-0.2597457246498567,50,0.02,3,822
R+D,basal,50,-0.4615043212658665,50,0.0,4,822
R+D,her2,50,-0.3118971948948997,50,0.02,2,822
R+D,luminal,50,-0.699747306270891,50,0.0,2,822
R+P+D,basal,50,-0.41630101526479,50,0.0,1,822
R+P+D,her2,50,-0.3528719855294814,50,0.02,3,822
R+P+D,luminal,50,-0.36618909206806266,50,0.0,2,822
MOFA+,basal,50,-0.012019998178718974,50,0.0,4,822
MOFA+,her2,50,-0.3930197206468565,50,0.02,2,822
MOFA+,luminal,50,-0.33866773742407064,50,0.0,2,822
R,basal,50,-0.2626595543855399,50,0.0,1,823
R,her2,50,-0.19575602402351944,50,0.0,2,823
R,luminal,50,-0.4908125060829661,50,0.04,4,823
R+P,basal,50,-0.20840956655313017,50,0.0,2,823
R+P,her2,50,-0.28163122723977135,50,0.0,1,823
R+P,luminal,50,-0.19529943704525382,50,0.0,1,823
R+D,basal,50,-0.4791603221526608,50,0.0,2,823
R+D,her2,50,-0.40234052105783114,50,0.0,3,823
R+D,luminal,50,-0.5730768095021552,50,0.02,5,823
R+P+D,basal,50,-0.3464997755009632,50,0.0,1,823
R+P+D,her2,50,-0.1951292696024961,50,0.0,1,823
R+P+D,luminal,50,-0.2684541510817198,50,0.0,3,823
MOFA+,basal,50,-0.5463558416948096,50,0.0,3,823
MOFA+,her2,50,-0.3930197206468565,50,0.02,2,823
MOFA+,luminal,50,-0.4875302239750314,50,0.0,4,823
R,basal,50,-0.5259906440102972,50,0.0,6,824
R,her2,50,-0.3016783023101673,50,0.0,0,824
R,luminal,50,-0.08300703748283539,50,0.0,2,824
R+P,basal,50,-0.29970184851070625,50,0.0,1,824
R+P,her2,50,-0.18302684677004552,50,0.0,1,824
R+P,luminal,50,-0.11150432353190767,50,0.0,1,824
R+D,basal,50,-0.44066198360012526,50,0.0,4,824
R+D,her2,50,-0.45241385000072043,50,0.0,1,824
R+D,luminal,50,-0.20469495986877326,50,0.0,1,824
R+P+D,basal,50,-0.3060032505080236,50,0.0,0,824
R+P+D,her2,50,-0.27205430566212746,50,0.0,0,824
R+P+D,luminal,50,-0.30751832225260256,50,0.0,1,824
MOFA+,basal,50,-0.3212467034974735,50,0.0,1,824
MOFA+,her2,50,-0.08379133735789089,50,0.0,0,824
MOFA+,luminal,50,-0.32179389140566017,50,0.0,2,824
R,basal,50,-0.1300107776517047,50,0.0,0,825
R,her2,50,-0.3526567270762625,50,0.0,2,825
R,luminal,50,-0.6576637080634439,50,0.0,3,825
R+P,basal,50,-0.2443686037322691,50,0.0,0,825
R+P,her2,50,-0.1379119945259355,50,0.0,2,825
R+P,luminal,50,-0.34426942792490417,50,0.0,2,825
R+D,basal,50,-0.23995562463839182,50,0.0,3,825
R+D,her2,50,-0.24374689824565027,50,0.0,2,825
R+D,luminal,50,-0.5371493921740063,50,0.0,4,825
R+P+D,basal,50,-0.3680223293547374,50,0.0,2,825
R+P+D,her2,50,-0.23978765588644582,50,0.0,3,825
R+P+D,luminal,50,-0.4693148900424998,50,0.0,2,825
MOFA+,basal,50,-0.28982350086081005,50,0.0,2,825
MOFA+,her2,50,-0.3782726858472879,50,0.0,2,825
MOFA+,luminal,50,-0.5336617848574897,50,0.0,2,825
R,basal,50,-0.34208454980936165,50,0.0,0,826
R,her2,50,-0.2555002889419871,50,0.02,1,826
R,luminal,50,-0.2503107342970338,50,0.0,2,826
R+P,basal,50,-0.15203683122960412,50,0.0,2,826
R+P,her2,50,-0.129933280880849,50,0.0,0,826
R+P,luminal,50,-0.425604795340089,50,0.0,2,826
R+D,basal,50,-0.3891523639393612,50,0.0,0,826
R+D,her2,50,-0.3884739938129627,50,0.0,0,826
R+D,luminal,50,-0.46167491889089773,50,0.0,1,826
R+P+D,basal,50,-0.3157589578105723,50,0.0,1,826
R+P+D,her2,50,-0.24756413001863264,50,0.0,0,826
R+P+D,luminal,50,-0.5690068791769805,50,0.0,2,826
MOFA+,basal,50,-0.012019998178718974,50,0.0,4,826
MOFA+,her2,50,-0.5652605157510739,50,0.0,1,826
MOFA+,luminal,50,-0.3952030647717412,50,0.0,5,826
R,basal,50,-0.302178609372307,50,0.0,2,827
R,her2,50,-0.4307389046813913,50,0.0,5,827
R,luminal,50,-0.38825874135358107,50,0.0,2,827
R+P,basal,50,-0.43103097388477435,50,0.0,2,827
R+P,her2,50,-0.26235317350635484,50,0.0,2,827
R+P,luminal,50,-0.3505390539394657,50,0.0,2,827
R+D,basal,50,-0.5171793824483324,50,0.0,0,827
R+D,her2,50,-0.4536152403067624,50,0.0,4,827
R+D,luminal,50,-0.4346016334827057,50,0.0,4,827
R+P+D,basal,50,-0.449718807499098,50,0.0,2,827
R+P+D,her2,50,-0.22335940316824168,50,0.0,2,827
R+P+D,luminal,50,-0.459599892130682,50,0.0,1,827
MOFA+,basal,50,-0.4181651333139253,50,0.0,2,827
MOFA+,her2,50,-0.2768959773562112,50,0.02,1,827
MOFA+,luminal,50,-0.4605362947843053,50,0.0,5,827
R,basal,50,-0.40667053896381994,50,0.0,2,828
R,her2,50,-0.16561636655083042,50,0.02,3,828
R,luminal,50,-0.496022648606245,50,0.0,5,828
R+P,basal,50,-0.2770872969996698,50,0.0,0,828
R+P,her2,50,-0.16649020688151406,50,0.0,2,828
R+P,luminal,50,-0.5050859045970163,50,0.0,5,828
R+D,basal,50,-0.39215261175884647,50,0.0,1,828
R+D,her2,50,-0.1942284295441983,50,0.0,1,828
R+D,luminal,50,-0.5208341443431459,50,0.0,2,828
R+P+D,basal,50,-0.4292195361107811,50,0.0,1,828
R+P+D,her2,50,-0.296962351403712,50,0.0,1,828
R+P+D,luminal,50,-0.485814300415173,50,0.0,3,828
MOFA+,basal,50,-0.5463558416948096,50,0.0,3,828
MOFA+,her2,50,-0.3930197206468565,50,0.02,2,828
MOFA+,luminal,50,-0.4875302239750314,50,0.0,4,828
R,basal,50,-0.24427019158472038,50,0.0,1,829
R,her2,50,-0.11111079618721625,50,0.0,1,829
R,luminal,50,-0.462820792210182,50,0.02,3,829
R+P,basal,50,-0.17303956748189575,50,0.0,0,829
R+P,her2,50,-0.12135435812835739,50,0.0,1,829
R+P,luminal,50,-0.37622568923579147,50,0.02,3,829
R+D,basal,50,-0.446081018767747,50,0.0,2,829
R+D,her2,50,-0.36636509454057714,50,0.0,2,829
R+D,luminal,50,-0.52717352090887,50,0.02,5,829
R+P+D,basal,50,-0.3856203013195189,50,0.0,4,829
R+P+D,her2,50,-0.2418830938089822,50,0.0,1,829
R+P+D,luminal,50,-0.4452384556951526,50,0.02,4,829
MOFA+,basal,50,-0.4181651333139253,50,0.0,2,829
MOFA+,her2,50,-0.04592504717146089,50,0.0,3,829
MOFA+,luminal,50,-0.7166178630053172,50,0.0,3,829
R,basal,50,-0.37083774560575833,50,0.0,2,830
R,her2,50,-0.29157137682173506,50,0.02,2,830
R,luminal,50,-0.37639359666510636,50,0.0,1,830
R+P,basal,50,-0.47855334909410113,50,0.0,1,830
R+P,her2,50,-0.30375562990402494,50,0.02,3,830
R+P,luminal,50,-0.39140551209767316,50,0.02,1,830
R+D,basal,50,-0.536735394030288,50,0.0,2,830
R+D,her2,50,-0.38840868947369905,50,0.0,2,830
R+D,luminal,50,-0.41606481050727306,50,0.02,3,830
R+P+D,basal,50,-0.45046195407520867,50,0.0,1,830
R+P+D,her2,50,-0.4321089549807249,50,0.0,2,830
R+P+D,luminal,50,-0.3889020474563574,50,0.02,1,830
MOFA+,basal,50,-0.5178778430235921,50,0.0,2,830
MOFA+,her2,50,-0.01313290143070867,50,0.0,4,830
MOFA+,luminal,50,-0.32575067826405774,50,0.02,2,830
R,basal,50,-0.1948059503451222,50,0.0,0,831
R,her2,50,-0.533987940972684,50,0.02,6,831
R,luminal,50,-0.2754018065490033,50,0.0,2,831
R+P,basal,50,-0.1767356481326032,50,0.0,1,831
R+P,her2,50,-0.3845607138880701,50,0.0,4,831
R+P,luminal,50,-0.3245720747356185,50,0.0,1,831
R+D,basal,50,-0.36956136062537603,50,0.0,3,831
R+D,her2,50,-0.7318448434029358,50,0.0,3,831
R+D,luminal,50,-0.41240530541309084,50,0.0,2,831
R+P+D,basal,50,-0.2617096380962957,50,0.0,1,831
R+P+D,her2,50,-0.5108676236065848,50,0.0,3,831
R+P+D,luminal,50,-0.4979261788161306,50,0.0,0,831
MOFA+,basal,50,-0.5463558416948096,50,0.0,3,831
MOFA+,her2,50,-0.3120793521641551,50,0.0,1,831
MOFA+,luminal,50,-0.32179389140566017,50,0.0,2,831
R,basal,50,-0.26650762522417265,50,0.0,2,832
R,her2,50,-0.4575636032941799,50,0.0,2,832
R,luminal,50,-0.3227524522393659,50,0.0,1,832
R+P,basal,50,-0.3372780371159289,50,0.0,3,832
R+P,her2,50,-0.2910997148153598,50,0.0,0,832
R+P,luminal,50,-0.256998364372583,50,0.0,0,832
R+D,basal,50,-0.32810406940956116,50,0.0,2,832
R+D,her2,50,-0.5050796473163387,50,0.02,2,832
R+D,luminal,50,-0.4464898435582975,50,0.0,0,832
R+P+D,basal,50,-0.4224761896297727,50,0.0,0,832
R+P+D,her2,50,-0.4495702484185014,50,0.0,1,832
R+P+D,luminal,50,-0.38333417175623835,50,0.0,0,832
MOFA+,basal,50,-0.368276449712905,50,0.02,2,832
MOFA+,her2,50,-0.39835941672586217,50,0.02,5,832
MOFA+,luminal,50,-0.5834359116792033,50,0.0,1,832
R,basal,50,-0.09169340493129725,50,0.0,1,833
R,her2,50,-0.3401962006157976,50,0.0,2,833
R,luminal,50,-0.4280510400863534,50,0.0,3,833
R+P,basal,50,-0.16205126512834514,50,0.0,1,833
R+P,her2,50,-0.2693455624017583,50,0.02,1,833
R+P,luminal,50,-0.3340872415865752,50,0.0,6,833
R+D,basal,50,-0.43191377055963714,50,0.0,2,833
R+D,her2,50,-0.5244076584451154,50,0.02,2,833
R+D,luminal,50,-0.4383689238260181,50,0.0,3,833
R+P+D,basal,50,-0.39520967729569256,50,0.0,2,833
R+P+D,her2,50,-0.33954116754893277,50,0.02,0,833
R+P+D,luminal,50,-0.36605509239663325,50,0.0,3,833
MOFA+,basal,50,-0.5178778430235921,50,0.0,2,833
MOFA+,her2,50,-0.42313238618869314,50,0.02,1,833
MOFA+,luminal,50,-0.4336475234046903,50,0.0,2,833
R,basal,50,-0.45274011871788905,50,0.0,3,834
R,her2,50,-0.3213159287946158,50,0.0,3,834
R,luminal,50,-0.31489175593537627,50,0.0,0,834
R+P,basal,50,-0.22908622843998155,50,0.0,4,834
R+P,her2,50,-0.24306627523929783,50,0.0,2,834
R+P,luminal,50,-0.24224448900084855,50,0.02,0,834
R+D,basal,50,-0.5593808082679315,50,0.0,4,834
R+D,her2,50,-0.3898497528997467,50,0.0,2,834
R+D,luminal,50,-0.36042835041123816,50,0.02,1,834
R+P+D,basal,50,-0.44872081438250616,50,0.0,1,834
R+P+D,her2,50,-0.28154727909679755,50,0.0,1,834
R+P+D,luminal,50,-0.40886796775935375,50,0.0,1,834
MOFA+,basal,50,-0.39079658001654743,50,0.0,5,834
MOFA+,her2,50,-0.42313238618869314,50,0.02,1,834
MOFA+,luminal,50,-0.4336475234046903,50,0.0,2,834
R,basal,50,-0.4366518256928133,50,0.0,3,835
R,her2,50,-0.2163186162737995,50,0.0,2,835
R,luminal,50,-0.4998182211932787,50,0.0,0,835
R+P,basal,50,-0.20348703662465673,50,0.0,1,835
R+P,her2,50,-0.13387356018274776,50,0.0,2,835
R+P,luminal,50,-0.2516302995003765,50,0.0,1,835
R+D,basal,50,-0.39616303530222086,50,0.0,3,835
R+D,her2,50,-0.41520588860496865,50,0.02,0,835
R+D,luminal,50,-0.4742147899845461,50,0.0,1,835
R+P+D,basal,50,-0.4378496694053944,50,0.0,5,835
R+P+D,her2,50,-0.26408856758174165,50,0.02,0,835
R+P+D,luminal,50,-0.35559851787713453,50,0.0,1,835
MOFA+,basal,50,-0.3212467034974735,50,0.0,1,835
MOFA+,her2,50,-0.5491719546595314,50,0.0,3,835
MOFA+,luminal,50,-0.5834359116792033,50,0.0,1,835
R,basal,50,-0.30255850843137805,50,0.0,3,836
R,her2,50,-0.19517747330092164,50,0.0,2,836
R,luminal,50,-0.4161229550655308,50,0.0,3,836
R+P,basal,50,-0.2828184043794786,50,0.0,2,836
R+P,her2,50,-0.13784669960766735,50,0.0,1,836
R+P,luminal,50,-0.41568529152871236,50,0.0,3,836
R+D,basal,50,-0.43174460289202765,50,0.0,4,836
R+D,her2,50,-0.4627217147740123,50,0.0,2,836
R+D,luminal,50,-0.5226970228083393,50,0.0,2,836
R+P+D,basal,50,-0.32767424904386055,50,0.0,2,836
R+P+D,her2,50,-0.36563771993768585,50,0.0,1,836
R+P+D,luminal,50,-0.5168603916410711,50,0.0,4,836
MOFA+,basal,50,-0.5054582191460999,50,0.0,4,836
MOFA+,her2,50,-0.2768959773562112,50,0.02,1,836
MOFA+,luminal,50,-0.4336475234046903,50,0.0,2,836
R,basal,50,-0.22427799547819888,50,0.0,4,837
R,her2,50,-0.13298858409190642,50,0.0,2,837
R,luminal,50,-0.4821085380494303,50,0.0,1,837
R+P,basal,50,-0.20488496178915963,50,0.0,3,837
R+P,her2,50,-0.14316531130699067,50,0.04,2,837
R+P,luminal,50,-0.30596349211010654,50,0.0,1,837
R+D,basal,50,-0.39050588546993525,50,0.0,5,837
R+D,her2,50,-0.38886715775722747,50,0.0,1,837
R+D,luminal,50,-0.5037798228805555,50,0.0,3,837
R+P+D,basal,50,-0.32677740596807486,50,0.0,2,837
R+P+D,her2,50,-0.3594825658691159,50,0.02,2,837
R+P+D,luminal,50,-0.3241471758280789,50,0.0,0,837
MOFA+,basal,50,-0.39079658001654743,50,0.0,5,837
MOFA+,her2,50,-0.31448275361111183,50,0.04,2,837
MOFA+,luminal,50,-0.4605362947843053,50,0.0,5,837
R,basal,50,-0.3454643411404899,50,0.0,0,838
R,her2,50,-0.19221627294462684,50,0.0,3,838
R,luminal,50,-0.38220283690854423,50,0.0,1,838
R+P,basal,50,-0.3008407880157889,50,0.0,1,838
R+P,her2,50,-0.1398860988891907,50,0.0,2,838
R+P,luminal,50,-0.2587325978906986,50,0.0,0,838
R+D,basal,50,-0.4291871488004174,50,0.0,0,838
R+D,her2,50,-0.27255564709023006,50,0.0,3,838
R+D,luminal,50,-0.4700875333539702,50,0.0,1,838
R+P+D,basal,50,-0.4072203575416773,50,0.0,0,838
R+P+D,her2,50,-0.2267214179358338,50,0.0,4,838
R+P+D,luminal,50,-0.4496319644890305,50,0.0,0,838
MOFA+,basal,50,-0.5159430532564055,50,0.0,5,838
MOFA+,her2,50,-0.31448275361111183,50,0.04,2,838
MOFA+,luminal,50,-0.5834359116792033,50,0.0,1,838
R,basal,50,-0.29167119687556764,50,0.0,3,839
R,her2,50,-0.4511750283720589,50,0.0,3,839
R,luminal,50,-0.15191744736058732,50,0.0,0,839
R+P,basal,50,-0.19967191345480298,50,0.0,2,839
R+P,her2,50,-0.421149941584766,50,0.02,1,839
R+P,luminal,50,-0.1761518960008167,50,0.02,0,839
R+D,basal,50,-0.3599115524981904,50,0.0,3,839
R+D,her2,50,-0.4589073262745494,50,0.0,4,839
R+D,luminal,50,-0.4830566622250157,50,0.0,3,839
R+P+D,basal,50,-0.41910003602184726,50,0.0,2,839
R+P+D,her2,50,-0.4019273618359927,50,0.02,0,839
R+P+D,luminal,50,-0.3778716786627394,50,0.0,2,839
MOFA+,basal,50,-0.053421368184589986,50,0.0,3,839
MOFA+,her2,50,-0.01313290143070867,50,0.0,4,839
MOFA+,luminal,50,-0.08707907674069461,50,0.0,0,839
R,basal,50,-0.21943277660834312,50,0.0,2,840
R,her2,50,-0.3559370646881704,50,0.0,4,840
R,luminal,50,-0.3577152631442364,50,0.02,4,840
R+P,basal,50,-0.11197349170126206,50,0.0,2,840
R+P,her2,50,-0.44011756448574496,50,0.0,4,840
R+P,luminal,50,-0.2937158976264381,50,0.0,2,840
R+D,basal,50,-0.3315516477284004,50,0.0,1,840
R+D,her2,50,-0.5155383747992393,50,0.02,7,840
R+D,luminal,50,-0.5117196144737828,50,0.0,3,840
R+P+D,basal,50,-0.1878608601373546,50,0.0,1,840
R+P+D,her2,50,-0.44758620873553767,50,0.0,4,840
R+P+D,luminal,50,-0.43046115424480985,50,0.0,2,840
MOFA+,basal,50,-0.3915193340880218,50,0.0,2,840
MOFA+,her2,50,-0.5159761307760569,50,0.0,4,840
MOFA+,luminal,50,-0.32524904615232936,50,0.0,1,840
R,basal,50,-0.4567212139873002,50,0.0,1,841
R,her2,50,-0.31463935062661624,50,0.0,4,841
R,luminal,50,-0.1295576915011543,50,0.0,5,841
R+P,basal,50,-0.4375273334484851,50,0.0,1,841
R+P,her2,50,-0.360008909470131,50,0.0,6,841
R+P,luminal,50,-0.201072441231919,50,0.0,6,841
R+D,basal,50,-0.4774513368576996,50,0.0,4,841
R+D,her2,50,-0.5586705227226121,50,0.0,4,841
R+D,luminal,50,-0.28755494125927017,50,0.0,5,841
R+P+D,basal,50,-0.47089472955312567,50,0.0,2,841
R+P+D,her2,50,-0.5483390109558457,50,0.0,4,841
R+P+D,luminal,50,-0.3154597198009862,50,0.0,3,841
MOFA+,basal,50,-0.3889951945560759,50,0.0,1,841
MOFA+,her2,50,-0.3120793521641551,50,0.0,1,841
MOFA+,luminal,50,-0.22472778073296432,50,0.0,1,841
R,basal,50,-0.49297225206550604,50,0.0,2,842
R,her2,50,-0.17597188250959095,50,0.02,1,842
R,luminal,50,-0.4795478010650422,50,0.02,5,842
R+P,basal,50,-0.3555635496577505,50,0.0,1,842
R+P,her2,50,-0.030039527467102964,50,0.0,1,842
R+P,luminal,50,-0.2934417664041826,50,0.0,3,842
R+D,basal,50,-0.5973967037070153,50,0.0,3,842
R+D,her2,50,-0.2712323841278968,50,0.02,0,842
R+D,luminal,50,-0.45863407002038087,50,0.0,2,842
R+P+D,basal,50,-0.46727791595839446,50,0.0,0,842
R+P+D,her2,50,-0.1391532916350924,50,0.0,0,842
R+P+D,luminal,50,-0.39408093608568573,50,0.0,1,842
MOFA+,basal,50,-0.3889951945560759,50,0.0,1,842
MOFA+,her2,50,-0.01313290143070867,50,0.0,4,842
MOFA+,luminal,50,-0.33866773742407064,50,0.0,2,842
R,basal,50,-0.18198271017035414,50,0.0,2,843
R,her2,50,-0.4243513187774418,50,0.0,0,843
R,luminal,50,-0.2448186371171904,50,0.0,5,843
R+P,basal,50,-0.14588147694680628,50,0.0,1,843
R+P,her2,50,-0.4253903549967359,50,0.02,1,843
R+P,luminal,50,-0.23192165379496768,50,0.02,4,843
R+D,basal,50,-0.4048956468940476,50,0.0,3,843
R+D,her2,50,-0.511063729401928,50,0.0,2,843
R+D,luminal,50,-0.5431376499784044,50,0.02,12,843
R+P+D,basal,50,-0.3744507637862581,50,0.0,1,843
R+P+D,her2,50,-0.5756156209490411,50,0.0,3,843
R+P+D,luminal,50,-0.3116466614028734,50,0.0,5,843
MOFA+,basal,50,-0.07330649288426355,50,0.0,0,843
MOFA+,her2,50,-0.7022956727559374,50,0.0,3,843
MOFA+,luminal,50,-0.32575067826405774,50,0.02,2,843
R,basal,50,-0.2567525416324196,50,0.0,3,844
R,her2,50,-0.3153077176673759,50,0.0,2,844
R,luminal,50,-0.46864111170384126,50,0.0,3,844
R+P,basal,50,-0.15200916902754846,50,0.0,1,844
R+P,her2,50,-0.24220412045488474,50,0.0,0,844
R+P,luminal,50,-0.2803682476187796,50,0.0,3,844
R+D,basal,50,-0.2802332376714123,50,0.0,2,844
R+D,her2,50,-0.3366689992453534,50,0.02,2,844
R+D,luminal,50,-0.3100022084517505,50,0.0,0,844
R+P+D,basal,50,-0.20080495579219348,50,0.0,1,844
R+P+D,her2,50,-0.20507739386812435,50,0.0,1,844
R+P+D,luminal,50,-0.32606067149084955,50,0.0,1,844
MOFA+,basal,50,-0.39079658001654743,50,0.0,5,844
MOFA+,her2,50,-0.21672749174668915,50,0.0,1,844
MOFA+,luminal,50,-0.08707907674069461,50,0.0,0,844
R,basal,50,-0.11564926047365588,50,0.0,0,845
R,her2,50,-0.22177923042886497,50,0.0,2,845
R,luminal,50,-0.47392108717751164,50,0.0,0,845
R+P,basal,50,-0.15075074394408275,50,0.0,0,845
R+P,her2,50,-0.3457504398298831,50,0.0,2,845
R+P,luminal,50,-0.43115588007684574,50,0.02,0,845
R+D,basal,50,-0.3396090567002108,50,0.0,1,845
R+D,her2,50,-0.3919936470027507,50,0.0,3,845
R+D,luminal,50,-0.4429771478112319,50,0.0,2,845
R+P+D,basal,50,-0.1946117000528124,50,0.0,1,845
R+P+D,her2,50,-0.32167564402245874,50,0.0,3,845
R+P+D,luminal,50,-0.5421749384166771,50,0.0,1,845
MOFA+,basal,50,-0.053421368184589986,50,0.0,3,845
MOFA+,her2,50,-0.5067927857540258,50,0.0,2,845
MOFA+,luminal,50,-0.7166178630053172,50,0.0,3,845
R,basal,50,-0.24749196005762517,50,0.0,1,846
R,her2,50,-0.12243333048501803,50,0.0,1,846
R,luminal,50,-0.15869440523258596,50,0.0,2,846
R+P,basal,50,-0.2043240051744545,50,0.0,0,846
R+P,her2,50,-0.17595220776430673,50,0.0,1,846
R+P,luminal,50,-0.43713471572165585,50,0.0,3,846
R+D,basal,50,-0.40075222326798937,50,0.0,1,846
R+D,her2,50,-0.3290774027388661,50,0.0,1,846
R+D,luminal,50,-0.4485034262547857,50,0.0,4,846
R+P+D,basal,50,-0.39625863992078053,50,0.0,1,846
R+P+D,her2,50,-0.27979255620970955,50,0.0,2,846
R+P+D,luminal,50,-0.50713815138086,50,0.0,1,846
MOFA+,basal,50,-0.4181651333139253,50,0.0,2,846
MOFA+,her2,50,-0.39835941672586217,50,0.02,5,846
MOFA+,luminal,50,-0.7166178630053172,50,0.0,3,846
R,basal,50,-0.25526399663385907,50,0.0,3,847
R,her2,50,-0.25427387794687567,50,0.0,2,847
R,luminal,50,-0.41113920711411517,50,0.0,0,847
R+P,basal,50,-0.1660933834487256,50,0.0,2,847
R+P,her2,50,-0.12216752648329925,50,0.0,0,847
R+P,luminal,50,-0.44751245177453775,50,0.0,1,847
R+D,basal,50,-0.35648027915658625,50,0.0,3,847
R+D,her2,50,-0.3863794269831704,50,0.0,1,847
R+D,luminal,50,-0.5515390336569475,50,0.0,4,847
R+P+D,basal,50,-0.27209744656864865,50,0.0,0,847
R+P+D,her2,50,-0.22224597005466976,50,0.0,0,847
R+P+D,luminal,50,-0.5301827209475904,50,0.0,4,847
MOFA+,basal,50,-0.012019998178718974,50,0.0,4,847
MOFA+,her2,50,-0.36001283190272754,50,0.0,1,847
MOFA+,luminal,50,-0.5336617848574897,50,0.0,2,847
R,basal,50,-0.2330236205471326,50,0.0,2,848
R,her2,50,-0.2672237098075263,50,0.0,2,848
R,luminal,50,-0.3006554220192745,50,0.04,0,848
R+P,basal,50,-0.18448556469901586,50,0.0,4,848
R+P,her2,50,-0.38909863249251797,50,0.0,4,848
R+P,luminal,50,-0.42877906213776035,50,0.02,1,848
R+D,basal,50,-0.3502079795932928,50,0.0,3,848
R+D,her2,50,-0.4198928726293101,50,0.02,2,848
R+D,luminal,50,-0.3804173019503771,50,0.02,0,848
R+P+D,basal,50,-0.4009362479069217,50,0.0,3,848
R+P+D,her2,50,-0.3773292812991231,50,0.02,1,848
R+P+D,luminal,50,-0.4462138357652017,50,0.02,3,848
MOFA+,basal,50,-0.3212467034974735,50,0.0,1,848
MOFA+,her2,50,-0.5159761307760569,50,0.0,4,848
MOFA+,luminal,50,-0.32179389140566017,50,0.0,2,848
R,basal,50,-0.2783566145847646,50,0.0,1,849
R,her2,50,-0.44180526984423685,50,0.0,4,849
R,luminal,50,-0.28628114992792797,50,0.0,1,849
R+P,basal,50,-0.332975215348082,50,0.0,3,849
R+P,her2,50,-0.5770533381941556,50,0.0,1,849
R+P,luminal,50,-0.27039501674109706,50,0.0,1,849
R+D,basal,50,-0.43368267087683626,50,0.0,1,849
R+D,her2,50,-0.5671753388939895,50,0.0,6,849
R+D,luminal,50,-0.52190537942335,50,0.0,1,849
R+P+D,basal,50,-0.29176838112519393,50,0.0,1,849
R+P+D,her2,50,-0.4587314316674048,50,0.0,4,849
R+P+D,luminal,50,-0.41167825237230793,50,0.0,2,849
MOFA+,basal,50,-0.3212467034974735,50,0.0,1,849
MOFA+,her2,50,-0.2768959773562112,50,0.02,1,849
MOFA+,luminal,50,-0.32179389140566017,50,0.0,2,849
R,basal,50,-0.5920493119031948,50,0.0,5,850
R,her2,50,-0.33353206485948506,50,0.0,2,850
R,luminal,50,-0.08719092246126625,50,0.0,1,850
R+P,basal,50,-0.618945169816449,50,0.0,3,850
R+P,her2,50,-0.20157418147536268,50,0.0,1,850
R+P,luminal,50,-0.06624156215927496,50,0.0,0,850
R+D,basal,50,-0.49157641864527635,50,0.0,3,850
R+D,her2,50,-0.4369200813178768,50,0.0,3,850
R+D,luminal,50,-0.4262608715766953,50,0.0,0,850
R+P+D,basal,50,-0.5100106971995346,50,0.0,2,850
R+P+D,her2,50,-0.28788808353787354,50,0.0,2,850
R+P+D,luminal,50,-0.22199480067067928,50,0.0,0,850
MOFA+,basal,50,-0.7399409894194376,50,0.0,3,850
MOFA+,her2,50,-0.42313238618869314,50,0.02,1,850
MOFA+,luminal,50,-0.014035583308286484,50,0.0,4,850
R,basal,50,-0.2512904857194189,50,0.0,3,851
R,her2,50,-0.4179539666435817,50,0.0,2,851
R,luminal,50,-0.3422344409982868,50,0.0,1,851
R+P,basal,50,-0.23679425270080176,50,0.0,1,851
R+P,her2,50,-0.2824659301999344,50,0.0,2,851
R+P,luminal,50,-0.3353698736244644,50,0.0,2,851
R+D,basal,50,-0.4646866761879055,50,0.0,2,851
R+D,her2,50,-0.6645264836685072,50,0.0,2,851
R+D,luminal,50,-0.3213400555399856,50,0.02,2,851
R+P+D,basal,50,-0.368630458486607,50,0.0,2,851
R+P+D,her2,50,-0.5432901432158759,50,0.0,2,851
R+P+D,luminal,50,-0.3410942025843813,50,0.02,3,851
MOFA+,basal,50,-0.21929701202341526,50,0.0,1,851
MOFA+,her2,50,-0.08379133735789089,50,0.0,0,851
MOFA+,luminal,50,-0.27498818356268634,50,0.0,1,851
R,basal,50,-0.27425403096990086,50,0.0,1,852
R,her2,50,-0.611613380858106,50,0.0,3,852
R,luminal,50,-0.06249255717573976,50,0.0,2,852
R+P,basal,50,-0.3416883808255777,50,0.0,2,852
R+P,her2,50,-0.3358672149028353,50,0.02,1,852
R+P,luminal,50,-0.07482244716154401,50,0.0,3,852
R+D,basal,50,-0.4121909792341836,50,0.0,2,852
R+D,her2,50,-0.5723930099179312,50,0.0,4,852
R+D,luminal,50,-0.15238892762539513,50,0.0,1,852
R+P+D,basal,50,-0.32652211923089147,50,0.0,2,852
R+P+D,her2,50,-0.4274096559735876,50,0.0,1,852
R+P+D,luminal,50,-0.1702401738844522,50,0.0,0,852
MOFA+,basal,50,-0.5463558416948096,50,0.0,3,852
MOFA+,her2,50,-0.42313238618869314,50,0.02,1,852
MOFA+,luminal,50,-0.27498818356268634,50,0.0,1,852
R,basal,50,-0.3396997446047723,50,0.0,2,853
R,her2,50,-0.35317964158743204,50,0.0,1,853
R,luminal,50,-0.4550998990363203,50,0.02,3,853
R+P,basal,50,-0.19681009107938852,50,0.0,4,853
R+P,her2,50,-0.22279780179739614,50,0.0,2,853
R+P,luminal,50,-0.4893436946188425,50,0.04,5,853
R+D,basal,50,-0.46257978080195244,50,0.0,4,853
R+D,her2,50,-0.34805274387005497,50,0.0,2,853
R+D,luminal,50,-0.5775045778591987,50,0.02,0,853
R+P+D,basal,50,-0.4090624314524372,50,0.0,4,853
R+P+D,her2,50,-0.22191035216064187,50,0.0,1,853
R+P+D,luminal,50,-0.526712313744446,50,0.04,2,853
MOFA+,basal,50,-0.5624526968256038,50,0.0,1,853
MOFA+,her2,50,-0.30258820694702326,50,0.02,2,853
MOFA+,luminal,50,-0.5614016197427435,50,0.0,3,853
R,basal,50,-0.20773702126408178,50,0.0,1,854
R,her2,50,-0.3041367237249802,50,0.0,2,854
R,luminal,50,-0.674622739733635,50,0.0,7,854
R+P,basal,50,-0.2731307991977094,50,0.0,0,854
R+P,her2,50,-0.3132300607327382,50,0.04,3,854
R+P,luminal,50,-0.7767429313095405,50,0.02,6,854
R+D,basal,50,-0.5066352632103741,50,0.0,0,854
R+D,her2,50,-0.4054796622526602,50,0.02,3,854
R+D,luminal,50,-0.48454063779742285,50,0.0,3,854
R+P+D,basal,50,-0.34071432495730586,50,0.0,1,854
R+P+D,her2,50,-0.37583811254644217,50,0.02,2,854
R+P+D,luminal,50,-0.5278792173316283,50,0.0,2,854
MOFA+,basal,50,-0.053421368184589986,50,0.0,3,854
MOFA+,her2,50,-0.30258820694702326,50,0.02,2,854
MOFA+,luminal,50,-0.7166178630053172,50,0.0,3,854
R,basal,50,-0.6209920830508405,50,0.0,3,855
R,her2,50,-0.08670349900136437,50,0.0,1,855
R,luminal,50,-0.2769043246648696,50,0.0,3,855
R+P,basal,50,-0.6859522071933256,50,0.0,1,855
R+P,her2,50,-0.19602923820374193,50,0.0,2,855
R+P,luminal,50,-0.304245299556883,50,0.0,4,855
R+D,basal,50,-0.5286778219400687,50,0.0,2,855
R+D,her2,50,-0.3467495844255075,50,0.0,0,855
R+D,luminal,50,-0.46276206434610256,50,0.0,3,855
R+P+D,basal,50,-0.5381910996587872,50,0.0,1,855
R+P+D,her2,50,-0.33000828878272365,50,0.0,1,855
R+P+D,luminal,50,-0.3615366834321256,50,0.0,3,855
MOFA+,basal,50,-0.7399409894194376,50,0.0,3,855
MOFA+,her2,50,-0.04592504717146089,50,0.0,3,855
MOFA+,luminal,50,-0.32179389140566017,50,0.0,2,855
R,basal,50,-0.28113404901732464,50,0.0,5,856
R,her2,50,-0.6363755998516466,50,0.0,7,856
R,luminal,50,-0.1382992394746082,50,0.02,2,856
R+P,basal,50,-0.21634378304456037,50,0.0,4,856
R+P,her2,50,-0.5484249619942889,50,0.0,4,856
R+P,luminal,50,-0.12188047211351538,50,0.02,1,856
R+D,basal,50,-0.4199149401599181,50,0.0,3,856
R+D,her2,50,-0.6584794150875238,50,0.0,8,856
R+D,luminal,50,-0.20800509028592049,50,0.0,0,856
R+P+D,basal,50,-0.3139549261719614,50,0.0,4,856
R+P+D,her2,50,-0.49257881528524955,50,0.0,5,856
R+P+D,luminal,50,-0.23316268163388176,50,0.02,0,856
MOFA+,basal,50,-0.21929701202341526,50,0.0,1,856
MOFA+,her2,50,-0.5491719546595314,50,0.0,3,856
MOFA+,luminal,50,-0.27498818356268634,50,0.0,1,856
R,basal,50,-0.25647979316999175,50,0.0,2,857
R,her2,50,-0.4497073920752283,50,0.0,1,857
R,luminal,50,-0.19394619252033476,50,0.02,0,857
R+P,basal,50,-0.2914954688862646,50,0.0,3,857
R+P,her2,50,-0.25365796717135874,50,0.0,1,857
R+P,luminal,50,-0.16424782525326126,50,0.02,2,857
R+D,basal,50,-0.43957061389105234,50,0.0,4,857
R+D,her2,50,-0.4962130540515189,50,0.0,0,857
R+D,luminal,50,-0.2699306087275603,50,0.02,2,857
R+P+D,basal,50,-0.3777533550481245,50,0.0,1,857
R+P+D,her2,50,-0.45611424909335546,50,0.0,0,857
R+P+D,luminal,50,-0.2592854425938444,50,0.0,2,857
MOFA+,basal,50,-0.5463558416948096,50,0.0,3,857
MOFA+,her2,50,-0.39835941672586217,50,0.02,5,857
MOFA+,luminal,50,-0.22472778073296432,50,0.0,1,857
R,basal,50,-0.1983133819690589,50,0.0,0,858
R,her2,50,-0.38862751399452167,50,0.0,4,858
R,luminal,50,-0.4905151127706128,50,0.02,2,858
R+P,basal,50,-0.13444042236988268,50,0.0,0,858
R+P,her2,50,-0.3102516633263739,50,0.0,3,858
R+P,luminal,50,-0.27633492868709153,50,0.02,1,858
R+D,basal,50,-0.3416844961615679,50,0.0,2,858
R+D,her2,50,-0.5101511599497576,50,0.0,2,858
R+D,luminal,50,-0.37323632163622583,50,0.0,2,858
R+P+D,basal,50,-0.2725096840376155,50,0.0,1,858
R+P+D,her2,50,-0.5406361833455291,50,0.0,1,858
R+P+D,luminal,50,-0.39878099194252614,50,0.02,2,858
MOFA+,basal,50,-0.28769486971114927,50,0.0,2,858
MOFA+,her2,50,-0.5067927857540258,50,0.0,2,858
MOFA+,luminal,50,-0.5336617848574897,50,0.0,2,858
R,basal,50,-0.3350206598245194,50,0.0,1,859
R,her2,50,-0.3513600156566652,50,0.0,2,859
R,luminal,50,-0.27828503172647595,50,0.0,0,859
R+P,basal,50,-0.22351996919385833,50,0.0,0,859
R+P,her2,50,-0.32028325121697016,50,0.02,2,859
R+P,luminal,50,-0.25542217479532736,50,0.0,1,859
R+D,basal,50,-0.36772348482838796,50,0.0,4,859
R+D,her2,50,-0.43681137109279133,50,0.02,1,859
R+D,luminal,50,-0.49590402613818724,50,0.0,3,859
R+P+D,basal,50,-0.30986214216693214,50,0.0,0,859
R+P+D,her2,50,-0.3396491239303831,50,0.02,2,859
R+P+D,luminal,50,-0.42136955282396416,50,0.0,1,859
MOFA+,basal,50,-0.3212467034974735,50,0.0,1,859
MOFA+,her2,50,-0.5491719546595314,50,0.0,3,859
MOFA+,luminal,50,-0.32179389140566017,50,0.0,2,859
R,basal,50,-0.5691118475938566,50,0.0,1,860
R,her2,50,-0.1785593555333407,50,0.0,2,860
R,luminal,50,-0.35896348904460146,50,0.0,6,860
R+P,basal,50,-0.5222793553939455,50,0.0,1,860
R+P,her2,50,-0.14931784704109594,50,0.0,0,860
R+P,luminal,50,-0.26380952955696846,50,0.02,5,860
R+D,basal,50,-0.398337621281226,50,0.0,2,860
R+D,her2,50,-0.4146319496754789,50,0.0,4,860
R+D,luminal,50,-0.4489691266110871,50,0.0,3,860
R+P+D,basal,50,-0.474136210658662,50,0.0,2,860
R+P+D,her2,50,-0.25644011352970053,50,0.0,2,860
R+P+D,luminal,50,-0.45703869823292137,50,0.02,4,860
MOFA+,basal,50,-0.40261158750576387,50,0.0,1,860
MOFA+,her2,50,-0.3120793521641551,50,0.0,1,860
MOFA+,luminal,50,-0.5614016197427435,50,0.0,3,860
R,basal,50,-0.26572231799015483,50,0.0,1,861
R,her2,50,-0.30526119354840753,50,0.0,1,861
R,luminal,50,-0.3205646003605748,50,0.02,2,861
R+P,basal,50,-0.04969826048147581,50,0.0,1,861
R+P,her2,50,-0.3386718757869252,50,0.0,1,861
R+P,luminal,50,-0.27394903002987786,50,0.02,0,861
R+D,basal,50,-0.44442297812646586,50,0.0,4,861
R+D,her2,50,-0.5206721062409578,50,0.0,4,861
R+D,luminal,50,-0.3580212200518428,50,0.0,2,861
R+P+D,basal,50,-0.20583660973144677,50,0.0,2,861
R+P+D,her2,50,-0.5140506012867323,50,0.02,3,861
R+P+D,luminal,50,-0.371252051531583,50,0.0,1,861
MOFA+,basal,50,-0.012019998178718974,50,0.0,4,861
MOFA+,her2,50,-0.42313238618869314,50,0.02,1,861
MOFA+,luminal,50,-0.4108772374338225,50,0.02,1,861
R,basal,50,-0.20592699823434274,50,0.0,0,862
R,her2,50,-0.2761205088568896,50,0.0,3,862
R,luminal,50,-0.15924098089555122,50,0.0,0,862
R+P,basal,50,-0.33938984687839174,50,0.0,1,862
R+P,her2,50,-0.31541962891961234,50,0.0,3,862
R+P,luminal,50,-0.10118115713963982,50,0.0,1,862
R+D,basal,50,-0.48559903508345803,50,0.0,2,862
R+D,her2,50,-0.36944174395960133,50,0.0,4,862
R+D,luminal,50,-0.2392816798084404,50,0.02,3,862
R+P+D,basal,50,-0.5656237663562647,50,0.0,5,862
R+P+D,her2,50,-0.4134842225940127,50,0.0,1,862
R+P+D,luminal,50,-0.20428760016770336,50,0.02,0,862
MOFA+,basal,50,-0.4181651333139253,50,0.0,2,862
MOFA+,her2,50,-0.30258820694702326,50,0.02,2,862
MOFA+,luminal,50,-0.08707907674069461,50,0.0,0,862
R,basal,50,-0.19698823258774706,50,0.0,0,863
R,her2,50,-0.25562394292436214,50,0.0,1,863
R,luminal,50,-0.6378259492728325,50,0.0,6,863
R+P,basal,50,-0.1895684710161775,50,0.0,0,863
R+P,her2,50,-0.29162737703963826,50,0.0,1,863
R+P,luminal,50,-0.7954009674107738,50,0.0,5,863
R+D,basal,50,-0.2987546933344353,50,0.0,1,863
R+D,her2,50,-0.5282930090726793,50,0.0,2,863
R+D,luminal,50,-0.5538206356849722,50,0.0,5,863
R+P+D,basal,50,-0.2154319510922088,50,0.0,0,863
R+P+D,her2,50,-0.40710054115239375,50,0.0,2,863
R+P+D,luminal,50,-0.5250780709143666,50,0.0,3,863
MOFA+,basal,50,-0.053421368184589986,50,0.0,3,863
MOFA+,her2,50,-0.40456322390936145,50,0.0,2,863
MOFA+,luminal,50,-0.5336617848574897,50,0.0,2,863
R,basal,50,-0.4525984321091174,50,0.0,5,864
R,her2,50,-0.2794642335433233,50,0.02,0,864
R,luminal,50,-0.45586245711163087,50,0.0,3,864
R+P,basal,50,-0.4361720384477026,50,0.0,3,864
R+P,her2,50,-0.19553055053143253,50,0.0,0,864
R+P,luminal,50,-0.24783153792438925,50,0.0,1,864
R+D,basal,50,-0.35495577497511394,50,0.0,5,864
R+D,her2,50,-0.39241220235366187,50,0.0,2,864
R+D,luminal,50,-0.49262723407086945,50,0.0,3,864
R+P+D,basal,50,-0.3321104771715374,50,0.0,1,864
R+P+D,her2,50,-0.2760729956291388,50,0.02,1,864
R+P+D,luminal,50,-0.4379838237919305,50,0.0,3,864
MOFA+,basal,50,-0.4181651333139253,50,0.0,2,864
MOFA+,her2,50,-0.2768959773562112,50,0.02,1,864
MOFA+,luminal,50,-0.5614016197427435,50,0.0,3,864
R,basal,50,-0.6183718162990617,50,0.02,3,865
R,her2,50,-0.20160870616207072,50,0.0,1,865
R,luminal,50,-0.4234430849119615,50,0.0,2,865
R+P,basal,50,-0.5284914556646263,50,0.0,3,865
R+P,her2,50,-0.10919837174367993,50,0.0,1,865
R+P,luminal,50,-0.26529565786921877,50,0.0,0,865
R+D,basal,50,-0.512292946222126,50,0.0,4,865
R+D,her2,50,-0.2203651379775716,50,0.0,2,865
R+D,luminal,50,-0.5322853640720001,50,0.04,2,865
R+P+D,basal,50,-0.6628025985520775,50,0.0,1,865
R+P+D,her2,50,-0.22725706838683074,50,0.0,2,865
R+P+D,luminal,50,-0.3869753059603987,50,0.0,0,865
MOFA+,basal,50,-0.7399409894194376,50,0.0,3,865
MOFA+,her2,50,-0.30258820694702326,50,0.02,2,865
MOFA+,luminal,50,-0.32524904615232936,50,0.0,1,865
R,basal,50,-0.1382149101217532,50,0.0,1,866
R,her2,50,-0.21906641190391177,50,0.0,2,866
R,luminal,50,-0.4197720962612831,50,0.0,3,866
R+P,basal,50,-0.1296950677924988,50,0.0,1,866
R+P,her2,50,-0.3222063574136974,50,0.02,1,866
R+P,luminal,50,-0.4180701783708151,50,0.0,2,866
R+D,basal,50,-0.22169676072913969,50,0.0,2,866
R+D,her2,50,-0.5049330814957397,50,0.02,3,866
R+D,luminal,50,-0.4524417617371611,50,0.0,4,866
R+P+D,basal,50,-0.18703300616488183,50,0.0,0,866
R+P+D,her2,50,-0.46323725836110385,50,0.02,1,866
R+P+D,luminal,50,-0.3739645539013858,50,0.0,2,866
MOFA+,basal,50,-0.21929701202341526,50,0.0,1,866
MOFA+,her2,50,-0.3782726858472879,50,0.0,2,866
MOFA+,luminal,50,-0.5834359116792033,50,0.0,1,866
R,basal,50,-0.3187032344332309,50,0.0,3,867
R,her2,50,-0.4819375718949103,50,0.0,3,867
R,luminal,50,-0.16173288974756414,50,0.0,1,867
R+P,basal,50,-0.1303894275634858,50,0.0,1,867
R+P,her2,50,-0.604351624050317,50,0.0,3,867
R+P,luminal,50,-0.07895573020904235,50,0.0,1,867
R+D,basal,50,-0.3016243521012954,50,0.0,3,867
R+D,her2,50,-0.44033501480408693,50,0.0,0,867
R+D,luminal,50,-0.23920991730932178,50,0.02,2,867
R+P+D,basal,50,-0.15641698350688668,50,0.0,0,867
R+P+D,her2,50,-0.5349975330323045,50,0.0,0,867
R+P+D,luminal,50,-0.11940020287697349,50,0.0,0,867
MOFA+,basal,50,-0.012019998178718974,50,0.0,4,867
MOFA+,her2,50,-0.5067927857540258,50,0.0,2,867
MOFA+,luminal,50,-0.5614016197427435,50,0.0,3,867
R,basal,50,-0.5293472301871538,50,0.0,5,868
R,her2,50,-0.25379356648097107,50,0.0,1,868
R,luminal,50,-0.2765649373374499,50,0.0,2,868
R+P,basal,50,-0.4918061631488918,50,0.0,3,868
R+P,her2,50,-0.29332245353341446,50,0.0,2,868
R+P,luminal,50,-0.22813169481561715,50,0.0,1,868
R+D,basal,50,-0.43545512388965596,50,0.0,2,868
R+D,her2,50,-0.37852016171643255,50,0.0,2,868
R+D,luminal,50,-0.3676991531785645,50,0.0,2,868
R+P+D,basal,50,-0.3603315748467261,50,0.0,3,868
R+P+D,her2,50,-0.3773191467541456,50,0.0,1,868
R+P+D,luminal,50,-0.34187181850604625,50,0.0,2,868
MOFA+,basal,50,-0.3212467034974735,50,0.0,1,868
MOFA+,her2,50,-0.08379133735789089,50,0.0,0,868
MOFA+,luminal,50,-0.32179389140566017,50,0.0,2,868
R,basal,50,-0.15561676941489447,50,0.0,2,869
R,her2,50,-0.24839772621495063,50,0.0,2,869
R,luminal,50,-0.6451659279096316,50,0.0,1,869
R+P,basal,50,-0.2354925827151882,50,0.0,3,869
R+P,her2,50,-0.19448580865618834,50,0.0,2,869
R+P,luminal,50,-0.29811361678828785,50,0.0,2,869
R+D,basal,50,-0.25537472780487197,50,0.0,2,869
R+D,her2,50,-0.4740180316936917,50,0.0,2,869
R+D,luminal,50,-0.5231847180804133,50,0.0,3,869
R+P+D,basal,50,-0.35523448575770916,50,0.0,4,869
R+P+D,her2,50,-0.34574237053036716,50,0.0,2,869
R+P+D,luminal,50,-0.555610923174113,50,0.0,2,869
MOFA+,basal,50,-0.21929701202341526,50,0.0,1,869
MOFA+,her2,50,-0.36001283190272754,50,0.0,1,869
MOFA+,luminal,50,-0.5336617848574897,50,0.0,2,869
R,basal,50,-0.3717266699721384,50,0.0,4,870
R,her2,50,-0.30146247070160775,50,0.02,0,870
R,luminal,50,-0.24821353054107678,50,0.0,1,870
R+P,basal,50,-0.2671965540696619,50,0.02,2,870
R+P,her2,50,-0.49536140488950425,50,0.02,2,870
R+P,luminal,50,-0.2479148706205239,50,0.02,2,870
R+D,basal,50,-0.40409214959396245,50,0.0,3,870
R+D,her2,50,-0.45585771357522986,50,0.02,2,870
R+D,luminal,50,-0.5499326208718408,50,0.02,5,870
R+P+D,basal,50,-0.45854487822827883,50,0.0,1,870
R+P+D,her2,50,-0.6514644566281947,50,0.06,3,870
R+P+D,luminal,50,-0.4116969666520942,50,0.02,3,870
MOFA+,basal,50,-0.368276449712905,50,0.02,2,870
MOFA+,her2,50,-0.3930197206468565,50,0.02,2,870
MOFA+,luminal,50,-0.4336475234046903,50,0.0,2,870
R,basal,50,-0.2415508455649001,50,0.0,1,871
R,her2,50,-0.45774492582701326,50,0.0,1,871
R,luminal,50,-0.39094478842048863,50,0.0,1,871
R+P,basal,50,-0.14391717332916892,50,0.0,2,871
R+P,her2,50,-0.501094362214625,50,0.0,0,871
R+P,luminal,50,-0.2358218383302592,50,0.0,3,871
R+D,basal,50,-0.30433880436258415,50,0.0,1,871
R+D,her2,50,-0.6294387269011633,50,0.0,1,871
R+D,luminal,50,-0.4807734529881069,50,0.0,1,871
R+P+D,basal,50,-0.3379696218947572,50,0.0,2,871
R+P+D,her2,50,-0.48102359154516255,50,0.0,1,871
R+P+D,luminal,50,-0.5267646369789736,50,0.0,4,871
MOFA+,basal,50,-0.5624526968256038,50,0.0,1,871
MOFA+,her2,50,-0.21672749174668915,50,0.0,1,871
MOFA+,luminal,50,-0.5614016197427435,50,0.0,3,871
R,basal,50,-0.21585176835324177,50,0.0,2,872
R,her2,50,-0.05420469200673193,50,0.0,1,872
R,luminal,50,-0.49353377776380064,50,0.0,5,872
R+P,basal,50,-0.18128299334357784,50,0.0,2,872
R+P,her2,50,-0.0930397181527816,50,0.0,2,872
R+P,luminal,50,-0.4549283745170792,50,0.0,3,872
R+D,basal,50,-0.48108389306333554,50,0.0,1,872
R+D,her2,50,-0.29611366628734975,50,0.02,3,872
R+D,luminal,50,-0.6969327087623165,50,0.0,8,872
R+P+D,basal,50,-0.30755076003078413,50,0.0,2,872
R+P+D,her2,50,-0.22169745777835612,50,0.0,1,872
R+P+D,luminal,50,-0.6338689229010588,50,0.0,6,872
MOFA+,basal,50,-0.28982350086081005,50,0.0,2,872
MOFA+,her2,50,-0.01313290143070867,50,0.0,4,872
MOFA+,luminal,50,-0.5614016197427435,50,0.0,3,872
R,basal,50,-0.286992580317053,50,0.0,0,873
R,her2,50,-0.14990268214463648,50,0.0,0,873
R,luminal,50,-0.49094814992107977,50,0.0,6,873
R+P,basal,50,-0.18125821835001737,50,0.0,3,873
R+P,her2,50,-0.22828672197635855,50,0.02,0,873
R+P,luminal,50,-0.38092646395563756,50,0.0,5,873
R+D,basal,50,-0.48300613700678224,50,0.0,1,873
R+D,her2,50,-0.2686073649193626,50,0.0,0,873
R+D,luminal,50,-0.5470647141141938,50,0.0,4,873
R+P+D,basal,50,-0.35618610932950273,50,0.0,1,873
R+P+D,her2,50,-0.1695786732886044,50,0.0,0,873
R+P+D,luminal,50,-0.3621904500447083,50,0.0,4,873
MOFA+,basal,50,-0.27447206105048505,50,0.0,1,873
MOFA+,her2,50,-0.30258820694702326,50,0.02,2,873
MOFA+,luminal,50,-0.5614016197427435,50,0.0,3,873
R,basal,50,-0.237946250982621,50,0.0,2,874
R,her2,50,-0.42569725246983425,50,0.0,0,874
R,luminal,50,-0.12366237215657559,50,0.0,1,874
R+P,basal,50,-0.3031590296204931,50,0.0,2,874
R+P,her2,50,-0.34019107694325684,50,0.0,1,874
R+P,luminal,50,-0.10502606359117626,50,0.0,1,874
R+D,basal,50,-0.4723674374192261,50,0.0,3,874
R+D,her2,50,-0.49026611423325955,50,0.0,1,874
R+D,luminal,50,-0.3900618400727168,50,0.0,4,874
R+P+D,basal,50,-0.4552610601216039,50,0.0,7,874
R+P+D,her2,50,-0.2983465503538226,50,0.0,1,874
R+P+D,luminal,50,-0.16963361988563694,50,0.0,2,874
MOFA+,basal,50,-0.39079658001654743,50,0.0,5,874
MOFA+,her2,50,-0.3782726858472879,50,0.0,2,874
MOFA+,luminal,50,-0.5336617848574897,50,0.0,2,874
R,basal,50,-0.355255279540402,50,0.0,1,875
R,her2,50,-0.25943454055430526,50,0.0,1,875
R,luminal,50,-0.2889643760779534,50,0.0,3,875
R+P,basal,50,-0.4327293017074377,50,0.0,2,875
R+P,her2,50,-0.17550177609418013,50,0.0,0,875
R+P,luminal,50,-0.3001729254529613,50,0.0,1,875
R+D,basal,50,-0.38697142043182453,50,0.0,1,875
R+D,her2,50,-0.3359346056187351,50,0.0,2,875
R+D,luminal,50,-0.3656522958379583,50,0.0,4,875
R+P+D,basal,50,-0.4541847134556713,50,0.0,0,875
R+P+D,her2,50,-0.2210700847333351,50,0.02,1,875
R+P+D,luminal,50,-0.36157940286294477,50,0.0,3,875
MOFA+,basal,50,-0.7399409894194376,50,0.0,3,875
MOFA+,her2,50,-0.08379133735789089,50,0.0,0,875
MOFA+,luminal,50,-0.5614016197427435,50,0.0,3,875
R,basal,50,-0.2096907871925486,50,0.0,1,876
R,her2,50,-0.3548618154081542,50,0.0,1,876
R,luminal,50,-0.02581638067465407,50,0.0,0,876
R+P,basal,50,-0.26624624035559413,50,0.0,3,876
R+P,her2,50,-0.31710230545917667,50,0.0,2,876
R+P,luminal,50,-0.08169526985711703,50,0.02,1,876
R+D,basal,50,-0.30108232678996766,50,0.0,1,876
R+D,her2,50,-0.5966510362366811,50,0.0,2,876
R+D,luminal,50,-0.2709200896578027,50,0.04,1,876
R+P+D,basal,50,-0.34244265321657413,50,0.0,0,876
R+P+D,her2,50,-0.5743448634651024,50,0.0,3,876
R+P+D,luminal,50,-0.19472889182461986,50,0.02,1,876
MOFA+,basal,50,-0.40261158750576387,50,0.0,1,876
MOFA+,her2,50,-0.42313238618869314,50,0.02,1,876
MOFA+,luminal,50,-0.014035583308286484,50,0.0,4,876
R,basal,50,-0.20720702269783586,50,0.0,2,877
R,her2,50,-0.6628007582981703,50,0.0,3,877
R,luminal,50,-0.27376421206473966,50,0.0,2,877
R+P,basal,50,-0.10400357300045743,50,0.0,0,877
R+P,her2,50,-0.5664372368226005,50,0.02,5,877
R+P,luminal,50,-0.2853973477519405,50,0.0,1,877
R+D,basal,50,-0.377585878099665,50,0.0,7,877
R+D,her2,50,-0.6594799823031798,50,0.0,6,877
R+D,luminal,50,-0.42009220145824405,50,0.0,1,877
R+P+D,basal,50,-0.19228736866114418,50,0.0,5,877
R+P+D,her2,50,-0.6527159770790378,50,0.02,5,877
R+P+D,luminal,50,-0.31002611891708676,50,0.0,0,877
MOFA+,basal,50,-0.27447206105048505,50,0.0,1,877
MOFA+,her2,50,-0.39835941672586217,50,0.02,5,877
MOFA+,luminal,50,-0.5614016197427435,50,0.0,3,877
R,basal,50,-0.17236764930592277,50,0.0,2,878
R,her2,50,-0.3098271983998431,50,0.0,0,878
R,luminal,50,-0.4519859445421341,50,0.0,3,878
R+P,basal,50,-0.10732469651757556,50,0.0,2,878
R+P,her2,50,-0.21833053088265758,50,0.0,2,878
R+P,luminal,50,-0.3720534760384814,50,0.0,1,878
R+D,basal,50,-0.2767325075381072,50,0.0,3,878
R+D,her2,50,-0.5084028710327249,50,0.0,2,878
R+D,luminal,50,-0.4805686304253151,50,0.0,3,878
R+P+D,basal,50,-0.1871271093430625,50,0.0,2,878
R+P+D,her2,50,-0.3678099776549009,50,0.0,2,878
R+P+D,luminal,50,-0.4252901529677866,50,0.0,1,878
MOFA+,basal,50,-0.3212467034974735,50,0.0,1,878
MOFA+,her2,50,-0.5067927857540258,50,0.0,2,878
MOFA+,luminal,50,-0.32179389140566017,50,0.0,2,878
R,basal,50,-0.557653438726368,50,0.0,0,879
R,her2,50,-0.2985571095477835,50,0.0,1,879
R,luminal,50,-0.20901655030162447,50,0.02,1,879
R+P,basal,50,-0.6897284676601112,50,0.0,1,879
R+P,her2,50,-0.11309770310212029,50,0.0,0,879
R+P,luminal,50,-0.05846318443510758,50,0.0,1,879
R+D,basal,50,-0.5006129018103302,50,0.0,1,879
R+D,her2,50,-0.47019051794062094,50,0.0,1,879
R+D,luminal,50,-0.1703196802503885,50,0.0,2,879
R+P+D,basal,50,-0.5877237917158445,50,0.0,2,879
R+P+D,her2,50,-0.4435665099013992,50,0.0,0,879
R+P+D,luminal,50,-0.08765938782227557,50,0.0,4,879
MOFA+,basal,50,-0.5178778430235921,50,0.0,2,879
MOFA+,her2,50,-0.3782726858472879,50,0.0,2,879
MOFA+,luminal,50,-0.32575067826405774,50,0.02,2,879
R,basal,50,-0.26918230604752413,50,0.0,1,880
R,her2,50,-0.20105532421095365,50,0.0,1,880
R,luminal,50,-0.5444508997372398,50,0.0,7,880
R+P,basal,50,-0.4770894822713892,50,0.0,5,880
R+P,her2,50,-0.09271836966630569,50,0.0,1,880
R+P,luminal,50,-0.468440068695207,50,0.0,3,880
R+D,basal,50,-0.48748969859097807,50,0.0,4,880
R+D,her2,50,-0.30810643620442196,50,0.0,1,880
R+D,luminal,50,-0.6393831666873517,50,0.0,7,880
R+P+D,basal,50,-0.5537582914094981,50,0.0,5,880
R+P+D,her2,50,-0.2254597258354413,50,0.0,1,880
R+P+D,luminal,50,-0.6253394720065611,50,0.0,4,880
MOFA+,basal,50,-0.07330649288426355,50,0.0,0,880
MOFA+,her2,50,-0.01313290143070867,50,0.0,4,880
MOFA+,luminal,50,-0.4108772374338225,50,0.02,1,880
R,basal,50,-0.47905762849303196,50,0.0,4,881
R,her2,50,-0.37565650972524367,50,0.0,0,881
R,luminal,50,-0.26571718262084376,50,0.0,3,881
R+P,basal,50,-0.19471628725644594,50,0.0,3,881
R+P,her2,50,-0.3406298413345255,50,0.02,1,881
R+P,luminal,50,-0.2861800661582277,50,0.02,2,881
R+D,basal,50,-0.6331599279832498,50,0.0,4,881
R+D,her2,50,-0.529132744322129,50,0.0,1,881
R+D,luminal,50,-0.29929740335333643,50,0.0,1,881
R+P+D,basal,50,-0.1932067768221483,50,0.0,1,881
R+P+D,her2,50,-0.46971534439243046,50,0.0,0,881
R+P+D,luminal,50,-0.44267096646390064,50,0.0,1,881
MOFA+,basal,50,-0.21929701202341526,50,0.0,1,881
MOFA+,her2,50,-0.5652605157510739,50,0.0,1,881
MOFA+,luminal,50,-0.33866773742407064,50,0.0,2,881
R,basal,50,-0.5282087420098986,50,0.0,2,882
R,her2,50,-0.487820831273919,50,0.0,3,882
R,luminal,50,-0.08872694918415876,50,0.0,0,882
R+P,basal,50,-0.4155283702968903,50,0.0,1,882
R+P,her2,50,-0.4048313917274858,50,0.0,3,882
R+P,luminal,50,-0.12915679264036353,50,0.0,1,882
R+D,basal,50,-0.4707261633222696,50,0.0,2,882
R+D,her2,50,-0.6642319545152614,50,0.02,2,882
R+D,luminal,50,-0.2941134341699125,50,0.0,1,882
R+P+D,basal,50,-0.4521831126436889,50,0.0,2,882
R+P+D,her2,50,-0.6768342380781525,50,0.0,3,882
R+P+D,luminal,50,-0.2521209123887991,50,0.02,3,882
MOFA+,basal,50,-0.3915193340880218,50,0.0,2,882
MOFA+,her2,50,-0.5491719546595314,50,0.0,3,882
MOFA+,luminal,50,-0.3952030647717412,50,0.0,5,882
R,basal,50,-0.5690451834523916,50,0.0,4,883
R,her2,50,-0.2264720710324341,50,0.0,0,883
R,luminal,50,-0.14035490576648194,50,0.0,0,883
R+P,basal,50,-0.48314086358963365,50,0.0,3,883
R+P,her2,50,-0.15369680718920664,50,0.0,2,883
R+P,luminal,50,-0.16981584150006326,50,0.0,0,883
R+D,basal,50,-0.45720250712965466,50,0.0,3,883
R+D,her2,50,-0.5292712454078561,50,0.0,2,883
R+D,luminal,50,-0.3193300211225918,50,0.0,2,883
R+P+D,basal,50,-0.5499610828126691,50,0.0,7,883
R+P+D,her2,50,-0.3581318736467736,50,0.0,1,883
R+P+D,luminal,50,-0.3073015591504259,50,0.02,0,883
MOFA+,basal,50,-0.3889951945560759,50,0.0,1,883
MOFA+,her2,50,-0.36001283190272754,50,0.0,1,883
MOFA+,luminal,50,-0.4605362947843053,50,0.0,5,883
R,basal,50,-0.543271552272494,50,0.0,2,884
R,her2,50,-0.3865887381917073,50,0.0,1,884
R,luminal,50,-0.23061183608567248,50,0.0,4,884
R+P,basal,50,-0.47708788867407326,50,0.0,1,884
R+P,her2,50,-0.2930361721224066,50,0.0,1,884
R+P,luminal,50,-0.16331486614639776,50,0.0,3,884
R+D,basal,50,-0.534729279933401,50,0.0,4,884
R+D,her2,50,-0.46231532482324844,50,0.0,0,884
R+D,luminal,50,-0.28657994666782666,50,0.0,4,884
R+P+D,basal,50,-0.37021363666724016,50,0.0,1,884
R+P+D,her2,50,-0.3463228284551795,50,0.0,0,884
R+P+D,luminal,50,-0.2800459848246572,50,0.0,3,884
MOFA+,basal,50,-0.4181651333139253,50,0.0,2,884
MOFA+,her2,50,-0.5067927857540258,50,0.0,2,884
MOFA+,luminal,50,-0.3952030647717412,50,0.0,5,884
R,basal,50,-0.37591685769900435,50,0.0,1,885
R,her2,50,-0.16461359828118421,50,0.0,2,885
R,luminal,50,-0.3949953879291368,50,0.0,3,885
R+P,basal,50,-0.354275245474576,50,0.0,0,885
R+P,her2,50,-0.14829948388134015,50,0.0,1,885
R+P,luminal,50,-0.33109855363415164,50,0.0,0,885
R+D,basal,50,-0.5179695940416046,50,0.0,2,885
R+D,her2,50,-0.37030713822221484,50,0.02,4,885
R+D,luminal,50,-0.4708676671183209,50,0.0,1,885
R+P+D,basal,50,-0.3875928833777126,50,0.0,1,885
R+P+D,her2,50,-0.26453749199474413,50,0.02,3,885
R+P+D,luminal,50,-0.40676786228347583,50,0.0,2,885
MOFA+,basal,50,-0.28769486971114927,50,0.0,2,885
MOFA+,her2,50,-0.08379133735789089,50,0.0,0,885
MOFA+,luminal,50,-0.5336617848574897,50,0.0,2,885
R,basal,50,-0.19637470627148665,50,0.0,1,886
R,her2,50,-0.1795621567510093,50,0.0,2,886
R,luminal,50,-0.6163860987956401,50,0.0,5,886
R+P,basal,50,-0.12856272399717986,50,0.0,1,886
R+P,her2,50,-0.20433990572524152,50,0.0,0,886
R+P,luminal,50,-0.568247257513724,50,0.0,2,886
R+D,basal,50,-0.2542763458604879,50,0.0,2,886
R+D,her2,50,-0.2914752642952383,50,0.0,3,886
R+D,luminal,50,-0.5902209354808595,50,0.0,7,886
R+P+D,basal,50,-0.1701103977764862,50,0.0,1,886
R+P+D,her2,50,-0.34244550036915183,50,0.0,3,886
R+P+D,luminal,50,-0.5988453857137505,50,0.0,4,886
MOFA+,basal,50,-0.368276449712905,50,0.02,2,886
MOFA+,her2,50,-0.40456322390936145,50,0.0,2,886
MOFA+,luminal,50,-0.3952030647717412,50,0.0,5,886
R,basal,50,-0.3655233933249587,50,0.0,7,887
R,her2,50,-0.21435247717016337,50,0.02,1,887
R,luminal,50,-0.37568997636913404,50,0.0,3,887
R+P,basal,50,-0.4054107664791168,50,0.0,2,887
R+P,her2,50,-0.13476808050454514,50,0.0,3,887
R+P,luminal,50,-0.21492063240517192,50,0.0,1,887
R+D,basal,50,-0.5963233824615901,50,0.0,6,887
R+D,her2,50,-0.2830353131355029,50,0.0,3,887
R+D,luminal,50,-0.45669027122007827,50,0.0,2,887
R+P+D,basal,50,-0.5156838991174968,50,0.0,5,887
R+P+D,her2,50,-0.28240105327191317,50,0.02,3,887
R+P+D,luminal,50,-0.3175836475796843,50,0.0,1,887
MOFA+,basal,50,-0.3889951945560759,50,0.0,1,887
MOFA+,her2,50,-0.04592504717146089,50,0.0,3,887
MOFA+,luminal,50,-0.4605362947843053,50,0.0,5,887
R,basal,50,-0.11936642513087894,50,0.0,3,888
R,her2,50,-0.5348271859038518,50,0.06,3,888
R,luminal,50,-0.4430773930111341,50,0.0,4,888
R+P,basal,50,-0.06384010432251866,50,0.0,2,888
R+P,her2,50,-0.5521132749479201,50,0.08,3,888
R+P,luminal,50,-0.3057769631376759,50,0.0,3,888
R+D,basal,50,-0.3662390515554773,50,0.0,2,888
R+D,her2,50,-0.6071351100711053,50,0.02,4,888
R+D,luminal,50,-0.5691291608804047,50,0.0,3,888
R+P+D,basal,50,-0.29522020974243207,50,0.0,1,888
R+P+D,her2,50,-0.5280180021646822,50,0.06,4,888
R+P+D,luminal,50,-0.33984494569931917,50,0.0,3,888
MOFA+,basal,50,-0.5624526968256038,50,0.0,1,888
MOFA+,her2,50,-0.7022956727559374,50,0.0,3,888
MOFA+,luminal,50,-0.33866773742407064,50,0.0,2,888
R,basal,50,-0.09781374742836371,50,0.0,0,889
R,her2,50,-0.5167291432977518,50,0.0,3,889
R,luminal,50,-0.4863996884430772,50,0.0,4,889
R+P,basal,50,-0.15255937172162046,50,0.0,2,889
R+P,her2,50,-0.30597985365281943,50,0.0,3,889
R+P,luminal,50,-0.35367875219754985,50,0.0,4,889
R+D,basal,50,-0.25380332846694253,50,0.0,0,889
R+D,her2,50,-0.39081898803798476,50,0.0,3,889
R+D,luminal,50,-0.44382715785668786,50,0.0,2,889
R+P+D,basal,50,-0.26793062979278365,50,0.0,0,889
R+P+D,her2,50,-0.31095350267679467,50,0.0,2,889
R+P+D,luminal,50,-0.42882654030258804,50,0.0,6,889
MOFA+,basal,50,-0.5624526968256038,50,0.0,1,889
MOFA+,her2,50,-0.7022956727559374,50,0.0,3,889
MOFA+,luminal,50,-0.32179389140566017,50,0.0,2,889
R,basal,50,-0.2518591740065813,50,0.0,4,890
R,her2,50,-0.28515150390660515,50,0.0,2,890
R,luminal,50,-0.38418942529380645,50,0.0,1,890
R+P,basal,50,-0.12941820747010585,50,0.0,4,890
R+P,her2,50,-0.16820664668647126,50,0.0,0,890
R+P,luminal,50,-0.4049822010609374,50,0.02,3,890
R+D,basal,50,-0.23228992279694916,50,0.0,3,890
R+D,her2,50,-0.36926625160499377,50,0.0,1,890
R+D,luminal,50,-0.40028292775343816,50,0.0,1,890
R+P+D,basal,50,-0.26268806573027165,50,0.0,3,890
R+P+D,her2,50,-0.2868836439225828,50,0.0,1,890
R+P+D,luminal,50,-0.28811711177866367,50,0.0,1,890
MOFA+,basal,50,-0.21929701202341526,50,0.0,1,890
MOFA+,her2,50,-0.08379133735789089,50,0.0,0,890
MOFA+,luminal,50,-0.4605362947843053,50,0.0,5,890
R,basal,50,-0.39259891763660304,50,0.0,1,891
R,her2,50,-0.23229353639763636,50,0.0,0,891
R,luminal,50,-0.63647550765068,50,0.02,3,891
R+P,basal,50,-0.36843591692698324,50,0.0,3,891
R+P,her2,50,-0.22392902501918577,50,0.0,1,891
R+P,luminal,50,-0.368781191367628,50,0.02,2,891
R+D,basal,50,-0.6250976306006342,50,0.0,6,891
R+D,her2,50,-0.2851987883203431,50,0.0,0,891
R+D,luminal,50,-0.6124419483811243,50,0.02,6,891
R+P+D,basal,50,-0.41392192990505355,50,0.0,4,891
R+P+D,her2,50,-0.2989620326757176,50,0.0,1,891
R+P+D,luminal,50,-0.4353567879665489,50,0.02,5,891
MOFA+,basal,50,-0.4181651333139253,50,0.0,2,891
MOFA+,her2,50,-0.30258820694702326,50,0.02,2,891
MOFA+,luminal,50,-0.3952030647717412,50,0.0,5,891
R,basal,50,-0.33762445520321405,50,0.0,2,892
R,her2,50,-0.20621482990094772,50,0.04,0,892
R,luminal,50,-0.39954547176926236,50,0.02,1,892
R+P,basal,50,-0.3538972446161494,50,0.0,2,892
R+P,her2,50,-0.314355342863349,50,0.02,1,892
R+P,luminal,50,-0.2697444363074322,50,0.0,1,892
R+D,basal,50,-0.5364881557346117,50,0.0,5,892
R+D,her2,50,-0.33605323143651666,50,0.0,2,892
R+D,luminal,50,-0.4120132596531121,50,0.0,0,892
R+P+D,basal,50,-0.2899460449790949,50,0.0,4,892
R+P+D,her2,50,-0.3226848485776829,50,0.02,1,892
R+P+D,luminal,50,-0.21836103558443246,50,0.0,0,892
MOFA+,basal,50,-0.5463558416948096,50,0.0,3,892
MOFA+,her2,50,-0.30258820694702326,50,0.02,2,892
MOFA+,luminal,50,-0.27498818356268634,50,0.0,1,892
R,basal,50,-0.24113477132137834,50,0.0,1,893
R,her2,50,-0.21890498995165547,50,0.0,1,893
R,luminal,50,-0.5267937917738807,50,0.0,4,893
R+P,basal,50,-0.2997706788155458,50,0.0,1,893
R+P,her2,50,-0.17772889584267268,50,0.0,2,893
R+P,luminal,50,-0.36589875034274344,50,0.0,3,893
R+D,basal,50,-0.47682565449170705,50,0.0,4,893
R+D,her2,50,-0.30983624501664986,50,0.0,2,893
R+D,luminal,50,-0.6796243545750648,50,0.0,5,893
R+P+D,basal,50,-0.36373899947497434,50,0.0,3,893
R+P+D,her2,50,-0.29063671547297426,50,0.0,3,893
R+P+D,luminal,50,-0.41797235649150444,50,0.0,3,893
MOFA+,basal,50,-0.5624526968256038,50,0.0,1,893
MOFA+,her2,50,-0.40456322390936145,50,0.0,2,893
MOFA+,luminal,50,-0.4875302239750314,50,0.0,4,893
R,basal,50,-0.2229769600407961,50,0.0,3,894
R,her2,50,-0.11520316842236941,50,0.0,3,894
R,luminal,50,-0.8278276252457745,50,0.0,2,894
R+P,basal,50,-0.2151827720065915,50,0.0,1,894
R+P,her2,50,-0.08067092442657647,50,0.0,2,894
R+P,luminal,50,-0.4555914528715866,50,0.02,1,894
R+D,basal,50,-0.3416681271525058,50,0.0,4,894
R+D,her2,50,-0.2679222936296009,50,0.02,2,894
R+D,luminal,50,-0.749736006287709,50,0.0,1,894
R+P+D,basal,50,-0.3826237121059199,50,0.0,4,894
R+P+D,her2,50,-0.2226345359501022,50,0.02,3,894
R+P+D,luminal,50,-0.4886960706582243,50,0.0,0,894
MOFA+,basal,50,-0.28769486971114927,50,0.0,2,894
MOFA+,her2,50,-0.3930197206468565,50,0.02,2,894
MOFA+,luminal,50,-0.5336617848574897,50,0.0,2,894
R,basal,50,-0.3875107893511797,50,0.0,2,895
R,her2,50,-0.7101355614907854,50,0.0,1,895
R,luminal,50,-0.15644202181708386,50,0.0,2,895
R+P,basal,50,-0.2485048350133041,50,0.0,0,895
R+P,her2,50,-0.4127498804841225,50,0.0,3,895
R+P,luminal,50,-0.08423693364345482,50,0.0,2,895
R+D,basal,50,-0.5959461060959658,50,0.0,3,895
R+D,her2,50,-0.6463421516678527,50,0.0,6,895
R+D,luminal,50,-0.3518738402595594,50,0.0,2,895
R+P+D,basal,50,-0.38371142432199556,50,0.0,1,895
R+P+D,her2,50,-0.6416436906285234,50,0.0,4,895
R+P+D,luminal,50,-0.21907521586095713,50,0.0,1,895
MOFA+,basal,50,-0.3915193340880218,50,0.0,2,895
MOFA+,her2,50,-0.2768959773562112,50,0.02,1,895
MOFA+,luminal,50,-0.5614016197427435,50,0.0,3,895
R,basal,50,-0.23119324499676477,50,0.0,1,896
R,her2,50,-0.3062354584447802,50,0.02,4,896
R,luminal,50,-0.21189249214816683,50,0.02,3,896
R+P,basal,50,-0.24042564340793696,50,0.0,1,896
R+P,her2,50,-0.2518351387809674,50,0.0,3,896
R+P,luminal,50,-0.17447790421575474,50,0.0,1,896
R+D,basal,50,-0.5580247008359887,50,0.0,1,896
R+D,her2,50,-0.3756499816945208,50,0.02,3,896
R+D,luminal,50,-0.3011338537485269,50,0.04,3,896
R+P+D,basal,50,-0.5592167191816398,50,0.0,1,896
R+P+D,her2,50,-0.3940842247879606,50,0.0,1,896
R+P+D,luminal,50,-0.3091180845049408,50,0.0,2,896
MOFA+,basal,50,-0.07330649288426355,50,0.0,0,896
MOFA+,her2,50,-0.42313238618869314,50,0.02,1,896
MOFA+,luminal,50,-0.22472778073296432,50,0.0,1,896
R,basal,50,-0.2588037198111993,50,0.0,1,897
R,her2,50,-0.2684084160364776,50,0.02,2,897
R,luminal,50,-0.4627011733851778,50,0.0,5,897
R+P,basal,50,-0.15748074038457083,50,0.0,2,897
R+P,her2,50,-0.2621186431178533,50,0.02,2,897
R+P,luminal,50,-0.5005335203348552,50,0.0,1,897
R+D,basal,50,-0.4101276083087832,50,0.0,1,897
R+D,her2,50,-0.499177642775485,50,0.0,1,897
R+D,luminal,50,-0.5860515336228476,50,0.0,2,897
R+P+D,basal,50,-0.4121011631274973,50,0.0,1,897
R+P+D,her2,50,-0.5415721565246253,50,0.02,4,897
R+P+D,luminal,50,-0.48846953463735304,50,0.0,0,897
MOFA+,basal,50,-0.5054582191460999,50,0.0,4,897
MOFA+,her2,50,-0.42313238618869314,50,0.02,1,897
MOFA+,luminal,50,-0.42447621761666204,50,0.0,2,897
R,basal,50,-0.4833678213643184,50,0.0,1,898
R,her2,50,-0.3025964487176552,50,0.02,0,898
R,luminal,50,-0.35168777062847484,50,0.0,5,898
R+P,basal,50,-0.4802724318608875,50,0.0,5,898
R+P,her2,50,-0.21955185164489716,50,0.02,0,898
R+P,luminal,50,-0.22960143478448175,50,0.0,0,898
R+D,basal,50,-0.4768889706726501,50,0.0,4,898
R+D,her2,50,-0.3706618465483931,50,0.0,1,898
R+D,luminal,50,-0.3319536633964546,50,0.02,3,898
R+P+D,basal,50,-0.6450471426652407,50,0.0,8,898
R+P+D,her2,50,-0.22993341530764158,50,0.0,0,898
R+P+D,luminal,50,-0.3184202738780639,50,0.02,0,898
MOFA+,basal,50,-0.5054582191460999,50,0.0,4,898
MOFA+,her2,50,-0.36001283190272754,50,0.0,1,898
MOFA+,luminal,50,-0.32575067826405774,50,0.02,2,898
R,basal,50,-0.3610730402133877,50,0.0,3,899
R,her2,50,-0.5457663678789865,50,0.0,2,899
R,luminal,50,-0.2395636020471318,50,0.0,1,899
R+P,basal,50,-0.4462216219757593,50,0.0,6,899
R+P,her2,50,-0.5139476030239248,50,0.0,0,899
R+P,luminal,50,-0.08529992038916001,50,0.0,1,899
R+D,basal,50,-0.5587634777352259,50,0.0,5,899
R+D,her2,50,-0.4419175463450856,50,0.0,2,899
R+D,luminal,50,-0.23864833746334632,50,0.0,2,899
R+P+D,basal,50,-0.5571397941429759,50,0.0,5,899
R+P+D,her2,50,-0.49761322831855936,50,0.0,2,899
R+P+D,luminal,50,-0.10457633523279058,50,0.0,0,899
MOFA+,basal,50,-0.5159430532564055,50,0.0,5,899
MOFA+,her2,50,-0.7022956727559374,50,0.0,3,899
MOFA+,luminal,50,-0.049338171842283035,50,0.0,3,899
R,basal,50,-0.15704973960809532,50,0.0,5,900
R,her2,50,-0.23600617553715375,50,0.0,2,900
R,luminal,50,-0.4650437109120814,50,0.0,0,900
R+P,basal,50,-0.08217247506186624,50,0.0,5,900
R+P,her2,50,-0.20039666782309026,50,0.0,0,900
R+P,luminal,50,-0.5881434863920986,50,0.0,2,900
R+D,basal,50,-0.36294145887051665,50,0.0,3,900
R+D,her2,50,-0.4066316278882226,50,0.0,1,900
R+D,luminal,50,-0.5474082157543207,50,0.0,1,900
R+P+D,basal,50,-0.19555650816466882,50,0.0,1,900
R+P+D,her2,50,-0.38115967572908965,50,0.0,0,900
R+P+D,luminal,50,-0.5554961891979469,50,0.0,2,900
MOFA+,basal,50,-0.28769486971114927,50,0.0,2,900
MOFA+,her2,50,-0.4928444076680832,50,0.0,5,900
MOFA+,luminal,50,-0.5336617848574897,50,0.0,2,900
R,basal,50,-0.3106134175712907,50,0.0,0,901
R,her2,50,-0.4496272710358351,50,0.0,3,901
R,luminal,50,-0.09992513167676828,50,0.0,1,901
R+P,basal,50,-0.17548355423117765,50,0.0,1,901
R+P,her2,50,-0.31981357676714983,50,0.0,3,901
R+P,luminal,50,-0.12322780441867125,50,0.0,2,901
R+D,basal,50,-0.3015417755332926,50,0.0,0,901
R+D,her2,50,-0.5023308517952347,50,0.0,3,901
R+D,luminal,50,-0.2884599177432574,50,0.02,0,901
R+P+D,basal,50,-0.2646589402974875,50,0.0,0,901
R+P+D,her2,50,-0.45049895207764984,50,0.0,3,901
R+P+D,luminal,50,-0.43985078491515717,50,0.0,1,901
MOFA+,basal,50,-0.053421368184589986,50,0.0,3,901
MOFA+,her2,50,-0.40456322390936145,50,0.0,2,901
MOFA+,luminal,50,-0.014035583308286484,50,0.0,4,901
R,basal,50,-0.21080008116452273,50,0.0,1,902
R,her2,50,-0.4659786414780841,50,0.0,1,902
R,luminal,50,-0.5395428976386022,50,0.0,4,902
R+P,basal,50,-0.1406452414449995,50,0.0,0,902
R+P,her2,50,-0.510606770818873,50,0.0,2,902
R+P,luminal,50,-0.22861154658090682,50,0.0,1,902
R+D,basal,50,-0.2921288976974692,50,0.0,1,902
R+D,her2,50,-0.4672164411702785,50,0.0,2,902
R+D,luminal,50,-0.5524467331399644,50,0.0,1,902
R+P+D,basal,50,-0.24951164320246108,50,0.0,0,902
R+P+D,her2,50,-0.5647806888036592,50,0.0,2,902
R+P+D,luminal,50,-0.37536386707602776,50,0.0,3,902
MOFA+,basal,50,-0.28982350086081005,50,0.0,2,902
MOFA+,her2,50,-0.21672749174668915,50,0.0,1,902
MOFA+,luminal,50,-0.32524904615232936,50,0.0,1,902
R,basal,50,-0.3483898189214157,50,0.0,1,903
R,her2,50,-0.24084528382076595,50,0.0,0,903
R,luminal,50,-0.4092850033566021,50,0.04,5,903
R+P,basal,50,-0.35132588045092883,50,0.0,1,903
R+P,her2,50,-0.08190901968480586,50,0.0,1,903
R+P,luminal,50,-0.24505890881079753,50,0.0,2,903
R+D,basal,50,-0.6503450518576309,50,0.0,4,903
R+D,her2,50,-0.4039160515902658,50,0.0,0,903
R+D,luminal,50,-0.40897954705265044,50,0.0,3,903
R+P+D,basal,50,-0.607173114033723,50,0.0,4,903
R+P+D,her2,50,-0.28504966160980827,50,0.0,0,903
R+P+D,luminal,50,-0.3443206971345888,50,0.0,4,903
MOFA+,basal,50,-0.3915193340880218,50,0.0,2,903
MOFA+,her2,50,-0.5067927857540258,50,0.0,2,903
MOFA+,luminal,50,-0.27498818356268634,50,0.0,1,903
R,basal,50,-0.30952458904906227,50,0.0,1,904
R,her2,50,-0.6885650142116175,50,0.04,4,904
R,luminal,50,-0.2159920520676937,50,0.0,1,904
R+P,basal,50,-0.1352226153140241,50,0.0,0,904
R+P,her2,50,-0.5325542373750278,50,0.02,2,904
R+P,luminal,50,-0.2605073825979414,50,0.04,5,904
R+D,basal,50,-0.5048277003766782,50,0.0,3,904
R+D,her2,50,-0.8148896663527626,50,0.02,6,904
R+D,luminal,50,-0.5216827454560028,50,0.0,3,904
R+P+D,basal,50,-0.24550087339042106,50,0.0,0,904
R+P+D,her2,50,-0.6551238176624744,50,0.02,4,904
R+P+D,luminal,50,-0.40226487657926824,50,0.02,3,904
MOFA+,basal,50,-0.3889951945560759,50,0.0,1,904
MOFA+,her2,50,-0.7022956727559374,50,0.0,3,904
MOFA+,luminal,50,-0.33866773742407064,50,0.0,2,904
R,basal,50,-0.08679932391073084,50,0.0,1,905
R,her2,50,-0.5087737491239639,50,0.0,2,905
R,luminal,50,-0.5200372877320248,50,0.0,4,905
R+P,basal,50,-0.1997130043497045,50,0.0,0,905
R+P,her2,50,-0.4750028964934663,50,0.0,1,905
R+P,luminal,50,-0.5082498111708769,50,0.0,4,905
R+D,basal,50,-0.3409382816458818,50,0.0,0,905
R+D,her2,50,-0.3974249397937017,50,0.02,3,905
R+D,luminal,50,-0.6027715892394676,50,0.0,4,905
R+P+D,basal,50,-0.2824778110259957,50,0.0,1,905
R+P+D,her2,50,-0.3841363712220511,50,0.02,3,905
R+P+D,luminal,50,-0.5069895845360317,50,0.0,3,905
MOFA+,basal,50,-0.27447206105048505,50,0.0,1,905
MOFA+,her2,50,-0.36001283190272754,50,0.0,1,905
MOFA+,luminal,50,-0.5614016197427435,50,0.0,3,905
R,basal,50,-0.5622358764608988,50,0.0,0,906
R,her2,50,-0.21679330271164612,50,0.0,2,906
R,luminal,50,-0.4502824861477497,50,0.0,5,906
R+P,basal,50,-0.655867949767911,50,0.0,0,906
R+P,her2,50,-0.22907016127370558,50,0.0,3,906
R+P,luminal,50,-0.13262107774046505,50,0.0,0,906
R+D,basal,50,-0.4655968552141285,50,0.0,2,906
R+D,her2,50,-0.38753545414158774,50,0.0,2,906
R+D,luminal,50,-0.46197855602210813,50,0.0,5,906
R+P+D,basal,50,-0.5115665060139999,50,0.0,3,906
R+P+D,her2,50,-0.26692473235474184,50,0.0,2,906
R+P+D,luminal,50,-0.174360171300334,50,0.0,2,906
MOFA+,basal,50,-0.7399409894194376,50,0.0,3,906
MOFA+,her2,50,-0.3930197206468565,50,0.02,2,906
MOFA+,luminal,50,-0.4875302239750314,50,0.0,4,906
R,basal,50,-0.37897095438447337,50,0.0,1,907
R,her2,50,-0.21418648045121788,50,0.02,2,907
R,luminal,50,-0.35861567014493045,50,0.02,3,907
R+P,basal,50,-0.20367581177927768,50,0.0,1,907
R+P,her2,50,-0.3036348568103233,50,0.0,2,907
R+P,luminal,50,-0.49290251131744695,50,0.04,4,907
R+D,basal,50,-0.44642394535428054,50,0.0,1,907
R+D,her2,50,-0.48501282797335366,50,0.0,2,907
R+D,luminal,50,-0.5016707923116208,50,0.0,4,907
R+P+D,basal,50,-0.32926202871089105,50,0.0,1,907
R+P+D,her2,50,-0.49665389601864973,50,0.0,3,907
R+P+D,luminal,50,-0.5328884463744086,50,0.02,7,907
MOFA+,basal,50,-0.053421368184589986,50,0.0,3,907
MOFA+,her2,50,-0.5652605157510739,50,0.0,1,907
MOFA+,luminal,50,-0.4605362947843053,50,0.0,5,907
R,basal,50,-0.11962745663634547,50,0.0,2,908
R,her2,50,-0.2148929694977508,50,0.0,1,908
R,luminal,50,-0.3794418139339036,50,0.0,4,908
R+P,basal,50,-0.10403253993525358,50,0.0,0,908
R+P,her2,50,-0.1728430879498568,50,0.0,4,908
R+P,luminal,50,-0.44414644655147023,50,0.0,5,908
R+D,basal,50,-0.25790351472860995,50,0.0,2,908
R+D,her2,50,-0.37357109419868456,50,0.0,1,908
R+D,luminal,50,-0.42106161624305677,50,0.0,4,908
R+P+D,basal,50,-0.27613172295539135,50,0.0,0,908
R+P+D,her2,50,-0.29323339785146957,50,0.0,1,908
R+P+D,luminal,50,-0.41333795118183586,50,0.0,6,908
MOFA+,basal,50,-0.368276449712905,50,0.02,2,908
MOFA+,her2,50,-0.36001283190272754,50,0.0,1,908
MOFA+,luminal,50,-0.4605362947843053,50,0.0,5,908
R,basal,50,-0.4644324144983966,50,0.0,0,909
R,her2,50,-0.4466145632401213,50,0.04,5,909
R,luminal,50,-0.17666373921600212,50,0.02,1,909
R+P,basal,50,-0.27450380243642764,50,0.0,0,909
R+P,her2,50,-0.29295154986735417,50,0.02,1,909
R+P,luminal,50,-0.09044032460248315,50,0.02,1,909
R+D,basal,50,-0.6571279566523753,50,0.0,0,909
R+D,her2,50,-0.43215721207818175,50,0.04,5,909
R+D,luminal,50,-0.2994020412128713,50,0.0,0,909
R+P+D,basal,50,-0.49467622319526483,50,0.0,0,909
R+P+D,her2,50,-0.32913772319533796,50,0.02,3,909
R+P+D,luminal,50,-0.29408979747232833,50,0.04,2,909
MOFA+,basal,50,-0.5178778430235921,50,0.0,2,909
MOFA+,her2,50,-0.39835941672586217,50,0.02,5,909
MOFA+,luminal,50,-0.32575067826405774,50,0.02,2,909
R,basal,50,-0.5818969633060049,50,0.0,5,910
R,her2,50,-0.4422610111008535,50,0.02,3,910
R,luminal,50,-0.22099144079056832,50,0.0,0,910
R+P,basal,50,-0.37411934440213895,50,0.0,2,910
R+P,her2,50,-0.3816245371026931,50,0.02,2,910
R+P,luminal,50,-0.2751252024832842,50,0.02,0,910
R+D,basal,50,-0.6282969406218464,50,0.0,5,910
R+D,her2,50,-0.4981154516986123,50,0.0,1,910
R+D,luminal,50,-0.35913555133803926,50,0.02,4,910
R+P+D,basal,50,-0.5020141488188172,50,0.0,2,910
R+P+D,her2,50,-0.5006257378008948,50,0.0,1,910
R+P+D,luminal,50,-0.37628169057860883,50,0.02,0,910
MOFA+,basal,50,-0.3212467034974735,50,0.0,1,910
MOFA+,her2,50,-0.39835941672586217,50,0.02,5,910
MOFA+,luminal,50,-0.049338171842283035,50,0.0,3,910
R,basal,50,-0.6327128256377678,50,0.0,3,911
R,her2,50,-0.24510577706277265,50,0.0,6,911
R,luminal,50,-0.219480403836734,50,0.0,1,911
R+P,basal,50,-0.6105206883958137,50,0.0,2,911
R+P,her2,50,-0.22641329715474534,50,0.0,5,911
R+P,luminal,50,-0.13762243499224094,50,0.0,1,911
R+D,basal,50,-0.5326308847046248,50,0.0,1,911
R+D,her2,50,-0.3566038073511549,50,0.04,5,911
R+D,luminal,50,-0.3218104313231317,50,0.0,2,911
R+P+D,basal,50,-0.5440688404272571,50,0.0,3,911
R+P+D,her2,50,-0.26444741915723713,50,0.02,4,911
R+P+D,luminal,50,-0.21663098256336116,50,0.0,2,911
MOFA+,basal,50,-0.5054582191460999,50,0.0,4,911
MOFA+,her2,50,-0.39835941672586217,50,0.02,5,911
MOFA+,luminal,50,-0.42447621761666204,50,0.0,2,911
R,basal,50,-0.5624699546646856,50,0.0,5,912
R,her2,50,-0.2804914221579936,50,0.04,3,912
R,luminal,50,-0.19354620185547705,50,0.0,1,912
R+P,basal,50,-0.4114748252278394,50,0.0,2,912
R+P,her2,50,-0.22268202799217002,50,0.04,2,912
R+P,luminal,50,-0.14233107634589032,50,0.02,2,912
R+D,basal,50,-0.4196428676177051,50,0.0,6,912
R+D,her2,50,-0.282874756187347,50,0.02,4,912
R+D,luminal,50,-0.2782380096687678,50,0.02,3,912
R+P+D,basal,50,-0.39584854330334357,50,0.0,3,912
R+P+D,her2,50,-0.25244205591704044,50,0.02,3,912
R+P+D,luminal,50,-0.1767714432155758,50,0.02,4,912
MOFA+,basal,50,-0.7399409894194376,50,0.0,3,912
MOFA+,her2,50,-0.3120793521641551,50,0.0,1,912
MOFA+,luminal,50,-0.4605362947843053,50,0.0,5,912
R,basal,50,-0.08943322276985724,50,0.0,0,913
R,her2,50,-0.3122336509766114,50,0.02,0,913
R,luminal,50,-0.5638317650428379,50,0.0,3,913
R+P,basal,50,-0.12191771537765231,50,0.0,0,913
R+P,her2,50,-0.22611948579971558,50,0.02,0,913
R+P,luminal,50,-0.29810549910992246,50,0.0,1,913
R+D,basal,50,-0.18386095258015636,50,0.0,0,913
R+D,her2,50,-0.4545583774120506,50,0.04,1,913
R+D,luminal,50,-0.5958637728581743,50,0.0,1,913
R+P+D,basal,50,-0.18882271561809374,50,0.0,0,913
R+P+D,her2,50,-0.37021003544489944,50,0.02,0,913
R+P+D,luminal,50,-0.37450298813737726,50,0.0,0,913
MOFA+,basal,50,-0.39079658001654743,50,0.0,5,913
MOFA+,her2,50,-0.2768959773562112,50,0.02,1,913
MOFA+,luminal,50,-0.5614016197427435,50,0.0,3,913
R,basal,50,-0.12158149906900716,50,0.0,0,914
R,her2,50,-0.18494248029690624,50,0.0,3,914
R,luminal,50,-0.3580489532941379,50,0.0,1,914
R+P,basal,50,-0.24344771761087722,50,0.0,1,914
R+P,her2,50,-0.1752927742533257,50,0.0,1,914
R+P,luminal,50,-0.23133566694317093,50,0.0,2,914
R+D,basal,50,-0.3767304975375058,50,0.0,1,914
R+D,her2,50,-0.3596311524945996,50,0.04,3,914
R+D,luminal,50,-0.40941976549011394,50,0.0,0,914
R+P+D,basal,50,-0.2585186173356627,50,0.0,0,914
R+P+D,her2,50,-0.3686495536892986,50,0.04,3,914
R+P+D,luminal,50,-0.2748443481582703,50,0.0,1,914
MOFA+,basal,50,-0.4181651333139253,50,0.0,2,914
MOFA+,her2,50,-0.36001283190272754,50,0.0,1,914
MOFA+,luminal,50,-0.3952030647717412,50,0.0,5,914
R,basal,50,-0.3370425110202346,50,0.0,2,915
R,her2,50,-0.2234323356910981,50,0.0,1,915
R,luminal,50,-0.49338369275644306,50,0.02,5,915
R+P,basal,50,-0.4693509174239906,50,0.0,2,915
R+P,her2,50,-0.2370116261395363,50,0.02,2,915
R+P,luminal,50,-0.29029527773478114,50,0.0,0,915
R+D,basal,50,-0.49856668320419795,50,0.0,2,915
R+D,her2,50,-0.4521521775809052,50,0.02,3,915
R+D,luminal,50,-0.4577512868150684,50,0.02,3,915
R+P+D,basal,50,-0.465966707232173,50,0.0,2,915
R+P+D,her2,50,-0.4217567362673009,50,0.02,1,915
R+P+D,luminal,50,-0.35834715754183344,50,0.0,0,915
MOFA+,basal,50,-0.7399409894194376,50,0.0,3,915
MOFA+,her2,50,-0.21672749174668915,50,0.0,1,915
MOFA+,luminal,50,-0.4875302239750314,50,0.0,4,915
R,basal,50,-0.26162467308371945,50,0.0,1,916
R,her2,50,-0.4103487067539428,50,0.02,2,916
R,luminal,50,-0.4969451440233455,50,0.0,0,916
R+P,basal,50,-0.17290434486635017,50,0.0,2,916
R+P,her2,50,-0.21839274634846054,50,0.0,2,916
R+P,luminal,50,-0.43864325238604934,50,0.0,1,916
R+D,basal,50,-0.4246548781928209,50,0.0,3,916
R+D,her2,50,-0.3168032839416615,50,0.0,2,916
R+D,luminal,50,-0.6632597396328438,50,0.0,2,916
R+P+D,basal,50,-0.27673063080700183,50,0.0,3,916
R+P+D,her2,50,-0.4286428408245458,50,0.0,4,916
R+P+D,luminal,50,-0.4485019093679751,50,0.0,1,916
MOFA+,basal,50,-0.28769486971114927,50,0.0,2,916
MOFA+,her2,50,-0.39835941672586217,50,0.02,5,916
MOFA+,luminal,50,-0.4336475234046903,50,0.0,2,916
R,basal,50,-0.1617759785189751,50,0.0,4,917
R,her2,50,-0.5958363816439467,50,0.0,3,917
R,luminal,50,-0.20816843187416267,50,0.0,0,917
R+P,basal,50,-0.26194510403201077,50,0.0,6,917
R+P,her2,50,-0.4000876495508144,50,0.0,1,917
R+P,luminal,50,-0.18414117821861986,50,0.0,1,917
R+D,basal,50,-0.3592914158795353,50,0.0,3,917
R+D,her2,50,-0.7688886358862413,50,0.0,2,917
R+D,luminal,50,-0.30046965300780826,50,0.0,1,917
R+P+D,basal,50,-0.34285314388011934,50,0.0,2,917
R+P+D,her2,50,-0.5224776670994382,50,0.0,1,917
R+P+D,luminal,50,-0.24120706747196113,50,0.0,1,917
MOFA+,basal,50,-0.07330649288426355,50,0.0,0,917
MOFA+,her2,50,-0.5491719546595314,50,0.0,3,917
MOFA+,luminal,50,-0.4336475234046903,50,0.0,2,917
R,basal,50,-0.21336633029487126,50,0.0,1,918
R,her2,50,-0.18833141339369103,50,0.0,0,918
R,luminal,50,-0.4781703650633562,50,0.0,4,918
R+P,basal,50,-0.18675028941434846,50,0.0,1,918
R+P,her2,50,-0.12376104948916529,50,0.0,0,918
R+P,luminal,50,-0.43232902117029154,50,0.0,3,918
R+D,basal,50,-0.35734695404929034,50,0.0,3,918
R+D,her2,50,-0.3141465406633084,50,0.0,0,918
R+D,luminal,50,-0.47969801518045907,50,0.0,1,918
R+P+D,basal,50,-0.25357780154306725,50,0.0,4,918
R+P+D,her2,50,-0.1636494553472093,50,0.0,0,918
R+P+D,luminal,50,-0.5311062624798122,50,0.0,5,918
MOFA+,basal,50,-0.3889951945560759,50,0.0,1,918
MOFA+,her2,50,-0.04592504717146089,50,0.0,3,918
MOFA+,luminal,50,-0.4108772374338225,50,0.02,1,918
R,basal,50,-0.2902800418605151,50,0.0,2,919
R,her2,50,-0.1646917969304773,50,0.0,4,919
R,luminal,50,-0.39526699338013604,50,0.0,1,919
R+P,basal,50,-0.2811146981645053,50,0.0,3,919
R+P,her2,50,-0.22961810145165018,50,0.0,1,919
R+P,luminal,50,-0.27001119789304673,50,0.0,1,919
R+D,basal,50,-0.5184223586527608,50,0.0,2,919
R+D,her2,50,-0.4561123388441728,50,0.02,5,919
R+D,luminal,50,-0.5167397742613256,50,0.0,1,919
R+P+D,basal,50,-0.4403838128692762,50,0.0,1,919
R+P+D,her2,50,-0.27617162588870575,50,0.02,2,919
R+P+D,luminal,50,-0.468050373553087,50,0.0,2,919
MOFA+,basal,50,-0.5054582191460999,50,0.0,4,919
MOFA+,her2,50,-0.3782726858472879,50,0.0,2,919
MOFA+,luminal,50,-0.42447621761666204,50,0.0,2,919
R,basal,50,-0.33596999827547264,50,0.0,1,920
R,her2,50,-0.3376073619586566,50,0.02,1,920
R,luminal,50,-0.2292842875000198,50,0.0,3,920
R+P,basal,50,-0.22181611911208385,50,0.0,0,920
R+P,her2,50,-0.4770974969846041,50,0.0,2,920
R+P,luminal,50,-0.2162906411290343,50,0.0,3,920
R+D,basal,50,-0.44260609593065503,50,0.0,1,920
R+D,her2,50,-0.5896743199181017,50,0.02,2,920
R+D,luminal,50,-0.4446170249139081,50,0.0,5,920
R+P+D,basal,50,-0.2733801710837805,50,0.0,0,920
R+P+D,her2,50,-0.6914878058896612,50,0.02,3,920
R+P+D,luminal,50,-0.33590743566128933,50,0.0,3,920
MOFA+,basal,50,-0.28982350086081005,50,0.0,2,920
MOFA+,her2,50,-0.4928444076680832,50,0.0,5,920
MOFA+,luminal,50,-0.32524904615232936,50,0.0,1,920
R,basal,50,-0.4318440611337156,50,0.0,1,921
R,her2,50,-0.18579396169757875,50,0.02,1,921
R,luminal,50,-0.2519498577145993,50,0.0,3,921
R+P,basal,50,-0.3766462537346612,50,0.0,2,921
R+P,her2,50,-0.1462283182279019,50,0.02,2,921
R+P,luminal,50,-0.22640703349417396,50,0.0,2,921
R+D,basal,50,-0.551982518895538,50,0.0,1,921
R+D,her2,50,-0.2802490696691472,50,0.02,1,921
R+D,luminal,50,-0.3104785577975533,50,0.0,2,921
R+P+D,basal,50,-0.3560757100608093,50,0.0,2,921
R+P+D,her2,50,-0.29355920524472934,50,0.04,2,921
R+P+D,luminal,50,-0.3953673983195529,50,0.0,1,921
MOFA+,basal,50,-0.5178778430235921,50,0.0,2,921
MOFA+,her2,50,-0.31448275361111183,50,0.04,2,921
MOFA+,luminal,50,-0.3952030647717412,50,0.0,5,921
R,basal,50,-0.30871980333104765,50,0.0,3,922
R,her2,50,-0.21430786183145867,50,0.0,2,922
R,luminal,50,-0.3234722791862791,50,0.0,2,922
R+P,basal,50,-0.36415868072897245,50,0.0,1,922
R+P,her2,50,-0.11061634742786498,50,0.0,1,922
R+P,luminal,50,-0.2243414960243256,50,0.02,5,922
R+D,basal,50,-0.42753777641155444,50,0.0,3,922
R+D,her2,50,-0.23998220282187777,50,0.0,2,922
R+D,luminal,50,-0.44496014759802077,50,0.0,2,922
R+P+D,basal,50,-0.5051484428087184,50,0.0,3,922
R+P+D,her2,50,-0.2706226716348257,50,0.0,2,922
R+P+D,luminal,50,-0.43372460346385,50,0.02,2,922
MOFA+,basal,50,-0.39079658001654743,50,0.0,5,922
MOFA+,her2,50,-0.3930197206468565,50,0.02,2,922
MOFA+,luminal,50,-0.4875302239750314,50,0.0,4,922
R,basal,50,-0.2702999734512921,50,0.0,2,923
R,her2,50,-0.34576390736676577,50,0.0,2,923
R,luminal,50,-0.46966465043852146,50,0.0,3,923
R+P,basal,50,-0.18695791662133973,50,0.0,3,923
R+P,her2,50,-0.27424610586862835,50,0.0,1,923
R+P,luminal,50,-0.45185359160996247,50,0.0,1,923
R+D,basal,50,-0.3578593088156831,50,0.0,3,923
R+D,her2,50,-0.5804334825938916,50,0.0,4,923
R+D,luminal,50,-0.45658369014548533,50,0.02,4,923
R+P+D,basal,50,-0.31097319678722624,50,0.0,2,923
R+P+D,her2,50,-0.4098437309970937,50,0.0,1,923
R+P+D,luminal,50,-0.6483001498599249,50,0.02,2,923
MOFA+,basal,50,-0.5159430532564055,50,0.0,5,923
MOFA+,her2,50,-0.36001283190272754,50,0.0,1,923
MOFA+,luminal,50,-0.5614016197427435,50,0.0,3,923
R,basal,50,-0.3121641967238812,50,0.0,3,924
R,her2,50,-0.5562824784656315,50,0.0,2,924
R,luminal,50,-0.3599221363123297,50,0.02,2,924
R+P,basal,50,-0.26008334459205623,50,0.0,0,924
R+P,her2,50,-0.5088456063945944,50,0.0,2,924
R+P,luminal,50,-0.4585007250079275,50,0.0,2,924
R+D,basal,50,-0.4460986965921647,50,0.0,4,924
R+D,her2,50,-0.4170336387651031,50,0.0,2,924
R+D,luminal,50,-0.5589435322324384,50,0.02,4,924
R+P+D,basal,50,-0.2970520962939047,50,0.0,0,924
R+P+D,her2,50,-0.4090863482508677,50,0.0,1,924
R+P+D,luminal,50,-0.5982987916297031,50,0.0,2,924
MOFA+,basal,50,-0.5159430532564055,50,0.0,5,924
MOFA+,her2,50,-0.3782726858472879,50,0.0,2,924
MOFA+,luminal,50,-0.3952030647717412,50,0.0,5,924
R,basal,50,-0.2963587474143006,50,0.0,1,925
R,her2,50,-0.322561127213328,50,0.0,3,925
R,luminal,50,-0.2806243352053031,50,0.0,0,925
R+P,basal,50,-0.20182034285628883,50,0.0,1,925
R+P,her2,50,-0.1264848967769054,50,0.02,3,925
R+P,luminal,50,-0.2500227123190173,50,0.0,2,925
R+D,basal,50,-0.4821924801404762,50,0.0,1,925
R+D,her2,50,-0.4480847036731863,50,0.02,5,925
R+D,luminal,50,-0.3158548709860304,50,0.02,4,925
R+P+D,basal,50,-0.2998901457885554,50,0.0,1,925
R+P+D,her2,50,-0.3158964865461358,50,0.02,4,925
R+P+D,luminal,50,-0.4040521594369762,50,0.0,1,925
MOFA+,basal,50,-0.4181651333139253,50,0.0,2,925
MOFA+,her2,50,-0.5652605157510739,50,0.0,1,925
MOFA+,luminal,50,-0.08707907674069461,50,0.0,0,925
R,basal,50,-0.32327336824067116,50,0.0,2,926
R,her2,50,-0.20698085693956952,50,0.0,0,926
R,luminal,50,-0.6002160172080453,50,0.0,2,926
R+P,basal,50,-0.05506932316026163,50,0.0,0,926
R+P,her2,50,-0.20612009188800326,50,0.0,0,926
R+P,luminal,50,-0.9348489507341149,50,0.0,3,926
R+D,basal,50,-0.4133464590666296,50,0.0,2,926
R+D,her2,50,-0.27386266298642564,50,0.0,0,926
R+D,luminal,50,-0.5079645957772576,50,0.0,1,926
R+P+D,basal,50,-0.247166176858524,50,0.0,2,926
R+P+D,her2,50,-0.1375841287198782,50,0.0,0,926
R+P+D,luminal,50,-0.6816915811841687,50,0.0,2,926
MOFA+,basal,50,-0.5054582191460999,50,0.0,4,926
MOFA+,her2,50,-0.2768959773562112,50,0.02,1,926
MOFA+,luminal,50,-0.4108772374338225,50,0.02,1,926
R,basal,50,-0.25080387122959746,50,0.0,2,927
R,her2,50,-0.6974806138705592,50,0.04,2,927
R,luminal,50,-0.2887509622621309,50,0.0,1,927
R+P,basal,50,-0.2201557880618457,50,0.0,3,927
R+P,her2,50,-0.6461266219708715,50,0.02,3,927
R+P,luminal,50,-0.13869670653192206,50,0.02,1,927
R+D,basal,50,-0.34392965611920945,50,0.0,4,927
R+D,her2,50,-0.6822468370122663,50,0.04,3,927
R+D,luminal,50,-0.2846088295711658,50,0.02,3,927
R+P+D,basal,50,-0.26285406756593477,50,0.0,3,927
R+P+D,her2,50,-0.7835089832362282,50,0.02,1,927
R+P+D,luminal,50,-0.2787831478413103,50,0.04,1,927
MOFA+,basal,50,-0.368276449712905,50,0.02,2,927
MOFA+,her2,50,-0.5067927857540258,50,0.0,2,927
MOFA+,luminal,50,-0.32575067826405774,50,0.02,2,927
R,basal,50,-0.3107998914906723,50,0.0,2,928
R,her2,50,-0.33762434156705917,50,0.0,2,928
R,luminal,50,-0.19908569088085992,50,0.04,1,928
R+P,basal,50,-0.22257400344632355,50,0.0,2,928
R+P,her2,50,-0.4806233759666061,50,0.0,2,928
R+P,luminal,50,-0.14388703320393792,50,0.02,1,928
R+D,basal,50,-0.48807953002498033,50,0.0,3,928
R+D,her2,50,-0.4884139869383357,50,0.0,1,928
R+D,luminal,50,-0.3929952376996518,50,0.04,4,928
R+P+D,basal,50,-0.36359723053798426,50,0.0,2,928
R+P+D,her2,50,-0.5871909171178942,50,0.0,1,928
R+P+D,luminal,50,-0.2943118837623838,50,0.04,1,928
MOFA+,basal,50,-0.5178778430235921,50,0.0,2,928
MOFA+,her2,50,-0.3930197206468565,50,0.02,2,928
MOFA+,luminal,50,-0.32575067826405774,50,0.02,2,928
R,basal,50,-0.6007734955667003,50,0.0,2,929
R,her2,50,-0.4203761301409096,50,0.0,2,929
R,luminal,50,-0.3624578505115707,50,0.0,3,929
R+P,basal,50,-0.3757446485824072,50,0.0,0,929
R+P,her2,50,-0.447287454969849,50,0.0,5,929
R+P,luminal,50,-0.16987758425457286,50,0.0,3,929
R+D,basal,50,-0.6125935932069417,50,0.0,2,929
R+D,her2,50,-0.4116009926527906,50,0.0,5,929
R+D,luminal,50,-0.4148259936634112,50,0.0,4,929
R+P+D,basal,50,-0.4388269689506196,50,0.0,1,929
R+P+D,her2,50,-0.44273405348949213,50,0.0,4,929
R+P+D,luminal,50,-0.3696729169557886,50,0.0,0,929
MOFA+,basal,50,-0.3915193340880218,50,0.0,2,929
MOFA+,her2,50,-0.4928444076680832,50,0.0,5,929
MOFA+,luminal,50,-0.32179389140566017,50,0.0,2,929
R,basal,50,-0.33385921592151163,50,0.0,1,930
R,her2,50,-0.4047058489423868,50,0.0,0,930
R,luminal,50,-0.1691446657731362,50,0.0,0,930
R+P,basal,50,-0.1728361865079157,50,0.0,1,930
R+P,her2,50,-0.4469716837776611,50,0.0,3,930
R+P,luminal,50,-0.19488030699115877,50,0.0,0,930
R+D,basal,50,-0.4882221488374109,50,0.0,2,930
R+D,her2,50,-0.3815760226145175,50,0.02,1,930
R+D,luminal,50,-0.27781377724020906,50,0.0,0,930
R+P+D,basal,50,-0.24571434763947786,50,0.0,0,930
R+P+D,her2,50,-0.48177832253504527,50,0.04,3,930
R+P+D,luminal,50,-0.24695456909012936,50,0.0,0,930
MOFA+,basal,50,-0.07330649288426355,50,0.0,0,930
MOFA+,her2,50,-0.5159761307760569,50,0.0,4,930
MOFA+,luminal,50,-0.42447621761666204,50,0.0,2,930
R,basal,50,-0.138474677663068,50,0.0,2,931
R,her2,50,-0.1724062642972388,50,0.0,0,931
R,luminal,50,-0.2080868248271251,50,0.0,0,931
R+P,basal,50,-0.16052324417797867,50,0.0,3,931
R+P,her2,50,-0.18627799817893262,50,0.0,1,931
R+P,luminal,50,-0.29162177259556904,50,0.0,2,931
R+D,basal,50,-0.49310461035704906,50,0.0,4,931
R+D,her2,50,-0.3191476282700245,50,0.0,0,931
R+D,luminal,50,-0.28320496218486624,50,0.02,1,931
R+P+D,basal,50,-0.24362124844199015,50,0.0,4,931
R+P+D,her2,50,-0.2643191930714872,50,0.0,0,931
R+P+D,luminal,50,-0.3798171381056222,50,0.0,1,931
MOFA+,basal,50,-0.3889951945560759,50,0.0,1,931
MOFA+,her2,50,-0.31448275361111183,50,0.04,2,931
MOFA+,luminal,50,-0.5336617848574897,50,0.0,2,931
R,basal,50,-0.18578277069047933,50,0.0,0,932
R,her2,50,-0.40408718057067694,50,0.0,4,932
R,luminal,50,-0.4696759362345994,50,0.04,0,932
R+P,basal,50,-0.10821558817803437,50,0.0,0,932
R+P,her2,50,-0.14520957235904025,50,0.0,2,932
R+P,luminal,50,-0.3735036940584684,50,0.02,2,932
R+D,basal,50,-0.30194779221777,50,0.0,1,932
R+D,her2,50,-0.49018976635200007,50,0.0,3,932
R+D,luminal,50,-0.5047211883529041,50,0.0,0,932
R+P+D,basal,50,-0.18539428956981133,50,0.0,1,932
R+P+D,her2,50,-0.2889116842869553,50,0.0,3,932
R+P+D,luminal,50,-0.45075210673205485,50,0.02,0,932
MOFA+,basal,50,-0.5178778430235921,50,0.0,2,932
MOFA+,her2,50,-0.5159761307760569,50,0.0,4,932
MOFA+,luminal,50,-0.32524904615232936,50,0.0,1,932
R,basal,50,-0.47188629155556683,50,0.0,0,933
R,her2,50,-0.14591829582498086,50,0.0,0,933
R,luminal,50,-0.25529338301681825,50,0.0,6,933
R+P,basal,50,-0.596520860679358,50,0.0,0,933
R+P,her2,50,-0.18677513246235747,50,0.0,1,933
R+P,luminal,50,-0.1023429808553404,50,0.0,3,933
R+D,basal,50,-0.6455587922729837,50,0.0,1,933
R+D,her2,50,-0.2995746179027882,50,0.0,2,933
R+D,luminal,50,-0.32658348683439153,50,0.02,4,933
R+P+D,basal,50,-0.5787815489061585,50,0.0,0,933
R+P+D,her2,50,-0.18740371933739194,50,0.0,2,933
R+P+D,luminal,50,-0.42217610946562806,50,0.0,5,933
MOFA+,basal,50,-0.28982350086081005,50,0.0,2,933
MOFA+,her2,50,-0.04592504717146089,50,0.0,3,933
MOFA+,luminal,50,-0.014035583308286484,50,0.0,4,933
R,basal,50,-0.37987957568626335,50,0.0,1,934
R,her2,50,-0.4804575231092088,50,0.0,3,934
R,luminal,50,-0.14358861455419683,50,0.02,3,934
R+P,basal,50,-0.4150973092458517,50,0.0,0,934
R+P,her2,50,-0.3734254050394562,50,0.0,2,934
R+P,luminal,50,-0.08529668265740986,50,0.0,3,934
R+D,basal,50,-0.38258781829927935,50,0.0,1,934
R+D,her2,50,-0.459564829819751,50,0.0,3,934
R+D,luminal,50,-0.20212741615705315,50,0.0,6,934
R+P+D,basal,50,-0.4422863745212918,50,0.0,0,934
R+P+D,her2,50,-0.4465870009624532,50,0.0,0,934
R+P+D,luminal,50,-0.1500037275218328,50,0.02,8,934
MOFA+,basal,50,-0.28982350086081005,50,0.0,2,934
MOFA+,her2,50,-0.36001283190272754,50,0.0,1,934
MOFA+,luminal,50,-0.4875302239750314,50,0.0,4,934
R,basal,50,-0.26471345780599287,50,0.0,4,935
R,her2,50,-0.6239029413573136,50,0.02,4,935
R,luminal,50,-0.14821954515566355,50,0.0,1,935
R+P,basal,50,-0.29457105110020615,50,0.0,4,935
R+P,her2,50,-0.5450440078032136,50,0.0,4,935
R+P,luminal,50,-0.17010625715844507,50,0.0,1,935
R+D,basal,50,-0.37708975040788517,50,0.0,3,935
R+D,her2,50,-0.6971341101134229,50,0.0,4,935
R+D,luminal,50,-0.23254938896461766,50,0.0,2,935
R+P+D,basal,50,-0.42243444615309406,50,0.0,3,935
R+P+D,her2,50,-0.6240945171794738,50,0.0,5,935
R+P+D,luminal,50,-0.24836115010762264,50,0.0,1,935
MOFA+,basal,50,-0.7399409894194376,50,0.0,3,935
MOFA+,her2,50,-0.3782726858472879,50,0.0,2,935
MOFA+,luminal,50,-0.049338171842283035,50,0.0,3,935
R,basal,50,-0.05093738697672078,50,0.0,2,936
R,her2,50,-0.4983891818323534,50,0.02,1,936
R,luminal,50,-0.28030214211075855,50,0.0,0,936
R+P,basal,50,-0.13365967874437618,50,0.0,0,936
R+P,her2,50,-0.6935501948068297,50,0.0,6,936
R+P,luminal,50,-0.23604642068518572,50,0.0,2,936
R+D,basal,50,-0.3029011938064688,50,0.0,1,936
R+D,her2,50,-0.5603763942279837,50,0.0,1,936
R+D,luminal,50,-0.3317740112706642,50,0.0,0,936
R+P+D,basal,50,-0.3844738604494528,50,0.0,1,936
R+P+D,her2,50,-0.5948444179771498,50,0.0,2,936
R+P+D,luminal,50,-0.23015215984805246,50,0.0,1,936
MOFA+,basal,50,-0.39079658001654743,50,0.0,5,936
MOFA+,her2,50,-0.5491719546595314,50,0.0,3,936
MOFA+,luminal,50,-0.4336475234046903,50,0.0,2,936
R,basal,50,-0.3794344373381889,50,0.0,3,937
R,her2,50,-0.5072379262968356,50,0.0,5,937
R,luminal,50,-0.38448980690839213,50,0.0,2,937
R+P,basal,50,-0.38566635897645546,50,0.0,0,937
R+P,her2,50,-0.3413584396645783,50,0.0,4,937
R+P,luminal,50,-0.3691609466892965,50,0.0,1,937
R+D,basal,50,-0.4133160663441824,50,0.0,5,937
R+D,her2,50,-0.7705368292029086,50,0.0,7,937
R+D,luminal,50,-0.42209168682641485,50,0.0,4,937
R+P+D,basal,50,-0.4993150963654174,50,0.0,3,937
R+P+D,her2,50,-0.3516562249238927,50,0.0,3,937
R+P+D,luminal,50,-0.3560742188581388,50,0.0,2,937
MOFA+,basal,50,-0.27447206105048505,50,0.0,1,937
MOFA+,her2,50,-0.40456322390936145,50,0.0,2,937
MOFA+,luminal,50,-0.5614016197427435,50,0.0,3,937
R,basal,50,-0.35779126315937404,50,0.0,1,938
R,her2,50,-0.4179491070361365,50,0.0,6,938
R,luminal,50,-0.3843775073763279,50,0.02,1,938
R+P,basal,50,-0.1624790492801549,50,0.0,0,938
R+P,her2,50,-0.41783770847605284,50,0.0,4,938
R+P,luminal,50,-0.30449677104857165,50,0.02,1,938
R+D,basal,50,-0.4959864858897029,50,0.0,1,938
R+D,her2,50,-0.3858052542228351,50,0.0,3,938
R+D,luminal,50,-0.36151647501928946,50,0.0,1,938
R+P+D,basal,50,-0.3209123236717762,50,0.0,1,938
R+P+D,her2,50,-0.3699922693486561,50,0.0,3,938
R+P+D,luminal,50,-0.2760252224787568,50,0.0,2,938
MOFA+,basal,50,-0.3212467034974735,50,0.0,1,938
MOFA+,her2,50,-0.3120793521641551,50,0.0,1,938
MOFA+,luminal,50,-0.32179389140566017,50,0.0,2,938
R,basal,50,-0.34568859720404066,50,0.0,2,939
R,her2,50,-0.45861186034466905,50,0.0,2,939
R,luminal,50,-0.14625013510382698,50,0.0,2,939
R+P,basal,50,-0.2421366456291535,50,0.0,0,939
R+P,her2,50,-0.36675960828296467,50,0.0,1,939
R+P,luminal,50,-0.13214131446723548,50,0.0,3,939
R+D,basal,50,-0.41456228043013527,50,0.0,1,939
R+D,her2,50,-0.4332043734897349,50,0.0,3,939
R+D,luminal,50,-0.3888946131433359,50,0.0,4,939
R+P+D,basal,50,-0.2564956561715073,50,0.0,0,939
R+P+D,her2,50,-0.3681037334301239,50,0.0,1,939
R+P+D,luminal,50,-0.1631920268505622,50,0.0,3,939
MOFA+,basal,50,-0.27447206105048505,50,0.0,1,939
MOFA+,her2,50,-0.7022956727559374,50,0.0,3,939
MOFA+,luminal,50,-0.049338171842283035,50,0.0,3,939
R,basal,50,-0.14997423334779406,50,0.0,0,940
R,her2,50,-0.16752637033481235,50,0.0,1,940
R,luminal,50,-0.3962658364663465,50,0.0,3,940
R+P,basal,50,-0.2057520769972927,50,0.0,1,940
R+P,her2,50,-0.12806852000514235,50,0.0,1,940
R+P,luminal,50,-0.35931121053867465,50,0.0,3,940
R+D,basal,50,-0.33863514914759757,50,0.0,1,940
R+D,her2,50,-0.3058382623500988,50,0.02,2,940
R+D,luminal,50,-0.42453399235719813,50,0.0,1,940
R+P+D,basal,50,-0.32726232385714576,50,0.0,0,940
R+P+D,her2,50,-0.26766346747962266,50,0.0,1,940
R+P+D,luminal,50,-0.4843620056483159,50,0.0,3,940
MOFA+,basal,50,-0.3889951945560759,50,0.0,1,940
MOFA+,her2,50,-0.3930197206468565,50,0.02,2,940
MOFA+,luminal,50,-0.22472778073296432,50,0.0,1,940
R,basal,50,-0.27584371992601175,50,0.0,2,941
R,her2,50,-0.2114807036596327,50,0.0,1,941
R,luminal,50,-0.5218408788629036,50,0.0,6,941
R+P,basal,50,-0.1508630233655987,50,0.0,2,941
R+P,her2,50,-0.11929419989111628,50,0.02,1,941
R+P,luminal,50,-0.4978270324352333,50,0.0,6,941
R+D,basal,50,-0.3985403990752689,50,0.0,1,941
R+D,her2,50,-0.3362850527549639,50,0.0,2,941
R+D,luminal,50,-0.43556390169909726,50,0.0,2,941
R+P+D,basal,50,-0.3207888932959478,50,0.0,3,941
R+P+D,her2,50,-0.29551529161562007,50,0.02,1,941
R+P+D,luminal,50,-0.40253102385736417,50,0.0,1,941
MOFA+,basal,50,-0.5624526968256038,50,0.0,1,941
MOFA+,her2,50,-0.04592504717146089,50,0.0,3,941
MOFA+,luminal,50,-0.7166178630053172,50,0.0,3,941
R,basal,50,-0.47107970507579333,50,0.0,1,942
R,her2,50,-0.10978541715871587,50,0.0,0,942
R,luminal,50,-0.3389920516600718,50,0.02,1,942
R+P,basal,50,-0.1494229850343416,50,0.0,1,942
R+P,her2,50,-0.12942482634300462,50,0.0,0,942
R+P,luminal,50,-0.3474904492722347,50,0.0,4,942
R+D,basal,50,-0.5357011706994174,50,0.0,3,942
R+D,her2,50,-0.31241359990444073,50,0.0,0,942
R+D,luminal,50,-0.45039788918013407,50,0.0,2,942
R+P+D,basal,50,-0.3760612242862191,50,0.0,2,942
R+P+D,her2,50,-0.21937239808003473,50,0.0,0,942
R+P+D,luminal,50,-0.4017537206501976,50,0.0,2,942
MOFA+,basal,50,-0.368276449712905,50,0.02,2,942
MOFA+,her2,50,-0.31448275361111183,50,0.04,2,942
MOFA+,luminal,50,-0.5336617848574897,50,0.0,2,942
R,basal,50,-0.2205542506865485,50,0.0,0,943
R,her2,50,-0.6646096705201984,50,0.02,10,943
R,luminal,50,-0.3827661617976761,50,0.0,0,943
R+P,basal,50,-0.1382467522795216,50,0.0,0,943
R+P,her2,50,-0.45293294252152216,50,0.0,8,943
R+P,luminal,50,-0.2933506620517846,50,0.0,1,943
R+D,basal,50,-0.3653414143378312,50,0.0,0,943
R+D,her2,50,-0.6811056957705749,50,0.0,6,943
R+D,luminal,50,-0.35692213647487137,50,0.0,0,943
R+P+D,basal,50,-0.3157341054446558,50,0.0,2,943
R+P+D,her2,50,-0.5042921189394743,50,0.0,6,943
R+P+D,luminal,50,-0.3904968152635837,50,0.0,1,943
MOFA+,basal,50,-0.28769486971114927,50,0.0,2,943
MOFA+,her2,50,-0.5159761307760569,50,0.0,4,943
MOFA+,luminal,50,-0.42447621761666204,50,0.0,2,943
R,basal,50,-0.4570455871931482,50,0.02,0,944
R,her2,50,-0.14734546959094322,50,0.0,0,944
R,luminal,50,-0.4511182926524647,50,0.0,1,944
R+P,basal,50,-0.3753853131728868,50,0.0,2,944
R+P,her2,50,-0.27357099194250734,50,0.0,0,944
R+P,luminal,50,-0.33156597589981324,50,0.0,1,944
R+D,basal,50,-0.47366806649039167,50,0.0,1,944
R+D,her2,50,-0.2425124703646474,50,0.0,3,944
R+D,luminal,50,-0.35809280309034414,50,0.0,4,944
R+P+D,basal,50,-0.5521747165672979,50,0.0,1,944
R+P+D,her2,50,-0.37458902138463573,50,0.0,1,944
R+P+D,luminal,50,-0.37628981525509764,50,0.02,2,944
MOFA+,basal,50,-0.39079658001654743,50,0.0,5,944
MOFA+,her2,50,-0.2768959773562112,50,0.02,1,944
MOFA+,luminal,50,-0.32524904615232936,50,0.0,1,944
R,basal,50,-0.2895358998691262,50,0.0,5,945
R,her2,50,-0.2301804539430431,50,0.0,1,945
R,luminal,50,-0.4998083797930639,50,0.0,1,945
R+P,basal,50,-0.2272425972413648,50,0.0,4,945
R+P,her2,50,-0.15747642506173604,50,0.0,1,945
R+P,luminal,50,-0.659894079282377,50,0.0,3,945
R+D,basal,50,-0.4366917593575439,50,0.0,4,945
R+D,her2,50,-0.48817059209176006,50,0.0,1,945
R+D,luminal,50,-0.3828237133087465,50,0.02,2,945
R+P+D,basal,50,-0.36562095862365696,50,0.0,4,945
R+P+D,her2,50,-0.32225485273050386,50,0.0,0,945
R+P+D,luminal,50,-0.4164126739341848,50,0.0,2,945
MOFA+,basal,50,-0.012019998178718974,50,0.0,4,945
MOFA+,her2,50,-0.3930197206468565,50,0.02,2,945
MOFA+,luminal,50,-0.4875302239750314,50,0.0,4,945
R,basal,50,-0.304457166238513,50,0.0,4,946
R,her2,50,-0.372129538478441,50,0.0,3,946
R,luminal,50,-0.41507499301188416,50,0.0,3,946
R+P,basal,50,-0.2922960290430708,50,0.0,1,946
R+P,her2,50,-0.2068604889420926,50,0.0,0,946
R+P,luminal,50,-0.29075736916691103,50,0.0,2,946
R+D,basal,50,-0.4100491890709257,50,0.0,4,946
R+D,her2,50,-0.49521483714299414,50,0.0,3,946
R+D,luminal,50,-0.5098183088505569,50,0.0,3,946
R+P+D,basal,50,-0.285133169954449,50,0.0,2,946
R+P+D,her2,50,-0.3629171472367716,50,0.0,1,946
R+P+D,luminal,50,-0.33680863874983297,50,0.0,3,946
MOFA+,basal,50,-0.5159430532564055,50,0.0,5,946
MOFA+,her2,50,-0.01313290143070867,50,0.0,4,946
MOFA+,luminal,50,-0.049338171842283035,50,0.0,3,946
R,basal,50,-0.47685273256174165,50,0.0,1,947
R,her2,50,-0.4192663072224888,50,0.02,2,947
R,luminal,50,-0.3927714039448253,50,0.02,0,947
R+P,basal,50,-0.4020670697594803,50,0.0,0,947
R+P,her2,50,-0.35399972783003514,50,0.0,2,947
R+P,luminal,50,-0.23697940149976418,50,0.02,2,947
R+D,basal,50,-0.6492377045110931,50,0.0,3,947
R+D,her2,50,-0.4952034225701846,50,0.0,4,947
R+D,luminal,50,-0.42109508822778174,50,0.02,4,947
R+P+D,basal,50,-0.396007464798353,50,0.0,1,947
R+P+D,her2,50,-0.48532132299548464,50,0.0,4,947
R+P+D,luminal,50,-0.37315644658118996,50,0.02,4,947
MOFA+,basal,50,-0.39079658001654743,50,0.0,5,947
MOFA+,her2,50,-0.5067927857540258,50,0.0,2,947
MOFA+,luminal,50,-0.32575067826405774,50,0.02,2,947
R,basal,50,-0.16692952072208128,50,0.0,1,948
R,her2,50,-0.3477076864740989,50,0.0,2,948
R,luminal,50,-0.33089064087179076,50,0.0,4,948
R+P,basal,50,-0.35688905352288885,50,0.0,2,948
R+P,her2,50,-0.17837777842230454,50,0.0,1,948
R+P,luminal,50,-0.1998330628635049,50,0.0,1,948
R+D,basal,50,-0.5578032658030422,50,0.0,4,948
R+D,her2,50,-0.4300802312834316,50,0.0,3,948
R+D,luminal,50,-0.3157745447096436,50,0.0,2,948
R+P+D,basal,50,-0.42513157731113205,50,0.0,5,948
R+P+D,her2,50,-0.3716596347633329,50,0.0,2,948
R+P+D,luminal,50,-0.3483803182130593,50,0.0,0,948
MOFA+,basal,50,-0.40261158750576387,50,0.0,1,948
MOFA+,her2,50,-0.01313290143070867,50,0.0,4,948
MOFA+,luminal,50,-0.5336617848574897,50,0.0,2,948
R,basal,50,-0.1975071047259831,50,0.0,4,949
R,her2,50,-0.19857153520437346,50,0.04,2,949
R,luminal,50,-0.3734872571688963,50,0.02,3,949
R+P,basal,50,-0.247468176107435,50,0.0,5,949
R+P,her2,50,-0.2799904750880595,50,0.06,2,949
R+P,luminal,50,-0.39642788163040277,50,0.02,4,949
R+D,basal,50,-0.32968908208108055,50,0.0,1,949
R+D,her2,50,-0.2847412399317961,50,0.02,0,949
R+D,luminal,50,-0.41161384183864697,50,0.02,3,949
R+P+D,basal,50,-0.2506428134996389,50,0.0,2,949
R+P+D,her2,50,-0.3072067402864037,50,0.04,1,949
R+P+D,luminal,50,-0.5642492699147261,50,0.02,2,949
MOFA+,basal,50,-0.39079658001654743,50,0.0,5,949
MOFA+,her2,50,-0.31448275361111183,50,0.04,2,949
MOFA+,luminal,50,-0.4336475234046903,50,0.0,2,949
R,basal,50,-0.4585081351770063,50,0.0,1,950
R,her2,50,-0.2807183782155109,50,0.0,1,950
R,luminal,50,-0.2722437670690483,50,0.02,0,950
R+P,basal,50,-0.3568100697431098,50,0.0,1,950
R+P,her2,50,-0.20216520481766012,50,0.0,1,950
R+P,luminal,50,-0.20920808014238415,50,0.0,2,950
R+D,basal,50,-0.5304854457394089,50,0.0,4,950
R+D,her2,50,-0.44765068836339383,50,0.0,0,950
R+D,luminal,50,-0.3303043129370672,50,0.0,0,950
R+P+D,basal,50,-0.4642760493398438,50,0.0,4,950
R+P+D,her2,50,-0.43784873485709946,50,0.0,1,950
R+P+D,luminal,50,-0.21111051625189467,50,0.02,1,950
MOFA+,basal,50,-0.368276449712905,50,0.02,2,950
MOFA+,her2,50,-0.04592504717146089,50,0.0,3,950
MOFA+,luminal,50,-0.5834359116792033,50,0.0,1,950
R,basal,50,-0.16206227373012352,50,0.0,1,951
R,her2,50,-0.3312755864833589,50,0.0,3,951
R,luminal,50,-0.48799973965039195,50,0.02,3,951
R+P,basal,50,-0.14773520992310424,50,0.0,1,951
R+P,her2,50,-0.271721876282723,50,0.0,2,951
R+P,luminal,50,-0.47711030664,50,0.02,4,951
R+D,basal,50,-0.4164201793663663,50,0.0,1,951
R+D,her2,50,-0.41341269350919846,50,0.0,5,951
R+D,luminal,50,-0.6393983244883209,50,0.0,4,951
R+P+D,basal,50,-0.48618934583826795,50,0.0,2,951
R+P+D,her2,50,-0.33128004146151574,50,0.0,1,951
R+P+D,luminal,50,-0.5281579620308533,50,0.02,3,951
MOFA+,basal,50,-0.07330649288426355,50,0.0,0,951
MOFA+,her2,50,-0.3120793521641551,50,0.0,1,951
MOFA+,luminal,50,-0.4605362947843053,50,0.0,5,951
R,basal,50,-0.4354343187182455,50,0.0,3,952
R,her2,50,-0.19686314283099274,50,0.0,1,952
R,luminal,50,-0.11864155203813546,50,0.0,3,952
R+P,basal,50,-0.32656544753200156,50,0.0,3,952
R+P,her2,50,-0.42416963314984535,50,0.0,6,952
R+P,luminal,50,-0.156185883944094,50,0.0,1,952
R+D,basal,50,-0.41896310805710785,50,0.0,3,952
R+D,her2,50,-0.35420425268369976,50,0.0,2,952
R+D,luminal,50,-0.34262687061761893,50,0.0,2,952
R+P+D,basal,50,-0.4184598030591705,50,0.0,2,952
R+P+D,her2,50,-0.42342814891712544,50,0.0,2,952
R+P+D,luminal,50,-0.3566999958843264,50,0.0,1,952
MOFA+,basal,50,-0.368276449712905,50,0.02,2,952
MOFA+,her2,50,-0.5652605157510739,50,0.0,1,952
MOFA+,luminal,50,-0.014035583308286484,50,0.0,4,952
R,basal,50,-0.36706348627465885,50,0.0,3,953
R,her2,50,-0.4494844548553641,50,0.0,3,953
R,luminal,50,-0.25524611292463073,50,0.04,4,953
R+P,basal,50,-0.22719235143655286,50,0.0,0,953
R+P,her2,50,-0.4956983094808307,50,0.02,6,953
R+P,luminal,50,-0.27283524483829064,50,0.08,5,953
R+D,basal,50,-0.5750421679617751,50,0.0,4,953
R+D,her2,50,-0.46539001122485907,50,0.0,2,953
R+D,luminal,50,-0.34347022776215924,50,0.06,6,953
R+P+D,basal,50,-0.3157559791903715,50,0.0,0,953
R+P+D,her2,50,-0.5831005292461502,50,0.0,2,953
R+P+D,luminal,50,-0.42062686163955204,50,0.06,6,953
MOFA+,basal,50,-0.5178778430235921,50,0.0,2,953
MOFA+,her2,50,-0.4928444076680832,50,0.0,5,953
MOFA+,luminal,50,-0.32575067826405774,50,0.02,2,953
R,basal,50,-0.41052927090147884,50,0.0,1,954
R,her2,50,-0.2455028232793587,50,0.0,1,954
R,luminal,50,-0.21682336158416368,50,0.0,2,954
R+P,basal,50,-0.5445717726783537,50,0.0,1,954
R+P,her2,50,-0.113608385548739,50,0.0,2,954
R+P,luminal,50,-0.11001033312655852,50,0.0,0,954
R+D,basal,50,-0.48224051181679406,50,0.0,1,954
R+D,her2,50,-0.32860843045475263,50,0.0,2,954
R+D,luminal,50,-0.4939200198995119,50,0.0,1,954
R+P+D,basal,50,-0.49516672009483964,50,0.0,0,954
R+P+D,her2,50,-0.19603007648425883,50,0.0,0,954
R+P+D,luminal,50,-0.341772413458933,50,0.02,5,954
MOFA+,basal,50,-0.28769486971114927,50,0.0,2,954
MOFA+,her2,50,-0.30258820694702326,50,0.02,2,954
MOFA+,luminal,50,-0.5336617848574897,50,0.0,2,954
R,basal,50,-0.33825355148125874,50,0.0,1,955
R,her2,50,-0.1084746619051171,50,0.0,1,955
R,luminal,50,-0.3281513554796868,50,0.0,3,955
R+P,basal,50,-0.3256165927917678,50,0.0,1,955
R+P,her2,50,-0.21557412784641816,50,0.0,2,955
R+P,luminal,50,-0.3675460685672009,50,0.0,2,955
R+D,basal,50,-0.4687166987099438,50,0.0,0,955
R+D,her2,50,-0.4295900876499516,50,0.0,5,955
R+D,luminal,50,-0.36841650833699946,50,0.02,3,955
R+P+D,basal,50,-0.3726311028709412,50,0.0,1,955
R+P+D,her2,50,-0.35406495231305923,50,0.0,2,955
R+P+D,luminal,50,-0.3767086341939032,50,0.02,3,955
MOFA+,basal,50,-0.07330649288426355,50,0.0,0,955
MOFA+,her2,50,-0.5652605157510739,50,0.0,1,955
MOFA+,luminal,50,-0.4875302239750314,50,0.0,4,955
R,basal,50,-0.30865483747998906,50,0.0,2,956
R,her2,50,-0.16778068206970823,50,0.0,0,956
R,luminal,50,-0.5238062874103998,50,0.02,3,956
R+P,basal,50,-0.16829118850630562,50,0.0,0,956
R+P,her2,50,-0.2243104998186009,50,0.0,1,956
R+P,luminal,50,-0.2797239608600521,50,0.02,1,956
R+D,basal,50,-0.3278294586257442,50,0.0,3,956
R+D,her2,50,-0.3244907847837885,50,0.0,1,956
R+D,luminal,50,-0.4224764781712592,50,0.0,1,956
R+P+D,basal,50,-0.33875214606858856,50,0.0,0,956
R+P+D,her2,50,-0.3904011714841847,50,0.0,2,956
R+P+D,luminal,50,-0.4696146244072105,50,0.02,3,956
MOFA+,basal,50,-0.21929701202341526,50,0.0,1,956
MOFA+,her2,50,-0.4928444076680832,50,0.0,5,956
MOFA+,luminal,50,-0.08707907674069461,50,0.0,0,956
R,basal,50,-0.07826107193166168,50,0.0,1,957
R,her2,50,-0.30939418487191483,50,0.0,6,957
R,luminal,50,-0.48428070409235885,50,0.0,2,957
R+P,basal,50,-0.13598746335294365,50,0.0,0,957
R+P,her2,50,-0.2500560398100245,50,0.0,1,957
R+P,luminal,50,-0.5208893760465826,50,0.0,4,957
R+D,basal,50,-0.3163308730080974,50,0.0,3,957
R+D,her2,50,-0.3744840025297419,50,0.0,3,957
R+D,luminal,50,-0.560804064801578,50,0.0,2,957
R+P+D,basal,50,-0.2368604875830301,50,0.0,1,957
R+P+D,her2,50,-0.2331617039382458,50,0.0,2,957
R+P+D,luminal,50,-0.5143263782182806,50,0.02,4,957
MOFA+,basal,50,-0.4181651333139253,50,0.0,2,957
MOFA+,her2,50,-0.08379133735789089,50,0.0,0,957
MOFA+,luminal,50,-0.4108772374338225,50,0.02,1,957
R,basal,50,-0.6167999306791413,50,0.0,1,958
R,her2,50,-0.2531842724648993,50,0.0,2,958
R,luminal,50,-0.24956155272788647,50,0.0,3,958
R+P,basal,50,-0.42745461568096715,50,0.0,2,958
R+P,her2,50,-0.203570581117218,50,0.0,1,958
R+P,luminal,50,-0.20087983014806496,50,0.0,2,958
R+D,basal,50,-0.654094661941358,50,0.0,3,958
R+D,her2,50,-0.36240962178147185,50,0.0,3,958
R+D,luminal,50,-0.2867545864861878,50,0.0,2,958
R+P+D,basal,50,-0.5300049029375945,50,0.0,3,958
R+P+D,her2,50,-0.19271830983038055,50,0.0,1,958
R+P+D,luminal,50,-0.36137619097938534,50,0.0,1,958
MOFA+,basal,50,-0.5054582191460999,50,0.0,4,958
MOFA+,her2,50,-0.3120793521641551,50,0.0,1,958
MOFA+,luminal,50,-0.32179389140566017,50,0.0,2,958
R,basal,50,-0.8543900493628298,50,0.0,4,959
R,her2,50,-0.08009082745320059,50,0.0,3,959
R,luminal,50,-0.1979987508363385,50,0.0,1,959
R+P,basal,50,-0.8254572894090592,50,0.0,6,959
R+P,her2,50,-0.0808209185427841,50,0.0,0,959
R+P,luminal,50,-0.23549749839039136,50,0.0,1,959
R+D,basal,50,-0.8007859922332954,50,0.0,1,959
R+D,her2,50,-0.19723579154945284,50,0.0,2,959
R+D,luminal,50,-0.38590437407080663,50,0.0,0,959
R+P+D,basal,50,-0.5861219084179692,50,0.0,2,959
R+P+D,her2,50,-0.22382022431255721,50,0.02,3,959
R+P+D,luminal,50,-0.2979428001384456,50,0.0,2,959
MOFA+,basal,50,-0.5178778430235921,50,0.0,2,959
MOFA+,her2,50,-0.01313290143070867,50,0.0,4,959
MOFA+,luminal,50,-0.4605362947843053,50,0.0,5,959
R,basal,50,-0.38451865982253663,50,0.0,3,960
R,her2,50,-0.321057921625738,50,0.0,1,960
R,luminal,50,-0.3704022694529989,50,0.0,4,960
R+P,basal,50,-0.22878357460790646,50,0.0,2,960
R+P,her2,50,-0.1896260221462096,50,0.0,0,960
R+P,luminal,50,-0.29372534477229795,50,0.0,2,960
R+D,basal,50,-0.41977673291995,50,0.0,1,960
R+D,her2,50,-0.48643439784810794,50,0.0,0,960
R+D,luminal,50,-0.3874126372038471,50,0.0,6,960
R+P+D,basal,50,-0.22523254142065935,50,0.0,3,960
R+P+D,her2,50,-0.2170224669308049,50,0.0,0,960
R+P+D,luminal,50,-0.38578208202833375,50,0.0,3,960
MOFA+,basal,50,-0.3915193340880218,50,0.0,2,960
MOFA+,her2,50,-0.42313238618869314,50,0.02,1,960
MOFA+,luminal,50,-0.4875302239750314,50,0.0,4,960
R,basal,50,-0.5068869250837131,50,0.0,5,961
R,her2,50,-0.19757238390264323,50,0.02,0,961
R,luminal,50,-0.2876232689902984,50,0.02,1,961
R+P,basal,50,-0.33037000581448595,50,0.0,1,961
R+P,her2,50,-0.23931684266678285,50,0.02,0,961
R+P,luminal,50,-0.21916854802487554,50,0.02,3,961
R+D,basal,50,-0.6470079088638346,50,0.0,4,961
R+D,her2,50,-0.42362351191045877,50,0.0,2,961
R+D,luminal,50,-0.3962118709808768,50,0.02,4,961
R+P+D,basal,50,-0.45740387483941325,50,0.0,3,961
R+P+D,her2,50,-0.37980519555391185,50,0.0,2,961
R+P+D,luminal,50,-0.3106147271733503,50,0.02,2,961
MOFA+,basal,50,-0.5054582191460999,50,0.0,4,961
MOFA+,her2,50,-0.30258820694702326,50,0.02,2,961
MOFA+,luminal,50,-0.22472778073296432,50,0.0,1,961
R,basal,50,-0.6596618384217691,50,0.0,5,962
R,her2,50,-0.33726998388943646,50,0.0,4,962
R,luminal,50,-0.18855762502565684,50,0.02,0,962
R+P,basal,50,-0.9268828047176059,50,0.0,5,962
R+P,her2,50,-0.3790192236284634,50,0.0,4,962
R+P,luminal,50,-0.15046592621361116,50,0.0,0,962
R+D,basal,50,-0.6787959178561022,50,0.0,4,962
R+D,her2,50,-0.4738528346309526,50,0.0,4,962
R+D,luminal,50,-0.22626987729223502,50,0.0,1,962
R+P+D,basal,50,-0.7584442795577148,50,0.0,4,962
R+P+D,her2,50,-0.5064518917189077,50,0.02,5,962
R+P+D,luminal,50,-0.18681132272323658,50,0.0,0,962
MOFA+,basal,50,-0.5463558416948096,50,0.0,3,962
MOFA+,her2,50,-0.4928444076680832,50,0.0,5,962
MOFA+,luminal,50,-0.27498818356268634,50,0.0,1,962
R,basal,50,-0.18413859360170007,50,0.0,1,963
R,her2,50,-0.2655084844420132,50,0.02,1,963
R,luminal,50,-0.5806118235373225,50,0.0,6,963
R+P,basal,50,-0.18031144362857404,50,0.0,2,963
R+P,her2,50,-0.0798362671356576,50,0.0,0,963
R+P,luminal,50,-0.3405060489838342,50,0.0,3,963
R+D,basal,50,-0.3535721552695785,50,0.0,4,963
R+D,her2,50,-0.39537828902021516,50,0.02,2,963
R+D,luminal,50,-0.5704852384653565,50,0.0,4,963
R+P+D,basal,50,-0.41465552832105423,50,0.0,3,963
R+P+D,her2,50,-0.3594354330388867,50,0.04,2,963
R+P+D,luminal,50,-0.6239119003817867,50,0.0,5,963
MOFA+,basal,50,-0.4181651333139253,50,0.0,2,963
MOFA+,her2,50,-0.31448275361111183,50,0.04,2,963
MOFA+,luminal,50,-0.38706270944304655,50,0.0,1,963
R,basal,50,-0.2738860672236915,50,0.0,2,964
R,her2,50,-0.3867552379197667,50,0.04,1,964
R,luminal,50,-0.48545823747400596,50,0.0,3,964
R+P,basal,50,-0.24319743924659312,50,0.0,1,964
R+P,her2,50,-0.3024580752866205,50,0.02,2,964
R+P,luminal,50,-0.4201925462679626,50,0.0,2,964
R+D,basal,50,-0.5530384237384584,50,0.0,0,964
R+D,her2,50,-0.33799204490722123,50,0.02,2,964
R+D,luminal,50,-0.4138419798100068,50,0.0,3,964
R+P+D,basal,50,-0.5855406785704063,50,0.0,2,964
R+P+D,her2,50,-0.410430581030149,50,0.02,2,964
R+P+D,luminal,50,-0.40778803107704786,50,0.0,1,964
MOFA+,basal,50,-0.5624526968256038,50,0.0,1,964
MOFA+,her2,50,-0.3930197206468565,50,0.02,2,964
MOFA+,luminal,50,-0.4875302239750314,50,0.0,4,964
R,basal,50,-0.30099262611971894,50,0.0,4,965
R,her2,50,-0.6497131573911993,50,0.0,3,965
R,luminal,50,-0.2194593739624117,50,0.0,0,965
R+P,basal,50,-0.40217077252460237,50,0.0,5,965
R+P,her2,50,-0.8222694330379258,50,0.02,4,965
R+P,luminal,50,-0.21564794486463143,50,0.0,1,965
R+D,basal,50,-0.48438225497946646,50,0.0,5,965
R+D,her2,50,-0.5606440642678158,50,0.04,4,965
R+D,luminal,50,-0.45247976479848007,50,0.0,1,965
R+P+D,basal,50,-0.38966728019355784,50,0.0,6,965
R+P+D,her2,50,-0.5074264372167849,50,0.04,4,965
R+P+D,luminal,50,-0.2697099972374619,50,0.0,1,965
MOFA+,basal,50,-0.3915193340880218,50,0.0,2,965
MOFA+,her2,50,-0.5159761307760569,50,0.0,4,965
MOFA+,luminal,50,-0.049338171842283035,50,0.0,3,965
R,basal,50,-0.13799421678980425,50,0.0,3,966
R,her2,50,-0.18110582859468333,50,0.0,4,966
R,luminal,50,-0.5815695054595715,50,0.0,0,966
R+P,basal,50,-0.19544041073612142,50,0.0,1,966
R+P,her2,50,-0.15478276688012235,50,0.0,1,966
R+P,luminal,50,-0.5561825070329878,50,0.0,4,966
R+D,basal,50,-0.31039175514782413,50,0.0,0,966
R+D,her2,50,-0.23733172772537006,50,0.0,3,966
R+D,luminal,50,-0.5336272865624483,50,0.02,2,966
R+P+D,basal,50,-0.28535402924377745,50,0.0,1,966
R+P+D,her2,50,-0.19593197081402092,50,0.0,1,966
R+P+D,luminal,50,-0.5024445541666817,50,0.0,3,966
MOFA+,basal,50,-0.27447206105048505,50,0.0,1,966
MOFA+,her2,50,-0.3930197206468565,50,0.02,2,966
MOFA+,luminal,50,-0.5614016197427435,50,0.0,3,966
R,basal,50,-0.33270790243480164,50,0.0,6,967
R,her2,50,-0.2999439505186816,50,0.02,2,967
R,luminal,50,-0.24167319397301248,50,0.02,0,967
R+P,basal,50,-0.44052743000085365,50,0.0,5,967
R+P,her2,50,-0.22634623900554712,50,0.02,1,967
R+P,luminal,50,-0.08289690483016361,50,0.0,3,967
R+D,basal,50,-0.4584283386536994,50,0.0,4,967
R+D,her2,50,-0.38875176342971957,50,0.02,3,967
R+D,luminal,50,-0.3105980781832028,50,0.02,2,967
R+P+D,basal,50,-0.5528672099833012,50,0.0,4,967
R+P+D,her2,50,-0.2655774725150599,50,0.02,1,967
R+P+D,luminal,50,-0.17203213719291352,50,0.0,2,967
MOFA+,basal,50,-0.368276449712905,50,0.02,2,967
MOFA+,her2,50,-0.4928444076680832,50,0.0,5,967
MOFA+,luminal,50,-0.5834359116792033,50,0.0,1,967
R,basal,50,-0.07844348980755296,50,0.0,3,968
R,her2,50,-0.20877459674679236,50,0.0,1,968
R,luminal,50,-0.5583821852585956,50,0.0,2,968
R+P,basal,50,-0.061697565386996264,50,0.0,3,968
R+P,her2,50,-0.25603694272874544,50,0.0,3,968
R+P,luminal,50,-0.5812133716710371,50,0.04,4,968
R+D,basal,50,-0.2853664821195171,50,0.0,1,968
R+D,her2,50,-0.33991212511749325,50,0.0,4,968
R+D,luminal,50,-0.5433123248938376,50,0.02,4,968
R+P+D,basal,50,-0.24721365325154554,50,0.0,1,968
R+P+D,her2,50,-0.3102528409034389,50,0.0,1,968
R+P+D,luminal,50,-0.6509538497924271,50,0.02,7,968
MOFA+,basal,50,-0.053421368184589986,50,0.0,3,968
MOFA+,her2,50,-0.30258820694702326,50,0.02,2,968
MOFA+,luminal,50,-0.32524904615232936,50,0.0,1,968
R,basal,50,-0.6177611378427175,50,0.0,4,969
R,her2,50,-0.15097492515204278,50,0.0,1,969
R,luminal,50,-0.11535855821123966,50,0.0,1,969
R+P,basal,50,-0.4215125881568237,50,0.0,1,969
R+P,her2,50,-0.16430454193292085,50,0.02,4,969
R+P,luminal,50,-0.12300265933986461,50,0.0,1,969
R+D,basal,50,-0.4783260105949929,50,0.0,2,969
R+D,her2,50,-0.37750028686381654,50,0.02,1,969
R+D,luminal,50,-0.3800820986063502,50,0.02,2,969
R+P+D,basal,50,-0.5367135818321301,50,0.0,1,969
R+P+D,her2,50,-0.3050462433294966,50,0.02,1,969
R+P+D,luminal,50,-0.23919056202119066,50,0.02,3,969
MOFA+,basal,50,-0.5178778430235921,50,0.0,2,969
MOFA+,her2,50,-0.39835941672586217,50,0.02,5,969
MOFA+,luminal,50,-0.5614016197427435,50,0.0,3,969
R,basal,50,-0.1944109414669546,50,0.0,1,970
R,her2,50,-0.2570992754244152,50,0.02,1,970
R,luminal,50,-0.30016869342152414,50,0.02,2,970
R+P,basal,50,-0.2210737228532097,50,0.0,2,970
R+P,her2,50,-0.19989597899023653,50,0.0,2,970
R+P,luminal,50,-0.18182210899881657,50,0.0,1,970
R+D,basal,50,-0.24881890948350235,50,0.0,0,970
R+D,her2,50,-0.2901096939253789,50,0.0,4,970
R+D,luminal,50,-0.3301456536867817,50,0.0,1,970
R+P+D,basal,50,-0.303715348713813,50,0.0,1,970
R+P+D,her2,50,-0.3604177269806369,50,0.0,5,970
R+P+D,luminal,50,-0.25197974580788385,50,0.0,1,970
MOFA+,basal,50,-0.07330649288426355,50,0.0,0,970
MOFA+,her2,50,-0.39835941672586217,50,0.02,5,970
MOFA+,luminal,50,-0.4336475234046903,50,0.0,2,970
R,basal,50,-0.020025234314773387,50,0.0,0,971
R,her2,50,-0.36584645111034075,50,0.02,2,971
R,luminal,50,-0.6845980483306452,50,0.02,7,971
R+P,basal,50,-0.040033824815143525,50,0.0,0,971
R+P,her2,50,-0.29314542342769007,50,0.02,2,971
R+P,luminal,50,-0.21062024498777857,50,0.0,2,971
R+D,basal,50,-0.17043659358643673,50,0.0,0,971
R+D,her2,50,-0.404671135522851,50,0.0,3,971
R+D,luminal,50,-0.5581966621689681,50,0.02,3,971
R+P+D,basal,50,-0.1241502188730801,50,0.0,0,971
R+P+D,her2,50,-0.4404742129637748,50,0.0,3,971
R+P+D,luminal,50,-0.3033311467183957,50,0.0,2,971
MOFA+,basal,50,-0.07330649288426355,50,0.0,0,971
MOFA+,her2,50,-0.30258820694702326,50,0.02,2,971
MOFA+,luminal,50,-0.22472778073296432,50,0.0,1,971
R,basal,50,-0.14573369271901784,50,0.0,3,972
R,her2,50,-0.24781117546134226,50,0.0,0,972
R,luminal,50,-0.7024952196239687,50,0.0,5,972
R+P,basal,50,-0.12646845365391393,50,0.0,2,972
R+P,her2,50,-0.2087508411029556,50,0.0,1,972
R+P,luminal,50,-0.4969053122081877,50,0.02,6,972
R+D,basal,50,-0.24505549262079235,50,0.0,1,972
R+D,her2,50,-0.3677007275886804,50,0.0,0,972
R+D,luminal,50,-0.6594485259673093,50,0.02,5,972
R+P+D,basal,50,-0.2982257810756636,50,0.0,0,972
R+P+D,her2,50,-0.23494571236409978,50,0.0,0,972
R+P+D,luminal,50,-0.4854214414492604,50,0.0,4,972
MOFA+,basal,50,-0.28982350086081005,50,0.0,2,972
MOFA+,her2,50,-0.3930197206468565,50,0.02,2,972
MOFA+,luminal,50,-0.4875302239750314,50,0.0,4,972
R,basal,50,-0.3689043039879353,50,0.0,2,973
R,her2,50,-0.408201777192329,50,0.0,1,973
R,luminal,50,-0.22831660522441571,50,0.02,3,973
R+P,basal,50,-0.4490681017314105,50,0.0,2,973
R+P,her2,50,-0.3552379600092245,50,0.0,1,973
R+P,luminal,50,-0.20386895300599797,50,0.0,1,973
R+D,basal,50,-0.6044999476194928,50,0.0,3,973
R+D,her2,50,-0.5224768855938166,50,0.02,0,973
R+D,luminal,50,-0.3089569850596227,50,0.0,2,973
R+P+D,basal,50,-0.49465743500147374,50,0.0,2,973
R+P+D,her2,50,-0.36070401896904586,50,0.0,0,973
R+P+D,luminal,50,-0.37014148577906797,50,0.02,3,973
MOFA+,basal,50,-0.5463558416948096,50,0.0,3,973
MOFA+,her2,50,-0.08379133735789089,50,0.0,0,973
MOFA+,luminal,50,-0.22472778073296432,50,0.0,1,973
R,basal,50,-0.3189461909804258,50,0.0,2,974
R,her2,50,-0.1319817567719077,50,0.0,0,974
R,luminal,50,-0.27548653184894967,50,0.0,5,974
R+P,basal,50,-0.3198069388228444,50,0.0,2,974
R+P,her2,50,-0.1529065557899407,50,0.0,0,974
R+P,luminal,50,-0.21500186017714892,50,0.0,2,974
R+D,basal,50,-0.3452926071959102,50,0.0,3,974
R+D,her2,50,-0.3762235321862406,50,0.0,1,974
R+D,luminal,50,-0.5372793527544935,50,0.0,4,974
R+P+D,basal,50,-0.3808581950985883,50,0.0,3,974
R+P+D,her2,50,-0.24776082408772063,50,0.0,0,974
R+P+D,luminal,50,-0.37909552382879985,50,0.0,3,974
MOFA+,basal,50,-0.3915193340880218,50,0.0,2,974
MOFA+,her2,50,-0.08379133735789089,50,0.0,0,974
MOFA+,luminal,50,-0.22472778073296432,50,0.0,1,974
R,basal,50,-0.9556256864567878,50,0.0,6,975
R,her2,50,-0.19856984904535924,50,0.02,6,975
R,luminal,50,-0.17705876986089042,50,0.02,6,975
R+P,basal,50,-0.7152070040471936,50,0.0,4,975
R+P,her2,50,-0.12399516905684002,50,0.02,3,975
R+P,luminal,50,-0.17493657715252728,50,0.0,3,975
R+D,basal,50,-0.8190241224779955,50,0.0,2,975
R+D,her2,50,-0.25249273585213333,50,0.02,2,975
R+D,luminal,50,-0.3856509349560979,50,0.02,1,975
R+P+D,basal,50,-0.6145435721071095,50,0.0,1,975
R+P+D,her2,50,-0.2583105794952801,50,0.04,2,975
R+P+D,luminal,50,-0.30888437274385205,50,0.02,1,975
MOFA+,basal,50,-0.5178778430235921,50,0.0,2,975
MOFA+,her2,50,-0.4928444076680832,50,0.0,5,975
MOFA+,luminal,50,-0.38706270944304655,50,0.0,1,975
R,basal,50,-0.30417680739050834,50,0.0,4,976
R,her2,50,-0.3366429627477017,50,0.0,0,976
R,luminal,50,-0.3705400555474517,50,0.0,4,976
R+P,basal,50,-0.2277682229603849,50,0.0,4,976
R+P,her2,50,-0.33346351797026136,50,0.0,3,976
R+P,luminal,50,-0.33088603141770034,50,0.0,3,976
R+D,basal,50,-0.4759560653176242,50,0.0,2,976
R+D,her2,50,-0.37625286488651577,50,0.02,3,976
R+D,luminal,50,-0.519818233781329,50,0.0,6,976
R+P+D,basal,50,-0.3515462363384747,50,0.0,1,976
R+P+D,her2,50,-0.3187611482879292,50,0.02,4,976
R+P+D,luminal,50,-0.4336862911258735,50,0.0,4,976
MOFA+,basal,50,-0.5463558416948096,50,0.0,3,976
MOFA+,her2,50,-0.2768959773562112,50,0.02,1,976
MOFA+,luminal,50,-0.4108772374338225,50,0.02,1,976
R,basal,50,-0.17638220663707446,50,0.0,2,977
R,her2,50,-0.21843553010788913,50,0.0,1,977
R,luminal,50,-0.4926681156719585,50,0.02,2,977
R+P,basal,50,-0.16835308414483013,50,0.0,0,977
R+P,her2,50,-0.3535331814384455,50,0.0,2,977
R+P,luminal,50,-0.5084894684131677,50,0.0,6,977
R+D,basal,50,-0.4388104592853722,50,0.0,1,977
R+D,her2,50,-0.4854533097918932,50,0.0,3,977
R+D,luminal,50,-0.5777861137956573,50,0.0,1,977
R+P+D,basal,50,-0.3223685492042487,50,0.0,0,977
R+P+D,her2,50,-0.4738748107110579,50,0.02,3,977
R+P+D,luminal,50,-0.5469061843480354,50,0.0,2,977
MOFA+,basal,50,-0.4181651333139253,50,0.0,2,977
MOFA+,her2,50,-0.39835941672586217,50,0.02,5,977
MOFA+,luminal,50,-0.33866773742407064,50,0.0,2,977
R,basal,50,-0.36571462006466016,50,0.0,4,978
R,her2,50,-0.36199794521856576,50,0.02,6,978
R,luminal,50,-0.15284778469330856,50,0.0,4,978
R+P,basal,50,-0.17145318489477515,50,0.0,2,978
R+P,her2,50,-0.2755473657488801,50,0.0,3,978
R+P,luminal,50,-0.2274009747238491,50,0.0,5,978
R+D,basal,50,-0.4228551686633488,50,0.0,2,978
R+D,her2,50,-0.4574714114901008,50,0.02,1,978
R+D,luminal,50,-0.2759972691269565,50,0.0,5,978
R+P+D,basal,50,-0.43906054999516775,50,0.0,1,978
R+P+D,her2,50,-0.23883823007841054,50,0.0,1,978
R+P+D,luminal,50,-0.21768945021744293,50,0.0,6,978
MOFA+,basal,50,-0.012019998178718974,50,0.0,4,978
MOFA+,her2,50,-0.3930197206468565,50,0.02,2,978
MOFA+,luminal,50,-0.4875302239750314,50,0.0,4,978
R,basal,50,-0.5318850517845956,50,0.0,0,979
R,her2,50,-0.12569148458106966,50,0.0,1,979
R,luminal,50,-0.48061484714360814,50,0.0,3,979
R+P,basal,50,-0.3352234341007944,50,0.0,1,979
R+P,her2,50,-0.14301447910968274,50,0.0,2,979
R+P,luminal,50,-0.4513342708936964,50,0.0,6,979
R+D,basal,50,-0.6672292175912327,50,0.0,2,979
R+D,her2,50,-0.21299992758035496,50,0.0,1,979
R+D,luminal,50,-0.39700324514163204,50,0.0,4,979
R+P+D,basal,50,-0.4235755751118468,50,0.0,1,979
R+P+D,her2,50,-0.2624585772577812,50,0.0,0,979
R+P+D,luminal,50,-0.3353137448171308,50,0.0,6,979
MOFA+,basal,50,-0.39079658001654743,50,0.0,5,979
MOFA+,her2,50,-0.3930197206468565,50,0.02,2,979
MOFA+,luminal,50,-0.5614016197427435,50,0.0,3,979
R,basal,50,-0.39865149353087026,50,0.0,3,980
R,her2,50,-0.28233264961208693,50,0.0,0,980
R,luminal,50,-0.36976346871228893,50,0.0,3,980
R+P,basal,50,-0.4882302512985841,50,0.0,1,980
R+P,her2,50,-0.22024321647831646,50,0.0,0,980
R+P,luminal,50,-0.223488804730083,50,0.0,1,980
R+D,basal,50,-0.5465796998556405,50,0.0,3,980
R+D,her2,50,-0.44864042456835884,50,0.0,1,980
R+D,luminal,50,-0.4574976205686234,50,0.02,6,980
R+P+D,basal,50,-0.586927172442774,50,0.0,2,980
R+P+D,her2,50,-0.34244434198039686,50,0.0,1,980
R+P+D,luminal,50,-0.44567361857940363,50,0.04,6,980
MOFA+,basal,50,-0.5178778430235921,50,0.0,2,980
MOFA+,her2,50,-0.30258820694702326,50,0.02,2,980
MOFA+,luminal,50,-0.32575067826405774,50,0.02,2,980
R,basal,50,-0.21102513048009208,50,0.0,2,981
R,her2,50,-0.41676275981152217,50,0.0,1,981
R,luminal,50,-0.40597226059532476,50,0.04,3,981
R+P,basal,50,-0.37090290655489533,50,0.0,1,981
R+P,her2,50,-0.17950717713971462,50,0.0,0,981
R+P,luminal,50,-0.34779986173946026,50,0.02,1,981
R+D,basal,50,-0.23323473251904592,50,0.0,1,981
R+D,her2,50,-0.5705610640734365,50,0.0,4,981
R+D,luminal,50,-0.6001984594787099,50,0.04,3,981
R+P+D,basal,50,-0.42778661947280583,50,0.0,0,981
R+P+D,her2,50,-0.31767308074694645,50,0.0,0,981
R+P+D,luminal,50,-0.5568174544090677,50,0.04,3,981
MOFA+,basal,50,-0.012019998178718974,50,0.0,4,981
MOFA+,her2,50,-0.04592504717146089,50,0.0,3,981
MOFA+,luminal,50,-0.7166178630053172,50,0.0,3,981
R,basal,50,-0.2983233900865435,50,0.0,6,982
R,her2,50,-0.2870767790913307,50,0.02,5,982
R,luminal,50,-0.22520345467909578,50,0.0,1,982
R+P,basal,50,-0.2713996471427883,50,0.0,3,982
R+P,her2,50,-0.06353942870757925,50,0.02,3,982
R+P,luminal,50,-0.17319881025645897,50,0.0,2,982
R+D,basal,50,-0.39057415290224673,50,0.0,5,982
R+D,her2,50,-0.5008498032016969,50,0.02,4,982
R+D,luminal,50,-0.29097341217769,50,0.0,2,982
R+P+D,basal,50,-0.30927258416202136,50,0.0,4,982
R+P+D,her2,50,-0.265171109930824,50,0.02,2,982
R+P+D,luminal,50,-0.21018393555913273,50,0.0,3,982
MOFA+,basal,50,-0.5159430532564055,50,0.0,5,982
MOFA+,her2,50,-0.01313290143070867,50,0.0,4,982
MOFA+,luminal,50,-0.22472778073296432,50,0.0,1,982
R,basal,50,-0.27796801146498235,50,0.0,3,983
R,her2,50,-0.2550439288821968,50,0.0,2,983
R,luminal,50,-0.3919912202155302,50,0.0,1,983
R+P,basal,50,-0.4323327964083482,50,0.0,2,983
R+P,her2,50,-0.1456694625870304,50,0.0,3,983
R+P,luminal,50,-0.29334159680805383,50,0.0,1,983
R+D,basal,50,-0.4276706997822775,50,0.0,7,983
R+D,her2,50,-0.32184629071690724,50,0.0,2,983
R+D,luminal,50,-0.29536043607482426,50,0.02,1,983
R+P+D,basal,50,-0.2884616158564115,50,0.0,1,983
R+P+D,her2,50,-0.24810988140126555,50,0.0,2,983
R+P+D,luminal,50,-0.26654280365895594,50,0.0,1,983
MOFA+,basal,50,-0.3889951945560759,50,0.0,1,983
MOFA+,her2,50,-0.01313290143070867,50,0.0,4,983
MOFA+,luminal,50,-0.4108772374338225,50,0.02,1,983
R,basal,50,-0.2914888973426213,50,0.0,3,984
R,her2,50,-0.7750511520799697,50,0.0,3,984
R,luminal,50,-0.1652715000141818,50,0.0,0,984
R+P,basal,50,-0.20293234529217066,50,0.0,2,984
R+P,her2,50,-0.5875628114777078,50,0.0,2,984
R+P,luminal,50,-0.13783521220403755,50,0.0,2,984
R+D,basal,50,-0.3422552385709873,50,0.0,2,984
R+D,her2,50,-0.5686064219992385,50,0.0,3,984
R+D,luminal,50,-0.38624501857221616,50,0.02,2,984
R+P+D,basal,50,-0.2925155836581497,50,0.0,1,984
R+P+D,her2,50,-0.7016012570240754,50,0.0,2,984
R+P+D,luminal,50,-0.17089510270929809,50,0.0,3,984
MOFA+,basal,50,-0.5624526968256038,50,0.0,1,984
MOFA+,her2,50,-0.3782726858472879,50,0.0,2,984
MOFA+,luminal,50,-0.014035583308286484,50,0.0,4,984
R,basal,50,-0.4270299208126957,50,0.0,2,985
R,her2,50,-0.2743055725180153,50,0.0,1,985
R,luminal,50,-0.11052219184141913,50,0.0,1,985
R+P,basal,50,-0.3774713408059385,50,0.0,2,985
R+P,her2,50,-0.35974195492407246,50,0.02,0,985
R+P,luminal,50,-0.2046649249917075,50,0.02,2,985
R+D,basal,50,-0.4445621077673932,50,0.0,4,985
R+D,her2,50,-0.42060373440727367,50,0.02,4,985
R+D,luminal,50,-0.25123706648697225,50,0.02,1,985
R+P+D,basal,50,-0.4040613120082359,50,0.0,2,985
R+P+D,her2,50,-0.4542477759234273,50,0.06,4,985
R+P+D,luminal,50,-0.2999311140025761,50,0.04,2,985
MOFA+,basal,50,-0.3212467034974735,50,0.0,1,985
MOFA+,her2,50,-0.21672749174668915,50,0.0,1,985
MOFA+,luminal,50,-0.32179389140566017,50,0.0,2,985
R,basal,50,-0.35533768300344776,50,0.0,3,986
R,her2,50,-0.22794336331062914,50,0.0,4,986
R,luminal,50,-0.5359311461158325,50,0.0,1,986
R+P,basal,50,-0.40118193499273813,50,0.0,3,986
R+P,her2,50,-0.19637924078648325,50,0.0,2,986
R+P,luminal,50,-0.39423849053805154,50,0.0,0,986
R+D,basal,50,-0.4980714606129933,50,0.0,0,986
R+D,her2,50,-0.45659092004291246,50,0.0,5,986
R+D,luminal,50,-0.6034649352133471,50,0.0,1,986
R+P+D,basal,50,-0.56310980981898,50,0.0,0,986
R+P+D,her2,50,-0.34480097839877216,50,0.0,3,986
R+P+D,luminal,50,-0.49006339060426135,50,0.0,0,986
MOFA+,basal,50,-0.27447206105048505,50,0.0,1,986
MOFA+,her2,50,-0.5159761307760569,50,0.0,4,986
MOFA+,luminal,50,-0.049338171842283035,50,0.0,3,986
R,basal,50,-0.2379223248531571,50,0.0,3,987
R,her2,50,-0.36861671032400317,50,0.0,0,987
R,luminal,50,-0.059692808908140466,50,0.0,0,987
R+P,basal,50,-0.18355062630911811,50,0.0,5,987
R+P,her2,50,-0.29061877765855576,50,0.0,0,987
R+P,luminal,50,-0.15889427482969914,50,0.0,0,987
R+D,basal,50,-0.3095252997834946,50,0.0,3,987
R+D,her2,50,-0.40980916351918384,50,0.0,1,987
R+D,luminal,50,-0.29929193786982666,50,0.0,3,987
R+P+D,basal,50,-0.2634710292032683,50,0.0,5,987
R+P+D,her2,50,-0.3683662081475919,50,0.0,2,987
R+P+D,luminal,50,-0.3016339650548316,50,0.0,1,987
MOFA+,basal,50,-0.21929701202341526,50,0.0,1,987
MOFA+,her2,50,-0.39835941672586217,50,0.02,5,987
MOFA+,luminal,50,-0.08707907674069461,50,0.0,0,987
R,basal,50,-0.30337721113193683,50,0.0,1,988
R,her2,50,-0.5428147993778352,50,0.0,7,988
R,luminal,50,-0.3503110799986826,50,0.0,2,988
R+P,basal,50,-0.37027538261471077,50,0.0,1,988
R+P,her2,50,-0.4908694705340026,50,0.0,5,988
R+P,luminal,50,-0.3189138764481606,50,0.0,0,988
R+D,basal,50,-0.48551495326075456,50,0.0,2,988
R+D,her2,50,-0.47376093693465976,50,0.0,5,988
R+D,luminal,50,-0.566010188041972,50,0.02,6,988
R+P+D,basal,50,-0.4082608382977474,50,0.0,0,988
R+P+D,her2,50,-0.384113880138326,50,0.0,4,988
R+P+D,luminal,50,-0.4804327235691751,50,0.02,2,988
MOFA+,basal,50,-0.4181651333139253,50,0.0,2,988
MOFA+,her2,50,-0.3120793521641551,50,0.0,1,988
MOFA+,luminal,50,-0.3952030647717412,50,0.0,5,988
R,basal,50,-0.4790012302749642,50,0.0,6,989
R,her2,50,-0.17226483765687703,50,0.0,2,989
R,luminal,50,-0.3064116347174398,50,0.04,1,989
R+P,basal,50,-0.3604040154276179,50,0.0,5,989
R+P,her2,50,-0.26792482242947296,50,0.0,2,989
R+P,luminal,50,-0.29032369780416223,50,0.02,2,989
R+D,basal,50,-0.49865355526671434,50,0.0,4,989
R+D,her2,50,-0.29617849832655574,50,0.0,3,989
R+D,luminal,50,-0.3770991064729062,50,0.02,0,989
R+P+D,basal,50,-0.41889275341289894,50,0.0,3,989
R+P+D,her2,50,-0.23752365925939445,50,0.0,2,989
R+P+D,luminal,50,-0.33268637261192924,50,0.0,1,989
MOFA+,basal,50,-0.5463558416948096,50,0.0,3,989
MOFA+,her2,50,-0.31448275361111183,50,0.04,2,989
MOFA+,luminal,50,-0.27498818356268634,50,0.0,1,989
R,basal,50,-0.19913207471769415,50,0.0,0,990
R,her2,50,-0.3808932189755304,50,0.0,3,990
R,luminal,50,-0.31700905288426834,50,0.0,2,990
R+P,basal,50,-0.09275589523548908,50,0.0,1,990
R+P,her2,50,-0.36771156982966074,50,0.0,3,990
R+P,luminal,50,-0.2679008698341479,50,0.02,1,990
R+D,basal,50,-0.2068942792366702,50,0.0,0,990
R+D,her2,50,-0.32130235790537254,50,0.0,1,990
R+D,luminal,50,-0.3665914136606684,50,0.0,2,990
R+P+D,basal,50,-0.12927676424366433,50,0.0,0,990
R+P+D,her2,50,-0.3733036947723932,50,0.0,3,990
R+P+D,luminal,50,-0.31351634328197553,50,0.0,1,990
MOFA+,basal,50,-0.012019998178718974,50,0.0,4,990
MOFA+,her2,50,-0.30258820694702326,50,0.02,2,990
MOFA+,luminal,50,-0.08707907674069461,50,0.0,0,990
R,basal,50,-0.7425035922051109,50,0.0,6,991
R,her2,50,-0.22467946692297425,50,0.0,1,991
R,luminal,50,-0.2538713358097859,50,0.02,1,991
R+P,basal,50,-0.7261415080636913,50,0.0,4,991
R+P,her2,50,-0.1735073480244862,50,0.0,1,991
R+P,luminal,50,-0.13693285431997135,50,0.02,0,991
R+D,basal,50,-0.6778408840515407,50,0.0,5,991
R+D,her2,50,-0.35754699903147624,50,0.0,3,991
R+D,luminal,50,-0.2710531900817521,50,0.0,4,991
R+P+D,basal,50,-0.49257784492043305,50,0.0,3,991
R+P+D,her2,50,-0.4005043091806268,50,0.0,1,991
R+P+D,luminal,50,-0.19678723113088822,50,0.0,3,991
MOFA+,basal,50,-0.5178778430235921,50,0.0,2,991
MOFA+,her2,50,-0.5652605157510739,50,0.0,1,991
MOFA+,luminal,50,-0.32575067826405774,50,0.02,2,991
R,basal,50,-0.3533013088012112,50,0.0,0,992
R,her2,50,-0.3024283469407108,50,0.02,0,992
R,luminal,50,-0.40042626762671896,50,0.0,3,992
R+P,basal,50,-0.234438347259178,50,0.0,5,992
R+P,her2,50,-0.15997681337789502,50,0.0,0,992
R+P,luminal,50,-0.4899888450246314,50,0.02,6,992
R+D,basal,50,-0.3870583931070014,50,0.0,4,992
R+D,her2,50,-0.4097634316967333,50,0.0,0,992
R+D,luminal,50,-0.3581085026014687,50,0.0,2,992
R+P+D,basal,50,-0.18705531422805635,50,0.0,4,992
R+P+D,her2,50,-0.3672335516508889,50,0.0,1,992
R+P+D,luminal,50,-0.41653965308361535,50,0.0,3,992
MOFA+,basal,50,-0.21929701202341526,50,0.0,1,992
MOFA+,her2,50,-0.5067927857540258,50,0.0,2,992
MOFA+,luminal,50,-0.08707907674069461,50,0.0,0,992
R,basal,50,-0.47020272579904604,50,0.0,3,993
R,her2,50,-0.46247175767885595,50,0.0,1,993
R,luminal,50,-0.2758348145259863,50,0.0,1,993
R+P,basal,50,-0.40497789468830975,50,0.0,4,993
R+P,her2,50,-0.21485730659947153,50,0.0,3,993
R+P,luminal,50,-0.1475799018918943,50,0.0,0,993
R+D,basal,50,-0.3884471997659098,50,0.0,3,993
R+D,her2,50,-0.7225514783903014,50,0.0,3,993
R+D,luminal,50,-0.3746888942982432,50,0.0,3,993
R+P+D,basal,50,-0.2583730580342941,50,0.0,4,993
R+P+D,her2,50,-0.44924467373668764,50,0.0,3,993
R+P+D,luminal,50,-0.2966772198454584,50,0.0,1,993
MOFA+,basal,50,-0.27447206105048505,50,0.0,1,993
MOFA+,her2,50,-0.3120793521641551,50,0.0,1,993
MOFA+,luminal,50,-0.32179389140566017,50,0.0,2,993
R,basal,50,-0.1365741829840248,50,0.0,1,994
R,her2,50,-0.3504460606521371,50,0.0,2,994
R,luminal,50,-0.2676694899208026,50,0.0,2,994
R+P,basal,50,-0.3733217190244562,50,0.0,2,994
R+P,her2,50,-0.25160471273177176,50,0.02,3,994
R+P,luminal,50,-0.21239005043318854,50,0.0,2,994
R+D,basal,50,-0.3475234266160973,50,0.0,0,994
R+D,her2,50,-0.5638570119376272,50,0.02,3,994
R+D,luminal,50,-0.2843861224529181,50,0.0,3,994
R+P+D,basal,50,-0.4046579359382186,50,0.0,0,994
R+P+D,her2,50,-0.4690737121938354,50,0.04,5,994
R+P+D,luminal,50,-0.2677629694007688,50,0.0,2,994
MOFA+,basal,50,-0.368276449712905,50,0.02,2,994
MOFA+,her2,50,-0.31448275361111183,50,0.04,2,994
MOFA+,luminal,50,-0.5834359116792033,50,0.0,1,994
R,basal,50,-0.3255855747948818,50,0.0,2,995
R,her2,50,-0.3030863154093917,50,0.0,1,995
R,luminal,50,-0.2044340814297109,50,0.0,1,995
R+P,basal,50,-0.5944960745288469,50,0.0,4,995
R+P,her2,50,-0.3044223024918959,50,0.0,1,995
R+P,luminal,50,-0.145246879148275,50,0.0,0,995
R+D,basal,50,-0.3883729402486999,50,0.0,4,995
R+D,her2,50,-0.5005257823579604,50,0.02,2,995
R+D,luminal,50,-0.33603674251010346,50,0.0,3,995
R+P+D,basal,50,-0.38980956122817817,50,0.0,2,995
R+P+D,her2,50,-0.4464245841330669,50,0.0,2,995
R+P+D,luminal,50,-0.23296598798883267,50,0.0,2,995
MOFA+,basal,50,-0.7399409894194376,50,0.0,3,995
MOFA+,her2,50,-0.5067927857540258,50,0.0,2,995
MOFA+,luminal,50,-0.4336475234046903,50,0.0,2,995
R,basal,50,-0.28412195465289014,50,0.0,0,996
R,her2,50,-0.14560478691803158,50,0.02,2,996
R,luminal,50,-0.5528422041780936,50,0.02,7,996
R+P,basal,50,-0.1304896626042837,50,0.0,0,996
R+P,her2,50,-0.08771754222715566,50,0.0,1,996
R+P,luminal,50,-0.5610595715306252,50,0.0,1,996
R+D,basal,50,-0.5586772632971141,50,0.0,1,996
R+D,her2,50,-0.27230560865699993,50,0.04,1,996
R+D,luminal,50,-0.567298560135734,50,0.0,5,996
R+P+D,basal,50,-0.2639409004912925,50,0.0,2,996
R+P+D,her2,50,-0.3270330880076753,50,0.04,1,996
R+P+D,luminal,50,-0.4592746376350327,50,0.0,4,996
MOFA+,basal,50,-0.012019998178718974,50,0.0,4,996
MOFA+,her2,50,-0.04592504717146089,50,0.0,3,996
MOFA+,luminal,50,-0.5614016197427435,50,0.0,3,996
R,basal,50,-0.3091250602742726,50,0.0,1,997
R,her2,50,-0.7744731448294432,50,0.02,1,997
R,luminal,50,-0.19277975719127916,50,0.0,1,997
R+P,basal,50,-0.14179733429712263,50,0.0,2,997
R+P,her2,50,-0.6479739907822797,50,0.02,3,997
R+P,luminal,50,-0.152100507961766,50,0.0,1,997
R+D,basal,50,-0.3456766391437641,50,0.0,1,997
R+D,her2,50,-0.5858517967350647,50,0.0,2,997
R+D,luminal,50,-0.3434042697374677,50,0.0,2,997
R+P+D,basal,50,-0.22120096605701847,50,0.0,1,997
R+P+D,her2,50,-0.6375989026984956,50,0.02,0,997
R+P+D,luminal,50,-0.32723039858855985,50,0.0,2,997
MOFA+,basal,50,-0.3915193340880218,50,0.0,2,997
MOFA+,her2,50,-0.7022956727559374,50,0.0,3,997
MOFA+,luminal,50,-0.32179389140566017,50,0.0,2,997
R,basal,50,-0.3557675005455892,50,0.0,3,998
R,her2,50,-0.27338326286503006,50,0.0,0,998
R,luminal,50,-0.3815923840390475,50,0.02,2,998
R+P,basal,50,-0.22561411990157026,50,0.0,3,998
R+P,her2,50,-0.2568309736812066,50,0.0,0,998
R+P,luminal,50,-0.3398462306157288,50,0.02,1,998
R+D,basal,50,-0.3851239827826804,50,0.0,4,998
R+D,her2,50,-0.45648135531069345,50,0.0,3,998
R+D,luminal,50,-0.4954041177222079,50,0.02,4,998
R+P+D,basal,50,-0.3558535355014291,50,0.0,3,998
R+P+D,her2,50,-0.362658839007047,50,0.0,3,998
R+P+D,luminal,50,-0.432321023385486,50,0.04,1,998
MOFA+,basal,50,-0.5054582191460999,50,0.0,4,998
MOFA+,her2,50,-0.5067927857540258,50,0.0,2,998
MOFA+,luminal,50,-0.38706270944304655,50,0.0,1,998
R,basal,50,-0.5851762548108174,50,0.0,0,999
R,her2,50,-0.6980174708534661,50,0.0,7,999
R,luminal,50,-0.24523480034510434,50,0.04,3,999
R+P,basal,50,-0.6021502377446182,50,0.0,1,999
R+P,her2,50,-0.4539518427567009,50,0.0,4,999
R+P,luminal,50,-0.17655665935979573,50,0.02,3,999
R+D,basal,50,-0.6634010525476951,50,0.0,0,999
R+D,her2,50,-0.6095524019139905,50,0.0,5,999
R+D,luminal,50,-0.31744821792933936,50,0.02,2,999
R+P+D,basal,50,-0.5369131480353239,50,0.0,1,999
R+P+D,her2,50,-0.4594403178486995,50,0.0,1,999
R+P+D,luminal,50,-0.31218044843254456,50,0.02,4,999
MOFA+,basal,50,-0.3212467034974735,50,0.0,1,999
MOFA+,her2,50,-0.5491719546595314,50,0.0,3,999
MOFA+,luminal,50,-0.27498818356268634,50,0.0,1,999
