symbol,pubmed,expr,det,q_pub,q_expr,q_det,stratum
A1BG,85,6.8097493506493505,1.0,2,0,0,2-0-0
A2M,328,13.439458441558443,1.0,4,4,0,4-4-0
A2ML1,61,3.732931168831168,0.9090909090909092,1,0,0,1-0-0
AAAS,215,9.3415038961039,1.0,3,2,0,3-2-0
AACS,21,9.932159740259742,1.0,0,2,0,0-2-0
AAGAB,67,10.512923376623377,1.0,1,3,0,1-3-0
AAK1,94,9.908628571428574,1.0,2,2,0,2-2-0
AAMP,84,11.116823376623378,1.0,2,4,0,2-4-0
AARS2,112,8.885520779220782,1.0,2,1,0,2-1-0
AARSD1,39,8.84557922077922,1.0,0,1,0,0-1-0
AASDHPPT,68,9.684190909090908,1.0,1,2,0,1-2-0
AASS,70,7.208263636363638,1.0,1,0,0,1-0-0
AATF,190,10.367976623376622,1.0,3,3,0,3-3-0
ABAT,60,9.416025974025976,1.0,1,2,0,1-2-0
ABCA1,1961,9.633909090909095,0.7792207792207793,4,2,0,4-2-0
ABCA2,91,10.08966753246753,0.6883116883116883,2,3,0,2-3-0
ABCA3,262,10.660025974025976,0.8051948051948052,4,3,0,4-3-0
ABCB10,98,9.051853246753245,0.961038961038961,2,1,0,2-1-0
ABCB6,129,8.982062337662338,1.0,3,1,0,3-1-0
ABCB7,121,8.726675324675327,1.0,2,1,0,2-1-0
ABCB8,46,9.317181818181815,0.9090909090909092,0,2,0,0-2-0
ABCC1,457,10.501141558441555,1.0,4,3,0,4-3-0
ABCC10,82,8.771616883116879,0.7662337662337663,2,1,0,2-1-0
ABCC3,132,8.379112987012984,0.8961038961038961,3,1,0,3-1-0
ABCC4,485,7.264692207792209,0.6233766233766234,4,0,0,4-0-0
ABCD1,472,8.795676623376623,0.961038961038961,4,1,0,4-1-0
ABCD3,275,10.909435064935069,1.0,4,4,0,4-4-0
ABCE1,231,10.81438441558441,1.0,3,3,0,3-3-0
ABCF1,220,10.91814935064935,1.0,3,4,0,3-4-0
ABCF3,74,10.178045454545458,1.0,1,3,0,1-3-0
ABHD10,66,9.266235064935064,1.0,1,2,0,1-2-0
ABHD11,52,9.832015584415588,1.0,1,2,0,1-2-0
ABHD12,113,10.80768181818182,1.0,2,3,0,2-3-0
ABHD14B,43,10.271475324675324,1.0,0,3,0,0-3-0
ABHD3,21,8.927350649350648,0.5584415584415584,0,1,0,0-1-0
ABHD4,16,9.79652857142857,1.0,0,2,0,0-2-0
ABHD5,155,9.536663636363636,1.0,3,2,0,3-2-0
ABHD6,65,6.895322077922078,0.8311688311688312,1,0,0,1-0-0
ABI1,199,10.611079220779217,1.0,3,3,0,3-3-0
ABI2,94,10.280577922077919,1.0,2,3,0,2-3-0
ABI3,49,7.43554025974026,1.0,1,0,0,1-0-0
ABI3BP,39,7.719796103896107,1.0,0,0,0,0-0-0
ABL1,1026,10.999538961038963,1.0,4,4,0,4-4-0
ABL2,143,10.212102597402598,0.922077922077922,3,3,0,3-3-0
ABLIM1,142,11.269720779220778,1.0,3,4,0,3-4-0
ABLIM2,25,5.8460012987012995,0.8961038961038961,0,0,0,0-0-0
ABLIM3,35,8.412088311688311,0.9090909090909092,0,1,0,0-1-0
ABR,73,10.617767532467534,1.0,1,3,0,1-3-0
ABT1,65,9.228854545454546,1.0,1,2,0,1-2-0
ABTB2,29,7.119666233766236,0.7532467532467533,0,0,0,0-0-0
ACAA1,81,9.992393506493503,1.0,2,2,0,2-2-0
ACAA2,87,9.950925974025974,1.0,2,2,0,2-2-0
ACACA,347,11.269588311688315,1.0,4,4,0,4-4-0
ACACB,165,8.147137662337666,0.922077922077922,3,0,0,3-0-0
ACAD10,47,8.943597402597401,1.0,1,1,0,1-1-0
ACAD11,85,8.047284415584416,0.6363636363636364,2,0,0,2-0-0
ACAD8,46,8.710200000000002,1.0,0,1,0,0-1-0
ACAD9,119,9.851883116883117,1.0,2,2,0,2-2-0
ACADM,177,9.813928571428573,1.0,3,2,0,3-2-0
ACADS,70,7.8506701298701325,1.0,1,0,0,1-0-0
ACADSB,84,10.414715584415584,1.0,2,3,0,2-3-0
ACADVL,183,11.628614285714287,1.0,3,4,0,3-4-0
ACAN,346,5.925155844155844,0.961038961038961,4,0,0,4-0-0
ACAP1,52,6.32364415584416,1.0,1,0,0,1-0-0
ACAP2,70,10.24131948051948,1.0,1,3,0,1-3-0
ACAP3,22,8.972838961038962,0.8051948051948052,0,1,0,0-1-0
ACAT1,299,9.959876623376624,1.0,4,2,0,4-2-0
ACAT2,77,9.236948051948051,1.0,1,2,0,1-2-0
ACBD3,167,11.04715584415584,1.0,3,4,0,3-4-0
ACBD5,73,9.753551948051948,1.0,1,2,0,1-2-0
ACBD6,29,9.090777922077926,1.0,0,1,0,0-1-0
ACBD7,11,5.9353597402597424,0.7792207792207793,0,0,0,0-0-0
ACD,247,8.372857142857141,0.974025974025974,3,1,0,3-1-0
ACE,3306,8.99254675324675,1.0,4,1,0,4-1-0
ACIN1,240,11.587958441558442,1.0,3,4,0,3-4-0
ACLY,306,12.143762337662334,1.0,4,4,0,4-4-0
ACO1,148,9.788014285714286,1.0,3,2,0,3-2-0
ACO2,180,11.423231168831167,1.0,3,4,0,3-4-0
ACOT11,25,5.433575324675326,1.0,0,0,0,0-0-0
ACOT13,58,9.399903896103895,1.0,1,2,0,1-2-0
ACOT2,49,8.321819480519482,0.987012987012987,1,1,0,1-1-0
ACOT4,17,7.541659740259739,0.8831168831168831,0,0,0,0-0-0
ACOT7,98,9.168751948051955,1.0,2,1,0,2-1-0
ACOT8,88,8.437580519480523,1.0,2,1,0,2-1-0
ACOT9,107,8.502225974025976,1.0,2,1,0,2-1-0
ACOX1,84,10.683155844155841,1.0,2,3,0,2-3-0
ACOX2,34,7.153587012987011,0.5974025974025974,0,0,0,0-0-0
ACOX3,34,9.176941558441557,1.0,0,1,0,0-1-0
ACP1,199,10.683009090909087,1.0,3,3,0,3-3-0
ACP2,71,10.137885714285714,1.0,1,3,0,1-3-0
ACP5,293,10.347632467532465,1.0,4,3,0,4-3-0
ACP6,32,7.993749350649353,1.0,0,0,0,0-0-0
ACSF2,35,9.457816883116887,1.0,0,2,0,0-2-0
ACSF3,50,8.305533766233763,1.0,1,1,0,1-1-0
ACSL1,160,10.956880519480517,1.0,3,4,0,3-4-0
ACSL3,204,11.808207792207787,1.0,3,4,0,3-4-0
ACSL4,213,9.36452857142857,1.0,3,2,0,3-2-0
ACSL5,91,8.61015324675325,1.0,2,1,0,2-1-0
ACSM1,24,4.386642857142857,0.935064935064935,0,0,0,0-0-0
ACSM3,50,5.1394935064935074,0.5974025974025974,1,0,0,1-0-0
ACSS1,45,9.76156363636364,1.0,0,2,0,0-2-0
ACSS2,94,9.775745454545453,1.0,2,2,0,2-2-0
ACSS3,24,7.524264935064934,1.0,0,0,0,0-0-0
ACTA1,495,4.264067532467532,1.0,4,0,0,4-0-0
ACTA2,2067,12.338058441558442,0.922077922077922,4,4,0,4-4-0
ACTB,815,16.596845454545452,1.0,4,4,0,4-4-0
ACTBL2,143,1.4349636363636362,1.0,3,0,0,3-0-0
ACTG1,431,16.28732597402597,1.0,4,4,0,4-4-0
ACTG2,152,7.841133766233766,0.6103896103896104,3,0,0,3-0-0
ACTL6A,290,10.521754545454545,1.0,4,3,0,4-3-0
ACTL8,19,2.792363636363635,1.0,0,0,0,0-0-0
ACTN1,418,12.50891948051948,1.0,4,4,0,4-4-0
ACTN4,548,13.324503896103895,1.0,4,4,0,4-4-0
ACTR10,52,9.908874025974029,1.0,1,2,0,1-2-0
ACTR1A,183,11.450066233766231,1.0,3,4,0,3-4-0
ACTR1B,79,10.117925974025974,1.0,2,3,0,2-3-0
ACTR2,403,12.825245454545447,1.0,4,4,0,4-4-0
ACTR3,395,12.193768831168828,1.0,4,4,0,4-4-0
ACTR3B,42,7.774892207792206,1.0,0,0,0,0-0-0
ACTR5,53,7.972306493506494,1.0,1,0,0,1-0-0
ACTR6,46,9.167787012987011,1.0,0,1,0,0-1-0
ACTR8,58,8.811083116883113,1.0,1,1,0,1-1-0
ACVR1,397,9.693412987012984,0.6753246753246753,4,2,0,4-2-0
ACY1,69,9.198399999999996,1.0,1,2,0,1-2-0
ACYP1,24,6.189046753246753,1.0,0,0,0,0-0-0
ACYP2,73,6.691719480519481,1.0,1,0,0,1-0-0
ADA,345,7.118809090909091,1.0,4,0,0,4-0-0
ADAM10,853,10.623583116883118,1.0,4,3,0,4-3-0
ADAM12,362,10.51469090909091,0.6623376623376623,4,3,0,4-3-0
ADAM15,186,12.195620779220773,1.0,3,4,0,3-4-0
ADAM17,1352,9.48642077922078,1.0,4,2,0,4-2-0
ADAM8,149,8.505023376623377,0.5844155844155844,3,1,0,3-1-0
ADAM9,302,10.812263636363637,0.961038961038961,4,3,0,4-3-0
ADAMDEC1,37,6.683119480519479,0.6493506493506493,0,0,0,0-0-0
ADAMTS12,68,7.891299999999998,0.961038961038961,1,0,0,1-0-0
ADAMTS2,64,8.829257142857143,0.8961038961038961,1,1,0,1-1-0
ADAMTS4,302,9.521629870129875,1.0,4,2,0,4-2-0
ADAMTS7,87,7.287846753246754,0.7012987012987013,2,0,0,2-0-0
ADAMTSL1,38,6.7079272727272725,0.5584415584415584,0,0,0,0-0-0
ADAMTSL2,42,7.1298714285714295,0.922077922077922,0,0,0,0-0-0
ADAMTSL4,75,7.428650649350649,0.987012987012987,1,0,0,1-0-0
ADAP1,60,7.116737662337665,1.0,1,0,0,1-0-0
ADAP2,35,8.047288311688314,1.0,0,0,0,0-0-0
ADAR,796,13.642554545454548,1.0,4,4,0,4-4-0
ADARB1,678,8.997514285714285,1.0,4,1,0,4-1-0
ADAT1,16,8.244897402597404,0.948051948051948,0,1,0,0-1-0
ADAT2,30,6.57062077922078,0.6103896103896104,0,0,0,0-0-0
ADAT3,22,5.049485714285715,0.987012987012987,0,0,0,0-0-0
ADCK1,33,7.341602597402598,0.8831168831168831,0,0,0,0-0-0
ADCK5,19,7.200372727272731,0.8701298701298701,0,0,0,0-0-0
ADCY6,84,10.41811298701299,0.5714285714285714,2,3,0,2-3-0
ADCY9,87,9.691093506493502,0.5064935064935064,2,2,0,2-2-0
ADD1,311,12.070672727272731,1.0,4,4,0,4-4-0
ADD2,102,4.6481987012987025,1.0,2,0,0,2-0-0
ADD3,145,9.969916883116882,1.0,3,2,0,3-2-0
ADH1B,593,6.4707701298701314,1.0,4,0,0,4-0-0
ADH5,109,10.89489350649351,1.0,2,4,0,2-4-0
ADHFE1,20,5.651883116883116,0.8961038961038961,0,0,0,0-0-0
ADI1,44,10.342394805194802,1.0,0,3,0,0-3-0
ADIPOR1,466,11.988801298701299,0.8961038961038961,4,4,0,4-4-0
ADIPOR2,360,11.50915844155844,0.7012987012987013,4,4,0,4-4-0
ADK,70,8.49293376623377,1.0,1,1,0,1-1-0
ADNP,234,11.911405194805193,1.0,3,4,0,3-4-0
ADNP2,39,9.578238961038961,0.8181818181818182,0,2,0,0-2-0
ADO,30,9.361961038961038,1.0,0,2,0,0-2-0
ADPGK,63,9.895140259740263,1.0,1,2,0,1-2-0
ADPRH,16,8.006341558441559,1.0,0,0,0,0-0-0
ADRM1,232,10.840823376623378,1.0,3,3,0,3-3-0
ADSL,120,9.802670129870128,1.0,2,2,0,2-2-0
AEBP1,101,13.37975324675325,1.0,2,4,0,2-4-0
AEBP2,58,9.154158441558438,0.8571428571428571,1,1,0,1-1-0
AFAP1,78,10.243118181818183,1.0,2,3,0,2-3-0
AFAP1L1,28,7.65603246753247,0.961038961038961,0,0,0,0-0-0
AFAP1L2,52,8.46792987012987,1.0,1,1,0,1-1-0
AFF1,210,10.8387974025974,0.8701298701298701,3,3,0,3-3-0
AFF3,72,9.393270129870128,0.7272727272727273,1,2,0,1-2-0
AFF4,151,11.63284675324675,1.0,3,4,0,3-4-0
AFG3L2,221,10.516519480519483,1.0,3,3,0,3-3-0
AFM,91,0.04608051948051947,1.0,2,0,0,2-0-0
AFMID,18,9.081783116883114,1.0,0,1,0,0-1-0
AFTPH,56,10.902711688311689,1.0,1,4,0,1-4-0
AGA,71,8.972162337662338,1.0,1,1,0,1-1-0
AGAP1,65,9.014903896103892,1.0,1,1,0,1-1-0
AGAP2,82,6.531050649350649,0.948051948051948,2,0,0,2-0-0
AGAP3,68,10.189790909090915,0.961038961038961,1,3,0,1-3-0
AGFG1,388,10.678288311688313,1.0,4,3,0,4-3-0
AGFG2,32,8.351548051948052,1.0,0,1,0,0-1-0
AGGF1,82,9.84758181818181,0.961038961038961,2,2,0,2-2-0
AGK,175,9.197481818181824,1.0,3,2,0,3-2-0
AGL,120,10.09304675324675,1.0,2,3,0,2-3-0
AGPAT1,76,10.859411688311686,1.0,1,3,0,1-3-0
AGPAT2,62,9.645561038961036,0.9090909090909092,1,2,0,1-2-0
AGPAT3,34,11.2365961038961,1.0,0,4,0,0-4-0
AGPAT5,45,9.34097272727273,1.0,0,2,0,0-2-0
AGPS,118,9.888268831168832,1.0,2,2,0,2-2-0
AGR2,306,11.344544155844153,1.0,4,4,0,4-4-0
AGR3,47,8.269836363636365,1.0,1,1,0,1-1-0
AGRN,119,12.073048051948051,1.0,2,4,0,2-4-0
AGT,1162,6.965980519480519,1.0,4,0,0,4-0-0
AGTPBP1,68,8.381337662337662,1.0,1,1,0,1-1-0
AGTRAP,83,9.793894805194803,1.0,2,2,0,2-2-0
AHCTF1,120,10.997880519480518,1.0,2,4,0,2-4-0
AHCY,266,12.114244155844156,1.0,4,4,0,4-4-0
AHCYL1,156,11.888242857142856,1.0,3,4,0,3-4-0
AHCYL2,54,9.285857142857143,1.0,1,2,0,1-2-0
AHDC1,84,9.364335064935066,1.0,2,2,0,2-2-0
AHI1,120,8.51849090909091,0.5194805194805194,2,1,0,2-1-0
AHNAK,341,14.756593506493507,1.0,4,4,0,4-4-0
AHNAK2,105,9.510092207792209,1.0,2,2,0,2-2-0
AHR,1258,10.535075324675326,1.0,4,3,0,4-3-0
AHSA1,189,10.979668831168826,1.0,3,4,0,3-4-0
AHSG,800,0.1682155844155844,1.0,4,0,0,4-0-0
AHSP,108,0.2250012987012987,1.0,2,0,0,2-0-0
AIDA,32,10.34504675324675,1.0,0,3,0,0-3-0
AIF1,374,8.436922077922077,1.0,4,1,0,4-1-0
AIF1L,52,9.596541558441558,1.0,1,2,0,1-2-0
AIFM1,816,10.208787012987012,1.0,4,3,0,4-3-0
AIFM2,91,8.320276623376625,1.0,2,1,0,2-1-0
AIMP1,234,10.16586753246753,1.0,3,3,0,3-3-0
AIMP2,226,8.798785714285714,1.0,3,1,0,3-1-0
AIP,215,9.730490909090909,1.0,3,2,0,3-2-0
AK1,78,9.097903896103888,1.0,2,1,0,2-1-0
AK2,123,11.18875064935065,1.0,2,4,0,2-4-0
AK3,55,9.961136363636365,1.0,1,2,0,1-2-0
AK5,21,5.5254792207792205,0.8051948051948052,0,0,0,0-0-0
AKAP1,150,10.863011688311685,1.0,3,3,0,3-3-0
AKAP10,70,8.596038961038964,1.0,1,1,0,1-1-0
AKAP11,94,10.257414285714283,1.0,2,3,0,2-3-0
AKAP12,232,8.967641558441558,1.0,3,1,0,3-1-0
AKAP13,181,11.376751948051943,1.0,3,4,0,3-4-0
AKAP5,178,7.313550649350652,0.935064935064935,3,0,0,3-0-0
AKAP7,59,6.707948051948053,0.7142857142857143,1,0,0,1-0-0
AKAP8,203,9.303303896103895,1.0,3,2,0,3-2-0
AKAP8L,204,9.702527272727275,1.0,3,2,0,3-2-0
AKAP9,223,11.198335064935065,1.0,3,4,0,3-4-0
AKIRIN2,32,9.388336363636364,0.5714285714285714,0,2,0,0-2-0
AKNA,40,9.222483116883119,0.8181818181818182,0,2,0,0-2-0
AKR1A1,103,11.128892207792202,1.0,2,4,0,2-4-0
AKR1B1,390,9.265707792207788,1.0,4,2,0,4-2-0
AKR1B10,265,2.939772727272728,0.8831168831168831,4,0,0,4-0-0
AKR1C2,329,5.957896103896104,1.0,4,0,0,4-0-0
AKR1C3,425,7.713522077922076,1.0,4,0,0,4-0-0
AKR7A2,65,9.961781818181818,1.0,1,2,0,1-2-0
AKR7A3,29,7.236131168831165,1.0,0,0,0,0-0-0
AKT1,7384,12.052370129870127,1.0,4,4,0,4-4-0
AKT1S1,155,10.139251948051946,1.0,3,3,0,3-3-0
AKT2,695,11.35327402597403,1.0,4,4,0,4-4-0
AKT3,398,8.7304974025974,1.0,4,1,0,4-1-0
AKTIP,76,9.079924675324678,1.0,1,1,0,1-1-0
ALAD,153,10.120616883116888,1.0,3,3,0,3-3-0
ALAS1,92,9.973444155844158,0.8571428571428571,2,2,0,2-2-0
ALB,797,3.562681818181819,1.0,4,0,0,4-0-0
ALCAM,387,11.617892207792208,1.0,4,4,0,4-4-0
ALDH16A1,57,9.213033766233767,1.0,1,2,0,1-2-0
ALDH18A1,212,11.518058441558441,1.0,3,4,0,3-4-0
ALDH1A1,1080,8.274219480519482,1.0,4,1,0,4-1-0
ALDH1A2,138,4.121963636363637,0.8441558441558441,3,0,0,3-0-0
ALDH1A3,107,8.445807792207795,1.0,2,1,0,2-1-0
ALDH1B1,156,9.790996103896108,1.0,3,2,0,3-2-0
ALDH1L1,90,3.126620779220779,1.0,2,0,0,2-0-0
ALDH1L2,51,8.229893506493504,1.0,1,1,0,1-1-0
ALDH2,1543,10.586048051948053,1.0,4,3,0,4-3-0
ALDH3A2,196,10.483109090909094,1.0,3,3,0,3-3-0
ALDH4A1,75,9.381619480519479,1.0,1,2,0,1-2-0
ALDH5A1,193,8.883241558441561,1.0,3,1,0,3-1-0
ALDH6A1,55,8.502964935064934,1.0,1,1,0,1-1-0
ALDH7A1,211,10.661359740259744,1.0,3,3,0,3-3-0
ALDH9A1,82,11.54757402597403,1.0,2,4,0,2-4-0
ALDOA,386,14.79407272727273,1.0,4,4,0,4-4-0
ALDOC,136,7.794493506493509,1.0,3,0,0,3-0-0
ALG1,72,9.461774025974027,1.0,1,2,0,1-2-0
ALG11,36,4.408292207792208,0.922077922077922,0,0,0,0-0-0
ALG12,31,9.12181038961039,0.7792207792207793,0,1,0,0-1-0
ALG13,91,8.638350649350652,1.0,2,1,0,2-1-0
ALG2,52,9.696479220779223,1.0,1,2,0,1-2-0
ALG5,56,9.178797402597406,1.0,1,1,0,1-1-0
ALG6,57,8.732019480519481,0.5324675324675324,1,1,0,1-1-0
ALG9,56,8.983977922077923,0.7402597402597403,1,1,0,1-1-0
ALKBH1,105,8.00797792207792,0.8571428571428571,2,0,0,2-0-0
ALKBH2,84,8.183271428571427,0.948051948051948,2,1,0,2-1-0
ALKBH3,103,8.013505194805191,1.0,2,0,0,2-0-0
ALKBH4,33,7.865094805194802,1.0,0,0,0,0-0-0
ALKBH5,390,11.041298701298704,1.0,4,4,0,4-4-0
ALKBH6,11,6.774612987012986,0.7272727272727273,0,0,0,0-0-0
ALKBH7,23,8.776009090909087,0.948051948051948,0,1,0,0-1-0
ALKBH8,39,7.6555454545454555,1.0,0,0,0,0-0-0
ALLC,12,0.1798051948051948,0.8311688311688312,0,0,0,0-0-0
ALMS1,242,9.817101298701303,0.974025974025974,3,2,0,3-2-0
ALOX15,329,3.8693350649350635,0.5844155844155844,4,0,0,4-0-0
ALOX15B,109,6.641342857142857,1.0,2,0,0,2-0-0
ALOX5,463,8.422712987012986,1.0,4,1,0,4-1-0
ALOX5AP,372,8.378203896103898,0.8831168831168831,4,1,0,4-1-0
ALPK1,60,8.889576623376623,0.7402597402597403,1,1,0,1-1-0
ALPL,524,7.770551948051949,1.0,4,0,0,4-0-0
ALS2,119,9.262276623376623,0.987012987012987,2,2,0,2-2-0
AMACR,134,8.704935064935064,1.0,3,1,0,3-1-0
AMBP,146,2.940880519480518,1.0,3,0,0,3-0-0
AMBRA1,200,9.881768831168829,1.0,3,2,0,3-2-0
AMDHD1,13,3.43832077922078,0.6753246753246753,0,0,0,0-0-0
AMDHD2,23,7.887444155844157,1.0,0,0,0,0-0-0
AMFR,288,11.662425974025977,0.974025974025974,4,4,0,4-4-0
AMIGO2,42,8.800585714285711,0.6363636363636364,0,1,0,0-1-0
AMMECR1,37,8.809537662337664,0.8181818181818182,0,1,0,0-1-0
AMOT,240,9.483962337662339,0.935064935064935,3,2,0,3-2-0
AMOTL1,118,9.358507792207796,0.7662337662337663,2,2,0,2-2-0
AMOTL2,104,10.123568831168829,1.0,2,3,0,2-3-0
AMPD2,82,9.394236363636367,1.0,2,2,0,2-2-0
AMPD3,36,7.939803896103896,1.0,0,0,0,0-0-0
AMPH,93,5.9870194805194785,1.0,2,0,0,2-0-0
AMT,42,5.349636363636362,0.5324675324675324,0,0,0,0-0-0
AMZ2,20,10.716693506493504,0.987012987012987,0,3,0,0-3-0
ANAPC1,201,9.460216883116884,1.0,3,2,0,3-2-0
ANAPC10,87,6.9536584415584395,1.0,2,0,0,2-0-0
ANAPC11,145,10.187502597402597,0.961038961038961,3,3,0,3-3-0
ANAPC13,41,10.225116883116883,0.7142857142857143,0,3,0,0-3-0
ANAPC16,58,10.780250649350654,1.0,1,3,0,1-3-0
ANAPC2,141,9.246872727272729,1.0,3,2,0,3-2-0
ANAPC4,134,8.607192207792208,1.0,3,1,0,3-1-0
ANAPC5,144,11.188100000000002,1.0,3,4,0,3-4-0
ANAPC7,187,10.217535064935065,1.0,3,3,0,3-3-0
ANG,242,7.82696103896104,1.0,3,0,0,3-0-0
ANGEL2,37,9.579067532467535,1.0,0,2,0,0-2-0
ANGPT2,813,8.023275324675323,0.8051948051948052,4,0,0,4-0-0
ANGPTL2,172,10.181920779220778,1.0,3,3,0,3-3-0
ANGPTL4,550,7.221335064935066,0.8831168831168831,4,0,0,4-0-0
ANK1,196,4.185431168831168,1.0,3,0,0,3-0-0
ANK2,197,7.297810389610388,1.0,3,0,0,3-0-0
ANK3,239,9.844129870129866,1.0,3,2,0,3-2-0
ANKFY1,105,10.650254545454546,1.0,2,3,0,2-3-0
ANKHD1,148,11.174267532467532,1.0,3,4,0,3-4-0
ANKIB1,31,10.635545454545454,1.0,0,3,0,0-3-0
ANKLE2,95,10.581098701298703,1.0,2,3,0,2-3-0
ANKMY2,34,8.450290909090908,1.0,0,1,0,0-1-0
ANKRD10,12,10.179481818181822,0.948051948051948,0,3,0,0-3-0
ANKRD11,148,10.894897402597401,0.922077922077922,3,4,0,3-4-0
ANKRD12,38,10.120824675324679,0.8961038961038961,0,3,0,0-3-0
ANKRD13A,59,9.943092207792208,1.0,1,2,0,1-2-0
ANKRD13D,35,9.213472727272727,1.0,0,2,0,0-2-0
ANKRD16,13,7.481880519480518,1.0,0,0,0,0-0-0
ANKRD17,138,11.518148051948057,1.0,3,4,0,3-4-0
ANKRD22,20,7.228898701298701,0.7792207792207793,0,0,0,0-0-0
ANKRD26,119,8.136823376623376,0.8051948051948052,2,0,0,2-0-0
ANKRD27,54,9.765740259740259,1.0,1,2,0,1-2-0
ANKRD28,111,10.327307792207794,1.0,2,3,0,2-3-0
ANKRD30A,28,6.4305571428571415,0.7272727272727273,0,0,0,0-0-0
ANKRD35,19,5.039505194805196,0.7272727272727273,0,0,0,0-0-0
ANKRD39,19,7.263511688311686,0.987012987012987,0,0,0,0-0-0
ANKRD40,35,10.458574025974025,0.8961038961038961,0,3,0,0-3-0
ANKRD44,40,5.976644155844156,1.0,0,0,0,0-0-0
ANKRD49,31,7.912925974025977,0.961038961038961,0,0,0,0-0-0
ANKRD50,47,10.537733766233771,1.0,1,3,0,1-3-0
ANKRD52,62,10.502280519480518,1.0,1,3,0,1-3-0
ANKRD54,33,8.850706493506497,1.0,0,1,0,0-1-0
ANKS1A,94,10.025396103896103,1.0,2,3,0,2-3-0
ANKS3,27,7.802305194805192,0.6363636363636364,0,0,0,0-0-0
ANKZF1,55,9.108949350649358,1.0,1,1,0,1-1-0
ANLN,168,9.883898701298703,1.0,3,2,0,3-2-0
ANO1,505,10.988445454545456,0.8961038961038961,4,4,0,4-4-0
ANO10,74,9.659797402597402,1.0,1,2,0,1-2-0
ANO6,141,11.053671428571427,1.0,3,4,0,3-4-0
ANP32A,232,11.513263636363638,1.0,3,4,0,3-4-0
ANP32B,171,11.670750649350651,1.0,3,4,0,3-4-0
ANP32E,122,10.473497402597403,1.0,2,3,0,2-3-0
ANPEP,183,9.68107792207792,1.0,3,2,0,3-2-0
ANTXR1,199,11.886232467532466,1.0,3,4,0,3-4-0
ANTXR2,197,9.359593506493507,0.6623376623376623,3,2,0,3-2-0
ANXA1,589,10.977887012987013,1.0,4,4,0,4-4-0
ANXA11,146,11.578067532467538,1.0,3,4,0,3-4-0
ANXA2,1063,13.56564805194805,1.0,4,4,0,4-4-0
ANXA3,126,8.11196103896104,1.0,2,0,0,2-0-0
ANXA4,131,10.571768831168832,1.0,3,3,0,3-3-0
ANXA5,371,12.705338961038962,1.0,4,4,0,4-4-0
ANXA6,197,12.125533766233772,1.0,3,4,0,3-4-0
ANXA7,131,11.539890909090909,1.0,3,4,0,3-4-0
ANXA8L1,26,0.19594155844155842,1.0,0,0,0,0-0-0
ANXA9,37,8.470403896103896,1.0,0,1,0,0-1-0
AOAH,23,6.822014285714286,0.8311688311688312,0,0,0,0-0-0
AOC3,288,9.092306493506497,1.0,4,1,0,4-1-0
AOX1,90,6.536637662337661,1.0,2,0,0,2-0-0
AP1AR,45,9.417233766233766,0.8701298701298701,0,2,0,0-2-0
AP1B1,189,11.670248051948056,1.0,3,4,0,3-4-0
AP1G1,172,11.345288311688314,1.0,3,4,0,3-4-0
AP1G2,68,10.2307961038961,1.0,1,3,0,1-3-0
AP1M1,176,10.039824675324676,1.0,3,3,0,3-3-0
AP1M2,76,11.044981818181821,1.0,1,4,0,1-4-0
AP1S1,93,9.84907012987013,1.0,2,2,0,2-2-0
AP1S2,76,8.38324285714285,1.0,1,1,0,1-1-0
AP1S3,49,7.324837662337658,0.961038961038961,1,0,0,1-0-0
AP2A1,301,11.072854545454549,1.0,4,4,0,4-4-0
AP2A2,229,10.64714155844156,1.0,3,3,0,3-3-0
AP2B1,286,12.9907025974026,1.0,4,4,0,4-4-0
AP2M1,321,12.689985714285713,1.0,4,4,0,4-4-0
AP2S1,155,10.620905194805195,1.0,3,3,0,3-3-0
AP3B1,200,10.573574025974027,1.0,3,3,0,3-3-0
AP3B2,65,4.191306493506494,0.5454545454545454,1,0,0,1-0-0
AP3D1,202,11.710106493506492,1.0,3,4,0,3-4-0
AP3M1,114,10.573381818181819,1.0,2,3,0,2-3-0
AP3M2,49,9.173120779220778,1.0,1,1,0,1-1-0
AP3S1,96,9.957698701298703,1.0,2,2,0,2-2-0
AP3S2,43,10.553488311688314,0.5844155844155844,0,3,0,0-3-0
AP4B1,47,8.279151948051947,1.0,1,1,0,1-1-0
AP4E1,51,8.478650649350651,1.0,1,1,0,1-1-0
AP4M1,56,8.688703896103895,0.961038961038961,1,1,0,1-1-0
AP4S1,30,5.986794805194807,1.0,0,0,0,0-0-0
APAF1,669,9.03028181818182,1.0,4,1,0,4-1-0
APBA1,140,6.722622077922081,0.7922077922077922,3,0,0,3-0-0
APBA2,100,6.299915584415582,0.7662337662337663,2,0,0,2-0-0
APBA3,54,7.742651948051947,1.0,1,0,0,1-0-0
APBB1,227,8.485880519480522,1.0,3,1,0,3-1-0
APBB1IP,66,8.152785714285717,1.0,1,0,0,1-0-0
APBB2,77,10.874302597402593,1.0,1,4,0,1-4-0
APC,1026,9.744702597402599,1.0,4,2,0,4-2-0
APCS,113,0.04782207792207792,1.0,2,0,0,2-0-0
APEH,90,10.988337662337663,1.0,2,4,0,2-4-0
APEX1,1452,11.707297402597403,1.0,4,4,0,4-4-0
APEX2,103,9.595903896103898,0.5844155844155844,2,2,0,2-2-0
API5,148,11.297898701298706,1.0,3,4,0,3-4-0
APIP,44,8.577111688311687,1.0,0,1,0,0-1-0
APLF,53,5.654692207792207,0.7272727272727273,1,0,0,1-0-0
APLP2,208,13.532040259740254,1.0,3,4,0,3-4-0
APOA1,1855,1.7544571428571432,1.0,4,0,0,4-0-0
APOA2,197,0.1877454545454545,1.0,3,0,0,3-0-0
APOA4,226,0.004412987012987013,1.0,3,0,0,3-0-0
APOB,1383,1.5454571428571429,1.0,4,0,0,4-0-0
APOBEC3B,357,7.552249350649352,0.7272727272727273,4,0,0,4-0-0
APOBEC3C,167,7.431944155844157,1.0,3,0,0,3-0-0
APOBEC3F,270,7.341102597402596,1.0,4,0,0,4-0-0
APOBEC3G,909,7.726461038961036,1.0,4,0,0,4-0-0
APOC1,264,9.99837922077922,1.0,4,3,0,4-3-0
APOC3,544,0.23561298701298705,1.0,4,0,0,4-0-0
APOC4,39,0.8850168831168831,0.8571428571428571,0,0,0,0-0-0
APOD,377,10.989685714285711,1.0,4,4,0,4-4-0
APOE,5644,11.872779220779218,1.0,4,4,0,4-4-0
APOF,29,2.490572727272727,1.0,0,0,0,0-0-0
APOH,259,0.013741558441558442,1.0,4,0,0,4-0-0
APOL1,762,10.554309090909088,1.0,4,3,0,4-3-0
APOL2,64,9.785006493506492,1.0,1,2,0,1-2-0
APOL3,30,9.37409220779221,1.0,0,2,0,0-2-0
APOM,220,4.729670129870129,1.0,3,0,0,3-0-0
APOO,46,8.260576623376622,1.0,0,1,0,0-1-0
APOOL,50,7.482516883116882,1.0,1,0,0,1-0-0
APP,4218,14.469114285714282,1.0,4,4,0,4-4-0
APPBP2,53,10.400781818181816,0.8831168831168831,1,3,0,1-3-0
APPL1,183,10.614989610389612,1.0,3,3,0,3-3-0
APPL2,59,9.73930909090909,1.0,1,2,0,1-2-0
APRT,141,10.551310389610387,1.0,3,3,0,3-3-0
APTX,160,9.22626493506493,1.0,3,2,0,3-2-0
AQP1,378,11.07134675324675,0.6623376623376623,4,4,0,4-4-0
AQR,114,10.096640259740258,1.0,2,3,0,2-3-0
AR,5009,8.22497922077922,1.0,4,1,0,4-1-0
ARAF,155,10.227368831168832,1.0,3,3,0,3-3-0
ARAP1,90,10.818296103896103,1.0,2,3,0,2-3-0
ARAP2,40,8.090185714285711,0.8311688311688312,0,0,0,0-0-0
ARAP3,50,7.865781818181818,0.922077922077922,1,0,0,1-0-0
ARCN1,208,12.168951948051948,1.0,3,4,0,3-4-0
ARF1,306,13.846814285714286,1.0,4,4,0,4-4-0
ARF3,154,12.58407272727273,1.0,3,4,0,3-4-0
ARF4,235,12.349951948051945,1.0,3,4,0,3-4-0
ARF5,132,11.413706493506494,1.0,3,4,0,3-4-0
ARF6,660,11.930511688311695,1.0,4,4,0,4-4-0
ARFGAP1,124,10.6122012987013,1.0,2,3,0,2-3-0
ARFGAP2,80,10.784127272727275,1.0,2,3,0,2-3-0
ARFGAP3,85,10.105859740259742,1.0,2,3,0,2-3-0
ARFGEF1,120,11.477154545454548,1.0,2,4,0,2-4-0
ARFGEF2,116,11.254253246753246,1.0,2,4,0,2-4-0
ARFIP1,73,10.017163636363632,1.0,1,3,0,1-3-0
ARFIP2,78,10.557780519480517,1.0,2,3,0,2-3-0
ARFRP1,36,9.106592207792213,1.0,0,1,0,0-1-0
ARG1,517,0.35027402597402596,0.7662337662337663,4,0,0,4-0-0
ARGLU1,111,9.943525974025974,1.0,2,2,0,2-2-0
ARHGAP1,150,11.771874025974025,1.0,3,4,0,3-4-0
ARHGAP10,46,7.527909090909089,1.0,0,0,0,0-0-0
ARHGAP12,57,9.697042857142854,1.0,1,2,0,1-2-0
ARHGAP15,38,6.125888311688314,1.0,0,0,0,0-0-0
ARHGAP17,68,10.194242857142855,1.0,1,3,0,1-3-0
ARHGAP18,58,9.418871428571428,1.0,1,2,0,1-2-0
ARHGAP21,106,10.639275324675324,1.0,2,3,0,2-3-0
ARHGAP22,38,5.923010389610389,0.5454545454545454,0,0,0,0-0-0
ARHGAP24,59,7.259003896103897,1.0,1,0,0,1-0-0
ARHGAP25,28,7.917816883116884,1.0,0,0,0,0-0-0
ARHGAP26,89,8.534345454545452,0.974025974025974,2,1,0,2-1-0
ARHGAP27,18,8.826227272727271,1.0,0,1,0,0-1-0
ARHGAP29,87,10.627637662337658,1.0,2,3,0,2-3-0
ARHGAP30,24,9.043154545454545,1.0,0,1,0,0-1-0
ARHGAP31,51,9.378805194805192,1.0,1,2,0,1-2-0
ARHGAP32,89,10.777451948051946,1.0,2,3,0,2-3-0
ARHGAP39,37,8.82596753246753,0.8831168831168831,0,1,0,0-1-0
ARHGAP4,59,8.429059740259737,1.0,1,1,0,1-1-0
ARHGAP5,113,10.695798701298704,1.0,2,3,0,2-3-0
ARHGAP6,39,5.543122077922077,0.935064935064935,0,0,0,0-0-0
ARHGAP8,40,8.850819480519478,1.0,0,1,0,0-1-0
ARHGAP9,32,6.872323376623378,1.0,0,0,0,0-0-0
ARHGDIA,283,12.531864935064933,1.0,4,4,0,4-4-0
ARHGDIB,171,12.154396103896104,1.0,3,4,0,3-4-0
ARHGEF1,146,10.4062,1.0,3,3,0,3-3-0
ARHGEF10,70,8.88637142857143,1.0,1,1,0,1-1-0
ARHGEF10L,26,9.579811688311691,1.0,0,2,0,0-2-0
ARHGEF11,122,10.75166753246753,1.0,2,3,0,2-3-0
ARHGEF12,141,11.974401298701297,1.0,3,4,0,3-4-0
ARHGEF16,54,8.445957142857146,1.0,1,1,0,1-1-0
ARHGEF17,50,10.125925974025971,1.0,1,3,0,1-3-0
ARHGEF18,64,9.952579220779219,1.0,1,2,0,1-2-0
ARHGEF2,286,11.116031168831167,1.0,4,4,0,4-4-0
ARHGEF3,65,9.827085714285714,0.948051948051948,1,2,0,1-2-0
ARHGEF35,10,9.064255844155843,1.0,0,1,0,0-1-0
ARHGEF37,11,8.956524675324676,1.0,0,1,0,0-1-0
ARHGEF38,16,4.689851948051948,0.5844155844155844,0,0,0,0-0-0
ARHGEF5,74,8.870912987012984,1.0,1,1,0,1-1-0
ARHGEF6,102,9.899196103896106,1.0,2,2,0,2-2-0
ARHGEF7,221,10.147746753246752,1.0,3,3,0,3-3-0
ARID1A,958,11.60624155844156,1.0,4,4,0,4-4-0
ARID1B,306,10.878480519480522,1.0,4,4,0,4-4-0
ARID2,176,10.094694805194806,1.0,3,3,0,3-3-0
ARID3A,125,6.374022077922078,0.987012987012987,2,0,0,2-0-0
ARID4A,73,8.901597402597405,1.0,1,1,0,1-1-0
ARID4B,97,10.667616883116882,1.0,2,3,0,2-3-0
ARID5A,38,9.109433766233765,0.5194805194805194,0,1,0,0-1-0
ARID5B,166,10.444927272727275,0.974025974025974,3,3,0,3-3-0
ARIH1,124,10.656781818181823,1.0,2,3,0,2-3-0
ARIH2,96,10.2115,1.0,2,3,0,2-3-0
ARL1,127,11.274383116883115,1.0,2,4,0,2-4-0
ARL15,51,8.081433766233769,0.961038961038961,1,0,0,1-0-0
ARL2,131,9.50842857142857,1.0,3,2,0,3-2-0
ARL2BP,59,10.418474025974026,1.0,1,3,0,1-3-0
ARL3,105,9.557157142857143,1.0,2,2,0,2-2-0
ARL5A,23,9.726366233766232,0.8961038961038961,0,2,0,0-2-0
ARL5B,38,8.1483012987013,0.922077922077922,0,0,0,0-0-0
ARL6,68,6.127683116883119,1.0,1,0,0,1-0-0
ARL6IP1,69,13.136585714285717,1.0,1,4,0,1-4-0
ARL6IP5,157,11.739580519480517,1.0,3,4,0,3-4-0
ARL6IP6,31,8.196814285714288,0.8181818181818182,0,1,0,0-1-0
ARL8A,52,10.559751948051945,1.0,1,3,0,1-3-0
ARL8B,104,11.331944155844154,1.0,2,4,0,2-4-0
ARMC1,36,9.856797402597403,1.0,0,2,0,0-2-0
ARMC10,34,9.660425974025975,1.0,0,2,0,0-2-0
ARMC5,99,8.10467922077922,0.7792207792207793,2,0,0,2-0-0
ARMC6,54,9.40223766233766,1.0,1,2,0,1-2-0
ARMC7,26,8.502701298701298,0.974025974025974,0,1,0,0-1-0
ARMC8,81,9.45487922077922,1.0,2,2,0,2-2-0
ARMC9,41,8.267988311688315,1.0,0,1,0,0-1-0
ARMCX1,31,8.782844155844156,1.0,0,1,0,0-1-0
ARMCX2,29,9.276877922077924,1.0,0,2,0,0-2-0
ARMCX3,72,10.642779220779223,1.0,1,3,0,1-3-0
ARMCX5,30,8.305545454545458,0.6493506493506493,0,1,0,0-1-0
ARNT,322,10.620838961038961,1.0,4,3,0,4-3-0
ARNT2,73,9.725759740259742,0.7532467532467533,1,2,0,1-2-0
ARPC1A,90,11.228879220779227,1.0,2,4,0,2-4-0
ARPC1B,177,11.31184935064935,1.0,3,4,0,3-4-0
ARPC2,190,12.091031168831167,1.0,3,4,0,3-4-0
ARPC3,143,11.941706493506494,1.0,3,4,0,3-4-0
ARPC4,159,11.750002597402597,1.0,3,4,0,3-4-0
ARPC5,118,11.996907792207793,1.0,2,4,0,2-4-0
ARPC5L,88,9.84833896103896,1.0,2,2,0,2-2-0
ARPP19,46,11.8420012987013,1.0,0,4,0,0-4-0
ARRB1,478,8.972444155844158,1.0,4,1,0,4-1-0
ARRB2,639,9.542880519480521,1.0,4,2,0,4-2-0
ARRDC1,44,9.803937662337662,1.0,0,2,0,0-2-0
ARSA,156,9.55103116883117,1.0,3,2,0,3-2-0
ARSB,112,8.477776623376622,1.0,2,1,0,2-1-0
ARSD,19,11.126625974025977,0.8961038961038961,0,4,0,0-4-0
ARV1,40,9.044828571428571,0.6883116883116883,0,1,0,0-1-0
ARVCF,83,8.113733766233764,1.0,2,0,0,2-0-0
AS3MT,193,7.320250649350651,1.0,3,0,0,3-0-0
ASAH1,226,12.152422077922083,1.0,3,4,0,3-4-0
ASAP1,149,10.354633766233768,1.0,3,3,0,3-3-0
ASAP2,75,9.833522077922082,1.0,1,2,0,1-2-0
ASAP3,34,9.642192207792204,1.0,0,2,0,0-2-0
ASB1,32,8.202925974025973,0.6103896103896104,0,1,0,0-1-0
ASB13,29,9.95478571428571,0.935064935064935,0,2,0,0-2-0
ASB6,44,9.47106233766234,0.961038961038961,0,2,0,0-2-0
ASB7,31,8.843102597402597,0.5974025974025974,0,1,0,0-1-0
ASB9,42,4.91875064935065,0.8831168831168831,0,0,0,0-0-0
ASCC1,87,8.989893506493507,1.0,2,1,0,2-1-0
ASCC2,83,10.37496233766234,1.0,2,3,0,2-3-0
ASCC3,166,10.327716883116882,1.0,3,3,0,3-3-0
ASF1A,178,9.10087792207792,1.0,3,1,0,3-1-0
ASF1B,125,9.243797402597401,0.961038961038961,2,2,0,2-2-0
ASGR2,55,2.4839610389610383,0.5584415584415584,1,0,0,1-0-0
ASH1L,111,11.41118311688312,0.935064935064935,2,4,0,2-4-0
ASH2L,224,10.154850649350648,1.0,3,3,0,3-3-0
ASL,66,8.984398701298705,1.0,1,1,0,1-1-0
ASNS,207,9.254216883116884,1.0,3,2,0,3-2-0
ASNSD1,24,9.871293506493505,0.8051948051948052,0,2,0,0-2-0
ASPA,56,2.6103103896103885,0.8571428571428571,1,0,0,1-0-0
ASPH,248,12.18404025974026,1.0,3,4,0,3-4-0
ASPM,238,9.546224675324677,1.0,3,2,0,3-2-0
ASPSCR1,131,8.814123376623373,1.0,3,1,0,3-1-0
ASRGL1,56,6.993450649350649,1.0,1,0,0,1-0-0
ASS1,187,10.19440519480519,1.0,3,3,0,3-3-0
ASTE1,14,7.581200000000003,0.5064935064935064,0,0,0,0-0-0
ATAD1,80,9.918383116883117,1.0,2,2,0,2-2-0
ATAD2,177,10.904105194805192,1.0,3,4,0,3-4-0
ATAD2B,32,8.785135064935066,1.0,0,1,0,0-1-0
ATAD3A,336,9.018445454545454,1.0,4,1,0,4-1-0
ATAD3B,191,7.5276363636363595,0.7012987012987013,3,0,0,3-0-0
ATE1,49,7.872335064935068,1.0,1,0,0,1-0-0
ATF1,133,8.687597402597401,1.0,3,1,0,3-1-0
ATF2,308,8.885531168831172,1.0,4,1,0,4-1-0
ATF7,85,10.480061038961038,1.0,2,3,0,2-3-0
ATF7IP,87,10.227236363636361,1.0,2,3,0,2-3-0
ATG12,228,9.049263636363635,1.0,3,1,0,3-1-0
ATG16L1,534,9.80571168831169,1.0,4,2,0,4-2-0
ATG2A,53,9.344585714285712,1.0,1,2,0,1-2-0
ATG2B,116,9.677140259740257,1.0,2,2,0,2-2-0
ATG3,151,9.724953246753246,1.0,3,2,0,3-2-0
ATG4A,80,8.412984415584415,1.0,2,1,0,2-1-0
ATG4B,193,9.56041038961039,1.0,3,2,0,3-2-0
ATG4C,35,7.553206493506494,0.948051948051948,0,0,0,0-0-0
ATG5,837,9.759028571428571,1.0,4,2,0,4-2-0
ATG7,517,9.56714155844156,1.0,4,2,0,4-2-0
ATG9A,202,10.353975324675321,1.0,3,3,0,3-3-0
ATIC,157,11.25175064935065,1.0,3,4,0,3-4-0
ATL1,133,7.6764363636363635,1.0,3,0,0,3-0-0
ATL2,58,10.186829870129872,1.0,1,3,0,1-3-0
ATL3,99,9.312087012987016,1.0,2,2,0,2-2-0
ATM,4700,9.849427272727269,1.0,4,2,0,4-2-0
ATN1,120,11.9955012987013,1.0,2,4,0,2-4-0
ATOX1,218,9.968732467532469,1.0,3,2,0,3-2-0
ATP11A,54,9.244770129870133,0.5844155844155844,1,2,0,1-2-0
ATP11B,35,9.973264935064936,0.7662337662337663,0,2,0,0-2-0
ATP11C,65,8.973135064935065,0.8571428571428571,1,1,0,1-1-0
ATP13A1,86,10.839175324675322,1.0,2,3,0,2-3-0
ATP13A2,203,10.360428571428573,0.5194805194805194,3,3,0,3-3-0
ATP13A3,59,11.247107792207792,1.0,1,4,0,1-4-0
ATP1A1,558,13.744236363636363,1.0,4,4,0,4-4-0
ATP1B1,207,11.712759740259743,1.0,3,4,0,3-4-0
ATP1B3,136,10.761615584415585,1.0,3,3,0,3-3-0
ATP2A2,730,12.634374025974024,1.0,4,4,0,4-4-0
ATP2A3,109,10.263141558441559,1.0,2,3,0,2-3-0
ATP2B1,289,10.109494805194808,1.0,4,3,0,4-3-0
ATP2B4,207,11.37532597402597,1.0,3,4,0,3-4-0
ATP2C1,267,11.631829870129868,1.0,4,4,0,4-4-0
ATP6AP1,160,12.500924675324676,1.0,3,4,0,3-4-0
ATP6AP2,312,12.00374025974026,1.0,4,4,0,4-4-0
ATP6V0A1,111,10.322976623376622,1.0,2,3,0,2-3-0
ATP6V0A2,126,8.905253246753247,1.0,2,1,0,2-1-0
ATP6V0A4,94,4.576727272727274,0.8441558441558441,2,0,0,2-0-0
ATP6V0D1,117,10.82199350649351,1.0,2,3,0,2-3-0
ATP6V1A,185,11.201896103896102,1.0,3,4,0,3-4-0
ATP6V1B1,152,7.083500000000001,1.0,3,0,0,3-0-0
ATP6V1B2,151,11.020992207792208,1.0,3,4,0,3-4-0
ATP6V1C1,77,11.026355844155844,1.0,1,4,0,1-4-0
ATP6V1D,71,10.231870129870128,1.0,1,3,0,1-3-0
ATP6V1E1,102,11.10598181818182,1.0,2,4,0,2-4-0
ATP6V1F,69,10.809012987012986,1.0,1,3,0,1-3-0
ATP6V1G1,97,11.374724675324675,1.0,2,4,0,2-4-0
ATP6V1G2,42,4.776945454545456,0.7922077922077922,0,0,0,0-0-0
ATP6V1H,116,10.466755844155845,1.0,2,3,0,2-3-0
ATP7A,509,9.07249220779221,1.0,4,1,0,4-1-0
ATP8B1,192,10.659655844155841,1.0,3,3,0,3-3-0
ATP9A,52,11.413519480519478,1.0,1,4,0,1-4-0
ATP9B,24,8.509262337662339,0.7662337662337663,0,1,0,0-1-0
ATPAF1,44,10.2559051948052,1.0,0,3,0,0-3-0
ATPAF2,46,8.066735064935065,1.0,0,0,0,0-0-0
ATR,2016,9.735879220779221,0.961038961038961,4,2,0,4-2-0
ATRIP,140,8.346461038961042,1.0,3,1,0,3-1-0
ATRN,70,10.954666233766238,1.0,1,4,0,1-4-0
ATRX,729,10.937176623376622,1.0,4,4,0,4-4-0
ATXN1,463,9.874744155844152,1.0,4,2,0,4-2-0
ATXN10,190,11.142433766233767,1.0,3,4,0,3-4-0
ATXN1L,32,10.062884415584415,1.0,0,3,0,0-3-0
ATXN2,399,9.747372727272728,1.0,4,2,0,4-2-0
ATXN2L,201,11.480807792207791,1.0,3,4,0,3-4-0
ATXN3,689,8.7102012987013,1.0,4,1,0,4-1-0
ATXN7,238,9.321545454545456,0.7012987012987013,3,2,0,3-2-0
ATXN7L3,59,10.401983116883114,0.7272727272727273,1,3,0,1-3-0
ATXN7L3B,21,11.729427272727271,0.961038961038961,0,4,0,0-4-0
AUH,49,7.637596103896103,1.0,1,0,0,1-0-0
AUP1,150,11.30251038961039,1.0,3,4,0,3-4-0
AURKA,1370,9.16605974025974,0.8571428571428571,4,1,0,4-1-0
AURKB,1206,7.854750649350651,0.961038961038961,4,0,0,4-0-0
AUTS2,92,10.419924675324681,0.974025974025974,2,3,0,2-3-0
AVEN,61,7.464938961038957,1.0,1,0,0,1-0-0
AVL9,32,8.797257142857145,1.0,0,1,0,0-1-0
AXIN1,420,9.779035064935071,0.948051948051948,4,2,0,4-2-0
AXL,776,9.932846753246753,0.8571428571428571,4,2,0,4-2-0
AZGP1,288,13.456000000000001,1.0,4,4,0,4-4-0
AZI2,53,9.78325714285714,1.0,1,2,0,1-2-0
AZU1,335,1.8855701298701302,1.0,4,0,0,4-0-0
B2M,595,15.343058441558446,1.0,4,4,0,4-4-0
B3GALT6,60,8.927561038961045,0.7142857142857143,1,1,0,1-1-0
B3GAT3,109,9.366361038961037,1.0,2,2,0,2-2-0
B3GNT2,64,9.947159740259737,0.987012987012987,1,2,0,1-2-0
B4GALT1,130,12.564763636363635,1.0,3,4,0,3-4-0
B4GALT3,46,10.690544155844156,0.948051948051948,0,3,0,0-3-0
B4GALT4,33,9.11871818181818,0.7792207792207793,0,1,0,0-1-0
B4GALT7,47,8.77159090909091,0.7012987012987013,1,1,0,1-1-0
B9D1,27,7.069438961038965,0.5324675324675324,0,0,0,0-0-0
BACH1,192,9.612358441558444,1.0,3,2,0,3-2-0
BAD,898,9.290231168831173,1.0,4,2,0,4-2-0
BAG1,205,10.330923376623376,1.0,3,3,0,3-3-0
BAG2,313,7.071300000000002,1.0,4,0,0,4-0-0
BAG3,578,10.535861038961038,1.0,4,3,0,4-3-0
BAG4,104,7.687832467532467,1.0,2,0,0,2-0-0
BAG5,148,10.370763636363638,1.0,3,3,0,3-3-0
BAHD1,37,9.496953246753248,0.8441558441558441,0,2,0,0-2-0
BAIAP2,228,10.098690909090914,1.0,3,3,0,3-3-0
BAIAP2L1,117,9.645102597402598,1.0,2,2,0,2-2-0
BAK1,1028,8.791115584415584,0.8701298701298701,4,1,0,4-1-0
BANF1,297,11.334016883116886,1.0,4,4,0,4-4-0
BANK1,83,4.371174025974026,0.5974025974025974,2,0,0,2-0-0
BANP,93,7.883925974025973,1.0,2,0,0,2-0-0
BAP1,960,10.53231038961039,0.935064935064935,4,3,0,4-3-0
BARD1,465,7.2224077922077905,0.7272727272727273,4,0,0,4-0-0
BASP1,177,9.116290909090909,1.0,3,1,0,3-1-0
BAX,5825,9.223725974025966,1.0,4,2,0,4-2-0
BAZ1A,144,10.550561038961039,1.0,3,3,0,3-3-0
BAZ1B,205,11.51143896103896,1.0,3,4,0,3-4-0
BAZ2A,112,11.451567532467532,0.961038961038961,2,4,0,2-4-0
BAZ2B,79,9.483411688311692,0.987012987012987,2,2,0,2-2-0
BBC3,729,7.348428571428574,0.8831168831168831,4,0,0,4-0-0
BBOX1,41,4.428937662337662,0.7662337662337663,0,0,0,0-0-0
BBS1,140,9.668355844155842,1.0,3,2,0,3-2-0
BBS2,98,9.400694805194806,1.0,2,2,0,2-2-0
BBS4,93,8.447555844155847,0.6103896103896104,2,1,0,2-1-0
BBS7,70,7.847584415584416,1.0,1,0,0,1-0-0
BBS9,69,8.04076883116883,0.922077922077922,1,0,0,1-0-0
BBX,69,10.574393506493506,1.0,1,3,0,1-3-0
BCAM,99,11.869124675324676,1.0,2,4,0,2-4-0
BCAP29,64,10.125201298701299,0.961038961038961,1,3,0,1-3-0
BCAP31,271,12.397975324675324,1.0,4,4,0,4-4-0
BCAR1,483,9.974945454545452,1.0,4,2,0,4-2-0
BCAR3,92,9.143614285714285,1.0,2,1,0,2-1-0
BCAS1,47,7.662383116883116,1.0,1,0,0,1-0-0
BCAS2,165,9.474648051948053,1.0,3,2,0,3-2-0
BCAS3,73,9.054141558441563,1.0,1,1,0,1-1-0
BCAS4,14,9.714614285714287,0.8311688311688312,0,2,0,0-2-0
BCAT1,202,8.68021948051948,1.0,3,1,0,3-1-0
BCAT2,73,9.38834805194805,1.0,1,2,0,1-2-0
BCCIP,144,10.365040259740255,1.0,3,3,0,3-3-0
BCHE,317,3.561959740259739,1.0,4,0,0,4-0-0
BCKDHA,111,9.863790909090909,1.0,2,2,0,2-2-0
BCKDHB,79,8.43422077922078,1.0,2,1,0,2-1-0
BCKDK,83,10.324222077922077,1.0,2,3,0,2-3-0
BCL10,433,8.854098701298701,1.0,4,1,0,4-1-0
BCL11B,214,6.27395844155844,0.6103896103896104,3,0,0,3-0-0
BCL2,4718,9.953611688311687,0.974025974025974,4,2,0,4-2-0
BCL2L1,3427,11.255289610389616,1.0,4,4,0,4-4-0
BCL2L11,1294,10.09482337662338,0.948051948051948,4,3,0,4-3-0
BCL2L13,74,10.327136363636361,1.0,1,3,0,1-3-0
BCL2L14,54,3.8932571428571436,0.5714285714285714,1,0,0,1-0-0
BCL3,299,9.940366233766236,1.0,4,2,0,4-2-0
BCL6,1162,10.04268051948052,0.7142857142857143,4,3,0,4-3-0
BCL7A,73,9.028336363636365,0.961038961038961,1,1,0,1-1-0
BCL7B,63,9.817050649350648,1.0,1,2,0,1-2-0
BCL7C,57,9.350151948051947,1.0,1,2,0,1-2-0
BCL9,153,10.411618181818183,0.935064935064935,3,3,0,3-3-0
BCL9L,66,11.041518181818178,1.0,1,4,0,1-4-0
BCLAF1,318,11.92879350649351,1.0,4,4,0,4-4-0
BCOR,429,10.1045974025974,0.8831168831168831,4,3,0,4-3-0
BCORL1,87,8.8215025974026,0.5714285714285714,2,1,0,2-1-0
BCR,504,10.629797402597402,1.0,4,3,0,4-3-0
BCS1L,115,8.307037662337661,1.0,2,1,0,2-1-0
BDH1,46,9.07832857142857,1.0,0,1,0,0-1-0
BDH2,49,8.995154545454545,1.0,1,1,0,1-1-0
BECN1,1734,10.663610389610389,1.0,4,3,0,4-3-0
BEND3,71,7.6835376623376614,1.0,1,0,0,1-0-0
BET1,62,8.865187012987013,1.0,1,1,0,1-1-0
BET1L,66,10.7565987012987,1.0,1,3,0,1-3-0
BGN,470,13.530951948051948,1.0,4,4,0,4-4-0
BHLHE40,191,12.817898701298702,1.0,3,4,0,3-4-0
BICC1,50,6.638135064935067,0.974025974025974,1,0,0,1-0-0
BICD1,82,6.812661038961038,0.987012987012987,2,0,0,2-0-0
BICD2,153,9.724496103896104,1.0,3,2,0,3-2-0
BID,870,8.843057142857145,1.0,4,1,0,4-1-0
BIN1,378,8.03996363636364,1.0,4,0,0,4-0-0
BIN2,24,7.52107792207792,1.0,0,0,0,0-0-0
BIN3,41,8.223544155844158,1.0,0,1,0,0-1-0
BIRC2,476,10.221994805194802,1.0,4,3,0,4-3-0
BIRC3,510,8.460274025974023,0.5584415584415584,4,1,0,4-1-0
BIRC5,4813,8.809196103896106,0.8311688311688312,4,1,0,4-1-0
BIRC6,198,11.22933246753247,1.0,3,4,0,3-4-0
BLM,400,7.721514285714284,0.7142857142857143,4,0,0,4-0-0
BLMH,131,9.532944155844156,1.0,3,2,0,3-2-0
BLNK,75,8.137687012987012,1.0,1,0,0,1-0-0
BLOC1S1,101,9.570471428571429,1.0,2,2,0,2-2-0
BLOC1S2,60,9.476035064935065,1.0,1,2,0,1-2-0
BLOC1S3,41,8.824335064935061,1.0,0,1,0,0-1-0
BLVRA,113,10.078627272727271,1.0,2,3,0,2-3-0
BLVRB,66,10.231116883116883,1.0,1,3,0,1-3-0
BLZF1,62,9.55451298701299,0.948051948051948,1,2,0,1-2-0
BMF,110,9.076831168831173,0.7662337662337663,2,1,0,2-1-0
BMP1,244,9.356064935064934,1.0,3,2,0,3-2-0
BMP2K,66,8.523706493506491,1.0,1,1,0,1-1-0
BMPR1B,202,8.327318181818182,0.6363636363636364,3,1,0,3-1-0
BMS1,134,10.462258441558443,1.0,3,3,0,3-3-0
BNIP1,69,7.58152077922078,0.9090909090909092,1,0,0,1-0-0
BNIP2,55,9.452314285714287,1.0,1,2,0,1-2-0
BNIP3,560,9.727057142857145,0.6493506493506493,4,2,0,4-2-0
BNIP3L,241,11.213258441558441,0.7012987012987013,3,4,0,3-4-0
BNIPL,26,8.430142857142856,0.8311688311688312,0,1,0,0-1-0
BOD1,32,9.727654545454538,1.0,0,2,0,0-2-0
BOK,70,9.435428571428572,0.7272727272727273,1,2,0,1-2-0
BOLA1,37,8.142224675324673,1.0,0,0,0,0-0-0
BOLA3,55,7.973923376623374,1.0,1,0,0,1-0-0
BOP1,150,8.422476623376623,1.0,3,1,0,3-1-0
BPGM,38,9.037098701298707,1.0,0,1,0,0-1-0
BPHL,46,8.739077922077929,1.0,0,1,0,0-1-0
BPI,75,2.011171428571429,1.0,1,0,0,1-0-0
BPNT1,45,9.977029870129874,1.0,0,2,0,0-2-0
BPTF,146,11.2081961038961,1.0,3,4,0,3-4-0
BRAF,10153,7.586900000000003,1.0,4,0,0,4-0-0
BRAP,323,9.306815584415585,1.0,4,2,0,4-2-0
BRCA1,7221,8.60093766233766,0.7272727272727273,4,1,0,4-1-0
BRCC3,167,9.637453246753248,1.0,3,2,0,3-2-0
BRD1,105,9.719807792207794,1.0,2,2,0,2-2-0
BRD2,334,12.43314285714286,1.0,4,4,0,4-4-0
BRD3,192,10.283212987012991,1.0,3,3,0,3-3-0
BRD4,1816,10.959925974025973,1.0,4,4,0,4-4-0
BRD7,181,10.215483116883114,1.0,3,3,0,3-3-0
BRD8,99,10.104002597402596,1.0,2,3,0,2-3-0
BRD9,174,9.486844155844153,1.0,3,2,0,3-2-0
BRF1,81,9.345068831168831,0.961038961038961,2,2,0,2-2-0
BRIP1,222,7.248503896103894,0.5324675324675324,3,0,0,3-0-0
BRIX1,156,9.631962337662337,1.0,3,2,0,3-2-0
BRMS1,129,9.829838961038964,1.0,3,2,0,3-2-0
BRMS1L,45,7.369301298701297,1.0,0,0,0,0-0-0
BRPF1,66,9.245116883116886,1.0,1,2,0,1-2-0
BRPF3,32,10.422037662337667,0.8441558441558441,0,3,0,0-3-0
BRWD1,58,10.854874025974024,1.0,1,3,0,1-3-0
BRWD3,43,8.04075974025974,0.5714285714285714,0,0,0,0-0-0
BSCL2,228,11.088966233766232,0.5714285714285714,3,4,0,3-4-0
BSDC1,35,11.089703896103902,1.0,0,4,0,0-4-0
BSG,1215,13.168615584415587,1.0,4,4,0,4-4-0
BSPRY,21,9.766836363636365,1.0,0,2,0,0-2-0
BST1,64,6.242915584415584,0.5324675324675324,1,0,0,1-0-0
BST2,570,11.423158441558439,1.0,4,4,0,4-4-0
BTAF1,101,9.638274025974026,1.0,2,2,0,2-2-0
BTBD1,56,10.486736363636366,0.974025974025974,1,3,0,1-3-0
BTBD10,48,9.25597402597403,0.7142857142857143,1,2,0,1-2-0
BTBD2,52,10.572494805194804,0.961038961038961,1,3,0,1-3-0
BTBD9,65,9.133429870129866,0.935064935064935,1,1,0,1-1-0
BTD,68,8.791303896103898,1.0,1,1,0,1-1-0
BTF3,142,13.112164935064937,1.0,3,4,0,3-4-0
BTF3L4,60,10.131912987012985,1.0,1,3,0,1-3-0
BTG1,119,11.761002597402602,0.5324675324675324,2,4,0,2-4-0
BTK,1558,7.315755844155843,1.0,4,0,0,4-0-0
BTN3A1,131,9.47476623376624,0.5064935064935064,3,2,0,3-2-0
BTN3A3,30,8.95284805194806,1.0,0,1,0,0-1-0
BUB1B,358,8.855905194805194,0.961038961038961,4,1,0,4-1-0
BUB3,342,11.597332467532468,1.0,4,4,0,4-4-0
BUD13,98,8.628962337662339,1.0,2,1,0,2-1-0
BUD31,82,10.069732467532472,1.0,2,3,0,2-3-0
BYSL,178,9.170331168831162,1.0,3,1,0,3-1-0
BZW1,117,12.416594805194805,1.0,2,4,0,2-4-0
BZW2,112,11.208585714285714,1.0,2,4,0,2-4-0
C11orf52,15,8.134987012987013,0.935064935064935,0,0,0,0-0-0
C11orf58,57,11.55268051948052,1.0,1,4,0,1-4-0
C11orf68,28,9.471197402597404,1.0,0,2,0,0-2-0
C12orf43,46,7.856500000000002,1.0,0,0,0,0-0-0
C12orf57,39,10.268980519480515,1.0,0,3,0,0-3-0
C12orf75,25,7.72321168831169,0.8051948051948052,0,0,0,0-0-0
C14orf119,13,10.032612987012987,0.961038961038961,0,3,0,0-3-0
C15orf40,17,7.488646753246754,1.0,0,0,0,0-0-0
C17orf75,37,7.881874025974022,1.0,0,0,0,0-0-0
C18orf32,14,10.26171948051948,0.922077922077922,0,3,0,0-3-0
C19orf12,88,8.820871428571431,0.935064935064935,2,1,0,2-1-0
C19orf25,46,8.449264935064933,1.0,0,1,0,0-1-0
C19orf33,25,6.595822077922076,0.9090909090909092,0,0,0,0-0-0
C19orf47,29,8.469867532467534,1.0,0,1,0,0-1-0
C19orf53,42,10.359612987012987,1.0,0,3,0,0-3-0
C1D,54,7.324450649350649,0.8441558441558441,1,0,0,1-0-0
C1QA,209,10.601084415584413,1.0,3,3,0,3-3-0
C1QB,108,10.786712987012987,1.0,2,3,0,2-3-0
C1QBP,694,10.781694805194805,1.0,4,3,0,4-3-0
C1QC,101,10.763218181818186,1.0,2,3,0,2-3-0
C1QTNF3,115,8.019068831168834,1.0,2,0,0,2-0-0
C1RL,30,9.779679220779219,1.0,0,2,0,0-2-0
C1S,98,12.302281818181816,1.0,2,4,0,2-4-0
C1orf116,30,8.770245454545456,1.0,0,1,0,0-1-0
C1orf122,22,8.921205194805195,1.0,0,1,0,0-1-0
C1orf174,36,8.588159740259739,1.0,0,1,0,0-1-0
C1orf198,48,11.245993506493505,1.0,1,4,0,1-4-0
C1orf21,29,10.603400000000004,0.948051948051948,0,3,0,0-3-0
C1orf226,29,9.151627272727273,1.0,0,1,0,0-1-0
C1orf35,129,8.32620779220779,1.0,3,1,0,3-1-0
C1orf50,30,7.207390909090912,1.0,0,0,0,0-0-0
C1orf52,32,7.987807792207795,1.0,0,0,0,0-0-0
C2,141,9.736412987012988,1.0,3,2,0,3-2-0
C2CD2,26,9.289735064935064,0.8701298701298701,0,2,0,0-2-0
C2CD2L,53,8.826161038961041,0.8051948051948052,1,1,0,1-1-0
C2CD3,48,9.77533636363636,0.8701298701298701,1,2,0,1-2-0
C2orf68,22,9.668010389610387,0.6623376623376623,0,2,0,0-2-0
C2orf69,14,8.897533766233765,1.0,0,1,0,0-1-0
C2orf76,8,6.222611688311687,1.0,0,0,0,0-0-0
C3,1039,12.734124675324674,1.0,4,4,0,4-4-0
C3orf38,15,8.824922077922077,1.0,0,1,0,0-1-0
C4BPA,176,1.9156636363636361,1.0,3,0,0,3-0-0
C4BPB,50,1.9770298701298699,1.0,1,0,0,1-0-0
C4orf33,13,7.637166233766232,1.0,0,0,0,0-0-0
C5,310,6.690719480519482,1.0,4,0,0,4-0-0
C5AR1,375,7.769772727272726,0.6623376623376623,4,0,0,4-0-0
C5orf22,25,9.420046753246753,1.0,0,2,0,0-2-0
C5orf24,26,10.216722077922077,1.0,0,3,0,0-3-0
C6,73,2.945533766233765,1.0,1,0,0,1-0-0
C6orf132,19,7.789912987012987,1.0,0,0,0,0-0-0
C6orf47,27,9.476680519480519,0.8311688311688312,0,2,0,0-2-0
C6orf89,30,11.383176623376624,0.7792207792207793,0,4,0,0-4-0
C7,86,6.16368831168831,1.0,2,0,0,2-0-0
C7orf25,17,8.486040259740257,1.0,0,1,0,0-1-0
C8A,61,0.07240779220779221,1.0,1,0,0,1-0-0
C8B,66,0.5309220779220779,1.0,1,0,0,1-0-0
C8G,51,1.4667441558441556,1.0,1,0,0,1-0-0
C8orf33,71,10.530292207792202,1.0,1,3,0,1-3-0
C9,98,0.18707922077922076,1.0,2,0,0,2-0-0
C9orf40,18,6.666288311688312,0.5194805194805194,0,0,0,0-0-0
C9orf72,1450,7.589011688311688,0.8701298701298701,4,0,0,4-0-0
C9orf78,58,10.376312987012989,1.0,1,3,0,1-3-0
CA1,100,0.3465532467532468,1.0,2,0,0,2-0-0
CA12,81,11.664110389610386,1.0,2,4,0,2-4-0
CA13,36,6.037658441558441,1.0,0,0,0,0-0-0
CA2,347,8.673048051948053,1.0,4,1,0,4-1-0
CA3,61,3.444893506493508,1.0,1,0,0,1-0-0
CA5B,24,7.772102597402596,0.974025974025974,0,0,0,0-0-0
CA8,79,7.290810389610391,1.0,2,0,0,2-0-0
CAB39,93,10.936328571428575,1.0,2,4,0,2-4-0
CAB39L,49,8.931285714285712,1.0,1,1,1,1-1-1
CABIN1,128,10.606554545454545,1.0,2,3,1,2-3-1
CABLES1,78,9.534940259740262,1.0,2,2,1,2-2-1
CACHD1,37,7.469593506493507,0.5064935064935064,0,0,0,0-0-0
CACNA2D1,151,5.3176779220779204,1.0,3,0,1,3-0-1
CACNA2D2,51,7.013294805194806,0.7532467532467533,1,0,0,1-0-0
CACNB3,45,9.4891961038961,0.961038961038961,0,2,0,0-2-0
CACYBP,245,10.921740259740263,1.0,3,4,1,3-4-1
CAD,316,10.48321298701299,1.0,4,3,1,4-3-1
CADM1,377,9.248841558441555,1.0,4,2,1,4-2-1
CADM4,44,9.50124935064935,1.0,0,2,1,0-2-1
CADPS2,51,9.83541818181818,1.0,1,2,1,1-2-1
CALB2,613,6.204229870129869,1.0,4,0,1,4-0-1
CALCOCO1,73,10.239903896103897,1.0,1,3,1,1-3-1
CALCOCO2,235,11.265449350649353,1.0,3,4,1,3-4-1
CALCRL,254,8.947833766233765,0.5844155844155844,4,1,0,4-1-0
CALD1,179,12.291290909090904,1.0,3,4,1,3-4-1
CALM2,253,13.576202597402597,1.0,4,4,1,4-4-1
CALML3,78,4.50177012987013,1.0,2,0,1,2-0-1
CALML5,112,6.76233766233766,1.0,2,0,1,2-0-1
CALR,1037,14.375564935064935,1.0,4,4,1,4-4-1
CALU,222,12.431902597402598,1.0,3,4,1,3-4-1
CAMK1,117,7.4647493506493525,1.0,2,0,1,2-0-1
CAMK1D,90,6.373263636363637,1.0,2,0,1,2-0-1
CAMK2D,211,9.562481818181817,1.0,3,2,1,3-2-1
CAMK2G,240,9.349407792207794,1.0,3,2,1,3-2-1
CAMK4,198,3.809833766233765,0.922077922077922,3,0,0,3-0-0
CAMKK1,55,7.694680519480518,1.0,1,0,1,1-0-1
CAMKK2,201,10.501477922077925,1.0,3,3,1,3-3-1
CAMLG,98,9.636074025974027,0.974025974025974,2,2,0,2-2-0
CAMP,375,3.492668831168831,1.0,4,0,1,4-0-1
CAMSAP1,75,9.815416883116884,1.0,1,2,1,1-2-1
CAND1,316,11.88864805194805,1.0,4,4,1,4-4-1
CAND2,68,5.769211688311687,0.8701298701298701,1,0,0,1-0-0
CANT1,76,11.66358961038961,1.0,1,4,1,1-4-1
CANX,511,14.171218181818185,1.0,4,4,1,4-4-1
CAP1,206,12.958840259740262,1.0,3,4,1,3-4-1
CAP2,75,8.931794805194805,1.0,1,1,1,1-1-1
CAPG,96,11.513957142857139,1.0,2,4,1,2-4-1
CAPN1,389,11.96080389610389,1.0,4,4,1,4-4-1
CAPN13,17,8.133766233766233,1.0,0,0,1,0-0-1
CAPN2,298,12.251866233766236,1.0,4,4,1,4-4-1
CAPN5,72,7.2235753246753225,0.8441558441558441,1,0,0,1-0-0
CAPN7,42,9.685883116883115,1.0,0,2,1,0-2-1
CAPNS1,162,12.844961038961038,1.0,3,4,1,3-4-1
CAPRIN1,315,12.95611038961039,1.0,4,4,1,4-4-1
CAPS,33,9.176267532467534,1.0,0,1,1,0-1-1
CAPZA1,283,11.835879220779221,1.0,4,4,1,4-4-1
CAPZA2,172,10.929951948051947,1.0,3,4,1,3-4-1
CAPZB,281,12.22077402597403,1.0,4,4,1,4-4-1
CARD10,100,8.305614285714285,0.7142857142857143,2,1,0,2-1-0
CARD11,293,6.728577922077922,1.0,4,0,1,4-0-1
CARD14,192,7.582901298701301,1.0,3,0,1,3-0-1
CARD16,28,6.609685714285715,1.0,0,0,1,0-0-1
CARD6,20,7.376827272727273,0.8311688311688312,0,0,0,0-0-0
CARD8,196,9.113429870129872,1.0,3,1,1,3-1-1
CARD9,248,5.6209805194805185,1.0,3,0,1,3-0-1
CARHSP1,62,10.526418181818181,1.0,1,3,1,1-3-1
CARM1,268,10.266355844155845,1.0,4,3,1,4-3-1
CARS2,59,9.401240259740257,1.0,1,2,1,1-2-1
CARTPT,86,1.086261038961039,1.0,2,0,1,2-0-1
CASC3,121,11.52634675324675,1.0,2,4,1,2-4-1
CASK,201,10.415831168831168,1.0,3,3,1,3-3-1
CASKIN2,41,9.69576883116883,1.0,0,2,1,0-2-1
CASP1,418,8.133744155844157,1.0,4,0,1,4-0-1
CASP10,251,7.598722077922076,1.0,4,0,1,4-0-1
CASP14,175,2.2465688311688314,1.0,3,0,1,3-0-1
CASP2,294,10.427855844155841,1.0,4,3,1,4-3-1
CASP3,9443,9.758329870129872,1.0,4,2,1,4-2-1
CASP4,303,9.320551948051945,1.0,4,2,1,4-2-1
CASP6,342,9.001920779220782,1.0,4,1,1,4-1-1
CASP7,852,9.620128571428571,1.0,4,2,1,4-2-1
CASP8,3110,9.198829870129867,1.0,4,2,1,4-2-1
CASP9,2913,8.033727272727273,1.0,4,0,1,4-0-1
CAST,171,12.044196103896102,1.0,3,4,1,3-4-1
CASZ1,92,9.807667532467528,1.0,2,2,1,2-2-1
CAT,560,10.561440259740259,1.0,4,3,1,4-3-1
CATSPERG,13,4.435253246753248,0.5974025974025974,0,0,0,0-0-0
CAV1,2052,10.086444155844159,1.0,4,3,1,4-3-1
CBFA2T2,51,9.7337,0.7922077922077922,1,2,0,1-2-0
CBFB,308,10.145542857142857,1.0,4,3,1,4-3-1
CBL,1079,9.708977922077922,1.0,4,2,1,4-2-1
CBLB,209,9.015651948051952,1.0,3,1,1,3-1-1
CBLL1,103,9.648467532467533,1.0,2,2,1,2-2-1
CBR1,227,9.1427987012987,1.0,3,1,1,3-1-1
CBR3,105,7.8994532467532474,1.0,2,0,1,2-0-1
CBR4,33,8.909983116883115,1.0,0,1,1,0-1-1
CBS,460,7.5570012987013,1.0,4,0,1,4-0-1
CBX1,312,11.14097142857143,1.0,4,4,1,4-4-1
CBX2,119,8.36675844155844,0.948051948051948,2,1,0,2-1-0
CBX3,406,12.259929870129874,1.0,4,4,1,4-4-1
CBX4,226,9.732996103896106,1.0,3,2,1,3-2-1
CBX5,714,11.759879220779222,1.0,4,4,1,4-4-1
CBX6,47,8.431863636363635,0.935064935064935,1,1,0,1-1-0
CBX7,134,8.865119480519478,0.7272727272727273,3,1,0,3-1-0
CBX8,144,7.287771428571426,1.0,3,0,1,3-0-1
CC2D1A,130,9.790666233766236,1.0,3,2,1,3-2-1
CC2D1B,40,9.47653636363636,1.0,0,2,1,0-2-1
CCAR1,199,10.73057922077922,1.0,3,3,1,3-3-1
CCDC102A,23,6.61138051948052,1.0,0,0,1,0-0-1
CCDC112,23,7.9915025974025955,0.6493506493506493,0,0,0,0-0-0
CCDC117,23,10.316940259740262,0.922077922077922,0,3,0,0-3-0
CCDC12,58,8.58585194805195,1.0,1,1,1,1-1-1
CCDC120,38,8.707436363636363,0.8441558441558441,0,1,0,0-1-0
CCDC124,95,9.638954545454544,1.0,2,2,1,2-2-1
CCDC125,8,8.966310389610392,0.5324675324675324,0,1,0,0-1-0
CCDC127,21,8.77754545454546,1.0,0,1,1,0-1-1
CCDC134,45,6.047375324675324,1.0,0,0,1,0-0-1
CCDC137,71,8.977059740259744,0.6363636363636364,1,1,0,1-1-0
CCDC144A,11,3.6985545454545448,0.9090909090909092,0,0,0,0-0-0
CCDC149,14,9.000542857142856,1.0,0,1,1,0-1-1
CCDC22,79,9.014541558441556,1.0,2,1,1,2-1-1
CCDC25,45,9.609498701298701,1.0,0,2,1,0-2-1
CCDC28A,21,8.438083116883119,1.0,0,1,1,0-1-1
CCDC43,39,9.1582025974026,1.0,0,1,1,0-1-1
CCDC47,162,11.758154545454547,1.0,3,4,1,3-4-1
CCDC50,84,10.237996103896103,1.0,2,3,1,2-3-1
CCDC51,35,8.190268831168835,1.0,0,1,1,0-1-1
CCDC59,56,8.674538961038959,0.5714285714285714,1,1,0,1-1-0
CCDC6,166,11.491338961038958,1.0,3,4,1,3-4-1
CCDC61,25,6.941833766233766,1.0,0,0,1,0-0-1
CCDC77,41,7.692805194805193,0.6753246753246753,0,0,0,0-0-0
CCDC8,74,7.26846753246753,0.922077922077922,1,0,0,1-0-0
CCDC80,43,11.095784415584415,1.0,0,4,1,0-3-1
CCDC82,24,7.488844155844156,0.7142857142857143,0,0,0,0-0-0
CCDC85B,36,7.48017662337662,0.8051948051948052,0,0,0,0-0-0
CCDC85C,60,9.396820779220775,1.0,1,2,1,1-2-1
CCDC86,111,9.302403896103895,1.0,2,2,1,2-2-1
CCDC88A,235,9.081938961038965,1.0,3,1,1,3-1-1
CCDC88B,23,7.244396103896105,1.0,0,0,1,0-0-1
CCDC88C,88,10.337783116883118,1.0,2,3,1,2-3-1
CCDC9,49,8.696307792207795,1.0,1,1,1,1-1-1
CCDC90B,29,9.11218961038961,1.0,0,1,1,0-1-1
CCDC91,36,8.883974025974027,1.0,0,1,1,0-1-1
CCDC92,42,9.647297402597406,1.0,0,2,1,0-2-1
CCDC93,57,9.397250649350653,1.0,1,2,1,1-2-1
CCDC97,28,10.057089610389609,1.0,0,3,1,0-3-1
CCL14,68,6.43136103896104,0.935064935064935,1,0,0,1-0-0
CCL18,386,6.07165064935065,1.0,4,0,1,4-0-1
CCL21,472,6.083249350649352,0.8181818181818182,4,0,0,4-0-0
CCL28,56,6.353203896103896,0.5064935064935064,1,0,0,1-0-0
CCL5,1560,9.218811688311686,1.0,4,2,1,4-2-1
CCM2,160,9.658077922077922,1.0,3,2,1,3-2-1
CCNA2,525,9.097599999999996,0.8961038961038961,4,1,0,4-1-0
CCNB1,1609,10.17429350649351,0.961038961038961,4,3,0,4-3-0
CCNB2,154,8.985638961038962,0.6883116883116883,3,1,0,3-1-0
CCNC,139,10.250468831168833,0.7532467532467533,3,3,0,3-3-0
CCND1,3848,12.719375324675328,0.987012987012987,4,4,0,4-4-0
CCNDBP1,59,9.375076623376621,0.974025974025974,1,2,0,1-2-0
CCNH,214,8.868394805194805,1.0,3,1,1,3-1-1
CCNK,124,10.131666233766236,1.0,2,3,1,2-3-1
CCNL1,81,9.84718311688312,1.0,2,2,1,2-2-1
CCNL2,63,10.20408701298701,0.922077922077922,1,3,0,1-3-0
CCNT1,523,7.356202597402597,1.0,4,0,1,4-0-1
CCNT2,87,9.471719480519479,1.0,2,2,1,2-2-1
CCNY,85,10.738518181818177,1.0,2,3,1,2-3-1
CCNYL1,25,8.630440259740258,0.7532467532467533,0,1,0,0-1-0
CCPG1,47,10.926288311688312,0.7272727272727273,1,4,0,1-4-0
CCS,110,8.75649090909091,1.0,2,1,1,2-1-1
CCT2,405,11.935893506493509,1.0,4,4,1,4-4-1
CCT3,404,13.195497402597404,1.0,4,4,1,4-4-1
CCT4,371,11.958429870129867,1.0,4,4,1,4-4-1
CCT5,384,12.627549350649353,1.0,4,4,1,4-4-1
CCT6A,376,12.253075324675327,1.0,4,4,1,4-4-1
CCT7,330,12.261058441558443,1.0,4,4,1,4-4-1
CCT8,374,12.133312987012989,1.0,4,4,1,4-4-1
CD109,172,9.629309090909093,1.0,3,2,1,3-2-1
CD14,824,10.066246753246753,1.0,4,3,1,4-3-1
CD151,301,12.248916883116884,0.961038961038961,4,4,0,4-4-0
CD163,313,9.634766233766234,1.0,4,2,1,4-2-1
CD180,45,6.963076623376624,1.0,0,0,1,0-0-1
CD2,118,7.683032467532465,0.8181818181818182,2,0,0,2-0-0
CD209,468,5.738851948051949,1.0,4,0,1,4-0-1
CD244,245,3.577842857142858,0.5584415584415584,3,0,0,3-0-0
CD247,264,5.960833766233768,0.7012987012987013,4,0,0,4-0-0
CD248,59,9.553903896103897,1.0,1,2,1,1-2-1
CD276,663,11.33441038961039,1.0,4,4,1,4-4-1
CD2AP,196,10.843788311688309,1.0,3,3,1,3-3-1
CD2BP2,144,10.68575324675325,1.0,3,3,1,3-3-1
CD300A,71,7.386514285714283,0.935064935064935,1,0,0,1-0-0
CD34,367,10.080802597402597,0.987012987012987,4,3,0,4-3-0
CD36,666,9.39984545454545,1.0,4,2,1,4-2-1
CD38,1892,5.076168831168832,1.0,4,0,1,4-0-1
CD3E,167,7.67808181818182,0.6753246753246753,3,0,0,3-0-0
CD4,2027,10.233509090909088,1.0,4,3,1,4-3-1
CD40,627,7.886919480519481,0.8961038961038961,4,0,0,4-0-0
CD44,3516,13.073881818181816,1.0,4,4,1,4-4-1
CD46,1004,12.658355844155846,1.0,4,4,1,4-4-1
CD47,984,11.158122077922078,1.0,4,4,1,4-4-1
CD48,199,7.821788311688311,0.974025974025974,3,0,0,3-0-0
CD5,118,6.48704805194805,0.7662337662337663,2,0,0,2-0-0
CD53,85,9.523055844155845,0.922077922077922,2,2,0,2-2-0
CD55,273,10.57035194805195,1.0,4,3,1,4-3-1
CD58,118,7.6019753246753226,1.0,2,0,1,2-0-1
CD59,537,13.28715194805195,1.0,4,4,1,4-4-1
CD5L,81,0.41277142857142857,1.0,2,0,1,2-0-1
CD63,1037,13.343661038961041,1.0,4,4,1,4-4-1
CD74,222,15.017248051948055,1.0,3,4,1,3-4-1
CD79A,303,6.438542857142855,0.5194805194805194,4,0,0,4-0-0
CD81,799,13.194841558441558,1.0,4,4,1,4-4-1
CD82,433,9.856171428571425,0.6753246753246753,4,2,0,4-2-0
CD84,75,6.959179220779218,0.8441558441558441,1,0,0,1-0-0
CD8A,172,7.388962337662338,0.7922077922077922,3,0,0,3-0-0
CD9,761,12.858097402597398,1.0,4,4,1,4-4-1
CD93,98,10.7615961038961,1.0,2,3,1,2-3-1
CD99L2,39,9.719992207792206,1.0,0,2,1,0-2-1
CDA,108,4.566651948051948,1.0,2,0,1,2-0-1
CDAN1,76,8.40603246753247,0.961038961038961,1,1,0,1-1-0
CDC123,101,10.303370129870132,1.0,2,3,1,2-3-1
CDC16,183,10.345246753246753,1.0,3,3,1,3-3-1
CDC20,648,9.545125974025972,0.974025974025974,4,2,0,4-2-0
CDC23,175,9.694932467532468,1.0,3,2,1,3-2-1
CDC25C,530,6.934475324675325,0.8831168831168831,4,0,0,4-0-0
CDC26,67,6.649888311688311,1.0,1,0,1,1-0-1
CDC27,334,10.593590909090906,1.0,4,3,1,4-3-1
CDC34,267,9.439022077922077,0.961038961038961,4,2,0,4-2-0
CDC37,444,11.29526883116883,1.0,4,4,1,4-4-1
CDC37L1,30,8.359488311688311,1.0,0,1,1,0-1-1
CDC40,97,9.399229870129869,1.0,2,2,1,2-2-1
CDC42,982,12.479615584415582,1.0,4,4,1,4-4-1
CDC42BPA,124,10.525011688311684,1.0,2,3,1,2-3-1
CDC42BPB,120,11.50672987012987,1.0,2,4,1,2-4-1
CDC42BPG,32,8.957748051948053,1.0,0,1,1,0-1-1
CDC42EP1,86,10.302627272727271,1.0,2,3,1,2-3-1
CDC42EP2,35,7.838509090909093,0.974025974025974,0,0,0,0-0-0
CDC42EP3,58,8.694007792207792,0.8831168831168831,1,1,0,1-1-0
CDC42EP4,64,11.00257012987013,1.0,1,4,1,1-4-1
CDC42EP5,15,5.458732467532468,1.0,0,0,1,0-0-1
CDC42SE1,20,11.953288311688315,0.7662337662337663,0,4,0,0-4-0
CDC42SE2,31,10.282641558441561,0.935064935064935,0,3,0,0-3-0
CDC5L,315,10.382297402597404,1.0,4,3,1,4-3-1
CDC7,287,8.062805194805197,0.5584415584415584,4,0,0,4-0-0
CDC73,423,10.38895194805195,1.0,4,3,1,4-3-1
CDCA2,99,7.542705194805196,0.8571428571428571,2,0,0,2-0-0
CDCA3,111,7.895683116883117,0.6883116883116883,2,0,0,2-0-0
CDCA5,146,9.19813116883117,0.7922077922077922,3,2,0,3-2-0
CDCA7L,72,8.950072727272724,0.8181818181818182,1,1,0,1-1-0
CDCA8,170,9.015328571428572,0.948051948051948,3,1,0,3-1-0
CDCP1,201,10.175553246753246,0.961038961038961,3,3,0,3-3-0
CDH1,2234,13.276050649350653,1.0,4,4,1,4-4-1
CDH11,103,10.808422077922074,1.0,2,3,1,2-3-1
CDH13,235,8.146206493506497,1.0,3,0,1,3-0-1
CDH3,152,9.318636363636363,0.922077922077922,3,2,0,3-2-0
CDH5,284,9.679550649350647,1.0,4,2,1,4-2-1
CDIPT,105,10.976241558441556,0.961038961038961,2,4,0,2-4-0
CDK1,1867,9.928706493506493,1.0,4,2,1,4-2-1
CDK10,85,8.782475324675321,0.5454545454545454,2,1,0,2-1-0
CDK12,324,10.853428571428573,1.0,4,3,1,4-3-1
CDK13,172,10.163163636363635,1.0,3,3,1,3-3-1
CDK14,109,9.113293506493505,0.974025974025974,2,1,0,2-1-0
CDK16,102,11.25315974025974,1.0,2,4,1,2-4-1
CDK17,55,9.54846883116883,1.0,1,2,1,1-2-1
CDK18,61,8.353592207792211,0.8831168831168831,1,1,0,1-1-0
CDK19,130,9.662736363636363,0.8831168831168831,3,2,0,3-2-0
CDK2,2894,9.844903896103897,1.0,4,2,1,4-2-1
CDK2AP1,100,11.404063636363635,0.935064935064935,2,4,0,2-4-0
CDK4,3202,11.308437662337662,1.0,4,4,1,4-4-1
CDK5,810,8.38169220779221,1.0,4,1,1,4-1-1
CDK5RAP1,68,9.101093506493507,1.0,1,1,1,1-1-1
CDK5RAP2,183,10.518974025974025,1.0,3,3,1,3-3-1
CDK5RAP3,149,10.690649350649352,1.0,3,3,1,3-3-1
CDK6,1770,8.871092207792211,1.0,4,1,1,4-1-1
CDK7,396,9.108755844155846,1.0,4,1,1,4-1-1
CDK8,295,7.430068831168832,0.5844155844155844,4,0,0,4-0-0
CDK9,924,10.025932467532467,1.0,4,3,1,4-3-1
CDKAL1,351,8.430985714285717,1.0,4,1,1,4-1-1
CDKL5,320,5.485433766233767,0.5974025974025974,4,0,0,4-0-0
CDKN1A,1847,10.403959740259738,0.6883116883116883,4,3,0,4-3-0
CDKN1B,1791,10.539831168831173,1.0,4,3,1,4-3-1
CDKN1C,582,7.213653246753249,0.5584415584415584,4,0,0,4-0-0
CDKN2A,4325,6.88572857142857,1.0,4,0,1,4-0-1
CDKN2AIP,111,8.650114285714285,1.0,2,1,1,2-1-1
CDKN2C,211,8.369215584415587,1.0,3,1,1,3-1-1
CDNF,60,4.314263636363637,0.6753246753246753,1,0,0,1-0-0
CDR2,212,9.781972727272727,1.0,3,2,1,3-2-1
CDR2L,27,9.38223376623377,1.0,0,2,1,0-2-1
CDS2,70,9.821550649350652,0.922077922077922,1,2,0,1-2-0
CDV3,68,12.070668831168833,1.0,1,4,1,1-4-1
CDYL,83,9.478738961038967,1.0,2,2,1,2-2-1
CDYL2,28,6.579732467532466,0.987012987012987,0,0,0,0-0-0
CEACAM1,280,9.089190909090906,0.9090909090909092,4,1,0,4-1-0
CEACAM5,424,6.691523376623376,0.8571428571428571,4,0,0,4-0-0
CEBPA,901,8.816332467532469,0.8701298701298701,4,1,0,4-1-0
CEBPB,742,10.013081818181819,1.0,4,3,1,4-3-1
CEBPD,236,8.792994805194802,0.5974025974025974,3,1,0,3-1-0
CEBPG,53,10.232240259740257,0.9090909090909092,1,3,0,1-3-0
CEBPZ,143,10.386619480519485,1.0,3,3,1,3-3-1
CELF1,226,10.896570129870133,1.0,3,4,1,3-4-1
CELF2,132,8.690883116883116,1.0,3,1,1,3-1-1
CELSR1,63,11.522388311688317,1.0,1,4,1,1-4-1
CELSR2,92,10.97497792207792,1.0,2,4,1,2-4-1
CENPB,255,11.040644155844152,1.0,4,4,1,4-4-1
CENPE,135,8.858050649350654,0.8961038961038961,3,1,0,3-1-0
CENPF,168,11.421998701298701,1.0,3,4,1,3-4-1
CENPH,83,7.714362337662336,0.7792207792207793,2,0,0,2-0-0
CENPK,42,6.577862337662338,0.6103896103896104,0,0,0,0-0-0
CENPM,51,7.407723376623378,0.6103896103896104,1,0,0,1-0-0
CENPQ,34,7.216366233766233,0.5714285714285714,0,0,0,0-0-0
CENPT,74,8.464801298701296,0.5454545454545454,1,1,0,1-1-0
CENPV,79,6.2316610389610405,1.0,2,0,1,2-0-1
CEP120,54,8.826437662337666,1.0,1,1,1,1-1-1
CEP135,82,7.925183116883115,1.0,2,0,1,2-0-1
CEP152,104,6.6245571428571415,0.7272727272727273,2,0,0,2-0-0
CEP164,83,8.949923376623374,0.7792207792207793,2,1,0,2-1-0
CEP170,206,10.063823376623377,1.0,3,3,1,3-3-1
CEP192,120,9.281549350649348,1.0,2,2,1,2-2-1
CEP250,112,10.030376623376622,1.0,2,3,1,2-3-1
CEP290,287,8.841912987012988,1.0,4,1,1,4-1-1
CEP350,110,10.840310389610394,1.0,2,3,1,2-3-1
CEP55,251,8.950193506493507,0.948051948051948,4,1,0,4-1-0
CEP57,73,9.456423376623373,1.0,1,2,1,1-2-1
CEP63,85,9.185428571428574,0.935064935064935,2,1,0,2-1-0
CEP68,44,9.374012987012986,1.0,0,2,1,0-2-1
CEP76,51,7.3357259740259755,0.9090909090909092,1,0,0,1-0-0
CEP78,78,8.367487012987013,0.961038961038961,2,1,0,2-1-0
CEP97,89,7.719,1.0,2,0,1,2-0-1
CEPT1,58,9.375976623376625,0.961038961038961,1,2,0,1-2-0
CERCAM,19,10.40005584415585,1.0,0,3,1,0-3-1
CES1,353,6.64375974025974,1.0,4,0,1,4-0-1
CES2,233,9.705889610389608,1.0,3,2,1,3-2-1
CES3,25,5.52959220779221,0.5844155844155844,0,0,0,0-0-0
CETN2,160,10.583641558441558,1.0,3,3,1,3-3-1
CETN3,76,8.21381168831169,1.0,1,1,1,1-1-1
CFB,236,12.318967532467532,1.0,3,4,1,3-4-1
CFD,73,7.591877922077923,1.0,1,0,1,1-0-1
CFDP1,72,9.715605194805198,1.0,1,2,1,1-2-1
CFH,1778,9.922363636363636,1.0,4,2,1,4-2-1
CFHR1,249,0.5673155844155844,1.0,4,0,1,4-0-1
CFHR2,33,0.0,1.0,0,0,1,0-0-1
CFHR3,126,1.3848740259740266,1.0,2,0,1,2-0-1
CFHR4,54,0.062229870129870135,0.7532467532467533,1,0,0,1-0-0
CFHR5,94,0.276364935064935,1.0,2,0,1,2-0-1
CFI,187,7.755793506493505,1.0,3,0,1,3-0-1
CFL1,519,14.11458181818182,1.0,4,4,1,4-4-1
CFL2,135,8.15818701298701,1.0,3,0,1,3-0-1
CFLAR,1040,9.561499999999999,0.8311688311688312,4,2,0,4-2-0
CFP,92,4.06905974025974,1.0,2,0,1,2-0-1
CGA,186,2.3775142857142852,0.5454545454545454,3,0,0,3-0-0
CGGBP1,81,11.092174025974026,1.0,2,4,1,2-4-1
CGN,110,10.440915584415583,1.0,2,3,1,2-3-1
CGNL1,47,9.190049350649355,1.0,1,1,1,1-1-1
CGREF1,18,7.99838311688312,1.0,0,0,1,0-0-1
CHAC2,17,5.605183116883117,0.935064935064935,0,0,0,0-0-0
CHAD,17,7.150180519480521,1.0,0,0,1,0-0-1
CHAF1A,167,9.137618181818185,1.0,3,1,1,3-1-1
CHAF1B,173,8.725664935064934,1.0,3,1,1,3-1-1
CHCHD1,37,9.149728571428572,1.0,0,1,1,0-1-1
CHCHD2,162,12.013948051948047,1.0,3,4,1,3-4-1
CHCHD3,189,9.8722,1.0,3,2,1,3-2-1
CHCHD4,94,8.174848051948054,1.0,2,1,1,2-1-1
CHCHD5,20,8.140194805194806,1.0,0,0,1,0-0-1
CHCHD6,53,7.064744155844155,1.0,1,0,1,1-0-1
CHCHD7,31,8.787637662337664,0.948051948051948,0,1,0,0-1-0
CHD1,205,10.149418181818183,1.0,3,3,1,3-3-1
CHD1L,144,9.857923376623376,1.0,3,2,1,3-2-1
CHD2,101,11.022988311688312,1.0,2,4,1,2-4-1
CHD3,213,11.85452727272728,1.0,3,4,1,3-4-1
CHD4,502,12.805838961038962,1.0,4,4,1,4-4-1
CHD6,73,10.723238961038957,0.961038961038961,1,3,0,1-3-0
CHD7,386,9.712418181818183,0.974025974025974,4,2,0,4-2-0
CHD8,241,11.177016883116877,1.0,3,4,1,3-4-1
CHD9,57,9.767148051948054,0.8701298701298701,1,2,0,1-2-0
CHDH,38,8.71022987012987,1.0,0,1,1,0-1-1
CHEK1,1912,8.00942077922078,0.6363636363636364,4,0,0,4-0-0
CHEK2,1732,8.03323246753247,1.0,4,0,1,4-0-1
CHERP,153,10.487550649350645,1.0,3,3,1,3-3-1
CHFR,171,8.8510025974026,0.961038961038961,3,1,0,3-1-0
CHGA,777,1.1572662337662338,0.948051948051948,4,0,0,4-0-0
CHGB,134,2.1716051948051955,1.0,3,0,1,3-0-1
CHI3L1,1363,9.326309090909088,0.6103896103896104,4,2,0,4-2-0
CHI3L2,59,7.652114285714287,0.5844155844155844,1,0,0,1-0-0
CHID1,63,10.440576623376623,1.0,1,3,1,1-3-1
CHIT1,145,5.497864935064937,0.6493506493506493,3,0,0,3-0-0
CHKA,130,9.455674025974027,1.0,3,2,1,3-2-1
CHKB,65,7.5534077922077945,1.0,1,0,1,1-0-1
CHL1,68,6.026298701298702,0.6623376623376623,1,0,0,1-0-0
CHM,117,8.939294805194802,1.0,2,1,1,2-1-1
CHML,56,9.706503896103897,0.974025974025974,1,2,0,1-2-0
CHMP1A,106,10.95053246753247,1.0,2,4,1,2-4-1
CHMP1B,87,10.483675324675323,1.0,2,3,1,2-3-1
CHMP2A,117,10.9864,1.0,2,4,1,2-4-1
CHMP2B,203,10.167115584415583,1.0,3,3,1,3-3-1
CHMP4A,72,9.894774025974025,1.0,1,2,1,1-2-1
CHMP4B,173,11.908658441558442,1.0,3,4,1,3-4-1
CHMP4C,70,9.094007792207794,1.0,1,1,1,1-1-1
CHMP5,115,10.563155844155846,1.0,2,3,1,2-3-1
CHMP6,75,8.681306493506497,1.0,1,1,1,1-1-1
CHMP7,74,9.973589610389608,1.0,1,2,1,1-2-1
CHN1,63,7.9607779220779245,0.922077922077922,1,0,0,1-0-0
CHN2,58,6.533415584415585,0.8051948051948052,1,0,0,1-0-0
CHORDC1,92,9.07071688311688,1.0,2,1,1,2-1-1
CHPF,62,11.132405194805196,0.922077922077922,1,4,0,1-4-0
CHPF2,38,10.42788311688312,0.8831168831168831,0,3,0,0-3-0
CHPT1,39,10.252589610389604,0.6493506493506493,0,3,0,0-3-0
CHRAC1,45,9.39611558441558,1.0,0,2,1,0-2-1
CHRD,39,7.2785064935064945,0.8831168831168831,0,0,0,0-0-0
CHST14,66,8.886392207792204,0.961038961038961,1,1,0,1-1-0
CHST15,52,10.180801298701297,0.7402597402597403,1,3,0,1-3-0
CHSY1,56,10.607306493506496,0.6883116883116883,1,3,0,1-3-0
CHTF18,80,8.347872727272724,1.0,2,1,1,2-1-1
CHTF8,49,11.01761298701299,0.7792207792207793,1,4,0,1-4-0
CHUK,1402,9.216136363636364,1.0,4,2,1,4-2-1
CIAO1,101,10.877223376623371,1.0,2,4,1,2-4-1
CIAPIN1,130,9.73811038961039,1.0,3,2,1,3-2-1
CIB1,199,10.842142857142855,1.0,3,3,1,3-3-1
CIC,139,10.554637662337658,1.0,3,3,1,3-3-1
CILP,53,10.3699974025974,1.0,1,3,1,1-3-1
CILP2,36,7.374483116883115,0.8441558441558441,0,0,0,0-0-0
CINP,31,8.726337662337661,1.0,0,1,1,0-1-1
CIRBP,236,11.823079220779224,1.0,3,4,1,3-4-1
CISD1,130,8.374564935064937,1.0,3,1,1,3-1-1
CISD2,150,9.29014935064935,1.0,3,2,1,3-2-1
CISD3,30,9.640662337662338,1.0,0,2,1,0-2-1
CIT,115,9.01002987012987,1.0,2,1,1,2-1-1
CIZ1,94,10.779614285714286,1.0,2,3,1,2-3-1
CKAP2,127,9.659148051948048,0.8701298701298701,2,2,0,2-2-0
CKAP4,1263,11.532011688311691,1.0,4,4,1,4-4-1
CKAP5,266,11.745607792207792,1.0,4,4,1,4-4-1
CKB,259,8.777583116883115,1.0,4,1,1,4-1-1
CKMT2,62,3.0577480519480513,0.8571428571428571,1,0,0,1-0-0
CKS1B,199,9.961145454545452,1.0,3,2,1,3-2-1
CKS2,121,9.363337662337662,1.0,2,2,1,2-2-1
CLC,59,0.16527662337662338,1.0,1,0,1,1-0-1
CLCA2,63,4.8891311688311685,0.7922077922077922,1,0,0,1-0-0
CLCC1,113,9.7831,1.0,2,2,1,2-2-1
CLCN3,95,10.484866233766232,0.948051948051948,2,3,0,2-3-0
CLCN7,199,10.84188701298701,1.0,3,3,1,3-3-1
CLDN3,281,9.898138961038963,0.922077922077922,4,2,0,4-2-0
CLDN7,228,10.84398051948052,1.0,3,3,1,3-3-1
CLEC11A,42,7.707689610389608,1.0,0,0,1,0-0-1
CLEC14A,35,8.27506883116883,0.7402597402597403,0,1,0,0-1-0
CLEC16A,136,9.730371428571422,1.0,3,2,1,3-2-1
CLEC3A,22,5.461531168831168,1.0,0,0,1,0-0-1
CLEC3B,53,6.912727272727274,1.0,1,0,1,1-0-1
CLGN,78,7.355412987012985,1.0,2,0,1,2-0-1
CLIC1,281,12.633366233766234,1.0,4,4,1,4-4-1
CLIC2,46,7.7295818181818206,1.0,0,0,1,0-0-1
CLIC3,34,5.104984415584417,1.0,0,0,1,0-0-1
CLIC4,166,12.189840259740256,1.0,3,4,1,3-4-1
CLIC5,55,6.458803896103898,0.8701298701298701,1,0,0,1-0-0
CLIC6,26,7.451983116883117,1.0,0,0,1,0-0-1
CLINT1,182,10.84901948051948,1.0,3,3,1,3-3-1
CLIP1,132,10.895329870129872,1.0,3,4,1,3-4-1
CLIP2,52,8.592193506493512,1.0,1,1,1,1-1-1
CLK2,75,9.744558441558446,0.7662337662337663,1,2,0,1-2-0
CLK3,85,9.288133766233763,1.0,2,2,1,2-2-1
CLMN,49,10.441728571428568,1.0,1,3,1,1-3-1
CLN3,326,10.733231168831168,0.922077922077922,4,3,0,4-3-0
CLN5,98,9.106111688311683,1.0,2,1,1,2-1-1
CLN6,142,9.880041558441562,0.5584415584415584,3,2,0,3-2-0
CLNS1A,156,10.847237662337667,1.0,3,3,1,3-3-1
CLOCK,665,8.729864935064935,0.9090909090909092,4,1,0,4-1-0
CLP1,63,8.10998961038961,1.0,1,0,1,1-0-1
CLPB,120,8.465053246753246,1.0,2,1,1,2-1-1
CLPP,154,9.545275324675325,1.0,3,2,1,3-2-1
CLPTM1,113,11.687685714285719,0.961038961038961,2,4,0,2-4-0
CLPTM1L,182,11.275225974025973,1.0,3,4,1,3-4-1
CLPX,156,9.424388311688311,1.0,3,2,1,3-2-1
CLSPN,185,7.244253246753247,0.6493506493506493,3,0,0,3-0-0
CLSTN1,64,12.390010389610385,1.0,1,4,1,1-4-1
CLSTN2,37,8.751196103896104,1.0,0,1,1,0-1-1
CLSTN3,38,10.732532467532463,0.922077922077922,0,3,0,0-3-0
CLTA,164,11.141472727272726,1.0,3,4,1,3-4-1
CLTB,107,9.811771428571427,1.0,2,2,1,2-2-1
CLTC,576,13.958767532467538,1.0,4,4,1,4-4-1
CLTCL1,98,5.307211688311691,0.5974025974025974,2,0,0,2-0-0
CLU,1253,12.744718181818183,1.0,4,4,1,4-4-1
CLYBL,28,5.80817922077922,1.0,0,0,1,0-0-1
CMA1,157,1.6035584415584414,1.0,3,0,1,3-0-1
CMAS,105,9.58661298701299,1.0,2,2,1,2-2-1
CMBL,49,9.963559740259742,1.0,1,2,1,1-2-1
CMC1,19,7.240587012987014,1.0,0,0,1,0-0-1
CMIP,66,10.316867532467528,1.0,1,3,1,1-3-1
CMPK1,89,11.59408701298701,1.0,2,4,1,2-4-1
CMPK2,20,8.053496103896103,1.0,0,0,1,0-0-1
CMTM4,45,10.357562337662337,0.7922077922077922,0,3,0,0-3-0
CNBP,273,12.704479220779225,1.0,4,4,1,4-4-1
CNDP1,92,1.0201025974025975,1.0,2,0,1,2-0-1
CNDP2,91,11.93621038961039,1.0,2,4,1,2-4-1
CNIH4,59,10.134275324675324,0.935064935064935,1,3,0,1-3-0
CNKSR1,51,8.812490909090906,1.0,1,1,1,1-1-1
CNKSR3,34,7.703612987012987,0.5974025974025974,0,0,0,0-0-0
CNN1,58,7.68085844155844,1.0,1,0,1,1-0-1
CNN2,90,11.378163636363634,1.0,2,4,1,2-4-1
CNN3,110,11.768448051948054,1.0,2,4,1,2-4-1
CNNM3,78,9.877553246753244,0.974025974025974,2,2,0,2-2-0
CNNM4,81,10.015305194805197,0.961038961038961,2,3,0,2-3-0
CNOT1,271,12.073849350649352,1.0,4,4,1,4-4-1
CNOT10,86,9.412772727272728,1.0,2,2,1,2-2-1
CNOT2,113,10.548393506493506,1.0,2,3,1,2-3-1
CNOT3,135,10.232412987012987,1.0,3,3,1,3-3-1
CNOT4,72,9.130909090909094,1.0,1,1,1,1-1-1
CNOT6,73,10.386497402597405,0.7272727272727273,1,3,0,1-3-0
CNOT6L,53,10.18941688311688,1.0,1,3,1,1-3-1
CNOT7,154,10.594557142857147,1.0,3,3,1,3-3-1
CNOT8,177,10.416197402597401,0.922077922077922,3,3,0,3-3-0
CNP,192,11.116883116883116,1.0,3,4,1,3-4-1
CNPY2,81,10.4695012987013,1.0,2,3,1,2-3-1
CNPY3,49,10.530555844155845,1.0,1,3,1,1-3-1
CNPY4,19,8.348663636363638,1.0,0,1,1,0-1-1
CNRIP1,36,7.023875324675324,1.0,0,0,1,0-0-1
CNST,42,9.811194805194804,0.961038961038961,0,2,0,0-2-0
CNTLN,40,7.347624675324674,0.8701298701298701,0,0,0,0-0-0
CNTN1,142,5.776551948051946,0.6233766233766234,3,0,0,3-0-0
CNTROB,59,9.401644155844156,1.0,1,2,1,1-2-1
COASY,98,10.491758441558446,1.0,2,3,1,2-3-1
COBL,68,9.641824675324672,1.0,1,2,1,1-2-1
COBLL1,71,9.474699999999997,1.0,1,2,1,1-2-1
COCH,176,5.3700064935064935,0.6363636363636364,3,0,0,3-0-0
COG1,69,9.87408831168831,1.0,1,2,1,1-2-1
COG2,66,10.05471688311688,1.0,1,3,1,1-3-1
COG3,76,9.41180909090909,1.0,1,2,1,1-2-1
COG4,64,10.03562987012987,1.0,1,3,1,1-3-1
COG5,69,9.968916883116885,1.0,1,2,1,1-2-1
COG6,76,9.056076623376624,1.0,1,1,1,1-1-1
COG7,62,9.61422987012987,1.0,1,2,1,1-2-1
COG8,52,8.686497402597405,1.0,1,1,1,1-1-1
COIL,165,9.268685714285716,1.0,3,2,1,3-2-1
COL10A1,123,10.450653246753246,0.8701298701298701,2,3,0,2-3-0
COL11A1,230,10.837655844155845,1.0,3,3,1,3-3-1
COL12A1,105,13.050440259740261,1.0,2,4,1,2-4-1
COL14A1,107,9.68034805194805,1.0,2,2,1,2-2-1
COL15A1,77,11.180967532467532,1.0,1,4,1,1-4-1
COL16A1,50,9.933831168831167,1.0,1,2,1,1-2-1
COL17A1,158,6.551945454545456,0.5974025974025974,3,0,0,3-0-0
COL18A1,270,11.777072727272724,1.0,4,4,1,4-4-1
COL1A1,860,16.29146103896104,1.0,4,4,1,4-4-1
COL1A2,543,15.877670129870133,1.0,4,4,1,4-4-1
COL22A1,32,5.355548051948052,0.5324675324675324,0,0,0,0-0-0
COL2A1,725,4.48828051948052,1.0,4,0,1,4-0-1
COL3A1,591,15.778344155844154,1.0,4,4,1,4-4-1
COL4A1,406,13.187457142857145,1.0,4,4,1,4-4-1
COL4A2,232,13.044585714285711,1.0,3,4,1,3-4-1
COL5A1,281,12.675059740259739,1.0,4,4,1,4-4-1
COL5A2,83,12.826289610389612,1.0,2,4,1,2-4-1
COL5A3,28,9.426923376623376,1.0,0,2,1,0-2-1
COL6A1,204,13.287688311688312,1.0,3,4,1,3-4-1
COL6A2,127,13.502002597402596,1.0,2,4,1,2-4-1
COL6A3,144,14.102324675324686,1.0,3,4,1,3-4-1
COL6A6,25,4.135562337662339,0.935064935064935,0,0,0,0-0-0
COL7A1,471,6.690455844155843,0.7012987012987013,4,0,0,4-0-0
COL8A1,80,8.921722077922077,0.961038961038961,2,1,0,2-1-0
COLEC11,61,2.9258389610389606,0.5194805194805194,1,0,0,1-0-0
COLEC12,57,8.685042857142859,0.961038961038961,1,1,0,1-1-0
COMMD1,148,8.10774935064935,1.0,3,0,1,3-0-1
COMMD10,47,8.62455844155844,1.0,1,1,1,1-1-1
COMMD2,42,9.47281688311688,1.0,0,2,1,0-2-1
COMMD3,51,9.786071428571425,1.0,1,2,1,1-2-1
COMMD4,46,9.683393506493509,1.0,0,2,1,0-2-1
COMMD5,35,9.321367532467532,1.0,0,2,1,0-2-1
COMMD6,35,9.887715584415583,1.0,0,2,1,0-2-1
COMMD7,40,10.43262077922078,1.0,0,3,1,0-3-1
COMMD8,40,7.772867532467534,1.0,0,0,1,0-0-1
COMMD9,41,9.441064935064938,1.0,0,2,1,0-2-1
COMP,707,10.160725974025974,1.0,4,3,1,4-3-1
COMT,2488,10.631902597402597,1.0,4,3,1,4-3-1
COMTD1,36,6.775716883116883,1.0,0,0,1,0-0-1
COPA,323,13.298661038961036,1.0,4,4,1,4-4-1
COPB1,278,11.955620779220776,1.0,4,4,1,4-4-1
COPB2,248,12.430992207792212,1.0,3,4,1,3-4-1
COPE,165,11.190441558441556,1.0,3,4,1,3-4-1
COPS2,178,10.586641558441556,1.0,3,3,1,3-3-1
COPS3,187,9.956366233766232,1.0,3,2,1,3-2-1
COPS4,173,9.664901298701295,1.0,3,2,1,3-2-1
COPS5,472,10.509762337662337,1.0,4,3,1,4-3-1
COPS6,201,10.796624675324672,1.0,3,3,1,3-3-1
COPS7A,115,10.523979220779221,1.0,2,3,1,2-3-1
COPS7B,103,9.381351948051943,1.0,2,2,1,2-2-1
COPS8,137,10.190951948051945,1.0,3,3,1,3-3-1
COPZ1,107,11.944098701298703,1.0,2,4,1,2-4-1
COQ10B,20,9.382376623376627,1.0,0,2,1,0-2-1
COQ3,32,7.200292207792205,1.0,0,0,1,0-0-1
COQ5,45,9.164137662337664,1.0,0,1,1,0-1-1
COQ6,45,8.442901298701305,1.0,0,1,1,0-1-1
COQ7,46,8.939000000000002,1.0,0,1,1,0-1-1
COQ9,39,9.660212987012983,1.0,0,2,1,0-2-1
CORO1A,96,9.60914805194805,1.0,2,2,1,2-2-1
CORO1B,116,10.970355844155844,1.0,2,4,1,2-4-1
CORO1C,217,11.102875324675322,1.0,3,4,1,3-4-1
CORO2A,49,9.905412987012985,1.0,1,2,1,1-2-1
CORO2B,33,5.459403896103897,1.0,0,0,1,0-0-1
CORO7,58,9.369414285714285,1.0,1,2,1,1-2-1
COTL1,80,11.065053246753244,1.0,2,4,1,2-4-1
COX11,54,9.380533766233768,0.935064935064935,1,2,0,1-2-0
COX15,73,9.9878012987013,0.7532467532467533,1,2,0,1-2-0
COX17,87,9.12384415584415,1.0,2,1,1,2-1-1
COX19,23,7.749238961038961,1.0,0,0,1,0-0-1
COX4I1,155,11.782568831168835,1.0,3,4,1,3-4-1
COX5A,106,10.5340012987013,1.0,2,3,1,2-3-1
COX5B,106,10.632706493506493,1.0,2,3,1,2-3-1
COX6A1,48,11.151214285714282,1.0,1,4,1,1-4-1
COX6B1,74,11.565012987012988,1.0,1,4,1,1-4-1
COX6C,82,12.461124675324672,1.0,2,4,1,2-4-1
COX7A1,39,6.085941558441556,0.987012987012987,0,0,0,0-0-0
COX7A2,76,10.61160779220779,1.0,1,3,1,1-3-1
COX7A2L,44,10.81611038961039,1.0,0,3,1,0-3-1
COX7B,39,10.532922077922082,0.922077922077922,0,3,0,0-3-0
COX7C,40,11.47955714285715,1.0,0,4,1,0-3-1
COX8A,25,10.942468831168833,1.0,0,4,1,0-3-1
CP,239,8.126197402597398,1.0,3,0,1,3-0-1
CPA3,31,7.0752337662337705,1.0,0,0,1,0-0-1
CPB1,44,6.161575324675323,1.0,0,0,1,0-0-1
CPB2,257,0.5255454545454543,1.0,4,0,1,4-0-1
CPD,113,11.726594805194807,1.0,2,4,1,2-4-1
CPE,82,10.242754545454549,1.0,2,3,1,2-3-1
CPEB2,43,9.25044805194805,1.0,0,2,1,0-2-1
CPEB4,118,9.7769961038961,1.0,2,2,1,2-2-1
CPM,60,9.027450649350646,0.961038961038961,1,1,0,1-1-0
CPN1,34,0.007109090909090909,1.0,0,0,1,0-0-1
CPN2,19,2.5186623376623363,1.0,0,0,1,0-0-1
CPNE1,100,11.098577922077924,1.0,2,4,1,2-4-1
CPNE2,42,8.897285714285719,1.0,0,1,1,0-1-1
CPNE3,127,12.102168831168829,1.0,2,4,1,2-4-1
CPNE8,68,6.696554545454546,1.0,1,0,1,1-0-1
CPOX,92,8.251551948051944,1.0,2,1,1,2-1-1
CPPED1,27,9.235912987012988,1.0,0,2,1,0-2-1
CPS1,177,5.533000000000002,1.0,3,0,1,3-0-1
CPSF1,163,10.750792207792212,1.0,3,3,1,3-3-1
CPSF2,151,10.548879220779224,1.0,3,3,1,3-3-1
CPSF3,159,9.93467922077922,1.0,3,2,1,3-2-1
CPSF4,119,8.651335064935061,1.0,2,1,1,2-1-1
CPSF6,320,10.939424675324675,1.0,4,4,1,4-4-1
CPSF7,174,10.941728571428575,1.0,3,4,1,3-4-1
CPT1A,365,10.95643246753247,1.0,4,4,1,4-4-1
CPT2,134,9.491022077922075,1.0,3,2,1,3-2-1
CPVL,115,8.370168831168833,1.0,2,1,1,2-1-1
CPXM1,17,8.434568831168828,1.0,0,1,1,0-1-1
CPXM2,22,8.69643116883117,1.0,0,1,1,0-1-1
CPZ,26,7.285972727272729,1.0,0,0,1,0-0-1
CRABP1,53,5.467294805194804,1.0,1,0,1,1-0-1
CRABP2,120,12.548463636363639,1.0,2,4,1,2-4-1
CRADD,88,6.760727272727271,1.0,2,0,1,2-0-1
CRAT,56,10.53967922077922,1.0,1,3,1,1-3-1
CRBN,437,9.290897402597404,1.0,4,2,1,4-2-1
CRCP,61,10.09052467532468,0.8961038961038961,1,3,0,1-3-0
CREB1,1531,10.16039350649351,1.0,4,3,1,4-3-1
CREB3L4,36,11.06836883116883,0.8441558441558441,0,4,0,0-4-0
CREBBP,1779,11.448379220779222,1.0,4,4,1,4-4-1
CREG1,68,11.399432467532467,1.0,1,4,1,1-4-1
CRELD1,59,9.092436363636365,1.0,1,1,1,1-1-1
CRELD2,45,9.471831168831168,1.0,0,2,1,0-2-1
CRIM1,66,10.942615584415584,0.7532467532467533,1,4,0,1-4-0
CRIP1,43,11.395388311688313,1.0,0,4,1,0-3-1
CRIP2,68,11.38413896103896,1.0,1,4,1,1-4-1
CRIPT,60,8.427629870129872,1.0,1,1,1,1-1-1
CRISP3,82,4.273966233766233,1.0,2,0,1,2-0-1
CRISPLD1,16,7.700992207792211,0.948051948051948,0,0,0,0-0-0
CRISPLD2,45,10.300185714285716,1.0,0,3,1,0-3-1
CRK,388,9.796946753246752,1.0,4,2,1,4-2-1
CRKL,318,11.019814285714283,1.0,4,4,1,4-4-1
CRLF3,50,8.503190909090913,1.0,1,1,1,1-1-1
CRMP1,105,6.565454545454545,1.0,2,0,1,2-0-1
CRNKL1,120,10.437746753246751,1.0,2,3,1,2-3-1
CROCC,80,8.124932467532467,1.0,2,0,1,2-0-1
CROT,32,8.731011688311689,1.0,0,1,1,0-1-1
CRP,2534,0.29794935064935063,0.961038961038961,4,0,0,4-0-0
CRTAC1,62,3.910894805194805,1.0,1,0,1,1-0-1
CRTAP,99,11.615068831168832,1.0,2,4,1,2-4-1
CRTC1,270,8.350520779220778,1.0,4,1,1,4-1-1
CRTC2,295,10.192166233766237,1.0,4,3,1,4-3-1
CRTC3,100,10.210820779220773,1.0,2,3,1,2-3-1
CRY1,257,8.863510389610386,0.5714285714285714,4,1,0,4-1-0
CRY2,229,9.50688961038961,0.5064935064935064,3,2,0,3-2-0
CRYAB,537,8.583975324675324,1.0,4,1,1,4-1-1
CRYBB1,71,2.720731168831169,0.8051948051948052,1,0,0,1-0-0
CRYL1,27,8.292340259740257,1.0,0,1,1,0-1-1
CRYM,67,3.084881818181818,1.0,1,0,1,1-0-1
CRYZ,65,9.40317012987013,1.0,1,2,1,1-2-1
CRYZL1,33,8.170593506493507,1.0,0,1,1,0-1-1
CS,156,12.08310909090909,1.0,3,4,1,3-4-1
CSAD,19,8.15408961038961,1.0,0,0,1,0-0-1
CSDE1,266,13.681115584415586,1.0,4,4,1,4-4-1
CSE1L,294,11.788918181818183,1.0,4,4,1,4-4-1
CSF1,362,9.023168831168826,0.7792207792207793,4,1,0,4-1-0
CSF1R,450,10.008950649350652,1.0,4,3,1,4-3-1
CSK,1139,10.33361948051948,1.0,4,3,1,4-3-1
CSN2,54,0.41700129870129865,1.0,1,0,1,1-0-1
CSNK1A1,329,12.614707792207794,1.0,4,4,1,4-4-1
CSNK1D,206,11.73748311688312,1.0,3,4,1,3-4-1
CSNK1G1,43,9.518732467532473,0.7662337662337663,0,2,0,0-2-0
CSNK1G3,62,9.46797012987013,0.922077922077922,1,2,0,1-2-0
CSNK2A1,948,10.685841558441556,1.0,4,3,1,4-3-1
CSNK2A2,367,8.828062337662336,1.0,4,1,1,4-1-1
CSNK2B,417,11.488429870129863,1.0,4,4,1,4-4-1
CSPG4,209,9.112158441558442,1.0,3,1,1,3-1-1
CSPP1,65,8.695731168831166,0.8571428571428571,1,1,0,1-1-0
CSRP1,94,12.431805194805193,1.0,2,4,1,2-4-1
CSRP2,92,7.612779220779218,1.0,2,0,1,2-0-1
CST3,2149,11.798176623376623,1.0,4,4,1,4-4-1
CST5,39,2.229488311688311,0.8571428571428571,0,0,0,0-0-0
CST6,64,4.792707792207792,0.8701298701298701,1,0,0,1-0-0
CSTA,230,6.618312987012986,1.0,3,0,1,3-0-1
CSTB,345,11.534487012987011,1.0,4,4,1,4-4-1
CSTF1,106,9.74063246753247,1.0,2,2,1,2-2-1
CSTF2,148,8.645159740259738,1.0,3,1,1,3-1-1
CSTF2T,102,9.947857142857142,1.0,2,2,1,2-2-1
CSTF3,124,9.59390779220779,1.0,2,2,1,2-2-1
CTBP1,321,11.067905194805187,1.0,4,4,1,4-4-1
CTBP2,297,11.146135064935066,1.0,4,4,1,4-4-1
CTBS,23,8.975555844155842,1.0,0,1,1,0-1-1
CTCF,1133,10.695590909090908,1.0,4,3,1,4-3-1
CTDP1,80,8.859764935064936,1.0,2,1,1,2-1-1
CTDSPL2,47,9.370442857142859,1.0,1,2,1,1-2-1
CTF1,64,6.286637662337664,0.6883116883116883,1,0,0,1-0-0
CTH,121,5.8883818181818155,1.0,2,0,1,2-0-1
CTHRC1,170,10.53605064935065,1.0,3,3,1,3-3-1
CTNNA1,758,13.21587012987013,1.0,4,4,1,4-4-1
CTNNAL1,71,8.646600000000005,0.8311688311688312,1,1,0,1-1-0
CTNNB1,8541,13.147015584415586,1.0,4,4,1,4-4-1
CTNNBIP1,152,9.73751818181818,1.0,3,2,1,3-2-1
CTNNBL1,123,9.977216883116883,1.0,2,2,1,2-2-1
CTNND1,472,12.961949350649352,1.0,4,4,1,4-4-1
CTNND2,119,6.689081818181818,0.8831168831168831,2,0,0,2-0-0
CTPS2,63,9.884871428571428,1.0,1,2,1,1-2-1
CTR9,165,10.564914285714284,1.0,3,3,1,3-3-1
CTSA,241,11.68538831168831,1.0,3,4,1,3-4-1
CTSB,626,14.206085714285711,1.0,4,4,1,4-4-1
CTSC,177,10.85225714285714,1.0,3,3,1,3-3-1
CTSD,602,14.614180519480522,1.0,4,4,1,4-4-1
CTSF,54,10.395407792207799,1.0,1,3,1,1-3-1
CTSG,929,3.6369363636363645,1.0,4,0,1,4-0-1
CTSH,230,11.042158441558438,1.0,3,4,1,3-4-1
CTSK,692,11.48805974025974,1.0,4,4,1,4-4-1
CTSO,21,9.838787012987012,0.974025974025974,0,2,0,0-2-0
CTSS,197,10.80932597402597,1.0,3,3,1,3-3-1
CTSW,33,5.825262337662338,0.5974025974025974,0,0,0,0-0-0
CTSZ,100,12.330046753246757,1.0,2,4,1,2-4-1
CTTN,630,12.321214285714284,1.0,4,4,1,4-4-1
CTTNBP2,48,4.848768831168832,0.5714285714285714,1,0,0,1-0-0
CTTNBP2NL,65,9.565288311688313,1.0,1,2,1,1-2-1
CTU1,23,5.457918181818181,1.0,0,0,1,0-0-1
CTU2,28,7.594914285714286,1.0,0,0,1,0-0-1
CUEDC1,37,8.721619480519479,1.0,0,1,1,0-1-1
CUEDC2,60,9.666772727272722,0.9090909090909092,1,2,0,1-2-0
CUL1,699,10.573697402597405,1.0,4,3,1,4-3-1
CUL2,351,9.815338961038965,1.0,4,2,1,4-2-1
CUL3,645,10.977580519480522,1.0,4,4,1,4-4-1
CUL4A,546,11.058866233766238,1.0,4,4,1,4-4-1
CUL4B,388,11.000192207792212,1.0,4,4,1,4-4-1
CUL5,344,9.655299999999999,1.0,4,2,1,4-2-1
CUL7,162,10.288057142857143,1.0,3,3,1,3-3-1
CUL9,73,9.498187012987014,0.961038961038961,1,2,0,1-2-0
CUTA,50,11.214544155844159,1.0,1,4,1,1-4-1
CUTC,34,7.69042077922078,1.0,0,0,1,0-0-1
CUX1,297,10.283561038961041,1.0,4,3,1,4-3-1
CWC22,96,9.262136363636365,1.0,2,2,1,2-2-1
CWC25,41,8.530741558441559,1.0,0,1,1,0-1-1
CWC27,75,8.753442857142861,1.0,1,1,1,1-1-1
CWF19L1,61,8.95852467532468,1.0,1,1,1,1-1-1
CWF19L2,51,8.450067532467541,1.0,1,1,1,1-1-1
CXADR,178,7.285453246753248,0.8701298701298701,3,0,0,3-0-0
CXCL10,2175,9.10188701298701,0.935064935064935,4,1,0,4-1-0
CXCL12,3902,10.736563636363638,1.0,4,3,1,4-3-1
CXCL14,211,10.210742857142858,0.935064935064935,3,3,0,3-3-0
CXCL9,832,9.998476623376622,0.8571428571428571,4,3,0,4-3-0
CXXC1,106,9.332746753246754,1.0,2,2,1,2-2-1
CXXC5,72,9.206397402597403,0.948051948051948,1,2,0,1-2-0
CXorf38,16,7.659785714285715,1.0,0,0,1,0-0-1
CYB5A,122,10.543249350649354,1.0,2,3,1,2-3-1
CYB5B,94,10.350975324675318,0.961038961038961,2,3,0,2-3-0
CYB5R1,71,10.757572727272725,1.0,1,3,1,1-3-1
CYB5R2,29,7.468907792207791,1.0,0,0,1,0-0-1
CYB5R3,212,11.813553246753244,1.0,3,4,1,3-4-1
CYB5R4,24,8.269306493506493,0.974025974025974,0,1,0,0-1-0
CYBA,763,9.719205194805198,0.922077922077922,4,2,0,4-2-0
CYBB,1243,10.03827662337662,1.0,4,3,1,4-3-1
CYBRD1,77,11.73753766233766,0.922077922077922,1,4,0,1-4-0
CYC1,141,11.084496103896102,1.0,3,4,1,3-4-1
CYCS,237,11.232212987012987,1.0,3,4,1,3-4-1
CYFIP1,212,11.642151948051948,1.0,3,4,1,3-4-1
CYGB,175,7.728920779220781,1.0,3,0,1,3-0-1
CYLD,548,10.268046753246752,1.0,4,3,1,4-3-1
CYP1B1,1519,10.15905974025974,0.974025974025974,4,3,0,4-3-0
CYP20A1,36,9.099689610389609,1.0,0,1,1,0-1-1
CYP24A1,579,2.305046753246752,0.8181818181818182,4,0,0,4-0-0
CYP27A1,496,9.712711688311694,1.0,4,2,1,4-2-1
CYP2J2,264,7.479766233766234,0.5064935064935064,4,0,0,4-0-0
CYP2S1,77,6.25324935064935,0.6363636363636364,1,0,0,1-0-0
CYP4B1,48,6.512259740259741,0.6233766233766234,1,0,0,1-0-0
CYP4F11,39,5.274306493506495,0.6623376623376623,0,0,0,0-0-0
CYP4X1,18,7.99546753246753,0.8441558441558441,0,0,0,0-0-0
CYP4Z1,43,5.979418181818183,0.5194805194805194,0,0,0,0-0-0
CYP51A1,243,10.759488311688305,1.0,3,3,1,3-3-1
CYP7B1,129,6.275199999999999,0.6363636363636364,3,0,0,3-0-0
CYTH1,65,9.994035064935067,1.0,1,3,1,1-3-1
CYTH2,90,10.675181818181821,1.0,2,3,1,2-3-1
CYTH3,46,9.384193506493506,0.8181818181818182,0,2,0,0-2-0
CYTH4,38,8.116401298701296,0.974025974025974,0,0,0,0-0-0
CYTIP,35,7.481209090909093,0.5454545454545454,0,0,0,0-0-0
D2HGDH,50,7.933487012987014,1.0,1,0,1,1-0-1
DAAM1,95,9.40117272727273,1.0,2,2,1,2-2-1
DAAM2,38,8.261570129870131,0.9090909090909092,0,1,0,0-1-0
DAB2,259,10.400467532467532,1.0,4,3,1,4-3-1
DAB2IP,204,9.898183116883118,1.0,3,2,1,3-2-1
DACH1,168,7.4434207792207765,1.0,3,0,1,3-0-1
DAD1,87,11.35331818181818,0.922077922077922,2,4,0,2-4-0
DAG1,568,11.97625974025974,1.0,4,4,1,4-4-1
DAGLB,43,8.866924675324674,1.0,0,1,1,0-1-1
DALRD3,28,9.422494805194807,0.8311688311688312,0,2,0,0-2-0
DAP,50,12.008627272727272,1.0,1,4,1,1-4-1
DAP3,190,11.657140259740254,1.0,3,4,1,3-4-1
DAPK1,447,8.987383116883116,1.0,4,1,1,4-1-1
DAPK2,71,7.754119480519479,1.0,1,0,1,1-0-1
DAPK3,129,9.796701298701299,1.0,3,2,1,3-2-1
DAPP1,37,7.793324675324673,1.0,0,0,1,0-0-1
DARS2,143,9.798984415584412,1.0,3,2,1,3-2-1
DAXX,595,10.839296103896103,1.0,4,3,1,4-3-1
DAZAP1,138,10.639935064935068,1.0,3,3,1,3-3-1
DAZAP2,56,12.578909090909088,0.974025974025974,1,4,0,1-4-0
DBH,231,1.7679012987012988,0.5324675324675324,3,0,0,3-0-0
DBI,99,11.64923896103896,1.0,2,4,1,2-4-1
DBN1,248,10.880471428571433,1.0,4,4,1,4-4-1
DBNDD1,13,9.711802597402595,0.8311688311688312,0,2,0,0-2-0
DBNL,140,10.84860909090909,1.0,3,3,1,3-3-1
DBR1,67,8.750761038961036,1.0,1,1,1,1-1-1
DBT,133,9.526440259740259,1.0,3,2,1,3-2-1
DCAF10,46,10.787053246753242,1.0,0,3,1,0-3-1
DCAF11,64,11.135116883116885,1.0,1,4,1,1-4-1
DCAF16,37,9.515398701298702,0.961038961038961,0,2,0,0-2-0
DCAF5,56,10.520002597402598,1.0,1,3,1,1-3-1
DCAF6,60,11.222853246753244,1.0,1,4,1,1-4-1
DCAF8,98,11.323272727272725,1.0,2,4,1,2-4-1
DCAKD,57,9.480818181818183,1.0,1,2,1,1-2-1
DCD,237,1.9548012987012986,0.922077922077922,3,0,0,3-0-0
DCHS1,35,9.557527272727274,0.974025974025974,0,2,0,0-2-0
DCHS2,22,4.008451948051949,0.5064935064935064,0,0,0,0-0-0
DCK,124,9.423211688311685,1.0,2,2,1,2-2-1
DCLK1,284,8.158610389610386,1.0,4,0,1,4-0-1
DCLK2,40,6.432766233766232,0.7532467532467533,0,0,0,0-0-0
DCN,948,12.813897402597407,1.0,4,4,1,4-4-1
DCP1B,68,8.520007792207796,1.0,1,1,1,1-1-1
DCP2,114,9.951855844155844,0.961038961038961,2,2,0,2-2-0
DCPS,90,8.395122077922075,1.0,2,1,1,2-1-1
DCTD,40,10.357854545454543,1.0,0,3,1,0-3-1
DCTN1,416,11.972031168831167,1.0,4,4,1,4-4-1
DCTN2,252,11.091183116883117,1.0,4,4,1,4-4-1
DCTN3,72,9.541366233766233,1.0,1,2,1,1-2-1
DCTN4,88,10.8423,1.0,2,3,1,2-3-1
DCTN5,42,10.712802597402598,1.0,0,3,1,0-3-1
DCTN6,42,8.79297142857143,1.0,0,1,1,0-1-1
DCTPP1,58,10.188819480519482,1.0,1,3,1,1-3-1
DCUN1D1,95,9.354371428571428,1.0,2,2,1,2-2-1
DCUN1D3,29,7.5107025974026,0.7532467532467533,0,0,0,0-0-0
DCUN1D4,30,9.420185714285713,0.8701298701298701,0,2,0,0-2-0
DCUN1D5,60,8.711815584415584,1.0,1,1,1,1-1-1
DCXR,85,10.269275324675325,1.0,2,3,1,2-3-1
DDA1,72,9.52844025974026,1.0,1,2,1,1-2-1
DDAH1,119,10.421468831168832,1.0,2,3,1,2-3-1
DDAH2,98,10.625892207792207,1.0,2,3,1,2-3-1
DDB1,809,12.759888311688316,1.0,4,4,1,4-4-1
DDB2,332,8.505044155844155,1.0,4,1,1,4-1-1
DDHD1,43,8.565132467532466,0.8701298701298701,0,1,0,0-1-0
DDHD2,64,9.836955844155844,1.0,1,2,1,1-2-1
DDI2,55,6.807761038961038,1.0,1,0,1,1-0-1
DDO,48,5.213905194805195,0.9090909090909092,1,0,0,1-0-0
DDOST,227,12.340505194805194,1.0,3,4,1,3-4-1
DDR1,381,12.7974987012987,1.0,4,4,1,4-4-1
DDRGK1,106,9.947529870129872,1.0,2,2,1,2-2-1
DDX1,372,11.266589610389609,1.0,4,4,1,4-4-1
DDX10,133,9.21034155844156,1.0,3,2,1,3-2-1
DDX11,111,8.648241558441558,0.8441558441558441,2,1,0,2-1-0
DDX17,471,13.128371428571432,1.0,4,4,1,4-4-1
DDX18,198,10.867954545454548,1.0,3,3,1,3-3-1
DDX19A,81,9.668215584415586,1.0,2,2,1,2-2-1
DDX19B,102,9.442272727272728,1.0,2,2,1,2-2-1
DDX20,204,8.972159740259741,1.0,3,1,1,3-1-1
DDX21,425,10.953425974025974,1.0,4,4,1,4-4-1
DDX23,188,11.365025974025977,1.0,3,4,1,3-4-1
DDX24,201,11.477237662337663,1.0,3,4,1,3-4-1
DDX27,161,10.463494805194802,1.0,3,3,1,3-3-1
DDX28,80,8.145544155844155,1.0,2,0,1,2-0-1
DDX31,75,8.451809090909089,1.0,1,1,1,1-1-1
DDX3X,763,12.77634415584416,1.0,4,4,1,4-4-1
DDX41,258,10.351827272727276,1.0,4,3,1,4-3-1
DDX42,134,11.69610259740259,1.0,3,4,1,3-4-1
DDX46,181,10.669066233766237,1.0,3,3,1,3-3-1
DDX47,162,9.946929870129877,1.0,3,2,1,3-2-1
DDX49,67,9.869031168831171,1.0,1,2,1,1-2-1
DDX5,687,13.50327532467532,1.0,4,4,1,4-4-1
DDX50,173,9.754381818181818,1.0,3,2,1,3-2-1
DDX51,63,8.731068831168834,1.0,1,1,1,1-1-1
DDX52,124,9.31818051948052,1.0,2,2,1,2-2-1
DDX54,168,10.42583506493507,1.0,3,3,1,3-3-1
DDX55,96,8.874483116883122,1.0,2,1,1,2-1-1
DDX56,142,10.531796103896106,1.0,3,3,1,3-3-1
DDX59,37,9.021883116883117,1.0,0,1,1,0-1-1
DDX6,345,11.94664155844156,1.0,4,4,1,4-4-1
DDX60,46,9.940262337662336,1.0,0,2,1,0-2-1
DDX60L,28,8.974366233766236,0.961038961038961,0,1,0,0-1-0
DEAF1,87,9.003254545454546,0.6493506493506493,2,1,0,2-1-0
DECR1,107,10.452906493506497,1.0,2,3,1,2-3-1
DECR2,51,8.540236363636367,1.0,1,1,1,1-1-1
DEF6,44,8.53395714285714,1.0,0,1,1,0-1-1
DEF8,23,9.148270129870127,0.6753246753246753,0,1,0,0-1-0
DEFA4,40,0.009714285714285713,0.5324675324675324,0,0,0,0-0-0
DEGS1,70,11.223725974025974,0.8831168831168831,1,4,0,1-4-0
DEK,398,11.419775324675328,1.0,4,4,1,4-4-1
DENND1A,75,9.334140259740257,1.0,1,2,1,1-2-1
DENND1B,38,7.591031168831166,0.987012987012987,0,0,0,0-0-0
DENND1C,16,7.775487012987016,0.8311688311688312,0,0,0,0-0-0
DENND2D,29,9.69721168831169,1.0,0,2,1,0-2-1
DENND3,22,8.409794805194808,1.0,0,1,1,0-1-1
DENND4A,77,8.812781818181815,1.0,1,1,1,1-1-1
DENND4B,22,9.740194805194806,1.0,0,2,1,0-2-1
DENND4C,64,10.187993506493514,1.0,1,3,1,1-3-1
DENND5A,35,10.353412987012986,0.8441558441558441,0,3,0,0-3-0
DENR,81,10.773038961038962,1.0,2,3,1,2-3-1
DEPDC5,133,8.364594805194807,1.0,3,1,1,3-1-1
DERA,48,8.74816233766234,1.0,1,1,1,1-1-1
DERL1,189,11.550457142857141,1.0,3,4,1,3-4-1
DES,209,3.7617987012987006,1.0,3,0,1,3-0-1
DET1,36,6.918633766233769,0.5324675324675324,0,0,0,0-0-0
DFFA,97,8.783767532467534,1.0,2,1,1,2-1-1
DFFB,125,6.736809090909087,1.0,2,0,1,2-0-1
DGAT1,206,9.714646753246754,0.8181818181818182,3,2,0,3-2-0
DGCR8,282,9.575451948051946,1.0,4,2,1,4-2-1
DGKA,71,8.546742857142856,1.0,1,1,1,1-1-1
DGKD,56,9.738700000000003,0.5714285714285714,1,2,0,1-2-0
DGKE,102,7.794240259740259,0.7662337662337663,2,0,0,2-0-0
DGKH,63,5.4413012987013,0.7792207792207793,1,0,0,1-0-0
DGKQ,41,8.430483116883117,1.0,0,1,1,0-1-1
DGKZ,112,9.52648181818182,1.0,2,2,1,2-2-1
DGUOK,61,9.518081818181818,1.0,1,2,1,1-2-1
DHCR24,241,13.581807792207794,1.0,3,4,1,3-4-1
DHCR7,237,10.854857142857139,1.0,3,3,1,3-3-1
DHFR,233,8.74915844155844,1.0,3,1,1,3-1-1
DHODH,65,7.038367532467535,1.0,1,0,1,1-0-1
DHPS,89,9.802035064935064,1.0,2,2,1,2-2-1
DHRS1,36,8.662731168831169,1.0,0,1,1,0-1-1
DHRS11,18,7.512432467532465,1.0,0,0,1,0-0-1
DHRS13,26,8.042612987012985,1.0,0,0,1,0-0-1
DHRS2,84,7.301548051948053,1.0,2,0,1,2-0-1
DHRS3,38,9.539894805194805,1.0,0,2,1,0-2-1
DHRS4,62,9.24271948051948,1.0,1,2,1,1-2-1
DHRS7,68,10.472694805194807,1.0,1,3,1,1-3-1
DHRS7B,80,8.94359090909091,1.0,2,1,1,2-1-1
DHTKD1,67,10.833433766233766,1.0,1,3,1,1-3-1
DHX15,338,11.525094805194803,1.0,4,4,1,4-4-1
DHX16,127,9.838374025974025,1.0,2,2,1,2-2-1
DHX29,104,10.160309090909092,1.0,2,3,1,2-3-1
DHX30,247,10.598845454545456,1.0,3,3,1,3-3-1
DHX32,44,10.01979090909091,1.0,0,3,1,0-3-1
DHX33,91,8.388489610389612,1.0,2,1,1,2-1-1
DHX34,50,9.150763636363635,1.0,1,1,1,1-1-1
DHX35,49,8.214966233766233,1.0,1,1,1,1-1-1
DHX36,211,9.971915584415584,1.0,3,2,1,3-2-1
DHX37,111,9.091641558441559,1.0,2,1,1,2-1-1
DHX38,135,10.075170129870129,1.0,3,3,1,3-3-1
DHX40,76,10.774959740259739,1.0,1,3,1,1-3-1
DHX57,108,9.283231168831167,1.0,2,2,1,2-2-1
DHX58,104,8.626785714285715,1.0,2,1,1,2-1-1
DHX8,110,10.216170129870127,1.0,2,3,1,2-3-1
DHX9,654,12.370242857142856,1.0,4,4,1,4-4-1
DIABLO,824,9.849835064935066,1.0,4,2,1,4-2-1
DIAPH1,340,11.701216883116885,1.0,4,4,1,4-4-1
DIAPH2,102,7.404497402597403,1.0,2,0,1,2-0-1
DIAPH3,129,7.600564935064936,0.8831168831168831,3,0,0,3-0-0
DICER1,1406,10.636715584415583,1.0,4,3,1,4-3-1
DIDO1,164,10.952297402597399,1.0,3,4,1,3-4-1
DIP2A,64,9.659371428571426,1.0,1,2,1,1-2-1
DIP2B,70,10.656519480519478,1.0,1,3,1,1-3-1
DIP2C,34,9.497740259740258,1.0,0,2,1,0-2-1
DIS3,180,9.904644155844156,1.0,3,2,1,3-2-1
DIS3L,47,9.421979220779223,1.0,1,2,1,1-2-1
DIS3L2,72,8.638223376623378,1.0,1,1,1,1-1-1
DIXDC1,55,9.065192207792206,0.6363636363636364,1,1,0,1-1-0
DKC1,494,10.812562337662333,1.0,4,3,1,4-3-1
DLAT,209,9.839446753246754,1.0,3,2,1,3-2-1
DLC1,280,9.387651948051944,0.7922077922077922,4,2,0,4-2-0
DLD,184,10.676284415584409,1.0,3,3,1,3-3-1
DLG1,458,10.47157792207792,1.0,4,3,1,4-3-1
DLG3,115,10.678090909090905,1.0,2,3,1,2-3-1
DLG5,181,11.434272727272727,1.0,3,4,1,3-4-1
DLGAP1,75,3.8887597402597405,0.6753246753246753,1,0,0,1-0-0
DLGAP4,52,11.160812987012983,1.0,1,4,1,1-4-1
DLGAP5,133,8.53395064935065,0.7402597402597403,3,1,0,3-1-0
DLST,183,10.884705194805191,1.0,3,4,1,3-4-1
DMAP1,206,8.963003896103897,1.0,3,1,1,3-1-1
DMD,889,7.259209090909093,1.0,4,0,1,4-0-1
DMXL1,49,9.614815584415584,1.0,1,2,1,1-2-1
DMXL2,53,9.078192207792208,1.0,1,1,1,1-1-1
DNAH3,26,2.368816883116883,0.7402597402597403,0,0,0,0-0-0
DNAH7,33,4.9251376623376615,1.0,0,0,1,0-0-1
DNAJA1,471,11.902775324675325,1.0,4,4,1,4-4-1
DNAJA2,282,10.643348051948053,1.0,4,3,1,4-3-1
DNAJA3,249,10.539859740259741,1.0,4,3,1,4-3-1
DNAJA4,54,10.315358441558441,1.0,1,3,1,1-3-1
DNAJB1,485,11.733154545454546,1.0,4,4,1,4-4-1
DNAJB11,208,10.577592207792204,1.0,3,3,1,3-3-1
DNAJB12,109,10.224075324675324,1.0,2,3,1,2-3-1
DNAJB14,44,8.40389480519481,0.974025974025974,0,1,0,0-1-0
DNAJB2,105,10.905961038961037,1.0,2,4,1,2-4-1
DNAJB4,113,8.134567532467534,1.0,2,0,1,2-0-1
DNAJB5,36,7.247161038961038,0.5974025974025974,0,0,0,0-0-0
DNAJB6,286,10.965284415584415,1.0,4,4,1,4-4-1
DNAJB9,100,9.493350649350651,0.961038961038961,2,2,0,2-2-0
DNAJC1,76,10.28022207792208,1.0,1,3,1,1-3-1
DNAJC10,169,11.57938831168831,1.0,3,4,1,3-4-1
DNAJC11,103,9.996732467532468,1.0,2,3,1,2-3-1
DNAJC12,46,8.304485714285713,1.0,0,1,1,0-1-1
DNAJC13,129,10.66363246753247,1.0,3,3,1,3-3-1
DNAJC16,64,9.505861038961037,0.7792207792207793,1,2,0,1-2-0
DNAJC17,42,7.723879220779221,1.0,0,0,1,0-0-1
DNAJC19,60,9.074232467532463,1.0,1,1,1,1-1-1
DNAJC2,81,9.538077922077923,1.0,2,2,1,2-2-1
DNAJC21,69,10.387396103896108,1.0,1,3,1,1-3-1
DNAJC24,18,8.108027272727272,0.6233766233766234,0,0,0,0-0-0
DNAJC25,14,7.684337662337663,1.0,0,0,1,0-0-1
DNAJC3,125,11.157963636363636,1.0,2,4,1,2-4-1
DNAJC30,35,8.342688311688308,0.7402597402597403,0,1,0,0-1-0
DNAJC5,87,11.105454545454545,0.974025974025974,2,4,0,2-4-0
DNAJC7,220,10.702777922077921,1.0,3,3,1,3-3-1
DNAJC8,84,10.739855844155844,1.0,2,3,1,2-3-1
DNAJC9,144,9.774544155844154,1.0,3,2,1,3-2-1
DNAL1,20,8.62871818181818,1.0,0,1,1,0-1-1
DNAL4,25,9.205783116883117,0.7012987012987013,0,2,0,0-2-0
DNALI1,35,8.246318181818182,0.7142857142857143,0,1,0,0-1-0
DNASE2,63,10.908089610389613,1.0,1,4,1,1-4-1
DNHD1,29,6.707219480519478,0.5324675324675324,0,0,0,0-0-0
DNLZ,16,6.716712987012987,0.961038961038961,0,0,0,0-0-0
DNM1,218,7.530987012987013,1.0,3,0,1,3-0-1
DNM1L,1016,10.668672727272726,1.0,4,3,1,4-3-1
DNM2,385,11.267637662337657,1.0,4,4,1,4-4-1
DNMBP,81,9.060074025974028,1.0,2,1,1,2-1-1
DNMT1,1960,11.12215844155844,1.0,4,4,1,4-4-1
DNMT3A,1686,9.492933766233767,1.0,4,2,1,4-2-1
DNPEP,65,10.511864935064937,1.0,1,3,1,1-3-1
DNTTIP1,64,9.16833636363636,1.0,1,1,1,1-1-1
DNTTIP2,107,10.545194805194807,1.0,2,3,1,2-3-1
DOCK10,47,8.828897402597402,1.0,1,1,1,1-1-1
DOCK11,44,8.24704025974026,1.0,0,1,1,0-1-1
DOCK2,142,8.619457142857145,1.0,3,1,1,3-1-1
DOCK4,103,8.43978571428571,1.0,2,1,1,2-1-1
DOCK5,61,8.445884415584416,1.0,1,1,1,1-1-1
DOCK6,77,9.24027142857143,1.0,1,2,1,1-2-1
DOCK7,192,9.993275324675324,1.0,3,3,1,3-3-1
DOCK8,323,9.385976623376623,1.0,4,2,1,4-2-1
DOCK9,62,10.384850649350655,1.0,1,3,1,1-3-1
DOHH,31,7.630870129870131,1.0,0,0,1,0-0-1
DOK1,106,8.15730909090909,1.0,2,0,1,2-0-1
DOK2,67,6.678625974025975,1.0,1,0,1,1-0-1
DOK3,49,7.32952077922078,1.0,1,0,1,1-0-1
DPAGT1,56,10.092418181818182,0.5714285714285714,1,3,0,1-3-0
DPCD,38,8.314409090909093,1.0,0,1,1,0-1-1
DPF2,130,10.244018181818182,1.0,3,3,1,3-3-1
DPH1,66,9.083367532467536,1.0,1,1,1,1-1-1
DPH2,44,9.143158441558441,1.0,0,1,1,0-1-1
DPH3,24,9.142514285714284,0.948051948051948,0,1,0,0-1-0
DPH5,28,8.737250649350651,1.0,0,1,1,0-1-1
DPM1,185,9.42712727272727,1.0,3,2,1,3-2-1
DPM3,36,8.282570129870129,1.0,0,1,1,0-1-1
DPP3,113,10.43760909090909,1.0,2,3,1,2-3-1
DPP4,1552,7.142622077922081,0.7662337662337663,4,0,0,4-0-0
DPP7,39,10.62474935064935,1.0,0,3,1,0-3-1
DPP8,104,8.679511688311688,1.0,2,1,1,2-1-1
DPP9,147,10.424944155844159,1.0,3,3,1,3-3-1
DPT,63,8.521819480519477,1.0,1,1,1,1-1-1
DPY30,147,9.56437012987013,1.0,3,2,1,3-2-1
DPYD,272,8.533477922077923,1.0,4,1,1,4-1-1
DPYSL2,229,10.693135064935067,1.0,3,3,1,3-3-1
DPYSL3,127,11.274063636363637,1.0,2,4,1,2-4-1
DPYSL4,50,4.103418181818183,0.974025974025974,1,0,0,1-0-0
DPYSL5,158,1.6320207792207795,0.6623376623376623,3,0,0,3-0-0
DR1,88,10.189090909090908,1.0,2,3,1,2-3-1
DRAP1,74,10.273637662337658,1.0,1,3,1,1-3-1
DRG1,177,10.328685714285715,1.0,3,3,1,3-3-1
DRG2,89,9.159836363636364,1.0,2,1,1,2-1-1
DSC2,136,10.108933766233765,1.0,3,3,1,3-3-1
DSCC1,35,7.727551948051947,1.0,0,0,1,0-0-1
DSG2,399,11.725920779220777,1.0,4,4,1,4-4-1
DSG3,489,5.0923129870129875,0.6623376623376623,4,0,0,4-0-0
DSN1,78,9.251157142857144,1.0,2,2,1,2-2-1
DSP,425,13.803303896103895,1.0,4,4,1,4-4-1
DST,709,11.47575974025974,1.0,4,4,1,4-4-1
DSTN,173,13.079288311688309,1.0,3,4,1,3-4-1
DSTYK,43,9.852732467532466,0.8441558441558441,0,2,0,0-2-0
DTD1,42,8.607240259740264,0.961038961038961,0,1,0,0-1-0
DTL,133,9.355922077922079,0.7922077922077922,3,2,0,3-2-0
DTNA,123,7.941538961038962,0.935064935064935,2,0,0,2-0-0
DTNB,73,9.037631168831162,1.0,1,1,1,1-1-1
DTNBP1,303,8.489545454545455,1.0,4,1,1,4-1-1
DTWD1,12,8.231806493506493,0.8831168831168831,0,1,0,0-1-0
DTWD2,29,7.613414285714284,1.0,0,0,1,0-0-1
DTX2,57,8.910079220779219,1.0,1,1,1,1-1-1
DTX3,36,8.915487012987013,0.974025974025974,0,1,0,0-1-0
DTX3L,82,11.270455844155846,1.0,2,4,1,2-4-1
DTYMK,58,8.90029090909091,1.0,1,1,1,1-1-1
DUS1L,19,10.666127272727271,1.0,0,3,1,0-3-1
DUS3L,41,8.005566233766235,1.0,0,0,1,0-0-1
DUSP12,46,8.162354545454544,1.0,0,1,1,0-1-1
DUSP14,52,8.699284415584417,0.6883116883116883,1,1,0,1-1-0
DUSP16,79,10.926109090909092,0.8831168831168831,2,4,0,2-4-0
DUSP22,118,9.18473116883117,0.9090909090909092,2,1,0,2-1-0
DUSP23,39,9.246792207792213,1.0,0,2,1,0-2-1
DUSP3,118,10.523041558441557,1.0,2,3,1,2-3-1
DUT,109,9.72814025974026,1.0,2,2,1,2-2-1
DVL1,177,9.622377922077925,0.948051948051948,3,2,0,3-2-0
DVL2,324,9.121585714285711,1.0,4,1,1,4-1-1
DVL3,208,11.299763636363638,1.0,3,4,1,3-4-1
DYM,57,9.533887012987014,1.0,1,2,1,1-2-1
DYNC1H1,428,13.299510389610393,1.0,4,4,1,4-4-1
DYNC1I1,85,4.162833766233765,0.5974025974025974,2,0,0,2-0-0
DYNC1I2,153,10.971015584415586,1.0,3,4,1,3-4-1
DYNC1LI1,156,9.873720779220774,1.0,3,2,1,3-2-1
DYNC1LI2,102,11.324955844155848,1.0,2,4,1,2-4-1
DYNC2H1,131,8.286074025974022,1.0,3,1,1,3-1-1
DYNC2LI1,45,8.44292077922078,0.8831168831168831,0,1,0,0-1-0
DYNLL1,307,11.911548051948047,1.0,4,4,1,4-4-1
DYNLL2,109,10.738164935064937,1.0,2,3,1,2-3-1
DYNLRB1,100,11.0680012987013,1.0,2,4,1,2-4-1
DYNLT1,115,10.560767532467532,1.0,2,3,1,2-3-1
DYNLT3,45,9.642550649350648,1.0,0,2,1,0-2-1
DYRK1A,302,10.862592207792208,1.0,4,3,1,4-3-1
DYRK1B,85,8.882753246753245,0.7922077922077922,2,1,0,2-1-0
DYSF,435,9.19346753246753,1.0,4,1,1,4-1-1
DZIP3,56,8.734616883116885,0.7662337662337663,1,1,0,1-1-0
E2F3,321,9.280183116883117,0.7142857142857143,4,2,0,4-2-0
E2F4,325,9.698727272727268,1.0,4,2,1,4-2-1
E4F1,56,8.9139,0.7792207792207793,1,1,0,1-1-0
EAF1,47,10.084935064935065,1.0,1,3,1,1-3-1
EAPP,42,9.687900000000003,1.0,0,2,1,0-2-1
EARS2,70,9.744314285714282,1.0,1,2,1,1-2-1
EBAG9,109,9.296089610389613,0.987012987012987,2,2,0,2-2-0
EBNA1BP2,215,10.38308051948052,1.0,3,3,1,3-3-1
ECD,90,9.457849350649353,1.0,2,2,1,2-2-1
ECE1,384,12.275742857142857,1.0,4,4,1,4-4-1
ECE2,72,7.783687012987013,1.0,1,0,1,1-0-1
ECH1,116,11.22923896103896,1.0,2,4,1,2-4-1
ECHDC1,51,9.152864935064937,1.0,1,1,1,1-1-1
ECHDC2,19,8.912890909090915,1.0,0,1,1,0-1-1
ECHDC3,16,7.962974025974023,1.0,0,0,1,0-0-1
ECHS1,160,11.226638961038963,1.0,3,4,1,3-4-1
ECM1,261,10.169510389610393,1.0,4,3,1,4-3-1
ECM2,17,8.22901298701299,1.0,0,1,1,0-1-1
ECSIT,82,9.084350649350652,1.0,2,1,1,2-1-1
ECT2,214,10.338502597402588,1.0,3,3,1,3-3-1
EDARADD,56,7.790471428571429,0.974025974025974,1,0,0,1-0-0
EDC3,131,9.661892207792208,1.0,3,2,1,3-2-1
EDC4,175,10.30832987012987,1.0,3,3,1,3-3-1
EDEM2,42,9.585455844155844,0.935064935064935,0,2,0,0-2-0
EDEM3,57,10.858605194805193,1.0,1,3,1,1-3-1
EDF1,105,11.618292207792214,1.0,2,4,1,2-4-1
EDIL3,130,7.444746753246753,0.8701298701298701,3,0,0,3-0-0
EEA1,150,9.463467532467535,1.0,3,2,1,3-2-1
EED,268,8.601824675324673,1.0,4,1,1,4-1-1
EEF1A1,687,16.222548051948046,1.0,4,4,1,4-4-1
EEF1A2,366,8.045889610389612,1.0,4,0,1,4-0-1
EEF1B2,221,11.655342857142857,1.0,3,4,1,3-4-1
EEF1D,304,12.874400000000007,1.0,4,4,1,4-4-1
EEF1E1,136,8.178012987012988,1.0,3,1,1,3-1-1
EEF1G,341,14.004585714285708,1.0,4,4,1,4-4-1
EEF2,423,15.486128571428566,1.0,4,4,1,4-4-1
EEF2K,211,10.386863636363637,1.0,3,3,1,3-3-1
EEFSEC,59,8.630388311688316,1.0,1,1,1,1-1-1
EEPD1,34,7.390853246753248,0.935064935064935,0,0,0,0-0-0
EFCAB7,23,7.096024675324676,0.922077922077922,0,0,0,0-0-0
EFEMP1,326,10.081185714285713,1.0,4,3,1,4-3-1
EFEMP2,147,9.527489610389612,1.0,3,2,1,3-2-1
EFHD1,51,12.069105194805196,1.0,1,4,1,1-4-1
EFHD2,139,9.945007792207793,1.0,3,2,1,3-2-1
EFNA1,111,11.162214285714287,0.922077922077922,2,4,0,2-4-0
EFNA5,74,8.140407792207789,0.8311688311688312,1,0,0,1-0-0
EFNB1,181,8.662648051948054,0.5714285714285714,3,1,0,3-1-0
EFNB2,229,9.419149350649349,0.7532467532467533,3,2,0,3-2-0
EFR3A,59,11.36440519480519,1.0,1,4,1,1-4-1
EFS,42,9.357723376623373,1.0,0,2,1,0-2-1
EFTUD2,389,11.108336363636361,1.0,4,4,1,4-4-1
EGFLAM,24,7.218276623376621,0.8701298701298701,0,0,0,0-0-0
EGFR,20322,7.4687168831168815,1.0,4,0,1,4-0-1
EGLN1,477,10.148596103896104,1.0,4,3,1,4-3-1
EGR1,1632,11.188062337662345,0.6363636363636364,4,4,0,4-4-0
EHBP1,87,9.595432467532467,1.0,2,2,1,2-2-1
EHBP1L1,38,9.750214285714286,1.0,0,2,1,0-2-1
EHD1,183,10.471389610389613,1.0,3,3,1,3-3-1
EHD2,97,10.529341558441564,1.0,2,3,1,2-3-1
EHD3,61,8.139324675324675,1.0,1,0,1,1-0-1
EHD4,108,10.305450649350654,1.0,2,3,1,2-3-1
EHF,94,10.476371428571426,0.7662337662337663,2,3,0,2-3-0
EHHADH,102,7.735072727272725,1.0,2,0,1,2-0-1
EHMT1,236,10.467336363636361,1.0,3,3,1,3-3-1
EHMT2,554,10.84447142857143,1.0,4,3,1,4-3-1
EIF1,76,13.252440259740258,1.0,1,4,1,1-4-1
EIF1AD,34,9.365825974025974,1.0,0,2,1,0-2-1
EIF1AX,119,10.87518961038961,1.0,2,4,1,2-4-1
EIF1B,29,9.13664285714286,1.0,0,1,1,0-1-1
EIF2A,140,10.993858441558443,1.0,3,4,1,3-4-1
EIF2AK1,66,12.35277012987013,0.8311688311688312,1,4,0,1-4-0
EIF2AK2,672,9.287576623376623,1.0,4,2,1,4-2-1
EIF2AK3,734,10.039479220779217,0.8961038961038961,4,3,0,4-3-0
EIF2AK4,298,10.480897402597401,1.0,4,3,1,4-3-1
EIF2B1,114,10.045801298701301,1.0,2,3,1,2-3-1
EIF2B2,100,9.040772727272728,1.0,2,1,1,2-1-1
EIF2B3,103,9.093781818181817,1.0,2,1,1,2-1-1
EIF2B4,135,9.665980519480517,1.0,3,2,1,3-2-1
EIF2B5,142,10.440385714285712,1.0,3,3,1,3-3-1
EIF2S1,465,10.70671818181818,1.0,4,3,1,4-3-1
EIF2S2,219,10.883268831168827,1.0,3,4,1,3-4-1
EIF2S3,240,12.551281818181819,1.0,3,4,1,3-4-1
EIF3A,335,12.5499987012987,1.0,4,4,1,4-4-1
EIF3B,299,12.121045454545449,1.0,4,4,1,4-4-1
EIF3D,256,12.00812987012987,1.0,4,4,1,4-4-1
EIF3E,268,12.665199999999999,1.0,4,4,1,4-4-1
EIF3F,245,11.096594805194805,1.0,3,4,1,3-4-1
EIF3G,217,11.023933766233766,1.0,3,4,1,3-4-1
EIF3H,207,12.632381818181818,1.0,3,4,1,3-4-1
EIF3I,266,11.87872337662338,1.0,4,4,1,4-4-1
EIF3J,107,10.588566233766235,1.0,2,3,1,2-3-1
EIF3K,140,11.380115584415583,1.0,3,4,1,3-4-1
EIF3L,220,12.554901298701298,1.0,3,4,1,3-4-1
EIF3M,160,11.344838961038963,1.0,3,4,1,3-4-1
EIF4A1,389,13.35288181818182,1.0,4,4,1,4-4-1
EIF4A2,151,12.59011558441558,1.0,3,4,1,3-4-1
EIF4A3,444,11.200485714285714,1.0,4,4,1,4-4-1
EIF4B,261,12.944722077922076,1.0,4,4,1,4-4-1
EIF4E,578,9.231096103896103,1.0,4,2,1,4-2-1
EIF4E2,150,10.461666233766236,1.0,3,3,1,3-3-1
EIF4E3,27,9.229042857142854,1.0,0,2,1,0-2-1
EIF4EBP1,1016,9.44918831168831,1.0,4,2,1,4-2-1
EIF4EBP2,92,11.94283376623377,1.0,2,4,1,2-4-1
EIF4EBP3,33,8.164425974025974,0.6233766233766234,0,1,0,0-1-0
EIF4ENIF1,150,9.488427272727279,1.0,3,2,1,3-2-1
EIF4G1,586,13.229053246753242,1.0,4,4,1,4-4-1
EIF4G2,264,14.202264935064932,1.0,4,4,1,4-4-1
EIF4G3,114,10.795153246753248,1.0,2,3,1,2-3-1
EIF4H,132,12.12717792207792,1.0,3,4,1,3-4-1
EIF5,151,11.964679220779225,1.0,3,4,1,3-4-1
EIF5A,274,12.43691558441559,1.0,4,4,1,4-4-1
EIF5A2,101,6.650570129870128,0.5714285714285714,2,0,0,2-0-0
EIF5B,203,12.108316883116883,1.0,3,4,1,3-4-1
EIF6,228,11.225702597402599,1.0,3,4,1,3-4-1
ELAC1,22,6.207723376623377,0.7272727272727273,0,0,0,0-0-0
ELAC2,162,10.349492207792206,1.0,3,3,1,3-3-1
ELANE,473,0.5458727272727273,1.0,4,0,1,4-0-1
ELAVL1,1288,11.10143766233766,1.0,4,4,1,4-4-1
ELAVL2,128,4.859951948051946,0.5064935064935064,3,0,0,3-0-0
ELF1,71,10.69022597402597,1.0,1,3,1,1-3-1
ELF2,107,9.670677922077926,1.0,2,2,1,2-2-1
ELF3,204,11.785628571428575,1.0,3,4,1,3-4-1
ELK1,532,9.783185714285711,0.8831168831168831,4,2,0,4-2-0
ELL,152,8.913961038961036,1.0,3,1,1,3-1-1
ELL2,85,10.112461038961035,0.5454545454545454,2,3,0,2-3-0
ELMO1,166,8.475988311688315,1.0,3,1,1,3-1-1
ELMO2,83,10.421661038961037,1.0,2,3,1,2-3-1
ELMO3,30,8.857383116883119,1.0,0,1,1,0-1-1
ELMOD2,35,8.015527272727272,1.0,0,0,1,0-0-1
ELN,313,9.323132467532469,0.8961038961038961,4,2,0,4-2-0
ELOF1,24,9.716450649350653,1.0,0,2,1,0-2-1
ELOVL5,119,12.53075584415584,0.948051948051948,2,4,0,2-4-0
ELP2,77,11.110261038961037,1.0,1,4,1,1-4-1
ELP3,117,9.351309090909094,1.0,2,2,1,2-2-1
ELP4,69,7.774774025974026,1.0,1,0,1,1-0-1
EMB,19,9.362946753246755,0.5454545454545454,0,2,0,0-2-0
EMD,412,10.14518311688312,1.0,4,3,1,4-3-1
EMILIN1,72,10.04071818181818,1.0,1,3,1,1-3-1
EMILIN2,45,8.009975324675326,1.0,0,0,1,0-0-1
EML1,48,8.084979220779223,1.0,1,0,1,1-0-1
EML2,45,9.526937662337664,1.0,0,2,1,0-2-1
EML3,35,9.372932467532463,1.0,0,2,1,0-2-1
EML4,228,10.519612987012987,1.0,3,3,1,3-3-1
ENAH,213,12.422485714285713,1.0,3,4,1,3-4-1
ENDOD1,47,10.27848961038961,1.0,1,3,1,1-3-1
ENDOG,76,7.3669740259740255,1.0,1,0,1,1-0-1
ENG,1808,11.19538051948052,1.0,4,4,1,4-4-1
ENGASE,23,8.301845454545456,1.0,0,1,1,0-1-1
ENO1,761,14.049994805194803,1.0,4,4,1,4-4-1
ENO2,321,9.109333766233762,1.0,4,1,1,4-1-1
ENO3,70,5.27372077922078,1.0,1,0,1,1-0-1
ENOPH1,35,10.056942857142852,1.0,0,3,1,0-3-1
ENOSF1,35,8.710098701298703,1.0,0,1,1,0-1-1
ENOX2,50,8.446753246753246,0.7012987012987013,1,1,0,1-1-0
ENPEP,61,7.639724675324676,0.948051948051948,1,0,0,1-0-0
ENPP1,282,10.489067532467535,1.0,4,3,1,4-3-1
ENPP2,207,8.683961038961037,1.0,3,1,1,3-1-1
ENPP4,22,8.910332467532465,1.0,0,1,1,0-1-1
ENPP5,16,9.012746753246757,0.6883116883116883,0,1,0,0-1-0
ENSA,64,12.465919480519482,1.0,1,4,1,1-4-1
ENTPD1,357,10.23007142857143,1.0,4,3,1,4-3-1
ENTPD2,28,7.689523376623376,0.6233766233766234,0,0,0,0-0-0
ENTPD5,54,7.937387012987013,1.0,1,0,1,1-0-1
ENTPD6,40,10.818888311688312,0.7012987012987013,0,3,0,0-3-0
ENY2,76,9.62261948051948,1.0,1,2,1,1-2-1
EP300,2000,11.42108701298701,1.0,4,4,1,4-4-1
EP400,177,10.540724675324675,1.0,3,3,1,3-3-1
EPB41,209,10.292983116883118,1.0,3,3,1,3-3-1
EPB41L1,93,10.720485714285713,1.0,2,3,1,2-3-1
EPB41L2,168,10.013941558441559,1.0,3,3,1,3-3-1
EPB41L3,246,9.200966233766232,1.0,3,2,1,3-2-1
EPB41L4A,23,8.69361168831169,0.7272727272727273,0,1,0,0-1-0
EPB41L4B,60,8.873309090909094,1.0,1,1,1,1-1-1
EPB41L5,96,9.16147142857143,1.0,2,1,1,2-1-1
EPB42,46,0.7706454545454546,1.0,0,0,1,0-0-1
EPC1,89,8.925570129870135,1.0,2,1,1,2-1-1
EPC2,51,9.17716883116883,0.961038961038961,1,1,0,1-1-0
EPCAM,1188,12.307776623376625,1.0,4,4,1,4-4-1
EPDR1,47,7.354828571428572,0.5844155844155844,1,0,0,1-0-0
EPHA1,86,8.457964935064938,0.6233766233766234,2,1,0,2-1-0
EPHB2,272,7.679958441558445,0.7662337662337663,4,0,0,4-0-0
EPHB3,66,10.407025974025972,1.0,1,3,1,1-3-1
EPHB4,240,11.177383116883115,1.0,3,4,1,3-4-1
EPHX1,486,11.503650649350645,1.0,4,4,1,4-4-1
EPHX2,217,8.29805064935065,1.0,3,1,1,3-1-1
EPM2A,101,7.089342857142857,0.8831168831168831,2,0,0,2-0-0
EPM2AIP1,50,9.791302597402597,1.0,1,2,1,1-2-1
EPN1,111,11.006905194805196,1.0,2,4,1,2-4-1
EPN2,87,9.838916883116882,1.0,2,2,1,2-2-1
EPN3,41,9.399609090909092,1.0,0,2,1,0-2-1
EPS15,283,10.640914285714286,1.0,4,3,1,4-3-1
EPS15L1,129,10.06841038961039,1.0,3,3,1,3-3-1
EPS8,193,9.908796103896103,1.0,3,2,1,3-2-1
EPS8L1,29,8.964914285714288,1.0,0,1,1,0-1-1
EPS8L2,48,10.129825974025977,1.0,1,3,1,1-3-1
EPSTI1,42,8.000354545454542,0.961038961038961,0,0,0,0-0-0
ERAL1,112,10.17921948051948,1.0,2,3,1,2-3-1
ERAP1,445,10.484350649350647,1.0,4,3,1,4-3-1
ERAP2,205,8.876205194805191,1.0,3,1,1,3-1-1
ERBB2,17049,13.11088311688312,1.0,4,4,1,4-4-1
ERBB3,1056,12.690433766233765,0.987012987012987,4,4,0,4-4-0
ERBB4,1053,7.906661038961036,0.8051948051948052,4,0,0,4-0-0
ERC1,162,10.578001298701299,1.0,3,3,1,3-3-1
ERC2,56,2.5657909090909103,0.8571428571428571,1,0,0,1-0-0
ERCC1,1525,9.796424675324678,1.0,4,2,1,4-2-1
ERCC2,1322,8.6078025974026,1.0,4,1,1,4-1-1
ERCC3,237,10.013579220779219,1.0,3,3,1,3-3-1
ERCC4,280,8.508444155844156,1.0,4,1,1,4-1-1
ERCC5,310,10.043227272727275,1.0,4,3,1,4-3-1
ERCC6,433,8.335003896103895,0.961038961038961,4,1,0,4-1-0
ERCC6L,112,7.329599999999999,1.0,2,0,1,2-0-1
ERCC8,195,7.254967532467533,0.6883116883116883,3,0,0,3-0-0
ERF,72,9.788114285714284,1.0,1,2,1,1-2-1
ERG,1369,7.891780519480518,0.922077922077922,4,0,0,4-0-0
ERGIC1,90,12.755424675324674,1.0,2,4,1,2-4-1
ERGIC2,57,9.718832467532467,1.0,1,2,1,1-2-1
ERGIC3,70,12.348915584415582,0.961038961038961,1,4,0,1-4-0
ERH,215,11.03955064935065,1.0,3,4,1,3-4-1
ERI1,54,8.547345454545457,1.0,1,1,1,1-1-1
ERI3,30,9.897342857142855,1.0,0,2,1,0-2-1
ERICH1,17,7.44553766233766,0.935064935064935,0,0,0,0-0-0
ERLEC1,88,10.804723376623375,1.0,2,3,1,2-3-1
ERLIN1,172,9.973079220779224,1.0,3,2,1,3-2-1
ERLIN2,217,10.62916363636364,1.0,3,3,1,3-3-1
ERMP1,41,11.092101298701298,1.0,0,4,1,0-3-1
ERN1,930,7.419748051948052,0.5454545454545454,4,0,0,4-0-0
ERP29,156,11.548718181818181,1.0,3,4,1,3-4-1
ERP44,154,10.518983116883117,1.0,3,3,1,3-3-1
ERRFI1,162,10.3557025974026,0.6623376623376623,3,3,0,3-3-0
ESAM,46,9.05261168831169,0.6363636363636364,0,1,0,0-1-0
ESCO1,51,9.151294805194807,0.5714285714285714,1,1,0,1-1-0
ESD,358,10.403137662337663,1.0,4,3,1,4-3-1
ESF1,93,8.97657272727273,1.0,2,1,1,2-1-1
ESPN,36,7.562480519480517,0.987012987012987,0,0,0,0-0-0
ESR1,5980,11.165784415584412,1.0,4,4,1,4-4-1
ESRP1,125,11.807110389610388,1.0,2,4,1,2-4-1
ESRP2,65,10.403901298701296,1.0,1,3,1,1-3-1
ESRRA,231,9.018279220779219,0.8961038961038961,3,1,0,3-1-0
ESYT1,184,11.64120909090909,1.0,3,4,1,3-4-1
ESYT2,162,11.654087012987016,1.0,3,4,1,3-4-1
ETF1,241,11.487459740259743,1.0,3,4,1,3-4-1
ETFA,180,10.168094805194812,1.0,3,3,1,3-3-1
ETFB,130,9.191468831168834,1.0,3,1,1,3-1-1
ETFDH,61,8.646592207792208,1.0,1,1,1,1-1-1
ETHE1,94,8.925841558441562,1.0,2,1,1,2-1-1
ETNK1,31,10.321906493506495,0.974025974025974,0,3,0,0-3-0
ETNK2,21,9.393857142857138,0.8051948051948052,0,2,0,0-2-0
ETS1,1014,10.933218181818182,1.0,4,4,1,4-4-1
ETV3,45,7.983415584415583,0.922077922077922,0,0,0,0-0-0
ETV6,329,10.615675324675328,1.0,4,3,1,4-3-1
EVI2B,20,8.49558571428571,0.935064935064935,0,1,0,0-1-0
EVI5,68,8.427279220779223,1.0,1,1,1,1-1-1
EVI5L,36,8.595611688311688,1.0,0,1,1,0-1-1
EVL,86,11.508383116883115,1.0,2,4,1,2-4-1
EVPL,59,9.92898961038961,1.0,1,2,1,1-2-1
EWSR1,1074,11.985059740259743,1.0,4,4,1,4-4-1
EXD2,61,9.647212987012988,1.0,1,2,1,1-2-1
EXOC1,83,9.719393506493505,1.0,2,2,1,2-2-1
EXOC2,131,10.279907792207792,1.0,3,3,1,3-3-1
EXOC3,117,10.108002597402596,1.0,2,3,1,2-3-1
EXOC3L2,21,5.8970090909090915,0.8181818181818182,0,0,0,0-0-0
EXOC4,191,10.638936363636365,1.0,3,3,1,3-3-1
EXOC5,89,10.383157142857145,1.0,2,3,1,2-3-1
EXOC6,69,9.295684415584418,1.0,1,2,1,1-2-1
EXOC6B,54,7.2400870129870105,1.0,1,0,1,1-0-1
EXOC7,117,11.476645454545453,1.0,2,4,1,2-4-1
EXOC8,72,9.091919480519485,1.0,1,1,1,1-1-1
EXOSC1,94,8.587302597402601,1.0,2,1,1,2-1-1
EXOSC10,284,10.536605194805196,1.0,4,3,1,4-3-1
EXOSC2,165,8.84315974025974,1.0,3,1,1,3-1-1
EXOSC3,149,8.557506493506493,1.0,3,1,1,3-1-1
EXOSC4,137,8.719757142857146,1.0,3,1,1,3-1-1
EXOSC5,111,8.687829870129868,1.0,2,1,1,2-1-1
EXOSC6,111,8.147672727272726,1.0,2,0,1,2-0-1
EXOSC7,101,8.815423376623377,1.0,2,1,1,2-1-1
EXOSC8,120,8.014727272727272,1.0,2,0,1,2-0-1
EXOSC9,146,8.928203896103895,1.0,3,1,1,3-1-1
EXPH5,58,7.948085714285715,0.7012987012987013,1,0,0,1-0-0
EXT1,145,10.071315584415583,0.7532467532467533,3,3,0,3-3-0
EXT2,150,10.795481818181818,0.8571428571428571,3,3,0,3-3-0
EXTL2,51,8.13566233766234,0.922077922077922,1,0,0,1-0-0
EYA3,59,7.1127025974025955,1.0,1,0,1,1-0-1
EZH1,116,9.28041688311688,0.961038961038961,2,2,0,2-2-0
EZH2,3113,8.927249350649351,1.0,4,1,1,4-1-1
EZR,679,12.922485714285711,1.0,4,4,1,4-4-1
F10,324,4.193376623376626,1.0,4,0,1,4-0-1
F11,239,0.20225844155844153,1.0,3,0,1,3-0-1
F11R,310,12.721575324675323,1.0,4,4,1,4-4-1
F12,231,6.664415584415584,1.0,3,0,1,3-0-1
F13A1,363,9.195075324675326,1.0,4,1,1,4-1-1
F13B,81,0.18303896103896103,1.0,2,0,1,2-0-1
F2,1493,0.23376753246753246,1.0,4,0,1,4-0-1
F3,649,7.919620779220779,0.6493506493506493,4,0,0,4-0-0
F5,1347,5.561105194805196,1.0,4,0,1,4-0-1
F7,485,5.419885714285716,1.0,4,0,1,4-0-1
F9,305,0.15051298701298702,1.0,4,0,1,4-0-1
FAAH,186,8.777197402597402,1.0,3,1,1,3-1-1
FAAH2,14,7.9035909090909096,0.7012987012987013,0,0,0,0-0-0
FABP3,489,6.321646753246754,1.0,4,0,1,4-0-1
FABP4,829,7.26326883116883,1.0,4,0,1,4-0-1
FABP6,42,2.103562337662338,0.5714285714285714,0,0,0,0-0-0
FABP7,680,3.5365402597402613,1.0,4,0,1,4-0-1
FADD,939,9.644649350649352,1.0,4,2,1,4-2-1
FADS2,385,10.91809220779221,1.0,4,4,1,4-4-1
FAF1,181,9.843541558441556,1.0,3,2,1,3-2-1
FAF2,226,10.855066233766234,1.0,3,3,1,3-3-1
FAH,71,9.785094805194808,1.0,1,2,1,1-2-1
FAHD1,54,9.395205194805193,1.0,1,2,1,1-2-1
FAHD2A,26,8.145797402597402,1.0,0,0,1,0-0-1
FAHD2B,9,7.885054545454547,0.9090909090909092,0,0,0,0-0-0
FAIM,66,8.121041558441556,1.0,1,0,1,1-0-1
FAM107B,29,10.799696103896101,1.0,0,3,1,0-3-1
FAM110A,27,9.217314285714288,0.974025974025974,0,2,0,0-2-0
FAM110B,31,8.448896103896102,0.7142857142857143,0,1,0,0-1-0
FAM111A,49,9.974615584415586,1.0,1,2,1,1-2-1
FAM111B,70,9.090096103896105,1.0,1,1,1,1-1-1
FAM114A1,31,9.540198701298698,1.0,0,2,1,0-2-1
FAM114A2,44,8.784728571428571,1.0,0,1,1,0-1-1
FAM117A,17,8.39148831168831,0.7532467532467533,0,1,0,0-1-0
FAM117B,40,8.858174025974025,1.0,0,1,1,0-1-1
FAM120A,200,12.377302597402599,1.0,3,4,1,3-4-1
FAM120B,40,9.64352857142857,1.0,0,2,1,0-2-1
FAM120C,51,8.530663636363636,1.0,1,1,1,1-1-1
FAM133B,38,6.714632467532468,1.0,0,0,1,0-0-1
FAM13A,114,8.37156753246753,0.7402597402597403,2,1,0,2-1-0
FAM151B,7,4.5625610389610385,0.9090909090909092,0,0,0,0-0-0
FAM162A,56,9.989527272727273,1.0,1,2,1,1-2-1
FAM168A,48,8.028158441558446,1.0,1,0,1,1-0-1
FAM168B,18,11.196987012987009,0.9090909090909092,0,4,0,0-4-0
FAM169A,30,6.295410389610389,0.935064935064935,0,0,0,0-0-0
FAM177A1,27,9.8538987012987,1.0,0,2,1,0-2-1
FAM184A,34,5.684585714285716,0.7662337662337663,0,0,0,0-0-0
FAM185A,12,6.590548051948054,0.987012987012987,0,0,0,0-0-0
FAM186A,12,1.8830129870129872,0.7532467532467533,0,0,0,0-0-0
FAM193A,45,9.556970129870134,0.935064935064935,0,2,0,0-2-0
FAM193B,35,8.9060012987013,0.7532467532467533,0,1,0,0-1-0
FAM199X,23,9.320688311688313,0.6233766233766234,0,2,0,0-2-0
FAM20B,43,11.165010389610387,1.0,0,4,1,0-3-1
FAM20C,94,9.298459740259743,0.7402597402597403,2,2,0,2-2-0
FAM32A,45,10.682466233766238,1.0,0,3,1,0-3-1
FAM3B,51,5.190261038961039,0.5064935064935064,1,0,0,1-0-0
FAM3C,96,9.843431168831172,1.0,2,2,1,2-2-1
FAM50A,82,10.216264935064935,1.0,2,3,1,2-3-1
FAM50B,32,7.280168831168831,0.935064935064935,0,0,0,0-0-0
FAM53B,25,9.738053246753246,0.922077922077922,0,2,0,0-2-0
FAM76A,17,7.882235064935065,0.922077922077922,0,0,0,0-0-0
FAM76B,49,8.034763636363639,1.0,1,0,1,1-0-1
FAM89B,15,10.036542857142855,1.0,0,3,1,0-3-1
FAM8A1,32,10.305764935064936,0.8181818181818182,0,3,0,0-3-0
FAM91A1,78,10.646299999999998,1.0,2,3,1,2-3-1
FANCD2,577,9.026533766233767,0.961038961038961,4,1,0,4-1-0
FANCI,266,10.1171974025974,1.0,4,3,1,4-3-1
FAP,188,9.68276753246753,1.0,3,2,1,3-2-1
FAR1,108,10.28244285714286,0.961038961038961,2,3,0,2-3-0
FARP1,89,11.426870129870133,1.0,2,4,1,2-4-1
FARP2,80,8.139381818181818,1.0,2,0,1,2-0-1
FARS2,85,7.9220311688311655,1.0,2,0,1,2-0-1
FARSA,198,10.377311688311687,1.0,3,3,1,3-3-1
FARSB,151,10.149092207792204,1.0,3,3,1,3-3-1
FAS,1262,7.785862337662336,1.0,4,0,1,4-0-1
FASN,956,13.767145454545453,1.0,4,4,1,4-4-1
FASTKD1,37,8.199835064935066,0.8961038961038961,0,1,0,0-1-0
FASTKD2,88,9.72105844155844,1.0,2,2,1,2-2-1
FASTKD5,79,8.87572207792208,1.0,2,1,1,2-1-1
FAT1,266,11.216015584415585,1.0,4,4,1,4-4-1
FAU,183,12.294190909090911,1.0,3,4,1,3-4-1
FBL,315,11.288719480519482,1.0,4,4,1,4-4-1
FBLIM1,75,9.99873246753247,1.0,1,3,1,1-3-1
FBLN1,148,11.535946753246751,1.0,3,4,1,3-4-1
FBLN2,64,10.967258441558439,1.0,1,4,1,1-4-1
FBLN5,224,9.525619480519483,1.0,3,2,1,3-2-1
FBLN7,26,7.118287012987014,1.0,0,0,1,0-0-1
FBN1,1323,12.145423376623377,1.0,4,4,1,4-4-1
FBP1,174,9.92391038961039,1.0,3,2,1,3-2-1
FBP2,34,0.40576493506493516,1.0,0,0,1,0-0-1
FBRSL1,38,9.024944155844157,0.6363636363636364,0,1,0,0-1-0
FBXL12,57,8.147937662337663,0.922077922077922,1,0,0,1-0-0
FBXL15,32,6.906429870129868,1.0,0,0,1,0-0-1
FBXL17,42,8.955645454545452,0.8701298701298701,0,1,0,0-1-0
FBXL18,53,8.408828571428575,1.0,1,1,1,1-1-1
FBXL19,57,9.135363636363634,0.6233766233766234,1,1,0,1-1-0
FBXL20,35,7.725048051948048,0.974025974025974,0,0,0,0-0-0
FBXL3,59,10.121574025974022,0.6493506493506493,1,3,0,1-3-0
FBXL4,70,8.296998701298701,0.6103896103896104,1,1,0,1-1-0
FBXL6,36,8.884333766233764,1.0,0,1,1,0-1-1
FBXL8,29,5.347268831168832,1.0,0,0,1,0-0-1
FBXO11,155,10.508855844155839,1.0,3,3,1,3-3-1
FBXO2,92,6.963633766233766,1.0,2,0,1,2-0-1
FBXO21,62,10.224558441558443,1.0,1,3,1,1-3-1
FBXO22,124,8.945125974025975,1.0,2,1,1,2-1-1
FBXO28,72,10.625222077922079,1.0,1,3,1,1-3-1
FBXO3,94,9.433946753246756,1.0,2,2,1,2-2-1
FBXO30,48,8.838272727272726,1.0,1,1,1,1-1-1
FBXO38,54,9.641137662337663,1.0,1,2,1,1-2-1
FBXO4,78,7.68300909090909,1.0,2,0,1,2-0-1
FBXO42,41,8.868025974025974,1.0,0,1,1,0-1-1
FBXO44,46,8.146449350649352,0.987012987012987,0,0,0,0-0-0
FBXO45,68,9.539090909090909,0.974025974025974,1,2,0,1-2-0
FBXO46,34,9.116746753246751,0.6753246753246753,0,1,0,0-1-0
FBXO6,68,8.4765,1.0,1,1,1,1-1-1
FBXO7,156,10.981167532467532,1.0,3,4,1,3-4-1
FBXO9,44,9.998550649350653,0.974025974025974,0,3,0,0-3-0
FBXW11,214,10.211770129870125,1.0,3,3,1,3-3-1
FBXW2,70,10.864000000000004,1.0,1,3,1,1-3-1
FBXW5,78,10.418507792207793,0.8701298701298701,2,3,0,2-3-0
FBXW8,81,8.900964935064938,1.0,2,1,1,2-1-1
FBXW9,24,7.97700779220779,1.0,0,0,1,0-0-1
FCER1G,87,9.12414155844156,1.0,2,1,1,2-1-1
FCF1,40,9.60843896103896,0.987012987012987,0,2,0,0-2-0
FCGR1A,315,6.978938961038959,0.8961038961038961,4,0,0,4-0-0
FCGR2A,684,9.759842857142859,0.6103896103896104,4,2,0,4-2-0
FCGR2B,357,7.554814285714282,0.9090909090909092,4,0,0,4-0-0
FCGR3A,494,10.642424675324682,1.0,4,3,1,4-3-1
FCGR3B,213,3.5119103896103905,0.5974025974025974,3,0,0,3-0-0
FCGRT,147,10.938637662337667,1.0,3,4,1,3-4-1
FCHO1,51,6.234153246753248,0.6233766233766234,1,0,0,1-0-0
FCHO2,72,9.41295064935065,1.0,1,2,1,1-2-1
FCHSD1,24,7.7265441558441585,1.0,0,0,1,0-0-1
FCHSD2,56,9.562311688311688,1.0,1,2,1,1-2-1
FCN1,85,4.81576233766234,0.922077922077922,2,0,0,2-0-0
FCN2,132,1.4969805194805197,0.974025974025974,3,0,0,3-0-0
FCN3,163,4.280628571428573,1.0,3,0,1,3-0-1
FCRLB,13,5.085223376623377,0.5194805194805194,0,0,0,0-0-0
FDFT1,133,11.279312987012988,1.0,3,4,1,3-4-1
FDPS,127,11.218549350649349,1.0,2,4,1,2-4-1
FDX1,67,8.225197402597406,1.0,1,1,1,1-1-1
FDXR,84,8.017189610389613,1.0,2,0,1,2-0-1
FECH,181,9.33898051948052,1.0,3,2,1,3-2-1
FEM1A,40,9.98837142857143,0.7012987012987013,0,2,0,0-2-0
FEM1B,61,10.855264935064936,1.0,1,3,1,1-3-1
FEM1C,29,9.733280519480525,0.6883116883116883,0,2,0,0-2-0
FEN1,561,9.871927272727273,1.0,4,2,1,4-2-1
FER,107,5.6087753246753245,1.0,2,0,1,2-0-1
FERMT1,177,4.600833766233766,0.5714285714285714,3,0,0,3-0-0
FERMT2,166,9.786507792207791,1.0,3,2,1,3-2-1
FERMT3,252,8.578858441558442,1.0,4,1,1,4-1-1
FES,161,7.531161038961038,1.0,3,0,1,3-0-1
FETUB,52,0.34203766233766236,1.0,1,0,1,1-0-1
FEZ2,32,9.464858441558444,1.0,0,2,1,0-2-1
FGA,450,0.8402506493506494,1.0,4,0,1,4-0-1
FGB,501,1.8117961038961035,1.0,4,0,1,4-0-1
FGD1,98,8.666511688311685,0.974025974025974,2,1,0,2-1-0
FGD2,21,6.627349350649351,1.0,0,0,1,0-0-1
FGD3,21,8.899287012987013,1.0,0,1,1,0-1-1
FGD4,64,8.131805194805194,1.0,1,0,1,1-0-1
FGD5,73,8.925145454545456,1.0,1,1,1,1-1-1
FGD6,40,9.461859740259744,1.0,0,2,1,0-2-1
FGF1,262,7.396490909090908,1.0,4,0,1,4-0-1
FGF2,880,6.525751948051948,1.0,4,0,1,4-0-1
FGFR1,1859,10.645380519480518,0.7532467532467533,4,3,0,4-3-0
FGFR1OP2,40,8.80026623376623,1.0,0,1,1,0-1-1
FGFR2,1581,9.378088311688312,0.5064935064935064,4,2,0,4-2-0
FGG,380,1.4347987012987016,1.0,4,0,1,4-0-1
FGGY,29,6.820606493506493,1.0,0,0,1,0-0-1
FGL2,151,8.995957142857144,1.0,3,1,1,3-1-1
FGR,114,7.248528571428571,0.5194805194805194,2,0,0,2-0-0
FH,222,10.910333766233764,1.0,3,4,1,3-4-1
FHIT,357,5.389680519480522,1.0,4,0,1,4-0-1
FHL1,310,8.81504285714286,1.0,4,1,1,4-1-1
FHL2,345,10.050683116883114,1.0,4,3,1,4-3-1
FHL3,96,8.587792207792207,1.0,2,1,1,2-1-1
FHL5,54,4.210503896103898,0.7662337662337663,1,0,0,1-0-0
FHOD1,112,9.22188441558442,1.0,2,2,1,2-2-1
FIBIN,7,8.228119480519478,0.961038961038961,0,1,0,0-1-0
FIBP,65,10.194705194805197,1.0,1,3,1,1-3-1
FIG4,112,9.248258441558441,1.0,2,2,1,2-2-1
FIGNL1,64,8.535128571428569,0.8311688311688312,1,1,0,1-1-0
FILIP1,42,6.1104987012987015,0.7142857142857143,0,0,0,0-0-0
FILIP1L,71,9.436207792207794,1.0,1,2,1,1-2-1
FIP1L1,256,9.735141558441564,1.0,4,2,1,4-2-1
FIS1,209,10.216346753246754,1.0,3,3,1,3-3-1
FIZ1,22,8.593484415584417,0.8441558441558441,0,1,0,0-1-0
FKBP10,144,11.199774025974023,1.0,3,4,1,3-4-1
FKBP11,37,8.864564935064935,1.0,0,1,1,0-1-1
FKBP14,55,7.839614285714284,1.0,1,0,1,1-0-1
FKBP15,70,10.228085714285713,1.0,1,3,1,1-3-1
FKBP1A,226,12.113424675324671,1.0,3,4,1,3-4-1
FKBP2,47,9.511902597402598,1.0,1,2,1,1-2-1
FKBP3,132,10.353466233766229,1.0,3,3,1,3-3-1
FKBP4,268,12.853411688311686,1.0,4,4,1,4-4-1
FKBP5,459,10.721405194805197,1.0,4,3,1,4-3-1
FKBP7,37,7.964375324675327,1.0,0,0,1,0-0-1
FKBP8,248,11.801235064935062,1.0,4,4,1,4-4-1
FKBP9,36,11.594779220779222,1.0,0,4,1,0-3-1
FKBPL,59,7.586780519480521,1.0,1,0,1,1-0-1
FLAD1,75,10.364981818181814,1.0,1,3,1,1-3-1
FLCN,406,9.039294805194807,1.0,4,1,1,4-1-1
FLI1,222,8.335442857142858,1.0,3,1,1,3-1-1
FLII,286,11.508602597402595,1.0,4,4,1,4-4-1
FLNA,875,13.975016883116888,1.0,4,4,1,4-4-1
FLNB,324,13.597380519480522,1.0,4,4,1,4-4-1
FLNC,351,7.166516883116884,1.0,4,0,1,4-0-1
FLOT1,257,11.83597142857143,1.0,4,4,1,4-4-1
FLOT2,234,11.25333116883117,1.0,3,4,1,3-4-1
FLT1,2122,10.017014285714286,1.0,4,3,1,4-3-1
FLVCR1,120,7.9834623376623375,0.7402597402597403,2,0,0,2-0-0
FLYWCH2,30,8.910153246753254,1.0,0,1,1,0-1-1
FMN1,35,6.049931168831171,1.0,0,0,1,0-0-1
FMNL1,75,8.992153246753245,1.0,1,1,1,1-1-1
FMNL2,106,9.307541558441558,1.0,2,2,1,2-2-1
FMNL3,59,9.882094805194807,1.0,1,2,1,1-2-1
FMO1,50,6.687711688311693,0.7922077922077922,1,0,0,1-0-0
FMO3,136,5.478218181818181,0.5194805194805194,3,0,0,3-0-0
FMO5,32,7.433575324675325,0.922077922077922,0,0,0,0-0-0
FMOD,157,10.706000000000005,1.0,3,3,1,3-3-1
FMR1,2475,10.173681818181818,1.0,4,3,1,4-3-1
FN1,1266,16.377670129870125,1.0,4,4,1,4-4-1
FN3K,41,8.712349350649351,1.0,0,1,1,0-1-1
FN3KRP,71,9.860815584415592,1.0,1,2,1,1-2-1
FNBP1,104,10.331542857142855,1.0,2,3,1,2-3-1
FNBP1L,77,11.310415584415583,1.0,1,4,1,1-4-1
FNBP4,66,9.981314285714285,1.0,1,2,1,1-2-1
FNDC1,28,10.125498701298701,1.0,0,3,1,0-3-1
FNDC3A,72,10.288414285714282,1.0,1,3,1,1-3-1
FNDC3B,112,10.974090909090913,1.0,2,4,1,2-4-1
FNIP1,64,9.745924675324673,0.922077922077922,1,2,0,1-2-0
FNTA,81,10.436215584415589,1.0,2,3,1,2-3-1
FNTB,65,9.241650649350648,0.948051948051948,1,2,0,1-2-0
FOLH1,2055,6.3727064935064925,0.7402597402597403,4,0,0,4-0-0
FOLR2,103,6.928499999999999,1.0,2,0,1,2-0-1
FOSB,171,8.215361038961039,0.6753246753246753,3,1,0,3-1-0
FOSL2,201,10.624527272727269,1.0,3,3,1,3-3-1
FOXA1,799,11.653496103896108,1.0,4,4,1,4-4-1
FOXJ2,57,9.698700000000002,0.922077922077922,1,2,0,1-2-0
FOXJ3,47,10.650596103896108,1.0,1,3,1,1-3-1
FOXK1,219,9.737689610389612,1.0,3,2,1,3-2-1
FOXK2,134,10.855012987012985,1.0,3,3,1,3-3-1
FOXN3,72,10.097746753246753,0.7012987012987013,1,3,0,1-3-0
FOXO1,2112,8.958741558441556,0.935064935064935,4,1,0,4-1-0
FOXO3,1756,11.045723376623377,1.0,4,4,1,4-4-1
FOXP1,479,10.730440259740258,1.0,4,3,1,4-3-1
FOXP4,99,11.147524675324679,1.0,2,4,1,2-4-1
FOXRED1,59,8.573611688311686,1.0,1,1,1,1-1-1
FOXRED2,38,10.15499610389611,0.5584415584415584,0,3,0,0-3-0
FPGS,90,9.692802597402599,1.0,2,2,1,2-2-1
FPGT,12,8.731941558441559,1.0,0,1,1,0-1-1
FRG1,133,9.179263636363636,1.0,3,1,1,3-1-1
FRK,95,6.751166233766235,1.0,2,0,1,2-0-1
FRMD4A,41,9.415050649350649,1.0,0,2,1,0-2-1
FRMD6,68,10.197993506493507,1.0,1,3,1,1-3-1
FRMD8,26,9.958512987012984,1.0,0,2,1,0-2-1
FRS2,209,10.35748441558442,0.9090909090909092,3,3,0,3-3-0
FRY,36,9.086394805194807,0.922077922077922,0,1,0,0-1-0
FRYL,60,10.37200649350649,1.0,1,3,1,1-3-1
FRZB,79,7.595335064935066,0.948051948051948,2,0,0,2-0-0
FSCN1,473,10.140866233766236,1.0,4,3,1,4-3-1
FSD1L,16,6.146615584415587,0.7402597402597403,0,0,0,0-0-0
FST,181,6.358302597402596,1.0,3,0,1,3-0-1
FSTL1,238,12.547218181818183,1.0,3,4,1,3-4-1
FSTL3,101,8.430981818181815,0.7792207792207793,2,1,0,2-1-0
FTH1,374,15.187461038961043,1.0,4,4,1,4-4-1
FTL,307,14.901441558441556,1.0,4,4,1,4-4-1
FTO,1981,10.081755844155841,1.0,4,3,1,4-3-1
FTSJ1,75,9.511070129870129,1.0,1,2,1,1-2-1
FTSJ3,182,10.45347922077922,1.0,3,3,1,3-3-1
FUBP1,316,10.78877922077922,1.0,4,3,1,4-3-1
FUBP3,199,10.1875025974026,1.0,3,3,1,3-3-1
FUCA1,109,9.949780519480521,1.0,2,2,1,2-2-1
FUCA2,51,10.53357532467533,1.0,1,3,1,1-3-1
FUNDC1,89,8.660128571428572,0.8441558441558441,2,1,0,2-1-0
FUNDC2,51,10.22926623376623,1.0,1,3,1,1-3-1
FURIN,491,11.20577662337662,0.5714285714285714,4,4,0,4-4-0
FUS,1179,12.287520779220777,1.0,4,4,1,4-4-1
FUT5,22,0.8581636363636367,0.5194805194805194,0,0,0,0-0-0
FUT8,127,10.108981818181816,1.0,2,3,1,2-3-1
FXN,237,7.634692207792208,1.0,3,0,1,3-0-1
FXR1,419,11.353274025974025,1.0,4,4,1,4-4-1
FXR2,237,9.652575324675325,1.0,3,2,1,3-2-1
FYCO1,106,10.301957142857141,1.0,2,3,1,2-3-1
FYTTD1,67,10.897797402597405,1.0,1,4,1,1-4-1
FZD1,116,10.07585974025974,0.961038961038961,2,3,0,2-3-0
FZD6,105,9.651727272727278,0.8961038961038961,2,2,0,2-2-0
FZD7,192,9.66857012987013,0.8961038961038961,3,2,0,3-2-0
FZR1,299,9.946403896103893,0.7792207792207793,4,2,0,4-2-0
G3BP1,715,11.41842077922078,1.0,4,4,1,4-4-1
G3BP2,303,11.809533766233768,1.0,4,4,1,4-4-1
G6PC3,99,10.360427272727271,0.7272727272727273,2,3,0,2-3-0
G6PD,641,10.488293506493507,1.0,4,3,1,4-3-1
GAA,551,11.610507792207793,1.0,4,4,1,4-4-1
GAB1,225,9.483197402597401,1.0,3,2,1,3-2-1
GAB2,257,9.738314285714289,1.0,4,2,1,4-2-1
GABARAP,295,12.410554545454547,1.0,4,4,1,4-4-1
GABARAPL1,162,9.501915584415586,0.5584415584415584,3,2,0,3-2-0
GABARAPL2,238,10.440223376623381,1.0,3,3,1,3-3-1
GABPA,143,9.561572727272729,1.0,3,2,1,3-2-1
GABPB1,68,8.986958441558437,1.0,1,1,1,1-1-1
GABPB2,23,7.309661038961037,0.961038961038961,0,0,0,0-0-0
GADD45GIP1,107,9.283627272727273,1.0,2,2,1,2-2-1
GAK,161,10.711175324675326,1.0,3,3,1,3-3-1
GAL3ST4,17,8.43808181818182,0.6623376623376623,0,1,0,0-1-0
GALC,90,9.481911688311689,1.0,2,2,1,2-2-1
GALE,76,9.245045454545457,1.0,1,2,1,1-2-1
GALK1,139,8.171554545454546,1.0,3,1,1,3-1-1
GALK2,25,8.369987012987012,1.0,0,1,1,0-1-1
GALM,27,8.512083116883117,1.0,0,1,1,0-1-1
GALNS,222,8.843164935064937,1.0,3,1,1,3-1-1
GALNT1,76,11.474236363636363,1.0,1,4,1,1-4-1
GALNT10,36,10.53593116883117,0.935064935064935,0,3,0,0-3-0
GALNT2,162,11.138972727272732,1.0,3,4,1,3-4-1
GALNT3,89,9.241550649350646,1.0,2,2,1,2-2-1
GALNT4,37,8.682362337662338,0.8181818181818182,0,1,0,0-1-0
GALNT5,18,6.51005844155844,0.8051948051948052,0,0,0,0-0-0
GALNT6,43,10.992033766233767,1.0,0,4,1,0-3-1
GALNT7,45,10.909370129870133,1.0,0,4,1,0-3-1
GALT,150,7.620959740259743,1.0,3,0,1,3-0-1
GAMT,102,7.941407792207794,1.0,2,0,1,2-0-1
GAN,106,5.9123688311688305,1.0,2,0,1,2-0-1
GANAB,281,13.458240259740265,1.0,4,4,1,4-4-1
GANC,58,8.0291012987013,1.0,1,0,1,1-0-1
GAPDH,645,15.600901298701295,1.0,4,4,1,4-4-1
GAPDHS,77,1.0062584415584415,0.7272727272727273,1,0,0,1-0-0
GAPVD1,124,10.427955844155843,1.0,2,3,1,2-3-1
GAR1,146,8.67277272727273,1.0,3,1,1,3-1-1
GART,200,10.74023636363636,1.0,3,3,1,3-3-1
GAS2L1,36,9.34068181818182,0.974025974025974,0,2,0,0-2-0
GAS6,228,10.218990909090905,0.974025974025974,3,3,0,3-3-0
GAS7,68,9.248698701298704,1.0,1,2,1,1-2-1
GATA3,1412,12.51591428571429,1.0,4,4,1,4-4-1
GATAD1,63,9.65000779220779,1.0,1,2,1,1-2-1
GATAD2A,163,10.870751948051947,1.0,3,4,1,3-4-1
GATAD2B,186,10.549579220779224,1.0,3,3,1,3-3-1
GATC,25,5.056731168831169,1.0,0,0,1,0-0-1
GATM,65,8.49744805194805,1.0,1,1,1,1-1-1
GBA2,99,9.66828181818182,0.987012987012987,2,2,0,2-2-0
GBE1,120,9.032242857142853,1.0,2,1,1,2-1-1
GBF1,182,11.265748051948053,1.0,3,4,1,3-4-1
GBP1,207,10.385697402597405,1.0,3,3,1,3-3-1
GBP2,79,10.99723636363636,1.0,2,4,1,2-4-1
GBP3,22,9.322235064935061,0.7792207792207793,0,2,0,0-2-0
GBP4,16,9.718703896103897,1.0,0,2,1,0-2-1
GBP5,56,8.342476623376623,1.0,1,1,1,1-1-1
GBP7,11,1.037362337662338,0.7532467532467533,0,0,0,0-0-0
GC,402,0.011075324675324676,1.0,4,0,1,4-0-1
GCA,49,8.545133766233766,1.0,1,1,1,1-1-1
GCAT,41,8.223170129870132,1.0,0,1,1,0-1-1
GCC1,61,9.633672727272726,1.0,1,2,1,1-2-1
GCC2,86,9.93822207792208,1.0,2,2,1,2-2-1
GCDH,124,8.845224675324676,1.0,2,1,1,2-1-1
GCH1,261,8.466492207792207,0.7142857142857143,4,1,0,4-1-0
GCHFR,42,7.325762337662338,1.0,0,0,1,0-0-1
GCLC,194,9.702157142857144,1.0,3,2,1,3-2-1
GCLM,199,8.517376623376624,1.0,3,1,1,3-1-1
GCSH,36,3.989333766233768,1.0,0,0,1,0-0-1
GDAP1,118,8.211261038961036,1.0,2,1,1,2-1-1
GDAP2,23,8.786020779220783,1.0,0,1,1,0-1-1
GDE1,46,11.191277922077921,0.5584415584415584,0,4,0,0-4-0
GDF15,1576,7.117668831168834,0.8571428571428571,4,0,0,4-0-0
GDI1,136,11.72457012987013,1.0,3,4,1,3-4-1
GDI2,163,12.768261038961036,1.0,3,4,1,3-4-1
GDPD1,24,6.133019480519481,0.922077922077922,0,0,0,0-0-0
GDPD3,20,5.09884025974026,0.8571428571428571,0,0,0,0-0-0
GEM,40,8.528522077922077,0.6363636363636364,0,1,0,0-1-0
GEMIN4,198,9.18105324675325,1.0,3,1,1,3-1-1
GEMIN5,171,9.492238961038963,1.0,3,2,1,3-2-1
GEMIN6,71,7.881032467532466,1.0,1,0,1,1-0-1
GEMIN7,55,8.304044155844155,0.961038961038961,1,1,0,1-1-0
GEMIN8,44,8.637197402597401,0.987012987012987,0,1,0,0-1-0
GEN1,75,8.685722077922076,0.6233766233766234,1,1,0,1-1-0
GET4,106,9.4585987012987,1.0,2,2,1,2-2-1
GFAP,1087,2.0497792207792203,0.5324675324675324,4,0,0,4-0-0
GFER,178,8.913476623376622,1.0,3,1,1,3-1-1
GFM1,108,10.487794805194804,1.0,2,3,1,2-3-1
GFM2,45,9.341535064935062,1.0,0,2,1,0-2-1
GFOD1,33,5.760167532467533,0.8961038961038961,0,0,0,0-0-0
GFOD2,19,9.297431168831169,0.974025974025974,0,2,0,0-2-0
GFPT1,213,11.732258441558441,1.0,3,4,1,3-4-1
GFPT2,73,8.267568831168834,1.0,1,1,1,1-1-1
GFRA1,212,10.45305454545455,1.0,3,3,1,3-3-1
GGA1,141,10.061412987012988,1.0,3,3,1,3-3-1
GGA2,111,11.225766233766237,1.0,2,4,1,2-4-1
GGA3,116,9.622676623376622,1.0,2,2,1,2-2-1
GGCT,107,11.100138961038962,1.0,2,4,1,2-4-1
GGCX,146,9.726287012987013,0.987012987012987,3,2,0,3-2-0
GGH,124,9.054351948051947,1.0,2,1,1,2-1-1
GGNBP2,37,10.450298701298703,0.961038961038961,0,3,0,0-3-0
GGPS1,56,10.50841168831169,1.0,1,3,1,1-3-1
GGT1,485,8.263007792207791,1.0,4,1,1,4-1-1
GGT5,29,9.22738831168831,1.0,0,2,1,0-2-1
GGT7,52,8.040846753246758,0.7142857142857143,1,0,0,1-0-0
GHDC,32,9.180832467532463,1.0,0,1,1,0-1-1
GHITM,59,11.935001298701296,0.922077922077922,1,4,0,1-4-0
GIGYF1,73,9.924323376623377,1.0,1,2,1,1-2-1
GIGYF2,228,10.884037662337661,1.0,3,4,1,3-4-1
GIMAP1,22,6.24322207792208,0.987012987012987,0,0,0,0-0-0
GIMAP2,22,7.44614805194805,0.5064935064935064,0,0,0,0-0-0
GIMAP4,37,9.085285714285718,1.0,0,1,1,0-1-1
GIMAP6,24,8.503170129870133,0.7272727272727273,0,1,0,0-1-0
GIMAP7,18,7.531520779220781,1.0,0,0,1,0-0-1
GIMAP8,21,7.849061038961034,1.0,0,0,1,0-0-1
GINS1,83,8.72063766233766,0.922077922077922,2,1,0,2-1-0
GINS2,85,8.524284415584416,1.0,2,1,1,2-1-1
GINS3,75,7.76062597402597,0.961038961038961,1,0,0,1-0-0
GINS4,69,7.824568831168828,1.0,1,0,1,1-0-1
GIPC1,180,10.814988311688317,1.0,3,3,1,3-3-1
GIPC3,26,6.807318181818183,0.8961038961038961,0,0,0,0-0-0
GIT1,203,10.704640259740259,1.0,3,3,1,3-3-1
GIT2,106,10.129432467532466,1.0,2,3,1,2-3-1
GJA1,1128,11.467542857142856,1.0,4,4,1,4-4-1
GK,58,7.403625974025973,1.0,1,0,1,1-0-1
GK5,13,9.215676623376623,0.7402597402597403,0,2,0,0-2-0
GKAP1,28,6.559944155844158,0.8441558441558441,0,0,0,0-0-0
GLA,490,9.367283116883117,1.0,4,2,1,4-2-1
GLB1,280,10.61046233766234,1.0,4,3,1,4-3-1
GLB1L,12,7.987357142857142,0.7662337662337663,0,0,0,0-0-0
GLCCI1,70,8.623057142857144,1.0,1,1,1,1-1-1
GLCE,49,9.819162337662341,0.8571428571428571,1,2,0,1-2-0
GLDC,76,4.330715584415585,1.0,1,0,1,1-0-1
GLE1,89,10.249412987012986,1.0,2,3,1,2-3-1
GLG1,108,11.944993506493509,1.0,2,4,1,2-4-1
GLI3,458,9.605135064935066,0.8311688311688312,4,2,0,4-2-0
GLIPR1,69,8.964737662337658,0.6753246753246753,1,1,0,1-1-0
GLIPR2,54,9.012200000000004,1.0,1,1,1,1-1-1
GLMN,104,7.19589090909091,1.0,2,0,1,2-0-1
GLO1,294,11.838196103896106,1.0,4,4,1,4-4-1
GLOD4,56,10.026532467532467,1.0,1,3,1,1-3-1
GLRX,190,9.043653246753248,1.0,3,1,1,3-1-1
GLRX2,79,7.298990909090907,1.0,2,0,1,2-0-1
GLRX3,143,9.721271428571429,1.0,3,2,1,3-2-1
GLRX5,66,9.769898701298702,1.0,1,2,1,1-2-1
GLS,314,10.219446753246753,1.0,4,3,1,4-3-1
GLT8D1,55,9.98183766233766,0.7012987012987013,1,2,0,1-2-0
GLT8D2,27,8.018253246753243,0.6103896103896104,0,0,0,0-0-0
GLTP,72,9.986485714285717,1.0,1,2,1,1-2-1
GLUD1,333,11.779364935064931,1.0,4,4,1,4-4-1
GLUD2,104,8.64131168831169,1.0,2,1,1,2-1-1
GLUL,188,14.310232467532463,1.0,3,4,1,3-4-1
GLYAT,30,1.1294194805194804,0.7662337662337663,0,0,0,0-0-0
GLYATL1,12,5.092096103896105,0.7662337662337663,0,0,0,0-0-0
GLYATL2,7,6.253592207792208,1.0,0,0,1,0-0-1
GLYR1,116,11.306307792207795,1.0,2,4,1,2-4-1
GM2A,73,11.156345454545455,1.0,1,4,1,1-4-1
GMDS,70,8.841224675324677,1.0,1,1,1,1-1-1
GMEB1,46,7.463142857142856,1.0,0,0,1,0-0-1
GMEB2,36,9.188794805194803,1.0,0,1,1,0-1-1
GMFB,42,10.52158441558442,1.0,0,3,1,0-3-1
GMFG,34,7.793370129870129,1.0,0,0,1,0-0-1
GMIP,29,8.875174025974026,1.0,0,1,1,0-1-1
GMNN,252,8.348412987012988,0.7142857142857143,4,1,0,4-1-0
GMPPA,70,9.626727272727273,1.0,1,2,1,1-2-1
GMPPB,62,8.574154545454546,1.0,1,1,1,1-1-1
GMPR,36,7.278242857142858,1.0,0,0,1,0-0-1
GMPR2,38,10.250007792207791,1.0,0,3,1,0-3-1
GMPS,158,10.76975324675325,1.0,3,3,1,3-3-1
GNA11,307,9.073385714285717,1.0,4,1,1,4-1-1
GNA12,132,10.689025974025975,0.948051948051948,3,3,0,3-3-0
GNA13,187,11.173242857142862,1.0,3,4,1,3-4-1
GNAI1,300,7.554738961038959,0.922077922077922,4,0,0,4-0-0
GNAI2,353,12.457303896103896,1.0,4,4,1,4-4-1
GNAI3,283,11.207109090909091,1.0,4,4,1,4-4-1
GNAO1,229,5.0574415584415595,0.6753246753246753,3,0,0,3-0-0
GNAQ,542,10.66668831168831,1.0,4,3,1,4-3-1
GNAS,1245,14.972157142857142,1.0,4,4,1,4-4-1
GNAZ,88,7.301407792207794,0.5324675324675324,2,0,0,2-0-0
GNB1,334,13.029523376623377,1.0,4,4,1,4-4-1
GNB1L,50,6.178218181818182,1.0,1,0,1,1-0-1
GNB2,200,12.001816883116879,1.0,3,4,1,3-4-1
GNB4,109,10.589828571428571,1.0,2,3,1,2-3-1
GNB5,92,8.443114285714286,0.7402597402597403,2,1,0,2-1-0
GNE,157,9.27673506493506,1.0,3,2,1,3-2-1
GNG11,28,8.473642857142858,0.987012987012987,0,1,0,0-1-0
GNG12,104,10.934083116883118,1.0,2,4,1,2-4-1
GNG2,114,8.240131168831162,1.0,2,1,1,2-1-1
GNG5,65,10.813110389610394,1.0,1,3,1,1-3-1
GNG7,53,7.109611688311689,0.974025974025974,1,0,0,1-0-0
GNL1,60,9.84965064935065,1.0,1,2,1,1-2-1
GNL2,148,10.71854545454545,1.0,3,3,1,3-3-1
GNL3,353,10.845715584415586,1.0,4,3,1,4-3-1
GNL3L,108,9.764529870129866,1.0,2,2,1,2-2-1
GNPAT,83,10.587566233766234,1.0,2,3,1,2-3-1
GNPDA1,53,10.036922077922076,1.0,1,3,1,1-3-1
GNPDA2,64,8.352607792207792,1.0,1,1,1,1-1-1
GNPNAT1,41,10.491659740259738,1.0,0,3,1,0-3-1
GNPTAB,136,10.496133766233763,0.8701298701298701,3,3,0,3-3-0
GNPTG,74,9.984762337662342,1.0,1,2,1,1-2-1
GNS,57,12.415958441558441,1.0,1,4,1,1-4-1
GOLGA1,43,9.484963636363638,1.0,0,2,1,0-2-1
GOLGA2,210,11.170424675324671,1.0,3,4,1,3-4-1
GOLGA3,132,11.14771558441558,1.0,3,4,1,3-4-1
GOLGA4,111,11.627133766233763,1.0,2,4,1,2-4-1
GOLGA5,93,10.648736363636361,1.0,2,3,1,2-3-1
GOLGA7,42,10.092346753246751,0.922077922077922,0,3,0,0-3-0
GOLGB1,144,12.31533506493507,1.0,3,4,1,3-4-1
GOLIM4,80,9.502033766233767,1.0,2,2,1,2-2-1
GOLM1,321,12.102936363636362,1.0,4,4,1,4-4-1
GOLPH3,216,11.732105194805195,1.0,3,4,1,3-4-1
GOLPH3L,38,10.543690909090904,1.0,0,3,1,0-3-1
GOLT1B,53,9.805450649350645,0.8311688311688312,1,2,0,1-2-0
GON4L,57,10.565354545454543,0.8961038961038961,1,3,0,1-3-0
GOPC,186,10.028753246753247,1.0,3,3,1,3-3-1
GORAB,46,8.129988311688312,1.0,0,0,1,0-0-1
GORASP1,115,9.938453246753248,1.0,2,2,1,2-2-1
GORASP2,149,11.406371428571429,1.0,3,4,1,3-4-1
GOSR1,91,10.294264935064934,1.0,2,3,1,2-3-1
GOSR2,100,10.090670129870128,1.0,2,3,1,2-3-1
GOT1,153,10.001561038961041,1.0,3,3,1,3-3-1
GOT2,142,11.337667532467536,1.0,3,4,1,3-4-1
GP2,99,5.93678831168831,1.0,2,0,1,2-0-1
GPAA1,79,11.296185714285718,1.0,2,4,1,2-4-1
GPAM,52,8.80993896103896,0.974025974025974,1,1,0,1-1-0
GPATCH1,65,8.340619480519479,1.0,1,1,1,1-1-1
GPATCH2,35,9.0897012987013,1.0,0,1,1,0-1-1
GPATCH8,95,10.235459740259742,1.0,2,3,1,2-3-1
GPBP1,47,11.183105194805197,0.8311688311688312,1,4,0,1-4-0
GPBP1L1,31,11.427622077922077,0.7012987012987013,0,4,0,0-4-0
GPC1,140,10.090828571428569,1.0,3,3,1,3-3-1
GPC4,104,9.701794805194806,1.0,2,2,1,2-2-1
GPC6,72,7.916787012987013,1.0,1,0,1,1-0-1
GPCPD1,30,9.445393506493511,1.0,0,2,1,0-2-1
GPD1,45,5.914146753246755,1.0,0,0,1,0-0-1
GPD1L,58,10.23381558441559,1.0,1,3,1,1-3-1
GPD2,101,10.762155844155842,1.0,2,3,1,2-3-1
GPHN,126,8.41663116883117,1.0,2,1,1,2-1-1
GPI,228,12.73482077922078,1.0,3,4,1,3-4-1
GPKOW,81,8.93946233766234,1.0,2,1,1,2-1-1
GPLD1,64,3.3349792207792195,1.0,1,0,1,1-0-1
GPN1,80,9.812289610389604,1.0,2,2,1,2-2-1
GPN2,26,7.854914285714286,0.6493506493506493,0,0,0,0-0-0
GPN3,58,8.674309090909091,0.8961038961038961,1,1,0,1-1-0
GPNMB,326,12.061322077922082,1.0,4,4,1,4-4-1
GPR107,29,11.632123376623378,1.0,0,4,1,0-3-1
GPR108,26,10.1645012987013,0.948051948051948,0,3,0,0-3-0
GPRC5A,146,11.168470129870128,1.0,3,4,1,3-4-1
GPRC5C,43,8.852292207792209,0.7532467532467533,0,1,0,0-1-0
GPRIN1,54,7.626129870129868,0.7012987012987013,1,0,0,1-0-0
GPRIN3,29,6.944441558441556,1.0,0,0,1,0-0-1
GPS1,190,10.975155844155843,1.0,3,4,1,3-4-1
GPS2,110,9.588945454545456,1.0,2,2,1,2-2-1
GPSM1,74,7.971890909090909,1.0,1,0,1,1-0-1
GPSM3,35,8.69328181818182,1.0,0,1,1,0-1-1
GPT,156,4.794503896103898,1.0,3,0,1,3-0-1
GPT2,66,9.680984415584417,1.0,1,2,1,1-2-1
GPX1,658,11.32925194805194,1.0,4,4,1,4-4-1
GPX3,244,9.633019480519476,1.0,3,2,1,3-2-1
GPX4,299,11.575176623376617,1.0,4,4,1,4-4-1
GPX7,58,7.590297402597402,1.0,1,0,1,1-0-1
GPX8,90,9.611502597402598,1.0,2,2,1,2-2-1
GRAMD1A,60,10.75450779220779,1.0,1,3,1,1-3-1
GRAMD4,39,9.535206493506495,0.974025974025974,0,2,0,0-2-0
GRAP2,142,5.253872727272727,1.0,3,0,1,3-0-1
GRB10,174,9.957541558441559,1.0,3,2,1,3-2-1
GRB14,89,5.806085714285713,0.948051948051948,2,0,0,2-0-0
GRB2,1545,12.043805194805193,1.0,4,4,1,4-4-1
GRB7,148,9.40484935064935,1.0,3,2,1,3-2-1
GREB1,113,9.629940259740259,0.935064935064935,2,2,0,2-2-0
GREM1,346,9.38223116883117,1.0,4,2,1,4-2-1
GRHL1,42,9.62094805194805,1.0,0,2,1,0-2-1
GRHL2,150,10.92559090909091,1.0,3,4,1,3-4-1
GRHPR,64,10.3858,1.0,1,3,1,1-3-1
GRIP1,169,7.010587012987013,1.0,3,0,1,3-0-1
GRIPAP1,74,9.748794805194809,1.0,1,2,1,1-2-1
GRK5,225,7.726790909090909,0.6883116883116883,3,0,0,3-0-0
GRK6,96,9.552981818181816,1.0,2,2,1,2-2-1
GRN,1130,12.893780519480519,1.0,4,4,1,4-4-1
GRPEL1,104,9.404557142857142,1.0,2,2,1,2-2-1
GRPEL2,30,8.842323376623378,1.0,0,1,1,0-1-1
GRSF1,136,11.288563636363639,1.0,3,4,1,3-4-1
GRTP1,13,7.998933766233766,0.8571428571428571,0,0,0,0-0-0
GRWD1,165,9.803037662337662,1.0,3,2,1,3-2-1
GSDMA,134,3.3523935064935064,0.7012987012987013,3,0,0,3-0-0
GSDMD,524,10.180254545454543,1.0,4,3,1,4-3-1
GSK3A,246,10.841077922077922,1.0,3,3,1,3-3-1
GSK3B,3757,10.85580909090909,1.0,4,3,1,4-3-1
GSN,381,12.616861038961035,1.0,4,4,1,4-4-1
GSPT1,169,12.166237662337664,1.0,3,4,1,3-4-1
GSPT2,69,6.661233766233767,1.0,1,0,1,1-0-1
GSR,136,9.647164935064932,1.0,3,2,1,3-2-1
GSS,80,10.225002597402598,1.0,2,3,1,2-3-1
GSTA1,328,2.431463636363636,1.0,4,0,1,4-0-1
GSTA4,68,8.4462038961039,0.922077922077922,1,1,0,1-1-0
GSTCD,28,8.642794805194805,1.0,0,1,1,0-1-1
GSTK1,128,10.939342857142853,1.0,3,4,1,3-4-1
GSTM1,2270,4.647336363636362,1.0,4,0,1,4-0-1
GSTM2,83,8.184222077922081,1.0,2,1,1,2-1-1
GSTM3,263,10.019636363636362,1.0,4,3,1,4-3-1
GSTM4,56,8.648059740259743,1.0,1,1,1,1-1-1
GSTM5,49,4.349059740259741,1.0,1,0,1,1-0-1
GSTO1,251,10.226187012987014,1.0,4,3,1,4-3-1
GSTP1,2677,11.069890909090905,1.0,4,4,1,4-4-1
GSTZ1,125,8.52984025974026,1.0,2,1,1,2-1-1
GTF2A1,110,7.776827272727273,1.0,2,0,1,2-0-1
GTF2A2,54,9.30837012987013,0.961038961038961,1,2,0,1-2-0
GTF2B,202,9.099796103896104,1.0,3,1,1,3-1-1
GTF2E1,94,8.66134285714286,1.0,2,1,1,2-1-1
GTF2E2,106,9.084240259740257,1.0,2,1,1,2-1-1
GTF2F1,187,10.69165714285714,1.0,3,3,1,3-3-1
GTF2F2,154,8.775916883116885,1.0,3,1,1,3-1-1
GTF2H1,186,9.558151948051949,1.0,3,2,1,3-2-1
GTF2H3,89,8.013433766233767,1.0,2,0,1,2-0-1
GTF2H4,122,8.787024675324675,1.0,2,1,1,2-1-1
GTF2H5,52,9.466009090909093,0.9090909090909092,1,2,0,1-2-0
GTF2I,358,11.600496103896106,1.0,4,4,1,4-4-1
GTF2IRD1,84,9.49837142857143,0.8181818181818182,2,2,0,2-2-0
GTF3A,31,11.08736753246753,1.0,0,4,1,0-3-1
GTF3C1,178,11.694746753246752,1.0,3,4,1,3-4-1
GTF3C2,118,10.657693506493505,1.0,2,3,1,2-3-1
GTF3C3,143,9.451031168831172,1.0,3,2,1,3-2-1
GTF3C4,134,9.148403896103895,1.0,3,1,1,3-1-1
GTF3C5,138,10.152501298701303,1.0,3,3,1,3-3-1
GTF3C6,26,9.712214285714287,1.0,0,2,1,0-2-1
GTPBP1,98,10.346875324675327,1.0,2,3,1,2-3-1
GTPBP10,63,8.36881428571429,1.0,1,1,1,1-1-1
GTPBP2,41,9.867088311688313,0.935064935064935,0,2,0,0-2-0
GTPBP3,61,8.553381818181816,1.0,1,1,1,1-1-1
GTPBP4,220,10.54511298701299,1.0,3,3,1,3-3-1
GTPBP8,23,6.955187012987011,0.8311688311688312,0,0,0,0-0-0
GTSE1,112,8.070716883116887,0.7662337662337663,2,0,0,2-0-0
GUCY1A2,50,4.988440259740261,0.8571428571428571,1,0,0,1-0-0
GUF1,42,9.630192207792208,1.0,0,2,1,0-2-1
GUK1,36,11.301162337662333,1.0,0,4,1,0-3-1
GULP1,60,6.631487012987011,1.0,1,0,1,1-0-1
GUSB,95,11.106270129870127,1.0,2,4,1,2-4-1
GXYLT1,33,9.215368831168833,1.0,0,2,1,0-2-1
GYG1,64,10.119444155844151,1.0,1,3,1,1-3-1
GYG2,36,7.5231220779220775,0.961038961038961,0,0,0,0-0-0
GYS1,126,10.31423896103896,1.0,2,3,1,2-3-1
GZF1,29,8.967324675324678,0.7662337662337663,0,1,0,0-1-0
GZMA,346,6.321292207792206,0.987012987012987,4,0,0,4-0-0
GZMH,38,4.692994805194805,0.7142857142857143,0,0,0,0-0-0
H6PD,66,10.792694805194806,1.0,1,3,1,1-3-1
HAAO,33,5.655816883116882,1.0,0,0,1,0-0-1
HABP2,165,2.7336012987012985,1.0,3,0,1,3-0-1
HABP4,45,7.634166233766234,1.0,0,0,1,0-0-1
HACE1,109,7.930319480519476,0.974025974025974,2,0,0,2-0-0
HACL1,47,8.308296103896106,1.0,1,1,1,1-1-1
HADH,105,10.606188311688312,1.0,2,3,1,2-3-1
HADHA,364,12.158948051948052,1.0,4,4,1,4-4-1
HADHB,270,11.355183116883115,1.0,4,4,1,4-4-1
HAGH,77,9.330451948051948,1.0,1,2,1,1-2-1
HAGHL,17,6.612209090909093,0.8571428571428571,0,0,0,0-0-0
HAPLN1,54,4.139989610389611,0.6103896103896104,1,0,0,1-0-0
HAPLN3,17,8.146305194805194,1.0,0,0,1,0-0-1
HARS2,80,9.70347012987013,1.0,2,2,1,2-2-1
HAT1,179,10.243902597402597,1.0,3,3,1,3-3-1
HAUS1,63,8.650524675324677,1.0,1,1,1,1-1-1
HAUS2,53,8.93062987012987,1.0,1,1,1,1-1-1
HAUS3,56,8.563089610389612,1.0,1,1,1,1-1-1
HAUS4,58,9.669857142857142,1.0,1,2,1,1-2-1
HAUS5,62,8.539116883116884,1.0,1,1,1,1-1-1
HAUS6,96,9.043005194805195,1.0,2,1,1,2-1-1
HAUS7,51,7.900337662337662,1.0,1,0,1,1-0-1
HAUS8,62,7.50069090909091,1.0,1,0,1,1-0-1
HAVCR2,1087,8.472883116883116,0.7792207792207793,4,1,0,4-1-0
HAX1,354,11.035619480519482,1.0,4,4,1,4-4-1
HBB,879,6.176179220779221,1.0,4,0,1,4-0-1
HBD,170,0.5413766233766235,1.0,3,0,1,3-0-1
HBP1,104,10.924989610389611,0.961038961038961,2,4,0,2-4-0
HBQ1,20,0.31925454545454546,0.8831168831168831,0,0,0,0-0-0
HBS1L,174,10.409953246753245,1.0,3,3,1,3-3-1
HBZ,52,0.191751948051948,1.0,1,0,1,1-0-1
HCCS,69,8.931194805194805,1.0,1,1,1,1-1-1
HCFC1,655,11.14637792207792,1.0,4,4,1,4-4-1
HCFC2,50,8.243079220779224,1.0,1,1,1,1-1-1
HCK,393,8.235998701298701,1.0,4,1,1,4-1-1
HCLS1,124,9.383146753246752,1.0,2,2,1,2-2-1
HDAC1,2208,11.234125974025977,1.0,4,4,1,4-4-1
HDAC10,104,8.278603896103899,0.974025974025974,2,1,0,2-1-0
HDAC11,111,9.46484805194805,0.8831168831168831,2,2,0,2-2-0
HDAC2,1187,11.34626753246753,1.0,4,4,1,4-4-1
HDAC3,513,9.958874025974026,1.0,4,2,1,4-2-1
HDAC4,610,8.041261038961041,1.0,4,0,1,4-0-1
HDAC5,340,10.143787012987012,1.0,4,3,1,4-3-1
HDAC6,1189,9.990977922077924,1.0,4,2,1,4-2-1
HDAC7,254,10.491240259740263,1.0,4,3,1,4-3-1
HDAC8,428,8.222689610389612,0.961038961038961,4,1,0,4-1-0
HDDC2,23,9.513275324675327,1.0,0,2,1,0-2-1
HDDC3,28,7.975992207792207,1.0,0,0,1,0-0-1
HDGF,187,13.15473246753247,1.0,3,4,1,3-4-1
HDHD2,25,9.37254155844156,1.0,0,2,1,0-2-1
HDHD3,24,8.86765064935065,1.0,0,1,1,0-1-1
HDLBP,216,13.864937662337654,1.0,3,4,1,3-4-1
HEATR1,155,10.567685714285714,1.0,3,3,1,3-3-1
HEATR3,56,8.492811688311686,1.0,1,1,1,1-1-1
HEATR5B,53,9.938516883116883,1.0,1,2,1,1-2-1
HEATR6,30,9.220851948051948,1.0,0,2,1,0-2-1
HEBP1,32,10.283475324675322,1.0,0,3,1,0-3-1
HEBP2,45,10.455920779220778,1.0,0,3,1,0-3-1
HECA,28,10.12191948051948,1.0,0,3,1,0-3-1
HECTD1,125,11.728031168831173,1.0,2,4,1,2-4-1
HECTD3,65,10.20691168831169,1.0,1,3,1,1-3-1
HECW2,65,7.781692207792209,0.6493506493506493,1,0,0,1-0-0
HELB,46,5.511437662337664,0.5324675324675324,0,0,0,0-0-0
HELLS,192,7.672458441558444,0.961038961038961,3,0,0,3-0-0
HELZ,90,10.473984415584413,1.0,2,3,1,2-3-1
HERC1,94,10.528183116883117,1.0,2,3,1,2-3-1
HERC2,275,10.360783116883116,1.0,4,3,1,4-3-1
HERC3,42,8.972785714285713,0.6103896103896104,0,1,0,0-1-0
HERC4,62,9.760083116883113,1.0,1,2,1,1-2-1
HERC5,144,7.771985714285718,1.0,3,0,1,3-0-1
HERC6,30,8.751474025974028,0.9090909090909092,0,1,0,0-1-0
HERPUD1,117,11.253954545454546,0.8311688311688312,2,4,0,2-4-0
HERPUD2,19,9.331380519480517,0.6363636363636364,0,2,0,0-2-0
HES1,209,9.986707792207788,0.961038961038961,3,2,0,3-2-0
HEXA,205,10.915761038961035,1.0,3,4,1,3-4-1
HEXB,171,11.269246753246755,1.0,3,4,1,3-4-1
HEXIM1,241,10.15831948051948,1.0,3,3,1,3-3-1
HEXIM2,53,6.701788311688314,0.961038961038961,1,0,0,1-0-0
HGD,52,5.663041558441559,1.0,1,0,1,1-0-1
HGF,1743,5.0526558441558445,0.8961038961038961,4,0,0,4-0-0
HGFAC,34,1.0957116883116882,1.0,0,0,1,0-0-1
HGS,268,10.836305194805194,1.0,4,3,1,4-3-1
HIBADH,48,10.041031168831175,1.0,1,3,1,1-3-1
HIBCH,49,8.872736363636365,1.0,1,1,1,1-1-1
HIC1,151,6.767909090909092,0.922077922077922,3,0,0,3-0-0
HIF1AN,252,10.331935064935063,1.0,4,3,1,4-3-1
HIGD1A,107,10.766829870129865,1.0,2,3,1,2-3-1
HIGD2A,27,9.681855844155843,0.7272727272727273,0,2,0,0-2-0
HINT1,228,11.652514285714282,1.0,3,4,1,3-4-1
HINT2,54,8.735116883116882,1.0,1,1,1,1-1-1
HINT3,20,10.014603896103896,1.0,0,3,1,0-3-1
HIP1,197,10.456409090909093,1.0,3,3,1,3-3-1
HIP1R,106,9.859212987012986,1.0,2,2,1,2-2-1
HIRA,172,9.490507792207788,1.0,3,2,1,3-2-1
HIRIP3,64,8.94032727272727,1.0,1,1,1,1-1-1
HIVEP1,101,9.658375324675319,0.6103896103896104,2,2,0,2-2-0
HIVEP2,88,9.717355844155843,0.7272727272727273,2,2,0,2-2-0
HK1,228,11.989348051948053,1.0,3,4,1,3-4-1
HK2,334,10.980899999999998,1.0,4,4,1,4-4-1
HK3,39,5.923923376623378,1.0,0,0,1,0-0-1
HLA-A,1687,13.991793506493508,1.0,4,4,1,4-4-1
HLA-B,2241,14.667218181818187,1.0,4,4,1,4-4-1
HLA-C,1117,14.146312987012985,1.0,4,4,1,4-4-1
HLA-DMA,119,10.138274025974022,0.8831168831168831,2,3,0,2-3-0
HLA-DMB,128,9.83763116883117,1.0,3,2,1,3-2-1
HLA-DPA1,179,12.20129220779221,1.0,3,4,1,3-4-1
HLA-DPB1,430,11.49008701298702,1.0,4,4,1,4-4-1
HLA-DQA1,838,10.610225974025976,1.0,4,3,1,4-3-1
HLA-DQB1,1556,10.554885714285714,1.0,4,3,1,4-3-1
HLA-DRA,309,13.598036363636364,1.0,4,4,1,4-4-1
HLA-DRB1,2876,11.836887012987011,1.0,4,4,1,4-4-1
HLA-DRB5,213,9.888740259740258,0.7272727272727273,3,2,0,3-2-0
HLA-E,359,12.624923376623373,1.0,4,4,1,4-4-1
HLA-F,145,9.992037662337665,1.0,3,2,1,3-2-1
HLCS,73,9.797454545454544,1.0,1,2,1,1-2-1
HLTF,222,10.550992207792206,1.0,3,3,1,3-3-1
HM13,132,11.883029870129869,1.0,3,4,1,3-4-1
HMBOX1,82,6.7092584415584415,0.961038961038961,2,0,0,2-0-0
HMBS,151,8.588784415584415,1.0,3,1,1,3-1-1
HMCN1,59,8.846977922077926,1.0,1,1,1,1-1-1
HMG20A,101,9.643172727272727,1.0,2,2,1,2-2-1
HMG20B,74,10.972425974025972,1.0,1,4,1,1-4-1
HMGA1,489,11.04665974025974,0.961038961038961,4,4,0,4-4-0
HMGB1,2286,12.414524675324676,1.0,4,4,1,4-4-1
HMGB2,207,11.46424545454545,1.0,3,4,1,3-4-1
HMGB3,122,10.620229870129872,1.0,2,3,1,2-3-1
HMGCL,81,9.37973246753247,1.0,2,2,1,2-2-1
HMGCS1,104,10.656374025974026,1.0,2,3,1,2-3-1
HMGCS2,86,5.791846753246755,1.0,2,0,1,2-0-1
HMGN1,116,12.030848051948057,0.961038961038961,2,4,0,2-4-0
HMGN2,134,12.657877922077917,1.0,3,4,1,3-4-1
HMGN3,47,9.782036363636363,0.922077922077922,1,2,0,1-2-0
HMGN4,51,10.484194805194802,0.922077922077922,1,3,0,1-3-0
HMGN5,71,7.115919480519484,1.0,1,0,1,1-0-1
HMGXB4,54,9.64550779220779,1.0,1,2,1,1-2-1
HMMR,185,8.329714285714282,0.7272727272727273,3,1,0,3-1-0
HMOX1,2885,9.7088,1.0,4,2,1,4-2-1
HMOX2,151,10.0275,1.0,3,3,1,3-3-1
HMX3,15,0.8599428571428571,1.0,0,0,1,0-0-1
HNMT,83,9.5389948051948,1.0,2,2,1,2-2-1
HNRNPA0,243,11.58874285714286,1.0,3,4,1,3-4-1
HNRNPA1,782,12.60391038961039,1.0,4,4,1,4-4-1
HNRNPA2B1,568,13.987587012987014,1.0,4,4,1,4-4-1
HNRNPA3,336,12.312296103896104,1.0,4,4,1,4-4-1
HNRNPAB,290,11.838862337662334,1.0,4,4,1,4-4-1
HNRNPC,545,13.44193116883117,1.0,4,4,1,4-4-1
HNRNPD,613,12.052572727272729,1.0,4,4,1,4-4-1
HNRNPF,412,12.589324675324676,1.0,4,4,1,4-4-1
HNRNPH1,438,12.039096103896105,1.0,4,4,1,4-4-1
HNRNPH2,223,11.402451948051954,1.0,3,4,1,3-4-1
HNRNPH3,216,11.086450649350647,1.0,3,4,1,3-4-1
HNRNPK,758,13.786340259740259,1.0,4,4,1,4-4-1
HNRNPL,400,12.449822077922079,1.0,4,4,1,4-4-1
HNRNPM,465,12.135367532467534,1.0,4,4,1,4-4-1
HNRNPR,328,11.647966233766232,1.0,4,4,1,4-4-1
HNRNPU,568,13.732701298701294,1.0,4,4,1,4-4-1
HNRNPUL1,283,12.730388311688309,1.0,4,4,1,4-4-1
HNRNPUL2,162,11.75661038961039,1.0,3,4,1,3-4-1
HOMER1,151,6.982285714285714,0.987012987012987,3,0,0,3-0-0
HOMER2,54,8.511611688311689,1.0,1,1,1,1-1-1
HOMER3,74,9.083220779220781,1.0,1,1,1,1-1-1
HOMEZ,37,8.918210389610389,1.0,0,1,1,0-1-1
HOOK1,92,9.86771168831169,1.0,2,2,1,2-2-1
HOOK2,63,9.235937662337658,1.0,1,2,1,1-2-1
HOOK3,69,9.986172727272729,1.0,1,2,1,1-2-1
HOPX,116,7.152871428571427,1.0,2,0,1,2-0-1
HOXB3,58,7.72598961038961,0.7662337662337663,1,0,0,1-0-0
HOXC10,78,8.658311688311686,0.9090909090909092,2,1,0,2-1-0
HOXC9,64,7.005485714285713,0.8181818181818182,1,0,0,1-0-0
HOXD8,50,6.722070129870132,0.8441558441558441,1,0,0,1-0-0
HOXD9,71,5.946909090909092,0.7792207792207793,1,0,0,1-0-0
HP,630,3.503103896103896,1.0,4,0,1,4-0-1
HP1BP3,180,11.785762337662334,1.0,3,4,1,3-4-1
HPCAL1,65,9.341606493506495,1.0,1,2,1,1-2-1
HPGD,131,5.669202597402596,1.0,3,0,1,3-0-1
HPGDS,56,4.982851948051948,1.0,1,0,1,1-0-1
HPR,89,0.2634818181818182,1.0,2,0,1,2-0-1
HPRT1,276,9.605366233766235,1.0,4,2,1,4-2-1
HPS1,129,10.002131168831175,0.7012987012987013,3,3,0,3-3-0
HPS3,59,9.814183116883118,1.0,1,2,1,1-2-1
HPS4,49,9.389140259740264,0.5714285714285714,1,2,0,1-2-0
HPS5,54,9.348168831168836,1.0,1,2,1,1-2-1
HPS6,61,8.852655844155844,1.0,1,1,1,1-1-1
HPX,102,6.315890909090909,1.0,2,0,1,2-0-1
HRAS,2885,8.75722987012987,0.7662337662337663,4,1,0,4-1-0
HRG,113,0.0918051948051948,1.0,2,0,1,2-0-1
HS1BP3,35,9.325323376623377,1.0,0,2,1,0-2-1
HS2ST1,61,9.99728051948052,0.8961038961038961,1,3,0,1-3-0
HS6ST1,27,10.680796103896101,0.8441558441558441,0,3,0,0-3-0
HSBP1,61,11.25041428571429,1.0,1,4,1,1-4-1
HSCB,42,7.422866233766235,1.0,0,0,1,0-0-1
HSD11B1,406,5.112920779220781,0.5714285714285714,4,0,0,4-0-0
HSD11B2,351,7.605001298701301,0.5454545454545454,4,0,0,4-0-0
HSD17B10,327,10.568818181818187,1.0,4,3,1,4-3-1
HSD17B11,72,8.420828571428572,1.0,1,1,1,1-1-1
HSD17B12,184,10.458793506493505,1.0,3,3,1,3-3-1
HSD17B4,293,11.099058441558437,1.0,4,4,1,4-4-1
HSD17B7,60,8.350176623376623,1.0,1,1,1,1-1-1
HSD17B8,49,7.567877922077918,1.0,1,0,1,1-0-1
HSD3B7,26,9.297483116883116,0.9090909090909092,0,2,0,0-2-0
HSDL1,38,9.452246753246754,1.0,0,2,1,0-2-1
HSDL2,111,10.064528571428577,1.0,2,3,1,2-3-1
HSF1,971,10.805427272727272,1.0,4,3,1,4-3-1
HSP90AA1,1482,14.89694805194805,1.0,4,4,1,4-4-1
HSP90AB1,773,15.134681818181813,1.0,4,4,1,4-4-1
HSP90B1,541,14.217772727272733,1.0,4,4,1,4-4-1
HSPA12A,63,7.640885714285711,1.0,1,0,1,1-0-1
HSPA12B,46,7.030898701298702,1.0,0,0,1,0-0-1
HSPA13,65,9.922753246753247,1.0,1,2,1,1-2-1
HSPA14,109,9.285097402597405,1.0,2,2,1,2-2-1
HSPA1L,265,6.054759740259738,0.7792207792207793,4,0,0,4-0-0
HSPA2,298,9.238727272727273,1.0,4,2,1,4-2-1
HSPA4,979,11.714925974025965,1.0,4,4,1,4-4-1
HSPA4L,174,6.641179220779219,1.0,3,0,1,3-0-1
HSPA5,4149,14.080422077922073,1.0,4,4,1,4-4-1
HSPA6,272,7.590170129870128,0.8571428571428571,4,0,0,4-0-0
HSPA8,1394,14.692422077922076,1.0,4,4,1,4-4-1
HSPA9,668,12.755236363636365,1.0,4,4,1,4-4-1
HSPB1,1648,12.586479220779221,1.0,4,4,1,4-4-1
HSPB6,121,7.031689610389611,1.0,2,0,1,2-0-1
HSPB7,48,4.991449350649353,0.9090909090909092,1,0,0,1-0-0
HSPB8,226,8.708946753246757,1.0,3,1,1,3-1-1
HSPBAP1,19,7.188388311688313,1.0,0,0,1,0-0-1
HSPBP1,156,9.390084415584415,1.0,3,2,1,3-2-1
HSPD1,934,13.09099480519481,1.0,4,4,1,4-4-1
HSPE1,193,10.895231168831167,1.0,3,4,1,3-4-1
HSPG2,220,12.714696103896108,1.0,3,4,1,3-4-1
HSPH1,360,11.510268831168826,1.0,4,4,1,4-4-1
HTATIP2,125,9.45012077922078,1.0,2,2,1,2-2-1
HTATSF1,143,11.122115584415585,1.0,3,4,1,3-4-1
HTRA1,587,11.695211688311687,1.0,4,4,1,4-4-1
HTRA2,339,9.223183116883115,1.0,4,2,1,4-2-1
HTRA3,81,10.238055844155845,1.0,2,3,1,2-3-1
HTT,797,11.092909090909087,1.0,4,4,1,4-4-1
HUS1,125,8.159014285714285,1.0,2,0,1,2-0-1
HUWE1,505,12.91211688311688,1.0,4,4,1,4-4-1
HVCN1,147,6.727155844155845,0.8961038961038961,3,0,0,3-0-0
HYI,19,8.006696103896104,1.0,0,0,1,0-0-1
HYOU1,212,12.063097402597403,1.0,3,4,1,3-4-1
IAH1,24,9.134385714285717,1.0,0,1,1,0-1-1
IARS2,121,12.039383116883112,1.0,2,4,1,2-4-1
IBTK,80,10.605768831168833,1.0,2,3,1,2-3-1
ICA1,60,9.734881818181819,1.0,1,2,1,1-2-1
ICAM1,2180,10.29173896103896,1.0,4,3,1,4-3-1
ICAM2,300,7.775516883116886,1.0,4,0,1,4-0-1
ICAM3,344,8.505229870129872,1.0,4,1,1,4-1-1
ICAM5,80,2.268923376623376,0.8831168831168831,2,0,0,2-0-0
ICMT,80,11.135962337662336,0.6493506493506493,2,4,0,2-4-0
ICOSLG,186,8.255033766233767,0.5844155844155844,3,1,0,3-1-0
IDE,253,9.521285714285716,1.0,4,2,1,4-2-1
IDH1,2508,11.18222597402597,1.0,4,4,1,4-4-1
IDH2,1185,11.953383116883114,1.0,4,4,1,4-4-1
IDH3A,122,9.815335064935063,1.0,2,2,1,2-2-1
IDH3B,122,10.322757142857142,1.0,2,3,1,2-3-1
IDH3G,70,9.851084415584419,1.0,1,2,1,1-2-1
IDI1,63,10.268254545454543,1.0,1,3,1,1-3-1
IDO1,964,7.0032,1.0,4,0,1,4-0-1
IDS,194,11.495366233766234,1.0,3,4,1,3-4-1
IDUA,130,7.434061038961039,1.0,3,0,1,3-0-1
IER3IP1,40,10.287685714285715,0.948051948051948,0,3,0,0-3-0
IFFO1,33,7.057705194805195,0.7012987012987013,0,0,0,0-0-0
IFI16,372,10.724361038961035,1.0,4,3,1,4-3-1
IFI30,76,11.698076623376624,1.0,1,4,1,1-4-1
IFI35,49,9.23957922077922,1.0,1,2,1,1-2-1
IFI44,82,9.084771428571427,1.0,2,1,1,2-1-1
IFI44L,62,9.376683116883122,1.0,1,2,1,1-2-1
IFIH1,1128,9.793601298701299,1.0,4,2,1,4-2-1
IFIT1,239,9.993310389610388,1.0,3,3,1,3-3-1
IFIT2,127,9.244098701298702,1.0,2,2,1,2-2-1
IFIT3,158,10.019732467532467,1.0,3,3,1,3-3-1
IFIT5,81,9.14413896103896,1.0,2,1,1,2-1-1
IFITM1,114,11.909685714285716,0.7272727272727273,2,4,0,2-4-0
IFITM3,374,12.95868181818182,1.0,4,4,1,4-4-1
IFNGR1,240,10.672541558441555,0.7792207792207793,3,3,0,3-3-0
IFRD1,92,9.078801298701299,0.8961038961038961,2,1,0,2-1-0
IFRD2,73,9.53755714285714,0.6623376623376623,1,2,0,1-2-0
IFT122,48,10.019950649350648,1.0,1,3,1,1-3-1
IFT140,67,9.565007792207789,1.0,1,2,1,1-2-1
IFT172,61,9.190735064935067,1.0,1,1,1,1-1-1
IFT20,74,8.51915194805195,1.0,1,1,1,1-1-1
IFT27,45,8.614207792207791,1.0,0,1,1,0-1-1
IFT46,32,9.024602597402598,0.961038961038961,0,1,0,0-1-0
IFT52,32,9.536989610389616,1.0,0,2,1,0-2-1
IFT57,56,9.298138961038957,1.0,1,2,1,1-2-1
IFT74,86,8.378470129870129,1.0,2,1,1,2-1-1
IFT80,34,8.953535064935068,1.0,0,1,1,0-1-1
IFT81,57,8.350829870129871,1.0,1,1,1,1-1-1
IFT88,110,8.124140259740265,0.961038961038961,2,0,0,2-0-0
IGBP1,119,10.244049350649348,1.0,2,3,1,2-3-1
IGF1,3621,7.677635064935068,1.0,4,0,1,4-0-1
IGF1R,1904,11.570859740259733,1.0,4,4,1,4-4-1
IGF2,1356,9.881264935064937,1.0,4,2,1,4-2-1
IGF2BP1,595,2.3352922077922074,0.6103896103896104,4,0,0,4-0-0
IGF2BP2,755,5.2403194805194815,0.987012987012987,4,0,0,4-0-0
IGF2BP3,724,3.768924675324676,0.7142857142857143,4,0,0,4-0-0
IGF2R,372,11.79983636363637,1.0,4,4,1,4-4-1
IGFALS,68,3.910728571428571,1.0,1,0,1,1-0-1
IGFBP2,396,10.727932467532465,1.0,4,3,1,4-3-1
IGFBP3,1438,11.338659740259745,1.0,4,4,1,4-4-1
IGFBP4,129,13.420922077922075,1.0,3,4,1,3-4-1
IGFBP5,245,13.781815584415583,1.0,3,4,1,3-4-1
IGFBP6,93,6.747559740259739,1.0,2,0,1,2-0-1
IGFBP7,197,12.140414285714284,1.0,3,4,1,3-4-1
IGHMBP2,155,8.485583116883118,1.0,3,1,1,3-1-1
IGLL1,45,0.20438961038961037,1.0,0,0,1,0-0-1
IGSF1,72,4.529014285714287,0.948051948051948,1,0,0,1-0-0
IGSF3,47,10.78399350649351,0.987012987012987,1,3,0,1-3-0
IGSF8,69,10.7016961038961,1.0,1,3,1,1-3-1
IK,157,10.97019090909091,1.0,3,4,1,3-4-1
IKBIP,93,8.299248051948053,1.0,2,1,1,2-1-1
IKBKB,1540,10.271658441558444,1.0,4,3,1,4-3-1
IKBKE,1076,8.424506493506495,0.9090909090909092,4,1,0,4-1-0
IKBKG,877,8.473203896103893,1.0,4,1,1,4-1-1
IKZF1,729,8.167976623376623,0.961038961038961,4,1,0,4-1-0
IKZF2,170,7.814419480519481,0.6233766233766234,3,0,0,3-0-0
IKZF3,206,4.640198701298702,0.922077922077922,3,0,0,3-0-0
IKZF5,26,8.957159740259739,0.6753246753246753,0,1,0,0-1-0
IL16,218,8.540244155844157,1.0,3,1,1,3-1-1
IL17RA,304,8.221589610389609,0.6363636363636364,4,1,0,4-1-0
IL18,1677,7.327725974025976,1.0,4,0,1,4-0-1
IL1RAP,192,7.280616883116884,0.974025974025974,3,0,0,3-0-0
IL1RN,3043,7.443294805194803,1.0,4,0,1,4-0-1
IL33,1377,6.461483116883119,0.8441558441558441,4,0,0,4-0-0
IL4I1,70,7.525802597402597,1.0,1,0,1,1-0-1
IL6ST,926,10.732876623376622,1.0,4,3,1,4-3-1
ILF2,387,12.558553246753247,1.0,4,4,1,4-4-1
ILF3,535,12.486436363636361,1.0,4,4,1,4-4-1
ILK,394,11.02351168831169,1.0,4,4,1,4-4-1
ILKAP,68,8.65478831168831,1.0,1,1,1,1-1-1
IMMT,317,11.161914285714282,1.0,4,4,1,4-4-1
IMP3,116,9.845641558441558,1.0,2,2,1,2-2-1
IMP4,69,9.392833766233764,1.0,1,2,1,1-2-1
IMPA1,61,8.258453246753247,1.0,1,1,1,1-1-1
IMPA2,59,8.498509090909092,1.0,1,1,1,1-1-1
IMPACT,28,9.887002597402596,1.0,0,2,1,0-2-1
IMPDH1,174,10.566355844155842,1.0,3,3,1,3-3-1
IMPDH2,366,11.631066233766234,1.0,4,4,1,4-4-1
INCENP,216,8.977071428571428,0.961038961038961,3,1,0,3-1-0
INF2,191,10.753729870129872,1.0,3,3,1,3-3-1
ING1,225,8.562572727272729,1.0,3,1,1,3-1-1
ING2,104,7.848290909090908,0.7662337662337663,2,0,0,2-0-0
ING3,96,7.530944155844154,1.0,2,0,1,2-0-1
ING4,190,9.11027272727273,0.948051948051948,3,1,0,3-1-0
ING5,94,8.303623376623376,0.922077922077922,2,1,0,2-1-0
INHBA,321,8.292540259740266,1.0,4,1,1,4-1-1
INO80,148,9.605458441558444,0.961038961038961,3,2,0,3-2-0
INO80B,53,7.611937662337663,0.8961038961038961,1,0,0,1-0-0
INO80C,40,7.6567558441558425,1.0,0,0,1,0-0-1
INO80E,48,9.374036363636366,1.0,1,2,1,1-2-1
INPP1,37,7.443751948051948,1.0,0,0,1,0-0-1
INPP4A,44,9.188103896103893,1.0,0,1,1,0-1-1
INPP4B,82,8.564581818181814,1.0,2,1,1,2-1-1
INPP5A,45,8.829011688311688,0.8181818181818182,0,1,0,0-1-0
INPP5B,46,8.567646753246754,1.0,0,1,1,0-1-1
INPP5F,53,9.045012987012987,0.961038961038961,1,1,0,1-1-0
INPP5J,17,8.334602597402599,0.7142857142857143,0,1,0,0-1-0
INPP5K,63,9.525331168831167,1.0,1,2,1,1-2-1
INPPL1,512,11.077757142857145,1.0,4,4,1,4-4-1
INSR,1029,11.199872727272723,1.0,4,4,1,4-4-1
INTS1,102,11.171405194805189,1.0,2,4,1,2-4-1
INTS10,53,9.661372727272726,1.0,1,2,1,1-2-1
INTS12,69,9.018554545454547,1.0,1,1,1,1-1-1
INTS2,63,8.652328571428571,1.0,1,1,1,1-1-1
INTS3,103,11.312794805194809,1.0,2,4,1,2-4-1
INTS4,71,9.322687012987014,1.0,1,2,1,1-2-1
INTS5,55,9.621118181818181,1.0,1,2,1,1-2-1
INTS6,92,9.624764935064938,1.0,2,2,1,2-2-1
INTS7,72,9.843357142857144,1.0,1,2,1,1-2-1
INTS8,54,10.258419480519478,1.0,1,3,1,1-3-1
INTS9,69,8.545896103896105,1.0,1,1,1,1-1-1
IP6K1,69,10.281664935064937,1.0,1,3,1,1-3-1
IPCEF1,20,5.599784415584418,0.5064935064935064,0,0,0,0-0-0
IPMK,45,5.8081077922077915,0.5194805194805194,0,0,0,0-0-0
IPO11,101,9.311161038961039,1.0,2,2,1,2-2-1
IPO13,72,9.864242857142855,1.0,1,2,1,1-2-1
IPO4,167,10.560987012987017,1.0,3,3,1,3-3-1
IPO5,302,11.628533766233769,1.0,4,4,1,4-4-1
IPO7,280,12.003914285714288,1.0,4,4,1,4-4-1
IPO8,139,10.36542727272727,1.0,3,3,1,3-3-1
IPO9,150,11.451461038961043,1.0,3,4,1,3-4-1
IQCB1,104,8.80812077922078,0.8831168831168831,2,1,0,2-1-0
IQCE,32,9.789971428571429,0.5454545454545454,0,2,0,0-2-0
IQGAP1,476,13.018874025974025,1.0,4,4,1,4-4-1
IQGAP2,136,9.407212987012986,1.0,3,2,1,3-2-1
IQGAP3,129,9.62911038961039,1.0,3,2,1,3-2-1
IQSEC1,104,10.544128571428574,1.0,2,3,1,2-3-1
IQSEC2,115,8.906946753246753,1.0,2,1,1,2-1-1
IRAK1,606,11.267187012987009,1.0,4,4,1,4-4-1
IRAK3,160,7.433041558441557,0.7012987012987013,3,0,0,3-0-0
IRAK4,395,8.800706493506489,1.0,4,1,1,4-1-1
IREB2,145,10.23777012987013,1.0,3,3,1,3-3-1
IRF1,1084,10.138340259740259,0.8571428571428571,4,3,0,4-3-0
IRF2,273,9.729588311688307,1.0,4,2,1,4-2-1
IRF2BP1,62,9.190161038961037,1.0,1,1,1,1-1-1
IRF2BP2,134,12.501577922077923,1.0,3,4,1,3-4-1
IRF3,1378,9.573889610389607,1.0,4,2,1,4-2-1
IRF4,260,6.13501818181818,1.0,4,0,1,4-0-1
IRF5,469,7.907546753246751,1.0,4,0,1,4-0-1
IRF6,344,10.386551948051947,1.0,4,3,1,4-3-1
IRF7,451,9.145311688311692,0.9090909090909092,4,1,0,4-1-0
IRF8,167,8.037233766233769,0.987012987012987,3,0,0,3-0-0
IRF9,353,10.601016883116879,1.0,4,3,1,4-3-1
IRGQ,31,9.645010389610393,1.0,0,2,1,0-2-1
IRS1,1859,9.81694025974026,1.0,4,2,1,4-2-1
IRS2,636,8.955714285714288,1.0,4,1,1,4-1-1
IRX2,33,8.692763636363631,0.8831168831168831,0,1,0,0-1-0
IRX3,60,10.145475324675322,0.5324675324675324,1,3,0,1-3-0
IRX5,47,9.836514285714285,1.0,1,2,1,1-2-1
ISCA1,58,9.436515584415588,1.0,1,2,1,1-2-1
ISCA2,40,8.206657142857145,1.0,0,1,1,0-1-1
ISCU,129,10.085867532467534,1.0,3,3,1,3-3-1
ISG15,608,10.170753246753245,1.0,4,3,1,4-3-1
ISG20,83,8.267171428571428,1.0,2,1,1,2-1-1
ISG20L2,50,10.14183766233766,1.0,1,3,1,1-3-1
ISLR,27,11.027063636363632,1.0,0,4,1,0-3-1
ISOC1,44,9.770772727272725,1.0,0,2,1,0-2-1
ISOC2,45,9.458763636363631,1.0,0,2,1,0-2-1
ISY1,71,9.341136363636359,1.0,1,2,1,1-2-1
ISYNA1,65,9.908105194805195,1.0,1,2,1,1-2-1
ITCH,458,10.479881818181818,1.0,4,3,1,4-3-1
ITFG1,30,9.875127272727271,1.0,0,2,1,0-2-1
ITFG2,18,8.485342857142859,1.0,0,1,1,0-1-1
ITGA1,166,9.517262337662343,1.0,3,2,1,3-2-1
ITGA11,68,9.957312987012989,1.0,1,2,1,1-2-1
ITGA2,474,9.71835324675325,1.0,4,2,1,4-2-1
ITGA3,322,10.374951948051947,1.0,4,3,1,4-3-1
ITGA4,315,8.477057142857145,1.0,4,1,1,4-1-1
ITGA5,552,11.067937662337663,1.0,4,4,1,4-4-1
ITGA6,434,11.165075324675326,1.0,4,4,1,4-4-1
ITGA7,83,7.0923285714285695,1.0,2,0,1,2-0-1
ITGAL,219,8.928880519480519,1.0,3,1,1,3-1-1
ITGAM,854,8.474461038961037,1.0,4,1,1,4-1-1
ITGAV,702,11.722058441558444,1.0,4,4,1,4-4-1
ITGAX,128,8.508216883116882,1.0,3,1,1,3-1-1
ITGB1,1625,13.58779090909091,1.0,4,4,1,4-4-1
ITGB1BP1,92,9.54502987012987,0.8311688311688312,2,2,0,2-2-0
ITGB2,568,10.647261038961037,1.0,4,3,1,4-3-1
ITGB3,1881,6.891129870129868,0.8831168831168831,4,0,0,4-0-0
ITGB4,401,11.059884415584415,1.0,4,4,1,4-4-1
ITGB5,202,12.006267532467533,1.0,3,4,1,3-4-1
ITGB6,144,9.46737272727273,1.0,3,2,1,3-2-1
ITGBL1,48,9.196572727272727,1.0,1,2,1,1-2-1
ITIH1,66,0.8486402597402597,1.0,1,0,1,1-0-1
ITIH2,72,1.545818181818182,1.0,1,0,1,1-0-1
ITIH3,63,2.6117961038961046,1.0,1,0,1,1-0-1
ITIH4,120,4.822997402597403,1.0,2,0,1,2-0-1
ITM2B,182,12.921796103896106,0.961038961038961,3,4,0,3-4-0
ITPA,272,9.490159740259738,1.0,4,2,1,4-2-1
ITPK1,48,10.660311688311685,1.0,1,3,1,1-3-1
ITPKB,51,10.185993506493508,1.0,1,3,1,1-3-1
ITPKC,43,9.71882987012987,1.0,0,2,1,0-2-1
ITPR1,796,10.092509090909088,1.0,4,3,1,4-3-1
ITPR2,160,10.771898701298705,1.0,3,3,1,3-3-1
ITPR3,219,11.005063636363634,1.0,3,4,1,3-4-1
ITSN1,180,9.639116883116879,1.0,3,2,1,3-2-1
ITSN2,105,9.919567532467537,1.0,2,2,1,2-2-1
IVD,74,10.444863636363639,1.0,1,3,1,1-3-1
IVL,80,1.7154051948051954,0.9090909090909092,2,0,0,2-0-0
IVNS1ABP,103,11.281442857142855,1.0,2,4,1,2-4-1
IWS1,79,10.284314285714288,1.0,2,3,1,2-3-1
JAG1,993,10.442550649350652,0.6883116883116883,4,3,0,4-3-0
JAGN1,60,9.596168831168828,0.8831168831168831,1,2,0,1-2-0
JAK1,1761,12.063025974025969,1.0,4,4,1,4-4-1
JAK2,5774,8.573242857142857,0.974025974025974,4,1,0,4-1-0
JAK3,842,7.703405194805194,0.7792207792207793,4,0,0,4-0-0
JAM3,141,8.639162337662338,0.7272727272727273,3,1,0,3-1-0
JMJD1C,170,10.455846753246755,1.0,3,3,1,3-3-1
JMJD4,22,9.494353246753246,0.974025974025974,0,2,0,0-2-0
JMJD6,190,8.894612987012989,1.0,3,1,1,3-1-1
JMJD8,25,10.629667532467534,0.8571428571428571,0,3,0,0-3-0
JMY,58,9.164362337662338,0.987012987012987,1,1,0,1-1-0
JOSD2,39,7.636741558441557,0.9090909090909092,0,0,0,0-0-0
JUN,1372,11.703849350649351,0.961038961038961,4,4,0,4-4-0
JUNB,224,10.82252467532468,1.0,3,3,1,3-3-1
JUND,198,10.968609090909094,1.0,3,4,1,3-4-1
JUP,612,13.063642857142856,1.0,4,4,1,4-4-1
KALRN,110,7.790705194805194,0.6493506493506493,2,0,0,2-0-0
KANK1,125,9.330462337662338,1.0,2,2,1,2-2-1
KANK2,100,10.297966233766237,1.0,2,3,1,2-3-1
KANK3,21,5.798957142857143,1.0,0,0,1,0-0-1
KANK4,18,6.93145974025974,0.974025974025974,0,0,0,0-0-0
KAT2A,295,9.75492207792208,0.974025974025974,4,2,0,4-2-0
KAT5,538,9.799228571428577,0.987012987012987,4,2,0,4-2-0
KATNA1,70,8.312810389610389,1.0,1,1,1,1-1-1
KATNAL1,50,8.298905194805194,1.0,1,1,1,1-1-1
KATNB1,64,8.439371428571429,1.0,1,1,1,1-1-1
KBTBD11,13,6.435244155844156,0.935064935064935,0,0,0,0-0-0
KBTBD2,24,10.263411688311688,1.0,0,3,1,0-3-1
KBTBD4,35,8.628764935064934,1.0,0,1,1,0-1-1
KBTBD7,59,7.420428571428573,0.961038961038961,1,0,0,1-0-0
KCMF1,80,10.33505454545454,1.0,2,3,1,2-3-1
KCNAB2,59,7.864858441558442,1.0,1,0,1,1-0-1
KCNMA1,402,8.60320389610389,0.7662337662337663,4,1,0,4-1-0
KCTD1,58,9.257479220779219,0.987012987012987,1,2,0,1-2-0
KCTD10,83,10.566642857142853,1.0,2,3,1,2-3-1
KCTD12,94,10.599527272727277,1.0,2,3,1,2-3-1
KCTD14,11,5.850006493506495,0.8831168831168831,0,0,0,0-0-0
KCTD15,76,9.299120779220777,1.0,1,2,1,1-2-1
KCTD17,72,7.296303896103897,0.5714285714285714,1,0,0,1-0-0
KCTD18,20,8.56032987012987,0.961038961038961,0,1,0,0-1-0
KCTD2,51,9.913462337662336,0.7402597402597403,1,2,0,1-2-0
KCTD20,34,10.74748051948052,0.6233766233766234,0,3,0,0-3-0
KCTD21,20,8.761319480519479,1.0,0,1,1,0-1-1
KCTD3,68,11.74665714285715,1.0,1,4,1,1-4-1
KCTD5,102,9.857296103896102,0.961038961038961,2,2,0,2-2-0
KCTD6,36,7.9756948051948084,0.8961038961038961,0,0,0,0-0-0
KCTD7,56,8.189964935064934,1.0,1,1,1,1-1-1
KCTD9,43,9.148562337662336,1.0,0,1,1,0-1-1
KDM1A,1156,10.999566233766235,1.0,4,4,1,4-4-1
KDM1B,69,9.510690909090908,1.0,1,2,1,1-2-1
KDM2A,258,11.906375324675325,1.0,4,4,1,4-4-1
KDM2B,131,9.63007012987013,0.922077922077922,3,2,0,3-2-0
KDM3A,188,10.49777662337662,1.0,3,3,1,3-3-1
KDM3B,131,11.273162337662338,1.0,3,4,1,3-4-1
KDM4A,260,10.515623376623374,1.0,4,3,1,4-3-1
KDM4B,171,11.112229870129868,1.0,3,4,1,3-4-1
KDM5A,247,10.833624675324677,1.0,3,3,1,3-3-1
KDM5B,253,11.883629870129873,0.961038961038961,4,4,0,4-4-0
KDM5C,200,11.501115584415581,1.0,3,4,1,3-4-1
KDM6A,390,9.731458441558445,1.0,4,2,1,4-2-1
KDM6B,362,9.690272727272728,0.6363636363636364,4,2,0,4-2-0
KDSR,52,10.505744155844159,1.0,1,3,1,1-3-1
KEAP1,1731,10.565441558441563,1.0,4,3,1,4-3-1
KERA,78,2.9599844155844144,1.0,2,0,1,2-0-1
KHDRBS1,512,12.040666233766235,1.0,4,4,1,4-4-1
KHDRBS3,109,7.3832766233766245,1.0,2,0,1,2-0-1
KHK,48,6.945616883116882,1.0,1,0,1,1-0-1
KHNYN,39,10.81691428571429,1.0,0,3,1,0-3-1
KHSRP,385,11.223487012987015,1.0,4,4,1,4-4-1
KIAA0232,29,10.396545454545453,0.6753246753246753,0,3,0,0-3-0
KIAA0319L,65,11.237811688311691,1.0,1,4,1,1-4-1
KIAA0513,22,8.592949350649352,1.0,0,1,1,0-1-1
KIAA0753,48,8.474679220779219,0.8441558441558441,1,1,0,1-1-0
KIAA1143,36,9.439876623376621,1.0,0,2,1,0-2-1
KIAA1191,46,11.04547922077922,1.0,0,4,1,0-3-1
KIAA1210,9,2.514002597402597,0.5714285714285714,0,0,0,0-0-0
KIAA1217,83,11.48920779220779,1.0,2,4,1,2-4-1
KIAA1328,22,6.81002857142857,0.7532467532467533,0,0,0,0-0-0
KIAA1671,84,10.89854025974026,1.0,2,4,1,2-4-1
KIAA2013,36,10.318374025974027,0.987012987012987,0,3,0,0-3-0
KIDINS220,140,11.003309090909093,0.935064935064935,3,4,0,3-4-0
KIF11,682,9.91668051948052,1.0,4,2,1,4-2-1
KIF12,26,7.435746753246753,0.7012987012987013,0,0,0,0-0-0
KIF13A,78,10.140314285714284,1.0,2,3,1,2-3-1
KIF13B,80,10.14721948051948,1.0,2,3,1,2-3-1
KIF14,167,8.009124675324674,0.8831168831168831,3,0,0,3-0-0
KIF15,132,7.967732467532469,1.0,3,0,1,3-0-1
KIF16B,66,9.890210389610388,1.0,1,2,1,1-2-1
KIF18B,79,7.8477259740259715,0.5974025974025974,2,0,0,2-0-0
KIF1A,209,4.292329870129871,0.5844155844155844,3,0,0,3-0-0
KIF1B,162,10.489779220779218,1.0,3,3,1,3-3-1
KIF1C,86,11.130505194805195,1.0,2,4,1,2-4-1
KIF20A,189,9.396781818181818,0.961038961038961,3,2,0,3-2-0
KIF20B,100,8.744407792207797,0.8961038961038961,2,1,0,2-1-0
KIF21A,132,9.121354545454546,1.0,3,1,1,3-1-1
KIF22,122,10.639501298701296,1.0,2,3,1,2-3-1
KIF23,234,9.192451948051943,1.0,3,1,1,3-1-1
KIF24,35,7.794214285714283,0.6623376623376623,0,0,0,0-0-0
KIF26B,54,8.119633766233765,0.7142857142857143,1,0,0,1-0-0
KIF2A,262,9.277563636363636,1.0,4,2,1,4-2-1
KIF2C,279,9.15615974025974,1.0,4,1,1,4-1-1
KIF3A,145,8.78911688311688,1.0,3,1,1,3-1-1
KIF3B,91,11.118397402597404,1.0,2,4,1,2-4-1
KIF3C,45,9.02078831168831,0.5584415584415584,0,1,0,0-1-0
KIF4A,240,9.252345454545456,1.0,3,2,1,3-2-1
KIF5A,211,2.631135064935065,0.5064935064935064,3,0,0,3-0-0
KIF5B,384,12.298075324675324,1.0,4,4,1,4-4-1
KIF7,95,6.607200000000001,0.8831168831168831,2,0,0,2-0-0
KIFAP3,84,10.217287012987013,1.0,2,3,1,2-3-1
KIFC1,174,9.509896103896104,1.0,3,2,1,3-2-1
KIN,83,8.066527272727273,1.0,2,0,1,2-0-1
KLC1,203,10.285642857142854,1.0,3,3,1,3-3-1
KLC2,117,9.517020779220777,1.0,2,2,1,2-2-1
KLC3,42,6.778551948051949,1.0,0,0,1,0-0-1
KLC4,69,8.875255844155841,1.0,1,1,1,1-1-1
KLF12,121,8.610337662337663,0.5714285714285714,2,1,0,2-1-0
KLF13,76,10.347901298701299,0.7532467532467533,1,3,0,1-3-0
KLF16,59,8.792081818181815,1.0,1,1,1,1-1-1
KLF3,85,10.272009090909092,0.6753246753246753,2,3,0,2-3-0
KLHDC10,35,9.571835064935064,0.7662337662337663,0,2,0,0-2-0
KLHDC2,39,9.755703896103899,1.0,0,2,1,0-2-1
KLHDC3,43,10.986209090909094,0.8831168831168831,0,4,0,0-4-0
KLHDC4,41,7.968085714285715,1.0,0,0,1,0-0-1
KLHDC7A,7,5.96572857142857,0.7922077922077922,0,0,0,0-0-0
KLHDC8B,19,8.635933766233768,0.6623376623376623,0,1,0,0-1-0
KLHL11,44,5.87596883116883,1.0,0,0,1,0-0-1
KLHL12,92,10.353955844155843,0.8311688311688312,2,3,0,2-3-0
KLHL20,63,8.574832467532469,0.7792207792207793,1,1,0,1-1-0
KLHL22,64,8.803805194805195,1.0,1,1,1,1-1-1
KLHL25,37,7.873907792207792,0.6233766233766234,0,0,0,0-0-0
KLHL26,38,7.972212987012988,0.9090909090909092,0,0,0,0-0-0
KLHL36,29,7.598746753246754,1.0,0,0,1,0-0-1
KLHL7,52,9.135879220779223,0.922077922077922,1,1,0,1-1-0
KLHL9,55,10.229896103896102,0.961038961038961,1,3,0,1-3-0
KLK14,69,2.4405220779220778,0.6493506493506493,1,0,0,1-0-0
KLK6,117,4.1509948051948085,0.7792207792207793,2,0,0,2-0-0
KLKB1,94,1.750416883116884,1.0,2,0,1,2-0-1
KLRG2,14,5.35192077922078,0.7142857142857143,0,0,0,0-0-0
KMO,47,7.062110389610392,0.8831168831168831,1,0,0,1-0-0
KNG1,239,0.2531935064935065,1.0,3,0,1,3-0-1
KNTC1,78,9.294583116883118,1.0,2,2,1,2-2-1
KPNA1,355,10.968123376623375,1.0,4,4,1,4-4-1
KPNA2,625,11.7730961038961,1.0,4,4,1,4-4-1
KPNA3,253,10.019220779220777,1.0,4,3,1,4-3-1
KPNA4,269,10.95096233766234,1.0,4,4,1,4-4-1
KPNA6,205,11.047090909090906,1.0,3,4,1,3-4-1
KPNB1,671,12.453561038961041,1.0,4,4,1,4-4-1
KPTN,34,7.566615584415582,1.0,0,0,1,0-0-1
KRAS,3054,10.264779220779223,1.0,4,3,1,4-3-1
KRI1,100,9.544267532467535,1.0,2,2,1,2-2-1
KRIT1,312,9.450607792207792,0.961038961038961,4,2,0,4-2-0
KRR1,131,9.763110389610386,1.0,3,2,1,3-2-1
KRT1,384,1.458805194805195,0.974025974025974,4,0,0,4-0-0
KRT10,483,8.631062337662339,1.0,4,1,1,4-1-1
KRT14,514,7.4571350649350645,1.0,4,0,1,4-0-1
KRT15,122,9.152940259740259,1.0,2,1,1,2-1-1
KRT16,195,5.664972727272725,1.0,3,0,1,3-0-1
KRT18,584,13.586142857142855,1.0,4,4,1,4-4-1
KRT19,459,14.302375324675326,1.0,4,4,1,4-4-1
KRT23,50,8.747948051948052,1.0,1,1,1,1-1-1
KRT24,24,0.6029467532467532,0.5714285714285714,0,0,0,0-0-0
KRT4,76,1.7249792207792207,0.7922077922077922,1,0,0,1-0-0
KRT5,533,8.295623376623379,1.0,4,1,1,4-1-1
KRT6A,204,4.202368831168831,1.0,3,0,1,3-0-1
KRT6B,131,6.413685714285714,1.0,3,0,1,3-0-1
KRT7,686,11.780671428571424,1.0,4,4,1,4-4-1
KRT75,49,2.2958623376623377,0.974025974025974,1,0,0,1-0-0
KRT77,62,0.6469038961038963,1.0,1,0,1,1-0-1
KRT79,40,1.1647610389610392,0.6233766233766234,0,0,0,0-0-0
KRT8,415,14.182628571428575,1.0,4,4,1,4-4-1
KRT80,60,8.807905194805198,1.0,1,1,1,1-1-1
KRT81,63,6.564381818181817,1.0,1,0,1,1-0-1
KRT84,33,0.08464675324675325,0.7922077922077922,0,0,0,0-0-0
KRT9,219,0.9730441558441559,0.987012987012987,3,0,0,3-0-0
KRTCAP3,11,8.003296103896103,0.6233766233766234,0,0,0,0-0-0
KSR1,92,7.889971428571429,1.0,2,0,1,2-0-1
KTI12,20,7.4532961038961,1.0,0,0,1,0-0-1
KTN1,252,12.333754545454543,1.0,4,4,1,4-4-1
KYNU,48,7.404211688311688,1.0,1,0,1,1-0-1
L2HGDH,98,8.02618051948052,1.0,2,0,1,2-0-1
L3MBTL2,90,9.801296103896103,0.9090909090909092,2,2,0,2-2-0
L3MBTL3,79,7.430255844155844,1.0,2,0,1,2-0-1
LACTB,113,8.508912987012987,1.0,2,1,1,2-1-1
LACTB2,29,7.996405194805196,1.0,0,0,1,0-0-1
LAD1,48,9.705015584415584,1.0,1,2,1,1-2-1
LAGE3,55,9.027970129870129,1.0,1,1,1,1-1-1
LAIR1,95,8.863727272727271,1.0,2,1,1,2-1-1
LALBA,52,0.5971363636363638,1.0,1,0,1,1-0-1
LAMA1,111,5.889785714285713,0.6363636363636364,2,0,0,2-0-0
LAMA2,135,8.358385714285719,1.0,3,1,1,3-1-1
LAMA3,137,8.465080519480521,0.974025974025974,3,1,0,3-1-0
LAMA4,142,10.864999999999995,1.0,3,3,1,3-3-1
LAMA5,172,10.929124675324676,1.0,3,4,1,3-4-1
LAMB1,226,11.756898701298697,1.0,3,4,1,3-4-1
LAMB2,116,12.027277922077921,1.0,2,4,1,2-4-1
LAMB3,160,9.013355844155846,1.0,3,1,1,3-1-1
LAMC1,208,12.013127272727276,1.0,3,4,1,3-4-1
LAMC2,344,9.257071428571429,1.0,4,2,1,4-2-1
LAMP1,558,12.87931038961039,1.0,4,4,1,4-4-1
LAMP2,591,12.473954545454546,1.0,4,4,1,4-4-1
LAMP3,122,7.172749350649352,0.8701298701298701,2,0,0,2-0-0
LANCL1,103,10.548150649350646,1.0,2,3,1,2-3-1
LANCL2,99,9.128805194805192,1.0,2,1,1,2-1-1
LAP3,106,11.250005194805198,1.0,2,4,1,2-4-1
LARP1,290,12.32819090909091,1.0,4,4,1,4-4-1
LARP1B,54,8.898070129870135,1.0,1,1,1,1-1-1
LARP4,152,10.474794805194806,1.0,3,3,1,3-3-1
LARP4B,123,10.752283116883117,1.0,2,3,1,2-3-1
LARP6,39,7.0598363636363635,0.6493506493506493,0,0,0,0-0-0
LARP7,203,9.853105194805197,1.0,3,2,1,3-2-1
LARS2,104,9.017832467532465,1.0,2,1,1,2-1-1
LAS1L,161,10.064451948051953,1.0,3,3,1,3-3-1
LASP1,273,12.894151948051954,1.0,4,4,1,4-4-1
LATS1,480,8.746461038961039,1.0,4,1,1,4-1-1
LBH,39,10.144684415584416,1.0,0,3,1,0-3-1
LBP,130,4.272296103896104,1.0,3,0,1,3-0-1
LBR,245,9.748625974025977,1.0,3,2,1,3-2-1
LCAT,238,5.0188649350649355,0.948051948051948,3,0,0,3-0-0
LCK,609,6.8724948051948065,0.8051948051948052,4,0,0,4-0-0
LCLAT1,52,8.904505194805195,1.0,1,1,1,1-1-1
LCMT1,52,9.667155844155843,1.0,1,2,1,1-2-1
LCMT2,21,8.389705194805192,0.8441558441558441,0,1,0,0-1-0
LCN2,2627,6.099101298701296,1.0,4,0,1,4-0-1
LCP1,147,11.512789610389614,1.0,3,4,1,3-4-1
LCP2,178,8.622858441558444,1.0,3,1,1,3-1-1
LDB1,102,10.482054545454549,0.961038961038961,2,3,0,2-3-0
LDB3,99,4.144214285714287,0.8181818181818182,2,0,0,2-0-0
LDHA,672,13.667558441558445,1.0,4,4,1,4-4-1
LDHB,324,11.342298701298699,1.0,4,4,1,4-4-1
LDHD,23,5.92782857142857,1.0,0,0,1,0-0-1
LDLR,1408,10.171107792207794,0.8181818181818182,4,3,0,4-3-0
LDLRAP1,145,9.583614285714289,1.0,3,2,1,3-2-1
LECT2,137,0.038680519480519475,0.974025974025974,3,0,0,3-0-0
LEF1,632,8.623758441558442,0.8181818181818182,4,1,0,4-1-0
LEMD2,82,9.843174025974031,1.0,2,2,1,2-2-1
LEMD3,175,9.498641558441555,1.0,3,2,1,3-2-1
LENG1,25,7.194992207792208,0.948051948051948,0,0,0,0-0-0
LENG8,83,10.662958441558443,1.0,2,3,1,2-3-1
LENG9,14,6.92804935064935,1.0,0,0,1,0-0-1
LEO1,117,9.628759740259742,1.0,2,2,1,2-2-1
LETM1,162,10.491515584415579,1.0,3,3,1,3-3-1
LETMD1,76,9.393727272727272,0.8571428571428571,1,2,0,1-2-0
LFNG,65,9.412929870129869,0.8961038961038961,1,2,0,1-2-0
LGALS1,714,12.311924675324668,1.0,4,4,1,4-4-1
LGALS2,65,3.801166233766234,0.6233766233766234,1,0,0,1-0-0
LGALS3,1581,11.317298701298705,1.0,4,4,1,4-4-1
LGALS3BP,276,13.611262337662337,1.0,4,4,1,4-4-1
LGALS7,135,1.6525688311688311,1.0,3,0,1,3-0-1
LGALS8,213,10.575545454545454,1.0,3,3,1,3-3-1
LGALS9,574,10.119588311688311,1.0,4,3,1,4-3-1
LGMN,122,11.214083116883115,1.0,2,4,1,2-4-1
LHPP,58,8.568737662337663,1.0,1,1,1,1-1-1
LIAS,30,7.115522077922077,0.961038961038961,0,0,0,0-0-0
LIG1,330,9.890536363636361,1.0,4,2,1,4-2-1
LIG3,230,9.842598701298705,1.0,3,2,1,3-2-1
LIG4,423,8.00449220779221,1.0,4,0,1,4-0-1
LILRB1,346,6.963235064935066,0.5584415584415584,4,0,0,4-0-0
LILRB4,165,8.484062337662335,0.8311688311688312,3,1,0,3-1-0
LIMA1,243,11.249068831168833,1.0,3,4,1,3-4-1
LIMCH1,86,10.232931168831167,1.0,2,3,1,2-3-1
LIMD1,113,9.979587012987015,1.0,2,2,1,2-2-1
LIMD2,22,8.285425974025975,1.0,0,1,1,0-1-1
LIMK1,421,10.081601298701298,1.0,4,3,1,4-3-1
LIMK2,149,10.722974025974027,1.0,3,3,1,3-3-1
LIMS2,36,7.976974025974027,1.0,0,0,1,0-0-1
LIN37,42,7.245218181818183,0.987012987012987,0,0,0,0-0-0
LIN52,41,7.245611688311693,0.5974025974025974,0,0,0,0-0-0
LIN54,58,8.608284415584412,1.0,1,1,1,1-1-1
LIN7A,73,4.533848051948054,1.0,1,0,1,1-0-1
LIN7C,103,9.38193246753247,1.0,2,2,1,2-2-1
LIN9,79,7.966427272727271,1.0,2,0,1,2-0-1
LIPA,180,10.938342857142857,1.0,3,4,1,3-4-1
LIPE,115,7.440123376623377,1.0,2,0,1,2-0-1
LIPT2,14,4.3051,0.7142857142857143,0,0,0,0-0-0
LIX1L,15,8.39123766233766,1.0,0,1,1,0-1-1
LLGL1,131,9.328561038961036,1.0,3,2,1,3-2-1
LLGL2,64,10.617507792207794,1.0,1,3,1,1-3-1
LLPH,68,9.346667532467533,0.961038961038961,1,2,0,1-2-0
LMAN1,316,12.017699999999994,1.0,4,4,1,4-4-1
LMAN2,118,11.659605194805192,1.0,2,4,1,2-4-1
LMAN2L,58,9.483611688311687,1.0,1,2,1,1-2-1
LMBRD1,45,9.993385714285711,0.961038961038961,0,3,0,0-3-0
LMBRD2,26,7.764792207792208,0.8831168831168831,0,0,0,0-0-0
LMCD1,49,9.745940259740264,1.0,1,2,1,1-2-1
LMF2,48,10.292179220779227,0.922077922077922,1,3,0,1-3-0
LMNA,1626,12.792031168831164,1.0,4,4,1,4-4-1
LMNB1,393,10.533780519480521,1.0,4,3,1,4-3-1
LMNB2,184,10.62446233766234,1.0,3,3,1,3-3-1
LMO4,69,10.07826753246753,0.8961038961038961,1,3,0,1-3-0
LMO7,173,9.65758961038961,1.0,3,2,1,3-2-1
LMOD1,46,8.346428571428572,1.0,0,1,1,0-1-1
LMTK2,80,8.32444545454546,1.0,2,1,1,2-1-1
LMX1B,98,9.711899999999995,0.961038961038961,2,2,0,2-2-0
LNPEP,128,8.297383116883116,1.0,3,1,1,3-1-1
LNX1,72,8.345646753246749,0.7272727272727273,1,1,0,1-1-0
LNX2,52,9.120962337662336,0.6233766233766234,1,1,0,1-1-0
LONP1,274,10.746540259740259,1.0,4,3,1,4-3-1
LONP2,55,10.838292207792213,1.0,1,3,1,1-3-1
LONRF2,23,7.955829870129871,0.6623376623376623,0,0,0,0-0-0
LOX,314,9.553310389610392,1.0,4,2,1,4-2-1
LOXL1,289,9.538022077922081,1.0,4,2,1,4-2-1
LOXL2,322,10.140140259740264,1.0,4,3,1,4-3-1
LOXL3,64,6.960262337662341,0.8831168831168831,1,0,0,1-0-0
LPA,668,0.14035324675324676,1.0,4,0,1,4-0-1
LPCAT1,162,10.8588987012987,1.0,3,3,1,3-3-1
LPCAT2,50,8.493374025974028,1.0,1,1,1,1-1-1
LPCAT3,80,10.373562337662337,0.948051948051948,2,3,0,2-3-0
LPGAT1,53,11.212259740259736,1.0,1,4,1,1-4-1
LPIN1,208,9.230720779220777,1.0,3,2,1,3-2-1
LPIN2,63,9.921927272727274,1.0,1,2,1,1-2-1
LPIN3,30,8.264929870129869,1.0,0,1,1,0-1-1
LPL,957,8.339107792207786,0.6883116883116883,4,1,0,4-1-0
LPP,172,8.92035844155844,1.0,3,1,1,3-1-1
LPXN,60,8.507161038961035,1.0,1,1,1,1-1-1
LRBA,249,11.429676623376624,1.0,4,4,1,4-4-1
LRCH1,66,8.952097402597403,1.0,1,1,1,1-1-1
LRCH2,53,4.665967532467533,0.5584415584415584,1,0,0,1-0-0
LRCH3,72,8.307357142857144,1.0,1,1,1,1-1-1
LRCH4,41,9.573992207792207,1.0,0,2,1,0-2-1
LRG1,263,8.072027272727272,1.0,4,0,1,4-0-1
LRIG1,178,11.765718181818183,0.7012987012987013,3,4,0,3-4-0
LRP1,543,12.597522077922074,1.0,4,4,1,4-4-1
LRP10,55,12.048618181818183,0.6103896103896104,1,4,0,1-4-0
LRP11,17,10.413627272727274,0.6753246753246753,0,3,0,0-3-0
LRP2,234,7.591142857142856,1.0,3,0,1,3-0-1
LRPAP1,167,10.855448051948054,1.0,3,3,1,3-3-1
LRPPRC,382,12.038366233766233,1.0,4,4,1,4-4-1
LRRC1,72,9.714853246753247,1.0,1,2,1,1-2-1
LRRC14,21,9.385411688311692,1.0,0,2,1,0-2-1
LRRC15,72,10.639285714285716,1.0,1,3,1,1-3-1
LRRC17,17,6.816722077922076,0.8181818181818182,0,0,0,0-0-0
LRRC20,23,8.001996103896102,1.0,0,0,1,0-0-1
LRRC25,15,6.897953246753247,0.974025974025974,0,0,0,0-0-0
LRRC40,60,8.412805194805195,1.0,1,1,1,1-1-1
LRRC41,71,10.869192207792207,1.0,1,3,1,1-3-1
LRRC42,25,9.385793506493503,0.961038961038961,0,2,0,0-2-0
LRRC45,24,8.750825974025974,0.9090909090909092,0,1,0,0-1-0
LRRC47,115,9.982238961038961,1.0,2,2,1,2-2-1
LRRC57,32,8.332153246753247,1.0,0,1,1,0-1-1
LRRC58,19,10.485705194805195,0.7662337662337663,0,3,0,0-3-0
LRRC59,246,12.161285714285718,1.0,3,4,1,3-4-1
LRRC8A,167,10.429579220779223,0.8701298701298701,3,3,0,3-3-0
LRRC8D,43,9.821727272727273,0.7012987012987013,0,2,0,0-2-0
LRRC8E,36,8.863067532467527,0.8181818181818182,0,1,0,0-1-0
LRRCC1,26,9.466328571428567,0.922077922077922,0,2,0,0-2-0
LRRFIP1,126,11.731192207792205,1.0,2,4,1,2-4-1
LRRFIP2,104,10.177314285714285,1.0,2,3,1,2-3-1
LRRIQ1,21,3.604898701298701,0.7532467532467533,0,0,0,0-0-0
LRRK1,73,8.259529870129871,0.8311688311688312,1,1,0,1-1-0
LRRK2,1992,7.379938961038963,0.7142857142857143,4,0,0,4-0-0
LRSAM1,98,9.121945454545456,1.0,2,1,1,2-1-1
LRWD1,74,8.404125974025972,1.0,1,1,1,1-1-1
LSG1,112,10.201046753246754,1.0,2,3,1,2-3-1
LSM1,86,9.139692207792208,1.0,2,1,1,2-1-1
LSM12,114,10.063202597402595,1.0,2,3,1,2-3-1
LSM14A,137,11.691349350649352,1.0,3,4,1,3-4-1
LSM14B,77,10.550029870129869,1.0,1,3,1,1-3-1
LSM2,113,9.54212467532467,1.0,2,2,1,2-2-1
LSM3,91,9.770775324675325,1.0,2,2,1,2-2-1
LSM4,112,10.804159740259738,1.0,2,3,1,2-3-1
LSM5,60,9.323751948051948,1.0,1,2,1,1-2-1
LSM6,69,7.6663831168831145,1.0,1,0,1,1-0-1
LSM7,70,8.73856493506493,1.0,1,1,1,1-1-1
LSP1,122,9.918903896103899,1.0,2,2,1,2-2-1
LSR,111,11.486676623376626,1.0,2,4,1,2-4-1
LSS,83,10.081324675324668,1.0,2,3,1,2-3-1
LTA4H,149,10.796501298701303,1.0,3,3,1,3-3-1
LTBP1,227,10.353503896103897,1.0,3,3,1,3-3-1
LTBP2,99,11.423446753246752,1.0,2,4,1,2-4-1
LTBP3,63,10.990754545454552,1.0,1,4,1,1-4-1
LTBR,195,10.679435064935063,0.5064935064935064,3,3,0,3-3-0
LTF,630,10.792936363636366,1.0,4,3,1,4-3-1
LTV1,132,9.321023376623376,1.0,3,2,1,3-2-1
LUC7L,128,9.322903896103899,1.0,3,2,1,3-2-1
LUC7L3,189,11.152709090909097,1.0,3,4,1,3-4-1
LUM,332,13.225628571428569,1.0,4,4,1,4-4-1
LUZP1,120,9.679555844155843,1.0,2,2,1,2-2-1
LXN,29,8.241903896103892,1.0,0,1,1,0-1-1
LY6D,38,1.9841454545454542,0.6623376623376623,0,0,0,0-0-0
LY6E,71,12.425890909090908,1.0,1,4,1,1-4-1
LY75,44,8.632889610389608,0.974025974025974,0,1,0,0-1-0
LY86,32,6.956305194805196,0.6363636363636364,0,0,0,0-0-0
LY96,411,6.591164935064936,0.8051948051948052,4,0,0,4-0-0
LYAR,200,8.12273766233766,1.0,3,0,1,3-0-1
LYN,482,9.247442857142858,1.0,4,2,1,4-2-1
LYPD3,64,9.201392207792201,1.0,1,2,1,1-2-1
LYPLA1,106,10.845681818181813,1.0,2,3,1,2-3-1
LYPLA2,80,10.289672727272732,1.0,2,3,1,2-3-1
LYPLAL1,83,8.745563636363634,1.0,2,1,1,2-1-1
LYRM1,21,9.104403896103898,1.0,0,1,1,0-1-1
LYRM2,25,9.820720779220776,0.961038961038961,0,2,0,0-2-0
LYRM4,80,8.323822077922083,1.0,2,1,1,2-1-1
LYRM7,47,8.311015584415586,1.0,1,1,1,1-1-1
LYSMD1,10,8.326607792207794,1.0,0,1,1,0-1-1
LYSMD2,6,7.3678922077922095,1.0,0,0,1,0-0-1
LYST,136,9.722357142857142,1.0,3,2,1,3-2-1
LYVE1,311,5.320106493506491,1.0,4,0,1,4-0-1
LYZ,208,11.707116883116884,1.0,3,4,1,3-4-1
LZIC,33,8.497997402597399,1.0,0,1,1,0-1-1
LZTFL1,58,9.141320779220775,1.0,1,1,1,1-1-1
LZTR1,164,9.745781818181817,1.0,3,2,1,3-2-1
LZTS1,92,7.996376623376625,0.935064935064935,2,0,0,2-0-0
LZTS2,112,10.376209090909095,0.961038961038961,2,3,0,2-3-0
M6PR,94,11.509866233766235,1.0,2,4,1,2-4-1
MACC1,239,8.95102337662337,0.961038961038961,3,1,0,3-1-0
MACF1,219,12.509922077922077,1.0,3,4,1,3-4-1
MACROD1,65,7.569927272727274,1.0,1,0,1,1-0-1
MACROD2,60,5.918531168831168,0.922077922077922,1,0,0,1-0-0
MAD1L1,356,8.582729870129869,1.0,4,1,1,4-1-1
MAD2L1,602,8.827246753246753,1.0,4,1,1,4-1-1
MAD2L1BP,100,8.91769090909091,0.961038961038961,2,1,0,2-1-0
MAD2L2,186,8.851537662337664,0.961038961038961,3,1,0,3-1-0
MADD,139,10.183345454545456,1.0,3,3,1,3-3-1
MAEA,95,10.004089610389611,1.0,2,3,1,2-3-1
MAF1,61,11.103601298701298,1.0,1,4,1,1-4-1
MAFB,194,10.041693506493507,0.7402597402597403,3,3,0,3-3-0
MAFF,80,8.397945454545457,0.961038961038961,2,1,0,2-1-0
MAFG,107,9.00728181818182,0.974025974025974,2,1,0,2-1-0
MAFK,78,8.904425974025976,0.5454545454545454,2,1,0,2-1-0
MAGEA4,83,1.0946675324675323,0.8701298701298701,2,0,0,2-0-0
MAGED1,215,12.488503896103895,1.0,3,4,1,3-4-1
MAGED2,216,13.312087012987016,1.0,3,4,1,3-4-1
MAGI1,129,9.25757922077922,1.0,3,2,1,3-2-1
MAGI2,176,7.213150649350647,0.7272727272727273,3,0,0,3-0-0
MAGI3,82,9.616538961038962,1.0,2,2,1,2-2-1
MAGOHB,94,8.295666233766235,1.0,2,1,1,2-1-1
MAGT1,166,11.34505454545455,1.0,3,4,1,3-4-1
MAK16,61,8.73865974025974,1.0,1,1,1,1-1-1
MALT1,504,8.838212987012987,1.0,4,1,1,4-1-1
MAMDC2,18,5.659838961038963,1.0,0,0,1,0-0-1
MAML1,187,10.3774012987013,0.8571428571428571,3,3,0,3-3-0
MAML2,105,7.938816883116882,0.6233766233766234,2,0,0,2-0-0
MAN1A1,68,10.080224675324674,1.0,1,3,1,1-3-1
MAN1A2,57,9.749951948051947,0.961038961038961,1,2,0,1-2-0
MAN1B1,117,10.842667532467539,1.0,2,3,1,2-3-1
MAN2A1,79,9.359232467532467,1.0,2,2,1,2-2-1
MAN2A2,48,9.920332467532468,0.6753246753246753,1,2,0,1-2-0
MAN2B1,82,11.319255844155848,1.0,2,4,1,2-4-1
MAN2B2,46,10.606446753246749,1.0,0,3,1,0-3-1
MAN2C1,60,9.214559740259743,1.0,1,2,1,1-2-1
MANBA,57,10.083767532467533,1.0,1,3,1,1-3-1
MANBAL,16,10.068372727272727,0.7272727272727273,0,3,0,0-3-0
MANF,200,10.374896103896104,1.0,3,3,1,3-3-1
MANSC1,11,9.795024675324676,0.935064935064935,0,2,0,0-2-0
MAOA,865,7.4566623376623395,1.0,4,0,1,4-0-1
MAOB,215,8.915977922077925,1.0,3,1,1,3-1-1
MAP1A,106,8.815468831168834,1.0,2,1,1,2-1-1
MAP1B,270,10.058759740259736,1.0,4,3,1,4-3-1
MAP1LC3B2,13,7.7958805194805185,1.0,0,0,1,0-0-1
MAP1S,105,9.610596103896102,1.0,2,2,1,2-2-1
MAP2,160,7.294151948051948,1.0,3,0,1,3-0-1
MAP2K1,1793,10.00482987012987,1.0,4,3,1,4-3-1
MAP2K2,769,10.794883116883113,1.0,4,3,1,4-3-1
MAP2K3,312,9.828244155844157,1.0,4,2,1,4-2-1
MAP2K4,469,9.587706493506495,1.0,4,2,1,4-2-1
MAP2K5,177,8.032968831168835,1.0,3,0,1,3-0-1
MAP2K6,353,6.545706493506494,1.0,4,0,1,4-0-1
MAP2K7,311,9.542899999999996,1.0,4,2,1,4-2-1
MAP3K1,692,10.565736363636361,1.0,4,3,1,4-3-1
MAP3K10,67,7.557972727272727,0.5194805194805194,1,0,0,1-0-0
MAP3K11,124,10.506427272727272,0.974025974025974,2,3,0,2-3-0
MAP3K2,135,9.396045454545455,1.0,3,2,1,3-2-1
MAP3K3,166,9.610259740259746,0.6753246753246753,3,2,0,3-2-0
MAP3K4,93,9.31735974025974,1.0,2,2,1,2-2-1
MAP3K5,612,8.727736363636366,1.0,4,1,1,4-1-1
MAP3K6,36,9.004206493506494,1.0,0,1,1,0-1-1
MAP3K7,541,9.568559740259742,1.0,4,2,1,4-2-1
MAP3K8,250,7.150001298701299,0.922077922077922,4,0,0,4-0-0
MAP4,290,12.490476623376624,1.0,4,4,1,4-4-1
MAP4K1,75,6.570058441558442,0.974025974025974,1,0,0,1-0-0
MAP4K2,87,8.664312987012986,1.0,2,1,1,2-1-1
MAP4K3,80,9.629880519480515,1.0,2,2,1,2-2-1
MAP4K4,263,11.254446753246755,1.0,4,4,1,4-4-1
MAP7,119,10.366967532467532,1.0,2,3,1,2-3-1
MAP7D1,115,10.820554545454543,1.0,2,3,1,2-3-1
MAP7D3,96,6.799142857142857,1.0,2,0,1,2-0-1
MAP9,47,8.462051948051952,0.9090909090909092,1,1,0,1-1-0
MAPK1,3850,11.571905194805197,1.0,4,4,1,4-4-1
MAPK11,140,7.322246753246755,0.5844155844155844,3,0,0,3-0-0
MAPK12,131,6.590155844155843,0.5064935064935064,3,0,0,3-0-0
MAPK13,94,10.242627272727274,1.0,2,3,1,2-3-1
MAPK14,1469,10.508953246753245,1.0,4,3,1,4-3-1
MAPK3,1863,10.586672727272727,1.0,4,3,1,4-3-1
MAPK7,383,8.199785714285715,1.0,4,1,1,4-1-1
MAPK8,1062,8.153672727272731,1.0,4,0,1,4-0-1
MAPK8IP3,98,9.303888311688313,0.8441558441558441,2,2,0,2-2-0
MAPK9,293,10.273803896103896,1.0,4,3,1,4-3-1
MAPKAP1,224,10.740589610389609,1.0,3,3,1,3-3-1
MAPKAPK2,196,12.28972987012987,1.0,3,4,1,3-4-1
MAPKAPK3,66,9.790336363636362,1.0,1,2,1,1-2-1
MAPKBP1,28,8.68872727272727,0.8961038961038961,0,1,0,0-1-0
MAPRE1,340,11.802693506493503,1.0,4,4,1,4-4-1
MAPRE2,123,9.377393506493506,1.0,2,2,1,2-2-1
MAPRE3,100,8.171020779220775,1.0,2,1,1,2-1-1
MAPT,4825,9.80227272727273,1.0,4,2,1,4-2-1
MARCKS,413,11.882306493506498,1.0,4,4,1,4-4-1
MARCKSL1,135,12.784379220779218,1.0,3,4,1,3-4-1
MARK1,126,6.748390909090907,0.7922077922077922,2,0,0,2-0-0
MARK2,244,10.844696103896105,1.0,3,3,1,3-3-1
MARK3,170,10.148085714285715,1.0,3,3,1,3-3-1
MARK4,109,9.7462,0.6363636363636364,2,2,0,2-2-0
MARS2,33,7.887333766233771,1.0,0,0,1,0-0-1
MARVELD2,103,8.834487012987015,0.5324675324675324,2,1,0,2-1-0
MASP1,220,2.1864324675324673,0.961038961038961,3,0,0,3-0-0
MASP2,321,3.59251038961039,0.8831168831168831,4,0,0,4-0-0
MAST2,88,10.611702597402596,0.961038961038961,2,3,0,2-3-0
MAST3,35,8.334489610389609,0.922077922077922,0,1,0,0-1-0
MAST4,44,8.865892207792205,0.974025974025974,0,1,0,0-1-0
MASTL,103,8.757255844155846,1.0,2,1,1,2-1-1
MAT1A,99,4.487081818181817,0.8831168831168831,2,0,0,2-0-0
MAT2A,314,11.953233766233769,1.0,4,4,1,4-4-1
MAT2B,111,10.323040259740258,1.0,2,3,1,2-3-1
MATN2,64,8.301403896103896,1.0,1,1,1,1-1-1
MATN3,77,7.68331948051948,1.0,1,0,1,1-0-1
MATR3,456,12.822128571428571,1.0,4,4,1,4-4-1
MAVS,721,11.195364935064935,1.0,4,4,1,4-4-1
MAX,502,10.408555844155849,1.0,4,3,1,4-3-1
MAZ,128,12.319720779220782,1.0,3,4,1,3-4-1
MB,95,8.566254545454546,1.0,2,1,1,2-1-1
MBD1,101,9.765406493506497,1.0,2,2,1,2-2-1
MBD2,190,10.688292207792207,1.0,3,3,1,3-3-1
MBD3,188,10.064927272727274,1.0,3,3,1,3-3-1
MBD4,187,9.83042597402598,1.0,3,2,1,3-2-1
MBIP,68,7.857531168831168,1.0,1,0,1,1-0-1
MBL2,1026,0.31123636363636364,1.0,4,0,1,4-0-1
MBLAC1,8,4.906581818181818,0.8961038961038961,0,0,0,0-0-0
MBLAC2,21,7.379803896103893,1.0,0,0,1,0-0-1
MBNL1,287,11.301679220779224,1.0,4,4,1,4-4-1
MBNL2,72,10.274110389610389,1.0,1,3,1,1-3-1
MBOAT1,28,9.733383116883116,0.5844155844155844,0,2,0,0-2-0
MBOAT2,30,9.812315584415584,0.922077922077922,0,2,0,0-2-0
MBOAT7,183,10.896041558441562,1.0,3,4,1,3-4-1
MBP,356,8.92849090909091,1.0,4,1,1,4-1-1
MBTD1,50,9.389215584415583,0.8181818181818182,1,2,0,1-2-0
MBTPS2,90,9.39007012987013,0.6493506493506493,2,2,0,2-2-0
MCAM,569,10.926692207792213,1.0,4,4,1,4-4-1
MCAT,51,8.376419480519479,1.0,1,1,1,1-1-1
MCC,101,9.034484415584418,1.0,2,1,1,2-1-1
MCCC1,146,9.248492207792205,1.0,3,2,1,3-2-1
MCCC2,145,11.823718181818178,1.0,3,4,1,3-4-1
MCEE,21,7.183851948051947,1.0,0,0,1,0-0-1
MCF2L,69,9.783744155844156,1.0,1,2,1,1-2-1
MCFD2,79,11.232164935064935,1.0,2,4,1,2-4-1
MCL1,1821,13.142735064935065,1.0,4,4,1,4-4-1
MCM2,390,10.576764935064936,1.0,4,3,1,4-3-1
MCM3,445,11.510827272727271,1.0,4,4,1,4-4-1
MCM3AP,153,11.109407792207788,1.0,3,4,1,3-4-1
MCM4,364,11.1674974025974,1.0,4,4,1,4-4-1
MCM5,382,10.163390909090914,1.0,4,3,1,4-3-1
MCM6,386,10.615089610389612,1.0,4,3,1,4-3-1
MCM7,597,11.261754545454542,1.0,4,4,1,4-4-1
MCRS1,122,9.861205194805194,1.0,2,2,1,2-2-1
MCTS1,131,9.79805584415584,1.0,3,2,1,3-2-1
MDC1,402,10.196236363636368,1.0,4,3,1,4-3-1
MDH1,130,11.356779220779218,1.0,3,4,1,3-4-1
MDH2,223,11.905015584415581,1.0,3,4,1,3-4-1
MDK,236,11.246490909090909,1.0,3,4,1,3-4-1
MDM4,645,9.914128571428572,0.6233766233766234,4,2,0,4-2-0
MDN1,149,9.921171428571428,1.0,3,2,1,3-2-1
MDP1,18,7.44455974025974,1.0,0,0,1,0-0-1
ME1,80,8.168129870129869,1.0,2,1,1,2-1-1
ME2,90,9.556970129870129,1.0,2,2,1,2-2-1
ME3,27,7.033331168831169,1.0,0,0,1,0-0-1
MEA1,28,10.34640779220779,1.0,0,3,1,0-3-1
MEAF6,77,10.822877922077922,1.0,1,3,1,1-3-1
MECP2,1472,10.333229870129873,1.0,4,3,1,4-3-1
MECR,38,8.421624675324674,1.0,0,1,1,0-1-1
MED1,280,11.06404545454545,1.0,4,4,1,4-4-1
MED10,61,8.634101298701296,1.0,1,1,1,1-1-1
MED11,41,7.554718181818183,0.961038961038961,0,0,0,0-0-0
MED12,421,10.40335324675325,1.0,4,3,1,4-3-1
MED13,108,11.16595844155844,1.0,2,4,1,2-4-1
MED13L,85,11.501619480519478,0.961038961038961,2,4,0,2-4-0
MED14,138,10.517809090909095,1.0,3,3,1,3-3-1
MED15,145,10.556951948051948,1.0,3,3,1,3-3-1
MED16,83,9.875845454545455,1.0,2,2,1,2-2-1
MED17,125,9.166124675324667,1.0,2,1,1,2-1-1
MED18,49,8.121783116883117,1.0,1,0,1,1-0-1
MED19,91,8.134077922077923,1.0,2,0,1,2-0-1
MED20,66,9.227602597402596,1.0,1,2,1,1-2-1
MED21,76,8.96458571428572,1.0,1,1,1,1-1-1
MED22,70,9.481123376623376,1.0,1,2,1,1-2-1
MED23,167,9.90797532467532,1.0,3,2,1,3-2-1
MED24,100,10.971164935064932,1.0,2,4,1,2-4-1
MED25,79,10.022235064935062,1.0,2,3,1,2-3-1
MED26,59,8.157822077922075,1.0,1,0,1,1-0-1
MED27,80,7.998883116883117,1.0,2,0,1,2-0-1
MED28,69,9.050445454545454,0.974025974025974,1,1,0,1-1-0
MED29,50,10.716924675324679,1.0,1,3,1,1-3-1
MED30,55,7.5808285714285715,1.0,1,0,1,1-0-1
MED31,62,6.691805194805194,0.948051948051948,1,0,0,1-0-0
MED4,145,9.617227272727277,1.0,3,2,1,3-2-1
MED6,90,8.436464935064933,1.0,2,1,1,2-1-1
MED7,68,7.6079454545454555,0.974025974025974,1,0,0,1-0-0
MED8,73,9.514592207792209,1.0,1,2,1,1-2-1
MED9,39,8.35574025974026,1.0,0,1,1,0-1-1
MEF2A,261,10.334435064935066,0.8961038961038961,4,3,0,4-3-0
MEF2C,404,8.910744155844156,0.6753246753246753,4,1,0,4-1-0
MEF2D,203,10.784937662337667,1.0,3,3,1,3-3-1
MEGF6,16,8.48538181818182,0.974025974025974,0,1,0,0-1-0
MEGF8,40,9.89515194805195,0.7142857142857143,0,2,0,0-2-0
MEGF9,15,10.60146623376624,0.8181818181818182,0,3,0,0-3-0
MEIS1,317,7.087044155844154,0.948051948051948,4,0,0,4-0-0
MELK,239,8.670145454545455,0.8051948051948052,3,1,0,3-1-0
MEMO1,55,8.764949350649347,1.0,1,1,1,1-1-1
MEN1,1123,10.024224675324673,1.0,4,3,1,4-3-1
MEPCE,121,10.351440259740263,1.0,2,3,1,2-3-1
MET,2889,8.257090909090909,0.5324675324675324,4,1,0,4-1-0
METAP1,74,10.057983116883117,1.0,1,3,1,1-3-1
METAP2,171,10.683323376623377,1.0,3,3,1,3-3-1
METRNL,70,8.525544155844152,0.7402597402597403,1,1,0,1-1-0
METTL1,103,8.698951948051945,1.0,2,1,1,2-1-1
METTL13,78,10.212619480519486,1.0,2,3,1,2-3-1
METTL14,364,8.426735064935066,1.0,4,1,1,4-1-1
METTL2B,33,8.364967532467531,1.0,0,1,1,0-1-1
METTL3,1425,9.338680519480516,1.0,4,2,1,4-2-1
METTL5,32,9.009205194805197,1.0,0,1,1,0-1-1
METTL8,26,8.623099999999996,0.6233766233766234,0,1,0,0-1-0
METTL9,31,11.022257142857136,0.922077922077922,0,4,0,0-4-0
MEX3A,63,9.652919480519481,0.974025974025974,1,2,0,1-2-0
MEX3D,28,8.862731168831168,1.0,0,1,1,0-1-1
MFAP1,129,9.690580519480516,1.0,3,2,1,3-2-1
MFAP2,50,9.353241558441558,1.0,1,2,1,1-2-1
MFAP4,91,8.540283116883119,1.0,2,1,1,2-1-1
MFAP5,59,9.303235064935064,1.0,1,2,1,1-2-1
MFF,128,10.060324675324674,1.0,3,3,1,3-3-1
MFGE8,355,11.016771428571428,1.0,4,4,1,4-4-1
MFN1,246,9.871967532467531,1.0,3,2,1,3-2-1
MFN2,708,11.15028441558442,1.0,4,4,1,4-4-1
MFSD6,15,10.569941558441565,0.987012987012987,0,3,0,0-3-0
MGA,139,10.03834025974026,1.0,3,3,1,3-3-1
MGAT1,75,11.3591038961039,1.0,1,4,1,1-4-1
MGAT2,63,9.667596103896102,0.7662337662337663,1,2,0,1-2-0
MGAT5,117,7.8470428571428545,0.974025974025974,2,0,0,2-0-0
MGLL,90,10.15914545454545,1.0,2,3,1,2-3-1
MGMT,2116,8.333346753246754,1.0,4,1,1,4-1-1
MGP,153,13.908348051948062,1.0,3,4,1,3-4-1
MGRN1,71,10.816332467532467,1.0,1,3,1,1-3-1
MGST1,93,11.13111428571429,1.0,2,4,1,2-4-1
MGST2,37,9.216650649350651,0.922077922077922,0,2,0,0-2-0
MGST3,74,10.755290909090908,1.0,1,3,1,1-3-1
MIA,171,4.480035064935065,0.5714285714285714,3,0,0,3-0-0
MIA3,126,11.512366233766233,1.0,2,4,1,2-4-1
MIB1,271,10.753301298701304,1.0,4,3,1,4-3-1
MIB2,74,7.788040259740259,1.0,1,0,1,1-0-1
MICAL1,119,9.008920779220775,1.0,2,1,1,2-1-1
MICAL2,58,10.94557012987013,1.0,1,4,1,1-4-1
MICAL3,83,9.643212987012987,1.0,2,2,1,2-2-1
MICALL1,76,9.361500000000001,1.0,1,2,1,1-2-1
MICALL2,43,8.582236363636364,1.0,0,1,1,0-1-1
MID1,178,7.440025974025972,1.0,3,0,1,3-0-1
MID1IP1,33,9.236707792207792,0.948051948051948,0,2,0,0-2-0
MID2,55,9.03390909090909,0.974025974025974,1,1,0,1-1-0
MIER1,64,9.865151948051947,1.0,1,2,1,1-2-1
MIER2,18,8.533505194805196,0.5064935064935064,0,1,0,0-1-0
MIER3,23,9.194020779220779,0.7532467532467533,0,1,0,0-1-0
MIF,1386,11.906963636363635,1.0,4,4,1,4-4-1
MIF4GD,41,8.904457142857142,1.0,0,1,1,0-1-1
MINK1,102,10.63991948051949,1.0,2,3,1,2-3-1
MINPP1,51,8.775723376623377,1.0,1,1,1,1-1-1
MIOS,58,9.367661038961039,1.0,1,2,1,1-2-1
MIPEP,46,8.982988311688311,1.0,0,1,1,0-1-1
MIS12,81,8.674032467532466,1.0,2,1,1,2-1-1
MITD1,45,7.50201948051948,0.8701298701298701,0,0,0,0-0-0
MITF,977,8.00328961038961,1.0,4,0,1,4-0-1
MKI67,1567,11.337435064935065,1.0,4,4,1,4-4-1
MKLN1,79,10.527854545454543,1.0,2,3,1,2-3-1
MKNK1,230,8.769268831168832,0.961038961038961,3,1,0,3-1-0
MKNK2,123,11.508189610389614,0.7532467532467533,2,4,0,2-4-0
MKRN1,58,11.590642857142855,1.0,1,4,1,1-4-1
MKRN2,88,9.383202597402597,1.0,2,2,1,2-2-1
MLEC,101,12.359964935064932,1.0,2,4,1,2-4-1
MLF2,114,11.868237662337663,1.0,2,4,1,2-4-1
MLH1,3570,9.58881298701299,1.0,4,2,1,4-2-1
MLKL,441,7.614145454545455,1.0,4,0,1,4-0-1
MLLT1,127,10.82105584415584,1.0,2,3,1,2-3-1
MLLT10,141,9.247048051948052,0.7012987012987013,3,2,0,3-2-0
MLLT11,83,7.445366233766233,0.6233766233766234,2,0,0,2-0-0
MLLT6,64,11.577983116883113,1.0,1,4,1,1-4-1
MLPH,85,11.365289610389608,1.0,2,4,1,2-4-1
MLST8,144,9.8470012987013,1.0,3,2,1,3-2-1
MLX,55,10.050870129870127,0.7662337662337663,1,3,0,1-3-0
MLYCD,38,7.575496103896106,1.0,0,0,1,0-0-1
MMAA,27,8.014393506493509,1.0,0,0,1,0-0-1
MMAB,84,8.811822077922079,1.0,2,1,1,2-1-1
MMACHC,196,7.413529870129871,0.6493506493506493,3,0,0,3-0-0
MMADHC,44,10.741798701298706,0.922077922077922,0,3,0,0-3-0
MME,372,8.044819480519477,0.961038961038961,4,0,0,4-0-0
MMGT1,81,9.613224675324675,0.922077922077922,2,2,0,2-2-0
MMP1,1779,7.85815194805195,1.0,4,0,1,4-0-1
MMP10,204,4.161796103896104,0.935064935064935,3,0,0,3-0-0
MMP11,144,12.024240259740253,0.961038961038961,3,4,0,3-4-0
MMP13,1173,7.782185714285719,0.7922077922077922,4,0,0,4-0-0
MMP14,969,12.782133766233766,1.0,4,4,1,4-4-1
MMP15,108,9.37384805194805,0.6233766233766234,2,2,0,2-2-0
MMP19,73,8.354225974025972,1.0,1,1,1,1-1-1
MMP2,4178,12.542110389610388,1.0,4,4,1,4-4-1
MMP3,1367,7.151535064935066,0.974025974025974,4,0,0,4-0-0
MMP7,872,8.55358441558442,1.0,4,1,1,4-1-1
MMP8,567,1.9348454545454543,0.948051948051948,4,0,0,4-0-0
MMP9,5656,10.351338961038962,1.0,4,3,1,4-3-1
MMRN1,49,5.587680519480521,1.0,1,0,1,1-0-1
MMRN2,34,9.126867532467527,1.0,0,1,1,0-1-1
MMS19,165,10.163190909090911,1.0,3,3,1,3-3-1
MNAT1,161,8.026201298701299,1.0,3,0,1,3-0-1
MNDA,79,7.594066233766234,1.0,2,0,1,2-0-1
MNT,93,9.115464935064937,0.961038961038961,2,1,0,2-1-0
MOB2,60,8.748331168831166,1.0,1,1,1,1-1-1
MOCOS,50,7.645937662337661,0.961038961038961,1,0,0,1-0-0
MOCS1,59,8.012711688311688,0.8181818181818182,1,0,0,1-0-0
MOCS2,46,9.484438961038958,1.0,0,2,1,0-2-1
MOCS3,43,8.231685714285712,1.0,0,1,1,0-1-1
MOGS,160,10.442788311688311,1.0,3,3,1,3-3-1
MON1A,21,7.445289610389608,0.8051948051948052,0,0,0,0-0-0
MON1B,28,9.21362207792208,1.0,0,2,1,0-2-1
MON2,92,10.072422077922077,1.0,2,3,1,2-3-1
MORC2,139,10.407706493506494,1.0,3,3,1,3-3-1
MORC3,144,9.637202597402597,1.0,3,2,1,3-2-1
MORF4L1,144,11.793993506493504,1.0,3,4,1,3-4-1
MORF4L2,111,12.607233766233763,1.0,2,4,1,2-4-1
MOSPD2,54,8.031483116883116,1.0,1,0,1,1-0-1
MOV10,249,10.101167532467532,1.0,4,3,1,4-3-1
MOXD1,33,7.354709090909089,0.8311688311688312,0,0,0,0-0-0
MPDU1,61,10.027514285714286,0.961038961038961,1,3,0,1-3-0
MPDZ,105,9.323772727272724,1.0,2,2,1,2-2-1
MPEG1,26,9.331263636363639,0.5454545454545454,0,2,0,0-2-0
MPG,135,9.473267532467535,1.0,3,2,1,3-2-1
MPHOSPH10,100,9.95202987012987,1.0,2,2,1,2-2-1
MPHOSPH6,61,8.532464935064937,1.0,1,1,1,1-1-1
MPHOSPH8,88,9.575540259740258,1.0,2,2,1,2-2-1
MPI,60,9.21945844155844,1.0,1,2,1,1-2-1
MPND,18,8.553344155844155,0.8961038961038961,0,1,0,0-1-0
MPO,946,2.0576181818181816,1.0,4,0,1,4-0-1
MPP1,82,8.461148051948056,1.0,2,1,1,2-1-1
MPP2,43,7.008116883116883,0.7272727272727273,0,0,0,0-0-0
MPP7,83,8.629006493506493,1.0,2,1,1,2-1-1
MPRIP,173,10.60895194805195,1.0,3,3,1,3-3-1
MPST,50,9.23956753246753,1.0,1,2,1,1-2-1
MPV17,86,9.631041558441561,1.0,2,2,1,2-2-1
MPZL1,92,12.164884415584414,1.0,2,4,1,2-4-1
MPZL2,27,8.889294805194806,0.5454545454545454,0,1,0,0-1-0
MRAS,80,9.104307792207791,0.974025974025974,2,1,0,2-1-0
MRC1,169,6.985316883116881,1.0,3,0,1,3-0-1
MRC2,121,11.173632467532467,1.0,2,4,1,2-4-1
MREG,27,9.598849350649353,0.6363636363636364,0,2,0,0-2-0
MRFAP1,80,12.526916883116881,1.0,2,4,1,2-4-1
MRI1,49,8.715071428571433,1.0,1,1,1,1-1-1
MRM1,41,6.713758441558441,1.0,0,0,1,0-0-1
MRPL1,80,8.413815584415588,1.0,2,1,1,2-1-1
MRPL10,80,9.590532467532466,1.0,2,2,1,2-2-1
MRPL11,121,9.391245454545459,1.0,2,2,1,2-2-1
MRPL13,80,9.923172727272732,1.0,2,2,1,2-2-1
MRPL14,81,9.73521168831169,1.0,2,2,1,2-2-1
MRPL15,91,10.018222077922077,1.0,2,3,1,2-3-1
MRPL16,72,9.32756753246753,1.0,1,2,1,1-2-1
MRPL17,59,10.086316883116881,1.0,1,3,1,1-3-1
MRPL18,66,9.811212987012986,1.0,1,2,1,1-2-1
MRPL19,97,10.411144155844154,1.0,2,3,1,2-3-1
MRPL2,67,8.925405194805194,1.0,1,1,1,1-1-1
MRPL20,60,10.147611688311684,1.0,1,3,1,1-3-1
MRPL21,64,9.156277922077924,1.0,1,1,1,1-1-1
MRPL22,91,8.695501298701297,1.0,2,1,1,2-1-1
MRPL23,91,8.9589987012987,1.0,2,1,1,2-1-1
MRPL24,91,10.629572727272727,1.0,2,3,1,2-3-1
MRPL27,62,9.662703896103892,1.0,1,2,1,1-2-1
MRPL28,96,9.85592467532468,1.0,2,2,1,2-2-1
MRPL3,89,11.067146753246753,1.0,2,4,1,2-4-1
MRPL30,50,9.82445844155844,1.0,1,2,1,1-2-1
MRPL32,45,9.577024675324674,1.0,0,2,1,0-2-1
MRPL33,44,8.812409090909092,1.0,0,1,1,0-1-1
MRPL34,33,9.037571428571425,1.0,0,1,1,0-1-1
MRPL35,36,9.813445454545457,1.0,0,2,1,0-2-1
MRPL37,101,10.668570129870133,1.0,2,3,1,2-3-1
MRPL38,92,9.83976103896104,1.0,2,2,1,2-2-1
MRPL39,96,8.634085714285714,1.0,2,1,1,2-1-1
MRPL4,107,9.650510389610387,1.0,2,2,1,2-2-1
MRPL40,75,9.156638961038963,1.0,1,1,1,1-1-1
MRPL41,87,8.941707792207795,1.0,2,1,1,2-1-1
MRPL42,55,9.668532467532474,1.0,1,2,1,1-2-1
MRPL43,83,9.921649350649348,1.0,2,2,1,2-2-1
MRPL44,95,9.25302077922078,1.0,2,2,1,2-2-1
MRPL45,78,9.787448051948047,1.0,2,2,1,2-2-1
MRPL46,80,8.294335064935064,1.0,2,1,1,2-1-1
MRPL47,75,9.595485714285717,1.0,1,2,1,1-2-1
MRPL48,75,8.711268831168832,1.0,1,1,1,1-1-1
MRPL49,83,10.637222077922077,1.0,2,3,1,2-3-1
MRPL50,59,8.591379220779219,1.0,1,1,1,1-1-1
MRPL51,41,10.680944155844156,1.0,0,3,1,0-3-1
MRPL52,44,8.887261038961041,1.0,0,1,1,0-1-1
MRPL53,63,8.821605194805198,1.0,1,1,1,1-1-1
MRPL54,52,8.74046363636364,1.0,1,1,1,1-1-1
MRPL55,57,9.151087012987013,1.0,1,1,1,1-1-1
MRPL9,71,10.319798701298703,1.0,1,3,1,1-3-1
MRPS10,77,10.034551948051947,1.0,1,3,1,1-3-1
MRPS11,75,9.04004155844156,1.0,1,1,1,1-1-1
MRPS12,62,9.119371428571432,1.0,1,1,1,1-1-1
MRPS14,84,8.79936363636364,1.0,2,1,1,2-1-1
MRPS15,90,10.089874025974025,1.0,2,3,1,2-3-1
MRPS16,93,10.93851298701299,1.0,2,4,1,2-4-1
MRPS17,83,8.35887012987013,1.0,2,1,1,2-1-1
MRPS18A,65,9.479933766233763,1.0,1,2,1,1-2-1
MRPS18B,139,10.464505194805195,1.0,3,3,1,3-3-1
MRPS18C,48,8.076363636363636,1.0,1,0,1,1-0-1
MRPS2,112,9.627370129870132,1.0,2,2,1,2-2-1
MRPS21,63,10.057654545454543,1.0,1,3,1,1-3-1
MRPS22,190,8.963297402597403,1.0,3,1,1,3-1-1
MRPS23,144,9.804558441558441,1.0,3,2,1,3-2-1
MRPS24,68,9.686702597402599,1.0,1,2,1,1-2-1
MRPS25,110,9.39235844155844,1.0,2,2,1,2-2-1
MRPS26,106,9.577112987012983,1.0,2,2,1,2-2-1
MRPS27,166,10.39265454545455,1.0,3,3,1,3-3-1
MRPS28,105,8.096811688311691,1.0,2,0,1,2-0-1
MRPS30,81,9.628989610389608,1.0,2,2,1,2-2-1
MRPS31,126,8.160968831168828,1.0,2,1,1,2-1-1
MRPS33,48,9.393172727272727,1.0,1,2,1,1-2-1
MRPS34,135,10.242775324675327,1.0,3,3,1,3-3-1
MRPS35,116,10.524125974025976,1.0,2,3,1,2-3-1
MRPS5,103,9.526945454545451,1.0,2,2,1,2-2-1
MRPS6,93,9.361948051948051,1.0,2,2,1,2-2-1
MRPS7,134,10.361292207792212,1.0,3,3,1,3-3-1
MRPS9,141,9.062623376623375,1.0,3,1,1,3-1-1
MRRF,43,8.963829870129867,1.0,0,1,1,0-1-1
MRTO4,134,9.789824675324674,1.0,3,2,1,3-2-1
MSH2,2854,10.003415584415581,1.0,4,3,1,4-3-1
MSH3,436,8.919041558441563,1.0,4,1,1,4-1-1
MSH6,551,10.939474025974024,1.0,4,4,1,4-4-1
MSI1,291,4.9445649350649346,0.8571428571428571,4,0,0,4-0-0
MSI2,232,8.861867532467533,1.0,3,1,1,3-1-1
MSL1,72,11.3569987012987,1.0,1,4,1,1-4-1
MSL2,60,9.875801298701298,0.935064935064935,1,2,0,1-2-0
MSL3,47,9.1691012987013,1.0,1,1,1,1-1-1
MSN,338,12.76991818181818,1.0,4,4,1,4-4-1
MSR1,281,9.650364935064934,0.9090909090909092,4,2,0,4-2-0
MSRA,82,6.660961038961037,1.0,2,0,1,2-0-1
MSRB2,69,8.971772727272729,1.0,1,1,1,1-1-1
MSRB3,63,9.103881818181822,1.0,1,1,1,1-1-1
MST1,106,5.172944155844157,1.0,2,0,1,2-0-1
MST1R,172,8.25717662337662,0.6883116883116883,3,1,0,3-1-0
MSTO1,63,9.76048961038961,1.0,1,2,1,1-2-1
MSX2,106,6.9897909090909085,0.5454545454545454,2,0,0,2-0-0
MT1E,54,8.171476623376623,0.5714285714285714,1,1,0,1-1-0
MT1F,47,6.460744155844156,0.922077922077922,1,0,0,1-0-0
MT1X,53,8.376915584415583,0.8571428571428571,1,1,0,1-1-0
MT2A,242,10.89755844155844,0.922077922077922,3,4,0,3-4-0
MT3,83,1.1674844155844155,0.5974025974025974,2,0,0,2-0-0
MTA1,539,9.930057142857143,1.0,4,2,1,4-2-1
MTA2,350,11.11437922077922,1.0,4,4,1,4-4-1
MTA3,156,10.152384415584416,1.0,3,3,1,3-3-1
MTAP,140,9.318132467532461,1.0,3,2,1,3-2-1
MTCH1,81,11.779285714285717,1.0,2,4,1,2-4-1
MTCH2,176,10.876785714285717,1.0,3,4,1,3-4-1
MTDH,656,12.17697012987013,1.0,4,4,1,4-4-1
MTF1,55,9.190142857142858,0.7922077922077922,1,1,0,1-1-0
MTF2,62,8.965268831168826,0.6753246753246753,1,1,0,1-1-0
MTFMT,31,7.394451948051949,1.0,0,0,1,0-0-1
MTFR1,54,9.653712987012993,1.0,1,2,1,1-2-1
MTG1,43,8.75577792207792,1.0,0,1,1,0-1-1
MTHFD1,460,10.901362337662336,1.0,4,4,1,4-4-1
MTHFD1L,161,8.216867532467539,1.0,3,1,1,3-1-1
MTHFD2,187,11.084881818181819,1.0,3,4,1,3-4-1
MTHFR,4675,9.022172727272729,1.0,4,1,1,4-1-1
MTHFS,37,8.291342857142856,1.0,0,1,1,0-1-1
MTHFSD,18,8.01575064935065,1.0,0,0,1,0-0-1
MTIF2,59,9.800841558441554,1.0,1,2,1,1-2-1
MTIF3,38,9.337768831168836,1.0,0,2,1,0-2-1
MTM1,101,8.501412987012987,1.0,2,1,1,2-1-1
MTMR1,64,9.716977922077922,1.0,1,2,1,1-2-1
MTMR10,29,9.224537662337665,0.987012987012987,0,2,0,0-2-0
MTMR12,40,10.41791298701299,1.0,0,3,1,0-3-1
MTMR14,64,9.70490779220779,1.0,1,2,1,1-2-1
MTMR2,100,9.425901298701294,1.0,2,2,1,2-2-1
MTMR3,93,10.413298701298707,1.0,2,3,1,2-3-1
MTMR4,50,10.40042467532468,0.6623376623376623,1,3,0,1-3-0
MTMR6,69,9.523107792207792,1.0,1,2,1,1-2-1
MTMR9,61,8.417424675324677,1.0,1,1,1,1-1-1
MTO1,73,8.655766233766235,0.961038961038961,1,1,0,1-1-0
MTOR,13387,10.685654545454542,1.0,4,3,1,4-3-1
MTPAP,110,9.1902961038961,1.0,2,1,1,2-1-1
MTR,556,10.356920779220777,1.0,4,3,1,4-3-1
MTRF1,29,6.489101298701299,0.922077922077922,0,0,0,0-0-0
MTRF1L,36,7.874224675324675,0.8701298701298701,0,0,0,0-0-0
MTRR,391,9.462277922077924,1.0,4,2,1,4-2-1
MTSS1,129,10.449067532467534,1.0,3,3,1,3-3-1
MTUS1,116,10.748325974025972,1.0,2,3,1,2-3-1
MTX1,82,9.760209090909093,1.0,2,2,1,2-2-1
MTX2,74,9.37351168831169,1.0,1,2,1,1-2-1
MTX3,26,9.113464935064934,1.0,0,1,1,0-1-1
MUC1,2586,12.428796103896106,1.0,4,4,1,4-4-1
MUC16,1201,5.809601298701297,0.8831168831168831,4,0,0,4-0-0
MUC5B,575,8.776358441558447,1.0,4,1,1,4-1-1
MUC6,281,4.342183116883119,0.8181818181818182,4,0,0,4-0-0
MUCL1,41,7.207841558441556,1.0,0,0,1,0-0-1
MUSTN1,9,4.260044155844157,0.935064935064935,0,0,0,0-0-0
MUTYH,319,7.215563636363638,0.6363636363636364,4,0,0,4-0-0
MVD,42,8.525907792207791,1.0,0,1,1,0-1-1
MVK,126,8.4639961038961,1.0,2,1,1,2-1-1
MVP,208,11.603925974025971,1.0,3,4,1,3-4-1
MX1,653,11.254949350649351,1.0,4,4,1,4-4-1
MX2,144,8.919445454545452,1.0,3,1,1,3-1-1
MXRA5,31,12.503828571428572,1.0,0,4,1,0-3-1
MXRA7,50,10.535851948051947,1.0,1,3,1,1-3-1
MXRA8,24,10.542222077922082,0.974025974025974,0,3,0,0-3-0
MYADM,64,11.947437662337666,1.0,1,4,1,1-4-1
MYB,473,10.308342857142858,0.6493506493506493,4,3,0,4-3-0
MYBBP1A,341,10.14187792207792,1.0,4,3,1,4-3-1
MYBPC2,28,1.3949064935064939,0.7012987012987013,0,0,0,0-0-0
MYCBP,230,9.824746753246755,1.0,3,2,1,3-2-1
MYD88,1726,10.460896103896104,1.0,4,3,1,4-3-1
MYEF2,93,8.88702207792208,1.0,2,1,1,2-1-1
MYH10,334,10.67326363636363,1.0,4,3,1,4-3-1
MYH11,269,9.068189610389613,1.0,4,1,1,4-1-1
MYH14,183,10.365959740259742,1.0,3,3,1,3-3-1
MYH15,30,1.9287948051948056,0.974025974025974,0,0,0,0-0-0
MYH4,43,0.5390870129870131,0.6883116883116883,0,0,0,0-0-0
MYH6,144,0.7493779220779221,0.5714285714285714,3,0,0,3-0-0
MYH9,1048,14.83545584415584,1.0,4,4,1,4-4-1
MYL12A,130,12.510124675324676,0.8311688311688312,3,4,0,3-4-0
MYL12B,120,12.76854935064935,0.935064935064935,2,4,0,2-4-0
MYL4,56,1.5626779220779226,0.961038961038961,1,0,0,1-0-0
MYL6,251,13.746676623376626,1.0,4,4,1,4-4-1
MYL6B,105,8.836945454545454,1.0,2,1,1,2-1-1
MYL9,104,11.786131168831167,1.0,2,4,1,2-4-1
MYLK,225,10.697396103896105,1.0,3,3,1,3-3-1
MYO10,137,10.579255844155844,0.961038961038961,3,3,0,3-3-0
MYO15A,116,3.52986103896104,0.922077922077922,2,0,0,2-0-0
MYO18A,178,10.453877922077922,1.0,3,3,1,3-3-1
MYO18B,47,2.4608480519480516,0.6883116883116883,1,0,0,1-0-0
MYO19,57,9.608776623376622,1.0,1,2,1,1-2-1
MYO1B,222,10.891036363636362,1.0,3,4,1,3-4-1
MYO1C,260,12.212353246753247,1.0,4,4,1,4-4-1
MYO1D,136,11.263515584415579,1.0,3,4,1,3-4-1
MYO1E,130,9.962677922077921,1.0,3,2,1,3-2-1
MYO1F,49,8.37404935064935,1.0,1,1,1,1-1-1
MYO1G,37,7.1117545454545485,1.0,0,0,1,0-0-1
MYO5A,251,9.78829090909091,1.0,4,2,1,4-2-1
MYO5B,170,10.769072727272727,1.0,3,3,1,3-3-1
MYO5C,69,10.173494805194803,1.0,1,3,1,1-3-1
MYO6,300,12.025705194805193,1.0,4,4,1,4-4-1
MYO9A,73,8.593961038961044,0.8961038961038961,1,1,0,1-1-0
MYO9B,127,11.030723376623378,1.0,2,4,1,2-4-1
MYOF,174,11.962327272727276,1.0,3,4,1,3-4-1
MYSM1,61,7.1661662337662335,0.974025974025974,1,0,0,1-0-0
N4BP1,63,10.172602597402598,1.0,1,3,1,1-3-1
N4BP2,60,7.537305194805194,0.8961038961038961,1,0,0,1-0-0
N4BP2L1,9,7.444346753246754,0.7142857142857143,0,0,0,0-0-0
N4BP2L2,33,9.885735064935064,0.922077922077922,0,2,0,0-2-0
N4BP3,27,9.010081818181822,0.961038961038961,0,1,0,0-1-0
NAA10,244,9.828327272727272,1.0,3,2,1,3-2-1
NAA15,151,10.46147012987013,1.0,3,3,1,3-3-1
NAA16,45,7.807702597402598,1.0,0,0,1,0-0-1
NAA20,37,10.538648051948053,1.0,0,3,1,0-3-1
NAA25,54,9.377058441558441,1.0,1,2,1,1-2-1
NAA30,37,9.117646753246753,1.0,0,1,1,0-1-1
NAA35,50,8.958618181818181,1.0,1,1,1,1-1-1
NAA38,15,8.879212987012986,1.0,0,1,1,0-1-1
NAA40,44,9.069492207792207,1.0,0,1,1,0-1-1
NAA50,80,11.752648051948052,1.0,2,4,1,2-4-1
NAAA,80,9.094006493506496,1.0,2,1,1,2-1-1
NAALADL2,29,7.892079220779221,0.935064935064935,0,0,0,0-0-0
NAB1,71,9.618019480519475,0.948051948051948,1,2,0,1-2-0
NAB2,170,9.15703896103896,1.0,3,1,1,3-1-1
NACA,235,13.71462207792207,1.0,3,4,1,3-4-1
NACC1,124,11.068685714285717,1.0,2,4,1,2-4-1
NADK,54,10.015253246753245,1.0,1,3,1,1-3-1
NADSYN1,66,9.793942857142852,1.0,1,2,1,1-2-1
NAE1,100,9.691490909090907,1.0,2,2,1,2-2-1
NAF1,74,7.717597402597404,0.974025974025974,1,0,0,1-0-0
NAGA,147,10.307716883116882,1.0,3,3,1,3-3-1
NAGK,91,10.228137662337659,1.0,2,3,1,2-3-1
NAGLU,63,9.31607532467533,1.0,1,2,1,1-2-1
NAIF1,30,7.743289610389609,0.7662337662337663,0,0,0,0-0-0
NAMPT,676,10.723445454545452,1.0,4,3,1,4-3-1
NANP,26,7.67472077922078,1.0,0,0,1,0-0-1
NANS,59,10.501468831168832,1.0,1,3,1,1-3-1
NAP1L1,353,12.838983116883115,1.0,4,4,1,4-4-1
NAP1L2,21,4.597325974025975,0.6363636363636364,0,0,0,0-0-0
NAP1L4,185,11.438577922077918,1.0,3,4,1,3-4-1
NAP1L5,30,6.623000000000001,0.7922077922077922,0,0,0,0-0-0
NAPA,110,11.851077922077922,1.0,2,4,1,2-4-1
NAPB,36,7.863644155844157,0.987012987012987,0,0,0,0-0-0
NAPEPLD,46,8.66714285714286,0.7662337662337663,0,1,0,0-1-0
NAPG,61,9.34738051948052,1.0,1,2,1,1-2-1
NARF,38,9.635422077922076,0.8961038961038961,0,2,0,0-2-0
NARS2,71,8.737884415584418,1.0,1,1,1,1-1-1
NASP,211,11.044936363636365,1.0,3,4,1,3-4-1
NAT1,256,9.492849350649351,1.0,4,2,1,4-2-1
NAT10,344,10.678994805194804,1.0,4,3,1,4-3-1
NAT14,35,8.082707792207794,0.922077922077922,0,0,0,0-0-0
NAV1,83,10.36336753246753,1.0,2,3,1,2-3-1
NAV2,63,9.338155844155843,0.7272727272727273,1,2,0,1-2-0
NBAS,152,10.278989610389612,1.0,3,3,1,3-3-1
NBEA,82,7.687716883116888,1.0,2,0,1,2-0-1
NBEAL1,22,7.322957142857142,1.0,0,0,1,0-0-1
NBEAL2,60,10.224994805194802,1.0,1,3,1,1-3-1
NBN,608,11.236475324675325,1.0,4,4,1,4-4-1
NBR1,240,11.675420779220781,1.0,3,4,1,3-4-1
NCALD,59,8.424937662337666,1.0,1,1,1,1-1-1
NCAM2,38,6.641790909090911,1.0,0,0,1,0-0-1
NCAPD2,158,10.970140259740258,1.0,3,4,1,3-4-1
NCAPD3,119,9.662423376623376,1.0,2,2,1,2-2-1
NCAPG,155,8.999972727272723,1.0,3,1,1,3-1-1
NCAPG2,96,9.550032467532468,1.0,2,2,1,2-2-1
NCAPH,151,8.58657272727273,1.0,3,1,1,3-1-1
NCAPH2,68,9.552640259740258,0.961038961038961,1,2,0,1-2-0
NCBP1,246,10.221194805194802,1.0,3,3,1,3-3-1
NCBP2,124,11.04400779220779,1.0,2,4,1,2-4-1
NCCRP1,53,5.350816883116885,1.0,1,0,1,1-0-1
NCDN,72,9.790629870129868,1.0,1,2,1,1-2-1
NCEH1,65,9.291437662337659,1.0,1,2,1,1-2-1
NCF1,201,6.581087012987016,1.0,3,0,1,3-0-1
NCF2,211,8.300512987012986,1.0,3,1,1,3-1-1
NCF4,123,7.0282519480519445,1.0,2,0,1,2-0-1
NCK1,272,9.167590909090908,1.0,4,1,1,4-1-1
NCK2,154,9.780455844155842,1.0,3,2,1,3-2-1
NCKAP1,143,12.036414285714288,1.0,3,4,1,3-4-1
NCKAP1L,40,8.895037662337666,1.0,0,1,1,0-1-1
NCKAP5L,48,8.823464935064932,0.922077922077922,1,1,0,1-1-0
NCKIPSD,73,8.976659740259738,1.0,1,1,1,1-1-1
NCLN,110,10.414583116883112,1.0,2,3,1,2-3-1
NCOA1,763,10.576141558441556,1.0,4,3,1,4-3-1
NCOA2,552,9.788268831168827,1.0,4,2,1,4-2-1
NCOA3,665,10.753389610389611,1.0,4,3,1,4-3-1
NCOA4,341,12.13034285714286,0.948051948051948,4,4,0,4-4-0
NCOA5,104,10.450532467532465,1.0,2,3,1,2-3-1
NCOA6,180,11.08365844155844,1.0,3,4,1,3-4-1
NCOA7,70,9.698899999999998,1.0,1,2,1,1-2-1
NCOR1,649,11.076658441558443,1.0,4,4,1,4-4-1
NCOR2,562,11.784493506493504,1.0,4,4,1,4-4-1
NCS1,86,8.847742857142858,1.0,2,1,1,2-1-1
NCSTN,208,12.043787012987014,1.0,3,4,1,3-4-1
NDC80,299,8.294137662337665,1.0,4,1,1,4-1-1
NDE1,142,9.631316883116881,1.0,3,2,1,3-2-1
NDEL1,167,9.40393506493506,1.0,3,2,1,3-2-1
NDOR1,37,9.319667532467532,1.0,0,2,1,0-2-1
NDRG1,334,12.069812987012986,1.0,4,4,1,4-4-1
NDRG2,253,10.142941558441555,1.0,4,3,1,4-3-1
NDRG3,68,10.336559740259746,1.0,1,3,1,1-3-1
NDUFA1,45,10.516676623376622,1.0,0,3,1,0-3-1
NDUFA10,130,10.803589610389611,1.0,3,3,1,3-3-1
NDUFA11,38,10.409629870129871,1.0,0,3,1,0-3-1
NDUFA12,84,9.333268831168832,1.0,2,2,1,2-2-1
NDUFA13,214,11.066451948051949,1.0,3,4,1,3-4-1
NDUFA2,74,9.743937662337666,1.0,1,2,1,1-2-1
NDUFA3,35,9.379205194805197,1.0,0,2,1,0-2-1
NDUFA5,126,10.368509090909088,1.0,2,3,1,2-3-1
NDUFA6,69,10.019403896103896,1.0,1,3,1,1-3-1
NDUFA7,67,9.227961038961043,1.0,1,2,1,1-2-1
NDUFA8,98,9.745696103896101,1.0,2,2,1,2-2-1
NDUFA9,150,10.37894025974026,1.0,3,3,1,3-3-1
NDUFAB1,70,10.077481818181822,1.0,1,3,1,1-3-1
NDUFAF1,59,8.297549350649351,1.0,1,1,1,1-1-1
NDUFAF2,79,7.2000155844155875,1.0,2,0,1,2-0-1
NDUFAF3,68,9.693746753246755,1.0,1,2,1,1-2-1
NDUFAF4,87,7.7787402597402595,1.0,2,0,1,2-0-1
NDUFB1,33,9.26997012987013,1.0,0,2,1,0-2-1
NDUFB10,95,10.490579220779217,1.0,2,3,1,2-3-1
NDUFB11,66,10.487487012987012,1.0,1,3,1,1-3-1
NDUFB2,23,10.171764935064934,0.935064935064935,0,3,0,0-3-0
NDUFB3,44,9.425979220779217,1.0,0,2,1,0-2-1
NDUFB4,67,11.054705194805196,1.0,1,4,1,1-4-1
NDUFB5,57,10.35407792207792,1.0,1,3,1,1-3-1
NDUFB6,70,9.28443896103896,1.0,1,2,1,1-2-1
NDUFB7,56,9.828909090909093,1.0,1,2,1,1-2-1
NDUFB8,71,10.064303896103898,1.0,1,3,1,1-3-1
NDUFB9,80,11.559574025974024,1.0,2,4,1,2-4-1
NDUFC1,20,9.392579220779222,0.8571428571428571,0,2,0,0-2-0
NDUFC2,58,11.059972727272728,1.0,1,4,1,1-4-1
NDUFS1,209,10.43984155844156,1.0,3,3,1,3-3-1
NDUFS2,197,11.562854545454549,1.0,3,4,1,3-4-1
NDUFS3,214,10.189111688311685,1.0,3,3,1,3-3-1
NDUFS4,126,8.97262207792208,1.0,2,1,1,2-1-1
NDUFS5,65,11.073381818181815,1.0,1,4,1,1-4-1
NDUFS6,84,9.781011688311688,1.0,2,2,1,2-2-1
NDUFS7,106,9.072867532467535,1.0,2,1,1,2-1-1
NDUFS8,113,10.200657142857146,1.0,2,3,1,2-3-1
NDUFV1,153,10.748733766233768,1.0,3,3,1,3-3-1
NDUFV2,116,10.738206493506494,1.0,2,3,1,2-3-1
NDUFV3,64,9.477906493506493,1.0,1,2,1,1-2-1
NEB,106,4.297128571428573,1.0,2,0,1,2-0-1
NEBL,89,10.967089610389607,1.0,2,4,1,2-4-1
NECAP1,43,9.559687012987013,1.0,0,2,1,0-2-1
NECAP2,49,10.223493506493506,1.0,1,3,1,1-3-1
NEDD1,108,9.311880519480518,1.0,2,2,1,2-2-1
NEDD4,741,8.733077922077921,1.0,4,1,1,4-1-1
NEDD4L,537,10.309137662337662,1.0,4,3,1,4-3-1
NEDD8,619,10.866363636363642,1.0,4,3,1,4-3-1
NEDD9,272,9.790637662337655,0.8571428571428571,4,2,0,4-2-0
NEFH,101,5.428409090909089,0.6623376623376623,2,0,0,2-0-0
NEFM,102,1.92411948051948,0.7012987012987013,2,0,0,2-0-0
NEGR1,97,6.943720779220777,0.8571428571428571,2,0,0,2-0-0
NEIL2,91,8.597570129870126,0.961038961038961,2,1,0,2-1-0
NEK1,179,8.575963636363637,1.0,3,1,1,3-1-1
NEK3,40,6.987814285714287,0.7402597402597403,0,0,0,0-0-0
NEK4,45,9.088916883116882,0.948051948051948,0,1,0,0-1-0
NEK6,116,9.972344155844155,1.0,2,2,1,2-2-1
NEK7,160,10.369309090909091,1.0,3,3,1,3-3-1
NEK9,158,10.744503896103895,1.0,3,3,1,3-3-1
NENF,36,10.352176623376623,1.0,0,3,1,0-3-1
NEO1,90,10.367953246753247,1.0,2,3,1,2-3-1
NES,1252,10.208170129870132,1.0,4,3,1,4-3-1
NEU1,219,11.007680519480521,1.0,3,4,1,3-4-1
NEURL4,70,8.735898701298698,1.0,1,1,1,1-1-1
NEXN,82,7.621006493506495,1.0,2,0,1,2-0-1
NF1,830,10.977241558441555,1.0,4,4,1,4-4-1
NF2,523,9.795488311688306,1.0,4,2,1,4-2-1
NFASC,162,8.205149350649352,0.7402597402597403,3,1,0,3-1-0
NFAT5,272,10.194763636363637,0.935064935064935,4,3,0,4-3-0
NFATC1,529,8.409345454545456,1.0,4,1,1,4-1-1
NFATC2,449,5.833402597402598,1.0,4,0,1,4-0-1
NFATC2IP,44,9.90265324675325,1.0,0,2,1,0-2-1
NFATC3,153,9.740384415584419,1.0,3,2,1,3-2-1
NFATC4,111,9.232780519480523,1.0,2,2,1,2-2-1
NFIA,163,10.567771428571424,1.0,3,3,1,3-3-1
NFIB,201,10.623051948051948,1.0,3,3,1,3-3-1
NFIC,124,10.134697402597407,1.0,2,3,1,2-3-1
NFIX,112,11.168327272727273,1.0,2,4,1,2-4-1
NFKB1,3863,10.458432467532468,1.0,4,3,1,4-3-1
NFKB2,419,9.95564545454545,1.0,4,2,1,4-2-1
NFKBIA,3045,11.143619480519485,1.0,4,4,1,4-4-1
NFKBIB,102,8.473288311688309,1.0,2,1,1,2-1-1
NFKBIE,99,8.626514285714284,1.0,2,1,1,2-1-1
NFKBIL1,91,8.511699999999998,0.961038961038961,2,1,0,2-1-0
NFRKB,99,9.349589610389613,1.0,2,2,1,2-2-1
NFS1,138,9.340506493506492,1.0,3,2,1,3-2-1
NFU1,73,8.858127272727272,1.0,1,1,1,1-1-1
NFX1,91,10.186805194805196,1.0,2,3,1,2-3-1
NFXL1,75,8.039766233766231,1.0,1,0,1,1-0-1
NFYA,190,10.299353246753249,1.0,3,3,1,3-3-1
NFYB,109,9.450537662337668,1.0,2,2,1,2-2-1
NFYC,92,10.048793506493505,1.0,2,3,1,2-3-1
NGDN,89,9.100955844155843,1.0,2,1,1,2-1-1
NGFR,757,6.629355844155844,0.6623376623376623,4,0,0,4-0-0
NGLY1,99,9.271080519480519,1.0,2,2,2,2-2-2
NGRN,31,11.395379220779219,1.0,0,4,2,0-4-2
NHEJ1,162,7.695209090909091,1.0,3,0,2,3-0-2
NHLRC2,52,7.444667532467531,1.0,1,0,2,1-0-2
NHLRC3,10,9.018327272727275,1.0,0,1,2,0-1-2
NHP2,152,10.529120779220785,1.0,3,3,2,3-3-2
NHS,78,7.285492207792207,0.5844155844155844,2,0,0,2-0-0
NHSL1,38,8.397302597402598,1.0,0,1,2,0-1-2
NID1,96,11.168609090909088,1.0,2,4,2,2-4-2
NID2,92,9.831793506493504,1.0,2,2,2,2-2-2
NIF3L1,44,9.008058441558443,1.0,0,1,2,0-1-2
NIN,90,10.366292207792206,1.0,2,3,2,2-3-2
NINJ1,93,10.928779220779223,0.8051948051948052,2,4,0,2-4-0
NIP7,96,9.12628571428571,1.0,2,1,2,2-1-2
NIPBL,355,11.084611688311686,1.0,4,4,2,4-4-2
NIPSNAP1,128,10.76658051948052,1.0,3,3,2,3-3-2
NIPSNAP3A,27,8.887127272727273,1.0,0,1,2,0-1-2
NISCH,121,10.513893506493506,1.0,2,3,2,2-3-2
NIT1,35,9.367771428571427,1.0,0,2,2,0-2-2
NIT2,42,9.812568831168834,1.0,0,2,2,0-2-2
NKAP,118,8.603841558441557,1.0,2,1,2,2-1-2
NKIRAS1,26,7.5804740259740235,0.987012987012987,0,0,0,0-0-0
NKIRAS2,31,9.891523376623377,1.0,0,2,2,0-2-2
NKTR,71,10.379531168831164,1.0,1,3,2,1-3-2
NLE1,56,8.189475324675323,1.0,1,1,2,1-1-2
NLN,48,9.057771428571426,1.0,1,1,2,1-1-2
NLRC4,256,5.488770129870131,0.8051948051948052,4,0,0,4-0-0
NLRP1,426,7.588019480519479,0.5194805194805194,4,0,0,4-0-0
NLRP2,94,7.438416883116883,1.0,2,0,2,2-0-2
NLRX1,121,8.151557142857143,1.0,2,0,2,2-0-2
NMD3,78,10.16025584415584,1.0,2,3,2,2-3-2
NME1,1155,11.03227922077922,1.0,4,4,2,4-4-2
NME2,237,12.8379961038961,1.0,3,4,2,3-4-2
NME3,76,9.321461038961038,1.0,1,2,2,1-2-2
NME4,93,11.025423376623378,1.0,2,4,2,2-4-2
NME6,32,7.790188311688312,0.961038961038961,0,0,0,0-0-0
NME7,79,8.072625974025977,1.0,2,0,2,2-0-2
NMI,88,8.703702597402595,1.0,2,1,2,2-1-2
NMNAT1,167,7.777936363636361,1.0,3,0,2,3-0-2
NMNAT3,31,6.901161038961036,1.0,0,0,2,0-0-2
NMRAL1,40,9.91127922077922,1.0,0,2,2,0-2-2
NMT1,173,11.150066233766232,1.0,3,4,2,3-4-2
NMT2,80,7.8829233766233795,1.0,2,0,2,2-0-2
NNMT,198,10.231089610389615,1.0,3,3,2,3-3-2
NNT,119,10.094194805194805,1.0,2,3,2,2-3-2
NOB1,154,9.707602597402602,1.0,3,2,2,3-2-2
NOC2L,152,10.864055844155846,1.0,3,3,2,3-3-2
NOC3L,126,8.786966233766233,1.0,2,1,2,2-1-2
NOC4L,105,8.438227272727277,1.0,2,1,2,2-1-2
NOL10,88,9.67010909090909,1.0,2,2,2,2-2-2
NOL11,91,10.35927402597403,1.0,2,3,2,2-3-2
NOL12,49,7.934475324675324,0.6493506493506493,1,0,0,1-0-0
NOL3,80,8.613588311688314,1.0,2,1,2,2-1-2
NOL6,113,10.34136363636363,1.0,2,3,2,2-3-2
NOL7,84,9.474605194805195,1.0,2,2,2,2-2-2
NOL8,77,9.781527272727269,1.0,1,2,2,1-2-2
NOL9,111,7.508785714285712,1.0,2,0,2,2-0-2
NOLC1,285,11.584555844155844,1.0,4,4,2,4-4-2
NOM1,100,8.884610389610389,1.0,2,1,2,2-1-2
NOMO1,70,12.266881818181817,0.7922077922077922,1,4,0,1-4-0
NOMO2,64,10.943285714285715,1.0,1,4,2,1-4-2
NONO,576,12.973320779220783,1.0,4,4,2,4-4-2
NOP10,90,9.823527272727276,1.0,2,2,2,2-2-2
NOP14,127,10.008940259740257,1.0,2,3,2,2-3-2
NOP16,113,8.024957142857144,1.0,2,0,2,2-0-2
NOP2,326,9.799096103896103,1.0,4,2,2,4-2-2
NOP56,298,11.19981038961039,1.0,4,4,2,4-4-2
NOP58,259,10.639275324675321,1.0,4,3,2,4-3-2
NOS1AP,206,6.425138961038962,1.0,3,0,2,3-0-2
NOS3,5077,7.69047922077922,0.8961038961038961,4,0,0,4-0-0
NOSIP,112,9.45561168831169,1.0,2,2,2,2-2-2
NOSTRIN,43,7.772929870129873,1.0,0,0,2,0-0-2
NOTCH1,3064,9.959415584415588,0.922077922077922,4,2,0,4-2-0
NOTCH2,717,12.441567532467532,1.0,4,4,2,4-4-2
NOTCH3,1130,12.001103896103897,1.0,4,4,2,4-4-2
NOVA1,96,6.203688311688311,1.0,2,0,2,2-0-2
NOVA2,61,4.916763636363636,1.0,1,0,2,1-0-2
NOXA1,66,6.373397402597402,0.7922077922077922,1,0,0,1-0-0
NPAT,83,8.809684415584414,0.9090909090909092,2,1,0,2-1-0
NPC1,259,9.995957142857144,1.0,4,3,2,4-3-2
NPC2,274,11.466690909090907,1.0,4,4,2,4-4-2
NPDC1,32,10.276674025974023,0.987012987012987,0,3,0,0-3-0
NPEPL1,25,9.17991818181818,1.0,0,1,2,0-1-2
NPEPPS,169,11.224993506493508,1.0,3,4,2,3-4-2
NPL,19,7.846164935064934,1.0,0,0,2,0-0-2
NPLOC4,201,11.396515584415582,1.0,3,4,2,3-4-2
NPM1,2946,13.364362337662335,1.0,4,4,2,4-4-2
NPM3,107,8.227031168831171,1.0,2,1,2,2-1-2
NPNT,34,11.129394805194801,1.0,0,4,2,0-4-2
NPRL2,107,8.639185714285714,0.922077922077922,2,1,0,2-1-0
NPTN,69,11.216567532467534,1.0,1,4,2,1-4-2
NPY1R,87,8.541157142857141,0.6103896103896104,2,1,0,2-1-0
NQO1,1620,11.476561038961039,1.0,4,4,2,4-4-2
NQO2,91,8.868484415584417,1.0,2,1,2,2-1-2
NR1H2,221,10.177803896103892,0.7792207792207793,3,3,0,3-3-0
NR2C1,73,7.9119168831168825,0.6103896103896104,1,0,0,1-0-0
NR2C2,212,9.876997402597405,1.0,3,2,2,3-2-2
NR2C2AP,21,9.093254545454542,1.0,0,1,2,0-1-2
NR2F2,272,10.585481818181812,1.0,4,3,2,4-3-2
NR2F6,63,10.219714285714286,1.0,1,3,2,1-3-2
NR3C1,1533,9.788590909090907,1.0,4,2,2,4-2-2
NRAS,1737,10.456779220779218,0.8831168831168831,4,3,0,4-3-0
NRBF2,63,8.754824675324674,1.0,1,1,2,1-1-2
NRBP1,90,11.254307792207795,1.0,2,4,2,2-4-2
NRBP2,23,9.180553246753247,1.0,0,1,2,0-1-2
NRCAM,109,6.665879220779224,0.7532467532467533,2,0,0,2-0-0
NRF1,165,8.611157142857143,1.0,3,1,2,3-1-2
NRGN,100,5.899066233766235,0.8571428571428571,2,0,0,2-0-0
NRIP1,256,11.187358441558438,0.7662337662337663,4,4,0,4-4-0
NRIP2,18,5.711832467532468,0.974025974025974,0,0,0,0-0-0
NRP1,438,10.890923376623377,1.0,4,4,2,4-4-2
NRP2,171,9.83185844155844,1.0,3,2,2,3-2-2
NSA2,96,10.571405194805196,1.0,2,3,2,2-3-2
NSD1,316,11.16803896103896,0.7532467532467533,4,4,0,4-4-0
NSDHL,161,9.192003896103895,1.0,3,1,2,3-1-2
NSF,194,10.697010389610393,1.0,3,3,2,3-3-2
NSFL1C,137,10.6847,1.0,3,3,2,3-3-2
NSL1,53,9.361368831168832,1.0,1,2,2,1-2-2
NSMAF,38,9.418096103896099,1.0,0,2,2,0-2-2
NSMCE1,71,10.149375324675322,1.0,1,3,2,1-3-2
NSMCE2,70,8.654963636363636,1.0,1,1,2,1-1-2
NSMCE4A,44,8.92416753246753,1.0,0,1,2,0-1-2
NSUN2,314,10.856627272727271,1.0,4,3,2,4-3-2
NSUN3,27,6.901928571428574,0.6753246753246753,0,0,0,0-0-0
NSUN4,67,9.204550649350647,1.0,1,2,2,1-2-2
NSUN5,83,9.175457142857141,1.0,2,1,2,2-1-2
NSUN6,47,7.648424675324676,1.0,1,0,2,1-0-2
NT5C,33,8.150332467532468,1.0,0,0,2,0-0-2
NT5C2,166,10.319381818181817,1.0,3,3,2,3-3-2
NT5DC1,36,9.632594805194806,1.0,0,2,2,0-2-2
NT5DC2,82,9.653785714285718,1.0,2,2,2,2-2-2
NT5DC3,26,8.243649350649351,1.0,0,1,2,0-1-2
NT5E,677,8.430646753246757,1.0,4,1,2,4-1-2
NTAN1,27,9.292272727272728,1.0,0,2,2,0-2-2
NTHL1,165,8.109187012987013,1.0,3,0,2,3-0-2
NTM,42,7.704901298701296,0.8181818181818182,0,0,0,0-0-0
NTN1,451,8.033824675324675,0.6363636363636364,4,0,0,4-0-0
NTN4,58,10.141211688311689,1.0,1,3,2,1-3-2
NUB1,96,10.75816103896104,1.0,2,3,2,2-3-2
NUBP1,48,8.933175324675327,1.0,1,1,2,1-1-2
NUBP2,82,9.810238961038964,1.0,2,2,2,2-2-2
NUBPL,62,8.113266233766236,1.0,1,0,2,1-0-2
NUCB1,100,12.41841428571429,1.0,2,4,2,2-4-2
NUCB2,380,11.289715584415585,1.0,4,4,2,4-4-2
NUCKS1,138,13.415628571428575,1.0,3,4,2,3-4-2
NUDC,231,10.99396623376623,1.0,3,4,2,3-4-2
NUDCD1,43,9.355188311688314,1.0,0,2,2,0-2-2
NUDCD2,54,8.44554805194805,1.0,1,1,2,1-1-2
NUDCD3,74,11.118292207792205,1.0,1,4,2,1-4-2
NUDT1,147,7.891690909090911,1.0,3,0,2,3-0-2
NUDT10,24,4.270622077922079,0.7922077922077922,0,0,0,0-0-0
NUDT12,48,8.388710389610392,1.0,1,1,2,1-1-2
NUDT14,19,7.99520909090909,1.0,0,0,2,0-0-2
NUDT15,206,8.629387012987014,1.0,3,1,2,3-1-2
NUDT16,42,9.237966233766233,1.0,0,2,2,0-2-2
NUDT16L1,79,9.287802597402598,1.0,2,2,2,2-2-2
NUDT19,42,9.020862337662336,1.0,0,1,2,0-1-2
NUDT2,47,8.3032025974026,1.0,1,1,2,1-1-2
NUDT21,271,11.11605324675325,1.0,4,4,2,4-4-2
NUDT22,16,8.30862727272727,0.6883116883116883,0,1,0,0-1-0
NUDT3,40,9.389716883116881,1.0,0,2,2,0-2-2
NUDT5,101,9.88368571428571,1.0,2,2,2,2-2-2
NUDT6,40,6.004761038961042,0.961038961038961,0,0,0,0-0-0
NUDT8,15,6.339193506493508,1.0,0,0,2,0-0-2
NUDT9,36,9.455962337662339,1.0,0,2,2,0-2-2
NUF2,138,8.549245454545455,1.0,3,1,2,3-1-2
NUFIP1,55,7.719488311688313,0.7922077922077922,1,0,0,1-0-0
NUFIP2,194,11.537510389610388,1.0,3,4,2,3-4-2
NUMA1,518,13.122985714285717,1.0,4,4,2,4-4-2
NUMB,354,10.45935324675325,1.0,4,3,2,4-3-2
NUMBL,91,8.50361818181818,1.0,2,1,2,2-1-2
NUP107,199,10.118929870129874,1.0,3,3,2,3-3-2
NUP133,185,10.735323376623377,1.0,3,3,2,3-3-2
NUP153,360,10.727619480519476,1.0,4,3,2,4-3-2
NUP155,186,9.68067532467532,1.0,3,2,2,3-2-2
NUP160,177,10.19402727272727,1.0,3,3,2,3-3-2
NUP188,114,10.686016883116888,1.0,2,3,2,2-3-2
NUP205,186,10.755831168831167,1.0,3,3,2,3-3-2
NUP210,204,11.376462337662334,1.0,3,4,2,3-4-2
NUP214,322,10.66335844155844,1.0,4,3,2,4-3-2
NUP35,90,8.109280519480523,1.0,2,0,2,2-0-2
NUP37,81,8.457658441558443,1.0,2,1,2,2-1-2
NUP43,91,9.808903896103892,1.0,2,2,2,2-2-2
NUP50,139,10.555120779220777,1.0,3,3,2,3-3-2
NUP54,108,9.548487012987012,1.0,2,2,2,2-2-2
NUP62,215,10.951788311688315,1.0,3,4,2,3-4-2
NUP85,142,9.672257142857143,1.0,3,2,2,3-2-2
NUP88,169,9.60607012987013,1.0,3,2,2,3-2-2
NUP93,229,9.94657012987013,1.0,3,2,2,3-2-2
NUP98,470,11.322436363636362,1.0,4,4,2,4-4-2
NUPR1,188,11.142184415584417,0.9090909090909092,3,4,0,3-4-0
NUSAP1,147,9.951961038961041,0.8571428571428571,3,2,0,3-2-0
NUTF2,90,10.75527142857143,1.0,2,3,2,2-3-2
NVL,101,9.918454545454544,1.0,2,2,2,2-2-2
NXF1,296,10.586781818181821,1.0,4,3,2,4-3-2
NXN,46,8.97152727272727,1.0,0,1,2,0-1-2
NXT1,62,8.402801298701299,1.0,1,1,2,1-1-2
NXT2,26,8.567859740259738,0.9090909090909092,0,1,0,0-1-0
NYNRIN,29,8.758655844155843,0.7272727272727273,0,1,0,0-1-0
OAF,11,8.854561038961037,1.0,0,1,2,0-1-2
OAS1,272,9.885589610389612,1.0,4,2,2,4-2-2
OAS2,90,10.890061038961042,1.0,2,4,2,2-4-2
OAS3,108,11.301925974025975,1.0,2,4,2,2-4-2
OASL,87,7.908194805194804,1.0,2,0,2,2-0-2
OAT,185,11.791641558441556,1.0,3,4,2,3-4-2
OBSL1,120,10.0713974025974,1.0,2,3,2,2-3-2
OCIAD1,102,11.282320779220784,1.0,2,4,2,2-4-2
OCIAD2,51,9.644902597402599,1.0,1,2,2,1-2-2
OCLN,1062,8.959755844155843,1.0,4,1,2,4-1-2
OCRL,299,10.385109090909094,1.0,4,3,2,4-3-2
ODF2,77,10.384709090909094,1.0,1,3,2,1-3-2
OFD1,170,9.706798701298702,1.0,3,2,2,3-2-2
OGDH,130,11.32901688311689,1.0,3,4,2,3-4-2
OGFOD1,35,9.845227272727273,1.0,0,2,2,0-2-2
OGFOD2,14,7.8886571428571415,0.961038961038961,0,0,0,0-0-0
OGFR,72,9.910863636363636,1.0,1,2,2,1-2-2
OGFRL1,11,8.916237662337657,1.0,0,1,2,0-1-2
OGN,122,6.422874025974025,1.0,2,0,2,2-0-2
OGT,481,11.341419480519479,1.0,4,4,2,4-4-2
OIP5,84,6.377938961038962,0.5844155844155844,2,0,0,2-0-0
OLA1,152,10.963701298701302,1.0,3,4,2,3-4-2
OLFM1,36,7.630796103896103,0.8181818181818182,0,0,0,0-0-0
OLFM4,151,4.000864935064935,1.0,3,0,2,3-0-2
OLFML1,9,7.692432467532466,1.0,0,0,2,0-0-2
OLFML2A,17,9.546061038961039,0.8831168831168831,0,2,0,0-2-0
OLFML2B,18,10.134803896103897,1.0,0,3,2,0-3-2
OLFML3,41,9.86891948051948,1.0,0,2,2,0-2-2
OMA1,74,8.641851948051947,0.922077922077922,1,1,0,1-1-0
OMD,19,6.657705194805196,1.0,0,0,2,0-0-2
OPA1,714,10.896236363636364,1.0,4,4,2,4-4-2
OPA3,74,8.950511688311687,0.922077922077922,1,1,0,1-1-0
OPHN1,77,8.218432467532468,1.0,1,1,2,1-1-2
OPTN,508,10.725302597402596,1.0,4,3,2,4-3-2
OR4A16,4,0.01537012987012987,0.6233766233766234,0,0,0,0-0-0
ORM1,143,3.3861870129870124,1.0,3,0,2,3-0-2
ORM2,64,2.6277077922077923,1.0,1,0,2,1-0-2
ORMDL3,202,11.335825974025973,0.5584415584415584,3,4,0,3-4-0
OS9,138,12.783696103896107,1.0,3,4,2,3-4-2
OSBP,97,11.153762337662336,1.0,2,4,2,2-4-2
OSBP2,53,7.368941558441556,0.8441558441558441,1,0,0,1-0-0
OSBPL10,59,8.955601298701298,1.0,1,1,2,1-1-2
OSBPL11,71,9.077757142857141,1.0,1,1,2,1-1-2
OSBPL1A,63,10.130042857142856,1.0,1,3,2,1-3-2
OSBPL2,92,10.339268831168832,1.0,2,3,2,2-3-2
OSBPL3,97,8.251836363636361,1.0,2,1,2,2-1-2
OSBPL5,58,9.309657142857144,0.961038961038961,1,2,0,1-2-0
OSBPL6,45,6.6550493506493495,0.935064935064935,0,0,0,0-0-0
OSBPL7,25,7.190409090909092,0.8311688311688312,0,0,0,0-0-0
OSBPL8,144,10.739240259740257,1.0,3,3,2,3-3-2
OSBPL9,82,10.588948051948051,1.0,2,3,2,2-3-2
OSCP1,75,7.626840259740257,1.0,1,0,2,1-0-2
OSGEP,71,8.650893506493508,1.0,1,1,2,1-1-2
OSGEPL1,20,7.444325974025975,1.0,0,0,2,0-0-2
OSMR,140,9.644963636363636,0.5714285714285714,3,2,0,3-2-0
OSTC,54,10.853977922077918,1.0,1,3,2,1-3-2
OSTF1,67,9.665220779220778,1.0,1,2,2,1-2-2
OSTM1,62,9.250572727272727,0.974025974025974,1,2,0,1-2-0
OTC,143,0.1476792207792208,0.8181818181818182,3,0,0,3-0-0
OTUB1,257,10.84298961038961,1.0,4,3,2,4-3-2
OTUB2,64,6.8347129870129875,0.6753246753246753,1,0,0,1-0-0
OTUD1,57,8.342816883116882,0.7272727272727273,1,1,0,1-1-0
OTUD3,74,7.852583116883116,0.6493506493506493,1,0,0,1-0-0
OTUD4,134,10.149854545454545,1.0,3,3,2,3-3-2
OTUD5,92,10.339551948051952,0.8701298701298701,2,3,0,2-3-0
OTUD6B,60,8.22520389610389,1.0,1,1,2,1-1-2
OTUD7B,121,10.459288311688313,1.0,2,3,2,2-3-2
OVCA2,22,8.889589610389613,1.0,0,1,2,0-1-2
OVOL2,62,7.8250246753246735,0.6753246753246753,1,0,0,1-0-0
OXA1L,79,11.06765584415584,1.0,2,4,2,2-4-2
OXCT1,80,9.334714285714284,1.0,2,2,2,2-2-2
OXNAD1,16,7.851588311688311,1.0,0,0,2,0-0-2
OXR1,49,10.221184415584407,1.0,1,3,2,1-3-2
OXSM,30,7.789538961038961,1.0,0,0,2,0-0-2
OXSR1,178,10.192916883116883,1.0,3,3,2,3-3-2
P2RX4,208,9.331316883116886,1.0,3,2,2,3-2-2
P2RX7,1038,6.277931168831168,0.5454545454545454,4,0,0,4-0-0
P4HA1,191,10.549172727272722,1.0,3,3,2,3-3-2
P4HA2,107,10.123093506493507,1.0,2,3,2,2-3-2
P4HA3,39,7.035550649350649,0.8701298701298701,0,0,0,0-0-0
P4HB,435,14.511123376623368,1.0,4,4,2,4-4-2
P4HTM,32,9.23828181818182,1.0,0,2,2,0-2-2
PA2G4,316,11.766336363636363,1.0,4,4,2,4-4-2
PAAF1,54,8.682571428571427,1.0,1,1,2,1-1-2
PABPC1,556,15.144470129870138,1.0,4,4,2,4-4-2
PABPC3,80,8.430496103896102,0.8441558441558441,2,1,0,2-1-0
PABPC4,307,11.475564935064929,1.0,4,4,2,4-4-2
PABPN1,304,11.127944155844153,1.0,4,4,2,4-4-2
PACS1,124,11.432615584415585,1.0,2,4,2,2-4-2
PACS2,68,10.134266233766233,1.0,1,3,2,1-3-2
PACSIN1,76,6.196697402597404,1.0,1,0,2,1-0-2
PACSIN2,137,9.980376623376625,1.0,3,2,2,3-2-2
PACSIN3,90,9.089785714285714,1.0,2,1,2,2-1-2
PADI2,168,9.821922077922078,1.0,3,2,2,3-2-2
PADI4,496,0.6792038961038961,1.0,4,0,2,4-0-2
PAF1,188,10.593125974025975,1.0,3,3,2,3-3-2
PAFAH1B1,431,11.486920779220782,1.0,4,4,2,4-4-2
PAFAH1B2,78,8.93429090909091,1.0,2,1,2,2-1-2
PAFAH1B3,73,10.181044155844155,1.0,1,3,2,1-3-2
PAFAH2,17,8.994511688311691,1.0,0,1,2,0-1-2
PAG1,112,8.058724675324676,1.0,2,0,2,2-0-2
PAICS,215,11.807505194805191,1.0,3,4,2,3-4-2
PAIP1,101,10.444414285714286,1.0,2,3,2,2-3-2
PAIP2,62,11.004277922077925,1.0,1,4,2,1-4-2
PAK1,575,10.583162337662332,1.0,4,3,2,4-3-2
PAK1IP1,86,8.584067532467527,1.0,2,1,2,2-1-2
PAK2,283,11.67381688311688,1.0,4,4,2,4-4-2
PAK4,346,10.900567532467536,1.0,4,4,2,4-4-2
PALLD,185,12.063324675324672,1.0,3,4,2,3-4-2
PALM,55,8.493624675324673,1.0,1,1,2,1-1-2
PALMD,30,8.493736363636364,1.0,0,1,2,0-1-2
PAM,82,11.182670129870129,1.0,2,4,2,2-4-2
PAMR1,12,5.905925974025975,0.961038961038961,0,0,0,0-0-0
PAN2,63,9.096377922077922,1.0,1,1,2,1-1-2
PAN3,55,9.84734675324675,1.0,1,2,2,1-2-2
PANK2,102,8.927348051948051,1.0,2,1,2,2-1-2
PANK3,23,9.805489610389612,0.974025974025974,0,2,0,0-2-0
PANK4,66,8.298203896103892,1.0,1,1,2,1-1-2
PANX1,366,8.9587,0.6753246753246753,4,1,0,4-1-0
PAOX,17,6.687654545454547,0.6233766233766234,0,0,0,0-0-0
PAPLN,19,7.595962337662337,1.0,0,0,2,0-0-2
PAPOLA,67,12.05079480519481,1.0,1,4,2,1-4-2
PAPOLG,38,8.611446753246753,0.9090909090909092,0,1,0,0-1-0
PAPPA,445,5.953949350649354,0.8441558441558441,4,0,0,4-0-0
PAPSS1,71,11.070440259740261,1.0,1,4,2,1-4-2
PAPSS2,77,9.225644155844156,1.0,1,2,2,1-2-2
PARD3,281,9.489159740259742,1.0,4,2,2,4-2-2
PARD3B,54,5.979994805194804,0.974025974025974,1,0,0,1-0-0
PARD6B,65,9.02673636363636,1.0,1,1,2,1-1-2
PARD6G,33,7.482544155844154,0.8181818181818182,0,0,0,0-0-0
PARK7,1009,11.8005987012987,1.0,4,4,2,4-4-2
PARL,95,9.717649350649351,0.7792207792207793,2,2,0,2-2-0
PARN,124,10.670654545454543,1.0,2,3,2,2-3-2
PARP1,3526,12.66084935064935,1.0,4,4,2,4-4-2
PARP10,74,10.341837662337667,1.0,1,3,2,1-3-2
PARP12,51,9.796894805194807,1.0,1,2,2,1-2-2
PARP14,105,11.317910389610384,1.0,2,4,2,2-4-2
PARP16,47,8.014627272727273,0.6623376623376623,1,0,0,1-0-0
PARP2,265,9.031684415584417,1.0,4,1,2,4-1-2
PARP4,96,10.529790909090911,1.0,2,3,2,2-3-2
PARP9,73,11.163619480519476,1.0,1,4,2,1-4-2
PARS2,49,7.345461038961037,1.0,1,0,2,1-0-2
PARVA,138,10.760172727272728,1.0,3,3,2,3-3-2
PARVB,82,8.889836363636363,1.0,2,1,2,2-1-2
PARVG,34,7.69434935064935,1.0,0,0,2,0-0-2
PASK,63,8.251516883116881,0.961038961038961,1,1,0,1-1-0
PATL1,101,10.380542857142856,1.0,2,3,2,2-3-2
PATZ1,105,10.760444155844159,0.961038961038961,2,3,0,2-3-0
PAWR,212,8.278122077922077,1.0,3,1,2,3-1-2
PAXIP1,118,9.149516883116883,1.0,2,1,2,2-1-2
PBK,227,8.182896103896105,1.0,3,1,2,3-1-2
PBLD,45,7.206279220779224,1.0,0,0,2,0-0-2
PBRM1,375,10.581131168831169,1.0,4,3,2,4-3-2
PBX1,391,12.539019480519483,1.0,4,4,2,4-4-2
PBX2,64,10.25404805194805,0.5974025974025974,1,3,0,1-3-0
PBXIP1,92,11.473519480519478,1.0,2,4,2,2-4-2
PC,175,9.525002597402596,1.0,3,2,2,3-2-2
PCBD1,65,10.054961038961038,1.0,1,3,2,1-3-2
PCBD2,33,8.261418181818179,1.0,0,1,2,0-1-2
PCBP1,506,12.794385714285715,1.0,4,4,2,4-4-2
PCBP2,454,13.230637662337665,1.0,4,4,2,4-4-2
PCBP3,74,3.861868831168832,0.6493506493506493,1,0,0,1-0-0
PCBP4,39,8.954196103896104,0.8831168831168831,0,1,0,0-1-0
PCCA,150,8.120214285714285,1.0,3,0,2,3-0-2
PCCB,131,10.46611688311688,1.0,3,3,2,3-3-2
PCDH1,62,10.624225974025975,1.0,1,3,2,1-3-2
PCDH7,86,8.107833766233762,0.7402597402597403,2,0,0,2-0-0
PCF11,78,10.310280519480525,1.0,2,3,2,2-3-2
PCGF1,75,7.849718181818184,0.5194805194805194,1,0,0,1-0-0
PCGF2,113,10.000374025974029,0.7922077922077922,2,3,0,2-3-0
PCGF3,44,10.350397402597407,0.5584415584415584,0,3,0,0-3-0
PCGF5,50,9.846092207792205,0.922077922077922,1,2,0,1-2-0
PCGF6,87,7.459107792207793,0.974025974025974,2,0,0,2-0-0
PCID2,110,9.405620779220778,1.0,2,2,2,2-2-2
PCIF1,56,9.942655844155848,1.0,1,2,2,1-2-2
PCK2,178,10.197580519480518,1.0,3,3,2,3-3-2
PCM1,215,11.595790909090907,1.0,3,4,2,3-4-2
PCMT1,259,10.726218181818183,1.0,4,3,2,4-3-2
PCMTD1,34,10.762301298701296,1.0,0,3,2,0-3-2
PCMTD2,30,10.333214285714288,0.8441558441558441,0,3,0,0-3-0
PCNA,1177,11.435423376623376,1.0,4,4,2,4-4-2
PCNP,99,11.109603896103893,1.0,2,4,2,2-4-2
PCNT,155,9.936263636363638,1.0,3,2,2,3-2-2
PCOLCE,69,10.440541558441558,1.0,1,3,2,1-3-2
PCP4L1,9,3.926323376623376,0.7142857142857143,0,0,0,0-0-0
PCTP,26,8.836483116883114,1.0,0,1,2,0-1-2
PCYOX1,60,11.412503896103896,1.0,1,4,2,1-4-2
PCYOX1L,31,8.211031168831168,1.0,0,1,2,0-1-2
PCYT1A,91,8.79488181818182,1.0,2,1,2,2-1-2
PCYT2,47,9.19858181818182,1.0,1,2,2,1-2-2
PDAP1,105,11.019607792207793,1.0,2,4,2,2-4-2
PDCD10,226,9.722077922077917,1.0,3,2,2,3-2-2
PDCD11,151,10.366812987012985,1.0,3,3,2,3-3-2
PDCD2,59,9.583675324675324,1.0,1,2,2,1-2-2
PDCD2L,59,7.300402597402601,1.0,1,0,2,1-0-2
PDCD4,668,12.00597792207792,1.0,4,4,2,4-4-2
PDCD5,220,9.57381948051948,1.0,3,2,2,3-2-2
PDCD6,240,10.97966753246753,1.0,3,4,2,3-4-2
PDCD6IP,480,11.837884415584414,1.0,4,4,2,4-4-2
PDCD7,53,8.759548051948052,0.8181818181818182,1,1,0,1-1-0
PDCL,94,8.98446103896104,1.0,2,1,2,2-1-2
PDCL3,61,9.192266233766238,1.0,1,1,2,1-1-2
PDE12,83,9.317029870129867,1.0,2,2,2,2-2-2
PDE2A,110,6.57460779220779,0.6233766233766234,2,0,0,2-0-0
PDE3A,173,5.481002597402597,0.7922077922077922,3,0,0,3-0-0
PDE4A,178,8.545964935064937,0.7922077922077922,3,1,0,3-1-0
PDE4B,240,9.407312987012988,0.6363636363636364,3,2,0,3-2-0
PDE4D,383,7.66658181818182,1.0,4,0,2,4-0-2
PDE4DIP,98,11.021441558441564,1.0,2,4,2,2-4-2
PDE5A,598,8.122448051948052,1.0,4,0,2,4-0-2
PDE6D,66,8.438323376623378,1.0,1,1,2,1-1-2
PDF,45,7.3827662337662305,1.0,0,0,2,0-0-2
PDGFRA,562,9.744197402597399,0.8701298701298701,4,2,0,4-2-0
PDGFRB,754,11.699309090909091,1.0,4,4,2,4-4-2
PDGFRL,23,8.42701168831169,1.0,0,1,2,0-1-2
PDHA1,247,10.427477922077923,1.0,3,3,2,3-3-2
PDHB,206,10.259524675324672,1.0,3,3,2,3-3-2
PDHX,135,9.576310389610393,1.0,3,2,2,3-2-2
PDIA2,108,1.5288376623376625,0.7662337662337663,2,0,0,2-0-0
PDIA3,635,13.661492207792207,1.0,4,4,2,4-4-2
PDIA4,226,12.37795324675325,1.0,3,4,2,3-4-2
PDIA5,87,9.221487012987012,1.0,2,2,2,2-2-2
PDIA6,311,12.729627272727274,1.0,4,4,2,4-4-2
PDK1,167,8.705525974025973,1.0,3,1,2,3-1-2
PDK2,109,9.54102857142857,1.0,2,2,2,2-2-2
PDK3,95,8.534805194805195,1.0,2,1,2,2-1-2
PDK4,204,8.940801298701295,0.7272727272727273,3,1,0,3-1-0
PDLIM1,125,11.06721948051948,1.0,2,4,2,2-4-2
PDLIM2,80,8.510920779220779,1.0,2,1,2,2-1-2
PDLIM3,47,8.990462337662336,1.0,1,1,2,1-1-2
PDLIM4,74,7.366155844155844,1.0,1,0,2,1-0-2
PDLIM5,188,11.671575324675327,1.0,3,4,2,3-4-2
PDLIM7,267,9.648153246753246,1.0,4,2,2,4-2-2
PDP1,63,9.78871948051948,1.0,1,2,2,1-2-2
PDPK1,551,10.545488311688313,1.0,4,3,2,4-3-2
PDPR,44,9.490296103896105,1.0,0,2,2,0-2-2
PDRG1,85,9.107383116883113,1.0,2,1,2,2-1-2
PDS5A,159,11.673755844155847,1.0,3,4,2,3-4-2
PDS5B,168,9.993723376623375,1.0,3,3,2,3-3-2
PDSS2,45,8.717063636363635,1.0,0,1,2,0-1-2
PDXDC1,93,12.385937662337662,1.0,2,4,2,2-4-2
PDXK,77,11.230955844155849,1.0,1,4,2,1-4-2
PDXP,49,8.190492207792207,1.0,1,1,2,1-1-2
PDZD11,56,9.743610389610389,1.0,1,2,2,1-2-2
PDZD8,84,8.772242857142851,0.8961038961038961,2,1,0,2-1-0
PDZK1,166,6.760307792207792,1.0,3,0,2,3-0-2
PDZRN3,53,8.744001298701301,1.0,1,1,2,1-1-2
PEA15,171,12.59849090909091,1.0,3,4,2,3-4-2
PEBP1,506,12.648050649350646,1.0,4,4,2,4-4-2
PEBP4,37,1.719494805194805,0.8181818181818182,0,0,0,0-0-0
PECR,33,7.310915584415582,1.0,0,0,2,0-0-2
PEF1,73,10.530610389610391,1.0,1,3,2,1-3-2
PEG10,189,10.152311688311693,1.0,3,3,2,3-3-2
PEG3,105,7.791450649350647,0.935064935064935,2,0,0,2-0-0
PELO,130,8.81607402597402,1.0,3,1,2,3-1-2
PELP1,251,10.631758441558441,1.0,4,3,2,4-3-2
PEPD,146,9.900215584415585,1.0,3,2,2,3-2-2
PER2,453,9.280957142857144,0.7792207792207793,4,2,0,4-2-0
PES1,228,10.588538961038958,1.0,3,3,2,3-3-2
PEX1,100,9.247514285714285,1.0,2,2,2,2-2-2
PEX11A,41,8.098323376623378,0.6753246753246753,0,0,0,0-0-0
PEX11B,87,10.00210909090909,0.7532467532467533,2,3,0,2-3-0
PEX13,86,10.051811688311687,0.948051948051948,2,3,0,2-3-0
PEX14,139,8.453784415584416,1.0,3,1,2,3-1-2
PEX16,72,8.543625974025973,0.8311688311688312,1,1,0,1-1-0
PEX19,149,11.186364935064935,1.0,3,4,2,3-4-2
PEX26,51,8.915885714285716,0.6493506493506493,1,1,0,1-1-0
PEX3,110,8.39091688311688,1.0,2,1,2,2-1-2
PEX5,221,9.808996103896103,1.0,3,2,2,3-2-2
PEX6,111,9.339816883116882,1.0,2,2,2,2-2-2
PEX7,73,7.944440259740257,0.961038961038961,1,0,0,1-0-0
PF4,381,0.1675077922077922,0.961038961038961,4,0,0,4-0-0
PFAS,114,8.842840259740258,1.0,2,1,2,2-1-2
PFDN1,104,10.159711688311685,1.0,2,3,2,2-3-2
PFDN2,151,9.83933116883117,1.0,3,2,2,3-2-2
PFDN4,78,8.402319480519479,1.0,2,1,2,2-1-2
PFDN5,132,11.85824415584415,1.0,3,4,2,3-4-2
PFDN6,112,9.187453246753245,1.0,2,1,2,2-1-2
PFKFB2,118,9.126414285714288,1.0,2,1,2,2-1-2
PFKFB3,392,10.934738961038963,1.0,4,4,2,4-4-2
PFKFB4,123,7.673193506493507,0.8571428571428571,2,0,0,2-0-0
PFKL,196,11.689529870129872,1.0,3,4,2,3-4-2
PFKM,204,9.487432467532466,1.0,3,2,2,3-2-2
PFKP,270,9.746487012987016,1.0,4,2,2,4-2-2
PFN1,582,13.437287012987007,1.0,4,4,2,4-4-2
PFN2,151,10.791568831168831,1.0,3,3,2,3-3-2
PGAM2,47,4.615945454545455,1.0,1,0,2,1-0-2
PGAM5,311,8.966712987012988,1.0,4,1,2,4-1-2
PGD,137,11.34339480519481,1.0,3,4,2,3-4-2
PGGT1B,37,8.881149350649354,1.0,0,1,2,0-1-2
PGK1,466,13.094555844155849,1.0,4,4,2,4-4-2
PGK2,53,0.5145090909090908,0.8961038961038961,1,0,0,1-0-0
PGLS,48,9.818894805194802,1.0,1,2,2,1-2-2
PGLYRP1,90,0.2123012987012987,0.974025974025974,2,0,0,2-0-0
PGLYRP2,36,4.313533766233765,1.0,0,0,2,0-0-2
PGM1,153,10.25952077922078,1.0,3,3,2,3-3-2
PGM2,62,9.506180519480518,1.0,1,2,2,1-2-2
PGM2L1,25,9.002644155844157,1.0,0,1,2,0-1-2
PGM3,113,9.154732467532467,1.0,2,1,2,2-1-2
PGM5,20,5.881570129870128,1.0,0,0,2,0-0-2
PGP,51,8.693089610389608,1.0,1,1,2,1-1-2
PGPEP1,28,9.00452857142857,1.0,0,1,2,0-1-2
PGR,794,8.813472727272728,1.0,4,1,2,4-1-2
PGRMC1,381,11.604023376623378,1.0,4,4,2,4-4-2
PGRMC2,140,10.821887012987013,1.0,3,3,2,3-3-2
PGS1,33,8.919863636363637,0.974025974025974,0,1,0,0-1-0
PHACTR2,44,9.3340974025974,1.0,0,2,2,0-2-2
PHACTR4,65,10.206600000000002,1.0,1,3,2,1-3-2
PHAX,94,9.049016883116877,1.0,2,1,2,2-1-2
PHB2,1344,11.48967922077922,1.0,4,4,2,4-4-2
PHC1,86,8.643545454545452,0.8051948051948052,2,1,0,2-1-0
PHC2,92,11.08983896103896,1.0,2,4,2,2-4-2
PHC3,67,10.515879220779224,1.0,1,3,2,1-3-2
PHF1,112,9.690055844155843,1.0,2,2,2,2-2-2
PHF10,99,10.300320779220778,1.0,2,3,2,2-3-2
PHF11,50,9.103874025974024,1.0,1,1,2,1-1-2
PHF12,68,10.30773896103896,1.0,1,3,2,1-3-2
PHF14,67,10.173323376623376,1.0,1,3,2,1-3-2
PHF2,86,10.26161298701299,1.0,2,3,2,2-3-2
PHF20,59,10.687610389610388,0.5974025974025974,1,3,0,1-3-0
PHF20L1,48,10.456663636363638,1.0,1,3,2,1-3-2
PHF21A,93,9.61648051948052,1.0,2,2,2,2-2-2
PHF23,47,9.564293506493504,1.0,1,2,2,1-2-2
PHF3,95,11.000276623376623,1.0,2,4,2,2-4-2
PHF5A,145,8.972519480519487,1.0,3,1,2,3-1-2
PHF6,225,9.782093506493505,1.0,3,2,2,3-2-2
PHF8,166,10.321158441558444,1.0,3,3,2,3-3-2
PHGDH,344,10.122845454545454,1.0,4,3,2,4-3-2
PHIP,98,10.763694805194806,1.0,2,3,2,2-3-2
PHKA1,56,9.027663636363638,1.0,1,1,2,1-1-2
PHKA2,97,9.188244155844156,1.0,2,1,2,2-1-2
PHKB,67,10.7217038961039,1.0,1,3,2,1-3-2
PHKG2,58,9.212312987012986,1.0,1,2,2,1-2-2
PHLDA1,108,9.738698701298704,0.8181818181818182,2,2,0,2-2-0
PHLDA2,64,6.799318181818182,0.5714285714285714,1,0,0,1-0-0
PHLDA3,29,8.920454545454543,1.0,0,1,2,0-1-2
PHLDB1,78,10.5298012987013,1.0,2,3,2,2-3-2
PHLDB2,95,8.934666233766235,1.0,2,1,2,2-1-2
PHLDB3,31,7.512941558441555,1.0,0,0,2,0-0-2
PHLPP2,141,8.455263636363636,0.5714285714285714,3,1,0,3-1-0
PHPT1,92,9.56627142857143,1.0,2,2,2,2-2-2
PHRF1,63,9.930457142857145,1.0,1,2,2,1-2-2
PHYH,82,9.285444155844155,1.0,2,2,2,2-2-2
PHYHD1,15,6.8291441558441575,1.0,0,0,2,0-0-2
PI16,29,4.767310389610389,1.0,0,0,2,0-0-2
PI4K2A,84,9.801816883116883,1.0,2,2,2,2-2-2
PI4K2B,31,9.282007792207793,1.0,0,2,2,0-2-2
PI4KA,165,11.017654545454548,1.0,3,4,2,3-4-2
PI4KB,106,11.161979220779221,1.0,2,4,2,2-4-2
PIAS1,322,8.619289610389611,1.0,4,1,2,4-1-2
PIAS2,178,7.980553246753246,0.7792207792207793,3,0,0,3-0-0
PIAS3,224,10.467824675324671,0.8181818181818182,3,3,0,3-3-0
PIAS4,205,8.65153116883117,0.974025974025974,3,1,0,3-1-0
PIBF1,158,8.411194805194803,1.0,3,1,2,3-1-2
PICALM,311,11.815537662337665,1.0,4,4,2,4-4-2
PICK1,174,8.457097402597405,1.0,3,1,2,3-1-2
PID1,37,6.070387012987012,0.8311688311688312,0,0,0,0-0-0
PIGG,53,9.393935064935064,0.7142857142857143,1,2,0,1-2-0
PIGK,91,9.71236883116883,1.0,2,2,2,2-2-2
PIGO,44,9.992444155844158,0.935064935064935,0,3,0,0-3-0
PIGQ,37,10.012393506493503,0.8571428571428571,0,3,0,0-3-0
PIGR,149,6.597385714285714,1.0,3,0,2,3-0-2
PIGS,77,10.554028571428573,1.0,1,3,2,1-3-2
PIGT,87,12.277175324675325,1.0,2,4,2,2-4-2
PIGU,64,9.453722077922079,0.8441558441558441,1,2,0,1-2-0
PIGX,18,9.64385064935065,0.8961038961038961,0,2,0,0-2-0
PIH1D1,114,9.89552987012987,1.0,2,2,2,2-2-2
PIK3AP1,57,8.645944155844159,1.0,1,1,2,1-1-2
PIK3C2A,183,10.363764935064937,1.0,3,3,2,3-3-2
PIK3C2B,150,9.72548181818182,1.0,3,2,2,3-2-2
PIK3C3,272,9.13401688311688,1.0,4,1,2,4-1-2
PIK3CA,3779,9.10593246753247,1.0,4,1,2,4-1-2
PIK3CB,349,10.16074545454546,1.0,4,3,2,4-3-2
PIK3CD,234,8.158841558441562,1.0,3,0,2,3-0-2
PIK3CG,612,6.484641558441557,1.0,4,0,2,4-0-2
PIK3IP1,34,9.44675194805195,0.5064935064935064,0,2,0,0-2-0
PIK3R1,1010,11.160836363636362,1.0,4,4,2,4-4-2
PIK3R2,250,11.03172727272727,1.0,4,4,2,4-4-2
PIK3R3,192,11.271235064935064,0.7012987012987013,3,4,0,3-4-0
PIK3R4,122,9.954001298701302,1.0,2,2,2,2-2-2
PIKFYVE,203,9.46242987012987,1.0,3,2,2,3-2-2
PIN1,1027,9.039746753246755,1.0,4,1,2,4-1-2
PIN4,72,8.320109090909094,1.0,1,1,2,1-1-2
PIP,153,8.27821558441558,1.0,3,1,2,3-1-2
PIP4K2A,151,9.632841558441559,1.0,3,2,2,3-2-2
PIP4K2B,78,10.97671948051948,1.0,2,4,2,2-4-2
PIP4K2C,89,10.663655844155846,1.0,2,3,2,2-3-2
PIP5K1A,124,10.888274025974024,1.0,2,4,2,2-4-2
PIP5K1C,90,10.537249350649349,1.0,2,3,2,2-3-2
PIR,66,7.745561038961036,1.0,1,0,2,1-0-2
PISD,60,9.417302597402601,1.0,1,2,2,1-2-2
PITPNA,60,10.855277922077926,1.0,1,3,2,1-3-2
PITPNB,57,10.453450649350646,1.0,1,3,2,1-3-2
PITPNC1,35,8.075929870129869,1.0,0,0,2,0-0-2
PITPNM1,50,8.806418181818183,1.0,1,1,2,1-1-2
PITRM1,91,10.906120779220783,1.0,2,4,2,2-4-2
PITX1,114,8.135883116883118,0.8701298701298701,2,0,0,2-0-0
PJA1,64,9.139471428571431,0.8831168831168831,1,1,0,1-1-0
PJA2,87,11.382349350649347,1.0,2,4,2,2-4-2
PKIB,32,8.96694675324675,1.0,0,1,2,0-1-2
PKIG,23,9.13544545454545,1.0,0,1,2,0-1-2
PKLR,165,0.7136324675324676,0.8441558441558441,3,0,0,3-0-0
PKN1,144,11.195802597402595,1.0,3,4,2,3-4-2
PKN2,146,10.149627272727272,1.0,3,3,2,3-3-2
PKNOX1,99,8.931854545454547,1.0,2,1,2,2-1-2
PKP1,160,7.324237662337663,1.0,3,0,2,3-0-2
PKP2,357,8.580406493506493,1.0,4,1,2,4-1-2
PKP3,128,10.090763636363638,1.0,3,3,2,3-3-2
PKP4,133,11.345341558441557,1.0,3,4,2,3-4-2
PLA2G12A,27,10.002675324675328,0.961038961038961,0,3,0,0-3-0
PLA2G15,46,9.28835064935065,1.0,0,2,2,0-2-2
PLA2G2A,288,5.67858181818182,0.974025974025974,4,0,0,4-0-0
PLA2G4A,311,6.06344025974026,1.0,4,0,2,4-0-2
PLA2G4C,58,7.333303896103896,0.5584415584415584,1,0,0,1-0-0
PLA2G6,373,7.485229870129872,0.5584415584415584,4,0,0,4-0-0
PLA2G7,437,7.0164077922077945,0.7012987012987013,4,0,0,4-0-0
PLAA,90,10.035505194805197,1.0,2,3,2,2-3-2
PLAC9,12,4.94808181818182,1.0,0,0,2,0-0-2
PLAT,581,10.460397402597405,1.0,4,3,2,4-3-2
PLAU,629,10.607200000000002,1.0,4,3,2,4-3-2
PLAUR,2163,9.43985454545454,1.0,4,2,2,4-2-2
PLBD1,21,9.160384415584414,1.0,0,1,2,0-1-2
PLBD2,41,9.634189610389614,1.0,0,2,2,0-2-2
PLCB1,218,7.951658441558438,1.0,3,0,2,3-0-2
PLCB2,120,7.789409090909092,1.0,2,0,2,2-0-2
PLCB3,152,9.723098701298703,1.0,3,2,2,3-2-2
PLCB4,95,7.782281818181819,1.0,2,0,2,2-0-2
PLCD1,156,8.084896103896105,1.0,3,0,2,3-0-2
PLCD4,40,6.799754545454548,0.6233766233766234,0,0,0,0-0-0
PLCE1,191,7.176612987012987,0.6363636363636364,3,0,0,3-0-0
PLCG1,516,10.707197402597401,1.0,4,3,2,4-3-2
PLCG2,227,8.497446753246756,1.0,3,1,2,3-1-2
PLCH1,56,6.516661038961037,0.7272727272727273,1,0,0,1-0-0
PLCL1,40,7.608558441558445,1.0,0,0,2,0-0-2
PLCL2,40,7.189333766233769,0.8701298701298701,0,0,0,0-0-0
PLD1,215,8.043075324675325,0.961038961038961,3,0,0,3-0-0
PLD2,182,9.314993506493504,0.987012987012987,3,2,0,3-2-0
PLD3,133,11.966407792207791,1.0,3,4,2,3-4-2
PLD4,23,5.930325974025976,1.0,0,0,2,0-0-2
PLEC,506,12.916537662337664,1.0,4,4,2,4-4-2
PLEK,53,8.882983116883116,1.0,1,1,2,1-1-2
PLEK2,46,7.302348051948052,0.974025974025974,0,0,0,0-0-0
PLEKHA1,90,9.470102597402597,1.0,2,2,2,2-2-2
PLEKHA3,35,8.411755844155845,1.0,0,1,2,0-1-2
PLEKHA4,20,8.622603896103895,0.7792207792207793,0,1,0,0-1-0
PLEKHA5,109,9.168464935064938,1.0,2,1,2,2-1-2
PLEKHA6,48,10.750193506493508,1.0,1,3,2,1-3-2
PLEKHA7,99,8.63467012987013,1.0,2,1,2,2-1-2
PLEKHA8,38,6.9850467532467535,0.7792207792207793,0,0,0,0-0-0
PLEKHB2,33,11.351003896103892,0.7922077922077922,0,4,0,0-4-0
PLEKHF1,18,6.897028571428571,1.0,0,0,2,0-0-2
PLEKHF2,40,10.609818181818175,1.0,0,3,2,0-3-2
PLEKHG1,39,8.558757142857145,0.974025974025974,0,1,0,0-1-0
PLEKHG2,37,8.890501298701295,0.935064935064935,0,1,0,0-1-0
PLEKHG3,38,9.546911688311688,1.0,0,2,2,0-2-2
PLEKHG4,49,8.18241428571429,0.5584415584415584,1,1,0,1-1-0
PLEKHG4B,15,7.100888311688309,0.6103896103896104,0,0,0,0-0-0
PLEKHJ1,20,9.132585714285716,0.8051948051948052,0,1,0,0-1-0
PLEKHM1,51,9.111042857142856,0.8181818181818182,1,1,0,1-1-0
PLEKHM2,36,10.237141558441559,1.0,0,3,2,0-3-2
PLEKHO1,83,9.638764935064936,1.0,2,2,2,2-2-2
PLEKHO2,31,9.77725194805195,1.0,0,2,2,0-2-2
PLG,444,0.03891298701298701,1.0,4,0,2,4-0-2
PLIN1,169,6.3918935064935045,1.0,3,0,2,3-0-2
PLIN2,364,10.121936363636367,1.0,4,3,2,4-3-2
PLIN3,201,10.780425974025972,1.0,3,3,2,3-3-2
PLIN4,35,7.981728571428571,1.0,0,0,2,0-0-2
PLIN5,41,5.95437922077922,0.8961038961038961,0,0,0,0-0-0
PLK1,946,9.315924675324677,0.8831168831168831,4,2,0,4-2-0
PLOD1,196,11.743532467532466,1.0,3,4,2,3-4-2
PLOD2,206,10.511635064935065,1.0,3,3,2,3-3-2
PLOD3,145,10.40522077922078,1.0,3,3,2,3-3-2
PLRG1,180,9.653864935064934,1.0,3,2,2,3-2-2
PLS1,83,8.109431168831172,1.0,2,0,2,2-0-2
PLS3,216,11.011079220779221,1.0,3,4,2,3-4-2
PLSCR1,174,9.739814285714289,0.922077922077922,3,2,0,3-2-0
PLSCR3,36,9.037998701298703,0.5584415584415584,0,1,0,0-1-0
PLTP,190,10.190111688311685,1.0,3,3,2,3-3-2
PLVAP,65,10.988368831168831,1.0,1,4,2,1-4-2
PLXDC2,46,9.43182337662338,1.0,0,2,2,0-2-2
PLXNA1,115,10.377270129870132,0.974025974025974,2,3,0,2-3-0
PLXNA3,49,10.229129870129867,0.6103896103896104,1,3,0,1-3-0
PLXNB1,185,10.629759740259738,1.0,3,3,2,3-3-2
PLXNB2,129,12.685653246753253,1.0,3,4,2,3-4-2
PLXNC1,41,8.262622077922082,1.0,0,1,2,0-1-2
PLXND1,87,11.505542857142858,0.922077922077922,2,4,0,2-4-0
PM20D2,30,7.120531168831168,1.0,0,0,2,0-0-2
PMF1,54,9.807454545454547,1.0,1,2,2,1-2-2
PML,1475,10.572412987012989,1.0,4,3,2,4-3-2
PMM1,35,8.787840259740257,1.0,0,1,2,0-1-2
PMM2,189,10.209114285714287,1.0,3,3,2,3-3-2
PMP2,42,0.3727311688311688,0.8571428571428571,0,0,0,0-0-0
PMPCA,99,9.93934025974026,1.0,2,2,2,2-2-2
PMPCB,95,10.252100000000006,1.0,2,3,2,2-3-2
PMS1,218,8.314612987012984,1.0,3,1,2,3-1-2
PMS2,899,9.470087012987017,1.0,4,2,2,4-2-2
PMVK,70,10.219848051948052,1.0,1,3,2,1-3-2
PNKD,108,10.101248051948053,1.0,2,3,2,2-3-2
PNKP,179,8.758837662337665,1.0,3,1,2,3-1-2
PNMA1,42,9.864536363636365,0.7532467532467533,0,2,0,0-2-0
PNMT,60,3.672807792207792,1.0,1,0,2,1-0-2
PNN,233,10.90103116883117,1.0,3,4,2,3-4-2
PNO1,113,9.19864935064935,1.0,2,2,2,2-2-2
PNP,143,10.091532467532467,1.0,3,3,2,3-3-2
PNPLA2,292,10.703124675324673,1.0,4,3,2,4-3-2
PNPLA4,31,8.725587012987013,1.0,0,1,2,0-1-2
PNPLA6,134,9.87265844155844,1.0,3,2,2,3-2-2
PNPLA8,56,9.60707272727273,1.0,1,2,2,1-2-2
PNPO,57,10.290190909090905,1.0,1,3,2,1-3-2
PNPT1,157,9.56101818181818,1.0,3,2,2,3-2-2
POC1B,60,8.668355844155844,0.8311688311688312,1,1,0,1-1-0
POC5,57,7.827435064935066,0.961038961038961,1,0,0,1-0-0
PODN,18,9.341976623376617,1.0,0,2,2,0-2-2
PODXL,162,11.269590909090908,1.0,3,4,2,3-4-2
POF1B,80,5.6022012987012975,1.0,2,0,2,2-0-2
POFUT1,81,11.010674025974026,1.0,2,4,2,2-4-2
POFUT2,38,9.145120779220777,1.0,0,1,2,0-1-2
POGK,33,11.179758441558441,0.961038961038961,0,4,0,0-4-0
POGZ,143,11.44505844155844,1.0,3,4,2,3-4-2
POLA1,162,9.2152974025974,1.0,3,2,2,3-2-2
POLA2,97,8.892745454545457,1.0,2,1,2,2-1-2
POLB,323,9.110105194805202,1.0,4,1,2,4-1-2
POLD1,338,8.943132467532466,1.0,4,1,2,4-1-2
POLD2,102,10.913283116883115,1.0,2,4,2,2-4-2
POLD3,137,9.153006493506496,1.0,3,1,2,3-1-2
POLD4,42,10.148520779220773,0.935064935064935,0,3,0,0-3-0
POLDIP3,163,10.999851948051948,1.0,3,4,2,3-4-2
POLE,441,10.049174025974029,0.922077922077922,4,3,0,4-3-0
POLE2,68,6.700572727272729,0.8181818181818182,1,0,0,1-0-0
POLE3,68,10.725489610389605,1.0,1,3,2,1-3-2
POLE4,29,8.71696623376623,1.0,0,1,2,0-1-2
POLG,357,9.844307792207792,1.0,4,2,2,4-2-2
POLG2,72,6.90907272727273,1.0,1,0,2,1-0-2
POLI,193,8.85431168831169,1.0,3,1,2,3-1-2
POLK,243,8.708516883116886,0.8441558441558441,3,1,0,3-1-0
POLL,97,8.73212987012987,0.922077922077922,2,1,0,2-1-0
POLM,57,8.494980519480514,0.7402597402597403,1,1,0,1-1-0
POLR1A,139,9.806370129870134,1.0,3,2,2,3-2-2
POLR1B,111,9.595683116883118,1.0,2,2,2,2-2-2
POLR1C,176,8.86352207792208,1.0,3,1,2,3-1-2
POLR1D,107,10.472124675324674,1.0,2,3,2,2-3-2
POLR1E,97,8.794618181818185,1.0,2,1,2,2-1-2
POLR2B,325,11.365515584415583,1.0,4,4,2,4-4-2
POLR2C,237,10.327674025974028,1.0,3,3,2,3-3-2
POLR2D,161,9.290715584415585,1.0,3,2,2,3-2-2
POLR2E,282,10.76612857142857,1.0,4,3,2,4-3-2
POLR2F,151,9.044428571428568,1.0,3,1,2,3-1-2
POLR2G,178,10.10348831168831,1.0,3,3,2,3-3-2
POLR2H,235,9.813259740259744,1.0,3,2,2,3-2-2
POLR2I,140,8.949764935064934,1.0,3,1,2,3-1-2
POLR2K,146,10.350984415584415,1.0,3,3,2,3-3-2
POLR2L,179,10.425537662337662,1.0,3,3,2,3-3-2
POLR3A,194,9.322040259740263,1.0,3,2,2,3-2-2
POLR3B,116,8.192064935064941,1.0,2,1,2,2-1-2
POLR3C,70,9.392500000000002,1.0,1,2,2,1-2-2
POLR3D,55,8.404946753246756,1.0,1,1,2,1-1-2
POLR3E,52,9.726427272727275,1.0,1,2,2,1-2-2
POLR3F,60,8.230512987012986,1.0,1,1,2,1-1-2
POLR3GL,24,8.715371428571427,0.8701298701298701,0,1,0,0-1-0
POLR3H,37,10.120623376623374,1.0,0,3,2,0-3-2
POLR3K,35,8.983689610389611,1.0,0,1,2,0-1-2
POLRMT,190,9.219518181818186,1.0,3,2,2,3-2-2
POM121C,69,9.821574025974021,0.9090909090909092,1,2,0,1-2-0
POMGNT1,75,10.482918181818183,0.7922077922077922,1,3,0,1-3-0
POMP,59,10.612023376623378,1.0,1,3,2,1-3-2
PON1,2303,1.2549805194805193,1.0,4,0,2,4-0-2
PON2,356,10.343723376623378,1.0,4,3,2,4-3-2
PON3,136,4.559549350649353,0.948051948051948,3,0,0,3-0-0
POP1,171,7.99969090909091,1.0,3,0,2,3-0-2
POP4,54,9.391215584415587,1.0,1,2,2,1-2-2
POP5,33,8.072933766233767,0.7662337662337663,0,0,0,0-0-0
POP7,63,9.016737662337666,1.0,1,1,2,1-1-2
POR,271,10.589494805194805,1.0,4,3,2,4-3-2
POSTN,1017,13.772267532467533,1.0,4,4,2,4-4-2
POT1,335,9.198802597402597,1.0,4,2,2,4-2-2
POTEF,48,4.515663636363637,1.0,1,0,2,1-0-2
POU2F1,689,7.17015844155844,1.0,4,0,2,4-0-2
POU2F2,223,6.344211688311689,0.5064935064935064,3,0,0,3-0-0
PPA1,161,11.528705194805191,1.0,3,4,2,3-4-2
PPA2,102,10.065666233766233,1.0,2,3,2,2-3-2
PPAN,110,8.48140779220779,1.0,2,1,2,2-1-2
PPAT,74,8.993355844155843,1.0,1,1,2,1-1-2
PPBP,276,0.5345090909090909,1.0,4,0,2,4-0-2
PPCDC,21,7.377048051948053,1.0,0,0,2,0-0-2
PPCS,31,10.335940259740255,1.0,0,3,2,0-3-2
PPDPF,14,12.055212987012986,1.0,0,4,2,0-4-2
PPFIA1,185,10.789075324675322,1.0,3,3,2,3-3-2
PPFIA3,45,7.578011688311688,0.7402597402597403,0,0,0,0-0-0
PPFIBP1,122,10.076129870129868,1.0,2,3,2,2-3-2
PPFIBP2,51,9.53441168831169,1.0,1,2,2,1-2-2
PPHLN1,116,9.881562337662334,1.0,2,2,2,2-2-2
PPIA,669,12.392850649350658,1.0,4,4,2,4-4-2
PPIAL4G,8,5.213819480519483,1.0,0,0,2,0-0-2
PPIB,271,12.92498831168831,1.0,4,4,2,4-4-2
PPIC,42,9.87067792207792,1.0,0,2,2,0-2-2
PPID,175,9.574746753246757,1.0,3,2,2,3-2-2
PPIE,97,9.437287012987014,1.0,2,2,2,2-2-2
PPIF,116,10.854600000000003,1.0,2,3,2,2-3-2
PPIG,103,10.451683116883116,1.0,2,3,2,2-3-2
PPIH,107,8.665790909090909,1.0,2,1,2,2-1-2
PPIL1,99,9.4626987012987,1.0,2,2,2,2-2-2
PPIL2,83,10.134753246753249,1.0,2,3,2,2-3-2
PPIL3,66,7.934109090909089,1.0,1,0,2,1-0-2
PPIL4,100,9.36197012987013,1.0,2,2,2,2-2-2
PPIP5K1,40,9.190836363636368,0.974025974025974,0,1,0,0-1-0
PPIP5K2,59,9.878796103896105,1.0,1,2,2,1-2-2
PPL,141,10.076002597402594,1.0,3,3,2,3-3-2
PPM1A,228,10.708916883116881,1.0,3,3,2,3-3-2
PPM1B,194,10.014067532467532,1.0,3,3,2,3-3-2
PPM1D,351,8.594018181818184,0.6103896103896104,4,1,0,4-1-0
PPM1F,94,9.12994675324675,1.0,2,1,2,2-1-2
PPM1G,235,11.576841558441554,1.0,3,4,2,3-4-2
PPM1H,45,9.840219480519483,1.0,0,2,2,0-2-2
PPM1J,12,7.165718181818181,0.7662337662337663,0,0,0,0-0-0
PPM1K,54,7.608572727272724,0.5974025974025974,1,0,0,1-0-0
PPM1L,28,6.077235064935068,0.6883116883116883,0,0,0,0-0-0
PPM1M,18,8.551336363636366,0.7012987012987013,0,1,0,0-1-0
PPME1,84,10.490057142857141,1.0,2,3,2,2-3-2
PPOX,77,8.337894805194807,1.0,1,1,2,1-1-2
PPP1CA,493,11.83116103896104,1.0,4,4,2,4-4-2
PPP1CB,332,12.565561038961041,1.0,4,4,2,4-4-2
PPP1CC,340,11.592725974025978,1.0,4,4,2,4-4-2
PPP1R10,167,10.997801298701301,1.0,3,4,2,3-4-2
PPP1R11,209,10.787955844155846,1.0,3,3,2,3-3-2
PPP1R12A,368,10.365462337662336,1.0,4,3,2,4-3-2
PPP1R12B,70,9.68689090909091,1.0,1,2,2,1-2-2
PPP1R12C,57,9.50201818181818,1.0,1,2,2,1-2-2
PPP1R13B,107,9.383990909090912,1.0,2,2,2,2-2-2
PPP1R13L,227,9.634035064935063,1.0,3,2,2,3-2-2
PPP1R14A,94,3.9259792207792197,1.0,2,0,2,2-0-2
PPP1R14B,32,10.40234415584416,1.0,0,3,2,0-3-2
PPP1R14C,33,4.792957142857144,0.8311688311688312,0,0,0,0-0-0
PPP1R16A,38,9.452897402597403,0.961038961038961,0,2,0,0-2-0
PPP1R1A,23,5.868531168831169,0.8181818181818182,0,0,0,0-0-0
PPP1R1B,167,8.54266623376623,1.0,3,1,2,3-1-2
PPP1R2,77,10.319680519480519,1.0,1,3,2,1-3-2
PPP1R3B,57,10.176288311688308,0.7142857142857143,1,3,0,1-3-0
PPP1R3D,32,8.706410389610394,1.0,0,1,2,0-1-2
PPP1R7,93,10.087188311688312,1.0,2,3,2,2-3-2
PPP1R8,140,10.010201298701292,1.0,3,3,2,3-3-2
PPP1R9A,70,8.552985714285713,1.0,1,1,2,1-1-2
PPP2CA,627,11.628381818181818,1.0,4,4,2,4-4-2
PPP2CB,191,10.391455844155844,1.0,3,3,2,3-3-2
PPP2R1A,482,12.606084415584409,1.0,4,4,2,4-4-2
PPP2R1B,162,9.44424025974026,1.0,3,2,2,3-2-2
PPP2R2A,294,9.90775194805195,1.0,4,2,2,4-2-2
PPP2R3A,69,9.213905194805195,1.0,1,2,2,1-2-2
PPP2R5A,129,10.986796103896104,1.0,3,4,2,3-4-2
PPP2R5B,55,8.425702597402598,1.0,1,1,2,1-1-2
PPP2R5C,136,11.101027272727272,1.0,3,4,2,3-4-2
PPP2R5D,164,10.559314285714287,1.0,3,3,2,3-3-2
PPP2R5E,110,9.822380519480522,1.0,2,2,2,2-2-2
PPP3CA,254,10.425172727272729,1.0,4,3,2,4-3-2
PPP3CB,113,10.266063636363636,1.0,2,3,2,2-3-2
PPP3CC,86,7.815633766233766,1.0,2,0,2,2-0-2
PPP3R1,118,10.779329870129866,1.0,2,3,2,2-3-2
PPP4C,118,11.132700000000003,1.0,2,4,2,2-4-2
PPP4R1,56,10.533562337662339,1.0,1,3,2,1-3-2
PPP4R2,55,9.131024675324674,1.0,1,1,2,1-1-2
PPP5C,154,10.23445974025974,1.0,3,3,2,3-3-2
PPP6C,179,10.858833766233763,1.0,3,3,2,3-3-2
PPT1,183,12.459522077922077,1.0,3,4,2,3-4-2
PPT2,38,8.235577922077923,0.5324675324675324,0,1,0,0-1-0
PPTC7,23,8.458615584415586,1.0,0,1,2,0-1-2
PPWD1,50,8.519811688311687,1.0,1,1,2,1-1-2
PQBP1,164,9.949249350649353,1.0,3,2,2,3-2-2
PRAF2,63,9.399706493506496,0.935064935064935,1,2,0,1-2-0
PRAM1,57,4.803480519480519,1.0,1,0,2,1-0-2
PRC1,274,10.311757142857143,1.0,4,3,2,4-3-2
PRCC,95,10.95006753246753,1.0,2,4,2,2-4-2
PRCP,65,11.318719480519478,1.0,1,4,2,1-4-2
PRDM10,41,7.985402597402598,0.961038961038961,0,0,0,0-0-0
PRDM15,41,7.9596025974025935,0.7272727272727273,0,0,0,0-0-0
PRDM2,158,10.19538701298701,0.8571428571428571,3,3,0,3-3-0
PRDX1,655,13.155109090909093,1.0,4,4,2,4-4-2
PRDX2,494,12.050855844155846,1.0,4,4,2,4-4-2
PRDX3,355,11.679109090909094,1.0,4,4,2,4-4-2
PRDX4,294,10.735536363636369,1.0,4,3,2,4-3-2
PRDX5,204,11.158702597402597,1.0,3,4,2,3-4-2
PRDX6,379,12.162662337662338,1.0,4,4,2,4-4-2
PREB,118,10.480014285714285,1.0,2,3,2,2-3-2
PRELP,60,9.074672727272725,1.0,1,1,2,1-1-2
PREP,96,9.960314285714285,1.0,2,2,2,2-2-2
PREPL,367,10.715162337662338,1.0,4,3,2,4-3-2
PREX1,128,11.439462337662345,1.0,3,4,2,3-4-2
PRF1,233,6.423315584415585,0.8051948051948052,3,0,0,3-0-0
PRG2,112,2.956220779220778,1.0,2,0,2,2-0-2
PRG3,14,0.0,0.8181818181818182,0,0,0,0-0-0
PRG4,87,5.650659740259744,1.0,2,0,2,2-0-2
PRICKLE2,35,8.873127272727274,0.7402597402597403,0,1,0,0-1-0
PRIM1,90,7.765619480519479,1.0,2,0,2,2-0-2
PRKAA1,868,9.981381818181818,1.0,4,2,2,4-2-2
PRKAA2,373,7.680207792207792,1.0,4,0,2,4-0-2
PRKAB1,231,9.186033766233765,1.0,3,1,2,3-1-2
PRKAB2,106,9.03988441558442,1.0,2,1,2,2-1-2
PRKACA,747,11.232516883116878,1.0,4,4,2,4-4-2
PRKACB,175,10.041720779220782,1.0,3,3,2,3-3-2
PRKAG1,187,10.343102597402599,1.0,3,3,2,3-3-2
PRKAG2,217,8.906305194805197,0.922077922077922,3,1,0,3-1-0
PRKAR1A,617,12.573776623376625,1.0,4,4,2,4-4-2
PRKAR1B,91,7.404087012987013,0.935064935064935,2,0,0,2-0-0
PRKAR2A,286,8.424824675324677,1.0,4,1,2,4-1-2
PRKAR2B,181,9.213488311688309,1.0,3,2,2,3-2-2
PRKCA,1611,6.969672727272721,1.0,4,0,2,4-0-2
PRKCB,471,6.661154545454545,1.0,4,0,2,4-0-2
PRKCD,1046,10.836823376623377,1.0,4,3,2,4-3-2
PRKCE,567,7.450562337662337,0.6883116883116883,4,0,0,4-0-0
PRKCH,151,9.333232467532467,0.8831168831168831,3,2,0,3-2-0
PRKCI,327,10.202405194805195,1.0,4,3,2,4-3-2
PRKCQ,424,4.833377922077922,0.5064935064935064,4,0,0,4-0-0
PRKCSH,207,12.413072727272723,1.0,3,4,2,3-4-2
PRKCZ,391,8.619649350649352,0.961038961038961,4,1,0,4-1-0
PRKD1,247,6.361024675324677,0.987012987012987,3,0,0,3-0-0
PRKD2,113,10.209463636363633,1.0,2,3,2,2-3-2
PRKD3,94,9.512085714285714,0.7662337662337663,2,2,0,2-2-0
PRKG1,261,5.942712987012986,1.0,4,0,2,4-0-2
PRKRA,277,9.916192207792204,1.0,4,2,2,4-2-2
PRKRIP1,41,8.850732467532465,1.0,0,1,2,0-1-2
PRMT1,731,11.020488311688313,1.0,4,4,2,4-4-2
PRMT2,154,10.812835064935067,0.935064935064935,3,3,0,3-3-0
PRMT3,117,8.41400779220779,1.0,2,1,2,2-1-2
PRMT5,886,10.505458441558444,1.0,4,3,2,4-3-2
PRMT6,164,8.5153987012987,0.987012987012987,3,1,0,3-1-0
PRMT7,108,9.104667532467536,1.0,2,1,2,2-1-2
PRNP,1290,10.391989610389613,1.0,4,3,2,4-3-2
PROC,405,3.073216883116883,1.0,4,0,2,4-0-2
PROCR,451,7.633055844155848,0.961038961038961,4,0,0,4-0-0
PRODH,110,6.305264935064935,1.0,2,0,2,2-0-2
PROM1,2605,7.84678181818182,1.0,4,0,2,4-0-2
PROM2,39,11.010525974025974,0.8831168831168831,0,4,0,0-4-0
PROS1,362,8.302084415584412,1.0,4,1,2,4-1-2
PROZ,103,1.499625974025974,1.0,2,0,2,2-0-2
PRPF18,35,8.813016883116886,1.0,0,1,2,0-1-2
PRPF19,365,11.757002597402593,1.0,4,4,2,4-4-2
PRPF3,222,10.167166233766233,1.0,3,3,2,3-3-2
PRPF31,330,10.070122077922077,1.0,4,3,2,4-3-2
PRPF38A,85,9.866011688311689,1.0,2,2,2,2-2-2
PRPF38B,79,10.032244155844158,1.0,2,3,2,2-3-2
PRPF39,48,9.02515454545454,1.0,1,1,2,1-1-2
PRPF4,184,9.841312987012987,1.0,3,2,2,3-2-2
PRPF40A,224,11.3330012987013,1.0,3,4,2,3-4-2
PRPF40B,28,8.403574025974029,1.0,0,1,2,0-1-2
PRPF6,250,11.692448051948054,1.0,4,4,2,4-4-2
PRPF8,439,12.723238961038964,1.0,4,4,2,4-4-2
PRPH,80,2.1554948051948046,0.7272727272727273,2,0,0,2-0-0
PRPS1,227,9.626085714285717,1.0,3,2,2,3-2-2
PRPS2,116,10.110238961038958,1.0,2,3,2,2-3-2
PRPSAP1,92,9.906701298701304,1.0,2,2,2,2-2-2
PRPSAP2,66,8.787403896103898,1.0,1,1,2,1-1-2
PRR11,75,7.035422077922075,0.5194805194805194,1,0,0,1-0-0
PRR12,58,10.197332467532467,1.0,1,3,2,1-3-2
PRR13,31,11.096242857142858,0.7012987012987013,0,4,0,0-4-0
PRR14,41,9.737666233766234,1.0,0,2,2,0-2-2
PRR15,16,7.946319480519481,0.922077922077922,0,0,0,0-0-0
PRR15L,5,9.289232467532472,0.8441558441558441,0,2,0,0-2-0
PRR5,42,7.970181818181818,0.7532467532467533,0,0,0,0-0-0
PRRC1,46,11.186345454545451,1.0,0,4,2,0-4-2
PRRX1,196,10.510051948051949,0.935064935064935,3,3,0,3-3-0
PRRX2,58,6.655984415584416,0.7532467532467533,1,0,0,1-0-0
PRSS1,429,1.4443662337662337,0.8961038961038961,4,0,0,4-0-0
PRSS22,16,7.155820779220781,0.6103896103896104,0,0,0,0-0-0
PRSS23,44,11.854672727272726,1.0,0,4,2,0-4-2
PRSS3,143,1.7792558441558441,0.7792207792207793,3,0,0,3-0-0
PRSS8,79,11.850632467532469,1.0,2,4,2,2-4-2
PRTFDC1,34,6.146685714285714,1.0,0,0,2,0-0-2
PRTN3,176,1.0878948051948052,1.0,3,0,2,3-0-2
PSAP,445,15.006316883116883,1.0,4,4,2,4-4-2
PSAT1,144,6.661907792207794,1.0,3,0,2,3-0-2
PSD3,55,9.279993506493504,0.8831168831168831,1,2,0,1-2-0
PSD4,30,10.308767532467533,1.0,0,3,2,0-3-2
PSEN1,3012,10.994424675324682,0.9090909090909092,4,4,0,4-4-0
PSEN2,881,9.338314285714283,0.7792207792207793,4,2,0,4-2-0
PSIP1,524,10.11691948051948,1.0,4,3,2,4-3-2
PSMA1,308,11.127967532467533,1.0,4,4,2,4-4-2
PSMA2,268,11.022087012987013,1.0,4,4,2,4-4-2
PSMA3,349,10.45092077922078,1.0,4,3,2,4-3-2
PSMA4,283,11.245571428571429,1.0,4,4,2,4-4-2
PSMA5,292,10.783288311688313,1.0,4,3,2,4-3-2
PSMA6,346,11.427858441558442,1.0,4,4,2,4-4-2
PSMA7,336,11.645984415584419,1.0,4,4,2,4-4-2
PSMB1,269,11.486036363636362,1.0,4,4,2,4-4-2
PSMB10,130,9.580375324675321,1.0,3,2,2,3-2-2
PSMB2,236,10.965154545454547,1.0,3,4,2,3-4-2
PSMB3,216,11.014989610389605,1.0,3,4,2,3-4-2
PSMB4,265,12.259397402597402,1.0,4,4,2,4-4-2
PSMB5,327,11.107871428571427,1.0,4,4,2,4-4-2
PSMB6,238,10.530906493506498,1.0,3,3,2,3-3-2
PSMB7,212,11.06582077922078,1.0,3,4,2,3-4-2
PSMB8,176,10.591977922077923,1.0,3,3,2,3-3-2
PSMB9,139,8.992844155844155,1.0,3,1,2,3-1-2
PSMC1,332,9.156993506493507,1.0,4,1,2,4-1-2
PSMC2,360,10.829266233766232,1.0,4,3,2,4-3-2
PSMC3,370,11.026301298701298,1.0,4,4,2,4-4-2
PSMC3IP,53,6.702079220779221,0.5974025974025974,1,0,0,1-0-0
PSMC4,355,10.899764935064935,1.0,4,4,2,4-4-2
PSMC5,509,11.384906493506492,1.0,4,4,2,4-4-2
PSMC6,293,10.243514285714289,1.0,4,3,2,4-3-2
PSMD1,345,11.388370129870127,1.0,4,4,2,4-4-2
PSMD10,270,10.06878311688312,1.0,4,3,2,4-3-2
PSMD11,285,10.530596103896103,1.0,4,3,2,4-3-2
PSMD12,256,10.23133116883117,1.0,4,3,2,4-3-2
PSMD13,247,11.10848701298701,1.0,3,4,2,3-4-2
PSMD14,289,10.541364935064935,1.0,4,3,2,4-3-2
PSMD2,484,12.324359740259744,1.0,4,4,2,4-4-2
PSMD3,326,11.918149350649351,1.0,4,4,2,4-4-2
PSMD4,452,11.776476623376622,1.0,4,4,2,4-4-2
PSMD5,124,10.265246753246752,1.0,2,3,2,2-3-2
PSMD6,242,10.164441558441553,1.0,3,3,2,3-3-2
PSMD7,248,10.698724675324675,1.0,4,3,2,4-3-2
PSMD8,212,11.58522467532467,1.0,3,4,2,3-4-2
PSMD9,171,9.591302597402596,1.0,3,2,2,3-2-2
PSME1,269,11.800793506493509,1.0,4,4,2,4-4-2
PSME2,177,11.227966233766237,1.0,3,4,2,3-4-2
PSME3,297,11.273903896103894,1.0,4,4,2,4-4-2
PSME4,106,11.558583116883119,1.0,2,4,2,2-4-2
PSMF1,121,11.508615584415587,1.0,2,4,2,2-4-2
PSMG1,85,8.917838961038958,1.0,2,1,2,2-1-2
PSMG2,51,9.940925974025971,1.0,1,2,2,1-2-2
PSMG3,38,9.088637662337659,1.0,0,1,2,0-1-2
PSMG4,21,7.076009090909093,1.0,0,0,2,0-0-2
PSPC1,240,9.852866233766235,1.0,3,2,2,3-2-2
PSPH,51,8.28143896103896,1.0,1,1,2,1-1-2
PSTPIP1,136,5.879919480519482,1.0,3,0,2,3-0-2
PSTPIP2,45,8.373802597402603,1.0,0,1,2,0-1-2
PTAR1,25,9.70881428571429,1.0,0,2,2,0-2-2
PTBP1,706,12.496102597402595,1.0,4,4,2,4-4-2
PTBP2,119,8.104216883116884,1.0,2,0,2,2-0-2
PTCD2,21,7.011223376623375,0.7142857142857143,0,0,0,0-0-0
PTCD3,170,9.992648051948054,1.0,3,3,2,3-3-2
PTDSS1,95,11.045138961038962,1.0,2,4,2,2-4-2
PTDSS2,37,8.73771168831169,0.7792207792207793,0,1,0,0-1-0
PTEN,7994,10.835299999999997,1.0,4,3,2,4-3-2
PTER,42,8.921215584415584,1.0,0,1,2,0-1-2
PTGDS,159,7.23307012987013,1.0,3,0,2,3-0-2
PTGES,491,9.110528571428574,0.922077922077922,4,1,0,4-1-0
PTGES2,124,9.370570129870128,1.0,2,2,2,2-2-2
PTGES3,270,12.767138961038965,1.0,4,4,2,4-4-2
PTGFRN,65,11.320911688311687,1.0,1,4,2,1-4-2
PTGIS,121,8.205923376623376,1.0,2,1,2,2-1-2
PTGR1,45,9.282851948051945,1.0,0,2,2,0-2-2
PTGR2,27,8.227236363636363,1.0,0,1,2,0-1-2
PTGS1,1763,8.446129870129873,1.0,4,1,2,4-1-2
PTGS2,9111,5.411244155844156,0.5714285714285714,4,0,0,4-0-0
PTK2,3149,11.50325064935065,1.0,4,4,2,4-4-2
PTK2B,407,9.06663376623377,1.0,4,1,2,4-1-2
PTK6,195,7.96742987012987,0.8961038961038961,3,0,0,3-0-0
PTK7,242,11.277632467532468,1.0,3,4,2,3-4-2
PTMA,168,14.254700000000001,1.0,3,4,2,3-4-2
PTMS,45,11.981211688311687,1.0,0,4,2,0-4-2
PTN,182,6.951793506493508,0.7142857142857143,3,0,0,3-0-0
PTOV1,76,10.981580519480518,0.7662337662337663,1,4,0,1-4-0
PTP4A1,148,11.4795012987013,0.9090909090909092,3,4,0,3-4-0
PTP4A2,82,11.858167532467535,1.0,2,4,2,2-4-2
PTP4A3,290,8.928380519480521,0.7922077922077922,4,1,0,4-1-0
PTPDC1,21,7.538301298701301,0.5454545454545454,0,0,0,0-0-0
PTPMT1,80,9.395984415584415,1.0,2,2,2,2-2-2
PTPN1,1252,10.994331168831174,1.0,4,4,2,4-4-2
PTPN11,2007,11.578067532467529,1.0,4,4,2,4-4-2
PTPN12,200,11.016502597402598,1.0,3,4,2,3-4-2
PTPN13,298,9.55142857142857,1.0,4,2,2,4-2-2
PTPN14,157,7.394916883116883,1.0,3,0,2,3-0-2
PTPN18,47,10.724551948051948,1.0,1,3,2,1-3-2
PTPN2,367,9.074697402597403,1.0,4,1,2,4-1-2
PTPN23,128,10.44441818181818,1.0,3,3,2,3-3-2
PTPN3,106,9.444188311688313,0.948051948051948,2,2,0,2-2-0
PTPN6,1119,9.90297142857143,1.0,4,2,2,4-2-2
PTPN7,61,7.209846753246757,1.0,1,0,2,1-0-2
PTPN9,87,9.94788831168831,1.0,2,2,2,2-2-2
PTPRA,219,11.07501298701299,1.0,3,4,2,3-4-2
PTPRC,1014,9.681211688311693,1.0,4,2,2,4-2-2
PTPRE,74,8.624650649350647,1.0,1,1,2,1-1-2
PTPRF,170,13.680466233766234,1.0,3,4,2,3-4-2
PTPRG,122,8.947144155844157,0.974025974025974,2,1,0,2-1-0
PTPRJ,190,9.730736363636366,1.0,3,2,2,3-2-2
PTPRK,104,11.224292207792207,1.0,2,4,2,2-4-2
PTPRM,87,9.35632077922078,0.922077922077922,2,2,0,2-2-0
PTPRS,101,10.367661038961042,1.0,2,3,2,2-3-2
PTPRU,63,9.261764935064935,0.5064935064935064,1,2,0,1-2-0
PTPRZ1,235,3.0157883116883113,0.6753246753246753,3,0,0,3-0-0
PTRH1,29,7.17996103896104,1.0,0,0,2,0-0-2
PTRH2,109,8.96017272727273,1.0,2,1,2,2-1-2
PTS,87,7.992253246753243,1.0,2,0,2,2-0-2
PTX3,494,4.197471428571429,1.0,4,0,2,4-0-2
PUF60,234,11.623796103896101,1.0,3,4,2,3-4-2
PUM1,256,11.184462337662339,1.0,4,4,2,4-4-2
PUM2,152,11.891193506493504,1.0,3,4,2,3-4-2
PURA,259,8.16059350649351,1.0,4,0,2,4-0-2
PURB,112,11.015759740259739,1.0,2,4,2,2-4-2
PUS1,80,8.318348051948055,1.0,2,1,2,2-1-2
PUS10,30,7.44203896103896,1.0,0,0,2,0-0-2
PUS3,18,7.741496103896105,0.948051948051948,0,0,0,0-0-0
PUS7,66,8.97134285714286,1.0,1,1,2,1-1-2
PUS7L,31,7.796896103896107,1.0,0,0,2,0-0-2
PUSL1,37,7.616827272727271,1.0,0,0,2,0-0-2
PVALB,63,2.6191571428571425,1.0,1,0,2,1-0-2
PVR,202,9.055154545454547,0.974025974025974,3,1,0,3-1-0
PWP1,125,9.88989090909091,1.0,2,2,2,2-2-2
PWP2,102,9.708332467532474,1.0,2,2,2,2-2-2
PWWP2A,34,8.540080519480517,0.6623376623376623,0,1,0,0-1-0
PWWP2B,20,8.590676623376625,0.961038961038961,0,1,0,0-1-0
PXDN,115,11.777667532467532,1.0,2,4,2,2-4-2
PXK,37,7.718946753246751,1.0,0,0,2,0-0-2
PXMP4,24,9.129455844155846,0.6363636363636364,0,1,0,0-1-0
PXN,409,11.154415584415586,1.0,4,4,2,4-4-2
PYCARD,489,8.948368831168834,1.0,4,1,2,4-1-2
PYCR1,171,11.235418181818185,1.0,3,4,2,3-4-2
PYCR2,136,10.614048051948053,1.0,3,3,2,3-3-2
PYDC1,15,2.686742857142857,1.0,0,0,2,0-0-2
PYGB,116,11.890615584415587,1.0,2,4,2,2-4-2
PYGL,130,10.05706883116883,1.0,3,3,2,3-3-2
PYGM,106,3.2408220779220773,0.5844155844155844,2,0,0,2-0-0
PYGO2,82,11.086261038961036,1.0,2,4,2,2-4-2
PYHIN1,33,4.551162337662338,0.7272727272727273,0,0,0,0-0-0
PYROXD1,32,8.436805194805194,0.974025974025974,0,1,0,0-1-0
PYROXD2,26,6.499305194805196,0.935064935064935,0,0,0,0-0-0
PZP,62,0.7915090909090909,1.0,1,0,2,1-0-2
QDPR,83,9.83587662337662,1.0,2,2,2,2-2-2
QKI,267,10.650342857142858,1.0,4,3,2,4-3-2
QPCT,63,7.608835064935061,0.9090909090909092,1,0,0,1-0-0
QPCTL,88,7.942394805194806,0.7792207792207793,2,0,0,2-0-0
QPRT,44,7.770719480519481,1.0,0,0,2,0-0-2
QRICH1,67,10.501593506493506,1.0,1,3,2,1-3-2
QRSL1,33,9.074641558441561,1.0,0,1,2,0-1-2
QSER1,55,10.367509090909094,0.8831168831168831,1,3,0,1-3-0
QSOX1,105,11.824322077922078,1.0,2,4,2,2-4-2
QSOX2,71,8.45544285714286,0.7402597402597403,1,1,0,1-1-0
QTRT1,36,8.627412987012987,1.0,0,1,2,0-1-2
R3HCC1,14,8.816038961038961,1.0,0,1,2,0-1-2
R3HDM1,55,9.722425974025978,0.974025974025974,1,2,0,1-2-0
R3HDM2,32,10.421385714285714,1.0,0,3,2,0-3-2
RAB10,292,11.858581818181822,1.0,4,4,2,4-4-2
RAB11B,120,10.782468831168833,1.0,2,3,2,2-3-2
RAB11FIP1,125,11.438342857142853,1.0,2,4,2,2-4-2
RAB11FIP2,92,8.49047922077922,0.8051948051948052,2,1,0,2-1-0
RAB11FIP3,62,10.02214805194805,0.6753246753246753,1,3,0,1-3-0
RAB11FIP4,33,9.846771428571428,1.0,0,2,2,0-2-2
RAB11FIP5,110,9.935859740259739,1.0,2,2,2,2-2-2
RAB12,47,9.509029870129872,1.0,1,2,2,1-2-2
RAB13,145,11.131063636363637,1.0,3,4,2,3-4-2
RAB14,222,11.52648051948052,1.0,3,4,2,3-4-2
RAB17,41,8.427397402597403,0.8311688311688312,0,1,0,0-1-0
RAB18,150,11.078288311688315,1.0,3,4,2,3-4-2
RAB19,11,3.9427831168831173,0.8961038961038961,0,0,0,0-0-0
RAB1A,276,11.82874285714286,1.0,4,4,2,4-4-2
RAB1B,185,12.409809090909093,1.0,3,4,2,3-4-2
RAB20,33,8.541348051948056,0.8571428571428571,0,1,0,0-1-0
RAB21,139,9.973844155844155,1.0,3,2,2,3-2-2
RAB22A,116,10.614796103896104,1.0,2,3,2,2-3-2
RAB23,99,8.698362337662335,1.0,2,1,2,2-1-2
RAB24,39,8.585845454545451,1.0,0,1,2,0-1-2
RAB25,122,11.13138181818182,1.0,2,4,2,2-4-2
RAB27A,364,8.83334675324675,1.0,4,1,2,4-1-2
RAB27B,121,6.93932987012987,1.0,2,0,2,2-0-2
RAB28,41,8.011877922077925,1.0,0,0,2,0-0-2
RAB2A,144,10.55165974025974,1.0,3,3,2,3-3-2
RAB2B,44,8.864984415584418,1.0,0,1,2,0-1-2
RAB30,30,7.709632467532466,1.0,0,0,2,0-0-2
RAB31,89,11.486799999999995,1.0,2,4,2,2-4-2
RAB32,85,8.630131168831166,1.0,2,1,2,2-1-2
RAB33B,52,8.250742857142857,1.0,1,1,2,1-1-2
RAB34,99,9.82797922077922,1.0,2,2,2,2-2-2
RAB35,160,10.140161038961043,1.0,3,3,2,3-3-2
RAB38,61,6.934284415584414,0.935064935064935,1,0,0,1-0-0
RAB3A,105,6.783563636363637,0.6363636363636364,2,0,0,2-0-0
RAB3D,73,10.859422077922078,1.0,1,3,2,1-3-2
RAB3GAP1,151,10.672187012987013,1.0,3,3,2,3-3-2
RAB3GAP2,115,10.558409090909093,1.0,2,3,2,2-3-2
RAB3IL1,28,7.9138012987013004,1.0,0,0,2,0-0-2
RAB3IP,70,9.384292207792207,1.0,1,2,2,1-2-2
RAB40C,31,9.44227402597402,0.7012987012987013,0,2,0,0-2-0
RAB43,39,8.008397402597401,1.0,0,0,2,0-0-2
RAB4A,117,9.838553246753248,1.0,2,2,2,2-2-2
RAB4B,30,8.633815584415585,1.0,0,1,2,0-1-2
RAB5A,354,10.433459740259742,1.0,4,3,2,4-3-2
RAB5B,109,12.172867532467532,1.0,2,4,2,2-4-2
RAB5C,357,11.565123376623376,1.0,4,4,2,4-4-2
RAB6A,186,11.886874025974027,1.0,3,4,2,3-4-2
RAB6B,71,7.079690909090911,0.7792207792207793,1,0,0,1-0-0
RAB7A,383,12.591403896103893,1.0,4,4,2,4-4-2
RAB8A,321,10.950640259740256,1.0,4,4,2,4-4-2
RAB8B,64,9.13164935064935,1.0,1,1,2,1-1-2
RAB9A,149,8.945305194805197,1.0,3,1,2,3-1-2
RABAC1,69,10.318709090909095,1.0,1,3,2,1-3-2
RABEP1,154,11.55180909090909,1.0,3,4,2,3-4-2
RABEP2,49,8.933396103896106,1.0,1,1,2,1-1-2
RABEPK,24,8.899351948051946,1.0,0,1,2,0-1-2
RABGAP1,76,10.614744155844157,1.0,1,3,2,1-3-2
RABGAP1L,54,8.220446753246753,1.0,1,1,2,1-1-2
RABGGTA,45,8.868298701298702,1.0,0,1,2,0-1-2
RABGGTB,64,9.88365844155844,1.0,1,2,2,1-2-2
RABIF,42,8.999100000000002,1.0,0,1,2,0-1-2
RABL2B,29,8.648579220779219,1.0,0,1,2,0-1-2
RABL3,89,9.332609090909093,1.0,2,2,2,2-2-2
RAC1,1348,12.581074025974022,1.0,4,4,2,4-4-2
RAC2,173,9.286541558441554,1.0,3,2,2,3-2-2
RAC3,78,8.192205194805192,0.948051948051948,2,1,0,2-1-0
RACGAP1,284,10.130754545454545,1.0,4,3,2,4-3-2
RAD1,132,9.473053246753247,1.0,3,2,2,3-2-2
RAD17,153,9.28980779220779,1.0,3,2,2,3-2-2
RAD18,295,8.503563636363637,0.935064935064935,4,1,0,4-1-0
RAD21,348,13.19814935064935,1.0,4,4,2,4-4-2
RAD23A,256,11.349698701298703,1.0,4,4,2,4-4-2
RAD23B,312,12.31128961038961,1.0,4,4,2,4-4-2
RAD50,720,10.539964935064932,1.0,4,3,2,4-3-2
RAD51,1738,7.651835064935069,0.8051948051948052,4,0,0,4-0-0
RAD51AP1,84,7.938062337662339,0.6753246753246753,2,0,0,2-0-0
RAD51C,256,8.478472727272731,0.5844155844155844,4,1,0,4-1-0
RAD54B,84,7.580671428571428,0.5974025974025974,2,0,0,2-0-0
RAD54L2,72,7.533929870129869,0.9090909090909092,1,0,0,1-0-0
RAD9A,151,8.036253246753251,1.0,3,0,2,3-0-2
RAE1,191,9.928696103896103,1.0,3,2,2,3-2-2
RAF1,713,11.051400000000001,1.0,4,4,2,4-4-2
RAI1,151,9.988112987012988,1.0,3,2,2,3-2-2
RAI14,166,10.35174805194805,1.0,3,3,2,3-3-2
RALA,271,10.554824675324678,1.0,4,3,2,4-3-2
RALB,123,10.388664935064938,1.0,2,3,2,2-3-2
RALBP1,138,10.935801298701302,1.0,3,4,2,3-4-2
RALGAPA1,67,9.22229220779221,1.0,1,2,2,1-2-2
RALGAPA2,48,8.72342727272727,1.0,1,1,2,1-1-2
RALGAPB,57,11.345553246753244,1.0,1,4,2,1-4-2
RALGPS2,31,9.660681818181821,1.0,0,2,2,0-2-2
RALY,237,11.551285714285719,1.0,3,4,2,3-4-2
RAN,650,12.124251948051949,1.0,4,4,2,4-4-2
RANBP1,175,9.985372727272726,1.0,3,2,2,3-2-2
RANBP10,68,9.350168831168832,1.0,1,2,2,1-2-2
RANBP2,391,11.691575324675322,1.0,4,4,2,4-4-2
RANBP3,86,10.242967532467532,1.0,2,3,2,2-3-2
RANBP6,52,9.290025974025975,1.0,1,2,2,1-2-2
RANBP9,191,10.444583116883118,1.0,3,3,2,3-3-2
RANGAP1,356,11.351528571428572,1.0,4,4,2,4-4-2
RANGRF,33,8.130277922077923,1.0,0,0,2,0-0-2
RAP1A,323,10.145157142857142,1.0,4,3,2,4-3-2
RAP1B,249,11.026440259740259,1.0,4,4,2,4-4-2
RAP1GAP,118,8.75656883116883,0.974025974025974,2,1,0,2-1-0
RAP1GAP2,27,8.707266233766234,0.987012987012987,0,1,0,0-1-0
RAP1GDS1,114,10.119762337662337,1.0,2,3,2,2-3-2
RAP2B,106,9.737593506493505,1.0,2,2,2,2-2-2
RAP2C,65,10.234646753246754,1.0,1,3,2,1-3-2
RAPGEF1,112,10.703789610389611,1.0,2,3,2,2-3-2
RAPGEF2,86,9.330388311688312,1.0,2,2,2,2-2-2
RAPGEF4,135,7.098511688311689,0.6883116883116883,3,0,0,3-0-0
RAPGEF6,84,8.473790909090916,1.0,2,1,2,2-1-2
RAPH1,98,10.551636363636366,1.0,2,3,2,2-3-2
RARA,1377,10.93908831168831,1.0,4,4,2,4-4-2
RARRES1,77,8.500310389610389,1.0,1,1,2,1-1-2
RARRES2,608,9.133007792207788,1.0,4,1,2,4-1-2
RARS2,72,9.387596103896103,1.0,1,2,2,1-2-2
RASA1,272,10.000007792207795,1.0,4,3,2,4-3-2
RASA2,49,7.095210389610391,1.0,1,0,2,1-0-2
RASA3,47,8.913170129870126,1.0,1,1,2,1-1-2
RASA4,28,7.568342857142855,1.0,0,0,2,0-0-2
RASAL1,50,4.829228571428572,0.961038961038961,1,0,0,1-0-0
RASAL2,115,9.70704155844156,1.0,2,2,2,2-2-2
RASAL3,15,7.091442857142858,1.0,0,0,2,0-0-2
RASEF,30,8.22385974025974,0.935064935064935,0,1,0,0-1-0
RASGRF2,54,6.595867532467533,0.8571428571428571,1,0,0,1-0-0
RASGRP2,86,5.240650649350652,0.7402597402597403,2,0,0,2-0-0
RASIP1,35,7.349472727272724,1.0,0,0,2,0-0-2
RASL12,12,6.960759740259741,0.6883116883116883,0,0,0,0-0-0
RASSF1,1081,8.949150649350647,0.974025974025974,4,1,0,4-1-0
RASSF2,101,9.052450649350648,1.0,2,1,2,2-1-2
RASSF3,30,8.2494,0.6493506493506493,0,1,0,0-1-0
RASSF4,30,8.98792077922078,0.7922077922077922,0,1,0,0-1-0
RASSF5,91,8.919145454545461,1.0,2,1,2,2-1-2
RASSF7,48,8.640248051948053,0.7012987012987013,1,1,0,1-1-0
RASSF8,70,8.481074025974028,0.8701298701298701,1,1,0,1-1-0
RAVER1,124,10.546084415584415,1.0,2,3,2,2-3-2
RAVER2,29,8.31220779220779,1.0,0,1,2,0-1-2
RB1,1895,10.048112987012988,1.0,4,3,2,4-3-2
RB1CC1,229,10.885899999999998,1.0,3,4,2,3-4-2
RBAK,31,9.250722077922074,0.6493506493506493,0,2,0,0-2-0
RBBP4,500,12.233109090909084,1.0,4,4,2,4-4-2
RBBP5,209,9.572733766233766,1.0,3,2,2,3-2-2
RBBP6,183,10.698279220779218,1.0,3,3,2,3-3-2
RBBP7,370,11.936064935064934,1.0,4,4,2,4-4-2
RBBP8,335,10.077084415584418,0.935064935064935,4,3,0,4-3-0
RBBP9,33,9.676607792207793,1.0,0,2,2,0-2-2
RBCK1,209,10.572829870129874,1.0,3,3,2,3-3-2
RBKS,20,6.641507792207793,1.0,0,0,2,0-0-2
RBL1,325,7.95785454545454,0.5974025974025974,4,0,0,4-0-0
RBL2,387,10.692944155844161,1.0,4,3,2,4-3-2
RBM10,303,10.38077012987013,1.0,4,3,2,4-3-2
RBM12,86,11.065806493506498,1.0,2,4,2,2-4-2
RBM12B,63,9.140567532467534,1.0,1,1,2,1-1-2
RBM14,296,10.184744155844154,1.0,4,3,2,4-3-2
RBM15,206,7.527663636363638,1.0,3,0,2,3-0-2
RBM15B,75,10.925184415584415,1.0,1,4,2,1-4-2
RBM17,170,10.600711688311693,1.0,3,3,2,3-3-2
RBM18,16,9.647351948051949,0.974025974025974,0,2,0,0-2-0
RBM19,78,9.173214285714286,1.0,2,1,2,2-1-2
RBM22,122,10.059558441558442,1.0,2,3,2,2-3-2
RBM23,48,10.378194805194804,0.8571428571428571,1,3,0,1-3-0
RBM25,190,10.930754545454548,1.0,3,4,2,3-4-2
RBM26,105,9.703119480519476,1.0,2,2,2,2-2-2
RBM27,121,9.991529870129872,1.0,2,2,2,2-2-2
RBM28,163,8.878590909090908,1.0,3,1,2,3-1-2
RBM3,181,12.168248051948053,1.0,3,4,2,3-4-2
RBM33,90,9.773444155844157,1.0,2,2,2,2-2-2
RBM34,114,9.844070129870126,1.0,2,2,2,2-2-2
RBM38,92,9.334001298701297,1.0,2,2,2,2-2-2
RBM39,317,12.086672727272727,1.0,4,4,2,4-4-2
RBM4,197,11.258436363636363,0.961038961038961,3,4,0,3-4-0
RBM41,24,7.312163636363636,0.6623376623376623,0,0,0,0-0-0
RBM42,75,10.091406493506492,1.0,1,3,2,1-3-2
RBM45,69,7.6010168831168805,1.0,1,0,2,1-0-2
RBM47,73,11.275968831168832,1.0,1,4,2,1-4-2
RBM4B,76,8.348344155844158,1.0,1,1,2,1-1-2
RBM5,186,10.577648051948051,1.0,3,3,2,3-3-2
RBM6,106,10.07458961038961,1.0,2,3,2,2-3-2
RBM7,94,8.529592207792208,1.0,2,1,2,2-1-2
RBM8A,255,11.330263636363636,1.0,4,4,2,4-4-2
RBMS1,115,9.940251948051948,1.0,2,2,2,2-2-2
RBMS2,50,9.45173636363636,1.0,1,2,2,1-2-2
RBMS3,53,4.690796103896106,0.7402597402597403,1,0,0,1-0-0
RBMX,347,11.938445454545452,1.0,4,4,2,4-4-2
RBMX2,64,8.857422077922081,1.0,1,1,2,1-1-2
RBMXL1,64,9.19884935064935,1.0,1,2,2,1-2-2
RBP1,93,8.7265987012987,1.0,2,1,2,2-1-2
RBP4,398,4.805294805194807,1.0,4,0,2,4-0-2
RBP5,16,5.77612987012987,0.922077922077922,0,0,0,0-0-0
RBP7,19,6.899896103896102,1.0,0,0,2,0-0-2
RBPJ,457,9.363518181818183,1.0,4,2,2,4-2-2
RBPMS,88,9.825892207792208,1.0,2,2,2,2-2-2
RBX1,830,9.889385714285716,1.0,4,2,2,4-2-2
RC3H1,83,9.601703896103896,1.0,2,2,2,2-2-2
RC3H2,55,8.835677922077924,0.935064935064935,1,1,0,1-1-0
RCAN1,283,9.788792207792206,0.8441558441558441,4,2,0,4-2-0
RCAN3,35,7.2120272727272745,0.8181818181818182,0,0,0,0-0-0
RCBTB2,34,7.707310389610391,0.8571428571428571,0,0,0,0-0-0
RCC1,335,9.942894805194804,1.0,4,2,2,4-2-2
RCC2,222,12.31291948051948,1.0,3,4,2,3-4-2
RCCD1,24,7.659340259740259,1.0,0,0,2,0-0-2
RCHY1,117,8.818197402597402,1.0,2,1,2,2-1-2
RCL1,99,8.464724675324677,1.0,2,1,2,2-1-2
RCN1,159,11.160737662337663,1.0,3,4,2,3-4-2
RCN2,213,10.26508051948052,1.0,3,3,2,3-3-2
RCN3,30,9.28615324675325,1.0,0,2,2,0-2-2
RCOR1,254,10.119393506493509,1.0,4,3,2,4-3-2
RCOR2,34,5.77643896103896,0.6493506493506493,0,0,0,0-0-0
RCOR3,75,10.112835064935062,1.0,1,3,2,1-3-2
RCSD1,24,8.146476623376627,1.0,0,0,2,0-0-2
RDH10,45,9.195194805194804,1.0,0,1,2,0-1-2
RDH11,95,10.834054545454544,1.0,2,3,2,2-3-2
RDH13,48,7.895707792207792,1.0,1,0,2,1-0-2
RDH14,45,8.792479220779224,1.0,0,1,2,0-1-2
RDH16,10,4.722470129870129,0.6493506493506493,0,0,0,0-0-0
RDX,222,10.179084415584422,1.0,3,3,2,3-3-2
RECK,326,7.8148415584415565,0.7012987012987013,4,0,0,4-0-0
RECQL,288,9.806235064935064,1.0,4,2,2,4-2-2
RECQL5,138,9.087627272727273,1.0,3,1,2,3-1-2
REEP3,42,9.439925974025973,1.0,0,2,2,0-2-2
REEP4,59,8.967623376623376,1.0,1,1,2,1-1-2
REEP5,89,12.240309090909092,1.0,2,4,2,2-4-2
REEP6,57,9.166840259740262,1.0,1,1,2,1-1-2
REL,241,6.862480519480517,1.0,3,0,2,3-0-2
RELA,2840,11.02987402597403,1.0,4,4,2,4-4-2
RELB,499,8.531871428571428,1.0,4,1,2,4-1-2
RELL1,43,9.279746753246753,1.0,0,2,2,0-2-2
REM1,14,4.165709090909092,0.8441558441558441,0,0,0,0-0-0
REM2,25,4.255503896103896,0.5844155844155844,0,0,0,0-0-0
RENBP,63,7.008187012987012,1.0,1,0,2,1-0-2
REPIN1,99,11.09233506493506,1.0,2,4,2,2-4-2
REPS1,78,9.833535064935065,1.0,2,2,2,2-2-2
REPS2,49,9.853799999999996,1.0,1,2,2,1-2-2
RER1,80,11.216458441558444,1.0,2,4,2,2-4-2
RERE,87,11.348036363636366,1.0,2,4,2,2-4-2
RERG,26,9.198520779220779,1.0,0,2,2,0-2-2
REST,277,8.609436363636362,0.8961038961038961,4,1,0,4-1-0
RETN,1156,0.8321350649350651,1.0,4,0,2,4-0-2
RETSAT,50,10.964598701298705,1.0,1,4,2,1-4-2
REXO1,30,9.08932857142857,0.8571428571428571,0,1,0,0-1-0
REXO2,42,9.322946753246754,1.0,0,2,2,0-2-2
REXO4,83,9.116836363636363,1.0,2,1,2,2-1-2
RFC1,258,10.441328571428572,1.0,4,3,2,4-3-2
RFC2,204,9.596798701298706,1.0,3,2,2,3-2-2
RFC3,233,8.742219480519482,1.0,3,1,2,3-1-2
RFC4,249,8.781559740259743,1.0,4,1,2,4-1-2
RFC5,218,8.691523376623376,1.0,3,1,2,3-1-2
RFESD,9,4.733359740259739,0.7532467532467533,0,0,0,0-0-0
RFFL,41,9.564096103896107,0.9090909090909092,0,2,0,0-2-0
RFK,26,8.931120779220779,1.0,0,1,2,0-1-2
RFT1,52,8.973048051948052,0.7532467532467533,1,1,0,1-1-0
RFTN1,54,9.3417025974026,1.0,1,2,2,1-2-2
RFX1,134,8.579893506493507,1.0,3,1,2,3-1-2
RFX3,59,5.871358441558441,0.8961038961038961,1,0,0,1-0-0
RFX5,131,10.473238961038955,1.0,3,3,2,3-3-2
RFXANK,67,9.684333766233765,1.0,1,2,2,1-2-2
RFXAP,55,6.313935064935066,0.987012987012987,1,0,0,1-0-0
RGL2,36,10.837518181818185,1.0,0,3,2,0-3-2
RGN,113,3.892812987012988,0.9090909090909092,2,0,0,2-0-0
RGP1,25,7.089399999999997,0.9090909090909092,0,0,0,0-0-0
RGS10,62,9.58707012987013,1.0,1,2,2,1-2-2
RGS12,64,9.152961038961038,0.9090909090909092,1,1,0,1-1-0
RGS14,76,8.128036363636364,1.0,1,0,2,1-0-2
RGS19,49,8.370949350649349,0.8831168831168831,1,1,0,1-1-0
RGS3,101,9.952750649350651,1.0,2,2,2,2-2-2
RHBDD1,63,8.389138961038965,0.5974025974025974,1,1,0,1-1-0
RHBDD2,70,10.85126493506493,0.7792207792207793,1,3,0,1-3-0
RHBDD3,40,8.261268831168834,0.7792207792207793,0,1,0,0-1-0
RHBDF1,48,9.722901298701299,0.987012987012987,1,2,0,1-2-0
RHBDF2,84,9.303649350649351,1.0,2,2,2,2-2-2
RHEB,202,10.21626753246753,1.0,3,3,2,3-3-2
RHOA,2138,13.446592207792207,1.0,4,4,2,4-4-2
RHOB,193,12.697540259740261,1.0,3,4,2,3-4-2
RHOC,380,12.370238961038961,1.0,4,4,2,4-4-2
RHOF,45,6.980379220779222,0.5714285714285714,0,0,0,0-0-0
RHOG,148,9.902866233766229,1.0,3,2,2,3-2-2
RHOH,71,8.025927272727271,0.5064935064935064,1,0,0,1-0-0
RHOT1,150,9.817753246753245,1.0,3,2,2,3-2-2
RHOT2,125,10.186949350649352,1.0,2,3,2,2-3-2
RHPN2,51,9.36724935064935,1.0,1,2,2,1-2-2
RIC8A,92,10.913024675324676,1.0,2,4,2,2-4-2
RIC8B,30,8.518090909090912,0.8051948051948052,0,1,0,0-1-0
RICTOR,415,9.597812987012986,1.0,4,2,2,4-2-2
RIF1,224,9.877342857142853,1.0,3,2,2,3-2-2
RILP,61,6.289880519480518,0.6493506493506493,1,0,0,1-0-0
RILPL1,27,7.762775324675328,1.0,0,0,2,0-0-2
RILPL2,22,8.392420779220778,0.974025974025974,0,1,0,0-1-0
RIN1,101,6.694194805194805,0.922077922077922,2,0,0,2-0-0
RIN2,47,10.696576623376622,1.0,1,3,2,1-3-2
RIN3,34,8.601780519480524,1.0,0,1,2,0-1-2
RING1,213,9.430266233766234,1.0,3,2,2,3-2-2
RINL,13,7.43077142857143,0.5064935064935064,0,0,0,0-0-0
RINT1,95,8.920244155844154,1.0,2,1,2,2-1-2
RIOK1,120,9.00534805194805,1.0,2,1,2,2-1-2
RIOK2,83,9.056441558441557,1.0,2,1,2,2-1-2
RIOK3,61,10.287694805194803,1.0,1,3,2,1-3-2
RIPK1,1090,10.044672727272728,1.0,4,3,2,4-3-2
RIPK2,335,9.473249350649352,1.0,4,2,2,4-2-2
RIPK3,721,6.968171428571429,1.0,4,0,2,4-0-2
RIT1,65,9.685300000000003,1.0,1,2,2,1-2-2
RLF,52,9.33302987012987,0.922077922077922,1,2,0,1-2-0
RLIM,98,10.695529870129869,0.8051948051948052,2,3,0,2-3-0
RMI1,104,8.866084415584416,0.8701298701298701,2,1,0,2-1-0
RMND1,61,9.380641558441559,1.0,1,2,2,1-2-2
RMND5A,57,10.845858441558446,1.0,1,3,2,1-3-2
RNASE1,72,10.685285714285712,1.0,1,3,2,1-3-2
RNASE2,88,3.4961948051948064,0.7142857142857143,2,0,0,2-0-0
RNASE3,255,0.46112987012987,0.974025974025974,4,0,0,4-0-0
RNASE4,26,9.816516883116883,1.0,0,2,2,0-2-2
RNASE6,18,7.8537909090909075,0.8701298701298701,0,0,0,0-0-0
RNASEH1,70,8.104627272727276,0.8441558441558441,1,0,0,1-0-0
RNASEH2A,64,9.42890649350649,1.0,1,2,2,1-2-2
RNASEH2B,51,8.571606493506494,1.0,1,1,2,1-1-2
RNASEH2C,36,8.973045454545451,1.0,0,1,2,0-1-2
RNASEL,164,8.488888311688308,1.0,3,1,2,3-1-2
RNASET2,97,10.20160649350649,1.0,2,3,2,2-3-2
RND3,143,9.302497402597401,0.961038961038961,3,2,0,3-2-0
RNF10,67,11.844314285714287,0.8571428571428571,1,4,0,1-4-0
RNF11,81,11.071722077922079,0.8311688311688312,2,4,0,2-4-0
RNF113A,61,8.120933766233767,1.0,1,0,2,1-0-2
RNF114,97,10.993516883116893,1.0,2,4,2,2-4-2
RNF115,69,9.241846753246751,0.8701298701298701,1,2,0,1-2-0
RNF121,29,8.988727272727273,0.8571428571428571,0,1,0,0-1-0
RNF123,84,9.423983116883116,1.0,2,2,2,2-2-2
RNF126,105,8.665022077922078,1.0,2,1,2,2-1-2
RNF135,69,9.206384415584413,1.0,1,2,2,1-2-2
RNF138,72,9.007549350649354,0.8571428571428571,1,1,0,1-1-0
RNF14,67,10.414111688311685,1.0,1,3,2,1-3-2
RNF141,16,10.13345064935065,0.8961038961038961,0,3,0,0-3-0
RNF146,70,9.366587012987015,1.0,1,2,2,1-2-2
RNF149,38,10.103951948051954,0.6363636363636364,0,3,0,0-3-0
RNF166,32,7.587449350649346,0.8831168831168831,0,0,0,0-0-0
RNF167,42,11.056601298701299,0.8051948051948052,0,4,0,0-4-0
RNF168,201,7.7653181818181825,0.8441558441558441,3,0,0,3-0-0
RNF169,67,9.418528571428572,1.0,1,2,2,1-2-2
RNF170,45,8.716737662337668,0.6623376623376623,0,1,0,0-1-0
RNF181,34,10.073164935064934,1.0,0,3,2,0-3-2
RNF185,57,10.15658051948052,0.8961038961038961,1,3,0,1-3-0
RNF2,325,9.21347792207792,1.0,4,2,2,4-2-2
RNF20,222,10.550619480519481,1.0,3,3,2,3-3-2
RNF213,420,12.446019480519478,1.0,4,4,2,4-4-2
RNF214,39,8.22781818181818,1.0,0,1,2,0-1-2
RNF216,97,10.157722077922074,0.8701298701298701,2,3,0,2-3-0
RNF220,58,10.157094805194802,1.0,1,3,2,1-3-2
RNF25,57,8.54237012987013,1.0,1,1,2,1-1-2
RNF31,239,9.951792207792206,1.0,3,2,2,3-2-2
RNF34,67,9.44202987012987,0.974025974025974,1,2,0,1-2-0
RNF4,191,10.612055844155842,0.6883116883116883,3,3,0,3-3-0
RNF40,166,11.568616883116883,1.0,3,4,2,3-4-2
RNF41,116,9.910794805194806,1.0,2,2,2,2-2-2
RNF5,107,9.768976623376622,0.8961038961038961,2,2,0,2-2-0
RNF7,179,10.197515584415582,1.0,3,3,2,3-3-2
RNGTT,82,8.82107922077922,1.0,2,1,2,2-1-2
RNH1,215,11.173889610389608,1.0,3,4,2,3-4-2
RNLS,92,6.37133896103896,0.974025974025974,2,0,0,2-0-0
RNMT,87,9.959120779220777,1.0,2,2,2,2-2-2
RNPC3,51,7.2737285714285695,1.0,1,0,2,1-0-2
RNPEP,72,11.333827272727268,1.0,1,4,2,1-4-2
RNPS1,183,11.54501688311688,1.0,3,4,2,3-4-2
ROBO1,205,9.241119480519481,1.0,3,2,2,3-2-2
ROCK1,1091,10.59957922077922,1.0,4,3,2,4-3-2
ROCK2,568,9.774761038961039,1.0,4,2,2,4-2-2
ROGDI,43,9.395615584415584,1.0,0,2,2,0-2-2
ROMO1,89,9.371945454545452,1.0,2,2,2,2-2-2
RP2,168,8.764651948051949,1.0,3,1,2,3-1-2
RP9,57,7.240006493506495,0.935064935064935,1,0,0,1-0-0
RPA1,546,11.1167,1.0,4,4,2,4-4-2
RPA2,312,9.89313246753247,1.0,4,2,2,4-2-2
RPA3,197,8.47434935064935,1.0,3,1,2,3-1-2
RPAIN,31,8.86774285714286,0.922077922077922,0,1,0,0-1-0
RPAP1,65,9.136201298701298,1.0,1,1,2,1-1-2
RPAP2,75,8.103290909090909,1.0,1,0,2,1-0-2
RPAP3,150,9.44325064935065,1.0,3,2,2,3-2-2
RPE,33,9.609854545454542,1.0,0,2,2,0-2-2
RPF1,50,9.477027272727273,0.8831168831168831,1,2,0,1-2-0
RPF2,123,8.68024935064935,0.974025974025974,2,1,0,2-1-0
RPGRIP1L,98,7.89571818181818,0.5714285714285714,2,0,0,2-0-0
RPIA,53,8.792132467532465,1.0,1,1,2,1-1-2
RPL10,329,13.771683116883112,1.0,4,4,2,4-4-2
RPL10A,303,13.230764935064933,1.0,4,4,2,4-4-2
RPL11,383,13.543484415584418,1.0,4,4,2,4-4-2
RPL12,309,13.231885714285715,1.0,4,4,2,4-4-2
RPL13,318,13.580438961038961,1.0,4,4,2,4-4-2
RPL13A,301,13.735290909090907,1.0,4,4,2,4-4-2
RPL14,313,12.81552857142857,1.0,4,4,2,4-4-2
RPL17,267,12.186176623376625,1.0,4,4,2,4-4-2
RPL18,308,13.44906103896104,1.0,4,4,2,4-4-2
RPL18A,264,10.757927272727272,1.0,4,3,2,4-3-2
RPL19,299,14.308836363636365,1.0,4,4,2,4-4-2
RPL21,248,2.0678610389610395,1.0,4,0,2,4-0-2
RPL22,438,12.61042857142857,1.0,4,4,2,4-4-2
RPL22L1,82,8.934375324675324,1.0,2,1,2,2-1-2
RPL23,325,13.233984415584416,1.0,4,4,2,4-4-2
RPL23A,292,12.108709090909093,1.0,4,4,2,4-4-2
RPL24,279,12.95908311688312,1.0,4,4,2,4-4-2
RPL26,254,12.950719480519481,1.0,4,4,2,4-4-2
RPL26L1,104,8.163380519480517,0.987012987012987,2,1,0,2-1-0
RPL27,287,12.740861038961036,1.0,4,4,2,4-4-2
RPL27A,276,13.310042857142859,1.0,4,4,2,4-4-2
RPL28,283,13.304805194805198,1.0,4,4,2,4-4-2
RPL3,432,14.84986493506493,1.0,4,4,2,4-4-2
RPL30,263,13.844167532467536,1.0,4,4,2,4-4-2
RPL31,263,13.296281818181818,1.0,4,4,2,4-4-2
RPL32,202,13.733315584415582,1.0,3,4,2,3-4-2
RPL35,240,12.49157012987013,1.0,3,4,2,3-4-2
RPL35A,242,13.045248051948052,1.0,3,4,2,3-4-2
RPL36,240,12.67937922077922,1.0,3,4,2,3-4-2
RPL36A,154,6.03014025974026,0.922077922077922,3,0,0,3-0-0
RPL36AL,109,11.328371428571426,1.0,2,4,2,2-4-2
RPL37,88,13.248493506493505,0.8961038961038961,2,4,0,2-4-0
RPL37A,185,13.315559740259744,1.0,3,4,2,3-4-2
RPL38,215,12.507537662337667,1.0,3,4,2,3-4-2
RPL39,77,8.901672727272727,1.0,1,1,2,1-1-2
RPL4,380,14.306870129870125,1.0,4,4,2,4-4-2
RPL5,392,13.795312987012988,1.0,4,4,2,4-4-2
RPL6,353,12.895225974025971,1.0,4,4,2,4-4-2
RPL7,382,10.645929870129873,1.0,4,3,2,4-3-2
RPL7A,375,13.766954545454544,1.0,4,4,2,4-4-2
RPL7L1,103,10.186446753246752,1.0,2,3,2,2-3-2
RPL8,311,14.695592207792213,1.0,4,4,2,4-4-2
RPL9,268,9.177340259740257,1.0,4,1,2,4-1-2
RPLP0,369,14.40701948051948,1.0,4,4,2,4-4-2
RPLP1,206,14.312401298701296,1.0,3,4,2,3-4-2
RPLP2,279,13.027483116883122,1.0,4,4,2,4-4-2
RPN1,344,12.956463636363635,1.0,4,4,2,4-4-2
RPN2,288,13.417646753246752,1.0,4,4,2,4-4-2
RPP14,168,8.828866233766234,0.974025974025974,3,1,0,3-1-0
RPP21,22,8.283993506493507,0.974025974025974,0,1,0,0-1-0
RPP25,41,8.027376623376623,1.0,0,0,2,0-0-2
RPP30,124,8.762101298701296,1.0,2,1,2,2-1-2
RPP38,73,8.464736363636364,1.0,1,1,2,1-1-2
RPP40,43,7.162318181818183,1.0,0,0,2,0-0-2
RPRD1A,64,10.426194805194804,1.0,1,3,2,1-3-2
RPRD1B,120,9.91537922077922,1.0,2,2,2,2-2-2
RPRD2,101,11.011933766233769,1.0,2,4,2,2-4-2
RPS10,271,12.418741558441559,1.0,4,4,2,4-4-2
RPS11,312,14.259305194805195,1.0,4,4,2,4-4-2
RPS12,238,13.691989610389605,1.0,3,4,2,3-4-2
RPS13,318,12.562877922077924,1.0,4,4,2,4-4-2
RPS14,341,13.37502077922078,1.0,4,4,2,4-4-2
RPS15,224,11.56913766233766,1.0,3,4,2,3-4-2
RPS15A,292,13.275444155844157,1.0,4,4,2,4-4-2
RPS16,314,13.282962337662337,1.0,4,4,2,4-4-2
RPS17,257,13.26426233766234,1.0,4,4,2,4-4-2
RPS18,312,14.637448051948049,1.0,4,4,2,4-4-2
RPS19,353,13.458694805194806,1.0,4,4,2,4-4-2
RPS19BP1,67,9.591292207792206,0.935064935064935,1,2,0,1-2-0
RPS2,370,13.785287012987014,1.0,4,4,2,4-4-2
RPS20,297,13.71290779220779,1.0,4,4,2,4-4-2
RPS21,159,12.340361038961039,1.0,3,4,2,3-4-2
RPS23,252,13.32719220779221,1.0,4,4,2,4-4-2
RPS24,261,14.035857142857143,1.0,4,4,2,4-4-2
RPS25,299,12.726859740259744,1.0,4,4,2,4-4-2
RPS27A,333,12.915790909090907,1.0,4,4,2,4-4-2
RPS27L,135,9.6654974025974,1.0,3,2,2,3-2-2
RPS28,172,6.523155844155846,1.0,3,0,2,3-0-2
RPS29,132,12.274393506493508,1.0,3,4,2,3-4-2
RPS3,511,14.1314012987013,1.0,4,4,2,4-4-2
RPS3A,372,12.114711688311692,1.0,4,4,2,4-4-2
RPS4X,356,14.789289610389616,1.0,4,4,2,4-4-2
RPS5,293,13.238968831168828,1.0,4,4,2,4-4-2
RPS6,405,14.47734415584416,1.0,4,4,2,4-4-2
RPS6KA1,383,10.123251948051946,1.0,4,3,2,4-3-2
RPS6KA3,252,9.394172727272728,1.0,4,2,2,4-2-2
RPS6KA4,92,9.188774025974023,1.0,2,1,2,2-1-2
RPS6KA5,124,7.634301298701301,1.0,2,0,2,2-0-2
RPS6KB1,773,10.062288311688317,1.0,4,3,2,4-3-2
RPS6KB2,82,9.559450649350648,1.0,2,2,2,2-2-2
RPS6KC1,39,9.505935064935068,1.0,0,2,2,0-2-2
RPS7,321,12.264383116883117,1.0,4,4,2,4-4-2
RPS8,353,13.981706493506492,1.0,4,4,2,4-4-2
RPS9,316,13.174119480519481,1.0,4,4,2,4-4-2
RPTOR,463,9.849389610389613,1.0,4,2,2,4-2-2
RPUSD2,20,7.430444155844155,1.0,0,0,2,0-0-2
RPUSD3,47,8.905163636363636,1.0,1,1,2,1-1-2
RPUSD4,38,8.591657142857146,0.961038961038961,0,1,0,0-1-0
RRAGA,129,10.700066233766233,1.0,3,3,2,3-3-2
RRAGB,60,8.144224675324674,0.8831168831168831,1,0,0,1-0-0
RRAGC,123,8.53318051948052,1.0,2,1,2,2-1-2
RRAGD,55,7.896301298701298,0.8441558441558441,1,0,0,1-0-0
RRAS,143,9.05835454545455,1.0,3,1,2,3-1-2
RRAS2,133,7.659323376623375,1.0,3,0,2,3-0-2
RRBP1,234,12.569351948051947,1.0,3,4,2,3-4-2
RREB1,158,10.23655974025974,1.0,3,3,2,3-3-2
RRM1,441,11.071970129870135,1.0,4,4,2,4-4-2
RRM2,217,10.246737662337658,1.0,3,3,2,3-3-2
RRM2B,168,9.989068831168831,1.0,3,2,2,3-2-2
RRN3,69,10.723453246753245,0.922077922077922,1,3,0,1-3-0
RRP1,122,9.250344155844155,1.0,2,2,2,2-2-2
RRP12,181,10.012077922077923,1.0,3,3,2,3-3-2
RRP15,99,9.450553246753245,1.0,2,2,2,2-2-2
RRP1B,197,10.314387012987012,1.0,3,3,2,3-3-2
RRP7A,76,9.401497402597402,1.0,1,2,2,1-2-2
RRP8,79,8.09751168831169,1.0,2,0,2,2-0-2
RRP9,108,8.455458441558442,1.0,2,1,2,2-1-2
RRS1,151,9.294193506493505,1.0,3,2,2,3-2-2
RSAD1,18,9.599307792207789,0.8701298701298701,0,2,0,0-2-0
RSAD2,158,8.984935064935067,0.5714285714285714,3,1,0,3-1-0
RSBN1,48,9.123967532467535,1.0,1,1,2,1-1-2
RSBN1L,65,8.910694805194806,1.0,1,1,2,1-1-2
RSF1,165,9.903302597402595,1.0,3,2,2,3-2-2
RSL1D1,247,12.144870129870128,1.0,3,4,2,3-4-2
RSL24D1,62,10.766399999999997,1.0,1,3,2,1-3-2
RSPH1,31,6.440518181818181,0.7142857142857143,0,0,0,0-0-0
RSPRY1,34,8.8258025974026,0.7402597402597403,0,1,0,0-1-0
RSRC1,70,8.060018181818181,1.0,1,0,2,1-0-2
RSRC2,56,10.510642857142857,1.0,1,3,2,1-3-2
RSU1,115,10.64762077922078,1.0,2,3,2,2-3-2
RTEL1,179,8.649496103896103,0.8961038961038961,3,1,0,3-1-0
RTF1,90,10.871512987012983,1.0,2,4,2,2-4-2
RTKN,99,9.814125974025972,1.0,2,2,2,2-2-2
RTN1,106,7.505755844155844,1.0,2,0,2,2-0-2
RTN2,34,8.070889610389607,0.961038961038961,0,0,0,0-0-0
RTN3,179,12.410459740259743,1.0,3,4,2,3-4-2
RTN4,578,12.51939350649351,1.0,4,4,2,4-4-2
RTN4IP1,52,7.510048051948056,1.0,1,0,2,1-0-2
RTP4,17,6.893916883116883,0.5714285714285714,0,0,0,0-0-0
RTTN,39,7.934497402597402,0.6623376623376623,0,0,0,0-0-0
RUFY1,73,10.138716883116883,1.0,1,3,2,1-3-2
RUFY2,35,8.122368831168837,1.0,0,0,2,0-0-2
RUFY3,51,9.448424675324679,1.0,1,2,2,1-2-2
RUNDC1,20,9.850577922077921,1.0,0,2,2,0-2-2
RUNX1,2044,11.61775974025974,1.0,4,4,2,4-4-2
RUNX2,1760,8.227440259740263,0.922077922077922,4,1,0,4-1-0
RUNX3,684,8.024940259740259,0.8441558441558441,4,0,0,4-0-0
RUSC1,40,10.366706493506491,1.0,0,3,2,0-3-2
RUVBL1,569,10.297754545454543,1.0,4,3,2,4-3-2
RUVBL2,559,10.878114285714288,1.0,4,4,2,4-4-2
RWDD1,31,9.824405194805195,1.0,0,2,2,0-2-2
RWDD2B,27,8.621733766233765,0.935064935064935,0,1,0,0-1-0
RXRA,554,10.767572727272722,1.0,4,3,2,4-3-2
RXRB,103,9.875462337662336,1.0,2,2,2,2-2-2
RYR2,395,3.8230038961038963,0.8571428571428571,4,0,0,4-0-0
RYR3,74,3.2209662337662346,0.7012987012987013,1,0,0,1-0-0
S100A1,132,8.480798701298705,1.0,3,1,2,3-1-2
S100A10,203,11.452325974025976,1.0,3,4,2,3-4-2
S100A11,262,13.238884415584417,1.0,4,4,2,4-4-2
S100A12,384,0.9682129870129869,1.0,4,0,2,4-0-2
S100A13,81,10.535320779220784,1.0,2,3,2,2-3-2
S100A14,83,10.841335064935066,1.0,2,3,2,2-3-2
S100A16,79,11.230341558441559,1.0,2,4,2,2-4-2
S100A2,184,5.134163636363635,0.948051948051948,3,0,0,3-0-0
S100A3,55,3.447067532467533,0.6623376623376623,1,0,0,1-0-0
S100A4,826,10.118166233766232,1.0,4,3,2,4-3-2
S100A6,353,12.232063636363637,1.0,4,4,2,4-4-2
S100A7,416,4.044561038961037,1.0,4,0,2,4-0-2
S100A8,679,6.6088376623376615,1.0,4,0,2,4-0-2
S100A9,896,8.463464935064938,1.0,4,1,2,4-1-2
S100B,1635,5.442872727272729,1.0,4,0,2,4-0-2
S100P,277,8.560106493506494,1.0,4,1,2,4-1-2
S100PBP,28,9.12737142857143,0.5324675324675324,0,1,0,0-1-0
SAAL1,47,7.68557272727273,0.987012987012987,1,0,0,1-0-0
SAC3D1,22,7.866464935064935,0.8961038961038961,0,0,0,0-0-0
SACM1L,101,9.842201298701301,1.0,2,2,2,2-2-2
SACS,187,8.420219480519481,0.8441558441558441,3,1,0,3-1-0
SAE1,182,11.208361038961039,1.0,3,4,2,3-4-2
SAFB,227,10.800692207792206,1.0,3,3,2,3-3-2
SAFB2,158,10.243972727272723,1.0,3,3,2,3-3-2
SALL2,76,8.531518181818182,0.6753246753246753,1,1,0,1-1-0
SAMD12,31,9.16478051948052,0.935064935064935,0,1,0,0-1-0
SAMD4A,54,7.858128571428571,0.987012987012987,1,0,0,1-0-0
SAMD4B,54,10.903245454545447,1.0,1,4,2,1-4-2
SAMD9,153,9.57733246753247,1.0,3,2,2,3-2-2
SAMD9L,65,9.78005324675325,1.0,1,2,2,1-2-2
SAMHD1,576,9.979735064935065,1.0,4,2,2,4-2-2
SAMM50,142,9.958224675324674,1.0,3,2,2,3-2-2
SAMSN1,34,7.26094935064935,1.0,0,0,2,0-0-2
SAP130,94,9.714281818181817,1.0,2,2,2,2-2-2
SAP18,169,11.152227272727272,1.0,3,4,2,3-4-2
SAP30,102,8.007345454545453,1.0,2,0,2,2-0-2
SAP30BP,118,10.167742857142859,1.0,2,3,2,2-3-2
SAP30L,39,9.839231168831173,1.0,0,2,2,0-2-2
SAR1A,182,11.452314285714284,1.0,3,4,2,3-4-2
SAR1B,121,9.37872857142857,1.0,2,2,2,2-2-2
SARDH,35,6.026866233766235,1.0,0,0,2,0-0-2
SARNP,119,9.749096103896106,1.0,2,2,2,2-2-2
SARS2,86,8.239972727272727,1.0,2,1,2,2-1-2
SART1,267,10.176370129870133,1.0,4,3,2,4-3-2
SART3,257,10.305441558441556,1.0,4,3,2,4-3-2
SASH1,113,10.114742857142856,1.0,2,3,2,2-3-2
SASH3,13,8.247432467532466,1.0,0,1,2,0-1-2
SASS6,91,7.738925974025972,0.7532467532467533,2,0,0,2-0-0
SAT2,30,8.806502597402595,0.974025974025974,0,1,0,0-1-0
SAV1,127,9.696699999999996,0.987012987012987,2,2,0,2-2-0
SBDS,210,10.627446753246753,1.0,3,3,2,3-3-2
SBF1,103,10.081458441558441,1.0,2,3,2,2-3-2
SBF2,68,9.509553246753244,1.0,1,2,2,1-2-2
SBNO1,62,9.357038961038963,1.0,1,2,2,1-2-2
SBNO2,32,10.585105194805198,0.6623376623376623,0,3,0,0-3-0
SCAF1,72,10.589333766233766,1.0,1,3,2,1-3-2
SCAI,51,8.137953246753248,1.0,1,0,2,1-0-2
SCAMP2,70,11.101251948051951,1.0,1,4,2,1-4-2
SCAMP3,148,10.965650649350652,1.0,3,4,2,3-4-2
SCAMP4,35,10.795741558441561,1.0,0,3,2,0-3-2
SCAND1,39,9.080723376623375,0.6363636363636364,0,1,0,0-1-0
SCAPER,58,8.058342857142858,0.948051948051948,1,0,0,1-0-0
SCARB1,880,10.441646753246753,0.948051948051948,4,3,0,4-3-0
SCARB2,261,12.769719480519482,1.0,4,4,2,4-4-2
SCARF1,39,7.136348051948055,0.5324675324675324,0,0,0,0-0-0
SCARF2,36,7.444353246753245,0.8181818181818182,0,0,0,0-0-0
SCCPDH,66,10.621320779220778,1.0,1,3,2,1-3-2
SCD,499,13.481325974025973,0.974025974025974,4,4,0,4-4-0
SCFD1,126,10.103162337662338,1.0,2,3,2,2-3-2
SCFD2,34,8.551746753246752,1.0,0,1,2,0-1-2
SCG2,69,4.969936363636363,0.6233766233766234,1,0,0,1-0-0
SCGB1D2,31,6.476831168831167,1.0,0,0,2,0-0-2
SCGB2A2,214,8.588922077922081,1.0,3,1,2,3-1-2
SCGN,62,1.768931168831169,1.0,1,0,2,1-0-2
SCHIP1,35,7.066276623376624,0.6233766233766234,0,0,0,0-0-0
SCIN,63,6.63885064935065,1.0,1,0,2,1-0-2
SCLT1,50,7.738432467532467,0.7792207792207793,1,0,0,1-0-0
SCLY,27,7.848770129870128,1.0,0,0,2,0-0-2
SCMH1,32,9.739387012987017,0.7272727272727273,0,2,0,0-2-0
SCML2,64,5.543500000000001,0.961038961038961,1,0,0,1-0-0
SCN7A,28,3.007322077922078,0.5974025974025974,0,0,0,0-0-0
SCNM1,36,9.223493506493506,0.5064935064935064,0,2,0,0-2-0
SCO1,114,8.686610389610385,1.0,2,1,2,2-1-2
SCO2,181,8.825793506493506,1.0,3,1,2,3-1-2
SCOC,44,10.665622077922071,1.0,0,3,2,0-3-2
SCP2,110,11.472612987012983,1.0,2,4,2,2-4-2
SCPEP1,70,10.86605064935065,1.0,1,3,2,1-3-2
SCRIB,349,10.683938961038962,1.0,4,3,2,4-3-2
SCRN1,59,10.682176623376622,1.0,1,3,2,1-3-2
SCRN2,20,8.295550649350654,1.0,0,1,2,0-1-2
SCRN3,21,8.40864935064935,1.0,0,1,2,0-1-2
SCUBE2,51,10.03760649350649,1.0,1,3,2,1-3-2
SCUBE3,48,5.992238961038964,0.8441558441558441,1,0,0,1-0-0
SCYL1,117,10.880044155844157,1.0,2,4,2,2-4-2
SCYL2,119,10.281715584415585,1.0,2,3,2,2-3-2
SCYL3,44,9.123961038961038,1.0,0,1,2,0-1-2
SDAD1,104,10.206681818181817,1.0,2,3,2,2-3-2
SDC1,1240,12.631537662337658,1.0,4,4,2,4-4-2
SDC2,286,10.742640259740263,0.8831168831168831,4,3,0,4-3-0
SDC4,352,12.486037662337662,1.0,4,4,2,4-4-2
SDCBP,269,11.778141558441558,1.0,4,4,2,4-4-2
SDCBP2,38,5.937911688311691,0.7272727272727273,0,0,0,0-0-0
SDCCAG8,61,9.136077922077916,1.0,1,1,2,1-1-2
SDF2,66,9.852276623376623,1.0,1,2,2,1-2-2
SDF2L1,87,8.42814025974026,1.0,2,1,2,2-1-2
SDF4,120,11.220615584415578,1.0,2,4,2,2-4-2
SDHA,357,11.230284415584414,1.0,4,4,2,4-4-2
SDHAF1,20,7.671755844155844,0.5714285714285714,0,0,0,0-0-0
SDHAF2,58,9.401962337662338,1.0,1,2,2,1-2-2
SDHB,657,10.222848051948054,1.0,4,3,2,4-3-2
SDHC,97,11.513727272727271,0.6363636363636364,2,4,0,2-4-0
SDR16C5,25,6.119036363636364,1.0,0,0,2,0-0-2
SDR39U1,25,8.947696103896105,1.0,0,1,2,0-1-2
SDS,22,7.417977922077924,1.0,0,0,2,0-0-2
SDSL,18,7.913611688311692,1.0,0,0,2,0-0-2
SEC11A,86,11.189854545454546,1.0,2,4,2,2-4-2
SEC11C,25,9.87271948051948,1.0,0,2,2,0-2-2
SEC13,188,11.149500000000002,1.0,3,4,2,3-4-2
SEC14L1,51,10.75691168831169,1.0,1,3,2,1-3-2
SEC14L2,72,9.62842597402597,1.0,1,2,2,1-2-2
SEC16A,246,12.251462337662337,1.0,3,4,2,3-4-2
SEC22A,40,8.534235064935062,0.7272727272727273,0,1,0,0-1-0
SEC23A,188,10.169761038961042,1.0,3,3,2,3-3-2
SEC23B,183,11.246946753246753,1.0,3,4,2,3-4-2
SEC23IP,119,10.492375324675324,1.0,2,3,2,2-3-2
SEC24A,112,9.967750649350652,1.0,2,2,2,2-2-2
SEC24B,125,10.191489610389608,1.0,2,3,2,2-3-2
SEC24C,162,11.666815584415586,1.0,3,4,2,3-4-2
SEC24D,72,11.033635064935064,1.0,1,4,2,1-4-2
SEC31A,189,12.421957142857146,1.0,3,4,2,3-4-2
SEC61A1,239,13.24673766233766,1.0,3,4,2,3-4-2
SEC61B,192,10.455815584415582,0.922077922077922,3,3,0,3-3-0
SEC62,104,11.82962337662338,1.0,2,4,2,2-4-2
SEC63,161,11.6820025974026,1.0,3,4,2,3-4-2
SECISBP2,113,9.97427922077922,0.987012987012987,2,2,0,2-2-0
SECISBP2L,42,10.116485714285714,1.0,0,3,2,0-3-2
SEH1L,113,9.867307792207797,1.0,2,2,2,2-2-2
SEL1L,226,11.78963896103896,1.0,3,4,2,3-4-2
SELENBP1,141,11.184351948051948,1.0,3,4,2,3-4-2
SELL,279,7.830262337662335,0.974025974025974,4,0,0,4-0-0
SELP,441,6.059903896103896,0.6753246753246753,4,0,0,4-0-0
SEMA3C,99,10.942312987012988,1.0,2,4,2,2-4-2
SEMA3F,125,10.692362337662333,0.961038961038961,2,3,0,2-3-0
SEMA4A,76,9.645274025974025,0.8441558441558441,1,2,0,1-2-0
SEMA4B,39,10.892059740259741,1.0,0,4,2,0-4-2
SEMA4C,86,10.003770129870134,0.7662337662337663,2,3,0,2-3-0
SEMA4D,352,9.450870129870133,0.974025974025974,4,2,0,4-2-0
SEMA7A,116,7.4491805194805165,0.7662337662337663,2,0,0,2-0-0
SENP1,328,9.165815584415585,1.0,4,1,2,4-1-2
SENP2,178,9.717376623376618,0.987012987012987,3,2,0,3-2-0
SENP6,90,10.722820779220777,0.961038961038961,2,3,0,2-3-0
SENP7,52,8.404657142857145,1.0,1,1,2,1-1-2
SENP8,63,5.595206493506493,1.0,1,0,2,1-0-2
SEPHS1,52,10.39995194805195,1.0,1,3,2,1-3-2
SEPHS2,37,11.522803896103895,1.0,0,4,2,0-4-2
SEPSECS,49,8.124381818181819,1.0,1,0,2,1-0-2
SERAC1,50,7.9602896103896095,0.8961038961038961,1,0,0,1-0-0
SERBP1,355,12.539757142857141,1.0,4,4,2,4-4-2
SERF2,43,12.896002597402601,0.974025974025974,0,4,0,0-4-0
SERGEF,20,7.942522077922075,1.0,0,0,2,0-0-2
SERINC1,42,12.377642857142854,0.961038961038961,0,4,0,0-4-0
SERINC3,57,11.308537662337663,0.6883116883116883,1,4,0,1-4-0
SERPINA1,1191,10.670227272727274,1.0,4,3,2,4-3-2
SERPINA10,77,0.8710415584415586,1.0,1,0,2,1-0-2
SERPINA3,314,13.14142727272728,1.0,4,4,2,4-4-2
SERPINA4,81,1.3855987012987019,1.0,2,0,2,2-0-2
SERPINA5,126,8.563016883116878,1.0,2,1,2,2-1-2
SERPINA6,138,3.9374,1.0,3,0,2,3-0-2
SERPINA7,75,0.07832207792207792,1.0,1,0,2,1-0-2
SERPINB1,152,9.808316883116882,1.0,3,2,2,3-2-2
SERPINB10,30,0.36944935064935064,1.0,0,0,2,0-0-2
SERPINB5,269,5.901364935064936,1.0,4,0,2,4-0-2
SERPINB6,77,10.7141948051948,1.0,1,3,2,1-3-2
SERPINB7,110,2.5615467532467533,0.7532467532467533,2,0,0,2-0-0
SERPINB8,49,7.563253246753247,1.0,1,0,2,1-0-2
SERPINB9,143,8.002427272727273,1.0,3,0,2,3-0-2
SERPINC1,398,1.4735220779220775,1.0,4,0,2,4-0-2
SERPIND1,83,0.8406467532467534,1.0,2,0,2,2-0-2
SERPINE1,2589,9.992025974025974,0.8961038961038961,4,2,0,4-2-0
SERPINE2,225,9.372903896103896,1.0,3,2,2,3-2-2
SERPINF1,347,11.406129870129872,1.0,4,4,2,4-4-2
SERPINF2,123,5.596331168831169,1.0,2,0,2,2-0-2
SERPING1,599,12.170945454545455,1.0,4,4,2,4-4-2
SERPINH1,418,12.211189610389612,1.0,4,4,2,4-4-2
SERPINI1,67,7.87103896103896,1.0,1,0,2,1-0-2
SESN1,84,8.827755844155844,0.7532467532467533,2,1,0,2-1-0
SESN3,64,6.457675324675325,0.7012987012987013,1,0,0,1-0-0
SESTD1,36,10.471350649350649,1.0,0,3,2,0-3-2
SET,519,12.880861038961037,1.0,4,4,2,4-4-2
SETD1A,207,9.880457142857143,1.0,3,2,2,3-2-2
SETD1B,84,9.87950909090909,0.935064935064935,2,2,0,2-2-0
SETD2,345,10.933828571428574,1.0,4,4,2,4-4-2
SETD3,76,10.421576623376627,1.0,1,3,2,1-3-2
SETD5,83,11.302823376623374,0.6363636363636364,2,4,0,2-4-0
SETD6,39,8.209031168831169,0.6753246753246753,0,1,0,0-1-0
SETD7,232,11.255968831168829,1.0,3,4,2,3-4-2
SETDB1,296,10.40808051948052,1.0,4,3,2,4-3-2
SETMAR,72,8.900275324675325,1.0,1,1,2,1-1-2
SETX,262,10.981175324675327,1.0,4,4,2,4-4-2
SEZ6L2,41,9.431690909090907,0.7272727272727273,0,2,0,0-2-0
SF1,216,12.097083116883114,1.0,3,4,2,3-4-2
SF3A1,240,11.555975324675325,1.0,3,4,2,3-4-2
SF3A2,161,10.111623376623378,1.0,3,3,2,3-3-2
SF3A3,200,10.836035064935068,1.0,3,3,2,3-3-2
SF3B1,551,12.78814025974026,1.0,4,4,2,4-4-2
SF3B2,325,12.313381818181819,1.0,4,4,2,4-4-2
SF3B3,324,11.968105194805194,1.0,4,4,2,4-4-2
SF3B4,256,11.326610389610389,1.0,4,4,2,4-4-2
SF3B5,106,10.29923116883117,1.0,2,3,2,2-3-2
SFMBT1,53,8.532483116883116,0.6103896103896104,1,1,0,1-1-0
SFN,345,9.279672727272724,1.0,4,2,2,4-2-2
SFPQ,476,12.387494805194807,1.0,4,4,2,4-4-2
SFRP1,428,9.088972727272727,1.0,4,1,2,4-1-2
SFRP2,273,12.290620779220781,1.0,4,4,2,4-4-2
SFRP4,216,10.189216883116885,1.0,3,3,2,3-3-2
SFT2D3,15,8.303644155844157,0.922077922077922,0,1,0,0-1-0
SFXN1,180,9.489093506493504,1.0,3,2,2,3-2-2
SFXN2,54,8.78182077922078,1.0,1,1,2,1-1-2
SFXN3,85,9.944603896103896,1.0,2,2,2,2-2-2
SFXN4,77,8.714107792207791,1.0,1,1,2,1-1-2
SFXN5,20,8.687942857142858,1.0,0,1,2,0-1-2
SGCB,66,9.646884415584415,0.7662337662337663,1,2,0,1-2-0
SGCD,65,7.688262337662338,1.0,1,0,2,1-0-2
SGCE,158,8.739076623376624,0.974025974025974,3,1,0,3-1-0
SGK3,101,9.789037662337662,1.0,2,2,2,2-2-2
SGPL1,171,11.275959740259744,1.0,3,4,2,3-4-2
SGSH,54,9.563953246753245,1.0,1,2,2,1-2-2
SGSM2,24,9.860597402597405,0.5454545454545454,0,2,0,0-2-0
SGSM3,41,10.127589610389608,1.0,0,3,2,0-3-2
SGTA,165,10.656371428571425,1.0,3,3,2,3-3-2
SGTB,31,7.448492207792209,1.0,0,0,2,0-0-2
SH2B1,178,9.634358441558442,1.0,3,2,2,3-2-2
SH2D1A,337,5.2469740259740245,0.987012987012987,4,0,0,4-0-0
SH2D2A,64,5.821133766233767,0.5194805194805194,1,0,0,1-0-0
SH2D3A,26,7.847168831168834,0.8701298701298701,0,0,0,0-0-0
SH2D3C,40,8.059214285714283,0.8181818181818182,0,0,0,0-0-0
SH2D4A,64,8.092887012987012,1.0,1,0,2,1-0-2
SH3BGR,18,6.710471428571429,0.8571428571428571,0,0,0,0-0-0
SH3BGRL,46,12.228483116883119,1.0,0,4,2,0-4-2
SH3BGRL2,40,8.148494805194806,1.0,0,0,2,0-0-2
SH3BGRL3,56,11.667845454545452,1.0,1,4,2,1-4-2
SH3BP1,45,8.548606493506492,1.0,0,1,2,0-1-2
SH3BP2,121,9.774328571428569,1.0,2,2,2,2-2-2
SH3BP4,78,11.27367792207792,1.0,2,4,2,2-4-2
SH3BP5,51,10.08745064935065,0.9090909090909092,1,3,0,1-3-0
SH3BP5L,28,10.05640909090909,1.0,0,3,2,0-3-2
SH3D19,54,9.930819480519483,1.0,1,2,2,1-2-2
SH3GL1,143,10.821731168831171,1.0,3,3,2,3-3-2
SH3GLB1,118,11.316399999999998,1.0,2,4,2,2-4-2
SH3GLB2,75,10.146428571428572,1.0,1,3,2,1-3-2
SH3KBP1,199,9.433151948051947,1.0,3,2,2,3-2-2
SH3PXD2A,122,10.89722207792208,1.0,2,4,2,2-4-2
SH3PXD2B,87,10.720593506493502,1.0,2,3,2,2-3-2
SH3RF1,58,9.985203896103897,1.0,1,2,2,1-2-2
SH3TC1,15,7.691685714285715,0.7012987012987013,0,0,0,0-0-0
SH3YL1,29,9.93948051948052,1.0,0,2,2,0-2-2
SHARPIN,158,10.160535064935068,1.0,3,3,2,3-3-2
SHB,88,9.308711688311693,1.0,2,2,2,2-2-2
SHBG,510,1.241179220779221,1.0,4,0,2,4-0-2
SHC1,1127,11.752622077922082,1.0,4,4,2,4-4-2
SHCBP1,106,8.05839090909091,0.8701298701298701,2,0,0,2-0-0
SHISA5,24,11.822089610389607,0.5194805194805194,0,4,0,0-4-0
SHKBP1,74,10.000322077922075,1.0,1,3,2,1-3-2
SHMT1,206,9.254380519480515,1.0,3,2,2,3-2-2
SHMT2,240,10.865619480519477,1.0,3,3,2,3-3-2
SHOC2,141,10.56552727272727,1.0,3,3,2,3-3-2
SHPK,31,8.458897402597401,1.0,0,1,2,0-1-2
SHPRH,76,8.38227922077922,0.922077922077922,1,1,0,1-1-0
SHROOM1,22,8.110435064935064,0.948051948051948,0,0,0,0-0-0
SHROOM2,40,8.717906493506492,1.0,0,1,2,0-1-2
SHROOM3,99,11.348809090909095,1.0,2,4,2,2-4-2
SHROOM4,18,7.725362337662338,0.5324675324675324,0,0,0,0-0-0
SIAE,37,9.432437662337657,1.0,0,2,2,0-2-2
SIAH1,202,9.0481025974026,0.935064935064935,3,1,0,3-1-0
SIAH2,133,10.758380519480516,0.8181818181818182,3,3,0,3-3-0
SIDT2,45,10.08981818181818,0.6623376623376623,0,3,0,0-3-0
SIGIRR,90,9.227367532467527,1.0,2,2,2,2-2-2
SIGLEC1,221,8.416010389610392,0.987012987012987,3,1,0,3-1-0
SIK2,86,9.093040259740258,0.935064935064935,2,1,0,2-1-0
SIK3,96,9.709976623376628,1.0,2,2,2,2-2-2
SIKE1,37,9.60736233766234,1.0,0,2,2,0-2-2
SIL1,116,9.780074025974024,1.0,2,2,2,2-2-2
SIN3A,378,11.019872727272727,1.0,4,4,2,4-4-2
SIN3B,139,9.942829870129865,1.0,3,2,2,3-2-2
SIPA1,87,9.359202597402595,1.0,2,2,2,2-2-2
SIPA1L1,98,10.119724675324676,1.0,2,3,2,2-3-2
SIPA1L2,70,9.819019480519483,0.987012987012987,1,2,0,1-2-0
SIPA1L3,74,10.844822077922078,1.0,1,3,2,1-3-2
SIRPA,400,10.055884415584414,1.0,4,3,2,4-3-2
SIRT1,4098,9.300535064935065,1.0,4,2,2,4-2-2
SIRT2,590,9.866183116883118,1.0,4,2,2,4-2-2
SIRT3,800,9.199806493506491,1.0,4,2,2,4-2-2
SIRT5,240,8.472844155844161,1.0,3,1,2,3-1-2
SIRT6,704,8.029285714285715,1.0,4,0,2,4-0-2
SIRT7,249,8.465983116883113,0.8441558441558441,4,1,0,4-1-0
SIVA1,76,9.56732597402597,0.8701298701298701,1,2,0,1-2-0
SIX1,326,8.143276623376625,0.6753246753246753,4,0,0,4-0-0
SIX4,70,8.63717922077922,0.8051948051948052,1,1,0,1-1-0
SIX5,73,9.062306493506496,0.7922077922077922,1,1,0,1-1-0
SKA1,103,7.351546753246751,0.6493506493506493,2,0,0,2-0-0
SKA3,110,7.722667532467531,0.8181818181818182,2,0,0,2-0-0
SKAP1,66,7.497694805194803,1.0,1,0,2,1-0-2
SKAP2,56,9.041357142857146,1.0,1,1,2,1-1-2
SKIL,178,9.737032467532467,0.5844155844155844,3,2,0,3-2-0
SKP1,666,12.411783116883118,1.0,4,4,2,4-4-2
SLAIN2,90,10.367666233766235,1.0,2,3,2,2-3-2
SLBP,113,10.087574025974028,1.0,2,3,2,2-3-2
SLC11A2,143,10.454984415584418,0.922077922077922,3,3,0,3-3-0
SLC12A2,353,10.902914285714287,1.0,4,4,2,4-4-2
SLC12A4,82,9.284320779220778,0.935064935064935,2,2,0,2-2-0
SLC12A6,104,8.681679220779225,0.5844155844155844,2,1,0,2-1-0
SLC12A7,82,10.97308961038961,1.0,2,4,2,2-4-2
SLC12A8,24,8.829368831168832,0.5714285714285714,0,1,0,0-1-0
SLC12A9,36,9.53858181818182,1.0,0,2,2,0-2-2
SLC16A1,356,9.137444155844154,0.974025974025974,4,1,0,4-1-0
SLC16A3,111,9.272367532467534,1.0,2,2,2,2-2-2
SLC17A5,54,9.456684415584416,0.5454545454545454,1,2,0,1-2-0
SLC1A1,240,7.7918883116883135,0.5064935064935064,3,0,0,3-0-0
SLC1A4,97,11.067972727272727,1.0,2,4,2,2-4-2
SLC1A5,571,11.921367532467535,1.0,4,4,2,4-4-2
SLC20A2,193,10.001859740259743,0.8961038961038961,3,3,0,3-3-0
SLC25A1,247,10.141131168831166,1.0,3,3,2,3-3-2
SLC25A10,153,10.003790909090911,1.0,3,3,2,3-3-2
SLC25A11,224,9.870911688311686,1.0,3,2,2,3-2-2
SLC25A12,173,8.923627272727272,1.0,3,1,2,3-1-2
SLC25A13,421,9.11587142857143,1.0,4,1,2,4-1-2
SLC25A15,75,8.667271428571429,0.8701298701298701,1,1,0,1-1-0
SLC25A16,31,8.023105194805197,0.8831168831168831,0,0,0,0-0-0
SLC25A17,48,9.552853246753243,0.6103896103896104,1,2,0,1-2-0
SLC25A18,37,4.062377922077922,0.5064935064935064,0,0,0,0-0-0
SLC25A19,76,8.125942857142855,0.922077922077922,1,0,0,1-0-0
SLC25A20,85,8.316245454545454,1.0,2,1,2,2-1-2
SLC25A22,123,9.184979220779223,1.0,2,1,2,2-1-2
SLC25A24,96,10.363142857142858,1.0,2,3,2,2-3-2
SLC25A25,41,9.006105194805194,1.0,0,1,2,0-1-2
SLC25A29,23,9.487272727272728,0.961038961038961,0,2,0,0-2-0
SLC25A3,301,12.523349350649355,1.0,4,4,2,4-4-2
SLC25A35,13,7.501857142857145,1.0,0,0,2,0-0-2
SLC25A36,31,10.240010389610388,1.0,0,3,2,0-3-2
SLC25A4,267,8.9487974025974,1.0,4,1,2,4-1-2
SLC25A40,28,7.494784415584414,0.8051948051948052,0,0,0,0-0-0
SLC25A46,59,9.043236363636364,0.8181818181818182,1,1,0,1-1-0
SLC25A5,381,12.444422077922079,1.0,4,4,2,4-4-2
SLC27A1,84,9.145615584415584,1.0,2,1,2,2-1-2
SLC27A2,82,6.765833766233766,1.0,2,0,2,2-0-2
SLC27A3,46,8.728145454545453,1.0,0,1,2,0-1-2
SLC27A4,179,9.798406493506494,1.0,3,2,2,3-2-2
SLC2A1,2296,10.952971428571432,1.0,4,4,2,4-4-2
SLC2A10,78,10.346323376623374,0.8051948051948052,2,3,0,2-3-0
SLC2A3,394,9.099127272727275,0.7922077922077922,4,1,0,4-1-0
SLC30A1,145,8.53617532467532,1.0,3,1,2,3-1-2
SLC30A5,73,10.331944155844154,0.935064935064935,1,3,0,1-3-0
SLC30A6,71,8.499340259740263,0.8961038961038961,1,1,0,1-1-0
SLC30A9,65,10.51855584415584,0.922077922077922,1,3,0,1-3-0
SLC33A1,76,9.510463636363633,0.8701298701298701,1,2,0,1-2-0
SLC34A2,131,6.311125974025976,0.8311688311688312,3,0,0,3-0-0
SLC35A2,63,10.11276233766234,0.961038961038961,1,3,0,1-3-0
SLC35B2,61,10.525835064935064,0.961038961038961,1,3,0,1-3-0
SLC35B3,23,9.096197402597403,0.6623376623376623,0,1,0,0-1-0
SLC35E1,61,11.279548051948055,1.0,1,4,2,1-4-2
SLC38A1,115,12.557354545454546,0.6493506493506493,2,4,0,2-4-0
SLC38A10,34,11.115684415584411,1.0,0,4,2,0-4-2
SLC39A10,84,9.592158441558443,1.0,2,2,2,2-2-2
SLC39A11,37,10.726003896103894,0.961038961038961,0,3,0,0-3-0
SLC39A14,152,10.305332467532468,0.948051948051948,3,3,0,3-3-0
SLC39A6,102,13.501005194805197,0.922077922077922,2,4,0,2-4-0
SLC39A7,115,12.064624675324671,1.0,2,4,2,2-4-2
SLC3A2,521,11.824424675324678,1.0,4,4,2,4-4-2
SLC44A1,92,11.655951948051943,1.0,2,4,2,2-4-2
SLC44A2,92,12.46883766233766,1.0,2,4,2,2-4-2
SLC44A4,61,9.489345454545454,0.5194805194805194,1,2,0,1-2-0
SLC4A1,439,0.4365805194805194,1.0,4,0,2,4-0-2
SLC4A1AP,93,9.504848051948056,1.0,2,2,2,2-2-2
SLC4A2,128,10.913877922077925,1.0,3,4,2,3-4-2
SLC4A7,159,9.903528571428572,1.0,3,2,2,3-2-2
SLC5A6,66,10.990590909090908,1.0,1,4,2,1-4-2
SLC7A1,140,10.288483116883116,0.5844155844155844,3,3,0,3-3-0
SLC7A2,77,10.272728571428571,0.6103896103896104,1,3,0,1-3-0
SLC7A5,428,11.059636363636365,0.961038961038961,4,4,0,4-4-0
SLC7A6OS,23,7.317692207792209,1.0,0,0,2,0-0-2
SLC9A1,489,10.67295974025974,1.0,4,3,2,4-3-2
SLC9A7,31,6.8390714285714305,0.6753246753246753,0,0,0,0-0-0
SLC9A9,54,6.605883116883119,0.5064935064935064,1,0,0,1-0-0
SLCO2A1,210,8.822370129870125,0.6753246753246753,3,1,0,3-1-0
SLFN11,178,9.080640259740258,1.0,3,1,2,3-1-2
SLFN5,44,9.069906493506496,1.0,0,1,2,0-1-2
SLIT2,220,7.254962337662338,0.948051948051948,3,0,0,3-0-0
SLIT3,58,9.097671428571424,1.0,1,1,2,1-1-2
SLITRK6,31,8.204196103896106,0.6753246753246753,0,1,0,0-1-0
SLK,106,10.777233766233765,1.0,2,3,2,2-3-2
SLMAP,88,10.261827272727274,1.0,2,3,2,2-3-2
SLPI,469,8.278592207792206,0.922077922077922,4,1,0,4-1-0
SLTM,108,10.977280519480516,1.0,2,4,2,2-4-2
SLU7,99,10.091745454545455,1.0,2,3,2,2-3-2
SMAD1,311,9.673744155844155,1.0,4,2,2,4-2-2
SMAD2,2176,10.884762337662337,1.0,4,4,2,4-4-2
SMAD3,2624,10.02215844155844,1.0,4,3,2,4-3-2
SMAD4,2096,10.390442857142856,1.0,4,3,2,4-3-2
SMAP1,52,9.62924675324675,1.0,1,2,2,1-2-2
SMAP2,57,10.215816883116883,1.0,1,3,2,1-3-2
SMARCA1,199,9.640983116883117,1.0,3,2,2,3-2-2
SMARCA2,607,11.557053246753245,1.0,4,4,2,4-4-2
SMARCA4,1706,11.948381818181819,1.0,4,4,2,4-4-2
SMARCA5,366,11.408550649350646,1.0,4,4,2,4-4-2
SMARCAD1,109,9.795958441558438,1.0,2,2,2,2-2-2
SMARCAL1,208,9.410955844155843,1.0,3,2,2,3-2-2
SMARCB1,1167,10.552766233766233,1.0,4,3,2,4-3-2
SMARCC1,336,11.925379220779218,1.0,4,4,2,4-4-2
SMARCC2,293,11.396337662337663,1.0,4,4,2,4-4-2
SMARCD1,188,10.48949220779221,1.0,3,3,2,3-3-2
SMARCD2,143,11.70259090909091,1.0,3,4,2,3-4-2
SMARCD3,105,8.155427272727273,0.987012987012987,2,0,0,2-0-0
SMARCE1,278,11.708580519480519,1.0,4,4,2,4-4-2
SMC1A,354,11.670264935064932,1.0,4,4,2,4-4-2
SMC2,210,9.811911688311689,1.0,3,2,2,3-2-2
SMC3,388,10.933993506493506,1.0,4,4,2,4-4-2
SMC4,225,11.16488181818182,1.0,3,4,2,3-4-2
SMC5,127,9.758111688311688,1.0,2,2,2,2-2-2
SMC6,123,9.868623376623376,1.0,2,2,2,2-2-2
SMCHD1,226,10.313371428571426,1.0,3,3,2,3-3-2
SMCR8,63,10.030372727272725,1.0,1,3,2,1-3-2
SMG1,152,11.648176623376623,1.0,3,4,2,3-4-2
SMG5,72,11.387907792207793,1.0,1,4,2,1-4-2
SMG6,116,10.006267532467533,1.0,2,3,2,2-3-2
SMG7,113,11.609927272727273,1.0,2,4,2,2-4-2
SMNDC1,93,9.431248051948053,1.0,2,2,2,2-2-2
SMOC1,63,4.946320779220779,0.961038961038961,1,0,0,1-0-0
SMOC2,57,9.954450649350646,1.0,1,2,2,1-2-2
SMPD1,259,9.348067532467532,1.0,4,2,2,4-2-2
SMPD2,55,8.114049350649351,0.8701298701298701,1,0,0,1-0-0
SMPD4,92,11.04240519480519,1.0,2,4,2,2-4-2
SMPDL3A,17,7.8847207792207765,1.0,0,0,2,0-0-2
SMPDL3B,59,8.370901298701298,1.0,1,1,2,1-1-2
SMS,69,11.099007792207791,1.0,1,4,2,1-4-2
SMTN,130,9.688388311688312,1.0,3,2,2,3-2-2
SMU1,133,10.687841558441555,1.0,3,3,2,3-3-2
SMUG1,94,9.066120779220782,0.922077922077922,2,1,0,2-1-0
SMURF2,310,9.026135064935065,0.935064935064935,4,1,0,4-1-0
SMYD2,134,9.4812987012987,1.0,3,2,2,3-2-2
SMYD3,210,8.716487012987015,1.0,3,1,2,3-1-2
SMYD4,25,7.996744155844154,0.8441558441558441,0,0,0,0-0-0
SMYD5,27,9.486616883116884,1.0,0,2,2,0-2-2
SNAP23,324,10.348228571428567,1.0,4,3,2,4-3-2
SNAP29,159,10.309300000000006,1.0,3,3,2,3-3-2
SNAP47,56,9.858955844155842,1.0,1,2,2,1-2-2
SNAPC3,34,9.019484415584413,0.6753246753246753,0,1,0,0-1-0
SNAPC4,52,8.393648051948055,0.8701298701298701,1,1,0,1-1-0
SNAPC5,27,6.4652740259740265,0.7142857142857143,0,0,0,0-0-0
SNAPIN,95,9.476122077922081,1.0,2,2,2,2-2-2
SNCA,3690,4.896016883116887,1.0,4,0,2,4-0-2
SNCG,194,6.9457961038961065,1.0,3,0,2,3-0-2
SND1,419,12.215110389610395,1.0,4,4,2,4-4-2
SNED1,15,8.788351948051947,0.922077922077922,0,1,0,0-1-0
SNF8,68,9.931946753246754,1.0,1,2,2,1-2-2
SNIP1,102,8.428033766233767,1.0,2,1,2,2-1-2
SNRK,44,9.835985714285714,0.7792207792207793,0,2,0,0-2-0
SNRNP200,390,12.791688311688315,1.0,4,4,2,4-4-2
SNRNP25,23,9.600067532467532,0.5844155844155844,0,2,0,0-2-0
SNRNP27,52,8.997468831168831,1.0,1,1,2,1-1-2
SNRNP35,40,8.498400000000004,0.7792207792207793,0,1,0,0-1-0
SNRNP40,156,9.663644155844153,1.0,3,2,2,3-2-2
SNRNP48,32,8.493970129870133,0.8701298701298701,0,1,0,0-1-0
SNRNP70,353,11.190142857142856,1.0,4,4,2,4-4-2
SNRPA,202,10.226453246753247,1.0,3,3,2,3-3-2
SNRPA1,218,8.986897402597402,1.0,3,1,2,3-1-2
SNRPB2,179,10.201728571428568,1.0,3,3,2,3-3-2
SNRPC,123,10.389044155844157,1.0,2,3,2,2-3-2
SNRPD1,276,9.836693506493509,1.0,4,2,2,4-2-2
SNRPD2,283,11.402884415584415,1.0,4,4,2,4-4-2
SNRPD3,312,10.856446753246752,1.0,4,3,2,4-3-2
SNRPE,238,10.247841558441564,1.0,3,3,2,3-3-2
SNRPF,187,9.727136363636362,1.0,3,2,2,3-2-2
SNRPG,155,9.63483766233766,1.0,3,2,2,3-2-2
SNRPN,332,10.146183116883117,1.0,4,3,2,4-3-2
SNTA1,91,8.320783116883112,1.0,2,1,2,2-1-2
SNTB1,83,8.158810389610393,1.0,2,0,2,2-0-2
SNTB2,117,9.459741558441557,1.0,2,2,2,2-2-2
SNUPN,57,8.787570129870128,1.0,1,1,2,1-1-2
SNW1,278,10.571076623376625,1.0,4,3,2,4-3-2
SNX1,174,11.169120779220776,1.0,3,4,2,3-4-2
SNX10,69,8.84017012987013,0.5324675324675324,1,1,0,1-1-0
SNX11,26,9.078971428571428,1.0,0,1,2,0-1-2
SNX12,36,7.808196103896104,1.0,0,0,2,0-0-2
SNX13,38,9.803468831168827,0.8181818181818182,0,2,0,0-2-0
SNX14,51,10.379312987012986,0.6753246753246753,1,3,0,1-3-0
SNX15,34,8.747442857142858,1.0,0,1,2,0-1-2
SNX16,38,8.098675324675323,1.0,0,0,2,0-0-2
SNX17,102,11.103528571428571,1.0,2,4,2,2-4-2
SNX18,72,9.589957142857145,1.0,1,2,2,1-2-2
SNX2,145,10.417537662337665,1.0,3,3,2,3-3-2
SNX20,25,5.478314285714286,0.7402597402597403,0,0,0,0-0-0
SNX21,22,8.500188311688314,1.0,0,1,2,0-1-2
SNX24,27,7.672979220779218,0.987012987012987,0,0,0,0-0-0
SNX27,157,10.607631168831167,1.0,3,3,2,3-3-2
SNX29,40,9.282946753246755,1.0,0,2,2,0-2-2
SNX3,111,11.340316883116879,1.0,2,4,2,2-4-2
SNX30,28,9.424166233766238,1.0,0,2,2,0-2-2
SNX33,48,9.46026883116883,1.0,1,2,2,1-2-2
SNX4,68,9.86251038961039,1.0,1,2,2,1-2-2
SNX5,116,10.909742857142858,1.0,2,4,2,2-4-2
SNX6,119,10.337355844155843,1.0,2,3,2,2-3-2
SNX7,31,8.490116883116881,1.0,0,1,2,0-1-2
SNX8,54,8.61026883116883,1.0,1,1,2,1-1-2
SNX9,182,10.874384415584414,1.0,3,4,2,3-4-2
SOAT1,178,9.354884415584413,1.0,3,2,2,3-2-2
SOCS6,108,9.847118181818184,0.7922077922077922,2,2,0,2-2-0
SOD1,3493,12.122519480519479,1.0,4,4,2,4-4-2
SOD2,987,11.903528571428568,1.0,4,4,2,4-4-2
SOD3,339,7.49015714285714,1.0,4,0,2,4-0-2
SON,218,12.668958441558445,1.0,3,4,2,3-4-2
SORBS1,127,9.554289610389612,1.0,2,2,2,2-2-2
SORBS2,111,9.42593766233766,1.0,2,2,2,2-2-2
SORBS3,100,10.446576623376624,1.0,2,3,2,2-3-2
SORCS2,41,6.553229870129869,0.987012987012987,0,0,0,0-0-0
SORD,99,10.131188311688312,1.0,2,3,2,2-3-2
SORL1,391,10.691222077922076,1.0,4,3,2,4-3-2
SORT1,243,11.709829870129873,1.0,3,4,2,3-4-2
SOS1,357,10.306398701298702,1.0,4,3,2,4-3-2
SOS2,78,10.03379350649351,0.8831168831168831,2,3,0,2-3-0
SOX10,643,5.028667532467532,0.8571428571428571,4,0,0,4-0-0
SOX13,65,10.333966233766235,0.987012987012987,1,3,0,1-3-0
SOX4,495,11.937153246753251,0.9090909090909092,4,4,0,4-4-0
SOX9,1538,10.652622077922075,0.961038961038961,4,3,0,4-3-0
SP1,1776,11.612238961038962,1.0,4,4,2,4-4-2
SP100,281,10.632670129870126,1.0,4,3,2,4-3-2
SP110,77,9.46534545454545,1.0,1,2,2,1-2-2
SP140,43,6.136840259740258,0.5844155844155844,0,0,0,0-0-0
SP140L,17,8.20333636363636,1.0,0,1,2,0-1-2
SP2,65,9.192971428571429,1.0,1,1,2,1-1-2
SP3,238,11.13410909090909,1.0,3,4,2,3-4-2
SP4,90,7.754497402597403,0.7532467532467533,2,0,0,2-0-0
SP6,20,7.370968831168833,0.6363636363636364,0,0,0,0-0-0
SPA17,91,7.26173896103896,0.7532467532467533,2,0,0,2-0-0
SPAG1,62,8.293755844155845,1.0,1,1,2,1-1-2
SPAG5,162,9.720737662337665,0.961038961038961,3,2,0,3-2-0
SPAG7,34,9.1828012987013,1.0,0,1,2,0-1-2
SPAG9,190,10.884027272727273,1.0,3,4,2,3-4-2
SPARC,619,15.267331168831165,1.0,4,4,2,4-4-2
SPARCL1,115,11.755123376623377,1.0,2,4,2,2-4-2
SPAST,439,9.168953246753247,1.0,4,1,2,4-1-2
SPATA13,43,8.570836363636365,0.961038961038961,0,1,0,0-1-0
SPATA18,44,6.843690909090908,0.8181818181818182,0,0,0,0-0-0
SPATA2,74,9.014216883116884,0.6753246753246753,1,1,0,1-1-0
SPATA20,28,9.797984415584416,1.0,0,2,2,0-2-2
SPATS2,81,9.609109090909092,1.0,2,2,2,2-2-2
SPATS2L,104,10.504223376623377,1.0,2,3,2,2-3-2
SPC24,73,4.752737662337664,1.0,1,0,2,1-0-2
SPC25,65,7.283996103896107,1.0,1,0,2,1-0-2
SPCS1,45,11.025202597402595,0.974025974025974,0,4,0,0-4-0
SPCS2,99,9.544271428571426,1.0,2,2,2,2-2-2
SPCS3,84,11.292570129870127,1.0,2,4,2,2-4-2
SPDEF,142,10.750431168831167,1.0,3,3,2,3-3-2
SPEF2,36,7.492814285714285,0.922077922077922,0,0,0,0-0-0
SPEG,53,7.290694805194807,0.5194805194805194,1,0,0,1-0-0
SPEN,134,11.044176623376623,1.0,3,4,2,3-4-2
SPG11,217,10.689103896103894,1.0,3,3,2,3-3-2
SPG21,57,10.967618181818182,1.0,1,4,2,1-4-2
SPG7,194,9.857616883116885,1.0,3,2,2,3-2-2
SPHK1,324,8.365453246753248,0.9090909090909092,4,1,0,4-1-0
SPHK2,192,8.16078701298701,0.8831168831168831,3,1,0,3-1-0
SPI1,281,8.619409090909091,1.0,4,1,2,4-1-2
SPIN1,120,11.3385012987013,1.0,2,4,2,2-4-2
SPINT1,201,11.90032467532467,1.0,3,4,2,3-4-2
SPINT2,353,13.363689610389606,1.0,4,4,2,4-4-2
SPIRE1,56,9.594376623376622,0.935064935064935,1,2,0,1-2-0
SPN,448,7.492812987012987,0.8311688311688312,4,0,0,4-0-0
SPNS1,55,9.901277922077922,0.8051948051948052,1,2,0,1-2-0
SPOCK2,52,8.93048441558442,0.6103896103896104,1,1,0,1-1-0
SPOP,363,10.345388311688309,0.5844155844155844,4,3,0,4-3-0
SPP1,1207,11.49101168831169,1.0,4,4,2,4-4-2
SPP2,23,0.0249,1.0,0,0,2,0-0-2
SPPL2A,48,9.69782207792208,1.0,1,2,2,1-2-2
SPR,70,9.761472727272729,1.0,1,2,2,1-2-2
SPRYD3,20,10.297094805194805,1.0,0,3,2,0-3-2
SPRYD4,33,8.246305194805197,1.0,0,1,2,0-1-2
SPTA1,169,1.8922493506493505,1.0,3,0,2,3-0-2
SPTAN1,353,12.799305194805196,1.0,4,4,2,4-4-2
SPTB,165,5.837257142857144,1.0,3,0,2,3-0-2
SPTBN1,369,12.542480519480517,1.0,4,4,2,4-4-2
SPTBN2,160,9.78058701298701,1.0,3,2,2,3-2-2
SPTBN4,48,4.877740259740259,0.7142857142857143,1,0,0,1-0-0
SPTBN5,30,5.727344155844157,1.0,0,0,2,0-0-2
SPTLC1,207,10.701131168831166,1.0,3,3,2,3-3-2
SPTLC2,145,11.139162337662338,1.0,3,4,2,3-4-2
SPTY2D1,54,10.113053246753246,0.9090909090909092,1,3,0,1-3-0
SQLE,88,10.937646753246758,1.0,2,4,2,2-4-2
SQSTM1,1946,13.137863636363642,1.0,4,4,2,4-4-2
SRA1,102,9.123157142857142,1.0,2,1,2,2-1-2
SRBD1,81,8.797548051948056,1.0,2,1,2,2-1-2
SRC,1521,10.270640259740258,1.0,4,3,2,4-3-2
SRCAP,140,12.100251948051948,1.0,3,4,2,3-4-2
SRCIN1,68,8.190858441558438,1.0,1,1,2,1-1-2
SRD5A3,41,9.818292207792208,0.7532467532467533,0,2,0,0-2-0
SREBF1,1220,12.204520779220779,0.6103896103896104,4,4,0,4-4-0
SRF,328,10.343138961038962,1.0,4,3,2,4-3-2
SRFBP1,48,7.965787012987016,1.0,1,0,2,1-0-2
SRGAP1,54,8.78780779220779,1.0,1,1,2,1-1-2
SRGAP3,50,7.47476753246753,0.8571428571428571,1,0,0,1-0-0
SRGN,77,10.021959740259739,0.7402597402597403,1,3,0,1-3-0
SRI,155,10.34867272727273,1.0,3,3,2,3-3-2
SRM,77,10.085487012987015,1.0,1,3,2,1-3-2
SRP14,224,11.873033766233767,1.0,3,4,2,3-4-2
SRP19,106,9.490589610389613,1.0,2,2,2,2-2-2
SRP54,149,10.639829870129867,1.0,3,3,2,3-3-2
SRP68,193,11.091089610389613,1.0,3,4,2,3-4-2
SRP72,199,11.629971428571428,1.0,3,4,2,3-4-2
SRP9,150,12.597809090909093,1.0,3,4,2,3-4-2
SRPK1,358,10.689146753246757,1.0,4,3,2,4-3-2
SRPK2,185,10.472967532467532,1.0,3,3,2,3-3-2
SRPRB,172,10.708610389610389,1.0,3,3,2,3-3-2
SRPX,41,7.616472727272724,1.0,0,0,2,0-0-2
SRPX2,55,8.15349090909091,1.0,1,0,2,1-0-2
SRR,83,7.843941558441561,1.0,2,0,2,2-0-2
SRRM1,213,10.840233766233766,1.0,3,3,2,3-3-2
SRRM2,274,13.603611688311686,1.0,4,4,2,4-4-2
SRRT,218,10.935064935064931,1.0,3,4,2,3-4-2
SRXN1,106,10.254810389610391,1.0,2,3,2,2-3-2
SS18,213,11.04955064935065,1.0,3,4,2,3-4-2
SS18L1,66,9.035392207792208,1.0,1,1,2,1-1-2
SS18L2,19,8.254809090909093,0.922077922077922,0,1,0,0-1-0
SSB,366,11.189550649350647,1.0,4,4,2,4-4-2
SSBP1,317,10.243471428571427,1.0,4,3,2,4-3-2
SSBP2,68,8.541859740259742,0.8311688311688312,1,1,0,1-1-0
SSBP3,53,9.342344155844156,0.922077922077922,1,2,0,1-2-0
SSBP4,37,8.931336363636364,0.7272727272727273,0,1,0,0-1-0
SSC5D,14,8.322219480519477,1.0,0,1,2,0-1-2
SSH1,116,10.089596103896099,0.961038961038961,2,3,0,2-3-0
SSH2,45,9.25725194805195,0.961038961038961,0,2,0,0-2-0
SSH3,34,10.029163636363634,1.0,0,3,2,0-3-2
SSNA1,38,9.661046753246751,1.0,0,2,2,0-2-2
SSR1,154,12.181355844155842,1.0,3,4,2,3-4-2
SSR2,31,12.896209090909089,1.0,0,4,2,0-4-2
SSR3,104,12.024824675324677,0.961038961038961,2,4,0,2-4-0
SSR4,158,11.651140259740256,1.0,3,4,2,3-4-2
SSRP1,425,12.002353246753245,1.0,4,4,2,4-4-2
SSU72,52,11.096364935064932,1.0,1,4,2,1-4-2
SSX2IP,95,9.517894805194807,0.7922077922077922,2,2,0,2-2-0
ST13,175,12.287615584415583,1.0,3,4,2,3-4-2
ST14,193,11.683693506493505,1.0,3,4,2,3-4-2
ST3GAL1,166,11.060822077922078,1.0,3,4,2,3-4-2
ST3GAL4,75,9.162236363636367,0.5194805194805194,1,1,0,1-1-0
ST6GAL1,276,10.401142857142858,0.974025974025974,4,3,0,4-3-0
STAB1,95,9.679920779220785,1.0,2,2,2,2-2-2
STAC2,18,5.723738961038964,0.948051948051948,0,0,0,0-0-0
STAG1,107,9.815285714285713,1.0,2,2,2,2-2-2
STAG2,254,11.3393987012987,1.0,4,4,2,4-4-2
STAM,162,9.219807792207787,1.0,3,2,2,3-2-2
STAM2,140,9.812916883116882,1.0,3,2,2,3-2-2
STAMBP,142,9.692070129870135,1.0,3,2,2,3-2-2
STAMBPL1,54,6.3085012987013,0.8961038961038961,1,0,0,1-0-0
STAP2,47,9.33301948051948,1.0,1,2,2,1-2-2
STARD10,35,11.396979220779217,1.0,0,4,2,0-4-2
STARD13,85,8.826689610389609,1.0,2,1,2,2-1-2
STARD3,123,10.117555844155843,0.987012987012987,2,3,0,2-3-0
STARD5,31,6.334077922077923,1.0,0,0,2,0-0-2
STARD7,49,11.862535064935065,1.0,1,4,2,1-4-2
STAT1,3944,12.87154155844156,1.0,4,4,2,4-4-2
STAT2,519,11.164690909090908,1.0,4,4,2,4-4-2
STAT3,11124,12.574855844155847,1.0,4,4,2,4-4-2
STAT4,621,5.520272727272728,0.5714285714285714,4,0,0,4-0-0
STAT5A,763,9.71279090909091,1.0,4,2,2,4-2-2
STAT5B,618,10.358867532467535,1.0,4,3,2,4-3-2
STAT6,1203,11.272572727272724,1.0,4,4,2,4-4-2
STAU1,366,11.989107792207793,1.0,4,4,2,4-4-2
STAU2,132,10.15812727272727,1.0,3,3,2,3-3-2
STBD1,64,8.677897402597404,1.0,1,1,2,1-1-2
STC1,137,9.506228571428569,0.974025974025974,3,2,0,3-2-0
STC2,180,11.186610389610392,1.0,3,4,2,3-4-2
STEAP2,41,8.427107792207796,0.5714285714285714,0,1,0,0-1-0
STEAP3,111,9.876045454545455,0.974025974025974,2,2,0,2-2-0
STEAP4,80,9.158098701298705,1.0,2,1,2,2-1-2
STIM1,1044,10.611824675324678,1.0,4,3,2,4-3-2
STIM2,196,8.787464935064932,0.5324675324675324,3,1,0,3-1-0
STIP1,387,11.988576623376623,1.0,4,4,2,4-4-2
STK10,75,9.635655844155846,1.0,1,2,2,1-2-2
STK11,1397,9.719490909090908,0.935064935064935,4,2,0,4-2-0
STK11IP,49,8.599845454545452,1.0,1,1,2,1-1-2
STK16,48,9.201188311688313,0.7662337662337663,1,2,0,1-2-0
STK17A,40,9.20138701298701,0.7012987012987013,0,2,0,0-2-0
STK17B,45,9.778815584415588,1.0,0,2,2,0-2-2
STK24,142,11.359944155844154,1.0,3,4,2,3-4-2
STK25,109,10.4128,1.0,2,3,2,2-3-2
STK3,187,9.425184415584415,1.0,3,2,2,3-2-2
STK32C,27,7.17742207792208,0.935064935064935,0,0,0,0-0-0
STK35,25,10.349133766233768,0.961038961038961,0,3,0,0-3-0
STK38,200,10.393744155844159,1.0,3,3,2,3-3-2
STK38L,103,10.231549350649349,1.0,2,3,2,2-3-2
STK39,212,9.398037662337664,1.0,3,2,2,3-2-2
STK4,363,10.220624675324675,1.0,4,3,2,4-3-2
STMN1,633,12.055802597402595,1.0,4,4,2,4-4-2
STMN3,46,9.1620012987013,0.7272727272727273,0,1,0,0-1-0
STOM,251,12.152279220779217,1.0,4,4,2,4-4-2
STOML2,259,10.634128571428565,1.0,4,3,2,4-3-2
STON1,25,7.791883116883119,1.0,0,0,2,0-0-2
STON2,73,7.325464935064935,0.987012987012987,1,0,0,1-0-0
STRADA,69,9.173235064935064,1.0,1,1,2,1-1-2
STRAP,253,11.239946753246755,1.0,4,4,2,4-4-2
STRBP,127,10.32737792207792,1.0,2,3,2,2-3-2
STRN,155,8.723672727272726,1.0,3,1,2,3-1-2
STRN3,116,9.56675194805195,1.0,2,2,2,2-2-2
STRN4,102,10.764697402597402,1.0,2,3,2,2-3-2
STT3A,201,11.923148051948049,1.0,3,4,2,3-4-2
STT3B,187,10.98565844155844,1.0,3,4,2,3-4-2
STUB1,875,10.500854545454546,1.0,4,3,2,4-3-2
STX10,55,8.233536363636365,1.0,1,1,2,1-1-2
STX11,102,6.584646753246753,0.6233766233766234,2,0,0,2-0-0
STX12,113,10.187809090909095,1.0,2,3,2,2-3-2
STX16,104,10.628014285714283,1.0,2,3,2,2-3-2
STX17,109,9.786448051948051,1.0,2,2,2,2-2-2
STX18,82,9.020472727272729,1.0,2,1,2,2-1-2
STX3,96,9.905537662337663,1.0,2,2,2,2-2-2
STX4,135,9.538509090909091,1.0,3,2,2,3-2-2
STX5,127,10.06904025974026,1.0,2,3,2,2-3-2
STX6,122,10.688545454545455,1.0,2,3,2,2-3-2
STX7,115,10.270687012987013,1.0,2,3,2,2-3-2
STX8,88,8.077509090909096,0.987012987012987,2,0,0,2-0-0
STXBP1,267,8.922089610389609,1.0,4,1,2,4-1-2
STXBP2,128,10.589851948051948,1.0,3,3,2,3-3-2
STXBP3,96,9.81168701298701,1.0,2,2,2,2-2-2
STXBP4,63,7.424975324675324,1.0,1,0,2,1-0-2
STXBP5,68,8.656350649350648,1.0,1,1,2,1-1-2
STYX,32,9.253642857142857,0.974025974025974,0,2,0,0-2-0
SUB1,225,12.045311688311687,1.0,3,4,2,3-4-2
SUCLA2,150,9.311619480519482,1.0,3,2,2,3-2-2
SUCLG1,111,10.410864935064934,1.0,2,3,2,2-3-2
SUCLG2,95,10.267084415584415,1.0,2,3,2,2-3-2
SUDS3,77,10.619087012987013,1.0,1,3,2,1-3-2
SUFU,240,9.462301298701304,1.0,3,2,2,3-2-2
SUGT1,174,9.081698701298704,1.0,3,1,2,3-1-2
SULF1,177,12.309954545454547,1.0,3,4,2,3-4-2
SULF2,131,11.835532467532468,1.0,3,4,2,3-4-2
SULT1A1,469,8.429663636363633,1.0,4,1,2,4-1-2
SULT1C2,54,3.252936363636363,0.6233766233766234,1,0,0,1-0-0
SULT2B1,103,7.141257142857144,1.0,2,0,2,2-0-2
SUMF1,112,10.207033766233765,1.0,2,3,2,2-3-2
SUMF2,70,11.62274545454545,1.0,1,4,2,1-4-2
SUMO1,836,11.1125012987013,1.0,4,4,2,4-4-2
SUMO3,175,11.429976623376621,1.0,3,4,2,3-4-2
SUN1,145,11.08116753246753,1.0,3,4,2,3-4-2
SUN2,198,11.548980519480521,1.0,3,4,2,3-4-2
SUOX,94,9.364210389610392,1.0,2,2,2,2-2-2
SUPT16H,313,11.913993506493505,1.0,4,4,2,4-4-2
SUPT3H,85,6.470603896103894,0.7662337662337663,2,0,0,2-0-0
SUPT4H1,96,10.535601298701298,1.0,2,3,2,2-3-2
SUPT5H,273,11.610831168831165,1.0,4,4,2,4-4-2
SUPT6H,147,11.618344155844158,1.0,3,4,2,3-4-2
SUPT7L,52,9.810831168831166,0.987012987012987,1,2,0,1-2-0
SUPV3L1,88,9.132279220779221,1.0,2,1,2,2-1-2
SURF1,66,9.490396103896112,1.0,1,2,2,1-2-2
SURF2,37,7.838587012987015,1.0,0,0,2,0-0-2
SURF4,169,12.528112987012989,1.0,3,4,2,3-4-2
SURF6,134,9.309585714285712,1.0,3,2,2,3-2-2
SUSD2,55,9.31557532467532,1.0,1,2,2,1-2-2
SUV39H2,76,8.010277922077922,0.5454545454545454,1,0,0,1-0-0
SUZ12,394,10.161499999999997,1.0,4,3,2,4-3-2
SVEP1,54,8.153763636363637,1.0,1,0,2,1-0-2
SVIL,169,10.573657142857147,1.0,3,3,2,3-3-2
SVIP,36,8.460805194805195,0.5064935064935064,0,1,0,0-1-0
SWAP70,86,10.747687012987011,1.0,2,3,2,2-3-2
SYAP1,77,10.79872987012987,1.0,1,3,2,1-3-2
SYBU,39,8.748325974025974,1.0,0,1,2,0-1-2
SYDE1,32,7.757571428571424,0.922077922077922,0,0,0,0-0-0
SYDE2,19,7.418088311688311,0.8701298701298701,0,0,0,0-0-0
SYF2,56,9.916529870129867,1.0,1,2,2,1-2-2
SYK,1811,9.366318181818174,1.0,4,2,2,4-2-2
SYMPK,145,10.939950649350648,1.0,3,4,2,3-4-2
SYNC,24,7.508401298701301,1.0,0,0,2,0-0-2
SYNCRIP,386,12.218592207792204,1.0,4,4,2,4-4-2
SYNE1,226,9.687623376623373,1.0,3,2,2,3-2-2
SYNE2,192,11.474035064935062,1.0,3,4,2,3-4-2
SYNGR1,41,8.984671428571424,0.8311688311688312,0,1,0,0-1-0
SYNGR2,42,12.434412987012989,0.961038961038961,0,4,0,0-4-0
SYNJ1,109,8.475746753246757,1.0,2,1,2,2-1-2
SYNJ2,66,9.564787012987017,1.0,1,2,2,1-2-2
SYNPO,162,10.279035064935066,1.0,3,3,2,3-3-2
SYNPO2,71,9.467099999999997,1.0,1,2,2,1-2-2
SYNRG,78,10.070094805194802,1.0,2,3,2,2-3-2
SYPL1,64,11.429742857142859,1.0,1,4,2,1-4-2
SYT1,191,6.966936363636366,0.6493506493506493,3,0,0,3-0-0
SYT17,26,6.858454545454544,0.6753246753246753,0,0,0,0-0-0
SYT7,54,10.389003896103896,0.922077922077922,1,3,0,1-3-0
SYTL1,46,8.381596103896102,1.0,0,1,2,0-1-2
SYTL2,52,10.339125974025976,1.0,1,3,2,1-3-2
SYTL3,19,7.152603896103894,0.5714285714285714,0,0,0,0-0-0
SYTL4,87,8.706758441558442,1.0,2,1,2,2-1-2
SYTL5,27,6.191305194805194,0.8181818181818182,0,0,0,0-0-0
SYVN1,288,10.801451948051948,0.961038961038961,4,3,0,4-3-0
TAB1,307,9.392053246753248,1.0,4,2,2,4-2-2
TAB2,314,11.152149350649347,1.0,4,4,2,4-4-2
TAB3,149,9.730394805194809,1.0,3,2,2,3-2-2
TACC1,119,10.395867532467534,1.0,2,3,2,2-3-2
TACC2,102,10.07122467532468,1.0,2,3,2,2-3-2
TACC3,281,9.86381428571428,1.0,4,2,2,4-2-2
TACO1,51,8.90971948051948,1.0,1,1,2,1-1-2
TACSTD2,427,12.270853246753243,1.0,4,4,2,4-4-2
TADA1,41,8.714681818181818,1.0,0,1,2,0-1-2
TADA2B,61,9.780106493506494,0.8961038961038961,1,2,0,1-2-0
TADA3,126,10.722325974025972,1.0,2,3,2,2-3-2
TAF1,247,10.117031168831174,1.0,3,3,2,3-3-2
TAF10,125,9.496867532467533,1.0,2,2,2,2-2-2
TAF11,67,9.463887012987012,0.8961038961038961,1,2,0,1-2-0
TAF12,112,8.7700974025974,0.935064935064935,2,1,0,2-1-0
TAF13,54,7.512203896103898,0.9090909090909092,1,0,0,1-0-0
TAF15,300,11.210593506493508,1.0,4,4,2,4-4-2
TAF2,119,10.009688311688313,1.0,2,3,2,2-3-2
TAF3,82,8.060303896103894,1.0,2,0,2,2-0-2
TAF4,187,9.256710389610388,1.0,3,2,2,3-2-2
TAF5,115,6.968476623376624,1.0,2,0,2,2-0-2
TAF5L,79,9.784327272727271,1.0,2,2,2,2-2-2
TAF6,162,10.32268831168831,1.0,3,3,2,3-3-2
TAF6L,82,7.848759740259739,0.961038961038961,2,0,0,2-0-0
TAF7,140,11.180237662337664,1.0,3,4,2,3-4-2
TAF8,58,8.918694805194802,1.0,1,1,2,1-1-2
TAF9,175,10.2505974025974,1.0,3,3,2,3-3-2
TAF9B,62,9.691112987012987,1.0,1,2,2,1-2-2
TAGLN,125,12.445367532467536,1.0,2,4,2,2-4-2
TAGLN2,224,13.935790909090906,1.0,3,4,2,3-4-2
TALDO1,124,11.671267532467533,1.0,2,4,2,2-4-2
TANC1,77,9.86208051948052,1.0,1,2,2,1-2-2
TANC2,55,10.404685714285712,1.0,1,3,2,1-3-2
TANK,138,9.717577922077922,1.0,3,2,2,3-2-2
TAOK1,90,8.896688311688312,1.0,2,1,2,2-1-2
TAOK2,73,10.535855844155845,1.0,1,3,2,1-3-2
TAOK3,69,9.910877922077923,1.0,1,2,2,1-2-2
TAP1,297,11.513655844155844,1.0,4,4,2,4-4-2
TAP2,244,10.418877922077924,1.0,3,3,2,3-3-2
TAPBP,132,12.481553246753247,1.0,3,4,2,3-4-2
TAPBPL,54,9.001700000000003,1.0,1,1,2,1-1-2
TAPT1,37,9.40737922077922,0.8181818181818182,0,2,0,0-2-0
TARBP1,76,9.871574025974029,1.0,1,2,2,1-2-2
TARBP2,160,8.484162337662337,1.0,3,1,2,3-1-2
TARDBP,2106,11.837912987012988,1.0,4,4,2,4-4-2
TARS2,98,9.795664935064933,1.0,2,2,2,2-2-2
TASP1,42,7.486781818181819,0.974025974025974,0,0,0,0-0-0
TATDN1,27,8.835107792207793,1.0,0,1,2,0-1-2
TATDN2,23,10.497005194805196,0.6753246753246753,0,3,0,0-3-0
TATDN3,13,8.21308701298701,1.0,0,1,2,0-1-2
TAX1BP1,192,11.814305194805193,1.0,3,4,2,3-4-2
TAX1BP3,78,10.8381974025974,1.0,2,3,2,2-3-2
TBC1D1,89,10.230958441558439,1.0,2,3,2,2-3-2
TBC1D10A,61,9.031074025974029,1.0,1,1,2,1-1-2
TBC1D10B,86,10.61731688311688,1.0,2,3,2,2-3-2
TBC1D10C,32,5.997776623376623,1.0,0,0,2,0-0-2
TBC1D12,17,8.459597402597405,0.9090909090909092,0,1,0,0-1-0
TBC1D13,16,9.530433766233767,1.0,0,2,2,0-2-2
TBC1D15,128,9.968985714285713,1.0,3,2,2,3-2-2
TBC1D16,28,9.196509090909089,0.8831168831168831,0,1,0,0-1-0
TBC1D17,41,9.527251948051948,1.0,0,2,2,0-2-2
TBC1D2,33,8.806719480519481,1.0,0,1,2,0-1-2
TBC1D20,42,10.37478961038961,0.961038961038961,0,3,0,0-3-0
TBC1D22A,32,8.430203896103897,1.0,0,1,2,0-1-2
TBC1D22B,49,8.798950649350651,0.961038961038961,1,1,0,1-1-0
TBC1D23,48,9.810605194805191,1.0,1,2,2,1-2-2
TBC1D24,106,8.770694805194804,1.0,2,1,2,2-1-2
TBC1D25,26,8.619423376623377,0.8441558441558441,0,1,0,0-1-0
TBC1D2B,38,10.154824675324678,1.0,0,3,2,0-3-2
TBC1D4,192,9.795357142857146,1.0,3,2,2,3-2-2
TBC1D5,113,10.339942857142857,1.0,2,3,2,2-3-2
TBC1D7,57,8.382828571428574,0.974025974025974,1,1,0,1-1-0
TBC1D8,33,9.721075324675322,0.987012987012987,0,2,0,0-2-0
TBC1D8B,18,7.981089610389607,1.0,0,0,2,0-0-2
TBC1D9,37,12.139822077922076,1.0,0,4,2,0-4-2
TBC1D9B,45,11.738224675324675,1.0,0,4,2,0-4-2
TBCA,80,10.43636753246753,1.0,2,3,2,2-3-2
TBCB,90,10.173479220779221,1.0,2,3,2,2-3-2
TBCC,21,8.961054545454546,1.0,0,1,2,0-1-2
TBCD,138,10.97807922077922,1.0,3,4,2,3-4-2
TBCE,106,9.142738961038962,1.0,2,1,2,2-1-2
TBCEL,20,8.291709090909091,1.0,0,1,2,0-1-2
TBCK,55,9.06496753246753,1.0,1,1,2,1-1-2
TBK1,1070,9.54243766233766,1.0,4,2,2,4-2-2
TBL1X,111,10.059176623376624,1.0,2,3,2,2-3-2
TBL1XR1,217,11.98748181818182,1.0,3,4,2,3-4-2
TBL2,158,10.183085714285712,1.0,3,3,2,3-3-2
TBL3,126,9.961242857142857,1.0,2,2,2,2-2-2
TBP,516,8.030193506493505,0.987012987012987,4,0,0,4-0-0
TBPL1,114,7.94101948051948,1.0,2,0,2,2-0-2
TBX3,218,10.253622077922078,1.0,3,3,2,3-3-2
TBXAS1,99,7.72159220779221,1.0,2,0,2,2-0-2
TC2N,29,11.31756753246753,1.0,0,4,2,0-4-2
TCEA1,111,10.773071428571432,1.0,2,3,2,2-3-2
TCEA2,48,8.050909090909094,0.7792207792207793,1,0,0,1-0-0
TCEA3,26,9.745337662337663,1.0,0,2,2,0-2-2
TCEAL1,65,8.69490779220779,1.0,1,1,2,1-1-2
TCEAL3,13,9.387806493506494,1.0,0,2,2,0-2-2
TCEAL4,44,11.27435974025974,1.0,0,4,2,0-4-2
TCERG1,180,9.957299999999996,1.0,3,2,2,3-2-2
TCF12,231,10.711350649350655,1.0,3,3,2,3-3-2
TCF20,141,10.397464935064935,1.0,3,3,2,3-3-2
TCF25,89,10.788518181818183,1.0,2,3,2,2-3-2
TCF3,301,10.636789610389608,0.9090909090909092,4,3,0,4-3-0
TCF4,316,10.313203896103893,0.8701298701298701,4,3,0,4-3-0
TCF7L2,1368,8.996107792207791,0.6493506493506493,4,1,0,4-1-0
TCHP,55,8.451120779220778,0.987012987012987,1,1,0,1-1-0
TCIRG1,177,9.93608051948052,1.0,3,2,2,3-2-2
TCL1A,232,2.8760922077922073,0.7922077922077922,3,0,0,3-0-0
TCN1,62,4.294438961038963,0.948051948051948,1,0,0,1-0-0
TCOF1,328,10.268066233766238,1.0,4,3,2,4-3-2
TCP1,478,12.1077,1.0,4,4,2,4-4-2
TCP11L1,34,7.628037662337662,1.0,0,0,2,0-0-2
TCP11L2,17,6.892437662337663,0.5194805194805194,0,0,0,0-0-0
TCTN1,39,9.32636233766234,0.6233766233766234,0,2,0,0-2-0
TDG,124,9.036779220779216,1.0,2,1,2,2-1-2
TDP1,231,8.97987272727273,1.0,3,1,2,3-1-2
TDP2,153,9.804331168831167,1.0,3,2,2,3-2-2
TDRD3,92,8.536046753246755,1.0,2,1,2,2-1-2
TDRD7,49,8.983535064935062,1.0,1,1,2,1-1-2
TDRKH,43,9.08027792207792,1.0,0,1,2,0-1-2
TEAD1,360,10.250735064935062,0.8961038961038961,4,3,0,4-3-0
TEAD3,55,9.649372727272727,1.0,1,2,2,1-2-2
TECPR1,26,7.867959740259741,1.0,0,0,2,0-0-2
TECPR2,37,9.309798701298698,1.0,0,2,2,0-2-2
TECR,190,10.875509090909095,1.0,3,4,2,3-4-2
TELO2,115,9.406971428571426,1.0,2,2,2,2-2-2
TEP1,62,9.69363896103896,1.0,1,2,2,1-2-2
TERF2,496,9.26714285714286,1.0,4,2,2,4-2-2
TERF2IP,303,10.409199999999997,1.0,4,3,2,4-3-2
TES,139,10.20526753246753,1.0,3,3,2,3-3-2
TESK1,29,9.718053246753247,0.6623376623376623,0,2,0,0-2-0
TESK2,29,7.907814285714289,0.8571428571428571,0,0,0,0-0-0
TEX10,131,8.841958441558443,1.0,3,1,2,3-1-2
TEX2,47,11.088694805194805,1.0,1,4,2,1-4-2
TEX264,73,9.97085844155844,1.0,1,2,2,1-2-2
TF,448,5.40006103896104,1.0,4,0,2,4-0-2
TFAM,626,9.256120779220781,1.0,4,2,2,4-2-2
TFAP2A,429,10.935511688311692,1.0,4,4,2,4-4-2
TFAP2B,161,7.4067883116883095,0.935064935064935,3,0,0,3-0-0
TFAP2C,170,10.141137662337663,1.0,3,3,2,3-3-2
TFAP4,104,8.185928571428576,0.961038961038961,2,1,0,2-1-0
TFB1M,99,7.391306493506493,1.0,2,0,2,2-0-2
TFB2M,108,9.068014285714288,1.0,2,1,2,2-1-2
TFCP2,226,9.260590909090912,1.0,3,2,2,3-2-2
TFCP2L1,42,8.07654025974026,0.5844155844155844,0,0,0,0-0-0
TFDP1,210,10.81133116883117,1.0,3,3,2,3-3-2
TFDP2,77,8.427925974025976,0.6493506493506493,1,1,0,1-1-0
TFE3,713,10.277575324675324,0.961038961038961,4,3,0,4-3-0
TFEB,724,8.03113246753247,1.0,4,0,2,4-0-2
TFF1,818,7.978633766233764,0.961038961038961,4,0,0,4-0-0
TFF3,404,9.387822077922083,1.0,4,2,2,4-2-2
TFG,208,11.334190909090905,1.0,3,4,2,3-4-2
TFIP11,157,9.785196103896103,1.0,3,2,2,3-2-2
TFPI,270,8.140170129870132,0.8571428571428571,4,0,0,4-0-0
TFPT,56,8.18015974025974,0.8051948051948052,1,1,0,1-1-0
TFRC,1487,11.556193506493507,1.0,4,4,2,4-4-2
TG,262,2.86575064935065,1.0,4,0,2,4-0-2
TGFB1,8737,9.774625974025977,1.0,4,2,2,4-2-2
TGFB1I1,178,8.619700000000002,1.0,3,1,2,3-1-2
TGFB2,786,8.065429870129872,0.935064935064935,4,0,0,4-0-0
TGFB3,354,9.85230779220779,0.974025974025974,4,2,0,4-2-0
TGFBI,328,11.406318181818177,1.0,4,4,2,4-4-2
TGFBR3,173,9.327577922077921,0.7922077922077922,3,2,0,3-2-0
TGFBRAP1,53,8.434864935064935,1.0,1,1,2,1-1-2
TGIF1,190,10.383183116883117,0.961038961038961,3,3,0,3-3-0
TGM2,697,10.65276883116883,1.0,4,3,2,4-3-2
TGOLN2,146,12.557445454545455,0.922077922077922,3,4,0,3-4-0
TGS1,74,9.396067532467534,1.0,1,2,2,1-2-2
THADA,140,10.0177987012987,1.0,3,3,2,3-3-2
THAP11,84,9.167042857142857,1.0,2,1,2,2-1-2
THAP4,39,9.946277922077918,0.961038961038961,0,2,0,0-2-0
THBD,761,8.719794805194805,0.5584415584415584,4,1,0,4-1-0
THBS1,760,13.375003896103902,1.0,4,4,2,4-4-2
THBS2,148,12.260677922077926,1.0,3,4,2,3-4-2
THBS3,35,9.530755844155841,1.0,0,2,2,0-2-2
THBS4,86,8.540125974025974,1.0,2,1,2,2-1-2
THEM4,59,8.495403896103895,1.0,1,1,2,1-1-2
THEMIS,35,4.50415844155844,0.7792207792207793,0,0,0,0-0-0
THG1L,50,7.429520779220777,1.0,1,0,2,1-0-2
THNSL1,32,7.7008597402597365,1.0,0,0,2,0-0-2
THNSL2,18,9.050397402597406,0.9090909090909092,0,1,0,0-1-0
THOC1,142,8.84848831168831,1.0,3,1,2,3-1-2
THOC2,146,10.666519480519483,1.0,3,3,2,3-3-2
THOC3,92,9.851212987012987,1.0,2,2,2,2-2-2
THOC5,116,9.06545584415584,1.0,2,1,2,2-1-2
THOC6,95,8.974864935064938,1.0,2,1,2,2-1-2
THOC7,69,9.76095844155844,1.0,1,2,2,1-2-2
THOP1,79,9.300128571428571,1.0,2,2,2,2-2-2
THRAP3,302,11.977207792207796,1.0,4,4,2,4-4-2
THSD4,37,10.287932467532473,1.0,0,3,2,0-3-2
THTPA,35,8.329537662337664,1.0,0,1,2,0-1-2
THUMPD1,56,10.698975324675319,1.0,1,3,2,1-3-2
THUMPD2,23,7.707023376623377,1.0,0,0,2,0-0-2
THUMPD3,54,10.079502597402591,1.0,1,3,2,1-3-2
THY1,223,11.626354545454546,1.0,3,4,2,3-4-2
THYN1,42,8.910672727272726,1.0,0,1,2,0-1-2
TIA1,451,10.358759740259742,1.0,4,3,2,4-3-2
TIAL1,197,10.467809090909093,1.0,3,3,2,3-3-2
TIAM1,314,8.863842857142862,0.8961038961038961,4,1,0,4-1-0
TICAM1,400,9.011857142857144,0.935064935064935,4,1,0,4-1-0
TIFA,53,8.811951948051945,1.0,1,1,2,1-1-2
TIMELESS,206,10.121546753246754,1.0,3,3,2,3-3-2
TIMM10,44,8.86813896103896,1.0,0,1,2,0-1-2
TIMM13,106,9.867067532467534,1.0,2,2,2,2-2-2
TIMM17A,39,10.608870129870132,0.935064935064935,0,3,0,0-3-0
TIMM17B,46,9.362967532467534,1.0,0,2,2,0-2-2
TIMM22,36,8.662379220779219,0.987012987012987,0,1,0,0-1-0
TIMM44,135,9.058357142857139,1.0,3,1,2,3-1-2
TIMM50,231,9.6544,1.0,3,2,2,3-2-2
TIMM8A,119,7.05953376623377,1.0,2,0,2,2-0-2
TIMM8B,47,8.82168311688312,1.0,1,1,2,1-1-2
TIMM9,47,8.93504805194805,1.0,1,1,2,1-1-2
TIMP1,1699,12.370018181818185,1.0,4,4,2,4-4-2
TIMP2,1099,12.873258441558438,1.0,4,4,2,4-4-2
TIMP3,627,13.460170129870129,1.0,4,4,2,4-4-2
TINAGL1,49,8.472350649350648,1.0,1,1,2,1-1-2
TINF2,189,10.144112987012988,0.922077922077922,3,3,0,3-3-0
TIPIN,65,6.898448051948052,0.8571428571428571,1,0,0,1-0-0
TIPRL,96,10.37015194805195,1.0,2,3,2,2-3-2
TJAP1,41,9.04508831168831,1.0,0,1,2,0-1-2
TJP1,1651,10.744562337662337,1.0,4,3,2,4-3-2
TJP2,297,10.55960909090909,1.0,4,3,2,4-3-2
TJP3,51,9.798907792207793,1.0,1,2,2,1-2-2
TK1,184,10.440955844155843,1.0,3,3,2,3-3-2
TK2,59,9.396872727272726,1.0,1,2,2,1-2-2
TKT,229,12.004540259740255,1.0,3,4,2,3-4-2
TLE1,211,9.520940259740263,1.0,3,2,2,3-2-2
TLE2,34,8.720584415584417,0.7662337662337663,0,1,0,0-1-0
TLE3,139,11.183553246753242,1.0,3,4,2,3-4-2
TLK1,115,10.51464545454546,1.0,2,3,2,2-3-2
TLK2,79,9.590955844155845,1.0,2,2,2,2-2-2
TLN1,401,12.859755844155844,1.0,4,4,2,4-4-2
TLN2,97,9.244377922077923,1.0,2,2,2,2-2-2
TLR2,3811,8.335666233766231,0.6233766233766234,4,1,0,4-1-0
TLR3,1581,6.940214285714286,0.8571428571428571,4,0,0,4-0-0
TLR7,1245,7.224780519480522,0.6233766233766234,4,0,0,4-0-0
TM2D3,23,9.30808831168831,0.6103896103896104,0,2,0,0-2-0
TM7SF2,31,8.731483116883116,0.5454545454545454,0,1,0,0-1-0
TM7SF3,24,10.632505194805198,0.6363636363636364,0,3,0,0-3-0
TM9SF1,38,11.02161168831169,1.0,0,4,2,0-4-2
TM9SF2,72,12.156072727272724,1.0,1,4,2,1-4-2
TM9SF3,90,12.488242857142865,1.0,2,4,2,2-4-2
TM9SF4,60,11.3184012987013,1.0,1,4,2,1-4-2
TMBIM6,111,14.475814285714282,0.922077922077922,2,4,0,2-4-0
TMC4,24,10.40637142857143,0.961038961038961,0,3,0,0-3-0
TMC5,18,8.30892987012987,0.7272727272727273,0,1,0,0-1-0
TMCC1,33,9.90942207792208,0.922077922077922,0,2,0,0-2-0
TMCC3,34,7.76022077922078,0.5324675324675324,0,0,0,0-0-0
TMCO1,141,11.691068831168831,0.961038961038961,3,4,0,3-4-0
TMCO4,14,8.895266233766234,1.0,0,1,2,0-1-2
TMCO6,19,7.414454545454547,0.8961038961038961,0,0,0,0-0-0
TMED1,50,8.919938961038964,1.0,1,1,2,1-1-2
TMED10,189,12.994835064935067,1.0,3,4,2,3-4-2
TMED2,102,12.99185194805195,1.0,2,4,2,2-4-2
TMED3,47,11.629792207792203,1.0,1,4,2,1-4-2
TMED4,59,10.060750649350652,1.0,1,3,2,1-3-2
TMED5,45,10.364816883116884,1.0,0,3,2,0-3-2
TMED7,52,11.117129870129869,1.0,1,4,2,1-4-2
TMED8,28,8.892510389610392,1.0,0,1,2,0-1-2
TMED9,112,11.89172597402598,1.0,2,4,2,2-4-2
TMEM102,23,7.459507792207794,0.987012987012987,0,0,0,0-0-0
TMEM106B,200,10.533998701298701,1.0,3,3,2,3-3-2
TMEM109,94,11.367303896103895,1.0,2,4,2,2-4-2
TMEM11,38,8.686209090909095,1.0,0,1,2,0-1-2
TMEM115,37,9.964155844155847,0.961038961038961,0,2,0,0-2-0
TMEM119,42,9.106675324675328,1.0,0,1,2,0-1-2
TMEM120A,33,9.157205194805194,1.0,0,1,2,0-1-2
TMEM120B,32,8.580129870129873,0.8181818181818182,0,1,0,0-1-0
TMEM126A,60,7.8614623376623385,1.0,1,0,2,1-0-2
TMEM126B,46,8.776775324675324,0.5064935064935064,0,1,0,0-1-0
TMEM131,62,10.745431168831168,0.8701298701298701,1,3,0,1-3-0
TMEM132A,27,10.480283116883117,1.0,0,3,2,0-3-2
TMEM134,14,9.07193246753247,0.935064935064935,0,1,0,0-1-0
TMEM135,22,9.273367532467532,0.6103896103896104,0,2,0,0-2-0
TMEM141,15,9.895676623376623,0.8701298701298701,0,2,0,0-2-0
TMEM14C,29,10.73208051948052,0.8831168831168831,0,3,0,0-3-0
TMEM161A,41,8.964157142857143,0.5974025974025974,0,1,0,0-1-0
TMEM165,103,10.565035064935065,0.922077922077922,2,3,0,2-3-0
TMEM167A,22,11.103898701298698,0.8051948051948052,0,4,0,0-4-0
TMEM168,21,9.229215584415579,0.935064935064935,0,2,0,0-2-0
TMEM177,23,7.708690909090911,0.8311688311688312,0,0,0,0-0-0
TMEM179B,15,10.050042857142856,0.961038961038961,0,3,0,0-3-0
TMEM181,26,10.673249350649352,0.9090909090909092,0,3,0,0-3-0
TMEM186,20,8.228788311688309,0.7532467532467533,0,1,0,0-1-0
TMEM192,36,9.034567532467538,0.948051948051948,0,1,0,0-1-0
TMEM201,77,8.516635064935068,0.987012987012987,1,1,0,1-1-0
TMEM205,37,10.344050649350645,1.0,0,3,2,0-3-2
TMEM209,75,9.708275324675324,0.935064935064935,1,2,0,1-2-0
TMEM214,71,11.452583116883115,1.0,1,4,2,1-4-2
TMEM222,22,9.388666233766234,0.6753246753246753,0,2,0,0-2-0
TMEM223,23,8.210049350649353,0.7792207792207793,0,1,0,0-1-0
TMEM33,171,10.738448051948053,1.0,3,3,2,3-3-2
TMEM41A,26,9.613376623376624,0.935064935064935,0,2,0,0-2-0
TMEM41B,64,9.444336363636365,0.922077922077922,1,2,0,1-2-0
TMEM43,166,11.095453246753245,1.0,3,4,2,3-4-2
TMEM59,72,12.463654545454549,0.8051948051948052,1,4,0,1-4-0
TMEM63A,43,10.73273376623376,1.0,0,3,2,0-3-2
TMEM63B,33,10.680538961038962,1.0,0,3,2,0-3-2
TMEM63C,17,8.145841558441559,0.6363636363636364,0,0,0,0-0-0
TMEM65,32,9.098289610389608,0.987012987012987,0,1,0,0-1-0
TMEM68,24,8.835124675324677,0.5974025974025974,0,1,0,0-1-0
TMEM70,62,9.155788311688314,1.0,1,1,2,1-1-2
TMEM87A,51,11.295615584415588,1.0,1,4,2,1-4-2
TMEM87B,22,10.53652727272727,1.0,0,3,2,0-3-2
TMEM9,66,11.357507792207793,0.7402597402597403,1,4,0,1-4-0
TMEM9B,25,10.324096103896105,0.7532467532467533,0,3,0,0-3-0
TMF1,84,10.348740259740255,1.0,2,3,2,2-3-2
TMLHE,40,7.532498701298704,1.0,0,0,2,0-0-2
TMOD1,110,6.700836363636364,1.0,2,0,2,2-0-2
TMOD2,53,8.162448051948054,1.0,1,1,2,1-1-2
TMOD3,179,10.536754545454542,1.0,3,3,2,3-3-2
TMPO,376,10.823587012987012,1.0,4,3,2,4-3-2
TMSB10,78,14.00846493506493,0.974025974025974,2,4,0,2-4-0
TMTC3,72,9.74002857142857,1.0,1,2,2,1-2-2
TMUB1,55,8.841081818181815,0.8701298701298701,1,1,0,1-1-0
TMUB2,27,9.452628571428571,0.5844155844155844,0,2,0,0-2-0
TMX1,136,10.08581688311688,1.0,3,3,2,3-3-2
TMX2,58,10.913394805194809,1.0,1,4,2,1-4-2
TMX3,96,9.945033766233765,1.0,2,2,2,2-2-2
TMX4,52,9.882951948051945,1.0,1,2,2,1-2-2
TNC,336,11.759846753246748,1.0,4,4,2,4-4-2
TNFAIP2,73,10.49412857142857,1.0,1,3,2,1-3-2
TNFAIP3,937,9.3527064935065,1.0,4,2,2,4-2-2
TNFAIP6,276,7.24177272727273,1.0,4,0,2,4-0-2
TNFAIP8,90,8.19813896103896,1.0,2,1,2,2-1-2
TNFRSF12A,322,9.338584415584412,0.7012987012987013,4,2,0,4-2-0
TNFSF10,3554,11.551153246753247,0.948051948051948,4,4,0,4-4-0
TNFSF12,515,8.644588311688313,1.0,4,1,2,4-1-2
TNIK,128,8.135116883116885,1.0,3,0,2,3-0-2
TNIP1,246,11.170233766233768,1.0,3,4,2,3-4-2
TNIP2,106,8.997414285714285,1.0,2,1,2,2-1-2
TNK1,49,8.588779220779225,0.961038961038961,1,1,0,1-1-0
TNK2,197,10.174222077922078,0.961038961038961,3,3,0,3-3-0
TNKS,300,10.084471428571428,0.961038961038961,4,3,0,4-3-0
TNN,26,5.929571428571427,1.0,0,0,2,0-0-2
TNPO1,322,11.38777142857143,1.0,4,4,2,4-4-2
TNPO2,81,10.858840259740266,1.0,2,3,2,2-3-2
TNPO3,208,10.292629870129868,1.0,3,3,2,3-3-2
TNRC18,46,11.641474025974027,0.961038961038961,0,4,0,0-4-0
TNRC6A,233,10.210777922077922,0.922077922077922,3,3,0,3-3-0
TNRC6B,175,9.70737922077922,1.0,3,2,2,3-2-2
TNRC6C,76,9.446696103896102,1.0,1,2,2,1-2-2
TNS1,97,11.268316883116883,1.0,2,4,2,2-4-2
TNS3,99,11.215145454545453,1.0,2,4,2,2-4-2
TNS4,78,8.17646753246753,0.7402597402597403,2,1,0,2-1-0
TNXB,111,8.05311948051948,1.0,2,0,2,2-0-2
TOE1,110,7.93167792207792,1.0,2,0,2,2-0-2
TOLLIP,244,10.127757142857142,1.0,3,3,2,3-3-2
TOM1,130,10.135377922077918,1.0,3,3,2,3-3-2
TOM1L1,65,10.096446753246752,1.0,1,3,2,1-3-2
TOM1L2,76,10.178133766233767,1.0,1,3,2,1-3-2
TOMM20,234,12.710990909090906,1.0,3,4,2,3-4-2
TOMM22,138,10.29510909090909,1.0,3,3,2,3-3-2
TOMM34,101,9.989011688311686,1.0,2,2,2,2-2-2
TOMM40,333,10.204748051948052,1.0,4,3,2,4-3-2
TOMM5,33,9.817941558441559,1.0,0,2,2,0-2-2
TOMM6,21,11.121336363636365,0.5454545454545454,0,4,0,0-4-0
TOP1,885,11.68191948051948,1.0,4,4,2,4-4-2
TOP2A,1055,11.738457142857149,1.0,4,4,2,4-4-2
TOP2B,328,12.137681818181822,1.0,4,4,2,4-4-2
TOP3A,118,8.96121688311688,1.0,2,1,2,2-1-2
TOP3B,90,7.9524181818181825,1.0,2,0,2,2-0-2
TOPBP1,320,10.236554545454545,1.0,4,3,2,4-3-2
TOPORS,97,9.227305194805194,0.6103896103896104,2,2,0,2-2-0
TOR1A,551,9.903680519480522,1.0,4,2,2,4-2-2
TOR1AIP1,156,10.755077922077918,1.0,3,3,2,3-3-2
TOR1AIP2,111,9.03141298701299,1.0,2,1,2,2-1-2
TOR1B,47,9.30211168831169,1.0,1,2,2,1-2-2
TOR2A,113,8.297337662337664,1.0,2,1,2,2-1-2
TOR3A,38,10.518853246753244,1.0,0,3,2,0-3-2
TOX3,116,7.870607792207791,0.5584415584415584,2,0,0,2-0-0
TOX4,108,10.904876623376625,1.0,2,4,2,2-4-2
TP53,20402,10.49202077922078,0.974025974025974,4,3,0,4-3-0
TP53BP1,1079,10.260948051948052,1.0,4,3,2,4-3-2
TP53BP2,280,10.402433766233768,1.0,4,3,2,4-3-2
TP53I11,45,11.69090909090909,0.961038961038961,0,4,0,0-4-0
TP53I3,85,7.881048051948056,1.0,2,0,2,2-0-2
TP53RK,63,9.30293896103896,1.0,1,2,2,1-2-2
TPBG,104,10.2458,1.0,2,3,2,2-3-2
TPCN1,72,9.97637922077922,0.8181818181818182,1,2,0,1-2-0
TPD52,186,12.588632467532472,1.0,3,4,2,3-4-2
TPD52L1,41,9.885376623376622,1.0,0,2,2,0-2-2
TPD52L2,114,11.359963636363638,1.0,2,4,2,2-4-2
TPI1,263,12.76113246753247,1.0,4,4,2,4-4-2
TPK1,46,5.828198701298703,0.974025974025974,1,0,0,1-0-0
TPM1,426,12.338574025974026,1.0,4,4,2,4-4-2
TPM2,208,10.547981818181817,1.0,3,3,2,3-3-2
TPM3,428,13.466901298701304,1.0,4,4,2,4-4-2
TPM4,226,13.813367532467533,1.0,3,4,2,3-4-2
TPMT,395,9.561357142857146,1.0,4,2,2,4-2-2
TPP1,433,11.982797402597406,1.0,4,4,2,4-4-2
TPP2,104,10.06796753246753,1.0,2,3,2,2-3-2
TPPP,159,6.886438961038964,1.0,3,0,2,3-0-2
TPPP3,30,7.772298701298701,1.0,0,0,2,0-0-2
TPR,284,12.06628831168831,1.0,4,4,2,4-4-2
TPRG1,12,7.156987012987012,0.987012987012987,0,0,0,0-0-0
TPRG1L,15,10.145161038961033,1.0,0,3,2,0-3-2
TPRKB,32,8.521357142857143,1.0,0,1,2,0-1-2
TPRN,47,9.207032467532466,1.0,1,2,2,1-2-2
TPST1,40,7.6341064935064935,0.7532467532467533,0,0,0,0-0-0
TPT1,425,15.298927272727274,1.0,4,4,2,4-4-2
TPX2,395,10.765740259740262,1.0,4,3,2,4-3-2
TRA2A,146,10.30755454545454,1.0,3,3,2,3-3-2
TRA2B,283,11.372935064935067,1.0,4,4,2,4-4-2
TRABD,61,9.358774025974025,0.948051948051948,1,2,0,1-2-0
TRADD,188,8.16731818181818,1.0,3,1,2,3-1-2
TRAF1,242,7.877787012987012,0.974025974025974,3,0,0,3-0-0
TRAF2,598,8.973775324675326,1.0,4,1,2,4-1-2
TRAF3,456,7.813942857142857,0.9090909090909092,4,0,0,4-0-0
TRAF3IP2,170,9.632545454545454,0.974025974025974,3,2,0,3-2-0
TRAF3IP3,41,6.9067376623376635,1.0,0,0,2,0-0-2
TRAF4,202,10.68262987012987,1.0,3,3,2,3-3-2
TRAF5,161,9.350990909090907,1.0,3,2,2,3-2-2
TRAF6,876,7.5319012987013005,1.0,4,0,2,4-0-2
TRAF7,123,11.366453246753249,1.0,2,4,2,2-4-2
TRAFD1,82,10.246761038961045,1.0,2,3,2,2-3-2
TRAK1,74,10.391558441558447,0.5064935064935064,1,3,0,1-3-0
TRAM1,88,12.395302597402596,0.948051948051948,2,4,0,2-4-0
TRANK1,26,9.460037662337662,0.987012987012987,0,2,0,0-2-0
TRAP1,417,10.988985714285715,1.0,4,4,2,4-4-2
TRAPPC1,42,10.17888831168831,1.0,0,3,2,0-3-2
TRAPPC10,52,10.35405064935065,1.0,1,3,2,1-3-2
TRAPPC2L,40,8.844787012987013,1.0,0,1,2,0-1-2
TRAPPC3,73,10.12228571428572,1.0,1,3,2,1-3-2
TRAPPC4,51,9.533658441558439,1.0,1,2,2,1-2-2
TRAPPC5,49,8.889966233766234,1.0,1,1,2,1-1-2
TRAPPC6A,30,8.685281818181817,1.0,0,1,2,0-1-2
TRAPPC6B,36,9.25232987012987,1.0,0,2,2,0-2-2
TRAPPC9,97,10.115923376623373,1.0,2,3,2,2-3-2
TREM2,870,8.10881038961039,0.5324675324675324,4,0,0,4-0-0
TRERF1,46,8.97383376623377,0.8441558441558441,1,1,0,1-1-0
TREX1,148,8.298012987012987,1.0,3,1,2,3-1-2
TRIAP1,53,8.968592207792206,1.0,1,1,2,1-1-2
TRIM11,107,9.548277922077924,0.961038961038961,2,2,0,2-2-0
TRIM13,81,9.323697402597404,0.6883116883116883,2,2,0,2-2-0
TRIM14,78,10.363163636363634,1.0,2,3,2,2-3-2
TRIM16,89,8.916361038961037,1.0,2,1,2,2-1-2
TRIM2,80,9.002874025974025,1.0,2,1,2,2-1-2
TRIM21,428,8.720116883116882,1.0,4,1,2,4-1-2
TRIM22,155,9.727518181818185,1.0,3,2,2,3-2-2
TRIM24,215,9.831532467532465,1.0,3,2,2,3-2-2
TRIM25,461,10.043453246753247,1.0,4,3,2,4-3-2
TRIM26,139,10.85607012987013,1.0,3,3,2,3-3-2
TRIM27,245,10.589414285714282,1.0,3,3,2,3-3-2
TRIM28,772,12.602257142857141,1.0,4,4,2,4-4-2
TRIM29,171,7.6713688311688335,1.0,3,0,2,3-0-2
TRIM3,95,8.584789610389608,1.0,2,1,2,2-1-2
TRIM32,213,8.883285714285714,1.0,3,1,2,3-1-2
TRIM33,322,10.380997402597407,1.0,4,3,2,4-3-2
TRIM34,31,7.61465194805195,0.987012987012987,0,0,0,0-0-0
TRIM36,43,6.658602597402599,1.0,0,0,2,0-0-2
TRIM37,152,9.984497402597404,0.6883116883116883,3,2,0,3-2-0
TRIM38,60,9.12791168831169,1.0,1,1,2,1-1-2
TRIM4,71,9.788084415584416,1.0,1,2,2,1-2-2
TRIM41,66,9.208227272727276,1.0,1,2,2,1-2-2
TRIM44,87,10.313857142857144,0.935064935064935,2,3,0,2-3-0
TRIM47,80,9.645722077922077,1.0,2,2,2,2-2-2
TRIM5,405,8.573022077922076,1.0,4,1,2,4-1-2
TRIM56,114,8.038315584415582,1.0,2,0,2,2-0-2
TRIM65,81,9.142597402597405,1.0,2,1,2,2-1-2
TRIM68,37,7.36366233766234,0.7012987012987013,0,0,0,0-0-0
TRIM8,95,11.00978961038961,0.6363636363636364,2,4,0,2-4-0
TRIO,180,10.978384415584413,1.0,3,4,2,3-4-2
TRIOBP,113,10.116331168831167,1.0,2,3,2,2-3-2
TRIP10,104,9.362088311688314,1.0,2,2,2,2-2-2
TRIP11,132,10.128375324675329,1.0,3,3,2,3-3-2
TRIP12,194,11.891642857142859,1.0,3,4,2,3-4-2
TRIP13,256,8.755412987012988,1.0,4,1,2,4-1-2
TRIP4,95,9.099624675324682,1.0,2,1,2,2-1-2
TRIP6,178,9.670223376623378,1.0,3,2,2,3-2-2
TRIT1,46,8.55325844155844,1.0,1,1,2,1-1-2
TRMT1,77,9.02439090909091,1.0,1,1,2,1-1-2
TRMT11,36,7.613536363636365,1.0,0,0,2,0-0-2
TRMT112,104,10.969785714285715,1.0,2,4,2,2-4-2
TRMT2A,76,8.976345454545454,1.0,1,1,2,1-1-2
TRMT2B,23,8.568763636363638,0.5454545454545454,0,1,0,0-1-0
TRMT5,41,8.886774025974026,1.0,0,1,2,0-1-2
TRMT6,68,8.894358441558444,1.0,1,1,2,1-1-2
TRMT61A,43,8.469327272727272,1.0,0,1,2,0-1-2
TRMT61B,47,7.984997402597405,1.0,1,0,2,1-0-2
TRMU,75,7.721783116883116,1.0,1,0,2,1-0-2
TRNAU1AP,30,8.056771428571425,1.0,0,0,2,0-0-2
TRNT1,83,8.529194805194805,1.0,2,1,2,2-1-2
TRPC4AP,60,11.248985714285714,0.961038961038961,1,4,0,1-4-0
TRPM4,232,9.866042857142858,0.961038961038961,3,2,0,3-2-0
TRPM5,79,0.757435064935065,0.974025974025974,2,0,0,2-0-0
TRPM7,455,9.82950779220779,0.5844155844155844,4,2,0,4-2-0
TRPS1,329,12.89760779220779,1.0,4,4,2,4-4-2
TRPT1,26,8.38707922077922,1.0,0,1,2,0-1-2
TRPV2,186,7.817820779220778,0.8961038961038961,3,0,0,3-0-0
TRRAP,224,11.078571428571427,1.0,3,4,2,3-4-2
TRUB1,39,9.183093506493506,1.0,0,1,2,0-1-2
TRUB2,43,9.53188181818182,1.0,0,2,2,0-2-2
TSC1,924,9.502593506493504,1.0,4,2,2,4-2-2
TSC2,1489,10.69421168831169,1.0,4,3,2,4-3-2
TSC22D1,89,11.69962857142857,0.922077922077922,2,4,0,2-4-0
TSC22D2,37,9.01410909090909,1.0,0,1,2,0-1-2
TSC22D3,183,11.42442727272727,1.0,3,4,2,3-4-2
TSC22D4,58,9.858854545454546,1.0,1,2,2,1-2-2
TSEN15,33,9.621849350649345,1.0,0,2,2,0-2-2
TSEN2,37,7.503554545454547,0.8181818181818182,0,0,0,0-0-0
TSEN34,45,10.159235064935066,1.0,0,3,2,0-3-2
TSEN54,43,9.141024675324674,1.0,0,1,2,0-1-2
TSFM,83,9.403983116883117,1.0,2,2,2,2-2-2
TSG101,390,10.531200000000002,1.0,4,3,2,4-3-2
TSKU,32,10.721345454545451,1.0,0,3,2,0-3-2
TSN,99,11.107293506493512,1.0,2,4,2,2-4-2
TSNARE1,23,7.75191038961039,0.5454545454545454,0,0,0,0-0-0
TSNAX,111,10.319720779220777,1.0,2,3,2,2-3-2
TSPAN1,85,9.068372727272727,0.7922077922077922,2,1,0,2-1-0
TSPAN13,35,12.255861038961042,0.922077922077922,0,4,0,0-4-0
TSPAN14,23,11.208381818181818,0.8961038961038961,0,4,0,0-4-0
TSPAN15,39,10.754585714285716,1.0,0,3,2,0-3-2
TSPAN6,44,9.492297402597405,0.922077922077922,0,2,0,0-2-0
TSPAN9,31,10.540312987012987,0.7922077922077922,0,3,0,0-3-0
TSPO,946,10.41095064935065,1.0,4,3,2,4-3-2
TSPYL1,85,11.262844155844153,1.0,2,4,2,2-4-2
TSPYL4,18,9.675992207792207,0.6103896103896104,0,2,0,0-2-0
TSPYL5,50,9.352270129870131,1.0,1,2,2,1-2-2
TSR1,153,10.331793506493508,1.0,3,3,2,3-3-2
TSR2,29,9.900200000000002,1.0,0,2,2,0-2-2
TSSC4,44,8.864968831168836,1.0,0,1,2,0-1-2
TST,74,8.762128571428569,1.0,1,1,2,1-1-2
TSTD1,22,9.943727272727271,1.0,0,2,2,0-2-2
TSTD2,22,8.945483116883118,0.8961038961038961,0,1,0,0-1-0
TTC1,94,9.876740259740261,1.0,2,2,2,2-2-2
TTC12,42,7.9483558441558415,0.8311688311688312,0,0,0,0-0-0
TTC13,38,8.825866233766233,1.0,0,1,2,0-1-2
TTC14,26,9.287848051948052,0.961038961038961,0,2,0,0-2-0
TTC17,51,10.440045454545459,1.0,1,3,2,1-3-2
TTC19,55,9.969822077922078,1.0,1,2,2,1-2-2
TTC21B,50,8.551859740259742,1.0,1,1,2,1-1-2
TTC27,70,9.013022077922077,1.0,1,1,2,1-1-2
TTC28,68,8.643179220779219,1.0,1,1,2,1-1-2
TTC3,75,12.73335194805195,0.948051948051948,1,4,0,1-4-0
TTC31,18,8.96934805194805,0.7272727272727273,0,1,0,0-1-0
TTC33,26,8.08545844155844,1.0,0,0,2,0-0-2
TTC38,21,8.710318181818181,1.0,0,1,2,0-1-2
TTC39A,15,10.759140259740255,1.0,0,3,2,0-3-2
TTC39B,32,7.046515584415582,1.0,0,0,2,0-0-2
TTC39C,16,9.055241558441564,1.0,0,1,2,0-1-2
TTC4,86,9.247087012987015,1.0,2,2,2,2-2-2
TTC5,37,7.794876623376625,1.0,0,0,2,0-0-2
TTC7A,79,9.439651948051946,1.0,2,2,2,2-2-2
TTC7B,30,7.971605194805197,0.987012987012987,0,0,0,0-0-0
TTC8,55,8.904462337662334,0.961038961038961,1,1,0,1-1-0
TTC9,20,9.396361038961038,1.0,0,2,2,0-2-2
TTC9C,34,8.338220779220778,1.0,0,1,2,0-1-2
TTF1,72,8.536196103896103,0.5974025974025974,1,1,0,1-1-0
TTF2,79,8.918149350649353,1.0,2,1,2,2-1-2
TTK,387,8.409562337662333,0.8831168831168831,4,1,0,4-1-0
TTL,21,9.615663636363632,1.0,0,2,2,0-2-2
TTLL12,82,10.942441558441562,1.0,2,4,2,2-4-2
TTN,477,6.75643246753247,1.0,4,0,2,4-0-2
TTPAL,20,9.192742857142859,1.0,0,1,2,0-1-2
TTR,981,0.4891285714285715,1.0,4,0,2,4-0-2
TUBA1B,382,14.186820779220781,0.8961038961038961,4,4,0,4-4-0
TUBA1C,276,12.078594805194804,1.0,4,4,2,4-4-2
TUBA3E,45,3.608440259740261,1.0,0,0,2,0-0-2
TUBA4A,285,9.337154545454542,1.0,4,2,2,4-2-2
TUBB,542,14.458454545454545,1.0,4,4,2,4-4-2
TUBB1,91,4.048809090909092,1.0,2,0,2,2-0-2
TUBB2A,300,9.518698701298698,1.0,4,2,2,4-2-2
TUBB2B,185,4.693942857142857,0.974025974025974,3,0,0,3-0-0
TUBB3,682,9.0757038961039,1.0,4,1,2,4-1-2
TUBB6,230,10.004262337662338,1.0,3,3,2,3-3-2
TUBG1,260,10.079885714285718,1.0,4,3,2,4-3-2
TUBG2,44,7.729506493506492,0.5714285714285714,0,0,0,0-0-0
TUBGCP2,130,10.475420779220778,1.0,3,3,2,3-3-2
TUBGCP3,111,9.088253246753245,1.0,2,1,2,2-1-2
TUBGCP4,84,8.123345454545456,0.961038961038961,2,0,0,2-0-0
TUBGCP5,58,8.337438961038957,0.7662337662337663,1,1,0,1-1-0
TUBGCP6,67,9.259129870129868,1.0,1,2,2,1-2-2
TUFM,373,12.087544155844164,1.0,4,4,2,4-4-2
TUFT1,56,10.16986493506494,1.0,1,3,2,1-3-2
TULP3,61,9.433909090909093,1.0,1,2,2,1-2-2
TUSC1,27,8.261809090909093,0.961038961038961,0,1,0,0-1-0
TUSC2,77,9.113881818181815,0.948051948051948,1,1,0,1-1-0
TUT1,66,9.08968181818182,1.0,1,1,2,1-1-2
TWF1,131,11.003715584415588,1.0,3,4,2,3-4-2
TWF2,76,9.90710389610389,1.0,1,2,2,1-2-2
TWSG1,44,9.90741818181818,1.0,0,2,2,0-2-2
TXLNA,151,11.07953766233766,1.0,3,4,2,3-4-2
TXLNG,76,8.04207272727273,1.0,1,0,2,1-0-2
TXN,563,11.533950649350649,1.0,4,4,2,4-4-2
TXN2,94,10.407502597402601,1.0,2,3,2,2-3-2
TXNDC11,39,10.47327922077922,0.9090909090909092,0,3,0,0-3-0
TXNDC12,90,10.53691688311688,1.0,2,3,2,2-3-2
TXNDC15,28,10.061562337662338,0.7012987012987013,0,3,0,0-3-0
TXNDC16,29,8.891735064935062,0.7922077922077922,0,1,0,0-1-0
TXNDC17,62,9.428385714285708,1.0,1,2,2,1-2-2
TXNDC5,197,12.700405194805198,1.0,3,4,2,3-4-2
TXNDC9,59,9.413658441558443,1.0,1,2,2,1-2-2
TXNIP,690,12.82668961038961,1.0,4,4,2,4-4-2
TXNL1,132,10.457564935064935,1.0,3,3,2,3-3-2
TXNL4A,72,9.789629870129872,1.0,1,2,2,1-2-2
TXNL4B,41,7.681846753246752,0.961038961038961,0,0,0,0-0-0
TXNRD1,390,10.882732467532469,1.0,4,4,2,4-4-2
TXNRD2,132,8.427677922077919,1.0,3,1,2,3-1-2
TYK2,586,10.21201038961039,1.0,4,3,2,4-3-2
TYMP,269,10.633710389610389,1.0,4,3,2,4-3-2
TYMS,687,9.348424675324672,0.961038961038961,4,2,0,4-2-0
TYROBP,282,9.483337662337663,0.7922077922077922,4,2,0,4-2-0
TYSND1,37,8.991475324675323,0.961038961038961,0,1,0,0-1-0
TYW1,43,9.187672727272727,0.922077922077922,0,1,0,0-1-0
TYW3,20,8.87092207792208,0.7792207792207793,0,1,0,0-1-0
U2AF1,402,10.543976623376624,1.0,4,3,2,4-3-2
U2AF2,533,11.66692857142857,1.0,4,4,2,4-4-2
UACA,111,10.374462337662342,1.0,2,3,2,2-3-2
UAP1,46,11.135327272727274,1.0,1,4,2,1-4-2
UAP1L1,20,8.43606883116883,1.0,0,1,2,0-1-2
UBA1,564,13.112875324675327,1.0,4,4,2,4-4-2
UBA2,224,11.235711688311685,1.0,3,4,2,3-4-2
UBA3,193,10.018625974025971,1.0,3,3,2,3-3-2
UBA5,118,9.660281818181817,1.0,2,2,2,2-2-2
UBA52,211,12.966841558441558,0.961038961038961,3,4,0,3-4-0
UBA6,101,10.149151948051946,1.0,2,3,2,2-3-2
UBA7,64,9.348258441558444,1.0,1,2,2,1-2-2
UBAC1,66,9.352570129870127,1.0,1,2,2,1-2-2
UBAC2,95,10.404511688311686,0.974025974025974,2,3,0,2-3-0
UBAP1,80,10.319697402597402,1.0,2,3,2,2-3-2
UBAP2,120,10.083611688311686,1.0,2,3,2,2-3-2
UBAP2L,233,12.281870129870128,1.0,3,4,2,3-4-2
UBASH3A,66,4.393924675324675,0.7532467532467533,1,0,0,1-0-0
UBASH3B,93,6.97975974025974,1.0,2,0,2,2-0-2
UBE2A,140,10.602342857142856,1.0,3,3,2,3-3-2
UBE2B,133,10.010463636363635,1.0,3,3,2,3-3-2
UBE2C,350,9.522654545454547,1.0,4,2,2,4-2-2
UBE2D1,673,8.658207792207792,1.0,4,1,2,4-1-2
UBE2D2,580,10.845612987012982,0.7922077922077922,4,3,0,4-3-0
UBE2D3,597,12.334158441558442,0.5324675324675324,4,4,0,4-4-0
UBE2E1,182,10.418701298701297,0.8831168831168831,3,3,0,3-3-0
UBE2F,48,9.31223116883117,1.0,1,2,2,1-2-2
UBE2G1,77,10.348333766233763,1.0,1,3,2,1-3-2
UBE2G2,147,10.603107792207794,1.0,3,3,2,3-3-2
UBE2H,92,11.03277662337662,1.0,2,4,2,2-4-2
UBE2I,611,11.173846753246755,1.0,4,4,2,4-4-2
UBE2J1,124,10.911023376623378,0.935064935064935,2,4,0,2-4-0
UBE2J2,51,9.493436363636366,0.961038961038961,1,2,0,1-2-0
UBE2K,179,11.059741558441555,1.0,3,4,2,3-4-2
UBE2L3,490,10.9371987012987,1.0,4,4,2,4-4-2
UBE2L6,103,11.180854545454546,1.0,2,4,2,2-4-2
UBE2M,231,10.003532467532466,1.0,3,3,2,3-3-2
UBE2N,464,10.983832467532467,1.0,4,4,2,4-4-2
UBE2O,168,10.193006493506497,1.0,3,3,2,3-3-2
UBE2Q1,60,11.149946753246752,1.0,1,4,2,1-4-2
UBE2Q2,33,9.971641558441561,0.974025974025974,0,2,0,0-2-0
UBE2R2,67,11.065337662337663,1.0,1,4,2,1-4-2
UBE2S,180,8.77350909090909,1.0,3,1,2,3-1-2
UBE2T,160,8.930370129870132,1.0,3,1,2,3-1-2
UBE2V2,110,9.990431168831172,1.0,2,2,2,2-2-2
UBE2W,75,9.679163636363636,0.8571428571428571,1,2,0,1-2-0
UBE2Z,66,11.643148051948051,1.0,1,4,2,1-4-2
UBE3A,699,10.890346753246755,1.0,4,4,2,4-4-2
UBE3B,55,10.348667532467529,1.0,1,3,2,1-3-2
UBE3C,145,11.239058441558441,1.0,3,4,2,3-4-2
UBE4A,79,10.67994285714286,1.0,2,3,2,2-3-2
UBE4B,127,10.303638961038963,1.0,2,3,2,2-3-2
UBFD1,38,10.927801298701297,1.0,0,4,2,0-4-2
UBIAD1,95,9.203903896103895,0.7402597402597403,2,2,0,2-2-0
UBL4A,130,10.150384415584416,1.0,3,3,2,3-3-2
UBL5,52,10.871753246753244,1.0,1,4,2,1-4-2
UBL7,45,9.600179220779221,1.0,0,2,2,0-2-2
UBLCP1,57,8.99402077922078,1.0,1,1,2,1-1-2
UBN1,73,10.912028571428571,1.0,1,4,2,1-4-2
UBN2,57,9.591451948051946,0.961038961038961,1,2,0,1-2-0
UBOX5,32,8.43023896103896,0.961038961038961,0,1,0,0-1-0
UBP1,72,10.95583376623377,1.0,1,4,2,1-4-2
UBQLN1,255,11.755868831168833,1.0,4,4,2,4-4-2
UBQLN2,229,10.429522077922076,1.0,3,3,2,3-3-2
UBQLN4,81,11.147601298701295,1.0,2,4,2,2-4-2
UBR1,119,9.614915584415586,1.0,2,2,2,2-2-2
UBR2,96,10.041375324675322,1.0,2,3,2,2-3-2
UBR3,38,10.151887012987014,1.0,0,3,2,0-3-2
UBR4,234,11.821402597402601,1.0,3,4,2,3-4-2
UBR5,371,11.925251948051944,1.0,4,4,2,4-4-2
UBR7,47,10.428006493506494,1.0,1,3,2,1-3-2
UBTD2,26,9.956315584415588,1.0,0,2,2,0-2-2
UBTF,249,11.565681818181817,1.0,4,4,2,4-4-2
UBXN1,118,10.382833766233768,1.0,2,3,2,2-3-2
UBXN2A,42,8.191437662337663,0.8831168831168831,0,1,0,0-1-0
UBXN2B,31,10.059372727272727,1.0,0,3,2,0-3-2
UBXN4,102,11.79728051948052,1.0,2,4,2,2-4-2
UBXN6,88,10.345809090909091,1.0,2,3,2,2-3-2
UBXN7,75,8.613205194805197,1.0,1,1,2,1-1-2
UCHL1,1015,7.236964935064931,1.0,4,0,2,4-0-2
UCHL3,154,8.464133766233767,1.0,3,1,2,3-1-2
UCHL5,232,9.3220012987013,1.0,3,2,2,3-2-2
UCK1,29,9.193492207792207,1.0,0,1,2,0-1-2
UCK2,118,9.030242857142857,1.0,2,1,2,2-1-2
UCKL1,38,8.99531948051948,1.0,0,1,2,0-1-2
UEVLD,26,8.31701038961039,1.0,0,1,2,0-1-2
UFC1,77,11.558742857142862,1.0,1,4,2,1-4-2
UFM1,136,10.53774155844156,1.0,3,3,2,3-3-2
UFSP1,26,4.518031168831168,0.948051948051948,0,0,0,0-0-0
UFSP2,46,9.02147272727273,1.0,1,1,2,1-1-2
UGCG,74,8.7816974025974,0.8701298701298701,1,1,0,1-1-0
UGDH,148,10.911077922077919,1.0,3,4,2,3-4-2
UGGT1,158,11.26741558441559,1.0,3,4,2,3-4-2
UGGT2,59,8.730279220779218,0.974025974025974,1,1,0,1-1-0
UGP2,90,11.199677922077921,1.0,2,4,2,2-4-2
UHRF2,96,9.465205194805195,1.0,2,2,2,2-2-2
UIMC1,202,8.612509090909091,1.0,3,1,2,3-1-2
ULK1,727,10.310637662337665,0.8441558441558441,4,3,0,4-3-0
ULK3,50,9.346370129870134,1.0,1,2,2,1-2-2
UMPS,131,9.595125974025974,1.0,3,2,2,3-2-2
UNC119,81,9.006194805194806,1.0,2,1,2,2-1-2
UNC119B,41,9.422415584415585,1.0,0,2,2,0-2-2
UNC13B,132,9.986680519480522,0.961038961038961,3,2,0,3-2-0
UNC13D,222,8.390180519480522,1.0,3,1,2,3-1-2
UNC45A,176,10.823464935064935,1.0,3,3,2,3-3-2
UNC5B,137,10.296150649350652,0.8051948051948052,3,3,0,3-3-0
UNG,209,10.200494805194806,1.0,3,3,2,3-3-2
UNK,41,9.445541558441558,1.0,0,2,2,0-2-2
UNKL,32,8.321520779220778,0.8831168831168831,0,1,0,0-1-0
UPF1,631,11.468233766233768,1.0,4,4,2,4-4-2
UPF2,177,10.25903896103896,1.0,3,3,2,3-3-2
UPF3A,83,9.097074025974024,0.974025974025974,2,1,0,2-1-0
UPF3B,172,8.112679220779222,1.0,3,0,2,3-0-2
UPP1,61,7.145245454545453,1.0,1,0,2,1-0-2
UPRT,23,8.205881818181817,1.0,0,1,2,0-1-2
UQCR10,57,10.30827012987013,1.0,1,3,2,1-3-2
UQCR11,16,10.062477922077925,1.0,0,3,2,0-3-2
UQCRB,84,11.683025974025973,1.0,2,4,2,2-4-2
UQCRC1,158,11.356079220779218,1.0,3,4,2,3-4-2
UQCRC2,219,11.73425454545454,1.0,3,4,2,3-4-2
UQCRFS1,94,10.549302597402601,1.0,2,3,2,2-3-2
UQCRQ,60,10.773427272727274,1.0,1,3,2,1-3-2
URB1,83,10.045415584415588,1.0,2,3,2,2-3-2
URB2,59,9.127227272727271,1.0,1,1,2,1-1-2
URGCP,60,9.618902597402599,1.0,1,2,2,1-2-2
URM1,34,9.919536363636364,1.0,0,2,2,0-2-2
UROD,84,9.91587662337662,1.0,2,2,2,2-2-2
UROS,50,9.353045454545455,1.0,1,2,2,1-2-2
USE1,75,7.9541051948051935,1.0,1,0,2,1-0-2
USF1,424,10.073327272727271,1.0,4,3,2,4-3-2
USF2,191,11.062657142857145,1.0,3,4,2,3-4-2
USP1,206,10.544592207792208,0.948051948051948,3,3,0,3-3-0
USP10,288,10.789248051948055,1.0,4,3,2,4-3-2
USP11,244,10.385149350649348,1.0,3,3,2,3-3-2
USP13,149,9.388412987012984,1.0,3,2,2,3-2-2
USP14,342,10.949688311688309,1.0,4,4,2,4-4-2
USP15,275,9.791209090909089,1.0,4,2,2,4-2-2
USP16,93,10.079431168831166,1.0,2,3,2,2-3-2
USP18,236,9.029514285714287,1.0,3,1,2,3-1-2
USP19,115,10.227518181818185,1.0,2,3,2,2-3-2
USP20,95,9.203833766233767,0.8571428571428571,2,2,0,2-2-0
USP22,249,12.240724675324675,1.0,4,4,2,4-4-2
USP24,111,10.744835064935065,1.0,2,3,2,2-3-2
USP25,129,9.850287012987016,1.0,3,2,2,3-2-2
USP28,166,9.053572727272726,1.0,3,1,2,3-1-2
USP3,86,9.155571428571427,1.0,2,1,2,2-1-2
USP30,106,8.623048051948048,0.8571428571428571,2,1,0,2-1-0
USP32,57,10.534740259740262,1.0,1,3,2,1-3-2
USP33,115,10.504224675324677,1.0,2,3,2,2-3-2
USP34,98,11.534622077922071,1.0,2,4,2,2-4-2
USP35,55,7.580479220779221,0.6233766233766234,1,0,0,1-0-0
USP36,137,10.371946753246755,1.0,3,3,2,3-3-2
USP38,46,9.8813974025974,0.8961038961038961,1,2,0,1-2-0
USP39,207,10.421035064935069,1.0,3,3,2,3-3-2
USP4,178,10.383237662337667,1.0,3,3,2,3-3-2
USP40,34,9.780853246753248,1.0,0,2,2,0-2-2
USP42,62,8.78837792207792,0.7922077922077922,1,1,0,1-1-0
USP43,28,7.028746753246753,0.5974025974025974,0,0,0,0-0-0
USP46,67,9.153102597402604,0.974025974025974,1,1,0,1-1-0
USP47,111,10.871151948051947,1.0,2,4,2,2-4-2
USP48,90,10.24032467532468,1.0,2,3,2,2-3-2
USP5,235,11.01995324675325,1.0,3,4,2,3-4-2
USP54,72,9.932642857142856,0.961038961038961,1,2,0,1-2-0
USP6NL,78,9.211966233766232,1.0,2,2,2,2-2-2
USP7,959,11.920929870129868,1.0,4,4,2,4-4-2
USP8,294,10.217628571428572,1.0,4,3,2,4-3-2
USP9X,446,12.091259740259737,1.0,4,4,2,4-4-2
UTP14A,137,9.295577922077925,1.0,3,2,2,3-2-2
UTP15,88,8.431014285714287,1.0,2,1,2,2-1-2
UTP18,109,9.844024675324677,1.0,2,2,2,2-2-2
UTP20,99,9.707257142857141,1.0,2,2,2,2-2-2
UTP23,40,9.396290909090906,1.0,0,2,2,0-2-2
UTP3,96,9.467263636363638,1.0,2,2,2,2-2-2
UTP6,78,9.657611688311691,1.0,2,2,2,2-2-2
UTRN,219,10.984131168831171,1.0,3,4,2,3-4-2
UVRAG,138,9.640306493506497,1.0,3,2,2,3-2-2
UXS1,52,9.471688311688315,0.974025974025974,1,2,0,1-2-0
UXT,99,9.680231168831174,1.0,2,2,2,2-2-2
VAC14,133,9.89833116883117,1.0,3,2,2,3-2-2
VAMP2,236,10.23035194805195,1.0,3,3,2,3-3-2
VAMP3,148,10.798806493506493,1.0,3,3,2,3-3-2
VAMP4,81,8.69306623376623,0.6883116883116883,2,1,0,2-1-0
VAMP5,27,8.090080519480523,0.8311688311688312,0,0,0,0-0-0
VAMP7,189,10.132257142857144,1.0,3,3,2,3-3-2
VAMP8,182,11.17252857142857,1.0,3,4,2,3-4-2
VANGL1,157,10.116576623376623,0.935064935064935,3,3,0,3-3-0
VANGL2,121,9.095736363636368,0.6753246753246753,2,1,0,2-1-0
VAPA,309,11.578962337662345,1.0,4,4,2,4-4-2
VAPB,352,10.451002597402605,1.0,4,3,2,4-3-2
VARS2,69,9.529206493506495,1.0,1,2,2,1-2-2
VASH1,180,9.187028571428574,0.961038961038961,3,1,0,3-1-0
VASN,49,8.550764935064935,1.0,1,1,2,1-1-2
VASP,252,10.958519480519481,1.0,4,4,2,4-4-2
VAT1,120,12.063441558441559,1.0,2,4,2,2-4-2
VAT1L,16,4.000958441558445,0.5194805194805194,0,0,0,0-0-0
VAV1,549,7.483538961038961,1.0,4,0,2,4-0-2
VAV2,204,10.050454545454548,1.0,3,3,2,3-3-2
VAV3,135,11.204635064935063,1.0,3,4,2,3-4-2
VBP1,153,9.946928571428574,1.0,3,2,2,3-2-2
VCAM1,624,9.399810389610389,1.0,4,2,2,4-2-2
VCAN,547,12.682881818181823,1.0,4,4,2,4-4-2
VCL,441,11.789303896103895,1.0,4,4,2,4-4-2
VCP,1244,12.987328571428572,1.0,4,4,2,4-4-2
VCPIP1,100,10.026883116883118,1.0,2,3,2,2-3-2
VDAC1,685,12.159615584415581,1.0,4,4,2,4-4-2
VDAC2,349,10.451158441558443,1.0,4,3,2,4-3-2
VDAC3,178,10.887938961038957,1.0,3,4,2,3-4-2
VDR,2492,9.867227272727273,0.9090909090909092,4,2,0,4-2-0
VEGFA,16685,11.03031688311688,0.7402597402597403,4,4,0,4-4-0
VEZF1,74,10.748068831168831,1.0,1,3,2,1-3-2
VEZT,67,10.517255844155843,0.935064935064935,1,3,0,1-3-0
VGLL4,79,11.113689610389612,1.0,2,4,2,2-4-2
VHL,2236,9.739125974025976,1.0,4,2,2,4-2-2
VIM,1290,14.032662337662334,1.0,4,4,2,4-4-2
VIT,17,4.250246753246754,0.7532467532467533,0,0,0,0-0-0
VKORC1,1017,10.59148571428571,1.0,4,3,2,4-3-2
VKORC1L1,70,10.482596103896103,1.0,1,3,2,1-3-2
VMAC,10,6.874564935064935,1.0,0,0,2,0-0-2
VNN1,50,4.957885714285715,0.7402597402597403,1,0,0,1-0-0
VNN2,49,4.812762337662337,0.5974025974025974,1,0,0,1-0-0
VPS13A,185,9.183024675324672,1.0,3,1,2,3-1-2
VPS13B,119,10.329924675324678,1.0,2,3,2,2-3-2
VPS13C,106,10.334025974025971,1.0,2,3,2,2-3-2
VPS13D,82,10.741661038961045,1.0,2,3,2,2-3-2
VPS16,101,9.839811688311688,1.0,2,2,2,2-2-2
VPS18,99,9.489848051948055,1.0,2,2,2,2-2-2
VPS25,65,10.02431948051948,1.0,1,3,2,1-3-2
VPS26A,166,10.483615584415585,1.0,3,3,2,3-3-2
VPS26B,44,10.406455844155841,1.0,0,3,2,0-3-2
VPS28,109,10.97397272727273,1.0,2,4,2,2-4-2
VPS29,119,9.999496103896105,1.0,2,3,2,2-3-2
VPS33A,93,9.19055454545455,1.0,2,1,2,2-1-2
VPS33B,132,8.1553038961039,1.0,3,0,2,3-0-2
VPS35,352,11.671215584415586,1.0,4,4,2,4-4-2
VPS36,64,9.723306493506492,1.0,1,2,2,1-2-2
VPS37A,79,9.343471428571432,1.0,2,2,2,2-2-2
VPS37B,59,9.620667532467538,1.0,1,2,2,1-2-2
VPS37C,51,10.049290909090903,1.0,1,3,2,1-3-2
VPS39,93,10.623259740259742,1.0,2,3,2,2-3-2
VPS41,82,10.12098831168831,1.0,2,3,2,2-3-2
VPS45,97,10.20596233766234,1.0,2,3,2,2-3-2
VPS4A,241,10.62021038961039,1.0,3,3,2,3-3-2
VPS4B,159,10.510154545454547,1.0,3,3,2,3-3-2
VPS52,103,10.626649350649346,1.0,2,3,2,2-3-2
VPS53,79,9.79211298701299,1.0,2,2,2,2-2-2
VPS54,46,9.5017038961039,0.961038961038961,1,2,0,1-2-0
VPS72,76,10.228588311688313,1.0,1,3,2,1-3-2
VPS8,43,9.742166233766236,1.0,0,2,2,0-2-2
VRK1,194,8.399137662337663,1.0,3,1,2,3-1-2
VRK2,134,9.434971428571428,1.0,3,2,2,3-2-2
VRK3,59,9.442274025974026,1.0,1,2,2,1-2-2
VSIG4,66,7.959150649350651,1.0,1,0,2,1-0-2
VSNL1,103,5.408838961038957,1.0,2,0,2,2-0-2
VTA1,102,10.208648051948051,1.0,2,3,2,2-3-2
VTCN1,294,9.353410389610387,1.0,4,2,2,4-2-2
VTI1A,75,8.685753246753244,1.0,1,1,2,1-1-2
VTI1B,90,10.06011038961039,1.0,2,3,2,2-3-2
VTN,264,2.6326961038961048,1.0,4,0,2,4-0-2
VWA1,33,10.574628571428569,1.0,0,3,2,0-3-2
VWA2,26,7.456225974025976,0.7922077922077922,0,0,0,0-0-0
VWA5A,32,8.944370129870132,1.0,0,1,2,0-1-2
VWF,1038,11.55119090909091,1.0,4,4,2,4-4-2
WAC,109,11.644745454545456,1.0,2,4,2,2-4-2
WARS2,48,8.59334025974026,1.0,1,1,2,1-1-2
WAS,594,7.402261038961038,1.0,4,0,2,4-0-2
WASF1,177,7.312941558441558,0.6623376623376623,3,0,0,3-0-0
WASF2,190,11.79149740259741,1.0,3,4,2,3-4-2
WASF3,97,7.07478181818182,0.6753246753246753,2,0,0,2-0-0
WASL,327,10.814083116883117,1.0,4,3,2,4-3-2
WBP11,123,11.213455844155845,1.0,2,4,2,2-4-2
WBP2,101,11.49523246753247,1.0,2,4,2,2-4-2
WBP4,53,7.961893506493505,1.0,1,0,2,1-0-2
WDFY1,37,10.267572727272729,1.0,0,3,2,0-3-2
WDFY2,32,7.659883116883117,0.961038961038961,0,0,0,0-0-0
WDFY3,83,10.401457142857144,1.0,2,3,2,2-3-2
WDFY4,34,7.577005194805195,1.0,0,0,2,0-0-2
WDHD1,127,8.334428571428571,1.0,2,1,2,2-1-2
WDR1,192,12.599133766233766,1.0,3,4,2,3-4-2
WDR11,98,9.959951948051948,1.0,2,2,2,2-2-2
WDR12,103,8.9565038961039,1.0,2,1,2,2-1-2
WDR13,30,9.93498961038961,1.0,0,2,2,0-2-2
WDR18,109,8.951805194805194,1.0,2,1,2,2-1-2
WDR19,54,8.626729870129868,1.0,1,1,2,1-1-2
WDR20,75,8.878292207792208,1.0,1,1,2,1-1-2
WDR24,58,8.543909090909093,1.0,1,1,2,1-1-2
WDR26,146,11.87025194805195,1.0,3,4,2,3-4-2
WDR3,127,10.049596103896105,1.0,2,3,2,2-3-2
WDR33,125,10.405558441558446,1.0,2,3,2,2-3-2
WDR35,59,8.997297402597402,1.0,1,1,2,1-1-2
WDR36,175,9.51163376623377,1.0,3,2,2,3-2-2
WDR37,51,8.87331948051948,1.0,1,1,2,1-1-2
WDR4,85,7.539758441558445,1.0,2,0,2,2-0-2
WDR41,60,9.21311948051948,1.0,1,2,2,1-2-2
WDR43,100,10.008742857142856,1.0,2,3,2,2-3-2
WDR44,68,8.630429870129866,1.0,1,1,2,1-1-2
WDR45,157,9.78069090909091,1.0,3,2,2,3-2-2
WDR46,68,9.969766233766236,1.0,1,2,2,1-2-2
WDR47,36,8.724541558441558,1.0,0,1,2,0-1-2
WDR48,139,10.02087012987013,1.0,3,3,2,3-3-2
WDR5,489,9.970183116883117,1.0,4,2,2,4-2-2
WDR53,11,7.490733766233765,0.6623376623376623,0,0,0,0-0-0
WDR54,22,7.605342857142858,1.0,0,0,2,0-0-2
WDR55,45,9.17725064935065,1.0,0,1,2,0-1-2
WDR59,61,9.06767142857143,1.0,1,1,2,1-1-2
WDR6,149,11.31404415584416,1.0,3,4,2,3-4-2
WDR62,132,7.92504935064935,0.6363636363636364,3,0,0,3-0-0
WDR7,59,9.126128571428568,1.0,1,1,2,1-1-2
WDR70,65,8.966070129870133,1.0,1,1,2,1-1-2
WDR73,33,8.486084415584418,1.0,0,1,2,0-1-2
WDR74,73,9.105710389610387,1.0,1,1,2,1-1-2
WDR75,90,9.946777922077922,1.0,2,2,2,2-2-2
WDR76,50,8.108583116883116,0.8701298701298701,1,0,0,1-0-0
WDR77,286,9.580788311688314,1.0,4,2,2,4-2-2
WDR81,48,9.473405194805197,1.0,1,2,2,1-2-2
WDR82,134,11.491966233766233,1.0,3,4,2,3-4-2
WDR83,66,7.455644155844155,1.0,1,0,2,1-0-2
WDR87,14,1.2396974025974035,0.7272727272727273,0,0,0,0-0-0
WDR89,25,8.447257142857143,1.0,0,1,2,0-1-2
WDR90,22,9.127093506493507,0.5714285714285714,0,1,0,0-1-0
WDR91,45,8.41300909090909,1.0,0,1,2,0-1-2
WDSUB1,14,7.835620779220779,1.0,0,0,2,0-0-2
WDTC1,59,10.820928571428569,1.0,1,3,2,1-3-2
WEE1,699,10.113093506493508,1.0,4,3,2,4-3-2
WFDC2,662,8.422551948051952,1.0,4,1,2,4-1-2
WFS1,266,10.659322077922074,1.0,4,3,2,4-3-2
WHAMM,33,8.207818181818183,0.6883116883116883,0,1,0,0-1-0
WIPF1,153,10.173937662337664,1.0,3,3,2,3-3-2
WIPF2,65,10.587910389610391,1.0,1,3,2,1-3-2
WIPI1,52,9.735310389610394,1.0,1,2,2,1-2-2
WIPI2,103,10.648297402597407,1.0,2,3,2,2-3-2
WIZ,117,10.497197402597402,1.0,2,3,2,2-3-2
WLS,128,9.270223376623381,0.7662337662337663,3,2,0,3-2-0
WNK1,359,12.534688311688315,1.0,4,4,2,4-4-2
WNK4,203,7.069592207792208,0.7402597402597403,3,0,0,3-0-0
WNT2,157,7.2726999999999995,0.7142857142857143,3,0,0,3-0-0
WNT5A,993,8.242332467532467,0.7792207792207793,4,1,0,4-1-0
WRAP53,116,7.642392207792207,1.0,2,0,2,2-0-2
WRN,777,8.417903896103896,1.0,4,1,2,4-1-2
WRNIP1,150,10.275959740259742,1.0,3,3,2,3-3-2
WTAP,337,10.695653246753245,1.0,4,3,2,4-3-2
WWC1,187,10.144740259740257,0.948051948051948,3,3,0,3-3-0
WWC2,42,8.86069480519481,0.6883116883116883,0,1,0,0-1-0
WWOX,450,8.142890909090907,1.0,4,0,2,4-0-2
WWP1,223,11.492951948051948,1.0,3,4,2,3-4-2
WWP2,230,10.320446753246753,1.0,3,3,2,3-3-2
WWTR1,758,8.726205194805194,1.0,4,1,2,4-1-2
XAB2,152,10.151010389610395,1.0,3,3,2,3-3-2
XAF1,151,9.757768831168834,1.0,3,2,2,3-2-2
XDH,168,5.800746753246753,1.0,3,0,2,3-0-2
XIAP,1719,10.600229870129871,1.0,4,3,2,4-3-2
XIRP1,36,4.374202597402597,0.961038961038961,0,0,0,0-0-0
XPA,578,7.690497402597399,1.0,4,0,2,4-0-2
XPC,768,9.9704987012987,1.0,4,2,2,4-2-2
XPNPEP1,65,9.891312987012983,1.0,1,2,2,1-2-2
XPNPEP3,67,8.059879220779223,1.0,1,0,2,1-0-2
XPO1,652,12.044028571428573,1.0,4,4,2,4-4-2
XPO4,69,9.261287012987015,1.0,1,2,2,1-2-2
XPO5,255,10.684842857142856,1.0,4,3,2,4-3-2
XPO6,60,11.262784415584418,1.0,1,4,2,1-4-2
XPO7,85,10.699844155844154,1.0,2,3,2,2-3-2
XPOT,161,11.234570129870132,1.0,3,4,2,3-4-2
XRCC1,1849,9.802732467532463,1.0,4,2,2,4-2-2
XRCC4,496,6.956823376623378,1.0,4,0,2,4-0-2
XRCC5,1420,13.021059740259737,1.0,4,4,2,4-4-2
XRCC6,1840,12.773264935064933,1.0,4,4,2,4-4-2
XRN1,199,9.9221025974026,1.0,3,2,2,3-2-2
XRN2,285,11.336715584415579,1.0,4,4,2,4-4-2
XYLB,23,7.354554545454546,1.0,0,0,2,0-0-2
XYLT1,65,8.779035064935064,0.6753246753246753,1,1,0,1-1-0
YAF2,64,8.033371428571426,0.8831168831168831,1,0,0,1-0-0
YAP1,3154,11.040102597402596,1.0,4,4,2,4-4-2
YARS2,84,8.552563636363635,1.0,2,1,2,2-1-2
YBX1,1463,12.644212987012988,1.0,4,4,2,4-4-2
YBX2,55,6.553774025974027,1.0,1,0,2,1-0-2
YDJC,16,8.167894805194804,0.922077922077922,0,1,0,0-1-0
YEATS2,103,10.086148051948049,1.0,2,3,2,2-3-2
YEATS4,117,8.671540259740262,1.0,2,1,2,2-1-2
YES1,332,10.562911688311688,1.0,4,3,2,4-3-2
YIF1A,53,10.179497402597404,0.8961038961038961,1,3,0,1-3-0
YIF1B,55,9.303255844155846,0.8441558441558441,1,2,0,1-2-0
YIPF2,22,10.068916883116884,0.8311688311688312,0,3,0,0-3-0
YIPF3,50,11.429905194805196,1.0,1,4,2,1-4-2
YIPF4,36,9.370759740259741,1.0,0,2,2,0-2-2
YIPF5,69,10.153025974025976,1.0,1,3,2,1-3-2
YIPF6,34,8.701706493506489,0.974025974025974,0,1,0,0-1-0
YKT6,122,11.119729870129873,1.0,2,4,2,2-4-2
YLPM1,144,10.734762337662342,1.0,3,3,2,3-3-2
YME1L1,145,11.991885714285711,1.0,3,4,2,3-4-2
YOD1,67,8.254531168831166,1.0,1,1,2,1-1-2
YPEL2,15,9.443651948051949,0.6883116883116883,0,2,0,0-2-0
YPEL5,47,10.81291038961039,1.0,1,3,2,1-3-2
YRDC,37,8.562427272727271,1.0,0,1,2,0-1-2
YTHDC1,216,10.772041558441554,1.0,3,3,2,3-3-2
YTHDC2,188,9.685214285714288,1.0,3,2,2,3-2-2
YTHDF1,292,10.775667532467534,1.0,4,3,2,4-3-2
YTHDF2,476,11.12346883116883,1.0,4,4,2,4-4-2
YWHAB,559,13.169871428571428,1.0,4,4,2,4-4-2
YWHAE,712,13.33214025974026,1.0,4,4,2,4-4-2
YWHAG,475,12.269444155844154,1.0,4,4,2,4-4-2
YWHAH,371,11.97525974025974,1.0,4,4,2,4-4-2
YWHAQ,592,12.841037662337666,1.0,4,4,2,4-4-2
YWHAZ,896,14.568075324675322,1.0,4,4,2,4-4-2
YY1,1042,10.51290909090909,1.0,4,3,2,4-3-2
YY1AP1,524,11.301345454545457,0.7662337662337663,4,4,0,4-4-0
ZAP70,1065,5.6944727272727285,1.0,4,0,2,4-0-2
ZBP1,73,5.139454545454544,0.8831168831168831,1,0,0,1-0-0
ZBTB1,48,9.658761038961035,0.922077922077922,1,2,0,1-2-0
ZBTB10,84,8.987622077922076,0.974025974025974,2,1,0,2-1-0
ZBTB11,51,9.509527272727272,0.987012987012987,1,2,0,1-2-0
ZBTB2,55,9.372383116883118,0.961038961038961,1,2,0,1-2-0
ZBTB20,93,3.780996103896103,1.0,2,0,2,2-0-2
ZBTB33,168,10.042658441558443,0.974025974025974,3,3,0,3-3-0
ZBTB4,46,10.919905194805194,0.8311688311688312,1,4,0,1-4-0
ZBTB40,42,9.436675324675324,0.974025974025974,0,2,0,0-2-0
ZBTB43,29,8.697484415584416,0.8571428571428571,0,1,0,0-1-0
ZBTB47,17,8.343419480519476,0.6233766233766234,0,1,0,0-1-0
ZBTB7A,246,9.750362337662338,1.0,3,2,2,3-2-2
ZBTB7B,94,11.043522077922075,1.0,2,4,2,2-4-2
ZBTB9,45,8.61853766233766,0.8701298701298701,0,1,0,0-1-0
ZC3H11A,134,12.08582597402597,1.0,3,4,2,3-4-2
ZC3H12A,196,7.837774025974024,1.0,3,0,2,3-0-2
ZC3H13,107,10.688390909090906,1.0,2,3,2,2-3-2
ZC3H14,123,10.23859740259741,1.0,2,3,2,2-3-2
ZC3H15,116,10.669481818181815,1.0,2,3,2,2-3-2
ZC3H18,114,9.631424675324675,1.0,2,2,2,2-2-2
ZC3H4,106,10.155233766233764,1.0,2,3,2,2-3-2
ZC3H6,20,8.107240259740257,1.0,0,0,2,0-0-2
ZC3H7A,62,10.083731168831163,1.0,1,3,2,1-3-2
ZC3H7B,71,11.139338961038963,1.0,1,4,2,1-4-2
ZC3H8,37,7.301457142857145,0.987012987012987,0,0,0,0-0-0
ZC3HAV1,359,10.466438961038959,1.0,4,3,2,4-3-2
ZC3HAV1L,40,5.446792207792208,1.0,0,0,2,0-0-2
ZC3HC1,78,8.438133766233765,1.0,2,1,2,2-1-2
ZCCHC10,32,8.268422077922077,0.5844155844155844,0,1,0,0-1-0
ZCCHC17,78,9.564085714285714,1.0,2,2,2,2-2-2
ZCCHC2,30,9.154675324675326,0.6493506493506493,0,1,0,0-1-0
ZCCHC24,18,9.246041558441558,0.948051948051948,0,2,0,0-2-0
ZCCHC3,95,8.931692207792208,1.0,2,1,2,2-1-2
ZCCHC4,27,7.229753246753249,0.6233766233766234,0,0,0,0-0-0
ZCCHC7,34,8.964210389610392,0.6233766233766234,0,1,0,0-1-0
ZCCHC9,35,8.151749350649354,0.6493506493506493,0,0,0,0-0-0
ZCRB1,31,9.85850909090909,1.0,0,2,2,0-2-2
ZDHHC13,42,8.946707792207793,1.0,0,1,2,0-1-2
ZDHHC17,70,9.013196103896103,0.922077922077922,1,1,0,1-1-0
ZDHHC20,61,7.763068831168834,0.7922077922077922,1,0,0,1-0-0
ZDHHC3,58,10.420737662337663,0.8831168831168831,1,3,0,1-3-0
ZDHHC5,109,11.562041558441555,1.0,2,4,2,2-4-2
ZDHHC6,42,9.778849350649349,0.5454545454545454,0,2,0,0-2-0
ZEB1,1540,9.095211688311686,0.7272727272727273,4,1,0,4-1-0
ZEB2,713,9.212323376623377,1.0,4,2,2,4-2-2
ZER1,35,10.53716883116883,0.961038961038961,0,3,0,0-3-0
ZFAND1,23,9.180459740259739,1.0,0,1,2,0-1-2
ZFAND2B,32,8.491468831168833,1.0,0,1,2,0-1-2
ZFAND3,29,10.935476623376621,1.0,0,4,2,0-4-2
ZFAND5,38,11.554409090909093,1.0,0,4,2,0-4-2
ZFAND6,47,10.552409090909089,1.0,1,3,2,1-3-2
ZFC3H1,92,9.522494805194809,0.974025974025974,2,2,0,2-2-0
ZFHX3,170,9.71365064935065,1.0,3,2,2,3-2-2
ZFP3,9,8.024888311688313,0.6103896103896104,0,0,0,0-0-0
ZFP36,379,10.752036363636364,0.5844155844155844,4,3,0,4-3-0
ZFP36L1,111,12.560071428571435,1.0,2,4,2,2-4-2
ZFP36L2,87,11.563216883116887,1.0,2,4,2,2-4-2
ZFP64,56,8.932376623376623,0.948051948051948,1,1,0,1-1-0
ZFP91,107,11.139567532467531,1.0,2,4,2,2-4-2
ZFPL1,53,9.125096103896103,1.0,1,1,2,1-1-2
ZFR,179,11.240546753246754,1.0,3,4,2,3-4-2
ZFX,74,9.718589610389607,1.0,1,2,2,1-2-2
ZFYVE1,64,9.299997402597407,1.0,1,2,2,1-2-2
ZFYVE16,124,10.109345454545453,1.0,2,3,2,2-3-2
ZFYVE19,37,8.997248051948052,1.0,0,1,2,0-1-2
ZFYVE21,31,9.75318831168831,1.0,0,2,2,0-2-2
ZFYVE26,61,9.762350649350648,1.0,1,2,2,1-2-2
ZFYVE9,75,9.085644155844156,0.922077922077922,1,1,0,1-1-0
ZG16B,80,9.682220779220781,0.922077922077922,2,2,0,2-2-0
ZGPAT,85,8.891485714285716,1.0,2,1,2,2-1-2
ZHX1,64,10.015132467532464,1.0,1,3,2,1-3-2
ZHX2,94,10.315499999999998,1.0,2,3,2,2-3-2
ZHX3,59,9.383261038961042,1.0,1,2,2,1-2-2
ZKSCAN1,68,10.451110389610392,1.0,1,3,2,1-3-2
ZKSCAN4,42,7.011225974025973,0.7272727272727273,0,0,0,0-0-0
ZMAT2,60,10.793646753246755,1.0,1,3,2,1-3-2
ZMAT3,54,6.797067532467531,0.7792207792207793,1,0,0,1-0-0
ZMAT5,25,8.16001688311688,0.6103896103896104,0,0,0,0-0-0
ZMIZ1,102,11.996567532467536,1.0,2,4,2,2-4-2
ZMIZ2,51,11.225742857142855,0.935064935064935,1,4,0,1-4-0
ZMPSTE24,205,11.054820779220776,1.0,3,4,2,3-4-2
ZMYM1,43,8.202233766233766,0.8701298701298701,0,1,0,0-1-0
ZMYM2,166,10.614283116883115,1.0,3,3,2,3-3-2
ZMYM3,100,9.95541948051948,1.0,2,2,2,2-2-2
ZMYM4,93,10.857977922077923,1.0,2,3,2,2-3-2
ZMYND10,66,6.921209090909094,0.8181818181818182,1,0,0,1-0-0
ZMYND11,99,11.345779220779217,1.0,2,4,2,2-4-2
ZMYND8,134,10.484376623376622,1.0,3,3,2,3-3-2
ZNF121,25,6.483380519480518,0.5454545454545454,0,0,0,0-0-0
ZNF143,118,8.519928571428572,1.0,2,1,2,2-1-2
ZNF146,62,11.543145454545455,0.8961038961038961,1,4,0,1-4-0
ZNF148,177,10.389896103896103,1.0,3,3,2,3-3-2
ZNF184,32,8.306281818181816,0.7142857142857143,0,1,0,0-1-0
ZNF185,57,9.334490909090906,1.0,1,2,2,1-2-2
ZNF205,20,8.152909090909093,0.6233766233766234,0,0,0,0-0-0
ZNF207,117,11.60632077922078,1.0,2,4,2,2-4-2
ZNF217,165,11.419514285714289,1.0,3,4,2,3-4-2
ZNF219,46,8.257867532467532,0.6883116883116883,1,1,0,1-1-0
ZNF22,41,9.28392727272727,0.961038961038961,0,2,0,0-2-0
ZNF24,114,11.46330909090909,1.0,2,4,2,2-4-2
ZNF250,37,8.366720779220778,0.7792207792207793,0,1,0,0-1-0
ZNF264,23,9.733728571428568,0.7402597402597403,0,2,0,0-2-0
ZNF268,37,8.667832467532465,0.5584415584415584,0,1,0,0-1-0
ZNF276,23,8.285045454545457,0.7272727272727273,0,1,0,0-1-0
ZNF277,34,8.597364935064935,0.8571428571428571,0,1,0,0-1-0
ZNF280C,47,6.715205194805194,1.0,1,0,2,1-0-2
ZNF280D,28,9.226868831168833,1.0,0,2,2,0-2-2
ZNF281,137,9.344112987012988,1.0,3,2,2,3-2-2
ZNF292,74,10.010451948051944,0.8961038961038961,1,3,0,1-3-0
ZNF3,32,9.677966233766236,0.8831168831168831,0,2,0,0-2-0
ZNF318,91,9.839079220779226,1.0,2,2,2,2-2-2
ZNF324,23,7.649445454545459,0.5324675324675324,0,0,0,0-0-0
ZNF326,152,8.929838961038962,1.0,3,1,2,3-1-2
ZNF331,56,8.786476623376622,0.8441558441558441,1,1,0,1-1-0
ZNF33A,24,10.408263636363634,0.5194805194805194,0,3,0,0-3-0
ZNF346,77,8.06482987012987,1.0,2,0,2,2-0-2
ZNF358,12,9.885207792207792,0.961038961038961,0,2,0,0-2-0
ZNF362,34,9.519805194805192,0.935064935064935,0,2,0,0-2-0
ZNF384,133,10.174601298701301,1.0,3,3,2,3-3-2
ZNF385A,35,10.098657142857142,1.0,0,3,2,0-3-2
ZNF395,36,10.264324675324675,0.5194805194805194,0,3,0,0-3-0
ZNF397,27,8.279662337662336,0.922077922077922,0,1,0,0-1-0
ZNF407,29,8.321487012987012,0.922077922077922,0,1,0,0-1-0
ZNF414,19,7.2487350649350635,0.961038961038961,0,0,0,0-0-0
ZNF417,22,7.705345454545455,0.8831168831168831,0,0,0,0-0-0
ZNF428,19,8.917016883116883,0.922077922077922,0,1,0,0-1-0
ZNF436,30,9.735071428571432,0.6883116883116883,0,2,0,0-2-0
ZNF444,26,9.071529870129872,0.5324675324675324,0,1,0,0-1-0
ZNF446,31,7.981297402597407,1.0,0,0,2,0-0-2
ZNF451,82,9.351335064935068,1.0,2,2,2,2-2-2
ZNF460,42,5.6889246753246745,1.0,0,0,2,0-0-2
ZNF462,77,7.6942090909090926,0.7272727272727273,2,0,0,2-0-0
ZNF467,16,7.9955922077922095,0.7402597402597403,0,0,0,0-0-0
ZNF48,28,8.186516883116884,0.7922077922077922,0,1,0,0-1-0
ZNF511,19,8.364727272727272,0.935064935064935,0,1,0,0-1-0
ZNF512,87,9.65187792207792,0.9090909090909092,2,2,0,2-2-0
ZNF512B,79,9.733497402597402,0.7662337662337663,2,2,0,2-2-0
ZNF521,60,8.431267532467531,0.5974025974025974,1,1,0,1-1-0
ZNF526,17,8.34052467532468,0.7922077922077922,0,1,0,0-1-0
ZNF532,31,10.290918181818181,0.8831168831168831,0,3,0,0-3-0
ZNF552,19,9.875374025974027,0.922077922077922,0,2,0,0-2-0
ZNF562,13,9.282331168831169,0.6363636363636364,0,2,0,0-2-0
ZNF574,51,9.101597402597404,1.0,1,1,2,1-1-2
ZNF579,27,7.238871428571429,1.0,0,0,2,0-0-2
ZNF580,35,8.108062337662332,0.6753246753246753,0,0,0,0-0-0
ZNF581,26,8.471092207792212,0.9090909090909092,0,1,0,0-1-0
ZNF592,68,10.255657142857144,1.0,1,3,2,1-3-2
ZNF593,49,8.238470129870128,1.0,1,1,2,1-1-2
ZNF597,25,5.805662337662339,0.8311688311688312,0,0,0,0-0-0
ZNF609,81,10.512076623376624,1.0,2,3,2,2-3-2
ZNF618,25,9.385644155844158,1.0,0,2,2,0-2-2
ZNF622,89,9.360394805194803,1.0,2,2,2,2-2-2
ZNF623,14,9.42166103896104,0.5584415584415584,0,2,0,0-2-0
ZNF629,52,10.100990909090907,1.0,1,3,2,1-3-2
ZNF638,148,11.459076623376621,1.0,3,4,2,3-4-2
ZNF639,29,9.253424675324675,0.8441558441558441,0,2,0,0-2-0
ZNF644,78,10.0776012987013,1.0,2,3,2,2-3-2
ZNF652,35,11.08427142857143,1.0,0,4,2,0-4-2
ZNF654,7,8.559285714285712,0.6103896103896104,0,1,0,0-1-0
ZNF655,48,9.699401298701297,0.974025974025974,1,2,0,1-2-0
ZNF664,31,12.109535064935065,0.8701298701298701,0,4,0,0-4-0
ZNF668,33,8.136188311688315,1.0,0,0,2,0-0-2
ZNF687,87,10.412802597402594,1.0,2,3,2,2-3-2
ZNF688,18,7.388012987012985,0.8051948051948052,0,0,0,0-0-0
ZNF691,22,7.883231168831167,0.7272727272727273,0,0,0,0-0-0
ZNF703,93,8.66075714285714,0.961038961038961,2,1,0,2-1-0
ZNF704,17,7.914332467532466,0.5974025974025974,0,0,0,0-0-0
ZNF706,19,10.54396233766234,1.0,0,3,2,0-3-2
ZNF740,28,9.62828051948052,0.961038961038961,0,2,0,0-2-0
ZNF76,33,9.220468831168832,0.5714285714285714,0,2,0,0-2-0
ZNF768,60,10.292111688311689,0.961038961038961,1,3,0,1-3-0
ZNF776,18,9.068258441558442,0.6753246753246753,0,1,0,0-1-0
ZNF777,17,8.79544935064935,0.5194805194805194,0,1,0,0-1-0
ZNF787,37,8.74093246753247,1.0,0,1,2,0-1-2
ZNF8,40,6.87477012987013,0.922077922077922,0,0,0,0-0-0
ZNF800,27,8.871819480519482,0.7792207792207793,0,1,0,0-1-0
ZNF827,33,7.928098701298705,0.9090909090909092,0,0,0,0-0-0
ZNF830,43,8.388041558441557,1.0,0,1,2,0-1-2
ZNFX1,54,11.154166233766235,1.0,1,4,2,1-4-2
ZNHIT1,43,9.860844155844159,0.8961038961038961,0,2,0,0-2-0
ZNHIT2,43,6.604675324675326,1.0,0,0,2,0-0-2
ZNHIT3,43,9.142096103896103,0.7922077922077922,0,1,0,0-1-0
ZNHIT6,51,9.036149350649351,1.0,1,1,2,1-1-2
ZNRF2,36,9.439202597402598,1.0,0,2,2,0-2-2
ZRANB2,149,10.249667532467527,1.0,3,3,2,3-3-2
ZRSR2,54,8.106905194805192,1.0,1,0,2,1-0-2
ZSCAN16,26,7.4075480519480505,0.5324675324675324,0,0,0,0-0-0
ZSCAN18,33,9.416914285714284,1.0,0,2,2,0-2-2
ZSCAN20,19,6.236563636363638,0.5584415584415584,0,0,0,0-0-0
ZSCAN21,37,7.846658441558439,0.6883116883116883,0,0,0,0-0-0
ZW10,126,8.947266233766234,1.0,2,1,2,2-1-2
ZWILCH,35,8.871663636363635,1.0,0,1,2,0-1-2
ZWINT,104,9.74686233766234,0.8961038961038961,2,2,0,2-2-0
ZXDC,45,10.09814025974026,0.6103896103896104,0,3,0,0-3-0
ZYG11B,45,9.763181818181817,1.0,0,2,2,0-2-2
ZYX,278,11.771327272727275,1.0,4,4,2,4-4-2
ZZEF1,48,10.13535324675325,1.0,1,3,2,1-3-2
ZZZ3,66,9.782461038961038,0.8961038961038961,1,2,0,1-2-0
