arm,subtype,rank,gene,score,k
R,basal,1,E2F3,0.9940251188879405,50
R,basal,2,HDGF,0.993781246189489,50
R,basal,3,IRAK1,0.9932935007925863,50
R,basal,4,ANP32E,0.9923180099987806,50
R,basal,5,RCOR2,0.9912205828557493,50
R,basal,6,POLR1C,0.9910986465065236,50
R,basal,7,UCK2,0.9900012193634923,50
R,basal,8,SRPK1,0.9893915376173638,50
R,basal,9,PLOD3,0.9890257285696866,50
R,basal,10,ILF2,0.9887818558712352,50
R,basal,11,STMN1,0.9886599195220095,50
R,basal,12,PDCD5,0.988050237775881,50
R,basal,13,CDC20,0.9874405560297524,50
R,basal,14,NFKBIE,0.9873186196805268,50
R,basal,15,RPP38,0.9869528106328497,50
R,basal,16,WDR77,0.9864650652359468,50
R,basal,17,FOXP4,0.9863431288867212,50
R,basal,18,RIPK2,0.9862211925374954,50
R,basal,19,GNL2,0.985977319839044,50
R,basal,20,DDA1,0.9853676380929155,50
R,basal,21,XPO5,0.9850018290452384,50
R,basal,22,CDCA8,0.984757956346787,50
R,basal,23,MCM5,0.9839044019022071,50
R,basal,24,DNAJB11,0.9830508474576272,50
R,basal,25,LSR,0.9829289111084014,50
R,basal,26,SUV39H2,0.9825631020607243,50
R,basal,27,HSPA14,0.9819534203145958,50
R,basal,28,MEMO1,0.9803682477746616,50
R,basal,29,TIMM44,0.9801243750762102,50
R,basal,30,JMJD4,0.9795146933300817,50
R,basal,31,LSM2,0.9792708206316303,50
R,basal,32,GTF2H4,0.9790269479331789,50
R,basal,33,DPH2,0.9782953298378246,50
R,basal,34,RPUSD3,0.9780514571393732,50
R,basal,35,HMGA1,0.9774417753932447,50
R,basal,36,DAZAP1,0.976954029996342,50
R,basal,37,CALR,0.9765882209486648,50
R,basal,38,MED8,0.9753688574564078,50
R,basal,39,CBS,0.975246921107182,50
R,basal,40,MOGS,0.9750030484087306,50
R,basal,41,RFC4,0.9748811120595049,50
R,basal,42,TBC1D7,0.9747591757102793,50
R,basal,43,ELAVL1,0.9742714303133764,50
R,basal,44,MCM7,0.974027557614925,50
R,basal,45,EIF4EBP1,0.9736617485672479,50
R,basal,46,CDC123,0.9734178758687965,50
R,basal,47,STOML2,0.9732959395195708,50
R,basal,48,TUBB,0.9729301304718937,50
R,basal,49,RRP1,0.972808194122668,50
R,basal,50,ZMIZ2,0.9725643214242166,50
R,her2,1,PSMD3,1.0,50
R,her2,2,GRB7,0.9997561273015486,50
R,her2,3,ERBB2,0.9996341909523229,50
R,her2,4,GGCT,0.998780636507743,50
R,her2,5,ARRDC1,0.9986587001585172,50
R,her2,6,AKT1,0.9985367638092916,50
R,her2,7,RAB3D,0.9982928911108402,50
R,her2,8,KMO,0.9981709547616144,50
R,her2,9,SP6,0.997927082063163,50
R,her2,10,CLPB,0.9973174003170345,50
R,her2,11,DPP3,0.9971954639678088,50
R,her2,12,PSMA7,0.996707718570906,50
R,her2,13,ALDH18A1,0.9962199731740031,50
R,her2,14,IDH2,0.9958541641263261,50
R,her2,15,G6PD,0.9952444823801976,50
R,her2,16,SRD5A3,0.9951225460309718,50
R,her2,17,SEC16A,0.9947567369832947,50
R,her2,18,RAB1B,0.9946348006340691,50
R,her2,19,ARHGAP8,0.9945128642848433,50
R,her2,20,GNPNAT1,0.9942689915863919,50
R,her2,21,LSM14B,0.9939031825387148,50
R,her2,22,PIK3R2,0.993781246189489,50
R,her2,23,CKAP4,0.993415437141812,50
R,her2,24,DTX2,0.9931715644433605,50
R,her2,25,TRIM26,0.9930496280941349,50
R,her2,26,RRBP1,0.9929276917449091,50
R,her2,27,NRBP1,0.9928057553956835,50
R,her2,28,AKR1A1,0.9907328374588464,50
R,her2,29,ATP6V1D,0.9906109011096208,50
R,her2,30,PIK3R3,0.9901231557127179,50
R,her2,31,PPP1R3D,0.9900012193634923,50
R,her2,32,MOCS3,0.9896354103158151,50
R,her2,33,DPAGT1,0.9895134739665894,50
R,her2,34,SDC1,0.989269601268138,50
R,her2,35,ADRM1,0.9891476649189124,50
R,her2,36,CCT8,0.9889037922204609,50
R,her2,37,TAF4,0.9887818558712352,50
R,her2,38,SNRPB2,0.9885379831727839,50
R,her2,39,PDXDC1,0.9882941104743324,50
R,her2,40,CLIC3,0.988050237775881,50
R,her2,41,RRM2,0.9878063650774296,50
R,her2,42,CASP3,0.9875624923789782,50
R,her2,43,HNRNPF,0.9870747469820753,50
R,her2,44,SLC2A10,0.9868308742836239,50
R,her2,45,ABHD11,0.9864650652359468,50
R,her2,46,RHBDD3,0.9860992561882698,50
R,her2,47,CFL1,0.9858553834898183,50
R,her2,48,PLCB3,0.9856115107913669,50
R,her2,49,GORASP2,0.9850018290452384,50
R,her2,50,ARPC5L,0.9846360199975612,50
R,luminal,1,GATA3,0.9993903182538715,50
R,luminal,2,CA12,0.9991464455554201,50
R,luminal,3,ANXA9,0.9989025728569687,50
R,luminal,4,KDM4B,0.998780636507743,50
R,luminal,5,ZNF552,0.9986587001585172,50
R,luminal,6,CXXC5,0.9985367638092916,50
R,luminal,7,TLE3,0.9984148274600658,50
R,luminal,8,PREX1,0.9982928911108402,50
R,luminal,9,SLC39A6,0.9975612730154859,50
R,luminal,10,NAT1,0.9971954639678088,50
R,luminal,11,SIAH2,0.9964638458724546,50
R,luminal,12,ZNF703,0.9952444823801976,50
R,luminal,13,ATRIP,0.9950006096817461,50
R,luminal,14,ARL3,0.9942689915863919,50
R,luminal,15,FGD3,0.9941470552371662,50
R,luminal,16,FOXA1,0.9940251188879405,50
R,luminal,17,P4HTM,0.9936593098402634,50
R,luminal,18,MYB,0.9932935007925863,50
R,luminal,19,FAF2,0.9931715644433605,50
R,luminal,20,PARD6B,0.9924399463480064,50
R,luminal,21,AGR2,0.992196073649555,50
R,luminal,22,DNAJC12,0.9914644555542007,50
R,luminal,23,ZMYND10,0.991342519204975,50
R,luminal,24,RAB17,0.9908547738080722,50
R,luminal,25,FAAH,0.9906109011096208,50
R,luminal,26,REPS2,0.9900012193634923,50
R,luminal,27,AKR7A3,0.9895134739665894,50
R,luminal,28,TCEAL3,0.9891476649189124,50
R,luminal,29,EVL,0.9889037922204609,50
R,luminal,30,MCCC2,0.9885379831727839,50
R,luminal,31,RALGPS2,0.9878063650774296,50
R,luminal,32,KCTD6,0.9876844287282038,50
R,luminal,33,GDF15,0.9871966833313011,50
R,luminal,34,KCTD3,0.9865870015851725,50
R,luminal,35,VAV3,0.9864650652359468,50
R,luminal,36,IFT140,0.9863431288867212,50
R,luminal,37,BCAS1,0.985977319839044,50
R,luminal,38,EXOC6,0.9850018290452384,50
R,luminal,39,G6PC3,0.984757956346787,50
R,luminal,40,CCDC125,0.9840263382514327,50
R,luminal,41,FAM120A,0.9839044019022071,50
R,luminal,42,MAPK9,0.9837824655529813,50
R,luminal,43,CNOT6,0.9835385928545299,50
R,luminal,44,F7,0.9820753566638215,50
R,luminal,45,MAGED2,0.9818314839653701,50
R,luminal,46,PCYOX1L,0.9812218022192416,50
R,luminal,47,TPBG,0.9809779295207901,50
R,luminal,48,LRBA,0.9807340568223387,50
R,luminal,49,PTP4A2,0.9803682477746616,50
R,luminal,50,AAGAB,0.9801243750762102,50
R+P,basal,1,ANP32E,0.9877474482518589,50
R+P,basal,2,RCOR2,0.9876254078486963,50
R+P,basal,3,SRPK1,0.9856746789635034,50
R+P,basal,4,CBS,0.9844538884458256,50
R+P,basal,5,PLOD3,0.9825660155709581,50
R+P,basal,6,FOXP4,0.9787256300291218,50
R+P,basal,7,SLC7A5,0.977565361740613,50
R+P,basal,8,XPO5,0.9773844937009686,50
R+P,basal,9,MOGS,0.9754327688709508,50
R+P,basal,10,CALU,0.9707386802360531,50
R+P,basal,11,NFKBIE,0.9706799120589639,50
R+P,basal,12,NUDT3,0.969580849782638,50
R+P,basal,13,MEX3A,0.9692747156677863,50
R+P,basal,14,PUS7,0.9686045562870333,50
R+P,basal,15,PLAUR,0.9681148190004808,50
R+P,basal,16,TIMM44,0.9676313695446881,50
R+P,basal,17,CDC20,0.9674494015062818,50
R+P,basal,18,LAMP3,0.9649467333775286,50
R+P,basal,19,DIAPH3,0.9647029350033178,50
R+P,basal,20,KIFC1,0.9645202237225049,50
R+P,basal,21,MCM5,0.9644622582472147,50
R+P,basal,22,MCM3,0.9634233911733988,50
R+P,basal,23,MORC2,0.96049804852044,50
R+P,basal,24,CBFB,0.9603121264324307,50
R+P,basal,25,CALR,0.9588536618579726,50
R+P,basal,26,KIF2C,0.957570892356009,50
R+P,basal,27,CDCA8,0.9562336654829144,50
R+P,basal,28,RTKN,0.955622081036225,50
R+P,basal,29,SH3BP1,0.9551932524648928,50
R+P,basal,30,RCN2,0.9534263199944263,50
R+P,basal,31,RELB,0.9531829527008113,50
R+P,basal,32,STMN1,0.9531255223600539,50
R+P,basal,33,SCNM1,0.9530613582430927,50
R+P,basal,34,RIPK2,0.9518452055580321,50
R+P,basal,35,ANLN,0.9511058874713456,50
R+P,basal,36,HSPA14,0.9506256190930531,50
R+P,basal,37,ST3GAL4,0.9505021219347736,50
R+P,basal,38,CHEK1,0.9487952360183356,50
R+P,basal,39,MCM7,0.9483693804166299,50
R+P,basal,40,ABCF1,0.9472676573324884,50
R+P,basal,41,HAUS8,0.9457455489107538,50
R+P,basal,42,NDC80,0.9456237760748575,50
R+P,basal,43,IQGAP3,0.9454400688492198,50
R+P,basal,44,SLC2A1,0.944459717250075,50
R+P,basal,45,SUV39H2,0.9440427359627039,50
R+P,basal,46,PSME4,0.941720237225733,50
R+P,basal,47,RCC2,0.9386768379489108,50
R+P,basal,48,ASNS,0.938311846467881,50
R+P,basal,49,PDIA6,0.9371496754788113,50
R+P,basal,50,DLGAP5,0.9369600520436171,50
R+P,her2,1,GRB7,0.9997561570312449,50
R+P,her2,2,ERBB2,0.9997561421663967,50
R+P,her2,3,KMO,0.998902617451513,50
R+P,her2,4,GGCT,0.998415065297636,50
R+P,her2,5,ALDH18A1,0.996708060462413,50
R+P,her2,6,RAB3D,0.995672106898831,50
R+P,her2,7,DPP3,0.9954891131859036,50
R+P,her2,8,G6PD,0.9946355290116276,50
R+P,her2,9,ARRDC1,0.9940873654394926,50
R+P,her2,10,GNPNAT1,0.9929287174194303,50
R+P,her2,11,LSM14B,0.9919534198686504,50
R+P,her2,12,PDXDC1,0.9914041562977538,50
R+P,her2,13,PLCB3,0.9897580899074474,50
R+P,her2,14,CASP3,0.9893926078864292,50
R+P,her2,15,IDH2,0.9889669455277492,50
R+P,her2,16,IDE,0.9887209768857113,50
R+P,her2,17,AKT1,0.9886625060055845,50
R+P,her2,18,CKAP4,0.9880523485843158,50
R+P,her2,19,CLIC3,0.9871983481942919,50
R+P,her2,20,PPP2R5E,0.9849413960051583,50
R+P,her2,21,GORASP2,0.9843941243239114,50
R+P,her2,22,ANKRD22,0.9841493300048758,50
R+P,her2,23,INPPL1,0.9840266206835473,50
R+P,her2,24,TGFB3,0.9838443702130265,50
R+P,her2,25,TRIM26,0.982444599491417,50
R+P,her2,26,RANBP9,0.9823196307131725,50
R+P,her2,27,IPO4,0.9822587368628003,50
R+P,her2,28,BSCL2,0.9821365329463082,50
R+P,her2,29,RRBP1,0.9817131449093923,50
R+P,her2,30,PFKL,0.9811018874893618,50
R+P,her2,31,SEC16A,0.9803114417575256,50
R+P,her2,32,PDCL3,0.9802482438556931,50
R+P,her2,33,DPM1,0.9801245088598434,50
R+P,her2,34,ABHD11,0.9796399445404408,50
R+P,her2,35,DERL1,0.9795176960294043,50
R+P,her2,36,CCDC134,0.9792728273861281,50
R+P,her2,37,DYNLT1,0.9789681351615451,50
R+P,her2,38,GUK1,0.9786010328720806,50
R+P,her2,39,CREB3L4,0.9777493662632134,50
R+P,her2,40,NRBP1,0.9772025851219549,50
R+P,her2,41,POR,0.9770784339103575,50
R+P,her2,42,CLPB,0.976715508643218,50
R+P,her2,43,SLC2A10,0.9765923236467492,50
R+P,her2,44,PSMG1,0.9759808878485411,50
R+P,her2,45,TUBA1C,0.9756753929221591,50
R+P,her2,46,ARFGAP1,0.9755551808953167,50
R+P,her2,47,PPP1R14B,0.9755526538711342,50
R+P,her2,48,HPCAL1,0.9751261590809588,50
R+P,her2,49,XIRP1,0.9748849323254749,50
R+P,her2,50,COPB2,0.9746377001713455,50
R+P,luminal,1,GATA3,0.999634205817171,50
R+P,luminal,2,CA12,0.9992075029191217,50
R+P,luminal,3,TLE3,0.9989636004909741,50
R+P,luminal,4,PREX1,0.9987197723870671,50
R+P,luminal,5,NAT1,0.9971958058593158,50
R+P,luminal,6,ARL3,0.9963421027662547,50
R+P,luminal,7,CXXC5,0.9962816697261745,50
R+P,luminal,8,FOXA1,0.9962811197267936,50
R+P,luminal,9,ZNF552,0.9962207312812579,50
R+P,luminal,10,PARD6B,0.9951228135982382,50
R+P,luminal,11,ZNF703,0.9950622021799805,50
R+P,luminal,12,MYB,0.9948181511033516,50
R+P,luminal,13,FAF2,0.9941476498310915,50
R+P,luminal,14,REPS2,0.9928672438399809,50
R+P,luminal,15,IFT140,0.9925010780359487,50
R+P,luminal,16,EVL,0.9921966236489358,50
R+P,luminal,17,TCEAL3,0.9920747467591027,50
R+P,luminal,18,KDM4B,0.9906130416477518,50
R+P,luminal,19,FAM120A,0.9904893215167503,50
R+P,luminal,20,AGR2,0.990307472397129,50
R+P,luminal,21,DNAJC12,0.9902464298982756,50
R+P,luminal,22,LRBA,0.9886603357377572,50
R+P,luminal,23,RALGPS2,0.9881735714208311,50
R+P,luminal,24,AKR7A3,0.9876861530505872,50
R+P,luminal,25,SIGIRR,0.9867091757719684,50
R+P,luminal,26,KCTD6,0.9857963774751588,50
R+P,luminal,27,TJP3,0.9853071307285948,50
R+P,luminal,28,PCYOX1L,0.9846374767526782,50
R+P,luminal,29,MCCC2,0.9842726487849778,50
R+P,luminal,30,PKIB,0.9837831790656917,50
R+P,luminal,31,SIAH2,0.9837250352122239,50
R+P,luminal,32,MAGED2,0.9829918117132714,50
R+P,luminal,33,SNX24,0.9824421765211715,50
R+P,luminal,34,FGD3,0.9818961534871677,50
R+P,luminal,35,VAV3,0.9816514037626766,50
R+P,luminal,36,SCCPDH,0.9815886369414397,50
R+P,luminal,37,MSI2,0.9810401463426461,50
R+P,luminal,38,FAAH,0.9807376095210423,50
R+P,luminal,39,CHCHD5,0.980125593993757,50
R+P,luminal,40,HDAC11,0.9801250142646799,50
R+P,luminal,41,KCTD3,0.9795790060955243,50
R+P,luminal,42,CELSR1,0.9792731990073313,50
R+P,luminal,43,PRR15,0.978236175174684,50
R+P,luminal,44,G6PC3,0.978115903688449,50
R+P,luminal,45,HEXIM2,0.9780522598411723,50
R+P,luminal,46,PPP2CA,0.9778709755857802,50
R+P,luminal,47,SFXN2,0.9768332233755743,50
R+P,luminal,48,SLC39A6,0.9767764916826789,50
R+P,luminal,49,ANXA9,0.9763499820276553,50
R+P,luminal,50,MAPK9,0.9754338391400161,50
R+D,basal,1,CDC20,0.9926578866685367,50
R+D,basal,2,GNL2,0.9868074739044554,50
R+D,basal,3,MED8,0.9866220373818644,50
R+D,basal,4,CDCA8,0.9861977921583269,50
R+D,basal,5,RPP38,0.9857499227975915,50
R+D,basal,6,ILF2,0.9846079217183801,50
R+D,basal,7,FOXP4,0.9836100423263043,50
R+D,basal,8,SUV39H2,0.9835550685115289,50
R+D,basal,9,DPH2,0.9833045125140447,50
R+D,basal,10,HSPA14,0.9832502276384646,50
R+D,basal,11,GTPBP4,0.9831643693272776,50
R+D,basal,12,XPO5,0.9827179083053816,50
R+D,basal,13,CDC123,0.9777751925219973,50
R+D,basal,14,RFC4,0.9776575498125148,50
R+D,basal,15,POLR1C,0.9769574746923191,50
R+D,basal,16,SLC7A5,0.9756871768065523,50
R+D,basal,17,SMG5,0.9753407591772265,50
R+D,basal,18,DKC1,0.975096886478775,50
R+D,basal,19,PPIH,0.973748072059601,50
R+D,basal,20,NUTF2,0.972336459201598,50
R+D,basal,21,LARP4B,0.9705439571824173,50
R+D,basal,22,DAZAP1,0.9687890959441663,50
R+D,basal,23,BYSL,0.9682444430223378,50
R+D,basal,24,NUDT5,0.9681422209331666,50
R+D,basal,25,KIF2C,0.9655218554241902,50
R+D,basal,26,POLD1,0.9654029467153316,50
R+D,basal,27,TBCC,0.9646375283622135,50
R+D,basal,28,ERI3,0.9634288875902549,50
R+D,basal,29,NFKBIE,0.9619807315130469,50
R+D,basal,30,DBNDD1,0.9594749477801755,50
R+D,basal,31,HMGA1,0.9565111136962361,50
R+D,basal,32,SEMA4A,0.9560138478249524,50
R+D,basal,33,NOP2,0.9558309433011138,50
R+D,basal,34,PSME4,0.955769975126501,50
R+D,basal,35,SRPK1,0.9555321605413456,50
R+D,basal,36,PTK7,0.9552979859869533,50
R+D,basal,37,MRPL14,0.9544360170627981,50
R+D,basal,38,EBNA1BP2,0.9532724458686342,50
R+D,basal,39,NUDT3,0.9529695422690341,50
R+D,basal,40,IQGAP3,0.9527544660209862,50
R+D,basal,41,NUP93,0.9527159890916312,50
R+D,basal,42,CHRAC1,0.9512666965591692,50
R+D,basal,43,ANLN,0.9510144575066986,50
R+D,basal,44,SLC2A1,0.9493572279743607,50
R+D,basal,45,CBFB,0.9487455736245529,50
R+D,basal,46,TAF11,0.9466288521092974,50
R+D,basal,47,UBE2Q1,0.9439421492516077,50
R+D,basal,48,TOMM6,0.9437599032065161,50
R+D,basal,49,MRPS10,0.9433929400384774,50
R+D,basal,50,SLC35B2,0.9427757565099985,50
R+D,her2,1,GRB7,0.9997331921035462,50
R+D,her2,2,ERBB2,0.9996722239289333,50
R+D,her2,3,PSMD3,0.9995653853583156,50
R+D,her2,4,AKT1,0.9936666820784916,50
R+D,her2,5,CLPB,0.9928638382693923,50
R+D,her2,6,ATP6V1D,0.991393918779651,50
R+D,her2,7,CDK12,0.9895690248415457,50
R+D,her2,8,ALDH18A1,0.9893936632906466,50
R+D,her2,9,GOLGA5,0.9873899572732865,50
R+D,her2,10,OTUB2,0.9865013670320149,50
R+D,her2,11,RAB1B,0.9861140006647262,50
R+D,her2,12,CCNK,0.9849403956894593,50
R+D,her2,13,PAPOLA,0.9844627959526742,50
R+D,her2,14,ODF2,0.98262619590862,50
R+D,her2,15,ADRM1,0.9810524880514979,50
R+D,her2,16,CDK1,0.9798830343765113,50
R+D,her2,17,HM13,0.9792729463049132,50
R+D,her2,18,RDH11,0.9791756174785358,50
R+D,her2,19,INPPL1,0.9790035475540103,50
R+D,her2,20,TRAF4,0.9785509498328139,50
R+D,her2,21,BRMS1,0.9782364873364947,50
R+D,her2,22,IPO4,0.9774485705712922,50
R+D,her2,23,TGFB3,0.97691564371758,50
R+D,her2,24,HSP90AA1,0.9766552953621297,50
R+D,her2,25,PLCB3,0.9739724542560273,50
R+D,her2,26,AHSA1,0.9738112189308149,50
R+D,her2,27,IGSF3,0.9726407230144813,50
R+D,her2,28,COL1A1,0.9725664470974995,50
R+D,her2,29,SDF2,0.9717834824507874,50
R+D,her2,30,SPAG5,0.9697715326885632,50
R+D,her2,31,MTFR1,0.9695790065414697,50
R+D,her2,32,CCDC134,0.9677989937813404,50
R+D,her2,33,CFL1,0.9675751709799874,50
R+D,her2,34,GLRX5,0.9666867102828379,50
R+D,her2,35,C14orf119,0.9659879316224669,50
R+D,her2,36,TDP1,0.9648463652639732,50
R+D,her2,37,YIF1A,0.9628241579626167,50
R+D,her2,38,PSMA3,0.9618030205308356,50
R+D,her2,39,OTUB1,0.9614130102857799,50
R+D,her2,40,DPP3,0.9613174538305337,50
R+D,her2,41,PGM3,0.9612263666195089,50
R+D,her2,42,BEND3,0.9604337803495419,50
R+D,her2,43,PPP1R14B,0.9603765513173612,50
R+D,her2,44,PSMB5,0.960067447265002,50
R+D,her2,45,STIP1,0.9578710855564263,50
R+D,her2,46,GALNT6,0.9576196168617173,50
R+D,her2,47,VCP,0.9572962754354088,50
R+D,her2,48,BANF1,0.9560012515846485,50
R+D,her2,49,PSMA7,0.9549406856327585,50
R+D,her2,50,TTC9,0.9539716720450638,50
R+D,luminal,1,GATA3,0.9996951591269357,50
R+D,luminal,2,FAF2,0.9905977582695844,50
R+D,luminal,3,CCDC125,0.9890674476654111,50
R+D,luminal,4,MCCC2,0.9887638727917232,50
R+D,luminal,5,FOXA1,0.9850961873849675,50
R+D,luminal,6,CXXC5,0.9847329366660906,50
R+D,luminal,7,FAAH,0.9833890784958076,50
R+D,luminal,8,MAPK9,0.981412190860323,50
R+D,luminal,9,PCYOX1L,0.9808562169295938,50
R+D,luminal,10,PPP2CA,0.9807076592632515,50
R+D,luminal,11,CNOT6,0.9789240192397046,50
R+D,luminal,12,MARVELD2,0.9698027704871262,50
R+D,luminal,13,G6PC3,0.9693444021641218,50
R+D,luminal,14,ERGIC1,0.9689343420219676,50
R+D,luminal,15,SNX24,0.9686712202446278,50
R+D,luminal,16,STXBP2,0.9686347802394975,50
R+D,luminal,17,PANK3,0.9676032997196171,50
R+D,luminal,18,FAM151B,0.9658995413125273,50
R+D,luminal,19,SAR1B,0.9658314246577155,50
R+D,luminal,20,CDK7,0.9620585463119178,50
R+D,luminal,21,SKAP1,0.9602596789656406,50
R+D,luminal,22,CELSR2,0.9602211721429238,50
R+D,luminal,23,TJP3,0.959912541936671,50
R+D,luminal,24,HARS2,0.9595012157951406,50
R+D,luminal,25,LARP1,0.9583011013817718,50
R+D,luminal,26,BMPR1B,0.9531488638878329,50
R+D,luminal,27,KCTD6,0.9528435664985427,50
R+D,luminal,28,HSPA9,0.9512642941045388,50
R+D,luminal,29,RAB11FIP3,0.9507699596225103,50
R+D,luminal,30,TBCA,0.9498039432147345,50
R+D,luminal,31,ERBB3,0.9497797243522481,50
R+D,luminal,32,GNPDA1,0.9493195306347942,50
R+D,luminal,33,DPP9,0.9491249643633848,50
R+D,luminal,34,COPZ1,0.9490619380361257,50
R+D,luminal,35,HEXIM2,0.9479749921902559,50
R+D,luminal,36,COG7,0.9466409527079868,50
R+D,luminal,37,UBTF,0.9464813366843021,50
R+D,luminal,38,B4GALT7,0.9457839535674296,50
R+D,luminal,39,NDUFA2,0.9455395038087975,50
R+D,luminal,40,DDX41,0.9429412726796134,50
R+D,luminal,41,IFT140,0.942466522913517,50
R+D,luminal,42,CASZ1,0.9412600698383268,50
R+D,luminal,43,HSPA4,0.9407735048918333,50
R+D,luminal,44,MRPS30,0.9402098996346314,50
R+D,luminal,45,EARS2,0.9392655347603741,50
R+D,luminal,46,UQCRQ,0.9382738097327064,50
R+D,luminal,47,WDR90,0.9381495474776499,50
R+D,luminal,48,PRR15L,0.9376572032644082,50
R+D,luminal,49,POLR3K,0.9334549980324602,50
R+D,luminal,50,ZFYVE19,0.9325511981335659,50
R+P+D,basal,1,FOXP4,0.9794427386080438,50
R+P+D,basal,2,SLC7A5,0.9792809062817788,50
R+P+D,basal,3,XPO5,0.9784009916558206,50
R+P+D,basal,4,CDC20,0.9775913401066282,50
R+P+D,basal,5,CDCA8,0.9667016529785651,50
R+P+D,basal,6,SRPK1,0.9643407137974447,50
R+P+D,basal,7,KIF2C,0.9640518330728297,50
R+P+D,basal,8,HSPA14,0.9619327577161466,50
R+P+D,basal,9,SLC2A1,0.961524429361102,50
R+P+D,basal,10,ANLN,0.9608819208360719,50
R+P+D,basal,11,NFKBIE,0.9593342224878315,50
R+P+D,basal,12,CBFB,0.9592474249617787,50
R+P+D,basal,13,NUDT3,0.9577966723745691,50
R+P+D,basal,14,SUV39H2,0.9575441689625804,50
R+P+D,basal,15,PSME4,0.9546248206723303,50
R+P+D,basal,16,DBNDD1,0.9515277334829354,50
R+P+D,basal,17,GTPBP4,0.9511883718632742,50
R+P+D,basal,18,IQGAP3,0.9505014331968101,50
R+P+D,basal,19,PPIH,0.9491775720350203,50
R+P+D,basal,20,NOP2,0.9478386954284236,50
R+P+D,basal,21,LARP4B,0.947000859910388,50
R+P+D,basal,22,PTK7,0.9461424177374926,50
R+P+D,basal,23,MCM3,0.9444843083001334,50
R+P+D,basal,24,NUDT5,0.9373538655219446,50
R+P+D,basal,25,NUP93,0.9360501652662562,50
R+P+D,basal,26,CDC123,0.9356893741523787,50
R+P+D,basal,27,DPH2,0.9338491540617424,50
R+P+D,basal,28,EPCAM,0.9328537728339249,50
R+P+D,basal,29,GDI2,0.9322711719501472,50
R+P+D,basal,30,PTP4A3,0.9256729287662537,50
R+P+D,basal,31,GMDS,0.9242257602972185,50
R+P+D,basal,32,GALNS,0.9234016570356675,50
R+P+D,basal,33,MSH2,0.9225584259912308,50
R+P+D,basal,34,KIFC1,0.9222614381831701,50
R+P+D,basal,35,WDR46,0.9215859763318223,50
R+P+D,basal,36,RPP38,0.9209725398601035,50
R+P+D,basal,37,NUTF2,0.9165407757186971,50
R+P+D,basal,38,MSH6,0.9155418249059153,50
R+P+D,basal,39,PLOD3,0.9155230522968064,50
R+P+D,basal,40,BOP1,0.9134389418452432,50
R+P+D,basal,41,STOML2,0.9134385215809275,50
R+P+D,basal,42,LRRC42,0.9128288844154654,50
R+P+D,basal,43,TXNDC12,0.9108977782137315,50
R+P+D,basal,44,ASPM,0.9108365580267753,50
R+P+D,basal,45,MTPAP,0.9090955981504827,50
R+P+D,basal,46,POP4,0.9068509485038959,50
R+P+D,basal,47,CNPY3,0.9066564644633983,50
R+P+D,basal,48,WDR12,0.9062745188061823,50
R+P+D,basal,49,ABCF1,0.9062204187766779,50
R+P+D,basal,50,RIPK2,0.9004188563742105,50
R+P+D,her2,1,GRB7,0.9997408569893445,50
R+P+D,her2,2,ERBB2,0.9997408470794458,50
R+P+D,her2,3,ALDH18A1,0.9919944914440387,50
R+P+D,her2,4,AKT1,0.9887072041196202,50
R+P+D,her2,5,INPPL1,0.9852302897789871,50
R+P+D,her2,6,IPO4,0.9836653764392141,50
R+P+D,her2,7,TGFB3,0.9820503901349351,50
R+P+D,her2,8,CDK12,0.9809366256877728,50
R+P+D,her2,9,PLCB3,0.9806165258451941,50
R+P+D,her2,10,CLPB,0.9806137645027286,50
R+P+D,her2,11,HM13,0.9763075280213908,50
R+P+D,her2,12,CCDC134,0.9730468646420688,50
R+P+D,her2,13,GOLGA5,0.9722914234233629,50
R+P+D,her2,14,DPP3,0.9721392233550219,50
R+P+D,her2,15,BRMS1,0.9715936369313068,50
R+P+D,her2,16,PPP1R14B,0.9711462351543187,50
R+P+D,her2,17,OTUB1,0.9668796719390671,50
R+P+D,her2,18,GALNT6,0.966545062141222,50
R+P+D,her2,19,EIF1AD,0.9659529261833345,50
R+P+D,her2,20,PPP2R5E,0.9658478664759133,50
R+P+D,her2,21,LSM14B,0.9656934974773038,50
R+P+D,her2,22,CCNK,0.9648475001699081,50
R+P+D,her2,23,PSMG1,0.9609365857178415,50
R+P+D,her2,24,FAM89B,0.9606634780777407,50
R+P+D,her2,25,AHSA1,0.9605976211052439,50
R+P+D,her2,26,YIF1A,0.9600996844867605,50
R+P+D,her2,27,CFL1,0.9594066502132419,50
R+P+D,her2,28,BSCL2,0.958408451621021,50
R+P+D,her2,29,GDAP2,0.9572510689966386,50
R+P+D,her2,30,TRAF4,0.9571744842519868,50
R+P+D,her2,31,IGSF3,0.9565258117670602,50
R+P+D,her2,32,GNPNAT1,0.9554944266409621,50
R+P+D,her2,33,XPOT,0.955427870201797,50
R+P+D,her2,34,PGM3,0.9552553850526094,50
R+P+D,her2,35,HSP90AA1,0.9547729194892559,50
R+P+D,her2,36,SEC24C,0.9518811586707138,50
R+P+D,her2,37,VCP,0.9510099026694835,50
R+P+D,her2,38,ARRDC1,0.9509227082454772,50
R+P+D,her2,39,DYNLT1,0.9493745458413906,50
R+P+D,her2,40,ODF2,0.9449374363069128,50
R+P+D,her2,41,TMEM134,0.9429113194825431,50
R+P+D,her2,42,CDK1,0.9427835776334286,50
R+P+D,her2,43,RDH11,0.9420681531290526,50
R+P+D,her2,44,PSMA7,0.940459055162381,50
R+P+D,her2,45,PDXDC1,0.9400230915141937,50
R+P+D,her2,46,RANGAP1,0.9397957119002466,50
R+P+D,her2,47,CORO1B,0.9393548539728166,50
R+P+D,her2,48,ARPC5L,0.937754232984649,50
R+P+D,her2,49,SEC23B,0.9376684384190247,50
R+P+D,her2,50,SCYL1,0.9376573706418231,50
R+P+D,luminal,1,GATA3,0.9997561372114473,50
R+P+D,luminal,2,FAF2,0.9921064172526638,50
R+P+D,luminal,3,FOXA1,0.9895764984451939,50
R+P+D,luminal,4,CXXC5,0.9878308163250796,50
R+P+D,luminal,5,MCCC2,0.9858450199935392,50
R+P+D,luminal,6,PCYOX1L,0.9832551950484341,50
R+P+D,luminal,7,PPP2CA,0.9805148465144015,50
R+P+D,luminal,8,FAAH,0.9792141583080264,50
R+P+D,luminal,9,MAPK9,0.9766365314825656,50
R+P+D,luminal,10,SNX24,0.9763509301204177,50
R+P+D,luminal,11,TJP3,0.9720153262226431,50
R+P+D,luminal,12,G6PC3,0.9700542184527848,50
R+P+D,luminal,13,LARP1,0.9658615900389836,50
R+P+D,luminal,14,KCTD6,0.9631984864063998,50
R+P+D,luminal,15,HEXIM2,0.9631223423086407,50
R+P+D,luminal,16,SAR1B,0.9621858000298461,50
R+P+D,luminal,17,BMPR1B,0.9615734187063184,50
R+P+D,luminal,18,IFT140,0.9611973576707368,50
R+P+D,luminal,19,RAB11FIP3,0.958768416334142,50
R+P+D,luminal,20,STXBP2,0.958528270332366,50
R+P+D,luminal,21,CCDC125,0.957927609671207,50
R+P+D,luminal,22,CASZ1,0.9571422124331582,50
R+P+D,luminal,23,HARS2,0.956746594592835,50
R+P+D,luminal,24,HSPA4,0.9565740225631036,50
R+P+D,luminal,25,ERGIC1,0.9564930234959729,50
R+P+D,luminal,26,ERBB3,0.9538821633436134,50
R+P+D,luminal,27,SIGIRR,0.9522172948260228,50
R+P+D,luminal,28,ZFYVE19,0.9515394756625334,50
R+P+D,luminal,29,SFXN1,0.9514205896282869,50
R+P+D,luminal,30,HSPA9,0.9489390876947077,50
R+P+D,luminal,31,DPP9,0.9486506629828799,50
R+P+D,luminal,32,TBCA,0.9445521350880138,50
R+P+D,luminal,33,SRA1,0.9430461248799853,50
R+P+D,luminal,34,CDK7,0.9423191722862905,50
R+P+D,luminal,35,CNOT6,0.9415753366510868,50
R+P+D,luminal,36,CELSR2,0.9412567983330004,50
R+P+D,luminal,37,MYEF2,0.9396326613010474,50
R+P+D,luminal,38,KDM4B,0.9319301676145014,50
R+P+D,luminal,39,GNPDA1,0.9311039139987174,50
R+P+D,luminal,40,PRRC1,0.9308025272575212,50
R+P+D,luminal,41,COG7,0.9305778971159832,50
R+P+D,luminal,42,WDR24,0.929222395088875,50
R+P+D,luminal,43,MSI2,0.9290895418988963,50
R+P+D,luminal,44,HAGH,0.9255629628875198,50
R+P+D,luminal,45,CA12,0.9246857565658738,50
R+P+D,luminal,46,WDR55,0.9246396721762581,50
R+P+D,luminal,47,KRT18,0.9227777144437064,50
R+P+D,luminal,48,CCDC43,0.9219094306492872,50
R+P+D,luminal,49,RBM47,0.9205293049639214,50
R+P+D,luminal,50,FAM120A,0.9192921534340629,50
R,basal,1,E2F3,0.9940251188879405,25
R,basal,2,HDGF,0.993781246189489,25
R,basal,3,IRAK1,0.9932935007925863,25
R,basal,4,ANP32E,0.9923180099987806,25
R,basal,5,RCOR2,0.9912205828557493,25
R,basal,6,POLR1C,0.9910986465065236,25
R,basal,7,UCK2,0.9900012193634923,25
R,basal,8,SRPK1,0.9893915376173638,25
R,basal,9,PLOD3,0.9890257285696866,25
R,basal,10,ILF2,0.9887818558712352,25
R,basal,11,STMN1,0.9886599195220095,25
R,basal,12,PDCD5,0.988050237775881,25
R,basal,13,CDC20,0.9874405560297524,25
R,basal,14,NFKBIE,0.9873186196805268,25
R,basal,15,RPP38,0.9869528106328497,25
R,basal,16,WDR77,0.9864650652359468,25
R,basal,17,FOXP4,0.9863431288867212,25
R,basal,18,RIPK2,0.9862211925374954,25
R,basal,19,GNL2,0.985977319839044,25
R,basal,20,DDA1,0.9853676380929155,25
R,basal,21,XPO5,0.9850018290452384,25
R,basal,22,CDCA8,0.984757956346787,25
R,basal,23,MCM5,0.9839044019022071,25
R,basal,24,DNAJB11,0.9830508474576272,25
R,basal,25,LSR,0.9829289111084014,25
R,her2,1,PSMD3,1.0,25
R,her2,2,GRB7,0.9997561273015486,25
R,her2,3,ERBB2,0.9996341909523229,25
R,her2,4,GGCT,0.998780636507743,25
R,her2,5,ARRDC1,0.9986587001585172,25
R,her2,6,AKT1,0.9985367638092916,25
R,her2,7,RAB3D,0.9982928911108402,25
R,her2,8,KMO,0.9981709547616144,25
R,her2,9,SP6,0.997927082063163,25
R,her2,10,CLPB,0.9973174003170345,25
R,her2,11,DPP3,0.9971954639678088,25
R,her2,12,PSMA7,0.996707718570906,25
R,her2,13,ALDH18A1,0.9962199731740031,25
R,her2,14,IDH2,0.9958541641263261,25
R,her2,15,G6PD,0.9952444823801976,25
R,her2,16,SRD5A3,0.9951225460309718,25
R,her2,17,SEC16A,0.9947567369832947,25
R,her2,18,RAB1B,0.9946348006340691,25
R,her2,19,ARHGAP8,0.9945128642848433,25
R,her2,20,GNPNAT1,0.9942689915863919,25
R,her2,21,LSM14B,0.9939031825387148,25
R,her2,22,PIK3R2,0.993781246189489,25
R,her2,23,CKAP4,0.993415437141812,25
R,her2,24,DTX2,0.9931715644433605,25
R,her2,25,TRIM26,0.9930496280941349,25
R,luminal,1,GATA3,0.9993903182538715,25
R,luminal,2,CA12,0.9991464455554201,25
R,luminal,3,ANXA9,0.9989025728569687,25
R,luminal,4,KDM4B,0.998780636507743,25
R,luminal,5,ZNF552,0.9986587001585172,25
R,luminal,6,CXXC5,0.9985367638092916,25
R,luminal,7,TLE3,0.9984148274600658,25
R,luminal,8,PREX1,0.9982928911108402,25
R,luminal,9,SLC39A6,0.9975612730154859,25
R,luminal,10,NAT1,0.9971954639678088,25
R,luminal,11,SIAH2,0.9964638458724546,25
R,luminal,12,ZNF703,0.9952444823801976,25
R,luminal,13,ATRIP,0.9950006096817461,25
R,luminal,14,ARL3,0.9942689915863919,25
R,luminal,15,FGD3,0.9941470552371662,25
R,luminal,16,FOXA1,0.9940251188879405,25
R,luminal,17,P4HTM,0.9936593098402634,25
R,luminal,18,MYB,0.9932935007925863,25
R,luminal,19,FAF2,0.9931715644433605,25
R,luminal,20,PARD6B,0.9924399463480064,25
R,luminal,21,AGR2,0.992196073649555,25
R,luminal,22,DNAJC12,0.9914644555542007,25
R,luminal,23,ZMYND10,0.991342519204975,25
R,luminal,24,RAB17,0.9908547738080722,25
R,luminal,25,FAAH,0.9906109011096208,25
R+P,basal,1,ANP32E,0.9877474482518589,25
R+P,basal,2,RCOR2,0.9876254078486963,25
R+P,basal,3,SRPK1,0.9856746789635034,25
R+P,basal,4,CBS,0.9844538884458256,25
R+P,basal,5,PLOD3,0.9825660155709581,25
R+P,basal,6,FOXP4,0.9787256300291218,25
R+P,basal,7,SLC7A5,0.977565361740613,25
R+P,basal,8,XPO5,0.9773844937009686,25
R+P,basal,9,MOGS,0.9754327688709508,25
R+P,basal,10,CALU,0.9707386802360531,25
R+P,basal,11,NFKBIE,0.9706799120589639,25
R+P,basal,12,NUDT3,0.969580849782638,25
R+P,basal,13,MEX3A,0.9692747156677863,25
R+P,basal,14,PUS7,0.9686045562870333,25
R+P,basal,15,PLAUR,0.9681148190004808,25
R+P,basal,16,TIMM44,0.9676313695446881,25
R+P,basal,17,CDC20,0.9674494015062818,25
R+P,basal,18,LAMP3,0.9649467333775286,25
R+P,basal,19,DIAPH3,0.9647029350033178,25
R+P,basal,20,KIFC1,0.9645202237225049,25
R+P,basal,21,MCM5,0.9644622582472147,25
R+P,basal,22,MCM3,0.9634233911733988,25
R+P,basal,23,MORC2,0.96049804852044,25
R+P,basal,24,CBFB,0.9603121264324307,25
R+P,basal,25,CALR,0.9588536618579726,25
R+P,her2,1,GRB7,0.9997561570312449,25
R+P,her2,2,ERBB2,0.9997561421663967,25
R+P,her2,3,KMO,0.998902617451513,25
R+P,her2,4,GGCT,0.998415065297636,25
R+P,her2,5,ALDH18A1,0.996708060462413,25
R+P,her2,6,RAB3D,0.995672106898831,25
R+P,her2,7,DPP3,0.9954891131859036,25
R+P,her2,8,G6PD,0.9946355290116276,25
R+P,her2,9,ARRDC1,0.9940873654394926,25
R+P,her2,10,GNPNAT1,0.9929287174194303,25
R+P,her2,11,LSM14B,0.9919534198686504,25
R+P,her2,12,PDXDC1,0.9914041562977538,25
R+P,her2,13,PLCB3,0.9897580899074474,25
R+P,her2,14,CASP3,0.9893926078864292,25
R+P,her2,15,IDH2,0.9889669455277492,25
R+P,her2,16,IDE,0.9887209768857113,25
R+P,her2,17,AKT1,0.9886625060055845,25
R+P,her2,18,CKAP4,0.9880523485843158,25
R+P,her2,19,CLIC3,0.9871983481942919,25
R+P,her2,20,PPP2R5E,0.9849413960051583,25
R+P,her2,21,GORASP2,0.9843941243239114,25
R+P,her2,22,ANKRD22,0.9841493300048758,25
R+P,her2,23,INPPL1,0.9840266206835473,25
R+P,her2,24,TGFB3,0.9838443702130265,25
R+P,her2,25,TRIM26,0.982444599491417,25
R+P,luminal,1,GATA3,0.999634205817171,25
R+P,luminal,2,CA12,0.9992075029191217,25
R+P,luminal,3,TLE3,0.9989636004909741,25
R+P,luminal,4,PREX1,0.9987197723870671,25
R+P,luminal,5,NAT1,0.9971958058593158,25
R+P,luminal,6,ARL3,0.9963421027662547,25
R+P,luminal,7,CXXC5,0.9962816697261745,25
R+P,luminal,8,FOXA1,0.9962811197267936,25
R+P,luminal,9,ZNF552,0.9962207312812579,25
R+P,luminal,10,PARD6B,0.9951228135982382,25
R+P,luminal,11,ZNF703,0.9950622021799805,25
R+P,luminal,12,MYB,0.9948181511033516,25
R+P,luminal,13,FAF2,0.9941476498310915,25
R+P,luminal,14,REPS2,0.9928672438399809,25
R+P,luminal,15,IFT140,0.9925010780359487,25
R+P,luminal,16,EVL,0.9921966236489358,25
R+P,luminal,17,TCEAL3,0.9920747467591027,25
R+P,luminal,18,KDM4B,0.9906130416477518,25
R+P,luminal,19,FAM120A,0.9904893215167503,25
R+P,luminal,20,AGR2,0.990307472397129,25
R+P,luminal,21,DNAJC12,0.9902464298982756,25
R+P,luminal,22,LRBA,0.9886603357377572,25
R+P,luminal,23,RALGPS2,0.9881735714208311,25
R+P,luminal,24,AKR7A3,0.9876861530505872,25
R+P,luminal,25,SIGIRR,0.9867091757719684,25
R+D,basal,1,CDC20,0.9926578866685367,25
R+D,basal,2,GNL2,0.9868074739044554,25
R+D,basal,3,MED8,0.9866220373818644,25
R+D,basal,4,CDCA8,0.9861977921583269,25
R+D,basal,5,RPP38,0.9857499227975915,25
R+D,basal,6,ILF2,0.9846079217183801,25
R+D,basal,7,FOXP4,0.9836100423263043,25
R+D,basal,8,SUV39H2,0.9835550685115289,25
R+D,basal,9,DPH2,0.9833045125140447,25
R+D,basal,10,HSPA14,0.9832502276384646,25
R+D,basal,11,GTPBP4,0.9831643693272776,25
R+D,basal,12,XPO5,0.9827179083053816,25
R+D,basal,13,CDC123,0.9777751925219973,25
R+D,basal,14,RFC4,0.9776575498125148,25
R+D,basal,15,POLR1C,0.9769574746923191,25
R+D,basal,16,SLC7A5,0.9756871768065523,25
R+D,basal,17,SMG5,0.9753407591772265,25
R+D,basal,18,DKC1,0.975096886478775,25
R+D,basal,19,PPIH,0.973748072059601,25
R+D,basal,20,NUTF2,0.972336459201598,25
R+D,basal,21,LARP4B,0.9705439571824173,25
R+D,basal,22,DAZAP1,0.9687890959441663,25
R+D,basal,23,BYSL,0.9682444430223378,25
R+D,basal,24,NUDT5,0.9681422209331666,25
R+D,basal,25,KIF2C,0.9655218554241902,25
R+D,her2,1,GRB7,0.9997331921035462,25
R+D,her2,2,ERBB2,0.9996722239289333,25
R+D,her2,3,PSMD3,0.9995653853583156,25
R+D,her2,4,AKT1,0.9936666820784916,25
R+D,her2,5,CLPB,0.9928638382693923,25
R+D,her2,6,ATP6V1D,0.991393918779651,25
R+D,her2,7,CDK12,0.9895690248415457,25
R+D,her2,8,ALDH18A1,0.9893936632906466,25
R+D,her2,9,GOLGA5,0.9873899572732865,25
R+D,her2,10,OTUB2,0.9865013670320149,25
R+D,her2,11,RAB1B,0.9861140006647262,25
R+D,her2,12,CCNK,0.9849403956894593,25
R+D,her2,13,PAPOLA,0.9844627959526742,25
R+D,her2,14,ODF2,0.98262619590862,25
R+D,her2,15,ADRM1,0.9810524880514979,25
R+D,her2,16,CDK1,0.9798830343765113,25
R+D,her2,17,HM13,0.9792729463049132,25
R+D,her2,18,RDH11,0.9791756174785358,25
R+D,her2,19,INPPL1,0.9790035475540103,25
R+D,her2,20,TRAF4,0.9785509498328139,25
R+D,her2,21,BRMS1,0.9782364873364947,25
R+D,her2,22,IPO4,0.9774485705712922,25
R+D,her2,23,TGFB3,0.97691564371758,25
R+D,her2,24,HSP90AA1,0.9766552953621297,25
R+D,her2,25,PLCB3,0.9739724542560273,25
R+D,luminal,1,GATA3,0.9996951591269357,25
R+D,luminal,2,FAF2,0.9905977582695844,25
R+D,luminal,3,CCDC125,0.9890674476654111,25
R+D,luminal,4,MCCC2,0.9887638727917232,25
R+D,luminal,5,FOXA1,0.9850961873849675,25
R+D,luminal,6,CXXC5,0.9847329366660906,25
R+D,luminal,7,FAAH,0.9833890784958076,25
R+D,luminal,8,MAPK9,0.981412190860323,25
R+D,luminal,9,PCYOX1L,0.9808562169295938,25
R+D,luminal,10,PPP2CA,0.9807076592632515,25
R+D,luminal,11,CNOT6,0.9789240192397046,25
R+D,luminal,12,MARVELD2,0.9698027704871262,25
R+D,luminal,13,G6PC3,0.9693444021641218,25
R+D,luminal,14,ERGIC1,0.9689343420219676,25
R+D,luminal,15,SNX24,0.9686712202446278,25
R+D,luminal,16,STXBP2,0.9686347802394975,25
R+D,luminal,17,PANK3,0.9676032997196171,25
R+D,luminal,18,FAM151B,0.9658995413125273,25
R+D,luminal,19,SAR1B,0.9658314246577155,25
R+D,luminal,20,CDK7,0.9620585463119178,25
R+D,luminal,21,SKAP1,0.9602596789656406,25
R+D,luminal,22,CELSR2,0.9602211721429238,25
R+D,luminal,23,TJP3,0.959912541936671,25
R+D,luminal,24,HARS2,0.9595012157951406,25
R+D,luminal,25,LARP1,0.9583011013817718,25
R+P+D,basal,1,FOXP4,0.9794427386080438,25
R+P+D,basal,2,SLC7A5,0.9792809062817788,25
R+P+D,basal,3,XPO5,0.9784009916558206,25
R+P+D,basal,4,CDC20,0.9775913401066282,25
R+P+D,basal,5,CDCA8,0.9667016529785651,25
R+P+D,basal,6,SRPK1,0.9643407137974447,25
R+P+D,basal,7,KIF2C,0.9640518330728297,25
R+P+D,basal,8,HSPA14,0.9619327577161466,25
R+P+D,basal,9,SLC2A1,0.961524429361102,25
R+P+D,basal,10,ANLN,0.9608819208360719,25
R+P+D,basal,11,NFKBIE,0.9593342224878315,25
R+P+D,basal,12,CBFB,0.9592474249617787,25
R+P+D,basal,13,NUDT3,0.9577966723745691,25
R+P+D,basal,14,SUV39H2,0.9575441689625804,25
R+P+D,basal,15,PSME4,0.9546248206723303,25
R+P+D,basal,16,DBNDD1,0.9515277334829354,25
R+P+D,basal,17,GTPBP4,0.9511883718632742,25
R+P+D,basal,18,IQGAP3,0.9505014331968101,25
R+P+D,basal,19,PPIH,0.9491775720350203,25
R+P+D,basal,20,NOP2,0.9478386954284236,25
R+P+D,basal,21,LARP4B,0.947000859910388,25
R+P+D,basal,22,PTK7,0.9461424177374926,25
R+P+D,basal,23,MCM3,0.9444843083001334,25
R+P+D,basal,24,NUDT5,0.9373538655219446,25
R+P+D,basal,25,NUP93,0.9360501652662562,25
R+P+D,her2,1,GRB7,0.9997408569893445,25
R+P+D,her2,2,ERBB2,0.9997408470794458,25
R+P+D,her2,3,ALDH18A1,0.9919944914440387,25
R+P+D,her2,4,AKT1,0.9887072041196202,25
R+P+D,her2,5,INPPL1,0.9852302897789871,25
R+P+D,her2,6,IPO4,0.9836653764392141,25
R+P+D,her2,7,TGFB3,0.9820503901349351,25
R+P+D,her2,8,CDK12,0.9809366256877728,25
R+P+D,her2,9,PLCB3,0.9806165258451941,25
R+P+D,her2,10,CLPB,0.9806137645027286,25
R+P+D,her2,11,HM13,0.9763075280213908,25
R+P+D,her2,12,CCDC134,0.9730468646420688,25
R+P+D,her2,13,GOLGA5,0.9722914234233629,25
R+P+D,her2,14,DPP3,0.9721392233550219,25
R+P+D,her2,15,BRMS1,0.9715936369313068,25
R+P+D,her2,16,PPP1R14B,0.9711462351543187,25
R+P+D,her2,17,OTUB1,0.9668796719390671,25
R+P+D,her2,18,GALNT6,0.966545062141222,25
R+P+D,her2,19,EIF1AD,0.9659529261833345,25
R+P+D,her2,20,PPP2R5E,0.9658478664759133,25
R+P+D,her2,21,LSM14B,0.9656934974773038,25
R+P+D,her2,22,CCNK,0.9648475001699081,25
R+P+D,her2,23,PSMG1,0.9609365857178415,25
R+P+D,her2,24,FAM89B,0.9606634780777407,25
R+P+D,her2,25,AHSA1,0.9605976211052439,25
R+P+D,luminal,1,GATA3,0.9997561372114473,25
R+P+D,luminal,2,FAF2,0.9921064172526638,25
R+P+D,luminal,3,FOXA1,0.9895764984451939,25
R+P+D,luminal,4,CXXC5,0.9878308163250796,25
R+P+D,luminal,5,MCCC2,0.9858450199935392,25
R+P+D,luminal,6,PCYOX1L,0.9832551950484341,25
R+P+D,luminal,7,PPP2CA,0.9805148465144015,25
R+P+D,luminal,8,FAAH,0.9792141583080264,25
R+P+D,luminal,9,MAPK9,0.9766365314825656,25
R+P+D,luminal,10,SNX24,0.9763509301204177,25
R+P+D,luminal,11,TJP3,0.9720153262226431,25
R+P+D,luminal,12,G6PC3,0.9700542184527848,25
R+P+D,luminal,13,LARP1,0.9658615900389836,25
R+P+D,luminal,14,KCTD6,0.9631984864063998,25
R+P+D,luminal,15,HEXIM2,0.9631223423086407,25
R+P+D,luminal,16,SAR1B,0.9621858000298461,25
R+P+D,luminal,17,BMPR1B,0.9615734187063184,25
R+P+D,luminal,18,IFT140,0.9611973576707368,25
R+P+D,luminal,19,RAB11FIP3,0.958768416334142,25
R+P+D,luminal,20,STXBP2,0.958528270332366,25
R+P+D,luminal,21,CCDC125,0.957927609671207,25
R+P+D,luminal,22,CASZ1,0.9571422124331582,25
R+P+D,luminal,23,HARS2,0.956746594592835,25
R+P+D,luminal,24,HSPA4,0.9565740225631036,25
R+P+D,luminal,25,ERGIC1,0.9564930234959729,25
R,basal,1,E2F3,0.9940251188879405,100
R,basal,2,HDGF,0.993781246189489,100
R,basal,3,IRAK1,0.9932935007925863,100
R,basal,4,ANP32E,0.9923180099987806,100
R,basal,5,RCOR2,0.9912205828557493,100
R,basal,6,POLR1C,0.9910986465065236,100
R,basal,7,UCK2,0.9900012193634923,100
R,basal,8,SRPK1,0.9893915376173638,100
R,basal,9,PLOD3,0.9890257285696866,100
R,basal,10,ILF2,0.9887818558712352,100
R,basal,11,STMN1,0.9886599195220095,100
R,basal,12,PDCD5,0.988050237775881,100
R,basal,13,CDC20,0.9874405560297524,100
R,basal,14,NFKBIE,0.9873186196805268,100
R,basal,15,RPP38,0.9869528106328497,100
R,basal,16,WDR77,0.9864650652359468,100
R,basal,17,FOXP4,0.9863431288867212,100
R,basal,18,RIPK2,0.9862211925374954,100
R,basal,19,GNL2,0.985977319839044,100
R,basal,20,DDA1,0.9853676380929155,100
R,basal,21,XPO5,0.9850018290452384,100
R,basal,22,CDCA8,0.984757956346787,100
R,basal,23,MCM5,0.9839044019022071,100
R,basal,24,DNAJB11,0.9830508474576272,100
R,basal,25,LSR,0.9829289111084014,100
R,basal,26,SUV39H2,0.9825631020607243,100
R,basal,27,HSPA14,0.9819534203145958,100
R,basal,28,MEMO1,0.9803682477746616,100
R,basal,29,TIMM44,0.9801243750762102,100
R,basal,30,JMJD4,0.9795146933300817,100
R,basal,31,LSM2,0.9792708206316303,100
R,basal,32,GTF2H4,0.9790269479331789,100
R,basal,33,DPH2,0.9782953298378246,100
R,basal,34,RPUSD3,0.9780514571393732,100
R,basal,35,HMGA1,0.9774417753932447,100
R,basal,36,DAZAP1,0.976954029996342,100
R,basal,37,CALR,0.9765882209486648,100
R,basal,38,MED8,0.9753688574564078,100
R,basal,39,CBS,0.975246921107182,100
R,basal,40,MOGS,0.9750030484087306,100
R,basal,41,RFC4,0.9748811120595049,100
R,basal,42,TBC1D7,0.9747591757102793,100
R,basal,43,ELAVL1,0.9742714303133764,100
R,basal,44,MCM7,0.974027557614925,100
R,basal,45,EIF4EBP1,0.9736617485672479,100
R,basal,46,CDC123,0.9734178758687965,100
R,basal,47,STOML2,0.9732959395195708,100
R,basal,48,TUBB,0.9729301304718937,100
R,basal,49,RRP1,0.972808194122668,100
R,basal,50,ZMIZ2,0.9725643214242166,100
R,basal,51,BYSL,0.9723204487257652,100
R,basal,52,NUTF2,0.9721985123765394,100
R,basal,53,ASNS,0.9720765760273138,100
R,basal,54,MRPL15,0.9718327033288623,100
R,basal,55,NUDT3,0.9717107669796367,100
R,basal,56,CHRAC1,0.9715888306304109,100
R,basal,57,CDCA2,0.9706133398366052,100
R,basal,58,SMG5,0.9702475307889282,100
R,basal,59,DKC1,0.9697597853920253,100
R,basal,60,GTPBP4,0.969515912693574,100
R,basal,61,CALU,0.9693939763443482,100
R,basal,62,NUP93,0.9692720399951226,100
R,basal,63,ST3GAL4,0.9689062309474454,100
R,basal,64,SLC7A5,0.968662358248994,100
R,basal,65,RTKN,0.9679307401536398,100
R,basal,66,CHEK1,0.9673210584075113,100
R,basal,67,MTPAP,0.9670771857090599,100
R,basal,68,RCC2,0.9661016949152542,100
R,basal,69,VPS72,0.9658578222168028,100
R,basal,70,MORC2,0.9654920131691257,100
R,basal,71,UXS1,0.9652481404706743,100
R,basal,72,GATAD2A,0.9635410315815145,100
R,basal,73,RANBP1,0.963297158883063,100
R,basal,74,PUS7,0.9631752225338374,100
R,basal,75,MELK,0.9630532861846116,100
R,basal,76,TOMM40,0.9625655407877088,100
R,basal,77,SCNM1,0.9623216680892575,100
R,basal,78,MCM3,0.962077795390806,100
R,basal,79,CRTC2,0.9619558590415803,100
R,basal,80,TTK,0.9608584318985489,100
R,basal,81,MEX3A,0.9604926228508719,100
R,basal,82,DNAJC2,0.9601268138031948,100
R,basal,83,SNRPA1,0.960004877453969,100
R,basal,84,RELB,0.9597610047555176,100
R,basal,85,PFDN2,0.9596390684062919,100
R,basal,86,KIFC1,0.9593951957078405,100
R,basal,87,TAF11,0.9590293866601634,100
R,basal,88,BAK1,0.9584197049140348,100
R,basal,89,EIF3B,0.9582977685648092,100
R,basal,90,DIAPH3,0.9581758322155834,100
R,basal,91,LAMP3,0.9580538958663578,100
R,basal,92,PTS,0.9570784050725522,100
R,basal,93,TRIM65,0.956712596024875,100
R,basal,94,DVL3,0.9562248506279722,100
R,basal,95,RCN2,0.9561029142787465,100
R,basal,96,CEP55,0.9556151688818437,100
R,basal,97,MRPL9,0.9552493598341666,100
R,basal,98,C19orf47,0.9547616144372637,100
R,basal,99,TOMM5,0.9545177417388123,100
R,basal,100,AURKB,0.9542738690403609,100
R,her2,1,PSMD3,1.0,100
R,her2,2,GRB7,0.9997561273015486,100
R,her2,3,ERBB2,0.9996341909523229,100
R,her2,4,GGCT,0.998780636507743,100
R,her2,5,ARRDC1,0.9986587001585172,100
R,her2,6,AKT1,0.9985367638092916,100
R,her2,7,RAB3D,0.9982928911108402,100
R,her2,8,KMO,0.9981709547616144,100
R,her2,9,SP6,0.997927082063163,100
R,her2,10,CLPB,0.9973174003170345,100
R,her2,11,DPP3,0.9971954639678088,100
R,her2,12,PSMA7,0.996707718570906,100
R,her2,13,ALDH18A1,0.9962199731740031,100
R,her2,14,IDH2,0.9958541641263261,100
R,her2,15,G6PD,0.9952444823801976,100
R,her2,16,SRD5A3,0.9951225460309718,100
R,her2,17,SEC16A,0.9947567369832947,100
R,her2,18,RAB1B,0.9946348006340691,100
R,her2,19,ARHGAP8,0.9945128642848433,100
R,her2,20,GNPNAT1,0.9942689915863919,100
R,her2,21,LSM14B,0.9939031825387148,100
R,her2,22,PIK3R2,0.993781246189489,100
R,her2,23,CKAP4,0.993415437141812,100
R,her2,24,DTX2,0.9931715644433605,100
R,her2,25,TRIM26,0.9930496280941349,100
R,her2,26,RRBP1,0.9929276917449091,100
R,her2,27,NRBP1,0.9928057553956835,100
R,her2,28,AKR1A1,0.9907328374588464,100
R,her2,29,ATP6V1D,0.9906109011096208,100
R,her2,30,PIK3R3,0.9901231557127179,100
R,her2,31,PPP1R3D,0.9900012193634923,100
R,her2,32,MOCS3,0.9896354103158151,100
R,her2,33,DPAGT1,0.9895134739665894,100
R,her2,34,SDC1,0.989269601268138,100
R,her2,35,ADRM1,0.9891476649189124,100
R,her2,36,CCT8,0.9889037922204609,100
R,her2,37,TAF4,0.9887818558712352,100
R,her2,38,SNRPB2,0.9885379831727839,100
R,her2,39,PDXDC1,0.9882941104743324,100
R,her2,40,CLIC3,0.988050237775881,100
R,her2,41,RRM2,0.9878063650774296,100
R,her2,42,CASP3,0.9875624923789782,100
R,her2,43,HNRNPF,0.9870747469820753,100
R,her2,44,SLC2A10,0.9868308742836239,100
R,her2,45,ABHD11,0.9864650652359468,100
R,her2,46,RHBDD3,0.9860992561882698,100
R,her2,47,CFL1,0.9858553834898183,100
R,her2,48,PLCB3,0.9856115107913669,100
R,her2,49,GORASP2,0.9850018290452384,100
R,her2,50,ARPC5L,0.9846360199975612,100
R,her2,51,DNAJC5,0.9843921472991098,100
R,her2,52,GOLGA5,0.9841482746006585,100
R,her2,53,DERL1,0.9836605292037557,100
R,her2,54,ODF2,0.98268503840995,100
R,her2,55,METTL1,0.9825631020607243,100
R,her2,56,TRIM3,0.9824411657114986,100
R,her2,57,MAGED1,0.9823192293622729,100
R,her2,58,PTGES3,0.9821972930130471,100
R,her2,59,TMEM132A,0.9820753566638215,100
R,her2,60,CCNK,0.9819534203145958,100
R,her2,61,TRAF4,0.9813437385684672,100
R,her2,62,PMM2,0.9812218022192416,100
R,her2,63,XIRP1,0.9810998658700159,100
R,her2,64,CDK12,0.9804901841238873,100
R,her2,65,OTUB2,0.980246311425436,100
R,her2,66,AHSA1,0.9798805023777588,100
R,her2,67,ARFGAP1,0.9791488842824045,100
R,her2,68,SERPINH1,0.9789050115839532,100
R,her2,69,PFKL,0.9787830752347275,100
R,her2,70,NID2,0.9786611388855018,100
R,her2,71,P4HA1,0.9782953298378246,100
R,her2,72,IDE,0.978173393488599,100
R,her2,73,CREB3L4,0.9780514571393732,100
R,her2,74,TMSB10,0.9779295207901475,100
R,her2,75,TMEM63C,0.9770759663455676,100
R,her2,76,ANKRD22,0.976954029996342,100
R,her2,77,PROM2,0.9768320936471162,100
R,her2,78,STIP1,0.9765882209486648,100
R,her2,79,HMGN1,0.9764662845994391,100
R,her2,80,PDCL3,0.9763443482502134,100
R,her2,81,HM13,0.9759785392025363,100
R,her2,82,DYNLT1,0.9756127301548592,100
R,her2,83,TGFB3,0.9753688574564078,100
R,her2,84,IGSF3,0.9751249847579564,100
R,her2,85,CCDC134,0.9750030484087306,100
R,her2,86,GSR,0.9745153030118279,100
R,her2,87,POR,0.9743933666626021,100
R,her2,88,PPP2R5E,0.9742714303133764,100
R,her2,89,PSMC6,0.9741494939641507,100
R,her2,90,MRPL21,0.974027557614925,100
R,her2,91,BRMS1,0.9739056212656994,100
R,her2,92,RDH11,0.9734178758687965,100
R,her2,93,SLC39A7,0.9732959395195708,100
R,her2,94,COMMD3,0.972808194122668,100
R,her2,95,PAK4,0.9720765760273138,100
R,her2,96,PGK2,0.971954639678088,100
R,her2,97,TMEM134,0.9715888306304109,100
R,her2,98,PSMG1,0.9712230215827338,100
R,her2,99,PLEKHF2,0.9709791488842824,100
R,her2,100,PAPOLA,0.9708572125350567,100
R,luminal,1,GATA3,0.9993903182538715,100
R,luminal,2,CA12,0.9991464455554201,100
R,luminal,3,ANXA9,0.9989025728569687,100
R,luminal,4,KDM4B,0.998780636507743,100
R,luminal,5,ZNF552,0.9986587001585172,100
R,luminal,6,CXXC5,0.9985367638092916,100
R,luminal,7,TLE3,0.9984148274600658,100
R,luminal,8,PREX1,0.9982928911108402,100
R,luminal,9,SLC39A6,0.9975612730154859,100
R,luminal,10,NAT1,0.9971954639678088,100
R,luminal,11,SIAH2,0.9964638458724546,100
R,luminal,12,ZNF703,0.9952444823801976,100
R,luminal,13,ATRIP,0.9950006096817461,100
R,luminal,14,ARL3,0.9942689915863919,100
R,luminal,15,FGD3,0.9941470552371662,100
R,luminal,16,FOXA1,0.9940251188879405,100
R,luminal,17,P4HTM,0.9936593098402634,100
R,luminal,18,MYB,0.9932935007925863,100
R,luminal,19,FAF2,0.9931715644433605,100
R,luminal,20,PARD6B,0.9924399463480064,100
R,luminal,21,AGR2,0.992196073649555,100
R,luminal,22,DNAJC12,0.9914644555542007,100
R,luminal,23,ZMYND10,0.991342519204975,100
R,luminal,24,RAB17,0.9908547738080722,100
R,luminal,25,FAAH,0.9906109011096208,100
R,luminal,26,REPS2,0.9900012193634923,100
R,luminal,27,AKR7A3,0.9895134739665894,100
R,luminal,28,TCEAL3,0.9891476649189124,100
R,luminal,29,EVL,0.9889037922204609,100
R,luminal,30,MCCC2,0.9885379831727839,100
R,luminal,31,RALGPS2,0.9878063650774296,100
R,luminal,32,KCTD6,0.9876844287282038,100
R,luminal,33,GDF15,0.9871966833313011,100
R,luminal,34,KCTD3,0.9865870015851725,100
R,luminal,35,VAV3,0.9864650652359468,100
R,luminal,36,IFT140,0.9863431288867212,100
R,luminal,37,BCAS1,0.985977319839044,100
R,luminal,38,EXOC6,0.9850018290452384,100
R,luminal,39,G6PC3,0.984757956346787,100
R,luminal,40,CCDC125,0.9840263382514327,100
R,luminal,41,FAM120A,0.9839044019022071,100
R,luminal,42,MAPK9,0.9837824655529813,100
R,luminal,43,CNOT6,0.9835385928545299,100
R,luminal,44,F7,0.9820753566638215,100
R,luminal,45,MAGED2,0.9818314839653701,100
R,luminal,46,PCYOX1L,0.9812218022192416,100
R,luminal,47,TPBG,0.9809779295207901,100
R,luminal,48,LRBA,0.9807340568223387,100
R,luminal,49,PTP4A2,0.9803682477746616,100
R,luminal,50,AAGAB,0.9801243750762102,100
R,luminal,51,TUBA3E,0.9789050115839532,100
R,luminal,52,SKAP1,0.9786611388855018,100
R,luminal,53,FUT8,0.978173393488599,100
R,luminal,54,CELSR1,0.9780514571393732,100
R,luminal,55,FAAH2,0.9779295207901475,100
R,luminal,56,RBM47,0.9774417753932447,100
R,luminal,57,MREG,0.9764662845994391,100
R,luminal,58,RAB11FIP3,0.9761004755517619,100
R,luminal,59,PPP2CA,0.9756127301548592,100
R,luminal,60,SIGIRR,0.9753688574564078,100
R,luminal,61,CAPN13,0.9748811120595049,100
R,luminal,62,TJP3,0.9743933666626021,100
R,luminal,63,PKIB,0.9734178758687965,100
R,luminal,64,RAB19,0.9732959395195708,100
R,luminal,65,SNX24,0.9731740031703451,100
R,luminal,66,TTC39A,0.9729301304718937,100
R,luminal,67,MSI2,0.9723204487257652,100
R,luminal,68,SCCPDH,0.9715888306304109,100
R,luminal,69,PRR15,0.9713449579319595,100
R,luminal,70,RASEF,0.9708572125350567,100
R,luminal,71,RALGAPB,0.970735276185831,100
R,luminal,72,CHCHD5,0.9702475307889282,100
R,luminal,73,SLC44A4,0.9698817217412511,100
R,luminal,74,TSPAN1,0.9693939763443482,100
R,luminal,75,KLHL12,0.9690281672966712,100
R,luminal,76,SEMA3F,0.9689062309474454,100
R,luminal,77,ERGIC1,0.9678088038044141,100
R,luminal,78,COG2,0.9675649311059626,100
R,luminal,79,SPDEF,0.9669552493598341,100
R,luminal,80,CCND1,0.9668333130106085,100
R,luminal,81,TSPAN13,0.9658578222168028,100
R,luminal,82,HDAC11,0.9654920131691257,100
R,luminal,83,PANK3,0.9647603950737715,100
R,luminal,84,MRPS30,0.9646384587245458,100
R,luminal,85,TSG101,0.96451652237532,100
R,luminal,86,ABCA3,0.964150713327643,100
R,luminal,87,SFXN2,0.962931349835386,100
R,luminal,88,HEXIM2,0.9626874771369345,100
R,luminal,89,COG7,0.9614681136446774,100
R,luminal,90,STXBP2,0.9611023045970004,100
R,luminal,91,N4BP3,0.9593951957078405,100
R,luminal,92,NPRL2,0.9585416412632606,100
R,luminal,93,COX6C,0.9574442141202293,100
R,luminal,94,IGFALS,0.9564687233264236,100
R,luminal,95,ATP8B1,0.9559809779295207,100
R,luminal,96,SFXN5,0.9537861236434582,100
R,luminal,97,SPR,0.9535422509450067,100
R,luminal,98,PBX1,0.9532983782465553,100
R,luminal,99,SRPK2,0.9530545055481039,100
R,luminal,100,RARA,0.9529325691988781,100
R+P,basal,1,ANP32E,0.9877474482518589,100
R+P,basal,2,RCOR2,0.9876254078486963,100
R+P,basal,3,SRPK1,0.9856746789635034,100
R+P,basal,4,CBS,0.9844538884458256,100
R+P,basal,5,PLOD3,0.9825660155709581,100
R+P,basal,6,FOXP4,0.9787256300291218,100
R+P,basal,7,SLC7A5,0.977565361740613,100
R+P,basal,8,XPO5,0.9773844937009686,100
R+P,basal,9,MOGS,0.9754327688709508,100
R+P,basal,10,CALU,0.9707386802360531,100
R+P,basal,11,NFKBIE,0.9706799120589639,100
R+P,basal,12,NUDT3,0.969580849782638,100
R+P,basal,13,MEX3A,0.9692747156677863,100
R+P,basal,14,PUS7,0.9686045562870333,100
R+P,basal,15,PLAUR,0.9681148190004808,100
R+P,basal,16,TIMM44,0.9676313695446881,100
R+P,basal,17,CDC20,0.9674494015062818,100
R+P,basal,18,LAMP3,0.9649467333775286,100
R+P,basal,19,DIAPH3,0.9647029350033178,100
R+P,basal,20,KIFC1,0.9645202237225049,100
R+P,basal,21,MCM5,0.9644622582472147,100
R+P,basal,22,MCM3,0.9634233911733988,100
R+P,basal,23,MORC2,0.96049804852044,100
R+P,basal,24,CBFB,0.9603121264324307,100
R+P,basal,25,CALR,0.9588536618579726,100
R+P,basal,26,KIF2C,0.957570892356009,100
R+P,basal,27,CDCA8,0.9562336654829144,100
R+P,basal,28,RTKN,0.955622081036225,100
R+P,basal,29,SH3BP1,0.9551932524648928,100
R+P,basal,30,RCN2,0.9534263199944263,100
R+P,basal,31,RELB,0.9531829527008113,100
R+P,basal,32,STMN1,0.9531255223600539,100
R+P,basal,33,SCNM1,0.9530613582430927,100
R+P,basal,34,RIPK2,0.9518452055580321,100
R+P,basal,35,ANLN,0.9511058874713456,100
R+P,basal,36,HSPA14,0.9506256190930531,100
R+P,basal,37,ST3GAL4,0.9505021219347736,100
R+P,basal,38,CHEK1,0.9487952360183356,100
R+P,basal,39,MCM7,0.9483693804166299,100
R+P,basal,40,ABCF1,0.9472676573324884,100
R+P,basal,41,HAUS8,0.9457455489107538,100
R+P,basal,42,NDC80,0.9456237760748575,100
R+P,basal,43,IQGAP3,0.9454400688492198,100
R+P,basal,44,SLC2A1,0.944459717250075,100
R+P,basal,45,SUV39H2,0.9440427359627039,100
R+P,basal,46,PSME4,0.941720237225733,100
R+P,basal,47,RCC2,0.9386768379489108,100
R+P,basal,48,ASNS,0.938311846467881,100
R+P,basal,49,PDIA6,0.9371496754788113,100
R+P,basal,50,DLGAP5,0.9369600520436171,100
R+P,basal,51,LAD1,0.9364782228562707,100
R+P,basal,52,UXS1,0.9363605081239146,100
R+P,basal,53,NUP93,0.9359952788053145,100
R+P,basal,54,CCNB2,0.935441734158156,100
R+P,basal,55,VASP,0.935192599303466,100
R+P,basal,56,PTK7,0.9337973623605367,100
R+P,basal,57,EPCAM,0.9336152159439528,100
R+P,basal,58,SKA1,0.9333699162200808,100
R+P,basal,59,QPCT,0.9325130320495194,100
R+P,basal,60,CDKN2A,0.9320882318520309,100
R+P,basal,61,TYMS,0.9317226160473795,100
R+P,basal,62,NOP2,0.9315410493598728,100
R+P,basal,63,DBNDD1,0.9303821932319365,100
R+P,basal,64,MAN2B1,0.9303218493809452,100
R+P,basal,65,PTP4A3,0.9292182979204835,100
R+P,basal,66,GTPBP4,0.9283761448144208,100
R+P,basal,67,KIF14,0.927391958084458,100
R+P,basal,68,TACC3,0.9266018988386733,100
R+P,basal,69,ST14,0.92648225167606,100
R+P,basal,70,CENPF,0.9245874071874187,100
R+P,basal,71,RRP1B,0.924350372319108,100
R+P,basal,72,RBM28,0.9240433611782164,100
R+P,basal,73,PPIH,0.9238629390840158,100
R+P,basal,74,ARPC5,0.9235587522642694,100
R+P,basal,75,MSH2,0.922276889518042,100
R+P,basal,76,LARP4B,0.9220948768850913,100
R+P,basal,77,DNAJC2,0.9218529960762896,100
R+P,basal,78,BIRC5,0.9215434727760637,100
R+P,basal,79,BEND3,0.9212347373127889,100
R+P,basal,80,CDCA5,0.9197734930117302,100
R+P,basal,81,WDR12,0.919533470308945,100
R+P,basal,82,CDCA2,0.9194161420626401,100
R+P,basal,83,STOML2,0.9191726558502401,100
R+P,basal,84,NCAPD2,0.9186213112006051,100
R+P,basal,85,IRAK1,0.9185046072779218,100
R+P,basal,86,SKA3,0.9184968032326526,100
R+P,basal,87,MCM6,0.9184923883727574,100
R+P,basal,88,DDX49,0.9184325053320581,100
R+P,basal,89,TTC13,0.9172692640739231,100
R+P,basal,90,MSH6,0.9172088161689947,100
R+P,basal,91,PUS1,0.9153262203152142,100
R+P,basal,92,NUDT5,0.9149645436953178,100
R+P,basal,93,RHBDF2,0.9149636220747335,100
R+P,basal,94,MCM2,0.9137382531838312,100
R+P,basal,95,CDC123,0.912467806640969,100
R+P,basal,96,RAD51AP1,0.9122210501619801,100
R+P,basal,97,MMP9,0.9121481901088617,100
R+P,basal,98,SRC,0.9120944908449853,100
R+P,basal,99,GIPC1,0.9120345334800455,100
R+P,basal,100,HYOU1,0.9108748449206138,100
R+P,her2,1,GRB7,0.9997561570312449,100
R+P,her2,2,ERBB2,0.9997561421663967,100
R+P,her2,3,KMO,0.998902617451513,100
R+P,her2,4,GGCT,0.998415065297636,100
R+P,her2,5,ALDH18A1,0.996708060462413,100
R+P,her2,6,RAB3D,0.995672106898831,100
R+P,her2,7,DPP3,0.9954891131859036,100
R+P,her2,8,G6PD,0.9946355290116276,100
R+P,her2,9,ARRDC1,0.9940873654394926,100
R+P,her2,10,GNPNAT1,0.9929287174194303,100
R+P,her2,11,LSM14B,0.9919534198686504,100
R+P,her2,12,PDXDC1,0.9914041562977538,100
R+P,her2,13,PLCB3,0.9897580899074474,100
R+P,her2,14,CASP3,0.9893926078864292,100
R+P,her2,15,IDH2,0.9889669455277492,100
R+P,her2,16,IDE,0.9887209768857113,100
R+P,her2,17,AKT1,0.9886625060055845,100
R+P,her2,18,CKAP4,0.9880523485843158,100
R+P,her2,19,CLIC3,0.9871983481942919,100
R+P,her2,20,PPP2R5E,0.9849413960051583,100
R+P,her2,21,GORASP2,0.9843941243239114,100
R+P,her2,22,ANKRD22,0.9841493300048758,100
R+P,her2,23,INPPL1,0.9840266206835473,100
R+P,her2,24,TGFB3,0.9838443702130265,100
R+P,her2,25,TRIM26,0.982444599491417,100
R+P,her2,26,RANBP9,0.9823196307131725,100
R+P,her2,27,IPO4,0.9822587368628003,100
R+P,her2,28,BSCL2,0.9821365329463082,100
R+P,her2,29,RRBP1,0.9817131449093923,100
R+P,her2,30,PFKL,0.9811018874893618,100
R+P,her2,31,SEC16A,0.9803114417575256,100
R+P,her2,32,PDCL3,0.9802482438556931,100
R+P,her2,33,DPM1,0.9801245088598434,100
R+P,her2,34,ABHD11,0.9796399445404408,100
R+P,her2,35,DERL1,0.9795176960294043,100
R+P,her2,36,CCDC134,0.9792728273861281,100
R+P,her2,37,DYNLT1,0.9789681351615451,100
R+P,her2,38,GUK1,0.9786010328720806,100
R+P,her2,39,CREB3L4,0.9777493662632134,100
R+P,her2,40,NRBP1,0.9772025851219549,100
R+P,her2,41,POR,0.9770784339103575,100
R+P,her2,42,CLPB,0.976715508643218,100
R+P,her2,43,SLC2A10,0.9765923236467492,100
R+P,her2,44,PSMG1,0.9759808878485411,100
R+P,her2,45,TUBA1C,0.9756753929221591,100
R+P,her2,46,ARFGAP1,0.9755551808953167,100
R+P,her2,47,PPP1R14B,0.9755526538711342,100
R+P,her2,48,HPCAL1,0.9751261590809588,100
R+P,her2,49,XIRP1,0.9748849323254749,100
R+P,her2,50,COPB2,0.9746377001713455,100
R+P,her2,51,KIF21A,0.9739063050487133,100
R+P,her2,52,PYCR1,0.9734197488396611,100
R+P,her2,53,ACLY,0.9732973665449914,100
R+P,her2,54,HM13,0.9731776153284412,100
R+P,her2,55,P4HA1,0.9731169444507909,100
R+P,her2,56,CDK12,0.972081005752057,100
R+P,her2,57,SRD5A3,0.9717780229850093,100
R+P,her2,58,RABIF,0.970249210516767,100
R+P,her2,59,ZNRF2,0.9698224035647809,100
R+P,her2,60,OTUB1,0.9691528090482568,100
R+P,her2,61,GALNT7,0.9689711977662058,100
R+P,her2,62,DTX2,0.9686082130396737,100
R+P,her2,63,RRM2,0.968363745747297,100
R+P,her2,64,GDAP2,0.9675068913064317,100
R+P,her2,65,GALE,0.9672023328654821,100
R+P,her2,66,GFPT1,0.9669562155749627,100
R+P,her2,67,FAM89B,0.9663477378815328,100
R+P,her2,68,BRMS1,0.9661067786933153,100
R+P,her2,69,KCTD15,0.9653740308695031,100
R+P,her2,70,GALNT6,0.9648842341235581,100
R+P,her2,71,CFL1,0.9644624960847847,100
R+P,her2,72,EIF1AD,0.9643340637969255,100
R+P,her2,73,MOCS3,0.9636705638681355,100
R+P,her2,74,PPP1R3D,0.9634267952236211,100
R+P,her2,75,GOLGA5,0.9631213151620871,100
R+P,her2,76,SPDEF,0.9630560510463642,100
R+P,her2,77,AP1B1,0.9629331782117061,100
R+P,her2,78,PTRH1,0.9627527709823538,100
R+P,her2,79,AMACR,0.9627508385520966,100
R+P,her2,80,PMM2,0.9617799855909082,100
R+P,her2,81,CORO1B,0.9617172336345194,100
R+P,her2,82,SEC23B,0.9600085490714576,100
R+P,her2,83,CXCL9,0.9585469777437399,100
R+P,her2,84,TMEM141,0.9578746183654634,100
R+P,her2,85,TRIM3,0.957513402555859,100
R+P,her2,86,INTS8,0.9574448087141545,100
R+P,her2,87,AHSA1,0.9570254639159305,100
R+P,her2,88,HMGCS1,0.956834903995304,100
R+P,her2,89,POMP,0.9567761952776073,100
R+P,her2,90,ARPC5L,0.9566603237864193,100
R+P,her2,91,ARHGAP8,0.9549548351657058,100
R+P,her2,92,PDIA5,0.9547064584182705,100
R+P,her2,93,PSMA7,0.9541017563962662,100
R+P,her2,94,ISOC2,0.9536108447867112,100
R+P,her2,95,HNRNPF,0.953369142356087,100
R+P,her2,96,CCNK,0.9533075647227007,100
R+P,her2,97,YKT6,0.9521409342791916,100
R+P,her2,98,CCT8,0.9519674392042204,100
R+P,her2,99,CANT1,0.9518968832025625,100
R+P,her2,100,YIF1A,0.9513529263824491,100
R+P,luminal,1,GATA3,0.999634205817171,100
R+P,luminal,2,CA12,0.9992075029191217,100
R+P,luminal,3,TLE3,0.9989636004909741,100
R+P,luminal,4,PREX1,0.9987197723870671,100
R+P,luminal,5,NAT1,0.9971958058593158,100
R+P,luminal,6,ARL3,0.9963421027662547,100
R+P,luminal,7,CXXC5,0.9962816697261745,100
R+P,luminal,8,FOXA1,0.9962811197267936,100
R+P,luminal,9,ZNF552,0.9962207312812579,100
R+P,luminal,10,PARD6B,0.9951228135982382,100
R+P,luminal,11,ZNF703,0.9950622021799805,100
R+P,luminal,12,MYB,0.9948181511033516,100
R+P,luminal,13,FAF2,0.9941476498310915,100
R+P,luminal,14,REPS2,0.9928672438399809,100
R+P,luminal,15,IFT140,0.9925010780359487,100
R+P,luminal,16,EVL,0.9921966236489358,100
R+P,luminal,17,TCEAL3,0.9920747467591027,100
R+P,luminal,18,KDM4B,0.9906130416477518,100
R+P,luminal,19,FAM120A,0.9904893215167503,100
R+P,luminal,20,AGR2,0.990307472397129,100
R+P,luminal,21,DNAJC12,0.9902464298982756,100
R+P,luminal,22,LRBA,0.9886603357377572,100
R+P,luminal,23,RALGPS2,0.9881735714208311,100
R+P,luminal,24,AKR7A3,0.9876861530505872,100
R+P,luminal,25,SIGIRR,0.9867091757719684,100
R+P,luminal,26,KCTD6,0.9857963774751588,100
R+P,luminal,27,TJP3,0.9853071307285948,100
R+P,luminal,28,PCYOX1L,0.9846374767526782,100
R+P,luminal,29,MCCC2,0.9842726487849778,100
R+P,luminal,30,PKIB,0.9837831790656917,100
R+P,luminal,31,SIAH2,0.9837250352122239,100
R+P,luminal,32,MAGED2,0.9829918117132714,100
R+P,luminal,33,SNX24,0.9824421765211715,100
R+P,luminal,34,FGD3,0.9818961534871677,100
R+P,luminal,35,VAV3,0.9816514037626766,100
R+P,luminal,36,SCCPDH,0.9815886369414397,100
R+P,luminal,37,MSI2,0.9810401463426461,100
R+P,luminal,38,FAAH,0.9807376095210423,100
R+P,luminal,39,CHCHD5,0.980125593993757,100
R+P,luminal,40,HDAC11,0.9801250142646799,100
R+P,luminal,41,KCTD3,0.9795790060955243,100
R+P,luminal,42,CELSR1,0.9792731990073313,100
R+P,luminal,43,PRR15,0.978236175174684,100
R+P,luminal,44,G6PC3,0.978115903688449,100
R+P,luminal,45,HEXIM2,0.9780522598411723,100
R+P,luminal,46,PPP2CA,0.9778709755857802,100
R+P,luminal,47,SFXN2,0.9768332233755743,100
R+P,luminal,48,SLC39A6,0.9767764916826789,100
R+P,luminal,49,ANXA9,0.9763499820276553,100
R+P,luminal,50,MAPK9,0.9754338391400161,100
R+P,luminal,51,RAB11FIP3,0.9754329026545838,100
R+P,luminal,52,RBM47,0.9752502062386192,100
R+P,luminal,53,PTP4A2,0.9750677030656802,100
R+P,luminal,54,TTC39A,0.9739086834244145,100
R+P,luminal,55,SPR,0.9732967868159144,100
R+P,luminal,56,HSPB1,0.9731136147248094,100
R+P,luminal,57,EXOC6,0.9720206024416732,100
R+P,luminal,58,CCND1,0.9698240684277717,100
R+P,luminal,59,TCEA3,0.9693346878975744,100
R+P,luminal,60,AAGAB,0.9684847158813941,100
R+P,luminal,61,SFXN5,0.9678110186667858,100
R+P,luminal,62,N4BP3,0.9674459825912114,100
R+P,luminal,63,GDF15,0.967327465157056,100
R+P,luminal,64,CD2BP2,0.9657374318117828,100
R+P,luminal,65,STARD10,0.9643965630508959,100
R+P,luminal,66,ZNF446,0.9634207898249758,100
R+P,luminal,67,LARP1,0.9625068915294046,100
R+P,luminal,68,BCAT2,0.962324447815858,100
R+P,luminal,69,RBKS,0.9605562518333003,100
R+P,luminal,70,MED29,0.960007582856329,100
R+P,luminal,71,EML2,0.9596411940795748,100
R+P,luminal,72,ZFYVE19,0.9583600151163614,100
R+P,luminal,73,FUT8,0.9575738355959391,100
R+P,luminal,74,ERBB3,0.9569001235164826,100
R+P,luminal,75,BMPR1B,0.9542765001184803,100
R+P,luminal,76,ATP8B1,0.9533653518198134,100
R+P,luminal,77,HAGH,0.9528122828477952,100
R+P,luminal,78,BCAS1,0.9526985221650419,100
R+P,luminal,79,SCLY,0.9525073973801864,100
R+P,luminal,80,HARS2,0.9517801198204867,100
R+P,luminal,81,RARA,0.9517192408349626,100
R+P,luminal,82,OTUD7B,0.9511084293603762,100
R+P,luminal,83,SAR1B,0.9503774058589471,100
R+P,luminal,84,ERGIC1,0.949709595124199,100
R+P,luminal,85,STXBP2,0.9497087775575518,100
R+P,luminal,86,TANC2,0.9481791326578142,100
R+P,luminal,87,DCAF10,0.9478775620513389,100
R+P,luminal,88,ARFIP2,0.9478151965810017,100
R+P,luminal,89,CASZ1,0.94762969070874,100
R+P,luminal,90,TPBG,0.9473340214469732,100
R+P,luminal,91,AP1G2,0.9461097822845289,100
R+P,luminal,92,PPM1J,0.9460473573547991,100
R+P,luminal,93,MYEF2,0.9456185882428595,100
R+P,luminal,94,CGN,0.9456185733780114,100
R+P,luminal,95,ZMYND10,0.9439828529220047,100
R+P,luminal,96,EEF1A2,0.9436699701661011,100
R+P,luminal,97,HSPA4,0.9419597396588336,100
R+P,luminal,98,RALGAPB,0.9417250683013758,100
R+P,luminal,99,FCRLB,0.9415343151377236,100
R+P,luminal,100,FDXR,0.9411697844669858,100
R+D,basal,1,CDC20,0.9926578866685367,100
R+D,basal,2,GNL2,0.9868074739044554,100
R+D,basal,3,MED8,0.9866220373818644,100
R+D,basal,4,CDCA8,0.9861977921583269,100
R+D,basal,5,RPP38,0.9857499227975915,100
R+D,basal,6,ILF2,0.9846079217183801,100
R+D,basal,7,FOXP4,0.9836100423263043,100
R+D,basal,8,SUV39H2,0.9835550685115289,100
R+D,basal,9,DPH2,0.9833045125140447,100
R+D,basal,10,HSPA14,0.9832502276384646,100
R+D,basal,11,GTPBP4,0.9831643693272776,100
R+D,basal,12,XPO5,0.9827179083053816,100
R+D,basal,13,CDC123,0.9777751925219973,100
R+D,basal,14,RFC4,0.9776575498125148,100
R+D,basal,15,POLR1C,0.9769574746923191,100
R+D,basal,16,SLC7A5,0.9756871768065523,100
R+D,basal,17,SMG5,0.9753407591772265,100
R+D,basal,18,DKC1,0.975096886478775,100
R+D,basal,19,PPIH,0.973748072059601,100
R+D,basal,20,NUTF2,0.972336459201598,100
R+D,basal,21,LARP4B,0.9705439571824173,100
R+D,basal,22,DAZAP1,0.9687890959441663,100
R+D,basal,23,BYSL,0.9682444430223378,100
R+D,basal,24,NUDT5,0.9681422209331666,100
R+D,basal,25,KIF2C,0.9655218554241902,100
R+D,basal,26,POLD1,0.9654029467153316,100
R+D,basal,27,TBCC,0.9646375283622135,100
R+D,basal,28,ERI3,0.9634288875902549,100
R+D,basal,29,NFKBIE,0.9619807315130469,100
R+D,basal,30,DBNDD1,0.9594749477801755,100
R+D,basal,31,HMGA1,0.9565111136962361,100
R+D,basal,32,SEMA4A,0.9560138478249524,100
R+D,basal,33,NOP2,0.9558309433011138,100
R+D,basal,34,PSME4,0.955769975126501,100
R+D,basal,35,SRPK1,0.9555321605413456,100
R+D,basal,36,PTK7,0.9552979859869533,100
R+D,basal,37,MRPL14,0.9544360170627981,100
R+D,basal,38,EBNA1BP2,0.9532724458686342,100
R+D,basal,39,NUDT3,0.9529695422690341,100
R+D,basal,40,IQGAP3,0.9527544660209862,100
R+D,basal,41,NUP93,0.9527159890916312,100
R+D,basal,42,CHRAC1,0.9512666965591692,100
R+D,basal,43,ANLN,0.9510144575066986,100
R+D,basal,44,SLC2A1,0.9493572279743607,100
R+D,basal,45,CBFB,0.9487455736245529,100
R+D,basal,46,TAF11,0.9466288521092974,100
R+D,basal,47,UBE2Q1,0.9439421492516077,100
R+D,basal,48,TOMM6,0.9437599032065161,100
R+D,basal,49,MRPS10,0.9433929400384774,100
R+D,basal,50,SLC35B2,0.9427757565099985,100
R+D,basal,51,WDR46,0.9425398812355121,100
R+D,basal,52,MTPAP,0.9423950734417426,100
R+D,basal,53,SNRPC,0.941873334489495,100
R+D,basal,54,GDI2,0.941500747928878,100
R+D,basal,55,NUP62,0.9402230906002237,100
R+D,basal,56,MEMO1,0.9401068590621424,100
R+D,basal,57,EPCAM,0.9384736374296025,100
R+D,basal,58,STOML2,0.9376330962809367,100
R+D,basal,59,PSMB2,0.9365623081201294,100
R+D,basal,60,SSX2IP,0.9363469174634591,100
R+D,basal,61,MCM3,0.9343419689722042,100
R+D,basal,62,BOP1,0.9340374814012915,100
R+D,basal,63,CHEK2,0.9339433686151,100
R+D,basal,64,GMDS,0.9331507823451328,100
R+D,basal,65,PRCC,0.9327849732974558,100
R+D,basal,66,MSH2,0.9302231077177984,100
R+D,basal,67,CHAC2,0.9279459693606482,100
R+D,basal,68,SHCBP1,0.9246762060739464,100
R+D,basal,69,ASPM,0.9245262011752358,100
R+D,basal,70,DVL3,0.9231578183987843,100
R+D,basal,71,GET4,0.9231520017086251,100
R+D,basal,72,WDR77,0.9230181227280758,100
R+D,basal,73,NUDT1,0.921505860994078,100
R+D,basal,74,PPM1G,0.9211289277983951,100
R+D,basal,75,GALNS,0.9208211250756273,100
R+D,basal,76,PUF60,0.9198318967164969,100
R+D,basal,77,DNAJB11,0.9197174268194066,100
R+D,basal,78,IPO13,0.919653738218227,100
R+D,basal,79,HSF1,0.9187954377480785,100
R+D,basal,80,CPSF1,0.9160518698905001,100
R+D,basal,81,TFDP1,0.9153654155868477,100
R+D,basal,82,CHMP4C,0.9136409664690202,100
R+D,basal,83,ECE2,0.9127932287145994,100
R+D,basal,84,GPN1,0.9121056379556929,100
R+D,basal,85,TMEM41A,0.9114519288731167,100
R+D,basal,86,LRRC42,0.9114230169803845,100
R+D,basal,87,GNG5,0.9095818888084171,100
R+D,basal,88,LEMD2,0.9089530345321998,100
R+D,basal,89,LSM2,0.9085073438680655,100
R+D,basal,90,MED20,0.9083736955525171,100
R+D,basal,91,POP4,0.9082466775406788,100
R+D,basal,92,SCRIB,0.907882134492378,100
R+D,basal,93,AP2M1,0.9077938383963455,100
R+D,basal,94,BTF3L4,0.9070018468516668,100
R+D,basal,95,MEA1,0.9064927855582894,100
R+D,basal,96,WDR12,0.9064067800378726,100
R+D,basal,97,CENPE,0.9058370401185751,100
R+D,basal,98,GNAI3,0.9054850147245738,100
R+D,basal,99,KPNA2,0.904251867578641,100
R+D,basal,100,CNPY3,0.9035663131768725,100
R+D,her2,1,GRB7,0.9997331921035462,100
R+D,her2,2,ERBB2,0.9996722239289333,100
R+D,her2,3,PSMD3,0.9995653853583156,100
R+D,her2,4,AKT1,0.9936666820784916,100
R+D,her2,5,CLPB,0.9928638382693923,100
R+D,her2,6,ATP6V1D,0.991393918779651,100
R+D,her2,7,CDK12,0.9895690248415457,100
R+D,her2,8,ALDH18A1,0.9893936632906466,100
R+D,her2,9,GOLGA5,0.9873899572732865,100
R+D,her2,10,OTUB2,0.9865013670320149,100
R+D,her2,11,RAB1B,0.9861140006647262,100
R+D,her2,12,CCNK,0.9849403956894593,100
R+D,her2,13,PAPOLA,0.9844627959526742,100
R+D,her2,14,ODF2,0.98262619590862,100
R+D,her2,15,ADRM1,0.9810524880514979,100
R+D,her2,16,CDK1,0.9798830343765113,100
R+D,her2,17,HM13,0.9792729463049132,100
R+D,her2,18,RDH11,0.9791756174785358,100
R+D,her2,19,INPPL1,0.9790035475540103,100
R+D,her2,20,TRAF4,0.9785509498328139,100
R+D,her2,21,BRMS1,0.9782364873364947,100
R+D,her2,22,IPO4,0.9774485705712922,100
R+D,her2,23,TGFB3,0.97691564371758,100
R+D,her2,24,HSP90AA1,0.9766552953621297,100
R+D,her2,25,PLCB3,0.9739724542560273,100
R+D,her2,26,AHSA1,0.9738112189308149,100
R+D,her2,27,IGSF3,0.9726407230144813,100
R+D,her2,28,COL1A1,0.9725664470974995,100
R+D,her2,29,SDF2,0.9717834824507874,100
R+D,her2,30,SPAG5,0.9697715326885632,100
R+D,her2,31,MTFR1,0.9695790065414697,100
R+D,her2,32,CCDC134,0.9677989937813404,100
R+D,her2,33,CFL1,0.9675751709799874,100
R+D,her2,34,GLRX5,0.9666867102828379,100
R+D,her2,35,C14orf119,0.9659879316224669,100
R+D,her2,36,TDP1,0.9648463652639732,100
R+D,her2,37,YIF1A,0.9628241579626167,100
R+D,her2,38,PSMA3,0.9618030205308356,100
R+D,her2,39,OTUB1,0.9614130102857799,100
R+D,her2,40,DPP3,0.9613174538305337,100
R+D,her2,41,PGM3,0.9612263666195089,100
R+D,her2,42,BEND3,0.9604337803495419,100
R+D,her2,43,PPP1R14B,0.9603765513173612,100
R+D,her2,44,PSMB5,0.960067447265002,100
R+D,her2,45,STIP1,0.9578710855564263,100
R+D,her2,46,GALNT6,0.9576196168617173,100
R+D,her2,47,VCP,0.9572962754354088,100
R+D,her2,48,BANF1,0.9560012515846485,100
R+D,her2,49,PSMA7,0.9549406856327585,100
R+D,her2,50,TTC9,0.9539716720450638,100
R+D,her2,51,LSM14B,0.9535384176166628,100
R+D,her2,52,PTGES3,0.9529491390697842,100
R+D,her2,53,SEC24C,0.952142108602194,100
R+D,her2,54,CDR2,0.9514714586814526,100
R+D,her2,55,DAD1,0.951132901034391,100
R+D,her2,56,TMEM134,0.9511218250119411,100
R+D,her2,57,PSMG1,0.9510355015195879,100
R+D,her2,58,TAF4,0.950977754282923,100
R+D,her2,59,PPP2R5E,0.9509661188653997,100
R+D,her2,60,EIF1AD,0.9507579885679431,100
R+D,her2,61,FAM89B,0.9498944003422602,100
R+D,her2,62,XPOT,0.9484410860536401,100
R+D,her2,63,GDAP2,0.9478844055186079,100
R+D,her2,64,LRRC15,0.9476914318554558,100
R+D,her2,65,MRPS16,0.9473505659676709,100
R+D,her2,66,ZWINT,0.9471753869842121,100
R+D,her2,67,SF3B2,0.9466731208688821,100
R+D,her2,68,PCK2,0.9459280242964476,100
R+D,her2,69,ERAL1,0.9450184537957452,100
R+D,her2,70,KRT8,0.944997120234163,100
R+D,her2,71,MXRA5,0.9443710224174842,100
R+D,her2,72,CRELD2,0.9433945416748977,100
R+D,her2,73,ARPC5L,0.942289035689335,100
R+D,her2,74,PSME2,0.9404408885812909,100
R+D,her2,75,SNRPB2,0.9387831889980203,100
R+D,her2,76,BSCL2,0.9384660237682374,100
R+D,her2,77,COX8A,0.9376963903613803,100
R+D,her2,78,GNPNAT1,0.9374474183352087,100
R+D,her2,79,TM9SF1,0.9369548680290453,100
R+D,her2,80,VCAN,0.935988336921237,100
R+D,her2,81,XRCC4,0.9347661788375312,100
R+D,her2,82,CCAR1,0.9342504696033314,100
R+D,her2,83,DYNLT1,0.9329000486779704,100
R+D,her2,84,NDUFA8,0.9327264889960394,100
R+D,her2,85,METTL1,0.9318359261510885,100
R+D,her2,86,ARRDC1,0.9316260470079818,100
R+D,her2,87,ASCC1,0.9311348745802093,100
R+D,her2,88,CORO1B,0.9305487993061712,100
R+D,her2,89,CCT8,0.9287767947001474,100
R+D,her2,90,GBP5,0.928669361376246,100
R+D,her2,91,HMGN1,0.9278217071055916,100
R+D,her2,92,MARK2,0.9278137754722902,100
R+D,her2,93,PSMC6,0.9273876695240881,100
R+D,her2,94,RANGAP1,0.9272481210626095,100
R+D,her2,95,FIBP,0.9271532712116665,100
R+D,her2,96,SCO2,0.9255308665133319,100
R+D,her2,97,AP1G2,0.9254891650827151,100
R+D,her2,98,SGPL1,0.9241392093385201,100
R+D,her2,99,SEC23IP,0.9240966717594779,100
R+D,her2,100,DPAGT1,0.9236248072942856,100
R+D,luminal,1,GATA3,0.9996951591269357,100
R+D,luminal,2,FAF2,0.9905977582695844,100
R+D,luminal,3,CCDC125,0.9890674476654111,100
R+D,luminal,4,MCCC2,0.9887638727917232,100
R+D,luminal,5,FOXA1,0.9850961873849675,100
R+D,luminal,6,CXXC5,0.9847329366660906,100
R+D,luminal,7,FAAH,0.9833890784958076,100
R+D,luminal,8,MAPK9,0.981412190860323,100
R+D,luminal,9,PCYOX1L,0.9808562169295938,100
R+D,luminal,10,PPP2CA,0.9807076592632515,100
R+D,luminal,11,CNOT6,0.9789240192397046,100
R+D,luminal,12,MARVELD2,0.9698027704871262,100
R+D,luminal,13,G6PC3,0.9693444021641218,100
R+D,luminal,14,ERGIC1,0.9689343420219676,100
R+D,luminal,15,SNX24,0.9686712202446278,100
R+D,luminal,16,STXBP2,0.9686347802394975,100
R+D,luminal,17,PANK3,0.9676032997196171,100
R+D,luminal,18,FAM151B,0.9658995413125273,100
R+D,luminal,19,SAR1B,0.9658314246577155,100
R+D,luminal,20,CDK7,0.9620585463119178,100
R+D,luminal,21,SKAP1,0.9602596789656406,100
R+D,luminal,22,CELSR2,0.9602211721429238,100
R+D,luminal,23,TJP3,0.959912541936671,100
R+D,luminal,24,HARS2,0.9595012157951406,100
R+D,luminal,25,LARP1,0.9583011013817718,100
R+D,luminal,26,BMPR1B,0.9531488638878329,100
R+D,luminal,27,KCTD6,0.9528435664985427,100
R+D,luminal,28,HSPA9,0.9512642941045388,100
R+D,luminal,29,RAB11FIP3,0.9507699596225103,100
R+D,luminal,30,TBCA,0.9498039432147345,100
R+D,luminal,31,ERBB3,0.9497797243522481,100
R+D,luminal,32,GNPDA1,0.9493195306347942,100
R+D,luminal,33,DPP9,0.9491249643633848,100
R+D,luminal,34,COPZ1,0.9490619380361257,100
R+D,luminal,35,HEXIM2,0.9479749921902559,100
R+D,luminal,36,COG7,0.9466409527079868,100
R+D,luminal,37,UBTF,0.9464813366843021,100
R+D,luminal,38,B4GALT7,0.9457839535674296,100
R+D,luminal,39,NDUFA2,0.9455395038087975,100
R+D,luminal,40,DDX41,0.9429412726796134,100
R+D,luminal,41,IFT140,0.942466522913517,100
R+D,luminal,42,CASZ1,0.9412600698383268,100
R+D,luminal,43,HSPA4,0.9407735048918333,100
R+D,luminal,44,MRPS30,0.9402098996346314,100
R+D,luminal,45,EARS2,0.9392655347603741,100
R+D,luminal,46,UQCRQ,0.9382738097327064,100
R+D,luminal,47,WDR90,0.9381495474776499,100
R+D,luminal,48,PRR15L,0.9376572032644082,100
R+D,luminal,49,POLR3K,0.9334549980324602,100
R+D,luminal,50,ZFYVE19,0.9325511981335659,100
R+D,luminal,51,SFXN1,0.9312147561966666,100
R+D,luminal,52,PIGQ,0.930711430174882,100
R+D,luminal,53,RDH16,0.929996417280649,100
R+D,luminal,54,WDR55,0.9296877784094559,100
R+D,luminal,55,SIGIRR,0.9293011951952698,100
R+D,luminal,56,CANX,0.9271941894891809,100
R+D,luminal,57,WDR24,0.9262607534281437,100
R+D,luminal,58,KRT18,0.9253710090665105,100
R+D,luminal,59,EXOC2,0.9248927386004713,100
R+D,luminal,60,CCDC43,0.9237028635162934,100
R+D,luminal,61,SCAMP4,0.923468783175808,100
R+D,luminal,62,PRR13,0.9222645174621591,100
R+D,luminal,63,GRPEL2,0.9218999920789657,100
R+D,luminal,64,SRA1,0.9207864249159794,100
R+D,luminal,65,TSG101,0.9204946915527363,100
R+D,luminal,66,PRKAG1,0.9203754167463853,100
R+D,luminal,67,SP110,0.9192505588030873,100
R+D,luminal,68,ABCA3,0.9185250379464176,100
R+D,luminal,69,MYEF2,0.9184700817967497,100
R+D,luminal,70,XRCC4,0.9176127470191485,100
R+D,luminal,71,ZNF48,0.916385054596283,100
R+D,luminal,72,PIP4K2C,0.9158704727891747,100
R+D,luminal,73,PATZ1,0.9157144046755418,100
R+D,luminal,74,ZBTB2,0.915165691104026,100
R+D,luminal,75,UBE2D2,0.914924376734375,100
R+D,luminal,76,BNIP1,0.9138191121719492,100
R+D,luminal,77,IGFALS,0.9137665231466965,100
R+D,luminal,78,MRPL22,0.913672397565164,100
R+D,luminal,79,ARF3,0.9136689175389716,100
R+D,luminal,80,LARP4,0.9133392984083479,100
R+D,luminal,81,CCDC112,0.9111479241484777,100
R+D,luminal,82,OCLN,0.9095613737301526,100
R+D,luminal,83,VPS25,0.9093208161835562,100
R+D,luminal,84,RAB17,0.9086010395986468,100
R+D,luminal,85,PRRC1,0.907480153192755,100
R+D,luminal,86,TMEM41B,0.9070790492601417,100
R+D,luminal,87,POLR3E,0.907047699582564,100
R+D,luminal,88,KDM4B,0.9066725280278718,100
R+D,luminal,89,CTPS2,0.9058985285628726,100
R+D,luminal,90,LMAN2,0.9058726225149993,100
R+D,luminal,91,ZG16B,0.9055198090981287,100
R+D,luminal,92,RAB40C,0.9051047968374841,100
R+D,luminal,93,NHP2,0.9042091876601357,100
R+D,luminal,94,ALG1,0.9034240678423039,100
R+D,luminal,95,UBFD1,0.9033552799134041,100
R+D,luminal,96,GALNT7,0.9032318361416654,100
R+D,luminal,97,HEATR6,0.9013259154669087,100
R+D,luminal,98,BRCA1,0.9005891124948674,100
R+D,luminal,99,AMZ2,0.8994896008691422,100
R+D,luminal,100,MSI2,0.8987543908685809,100
R+P+D,basal,1,FOXP4,0.9794427386080438,100
R+P+D,basal,2,SLC7A5,0.9792809062817788,100
R+P+D,basal,3,XPO5,0.9784009916558206,100
R+P+D,basal,4,CDC20,0.9775913401066282,100
R+P+D,basal,5,CDCA8,0.9667016529785651,100
R+P+D,basal,6,SRPK1,0.9643407137974447,100
R+P+D,basal,7,KIF2C,0.9640518330728297,100
R+P+D,basal,8,HSPA14,0.9619327577161466,100
R+P+D,basal,9,SLC2A1,0.961524429361102,100
R+P+D,basal,10,ANLN,0.9608819208360719,100
R+P+D,basal,11,NFKBIE,0.9593342224878315,100
R+P+D,basal,12,CBFB,0.9592474249617787,100
R+P+D,basal,13,NUDT3,0.9577966723745691,100
R+P+D,basal,14,SUV39H2,0.9575441689625804,100
R+P+D,basal,15,PSME4,0.9546248206723303,100
R+P+D,basal,16,DBNDD1,0.9515277334829354,100
R+P+D,basal,17,GTPBP4,0.9511883718632742,100
R+P+D,basal,18,IQGAP3,0.9505014331968101,100
R+P+D,basal,19,PPIH,0.9491775720350203,100
R+P+D,basal,20,NOP2,0.9478386954284236,100
R+P+D,basal,21,LARP4B,0.947000859910388,100
R+P+D,basal,22,PTK7,0.9461424177374926,100
R+P+D,basal,23,MCM3,0.9444843083001334,100
R+P+D,basal,24,NUDT5,0.9373538655219446,100
R+P+D,basal,25,NUP93,0.9360501652662562,100
R+P+D,basal,26,CDC123,0.9356893741523787,100
R+P+D,basal,27,DPH2,0.9338491540617424,100
R+P+D,basal,28,EPCAM,0.9328537728339249,100
R+P+D,basal,29,GDI2,0.9322711719501472,100
R+P+D,basal,30,PTP4A3,0.9256729287662537,100
R+P+D,basal,31,GMDS,0.9242257602972185,100
R+P+D,basal,32,GALNS,0.9234016570356675,100
R+P+D,basal,33,MSH2,0.9225584259912308,100
R+P+D,basal,34,KIFC1,0.9222614381831701,100
R+P+D,basal,35,WDR46,0.9215859763318223,100
R+P+D,basal,36,RPP38,0.9209725398601035,100
R+P+D,basal,37,NUTF2,0.9165407757186971,100
R+P+D,basal,38,MSH6,0.9155418249059153,100
R+P+D,basal,39,PLOD3,0.9155230522968064,100
R+P+D,basal,40,BOP1,0.9134389418452432,100
R+P+D,basal,41,STOML2,0.9134385215809275,100
R+P+D,basal,42,LRRC42,0.9128288844154654,100
R+P+D,basal,43,TXNDC12,0.9108977782137315,100
R+P+D,basal,44,ASPM,0.9108365580267753,100
R+P+D,basal,45,MTPAP,0.9090955981504827,100
R+P+D,basal,46,POP4,0.9068509485038959,100
R+P+D,basal,47,CNPY3,0.9066564644633983,100
R+P+D,basal,48,WDR12,0.9062745188061823,100
R+P+D,basal,49,ABCF1,0.9062204187766779,100
R+P+D,basal,50,RIPK2,0.9004188563742105,100
R+P+D,basal,51,CHEK2,0.8993975742817396,100
R+P+D,basal,52,MCM5,0.8989145722678296,100
R+P+D,basal,53,CHMP4C,0.8980126659307873,100
R+P+D,basal,54,PLAA,0.8977438124181304,100
R+P+D,basal,55,PUS7,0.896621696979972,100
R+P+D,basal,56,MOGS,0.895121427396164,100
R+P+D,basal,57,RBM28,0.8923150448547584,100
R+P+D,basal,58,SLC25A15,0.8915456691564744,100
R+P+D,basal,59,NUDCD1,0.8914844915838055,100
R+P+D,basal,60,MORC2,0.8904769038941881,100
R+P+D,basal,61,KPNA2,0.8902903872361811,100
R+P+D,basal,62,CALM2,0.8881478808159179,100
R+P+D,basal,63,SEMA4A,0.8881044815886939,100
R+P+D,basal,64,RBM8A,0.8869962898932734,100
R+P+D,basal,65,GNL2,0.8861214765685926,100
R+P+D,basal,66,SLC35B2,0.8850086984966085,100
R+P+D,basal,67,NCAPD2,0.8841932300670314,100
R+P+D,basal,68,TYMS,0.8839132036929088,100
R+P+D,basal,69,DNAJC2,0.8836434177692295,100
R+P+D,basal,70,SCNM1,0.8832011656203066,100
R+P+D,basal,71,GGH,0.8827020600453267,100
R+P+D,basal,72,RTKN,0.8819143021730135,100
R+P+D,basal,73,TBCC,0.8816223044540809,100
R+P+D,basal,74,CUL2,0.8802890411404167,100
R+P+D,basal,75,NCAPG2,0.8797611889384993,100
R+P+D,basal,76,WDR75,0.8779343885324158,100
R+P+D,basal,77,DNAJB11,0.8774791378926078,100
R+P+D,basal,78,DAXX,0.8772677874800769,100
R+P+D,basal,79,POLR1C,0.8761820606201872,100
R+P+D,basal,80,RFC4,0.8750639913131018,100
R+P+D,basal,81,MCM7,0.8747934173481285,100
R+P+D,basal,82,CHAC2,0.8731310322780605,100
R+P+D,basal,83,TAPBP,0.8703661475013376,100
R+P+D,basal,84,CENPE,0.8694852484938576,100
R+P+D,basal,85,SUMO1,0.8690515318783643,100
R+P+D,basal,86,CAD,0.8686623170969766,100
R+P+D,basal,87,TFDP1,0.8672633998991355,100
R+P+D,basal,88,LEMD2,0.8671333042600379,100
R+P+D,basal,89,TRMT6,0.8655379029372886,100
R+P+D,basal,90,ZC3H15,0.8652536491098504,100
R+P+D,basal,91,ACTR2,0.8652471449056302,100
R+P+D,basal,92,DSCC1,0.8646652407234349,100
R+P+D,basal,93,USP39,0.864564370082589,100
R+P+D,basal,94,PDIA6,0.8622270130646843,100
R+P+D,basal,95,MCM2,0.8621689442705162,100
R+P+D,basal,96,ATP13A3,0.8603089455174474,100
R+P+D,basal,97,WRNIP1,0.8591803236091148,100
R+P+D,basal,98,LSR,0.8590381477919499,100
R+P+D,basal,99,CENPQ,0.858528829931351,100
R+P+D,basal,100,PRCC,0.8583961262919281,100
R+P+D,her2,1,GRB7,0.9997408569893445,100
R+P+D,her2,2,ERBB2,0.9997408470794458,100
R+P+D,her2,3,ALDH18A1,0.9919944914440387,100
R+P+D,her2,4,AKT1,0.9887072041196202,100
R+P+D,her2,5,INPPL1,0.9852302897789871,100
R+P+D,her2,6,IPO4,0.9836653764392141,100
R+P+D,her2,7,TGFB3,0.9820503901349351,100
R+P+D,her2,8,CDK12,0.9809366256877728,100
R+P+D,her2,9,PLCB3,0.9806165258451941,100
R+P+D,her2,10,CLPB,0.9806137645027286,100
R+P+D,her2,11,HM13,0.9763075280213908,100
R+P+D,her2,12,CCDC134,0.9730468646420688,100
R+P+D,her2,13,GOLGA5,0.9722914234233629,100
R+P+D,her2,14,DPP3,0.9721392233550219,100
R+P+D,her2,15,BRMS1,0.9715936369313068,100
R+P+D,her2,16,PPP1R14B,0.9711462351543187,100
R+P+D,her2,17,OTUB1,0.9668796719390671,100
R+P+D,her2,18,GALNT6,0.966545062141222,100
R+P+D,her2,19,EIF1AD,0.9659529261833345,100
R+P+D,her2,20,PPP2R5E,0.9658478664759133,100
R+P+D,her2,21,LSM14B,0.9656934974773038,100
R+P+D,her2,22,CCNK,0.9648475001699081,100
R+P+D,her2,23,PSMG1,0.9609365857178415,100
R+P+D,her2,24,FAM89B,0.9606634780777407,100
R+P+D,her2,25,AHSA1,0.9605976211052439,100
R+P+D,her2,26,YIF1A,0.9600996844867605,100
R+P+D,her2,27,CFL1,0.9594066502132419,100
R+P+D,her2,28,BSCL2,0.958408451621021,100
R+P+D,her2,29,GDAP2,0.9572510689966386,100
R+P+D,her2,30,TRAF4,0.9571744842519868,100
R+P+D,her2,31,IGSF3,0.9565258117670602,100
R+P+D,her2,32,GNPNAT1,0.9554944266409621,100
R+P+D,her2,33,XPOT,0.955427870201797,100
R+P+D,her2,34,PGM3,0.9552553850526094,100
R+P+D,her2,35,HSP90AA1,0.9547729194892559,100
R+P+D,her2,36,SEC24C,0.9518811586707138,100
R+P+D,her2,37,VCP,0.9510099026694835,100
R+P+D,her2,38,ARRDC1,0.9509227082454772,100
R+P+D,her2,39,DYNLT1,0.9493745458413906,100
R+P+D,her2,40,ODF2,0.9449374363069128,100
R+P+D,her2,41,TMEM134,0.9429113194825431,100
R+P+D,her2,42,CDK1,0.9427835776334286,100
R+P+D,her2,43,RDH11,0.9420681531290526,100
R+P+D,her2,44,PSMA7,0.940459055162381,100
R+P+D,her2,45,PDXDC1,0.9400230915141937,100
R+P+D,her2,46,RANGAP1,0.9397957119002466,100
R+P+D,her2,47,CORO1B,0.9393548539728166,100
R+P+D,her2,48,ARPC5L,0.937754232984649,100
R+P+D,her2,49,SEC23B,0.9376684384190247,100
R+P+D,her2,50,SCYL1,0.9376573706418231,100
R+P+D,her2,51,DPM1,0.9367850856181069,100
R+P+D,her2,52,PTRH1,0.9367614571342019,100
R+P+D,her2,53,CNPY2,0.9366065729084326,100
R+P+D,her2,54,GLRX5,0.9364241606282352,100
R+P+D,her2,55,GGCT,0.9351677024075542,100
R+P+D,her2,56,DERL1,0.9350606029675136,100
R+P+D,her2,57,PCK2,0.9343287076519777,100
R+P+D,her2,58,TMEM141,0.9337669048069029,100
R+P+D,her2,59,WDR4,0.9319324272465682,100
R+P+D,her2,60,PSMD3,0.9305079325526648,100
R+P+D,her2,61,CPSF2,0.9303415237984978,100
R+P+D,her2,62,ASCC1,0.9296679569410751,100
R+P+D,her2,63,SEC23IP,0.9289581046318824,100
R+P+D,her2,64,BEND3,0.9282732577680761,100
R+P+D,her2,65,CSTF1,0.9276936708128934,100
R+P+D,her2,66,AP1B1,0.9258392973539377,100
R+P+D,her2,67,MOCS3,0.9258157889569684,100
R+P+D,her2,68,CCT8,0.9241948918627583,100
R+P+D,her2,69,SEC16A,0.9237424935907166,100
R+P+D,her2,70,CRELD2,0.9215868524002753,100
R+P+D,her2,71,SPAG5,0.9212106044653813,100
R+P+D,her2,72,ISOC2,0.9211375112305459,100
R+P+D,her2,73,HNRNPF,0.9205256647965312,100
R+P+D,her2,74,METTL1,0.9204640661723255,100
R+P+D,her2,75,GBP5,0.9203035289015681,100
R+P+D,her2,76,OTUB2,0.920254436487758,100
R+P+D,her2,77,AP1G2,0.9200932684118421,100
R+P+D,her2,78,KIF21A,0.9200196949632592,100
R+P+D,her2,79,ARHGAP8,0.9192004612263034,100
R+P+D,her2,80,HPCAL1,0.9191588597723422,100
R+P+D,her2,81,POLR2G,0.9189047708641281,100
R+P+D,her2,82,SGPL1,0.9174459697024568,100
R+P+D,her2,83,GLRX3,0.9170223041232926,100
R+P+D,her2,84,CAPN1,0.9168478629717075,100
R+P+D,her2,85,GALNT1,0.9168022526626896,100
R+P+D,her2,86,DPAGT1,0.9154776134125747,100
R+P+D,her2,87,FRMD8,0.9109600488925468,100
R+P+D,her2,88,POMP,0.9108531791838481,100
R+P+D,her2,89,SDF2,0.908979633999253,100
R+P+D,her2,90,SQLE,0.9089706508018917,100
R+P+D,her2,91,PTK6,0.9074988843064361,100
R+P+D,her2,92,NUDT22,0.9068049618608738,100
R+P+D,her2,93,CCT2,0.9065655452669831,100
R+P+D,her2,94,PAPOLA,0.9064202783696848,100
R+P+D,her2,95,LRRC15,0.9059622752253488,100
R+P+D,her2,96,PTRH2,0.9044711198703707,100
R+P+D,her2,97,ACOT8,0.903068163618315,100
R+P+D,her2,98,INTS8,0.9021559171609269,100
R+P+D,her2,99,RHBDD3,0.9021524541978211,100
R+P+D,her2,100,ERAL1,0.9005637268061683,100
R+P+D,luminal,1,GATA3,0.9997561372114473,100
R+P+D,luminal,2,FAF2,0.9921064172526638,100
R+P+D,luminal,3,FOXA1,0.9895764984451939,100
R+P+D,luminal,4,CXXC5,0.9878308163250796,100
R+P+D,luminal,5,MCCC2,0.9858450199935392,100
R+P+D,luminal,6,PCYOX1L,0.9832551950484341,100
R+P+D,luminal,7,PPP2CA,0.9805148465144015,100
R+P+D,luminal,8,FAAH,0.9792141583080264,100
R+P+D,luminal,9,MAPK9,0.9766365314825656,100
R+P+D,luminal,10,SNX24,0.9763509301204177,100
R+P+D,luminal,11,TJP3,0.9720153262226431,100
R+P+D,luminal,12,G6PC3,0.9700542184527848,100
R+P+D,luminal,13,LARP1,0.9658615900389836,100
R+P+D,luminal,14,KCTD6,0.9631984864063998,100
R+P+D,luminal,15,HEXIM2,0.9631223423086407,100
R+P+D,luminal,16,SAR1B,0.9621858000298461,100
R+P+D,luminal,17,BMPR1B,0.9615734187063184,100
R+P+D,luminal,18,IFT140,0.9611973576707368,100
R+P+D,luminal,19,RAB11FIP3,0.958768416334142,100
R+P+D,luminal,20,STXBP2,0.958528270332366,100
R+P+D,luminal,21,CCDC125,0.957927609671207,100
R+P+D,luminal,22,CASZ1,0.9571422124331582,100
R+P+D,luminal,23,HARS2,0.956746594592835,100
R+P+D,luminal,24,HSPA4,0.9565740225631036,100
R+P+D,luminal,25,ERGIC1,0.9564930234959729,100
R+P+D,luminal,26,ERBB3,0.9538821633436134,100
R+P+D,luminal,27,SIGIRR,0.9522172948260228,100
R+P+D,luminal,28,ZFYVE19,0.9515394756625334,100
R+P+D,luminal,29,SFXN1,0.9514205896282869,100
R+P+D,luminal,30,HSPA9,0.9489390876947077,100
R+P+D,luminal,31,DPP9,0.9486506629828799,100
R+P+D,luminal,32,TBCA,0.9445521350880138,100
R+P+D,luminal,33,SRA1,0.9430461248799853,100
R+P+D,luminal,34,CDK7,0.9423191722862905,100
R+P+D,luminal,35,CNOT6,0.9415753366510868,100
R+P+D,luminal,36,CELSR2,0.9412567983330004,100
R+P+D,luminal,37,MYEF2,0.9396326613010474,100
R+P+D,luminal,38,KDM4B,0.9319301676145014,100
R+P+D,luminal,39,GNPDA1,0.9311039139987174,100
R+P+D,luminal,40,PRRC1,0.9308025272575212,100
R+P+D,luminal,41,COG7,0.9305778971159832,100
R+P+D,luminal,42,WDR24,0.929222395088875,100
R+P+D,luminal,43,MSI2,0.9290895418988963,100
R+P+D,luminal,44,HAGH,0.9255629628875198,100
R+P+D,luminal,45,CA12,0.9246857565658738,100
R+P+D,luminal,46,WDR55,0.9246396721762581,100
R+P+D,luminal,47,KRT18,0.9227777144437064,100
R+P+D,luminal,48,CCDC43,0.9219094306492872,100
R+P+D,luminal,49,RBM47,0.9205293049639214,100
R+P+D,luminal,50,FAM120A,0.9192921534340629,100
R+P+D,luminal,51,MRPS30,0.918854224609117,100
R+P+D,luminal,52,UBFD1,0.9187877086537165,100
R+P+D,luminal,53,NUDT16L1,0.9187100453399566,100
R+P+D,luminal,54,UBE2D2,0.918495238518597,100
R+P+D,luminal,55,CD2BP2,0.9178253408653144,100
R+P+D,luminal,56,CCDC112,0.9176030250550581,100
R+P+D,luminal,57,PIP4K2C,0.9170129211499533,100
R+P+D,luminal,58,TANC2,0.9149086819611748,100
R+P+D,luminal,59,ABCA3,0.9142314507923496,100
R+P+D,luminal,60,UGDH,0.9138978844870311,100
R+P+D,luminal,61,NME3,0.9131982923327477,100
R+P+D,luminal,62,ZNF48,0.9118295422693575,100
R+P+D,luminal,63,TLE3,0.9113237473107686,100
R+P+D,luminal,64,DECR2,0.9101595701510369,100
R+P+D,luminal,65,NDUFA2,0.9100540899462445,100
R+P+D,luminal,66,ARFIP2,0.9090643580838124,100
R+P+D,luminal,67,KCTD3,0.9078978191432011,100
R+P+D,luminal,68,GRPEL2,0.9052660112173396,100
R+P+D,luminal,69,SP110,0.9046375174823621,100
R+P+D,luminal,70,COPZ1,0.9028530275679905,100
R+P+D,luminal,71,ZNF703,0.9013826567105477,100
R+P+D,luminal,72,TSG101,0.8992497017194601,100
R+P+D,luminal,73,LRBA,0.8990785600559358,100
R+P+D,luminal,74,ATOX1,0.898071987060415,100
R+P+D,luminal,75,HIRIP3,0.8974750908930931,100
R+P+D,luminal,76,FLYWCH2,0.8959212707900797,100
R+P+D,luminal,77,RAB40C,0.8958978136826268,100
R+P+D,luminal,78,STUB1,0.895605318065936,100
R+P+D,luminal,79,RAB17,0.8950184345424601,100
R+P+D,luminal,80,ZMYND10,0.8946621891156035,100
R+P+D,luminal,81,SCLY,0.8942928074479718,100
R+P+D,luminal,82,MPG,0.8942277232202648,100
R+P+D,luminal,83,NUCB2,0.8938661486525133,100
R+P+D,luminal,84,FAHD1,0.8931706106120642,100
R+P+D,luminal,85,HAGHL,0.8928853431998177,100
R+P+D,luminal,86,KRT8,0.8926954438020823,100
R+P+D,luminal,87,UBTF,0.8924366211403414,100
R+P+D,luminal,88,CTPS2,0.8920789654030025,100
R+P+D,luminal,89,P4HTM,0.891127085437326,100
R+P+D,luminal,90,BRCA1,0.8906524027628425,100
R+P+D,luminal,91,AAGAB,0.8898455185265569,100
R+P+D,luminal,92,NAP1L4,0.8884943221092664,100
R+P+D,luminal,93,DDX41,0.8875165394604306,100
R+P+D,luminal,94,PARD6B,0.8872900400486871,100
R+P+D,luminal,95,GOLGA2,0.8850051409334022,100
R+P+D,luminal,96,EPN3,0.8844923176839603,100
R+P+D,luminal,97,NSMCE1,0.8834146890657504,100
R+P+D,luminal,98,AP3D1,0.8826883983861032,100
R+P+D,luminal,99,GALNT7,0.882295969106431,100
R+P+D,luminal,100,EXOC2,0.8821484119419454,100
R-all,basal,1,E2F3,0.9985371205656467,50
R-all,basal,2,SUV39H2,0.9974399609898817,50
R-all,basal,3,SRPK1,0.9970742411312934,50
R-all,basal,4,ANP32E,0.9960989881750579,50
R-all,basal,5,HMGA1,0.9959770815555284,50
R-all,basal,6,CDC123,0.9951237352188224,50
R-all,basal,7,NCAPD2,0.9945142021211751,50
R-all,basal,8,CDCA2,0.9937827624039985,50
R-all,basal,9,CDCA8,0.992807509447763,50
R-all,basal,10,RRP1B,0.9926856028282336,50
R-all,basal,11,GTPBP4,0.9925636962087041,50
R-all,basal,12,CDC20,0.9924417895891747,50
R-all,basal,13,GPN1,0.9920760697305864,50
R-all,basal,14,UCK2,0.9918322564915275,50
R-all,basal,15,HDGF,0.9915884432524686,50
R-all,basal,16,MEMO1,0.9914665366329392,50
R-all,basal,17,PDCD5,0.9912227233938803,50
R-all,basal,18,PDIA6,0.9902474704376447,50
R-all,basal,19,ILF2,0.9901255638181153,50
R-all,basal,20,XPO5,0.9900036571985859,50
R-all,basal,21,DKC1,0.988662684383762,50
R-all,basal,22,MCM7,0.9881750579056443,50
R-all,basal,23,MSH2,0.9880531512861148,50
R-all,basal,24,RIPK2,0.9873217115689382,50
R-all,basal,25,NUP93,0.9869559917103499,50
R-all,basal,26,STMN1,0.9868340850908204,50
R-all,basal,27,RBM28,0.9865902718517615,50
R-all,basal,28,CHEK1,0.9853712056564672,50
R-all,basal,29,RCOR2,0.9850054857978788,50
R-all,basal,30,HSPA14,0.9848835791783493,50
R-all,basal,31,NUDT5,0.98476167255882,50
R-all,basal,32,GMPS,0.9843959527002316,50
R-all,basal,33,PSME4,0.9842740460807022,50
R-all,basal,34,TUBB,0.9841521394611727,50
R-all,basal,35,TTK,0.9840302328416433,50
R-all,basal,36,NOP2,0.983664512983055,50
R-all,basal,37,ASNS,0.9834206997439962,50
R-all,basal,38,SLC7A5,0.9832987931244667,50
R-all,basal,39,LSM2,0.9830549798854078,50
R-all,basal,40,NDC80,0.9829330732658783,50
R-all,basal,41,IRAK1,0.9828111666463489,50
R-all,basal,42,BYSL,0.9825673534072901,50
R-all,basal,43,AURKB,0.9824454467877606,50
R-all,basal,44,PSMB2,0.9820797269291722,50
R-all,basal,45,PUS7,0.9819578203096428,50
R-all,basal,46,DNAJC2,0.9818359136901134,50
R-all,basal,47,CKS1B,0.9809825673534073,50
R-all,basal,48,RANBP1,0.9806168474948189,50
R-all,basal,49,CDCA3,0.9801292210167012,50
R-all,basal,50,PLOD3,0.979519687919054,50
R-all,her2,1,ERBB2,0.9998780933804705,50
R-all,her2,2,GRB7,0.9997561867609411,50
R-all,her2,3,G6PD,0.9996342801414116,50
R-all,her2,4,GGCT,0.9990247470437644,50
R-all,her2,5,PSMD3,0.998902840424235,50
R-all,her2,6,KMO,0.9981714007070583,50
R-all,her2,7,PGK1,0.9979275874679995,50
R-all,her2,8,CDK12,0.9976837742289406,50
R-all,her2,9,SRD5A3,0.9975618676094112,50
R-all,her2,10,IDH2,0.9974399609898817,50
R-all,her2,11,PPP1R10,0.9968304278922345,50
R-all,her2,12,AKR1A1,0.9964647080336462,50
R-all,her2,13,RRM2,0.9962208947945873,50
R-all,her2,14,ACTR3,0.9956113616969401,50
R-all,her2,15,CASP14,0.9954894550774107,50
R-all,her2,16,HMGCS1,0.9952456418383518,50
R-all,her2,17,TMSB10,0.995001828599293,50
R-all,her2,18,LRRC59,0.9948799219797635,50
R-all,her2,19,CDR2L,0.9946361087407046,50
R-all,her2,20,SLC25A5,0.9945142021211751,50
R-all,her2,21,DLG3,0.9942703888821163,50
R-all,her2,22,QPRT,0.9940265756430574,50
R-all,her2,23,SP6,0.9937827624039985,50
R-all,her2,24,RAB3D,0.993660855784469,50
R-all,her2,25,PLEKHA8,0.9935389491649397,50
R-all,her2,26,GOT1,0.9932951359258808,50
R-all,her2,27,SDC1,0.9929294160672925,50
R-all,her2,28,AKT1,0.992807509447763,50
R-all,her2,29,SHMT2,0.9923198829696452,50
R-all,her2,30,DAP,0.9919541631110569,50
R-all,her2,31,NRBP1,0.991710349871998,50
R-all,her2,32,CAP1,0.9911008167743508,50
R-all,her2,33,AIFM1,0.9908570035352919,50
R-all,her2,34,MTHFD2,0.9904912836767037,50
R-all,her2,35,UBE2A,0.9903693770571742,50
R-all,her2,36,NAGK,0.9902474704376447,50
R-all,her2,37,MMP1,0.9900036571985859,50
R-all,her2,38,SNF8,0.989759843959527,50
R-all,her2,39,ARRDC1,0.9895160307204681,50
R-all,her2,40,PSMD14,0.9893941241009386,50
R-all,her2,41,GSR,0.9892722174814093,50
R-all,her2,42,FAM111B,0.9890284042423504,50
R-all,her2,43,CBX2,0.9889064976228209,50
R-all,her2,44,GPI,0.9885407777642325,50
R-all,her2,45,ERCC6L,0.9880531512861148,50
R-all,her2,46,CKAP4,0.9879312446665854,50
R-all,her2,47,AP1B1,0.9873217115689382,50
R-all,her2,48,ACTR2,0.9870778983298794,50
R-all,her2,49,ARPC5L,0.9864683652322321,50
R-all,her2,50,FDPS,0.9863464586127026,50
R-all,luminal,1,CA12,0.9997561867609411,50
R-all,luminal,2,GATA3,0.9993904669023528,50
R-all,luminal,3,ANXA9,0.9990247470437644,50
R-all,luminal,4,FOXA1,0.998902840424235,50
R-all,luminal,5,ZNF552,0.9979275874679995,50
R-all,luminal,6,ZMYND10,0.9978056808484701,50
R-all,luminal,7,NAT1,0.9975618676094112,50
R-all,luminal,8,SLC39A6,0.9973180543703523,50
R-all,luminal,9,AGR2,0.9970742411312934,50
R-all,luminal,10,KDM4B,0.996952334511764,50
R-all,luminal,11,CXXC5,0.9962208947945873,50
R-all,luminal,12,PRR15,0.9959770815555284,50
R-all,luminal,13,SLC44A4,0.9958551749359991,50
R-all,luminal,14,MYB,0.9957332683164696,50
R-all,luminal,15,PREX1,0.9953675484578812,50
R-all,luminal,16,DNAJC12,0.995001828599293,50
R-all,luminal,17,CELSR1,0.9946361087407046,50
R-all,luminal,18,ZNF703,0.9943922955016458,50
R-all,luminal,19,P4HTM,0.9940265756430574,50
R-all,luminal,20,RALGPS2,0.993051322686822,50
R-all,luminal,21,MAGED2,0.992807509447763,50
R-all,luminal,22,EVL,0.9924417895891747,50
R-all,luminal,23,TLE3,0.9920760697305864,50
R-all,luminal,24,MCCC2,0.991710349871998,50
R-all,luminal,25,SPDEF,0.9915884432524686,50
R-all,luminal,26,TTC39A,0.9911008167743508,50
R-all,luminal,27,RARA,0.9901255638181153,50
R-all,luminal,28,AKR7A3,0.9900036571985859,50
R-all,luminal,29,IGFALS,0.989759843959527,50
R-all,luminal,30,PARD6B,0.9891503108618798,50
R-all,luminal,31,EXOC6,0.9889064976228209,50
R-all,luminal,32,SCCPDH,0.9885407777642325,50
R-all,luminal,33,RAB17,0.9880531512861148,50
R-all,luminal,34,BCAS1,0.9874436181884676,50
R-all,luminal,35,CCDC125,0.9870778983298794,50
R-all,luminal,36,SEMA3F,0.9869559917103499,50
R-all,luminal,37,TMC4,0.9868340850908204,50
R-all,luminal,38,VAV3,0.9861026453736438,50
R-all,luminal,39,TUBA3E,0.9854931122759966,50
R-all,luminal,40,KCTD3,0.9852492990369377,50
R-all,luminal,41,MREG,0.9851273924174083,50
R-all,luminal,42,IFT140,0.9850054857978788,50
R-all,luminal,43,TPBG,0.9848835791783493,50
R-all,luminal,44,ATP8B1,0.9845178593197611,50
R-all,luminal,45,ACOT4,0.9839083262221139,50
R-all,luminal,46,FAAH,0.9837864196025844,50
R-all,luminal,47,TSPAN1,0.9835426063635255,50
R-all,luminal,48,LRBA,0.9830549798854078,50
R-all,luminal,49,RBM47,0.9829330732658783,50
R-all,luminal,50,FGD3,0.9823235401682311,50
R-all,basal,1,E2F3,0.9985371205656467,25
R-all,basal,2,SUV39H2,0.9974399609898817,25
R-all,basal,3,SRPK1,0.9970742411312934,25
R-all,basal,4,ANP32E,0.9960989881750579,25
R-all,basal,5,HMGA1,0.9959770815555284,25
R-all,basal,6,CDC123,0.9951237352188224,25
R-all,basal,7,NCAPD2,0.9945142021211751,25
R-all,basal,8,CDCA2,0.9937827624039985,25
R-all,basal,9,CDCA8,0.992807509447763,25
R-all,basal,10,RRP1B,0.9926856028282336,25
R-all,basal,11,GTPBP4,0.9925636962087041,25
R-all,basal,12,CDC20,0.9924417895891747,25
R-all,basal,13,GPN1,0.9920760697305864,25
R-all,basal,14,UCK2,0.9918322564915275,25
R-all,basal,15,HDGF,0.9915884432524686,25
R-all,basal,16,MEMO1,0.9914665366329392,25
R-all,basal,17,PDCD5,0.9912227233938803,25
R-all,basal,18,PDIA6,0.9902474704376447,25
R-all,basal,19,ILF2,0.9901255638181153,25
R-all,basal,20,XPO5,0.9900036571985859,25
R-all,basal,21,DKC1,0.988662684383762,25
R-all,basal,22,MCM7,0.9881750579056443,25
R-all,basal,23,MSH2,0.9880531512861148,25
R-all,basal,24,RIPK2,0.9873217115689382,25
R-all,basal,25,NUP93,0.9869559917103499,25
R-all,her2,1,ERBB2,0.9998780933804705,25
R-all,her2,2,GRB7,0.9997561867609411,25
R-all,her2,3,G6PD,0.9996342801414116,25
R-all,her2,4,GGCT,0.9990247470437644,25
R-all,her2,5,PSMD3,0.998902840424235,25
R-all,her2,6,KMO,0.9981714007070583,25
R-all,her2,7,PGK1,0.9979275874679995,25
R-all,her2,8,CDK12,0.9976837742289406,25
R-all,her2,9,SRD5A3,0.9975618676094112,25
R-all,her2,10,IDH2,0.9974399609898817,25
R-all,her2,11,PPP1R10,0.9968304278922345,25
R-all,her2,12,AKR1A1,0.9964647080336462,25
R-all,her2,13,RRM2,0.9962208947945873,25
R-all,her2,14,ACTR3,0.9956113616969401,25
R-all,her2,15,CASP14,0.9954894550774107,25
R-all,her2,16,HMGCS1,0.9952456418383518,25
R-all,her2,17,TMSB10,0.995001828599293,25
R-all,her2,18,LRRC59,0.9948799219797635,25
R-all,her2,19,CDR2L,0.9946361087407046,25
R-all,her2,20,SLC25A5,0.9945142021211751,25
R-all,her2,21,DLG3,0.9942703888821163,25
R-all,her2,22,QPRT,0.9940265756430574,25
R-all,her2,23,SP6,0.9937827624039985,25
R-all,her2,24,RAB3D,0.993660855784469,25
R-all,her2,25,PLEKHA8,0.9935389491649397,25
R-all,luminal,1,CA12,0.9997561867609411,25
R-all,luminal,2,GATA3,0.9993904669023528,25
R-all,luminal,3,ANXA9,0.9990247470437644,25
R-all,luminal,4,FOXA1,0.998902840424235,25
R-all,luminal,5,ZNF552,0.9979275874679995,25
R-all,luminal,6,ZMYND10,0.9978056808484701,25
R-all,luminal,7,NAT1,0.9975618676094112,25
R-all,luminal,8,SLC39A6,0.9973180543703523,25
R-all,luminal,9,AGR2,0.9970742411312934,25
R-all,luminal,10,KDM4B,0.996952334511764,25
R-all,luminal,11,CXXC5,0.9962208947945873,25
R-all,luminal,12,PRR15,0.9959770815555284,25
R-all,luminal,13,SLC44A4,0.9958551749359991,25
R-all,luminal,14,MYB,0.9957332683164696,25
R-all,luminal,15,PREX1,0.9953675484578812,25
R-all,luminal,16,DNAJC12,0.995001828599293,25
R-all,luminal,17,CELSR1,0.9946361087407046,25
R-all,luminal,18,ZNF703,0.9943922955016458,25
R-all,luminal,19,P4HTM,0.9940265756430574,25
R-all,luminal,20,RALGPS2,0.993051322686822,25
R-all,luminal,21,MAGED2,0.992807509447763,25
R-all,luminal,22,EVL,0.9924417895891747,25
R-all,luminal,23,TLE3,0.9920760697305864,25
R-all,luminal,24,MCCC2,0.991710349871998,25
R-all,luminal,25,SPDEF,0.9915884432524686,25
R-all,basal,1,E2F3,0.9985371205656467,100
R-all,basal,2,SUV39H2,0.9974399609898817,100
R-all,basal,3,SRPK1,0.9970742411312934,100
R-all,basal,4,ANP32E,0.9960989881750579,100
R-all,basal,5,HMGA1,0.9959770815555284,100
R-all,basal,6,CDC123,0.9951237352188224,100
R-all,basal,7,NCAPD2,0.9945142021211751,100
R-all,basal,8,CDCA2,0.9937827624039985,100
R-all,basal,9,CDCA8,0.992807509447763,100
R-all,basal,10,RRP1B,0.9926856028282336,100
R-all,basal,11,GTPBP4,0.9925636962087041,100
R-all,basal,12,CDC20,0.9924417895891747,100
R-all,basal,13,GPN1,0.9920760697305864,100
R-all,basal,14,UCK2,0.9918322564915275,100
R-all,basal,15,HDGF,0.9915884432524686,100
R-all,basal,16,MEMO1,0.9914665366329392,100
R-all,basal,17,PDCD5,0.9912227233938803,100
R-all,basal,18,PDIA6,0.9902474704376447,100
R-all,basal,19,ILF2,0.9901255638181153,100
R-all,basal,20,XPO5,0.9900036571985859,100
R-all,basal,21,DKC1,0.988662684383762,100
R-all,basal,22,MCM7,0.9881750579056443,100
R-all,basal,23,MSH2,0.9880531512861148,100
R-all,basal,24,RIPK2,0.9873217115689382,100
R-all,basal,25,NUP93,0.9869559917103499,100
R-all,basal,26,STMN1,0.9868340850908204,100
R-all,basal,27,RBM28,0.9865902718517615,100
R-all,basal,28,CHEK1,0.9853712056564672,100
R-all,basal,29,RCOR2,0.9850054857978788,100
R-all,basal,30,HSPA14,0.9848835791783493,100
R-all,basal,31,NUDT5,0.98476167255882,100
R-all,basal,32,GMPS,0.9843959527002316,100
R-all,basal,33,PSME4,0.9842740460807022,100
R-all,basal,34,TUBB,0.9841521394611727,100
R-all,basal,35,TTK,0.9840302328416433,100
R-all,basal,36,NOP2,0.983664512983055,100
R-all,basal,37,ASNS,0.9834206997439962,100
R-all,basal,38,SLC7A5,0.9832987931244667,100
R-all,basal,39,LSM2,0.9830549798854078,100
R-all,basal,40,NDC80,0.9829330732658783,100
R-all,basal,41,IRAK1,0.9828111666463489,100
R-all,basal,42,BYSL,0.9825673534072901,100
R-all,basal,43,AURKB,0.9824454467877606,100
R-all,basal,44,PSMB2,0.9820797269291722,100
R-all,basal,45,PUS7,0.9819578203096428,100
R-all,basal,46,DNAJC2,0.9818359136901134,100
R-all,basal,47,CKS1B,0.9809825673534073,100
R-all,basal,48,RANBP1,0.9806168474948189,100
R-all,basal,49,CDCA3,0.9801292210167012,100
R-all,basal,50,PLOD3,0.979519687919054,100
R-all,basal,51,KIF2C,0.9789101548214068,100
R-all,basal,52,PSMG1,0.9787882482018774,100
R-all,basal,53,RFC4,0.9783006217237596,100
R-all,basal,54,RHBDF2,0.9773253687675241,100
R-all,basal,55,DPH2,0.9772034621479946,100
R-all,basal,56,RAD51AP1,0.976472022430818,100
R-all,basal,57,WDR77,0.9763501158112885,100
R-all,basal,58,ECE2,0.9762282091917591,100
R-all,basal,59,MCM5,0.9759843959527003,100
R-all,basal,60,DCPS,0.9756186760941119,100
R-all,basal,61,CHEK2,0.9748872363769353,100
R-all,basal,62,MEX3A,0.974521516518347,100
R-all,basal,63,RRP1,0.9740338900402292,100
R-all,basal,64,NOL10,0.9739119834206997,100
R-all,basal,65,ANLN,0.9735462635621114,100
R-all,basal,66,RCC2,0.973424356942582,100
R-all,basal,67,CDKN2A,0.9733024503230525,100
R-all,basal,68,LAMP3,0.9731805437035231,100
R-all,basal,69,EZH2,0.9729367304644643,100
R-all,basal,70,MTPAP,0.9728148238449348,100
R-all,basal,71,SH3BP1,0.972327197366817,100
R-all,basal,72,SMG5,0.9715957576496403,100
R-all,basal,73,SSRP1,0.971473851030111,100
R-all,basal,74,GATAD2A,0.9713519444105815,100
R-all,basal,75,RPUSD3,0.9712300377910521,100
R-all,basal,76,MRPL37,0.970376691454346,100
R-all,basal,77,KIFC1,0.9702547848348165,100
R-all,basal,78,MOGS,0.970132878215287,100
R-all,basal,79,KDM2B,0.9690357186395221,100
R-all,basal,80,CEP55,0.9689138120199927,100
R-all,basal,81,SKA1,0.9687919054004632,100
R-all,basal,82,HDAC2,0.9686699987809338,100
R-all,basal,83,TPX2,0.9684261855418749,100
R-all,basal,84,RPP38,0.968182372302816,100
R-all,basal,85,MELK,0.9680604656832866,100
R-all,basal,86,LMNB2,0.9679385590637571,100
R-all,basal,87,GNL2,0.9678166524442278,100
R-all,basal,88,SNRPD1,0.9676947458246983,100
R-all,basal,89,TFDP1,0.9674509325856394,100
R-all,basal,90,PLK1,0.9672071193465805,100
R-all,basal,91,MRPL9,0.9670852127270511,100
R-all,basal,92,KDM1A,0.9669633061075217,100
R-all,basal,93,DSCC1,0.9668413994879922,100
R-all,basal,94,SNRPA1,0.9667194928684627,100
R-all,basal,95,SH2D2A,0.9665975862489333,100
R-all,basal,96,CCNB2,0.966231866390345,100
R-all,basal,97,CCNA2,0.9661099597708156,100
R-all,basal,98,KIF18B,0.9657442399122272,100
R-all,basal,99,NOP58,0.9656223332926978,100
R-all,basal,100,TPI1,0.9653785200536389,100
R-all,her2,1,ERBB2,0.9998780933804705,100
R-all,her2,2,GRB7,0.9997561867609411,100
R-all,her2,3,G6PD,0.9996342801414116,100
R-all,her2,4,GGCT,0.9990247470437644,100
R-all,her2,5,PSMD3,0.998902840424235,100
R-all,her2,6,KMO,0.9981714007070583,100
R-all,her2,7,PGK1,0.9979275874679995,100
R-all,her2,8,CDK12,0.9976837742289406,100
R-all,her2,9,SRD5A3,0.9975618676094112,100
R-all,her2,10,IDH2,0.9974399609898817,100
R-all,her2,11,PPP1R10,0.9968304278922345,100
R-all,her2,12,AKR1A1,0.9964647080336462,100
R-all,her2,13,RRM2,0.9962208947945873,100
R-all,her2,14,ACTR3,0.9956113616969401,100
R-all,her2,15,CASP14,0.9954894550774107,100
R-all,her2,16,HMGCS1,0.9952456418383518,100
R-all,her2,17,TMSB10,0.995001828599293,100
R-all,her2,18,LRRC59,0.9948799219797635,100
R-all,her2,19,CDR2L,0.9946361087407046,100
R-all,her2,20,SLC25A5,0.9945142021211751,100
R-all,her2,21,DLG3,0.9942703888821163,100
R-all,her2,22,QPRT,0.9940265756430574,100
R-all,her2,23,SP6,0.9937827624039985,100
R-all,her2,24,RAB3D,0.993660855784469,100
R-all,her2,25,PLEKHA8,0.9935389491649397,100
R-all,her2,26,GOT1,0.9932951359258808,100
R-all,her2,27,SDC1,0.9929294160672925,100
R-all,her2,28,AKT1,0.992807509447763,100
R-all,her2,29,SHMT2,0.9923198829696452,100
R-all,her2,30,DAP,0.9919541631110569,100
R-all,her2,31,NRBP1,0.991710349871998,100
R-all,her2,32,CAP1,0.9911008167743508,100
R-all,her2,33,AIFM1,0.9908570035352919,100
R-all,her2,34,MTHFD2,0.9904912836767037,100
R-all,her2,35,UBE2A,0.9903693770571742,100
R-all,her2,36,NAGK,0.9902474704376447,100
R-all,her2,37,MMP1,0.9900036571985859,100
R-all,her2,38,SNF8,0.989759843959527,100
R-all,her2,39,ARRDC1,0.9895160307204681,100
R-all,her2,40,PSMD14,0.9893941241009386,100
R-all,her2,41,GSR,0.9892722174814093,100
R-all,her2,42,FAM111B,0.9890284042423504,100
R-all,her2,43,CBX2,0.9889064976228209,100
R-all,her2,44,GPI,0.9885407777642325,100
R-all,her2,45,ERCC6L,0.9880531512861148,100
R-all,her2,46,CKAP4,0.9879312446665854,100
R-all,her2,47,AP1B1,0.9873217115689382,100
R-all,her2,48,ACTR2,0.9870778983298794,100
R-all,her2,49,ARPC5L,0.9864683652322321,100
R-all,her2,50,FDPS,0.9863464586127026,100
R-all,her2,51,P4HA1,0.9862245519931733,100
R-all,her2,52,PSMD1,0.9861026453736438,100
R-all,her2,53,XIRP1,0.9858588321345849,100
R-all,her2,54,TMEM132A,0.9857369255150554,100
R-all,her2,55,CASP3,0.985615018895526,100
R-all,her2,56,PDCL3,0.9853712056564672,100
R-all,her2,57,AHSA1,0.9852492990369377,100
R-all,her2,58,GORASP2,0.98476167255882,100
R-all,her2,59,FABP6,0.9846397659392905,100
R-all,her2,60,SHCBP1,0.9845178593197611,100
R-all,her2,61,TXNDC17,0.9843959527002316,100
R-all,her2,62,RNF114,0.9841521394611727,100
R-all,her2,63,RPS6KB2,0.9840302328416433,100
R-all,her2,64,PNP,0.9837864196025844,100
R-all,her2,65,GLRX3,0.983664512983055,100
R-all,her2,66,PSME4,0.9829330732658783,100
R-all,her2,67,SEC16A,0.9826892600268194,100
R-all,her2,68,DTX2,0.9823235401682311,100
R-all,her2,69,TRIM26,0.9822016335487017,100
R-all,her2,70,ODF2,0.9820797269291722,100
R-all,her2,71,GCH1,0.9819578203096428,100
R-all,her2,72,HPCAL1,0.9818359136901134,100
R-all,her2,73,HMGB3,0.9808606607338779,100
R-all,her2,74,GNPNAT1,0.9806168474948189,100
R-all,her2,75,RANGAP1,0.9803730342557601,100
R-all,her2,76,HM13,0.9802511276362307,100
R-all,her2,77,RABIF,0.9801292210167012,100
R-all,her2,78,ZWINT,0.9800073143971718,100
R-all,her2,79,MEX3D,0.9798854077776423,100
R-all,her2,80,UQCR10,0.9796415945385835,100
R-all,her2,81,SLC35A2,0.979519687919054,100
R-all,her2,82,RAB1A,0.9790320614409362,100
R-all,her2,83,POR,0.9787882482018774,100
R-all,her2,84,BEND3,0.9783006217237596,100
R-all,her2,85,HDAC2,0.9772034621479946,100
R-all,her2,86,APOC1,0.9770815555284652,100
R-all,her2,87,NOP10,0.9763501158112885,100
R-all,her2,88,LAD1,0.9762282091917591,100
R-all,her2,89,SNRPG,0.9761063025722296,100
R-all,her2,90,VCP,0.9759843959527003,100
R-all,her2,91,GALE,0.9756186760941119,100
R-all,her2,92,SNRPD3,0.975374862855053,100
R-all,her2,93,TUBA1C,0.9752529562355235,100
R-all,her2,94,CDR2,0.9746434231378764,100
R-all,her2,95,PGM3,0.9737900768011704,100
R-all,her2,96,CHAC2,0.9736681701816409,100
R-all,her2,97,IMMT,0.9735462635621114,100
R-all,her2,98,BAZ1A,0.973424356942582,100
R-all,her2,99,P4HA2,0.9733024503230525,100
R-all,her2,100,PSMB5,0.9730586370839936,100
R-all,luminal,1,CA12,0.9997561867609411,100
R-all,luminal,2,GATA3,0.9993904669023528,100
R-all,luminal,3,ANXA9,0.9990247470437644,100
R-all,luminal,4,FOXA1,0.998902840424235,100
R-all,luminal,5,ZNF552,0.9979275874679995,100
R-all,luminal,6,ZMYND10,0.9978056808484701,100
R-all,luminal,7,NAT1,0.9975618676094112,100
R-all,luminal,8,SLC39A6,0.9973180543703523,100
R-all,luminal,9,AGR2,0.9970742411312934,100
R-all,luminal,10,KDM4B,0.996952334511764,100
R-all,luminal,11,CXXC5,0.9962208947945873,100
R-all,luminal,12,PRR15,0.9959770815555284,100
R-all,luminal,13,SLC44A4,0.9958551749359991,100
R-all,luminal,14,MYB,0.9957332683164696,100
R-all,luminal,15,PREX1,0.9953675484578812,100
R-all,luminal,16,DNAJC12,0.995001828599293,100
R-all,luminal,17,CELSR1,0.9946361087407046,100
R-all,luminal,18,ZNF703,0.9943922955016458,100
R-all,luminal,19,P4HTM,0.9940265756430574,100
R-all,luminal,20,RALGPS2,0.993051322686822,100
R-all,luminal,21,MAGED2,0.992807509447763,100
R-all,luminal,22,EVL,0.9924417895891747,100
R-all,luminal,23,TLE3,0.9920760697305864,100
R-all,luminal,24,MCCC2,0.991710349871998,100
R-all,luminal,25,SPDEF,0.9915884432524686,100
R-all,luminal,26,TTC39A,0.9911008167743508,100
R-all,luminal,27,RARA,0.9901255638181153,100
R-all,luminal,28,AKR7A3,0.9900036571985859,100
R-all,luminal,29,IGFALS,0.989759843959527,100
R-all,luminal,30,PARD6B,0.9891503108618798,100
R-all,luminal,31,EXOC6,0.9889064976228209,100
R-all,luminal,32,SCCPDH,0.9885407777642325,100
R-all,luminal,33,RAB17,0.9880531512861148,100
R-all,luminal,34,BCAS1,0.9874436181884676,100
R-all,luminal,35,CCDC125,0.9870778983298794,100
R-all,luminal,36,SEMA3F,0.9869559917103499,100
R-all,luminal,37,TMC4,0.9868340850908204,100
R-all,luminal,38,VAV3,0.9861026453736438,100
R-all,luminal,39,TUBA3E,0.9854931122759966,100
R-all,luminal,40,KCTD3,0.9852492990369377,100
R-all,luminal,41,MREG,0.9851273924174083,100
R-all,luminal,42,IFT140,0.9850054857978788,100
R-all,luminal,43,TPBG,0.9848835791783493,100
R-all,luminal,44,ATP8B1,0.9845178593197611,100
R-all,luminal,45,ACOT4,0.9839083262221139,100
R-all,luminal,46,FAAH,0.9837864196025844,100
R-all,luminal,47,TSPAN1,0.9835426063635255,100
R-all,luminal,48,LRBA,0.9830549798854078,100
R-all,luminal,49,RBM47,0.9829330732658783,100
R-all,luminal,50,FGD3,0.9823235401682311,100
R-all,luminal,51,F7,0.9820797269291722,100
R-all,luminal,52,FUT8,0.9818359136901134,100
R-all,luminal,53,ARL3,0.981470193831525,100
R-all,luminal,54,KCTD6,0.9811044739729368,100
R-all,luminal,55,TSPAN13,0.9808606607338779,100
R-all,luminal,56,NPNT,0.9807387541143484,100
R-all,luminal,57,CRIP1,0.9802511276362307,100
R-all,luminal,58,G6PC3,0.9785444349628185,100
R-all,luminal,59,RSPH1,0.978422528343289,100
R-all,luminal,60,MATN3,0.9783006217237596,100
R-all,luminal,61,STARD10,0.9757405827136414,100
R-all,luminal,62,ERBB3,0.9754967694745824,100
R-all,luminal,63,CAPN13,0.975374862855053,100
R-all,luminal,64,ZG16B,0.9750091429964647,100
R-all,luminal,65,ATRIP,0.9747653297574058,100
R-all,luminal,66,SIAH2,0.9743996098988175,100
R-all,luminal,67,REPS2,0.9733024503230525,100
R-all,luminal,68,RAB11FIP3,0.9729367304644643,100
R-all,luminal,69,CHST15,0.9728148238449348,100
R-all,luminal,70,SIGIRR,0.9722052907472876,100
R-all,luminal,71,CHCHD5,0.9719614775082287,100
R-all,luminal,72,CYB5R1,0.9717176642691698,100
R-all,luminal,73,KRT18,0.9715957576496403,100
R-all,luminal,74,ZNF446,0.9711081311715226,100
R-all,luminal,75,PPM1J,0.9708643179324637,100
R-all,luminal,76,RASEF,0.9698890649762282,100
R-all,luminal,77,TCEAL3,0.9697671583566988,100
R-all,luminal,78,FAM151B,0.9690357186395221,100
R-all,luminal,79,ARMC9,0.968182372302816,100
R-all,luminal,80,PBX1,0.9680604656832866,100
R-all,luminal,81,PIGQ,0.9678166524442278,100
R-all,luminal,82,CCND1,0.9674509325856394,100
R-all,luminal,83,AAGAB,0.9673290259661099,100
R-all,luminal,84,TMEM63C,0.9672071193465805,100
R-all,luminal,85,ERGIC1,0.9668413994879922,100
R-all,luminal,86,AP1G2,0.9665975862489333,100
R-all,luminal,87,RBKS,0.9664756796294038,100
R-all,luminal,88,TRIM3,0.9663537730098745,100
R-all,luminal,89,ZNF467,0.9659880531512861,100
R-all,luminal,90,MSI2,0.9658661465317566,100
R-all,luminal,91,GDF15,0.9652566134341095,100
R-all,luminal,92,ROGDI,0.96513470681458,100
R-all,luminal,93,ABCA3,0.9647689869559917,100
R-all,luminal,94,HDAC11,0.9645251737169328,100
R-all,luminal,95,COG7,0.9644032670974034,100
R-all,luminal,96,COG2,0.9640375472388151,100
R-all,luminal,97,TGFB3,0.9637937339997562,100
R-all,luminal,98,HEXIM2,0.9634280141411679,100
R-all,luminal,99,MARVELD2,0.9625746678044618,100
R-all,luminal,100,FAAH2,0.9618432280872852,100
MOFA+,basal,1,GTPBP4,6.722875389303104,50
MOFA+,basal,2,LARP4B,6.4466117063773485,50
MOFA+,basal,3,CDC20,6.326609425353428,50
MOFA+,basal,4,CDCA8,5.860855383961897,50
MOFA+,basal,5,SLC7A5,5.779201402850676,50
MOFA+,basal,6,CDC123,5.776471540683223,50
MOFA+,basal,7,KIF2C,5.640181420420966,50
MOFA+,basal,8,CBFB,5.584845474925415,50
MOFA+,basal,9,SRPK1,5.559842121236606,50
MOFA+,basal,10,HSPA14,5.554469175131348,50
MOFA+,basal,11,MORC2,5.475648499607252,50
MOFA+,basal,12,SUV39H2,5.475508766171798,50
MOFA+,basal,13,GDI2,5.473714046397365,50
MOFA+,basal,14,XPO5,5.47132604496399,50
MOFA+,basal,15,MSH6,5.3711561488545705,50
MOFA+,basal,16,PSME4,5.318797326251058,50
MOFA+,basal,17,MCM3,5.236063885816605,50
MOFA+,basal,18,MCM5,5.221592661189009,50
MOFA+,basal,19,RPP38,5.185641118914267,50
MOFA+,basal,20,SH3BP1,5.147405487088869,50
MOFA+,basal,21,NCAPD2,5.11364831256694,50
MOFA+,basal,22,SLC2A1,5.089713257194154,50
MOFA+,basal,23,NUP93,5.078212562168345,50
MOFA+,basal,24,PTK7,5.000066331297494,50
MOFA+,basal,25,NOP2,4.948693129239629,50
MOFA+,basal,26,MSH2,4.942128900146743,50
MOFA+,basal,27,BOP1,4.898678250023902,50
MOFA+,basal,28,GNL2,4.870003314660522,50
MOFA+,basal,29,FOXP4,4.866105945338904,50
MOFA+,basal,30,PES1,4.845100180159998,50
MOFA+,basal,31,WDR12,4.8144507629693365,50
MOFA+,basal,32,CBS,4.783608740503679,50
MOFA+,basal,33,MEX3A,4.777727112606147,50
MOFA+,basal,34,NUDT5,4.76953729001899,50
MOFA+,basal,35,DNMT3A,4.743494259633132,50
MOFA+,basal,36,EPCAM,4.7417618886445965,50
MOFA+,basal,37,DPH2,4.720785431454673,50
MOFA+,basal,38,WDR4,4.672325293034405,50
MOFA+,basal,39,PPIH,4.623682984192829,50
MOFA+,basal,40,STMN1,4.584584854932808,50
MOFA+,basal,41,ANP32E,4.4828691982763225,50
MOFA+,basal,42,MOGS,4.479961770308807,50
MOFA+,basal,43,CHAC2,4.475801928059458,50
MOFA+,basal,44,RRP1B,4.47201763854417,50
MOFA+,basal,45,GALNS,4.470342926931388,50
MOFA+,basal,46,POP1,4.442620525980047,50
MOFA+,basal,47,CAD,4.440224059496096,50
MOFA+,basal,48,NUDCD1,4.430098837913449,50
MOFA+,basal,49,MTPAP,4.425629737229031,50
MOFA+,basal,50,MED8,4.408234944381843,50
MOFA+,her2,1,AKT1,9.379038065722073,50
MOFA+,her2,2,STT3A,8.126529392718297,50
MOFA+,her2,3,RANGAP1,7.595415564813534,50
MOFA+,her2,4,HYOU1,7.448642140829303,50
MOFA+,her2,5,ERBB2,7.426310475968672,50
MOFA+,her2,6,CCDC134,7.009647815606751,50
MOFA+,her2,7,HSP90AA1,6.780790349338668,50
MOFA+,her2,8,DYNLT1,6.7563392898751875,50
MOFA+,her2,9,YIF1A,6.714063970476213,50
MOFA+,her2,10,RAB1B,6.630067831729637,50
MOFA+,her2,11,TRPM4,6.625350326670292,50
MOFA+,her2,12,CFL1,6.565678559153545,50
MOFA+,her2,13,GRB7,6.5456256555570524,50
MOFA+,her2,14,PPP1R14B,6.507192681172282,50
MOFA+,her2,15,AP1B1,6.433734331599949,50
MOFA+,her2,16,DPAGT1,6.42179543106802,50
MOFA+,her2,17,SCYL1,6.358622709010399,50
MOFA+,her2,18,THY1,6.345053753011477,50
MOFA+,her2,19,PLCB3,6.318031686458742,50
MOFA+,her2,20,C2CD2L,6.306395113195111,50
MOFA+,her2,21,GGCT,6.282841575017163,50
MOFA+,her2,22,GOLGA5,6.278906416017463,50
MOFA+,her2,23,SEC16A,6.2198182482469315,50
MOFA+,her2,24,CHPF,6.167638447374537,50
MOFA+,her2,25,DPP3,5.979988756069672,50
MOFA+,her2,26,COPA,5.975900319797148,50
MOFA+,her2,27,TMED3,5.9628891572215075,50
MOFA+,her2,28,PANX1,5.950816141269254,50
MOFA+,her2,29,FDPS,5.944122271945257,50
MOFA+,her2,30,ICA1,5.903775016093297,50
MOFA+,her2,31,PPP2R5E,5.876317978417068,50
MOFA+,her2,32,EIF1AD,5.8117637231530885,50
MOFA+,her2,33,DCUN1D5,5.798552878056695,50
MOFA+,her2,34,GMPPA,5.772560226979785,50
MOFA+,her2,35,RDH11,5.732781196795743,50
MOFA+,her2,36,HMGCS1,5.719045718467207,50
MOFA+,her2,37,MCAT,5.698968031848773,50
MOFA+,her2,38,COPB2,5.689492823877475,50
MOFA+,her2,39,ARHGAP8,5.656425633932086,50
MOFA+,her2,40,CCNK,5.641859404174833,50
MOFA+,her2,41,TTLL12,5.632152760893039,50
MOFA+,her2,42,MUC1,5.622380782737049,50
MOFA+,her2,43,XRCC5,5.604055036629994,50
MOFA+,her2,44,OTUB1,5.5981496575771885,50
MOFA+,her2,45,GNPNAT1,5.574748254561427,50
MOFA+,her2,46,FN1,5.571050640856898,50
MOFA+,her2,47,GALNT6,5.568169949610357,50
MOFA+,her2,48,MMP14,5.531816594194762,50
MOFA+,her2,49,FAM89B,5.5295542624254335,50
MOFA+,her2,50,CAPN1,5.50545664289082,50
MOFA+,luminal,1,MAPK9,8.262732389299867,50
MOFA+,luminal,2,FAF2,8.167503826956334,50
MOFA+,luminal,3,MCCC2,7.893456262844382,50
MOFA+,luminal,4,SAR1B,7.856658122953128,50
MOFA+,luminal,5,CXXC5,7.732500380385492,50
MOFA+,luminal,6,FOXA1,7.565435217609115,50
MOFA+,luminal,7,SRA1,7.530539901827083,50
MOFA+,luminal,8,PRRC1,7.488549789879842,50
MOFA+,luminal,9,PPP2CA,7.350267138381824,50
MOFA+,luminal,10,PCYOX1L,7.223665540706999,50
MOFA+,luminal,11,HSPA4,7.223318424244354,50
MOFA+,luminal,12,ATOX1,7.097408718881922,50
MOFA+,luminal,13,KRT18,6.942447881638179,50
MOFA+,luminal,14,ERGIC1,6.878668225764093,50
MOFA+,luminal,15,IFT140,6.711256934400536,50
MOFA+,luminal,16,CCDC125,6.649055408157008,50
MOFA+,luminal,17,N4BP3,6.628955038585788,50
MOFA+,luminal,18,CA12,6.538669093326008,50
MOFA+,luminal,19,HARS2,6.498114972304572,50
MOFA+,luminal,20,KCTD6,6.3928134691781455,50
MOFA+,luminal,21,COPZ1,6.389589663089135,50
MOFA+,luminal,22,SFXN1,6.373292094242445,50
MOFA+,luminal,23,KRT8,6.356062029872126,50
MOFA+,luminal,24,LARP1,6.300318406953055,50
MOFA+,luminal,25,TLE3,6.287997334367655,50
MOFA+,luminal,26,SIGIRR,6.268083847095956,50
MOFA+,luminal,27,WDR55,6.223934534413491,50
MOFA+,luminal,28,NDUFA2,6.199468153183349,50
MOFA+,luminal,29,TBCA,6.059148193211937,50
MOFA+,luminal,30,CNOT6,6.025590323518008,50
MOFA+,luminal,31,ERBB3,5.949103490236345,50
MOFA+,luminal,32,PRR15,5.929007546609493,50
MOFA+,luminal,33,NUDT16L1,5.914418631665888,50
MOFA+,luminal,34,PANK3,5.8966047269110025,50
MOFA+,luminal,35,SNX24,5.855019273488095,50
MOFA+,luminal,36,AGR2,5.781823538484076,50
MOFA+,luminal,37,DDX41,5.743763950531514,50
MOFA+,luminal,38,VDAC1,5.741360989684514,50
MOFA+,luminal,39,HSPA9,5.7358411762162635,50
MOFA+,luminal,40,REPS2,5.7241961024051555,50
MOFA+,luminal,41,TJP3,5.69619677012441,50
MOFA+,luminal,42,NME3,5.672900928115994,50
MOFA+,luminal,43,FAM151B,5.660595988211847,50
MOFA+,luminal,44,G3BP1,5.6227424233156045,50
MOFA+,luminal,45,TRIM3,5.622380249241436,50
MOFA+,luminal,46,STARD10,5.596668719818131,50
MOFA+,luminal,47,CDK7,5.588260332641358,50
MOFA+,luminal,48,MRPL22,5.574940676010444,50
MOFA+,luminal,49,ZNF552,5.521911010173706,50
MOFA+,luminal,50,UQCRQ,5.432626506256247,50
MOFA+,basal,1,GTPBP4,6.722875389303104,25
MOFA+,basal,2,LARP4B,6.4466117063773485,25
MOFA+,basal,3,CDC20,6.326609425353428,25
MOFA+,basal,4,CDCA8,5.860855383961897,25
MOFA+,basal,5,SLC7A5,5.779201402850676,25
MOFA+,basal,6,CDC123,5.776471540683223,25
MOFA+,basal,7,KIF2C,5.640181420420966,25
MOFA+,basal,8,CBFB,5.584845474925415,25
MOFA+,basal,9,SRPK1,5.559842121236606,25
MOFA+,basal,10,HSPA14,5.554469175131348,25
MOFA+,basal,11,MORC2,5.475648499607252,25
MOFA+,basal,12,SUV39H2,5.475508766171798,25
MOFA+,basal,13,GDI2,5.473714046397365,25
MOFA+,basal,14,XPO5,5.47132604496399,25
MOFA+,basal,15,MSH6,5.3711561488545705,25
MOFA+,basal,16,PSME4,5.318797326251058,25
MOFA+,basal,17,MCM3,5.236063885816605,25
MOFA+,basal,18,MCM5,5.221592661189009,25
MOFA+,basal,19,RPP38,5.185641118914267,25
MOFA+,basal,20,SH3BP1,5.147405487088869,25
MOFA+,basal,21,NCAPD2,5.11364831256694,25
MOFA+,basal,22,SLC2A1,5.089713257194154,25
MOFA+,basal,23,NUP93,5.078212562168345,25
MOFA+,basal,24,PTK7,5.000066331297494,25
MOFA+,basal,25,NOP2,4.948693129239629,25
MOFA+,her2,1,AKT1,9.379038065722073,25
MOFA+,her2,2,STT3A,8.126529392718297,25
MOFA+,her2,3,RANGAP1,7.595415564813534,25
MOFA+,her2,4,HYOU1,7.448642140829303,25
MOFA+,her2,5,ERBB2,7.426310475968672,25
MOFA+,her2,6,CCDC134,7.009647815606751,25
MOFA+,her2,7,HSP90AA1,6.780790349338668,25
MOFA+,her2,8,DYNLT1,6.7563392898751875,25
MOFA+,her2,9,YIF1A,6.714063970476213,25
MOFA+,her2,10,RAB1B,6.630067831729637,25
MOFA+,her2,11,TRPM4,6.625350326670292,25
MOFA+,her2,12,CFL1,6.565678559153545,25
MOFA+,her2,13,GRB7,6.5456256555570524,25
MOFA+,her2,14,PPP1R14B,6.507192681172282,25
MOFA+,her2,15,AP1B1,6.433734331599949,25
MOFA+,her2,16,DPAGT1,6.42179543106802,25
MOFA+,her2,17,SCYL1,6.358622709010399,25
MOFA+,her2,18,THY1,6.345053753011477,25
MOFA+,her2,19,PLCB3,6.318031686458742,25
MOFA+,her2,20,C2CD2L,6.306395113195111,25
MOFA+,her2,21,GGCT,6.282841575017163,25
MOFA+,her2,22,GOLGA5,6.278906416017463,25
MOFA+,her2,23,SEC16A,6.2198182482469315,25
MOFA+,her2,24,CHPF,6.167638447374537,25
MOFA+,her2,25,DPP3,5.979988756069672,25
MOFA+,luminal,1,MAPK9,8.262732389299867,25
MOFA+,luminal,2,FAF2,8.167503826956334,25
MOFA+,luminal,3,MCCC2,7.893456262844382,25
MOFA+,luminal,4,SAR1B,7.856658122953128,25
MOFA+,luminal,5,CXXC5,7.732500380385492,25
MOFA+,luminal,6,FOXA1,7.565435217609115,25
MOFA+,luminal,7,SRA1,7.530539901827083,25
MOFA+,luminal,8,PRRC1,7.488549789879842,25
MOFA+,luminal,9,PPP2CA,7.350267138381824,25
MOFA+,luminal,10,PCYOX1L,7.223665540706999,25
MOFA+,luminal,11,HSPA4,7.223318424244354,25
MOFA+,luminal,12,ATOX1,7.097408718881922,25
MOFA+,luminal,13,KRT18,6.942447881638179,25
MOFA+,luminal,14,ERGIC1,6.878668225764093,25
MOFA+,luminal,15,IFT140,6.711256934400536,25
MOFA+,luminal,16,CCDC125,6.649055408157008,25
MOFA+,luminal,17,N4BP3,6.628955038585788,25
MOFA+,luminal,18,CA12,6.538669093326008,25
MOFA+,luminal,19,HARS2,6.498114972304572,25
MOFA+,luminal,20,KCTD6,6.3928134691781455,25
MOFA+,luminal,21,COPZ1,6.389589663089135,25
MOFA+,luminal,22,SFXN1,6.373292094242445,25
MOFA+,luminal,23,KRT8,6.356062029872126,25
MOFA+,luminal,24,LARP1,6.300318406953055,25
MOFA+,luminal,25,TLE3,6.287997334367655,25
MOFA+,basal,1,GTPBP4,6.722875389303104,100
MOFA+,basal,2,LARP4B,6.4466117063773485,100
MOFA+,basal,3,CDC20,6.326609425353428,100
MOFA+,basal,4,CDCA8,5.860855383961897,100
MOFA+,basal,5,SLC7A5,5.779201402850676,100
MOFA+,basal,6,CDC123,5.776471540683223,100
MOFA+,basal,7,KIF2C,5.640181420420966,100
MOFA+,basal,8,CBFB,5.584845474925415,100
MOFA+,basal,9,SRPK1,5.559842121236606,100
MOFA+,basal,10,HSPA14,5.554469175131348,100
MOFA+,basal,11,MORC2,5.475648499607252,100
MOFA+,basal,12,SUV39H2,5.475508766171798,100
MOFA+,basal,13,GDI2,5.473714046397365,100
MOFA+,basal,14,XPO5,5.47132604496399,100
MOFA+,basal,15,MSH6,5.3711561488545705,100
MOFA+,basal,16,PSME4,5.318797326251058,100
MOFA+,basal,17,MCM3,5.236063885816605,100
MOFA+,basal,18,MCM5,5.221592661189009,100
MOFA+,basal,19,RPP38,5.185641118914267,100
MOFA+,basal,20,SH3BP1,5.147405487088869,100
MOFA+,basal,21,NCAPD2,5.11364831256694,100
MOFA+,basal,22,SLC2A1,5.089713257194154,100
MOFA+,basal,23,NUP93,5.078212562168345,100
MOFA+,basal,24,PTK7,5.000066331297494,100
MOFA+,basal,25,NOP2,4.948693129239629,100
MOFA+,basal,26,MSH2,4.942128900146743,100
MOFA+,basal,27,BOP1,4.898678250023902,100
MOFA+,basal,28,GNL2,4.870003314660522,100
MOFA+,basal,29,FOXP4,4.866105945338904,100
MOFA+,basal,30,PES1,4.845100180159998,100
MOFA+,basal,31,WDR12,4.8144507629693365,100
MOFA+,basal,32,CBS,4.783608740503679,100
MOFA+,basal,33,MEX3A,4.777727112606147,100
MOFA+,basal,34,NUDT5,4.76953729001899,100
MOFA+,basal,35,DNMT3A,4.743494259633132,100
MOFA+,basal,36,EPCAM,4.7417618886445965,100
MOFA+,basal,37,DPH2,4.720785431454673,100
MOFA+,basal,38,WDR4,4.672325293034405,100
MOFA+,basal,39,PPIH,4.623682984192829,100
MOFA+,basal,40,STMN1,4.584584854932808,100
MOFA+,basal,41,ANP32E,4.4828691982763225,100
MOFA+,basal,42,MOGS,4.479961770308807,100
MOFA+,basal,43,CHAC2,4.475801928059458,100
MOFA+,basal,44,RRP1B,4.47201763854417,100
MOFA+,basal,45,GALNS,4.470342926931388,100
MOFA+,basal,46,POP1,4.442620525980047,100
MOFA+,basal,47,CAD,4.440224059496096,100
MOFA+,basal,48,NUDCD1,4.430098837913449,100
MOFA+,basal,49,MTPAP,4.425629737229031,100
MOFA+,basal,50,MED8,4.408234944381843,100
MOFA+,basal,51,NUTF2,4.398348742477625,100
MOFA+,basal,52,KIFC1,4.391863489782555,100
MOFA+,basal,53,PDIA6,4.38948326597516,100
MOFA+,basal,54,LAMP3,4.343578427730214,100
MOFA+,basal,55,PPM1G,4.330415718556188,100
MOFA+,basal,56,RCOR2,4.326575195624465,100
MOFA+,basal,57,RIPK2,4.295859652700038,100
MOFA+,basal,58,CCDC134,4.289467768400289,100
MOFA+,basal,59,RANGAP1,4.2480707324107625,100
MOFA+,basal,60,TXNDC12,4.248024298193483,100
MOFA+,basal,61,NCAPH,4.219752458284037,100
MOFA+,basal,62,GGH,4.206974284606688,100
MOFA+,basal,63,MEMO1,4.203370404241937,100
MOFA+,basal,64,LSR,4.200585811745981,100
MOFA+,basal,65,CALU,4.189921465129791,100
MOFA+,basal,66,EIF4G1,4.1869674813250395,100
MOFA+,basal,67,ASNS,4.185658324162916,100
MOFA+,basal,68,MCM4,4.174274424680052,100
MOFA+,basal,69,DBNDD1,4.173886685977892,100
MOFA+,basal,70,BIRC5,4.1582605364705225,100
MOFA+,basal,71,NFKBIE,4.142623799934986,100
MOFA+,basal,72,NOL10,4.135946322206579,100
MOFA+,basal,73,MCM2,4.132005166864074,100
MOFA+,basal,74,ACTR2,4.129387355449808,100
MOFA+,basal,75,RCN2,4.12640355916324,100
MOFA+,basal,76,GMPS,4.112252251889285,100
MOFA+,basal,77,DNAJB11,4.064702827205993,100
MOFA+,basal,78,BEND3,4.0531922483252005,100
MOFA+,basal,79,EBNA1BP2,4.0459690131086425,100
MOFA+,basal,80,PLAUR,4.031771470830161,100
MOFA+,basal,81,DIAPH3,4.027188695137991,100
MOFA+,basal,82,ECE2,4.006779395257085,100
MOFA+,basal,83,PEX13,3.9987054515210225,100
MOFA+,basal,84,TIMM44,3.9905392215928996,100
MOFA+,basal,85,ESRP1,3.9758829683926153,100
MOFA+,basal,86,PTP4A3,3.974845790583611,100
MOFA+,basal,87,RBM28,3.963339977750232,100
MOFA+,basal,88,MTHFD2,3.958428669250453,100
MOFA+,basal,89,MAN2B1,3.9375842082015695,100
MOFA+,basal,90,DHTKD1,3.932038668605841,100
MOFA+,basal,91,PTDSS1,3.895560406144166,100
MOFA+,basal,92,RTKN,3.886151106621326,100
MOFA+,basal,93,DSCC1,3.8728379336856067,100
MOFA+,basal,94,MPHOSPH10,3.869080861147582,100
MOFA+,basal,95,ABCF1,3.868435202565232,100
MOFA+,basal,96,PSMG1,3.8635148558207897,100
MOFA+,basal,97,POP4,3.8518305888304996,100
MOFA+,basal,98,CALR,3.8491711491605893,100
MOFA+,basal,99,NUP50,3.8192264517040946,100
MOFA+,basal,100,UCK2,3.8166094484290243,100
MOFA+,her2,1,AKT1,9.379038065722073,100
MOFA+,her2,2,STT3A,8.126529392718297,100
MOFA+,her2,3,RANGAP1,7.595415564813534,100
MOFA+,her2,4,HYOU1,7.448642140829303,100
MOFA+,her2,5,ERBB2,7.426310475968672,100
MOFA+,her2,6,CCDC134,7.009647815606751,100
MOFA+,her2,7,HSP90AA1,6.780790349338668,100
MOFA+,her2,8,DYNLT1,6.7563392898751875,100
MOFA+,her2,9,YIF1A,6.714063970476213,100
MOFA+,her2,10,RAB1B,6.630067831729637,100
MOFA+,her2,11,TRPM4,6.625350326670292,100
MOFA+,her2,12,CFL1,6.565678559153545,100
MOFA+,her2,13,GRB7,6.5456256555570524,100
MOFA+,her2,14,PPP1R14B,6.507192681172282,100
MOFA+,her2,15,AP1B1,6.433734331599949,100
MOFA+,her2,16,DPAGT1,6.42179543106802,100
MOFA+,her2,17,SCYL1,6.358622709010399,100
MOFA+,her2,18,THY1,6.345053753011477,100
MOFA+,her2,19,PLCB3,6.318031686458742,100
MOFA+,her2,20,C2CD2L,6.306395113195111,100
MOFA+,her2,21,GGCT,6.282841575017163,100
MOFA+,her2,22,GOLGA5,6.278906416017463,100
MOFA+,her2,23,SEC16A,6.2198182482469315,100
MOFA+,her2,24,CHPF,6.167638447374537,100
MOFA+,her2,25,DPP3,5.979988756069672,100
MOFA+,her2,26,COPA,5.975900319797148,100
MOFA+,her2,27,TMED3,5.9628891572215075,100
MOFA+,her2,28,PANX1,5.950816141269254,100
MOFA+,her2,29,FDPS,5.944122271945257,100
MOFA+,her2,30,ICA1,5.903775016093297,100
MOFA+,her2,31,PPP2R5E,5.876317978417068,100
MOFA+,her2,32,EIF1AD,5.8117637231530885,100
MOFA+,her2,33,DCUN1D5,5.798552878056695,100
MOFA+,her2,34,GMPPA,5.772560226979785,100
MOFA+,her2,35,RDH11,5.732781196795743,100
MOFA+,her2,36,HMGCS1,5.719045718467207,100
MOFA+,her2,37,MCAT,5.698968031848773,100
MOFA+,her2,38,COPB2,5.689492823877475,100
MOFA+,her2,39,ARHGAP8,5.656425633932086,100
MOFA+,her2,40,CCNK,5.641859404174833,100
MOFA+,her2,41,TTLL12,5.632152760893039,100
MOFA+,her2,42,MUC1,5.622380782737049,100
MOFA+,her2,43,XRCC5,5.604055036629994,100
MOFA+,her2,44,OTUB1,5.5981496575771885,100
MOFA+,her2,45,GNPNAT1,5.574748254561427,100
MOFA+,her2,46,FN1,5.571050640856898,100
MOFA+,her2,47,GALNT6,5.568169949610357,100
MOFA+,her2,48,MMP14,5.531816594194762,100
MOFA+,her2,49,FAM89B,5.5295542624254335,100
MOFA+,her2,50,CAPN1,5.50545664289082,100
MOFA+,her2,51,IPO4,5.500585430487364,100
MOFA+,her2,52,TGFB3,5.4843984836213915,100
MOFA+,her2,53,CKAP4,5.399057630142753,100
MOFA+,her2,54,UGGT1,5.321628275081272,100
MOFA+,her2,55,ATIC,5.3059073537819295,100
MOFA+,her2,56,HSPA8,5.286321486636461,100
MOFA+,her2,57,BZW2,5.2806483181912105,100
MOFA+,her2,58,BSCL2,5.263434846187289,100
MOFA+,her2,59,RRBP1,5.247939938853565,100
MOFA+,her2,60,PTRH2,5.209614349785724,100
MOFA+,her2,61,TMX2,5.188663112061742,100
MOFA+,her2,62,DCPS,5.186701738366903,100
MOFA+,her2,63,ARHGAP32,5.183810708361925,100
MOFA+,her2,64,NUDT22,5.1798370149008335,100
MOFA+,her2,65,ADAM15,5.123068145181063,100
MOFA+,her2,66,ACTR3,5.108735863091704,100
MOFA+,her2,67,ST14,5.10453492636989,100
MOFA+,her2,68,ACAT2,5.061922348825998,100
MOFA+,her2,69,MARK2,5.0529382517515256,100
MOFA+,her2,70,STIP1,5.046145204028378,100
MOFA+,her2,71,COL5A2,5.035492797428914,100
MOFA+,her2,72,CLTC,5.0048637747756555,100
MOFA+,her2,73,ALDH18A1,5.002694375708723,100
MOFA+,her2,74,NAGA,4.992984772684309,100
MOFA+,her2,75,STX6,4.985611168413269,100
MOFA+,her2,76,TMEM134,4.97780484117295,100
MOFA+,her2,77,EPS8L1,4.961646293219941,100
MOFA+,her2,78,EIF3B,4.958271055380582,100
MOFA+,her2,79,IDH2,4.954241909606447,100
MOFA+,her2,80,SEC23B,4.925774130822591,100
MOFA+,her2,81,HMBS,4.906556796498302,100
MOFA+,her2,82,DAGLB,4.905230564970157,100
MOFA+,her2,83,RABIF,4.857554419909267,100
MOFA+,her2,84,KMO,4.83130225447959,100
MOFA+,her2,85,SRPRB,4.8206244397494356,100
MOFA+,her2,86,FADS2,4.813278630730917,100
MOFA+,her2,87,MMP13,4.807626259993316,100
MOFA+,her2,88,TMEM87B,4.806968010270976,100
MOFA+,her2,89,NUP50,4.782335908305392,100
MOFA+,her2,90,PMM2,4.777664356952711,100
MOFA+,her2,91,MMP1,4.750731837499383,100
MOFA+,her2,92,TTC9,4.7400627009397835,100
MOFA+,her2,93,SEC23IP,4.739979645675021,100
MOFA+,her2,94,PES1,4.733256744780037,100
MOFA+,her2,95,COL5A1,4.728141358390073,100
MOFA+,her2,96,HM13,4.694412316909402,100
MOFA+,her2,97,EDEM3,4.682246020692579,100
MOFA+,her2,98,THBS2,4.679559787388174,100
MOFA+,her2,99,TOR3A,4.639397187557022,100
MOFA+,her2,100,FEN1,4.61486734426061,100
MOFA+,luminal,1,MAPK9,8.262732389299867,100
MOFA+,luminal,2,FAF2,8.167503826956334,100
MOFA+,luminal,3,MCCC2,7.893456262844382,100
MOFA+,luminal,4,SAR1B,7.856658122953128,100
MOFA+,luminal,5,CXXC5,7.732500380385492,100
MOFA+,luminal,6,FOXA1,7.565435217609115,100
MOFA+,luminal,7,SRA1,7.530539901827083,100
MOFA+,luminal,8,PRRC1,7.488549789879842,100
MOFA+,luminal,9,PPP2CA,7.350267138381824,100
MOFA+,luminal,10,PCYOX1L,7.223665540706999,100
MOFA+,luminal,11,HSPA4,7.223318424244354,100
MOFA+,luminal,12,ATOX1,7.097408718881922,100
MOFA+,luminal,13,KRT18,6.942447881638179,100
MOFA+,luminal,14,ERGIC1,6.878668225764093,100
MOFA+,luminal,15,IFT140,6.711256934400536,100
MOFA+,luminal,16,CCDC125,6.649055408157008,100
MOFA+,luminal,17,N4BP3,6.628955038585788,100
MOFA+,luminal,18,CA12,6.538669093326008,100
MOFA+,luminal,19,HARS2,6.498114972304572,100
MOFA+,luminal,20,KCTD6,6.3928134691781455,100
MOFA+,luminal,21,COPZ1,6.389589663089135,100
MOFA+,luminal,22,SFXN1,6.373292094242445,100
MOFA+,luminal,23,KRT8,6.356062029872126,100
MOFA+,luminal,24,LARP1,6.300318406953055,100
MOFA+,luminal,25,TLE3,6.287997334367655,100
MOFA+,luminal,26,SIGIRR,6.268083847095956,100
MOFA+,luminal,27,WDR55,6.223934534413491,100
MOFA+,luminal,28,NDUFA2,6.199468153183349,100
MOFA+,luminal,29,TBCA,6.059148193211937,100
MOFA+,luminal,30,CNOT6,6.025590323518008,100
MOFA+,luminal,31,ERBB3,5.949103490236345,100
MOFA+,luminal,32,PRR15,5.929007546609493,100
MOFA+,luminal,33,NUDT16L1,5.914418631665888,100
MOFA+,luminal,34,PANK3,5.8966047269110025,100
MOFA+,luminal,35,SNX24,5.855019273488095,100
MOFA+,luminal,36,AGR2,5.781823538484076,100
MOFA+,luminal,37,DDX41,5.743763950531514,100
MOFA+,luminal,38,VDAC1,5.741360989684514,100
MOFA+,luminal,39,HSPA9,5.7358411762162635,100
MOFA+,luminal,40,REPS2,5.7241961024051555,100
MOFA+,luminal,41,TJP3,5.69619677012441,100
MOFA+,luminal,42,NME3,5.672900928115994,100
MOFA+,luminal,43,FAM151B,5.660595988211847,100
MOFA+,luminal,44,G3BP1,5.6227424233156045,100
MOFA+,luminal,45,TRIM3,5.622380249241436,100
MOFA+,luminal,46,STARD10,5.596668719818131,100
MOFA+,luminal,47,CDK7,5.588260332641358,100
MOFA+,luminal,48,MRPL22,5.574940676010444,100
MOFA+,luminal,49,ZNF552,5.521911010173706,100
MOFA+,luminal,50,UQCRQ,5.432626506256247,100
MOFA+,luminal,51,FUT8,5.420732422858154,100
MOFA+,luminal,52,RALGPS2,5.420638116100141,100
MOFA+,luminal,53,G6PC3,5.4058841080350355,100
MOFA+,luminal,54,ARL3,5.385531308162676,100
MOFA+,luminal,55,GNPDA1,5.346735194712842,100
MOFA+,luminal,56,RARA,5.333925718372864,100
MOFA+,luminal,57,PTGES3,5.313362532626458,100
MOFA+,luminal,58,FLYWCH2,5.31004713086233,100
MOFA+,luminal,59,ARFIP2,5.308890152904164,100
MOFA+,luminal,60,EVL,5.28614263937533,100
MOFA+,luminal,61,CANX,5.252806938132101,100
MOFA+,luminal,62,ZFYVE19,5.212303507959582,100
MOFA+,luminal,63,AKAP5,5.210718405500752,100
MOFA+,luminal,64,CCDC112,5.197588378194193,100
MOFA+,luminal,65,FAM120A,5.18932612847604,100
MOFA+,luminal,66,HAGH,5.175517475747071,100
MOFA+,luminal,67,NAT1,5.164292896438825,100
MOFA+,luminal,68,LRBA,5.157081765411638,100
MOFA+,luminal,69,XRCC4,5.146464729158139,100
MOFA+,luminal,70,LMAN2,5.127228617191817,100
MOFA+,luminal,71,AP1G2,5.120931777822284,100
MOFA+,luminal,72,STUB1,5.116389487851128,100
MOFA+,luminal,73,LASP1,5.11367600512549,100
MOFA+,luminal,74,ZMYND10,5.105262598803252,100
MOFA+,luminal,75,PREX1,5.098592059576028,100
MOFA+,luminal,76,COG7,5.093743278286104,100
MOFA+,luminal,77,NUCB2,5.093154617074025,100
MOFA+,luminal,78,SRP19,5.087122797102365,100
MOFA+,luminal,79,WDR24,5.084906433651181,100
MOFA+,luminal,80,EXOC6,5.079142123381496,100
MOFA+,luminal,81,CRIP1,5.019635657484702,100
MOFA+,luminal,82,B4GALT7,4.9659209036962855,100
MOFA+,luminal,83,AKR7A3,4.948638691291479,100
MOFA+,luminal,84,CISD3,4.9055013503732745,100
MOFA+,luminal,85,GRPEL2,4.842541762630812,100
MOFA+,luminal,86,UBE2D2,4.808912542111404,100
MOFA+,luminal,87,SFXN2,4.8068296949520875,100
MOFA+,luminal,88,GALNT7,4.798743851317086,100
MOFA+,luminal,89,FAHD1,4.786078333739554,100
MOFA+,luminal,90,SMUG1,4.78194116402441,100
MOFA+,luminal,91,RBM47,4.766374188317865,100
MOFA+,luminal,92,NPRL2,4.753270777486123,100
MOFA+,luminal,93,MARVELD2,4.749708056869051,100
MOFA+,luminal,94,MSI2,4.739697041720222,100
MOFA+,luminal,95,PRR13,4.737141619772212,100
MOFA+,luminal,96,TMEM63C,4.73495945831576,100
MOFA+,luminal,97,ACOT4,4.7296724582107545,100
MOFA+,luminal,98,CYB5R1,4.726403020477542,100
MOFA+,luminal,99,SEMA3F,4.71718530428437,100
MOFA+,luminal,100,PRKAG1,4.689032894004031,100
